datetime,event,type,planet1,planet1_sign,planet1_degree,planet2,planet2_sign,planet2_degree,exact_angle,difference,orb
2025-10-01 00:30:00,Aspect,Sextile,Moon,Sagittarius,"21°55'24.10""",Rahu,Aquarius,"22°50'18.68""",60,60.9152,0.9152
2025-10-01 00:30:00,Aspect,Trine,Moon,Sagittarius,"21°55'24.10""",Ketu,Leo,"22°50'18.68""",120,119.0848,0.9152
2025-10-01 00:45:00,Aspect,Sextile,Moon,Sagittarius,"22°03'10.66""",Rahu,Aquarius,"22°50'16.69""",60,60.785,0.785
2025-10-01 00:45:00,Aspect,Trine,Moon,Sagittarius,"22°03'10.66""",Ketu,Leo,"22°50'16.69""",120,119.215,0.785
2025-10-01 01:00:00,Aspect,Sextile,Moon,Sagittarius,"22°10'57.34""",Rahu,Aquarius,"22°50'14.70""",60,60.6548,0.6548
2025-10-01 01:00:00,Aspect,Trine,Moon,Sagittarius,"22°10'57.34""",Ketu,Leo,"22°50'14.70""",120,119.3452,0.6548
2025-10-01 01:15:00,Aspect,Sextile,Moon,Sagittarius,"22°18'44.14""",Rahu,Aquarius,"22°50'12.72""",60,60.5246,0.5246
2025-10-01 01:15:00,Aspect,Trine,Moon,Sagittarius,"22°18'44.14""",Ketu,Leo,"22°50'12.72""",120,119.4754,0.5246
2025-10-01 01:30:00,Aspect,Sextile,Moon,Sagittarius,"22°26'31.05""",Rahu,Aquarius,"22°50'10.73""",60,60.3944,0.3944
2025-10-01 01:30:00,Aspect,Trine,Moon,Sagittarius,"22°26'31.05""",Ketu,Leo,"22°50'10.73""",120,119.6056,0.3944
2025-10-01 01:45:00,Aspect,Sextile,Moon,Sagittarius,"22°34'18.08""",Rahu,Aquarius,"22°50'08.74""",60,60.2641,0.2641
2025-10-01 01:45:00,Aspect,Trine,Moon,Sagittarius,"22°34'18.08""",Ketu,Leo,"22°50'08.74""",120,119.7359,0.2641
2025-10-01 02:00:00,Aspect,Sextile,Moon,Sagittarius,"22°42'05.23""",Rahu,Aquarius,"22°50'06.75""",60,60.1338,0.1338
2025-10-01 02:00:00,Aspect,Trine,Moon,Sagittarius,"22°42'05.23""",Ketu,Leo,"22°50'06.75""",120,119.8662,0.1338
2025-10-01 02:15:00,Aspect,Sextile,Moon,Sagittarius,"22°49'52.50""",Rahu,Aquarius,"22°50'04.77""",60,60.0034,0.0034
2025-10-01 02:15:00,Aspect,Trine,Moon,Sagittarius,"22°49'52.50""",Ketu,Leo,"22°50'04.77""",120,119.9966,0.0034
2025-10-01 02:30:00,Aspect,Sextile,Moon,Sagittarius,"22°57'39.89""",Rahu,Aquarius,"22°50'02.78""",60,59.873,0.127
2025-10-01 02:30:00,Aspect,Trine,Moon,Sagittarius,"22°57'39.89""",Ketu,Leo,"22°50'02.78""",120,120.127,0.127
2025-10-01 02:45:00,Aspect,Sextile,Moon,Sagittarius,"23°05'27.39""",Rahu,Aquarius,"22°50'00.79""",60,59.7426,0.2574
2025-10-01 02:45:00,Aspect,Trine,Moon,Sagittarius,"23°05'27.39""",Ketu,Leo,"22°50'00.79""",120,120.2574,0.2574
2025-10-01 03:00:00,Aspect,Sextile,Moon,Sagittarius,"23°13'15.02""",Rahu,Aquarius,"22°49'58.81""",60,59.6122,0.3878
2025-10-01 03:00:00,Aspect,Trine,Moon,Sagittarius,"23°13'15.02""",Ketu,Leo,"22°49'58.81""",120,120.3878,0.3878
2025-10-01 03:15:00,Aspect,Sextile,Moon,Sagittarius,"23°21'02.76""",Rahu,Aquarius,"22°49'56.82""",60,59.4817,0.5183
2025-10-01 03:15:00,Aspect,Trine,Moon,Sagittarius,"23°21'02.76""",Ketu,Leo,"22°49'56.82""",120,120.5183,0.5183
2025-10-01 03:30:00,Aspect,Sextile,Moon,Sagittarius,"23°28'50.62""",Rahu,Aquarius,"22°49'54.83""",60,59.3512,0.6488
2025-10-01 03:30:00,Aspect,Trine,Moon,Sagittarius,"23°28'50.62""",Ketu,Leo,"22°49'54.83""",120,120.6488,0.6488
2025-10-01 03:45:00,Aspect,Sextile,Moon,Sagittarius,"23°36'38.61""",Rahu,Aquarius,"22°49'52.84""",60,59.2206,0.7794
2025-10-01 03:45:00,Aspect,Trine,Moon,Sagittarius,"23°36'38.61""",Ketu,Leo,"22°49'52.84""",120,120.7794,0.7794
2025-10-01 04:00:00,Aspect,Sextile,Moon,Sagittarius,"23°44'26.71""",Rahu,Aquarius,"22°49'50.86""",60,59.09,0.91
2025-10-01 04:00:00,Aspect,Trine,Moon,Sagittarius,"23°44'26.71""",Ketu,Leo,"22°49'50.86""",120,120.91,0.91
2025-10-01 08:30:00,Aspect,Square,Moon,Sagittarius,"26°05'13.49""",Mercury,Virgo,"27°04'05.22""",90,89.019,0.981
2025-10-01 08:45:00,Aspect,Square,Moon,Sagittarius,"26°13'03.94""",Mercury,Virgo,"27°05'04.71""",90,89.1331,0.8669
2025-10-01 09:00:00,Aspect,Square,Moon,Sagittarius,"26°20'54.51""",Mercury,Virgo,"27°06'04.19""",90,89.2473,0.7527
2025-10-01 09:15:00,Aspect,Square,Moon,Sagittarius,"26°28'45.20""",Mercury,Virgo,"27°07'03.67""",90,89.3615,0.6385
2025-10-01 09:30:00,Aspect,Square,Moon,Sagittarius,"26°36'36.03""",Mercury,Virgo,"27°08'03.14""",90,89.4758,0.5242
2025-10-01 09:45:00,Aspect,Square,Moon,Sagittarius,"26°44'26.98""",Mercury,Virgo,"27°09'02.60""",90,89.5901,0.4099
2025-10-01 10:00:00,Aspect,Square,Moon,Sagittarius,"26°52'18.06""",Mercury,Virgo,"27°10'02.06""",90,89.7044,0.2956
2025-10-01 10:15:00,Aspect,Square,Moon,Sagittarius,"27°00'09.26""",Mercury,Virgo,"27°11'01.51""",90,89.8188,0.1812
2025-10-01 10:30:00,Aspect,Square,Moon,Sagittarius,"27°08'00.60""",Mercury,Virgo,"27°12'00.96""",90,89.9332,0.0668
2025-10-01 10:45:00,Aspect,Square,Moon,Sagittarius,"27°15'52.06""",Mercury,Virgo,"27°13'00.40""",90,90.0477,0.0477
2025-10-01 11:00:00,Aspect,Square,Moon,Sagittarius,"27°23'43.65""",Mercury,Virgo,"27°13'59.84""",90,90.1622,0.1622
2025-10-01 11:00:00,Aspect,Opposition,Moon,Sagittarius,"27°23'43.65""",Jupiter,Gemini,"28°15'57.30""",180,179.1295,0.8705
2025-10-01 11:15:00,Aspect,Square,Moon,Sagittarius,"27°31'35.37""",Mercury,Virgo,"27°14'59.27""",90,90.2767,0.2767
2025-10-01 11:15:00,Aspect,Opposition,Moon,Sagittarius,"27°31'35.37""",Jupiter,Gemini,"28°16'01.86""",180,179.2593,0.7407
2025-10-01 11:30:00,Aspect,Square,Moon,Sagittarius,"27°39'27.21""",Mercury,Virgo,"27°15'58.70""",90,90.3913,0.3913
2025-10-01 11:30:00,Aspect,Opposition,Moon,Sagittarius,"27°39'27.21""",Jupiter,Gemini,"28°16'06.42""",180,179.3891,0.6109
2025-10-01 11:45:00,Aspect,Square,Moon,Sagittarius,"27°47'19.19""",Mercury,Virgo,"27°16'58.12""",90,90.5059,0.5059
2025-10-01 11:45:00,Aspect,Opposition,Moon,Sagittarius,"27°47'19.19""",Jupiter,Gemini,"28°16'10.98""",180,179.5189,0.4811
2025-10-01 12:00:00,Aspect,Square,Moon,Sagittarius,"27°55'11.29""",Mercury,Virgo,"27°17'57.53""",90,90.6205,0.6205
2025-10-01 12:00:00,Aspect,Opposition,Moon,Sagittarius,"27°55'11.29""",Jupiter,Gemini,"28°16'15.53""",180,179.6488,0.3512
2025-10-01 12:15:00,Aspect,Square,Moon,Sagittarius,"28°03'03.53""",Mercury,Virgo,"27°18'56.94""",90,90.7352,0.7352
2025-10-01 12:15:00,Aspect,Opposition,Moon,Sagittarius,"28°03'03.53""",Jupiter,Gemini,"28°16'20.09""",180,179.7787,0.2213
2025-10-01 12:30:00,Aspect,Square,Moon,Sagittarius,"28°10'55.90""",Mercury,Virgo,"27°19'56.34""",90,90.8499,0.8499
2025-10-01 12:30:00,Aspect,Opposition,Moon,Sagittarius,"28°10'55.90""",Jupiter,Gemini,"28°16'24.64""",180,179.9087,0.0913
2025-10-01 12:45:00,Aspect,Square,Moon,Sagittarius,"28°18'48.39""",Mercury,Virgo,"27°20'55.74""",90,90.9646,0.9646
2025-10-01 12:45:00,Aspect,Opposition,Moon,Sagittarius,"28°18'48.39""",Jupiter,Gemini,"28°16'29.20""",180,179.9613,0.0387
2025-10-01 13:00:00,Aspect,Opposition,Moon,Sagittarius,"28°26'41.02""",Jupiter,Gemini,"28°16'33.75""",180,179.8313,0.1687
2025-10-01 13:15:00,Aspect,Opposition,Moon,Sagittarius,"28°34'33.77""",Jupiter,Gemini,"28°16'38.30""",180,179.7013,0.2987
2025-10-01 13:30:00,Aspect,Opposition,Moon,Sagittarius,"28°42'26.66""",Jupiter,Gemini,"28°16'42.85""",180,179.5712,0.4288
2025-10-01 13:45:00,Aspect,Opposition,Moon,Sagittarius,"28°50'19.68""",Jupiter,Gemini,"28°16'47.40""",180,179.441,0.559
2025-10-01 14:00:00,Aspect,Opposition,Moon,Sagittarius,"28°58'12.83""",Jupiter,Gemini,"28°16'51.95""",180,179.3109,0.6891
2025-10-01 14:15:00,Aspect,Opposition,Moon,Sagittarius,"29°06'06.12""",Jupiter,Gemini,"28°16'56.50""",180,179.1807,0.8193
2025-10-01 14:30:00,Aspect,Opposition,Moon,Sagittarius,"29°13'59.53""",Jupiter,Gemini,"28°17'01.04""",180,179.0504,0.9496
2025-10-01 20:45:00,Aspect,Sextile,Moon,Capricorn,"2°31'58.66""",Saturn,Pisces,"3°29'49.39""",60,60.9641,0.9641
2025-10-01 21:00:00,Aspect,Sextile,Moon,Capricorn,"2°39'55.60""",Saturn,Pisces,"3°29'46.56""",60,60.8308,0.8308
2025-10-01 21:15:00,Aspect,Sextile,Moon,Capricorn,"2°47'52.69""",Saturn,Pisces,"3°29'43.73""",60,60.6975,0.6975
2025-10-01 21:30:00,Aspect,Sextile,Moon,Capricorn,"2°55'49.91""",Saturn,Pisces,"3°29'40.90""",60,60.5642,0.5642
2025-10-01 21:45:00,Aspect,Sextile,Moon,Capricorn,"3°03'47.28""",Saturn,Pisces,"3°29'38.08""",60,60.4308,0.4308
2025-10-01 22:00:00,Aspect,Sextile,Moon,Capricorn,"3°11'44.78""",Saturn,Pisces,"3°29'35.25""",60,60.2974,0.2974
2025-10-01 22:15:00,Aspect,Sextile,Moon,Capricorn,"3°19'42.43""",Saturn,Pisces,"3°29'32.42""",60,60.1639,0.1639
2025-10-01 22:30:00,Aspect,Sextile,Moon,Capricorn,"3°27'40.21""",Saturn,Pisces,"3°29'29.59""",60,60.0304,0.0304
2025-10-01 22:45:00,Aspect,Sextile,Moon,Capricorn,"3°35'38.14""",Saturn,Pisces,"3°29'26.77""",60,59.8968,0.1032
2025-10-01 23:00:00,Aspect,Sextile,Moon,Capricorn,"3°43'36.21""",Saturn,Pisces,"3°29'23.94""",60,59.7633,0.2367
2025-10-01 23:15:00,Aspect,Sextile,Moon,Capricorn,"3°51'34.42""",Saturn,Pisces,"3°29'21.11""",60,59.6296,0.3704
2025-10-01 23:30:00,Aspect,Sextile,Moon,Capricorn,"3°59'32.77""",Saturn,Pisces,"3°29'18.29""",60,59.496,0.504
2025-10-01 23:45:00,Aspect,Sextile,Moon,Capricorn,"4°07'31.26""",Saturn,Pisces,"3°29'15.46""",60,59.3623,0.6377
2025-10-02 00:00:00,Aspect,Sextile,Moon,Capricorn,"4°15'29.90""",Saturn,Pisces,"3°29'12.63""",60,59.2285,0.7715
2025-10-02 00:15:00,Aspect,Sextile,Moon,Capricorn,"4°23'28.67""",Saturn,Pisces,"3°29'09.81""",60,59.0948,0.9052
2025-10-02 13:45:00,Aspect,Square,Moon,Capricorn,"11°38'00.75""",Mars,Libra,"12°31'12.11""",90,89.1135,0.8865
2025-10-02 14:00:00,Aspect,Square,Moon,Capricorn,"11°46'07.72""",Mars,Libra,"12°31'37.68""",90,89.2417,0.7583
2025-10-02 14:15:00,Aspect,Square,Moon,Capricorn,"11°54'14.85""",Mars,Libra,"12°32'03.26""",90,89.3699,0.6301
2025-10-02 14:30:00,Aspect,Square,Moon,Capricorn,"12°02'22.14""",Mars,Libra,"12°32'28.84""",90,89.4981,0.5019
2025-10-02 14:45:00,Aspect,Square,Moon,Capricorn,"12°10'29.58""",Mars,Libra,"12°32'54.43""",90,89.6264,0.3736
2025-10-02 15:00:00,Aspect,Square,Moon,Capricorn,"12°18'37.17""",Mars,Libra,"12°33'20.01""",90,89.7548,0.2452
2025-10-02 15:15:00,Aspect,Square,Moon,Capricorn,"12°26'44.92""",Mars,Libra,"12°33'45.59""",90,89.8831,0.1169
2025-10-02 15:30:00,Aspect,Square,Moon,Capricorn,"12°34'52.83""",Mars,Libra,"12°34'11.17""",90,90.0116,0.0116
2025-10-02 15:45:00,Aspect,Square,Moon,Capricorn,"12°43'00.89""",Mars,Libra,"12°34'36.75""",90,90.14,0.14
2025-10-02 16:00:00,Aspect,Square,Moon,Capricorn,"12°51'09.11""",Mars,Libra,"12°35'02.33""",90,90.2685,0.2685
2025-10-02 16:15:00,Aspect,Square,Moon,Capricorn,"12°59'17.49""",Mars,Libra,"12°35'27.92""",90,90.3971,0.3971
2025-10-02 16:30:00,Aspect,Square,Moon,Capricorn,"13°07'26.03""",Mars,Libra,"12°35'53.50""",90,90.5257,0.5257
2025-10-02 16:45:00,Aspect,Square,Moon,Capricorn,"13°15'34.72""",Mars,Libra,"12°36'19.08""",90,90.6543,0.6543
2025-10-02 17:00:00,Aspect,Square,Moon,Capricorn,"13°23'43.57""",Mars,Libra,"12°36'44.67""",90,90.783,0.783
2025-10-02 17:15:00,Aspect,Square,Moon,Capricorn,"13°31'52.57""",Mars,Libra,"12°37'10.25""",90,90.9118,0.9118
2025-10-02 18:45:00,Aspect,Trine,Sun,Virgo,"15°19'34.01""",Moon,Capricorn,"14°20'49.93""",120,119.0211,0.9789
2025-10-02 19:00:00,Aspect,Trine,Sun,Virgo,"15°20'10.89""",Moon,Capricorn,"14°29'00.05""",120,119.147,0.853
2025-10-02 19:15:00,Aspect,Trine,Sun,Virgo,"15°20'47.78""",Moon,Capricorn,"14°37'10.32""",120,119.2729,0.7271
2025-10-02 19:30:00,Aspect,Trine,Sun,Virgo,"15°21'24.66""",Moon,Capricorn,"14°45'20.76""",120,119.3989,0.6011
2025-10-02 19:45:00,Aspect,Trine,Sun,Virgo,"15°22'01.55""",Moon,Capricorn,"14°53'31.35""",120,119.5249,0.4751
2025-10-02 20:00:00,Aspect,Trine,Sun,Virgo,"15°22'38.43""",Moon,Capricorn,"15°01'42.10""",120,119.651,0.349
2025-10-02 20:15:00,Aspect,Trine,Sun,Virgo,"15°23'15.32""",Moon,Capricorn,"15°09'53.02""",120,119.7771,0.2229
2025-10-02 20:30:00,Aspect,Trine,Sun,Virgo,"15°23'52.21""",Moon,Capricorn,"15°18'04.09""",120,119.9033,0.0967
2025-10-02 20:45:00,Aspect,Trine,Sun,Virgo,"15°24'29.09""",Moon,Capricorn,"15°26'15.32""",120,120.0295,0.0295
2025-10-02 21:00:00,Aspect,Trine,Sun,Virgo,"15°25'05.98""",Moon,Capricorn,"15°34'26.72""",120,120.1558,0.1558
2025-10-02 21:15:00,Aspect,Trine,Sun,Virgo,"15°25'42.87""",Moon,Capricorn,"15°42'38.27""",120,120.2821,0.2821
2025-10-02 21:30:00,Aspect,Trine,Sun,Virgo,"15°26'19.75""",Moon,Capricorn,"15°50'49.99""",120,120.4084,0.4084
2025-10-02 21:45:00,Aspect,Trine,Sun,Virgo,"15°26'56.64""",Moon,Capricorn,"15°59'01.86""",120,120.5348,0.5348
2025-10-02 22:00:00,Aspect,Trine,Sun,Virgo,"15°27'33.53""",Moon,Capricorn,"16°07'13.90""",120,120.6612,0.6612
2025-10-02 22:15:00,Aspect,Trine,Sun,Virgo,"15°28'10.42""",Moon,Capricorn,"16°15'26.10""",120,120.7877,0.7877
2025-10-02 22:30:00,Aspect,Trine,Sun,Virgo,"15°28'47.30""",Moon,Capricorn,"16°23'38.46""",120,120.9142,0.9142
2025-10-03 23:30:00,Aspect,Trine,Moon,Aquarius,"0°18'14.86""",Mercury,Libra,"1°11'01.48""",120,119.1204,0.8796
2025-10-03 23:45:00,Aspect,Trine,Moon,Aquarius,"0°26'44.22""",Mercury,Libra,"1°11'59.59""",120,119.2457,0.7543
2025-10-04 00:00:00,Aspect,Trine,Moon,Aquarius,"0°35'13.75""",Mercury,Libra,"1°12'57.69""",120,119.3711,0.6289
2025-10-04 00:15:00,Aspect,Trine,Moon,Aquarius,"0°43'43.46""",Mercury,Libra,"1°13'55.78""",120,119.4966,0.5034
2025-10-04 00:30:00,Aspect,Trine,Moon,Aquarius,"0°52'13.34""",Mercury,Libra,"1°14'53.87""",120,119.6221,0.3779
2025-10-04 00:45:00,Aspect,Trine,Moon,Aquarius,"1°00'43.39""",Mercury,Libra,"1°15'51.95""",120,119.7476,0.2524
2025-10-04 01:00:00,Aspect,Trine,Moon,Aquarius,"1°09'13.61""",Mercury,Libra,"1°16'50.03""",120,119.8732,0.1268
2025-10-04 01:15:00,Aspect,Trine,Moon,Aquarius,"1°17'44.01""",Mercury,Libra,"1°17'48.10""",120,119.9989,0.0011
2025-10-04 01:30:00,Aspect,Trine,Moon,Aquarius,"1°26'14.58""",Mercury,Libra,"1°18'46.17""",120,120.1246,0.1246
2025-10-04 01:45:00,Aspect,Trine,Moon,Aquarius,"1°34'45.33""",Mercury,Libra,"1°19'44.23""",120,120.2503,0.2503
2025-10-04 02:00:00,Aspect,Trine,Moon,Aquarius,"1°43'16.25""",Mercury,Libra,"1°20'42.29""",120,120.3761,0.3761
2025-10-04 02:15:00,Aspect,Trine,Moon,Aquarius,"1°51'47.34""",Mercury,Libra,"1°21'40.34""",120,120.5019,0.5019
2025-10-04 02:30:00,Aspect,Trine,Moon,Aquarius,"2°00'18.60""",Mercury,Libra,"1°22'38.39""",120,120.6278,0.6278
2025-10-04 02:45:00,Aspect,Trine,Moon,Aquarius,"2°08'50.04""",Mercury,Libra,"1°23'36.43""",120,120.7538,0.7538
2025-10-04 03:00:00,Aspect,Trine,Moon,Aquarius,"2°17'21.65""",Mercury,Libra,"1°24'34.46""",120,120.8798,0.8798
2025-10-04 22:00:00,Aspect,Trine,Moon,Aquarius,"13°13'50.27""",Mars,Libra,"14°07'17.40""",120,119.1091,0.8909
2025-10-04 22:15:00,Aspect,Trine,Moon,Aquarius,"13°22'35.16""",Mars,Libra,"14°07'43.07""",120,119.2478,0.7522
2025-10-04 22:30:00,Aspect,Trine,Moon,Aquarius,"13°31'20.22""",Mars,Libra,"14°08'08.74""",120,119.3865,0.6135
2025-10-04 22:45:00,Aspect,Trine,Moon,Aquarius,"13°40'05.45""",Mars,Libra,"14°08'34.41""",120,119.5253,0.4747
2025-10-04 23:00:00,Aspect,Trine,Moon,Aquarius,"13°48'50.85""",Mars,Libra,"14°09'00.08""",120,119.6641,0.3359
2025-10-04 23:15:00,Aspect,Trine,Moon,Aquarius,"13°57'36.41""",Mars,Libra,"14°09'25.75""",120,119.803,0.197
2025-10-04 23:30:00,Aspect,Trine,Moon,Aquarius,"14°06'22.15""",Mars,Libra,"14°09'51.42""",120,119.9419,0.0581
2025-10-04 23:45:00,Aspect,Trine,Moon,Aquarius,"14°15'08.06""",Mars,Libra,"14°10'17.09""",120,120.0808,0.0808
2025-10-05 00:00:00,Aspect,Trine,Moon,Aquarius,"14°23'54.13""",Mars,Libra,"14°10'42.76""",120,120.2198,0.2198
2025-10-05 00:15:00,Aspect,Trine,Moon,Aquarius,"14°32'40.38""",Mars,Libra,"14°11'08.43""",120,120.3589,0.3589
2025-10-05 00:30:00,Aspect,Trine,Moon,Aquarius,"14°41'26.79""",Mars,Libra,"14°11'34.10""",120,120.498,0.498
2025-10-05 00:45:00,Aspect,Trine,Moon,Aquarius,"14°50'13.37""",Mars,Libra,"14°11'59.77""",120,120.6371,0.6371
2025-10-05 01:00:00,Aspect,Trine,Moon,Aquarius,"14°59'00.12""",Mars,Libra,"14°12'25.45""",120,120.7763,0.7763
2025-10-05 01:15:00,Aspect,Trine,Moon,Aquarius,"15°07'47.04""",Mars,Libra,"14°12'51.12""",120,120.9155,0.9155
2025-10-05 12:15:00,Aspect,Conjunction,Moon,Aquarius,"21°36'55.91""",Rahu,Aquarius,"22°36'02.19""",0,0.9851,0.9851
2025-10-05 12:15:00,Aspect,Opposition,Moon,Aquarius,"21°36'55.91""",Ketu,Leo,"22°36'02.19""",180,179.0149,0.9851
2025-10-05 12:30:00,Aspect,Conjunction,Moon,Aquarius,"21°45'50.24""",Rahu,Aquarius,"22°36'00.21""",0,0.8361,0.8361
2025-10-05 12:30:00,Aspect,Opposition,Moon,Aquarius,"21°45'50.24""",Ketu,Leo,"22°36'00.21""",180,179.1639,0.8361
2025-10-05 12:45:00,Aspect,Conjunction,Moon,Aquarius,"21°54'44.74""",Rahu,Aquarius,"22°35'58.22""",0,0.6871,0.6871
2025-10-05 12:45:00,Aspect,Opposition,Moon,Aquarius,"21°54'44.74""",Ketu,Leo,"22°35'58.22""",180,179.3129,0.6871
2025-10-05 13:00:00,Aspect,Conjunction,Moon,Aquarius,"22°03'39.39""",Rahu,Aquarius,"22°35'56.23""",0,0.538,0.538
2025-10-05 13:00:00,Aspect,Opposition,Moon,Aquarius,"22°03'39.39""",Ketu,Leo,"22°35'56.23""",180,179.462,0.538
2025-10-05 13:15:00,Aspect,Conjunction,Moon,Aquarius,"22°12'34.20""",Rahu,Aquarius,"22°35'54.25""",0,0.3889,0.3889
2025-10-05 13:15:00,Aspect,Opposition,Moon,Aquarius,"22°12'34.20""",Ketu,Leo,"22°35'54.25""",180,179.6111,0.3889
2025-10-05 13:30:00,Aspect,Conjunction,Moon,Aquarius,"22°21'29.17""",Rahu,Aquarius,"22°35'52.26""",0,0.2397,0.2397
2025-10-05 13:30:00,Aspect,Opposition,Moon,Aquarius,"22°21'29.17""",Ketu,Leo,"22°35'52.26""",180,179.7603,0.2397
2025-10-05 13:45:00,Aspect,Conjunction,Moon,Aquarius,"22°30'24.30""",Rahu,Aquarius,"22°35'50.27""",0,0.0905,0.0905
2025-10-05 13:45:00,Aspect,Opposition,Moon,Aquarius,"22°30'24.30""",Ketu,Leo,"22°35'50.27""",180,179.9095,0.0905
2025-10-05 14:00:00,Aspect,Conjunction,Moon,Aquarius,"22°39'19.59""",Rahu,Aquarius,"22°35'48.28""",0,0.0587,0.0587
2025-10-05 14:00:00,Aspect,Opposition,Moon,Aquarius,"22°39'19.59""",Ketu,Leo,"22°35'48.28""",180,179.9413,0.0587
2025-10-05 14:15:00,Aspect,Conjunction,Moon,Aquarius,"22°48'15.04""",Rahu,Aquarius,"22°35'46.30""",0,0.208,0.208
2025-10-05 14:15:00,Aspect,Opposition,Moon,Aquarius,"22°48'15.04""",Ketu,Leo,"22°35'46.30""",180,179.792,0.208
2025-10-05 14:30:00,Aspect,Conjunction,Moon,Aquarius,"22°57'10.65""",Rahu,Aquarius,"22°35'44.31""",0,0.3573,0.3573
2025-10-05 14:30:00,Aspect,Opposition,Moon,Aquarius,"22°57'10.65""",Ketu,Leo,"22°35'44.31""",180,179.6427,0.3573
2025-10-05 14:45:00,Aspect,Conjunction,Moon,Aquarius,"23°06'06.41""",Rahu,Aquarius,"22°35'42.32""",0,0.5067,0.5067
2025-10-05 14:45:00,Aspect,Opposition,Moon,Aquarius,"23°06'06.41""",Ketu,Leo,"22°35'42.32""",180,179.4933,0.5067
2025-10-05 15:00:00,Aspect,Conjunction,Moon,Aquarius,"23°15'02.34""",Rahu,Aquarius,"22°35'40.34""",0,0.6561,0.6561
2025-10-05 15:00:00,Aspect,Opposition,Moon,Aquarius,"23°15'02.34""",Ketu,Leo,"22°35'40.34""",180,179.3439,0.6561
2025-10-05 15:15:00,Aspect,Conjunction,Moon,Aquarius,"23°23'58.42""",Rahu,Aquarius,"22°35'38.35""",0,0.8056,0.8056
2025-10-05 15:15:00,Aspect,Opposition,Moon,Aquarius,"23°23'58.42""",Ketu,Leo,"22°35'38.35""",180,179.1944,0.8056
2025-10-05 15:30:00,Aspect,Conjunction,Moon,Aquarius,"23°32'54.66""",Rahu,Aquarius,"22°35'36.36""",0,0.9551,0.9551
2025-10-05 15:30:00,Aspect,Opposition,Moon,Aquarius,"23°32'54.66""",Ketu,Leo,"22°35'36.36""",180,179.0449,0.9551
2025-10-05 16:45:00,Aspect,Opposition,Moon,Aquarius,"24°17'38.22""",Venus,Leo,"25°17'03.74""",180,179.0096,0.9904
2025-10-05 17:00:00,Aspect,Opposition,Moon,Aquarius,"24°26'35.40""",Venus,Leo,"25°17'50.04""",180,179.1459,0.8541
2025-10-05 17:15:00,Aspect,Opposition,Moon,Aquarius,"24°35'32.73""",Venus,Leo,"25°18'36.33""",180,179.2823,0.7177
2025-10-05 17:30:00,Aspect,Opposition,Moon,Aquarius,"24°44'30.22""",Venus,Leo,"25°19'22.62""",180,179.4188,0.5812
2025-10-05 17:45:00,Aspect,Opposition,Moon,Aquarius,"24°53'27.87""",Venus,Leo,"25°20'08.92""",180,179.5553,0.4447
2025-10-05 18:00:00,Aspect,Opposition,Moon,Aquarius,"25°02'25.67""",Venus,Leo,"25°20'55.21""",180,179.6918,0.3082
2025-10-05 18:15:00,Aspect,Opposition,Moon,Aquarius,"25°11'23.63""",Venus,Leo,"25°21'41.50""",180,179.8284,0.1716
2025-10-05 18:30:00,Aspect,Opposition,Moon,Aquarius,"25°20'21.74""",Venus,Leo,"25°22'27.80""",180,179.965,0.035
2025-10-05 18:45:00,Aspect,Opposition,Moon,Aquarius,"25°29'20.01""",Venus,Leo,"25°23'14.09""",180,179.8984,0.1016
2025-10-05 19:00:00,Aspect,Opposition,Moon,Aquarius,"25°38'18.43""",Venus,Leo,"25°24'00.39""",180,179.7617,0.2383
2025-10-05 19:15:00,Aspect,Opposition,Moon,Aquarius,"25°47'17.01""",Venus,Leo,"25°24'46.69""",180,179.6249,0.3751
2025-10-05 19:30:00,Aspect,Opposition,Moon,Aquarius,"25°56'15.73""",Venus,Leo,"25°25'32.98""",180,179.4881,0.5119
2025-10-05 19:45:00,Aspect,Opposition,Moon,Aquarius,"26°05'14.61""",Venus,Leo,"25°26'19.28""",180,179.3513,0.6487
2025-10-05 20:00:00,Aspect,Opposition,Moon,Aquarius,"26°14'13.65""",Venus,Leo,"25°27'05.57""",180,179.2144,0.7856
2025-10-05 20:15:00,Aspect,Opposition,Moon,Aquarius,"26°23'12.83""",Venus,Leo,"25°27'51.87""",180,179.0775,0.9225
2025-10-05 22:45:00,Aspect,Trine,Moon,Aquarius,"27°53'13.03""",Jupiter,Gemini,"28°47'15.01""",120,120.9006,0.9006
2025-10-05 23:00:00,Aspect,Trine,Moon,Aquarius,"28°02'13.88""",Jupiter,Gemini,"28°47'19.16""",120,120.7515,0.7515
2025-10-05 23:15:00,Aspect,Trine,Moon,Aquarius,"28°11'14.88""",Jupiter,Gemini,"28°47'23.31""",120,120.6023,0.6023
2025-10-05 23:30:00,Aspect,Trine,Moon,Aquarius,"28°20'16.02""",Jupiter,Gemini,"28°47'27.46""",120,120.4532,0.4532
2025-10-05 23:45:00,Aspect,Trine,Moon,Aquarius,"28°29'17.31""",Jupiter,Gemini,"28°47'31.61""",120,120.304,0.304
2025-10-06 00:00:00,Aspect,Trine,Moon,Aquarius,"28°38'18.76""",Jupiter,Gemini,"28°47'35.75""",120,120.1547,0.1547
2025-10-06 00:15:00,Aspect,Trine,Moon,Aquarius,"28°47'20.35""",Jupiter,Gemini,"28°47'39.90""",120,120.0054,0.0054
2025-10-06 00:30:00,Aspect,Trine,Moon,Aquarius,"28°56'22.08""",Jupiter,Gemini,"28°47'44.04""",120,119.8561,0.1439
2025-10-06 00:45:00,Aspect,Trine,Moon,Aquarius,"29°05'23.97""",Jupiter,Gemini,"28°47'48.19""",120,119.7067,0.2933
2025-10-06 01:00:00,Aspect,Trine,Moon,Aquarius,"29°14'26.00""",Jupiter,Gemini,"28°47'52.33""",120,119.5573,0.4427
2025-10-06 01:15:00,Aspect,Trine,Moon,Aquarius,"29°23'28.18""",Jupiter,Gemini,"28°47'56.47""",120,119.4079,0.5921
2025-10-06 01:30:00,Aspect,Trine,Moon,Aquarius,"29°32'30.50""",Jupiter,Gemini,"28°48'00.61""",120,119.2584,0.7416
2025-10-06 01:45:00,Aspect,Trine,Moon,Aquarius,"29°41'32.97""",Jupiter,Gemini,"28°48'04.75""",120,119.1088,0.8912
2025-10-06 06:00:00,Aspect,Conjunction,Moon,Pisces,"2°15'36.96""",Saturn,Pisces,"3°10'15.70""",0,0.9108,0.9108
2025-10-06 06:15:00,Aspect,Conjunction,Moon,Pisces,"2°24'42.00""",Saturn,Pisces,"3°10'12.96""",0,0.7586,0.7586
2025-10-06 06:30:00,Aspect,Conjunction,Moon,Pisces,"2°33'47.18""",Saturn,Pisces,"3°10'10.22""",0,0.6064,0.6064
2025-10-06 06:45:00,Aspect,Conjunction,Moon,Pisces,"2°42'52.50""",Saturn,Pisces,"3°10'07.47""",0,0.4542,0.4542
2025-10-06 07:00:00,Aspect,Conjunction,Moon,Pisces,"2°51'57.96""",Saturn,Pisces,"3°10'04.73""",0,0.3019,0.3019
2025-10-06 07:15:00,Aspect,Conjunction,Moon,Pisces,"3°01'03.55""",Saturn,Pisces,"3°10'01.99""",0,0.1496,0.1496
2025-10-06 07:30:00,Aspect,Conjunction,Moon,Pisces,"3°10'09.28""",Saturn,Pisces,"3°09'59.25""",0,0.0028,0.0028
2025-10-06 07:45:00,Aspect,Conjunction,Moon,Pisces,"3°19'15.15""",Saturn,Pisces,"3°09'56.51""",0,0.1552,0.1552
2025-10-06 08:00:00,Aspect,Conjunction,Moon,Pisces,"3°28'21.16""",Saturn,Pisces,"3°09'53.77""",0,0.3076,0.3076
2025-10-06 08:15:00,Aspect,Conjunction,Moon,Pisces,"3°37'27.31""",Saturn,Pisces,"3°09'51.03""",0,0.4601,0.4601
2025-10-06 08:30:00,Aspect,Conjunction,Moon,Pisces,"3°46'33.59""",Saturn,Pisces,"3°09'48.29""",0,0.6126,0.6126
2025-10-06 08:45:00,Aspect,Conjunction,Moon,Pisces,"3°55'40.00""",Saturn,Pisces,"3°09'45.55""",0,0.7651,0.7651
2025-10-06 09:00:00,Aspect,Conjunction,Moon,Pisces,"4°04'46.56""",Saturn,Pisces,"3°09'42.81""",0,0.9177,0.9177
2025-10-07 09:15:00,Aspect,Opposition,Sun,Virgo,"19°51'36.58""",Moon,Pisces,"18°58'00.13""",180,179.1065,0.8935
2025-10-07 09:30:00,Aspect,Opposition,Sun,Virgo,"19°52'13.55""",Moon,Pisces,"19°07'17.84""",180,179.2512,0.7488
2025-10-07 09:45:00,Aspect,Opposition,Sun,Virgo,"19°52'50.53""",Moon,Pisces,"19°16'35.64""",180,179.3959,0.6041
2025-10-07 10:00:00,Aspect,Opposition,Sun,Virgo,"19°53'27.50""",Moon,Pisces,"19°25'53.53""",180,179.5406,0.4594
2025-10-07 10:15:00,Aspect,Opposition,Sun,Virgo,"19°54'04.48""",Moon,Pisces,"19°35'11.51""",180,179.6853,0.3147
2025-10-07 10:30:00,Aspect,Opposition,Sun,Virgo,"19°54'41.45""",Moon,Pisces,"19°44'29.57""",180,179.83,0.17
2025-10-07 10:45:00,Aspect,Opposition,Sun,Virgo,"19°55'18.43""",Moon,Pisces,"19°53'47.72""",180,179.9748,0.0252
2025-10-07 11:00:00,Aspect,Opposition,Sun,Virgo,"19°55'55.41""",Moon,Pisces,"20°03'05.96""",180,179.8804,0.1196
2025-10-07 11:15:00,Aspect,Opposition,Sun,Virgo,"19°56'32.38""",Moon,Pisces,"20°12'24.29""",180,179.7356,0.2644
2025-10-07 11:30:00,Aspect,Opposition,Sun,Virgo,"19°57'09.36""",Moon,Pisces,"20°21'42.70""",180,179.5907,0.4093
2025-10-07 11:45:00,Aspect,Opposition,Sun,Virgo,"19°57'46.34""",Moon,Pisces,"20°31'01.19""",180,179.4459,0.5541
2025-10-07 12:00:00,Aspect,Opposition,Sun,Virgo,"19°58'23.31""",Moon,Pisces,"20°40'19.77""",180,179.301,0.699
2025-10-07 12:15:00,Aspect,Opposition,Sun,Virgo,"19°59'00.29""",Moon,Pisces,"20°49'38.44""",180,179.1561,0.8439
2025-10-07 12:30:00,Aspect,Opposition,Sun,Virgo,"19°59'37.27""",Moon,Pisces,"20°58'57.18""",180,179.0111,0.9889
2025-10-08 00:00:00,Aspect,Square,Moon,Pisces,"28°08'39.62""",Jupiter,Gemini,"29°00'33.61""",90,90.865,0.865
2025-10-08 00:15:00,Aspect,Square,Moon,Pisces,"28°18'01.63""",Jupiter,Gemini,"29°00'37.56""",90,90.71,0.71
2025-10-08 00:30:00,Aspect,Square,Moon,Pisces,"28°27'23.69""",Jupiter,Gemini,"29°00'41.52""",90,90.555,0.555
2025-10-08 00:45:00,Aspect,Square,Moon,Pisces,"28°36'45.81""",Jupiter,Gemini,"29°00'45.47""",90,90.3999,0.3999
2025-10-08 01:00:00,Aspect,Square,Moon,Pisces,"28°46'07.98""",Jupiter,Gemini,"29°00'49.42""",90,90.2448,0.2448
2025-10-08 01:15:00,Aspect,Square,Moon,Pisces,"28°55'30.21""",Jupiter,Gemini,"29°00'53.38""",90,90.0898,0.0898
2025-10-08 01:30:00,Aspect,Square,Moon,Pisces,"29°04'52.49""",Jupiter,Gemini,"29°00'57.33""",90,89.9347,0.0653
2025-10-08 01:45:00,Aspect,Square,Moon,Pisces,"29°14'14.82""",Jupiter,Gemini,"29°01'01.28""",90,89.7796,0.2204
2025-10-08 02:00:00,Aspect,Square,Moon,Pisces,"29°23'37.20""",Jupiter,Gemini,"29°01'05.23""",90,89.6245,0.3755
2025-10-08 02:15:00,Aspect,Square,Moon,Pisces,"29°32'59.63""",Jupiter,Gemini,"29°01'09.17""",90,89.4693,0.5307
2025-10-08 02:30:00,Aspect,Square,Moon,Pisces,"29°42'22.12""",Jupiter,Gemini,"29°01'13.12""",90,89.3142,0.6858
2025-10-08 02:45:00,Aspect,Square,Moon,Pisces,"29°51'44.65""",Jupiter,Gemini,"29°01'17.07""",90,89.159,0.841
2025-10-08 03:00:00,Aspect,Square,Moon,Aries,"0°01'07.23""",Jupiter,Gemini,"29°01'21.01""",90,89.0038,0.9962
2025-10-08 14:30:00,Aspect,Opposition,Moon,Aries,"7°13'08.33""",Mercury,Libra,"8°12'17.21""",180,179.0142,0.9858
2025-10-08 14:45:00,Aspect,Opposition,Moon,Aries,"7°22'32.51""",Mercury,Libra,"8°13'12.97""",180,179.1554,0.8446
2025-10-08 15:00:00,Aspect,Opposition,Moon,Aries,"7°31'56.72""",Mercury,Libra,"8°14'08.72""",180,179.2967,0.7033
2025-10-08 15:15:00,Aspect,Opposition,Moon,Aries,"7°41'20.94""",Mercury,Libra,"8°15'04.46""",180,179.4379,0.5621
2025-10-08 15:30:00,Aspect,Opposition,Moon,Aries,"7°50'45.18""",Mercury,Libra,"8°16'00.20""",180,179.5792,0.4208
2025-10-08 15:45:00,Aspect,Opposition,Moon,Aries,"8°00'09.44""",Mercury,Libra,"8°16'55.93""",180,179.7204,0.2796
2025-10-08 16:00:00,Aspect,Opposition,Moon,Aries,"8°09'33.72""",Mercury,Libra,"8°17'51.66""",180,179.8617,0.1383
2025-10-08 16:15:00,Aspect,Opposition,Moon,Aries,"8°18'58.01""",Mercury,Libra,"8°18'47.38""",180,179.997,0.003
2025-10-08 16:30:00,Aspect,Opposition,Moon,Aries,"8°28'22.32""",Mercury,Libra,"8°19'43.10""",180,179.8558,0.1442
2025-10-08 16:45:00,Aspect,Opposition,Moon,Aries,"8°37'46.64""",Mercury,Libra,"8°20'38.81""",180,179.7145,0.2855
2025-10-08 17:00:00,Aspect,Opposition,Moon,Aries,"8°47'10.97""",Mercury,Libra,"8°21'34.52""",180,179.5732,0.4268
2025-10-08 17:15:00,Aspect,Opposition,Moon,Aries,"8°56'35.32""",Mercury,Libra,"8°22'30.22""",180,179.4319,0.5681
2025-10-08 17:30:00,Aspect,Opposition,Moon,Aries,"9°05'59.68""",Mercury,Libra,"8°23'25.91""",180,179.2906,0.7094
2025-10-08 17:45:00,Aspect,Opposition,Moon,Aries,"9°15'24.05""",Mercury,Libra,"8°24'21.60""",180,179.1493,0.8507
2025-10-08 18:00:00,Aspect,Opposition,Moon,Aries,"9°24'48.44""",Mercury,Libra,"8°25'17.29""",180,179.008,0.992
2025-10-09 04:45:00,Aspect,Opposition,Moon,Aries,"16°09'18.79""",Mars,Libra,"17°03'40.54""",180,179.094,0.906
2025-10-09 05:00:00,Aspect,Opposition,Moon,Aries,"16°18'43.05""",Mars,Libra,"17°04'06.38""",180,179.2435,0.7565
2025-10-09 05:15:00,Aspect,Opposition,Moon,Aries,"16°28'07.29""",Mars,Libra,"17°04'32.21""",180,179.3931,0.6069
2025-10-09 05:30:00,Aspect,Opposition,Moon,Aries,"16°37'31.52""",Mars,Libra,"17°04'58.04""",180,179.5426,0.4574
2025-10-09 05:45:00,Aspect,Opposition,Moon,Aries,"16°46'55.73""",Mars,Libra,"17°05'23.88""",180,179.6922,0.3078
2025-10-09 06:00:00,Aspect,Opposition,Moon,Aries,"16°56'19.92""",Mars,Libra,"17°05'49.71""",180,179.8417,0.1583
2025-10-09 06:15:00,Aspect,Opposition,Moon,Aries,"17°05'44.09""",Mars,Libra,"17°06'15.54""",180,179.9913,0.0087
2025-10-09 06:30:00,Aspect,Opposition,Moon,Aries,"17°15'08.24""",Mars,Libra,"17°06'41.38""",180,179.8592,0.1408
2025-10-09 06:45:00,Aspect,Opposition,Moon,Aries,"17°24'32.37""",Mars,Libra,"17°07'07.22""",180,179.7097,0.2903
2025-10-09 07:00:00,Aspect,Opposition,Moon,Aries,"17°33'56.48""",Mars,Libra,"17°07'33.05""",180,179.5602,0.4398
2025-10-09 07:15:00,Aspect,Opposition,Moon,Aries,"17°43'20.56""",Mars,Libra,"17°07'58.89""",180,179.4106,0.5894
2025-10-09 07:30:00,Aspect,Opposition,Moon,Aries,"17°52'44.63""",Mars,Libra,"17°08'24.72""",180,179.2611,0.7389
2025-10-09 07:45:00,Aspect,Opposition,Moon,Aries,"18°02'08.67""",Mars,Libra,"17°08'50.56""",180,179.1116,0.8884
2025-10-09 13:15:00,Aspect,Sextile,Moon,Aries,"21°28'50.48""",Rahu,Aquarius,"22°23'11.16""",60,59.0943,0.9057
2025-10-09 13:15:00,Aspect,Trine,Moon,Aries,"21°28'50.48""",Ketu,Leo,"22°23'11.16""",120,120.9057,0.9057
2025-10-09 13:30:00,Aspect,Sextile,Moon,Aries,"21°38'13.82""",Rahu,Aquarius,"22°23'09.17""",60,59.2513,0.7487
2025-10-09 13:30:00,Aspect,Trine,Moon,Aries,"21°38'13.82""",Ketu,Leo,"22°23'09.17""",120,120.7487,0.7487
2025-10-09 13:45:00,Aspect,Sextile,Moon,Aries,"21°47'37.12""",Rahu,Aquarius,"22°23'07.19""",60,59.4083,0.5917
2025-10-09 13:45:00,Aspect,Trine,Moon,Aries,"21°47'37.12""",Ketu,Leo,"22°23'07.19""",120,120.5917,0.5917
2025-10-09 14:00:00,Aspect,Sextile,Moon,Aries,"21°57'00.38""",Rahu,Aquarius,"22°23'05.20""",60,59.5653,0.4347
2025-10-09 14:00:00,Aspect,Trine,Moon,Aries,"21°57'00.38""",Ketu,Leo,"22°23'05.20""",120,120.4347,0.4347
2025-10-09 14:15:00,Aspect,Sextile,Moon,Aries,"22°06'23.61""",Rahu,Aquarius,"22°23'03.21""",60,59.7223,0.2777
2025-10-09 14:15:00,Aspect,Trine,Moon,Aries,"22°06'23.61""",Ketu,Leo,"22°23'03.21""",120,120.2777,0.2777
2025-10-09 14:30:00,Aspect,Sextile,Moon,Aries,"22°15'46.79""",Rahu,Aquarius,"22°23'01.23""",60,59.8793,0.1207
2025-10-09 14:30:00,Aspect,Trine,Moon,Aries,"22°15'46.79""",Ketu,Leo,"22°23'01.23""",120,120.1207,0.1207
2025-10-09 14:45:00,Aspect,Sextile,Moon,Aries,"22°25'09.94""",Rahu,Aquarius,"22°22'59.24""",60,60.0363,0.0363
2025-10-09 14:45:00,Aspect,Trine,Moon,Aries,"22°25'09.94""",Ketu,Leo,"22°22'59.24""",120,119.9637,0.0363
2025-10-09 15:00:00,Aspect,Sextile,Moon,Aries,"22°34'33.04""",Rahu,Aquarius,"22°22'57.25""",60,60.1933,0.1933
2025-10-09 15:00:00,Aspect,Trine,Moon,Aries,"22°34'33.04""",Ketu,Leo,"22°22'57.25""",120,119.8067,0.1933
2025-10-09 15:15:00,Aspect,Sextile,Moon,Aries,"22°43'56.11""",Rahu,Aquarius,"22°22'55.26""",60,60.3502,0.3502
2025-10-09 15:15:00,Aspect,Trine,Moon,Aries,"22°43'56.11""",Ketu,Leo,"22°22'55.26""",120,119.6498,0.3502
2025-10-09 15:30:00,Aspect,Sextile,Moon,Aries,"22°53'19.13""",Rahu,Aquarius,"22°22'53.28""",60,60.5072,0.5072
2025-10-09 15:30:00,Aspect,Trine,Moon,Aries,"22°53'19.13""",Ketu,Leo,"22°22'53.28""",120,119.4928,0.5072
2025-10-09 15:45:00,Aspect,Sextile,Moon,Aries,"23°02'42.11""",Rahu,Aquarius,"22°22'51.29""",60,60.6641,0.6641
2025-10-09 15:45:00,Aspect,Trine,Moon,Aries,"23°02'42.11""",Ketu,Leo,"22°22'51.29""",120,119.3359,0.6641
2025-10-09 16:00:00,Aspect,Sextile,Moon,Aries,"23°12'05.05""",Rahu,Aquarius,"22°22'49.30""",60,60.821,0.821
2025-10-09 16:00:00,Aspect,Trine,Moon,Aries,"23°12'05.05""",Ketu,Leo,"22°22'49.30""",120,119.179,0.821
2025-10-09 16:15:00,Aspect,Sextile,Moon,Aries,"23°21'27.94""",Rahu,Aquarius,"22°22'47.31""",60,60.978,0.978
2025-10-09 16:15:00,Aspect,Trine,Moon,Aries,"23°21'27.94""",Ketu,Leo,"22°22'47.31""",120,119.022,0.978
2025-10-10 00:15:00,Aspect,Sextile,Moon,Aries,"28°21'13.96""",Jupiter,Gemini,"29°12'58.51""",60,60.8624,0.8624
2025-10-10 00:30:00,Aspect,Sextile,Moon,Aries,"28°30'35.09""",Jupiter,Gemini,"29°13'02.27""",60,60.7076,0.7076
2025-10-10 00:45:00,Aspect,Sextile,Moon,Aries,"28°39'56.15""",Jupiter,Gemini,"29°13'06.03""",60,60.5527,0.5527
2025-10-10 01:00:00,Aspect,Sextile,Moon,Aries,"28°49'17.15""",Jupiter,Gemini,"29°13'09.79""",60,60.398,0.398
2025-10-10 01:15:00,Aspect,Sextile,Moon,Aries,"28°58'38.09""",Jupiter,Gemini,"29°13'13.55""",60,60.2432,0.2432
2025-10-10 01:30:00,Aspect,Sextile,Moon,Aries,"29°07'58.96""",Jupiter,Gemini,"29°13'17.31""",60,60.0884,0.0884
2025-10-10 01:45:00,Aspect,Sextile,Moon,Aries,"29°17'19.77""",Jupiter,Gemini,"29°13'21.06""",60,59.9337,0.0663
2025-10-10 02:00:00,Aspect,Sextile,Moon,Aries,"29°26'40.51""",Jupiter,Gemini,"29°13'24.82""",60,59.779,0.221
2025-10-10 02:15:00,Aspect,Sextile,Moon,Aries,"29°36'01.18""",Jupiter,Gemini,"29°13'28.57""",60,59.6243,0.3757
2025-10-10 02:30:00,Aspect,Trine,Moon,Aries,"29°45'21.79""",Venus,Virgo,"0°43'51.95""",120,120.975,0.975
2025-10-10 02:30:00,Aspect,Sextile,Moon,Aries,"29°45'21.79""",Jupiter,Gemini,"29°13'32.33""",60,59.4696,0.5304
2025-10-10 02:45:00,Aspect,Trine,Moon,Aries,"29°54'42.33""",Venus,Virgo,"0°44'38.37""",120,120.8322,0.8322
2025-10-10 02:45:00,Aspect,Sextile,Moon,Aries,"29°54'42.33""",Jupiter,Gemini,"29°13'36.08""",60,59.3149,0.6851
2025-10-10 03:00:00,Aspect,Trine,Moon,Taurus,"0°04'02.80""",Venus,Virgo,"0°45'24.79""",120,120.6894,0.6894
2025-10-10 03:00:00,Aspect,Sextile,Moon,Taurus,"0°04'02.80""",Jupiter,Gemini,"29°13'39.83""",60,59.1603,0.8397
2025-10-10 03:15:00,Aspect,Trine,Moon,Taurus,"0°13'23.20""",Venus,Virgo,"0°46'11.20""",120,120.5467,0.5467
2025-10-10 03:15:00,Aspect,Sextile,Moon,Taurus,"0°13'23.20""",Jupiter,Gemini,"29°13'43.58""",60,59.0057,0.9943
2025-10-10 03:30:00,Aspect,Trine,Moon,Taurus,"0°22'43.54""",Venus,Virgo,"0°46'57.62""",120,120.4039,0.4039
2025-10-10 03:45:00,Aspect,Trine,Moon,Taurus,"0°32'03.80""",Venus,Virgo,"0°47'44.04""",120,120.2612,0.2612
2025-10-10 04:00:00,Aspect,Trine,Moon,Taurus,"0°41'23.99""",Venus,Virgo,"0°48'30.46""",120,120.1185,0.1185
2025-10-10 04:15:00,Aspect,Trine,Moon,Taurus,"0°50'44.12""",Venus,Virgo,"0°49'16.88""",120,119.9758,0.0242
2025-10-10 04:30:00,Aspect,Trine,Moon,Taurus,"1°00'04.17""",Venus,Virgo,"0°50'03.30""",120,119.8331,0.1669
2025-10-10 04:45:00,Aspect,Trine,Moon,Taurus,"1°09'24.15""",Venus,Virgo,"0°50'49.72""",120,119.6904,0.3096
2025-10-10 05:00:00,Aspect,Trine,Moon,Taurus,"1°18'44.06""",Venus,Virgo,"0°51'36.14""",120,119.5478,0.4522
2025-10-10 05:15:00,Aspect,Trine,Moon,Taurus,"1°28'03.89""",Venus,Virgo,"0°52'22.56""",120,119.4052,0.5948
2025-10-10 05:30:00,Aspect,Trine,Moon,Taurus,"1°37'23.66""",Venus,Virgo,"0°53'08.98""",120,119.2626,0.7374
2025-10-10 05:45:00,Aspect,Trine,Moon,Taurus,"1°46'43.34""",Venus,Virgo,"0°53'55.40""",120,119.12,0.88
2025-10-10 06:00:00,Aspect,Sextile,Moon,Taurus,"1°56'02.96""",Saturn,Pisces,"2°53'01.34""",60,59.0504,0.9496
2025-10-10 06:15:00,Aspect,Sextile,Moon,Taurus,"2°05'22.50""",Saturn,Pisces,"2°52'58.70""",60,59.2066,0.7934
2025-10-10 06:30:00,Aspect,Sextile,Moon,Taurus,"2°14'41.96""",Saturn,Pisces,"2°52'56.06""",60,59.3627,0.6373
2025-10-10 06:45:00,Aspect,Sextile,Moon,Taurus,"2°24'01.35""",Saturn,Pisces,"2°52'53.42""",60,59.5189,0.4811
2025-10-10 07:00:00,Aspect,Sextile,Moon,Taurus,"2°33'20.66""",Saturn,Pisces,"2°52'50.78""",60,59.675,0.325
2025-10-10 07:15:00,Aspect,Sextile,Moon,Taurus,"2°42'39.89""",Saturn,Pisces,"2°52'48.14""",60,59.831,0.169
2025-10-10 07:30:00,Aspect,Sextile,Moon,Taurus,"2°51'59.05""",Saturn,Pisces,"2°52'45.50""",60,59.9871,0.0129
2025-10-10 07:45:00,Aspect,Sextile,Moon,Taurus,"3°01'18.13""",Saturn,Pisces,"2°52'42.86""",60,60.1431,0.1431
2025-10-10 08:00:00,Aspect,Sextile,Moon,Taurus,"3°10'37.13""",Saturn,Pisces,"2°52'40.23""",60,60.2991,0.2991
2025-10-10 08:15:00,Aspect,Sextile,Moon,Taurus,"3°19'56.05""",Saturn,Pisces,"2°52'37.59""",60,60.4551,0.4551
2025-10-10 08:30:00,Aspect,Sextile,Moon,Taurus,"3°29'14.89""",Saturn,Pisces,"2°52'34.95""",60,60.6111,0.6111
2025-10-10 08:45:00,Aspect,Sextile,Moon,Taurus,"3°38'33.65""",Saturn,Pisces,"2°52'32.31""",60,60.767,0.767
2025-10-10 09:00:00,Aspect,Sextile,Moon,Taurus,"3°47'52.33""",Saturn,Pisces,"2°52'29.67""",60,60.923,0.923
2025-10-11 13:30:00,Aspect,Square,Moon,Taurus,"21°18'37.99""",Rahu,Aquarius,"22°16'47.63""",90,89.0307,0.9693
2025-10-11 13:30:00,Aspect,Square,Moon,Taurus,"21°18'37.99""",Ketu,Leo,"22°16'47.63""",90,90.9693,0.9693
2025-10-11 13:45:00,Aspect,Square,Moon,Taurus,"21°27'44.47""",Rahu,Aquarius,"22°16'45.64""",90,89.183,0.817
2025-10-11 13:45:00,Aspect,Square,Moon,Taurus,"21°27'44.47""",Ketu,Leo,"22°16'45.64""",90,90.817,0.817
2025-10-11 14:00:00,Aspect,Square,Moon,Taurus,"21°36'50.82""",Rahu,Aquarius,"22°16'43.66""",90,89.3353,0.6647
2025-10-11 14:00:00,Aspect,Square,Moon,Taurus,"21°36'50.82""",Ketu,Leo,"22°16'43.66""",90,90.6647,0.6647
2025-10-11 14:15:00,Aspect,Square,Moon,Taurus,"21°45'57.05""",Rahu,Aquarius,"22°16'41.67""",90,89.4876,0.5124
2025-10-11 14:15:00,Aspect,Square,Moon,Taurus,"21°45'57.05""",Ketu,Leo,"22°16'41.67""",90,90.5124,0.5124
2025-10-11 14:30:00,Aspect,Square,Moon,Taurus,"21°55'03.15""",Rahu,Aquarius,"22°16'39.68""",90,89.6399,0.3601
2025-10-11 14:30:00,Aspect,Square,Moon,Taurus,"21°55'03.15""",Ketu,Leo,"22°16'39.68""",90,90.3601,0.3601
2025-10-11 14:45:00,Aspect,Square,Moon,Taurus,"22°04'09.12""",Rahu,Aquarius,"22°16'37.70""",90,89.7921,0.2079
2025-10-11 14:45:00,Aspect,Square,Moon,Taurus,"22°04'09.12""",Ketu,Leo,"22°16'37.70""",90,90.2079,0.2079
2025-10-11 15:00:00,Aspect,Square,Moon,Taurus,"22°13'14.96""",Rahu,Aquarius,"22°16'35.71""",90,89.9442,0.0558
2025-10-11 15:00:00,Aspect,Square,Moon,Taurus,"22°13'14.96""",Ketu,Leo,"22°16'35.71""",90,90.0558,0.0558
2025-10-11 15:15:00,Aspect,Square,Moon,Taurus,"22°22'20.67""",Rahu,Aquarius,"22°16'33.72""",90,90.0964,0.0964
2025-10-11 15:15:00,Aspect,Square,Moon,Taurus,"22°22'20.67""",Ketu,Leo,"22°16'33.72""",90,89.9036,0.0964
2025-10-11 15:30:00,Aspect,Square,Moon,Taurus,"22°31'26.25""",Rahu,Aquarius,"22°16'31.73""",90,90.2485,0.2485
2025-10-11 15:30:00,Aspect,Square,Moon,Taurus,"22°31'26.25""",Ketu,Leo,"22°16'31.73""",90,89.7515,0.2485
2025-10-11 15:45:00,Aspect,Square,Moon,Taurus,"22°40'31.70""",Rahu,Aquarius,"22°16'29.75""",90,90.4005,0.4005
2025-10-11 15:45:00,Aspect,Square,Moon,Taurus,"22°40'31.70""",Ketu,Leo,"22°16'29.75""",90,89.5995,0.4005
2025-10-11 16:00:00,Aspect,Square,Moon,Taurus,"22°49'37.02""",Rahu,Aquarius,"22°16'27.76""",90,90.5526,0.5526
2025-10-11 16:00:00,Aspect,Square,Moon,Taurus,"22°49'37.02""",Ketu,Leo,"22°16'27.76""",90,89.4474,0.5526
2025-10-11 16:15:00,Aspect,Square,Moon,Taurus,"22°58'42.21""",Rahu,Aquarius,"22°16'25.77""",90,90.7046,0.7046
2025-10-11 16:15:00,Aspect,Square,Moon,Taurus,"22°58'42.21""",Ketu,Leo,"22°16'25.77""",90,89.2954,0.7046
2025-10-11 16:30:00,Aspect,Trine,Sun,Virgo,"24°06'27.00""",Moon,Taurus,"23°07'47.28""",120,120.9777,0.9777
2025-10-11 16:30:00,Aspect,Square,Moon,Taurus,"23°07'47.28""",Rahu,Aquarius,"22°16'23.79""",90,90.8565,0.8565
2025-10-11 16:30:00,Aspect,Square,Moon,Taurus,"23°07'47.28""",Ketu,Leo,"22°16'23.79""",90,89.1435,0.8565
2025-10-11 16:45:00,Aspect,Trine,Sun,Virgo,"24°07'04.07""",Moon,Taurus,"23°16'52.21""",120,120.8366,0.8366
2025-10-11 17:00:00,Aspect,Trine,Sun,Virgo,"24°07'41.15""",Moon,Taurus,"23°25'57.01""",120,120.6956,0.6956
2025-10-11 17:15:00,Aspect,Trine,Sun,Virgo,"24°08'18.22""",Moon,Taurus,"23°35'01.68""",120,120.5546,0.5546
2025-10-11 17:30:00,Aspect,Trine,Sun,Virgo,"24°08'55.29""",Moon,Taurus,"23°44'06.21""",120,120.4136,0.4136
2025-10-11 17:45:00,Aspect,Trine,Sun,Virgo,"24°09'32.37""",Moon,Taurus,"23°53'10.62""",120,120.2727,0.2727
2025-10-11 18:00:00,Aspect,Trine,Sun,Virgo,"24°10'09.44""",Moon,Taurus,"24°02'14.89""",120,120.1318,0.1318
2025-10-11 18:15:00,Aspect,Trine,Sun,Virgo,"24°10'46.52""",Moon,Taurus,"24°11'19.03""",120,119.991,0.009
2025-10-11 18:30:00,Aspect,Trine,Sun,Virgo,"24°11'23.59""",Moon,Taurus,"24°20'23.04""",120,119.8502,0.1498
2025-10-11 18:45:00,Aspect,Trine,Sun,Virgo,"24°12'00.67""",Moon,Taurus,"24°29'26.92""",120,119.7094,0.2906
2025-10-11 19:00:00,Aspect,Trine,Sun,Virgo,"24°12'37.74""",Moon,Taurus,"24°38'30.66""",120,119.5686,0.4314
2025-10-11 19:15:00,Aspect,Trine,Sun,Virgo,"24°13'14.82""",Moon,Taurus,"24°47'34.27""",120,119.4279,0.5721
2025-10-11 19:30:00,Aspect,Trine,Sun,Virgo,"24°13'51.89""",Moon,Taurus,"24°56'37.75""",120,119.2873,0.7127
2025-10-11 19:45:00,Aspect,Trine,Sun,Virgo,"24°14'28.97""",Moon,Taurus,"25°05'41.09""",120,119.1466,0.8534
2025-10-11 20:00:00,Aspect,Trine,Sun,Virgo,"24°15'06.05""",Moon,Taurus,"25°14'44.30""",120,119.006,0.994
2025-10-12 07:00:00,Aspect,Square,Moon,Gemini,"1°50'49.18""",Saturn,Pisces,"2°44'29.50""",90,89.1055,0.8945
2025-10-12 07:15:00,Aspect,Square,Moon,Gemini,"1°59'46.13""",Saturn,Pisces,"2°44'26.92""",90,89.2553,0.7447
2025-10-12 07:30:00,Aspect,Square,Moon,Gemini,"2°08'42.93""",Saturn,Pisces,"2°44'24.34""",90,89.4052,0.5948
2025-10-12 07:45:00,Aspect,Square,Moon,Gemini,"2°17'39.58""",Saturn,Pisces,"2°44'21.76""",90,89.555,0.445
2025-10-12 08:00:00,Aspect,Square,Moon,Gemini,"2°26'36.09""",Saturn,Pisces,"2°44'19.18""",90,89.7047,0.2953
2025-10-12 08:15:00,Aspect,Square,Moon,Gemini,"2°35'32.46""",Venus,Virgo,"3°30'18.32""",90,90.9127,0.9127
2025-10-12 08:15:00,Aspect,Square,Moon,Gemini,"2°35'32.46""",Saturn,Pisces,"2°44'16.60""",90,89.8544,0.1456
2025-10-12 08:30:00,Aspect,Square,Moon,Gemini,"2°44'28.69""",Venus,Virgo,"3°31'04.80""",90,90.7767,0.7767
2025-10-12 08:30:00,Aspect,Square,Moon,Gemini,"2°44'28.69""",Saturn,Pisces,"2°44'14.02""",90,90.0041,0.0041
2025-10-12 08:45:00,Aspect,Square,Moon,Gemini,"2°53'24.76""",Venus,Virgo,"3°31'51.28""",90,90.6407,0.6407
2025-10-12 08:45:00,Aspect,Square,Moon,Gemini,"2°53'24.76""",Saturn,Pisces,"2°44'11.44""",90,90.1537,0.1537
2025-10-12 09:00:00,Aspect,Square,Moon,Gemini,"3°02'20.70""",Venus,Virgo,"3°32'37.76""",90,90.5047,0.5047
2025-10-12 09:00:00,Aspect,Square,Moon,Gemini,"3°02'20.70""",Saturn,Pisces,"2°44'08.87""",90,90.3033,0.3033
2025-10-12 09:15:00,Aspect,Square,Moon,Gemini,"3°11'16.49""",Venus,Virgo,"3°33'24.24""",90,90.3688,0.3688
2025-10-12 09:15:00,Aspect,Square,Moon,Gemini,"3°11'16.49""",Saturn,Pisces,"2°44'06.29""",90,90.4528,0.4528
2025-10-12 09:30:00,Aspect,Square,Moon,Gemini,"3°20'12.13""",Venus,Virgo,"3°34'10.72""",90,90.2329,0.2329
2025-10-12 09:30:00,Aspect,Square,Moon,Gemini,"3°20'12.13""",Saturn,Pisces,"2°44'03.71""",90,90.6023,0.6023
2025-10-12 09:45:00,Aspect,Square,Moon,Gemini,"3°29'07.63""",Venus,Virgo,"3°34'57.20""",90,90.0971,0.0971
2025-10-12 09:45:00,Aspect,Square,Moon,Gemini,"3°29'07.63""",Saturn,Pisces,"2°44'01.13""",90,90.7518,0.7518
2025-10-12 10:00:00,Aspect,Square,Moon,Gemini,"3°38'02.99""",Venus,Virgo,"3°35'43.68""",90,89.9613,0.0387
2025-10-12 10:00:00,Aspect,Square,Moon,Gemini,"3°38'02.99""",Saturn,Pisces,"2°43'58.56""",90,90.9012,0.9012
2025-10-12 10:15:00,Aspect,Square,Moon,Gemini,"3°46'58.20""",Venus,Virgo,"3°36'30.16""",90,89.8255,0.1745
2025-10-12 10:30:00,Aspect,Square,Moon,Gemini,"3°55'53.26""",Venus,Virgo,"3°37'16.64""",90,89.6898,0.3102
2025-10-12 10:45:00,Aspect,Square,Moon,Gemini,"4°04'48.18""",Venus,Virgo,"3°38'03.12""",90,89.5542,0.4458
2025-10-12 11:00:00,Aspect,Square,Moon,Gemini,"4°13'42.95""",Venus,Virgo,"3°38'49.60""",90,89.4185,0.5815
2025-10-12 11:15:00,Aspect,Square,Moon,Gemini,"4°22'37.58""",Venus,Virgo,"3°39'36.09""",90,89.2829,0.7171
2025-10-12 11:30:00,Aspect,Square,Moon,Gemini,"4°31'32.06""",Venus,Virgo,"3°40'22.57""",90,89.1474,0.8526
2025-10-12 11:45:00,Aspect,Square,Moon,Gemini,"4°40'26.39""",Venus,Virgo,"3°41'09.05""",90,89.0118,0.9882
2025-10-13 03:30:00,Aspect,Trine,Moon,Gemini,"13°56'30.32""",Mercury,Libra,"14°49'01.32""",120,120.8753,0.8753
2025-10-13 03:45:00,Aspect,Trine,Moon,Gemini,"14°05'15.11""",Mercury,Libra,"14°49'54.73""",120,120.7443,0.7443
2025-10-13 04:00:00,Aspect,Trine,Moon,Gemini,"14°13'59.74""",Mercury,Libra,"14°50'48.14""",120,120.6134,0.6134
2025-10-13 04:15:00,Aspect,Trine,Moon,Gemini,"14°22'44.22""",Mercury,Libra,"14°51'41.54""",120,120.4826,0.4826
2025-10-13 04:30:00,Aspect,Trine,Moon,Gemini,"14°31'28.56""",Mercury,Libra,"14°52'34.93""",120,120.3518,0.3518
2025-10-13 04:45:00,Aspect,Trine,Moon,Gemini,"14°40'12.74""",Mercury,Libra,"14°53'28.32""",120,120.221,0.221
2025-10-13 05:00:00,Aspect,Trine,Moon,Gemini,"14°48'56.76""",Mercury,Libra,"14°54'21.70""",120,120.0903,0.0903
2025-10-13 05:15:00,Aspect,Trine,Moon,Gemini,"14°57'40.64""",Mercury,Libra,"14°55'15.08""",120,119.9596,0.0404
2025-10-13 05:30:00,Aspect,Trine,Moon,Gemini,"15°06'24.37""",Mercury,Libra,"14°56'08.45""",120,119.8289,0.1711
2025-10-13 05:45:00,Aspect,Trine,Moon,Gemini,"15°15'07.95""",Mercury,Libra,"14°57'01.82""",120,119.6983,0.3017
2025-10-13 06:00:00,Aspect,Trine,Moon,Gemini,"15°23'51.37""",Mercury,Libra,"14°57'55.18""",120,119.5677,0.4323
2025-10-13 06:15:00,Aspect,Trine,Moon,Gemini,"15°32'34.64""",Mercury,Libra,"14°58'48.53""",120,119.4372,0.5628
2025-10-13 06:30:00,Aspect,Trine,Moon,Gemini,"15°41'17.76""",Mercury,Libra,"14°59'41.88""",120,119.3067,0.6933
2025-10-13 06:45:00,Aspect,Trine,Moon,Gemini,"15°50'00.74""",Mercury,Libra,"15°00'35.23""",120,119.1762,0.8238
2025-10-13 07:00:00,Aspect,Trine,Moon,Gemini,"15°58'43.55""",Mercury,Libra,"15°01'28.56""",120,119.0458,0.9542
2025-10-13 12:30:00,Aspect,Trine,Moon,Gemini,"19°09'47.31""",Mars,Libra,"20°02'56.43""",120,120.8859,0.8859
2025-10-13 12:45:00,Aspect,Trine,Moon,Gemini,"19°18'26.66""",Mars,Libra,"20°03'22.43""",120,120.7488,0.7488
2025-10-13 13:00:00,Aspect,Trine,Moon,Gemini,"19°27'05.85""",Mars,Libra,"20°03'48.44""",120,120.6118,0.6118
2025-10-13 13:15:00,Aspect,Trine,Moon,Gemini,"19°35'44.89""",Mars,Libra,"20°04'14.44""",120,120.4749,0.4749
2025-10-13 13:30:00,Aspect,Trine,Moon,Gemini,"19°44'23.78""",Mars,Libra,"20°04'40.45""",120,120.338,0.338
2025-10-13 13:45:00,Aspect,Trine,Moon,Gemini,"19°53'02.51""",Mars,Libra,"20°05'06.46""",120,120.2011,0.2011
2025-10-13 14:00:00,Aspect,Trine,Moon,Gemini,"20°01'41.10""",Mars,Libra,"20°05'32.46""",120,120.0643,0.0643
2025-10-13 14:15:00,Aspect,Trine,Moon,Gemini,"20°10'19.54""",Mars,Libra,"20°05'58.47""",120,119.9275,0.0725
2025-10-13 14:30:00,Aspect,Trine,Moon,Gemini,"20°18'57.82""",Mars,Libra,"20°06'24.48""",120,119.7907,0.2093
2025-10-13 14:45:00,Aspect,Trine,Moon,Gemini,"20°27'35.96""",Mars,Libra,"20°06'50.48""",120,119.654,0.346
2025-10-13 15:00:00,Aspect,Trine,Moon,Gemini,"20°36'13.94""",Mars,Libra,"20°07'16.49""",120,119.5174,0.4826
2025-10-13 15:15:00,Aspect,Trine,Moon,Gemini,"20°44'51.77""",Mars,Libra,"20°07'42.50""",120,119.3808,0.6192
2025-10-13 15:30:00,Aspect,Trine,Moon,Gemini,"20°53'29.46""",Mars,Libra,"20°08'08.51""",120,119.2442,0.7558
2025-10-13 15:45:00,Aspect,Trine,Moon,Gemini,"21°02'06.99""",Mars,Libra,"20°08'34.52""",120,119.1076,0.8924
2025-10-13 16:00:00,Aspect,Trine,Moon,Gemini,"21°10'44.37""",Rahu,Aquarius,"22°10'06.22""",120,119.0106,0.9894
2025-10-13 16:00:00,Aspect,Sextile,Moon,Gemini,"21°10'44.37""",Ketu,Leo,"22°10'06.22""",60,60.9894,0.9894
2025-10-13 16:15:00,Aspect,Trine,Moon,Gemini,"21°19'21.60""",Rahu,Aquarius,"22°10'04.23""",120,119.1548,0.8452
2025-10-13 16:15:00,Aspect,Sextile,Moon,Gemini,"21°19'21.60""",Ketu,Leo,"22°10'04.23""",60,60.8452,0.8452
2025-10-13 16:30:00,Aspect,Trine,Moon,Gemini,"21°27'58.68""",Rahu,Aquarius,"22°10'02.24""",120,119.299,0.701
2025-10-13 16:30:00,Aspect,Sextile,Moon,Gemini,"21°27'58.68""",Ketu,Leo,"22°10'02.24""",60,60.701,0.701
2025-10-13 16:45:00,Aspect,Trine,Moon,Gemini,"21°36'35.61""",Rahu,Aquarius,"22°10'00.26""",120,119.4432,0.5568
2025-10-13 16:45:00,Aspect,Sextile,Moon,Gemini,"21°36'35.61""",Ketu,Leo,"22°10'00.26""",60,60.5568,0.5568
2025-10-13 17:00:00,Aspect,Trine,Moon,Gemini,"21°45'12.39""",Rahu,Aquarius,"22°09'58.27""",120,119.5873,0.4127
2025-10-13 17:00:00,Aspect,Sextile,Moon,Gemini,"21°45'12.39""",Ketu,Leo,"22°09'58.27""",60,60.4127,0.4127
2025-10-13 17:15:00,Aspect,Trine,Moon,Gemini,"21°53'49.02""",Rahu,Aquarius,"22°09'56.28""",120,119.7313,0.2687
2025-10-13 17:15:00,Aspect,Sextile,Moon,Gemini,"21°53'49.02""",Ketu,Leo,"22°09'56.28""",60,60.2687,0.2687
2025-10-13 17:30:00,Aspect,Trine,Moon,Gemini,"22°02'25.50""",Rahu,Aquarius,"22°09'54.29""",120,119.8753,0.1247
2025-10-13 17:30:00,Aspect,Sextile,Moon,Gemini,"22°02'25.50""",Ketu,Leo,"22°09'54.29""",60,60.1247,0.1247
2025-10-13 17:45:00,Aspect,Trine,Moon,Gemini,"22°11'01.83""",Rahu,Aquarius,"22°09'52.31""",120,120.0193,0.0193
2025-10-13 17:45:00,Aspect,Sextile,Moon,Gemini,"22°11'01.83""",Ketu,Leo,"22°09'52.31""",60,59.9807,0.0193
2025-10-13 18:00:00,Aspect,Trine,Moon,Gemini,"22°19'38.01""",Rahu,Aquarius,"22°09'50.32""",120,120.1632,0.1632
2025-10-13 18:00:00,Aspect,Sextile,Moon,Gemini,"22°19'38.01""",Ketu,Leo,"22°09'50.32""",60,59.8368,0.1632
2025-10-13 18:15:00,Aspect,Trine,Moon,Gemini,"22°28'14.04""",Rahu,Aquarius,"22°09'48.33""",120,120.3071,0.3071
2025-10-13 18:15:00,Aspect,Sextile,Moon,Gemini,"22°28'14.04""",Ketu,Leo,"22°09'48.33""",60,59.6929,0.3071
2025-10-13 18:30:00,Aspect,Trine,Moon,Gemini,"22°36'49.91""",Rahu,Aquarius,"22°09'46.35""",120,120.451,0.451
2025-10-13 18:30:00,Aspect,Sextile,Moon,Gemini,"22°36'49.91""",Ketu,Leo,"22°09'46.35""",60,59.549,0.451
2025-10-13 18:45:00,Aspect,Trine,Moon,Gemini,"22°45'25.64""",Rahu,Aquarius,"22°09'44.36""",120,120.5948,0.5948
2025-10-13 18:45:00,Aspect,Sextile,Moon,Gemini,"22°45'25.64""",Ketu,Leo,"22°09'44.36""",60,59.4052,0.5948
2025-10-13 19:00:00,Aspect,Trine,Moon,Gemini,"22°54'01.22""",Rahu,Aquarius,"22°09'42.37""",120,120.7386,0.7386
2025-10-13 19:00:00,Aspect,Sextile,Moon,Gemini,"22°54'01.22""",Ketu,Leo,"22°09'42.37""",60,59.2614,0.7386
2025-10-13 19:15:00,Aspect,Trine,Moon,Gemini,"23°02'36.65""",Rahu,Aquarius,"22°09'40.38""",120,120.8823,0.8823
2025-10-13 19:15:00,Aspect,Sextile,Moon,Gemini,"23°02'36.65""",Ketu,Leo,"22°09'40.38""",60,59.1177,0.8823
2025-10-13 23:30:00,Aspect,Square,Sun,Virgo,"26°22'29.18""",Moon,Gemini,"25°28'16.07""",90,90.9036,0.9036
2025-10-13 23:45:00,Aspect,Square,Sun,Virgo,"26°23'06.31""",Moon,Gemini,"25°36'48.82""",90,90.7715,0.7715
2025-10-14 00:00:00,Aspect,Square,Sun,Virgo,"26°23'43.44""",Moon,Gemini,"25°45'21.41""",90,90.6395,0.6395
2025-10-14 00:15:00,Aspect,Square,Sun,Virgo,"26°24'20.57""",Moon,Gemini,"25°53'53.85""",90,90.5074,0.5074
2025-10-14 00:30:00,Aspect,Square,Sun,Virgo,"26°24'57.70""",Moon,Gemini,"26°02'26.15""",90,90.3754,0.3754
2025-10-14 00:45:00,Aspect,Square,Sun,Virgo,"26°25'34.83""",Moon,Gemini,"26°10'58.30""",90,90.2435,0.2435
2025-10-14 01:00:00,Aspect,Square,Sun,Virgo,"26°26'11.96""",Moon,Gemini,"26°19'30.30""",90,90.1116,0.1116
2025-10-14 01:15:00,Aspect,Square,Sun,Virgo,"26°26'49.09""",Moon,Gemini,"26°28'02.15""",90,89.9797,0.0203
2025-10-14 01:30:00,Aspect,Square,Sun,Virgo,"26°27'26.22""",Moon,Gemini,"26°36'33.86""",90,89.8479,0.1521
2025-10-14 01:45:00,Aspect,Square,Sun,Virgo,"26°28'03.35""",Moon,Gemini,"26°45'05.42""",90,89.7161,0.2839
2025-10-14 02:00:00,Aspect,Square,Sun,Virgo,"26°28'40.48""",Moon,Gemini,"26°53'36.82""",90,89.5843,0.4157
2025-10-14 02:15:00,Aspect,Square,Sun,Virgo,"26°29'17.61""",Moon,Gemini,"27°02'08.09""",90,89.4526,0.5474
2025-10-14 02:30:00,Aspect,Square,Sun,Virgo,"26°29'54.74""",Moon,Gemini,"27°10'39.20""",90,89.321,0.679
2025-10-14 02:45:00,Aspect,Square,Sun,Virgo,"26°30'31.88""",Moon,Gemini,"27°19'10.17""",90,89.1894,0.8106
2025-10-14 03:00:00,Aspect,Square,Sun,Virgo,"26°31'09.01""",Moon,Gemini,"27°27'40.98""",90,89.0578,0.9422
2025-10-14 05:15:00,Aspect,Conjunction,Moon,Gemini,"28°44'11.73""",Jupiter,Gemini,"29°36'53.60""",0,0.8783,0.8783
2025-10-14 05:30:00,Aspect,Conjunction,Moon,Gemini,"28°52'41.08""",Jupiter,Gemini,"29°36'56.94""",0,0.7377,0.7377
2025-10-14 05:45:00,Aspect,Conjunction,Moon,Gemini,"29°01'10.28""",Jupiter,Gemini,"29°37'00.27""",0,0.5972,0.5972
2025-10-14 06:00:00,Aspect,Conjunction,Moon,Gemini,"29°09'39.34""",Jupiter,Gemini,"29°37'03.61""",0,0.4567,0.4567
2025-10-14 06:15:00,Aspect,Conjunction,Moon,Gemini,"29°18'08.25""",Jupiter,Gemini,"29°37'06.94""",0,0.3163,0.3163
2025-10-14 06:30:00,Aspect,Conjunction,Moon,Gemini,"29°26'37.02""",Jupiter,Gemini,"29°37'10.28""",0,0.1759,0.1759
2025-10-14 06:45:00,Aspect,Conjunction,Moon,Gemini,"29°35'05.64""",Jupiter,Gemini,"29°37'13.61""",0,0.0355,0.0355
2025-10-14 07:00:00,Aspect,Conjunction,Moon,Gemini,"29°43'34.11""",Jupiter,Gemini,"29°37'16.94""",0,0.1048,0.1048
2025-10-14 07:15:00,Aspect,Conjunction,Moon,Gemini,"29°52'02.44""",Jupiter,Gemini,"29°37'20.27""",0,0.245,0.245
2025-10-14 07:30:00,Aspect,Conjunction,Moon,Cancer,"0°00'30.62""",Jupiter,Gemini,"29°37'23.60""",0,0.3853,0.3853
2025-10-14 07:45:00,Aspect,Conjunction,Moon,Cancer,"0°08'58.65""",Jupiter,Gemini,"29°37'26.93""",0,0.5255,0.5255
2025-10-14 08:00:00,Aspect,Conjunction,Moon,Cancer,"0°17'26.54""",Jupiter,Gemini,"29°37'30.26""",0,0.6656,0.6656
2025-10-14 08:15:00,Aspect,Conjunction,Moon,Cancer,"0°25'54.29""",Jupiter,Gemini,"29°37'33.59""",0,0.8058,0.8058
2025-10-14 08:30:00,Aspect,Conjunction,Moon,Cancer,"0°34'21.89""",Jupiter,Gemini,"29°37'36.91""",0,0.9458,0.9458
2025-10-14 10:30:00,Aspect,Trine,Moon,Cancer,"1°41'57.48""",Saturn,Pisces,"2°35'44.90""",120,119.1035,0.8965
2025-10-14 10:45:00,Aspect,Trine,Moon,Cancer,"1°50'23.78""",Saturn,Pisces,"2°35'42.39""",120,119.2448,0.7552
2025-10-14 11:00:00,Aspect,Trine,Moon,Cancer,"1°58'49.94""",Saturn,Pisces,"2°35'39.88""",120,119.3861,0.6139
2025-10-14 11:15:00,Aspect,Trine,Moon,Cancer,"2°07'15.95""",Saturn,Pisces,"2°35'37.37""",120,119.5274,0.4726
2025-10-14 11:30:00,Aspect,Trine,Moon,Cancer,"2°15'41.82""",Saturn,Pisces,"2°35'34.86""",120,119.6686,0.3314
2025-10-14 11:45:00,Aspect,Trine,Moon,Cancer,"2°24'07.55""",Saturn,Pisces,"2°35'32.35""",120,119.8098,0.1902
2025-10-14 12:00:00,Aspect,Trine,Moon,Cancer,"2°32'33.13""",Saturn,Pisces,"2°35'29.84""",120,119.9509,0.0491
2025-10-14 12:15:00,Aspect,Trine,Moon,Cancer,"2°40'58.57""",Saturn,Pisces,"2°35'27.33""",120,120.092,0.092
2025-10-14 12:30:00,Aspect,Trine,Moon,Cancer,"2°49'23.86""",Saturn,Pisces,"2°35'24.82""",120,120.2331,0.2331
2025-10-14 12:45:00,Aspect,Trine,Moon,Cancer,"2°57'49.01""",Saturn,Pisces,"2°35'22.31""",120,120.3741,0.3741
2025-10-14 13:00:00,Aspect,Trine,Moon,Cancer,"3°06'14.02""",Saturn,Pisces,"2°35'19.81""",120,120.5151,0.5151
2025-10-14 13:15:00,Aspect,Trine,Moon,Cancer,"3°14'38.89""",Saturn,Pisces,"2°35'17.30""",120,120.656,0.656
2025-10-14 13:30:00,Aspect,Trine,Moon,Cancer,"3°23'03.61""",Saturn,Pisces,"2°35'14.79""",120,120.7969,0.7969
2025-10-14 13:45:00,Aspect,Trine,Moon,Cancer,"3°31'28.19""",Saturn,Pisces,"2°35'12.28""",120,120.9378,0.9378
2025-10-14 17:15:00,Aspect,Sextile,Moon,Cancer,"5°28'57.45""",Venus,Virgo,"6°27'02.66""",60,60.9681,0.9681
2025-10-14 17:30:00,Aspect,Sextile,Moon,Cancer,"5°37'19.91""",Venus,Virgo,"6°27'49.20""",60,60.8415,0.8415
2025-10-14 17:45:00,Aspect,Sextile,Moon,Cancer,"5°45'42.23""",Venus,Virgo,"6°28'35.75""",60,60.7149,0.7149
2025-10-14 18:00:00,Aspect,Sextile,Moon,Cancer,"5°54'04.41""",Venus,Virgo,"6°29'22.29""",60,60.5883,0.5883
2025-10-14 18:15:00,Aspect,Sextile,Moon,Cancer,"6°02'26.45""",Venus,Virgo,"6°30'08.83""",60,60.4618,0.4618
2025-10-14 18:30:00,Aspect,Sextile,Moon,Cancer,"6°10'48.35""",Venus,Virgo,"6°30'55.37""",60,60.3353,0.3353
2025-10-14 18:45:00,Aspect,Sextile,Moon,Cancer,"6°19'10.12""",Venus,Virgo,"6°31'41.91""",60,60.2088,0.2088
2025-10-14 19:00:00,Aspect,Sextile,Moon,Cancer,"6°27'31.74""",Venus,Virgo,"6°32'28.46""",60,60.0824,0.0824
2025-10-14 19:15:00,Aspect,Sextile,Moon,Cancer,"6°35'53.22""",Venus,Virgo,"6°33'15.00""",60,59.9561,0.0439
2025-10-14 19:30:00,Aspect,Sextile,Moon,Cancer,"6°44'14.56""",Venus,Virgo,"6°34'01.54""",60,59.8297,0.1703
2025-10-14 19:45:00,Aspect,Sextile,Moon,Cancer,"6°52'35.77""",Venus,Virgo,"6°34'48.09""",60,59.7034,0.2966
2025-10-14 20:00:00,Aspect,Sextile,Moon,Cancer,"7°00'56.83""",Venus,Virgo,"6°35'34.63""",60,59.5772,0.4228
2025-10-14 20:15:00,Aspect,Sextile,Moon,Cancer,"7°09'17.76""",Venus,Virgo,"6°36'21.18""",60,59.4509,0.5491
2025-10-14 20:30:00,Aspect,Sextile,Moon,Cancer,"7°17'38.55""",Venus,Virgo,"6°37'07.72""",60,59.3248,0.6752
2025-10-14 20:45:00,Aspect,Sextile,Moon,Cancer,"7°25'59.20""",Venus,Virgo,"6°37'54.26""",60,59.1986,0.8014
2025-10-14 21:00:00,Aspect,Sextile,Moon,Cancer,"7°34'19.71""",Venus,Virgo,"6°38'40.81""",60,59.0725,0.9275
2025-10-15 14:45:00,Aspect,Square,Moon,Cancer,"17°20'53.03""",Mercury,Libra,"18°17'19.65""",90,90.9407,0.9407
2025-10-15 15:00:00,Aspect,Square,Moon,Cancer,"17°29'04.03""",Mercury,Libra,"18°18'11.69""",90,90.8188,0.8188
2025-10-15 15:15:00,Aspect,Square,Moon,Cancer,"17°37'14.91""",Mercury,Libra,"18°19'03.72""",90,90.6969,0.6969
2025-10-15 15:30:00,Aspect,Square,Moon,Cancer,"17°45'25.66""",Mercury,Libra,"18°19'55.74""",90,90.575,0.575
2025-10-15 15:45:00,Aspect,Square,Moon,Cancer,"17°53'36.29""",Mercury,Libra,"18°20'47.76""",90,90.4532,0.4532
2025-10-15 16:00:00,Aspect,Square,Moon,Cancer,"18°01'46.79""",Mercury,Libra,"18°21'39.77""",90,90.3314,0.3314
2025-10-15 16:15:00,Aspect,Square,Moon,Cancer,"18°09'57.17""",Mercury,Libra,"18°22'31.78""",90,90.2096,0.2096
2025-10-15 16:30:00,Aspect,Square,Moon,Cancer,"18°18'07.43""",Mercury,Libra,"18°23'23.78""",90,90.0879,0.0879
2025-10-15 16:45:00,Aspect,Square,Moon,Cancer,"18°26'17.56""",Mercury,Libra,"18°24'15.77""",90,89.9662,0.0338
2025-10-15 17:00:00,Aspect,Square,Moon,Cancer,"18°34'27.56""",Mercury,Libra,"18°25'07.76""",90,89.8445,0.1555
2025-10-15 17:15:00,Aspect,Square,Moon,Cancer,"18°42'37.45""",Mercury,Libra,"18°25'59.74""",90,89.7229,0.2771
2025-10-15 17:30:00,Aspect,Square,Moon,Cancer,"18°50'47.20""",Mercury,Libra,"18°26'51.72""",90,89.6013,0.3987
2025-10-15 17:45:00,Aspect,Square,Moon,Cancer,"18°58'56.84""",Mercury,Libra,"18°27'43.69""",90,89.4797,0.5203
2025-10-15 18:00:00,Aspect,Square,Moon,Cancer,"19°07'06.35""",Mercury,Libra,"18°28'35.65""",90,89.3581,0.6419
2025-10-15 18:15:00,Aspect,Square,Moon,Cancer,"19°15'15.74""",Mercury,Libra,"18°29'27.61""",90,89.2366,0.7634
2025-10-15 18:30:00,Aspect,Square,Moon,Cancer,"19°23'25.00""",Mercury,Libra,"18°30'19.56""",90,89.1152,0.8848
2025-10-15 21:00:00,Aspect,Square,Moon,Cancer,"20°44'50.94""",Mars,Libra,"21°41'04.04""",90,90.937,0.937
2025-10-15 21:15:00,Aspect,Square,Moon,Cancer,"20°52'58.87""",Mars,Libra,"21°41'30.14""",90,90.8087,0.8087
2025-10-15 21:30:00,Aspect,Square,Moon,Cancer,"21°01'06.68""",Mars,Libra,"21°41'56.24""",90,90.6804,0.6804
2025-10-15 21:45:00,Aspect,Square,Moon,Cancer,"21°09'14.36""",Mars,Libra,"21°42'22.34""",90,90.5522,0.5522
2025-10-15 22:00:00,Aspect,Square,Moon,Cancer,"21°17'21.93""",Mars,Libra,"21°42'48.44""",90,90.424,0.424
2025-10-15 22:15:00,Aspect,Square,Moon,Cancer,"21°25'29.37""",Mars,Libra,"21°43'14.54""",90,90.2959,0.2959
2025-10-15 22:30:00,Aspect,Square,Moon,Cancer,"21°33'36.70""",Mars,Libra,"21°43'40.64""",90,90.1678,0.1678
2025-10-15 22:45:00,Aspect,Square,Moon,Cancer,"21°41'43.91""",Mars,Libra,"21°44'06.74""",90,90.0397,0.0397
2025-10-15 23:00:00,Aspect,Square,Moon,Cancer,"21°49'50.99""",Mars,Libra,"21°44'32.84""",90,89.9116,0.0884
2025-10-15 23:15:00,Aspect,Square,Moon,Cancer,"21°57'57.96""",Mars,Libra,"21°44'58.95""",90,89.7836,0.2164
2025-10-15 23:30:00,Aspect,Square,Moon,Cancer,"22°06'04.81""",Mars,Libra,"21°45'25.05""",90,89.6556,0.3444
2025-10-15 23:45:00,Aspect,Square,Moon,Cancer,"22°14'11.54""",Mars,Libra,"21°45'51.15""",90,89.5277,0.4723
2025-10-16 00:00:00,Aspect,Square,Moon,Cancer,"22°22'18.15""",Mars,Libra,"21°46'17.26""",90,89.3998,0.6002
2025-10-16 00:15:00,Aspect,Square,Moon,Cancer,"22°30'24.64""",Mars,Libra,"21°46'43.36""",90,89.2719,0.7281
2025-10-16 00:30:00,Aspect,Square,Moon,Cancer,"22°38'31.02""",Mars,Libra,"21°47'09.46""",90,89.144,0.856
2025-10-16 00:45:00,Aspect,Square,Moon,Cancer,"22°46'37.28""",Mars,Libra,"21°47'35.57""",90,89.0162,0.9838
2025-10-16 10:15:00,Aspect,Sextile,Sun,Virgo,"28°48'01.40""",Moon,Cancer,"27°53'09.65""",60,60.9144,0.9144
2025-10-16 10:30:00,Aspect,Sextile,Sun,Virgo,"28°48'38.59""",Moon,Cancer,"28°01'11.46""",60,60.7909,0.7909
2025-10-16 10:45:00,Aspect,Sextile,Sun,Virgo,"28°49'15.77""",Moon,Cancer,"28°09'13.17""",60,60.6674,0.6674
2025-10-16 11:00:00,Aspect,Sextile,Sun,Virgo,"28°49'52.96""",Moon,Cancer,"28°17'14.76""",60,60.5439,0.5439
2025-10-16 11:15:00,Aspect,Sextile,Sun,Virgo,"28°50'30.15""",Moon,Cancer,"28°25'16.25""",60,60.4205,0.4205
2025-10-16 11:30:00,Aspect,Sextile,Sun,Virgo,"28°51'07.34""",Moon,Cancer,"28°33'17.63""",60,60.2971,0.2971
2025-10-16 11:45:00,Aspect,Sextile,Sun,Virgo,"28°51'44.53""",Moon,Cancer,"28°41'18.89""",60,60.1738,0.1738
2025-10-16 12:00:00,Aspect,Sextile,Sun,Virgo,"28°52'21.72""",Moon,Cancer,"28°49'20.05""",60,60.0505,0.0505
2025-10-16 12:15:00,Aspect,Sextile,Sun,Virgo,"28°52'58.91""",Moon,Cancer,"28°57'21.10""",60,59.9272,0.0728
2025-10-16 12:30:00,Aspect,Sextile,Sun,Virgo,"28°53'36.10""",Moon,Cancer,"29°05'22.05""",60,59.8039,0.1961
2025-10-16 12:45:00,Aspect,Sextile,Sun,Virgo,"28°54'13.29""",Moon,Cancer,"29°13'22.88""",60,59.6807,0.3193
2025-10-16 13:00:00,Aspect,Sextile,Sun,Virgo,"28°54'50.48""",Moon,Cancer,"29°21'23.61""",60,59.5575,0.4425
2025-10-16 13:15:00,Aspect,Sextile,Sun,Virgo,"28°55'27.67""",Moon,Cancer,"29°29'24.22""",60,59.4343,0.5657
2025-10-16 13:30:00,Aspect,Sextile,Sun,Virgo,"28°56'04.86""",Moon,Cancer,"29°37'24.74""",60,59.3111,0.6889
2025-10-16 13:45:00,Aspect,Sextile,Sun,Virgo,"28°56'42.05""",Moon,Cancer,"29°45'25.14""",60,59.188,0.812
2025-10-16 14:00:00,Aspect,Sextile,Sun,Virgo,"28°57'19.24""",Moon,Cancer,"29°53'25.44""",60,59.0649,0.9351
2025-10-18 06:00:00,Aspect,Sextile,Moon,Leo,"20°53'33.21""",Mercury,Libra,"21°53'24.11""",60,60.9975,0.9975
2025-10-18 06:15:00,Aspect,Sextile,Moon,Leo,"21°01'18.86""",Mercury,Libra,"21°54'14.52""",60,60.8821,0.8821
2025-10-18 06:15:00,Aspect,Opposition,Moon,Leo,"21°01'18.86""",Rahu,Aquarius,"21°55'29.86""",180,179.0969,0.9031
2025-10-18 06:15:00,Aspect,Conjunction,Moon,Leo,"21°01'18.86""",Ketu,Leo,"21°55'29.86""",0,0.9031,0.9031
2025-10-18 06:30:00,Aspect,Sextile,Moon,Leo,"21°09'04.44""",Mercury,Libra,"21°55'04.92""",60,60.7668,0.7668
2025-10-18 06:30:00,Aspect,Opposition,Moon,Leo,"21°09'04.44""",Rahu,Aquarius,"21°55'27.88""",180,179.2268,0.7732
2025-10-18 06:30:00,Aspect,Conjunction,Moon,Leo,"21°09'04.44""",Ketu,Leo,"21°55'27.88""",0,0.7732,0.7732
2025-10-18 06:45:00,Aspect,Sextile,Moon,Leo,"21°16'49.94""",Mercury,Libra,"21°55'55.31""",60,60.6515,0.6515
2025-10-18 06:45:00,Aspect,Opposition,Moon,Leo,"21°16'49.94""",Rahu,Aquarius,"21°55'25.89""",180,179.3567,0.6433
2025-10-18 06:45:00,Aspect,Conjunction,Moon,Leo,"21°16'49.94""",Ketu,Leo,"21°55'25.89""",0,0.6433,0.6433
2025-10-18 07:00:00,Aspect,Sextile,Moon,Leo,"21°24'35.37""",Mercury,Libra,"21°56'45.70""",60,60.5362,0.5362
2025-10-18 07:00:00,Aspect,Opposition,Moon,Leo,"21°24'35.37""",Rahu,Aquarius,"21°55'23.90""",180,179.4865,0.5135
2025-10-18 07:00:00,Aspect,Conjunction,Moon,Leo,"21°24'35.37""",Ketu,Leo,"21°55'23.90""",0,0.5135,0.5135
2025-10-18 07:15:00,Aspect,Sextile,Moon,Leo,"21°32'20.72""",Mercury,Libra,"21°57'36.08""",60,60.4209,0.4209
2025-10-18 07:15:00,Aspect,Opposition,Moon,Leo,"21°32'20.72""",Rahu,Aquarius,"21°55'21.91""",180,179.6163,0.3837
2025-10-18 07:15:00,Aspect,Conjunction,Moon,Leo,"21°32'20.72""",Ketu,Leo,"21°55'21.91""",0,0.3837,0.3837
2025-10-18 07:30:00,Aspect,Sextile,Moon,Leo,"21°40'05.99""",Mercury,Libra,"21°58'26.46""",60,60.3057,0.3057
2025-10-18 07:30:00,Aspect,Opposition,Moon,Leo,"21°40'05.99""",Rahu,Aquarius,"21°55'19.93""",180,179.7461,0.2539
2025-10-18 07:30:00,Aspect,Conjunction,Moon,Leo,"21°40'05.99""",Ketu,Leo,"21°55'19.93""",0,0.2539,0.2539
2025-10-18 07:45:00,Aspect,Sextile,Moon,Leo,"21°47'51.20""",Mercury,Libra,"21°59'16.83""",60,60.1905,0.1905
2025-10-18 07:45:00,Aspect,Opposition,Moon,Leo,"21°47'51.20""",Rahu,Aquarius,"21°55'17.94""",180,179.8759,0.1241
2025-10-18 07:45:00,Aspect,Conjunction,Moon,Leo,"21°47'51.20""",Ketu,Leo,"21°55'17.94""",0,0.1241,0.1241
2025-10-18 08:00:00,Aspect,Sextile,Moon,Leo,"21°55'36.32""",Mercury,Libra,"22°00'07.19""",60,60.0752,0.0752
2025-10-18 08:00:00,Aspect,Opposition,Moon,Leo,"21°55'36.32""",Rahu,Aquarius,"21°55'15.95""",180,179.9943,0.0057
2025-10-18 08:00:00,Aspect,Conjunction,Moon,Leo,"21°55'36.32""",Ketu,Leo,"21°55'15.95""",0,0.0057,0.0057
2025-10-18 08:15:00,Aspect,Sextile,Moon,Leo,"22°03'21.38""",Mercury,Libra,"22°00'57.54""",60,59.96,0.04
2025-10-18 08:15:00,Aspect,Opposition,Moon,Leo,"22°03'21.38""",Rahu,Aquarius,"21°55'13.96""",180,179.8646,0.1354
2025-10-18 08:15:00,Aspect,Conjunction,Moon,Leo,"22°03'21.38""",Ketu,Leo,"21°55'13.96""",0,0.1354,0.1354
2025-10-18 08:30:00,Aspect,Sextile,Moon,Leo,"22°11'06.35""",Mercury,Libra,"22°01'47.89""",60,59.8449,0.1551
2025-10-18 08:30:00,Aspect,Opposition,Moon,Leo,"22°11'06.35""",Rahu,Aquarius,"21°55'11.98""",180,179.7349,0.2651
2025-10-18 08:30:00,Aspect,Conjunction,Moon,Leo,"22°11'06.35""",Ketu,Leo,"21°55'11.98""",0,0.2651,0.2651
2025-10-18 08:45:00,Aspect,Sextile,Moon,Leo,"22°18'51.26""",Mercury,Libra,"22°02'38.23""",60,59.7297,0.2703
2025-10-18 08:45:00,Aspect,Opposition,Moon,Leo,"22°18'51.26""",Rahu,Aquarius,"21°55'09.99""",180,179.6052,0.3948
2025-10-18 08:45:00,Aspect,Conjunction,Moon,Leo,"22°18'51.26""",Ketu,Leo,"21°55'09.99""",0,0.3948,0.3948
2025-10-18 09:00:00,Aspect,Sextile,Moon,Leo,"22°26'36.09""",Mercury,Libra,"22°03'28.56""",60,59.6146,0.3854
2025-10-18 09:00:00,Aspect,Sextile,Moon,Leo,"22°26'36.09""",Mars,Libra,"23°25'39.76""",60,60.9844,0.9844
2025-10-18 09:00:00,Aspect,Opposition,Moon,Leo,"22°26'36.09""",Rahu,Aquarius,"21°55'08.00""",180,179.4755,0.5245
2025-10-18 09:00:00,Aspect,Conjunction,Moon,Leo,"22°26'36.09""",Ketu,Leo,"21°55'08.00""",0,0.5245,0.5245
2025-10-18 09:15:00,Aspect,Sextile,Moon,Leo,"22°34'20.85""",Mercury,Libra,"22°04'18.89""",60,59.4995,0.5005
2025-10-18 09:15:00,Aspect,Sextile,Moon,Leo,"22°34'20.85""",Mars,Libra,"23°26'05.96""",60,60.8625,0.8625
2025-10-18 09:15:00,Aspect,Opposition,Moon,Leo,"22°34'20.85""",Rahu,Aquarius,"21°55'06.02""",180,179.3459,0.6541
2025-10-18 09:15:00,Aspect,Conjunction,Moon,Leo,"22°34'20.85""",Ketu,Leo,"21°55'06.02""",0,0.6541,0.6541
2025-10-18 09:30:00,Aspect,Sextile,Moon,Leo,"22°42'05.53""",Mercury,Libra,"22°05'09.20""",60,59.3844,0.6156
2025-10-18 09:30:00,Aspect,Sextile,Moon,Leo,"22°42'05.53""",Mars,Libra,"23°26'32.16""",60,60.7407,0.7407
2025-10-18 09:30:00,Aspect,Opposition,Moon,Leo,"22°42'05.53""",Rahu,Aquarius,"21°55'04.03""",180,179.2162,0.7838
2025-10-18 09:30:00,Aspect,Conjunction,Moon,Leo,"22°42'05.53""",Ketu,Leo,"21°55'04.03""",0,0.7838,0.7838
2025-10-18 09:45:00,Aspect,Sextile,Moon,Leo,"22°49'50.14""",Mercury,Libra,"22°05'59.52""",60,59.2693,0.7307
2025-10-18 09:45:00,Aspect,Sextile,Moon,Leo,"22°49'50.14""",Mars,Libra,"23°26'58.36""",60,60.6189,0.6189
2025-10-18 09:45:00,Aspect,Opposition,Moon,Leo,"22°49'50.14""",Rahu,Aquarius,"21°55'02.04""",180,179.0866,0.9134
2025-10-18 09:45:00,Aspect,Conjunction,Moon,Leo,"22°49'50.14""",Ketu,Leo,"21°55'02.04""",0,0.9134,0.9134
2025-10-18 10:00:00,Aspect,Sextile,Moon,Leo,"22°57'34.68""",Mercury,Libra,"22°06'49.82""",60,59.1542,0.8458
2025-10-18 10:00:00,Aspect,Sextile,Moon,Leo,"22°57'34.68""",Mars,Libra,"23°27'24.56""",60,60.4972,0.4972
2025-10-18 10:15:00,Aspect,Sextile,Moon,Leo,"23°05'19.15""",Mercury,Libra,"22°07'40.12""",60,59.0392,0.9608
2025-10-18 10:15:00,Aspect,Sextile,Moon,Leo,"23°05'19.15""",Mars,Libra,"23°27'50.76""",60,60.3754,0.3754
2025-10-18 10:30:00,Aspect,Sextile,Moon,Leo,"23°13'03.54""",Mars,Libra,"23°28'16.96""",60,60.2537,0.2537
2025-10-18 10:45:00,Aspect,Sextile,Moon,Leo,"23°20'47.86""",Mars,Libra,"23°28'43.16""",60,60.132,0.132
2025-10-18 11:00:00,Aspect,Sextile,Moon,Leo,"23°28'32.11""",Mars,Libra,"23°29'09.37""",60,60.0103,0.0103
2025-10-18 11:15:00,Aspect,Sextile,Moon,Leo,"23°36'16.28""",Mars,Libra,"23°29'35.57""",60,59.8887,0.1113
2025-10-18 11:30:00,Aspect,Sextile,Moon,Leo,"23°44'00.38""",Mars,Libra,"23°30'01.77""",60,59.7671,0.2329
2025-10-18 11:45:00,Aspect,Sextile,Moon,Leo,"23°51'44.41""",Mars,Libra,"23°30'27.97""",60,59.6454,0.3546
2025-10-18 12:00:00,Aspect,Sextile,Moon,Leo,"23°59'28.37""",Mars,Libra,"23°30'54.18""",60,59.5238,0.4762
2025-10-18 12:15:00,Aspect,Sextile,Moon,Leo,"24°07'12.26""",Mars,Libra,"23°31'20.38""",60,59.4023,0.5977
2025-10-18 12:30:00,Aspect,Sextile,Moon,Leo,"24°14'56.08""",Mars,Libra,"23°31'46.59""",60,59.2807,0.7193
2025-10-18 12:45:00,Aspect,Sextile,Moon,Leo,"24°22'39.82""",Mars,Libra,"23°32'12.79""",60,59.1592,0.8408
2025-10-18 13:00:00,Aspect,Sextile,Moon,Leo,"24°30'23.50""",Mars,Libra,"23°32'39.00""",60,59.0376,0.9624
2025-10-18 21:45:00,Aspect,Sextile,Moon,Leo,"29°00'08.65""",Jupiter,Cancer,"0°00'05.14""",60,59.001,0.999
2025-10-18 22:00:00,Aspect,Sextile,Moon,Leo,"29°07'49.88""",Jupiter,Cancer,"0°00'07.98""",60,59.1283,0.8717
2025-10-18 22:15:00,Aspect,Sextile,Moon,Leo,"29°15'31.05""",Jupiter,Cancer,"0°00'10.82""",60,59.2556,0.7444
2025-10-18 22:30:00,Aspect,Sextile,Moon,Leo,"29°23'12.14""",Jupiter,Cancer,"0°00'13.66""",60,59.3829,0.6171
2025-10-18 22:45:00,Aspect,Sextile,Moon,Leo,"29°30'53.18""",Jupiter,Cancer,"0°00'16.50""",60,59.5102,0.4898
2025-10-18 23:00:00,Aspect,Sextile,Moon,Leo,"29°38'34.15""",Jupiter,Cancer,"0°00'19.33""",60,59.6374,0.3626
2025-10-18 23:15:00,Aspect,Sextile,Moon,Leo,"29°46'15.05""",Jupiter,Cancer,"0°00'22.17""",60,59.7647,0.2353
2025-10-18 23:30:00,Aspect,Sextile,Moon,Leo,"29°53'55.89""",Jupiter,Cancer,"0°00'25.00""",60,59.8919,0.1081
2025-10-18 23:45:00,Aspect,Sextile,Moon,Virgo,"0°01'36.67""",Jupiter,Cancer,"0°00'27.84""",60,60.0191,0.0191
2025-10-19 00:00:00,Aspect,Sextile,Moon,Virgo,"0°09'17.38""",Jupiter,Cancer,"0°00'30.67""",60,60.1463,0.1463
2025-10-19 00:15:00,Aspect,Sextile,Moon,Virgo,"0°16'58.03""",Jupiter,Cancer,"0°00'33.50""",60,60.2735,0.2735
2025-10-19 00:30:00,Aspect,Sextile,Moon,Virgo,"0°24'38.62""",Jupiter,Cancer,"0°00'36.33""",60,60.4006,0.4006
2025-10-19 00:45:00,Aspect,Sextile,Moon,Virgo,"0°32'19.14""",Jupiter,Cancer,"0°00'39.16""",60,60.5278,0.5278
2025-10-19 01:00:00,Aspect,Sextile,Moon,Virgo,"0°39'59.60""",Jupiter,Cancer,"0°00'41.99""",60,60.6549,0.6549
2025-10-19 01:15:00,Aspect,Sextile,Moon,Virgo,"0°47'40.00""",Jupiter,Cancer,"0°00'44.81""",60,60.782,0.782
2025-10-19 01:30:00,Aspect,Sextile,Moon,Virgo,"0°55'20.33""",Jupiter,Cancer,"0°00'47.64""",60,60.9091,0.9091
2025-10-19 02:15:00,Aspect,Opposition,Moon,Virgo,"1°18'20.96""",Saturn,Pisces,"2°17'39.90""",180,179.0114,0.9886
2025-10-19 02:30:00,Aspect,Opposition,Moon,Virgo,"1°26'01.04""",Saturn,Pisces,"2°17'37.57""",180,179.1399,0.8601
2025-10-19 02:45:00,Aspect,Opposition,Moon,Virgo,"1°33'41.06""",Saturn,Pisces,"2°17'35.23""",180,179.2683,0.7317
2025-10-19 03:00:00,Aspect,Opposition,Moon,Virgo,"1°41'21.02""",Saturn,Pisces,"2°17'32.89""",180,179.3967,0.6033
2025-10-19 03:15:00,Aspect,Opposition,Moon,Virgo,"1°49'00.92""",Saturn,Pisces,"2°17'30.55""",180,179.5251,0.4749
2025-10-19 03:30:00,Aspect,Opposition,Moon,Virgo,"1°56'40.75""",Saturn,Pisces,"2°17'28.22""",180,179.6535,0.3465
2025-10-19 03:45:00,Aspect,Opposition,Moon,Virgo,"2°04'20.53""",Saturn,Pisces,"2°17'25.88""",180,179.7818,0.2182
2025-10-19 04:00:00,Aspect,Opposition,Moon,Virgo,"2°12'00.24""",Saturn,Pisces,"2°17'23.55""",180,179.9102,0.0898
2025-10-19 04:15:00,Aspect,Opposition,Moon,Virgo,"2°19'39.89""",Saturn,Pisces,"2°17'21.21""",180,179.9615,0.0385
2025-10-19 04:30:00,Aspect,Opposition,Moon,Virgo,"2°27'19.48""",Saturn,Pisces,"2°17'18.88""",180,179.8332,0.1668
2025-10-19 04:45:00,Aspect,Opposition,Moon,Virgo,"2°34'59.01""",Saturn,Pisces,"2°17'16.54""",180,179.7049,0.2951
2025-10-19 05:00:00,Aspect,Opposition,Moon,Virgo,"2°42'38.48""",Saturn,Pisces,"2°17'14.21""",180,179.5766,0.4234
2025-10-19 05:15:00,Aspect,Opposition,Moon,Virgo,"2°50'17.89""",Saturn,Pisces,"2°17'11.87""",180,179.4483,0.5517
2025-10-19 05:30:00,Aspect,Opposition,Moon,Virgo,"2°57'57.24""",Saturn,Pisces,"2°17'09.54""",180,179.3201,0.6799
2025-10-19 05:45:00,Aspect,Opposition,Moon,Virgo,"3°05'36.52""",Saturn,Pisces,"2°17'07.21""",180,179.1919,0.8081
2025-10-19 06:00:00,Aspect,Opposition,Moon,Virgo,"3°13'15.75""",Saturn,Pisces,"2°17'04.88""",180,179.0636,0.9364
2025-10-19 23:15:00,Aspect,Conjunction,Moon,Virgo,"11°59'05.39""",Venus,Virgo,"12°58'30.98""",0,0.9904,0.9904
2025-10-19 23:30:00,Aspect,Conjunction,Moon,Virgo,"12°06'40.76""",Venus,Virgo,"12°59'17.65""",0,0.8769,0.8769
2025-10-19 23:45:00,Aspect,Conjunction,Moon,Virgo,"12°14'16.08""",Venus,Virgo,"13°00'04.31""",0,0.7634,0.7634
2025-10-20 00:00:00,Aspect,Conjunction,Moon,Virgo,"12°21'51.34""",Venus,Virgo,"13°00'50.97""",0,0.6499,0.6499
2025-10-20 00:15:00,Aspect,Conjunction,Moon,Virgo,"12°29'26.56""",Venus,Virgo,"13°01'37.64""",0,0.5364,0.5364
2025-10-20 00:30:00,Aspect,Conjunction,Moon,Virgo,"12°37'01.73""",Venus,Virgo,"13°02'24.30""",0,0.4229,0.4229
2025-10-20 00:45:00,Aspect,Conjunction,Moon,Virgo,"12°44'36.85""",Venus,Virgo,"13°03'10.96""",0,0.3095,0.3095
2025-10-20 01:00:00,Aspect,Conjunction,Moon,Virgo,"12°52'11.92""",Venus,Virgo,"13°03'57.63""",0,0.196,0.196
2025-10-20 01:15:00,Aspect,Conjunction,Moon,Virgo,"12°59'46.94""",Venus,Virgo,"13°04'44.29""",0,0.0826,0.0826
2025-10-20 01:30:00,Aspect,Conjunction,Moon,Virgo,"13°07'21.92""",Venus,Virgo,"13°05'30.96""",0,0.0308,0.0308
2025-10-20 01:45:00,Aspect,Conjunction,Moon,Virgo,"13°14'56.84""",Venus,Virgo,"13°06'17.62""",0,0.1442,0.1442
2025-10-20 02:00:00,Aspect,Conjunction,Moon,Virgo,"13°22'31.71""",Venus,Virgo,"13°07'04.29""",0,0.2576,0.2576
2025-10-20 02:15:00,Aspect,Conjunction,Moon,Virgo,"13°30'06.54""",Venus,Virgo,"13°07'50.95""",0,0.371,0.371
2025-10-20 02:30:00,Aspect,Conjunction,Moon,Virgo,"13°37'41.31""",Venus,Virgo,"13°08'37.62""",0,0.4844,0.4844
2025-10-20 02:45:00,Aspect,Conjunction,Moon,Virgo,"13°45'16.04""",Venus,Virgo,"13°09'24.28""",0,0.5977,0.5977
2025-10-20 03:00:00,Aspect,Conjunction,Moon,Virgo,"13°52'50.71""",Venus,Virgo,"13°10'10.95""",0,0.711,0.711
2025-10-20 03:15:00,Aspect,Conjunction,Moon,Virgo,"14°00'25.34""",Venus,Virgo,"13°10'57.61""",0,0.8244,0.8244
2025-10-20 03:30:00,Aspect,Conjunction,Moon,Virgo,"14°07'59.92""",Venus,Virgo,"13°11'44.28""",0,0.9377,0.9377
2025-10-21 09:30:00,Aspect,Square,Moon,Virgo,"29°11'53.68""",Jupiter,Cancer,"0°10'51.67""",90,89.0172,0.9828
2025-10-21 09:45:00,Aspect,Square,Moon,Virgo,"29°19'23.28""",Jupiter,Cancer,"0°10'54.23""",90,89.1414,0.8586
2025-10-21 10:00:00,Aspect,Square,Moon,Virgo,"29°26'52.84""",Jupiter,Cancer,"0°10'56.80""",90,89.2656,0.7344
2025-10-21 10:15:00,Aspect,Square,Moon,Virgo,"29°34'22.36""",Jupiter,Cancer,"0°10'59.36""",90,89.3897,0.6103
2025-10-21 10:30:00,Aspect,Square,Moon,Virgo,"29°41'51.85""",Jupiter,Cancer,"0°11'01.93""",90,89.5139,0.4861
2025-10-21 10:45:00,Aspect,Square,Moon,Virgo,"29°49'21.31""",Jupiter,Cancer,"0°11'04.49""",90,89.638,0.362
2025-10-21 11:00:00,Aspect,Square,Moon,Virgo,"29°56'50.74""",Jupiter,Cancer,"0°11'07.05""",90,89.7621,0.2379
2025-10-21 11:15:00,Aspect,Square,Moon,Libra,"0°04'20.12""",Jupiter,Cancer,"0°11'09.61""",90,89.8863,0.1137
2025-10-21 11:30:00,Aspect,Square,Moon,Libra,"0°11'49.48""",Jupiter,Cancer,"0°11'12.17""",90,90.0104,0.0104
2025-10-21 11:45:00,Aspect,Square,Moon,Libra,"0°19'18.80""",Jupiter,Cancer,"0°11'14.73""",90,90.1345,0.1345
2025-10-21 12:00:00,Aspect,Square,Moon,Libra,"0°26'48.09""",Jupiter,Cancer,"0°11'17.28""",90,90.2586,0.2586
2025-10-21 12:15:00,Aspect,Square,Moon,Libra,"0°34'17.34""",Jupiter,Cancer,"0°11'19.84""",90,90.3826,0.3826
2025-10-21 12:30:00,Aspect,Square,Moon,Libra,"0°41'46.57""",Jupiter,Cancer,"0°11'22.39""",90,90.5067,0.5067
2025-10-21 12:45:00,Aspect,Square,Moon,Libra,"0°49'15.75""",Jupiter,Cancer,"0°11'24.95""",90,90.6308,0.6308
2025-10-21 13:00:00,Aspect,Square,Moon,Libra,"0°56'44.91""",Jupiter,Cancer,"0°11'27.50""",90,90.7548,0.7548
2025-10-21 13:15:00,Aspect,Square,Moon,Libra,"1°04'14.03""",Jupiter,Cancer,"0°11'30.05""",90,90.8789,0.8789
2025-10-21 17:15:00,Aspect,Conjunction,Sun,Libra,"4°03'23.47""",Moon,Libra,"3°03'55.56""",0,0.9911,0.9911
2025-10-21 17:30:00,Aspect,Conjunction,Sun,Libra,"4°04'00.77""",Moon,Libra,"3°11'24.13""",0,0.8768,0.8768
2025-10-21 17:45:00,Aspect,Conjunction,Sun,Libra,"4°04'38.08""",Moon,Libra,"3°18'52.67""",0,0.7626,0.7626
2025-10-21 18:00:00,Aspect,Conjunction,Sun,Libra,"4°05'15.39""",Moon,Libra,"3°26'21.19""",0,0.6484,0.6484
2025-10-21 18:15:00,Aspect,Conjunction,Sun,Libra,"4°05'52.69""",Moon,Libra,"3°33'49.67""",0,0.5342,0.5342
2025-10-21 18:30:00,Aspect,Conjunction,Sun,Libra,"4°06'30.00""",Moon,Libra,"3°41'18.12""",0,0.42,0.42
2025-10-21 18:45:00,Aspect,Conjunction,Sun,Libra,"4°07'07.31""",Moon,Libra,"3°48'46.54""",0,0.3058,0.3058
2025-10-21 19:00:00,Aspect,Conjunction,Sun,Libra,"4°07'44.61""",Moon,Libra,"3°56'14.93""",0,0.1916,0.1916
2025-10-21 19:15:00,Aspect,Conjunction,Sun,Libra,"4°08'21.92""",Moon,Libra,"4°03'43.28""",0,0.0774,0.0774
2025-10-21 19:30:00,Aspect,Conjunction,Sun,Libra,"4°08'59.23""",Moon,Libra,"4°11'11.61""",0,0.0368,0.0368
2025-10-21 19:45:00,Aspect,Conjunction,Sun,Libra,"4°09'36.54""",Moon,Libra,"4°18'39.91""",0,0.1509,0.1509
2025-10-21 20:00:00,Aspect,Conjunction,Sun,Libra,"4°10'13.85""",Moon,Libra,"4°26'08.17""",0,0.2651,0.2651
2025-10-21 20:15:00,Aspect,Conjunction,Sun,Libra,"4°10'51.15""",Moon,Libra,"4°33'36.41""",0,0.3792,0.3792
2025-10-21 20:30:00,Aspect,Conjunction,Sun,Libra,"4°11'28.46""",Moon,Libra,"4°41'04.62""",0,0.4934,0.4934
2025-10-21 20:45:00,Aspect,Conjunction,Sun,Libra,"4°12'05.77""",Moon,Libra,"4°48'32.79""",0,0.6075,0.6075
2025-10-21 21:00:00,Aspect,Conjunction,Sun,Libra,"4°12'43.08""",Moon,Libra,"4°56'00.94""",0,0.7216,0.7216
2025-10-21 21:15:00,Aspect,Conjunction,Sun,Libra,"4°13'20.39""",Moon,Libra,"5°03'29.06""",0,0.8357,0.8357
2025-10-21 21:30:00,Aspect,Conjunction,Sun,Libra,"4°13'57.70""",Moon,Libra,"5°10'57.15""",0,0.9498,0.9498
2025-10-23 04:45:00,Aspect,Trine,Moon,Libra,"20°41'08.91""",Rahu,Aquarius,"21°39'47.93""",120,120.9775,0.9775
2025-10-23 04:45:00,Aspect,Sextile,Moon,Libra,"20°41'08.91""",Ketu,Leo,"21°39'47.93""",60,59.0225,0.9775
2025-10-23 05:00:00,Aspect,Trine,Moon,Libra,"20°48'34.10""",Rahu,Aquarius,"21°39'45.94""",120,120.8533,0.8533
2025-10-23 05:00:00,Aspect,Sextile,Moon,Libra,"20°48'34.10""",Ketu,Leo,"21°39'45.94""",60,59.1467,0.8533
2025-10-23 05:15:00,Aspect,Trine,Moon,Libra,"20°55'59.27""",Rahu,Aquarius,"21°39'43.96""",120,120.7291,0.7291
2025-10-23 05:15:00,Aspect,Sextile,Moon,Libra,"20°55'59.27""",Ketu,Leo,"21°39'43.96""",60,59.2709,0.7291
2025-10-23 05:30:00,Aspect,Trine,Moon,Libra,"21°03'24.42""",Rahu,Aquarius,"21°39'41.97""",120,120.6049,0.6049
2025-10-23 05:30:00,Aspect,Sextile,Moon,Libra,"21°03'24.42""",Ketu,Leo,"21°39'41.97""",60,59.3951,0.6049
2025-10-23 05:45:00,Aspect,Trine,Moon,Libra,"21°10'49.55""",Rahu,Aquarius,"21°39'39.98""",120,120.4807,0.4807
2025-10-23 05:45:00,Aspect,Sextile,Moon,Libra,"21°10'49.55""",Ketu,Leo,"21°39'39.98""",60,59.5193,0.4807
2025-10-23 06:00:00,Aspect,Trine,Moon,Libra,"21°18'14.68""",Rahu,Aquarius,"21°39'37.99""",120,120.3565,0.3565
2025-10-23 06:00:00,Aspect,Sextile,Moon,Libra,"21°18'14.68""",Ketu,Leo,"21°39'37.99""",60,59.6435,0.3565
2025-10-23 06:15:00,Aspect,Trine,Moon,Libra,"21°25'39.78""",Rahu,Aquarius,"21°39'36.01""",120,120.2323,0.2323
2025-10-23 06:15:00,Aspect,Sextile,Moon,Libra,"21°25'39.78""",Ketu,Leo,"21°39'36.01""",60,59.7677,0.2323
2025-10-23 06:30:00,Aspect,Trine,Moon,Libra,"21°33'04.87""",Rahu,Aquarius,"21°39'34.02""",120,120.1081,0.1081
2025-10-23 06:30:00,Aspect,Sextile,Moon,Libra,"21°33'04.87""",Ketu,Leo,"21°39'34.02""",60,59.8919,0.1081
2025-10-23 06:45:00,Aspect,Trine,Moon,Libra,"21°40'29.94""",Rahu,Aquarius,"21°39'32.03""",120,119.9839,0.0161
2025-10-23 06:45:00,Aspect,Sextile,Moon,Libra,"21°40'29.94""",Ketu,Leo,"21°39'32.03""",60,60.0161,0.0161
2025-10-23 07:00:00,Aspect,Trine,Moon,Libra,"21°47'55.00""",Rahu,Aquarius,"21°39'30.05""",120,119.8597,0.1403
2025-10-23 07:00:00,Aspect,Sextile,Moon,Libra,"21°47'55.00""",Ketu,Leo,"21°39'30.05""",60,60.1403,0.1403
2025-10-23 07:15:00,Aspect,Trine,Moon,Libra,"21°55'20.05""",Rahu,Aquarius,"21°39'28.06""",120,119.7356,0.2644
2025-10-23 07:15:00,Aspect,Sextile,Moon,Libra,"21°55'20.05""",Ketu,Leo,"21°39'28.06""",60,60.2644,0.2644
2025-10-23 07:30:00,Aspect,Trine,Moon,Libra,"22°02'45.07""",Rahu,Aquarius,"21°39'26.07""",120,119.6114,0.3886
2025-10-23 07:30:00,Aspect,Sextile,Moon,Libra,"22°02'45.07""",Ketu,Leo,"21°39'26.07""",60,60.3886,0.3886
2025-10-23 07:45:00,Aspect,Trine,Moon,Libra,"22°10'10.09""",Rahu,Aquarius,"21°39'24.08""",120,119.4872,0.5128
2025-10-23 07:45:00,Aspect,Sextile,Moon,Libra,"22°10'10.09""",Ketu,Leo,"21°39'24.08""",60,60.5128,0.5128
2025-10-23 08:00:00,Aspect,Trine,Moon,Libra,"22°17'35.09""",Rahu,Aquarius,"21°39'22.10""",120,119.3631,0.6369
2025-10-23 08:00:00,Aspect,Sextile,Moon,Libra,"22°17'35.09""",Ketu,Leo,"21°39'22.10""",60,60.6369,0.6369
2025-10-23 08:15:00,Aspect,Trine,Moon,Libra,"22°25'00.07""",Rahu,Aquarius,"21°39'20.11""",120,119.2389,0.7611
2025-10-23 08:15:00,Aspect,Sextile,Moon,Libra,"22°25'00.07""",Ketu,Leo,"21°39'20.11""",60,60.7611,0.7611
2025-10-23 08:30:00,Aspect,Trine,Moon,Libra,"22°32'25.04""",Rahu,Aquarius,"21°39'18.12""",120,119.1147,0.8853
2025-10-23 08:30:00,Aspect,Sextile,Moon,Libra,"22°32'25.04""",Ketu,Leo,"21°39'18.12""",60,60.8853,0.8853
2025-10-23 16:00:00,Aspect,Conjunction,Moon,Libra,"26°14'47.90""",Mars,Libra,"27°08'21.74""",0,0.8927,0.8927
2025-10-23 16:15:00,Aspect,Conjunction,Moon,Libra,"26°22'12.47""",Mars,Libra,"27°08'48.15""",0,0.7766,0.7766
2025-10-23 16:30:00,Aspect,Conjunction,Moon,Libra,"26°29'37.03""",Mars,Libra,"27°09'14.55""",0,0.6604,0.6604
2025-10-23 16:45:00,Aspect,Conjunction,Moon,Libra,"26°37'01.59""",Mars,Libra,"27°09'40.96""",0,0.5443,0.5443
2025-10-23 17:00:00,Aspect,Conjunction,Moon,Libra,"26°44'26.13""",Mars,Libra,"27°10'07.37""",0,0.4281,0.4281
2025-10-23 17:15:00,Aspect,Conjunction,Moon,Libra,"26°51'50.66""",Mars,Libra,"27°10'33.78""",0,0.312,0.312
2025-10-23 17:30:00,Aspect,Conjunction,Moon,Libra,"26°59'15.19""",Mars,Libra,"27°11'00.19""",0,0.1958,0.1958
2025-10-23 17:45:00,Aspect,Conjunction,Moon,Libra,"27°06'39.70""",Mars,Libra,"27°11'26.59""",0,0.0797,0.0797
2025-10-23 18:00:00,Aspect,Conjunction,Moon,Libra,"27°14'04.20""",Mars,Libra,"27°11'53.00""",0,0.0364,0.0364
2025-10-23 18:15:00,Aspect,Conjunction,Moon,Libra,"27°21'28.69""",Mars,Libra,"27°12'19.41""",0,0.1526,0.1526
2025-10-23 18:30:00,Aspect,Conjunction,Moon,Libra,"27°28'53.17""",Mars,Libra,"27°12'45.82""",0,0.2687,0.2687
2025-10-23 18:45:00,Aspect,Conjunction,Moon,Libra,"27°36'17.65""",Mars,Libra,"27°13'12.23""",0,0.3848,0.3848
2025-10-23 19:00:00,Aspect,Conjunction,Moon,Libra,"27°43'42.11""",Mars,Libra,"27°13'38.64""",0,0.501,0.501
2025-10-23 19:15:00,Aspect,Conjunction,Moon,Libra,"27°51'06.56""",Mars,Libra,"27°14'05.06""",0,0.6171,0.6171
2025-10-23 19:30:00,Aspect,Conjunction,Moon,Libra,"27°58'31.01""",Mars,Libra,"27°14'31.47""",0,0.7332,0.7332
2025-10-23 19:45:00,Aspect,Conjunction,Moon,Libra,"28°05'55.44""",Mercury,Libra,"29°04'22.49""",0,0.9742,0.9742
2025-10-23 19:45:00,Aspect,Conjunction,Moon,Libra,"28°05'55.44""",Mars,Libra,"27°14'57.88""",0,0.8493,0.8493
2025-10-23 20:00:00,Aspect,Conjunction,Moon,Libra,"28°13'19.87""",Mercury,Libra,"29°05'08.44""",0,0.8635,0.8635
2025-10-23 20:00:00,Aspect,Conjunction,Moon,Libra,"28°13'19.87""",Mars,Libra,"27°15'24.29""",0,0.9654,0.9654
2025-10-23 20:15:00,Aspect,Conjunction,Moon,Libra,"28°20'44.29""",Mercury,Libra,"29°05'54.38""",0,0.7528,0.7528
2025-10-23 20:30:00,Aspect,Conjunction,Moon,Libra,"28°28'08.69""",Mercury,Libra,"29°06'40.31""",0,0.6421,0.6421
2025-10-23 20:45:00,Aspect,Conjunction,Moon,Libra,"28°35'33.09""",Mercury,Libra,"29°07'26.23""",0,0.5314,0.5314
2025-10-23 21:00:00,Aspect,Conjunction,Moon,Libra,"28°42'57.49""",Mercury,Libra,"29°08'12.14""",0,0.4207,0.4207
2025-10-23 21:15:00,Aspect,Conjunction,Moon,Libra,"28°50'21.87""",Mercury,Libra,"29°08'58.04""",0,0.31,0.31
2025-10-23 21:30:00,Aspect,Conjunction,Moon,Libra,"28°57'46.24""",Mercury,Libra,"29°09'43.93""",0,0.1994,0.1994
2025-10-23 21:45:00,Aspect,Conjunction,Moon,Libra,"29°05'10.61""",Mercury,Libra,"29°10'29.81""",0,0.0887,0.0887
2025-10-23 22:00:00,Aspect,Conjunction,Moon,Libra,"29°12'34.97""",Mercury,Libra,"29°11'15.68""",0,0.022,0.022
2025-10-23 22:15:00,Aspect,Conjunction,Moon,Libra,"29°19'59.32""",Mercury,Libra,"29°12'01.54""",0,0.1327,0.1327
2025-10-23 22:30:00,Aspect,Conjunction,Moon,Libra,"29°27'23.67""",Mercury,Libra,"29°12'47.39""",0,0.2434,0.2434
2025-10-23 22:30:00,Aspect,Trine,Moon,Libra,"29°27'23.67""",Jupiter,Cancer,"0°20'43.38""",120,119.1112,0.8888
2025-10-23 22:45:00,Aspect,Conjunction,Moon,Libra,"29°34'48.00""",Mercury,Libra,"29°13'33.23""",0,0.3541,0.3541
2025-10-23 22:45:00,Aspect,Trine,Moon,Libra,"29°34'48.00""",Jupiter,Cancer,"0°20'45.67""",120,119.234,0.766
2025-10-23 23:00:00,Aspect,Conjunction,Moon,Libra,"29°42'12.33""",Mercury,Libra,"29°14'19.06""",0,0.4648,0.4648
2025-10-23 23:00:00,Aspect,Trine,Moon,Libra,"29°42'12.33""",Jupiter,Cancer,"0°20'47.95""",120,119.3568,0.6432
2025-10-23 23:15:00,Aspect,Conjunction,Moon,Libra,"29°49'36.65""",Mercury,Libra,"29°15'04.88""",0,0.5755,0.5755
2025-10-23 23:15:00,Aspect,Trine,Moon,Libra,"29°49'36.65""",Jupiter,Cancer,"0°20'50.22""",120,119.4796,0.5204
2025-10-23 23:30:00,Aspect,Conjunction,Moon,Libra,"29°57'00.96""",Mercury,Libra,"29°15'50.68""",0,0.6862,0.6862
2025-10-23 23:30:00,Aspect,Trine,Moon,Libra,"29°57'00.96""",Jupiter,Cancer,"0°20'52.50""",120,119.6024,0.3976
2025-10-23 23:45:00,Aspect,Conjunction,Moon,Scorpio,"0°04'25.27""",Mercury,Libra,"29°16'36.48""",0,0.7969,0.7969
2025-10-23 23:45:00,Aspect,Trine,Moon,Scorpio,"0°04'25.27""",Jupiter,Cancer,"0°20'54.78""",120,119.7251,0.2749
2025-10-24 00:00:00,Aspect,Conjunction,Moon,Scorpio,"0°11'49.57""",Mercury,Libra,"29°17'22.27""",0,0.9076,0.9076
2025-10-24 00:00:00,Aspect,Trine,Moon,Scorpio,"0°11'49.57""",Jupiter,Cancer,"0°20'57.05""",120,119.8479,0.1521
2025-10-24 00:15:00,Aspect,Trine,Moon,Scorpio,"0°19'13.86""",Jupiter,Cancer,"0°20'59.33""",120,119.9707,0.0293
2025-10-24 00:30:00,Aspect,Trine,Moon,Scorpio,"0°26'38.15""",Jupiter,Cancer,"0°21'01.60""",120,120.0935,0.0935
2025-10-24 00:45:00,Aspect,Trine,Moon,Scorpio,"0°34'02.43""",Jupiter,Cancer,"0°21'03.87""",120,120.2163,0.2163
2025-10-24 01:00:00,Aspect,Trine,Moon,Scorpio,"0°41'26.70""",Jupiter,Cancer,"0°21'06.14""",120,120.339,0.339
2025-10-24 01:15:00,Aspect,Trine,Moon,Scorpio,"0°48'50.97""",Jupiter,Cancer,"0°21'08.41""",120,120.4618,0.4618
2025-10-24 01:30:00,Aspect,Trine,Moon,Scorpio,"0°56'15.23""",Jupiter,Cancer,"0°21'10.68""",120,120.5846,0.5846
2025-10-24 01:45:00,Aspect,Trine,Moon,Scorpio,"1°03'39.49""",Jupiter,Cancer,"0°21'12.95""",120,120.7074,0.7074
2025-10-24 01:45:00,Aspect,Trine,Moon,Scorpio,"1°03'39.49""",Saturn,Pisces,"1°59'52.71""",120,120.937,0.937
2025-10-24 02:00:00,Aspect,Trine,Moon,Scorpio,"1°11'03.74""",Jupiter,Cancer,"0°21'15.21""",120,120.8301,0.8301
2025-10-24 02:00:00,Aspect,Trine,Moon,Scorpio,"1°11'03.74""",Saturn,Pisces,"1°59'50.59""",120,120.813,0.813
2025-10-24 02:15:00,Aspect,Trine,Moon,Scorpio,"1°18'27.98""",Jupiter,Cancer,"0°21'17.48""",120,120.9529,0.9529
2025-10-24 02:15:00,Aspect,Trine,Moon,Scorpio,"1°18'27.98""",Saturn,Pisces,"1°59'48.47""",120,120.689,0.689
2025-10-24 02:30:00,Aspect,Trine,Moon,Scorpio,"1°25'52.22""",Saturn,Pisces,"1°59'46.35""",120,120.565,0.565
2025-10-24 02:45:00,Aspect,Trine,Moon,Scorpio,"1°33'16.45""",Saturn,Pisces,"1°59'44.23""",120,120.441,0.441
2025-10-24 03:00:00,Aspect,Trine,Moon,Scorpio,"1°40'40.68""",Saturn,Pisces,"1°59'42.11""",120,120.3171,0.3171
2025-10-24 03:15:00,Aspect,Trine,Moon,Scorpio,"1°48'04.90""",Saturn,Pisces,"1°59'39.99""",120,120.1931,0.1931
2025-10-24 03:30:00,Aspect,Trine,Moon,Scorpio,"1°55'29.12""",Saturn,Pisces,"1°59'37.87""",120,120.0691,0.0691
2025-10-24 03:45:00,Aspect,Trine,Moon,Scorpio,"2°02'53.33""",Saturn,Pisces,"1°59'35.76""",120,119.9451,0.0549
2025-10-24 04:00:00,Aspect,Trine,Moon,Scorpio,"2°10'17.54""",Saturn,Pisces,"1°59'33.64""",120,119.8211,0.1789
2025-10-24 04:15:00,Aspect,Trine,Moon,Scorpio,"2°17'41.74""",Saturn,Pisces,"1°59'31.52""",120,119.6972,0.3028
2025-10-24 04:30:00,Aspect,Trine,Moon,Scorpio,"2°25'05.94""",Saturn,Pisces,"1°59'29.40""",120,119.5732,0.4268
2025-10-24 04:45:00,Aspect,Trine,Moon,Scorpio,"2°32'30.13""",Saturn,Pisces,"1°59'27.29""",120,119.4492,0.5508
2025-10-24 05:00:00,Aspect,Trine,Moon,Scorpio,"2°39'54.32""",Saturn,Pisces,"1°59'25.17""",120,119.3252,0.6748
2025-10-24 05:15:00,Aspect,Trine,Moon,Scorpio,"2°47'18.51""",Saturn,Pisces,"1°59'23.06""",120,119.2013,0.7987
2025-10-24 05:30:00,Aspect,Trine,Moon,Scorpio,"2°54'42.69""",Saturn,Pisces,"1°59'20.94""",120,119.0773,0.9227
2025-10-25 14:15:00,Aspect,Sextile,Moon,Scorpio,"19°04'54.35""",Venus,Virgo,"19°58'58.47""",60,59.0989,0.9011
2025-10-25 14:30:00,Aspect,Sextile,Moon,Scorpio,"19°12'19.38""",Venus,Virgo,"19°59'45.24""",60,59.2095,0.7905
2025-10-25 14:45:00,Aspect,Sextile,Moon,Scorpio,"19°19'44.42""",Venus,Virgo,"20°00'32.00""",60,59.3201,0.6799
2025-10-25 15:00:00,Aspect,Sextile,Moon,Scorpio,"19°27'09.48""",Venus,Virgo,"20°01'18.77""",60,59.4308,0.5692
2025-10-25 15:15:00,Aspect,Sextile,Moon,Scorpio,"19°34'34.55""",Venus,Virgo,"20°02'05.54""",60,59.5414,0.4586
2025-10-25 15:30:00,Aspect,Sextile,Moon,Scorpio,"19°41'59.65""",Venus,Virgo,"20°02'52.31""",60,59.652,0.348
2025-10-25 15:45:00,Aspect,Sextile,Moon,Scorpio,"19°49'24.76""",Venus,Virgo,"20°03'39.08""",60,59.7627,0.2373
2025-10-25 16:00:00,Aspect,Sextile,Moon,Scorpio,"19°56'49.90""",Venus,Virgo,"20°04'25.85""",60,59.8733,0.1267
2025-10-25 16:15:00,Aspect,Sextile,Moon,Scorpio,"20°04'15.05""",Venus,Virgo,"20°05'12.62""",60,59.984,0.016
2025-10-25 16:30:00,Aspect,Sextile,Moon,Scorpio,"20°11'40.22""",Venus,Virgo,"20°05'59.39""",60,60.0947,0.0947
2025-10-25 16:45:00,Aspect,Sextile,Moon,Scorpio,"20°19'05.41""",Venus,Virgo,"20°06'46.16""",60,60.2053,0.2053
2025-10-25 17:00:00,Aspect,Sextile,Moon,Scorpio,"20°26'30.62""",Venus,Virgo,"20°07'32.93""",60,60.316,0.316
2025-10-25 17:15:00,Aspect,Sextile,Moon,Scorpio,"20°33'55.85""",Venus,Virgo,"20°08'19.70""",60,60.4267,0.4267
2025-10-25 17:15:00,Aspect,Square,Moon,Scorpio,"20°33'55.85""",Rahu,Aquarius,"21°31'47.03""",90,90.9642,0.9642
2025-10-25 17:15:00,Aspect,Square,Moon,Scorpio,"20°33'55.85""",Ketu,Leo,"21°31'47.03""",90,89.0358,0.9642
2025-10-25 17:30:00,Aspect,Sextile,Moon,Scorpio,"20°41'21.10""",Venus,Virgo,"20°09'06.47""",60,60.5374,0.5374
2025-10-25 17:30:00,Aspect,Square,Moon,Scorpio,"20°41'21.10""",Rahu,Aquarius,"21°31'45.04""",90,90.84,0.84
2025-10-25 17:30:00,Aspect,Square,Moon,Scorpio,"20°41'21.10""",Ketu,Leo,"21°31'45.04""",90,89.16,0.84
2025-10-25 17:45:00,Aspect,Sextile,Moon,Scorpio,"20°48'46.37""",Venus,Virgo,"20°09'53.24""",60,60.6481,0.6481
2025-10-25 17:45:00,Aspect,Square,Moon,Scorpio,"20°48'46.37""",Rahu,Aquarius,"21°31'43.05""",90,90.7157,0.7157
2025-10-25 17:45:00,Aspect,Square,Moon,Scorpio,"20°48'46.37""",Ketu,Leo,"21°31'43.05""",90,89.2843,0.7157
2025-10-25 18:00:00,Aspect,Sextile,Moon,Scorpio,"20°56'11.66""",Venus,Virgo,"20°10'40.01""",60,60.7588,0.7588
2025-10-25 18:00:00,Aspect,Square,Moon,Scorpio,"20°56'11.66""",Rahu,Aquarius,"21°31'41.07""",90,90.5915,0.5915
2025-10-25 18:00:00,Aspect,Square,Moon,Scorpio,"20°56'11.66""",Ketu,Leo,"21°31'41.07""",90,89.4085,0.5915
2025-10-25 18:15:00,Aspect,Sextile,Moon,Scorpio,"21°03'36.97""",Venus,Virgo,"20°11'26.78""",60,60.8695,0.8695
2025-10-25 18:15:00,Aspect,Square,Moon,Scorpio,"21°03'36.97""",Rahu,Aquarius,"21°31'39.08""",90,90.4673,0.4673
2025-10-25 18:15:00,Aspect,Square,Moon,Scorpio,"21°03'36.97""",Ketu,Leo,"21°31'39.08""",90,89.5327,0.4673
2025-10-25 18:30:00,Aspect,Sextile,Moon,Scorpio,"21°11'02.30""",Venus,Virgo,"20°12'13.56""",60,60.9802,0.9802
2025-10-25 18:30:00,Aspect,Square,Moon,Scorpio,"21°11'02.30""",Rahu,Aquarius,"21°31'37.09""",90,90.343,0.343
2025-10-25 18:30:00,Aspect,Square,Moon,Scorpio,"21°11'02.30""",Ketu,Leo,"21°31'37.09""",90,89.657,0.343
2025-10-25 18:45:00,Aspect,Square,Moon,Scorpio,"21°18'27.65""",Rahu,Aquarius,"21°31'35.10""",90,90.2187,0.2187
2025-10-25 18:45:00,Aspect,Square,Moon,Scorpio,"21°18'27.65""",Ketu,Leo,"21°31'35.10""",90,89.7813,0.2187
2025-10-25 19:00:00,Aspect,Square,Moon,Scorpio,"21°25'53.03""",Rahu,Aquarius,"21°31'33.12""",90,90.0945,0.0945
2025-10-25 19:00:00,Aspect,Square,Moon,Scorpio,"21°25'53.03""",Ketu,Leo,"21°31'33.12""",90,89.9055,0.0945
2025-10-25 19:15:00,Aspect,Square,Moon,Scorpio,"21°33'18.42""",Rahu,Aquarius,"21°31'31.13""",90,89.9702,0.0298
2025-10-25 19:15:00,Aspect,Square,Moon,Scorpio,"21°33'18.42""",Ketu,Leo,"21°31'31.13""",90,90.0298,0.0298
2025-10-25 19:30:00,Aspect,Square,Moon,Scorpio,"21°40'43.84""",Rahu,Aquarius,"21°31'29.14""",90,89.8459,0.1541
2025-10-25 19:30:00,Aspect,Square,Moon,Scorpio,"21°40'43.84""",Ketu,Leo,"21°31'29.14""",90,90.1541,0.1541
2025-10-25 19:45:00,Aspect,Square,Moon,Scorpio,"21°48'09.28""",Rahu,Aquarius,"21°31'27.16""",90,89.7216,0.2784
2025-10-25 19:45:00,Aspect,Square,Moon,Scorpio,"21°48'09.28""",Ketu,Leo,"21°31'27.16""",90,90.2784,0.2784
2025-10-25 20:00:00,Aspect,Square,Moon,Scorpio,"21°55'34.73""",Rahu,Aquarius,"21°31'25.17""",90,89.5973,0.4027
2025-10-25 20:00:00,Aspect,Square,Moon,Scorpio,"21°55'34.73""",Ketu,Leo,"21°31'25.17""",90,90.4027,0.4027
2025-10-25 20:15:00,Aspect,Square,Moon,Scorpio,"22°03'00.22""",Rahu,Aquarius,"21°31'23.18""",90,89.473,0.527
2025-10-25 20:15:00,Aspect,Square,Moon,Scorpio,"22°03'00.22""",Ketu,Leo,"21°31'23.18""",90,90.527,0.527
2025-10-25 20:30:00,Aspect,Square,Moon,Scorpio,"22°10'25.72""",Rahu,Aquarius,"21°31'21.19""",90,89.3487,0.6513
2025-10-25 20:30:00,Aspect,Square,Moon,Scorpio,"22°10'25.72""",Ketu,Leo,"21°31'21.19""",90,90.6513,0.6513
2025-10-25 20:45:00,Aspect,Square,Moon,Scorpio,"22°17'51.25""",Rahu,Aquarius,"21°31'19.21""",90,89.2244,0.7756
2025-10-25 20:45:00,Aspect,Square,Moon,Scorpio,"22°17'51.25""",Ketu,Leo,"21°31'19.21""",90,90.7756,0.7756
2025-10-25 21:00:00,Aspect,Square,Moon,Scorpio,"22°25'16.80""",Rahu,Aquarius,"21°31'17.22""",90,89.1001,0.8999
2025-10-25 21:00:00,Aspect,Square,Moon,Scorpio,"22°25'16.80""",Ketu,Leo,"21°31'17.22""",90,90.8999,0.8999
2025-10-26 14:15:00,Aspect,Square,Moon,Sagittarius,"0°58'46.42""",Saturn,Pisces,"1°51'33.73""",90,90.8798,0.8798
2025-10-26 14:30:00,Aspect,Square,Moon,Sagittarius,"1°06'14.09""",Saturn,Pisces,"1°51'31.72""",90,90.7549,0.7549
2025-10-26 14:45:00,Aspect,Square,Moon,Sagittarius,"1°13'41.79""",Saturn,Pisces,"1°51'29.72""",90,90.63,0.63
2025-10-26 15:00:00,Aspect,Square,Moon,Sagittarius,"1°21'09.53""",Saturn,Pisces,"1°51'27.72""",90,90.5051,0.5051
2025-10-26 15:15:00,Aspect,Square,Moon,Sagittarius,"1°28'37.30""",Saturn,Pisces,"1°51'25.73""",90,90.3801,0.3801
2025-10-26 15:30:00,Aspect,Square,Moon,Sagittarius,"1°36'05.12""",Saturn,Pisces,"1°51'23.73""",90,90.2552,0.2552
2025-10-26 15:45:00,Aspect,Square,Moon,Sagittarius,"1°43'32.98""",Saturn,Pisces,"1°51'21.73""",90,90.1302,0.1302
2025-10-26 16:00:00,Aspect,Square,Moon,Sagittarius,"1°51'00.87""",Saturn,Pisces,"1°51'19.73""",90,90.0052,0.0052
2025-10-26 16:15:00,Aspect,Square,Moon,Sagittarius,"1°58'28.80""",Saturn,Pisces,"1°51'17.73""",90,89.8803,0.1197
2025-10-26 16:30:00,Aspect,Square,Moon,Sagittarius,"2°05'56.78""",Saturn,Pisces,"1°51'15.74""",90,89.7553,0.2447
2025-10-26 16:45:00,Aspect,Square,Moon,Sagittarius,"2°13'24.79""",Saturn,Pisces,"1°51'13.74""",90,89.6303,0.3697
2025-10-26 17:00:00,Aspect,Square,Moon,Sagittarius,"2°20'52.85""",Saturn,Pisces,"1°51'11.75""",90,89.5052,0.4948
2025-10-26 17:15:00,Aspect,Square,Moon,Sagittarius,"2°28'20.94""",Saturn,Pisces,"1°51'09.75""",90,89.3802,0.6198
2025-10-26 17:30:00,Aspect,Square,Moon,Sagittarius,"2°35'49.08""",Saturn,Pisces,"1°51'07.76""",90,89.2552,0.7448
2025-10-26 17:45:00,Aspect,Square,Moon,Sagittarius,"2°43'17.25""",Saturn,Pisces,"1°51'05.76""",90,89.1301,0.8699
2025-10-26 18:00:00,Aspect,Square,Moon,Sagittarius,"2°50'45.47""",Saturn,Pisces,"1°51'03.77""",90,89.0051,0.9949
2025-10-27 05:30:00,Aspect,Sextile,Sun,Libra,"9°32'47.13""",Moon,Sagittarius,"8°35'12.10""",60,59.0403,0.9597
2025-10-27 05:45:00,Aspect,Sextile,Sun,Libra,"9°33'24.55""",Moon,Sagittarius,"8°42'42.53""",60,59.155,0.845
2025-10-27 06:00:00,Aspect,Sextile,Sun,Libra,"9°34'01.96""",Moon,Sagittarius,"8°50'13.01""",60,59.2697,0.7303
2025-10-27 06:15:00,Aspect,Sextile,Sun,Libra,"9°34'39.37""",Moon,Sagittarius,"8°57'43.54""",60,59.3845,0.6155
2025-10-27 06:30:00,Aspect,Sextile,Sun,Libra,"9°35'16.78""",Moon,Sagittarius,"9°05'14.12""",60,59.4993,0.5007
2025-10-27 06:45:00,Aspect,Sextile,Sun,Libra,"9°35'54.20""",Moon,Sagittarius,"9°12'44.76""",60,59.614,0.386
2025-10-27 07:00:00,Aspect,Sextile,Sun,Libra,"9°36'31.61""",Moon,Sagittarius,"9°20'15.46""",60,59.7288,0.2712
2025-10-27 07:15:00,Aspect,Sextile,Sun,Libra,"9°37'09.02""",Moon,Sagittarius,"9°27'46.20""",60,59.8437,0.1563
2025-10-27 07:30:00,Aspect,Sextile,Sun,Libra,"9°37'46.44""",Moon,Sagittarius,"9°35'17.01""",60,59.9585,0.0415
2025-10-27 07:45:00,Aspect,Sextile,Sun,Libra,"9°38'23.85""",Moon,Sagittarius,"9°42'47.86""",60,60.0733,0.0733
2025-10-27 08:00:00,Aspect,Sextile,Sun,Libra,"9°39'01.26""",Moon,Sagittarius,"9°50'18.78""",60,60.1882,0.1882
2025-10-27 08:15:00,Aspect,Sextile,Sun,Libra,"9°39'38.68""",Moon,Sagittarius,"9°57'49.74""",60,60.3031,0.3031
2025-10-27 08:30:00,Aspect,Sextile,Sun,Libra,"9°40'16.09""",Moon,Sagittarius,"10°05'20.77""",60,60.418,0.418
2025-10-27 08:45:00,Aspect,Sextile,Sun,Libra,"9°40'53.51""",Moon,Sagittarius,"10°12'51.85""",60,60.5329,0.5329
2025-10-27 09:00:00,Aspect,Sextile,Sun,Libra,"9°41'30.92""",Moon,Sagittarius,"10°20'22.98""",60,60.6478,0.6478
2025-10-27 09:15:00,Aspect,Sextile,Sun,Libra,"9°42'08.34""",Moon,Sagittarius,"10°27'54.17""",60,60.7627,0.7627
2025-10-27 09:30:00,Aspect,Sextile,Sun,Libra,"9°42'45.75""",Moon,Sagittarius,"10°35'25.42""",60,60.8777,0.8777
2025-10-27 09:45:00,Aspect,Sextile,Sun,Libra,"9°43'23.17""",Moon,Sagittarius,"10°42'56.73""",60,60.9927,0.9927
2025-10-28 05:00:00,Aspect,Sextile,Moon,Sagittarius,"20°25'19.82""",Rahu,Aquarius,"21°23'52.09""",60,60.9756,0.9756
2025-10-28 05:00:00,Aspect,Trine,Moon,Sagittarius,"20°25'19.82""",Ketu,Leo,"21°23'52.09""",120,119.0244,0.9756
2025-10-28 05:15:00,Aspect,Sextile,Moon,Sagittarius,"20°32'56.41""",Rahu,Aquarius,"21°23'50.10""",60,60.8482,0.8482
2025-10-28 05:15:00,Aspect,Trine,Moon,Sagittarius,"20°32'56.41""",Ketu,Leo,"21°23'50.10""",120,119.1518,0.8482
2025-10-28 05:30:00,Aspect,Sextile,Moon,Sagittarius,"20°40'33.08""",Rahu,Aquarius,"21°23'48.11""",60,60.7208,0.7208
2025-10-28 05:30:00,Aspect,Trine,Moon,Sagittarius,"20°40'33.08""",Ketu,Leo,"21°23'48.11""",120,119.2792,0.7208
2025-10-28 05:45:00,Aspect,Sextile,Moon,Sagittarius,"20°48'09.83""",Rahu,Aquarius,"21°23'46.13""",60,60.5934,0.5934
2025-10-28 05:45:00,Aspect,Trine,Moon,Sagittarius,"20°48'09.83""",Ketu,Leo,"21°23'46.13""",120,119.4066,0.5934
2025-10-28 06:00:00,Aspect,Sextile,Moon,Sagittarius,"20°55'46.67""",Rahu,Aquarius,"21°23'44.14""",60,60.466,0.466
2025-10-28 06:00:00,Aspect,Trine,Moon,Sagittarius,"20°55'46.67""",Ketu,Leo,"21°23'44.14""",120,119.534,0.466
2025-10-28 06:15:00,Aspect,Sextile,Moon,Sagittarius,"21°03'23.58""",Rahu,Aquarius,"21°23'42.15""",60,60.3385,0.3385
2025-10-28 06:15:00,Aspect,Trine,Moon,Sagittarius,"21°03'23.58""",Ketu,Leo,"21°23'42.15""",120,119.6615,0.3385
2025-10-28 06:30:00,Aspect,Sextile,Moon,Sagittarius,"21°11'00.57""",Rahu,Aquarius,"21°23'40.16""",60,60.211,0.211
2025-10-28 06:30:00,Aspect,Trine,Moon,Sagittarius,"21°11'00.57""",Ketu,Leo,"21°23'40.16""",120,119.789,0.211
2025-10-28 06:45:00,Aspect,Sextile,Moon,Sagittarius,"21°18'37.64""",Rahu,Aquarius,"21°23'38.18""",60,60.0835,0.0835
2025-10-28 06:45:00,Aspect,Trine,Moon,Sagittarius,"21°18'37.64""",Ketu,Leo,"21°23'38.18""",120,119.9165,0.0835
2025-10-28 07:00:00,Aspect,Sextile,Moon,Sagittarius,"21°26'14.79""",Rahu,Aquarius,"21°23'36.19""",60,59.9559,0.0441
2025-10-28 07:00:00,Aspect,Trine,Moon,Sagittarius,"21°26'14.79""",Ketu,Leo,"21°23'36.19""",120,120.0441,0.0441
2025-10-28 07:15:00,Aspect,Sextile,Moon,Sagittarius,"21°33'52.03""",Rahu,Aquarius,"21°23'34.20""",60,59.8284,0.1716
2025-10-28 07:15:00,Aspect,Trine,Moon,Sagittarius,"21°33'52.03""",Ketu,Leo,"21°23'34.20""",120,120.1716,0.1716
2025-10-28 07:30:00,Aspect,Sextile,Moon,Sagittarius,"21°41'29.34""",Rahu,Aquarius,"21°23'32.21""",60,59.7008,0.2992
2025-10-28 07:30:00,Aspect,Trine,Moon,Sagittarius,"21°41'29.34""",Ketu,Leo,"21°23'32.21""",120,120.2992,0.2992
2025-10-28 07:45:00,Aspect,Sextile,Moon,Sagittarius,"21°49'06.74""",Rahu,Aquarius,"21°23'30.23""",60,59.5732,0.4268
2025-10-28 07:45:00,Aspect,Trine,Moon,Sagittarius,"21°49'06.74""",Ketu,Leo,"21°23'30.23""",120,120.4268,0.4268
2025-10-28 08:00:00,Aspect,Sextile,Moon,Sagittarius,"21°56'44.22""",Rahu,Aquarius,"21°23'28.24""",60,59.4456,0.5544
2025-10-28 08:00:00,Aspect,Trine,Moon,Sagittarius,"21°56'44.22""",Ketu,Leo,"21°23'28.24""",120,120.5544,0.5544
2025-10-28 08:15:00,Aspect,Sextile,Moon,Sagittarius,"22°04'21.78""",Rahu,Aquarius,"21°23'26.25""",60,59.3179,0.6821
2025-10-28 08:15:00,Aspect,Trine,Moon,Sagittarius,"22°04'21.78""",Ketu,Leo,"21°23'26.25""",120,120.6821,0.6821
2025-10-28 08:30:00,Aspect,Sextile,Moon,Sagittarius,"22°11'59.42""",Rahu,Aquarius,"21°23'24.27""",60,59.1902,0.8098
2025-10-28 08:30:00,Aspect,Trine,Moon,Sagittarius,"22°11'59.42""",Ketu,Leo,"21°23'24.27""",120,120.8098,0.8098
2025-10-28 08:45:00,Aspect,Sextile,Moon,Sagittarius,"22°19'37.15""",Rahu,Aquarius,"21°23'22.28""",60,59.0625,0.9375
2025-10-28 08:45:00,Aspect,Trine,Moon,Sagittarius,"22°19'37.15""",Ketu,Leo,"21°23'22.28""",120,120.9375,0.9375
2025-10-28 09:00:00,Aspect,Square,Moon,Sagittarius,"22°27'14.96""",Venus,Virgo,"23°27'11.65""",90,89.0009,0.9991
2025-10-28 09:15:00,Aspect,Square,Moon,Sagittarius,"22°34'52.85""",Venus,Virgo,"23°27'58.47""",90,89.1151,0.8849
2025-10-28 09:30:00,Aspect,Square,Moon,Sagittarius,"22°42'30.83""",Venus,Virgo,"23°28'45.28""",90,89.2293,0.7707
2025-10-28 09:45:00,Aspect,Square,Moon,Sagittarius,"22°50'08.89""",Venus,Virgo,"23°29'32.09""",90,89.3436,0.6564
2025-10-28 10:00:00,Aspect,Square,Moon,Sagittarius,"22°57'47.04""",Venus,Virgo,"23°30'18.91""",90,89.4578,0.5422
2025-10-28 10:15:00,Aspect,Square,Moon,Sagittarius,"23°05'25.27""",Venus,Virgo,"23°31'05.72""",90,89.5721,0.4279
2025-10-28 10:30:00,Aspect,Square,Moon,Sagittarius,"23°13'03.58""",Venus,Virgo,"23°31'52.53""",90,89.6864,0.3136
2025-10-28 10:45:00,Aspect,Square,Moon,Sagittarius,"23°20'41.98""",Venus,Virgo,"23°32'39.35""",90,89.8007,0.1993
2025-10-28 11:00:00,Aspect,Square,Moon,Sagittarius,"23°28'20.47""",Venus,Virgo,"23°33'26.16""",90,89.9151,0.0849
2025-10-28 11:15:00,Aspect,Square,Moon,Sagittarius,"23°35'59.04""",Venus,Virgo,"23°34'12.98""",90,90.0295,0.0295
2025-10-28 11:30:00,Aspect,Square,Moon,Sagittarius,"23°43'37.69""",Venus,Virgo,"23°34'59.79""",90,90.1439,0.1439
2025-10-28 11:45:00,Aspect,Square,Moon,Sagittarius,"23°51'16.44""",Venus,Virgo,"23°35'46.60""",90,90.2583,0.2583
2025-10-28 12:00:00,Aspect,Square,Moon,Sagittarius,"23°58'55.27""",Venus,Virgo,"23°36'33.42""",90,90.3727,0.3727
2025-10-28 12:15:00,Aspect,Square,Moon,Sagittarius,"24°06'34.18""",Venus,Virgo,"23°37'20.23""",90,90.4872,0.4872
2025-10-28 12:30:00,Aspect,Square,Moon,Sagittarius,"24°14'13.19""",Venus,Virgo,"23°38'07.05""",90,90.6017,0.6017
2025-10-28 12:45:00,Aspect,Square,Moon,Sagittarius,"24°21'52.28""",Venus,Virgo,"23°38'53.86""",90,90.7162,0.7162
2025-10-28 13:00:00,Aspect,Square,Moon,Sagittarius,"24°29'31.46""",Venus,Virgo,"23°39'40.68""",90,90.8308,0.8308
2025-10-28 13:15:00,Aspect,Square,Moon,Sagittarius,"24°37'10.73""",Venus,Virgo,"23°40'27.49""",90,90.9453,0.9453
2025-10-28 23:00:00,Aspect,Opposition,Moon,Sagittarius,"29°36'54.20""",Jupiter,Cancer,"0°36'43.91""",180,179.0029,0.9971
2025-10-28 23:15:00,Aspect,Opposition,Moon,Sagittarius,"29°44'37.24""",Jupiter,Cancer,"0°36'45.61""",180,179.131,0.869
2025-10-28 23:30:00,Aspect,Opposition,Moon,Sagittarius,"29°52'20.39""",Jupiter,Cancer,"0°36'47.31""",180,179.2592,0.7408
2025-10-28 23:45:00,Aspect,Sextile,Moon,Capricorn,"0°00'03.64""",Mars,Scorpio,"0°54'06.91""",60,59.0991,0.9009
2025-10-28 23:45:00,Aspect,Opposition,Moon,Capricorn,"0°00'03.64""",Jupiter,Cancer,"0°36'49.00""",180,179.3874,0.6126
2025-10-29 00:00:00,Aspect,Sextile,Moon,Capricorn,"0°07'46.98""",Mars,Scorpio,"0°54'33.52""",60,59.2204,0.7796
2025-10-29 00:00:00,Aspect,Opposition,Moon,Capricorn,"0°07'46.98""",Jupiter,Cancer,"0°36'50.70""",180,179.5156,0.4844
2025-10-29 00:15:00,Aspect,Sextile,Moon,Capricorn,"0°15'30.43""",Mars,Scorpio,"0°55'00.13""",60,59.3418,0.6582
2025-10-29 00:15:00,Aspect,Opposition,Moon,Capricorn,"0°15'30.43""",Jupiter,Cancer,"0°36'52.40""",180,179.6439,0.3561
2025-10-29 00:30:00,Aspect,Sextile,Moon,Capricorn,"0°23'13.98""",Mars,Scorpio,"0°55'26.73""",60,59.4631,0.5369
2025-10-29 00:30:00,Aspect,Opposition,Moon,Capricorn,"0°23'13.98""",Jupiter,Cancer,"0°36'54.09""",180,179.7722,0.2278
2025-10-29 00:45:00,Aspect,Sextile,Moon,Capricorn,"0°30'57.63""",Mars,Scorpio,"0°55'53.34""",60,59.5845,0.4155
2025-10-29 00:45:00,Aspect,Opposition,Moon,Capricorn,"0°30'57.63""",Jupiter,Cancer,"0°36'55.78""",180,179.9005,0.0995
2025-10-29 01:00:00,Aspect,Sextile,Moon,Capricorn,"0°38'41.39""",Mars,Scorpio,"0°56'19.95""",60,59.706,0.294
2025-10-29 01:00:00,Aspect,Opposition,Moon,Capricorn,"0°38'41.39""",Jupiter,Cancer,"0°36'57.47""",180,179.9711,0.0289
2025-10-29 01:15:00,Aspect,Sextile,Moon,Capricorn,"0°46'25.25""",Mars,Scorpio,"0°56'46.56""",60,59.8274,0.1726
2025-10-29 01:15:00,Aspect,Opposition,Moon,Capricorn,"0°46'25.25""",Jupiter,Cancer,"0°36'59.16""",180,179.8428,0.1572
2025-10-29 01:15:00,Aspect,Sextile,Moon,Capricorn,"0°46'25.25""",Saturn,Pisces,"1°43'56.05""",60,60.9586,0.9586
2025-10-29 01:30:00,Aspect,Sextile,Moon,Capricorn,"0°54'09.21""",Mars,Scorpio,"0°57'13.17""",60,59.9489,0.0511
2025-10-29 01:30:00,Aspect,Opposition,Moon,Capricorn,"0°54'09.21""",Jupiter,Cancer,"0°37'00.85""",180,179.7143,0.2857
2025-10-29 01:30:00,Aspect,Sextile,Moon,Capricorn,"0°54'09.21""",Saturn,Pisces,"1°43'54.17""",60,60.8292,0.8292
2025-10-29 01:45:00,Aspect,Sextile,Moon,Capricorn,"1°01'53.27""",Mars,Scorpio,"0°57'39.78""",60,60.0704,0.0704
2025-10-29 01:45:00,Aspect,Opposition,Moon,Capricorn,"1°01'53.27""",Jupiter,Cancer,"0°37'02.54""",180,179.5859,0.4141
2025-10-29 01:45:00,Aspect,Sextile,Moon,Capricorn,"1°01'53.27""",Saturn,Pisces,"1°43'52.30""",60,60.6997,0.6997
2025-10-29 02:00:00,Aspect,Sextile,Moon,Capricorn,"1°09'37.44""",Mars,Scorpio,"0°58'06.39""",60,60.192,0.192
2025-10-29 02:00:00,Aspect,Opposition,Moon,Capricorn,"1°09'37.44""",Jupiter,Cancer,"0°37'04.23""",180,179.4574,0.5426
2025-10-29 02:00:00,Aspect,Sextile,Moon,Capricorn,"1°09'37.44""",Saturn,Pisces,"1°43'50.42""",60,60.5703,0.5703
2025-10-29 02:15:00,Aspect,Sextile,Moon,Capricorn,"1°17'21.72""",Mars,Scorpio,"0°58'33.00""",60,60.3135,0.3135
2025-10-29 02:15:00,Aspect,Opposition,Moon,Capricorn,"1°17'21.72""",Jupiter,Cancer,"0°37'05.91""",180,179.3289,0.6711
2025-10-29 02:15:00,Aspect,Sextile,Moon,Capricorn,"1°17'21.72""",Saturn,Pisces,"1°43'48.55""",60,60.4408,0.4408
2025-10-29 02:30:00,Aspect,Sextile,Moon,Capricorn,"1°25'06.09""",Mars,Scorpio,"0°58'59.61""",60,60.4351,0.4351
2025-10-29 02:30:00,Aspect,Opposition,Moon,Capricorn,"1°25'06.09""",Jupiter,Cancer,"0°37'07.60""",180,179.2004,0.7996
2025-10-29 02:30:00,Aspect,Sextile,Moon,Capricorn,"1°25'06.09""",Saturn,Pisces,"1°43'46.67""",60,60.3113,0.3113
2025-10-29 02:45:00,Aspect,Sextile,Moon,Capricorn,"1°32'50.57""",Mars,Scorpio,"0°59'26.22""",60,60.5568,0.5568
2025-10-29 02:45:00,Aspect,Opposition,Moon,Capricorn,"1°32'50.57""",Jupiter,Cancer,"0°37'09.28""",180,179.0719,0.9281
2025-10-29 02:45:00,Aspect,Sextile,Moon,Capricorn,"1°32'50.57""",Saturn,Pisces,"1°43'44.80""",60,60.1817,0.1817
2025-10-29 03:00:00,Aspect,Sextile,Moon,Capricorn,"1°40'35.16""",Mars,Scorpio,"0°59'52.83""",60,60.6784,0.6784
2025-10-29 03:00:00,Aspect,Sextile,Moon,Capricorn,"1°40'35.16""",Saturn,Pisces,"1°43'42.93""",60,60.0522,0.0522
2025-10-29 03:15:00,Aspect,Sextile,Moon,Capricorn,"1°48'19.85""",Mars,Scorpio,"1°00'19.45""",60,60.8001,0.8001
2025-10-29 03:15:00,Aspect,Sextile,Moon,Capricorn,"1°48'19.85""",Saturn,Pisces,"1°43'41.05""",60,59.9226,0.0774
2025-10-29 03:30:00,Aspect,Sextile,Moon,Capricorn,"1°56'04.65""",Mars,Scorpio,"1°00'46.06""",60,60.9218,0.9218
2025-10-29 03:30:00,Aspect,Sextile,Moon,Capricorn,"1°56'04.65""",Saturn,Pisces,"1°43'39.18""",60,59.7929,0.2071
2025-10-29 03:45:00,Aspect,Sextile,Moon,Capricorn,"2°03'49.55""",Saturn,Pisces,"1°43'37.31""",60,59.6633,0.3367
2025-10-29 04:00:00,Aspect,Sextile,Moon,Capricorn,"2°11'34.56""",Saturn,Pisces,"1°43'35.44""",60,59.5336,0.4664
2025-10-29 04:15:00,Aspect,Sextile,Moon,Capricorn,"2°19'19.68""",Saturn,Pisces,"1°43'33.57""",60,59.4039,0.5961
2025-10-29 04:30:00,Aspect,Sextile,Moon,Capricorn,"2°27'04.90""",Saturn,Pisces,"1°43'31.70""",60,59.2741,0.7259
2025-10-29 04:45:00,Aspect,Sextile,Moon,Capricorn,"2°34'50.23""",Saturn,Pisces,"1°43'29.83""",60,59.1443,0.8557
2025-10-29 05:00:00,Aspect,Sextile,Moon,Capricorn,"2°42'35.67""",Saturn,Pisces,"1°43'27.96""",60,59.0145,0.9855
2025-10-29 08:15:00,Aspect,Sextile,Moon,Capricorn,"4°23'36.28""",Mercury,Scorpio,"5°21'45.39""",60,59.0308,0.9692
2025-10-29 08:30:00,Aspect,Sextile,Moon,Capricorn,"4°31'23.25""",Mercury,Scorpio,"5°22'24.24""",60,59.1497,0.8503
2025-10-29 08:45:00,Aspect,Sextile,Moon,Capricorn,"4°39'10.34""",Mercury,Scorpio,"5°23'03.07""",60,59.2687,0.7313
2025-10-29 09:00:00,Aspect,Sextile,Moon,Capricorn,"4°46'57.54""",Mercury,Scorpio,"5°23'41.89""",60,59.3877,0.6123
2025-10-29 09:15:00,Aspect,Sextile,Moon,Capricorn,"4°54'44.85""",Mercury,Scorpio,"5°24'20.68""",60,59.5067,0.4933
2025-10-29 09:30:00,Aspect,Sextile,Moon,Capricorn,"5°02'32.27""",Mercury,Scorpio,"5°24'59.47""",60,59.6258,0.3742
2025-10-29 09:45:00,Aspect,Sextile,Moon,Capricorn,"5°10'19.81""",Mercury,Scorpio,"5°25'38.23""",60,59.7449,0.2551
2025-10-29 10:00:00,Aspect,Sextile,Moon,Capricorn,"5°18'07.46""",Mercury,Scorpio,"5°26'16.97""",60,59.864,0.136
2025-10-29 10:15:00,Aspect,Sextile,Moon,Capricorn,"5°25'55.23""",Mercury,Scorpio,"5°26'55.70""",60,59.9832,0.0168
2025-10-29 10:30:00,Aspect,Sextile,Moon,Capricorn,"5°33'43.11""",Mercury,Scorpio,"5°27'34.41""",60,60.1024,0.1024
2025-10-29 10:45:00,Aspect,Sextile,Moon,Capricorn,"5°41'31.10""",Mercury,Scorpio,"5°28'13.11""",60,60.2217,0.2217
2025-10-29 11:00:00,Aspect,Sextile,Moon,Capricorn,"5°49'19.21""",Mercury,Scorpio,"5°28'51.78""",60,60.341,0.341
2025-10-29 11:15:00,Aspect,Sextile,Moon,Capricorn,"5°57'07.44""",Mercury,Scorpio,"5°29'30.44""",60,60.4603,0.4603
2025-10-29 11:30:00,Aspect,Sextile,Moon,Capricorn,"6°04'55.78""",Mercury,Scorpio,"5°30'09.08""",60,60.5796,0.5796
2025-10-29 11:45:00,Aspect,Sextile,Moon,Capricorn,"6°12'44.23""",Mercury,Scorpio,"5°30'47.70""",60,60.699,0.699
2025-10-29 12:00:00,Aspect,Sextile,Moon,Capricorn,"6°20'32.81""",Mercury,Scorpio,"5°31'26.31""",60,60.8185,0.8185
2025-10-29 12:15:00,Aspect,Sextile,Moon,Capricorn,"6°28'21.49""",Mercury,Scorpio,"5°32'04.89""",60,60.9379,0.9379
2025-10-29 21:30:00,Aspect,Square,Sun,Libra,"12°12'30.60""",Moon,Capricorn,"11°18'47.67""",90,89.1047,0.8953
2025-10-29 21:45:00,Aspect,Square,Sun,Libra,"12°13'08.06""",Moon,Capricorn,"11°26'41.01""",90,89.2258,0.7742
2025-10-29 22:00:00,Aspect,Square,Sun,Libra,"12°13'45.52""",Moon,Capricorn,"11°34'34.48""",90,89.3469,0.6531
2025-10-29 22:15:00,Aspect,Square,Sun,Libra,"12°14'22.98""",Moon,Capricorn,"11°42'28.08""",90,89.4681,0.5319
2025-10-29 22:30:00,Aspect,Square,Sun,Libra,"12°15'00.44""",Moon,Capricorn,"11°50'21.81""",90,89.5893,0.4107
2025-10-29 22:45:00,Aspect,Square,Sun,Libra,"12°15'37.89""",Moon,Capricorn,"11°58'15.67""",90,89.7105,0.2895
2025-10-29 23:00:00,Aspect,Square,Sun,Libra,"12°16'15.35""",Moon,Capricorn,"12°06'09.66""",90,89.8318,0.1682
2025-10-29 23:15:00,Aspect,Square,Sun,Libra,"12°16'52.81""",Moon,Capricorn,"12°14'03.78""",90,89.953,0.047
2025-10-29 23:30:00,Aspect,Square,Sun,Libra,"12°17'30.27""",Moon,Capricorn,"12°21'58.03""",90,90.0744,0.0744
2025-10-29 23:45:00,Aspect,Square,Sun,Libra,"12°18'07.73""",Moon,Capricorn,"12°29'52.41""",90,90.1957,0.1957
2025-10-30 00:00:00,Aspect,Square,Sun,Libra,"12°18'45.19""",Moon,Capricorn,"12°37'46.92""",90,90.3171,0.3171
2025-10-30 00:15:00,Aspect,Square,Sun,Libra,"12°19'22.65""",Moon,Capricorn,"12°45'41.56""",90,90.4386,0.4386
2025-10-30 00:30:00,Aspect,Square,Sun,Libra,"12°20'00.11""",Moon,Capricorn,"12°53'36.33""",90,90.5601,0.5601
2025-10-30 00:45:00,Aspect,Square,Sun,Libra,"12°20'37.57""",Moon,Capricorn,"13°01'31.24""",90,90.6816,0.6816
2025-10-30 01:00:00,Aspect,Square,Sun,Libra,"12°21'15.03""",Moon,Capricorn,"13°09'26.28""",90,90.8031,0.8031
2025-10-30 01:15:00,Aspect,Square,Sun,Libra,"12°21'52.50""",Moon,Capricorn,"13°17'21.44""",90,90.9247,0.9247
2025-10-31 00:45:00,Aspect,Trine,Moon,Capricorn,"25°52'21.18""",Venus,Virgo,"26°46'13.89""",120,119.102,0.898
2025-10-31 01:00:00,Aspect,Trine,Moon,Capricorn,"26°00'30.27""",Venus,Virgo,"26°47'00.74""",120,119.2249,0.7751
2025-10-31 01:15:00,Aspect,Trine,Moon,Capricorn,"26°08'39.52""",Venus,Virgo,"26°47'47.60""",120,119.3478,0.6522
2025-10-31 01:30:00,Aspect,Trine,Moon,Capricorn,"26°16'48.93""",Venus,Virgo,"26°48'34.45""",120,119.4707,0.5293
2025-10-31 01:45:00,Aspect,Trine,Moon,Capricorn,"26°24'58.50""",Venus,Virgo,"26°49'21.30""",120,119.5937,0.4063
2025-10-31 02:00:00,Aspect,Trine,Moon,Capricorn,"26°33'08.23""",Venus,Virgo,"26°50'08.15""",120,119.7167,0.2833
2025-10-31 02:15:00,Aspect,Trine,Moon,Capricorn,"26°41'18.12""",Venus,Virgo,"26°50'55.00""",120,119.8398,0.1602
2025-10-31 02:30:00,Aspect,Trine,Moon,Capricorn,"26°49'28.18""",Venus,Virgo,"26°51'41.86""",120,119.9629,0.0371
2025-10-31 02:45:00,Aspect,Trine,Moon,Capricorn,"26°57'38.39""",Venus,Virgo,"26°52'28.71""",120,120.086,0.086
2025-10-31 03:00:00,Aspect,Trine,Moon,Capricorn,"27°05'48.77""",Venus,Virgo,"26°53'15.56""",120,120.2092,0.2092
2025-10-31 03:15:00,Aspect,Trine,Moon,Capricorn,"27°13'59.31""",Venus,Virgo,"26°54'02.41""",120,120.3325,0.3325
2025-10-31 03:30:00,Aspect,Trine,Moon,Capricorn,"27°22'10.01""",Venus,Virgo,"26°54'49.27""",120,120.4558,0.4558
2025-10-31 03:45:00,Aspect,Trine,Moon,Capricorn,"27°30'20.87""",Venus,Virgo,"26°55'36.12""",120,120.5791,0.5791
2025-10-31 04:00:00,Aspect,Trine,Moon,Capricorn,"27°38'31.90""",Venus,Virgo,"26°56'22.97""",120,120.7025,0.7025
2025-10-31 04:15:00,Aspect,Trine,Moon,Capricorn,"27°46'43.09""",Venus,Virgo,"26°57'09.83""",120,120.8259,0.8259
2025-10-31 04:30:00,Aspect,Trine,Moon,Capricorn,"27°54'54.44""",Venus,Virgo,"26°57'56.68""",120,120.9494,0.9494
2025-10-31 11:30:00,Aspect,Square,Moon,Aquarius,"1°45'19.59""",Mars,Scorpio,"2°40'16.92""",90,89.0841,0.9159
2025-10-31 11:45:00,Aspect,Square,Moon,Aquarius,"1°53'35.78""",Mars,Scorpio,"2°40'43.62""",90,89.2145,0.7855
2025-10-31 12:00:00,Aspect,Square,Moon,Aquarius,"2°01'52.14""",Mars,Scorpio,"2°41'10.32""",90,89.345,0.655
2025-10-31 12:15:00,Aspect,Square,Moon,Aquarius,"2°10'08.68""",Mars,Scorpio,"2°41'37.02""",90,89.4755,0.5245
2025-10-31 12:30:00,Aspect,Square,Moon,Aquarius,"2°18'25.38""",Mars,Scorpio,"2°42'03.72""",90,89.606,0.394
2025-10-31 12:45:00,Aspect,Square,Moon,Aquarius,"2°26'42.26""",Mars,Scorpio,"2°42'30.42""",90,89.7366,0.2634
2025-10-31 13:00:00,Aspect,Square,Moon,Aquarius,"2°34'59.30""",Mars,Scorpio,"2°42'57.12""",90,89.8673,0.1327
2025-10-31 13:15:00,Aspect,Square,Moon,Aquarius,"2°43'16.52""",Mars,Scorpio,"2°43'23.82""",90,89.998,0.002
2025-10-31 13:30:00,Aspect,Square,Moon,Aquarius,"2°51'33.91""",Mars,Scorpio,"2°43'50.52""",90,90.1287,0.1287
2025-10-31 13:45:00,Aspect,Square,Moon,Aquarius,"2°59'51.47""",Mars,Scorpio,"2°44'17.23""",90,90.2595,0.2595
2025-10-31 14:00:00,Aspect,Square,Moon,Aquarius,"3°08'09.21""",Mars,Scorpio,"2°44'43.93""",90,90.3904,0.3904
2025-10-31 14:15:00,Aspect,Square,Moon,Aquarius,"3°16'27.11""",Mars,Scorpio,"2°45'10.63""",90,90.5212,0.5212
2025-10-31 14:30:00,Aspect,Square,Moon,Aquarius,"3°24'45.19""",Mars,Scorpio,"2°45'37.33""",90,90.6522,0.6522
2025-10-31 14:45:00,Aspect,Square,Moon,Aquarius,"3°33'03.44""",Mars,Scorpio,"2°46'04.04""",90,90.7832,0.7832
2025-10-31 15:00:00,Aspect,Square,Moon,Aquarius,"3°41'21.87""",Mars,Scorpio,"2°46'30.74""",90,90.9142,0.9142
2025-10-31 20:45:00,Aspect,Square,Moon,Aquarius,"6°53'13.88""",Mercury,Scorpio,"7°49'11.02""",90,89.0675,0.9325
2025-10-31 21:00:00,Aspect,Square,Moon,Aquarius,"7°01'36.52""",Mercury,Scorpio,"7°49'45.03""",90,89.1976,0.8024
2025-10-31 21:15:00,Aspect,Square,Moon,Aquarius,"7°09'59.33""",Mercury,Scorpio,"7°50'19.03""",90,89.3279,0.6721
2025-10-31 21:30:00,Aspect,Square,Moon,Aquarius,"7°18'22.33""",Mercury,Scorpio,"7°50'53.00""",90,89.4581,0.5419
2025-10-31 21:45:00,Aspect,Square,Moon,Aquarius,"7°26'45.50""",Mercury,Scorpio,"7°51'26.95""",90,89.5885,0.4115
2025-10-31 22:00:00,Aspect,Square,Moon,Aquarius,"7°35'08.86""",Mercury,Scorpio,"7°52'00.87""",90,89.7189,0.2811
2025-10-31 22:15:00,Aspect,Square,Moon,Aquarius,"7°43'32.39""",Mercury,Scorpio,"7°52'34.77""",90,89.8493,0.1507
2025-10-31 22:30:00,Aspect,Square,Moon,Aquarius,"7°51'56.10""",Mercury,Scorpio,"7°53'08.65""",90,89.9798,0.0202
2025-10-31 22:45:00,Aspect,Square,Moon,Aquarius,"8°00'19.99""",Mercury,Scorpio,"7°53'42.51""",90,90.1104,0.1104
2025-10-31 23:00:00,Aspect,Square,Moon,Aquarius,"8°08'44.06""",Mercury,Scorpio,"7°54'16.34""",90,90.241,0.241
2025-10-31 23:15:00,Aspect,Square,Moon,Aquarius,"8°17'08.30""",Mercury,Scorpio,"7°54'50.16""",90,90.3717,0.3717
2025-10-31 23:30:00,Aspect,Square,Moon,Aquarius,"8°25'32.73""",Mercury,Scorpio,"7°55'23.94""",90,90.5024,0.5024
2025-10-31 23:45:00,Aspect,Square,Moon,Aquarius,"8°33'57.34""",Mercury,Scorpio,"7°55'57.71""",90,90.6332,0.6332
