datetime,event,type,planet1,planet1_sign,planet1_degree,planet2,planet2_sign,planet2_degree,exact_angle,difference,orb
2025-11-01 00:00:00,Aspect,Square,Moon,Aquarius,"8°42'22.13""",Mercury,Scorpio,"7°56'31.45""",90,90.7641,0.7641
2025-11-01 00:00:00,Aspect,Trine,Jupiter,Cancer,"0°44'08.09""",Saturn,Pisces,"1°35'26.91""",120,119.1448,0.8552
2025-11-01 00:15:00,Aspect,Square,Moon,Aquarius,"8°50'47.09""",Mercury,Scorpio,"7°57'05.17""",90,90.895,0.895
2025-11-01 00:15:00,Aspect,Trine,Jupiter,Cancer,"0°44'09.43""",Saturn,Pisces,"1°35'25.19""",120,119.1456,0.8544
2025-11-01 00:30:00,Aspect,Trine,Jupiter,Cancer,"0°44'10.77""",Saturn,Pisces,"1°35'23.48""",120,119.1465,0.8535
2025-11-01 00:45:00,Aspect,Trine,Jupiter,Cancer,"0°44'12.10""",Saturn,Pisces,"1°35'21.76""",120,119.1473,0.8527
2025-11-01 01:00:00,Aspect,Trine,Jupiter,Cancer,"0°44'13.44""",Saturn,Pisces,"1°35'20.04""",120,119.1482,0.8518
2025-11-01 01:15:00,Aspect,Trine,Jupiter,Cancer,"0°44'14.77""",Saturn,Pisces,"1°35'18.32""",120,119.149,0.851
2025-11-01 01:30:00,Aspect,Trine,Jupiter,Cancer,"0°44'16.11""",Saturn,Pisces,"1°35'16.60""",120,119.1499,0.8501
2025-11-01 01:45:00,Aspect,Trine,Jupiter,Cancer,"0°44'17.44""",Saturn,Pisces,"1°35'14.89""",120,119.1507,0.8493
2025-11-01 02:00:00,Aspect,Trine,Jupiter,Cancer,"0°44'18.77""",Saturn,Pisces,"1°35'13.17""",120,119.1516,0.8484
2025-11-01 02:15:00,Aspect,Trine,Jupiter,Cancer,"0°44'20.10""",Saturn,Pisces,"1°35'11.46""",120,119.1524,0.8476
2025-11-01 02:30:00,Aspect,Trine,Jupiter,Cancer,"0°44'21.43""",Saturn,Pisces,"1°35'09.74""",120,119.1532,0.8468
2025-11-01 02:45:00,Aspect,Trine,Jupiter,Cancer,"0°44'22.76""",Saturn,Pisces,"1°35'08.03""",120,119.1541,0.8459
2025-11-01 03:00:00,Aspect,Trine,Jupiter,Cancer,"0°44'24.09""",Saturn,Pisces,"1°35'06.31""",120,119.1549,0.8451
2025-11-01 03:15:00,Aspect,Trine,Jupiter,Cancer,"0°44'25.41""",Saturn,Pisces,"1°35'04.60""",120,119.1558,0.8442
2025-11-01 03:30:00,Aspect,Trine,Jupiter,Cancer,"0°44'26.73""",Saturn,Pisces,"1°35'02.89""",120,119.1566,0.8434
2025-11-01 03:45:00,Aspect,Trine,Jupiter,Cancer,"0°44'28.06""",Saturn,Pisces,"1°35'01.18""",120,119.1575,0.8425
2025-11-01 04:00:00,Aspect,Trine,Jupiter,Cancer,"0°44'29.38""",Saturn,Pisces,"1°34'59.46""",120,119.1583,0.8417
2025-11-01 04:15:00,Aspect,Trine,Jupiter,Cancer,"0°44'30.70""",Saturn,Pisces,"1°34'57.75""",120,119.1592,0.8408
2025-11-01 04:30:00,Aspect,Trine,Jupiter,Cancer,"0°44'32.02""",Saturn,Pisces,"1°34'56.04""",120,119.16,0.84
2025-11-01 04:45:00,Aspect,Trine,Jupiter,Cancer,"0°44'33.33""",Saturn,Pisces,"1°34'54.33""",120,119.1608,0.8392
2025-11-01 05:00:00,Aspect,Trine,Jupiter,Cancer,"0°44'34.65""",Saturn,Pisces,"1°34'52.62""",120,119.1617,0.8383
2025-11-01 05:15:00,Aspect,Trine,Jupiter,Cancer,"0°44'35.97""",Saturn,Pisces,"1°34'50.92""",120,119.1625,0.8375
2025-11-01 05:30:00,Aspect,Trine,Jupiter,Cancer,"0°44'37.28""",Saturn,Pisces,"1°34'49.21""",120,119.1634,0.8366
2025-11-01 05:45:00,Aspect,Trine,Jupiter,Cancer,"0°44'38.59""",Saturn,Pisces,"1°34'47.50""",120,119.1642,0.8358
2025-11-01 06:00:00,Aspect,Trine,Jupiter,Cancer,"0°44'39.90""",Saturn,Pisces,"1°34'45.79""",120,119.165,0.835
2025-11-01 06:15:00,Aspect,Trine,Jupiter,Cancer,"0°44'41.21""",Saturn,Pisces,"1°34'44.09""",120,119.1659,0.8341
2025-11-01 06:30:00,Aspect,Trine,Jupiter,Cancer,"0°44'42.52""",Saturn,Pisces,"1°34'42.38""",120,119.1667,0.8333
2025-11-01 06:45:00,Aspect,Trine,Jupiter,Cancer,"0°44'43.83""",Saturn,Pisces,"1°34'40.68""",120,119.1675,0.8325
2025-11-01 07:00:00,Aspect,Trine,Jupiter,Cancer,"0°44'45.14""",Saturn,Pisces,"1°34'38.97""",120,119.1684,0.8316
2025-11-01 07:15:00,Aspect,Trine,Jupiter,Cancer,"0°44'46.44""",Saturn,Pisces,"1°34'37.27""",120,119.1692,0.8308
2025-11-01 07:30:00,Aspect,Trine,Jupiter,Cancer,"0°44'47.75""",Saturn,Pisces,"1°34'35.56""",120,119.1701,0.8299
2025-11-01 07:45:00,Aspect,Trine,Jupiter,Cancer,"0°44'49.05""",Saturn,Pisces,"1°34'33.86""",120,119.1709,0.8291
2025-11-01 08:00:00,Aspect,Trine,Jupiter,Cancer,"0°44'50.35""",Saturn,Pisces,"1°34'32.16""",120,119.1717,0.8283
2025-11-01 08:15:00,Aspect,Trine,Jupiter,Cancer,"0°44'51.65""",Saturn,Pisces,"1°34'30.46""",120,119.1726,0.8274
2025-11-01 08:30:00,Aspect,Trine,Jupiter,Cancer,"0°44'52.95""",Saturn,Pisces,"1°34'28.76""",120,119.1734,0.8266
2025-11-01 08:45:00,Aspect,Trine,Jupiter,Cancer,"0°44'54.25""",Saturn,Pisces,"1°34'27.06""",120,119.1742,0.8258
2025-11-01 09:00:00,Aspect,Trine,Sun,Libra,"14°41'10.65""",Moon,Aquarius,"13°47'15.72""",120,119.1014,0.8986
2025-11-01 09:00:00,Aspect,Trine,Jupiter,Cancer,"0°44'55.54""",Saturn,Pisces,"1°34'25.36""",120,119.1751,0.8249
2025-11-01 09:15:00,Aspect,Trine,Sun,Libra,"14°41'48.15""",Moon,Aquarius,"13°55'47.27""",120,119.2331,0.7669
2025-11-01 09:15:00,Aspect,Trine,Jupiter,Cancer,"0°44'56.84""",Saturn,Pisces,"1°34'23.66""",120,119.1759,0.8241
2025-11-01 09:30:00,Aspect,Trine,Sun,Libra,"14°42'25.65""",Moon,Aquarius,"14°04'19.01""",120,119.3648,0.6352
2025-11-01 09:30:00,Aspect,Trine,Jupiter,Cancer,"0°44'58.13""",Saturn,Pisces,"1°34'21.96""",120,119.1767,0.8233
2025-11-01 09:45:00,Aspect,Trine,Sun,Libra,"14°43'03.15""",Moon,Aquarius,"14°12'50.94""",120,119.4966,0.5034
2025-11-01 09:45:00,Aspect,Trine,Jupiter,Cancer,"0°44'59.43""",Saturn,Pisces,"1°34'20.26""",120,119.1775,0.8225
2025-11-01 10:00:00,Aspect,Trine,Sun,Libra,"14°43'40.65""",Moon,Aquarius,"14°21'23.06""",120,119.6284,0.3716
2025-11-01 10:00:00,Aspect,Trine,Jupiter,Cancer,"0°45'00.72""",Saturn,Pisces,"1°34'18.56""",120,119.1784,0.8216
2025-11-01 10:15:00,Aspect,Trine,Sun,Libra,"14°44'18.15""",Moon,Aquarius,"14°29'55.36""",120,119.7603,0.2397
2025-11-01 10:15:00,Aspect,Trine,Jupiter,Cancer,"0°45'02.01""",Saturn,Pisces,"1°34'16.86""",120,119.1792,0.8208
2025-11-01 10:30:00,Aspect,Trine,Sun,Libra,"14°44'55.65""",Moon,Aquarius,"14°38'27.84""",120,119.8923,0.1077
2025-11-01 10:30:00,Aspect,Trine,Jupiter,Cancer,"0°45'03.30""",Saturn,Pisces,"1°34'15.17""",120,119.18,0.82
2025-11-01 10:45:00,Aspect,Trine,Sun,Libra,"14°45'33.15""",Moon,Aquarius,"14°47'00.52""",120,120.0243,0.0243
2025-11-01 10:45:00,Aspect,Trine,Jupiter,Cancer,"0°45'04.58""",Saturn,Pisces,"1°34'13.47""",120,119.1809,0.8191
2025-11-01 11:00:00,Aspect,Trine,Sun,Libra,"14°46'10.65""",Moon,Aquarius,"14°55'33.37""",120,120.1563,0.1563
2025-11-01 11:00:00,Aspect,Trine,Jupiter,Cancer,"0°45'05.87""",Saturn,Pisces,"1°34'11.78""",120,119.1817,0.8183
2025-11-01 11:15:00,Aspect,Trine,Sun,Libra,"14°46'48.16""",Moon,Aquarius,"15°04'06.42""",120,120.2884,0.2884
2025-11-01 11:15:00,Aspect,Trine,Jupiter,Cancer,"0°45'07.16""",Saturn,Pisces,"1°34'10.08""",120,119.1825,0.8175
2025-11-01 11:30:00,Aspect,Trine,Sun,Libra,"14°47'25.66""",Moon,Aquarius,"15°12'39.65""",120,120.4206,0.4206
2025-11-01 11:30:00,Aspect,Trine,Jupiter,Cancer,"0°45'08.44""",Saturn,Pisces,"1°34'08.39""",120,119.1833,0.8167
2025-11-01 11:45:00,Aspect,Trine,Sun,Libra,"14°48'03.16""",Moon,Aquarius,"15°21'13.07""",120,120.5528,0.5528
2025-11-01 11:45:00,Aspect,Trine,Jupiter,Cancer,"0°45'09.72""",Saturn,Pisces,"1°34'06.69""",120,119.1842,0.8158
2025-11-01 12:00:00,Aspect,Trine,Sun,Libra,"14°48'40.66""",Moon,Aquarius,"15°29'46.67""",120,120.685,0.685
2025-11-01 12:00:00,Aspect,Trine,Jupiter,Cancer,"0°45'11.00""",Saturn,Pisces,"1°34'05.00""",120,119.185,0.815
2025-11-01 12:15:00,Aspect,Trine,Sun,Libra,"14°49'18.16""",Moon,Aquarius,"15°38'20.46""",120,120.8173,0.8173
2025-11-01 12:15:00,Aspect,Trine,Jupiter,Cancer,"0°45'12.28""",Saturn,Pisces,"1°34'03.31""",120,119.1858,0.8142
2025-11-01 12:30:00,Aspect,Trine,Sun,Libra,"14°49'55.67""",Moon,Aquarius,"15°46'54.44""",120,120.9497,0.9497
2025-11-01 12:30:00,Aspect,Trine,Jupiter,Cancer,"0°45'13.56""",Saturn,Pisces,"1°34'01.61""",120,119.1867,0.8133
2025-11-01 12:45:00,Aspect,Trine,Jupiter,Cancer,"0°45'14.84""",Saturn,Pisces,"1°33'59.92""",120,119.1875,0.8125
2025-11-01 13:00:00,Aspect,Trine,Jupiter,Cancer,"0°45'16.12""",Saturn,Pisces,"1°33'58.23""",120,119.1883,0.8117
2025-11-01 13:15:00,Aspect,Trine,Jupiter,Cancer,"0°45'17.39""",Saturn,Pisces,"1°33'56.54""",120,119.1891,0.8109
2025-11-01 13:30:00,Aspect,Trine,Jupiter,Cancer,"0°45'18.67""",Saturn,Pisces,"1°33'54.85""",120,119.1899,0.8101
2025-11-01 13:45:00,Aspect,Trine,Jupiter,Cancer,"0°45'19.94""",Saturn,Pisces,"1°33'53.16""",120,119.1908,0.8092
2025-11-01 14:00:00,Aspect,Trine,Jupiter,Cancer,"0°45'21.21""",Saturn,Pisces,"1°33'51.47""",120,119.1916,0.8084
2025-11-01 14:15:00,Aspect,Trine,Jupiter,Cancer,"0°45'22.48""",Saturn,Pisces,"1°33'49.79""",120,119.1924,0.8076
2025-11-01 14:30:00,Aspect,Trine,Jupiter,Cancer,"0°45'23.75""",Saturn,Pisces,"1°33'48.10""",120,119.1932,0.8068
2025-11-01 14:45:00,Aspect,Trine,Jupiter,Cancer,"0°45'25.02""",Saturn,Pisces,"1°33'46.41""",120,119.1941,0.8059
2025-11-01 15:00:00,Aspect,Trine,Jupiter,Cancer,"0°45'26.29""",Saturn,Pisces,"1°33'44.73""",120,119.1949,0.8051
2025-11-01 15:15:00,Aspect,Trine,Jupiter,Cancer,"0°45'27.55""",Saturn,Pisces,"1°33'43.04""",120,119.1957,0.8043
2025-11-01 15:30:00,Aspect,Trine,Jupiter,Cancer,"0°45'28.82""",Saturn,Pisces,"1°33'41.35""",120,119.1965,0.8035
2025-11-01 15:45:00,Aspect,Trine,Jupiter,Cancer,"0°45'30.08""",Saturn,Pisces,"1°33'39.67""",120,119.1973,0.8027
2025-11-01 16:00:00,Aspect,Trine,Jupiter,Cancer,"0°45'31.34""",Saturn,Pisces,"1°33'37.99""",120,119.1982,0.8018
2025-11-01 16:15:00,Aspect,Trine,Jupiter,Cancer,"0°45'32.60""",Saturn,Pisces,"1°33'36.30""",120,119.199,0.801
2025-11-01 16:30:00,Aspect,Trine,Jupiter,Cancer,"0°45'33.86""",Saturn,Pisces,"1°33'34.62""",120,119.1998,0.8002
2025-11-01 16:45:00,Aspect,Trine,Jupiter,Cancer,"0°45'35.12""",Saturn,Pisces,"1°33'32.94""",120,119.2006,0.7994
2025-11-01 17:00:00,Aspect,Trine,Jupiter,Cancer,"0°45'36.37""",Saturn,Pisces,"1°33'31.26""",120,119.2014,0.7986
2025-11-01 17:15:00,Aspect,Trine,Jupiter,Cancer,"0°45'37.63""",Saturn,Pisces,"1°33'29.57""",120,119.2022,0.7978
2025-11-01 17:30:00,Aspect,Trine,Jupiter,Cancer,"0°45'38.88""",Saturn,Pisces,"1°33'27.89""",120,119.2031,0.7969
2025-11-01 17:45:00,Aspect,Trine,Jupiter,Cancer,"0°45'40.14""",Saturn,Pisces,"1°33'26.21""",120,119.2039,0.7961
2025-11-01 18:00:00,Aspect,Trine,Jupiter,Cancer,"0°45'41.39""",Saturn,Pisces,"1°33'24.53""",120,119.2047,0.7953
2025-11-01 18:15:00,Aspect,Trine,Jupiter,Cancer,"0°45'42.64""",Saturn,Pisces,"1°33'22.85""",120,119.2055,0.7945
2025-11-01 18:30:00,Aspect,Trine,Jupiter,Cancer,"0°45'43.89""",Saturn,Pisces,"1°33'21.18""",120,119.2063,0.7937
2025-11-01 18:45:00,Aspect,Trine,Jupiter,Cancer,"0°45'45.14""",Saturn,Pisces,"1°33'19.50""",120,119.2071,0.7929
2025-11-01 19:00:00,Aspect,Trine,Jupiter,Cancer,"0°45'46.38""",Saturn,Pisces,"1°33'17.82""",120,119.2079,0.7921
2025-11-01 19:15:00,Aspect,Trine,Jupiter,Cancer,"0°45'47.63""",Saturn,Pisces,"1°33'16.14""",120,119.2087,0.7913
2025-11-01 19:30:00,Aspect,Trine,Jupiter,Cancer,"0°45'48.87""",Saturn,Pisces,"1°33'14.47""",120,119.2096,0.7904
2025-11-01 19:45:00,Aspect,Trine,Jupiter,Cancer,"0°45'50.11""",Saturn,Pisces,"1°33'12.79""",120,119.2104,0.7896
2025-11-01 20:00:00,Aspect,Trine,Jupiter,Cancer,"0°45'51.36""",Saturn,Pisces,"1°33'11.12""",120,119.2112,0.7888
2025-11-01 20:15:00,Aspect,Conjunction,Moon,Aquarius,"20°14'00.92""",Rahu,Aquarius,"21°09'07.78""",0,0.9186,0.9186
2025-11-01 20:15:00,Aspect,Opposition,Moon,Aquarius,"20°14'00.92""",Ketu,Leo,"21°09'07.78""",180,179.0814,0.9186
2025-11-01 20:15:00,Aspect,Trine,Jupiter,Cancer,"0°45'52.60""",Saturn,Pisces,"1°33'09.44""",120,119.212,0.788
2025-11-01 20:30:00,Aspect,Conjunction,Moon,Aquarius,"20°22'40.92""",Rahu,Aquarius,"21°09'05.80""",0,0.7736,0.7736
2025-11-01 20:30:00,Aspect,Opposition,Moon,Aquarius,"20°22'40.92""",Ketu,Leo,"21°09'05.80""",180,179.2264,0.7736
2025-11-01 20:30:00,Aspect,Trine,Jupiter,Cancer,"0°45'53.84""",Saturn,Pisces,"1°33'07.77""",120,119.2128,0.7872
2025-11-01 20:45:00,Aspect,Conjunction,Moon,Aquarius,"20°31'21.11""",Rahu,Aquarius,"21°09'03.81""",0,0.6285,0.6285
2025-11-01 20:45:00,Aspect,Opposition,Moon,Aquarius,"20°31'21.11""",Ketu,Leo,"21°09'03.81""",180,179.3715,0.6285
2025-11-01 20:45:00,Aspect,Trine,Jupiter,Cancer,"0°45'55.07""",Saturn,Pisces,"1°33'06.10""",120,119.2136,0.7864
2025-11-01 21:00:00,Aspect,Conjunction,Moon,Aquarius,"20°40'01.49""",Rahu,Aquarius,"21°09'01.82""",0,0.4834,0.4834
2025-11-01 21:00:00,Aspect,Opposition,Moon,Aquarius,"20°40'01.49""",Ketu,Leo,"21°09'01.82""",180,179.5166,0.4834
2025-11-01 21:00:00,Aspect,Trine,Jupiter,Cancer,"0°45'56.31""",Saturn,Pisces,"1°33'04.42""",120,119.2144,0.7856
2025-11-01 21:15:00,Aspect,Conjunction,Moon,Aquarius,"20°48'42.06""",Rahu,Aquarius,"21°08'59.83""",0,0.3383,0.3383
2025-11-01 21:15:00,Aspect,Opposition,Moon,Aquarius,"20°48'42.06""",Ketu,Leo,"21°08'59.83""",180,179.6617,0.3383
2025-11-01 21:15:00,Aspect,Trine,Jupiter,Cancer,"0°45'57.55""",Saturn,Pisces,"1°33'02.75""",120,119.2152,0.7848
2025-11-01 21:30:00,Aspect,Conjunction,Moon,Aquarius,"20°57'22.82""",Rahu,Aquarius,"21°08'57.85""",0,0.1931,0.1931
2025-11-01 21:30:00,Aspect,Opposition,Moon,Aquarius,"20°57'22.82""",Ketu,Leo,"21°08'57.85""",180,179.8069,0.1931
2025-11-01 21:30:00,Aspect,Trine,Jupiter,Cancer,"0°45'58.78""",Saturn,Pisces,"1°33'01.08""",120,119.216,0.784
2025-11-01 21:45:00,Aspect,Conjunction,Moon,Aquarius,"21°06'03.77""",Rahu,Aquarius,"21°08'55.86""",0,0.0478,0.0478
2025-11-01 21:45:00,Aspect,Opposition,Moon,Aquarius,"21°06'03.77""",Ketu,Leo,"21°08'55.86""",180,179.9522,0.0478
2025-11-01 21:45:00,Aspect,Trine,Jupiter,Cancer,"0°46'00.01""",Saturn,Pisces,"1°32'59.41""",120,119.2168,0.7832
2025-11-01 22:00:00,Aspect,Conjunction,Moon,Aquarius,"21°14'44.91""",Rahu,Aquarius,"21°08'53.87""",0,0.0975,0.0975
2025-11-01 22:00:00,Aspect,Opposition,Moon,Aquarius,"21°14'44.91""",Ketu,Leo,"21°08'53.87""",180,179.9025,0.0975
2025-11-01 22:00:00,Aspect,Trine,Jupiter,Cancer,"0°46'01.24""",Saturn,Pisces,"1°32'57.74""",120,119.2176,0.7824
2025-11-01 22:15:00,Aspect,Conjunction,Moon,Aquarius,"21°23'26.23""",Rahu,Aquarius,"21°08'51.89""",0,0.2429,0.2429
2025-11-01 22:15:00,Aspect,Opposition,Moon,Aquarius,"21°23'26.23""",Ketu,Leo,"21°08'51.89""",180,179.7571,0.2429
2025-11-01 22:15:00,Aspect,Trine,Jupiter,Cancer,"0°46'02.47""",Saturn,Pisces,"1°32'56.07""",120,119.2184,0.7816
2025-11-01 22:30:00,Aspect,Conjunction,Moon,Aquarius,"21°32'07.75""",Rahu,Aquarius,"21°08'49.90""",0,0.3883,0.3883
2025-11-01 22:30:00,Aspect,Opposition,Moon,Aquarius,"21°32'07.75""",Ketu,Leo,"21°08'49.90""",180,179.6117,0.3883
2025-11-01 22:30:00,Aspect,Trine,Jupiter,Cancer,"0°46'03.70""",Saturn,Pisces,"1°32'54.40""",120,119.2193,0.7807
2025-11-01 22:45:00,Aspect,Conjunction,Moon,Aquarius,"21°40'49.45""",Rahu,Aquarius,"21°08'47.91""",0,0.5338,0.5338
2025-11-01 22:45:00,Aspect,Opposition,Moon,Aquarius,"21°40'49.45""",Ketu,Leo,"21°08'47.91""",180,179.4662,0.5338
2025-11-01 22:45:00,Aspect,Trine,Jupiter,Cancer,"0°46'04.93""",Saturn,Pisces,"1°32'52.73""",120,119.2201,0.7799
2025-11-01 23:00:00,Aspect,Conjunction,Moon,Aquarius,"21°49'31.35""",Rahu,Aquarius,"21°08'45.92""",0,0.6793,0.6793
2025-11-01 23:00:00,Aspect,Opposition,Moon,Aquarius,"21°49'31.35""",Ketu,Leo,"21°08'45.92""",180,179.3207,0.6793
2025-11-01 23:00:00,Aspect,Trine,Jupiter,Cancer,"0°46'06.16""",Saturn,Pisces,"1°32'51.06""",120,119.2209,0.7791
2025-11-01 23:15:00,Aspect,Conjunction,Moon,Aquarius,"21°58'13.43""",Rahu,Aquarius,"21°08'43.94""",0,0.8249,0.8249
2025-11-01 23:15:00,Aspect,Opposition,Moon,Aquarius,"21°58'13.43""",Ketu,Leo,"21°08'43.94""",180,179.1751,0.8249
2025-11-01 23:15:00,Aspect,Trine,Jupiter,Cancer,"0°46'07.38""",Saturn,Pisces,"1°32'49.40""",120,119.2217,0.7783
2025-11-01 23:30:00,Aspect,Conjunction,Moon,Aquarius,"22°06'55.71""",Rahu,Aquarius,"21°08'41.95""",0,0.9705,0.9705
2025-11-01 23:30:00,Aspect,Opposition,Moon,Aquarius,"22°06'55.71""",Ketu,Leo,"21°08'41.95""",180,179.0295,0.9705
2025-11-01 23:30:00,Aspect,Trine,Jupiter,Cancer,"0°46'08.61""",Saturn,Pisces,"1°32'47.73""",120,119.2225,0.7775
2025-11-01 23:45:00,Aspect,Trine,Jupiter,Cancer,"0°46'09.83""",Saturn,Pisces,"1°32'46.06""",120,119.2233,0.7767
2025-11-02 00:00:00,Aspect,Trine,Jupiter,Cancer,"0°46'11.05""",Saturn,Pisces,"1°32'44.40""",120,119.2241,0.7759
2025-11-02 00:15:00,Aspect,Trine,Jupiter,Cancer,"0°46'12.27""",Saturn,Pisces,"1°32'42.73""",120,119.2249,0.7751
2025-11-02 00:30:00,Aspect,Trine,Jupiter,Cancer,"0°46'13.49""",Saturn,Pisces,"1°32'41.07""",120,119.2257,0.7743
2025-11-02 00:45:00,Aspect,Trine,Jupiter,Cancer,"0°46'14.71""",Saturn,Pisces,"1°32'39.40""",120,119.2265,0.7735
2025-11-02 01:00:00,Aspect,Trine,Jupiter,Cancer,"0°46'15.93""",Saturn,Pisces,"1°32'37.74""",120,119.2273,0.7727
2025-11-02 01:15:00,Aspect,Trine,Jupiter,Cancer,"0°46'17.14""",Saturn,Pisces,"1°32'36.08""",120,119.2281,0.7719
2025-11-02 01:30:00,Aspect,Trine,Jupiter,Cancer,"0°46'18.36""",Saturn,Pisces,"1°32'34.42""",120,119.2289,0.7711
2025-11-02 01:45:00,Aspect,Trine,Jupiter,Cancer,"0°46'19.57""",Saturn,Pisces,"1°32'32.75""",120,119.2297,0.7703
2025-11-02 02:00:00,Aspect,Trine,Jupiter,Cancer,"0°46'20.78""",Saturn,Pisces,"1°32'31.09""",120,119.2305,0.7695
2025-11-02 02:15:00,Aspect,Trine,Jupiter,Cancer,"0°46'21.99""",Saturn,Pisces,"1°32'29.43""",120,119.2313,0.7687
2025-11-02 02:30:00,Aspect,Trine,Jupiter,Cancer,"0°46'23.20""",Saturn,Pisces,"1°32'27.77""",120,119.2321,0.7679
2025-11-02 02:45:00,Aspect,Trine,Jupiter,Cancer,"0°46'24.41""",Saturn,Pisces,"1°32'26.11""",120,119.2329,0.7671
2025-11-02 03:00:00,Aspect,Trine,Jupiter,Cancer,"0°46'25.62""",Saturn,Pisces,"1°32'24.45""",120,119.2337,0.7663
2025-11-02 03:15:00,Aspect,Trine,Jupiter,Cancer,"0°46'26.82""",Saturn,Pisces,"1°32'22.80""",120,119.2345,0.7655
2025-11-02 03:30:00,Aspect,Trine,Jupiter,Cancer,"0°46'28.03""",Saturn,Pisces,"1°32'21.14""",120,119.2352,0.7648
2025-11-02 03:45:00,Aspect,Trine,Jupiter,Cancer,"0°46'29.23""",Saturn,Pisces,"1°32'19.48""",120,119.236,0.764
2025-11-02 04:00:00,Aspect,Trine,Jupiter,Cancer,"0°46'30.43""",Saturn,Pisces,"1°32'17.82""",120,119.2368,0.7632
2025-11-02 04:15:00,Aspect,Trine,Jupiter,Cancer,"0°46'31.63""",Saturn,Pisces,"1°32'16.17""",120,119.2376,0.7624
2025-11-02 04:30:00,Aspect,Trine,Jupiter,Cancer,"0°46'32.83""",Saturn,Pisces,"1°32'14.51""",120,119.2384,0.7616
2025-11-02 04:45:00,Aspect,Trine,Jupiter,Cancer,"0°46'34.03""",Saturn,Pisces,"1°32'12.86""",120,119.2392,0.7608
2025-11-02 05:00:00,Aspect,Trine,Jupiter,Cancer,"0°46'35.22""",Saturn,Pisces,"1°32'11.20""",120,119.24,0.76
2025-11-02 05:15:00,Aspect,Trine,Jupiter,Cancer,"0°46'36.42""",Saturn,Pisces,"1°32'09.55""",120,119.2408,0.7592
2025-11-02 05:30:00,Aspect,Trine,Jupiter,Cancer,"0°46'37.61""",Saturn,Pisces,"1°32'07.90""",120,119.2416,0.7584
2025-11-02 05:45:00,Aspect,Trine,Jupiter,Cancer,"0°46'38.81""",Saturn,Pisces,"1°32'06.24""",120,119.2424,0.7576
2025-11-02 06:00:00,Aspect,Trine,Jupiter,Cancer,"0°46'40.00""",Saturn,Pisces,"1°32'04.59""",120,119.2432,0.7568
2025-11-02 06:15:00,Aspect,Trine,Jupiter,Cancer,"0°46'41.19""",Saturn,Pisces,"1°32'02.94""",120,119.244,0.756
2025-11-02 06:30:00,Aspect,Trine,Jupiter,Cancer,"0°46'42.38""",Saturn,Pisces,"1°32'01.29""",120,119.2447,0.7553
2025-11-02 06:45:00,Aspect,Trine,Jupiter,Cancer,"0°46'43.57""",Saturn,Pisces,"1°31'59.64""",120,119.2455,0.7545
2025-11-02 07:00:00,Aspect,Trine,Jupiter,Cancer,"0°46'44.75""",Saturn,Pisces,"1°31'57.99""",120,119.2463,0.7537
2025-11-02 07:15:00,Aspect,Trine,Jupiter,Cancer,"0°46'45.94""",Saturn,Pisces,"1°31'56.34""",120,119.2471,0.7529
2025-11-02 07:30:00,Aspect,Trine,Jupiter,Cancer,"0°46'47.12""",Saturn,Pisces,"1°31'54.69""",120,119.2479,0.7521
2025-11-02 07:45:00,Aspect,Trine,Jupiter,Cancer,"0°46'48.31""",Saturn,Pisces,"1°31'53.05""",120,119.2487,0.7513
2025-11-02 08:00:00,Aspect,Trine,Jupiter,Cancer,"0°46'49.49""",Saturn,Pisces,"1°31'51.40""",120,119.2495,0.7505
2025-11-02 08:15:00,Aspect,Trine,Jupiter,Cancer,"0°46'50.67""",Saturn,Pisces,"1°31'49.75""",120,119.2503,0.7497
2025-11-02 08:30:00,Aspect,Trine,Jupiter,Cancer,"0°46'51.85""",Saturn,Pisces,"1°31'48.10""",120,119.251,0.749
2025-11-02 08:45:00,Aspect,Trine,Jupiter,Cancer,"0°46'53.03""",Saturn,Pisces,"1°31'46.46""",120,119.2518,0.7482
2025-11-02 09:00:00,Aspect,Trine,Jupiter,Cancer,"0°46'54.20""",Saturn,Pisces,"1°31'44.81""",120,119.2526,0.7474
2025-11-02 09:15:00,Aspect,Trine,Jupiter,Cancer,"0°46'55.38""",Saturn,Pisces,"1°31'43.17""",120,119.2534,0.7466
2025-11-02 09:30:00,Aspect,Trine,Jupiter,Cancer,"0°46'56.55""",Saturn,Pisces,"1°31'41.53""",120,119.2542,0.7458
2025-11-02 09:45:00,Aspect,Trine,Jupiter,Cancer,"0°46'57.73""",Saturn,Pisces,"1°31'39.88""",120,119.255,0.745
2025-11-02 10:00:00,Aspect,Trine,Jupiter,Cancer,"0°46'58.90""",Saturn,Pisces,"1°31'38.24""",120,119.2557,0.7443
2025-11-02 10:15:00,Aspect,Trine,Jupiter,Cancer,"0°47'00.07""",Saturn,Pisces,"1°31'36.60""",120,119.2565,0.7435
2025-11-02 10:30:00,Aspect,Trine,Jupiter,Cancer,"0°47'01.24""",Saturn,Pisces,"1°31'34.96""",120,119.2573,0.7427
2025-11-02 10:45:00,Aspect,Square,Venus,Virgo,"29°47'27.28""",Jupiter,Cancer,"0°47'02.41""",90,89.0069,0.9931
2025-11-02 10:45:00,Aspect,Trine,Jupiter,Cancer,"0°47'02.41""",Saturn,Pisces,"1°31'33.32""",120,119.2581,0.7419
2025-11-02 11:00:00,Aspect,Square,Venus,Virgo,"29°48'14.16""",Jupiter,Cancer,"0°47'03.57""",90,89.0196,0.9804
2025-11-02 11:00:00,Aspect,Trine,Jupiter,Cancer,"0°47'03.57""",Saturn,Pisces,"1°31'31.67""",120,119.2589,0.7411
2025-11-02 11:15:00,Aspect,Square,Venus,Virgo,"29°49'01.05""",Jupiter,Cancer,"0°47'04.74""",90,89.0323,0.9677
2025-11-02 11:15:00,Aspect,Trine,Jupiter,Cancer,"0°47'04.74""",Saturn,Pisces,"1°31'30.03""",120,119.2596,0.7404
2025-11-02 11:30:00,Aspect,Square,Venus,Virgo,"29°49'47.93""",Jupiter,Cancer,"0°47'05.90""",90,89.045,0.955
2025-11-02 11:30:00,Aspect,Trine,Jupiter,Cancer,"0°47'05.90""",Saturn,Pisces,"1°31'28.40""",120,119.2604,0.7396
2025-11-02 11:45:00,Aspect,Square,Venus,Virgo,"29°50'34.82""",Jupiter,Cancer,"0°47'07.06""",90,89.0577,0.9423
2025-11-02 11:45:00,Aspect,Trine,Jupiter,Cancer,"0°47'07.06""",Saturn,Pisces,"1°31'26.76""",120,119.2612,0.7388
2025-11-02 12:00:00,Aspect,Square,Venus,Virgo,"29°51'21.70""",Jupiter,Cancer,"0°47'08.23""",90,89.0704,0.9296
2025-11-02 12:00:00,Aspect,Trine,Jupiter,Cancer,"0°47'08.23""",Saturn,Pisces,"1°31'25.12""",120,119.262,0.738
2025-11-02 12:15:00,Aspect,Square,Venus,Virgo,"29°52'08.59""",Jupiter,Cancer,"0°47'09.39""",90,89.0831,0.9169
2025-11-02 12:15:00,Aspect,Trine,Jupiter,Cancer,"0°47'09.39""",Saturn,Pisces,"1°31'23.48""",120,119.2628,0.7372
2025-11-02 12:30:00,Aspect,Square,Venus,Virgo,"29°52'55.47""",Jupiter,Cancer,"0°47'10.55""",90,89.0958,0.9042
2025-11-02 12:30:00,Aspect,Trine,Jupiter,Cancer,"0°47'10.55""",Saturn,Pisces,"1°31'21.84""",120,119.2635,0.7365
2025-11-02 12:45:00,Aspect,Trine,Moon,Aquarius,"29°52'47.39""",Jupiter,Cancer,"0°47'11.70""",120,120.9068,0.9068
2025-11-02 12:45:00,Aspect,Square,Venus,Virgo,"29°53'42.36""",Jupiter,Cancer,"0°47'11.70""",90,89.1085,0.8915
2025-11-02 12:45:00,Aspect,Trine,Jupiter,Cancer,"0°47'11.70""",Saturn,Pisces,"1°31'20.21""",120,119.2643,0.7357
2025-11-02 13:00:00,Aspect,Trine,Moon,Pisces,"0°01'39.88""",Jupiter,Cancer,"0°47'12.86""",120,120.7592,0.7592
2025-11-02 13:00:00,Aspect,Square,Venus,Virgo,"29°54'29.24""",Jupiter,Cancer,"0°47'12.86""",90,89.1212,0.8788
2025-11-02 13:00:00,Aspect,Trine,Jupiter,Cancer,"0°47'12.86""",Saturn,Pisces,"1°31'18.57""",120,119.2651,0.7349
2025-11-02 13:15:00,Aspect,Trine,Moon,Pisces,"0°10'32.56""",Jupiter,Cancer,"0°47'14.02""",120,120.6115,0.6115
2025-11-02 13:15:00,Aspect,Square,Venus,Virgo,"29°55'16.13""",Jupiter,Cancer,"0°47'14.02""",90,89.1339,0.8661
2025-11-02 13:15:00,Aspect,Trine,Jupiter,Cancer,"0°47'14.02""",Saturn,Pisces,"1°31'16.94""",120,119.2659,0.7341
2025-11-02 13:30:00,Aspect,Trine,Moon,Pisces,"0°19'25.42""",Jupiter,Cancer,"0°47'15.17""",120,120.4638,0.4638
2025-11-02 13:30:00,Aspect,Square,Venus,Virgo,"29°56'03.01""",Jupiter,Cancer,"0°47'15.17""",90,89.1466,0.8534
2025-11-02 13:30:00,Aspect,Trine,Jupiter,Cancer,"0°47'15.17""",Saturn,Pisces,"1°31'15.30""",120,119.2666,0.7334
2025-11-02 13:45:00,Aspect,Trine,Moon,Pisces,"0°28'18.48""",Jupiter,Cancer,"0°47'16.32""",120,120.3161,0.3161
2025-11-02 13:45:00,Aspect,Square,Venus,Virgo,"29°56'49.90""",Jupiter,Cancer,"0°47'16.32""",90,89.1593,0.8407
2025-11-02 13:45:00,Aspect,Trine,Jupiter,Cancer,"0°47'16.32""",Saturn,Pisces,"1°31'13.67""",120,119.2674,0.7326
2025-11-02 14:00:00,Aspect,Trine,Moon,Pisces,"0°37'11.71""",Jupiter,Cancer,"0°47'17.48""",120,120.1683,0.1683
2025-11-02 14:00:00,Aspect,Conjunction,Moon,Pisces,"0°37'11.71""",Saturn,Pisces,"1°31'12.04""",0,0.9001,0.9001
2025-11-02 14:00:00,Aspect,Square,Venus,Virgo,"29°57'36.79""",Jupiter,Cancer,"0°47'17.48""",90,89.172,0.828
2025-11-02 14:00:00,Aspect,Trine,Jupiter,Cancer,"0°47'17.48""",Saturn,Pisces,"1°31'12.04""",120,119.2682,0.7318
2025-11-02 14:15:00,Aspect,Trine,Moon,Pisces,"0°46'05.14""",Jupiter,Cancer,"0°47'18.63""",120,120.0204,0.0204
2025-11-02 14:15:00,Aspect,Conjunction,Moon,Pisces,"0°46'05.14""",Saturn,Pisces,"1°31'10.40""",0,0.7515,0.7515
2025-11-02 14:15:00,Aspect,Square,Venus,Virgo,"29°58'23.67""",Jupiter,Cancer,"0°47'18.63""",90,89.1847,0.8153
2025-11-02 14:15:00,Aspect,Trine,Jupiter,Cancer,"0°47'18.63""",Saturn,Pisces,"1°31'10.40""",120,119.269,0.731
2025-11-02 14:30:00,Aspect,Trine,Moon,Pisces,"0°54'58.75""",Jupiter,Cancer,"0°47'19.77""",120,119.8725,0.1275
2025-11-02 14:30:00,Aspect,Conjunction,Moon,Pisces,"0°54'58.75""",Saturn,Pisces,"1°31'08.77""",0,0.6028,0.6028
2025-11-02 14:30:00,Aspect,Square,Venus,Virgo,"29°59'10.56""",Jupiter,Cancer,"0°47'19.77""",90,89.1974,0.8026
2025-11-02 14:30:00,Aspect,Trine,Jupiter,Cancer,"0°47'19.77""",Saturn,Pisces,"1°31'08.77""",120,119.2697,0.7303
2025-11-02 14:45:00,Aspect,Trine,Moon,Pisces,"1°03'52.56""",Jupiter,Cancer,"0°47'20.92""",120,119.7245,0.2755
2025-11-02 14:45:00,Aspect,Conjunction,Moon,Pisces,"1°03'52.56""",Saturn,Pisces,"1°31'07.14""",0,0.4541,0.4541
2025-11-02 14:45:00,Aspect,Square,Venus,Virgo,"29°59'57.45""",Jupiter,Cancer,"0°47'20.92""",90,89.2101,0.7899
2025-11-02 14:45:00,Aspect,Trine,Jupiter,Cancer,"0°47'20.92""",Saturn,Pisces,"1°31'07.14""",120,119.2705,0.7295
2025-11-02 15:00:00,Aspect,Trine,Moon,Pisces,"1°12'46.54""",Jupiter,Cancer,"0°47'22.07""",120,119.5765,0.4235
2025-11-02 15:00:00,Aspect,Conjunction,Moon,Pisces,"1°12'46.54""",Saturn,Pisces,"1°31'05.51""",0,0.3053,0.3053
2025-11-02 15:00:00,Aspect,Square,Venus,Libra,"0°00'44.33""",Jupiter,Cancer,"0°47'22.07""",90,89.2229,0.7771
2025-11-02 15:00:00,Aspect,Trine,Jupiter,Cancer,"0°47'22.07""",Saturn,Pisces,"1°31'05.51""",120,119.2713,0.7287
2025-11-02 15:15:00,Aspect,Trine,Moon,Pisces,"1°21'40.72""",Jupiter,Cancer,"0°47'23.22""",120,119.4285,0.5715
2025-11-02 15:15:00,Aspect,Conjunction,Moon,Pisces,"1°21'40.72""",Saturn,Pisces,"1°31'03.88""",0,0.1564,0.1564
2025-11-02 15:15:00,Aspect,Square,Venus,Libra,"0°01'31.22""",Jupiter,Cancer,"0°47'23.22""",90,89.2356,0.7644
2025-11-02 15:15:00,Aspect,Trine,Jupiter,Cancer,"0°47'23.22""",Saturn,Pisces,"1°31'03.88""",120,119.272,0.728
2025-11-02 15:30:00,Aspect,Trine,Moon,Pisces,"1°30'35.08""",Jupiter,Cancer,"0°47'24.36""",120,119.2804,0.7196
2025-11-02 15:30:00,Aspect,Conjunction,Moon,Pisces,"1°30'35.08""",Saturn,Pisces,"1°31'02.25""",0,0.0075,0.0075
2025-11-02 15:30:00,Aspect,Square,Venus,Libra,"0°02'18.11""",Jupiter,Cancer,"0°47'24.36""",90,89.2483,0.7517
2025-11-02 15:30:00,Aspect,Trine,Jupiter,Cancer,"0°47'24.36""",Saturn,Pisces,"1°31'02.25""",120,119.2728,0.7272
2025-11-02 15:45:00,Aspect,Trine,Moon,Pisces,"1°39'29.63""",Jupiter,Cancer,"0°47'25.50""",120,119.1322,0.8678
2025-11-02 15:45:00,Aspect,Conjunction,Moon,Pisces,"1°39'29.63""",Saturn,Pisces,"1°31'00.62""",0,0.1414,0.1414
2025-11-02 15:45:00,Aspect,Square,Venus,Libra,"0°03'04.99""",Jupiter,Cancer,"0°47'25.50""",90,89.261,0.739
2025-11-02 15:45:00,Aspect,Trine,Jupiter,Cancer,"0°47'25.50""",Saturn,Pisces,"1°31'00.62""",120,119.2736,0.7264
2025-11-02 16:00:00,Aspect,Conjunction,Moon,Pisces,"1°48'24.36""",Saturn,Pisces,"1°30'58.99""",0,0.2904,0.2904
2025-11-02 16:00:00,Aspect,Square,Venus,Libra,"0°03'51.88""",Jupiter,Cancer,"0°47'26.64""",90,89.2737,0.7263
2025-11-02 16:00:00,Aspect,Trine,Jupiter,Cancer,"0°47'26.64""",Saturn,Pisces,"1°30'58.99""",120,119.2743,0.7257
2025-11-02 16:15:00,Aspect,Conjunction,Moon,Pisces,"1°57'19.28""",Saturn,Pisces,"1°30'57.36""",0,0.4394,0.4394
2025-11-02 16:15:00,Aspect,Square,Venus,Libra,"0°04'38.77""",Jupiter,Cancer,"0°47'27.78""",90,89.2864,0.7136
2025-11-02 16:15:00,Aspect,Trine,Jupiter,Cancer,"0°47'27.78""",Saturn,Pisces,"1°30'57.36""",120,119.2751,0.7249
2025-11-02 16:30:00,Aspect,Conjunction,Moon,Pisces,"2°06'14.39""",Saturn,Pisces,"1°30'55.73""",0,0.5885,0.5885
2025-11-02 16:30:00,Aspect,Square,Venus,Libra,"0°05'25.66""",Jupiter,Cancer,"0°47'28.92""",90,89.2991,0.7009
2025-11-02 16:30:00,Aspect,Trine,Jupiter,Cancer,"0°47'28.92""",Saturn,Pisces,"1°30'55.73""",120,119.2759,0.7241
2025-11-02 16:45:00,Aspect,Conjunction,Moon,Pisces,"2°15'09.68""",Saturn,Pisces,"1°30'54.11""",0,0.7377,0.7377
2025-11-02 16:45:00,Aspect,Square,Venus,Libra,"0°06'12.54""",Jupiter,Cancer,"0°47'30.06""",90,89.3118,0.6882
2025-11-02 16:45:00,Aspect,Trine,Jupiter,Cancer,"0°47'30.06""",Saturn,Pisces,"1°30'54.11""",120,119.2767,0.7233
2025-11-02 17:00:00,Aspect,Conjunction,Moon,Pisces,"2°24'05.16""",Saturn,Pisces,"1°30'52.48""",0,0.8869,0.8869
2025-11-02 17:00:00,Aspect,Square,Venus,Libra,"0°06'59.43""",Jupiter,Cancer,"0°47'31.20""",90,89.3245,0.6755
2025-11-02 17:00:00,Aspect,Trine,Jupiter,Cancer,"0°47'31.20""",Saturn,Pisces,"1°30'52.48""",120,119.2774,0.7226
2025-11-02 17:15:00,Aspect,Square,Venus,Libra,"0°07'46.32""",Jupiter,Cancer,"0°47'32.33""",90,89.3372,0.6628
2025-11-02 17:15:00,Aspect,Trine,Jupiter,Cancer,"0°47'32.33""",Saturn,Pisces,"1°30'50.85""",120,119.2782,0.7218
2025-11-02 17:30:00,Aspect,Square,Venus,Libra,"0°08'33.21""",Jupiter,Cancer,"0°47'33.47""",90,89.3499,0.6501
2025-11-02 17:30:00,Aspect,Trine,Jupiter,Cancer,"0°47'33.47""",Saturn,Pisces,"1°30'49.23""",120,119.279,0.721
2025-11-02 17:45:00,Aspect,Square,Venus,Libra,"0°09'20.10""",Jupiter,Cancer,"0°47'34.60""",90,89.3626,0.6374
2025-11-02 17:45:00,Aspect,Trine,Jupiter,Cancer,"0°47'34.60""",Saturn,Pisces,"1°30'47.60""",120,119.2797,0.7203
2025-11-02 18:00:00,Aspect,Square,Venus,Libra,"0°10'06.99""",Jupiter,Cancer,"0°47'35.73""",90,89.3753,0.6247
2025-11-02 18:00:00,Aspect,Trine,Jupiter,Cancer,"0°47'35.73""",Saturn,Pisces,"1°30'45.98""",120,119.2805,0.7195
2025-11-02 18:15:00,Aspect,Square,Venus,Libra,"0°10'53.87""",Jupiter,Cancer,"0°47'36.86""",90,89.3881,0.6119
2025-11-02 18:15:00,Aspect,Trine,Jupiter,Cancer,"0°47'36.86""",Saturn,Pisces,"1°30'44.35""",120,119.2813,0.7187
2025-11-02 18:30:00,Aspect,Square,Venus,Libra,"0°11'40.76""",Jupiter,Cancer,"0°47'37.99""",90,89.4008,0.5992
2025-11-02 18:30:00,Aspect,Trine,Jupiter,Cancer,"0°47'37.99""",Saturn,Pisces,"1°30'42.73""",120,119.282,0.718
2025-11-02 18:45:00,Aspect,Trine,Moon,Pisces,"3°26'38.71""",Mars,Scorpio,"4°18'46.56""",120,119.1312,0.8688
2025-11-02 18:45:00,Aspect,Square,Venus,Libra,"0°12'27.65""",Jupiter,Cancer,"0°47'39.12""",90,89.4135,0.5865
2025-11-02 18:45:00,Aspect,Trine,Jupiter,Cancer,"0°47'39.12""",Saturn,Pisces,"1°30'41.11""",120,119.2828,0.7172
2025-11-02 19:00:00,Aspect,Trine,Moon,Pisces,"3°35'35.67""",Mars,Scorpio,"4°19'13.35""",120,119.2729,0.7271
2025-11-02 19:00:00,Aspect,Square,Venus,Libra,"0°13'14.54""",Jupiter,Cancer,"0°47'40.25""",90,89.4262,0.5738
2025-11-02 19:00:00,Aspect,Trine,Jupiter,Cancer,"0°47'40.25""",Saturn,Pisces,"1°30'39.49""",120,119.2835,0.7165
2025-11-02 19:15:00,Aspect,Trine,Moon,Pisces,"3°44'32.81""",Mars,Scorpio,"4°19'40.13""",120,119.4146,0.5854
2025-11-02 19:15:00,Aspect,Square,Venus,Libra,"0°14'01.43""",Jupiter,Cancer,"0°47'41.37""",90,89.4389,0.5611
2025-11-02 19:15:00,Aspect,Trine,Jupiter,Cancer,"0°47'41.37""",Saturn,Pisces,"1°30'37.87""",120,119.2843,0.7157
2025-11-02 19:30:00,Aspect,Trine,Moon,Pisces,"3°53'30.14""",Mars,Scorpio,"4°20'06.91""",120,119.5565,0.4435
2025-11-02 19:30:00,Aspect,Square,Venus,Libra,"0°14'48.32""",Jupiter,Cancer,"0°47'42.50""",90,89.4516,0.5484
2025-11-02 19:30:00,Aspect,Trine,Jupiter,Cancer,"0°47'42.50""",Saturn,Pisces,"1°30'36.25""",120,119.2851,0.7149
2025-11-02 19:45:00,Aspect,Trine,Moon,Pisces,"4°02'27.66""",Mars,Scorpio,"4°20'33.70""",120,119.6983,0.3017
2025-11-02 19:45:00,Aspect,Square,Venus,Libra,"0°15'35.21""",Jupiter,Cancer,"0°47'43.62""",90,89.4643,0.5357
2025-11-02 19:45:00,Aspect,Trine,Jupiter,Cancer,"0°47'43.62""",Saturn,Pisces,"1°30'34.63""",120,119.2858,0.7142
2025-11-02 20:00:00,Aspect,Trine,Moon,Pisces,"4°11'25.36""",Mars,Scorpio,"4°21'00.48""",120,119.8402,0.1598
2025-11-02 20:00:00,Aspect,Square,Venus,Libra,"0°16'22.10""",Jupiter,Cancer,"0°47'44.74""",90,89.477,0.523
2025-11-02 20:00:00,Aspect,Trine,Jupiter,Cancer,"0°47'44.74""",Saturn,Pisces,"1°30'33.01""",120,119.2866,0.7134
2025-11-02 20:15:00,Aspect,Trine,Moon,Pisces,"4°20'23.24""",Mars,Scorpio,"4°21'27.27""",120,119.9822,0.0178
2025-11-02 20:15:00,Aspect,Square,Venus,Libra,"0°17'08.99""",Jupiter,Cancer,"0°47'45.86""",90,89.4898,0.5102
2025-11-02 20:15:00,Aspect,Trine,Jupiter,Cancer,"0°47'45.86""",Saturn,Pisces,"1°30'31.39""",120,119.2874,0.7126
2025-11-02 20:30:00,Aspect,Trine,Moon,Pisces,"4°29'21.31""",Mars,Scorpio,"4°21'54.05""",120,120.1242,0.1242
2025-11-02 20:30:00,Aspect,Square,Venus,Libra,"0°17'55.88""",Jupiter,Cancer,"0°47'46.98""",90,89.5025,0.4975
2025-11-02 20:30:00,Aspect,Trine,Jupiter,Cancer,"0°47'46.98""",Saturn,Pisces,"1°30'29.77""",120,119.2881,0.7119
2025-11-02 20:45:00,Aspect,Trine,Moon,Pisces,"4°38'19.56""",Mars,Scorpio,"4°22'20.84""",120,120.2663,0.2663
2025-11-02 20:45:00,Aspect,Square,Venus,Libra,"0°18'42.77""",Jupiter,Cancer,"0°47'48.10""",90,89.5152,0.4848
2025-11-02 20:45:00,Aspect,Trine,Jupiter,Cancer,"0°47'48.10""",Saturn,Pisces,"1°30'28.15""",120,119.2889,0.7111
2025-11-02 21:00:00,Aspect,Trine,Moon,Pisces,"4°47'18.00""",Mars,Scorpio,"4°22'47.62""",120,120.4084,0.4084
2025-11-02 21:00:00,Aspect,Square,Venus,Libra,"0°19'29.66""",Jupiter,Cancer,"0°47'49.22""",90,89.5279,0.4721
2025-11-02 21:00:00,Aspect,Trine,Jupiter,Cancer,"0°47'49.22""",Saturn,Pisces,"1°30'26.53""",120,119.2896,0.7104
2025-11-02 21:15:00,Aspect,Trine,Moon,Pisces,"4°56'16.62""",Mars,Scorpio,"4°23'14.41""",120,120.5506,0.5506
2025-11-02 21:15:00,Aspect,Square,Venus,Libra,"0°20'16.55""",Jupiter,Cancer,"0°47'50.33""",90,89.5406,0.4594
2025-11-02 21:15:00,Aspect,Trine,Jupiter,Cancer,"0°47'50.33""",Saturn,Pisces,"1°30'24.92""",120,119.2904,0.7096
2025-11-02 21:30:00,Aspect,Trine,Moon,Pisces,"5°05'15.42""",Mars,Scorpio,"4°23'41.19""",120,120.6928,0.6928
2025-11-02 21:30:00,Aspect,Square,Venus,Libra,"0°21'03.44""",Jupiter,Cancer,"0°47'51.45""",90,89.5533,0.4467
2025-11-02 21:30:00,Aspect,Trine,Jupiter,Cancer,"0°47'51.45""",Saturn,Pisces,"1°30'23.30""",120,119.2912,0.7088
2025-11-02 21:45:00,Aspect,Trine,Moon,Pisces,"5°14'14.40""",Mars,Scorpio,"4°24'07.98""",120,120.8351,0.8351
2025-11-02 21:45:00,Aspect,Square,Venus,Libra,"0°21'50.33""",Jupiter,Cancer,"0°47'52.56""",90,89.566,0.434
2025-11-02 21:45:00,Aspect,Trine,Jupiter,Cancer,"0°47'52.56""",Saturn,Pisces,"1°30'21.69""",120,119.2919,0.7081
2025-11-02 22:00:00,Aspect,Trine,Moon,Pisces,"5°23'13.57""",Mars,Scorpio,"4°24'34.77""",120,120.9774,0.9774
2025-11-02 22:00:00,Aspect,Square,Venus,Libra,"0°22'37.22""",Jupiter,Cancer,"0°47'53.67""",90,89.5788,0.4212
2025-11-02 22:00:00,Aspect,Trine,Jupiter,Cancer,"0°47'53.67""",Saturn,Pisces,"1°30'20.07""",120,119.2927,0.7073
2025-11-02 22:15:00,Aspect,Square,Venus,Libra,"0°23'24.11""",Jupiter,Cancer,"0°47'54.78""",90,89.5915,0.4085
2025-11-02 22:15:00,Aspect,Trine,Jupiter,Cancer,"0°47'54.78""",Saturn,Pisces,"1°30'18.46""",120,119.2934,0.7066
2025-11-02 22:30:00,Aspect,Square,Venus,Libra,"0°24'11.00""",Jupiter,Cancer,"0°47'55.89""",90,89.6042,0.3958
2025-11-02 22:30:00,Aspect,Trine,Jupiter,Cancer,"0°47'55.89""",Saturn,Pisces,"1°30'16.84""",120,119.2942,0.7058
2025-11-02 22:45:00,Aspect,Square,Venus,Libra,"0°24'57.89""",Jupiter,Cancer,"0°47'57.00""",90,89.6169,0.3831
2025-11-02 22:45:00,Aspect,Trine,Jupiter,Cancer,"0°47'57.00""",Saturn,Pisces,"1°30'15.23""",120,119.2949,0.7051
2025-11-02 23:00:00,Aspect,Square,Venus,Libra,"0°25'44.78""",Jupiter,Cancer,"0°47'58.10""",90,89.6296,0.3704
2025-11-02 23:00:00,Aspect,Trine,Jupiter,Cancer,"0°47'58.10""",Saturn,Pisces,"1°30'13.62""",120,119.2957,0.7043
2025-11-02 23:15:00,Aspect,Square,Venus,Libra,"0°26'31.68""",Jupiter,Cancer,"0°47'59.21""",90,89.6424,0.3576
2025-11-02 23:15:00,Aspect,Trine,Jupiter,Cancer,"0°47'59.21""",Saturn,Pisces,"1°30'12.00""",120,119.2964,0.7036
2025-11-02 23:30:00,Aspect,Square,Venus,Libra,"0°27'18.57""",Jupiter,Cancer,"0°48'00.31""",90,89.6551,0.3449
2025-11-02 23:30:00,Aspect,Trine,Jupiter,Cancer,"0°48'00.31""",Saturn,Pisces,"1°30'10.39""",120,119.2972,0.7028
2025-11-02 23:45:00,Aspect,Square,Venus,Libra,"0°28'05.46""",Jupiter,Cancer,"0°48'01.42""",90,89.6678,0.3322
2025-11-02 23:45:00,Aspect,Trine,Jupiter,Cancer,"0°48'01.42""",Saturn,Pisces,"1°30'08.78""",120,119.298,0.702
2025-11-03 00:00:00,Aspect,Square,Venus,Libra,"0°28'52.35""",Jupiter,Cancer,"0°48'02.52""",90,89.6805,0.3195
2025-11-03 00:00:00,Aspect,Trine,Jupiter,Cancer,"0°48'02.52""",Saturn,Pisces,"1°30'07.17""",120,119.2987,0.7013
2025-11-03 00:15:00,Aspect,Square,Venus,Libra,"0°29'39.24""",Jupiter,Cancer,"0°48'03.62""",90,89.6932,0.3068
2025-11-03 00:15:00,Aspect,Trine,Jupiter,Cancer,"0°48'03.62""",Saturn,Pisces,"1°30'05.56""",120,119.2995,0.7005
2025-11-03 00:30:00,Aspect,Square,Venus,Libra,"0°30'26.13""",Jupiter,Cancer,"0°48'04.72""",90,89.7059,0.2941
2025-11-03 00:30:00,Aspect,Trine,Jupiter,Cancer,"0°48'04.72""",Saturn,Pisces,"1°30'03.95""",120,119.3002,0.6998
2025-11-03 00:45:00,Aspect,Square,Venus,Libra,"0°31'13.03""",Jupiter,Cancer,"0°48'05.82""",90,89.7187,0.2813
2025-11-03 00:45:00,Aspect,Trine,Jupiter,Cancer,"0°48'05.82""",Saturn,Pisces,"1°30'02.34""",120,119.301,0.699
2025-11-03 01:00:00,Aspect,Square,Venus,Libra,"0°31'59.92""",Jupiter,Cancer,"0°48'06.91""",90,89.7314,0.2686
2025-11-03 01:00:00,Aspect,Trine,Jupiter,Cancer,"0°48'06.91""",Saturn,Pisces,"1°30'00.74""",120,119.3017,0.6983
2025-11-03 01:15:00,Aspect,Square,Venus,Libra,"0°32'46.81""",Jupiter,Cancer,"0°48'08.01""",90,89.7441,0.2559
2025-11-03 01:15:00,Aspect,Trine,Jupiter,Cancer,"0°48'08.01""",Saturn,Pisces,"1°29'59.13""",120,119.3025,0.6975
2025-11-03 01:30:00,Aspect,Square,Venus,Libra,"0°33'33.70""",Jupiter,Cancer,"0°48'09.10""",90,89.7568,0.2432
2025-11-03 01:30:00,Aspect,Trine,Jupiter,Cancer,"0°48'09.10""",Saturn,Pisces,"1°29'57.52""",120,119.3032,0.6968
2025-11-03 01:45:00,Aspect,Square,Venus,Libra,"0°34'20.60""",Jupiter,Cancer,"0°48'10.19""",90,89.7696,0.2304
2025-11-03 01:45:00,Aspect,Trine,Jupiter,Cancer,"0°48'10.19""",Saturn,Pisces,"1°29'55.92""",120,119.304,0.696
2025-11-03 02:00:00,Aspect,Square,Venus,Libra,"0°35'07.49""",Jupiter,Cancer,"0°48'11.29""",90,89.7823,0.2177
2025-11-03 02:00:00,Aspect,Trine,Jupiter,Cancer,"0°48'11.29""",Saturn,Pisces,"1°29'54.31""",120,119.3047,0.6953
2025-11-03 02:15:00,Aspect,Square,Venus,Libra,"0°35'54.38""",Jupiter,Cancer,"0°48'12.38""",90,89.795,0.205
2025-11-03 02:15:00,Aspect,Trine,Jupiter,Cancer,"0°48'12.38""",Saturn,Pisces,"1°29'52.71""",120,119.3055,0.6945
2025-11-03 02:30:00,Aspect,Square,Venus,Libra,"0°36'41.28""",Jupiter,Cancer,"0°48'13.47""",90,89.8077,0.1923
2025-11-03 02:30:00,Aspect,Trine,Jupiter,Cancer,"0°48'13.47""",Saturn,Pisces,"1°29'51.10""",120,119.3062,0.6938
2025-11-03 02:45:00,Aspect,Square,Venus,Libra,"0°37'28.17""",Jupiter,Cancer,"0°48'14.55""",90,89.8204,0.1796
2025-11-03 02:45:00,Aspect,Trine,Jupiter,Cancer,"0°48'14.55""",Saturn,Pisces,"1°29'49.50""",120,119.307,0.693
2025-11-03 03:00:00,Aspect,Square,Venus,Libra,"0°38'15.06""",Jupiter,Cancer,"0°48'15.64""",90,89.8332,0.1668
2025-11-03 03:00:00,Aspect,Trine,Jupiter,Cancer,"0°48'15.64""",Saturn,Pisces,"1°29'47.89""",120,119.3077,0.6923
2025-11-03 03:15:00,Aspect,Square,Venus,Libra,"0°39'01.96""",Jupiter,Cancer,"0°48'16.73""",90,89.8459,0.1541
2025-11-03 03:15:00,Aspect,Trine,Jupiter,Cancer,"0°48'16.73""",Saturn,Pisces,"1°29'46.29""",120,119.3085,0.6915
2025-11-03 03:30:00,Aspect,Square,Venus,Libra,"0°39'48.85""",Jupiter,Cancer,"0°48'17.81""",90,89.8586,0.1414
2025-11-03 03:30:00,Aspect,Trine,Jupiter,Cancer,"0°48'17.81""",Saturn,Pisces,"1°29'44.69""",120,119.3092,0.6908
2025-11-03 03:45:00,Aspect,Trine,Moon,Pisces,"8°50'44.46""",Mercury,Scorpio,"9°43'56.87""",120,119.1132,0.8868
2025-11-03 03:45:00,Aspect,Square,Venus,Libra,"0°40'35.75""",Jupiter,Cancer,"0°48'18.89""",90,89.8713,0.1287
2025-11-03 03:45:00,Aspect,Trine,Jupiter,Cancer,"0°48'18.89""",Saturn,Pisces,"1°29'43.09""",120,119.3099,0.6901
2025-11-03 04:00:00,Aspect,Trine,Moon,Pisces,"8°59'47.96""",Mercury,Scorpio,"9°44'25.19""",120,119.2563,0.7437
2025-11-03 04:00:00,Aspect,Square,Venus,Libra,"0°41'22.64""",Jupiter,Cancer,"0°48'19.97""",90,89.8841,0.1159
2025-11-03 04:00:00,Aspect,Trine,Jupiter,Cancer,"0°48'19.97""",Saturn,Pisces,"1°29'41.49""",120,119.3107,0.6893
2025-11-03 04:15:00,Aspect,Trine,Moon,Pisces,"9°08'51.64""",Mercury,Scorpio,"9°44'53.48""",120,119.3995,0.6005
2025-11-03 04:15:00,Aspect,Square,Venus,Libra,"0°42'09.53""",Jupiter,Cancer,"0°48'21.05""",90,89.8968,0.1032
2025-11-03 04:15:00,Aspect,Trine,Jupiter,Cancer,"0°48'21.05""",Saturn,Pisces,"1°29'39.89""",120,119.3114,0.6886
2025-11-03 04:30:00,Aspect,Trine,Moon,Pisces,"9°17'55.49""",Mercury,Scorpio,"9°45'21.74""",120,119.5427,0.4573
2025-11-03 04:30:00,Aspect,Square,Venus,Libra,"0°42'56.43""",Jupiter,Cancer,"0°48'22.13""",90,89.9095,0.0905
2025-11-03 04:30:00,Aspect,Trine,Jupiter,Cancer,"0°48'22.13""",Saturn,Pisces,"1°29'38.29""",120,119.3122,0.6878
2025-11-03 04:45:00,Aspect,Trine,Moon,Pisces,"9°26'59.52""",Mercury,Scorpio,"9°45'49.97""",120,119.686,0.314
2025-11-03 04:45:00,Aspect,Square,Venus,Libra,"0°43'43.32""",Jupiter,Cancer,"0°48'23.21""",90,89.9223,0.0777
2025-11-03 04:45:00,Aspect,Trine,Jupiter,Cancer,"0°48'23.21""",Saturn,Pisces,"1°29'36.69""",120,119.3129,0.6871
2025-11-03 05:00:00,Aspect,Trine,Moon,Pisces,"9°36'03.73""",Mercury,Scorpio,"9°46'18.17""",120,119.8293,0.1707
2025-11-03 05:00:00,Aspect,Square,Venus,Libra,"0°44'30.22""",Jupiter,Cancer,"0°48'24.29""",90,89.935,0.065
2025-11-03 05:00:00,Aspect,Trine,Jupiter,Cancer,"0°48'24.29""",Saturn,Pisces,"1°29'35.09""",120,119.3137,0.6863
2025-11-03 05:15:00,Aspect,Trine,Moon,Pisces,"9°45'08.11""",Mercury,Scorpio,"9°46'46.34""",120,119.9727,0.0273
2025-11-03 05:15:00,Aspect,Square,Venus,Libra,"0°45'17.11""",Jupiter,Cancer,"0°48'25.36""",90,89.9477,0.0523
2025-11-03 05:15:00,Aspect,Trine,Jupiter,Cancer,"0°48'25.36""",Saturn,Pisces,"1°29'33.49""",120,119.3144,0.6856
2025-11-03 05:30:00,Aspect,Trine,Moon,Pisces,"9°54'12.67""",Mercury,Scorpio,"9°47'14.48""",120,120.1162,0.1162
2025-11-03 05:30:00,Aspect,Square,Venus,Libra,"0°46'04.01""",Jupiter,Cancer,"0°48'26.44""",90,89.9604,0.0396
2025-11-03 05:30:00,Aspect,Trine,Jupiter,Cancer,"0°48'26.44""",Saturn,Pisces,"1°29'31.89""",120,119.3152,0.6848
2025-11-03 05:45:00,Aspect,Trine,Moon,Pisces,"10°03'17.41""",Mercury,Scorpio,"9°47'42.60""",120,120.2597,0.2597
2025-11-03 05:45:00,Aspect,Square,Venus,Libra,"0°46'50.90""",Jupiter,Cancer,"0°48'27.51""",90,89.9732,0.0268
2025-11-03 05:45:00,Aspect,Trine,Jupiter,Cancer,"0°48'27.51""",Saturn,Pisces,"1°29'30.30""",120,119.3159,0.6841
2025-11-03 06:00:00,Aspect,Trine,Moon,Pisces,"10°12'22.32""",Mercury,Scorpio,"9°48'10.68""",120,120.4032,0.4032
2025-11-03 06:00:00,Aspect,Square,Venus,Libra,"0°47'37.80""",Jupiter,Cancer,"0°48'28.58""",90,89.9859,0.0141
2025-11-03 06:00:00,Aspect,Trine,Jupiter,Cancer,"0°48'28.58""",Saturn,Pisces,"1°29'28.70""",120,119.3166,0.6834
2025-11-03 06:15:00,Aspect,Trine,Moon,Pisces,"10°21'27.41""",Mercury,Scorpio,"9°48'38.73""",120,120.5469,0.5469
2025-11-03 06:15:00,Aspect,Square,Venus,Libra,"0°48'24.69""",Jupiter,Cancer,"0°48'29.65""",90,89.9986,0.0014
2025-11-03 06:15:00,Aspect,Trine,Jupiter,Cancer,"0°48'29.65""",Saturn,Pisces,"1°29'27.10""",120,119.3174,0.6826
2025-11-03 06:30:00,Aspect,Trine,Moon,Pisces,"10°30'32.67""",Mercury,Scorpio,"9°49'06.76""",120,120.6905,0.6905
2025-11-03 06:30:00,Aspect,Square,Venus,Libra,"0°49'11.59""",Jupiter,Cancer,"0°48'30.72""",90,90.0114,0.0114
2025-11-03 06:30:00,Aspect,Trine,Jupiter,Cancer,"0°48'30.72""",Saturn,Pisces,"1°29'25.51""",120,119.3181,0.6819
2025-11-03 06:45:00,Aspect,Trine,Moon,Pisces,"10°39'38.11""",Mercury,Scorpio,"9°49'34.75""",120,120.8343,0.8343
2025-11-03 06:45:00,Aspect,Square,Venus,Libra,"0°49'58.48""",Jupiter,Cancer,"0°48'31.79""",90,90.0241,0.0241
2025-11-03 06:45:00,Aspect,Trine,Jupiter,Cancer,"0°48'31.79""",Saturn,Pisces,"1°29'23.92""",120,119.3189,0.6811
2025-11-03 07:00:00,Aspect,Trine,Moon,Pisces,"10°48'43.72""",Mercury,Scorpio,"9°50'02.72""",120,120.9781,0.9781
2025-11-03 07:00:00,Aspect,Square,Venus,Libra,"0°50'45.38""",Jupiter,Cancer,"0°48'32.86""",90,90.0368,0.0368
2025-11-03 07:00:00,Aspect,Trine,Jupiter,Cancer,"0°48'32.86""",Saturn,Pisces,"1°29'22.32""",120,119.3196,0.6804
2025-11-03 07:15:00,Aspect,Square,Venus,Libra,"0°51'32.27""",Jupiter,Cancer,"0°48'33.92""",90,90.0495,0.0495
2025-11-03 07:15:00,Aspect,Trine,Jupiter,Cancer,"0°48'33.92""",Saturn,Pisces,"1°29'20.73""",120,119.3203,0.6797
2025-11-03 07:30:00,Aspect,Square,Venus,Libra,"0°52'19.17""",Jupiter,Cancer,"0°48'34.98""",90,90.0623,0.0623
2025-11-03 07:30:00,Aspect,Trine,Jupiter,Cancer,"0°48'34.98""",Saturn,Pisces,"1°29'19.14""",120,119.3211,0.6789
2025-11-03 07:45:00,Aspect,Square,Venus,Libra,"0°53'06.07""",Jupiter,Cancer,"0°48'36.05""",90,90.075,0.075
2025-11-03 07:45:00,Aspect,Trine,Jupiter,Cancer,"0°48'36.05""",Saturn,Pisces,"1°29'17.54""",120,119.3218,0.6782
2025-11-03 08:00:00,Aspect,Square,Venus,Libra,"0°53'52.96""",Jupiter,Cancer,"0°48'37.11""",90,90.0877,0.0877
2025-11-03 08:00:00,Aspect,Trine,Jupiter,Cancer,"0°48'37.11""",Saturn,Pisces,"1°29'15.95""",120,119.3225,0.6775
2025-11-03 08:15:00,Aspect,Square,Venus,Libra,"0°54'39.86""",Jupiter,Cancer,"0°48'38.17""",90,90.1005,0.1005
2025-11-03 08:15:00,Aspect,Trine,Jupiter,Cancer,"0°48'38.17""",Saturn,Pisces,"1°29'14.36""",120,119.3233,0.6767
2025-11-03 08:30:00,Aspect,Square,Venus,Libra,"0°55'26.76""",Jupiter,Cancer,"0°48'39.23""",90,90.1132,0.1132
2025-11-03 08:30:00,Aspect,Trine,Jupiter,Cancer,"0°48'39.23""",Saturn,Pisces,"1°29'12.77""",120,119.324,0.676
2025-11-03 08:45:00,Aspect,Square,Venus,Libra,"0°56'13.65""",Jupiter,Cancer,"0°48'40.29""",90,90.1259,0.1259
2025-11-03 08:45:00,Aspect,Trine,Jupiter,Cancer,"0°48'40.29""",Saturn,Pisces,"1°29'11.18""",120,119.3248,0.6752
2025-11-03 09:00:00,Aspect,Square,Venus,Libra,"0°57'00.55""",Jupiter,Cancer,"0°48'41.34""",90,90.1387,0.1387
2025-11-03 09:00:00,Aspect,Trine,Jupiter,Cancer,"0°48'41.34""",Saturn,Pisces,"1°29'09.59""",120,119.3255,0.6745
2025-11-03 09:15:00,Aspect,Square,Venus,Libra,"0°57'47.45""",Jupiter,Cancer,"0°48'42.40""",90,90.1514,0.1514
2025-11-03 09:15:00,Aspect,Trine,Jupiter,Cancer,"0°48'42.40""",Saturn,Pisces,"1°29'08.00""",120,119.3262,0.6738
2025-11-03 09:30:00,Aspect,Square,Venus,Libra,"0°58'34.34""",Jupiter,Cancer,"0°48'43.45""",90,90.1641,0.1641
2025-11-03 09:30:00,Aspect,Trine,Jupiter,Cancer,"0°48'43.45""",Saturn,Pisces,"1°29'06.41""",120,119.327,0.673
2025-11-03 09:45:00,Aspect,Square,Venus,Libra,"0°59'21.24""",Jupiter,Cancer,"0°48'44.50""",90,90.1769,0.1769
2025-11-03 09:45:00,Aspect,Trine,Jupiter,Cancer,"0°48'44.50""",Saturn,Pisces,"1°29'04.83""",120,119.3277,0.6723
2025-11-03 10:00:00,Aspect,Square,Venus,Libra,"1°00'08.14""",Jupiter,Cancer,"0°48'45.56""",90,90.1896,0.1896
2025-11-03 10:00:00,Aspect,Trine,Jupiter,Cancer,"0°48'45.56""",Saturn,Pisces,"1°29'03.24""",120,119.3284,0.6716
2025-11-03 10:15:00,Aspect,Square,Venus,Libra,"1°00'55.04""",Jupiter,Cancer,"0°48'46.61""",90,90.2023,0.2023
2025-11-03 10:15:00,Aspect,Trine,Jupiter,Cancer,"0°48'46.61""",Saturn,Pisces,"1°29'01.65""",120,119.3292,0.6708
2025-11-03 10:30:00,Aspect,Square,Venus,Libra,"1°01'41.93""",Jupiter,Cancer,"0°48'47.66""",90,90.2151,0.2151
2025-11-03 10:30:00,Aspect,Trine,Jupiter,Cancer,"0°48'47.66""",Saturn,Pisces,"1°29'00.07""",120,119.3299,0.6701
2025-11-03 10:45:00,Aspect,Square,Venus,Libra,"1°02'28.83""",Jupiter,Cancer,"0°48'48.70""",90,90.2278,0.2278
2025-11-03 10:45:00,Aspect,Trine,Jupiter,Cancer,"0°48'48.70""",Saturn,Pisces,"1°28'58.48""",120,119.3306,0.6694
2025-11-03 11:00:00,Aspect,Square,Venus,Libra,"1°03'15.73""",Jupiter,Cancer,"0°48'49.75""",90,90.2406,0.2406
2025-11-03 11:00:00,Aspect,Trine,Jupiter,Cancer,"0°48'49.75""",Saturn,Pisces,"1°28'56.90""",120,119.3313,0.6687
2025-11-03 11:15:00,Aspect,Square,Venus,Libra,"1°04'02.63""",Jupiter,Cancer,"0°48'50.79""",90,90.2533,0.2533
2025-11-03 11:15:00,Aspect,Trine,Jupiter,Cancer,"0°48'50.79""",Saturn,Pisces,"1°28'55.31""",120,119.3321,0.6679
2025-11-03 11:30:00,Aspect,Square,Venus,Libra,"1°04'49.53""",Jupiter,Cancer,"0°48'51.84""",90,90.266,0.266
2025-11-03 11:30:00,Aspect,Trine,Jupiter,Cancer,"0°48'51.84""",Saturn,Pisces,"1°28'53.73""",120,119.3328,0.6672
2025-11-03 11:45:00,Aspect,Square,Venus,Libra,"1°05'36.43""",Jupiter,Cancer,"0°48'52.88""",90,90.2788,0.2788
2025-11-03 11:45:00,Aspect,Trine,Jupiter,Cancer,"0°48'52.88""",Saturn,Pisces,"1°28'52.15""",120,119.3335,0.6665
2025-11-03 12:00:00,Aspect,Square,Venus,Libra,"1°06'23.32""",Jupiter,Cancer,"0°48'53.92""",90,90.2915,0.2915
2025-11-03 12:00:00,Aspect,Trine,Jupiter,Cancer,"0°48'53.92""",Saturn,Pisces,"1°28'50.57""",120,119.3343,0.6657
2025-11-03 12:15:00,Aspect,Square,Venus,Libra,"1°07'10.22""",Jupiter,Cancer,"0°48'54.96""",90,90.3042,0.3042
2025-11-03 12:15:00,Aspect,Trine,Jupiter,Cancer,"0°48'54.96""",Saturn,Pisces,"1°28'48.98""",120,119.335,0.665
2025-11-03 12:30:00,Aspect,Square,Venus,Libra,"1°07'57.12""",Jupiter,Cancer,"0°48'56.00""",90,90.317,0.317
2025-11-03 12:30:00,Aspect,Trine,Jupiter,Cancer,"0°48'56.00""",Saturn,Pisces,"1°28'47.40""",120,119.3357,0.6643
2025-11-03 12:45:00,Aspect,Square,Venus,Libra,"1°08'44.02""",Jupiter,Cancer,"0°48'57.04""",90,90.3297,0.3297
2025-11-03 12:45:00,Aspect,Trine,Jupiter,Cancer,"0°48'57.04""",Saturn,Pisces,"1°28'45.82""",120,119.3364,0.6636
2025-11-03 13:00:00,Aspect,Square,Venus,Libra,"1°09'30.92""",Jupiter,Cancer,"0°48'58.08""",90,90.3425,0.3425
2025-11-03 13:00:00,Aspect,Trine,Jupiter,Cancer,"0°48'58.08""",Saturn,Pisces,"1°28'44.24""",120,119.3372,0.6628
2025-11-03 13:15:00,Aspect,Square,Venus,Libra,"1°10'17.82""",Jupiter,Cancer,"0°48'59.11""",90,90.3552,0.3552
2025-11-03 13:15:00,Aspect,Trine,Jupiter,Cancer,"0°48'59.11""",Saturn,Pisces,"1°28'42.66""",120,119.3379,0.6621
2025-11-03 13:30:00,Aspect,Square,Venus,Libra,"1°11'04.72""",Jupiter,Cancer,"0°49'00.15""",90,90.3679,0.3679
2025-11-03 13:30:00,Aspect,Trine,Jupiter,Cancer,"0°49'00.15""",Saturn,Pisces,"1°28'41.08""",120,119.3386,0.6614
2025-11-03 13:45:00,Aspect,Square,Venus,Libra,"1°11'51.62""",Jupiter,Cancer,"0°49'01.18""",90,90.3807,0.3807
2025-11-03 13:45:00,Aspect,Trine,Jupiter,Cancer,"0°49'01.18""",Saturn,Pisces,"1°28'39.51""",120,119.3394,0.6606
2025-11-03 14:00:00,Aspect,Square,Venus,Libra,"1°12'38.52""",Jupiter,Cancer,"0°49'02.21""",90,90.3934,0.3934
2025-11-03 14:00:00,Aspect,Trine,Jupiter,Cancer,"0°49'02.21""",Saturn,Pisces,"1°28'37.93""",120,119.3401,0.6599
2025-11-03 14:15:00,Aspect,Square,Venus,Libra,"1°13'25.42""",Jupiter,Cancer,"0°49'03.24""",90,90.4062,0.4062
2025-11-03 14:15:00,Aspect,Trine,Jupiter,Cancer,"0°49'03.24""",Saturn,Pisces,"1°28'36.35""",120,119.3408,0.6592
2025-11-03 14:30:00,Aspect,Square,Venus,Libra,"1°14'12.32""",Jupiter,Cancer,"0°49'04.27""",90,90.4189,0.4189
2025-11-03 14:30:00,Aspect,Trine,Jupiter,Cancer,"0°49'04.27""",Saturn,Pisces,"1°28'34.78""",120,119.3415,0.6585
2025-11-03 14:45:00,Aspect,Square,Venus,Libra,"1°14'59.22""",Jupiter,Cancer,"0°49'05.30""",90,90.4316,0.4316
2025-11-03 14:45:00,Aspect,Trine,Jupiter,Cancer,"0°49'05.30""",Saturn,Pisces,"1°28'33.20""",120,119.3422,0.6578
2025-11-03 15:00:00,Aspect,Square,Venus,Libra,"1°15'46.12""",Jupiter,Cancer,"0°49'06.32""",90,90.4444,0.4444
2025-11-03 15:00:00,Aspect,Trine,Jupiter,Cancer,"0°49'06.32""",Saturn,Pisces,"1°28'31.62""",120,119.343,0.657
2025-11-03 15:15:00,Aspect,Square,Venus,Libra,"1°16'33.02""",Jupiter,Cancer,"0°49'07.35""",90,90.4571,0.4571
2025-11-03 15:15:00,Aspect,Trine,Jupiter,Cancer,"0°49'07.35""",Saturn,Pisces,"1°28'30.05""",120,119.3437,0.6563
2025-11-03 15:30:00,Aspect,Square,Venus,Libra,"1°17'19.92""",Jupiter,Cancer,"0°49'08.37""",90,90.4699,0.4699
2025-11-03 15:30:00,Aspect,Trine,Jupiter,Cancer,"0°49'08.37""",Saturn,Pisces,"1°28'28.48""",120,119.3444,0.6556
2025-11-03 15:45:00,Aspect,Square,Venus,Libra,"1°18'06.82""",Jupiter,Cancer,"0°49'09.39""",90,90.4826,0.4826
2025-11-03 15:45:00,Aspect,Trine,Jupiter,Cancer,"0°49'09.39""",Saturn,Pisces,"1°28'26.90""",120,119.3451,0.6549
2025-11-03 16:00:00,Aspect,Square,Venus,Libra,"1°18'53.72""",Jupiter,Cancer,"0°49'10.42""",90,90.4954,0.4954
2025-11-03 16:00:00,Aspect,Trine,Jupiter,Cancer,"0°49'10.42""",Saturn,Pisces,"1°28'25.33""",120,119.3459,0.6541
2025-11-03 16:15:00,Aspect,Square,Venus,Libra,"1°19'40.62""",Jupiter,Cancer,"0°49'11.44""",90,90.5081,0.5081
2025-11-03 16:15:00,Aspect,Trine,Jupiter,Cancer,"0°49'11.44""",Saturn,Pisces,"1°28'23.76""",120,119.3466,0.6534
2025-11-03 16:30:00,Aspect,Square,Venus,Libra,"1°20'27.52""",Jupiter,Cancer,"0°49'12.45""",90,90.5209,0.5209
2025-11-03 16:30:00,Aspect,Trine,Jupiter,Cancer,"0°49'12.45""",Saturn,Pisces,"1°28'22.19""",120,119.3473,0.6527
2025-11-03 16:45:00,Aspect,Square,Venus,Libra,"1°21'14.42""",Jupiter,Cancer,"0°49'13.47""",90,90.5336,0.5336
2025-11-03 16:45:00,Aspect,Trine,Jupiter,Cancer,"0°49'13.47""",Saturn,Pisces,"1°28'20.61""",120,119.348,0.652
2025-11-03 17:00:00,Aspect,Square,Venus,Libra,"1°22'01.32""",Jupiter,Cancer,"0°49'14.49""",90,90.5463,0.5463
2025-11-03 17:00:00,Aspect,Trine,Jupiter,Cancer,"0°49'14.49""",Saturn,Pisces,"1°28'19.04""",120,119.3487,0.6513
2025-11-03 17:15:00,Aspect,Square,Venus,Libra,"1°22'48.23""",Jupiter,Cancer,"0°49'15.50""",90,90.5591,0.5591
2025-11-03 17:15:00,Aspect,Trine,Jupiter,Cancer,"0°49'15.50""",Saturn,Pisces,"1°28'17.47""",120,119.3495,0.6505
2025-11-03 17:30:00,Aspect,Square,Venus,Libra,"1°23'35.13""",Jupiter,Cancer,"0°49'16.52""",90,90.5718,0.5718
2025-11-03 17:30:00,Aspect,Trine,Jupiter,Cancer,"0°49'16.52""",Saturn,Pisces,"1°28'15.90""",120,119.3502,0.6498
2025-11-03 17:45:00,Aspect,Square,Venus,Libra,"1°24'22.03""",Jupiter,Cancer,"0°49'17.53""",90,90.5846,0.5846
2025-11-03 17:45:00,Aspect,Trine,Jupiter,Cancer,"0°49'17.53""",Saturn,Pisces,"1°28'14.34""",120,119.3509,0.6491
2025-11-03 18:00:00,Aspect,Square,Venus,Libra,"1°25'08.93""",Jupiter,Cancer,"0°49'18.54""",90,90.5973,0.5973
2025-11-03 18:00:00,Aspect,Trine,Jupiter,Cancer,"0°49'18.54""",Saturn,Pisces,"1°28'12.77""",120,119.3516,0.6484
2025-11-03 18:15:00,Aspect,Square,Venus,Libra,"1°25'55.83""",Jupiter,Cancer,"0°49'19.55""",90,90.6101,0.6101
2025-11-03 18:15:00,Aspect,Trine,Jupiter,Cancer,"0°49'19.55""",Saturn,Pisces,"1°28'11.20""",120,119.3523,0.6477
2025-11-03 18:30:00,Aspect,Square,Venus,Libra,"1°26'42.74""",Jupiter,Cancer,"0°49'20.56""",90,90.6228,0.6228
2025-11-03 18:30:00,Aspect,Trine,Jupiter,Cancer,"0°49'20.56""",Saturn,Pisces,"1°28'09.63""",120,119.353,0.647
2025-11-03 18:45:00,Aspect,Square,Venus,Libra,"1°27'29.64""",Jupiter,Cancer,"0°49'21.57""",90,90.6356,0.6356
2025-11-03 18:45:00,Aspect,Trine,Jupiter,Cancer,"0°49'21.57""",Saturn,Pisces,"1°28'08.07""",120,119.3538,0.6462
2025-11-03 19:00:00,Aspect,Square,Venus,Libra,"1°28'16.54""",Jupiter,Cancer,"0°49'22.57""",90,90.6483,0.6483
2025-11-03 19:00:00,Aspect,Trine,Jupiter,Cancer,"0°49'22.57""",Saturn,Pisces,"1°28'06.50""",120,119.3545,0.6455
2025-11-03 19:15:00,Aspect,Square,Venus,Libra,"1°29'03.44""",Jupiter,Cancer,"0°49'23.58""",90,90.6611,0.6611
2025-11-03 19:15:00,Aspect,Trine,Jupiter,Cancer,"0°49'23.58""",Saturn,Pisces,"1°28'04.94""",120,119.3552,0.6448
2025-11-03 19:30:00,Aspect,Square,Venus,Libra,"1°29'50.35""",Jupiter,Cancer,"0°49'24.58""",90,90.6738,0.6738
2025-11-03 19:30:00,Aspect,Trine,Jupiter,Cancer,"0°49'24.58""",Saturn,Pisces,"1°28'03.37""",120,119.3559,0.6441
2025-11-03 19:45:00,Aspect,Square,Venus,Libra,"1°30'37.25""",Jupiter,Cancer,"0°49'25.58""",90,90.6866,0.6866
2025-11-03 19:45:00,Aspect,Trine,Jupiter,Cancer,"0°49'25.58""",Saturn,Pisces,"1°28'01.81""",120,119.3566,0.6434
2025-11-03 20:00:00,Aspect,Square,Venus,Libra,"1°31'24.15""",Jupiter,Cancer,"0°49'26.59""",90,90.6993,0.6993
2025-11-03 20:00:00,Aspect,Trine,Jupiter,Cancer,"0°49'26.59""",Saturn,Pisces,"1°28'00.24""",120,119.3573,0.6427
2025-11-03 20:15:00,Aspect,Square,Venus,Libra,"1°32'11.05""",Jupiter,Cancer,"0°49'27.59""",90,90.7121,0.7121
2025-11-03 20:15:00,Aspect,Trine,Jupiter,Cancer,"0°49'27.59""",Saturn,Pisces,"1°27'58.68""",120,119.358,0.642
2025-11-03 20:30:00,Aspect,Square,Venus,Libra,"1°32'57.96""",Jupiter,Cancer,"0°49'28.58""",90,90.7248,0.7248
2025-11-03 20:30:00,Aspect,Trine,Jupiter,Cancer,"0°49'28.58""",Saturn,Pisces,"1°27'57.12""",120,119.3587,0.6413
2025-11-03 20:45:00,Aspect,Square,Venus,Libra,"1°33'44.86""",Jupiter,Cancer,"0°49'29.58""",90,90.7376,0.7376
2025-11-03 20:45:00,Aspect,Trine,Jupiter,Cancer,"0°49'29.58""",Saturn,Pisces,"1°27'55.56""",120,119.3595,0.6405
2025-11-03 21:00:00,Aspect,Square,Venus,Libra,"1°34'31.76""",Jupiter,Cancer,"0°49'30.58""",90,90.7503,0.7503
2025-11-03 21:00:00,Aspect,Trine,Jupiter,Cancer,"0°49'30.58""",Saturn,Pisces,"1°27'54.00""",120,119.3602,0.6398
2025-11-03 21:15:00,Aspect,Square,Venus,Libra,"1°35'18.67""",Jupiter,Cancer,"0°49'31.57""",90,90.7631,0.7631
2025-11-03 21:15:00,Aspect,Trine,Jupiter,Cancer,"0°49'31.57""",Saturn,Pisces,"1°27'52.44""",120,119.3609,0.6391
2025-11-03 21:30:00,Aspect,Square,Venus,Libra,"1°36'05.57""",Jupiter,Cancer,"0°49'32.57""",90,90.7758,0.7758
2025-11-03 21:30:00,Aspect,Trine,Jupiter,Cancer,"0°49'32.57""",Saturn,Pisces,"1°27'50.88""",120,119.3616,0.6384
2025-11-03 21:45:00,Aspect,Square,Venus,Libra,"1°36'52.48""",Jupiter,Cancer,"0°49'33.56""",90,90.7886,0.7886
2025-11-03 21:45:00,Aspect,Trine,Jupiter,Cancer,"0°49'33.56""",Saturn,Pisces,"1°27'49.32""",120,119.3623,0.6377
2025-11-03 22:00:00,Aspect,Square,Venus,Libra,"1°37'39.38""",Jupiter,Cancer,"0°49'34.55""",90,90.8013,0.8013
2025-11-03 22:00:00,Aspect,Trine,Jupiter,Cancer,"0°49'34.55""",Saturn,Pisces,"1°27'47.76""",120,119.363,0.637
2025-11-03 22:15:00,Aspect,Square,Venus,Libra,"1°38'26.28""",Jupiter,Cancer,"0°49'35.54""",90,90.8141,0.8141
2025-11-03 22:15:00,Aspect,Trine,Jupiter,Cancer,"0°49'35.54""",Saturn,Pisces,"1°27'46.20""",120,119.3637,0.6363
2025-11-03 22:30:00,Aspect,Square,Venus,Libra,"1°39'13.19""",Jupiter,Cancer,"0°49'36.53""",90,90.8269,0.8269
2025-11-03 22:30:00,Aspect,Trine,Jupiter,Cancer,"0°49'36.53""",Saturn,Pisces,"1°27'44.64""",120,119.3644,0.6356
2025-11-03 22:45:00,Aspect,Square,Venus,Libra,"1°40'00.09""",Jupiter,Cancer,"0°49'37.52""",90,90.8396,0.8396
2025-11-03 22:45:00,Aspect,Trine,Jupiter,Cancer,"0°49'37.52""",Saturn,Pisces,"1°27'43.08""",120,119.3651,0.6349
2025-11-03 23:00:00,Aspect,Square,Venus,Libra,"1°40'47.00""",Jupiter,Cancer,"0°49'38.50""",90,90.8524,0.8524
2025-11-03 23:00:00,Aspect,Trine,Jupiter,Cancer,"0°49'38.50""",Saturn,Pisces,"1°27'41.53""",120,119.3658,0.6342
2025-11-03 23:15:00,Aspect,Square,Venus,Libra,"1°41'33.90""",Jupiter,Cancer,"0°49'39.49""",90,90.8651,0.8651
2025-11-03 23:15:00,Aspect,Trine,Jupiter,Cancer,"0°49'39.49""",Saturn,Pisces,"1°27'39.97""",120,119.3665,0.6335
2025-11-03 23:30:00,Aspect,Square,Venus,Libra,"1°42'20.81""",Jupiter,Cancer,"0°49'40.47""",90,90.8779,0.8779
2025-11-03 23:30:00,Aspect,Trine,Jupiter,Cancer,"0°49'40.47""",Saturn,Pisces,"1°27'38.42""",120,119.3672,0.6328
2025-11-03 23:45:00,Aspect,Square,Venus,Libra,"1°43'07.71""",Jupiter,Cancer,"0°49'41.45""",90,90.8906,0.8906
2025-11-03 23:45:00,Aspect,Trine,Jupiter,Cancer,"0°49'41.45""",Saturn,Pisces,"1°27'36.86""",120,119.3679,0.6321
2025-11-04 00:00:00,Aspect,Square,Venus,Libra,"1°43'54.62""",Jupiter,Cancer,"0°49'42.43""",90,90.9034,0.9034
2025-11-04 00:00:00,Aspect,Trine,Jupiter,Cancer,"0°49'42.43""",Saturn,Pisces,"1°27'35.31""",120,119.3686,0.6314
2025-11-04 00:15:00,Aspect,Square,Venus,Libra,"1°44'41.52""",Jupiter,Cancer,"0°49'43.41""",90,90.9161,0.9161
2025-11-04 00:15:00,Aspect,Trine,Jupiter,Cancer,"0°49'43.41""",Saturn,Pisces,"1°27'33.75""",120,119.3693,0.6307
2025-11-04 00:30:00,Aspect,Square,Venus,Libra,"1°45'28.43""",Jupiter,Cancer,"0°49'44.39""",90,90.9289,0.9289
2025-11-04 00:30:00,Aspect,Trine,Jupiter,Cancer,"0°49'44.39""",Saturn,Pisces,"1°27'32.20""",120,119.3701,0.6299
2025-11-04 00:45:00,Aspect,Square,Venus,Libra,"1°46'15.34""",Jupiter,Cancer,"0°49'45.37""",90,90.9417,0.9417
2025-11-04 00:45:00,Aspect,Trine,Jupiter,Cancer,"0°49'45.37""",Saturn,Pisces,"1°27'30.65""",120,119.3708,0.6292
2025-11-04 01:00:00,Aspect,Square,Venus,Libra,"1°47'02.24""",Jupiter,Cancer,"0°49'46.35""",90,90.9544,0.9544
2025-11-04 01:00:00,Aspect,Trine,Jupiter,Cancer,"0°49'46.35""",Saturn,Pisces,"1°27'29.10""",120,119.3715,0.6285
2025-11-04 01:15:00,Aspect,Square,Venus,Libra,"1°47'49.15""",Jupiter,Cancer,"0°49'47.32""",90,90.9672,0.9672
2025-11-04 01:15:00,Aspect,Trine,Jupiter,Cancer,"0°49'47.32""",Saturn,Pisces,"1°27'27.55""",120,119.3722,0.6278
2025-11-04 01:30:00,Aspect,Square,Venus,Libra,"1°48'36.05""",Jupiter,Cancer,"0°49'48.29""",90,90.9799,0.9799
2025-11-04 01:30:00,Aspect,Trine,Jupiter,Cancer,"0°49'48.29""",Saturn,Pisces,"1°27'26.00""",120,119.3729,0.6271
2025-11-04 01:45:00,Aspect,Square,Venus,Libra,"1°49'22.96""",Jupiter,Cancer,"0°49'49.27""",90,90.9927,0.9927
2025-11-04 01:45:00,Aspect,Trine,Jupiter,Cancer,"0°49'49.27""",Saturn,Pisces,"1°27'24.45""",120,119.3736,0.6264
2025-11-04 02:00:00,Aspect,Trine,Jupiter,Cancer,"0°49'50.24""",Saturn,Pisces,"1°27'22.90""",120,119.3743,0.6257
2025-11-04 02:15:00,Aspect,Trine,Jupiter,Cancer,"0°49'51.21""",Saturn,Pisces,"1°27'21.35""",120,119.375,0.625
2025-11-04 02:30:00,Aspect,Trine,Jupiter,Cancer,"0°49'52.18""",Saturn,Pisces,"1°27'19.80""",120,119.3757,0.6243
2025-11-04 02:45:00,Aspect,Trine,Jupiter,Cancer,"0°49'53.14""",Saturn,Pisces,"1°27'18.25""",120,119.3764,0.6236
2025-11-04 03:00:00,Aspect,Trine,Jupiter,Cancer,"0°49'54.11""",Saturn,Pisces,"1°27'16.71""",120,119.3771,0.6229
2025-11-04 03:15:00,Aspect,Trine,Jupiter,Cancer,"0°49'55.07""",Saturn,Pisces,"1°27'15.16""",120,119.3778,0.6222
2025-11-04 03:30:00,Aspect,Trine,Jupiter,Cancer,"0°49'56.04""",Saturn,Pisces,"1°27'13.61""",120,119.3785,0.6215
2025-11-04 03:45:00,Aspect,Trine,Jupiter,Cancer,"0°49'57.00""",Saturn,Pisces,"1°27'12.07""",120,119.3791,0.6209
2025-11-04 04:00:00,Aspect,Trine,Jupiter,Cancer,"0°49'57.96""",Saturn,Pisces,"1°27'10.52""",120,119.3798,0.6202
2025-11-04 04:15:00,Aspect,Trine,Jupiter,Cancer,"0°49'58.92""",Saturn,Pisces,"1°27'08.98""",120,119.3805,0.6195
2025-11-04 04:30:00,Aspect,Trine,Jupiter,Cancer,"0°49'59.88""",Saturn,Pisces,"1°27'07.44""",120,119.3812,0.6188
2025-11-04 04:45:00,Aspect,Trine,Jupiter,Cancer,"0°50'00.84""",Saturn,Pisces,"1°27'05.89""",120,119.3819,0.6181
2025-11-04 05:00:00,Aspect,Trine,Jupiter,Cancer,"0°50'01.79""",Saturn,Pisces,"1°27'04.35""",120,119.3826,0.6174
2025-11-04 05:15:00,Aspect,Trine,Jupiter,Cancer,"0°50'02.75""",Saturn,Pisces,"1°27'02.81""",120,119.3833,0.6167
2025-11-04 05:30:00,Aspect,Trine,Jupiter,Cancer,"0°50'03.70""",Saturn,Pisces,"1°27'01.27""",120,119.384,0.616
2025-11-04 05:45:00,Aspect,Trine,Jupiter,Cancer,"0°50'04.65""",Saturn,Pisces,"1°26'59.73""",120,119.3847,0.6153
2025-11-04 06:00:00,Aspect,Trine,Jupiter,Cancer,"0°50'05.60""",Saturn,Pisces,"1°26'58.19""",120,119.3854,0.6146
2025-11-04 06:15:00,Aspect,Trine,Jupiter,Cancer,"0°50'06.55""",Saturn,Pisces,"1°26'56.65""",120,119.3861,0.6139
2025-11-04 06:30:00,Aspect,Trine,Jupiter,Cancer,"0°50'07.50""",Saturn,Pisces,"1°26'55.11""",120,119.3868,0.6132
2025-11-04 06:45:00,Aspect,Trine,Jupiter,Cancer,"0°50'08.45""",Saturn,Pisces,"1°26'53.57""",120,119.3875,0.6125
2025-11-04 07:00:00,Aspect,Trine,Jupiter,Cancer,"0°50'09.39""",Saturn,Pisces,"1°26'52.03""",120,119.3882,0.6118
2025-11-04 07:15:00,Aspect,Trine,Jupiter,Cancer,"0°50'10.34""",Saturn,Pisces,"1°26'50.50""",120,119.3888,0.6112
2025-11-04 07:30:00,Aspect,Trine,Jupiter,Cancer,"0°50'11.28""",Saturn,Pisces,"1°26'48.96""",120,119.3895,0.6105
2025-11-04 07:45:00,Aspect,Trine,Jupiter,Cancer,"0°50'12.22""",Saturn,Pisces,"1°26'47.43""",120,119.3902,0.6098
2025-11-04 08:00:00,Aspect,Trine,Jupiter,Cancer,"0°50'13.16""",Saturn,Pisces,"1°26'45.89""",120,119.3909,0.6091
2025-11-04 08:15:00,Aspect,Trine,Jupiter,Cancer,"0°50'14.10""",Saturn,Pisces,"1°26'44.36""",120,119.3916,0.6084
2025-11-04 08:30:00,Aspect,Trine,Jupiter,Cancer,"0°50'15.04""",Saturn,Pisces,"1°26'42.82""",120,119.3923,0.6077
2025-11-04 08:45:00,Aspect,Trine,Jupiter,Cancer,"0°50'15.98""",Saturn,Pisces,"1°26'41.29""",120,119.393,0.607
2025-11-04 09:00:00,Aspect,Trine,Jupiter,Cancer,"0°50'16.92""",Saturn,Pisces,"1°26'39.76""",120,119.3937,0.6063
2025-11-04 09:15:00,Aspect,Trine,Jupiter,Cancer,"0°50'17.85""",Saturn,Pisces,"1°26'38.22""",120,119.3943,0.6057
2025-11-04 09:30:00,Aspect,Trine,Jupiter,Cancer,"0°50'18.78""",Saturn,Pisces,"1°26'36.69""",120,119.395,0.605
2025-11-04 09:45:00,Aspect,Trine,Jupiter,Cancer,"0°50'19.71""",Saturn,Pisces,"1°26'35.16""",120,119.3957,0.6043
2025-11-04 10:00:00,Aspect,Trine,Jupiter,Cancer,"0°50'20.65""",Saturn,Pisces,"1°26'33.63""",120,119.3964,0.6036
2025-11-04 10:15:00,Aspect,Trine,Jupiter,Cancer,"0°50'21.57""",Saturn,Pisces,"1°26'32.10""",120,119.3971,0.6029
2025-11-04 10:30:00,Aspect,Trine,Jupiter,Cancer,"0°50'22.50""",Saturn,Pisces,"1°26'30.57""",120,119.3978,0.6022
2025-11-04 10:45:00,Aspect,Trine,Jupiter,Cancer,"0°50'23.43""",Saturn,Pisces,"1°26'29.04""",120,119.3984,0.6016
2025-11-04 11:00:00,Aspect,Trine,Jupiter,Cancer,"0°50'24.36""",Saturn,Pisces,"1°26'27.51""",120,119.3991,0.6009
2025-11-04 11:15:00,Aspect,Trine,Jupiter,Cancer,"0°50'25.28""",Saturn,Pisces,"1°26'25.99""",120,119.3998,0.6002
2025-11-04 11:30:00,Aspect,Trine,Jupiter,Cancer,"0°50'26.20""",Saturn,Pisces,"1°26'24.46""",120,119.4005,0.5995
2025-11-04 11:45:00,Aspect,Trine,Jupiter,Cancer,"0°50'27.13""",Saturn,Pisces,"1°26'22.93""",120,119.4012,0.5988
2025-11-04 12:00:00,Aspect,Trine,Jupiter,Cancer,"0°50'28.05""",Saturn,Pisces,"1°26'21.41""",120,119.4018,0.5982
2025-11-04 12:15:00,Aspect,Trine,Jupiter,Cancer,"0°50'28.97""",Saturn,Pisces,"1°26'19.88""",120,119.4025,0.5975
2025-11-04 12:30:00,Aspect,Trine,Jupiter,Cancer,"0°50'29.88""",Saturn,Pisces,"1°26'18.36""",120,119.4032,0.5968
2025-11-04 12:45:00,Aspect,Trine,Jupiter,Cancer,"0°50'30.80""",Saturn,Pisces,"1°26'16.83""",120,119.4039,0.5961
2025-11-04 13:00:00,Aspect,Trine,Jupiter,Cancer,"0°50'31.72""",Saturn,Pisces,"1°26'15.31""",120,119.4046,0.5954
2025-11-04 13:15:00,Aspect,Trine,Jupiter,Cancer,"0°50'32.63""",Saturn,Pisces,"1°26'13.79""",120,119.4052,0.5948
2025-11-04 13:30:00,Aspect,Trine,Jupiter,Cancer,"0°50'33.54""",Saturn,Pisces,"1°26'12.27""",120,119.4059,0.5941
2025-11-04 13:45:00,Aspect,Trine,Jupiter,Cancer,"0°50'34.45""",Saturn,Pisces,"1°26'10.75""",120,119.4066,0.5934
2025-11-04 14:00:00,Aspect,Square,Moon,Pisces,"29°57'01.63""",Jupiter,Cancer,"0°50'35.37""",90,90.8927,0.8927
2025-11-04 14:00:00,Aspect,Trine,Jupiter,Cancer,"0°50'35.37""",Saturn,Pisces,"1°26'09.22""",120,119.4073,0.5927
2025-11-04 14:15:00,Aspect,Square,Moon,Aries,"0°06'26.15""",Jupiter,Cancer,"0°50'36.27""",90,90.7361,0.7361
2025-11-04 14:15:00,Aspect,Trine,Jupiter,Cancer,"0°50'36.27""",Saturn,Pisces,"1°26'07.70""",120,119.4079,0.5921
2025-11-04 14:30:00,Aspect,Square,Moon,Aries,"0°15'50.78""",Jupiter,Cancer,"0°50'37.18""",90,90.5796,0.5796
2025-11-04 14:30:00,Aspect,Trine,Jupiter,Cancer,"0°50'37.18""",Saturn,Pisces,"1°26'06.18""",120,119.4086,0.5914
2025-11-04 14:45:00,Aspect,Square,Moon,Aries,"0°25'15.53""",Jupiter,Cancer,"0°50'38.09""",90,90.4229,0.4229
2025-11-04 14:45:00,Aspect,Trine,Jupiter,Cancer,"0°50'38.09""",Saturn,Pisces,"1°26'04.66""",120,119.4093,0.5907
2025-11-04 15:00:00,Aspect,Square,Moon,Aries,"0°34'40.41""",Jupiter,Cancer,"0°50'38.99""",90,90.2663,0.2663
2025-11-04 15:00:00,Aspect,Trine,Jupiter,Cancer,"0°50'38.99""",Saturn,Pisces,"1°26'03.15""",120,119.41,0.59
2025-11-04 15:15:00,Aspect,Square,Moon,Aries,"0°44'05.40""",Jupiter,Cancer,"0°50'39.90""",90,90.1096,0.1096
2025-11-04 15:15:00,Aspect,Trine,Jupiter,Cancer,"0°50'39.90""",Saturn,Pisces,"1°26'01.63""",120,119.4106,0.5894
2025-11-04 15:30:00,Aspect,Square,Moon,Aries,"0°53'30.51""",Jupiter,Cancer,"0°50'40.80""",90,89.9529,0.0471
2025-11-04 15:30:00,Aspect,Trine,Jupiter,Cancer,"0°50'40.80""",Saturn,Pisces,"1°26'00.11""",120,119.4113,0.5887
2025-11-04 15:45:00,Aspect,Square,Moon,Aries,"1°02'55.74""",Jupiter,Cancer,"0°50'41.70""",90,89.7961,0.2039
2025-11-04 15:45:00,Aspect,Trine,Jupiter,Cancer,"0°50'41.70""",Saturn,Pisces,"1°25'58.59""",120,119.412,0.588
2025-11-04 16:00:00,Aspect,Square,Moon,Aries,"1°12'21.09""",Jupiter,Cancer,"0°50'42.60""",90,89.6393,0.3607
2025-11-04 16:00:00,Aspect,Trine,Jupiter,Cancer,"0°50'42.60""",Saturn,Pisces,"1°25'57.08""",120,119.4126,0.5874
2025-11-04 16:15:00,Aspect,Square,Moon,Aries,"1°21'46.55""",Jupiter,Cancer,"0°50'43.50""",90,89.4825,0.5175
2025-11-04 16:15:00,Aspect,Trine,Jupiter,Cancer,"0°50'43.50""",Saturn,Pisces,"1°25'55.56""",120,119.4133,0.5867
2025-11-04 16:30:00,Aspect,Square,Moon,Aries,"1°31'12.13""",Jupiter,Cancer,"0°50'44.40""",90,89.3256,0.6744
2025-11-04 16:30:00,Aspect,Trine,Jupiter,Cancer,"0°50'44.40""",Saturn,Pisces,"1°25'54.05""",120,119.414,0.586
2025-11-04 16:45:00,Aspect,Opposition,Moon,Aries,"1°40'37.83""",Venus,Libra,"2°36'17.59""",180,179.0723,0.9277
2025-11-04 16:45:00,Aspect,Square,Moon,Aries,"1°40'37.83""",Jupiter,Cancer,"0°50'45.30""",90,89.1687,0.8313
2025-11-04 16:45:00,Aspect,Trine,Jupiter,Cancer,"0°50'45.30""",Saturn,Pisces,"1°25'52.53""",120,119.4147,0.5853
2025-11-04 17:00:00,Aspect,Opposition,Moon,Aries,"1°50'03.64""",Venus,Libra,"2°37'04.51""",180,179.2164,0.7836
2025-11-04 17:00:00,Aspect,Square,Moon,Aries,"1°50'03.64""",Jupiter,Cancer,"0°50'46.19""",90,89.0118,0.9882
2025-11-04 17:00:00,Aspect,Trine,Jupiter,Cancer,"0°50'46.19""",Saturn,Pisces,"1°25'51.02""",120,119.4153,0.5847
2025-11-04 17:15:00,Aspect,Opposition,Moon,Aries,"1°59'29.56""",Venus,Libra,"2°37'51.42""",180,179.3606,0.6394
2025-11-04 17:15:00,Aspect,Trine,Jupiter,Cancer,"0°50'47.09""",Saturn,Pisces,"1°25'49.51""",120,119.416,0.584
2025-11-04 17:30:00,Aspect,Opposition,Moon,Aries,"2°08'55.60""",Venus,Libra,"2°38'38.34""",180,179.5048,0.4952
2025-11-04 17:30:00,Aspect,Trine,Jupiter,Cancer,"0°50'47.98""",Saturn,Pisces,"1°25'47.99""",120,119.4167,0.5833
2025-11-04 17:45:00,Aspect,Opposition,Moon,Aries,"2°18'21.75""",Venus,Libra,"2°39'25.25""",180,179.649,0.351
2025-11-04 17:45:00,Aspect,Trine,Jupiter,Cancer,"0°50'48.87""",Saturn,Pisces,"1°25'46.48""",120,119.4173,0.5827
2025-11-04 18:00:00,Aspect,Opposition,Moon,Aries,"2°27'48.01""",Venus,Libra,"2°40'12.17""",180,179.7933,0.2067
2025-11-04 18:00:00,Aspect,Trine,Jupiter,Cancer,"0°50'49.76""",Saturn,Pisces,"1°25'44.97""",120,119.418,0.582
2025-11-04 18:15:00,Aspect,Opposition,Moon,Aries,"2°37'14.39""",Venus,Libra,"2°40'59.08""",180,179.9376,0.0624
2025-11-04 18:15:00,Aspect,Trine,Jupiter,Cancer,"0°50'50.65""",Saturn,Pisces,"1°25'43.46""",120,119.4187,0.5813
2025-11-04 18:30:00,Aspect,Opposition,Moon,Aries,"2°46'40.87""",Venus,Libra,"2°41'46.00""",180,179.9181,0.0819
2025-11-04 18:30:00,Aspect,Trine,Jupiter,Cancer,"0°50'51.54""",Saturn,Pisces,"1°25'41.95""",120,119.4193,0.5807
2025-11-04 18:45:00,Aspect,Opposition,Moon,Aries,"2°56'07.47""",Venus,Libra,"2°42'32.91""",180,179.7737,0.2263
2025-11-04 18:45:00,Aspect,Trine,Jupiter,Cancer,"0°50'52.43""",Saturn,Pisces,"1°25'40.44""",120,119.42,0.58
2025-11-04 19:00:00,Aspect,Opposition,Moon,Aries,"3°05'34.18""",Venus,Libra,"2°43'19.83""",180,179.6293,0.3707
2025-11-04 19:00:00,Aspect,Trine,Jupiter,Cancer,"0°50'53.31""",Saturn,Pisces,"1°25'38.93""",120,119.4207,0.5793
2025-11-04 19:15:00,Aspect,Opposition,Moon,Aries,"3°15'00.99""",Venus,Libra,"2°44'06.75""",180,179.4849,0.5151
2025-11-04 19:15:00,Aspect,Trine,Jupiter,Cancer,"0°50'54.20""",Saturn,Pisces,"1°25'37.42""",120,119.4213,0.5787
2025-11-04 19:30:00,Aspect,Opposition,Moon,Aries,"3°24'27.92""",Venus,Libra,"2°44'53.66""",180,179.3405,0.6595
2025-11-04 19:30:00,Aspect,Trine,Jupiter,Cancer,"0°50'55.08""",Saturn,Pisces,"1°25'35.91""",120,119.422,0.578
2025-11-04 19:45:00,Aspect,Opposition,Moon,Aries,"3°33'54.95""",Venus,Libra,"2°45'40.58""",180,179.196,0.804
2025-11-04 19:45:00,Aspect,Trine,Jupiter,Cancer,"0°50'55.96""",Saturn,Pisces,"1°25'34.41""",120,119.4227,0.5773
2025-11-04 20:00:00,Aspect,Opposition,Moon,Aries,"3°43'22.09""",Venus,Libra,"2°46'27.50""",180,179.0515,0.9485
2025-11-04 20:00:00,Aspect,Trine,Jupiter,Cancer,"0°50'56.84""",Saturn,Pisces,"1°25'32.90""",120,119.4233,0.5767
2025-11-04 20:15:00,Aspect,Trine,Jupiter,Cancer,"0°50'57.72""",Saturn,Pisces,"1°25'31.39""",120,119.424,0.576
2025-11-04 20:30:00,Aspect,Trine,Jupiter,Cancer,"0°50'58.60""",Saturn,Pisces,"1°25'29.89""",120,119.4246,0.5754
2025-11-04 20:45:00,Aspect,Trine,Jupiter,Cancer,"0°50'59.47""",Saturn,Pisces,"1°25'28.38""",120,119.4253,0.5747
2025-11-04 21:00:00,Aspect,Trine,Jupiter,Cancer,"0°51'00.35""",Saturn,Pisces,"1°25'26.88""",120,119.426,0.574
2025-11-04 21:15:00,Aspect,Trine,Jupiter,Cancer,"0°51'01.22""",Saturn,Pisces,"1°25'25.38""",120,119.4266,0.5734
2025-11-04 21:30:00,Aspect,Trine,Jupiter,Cancer,"0°51'02.09""",Saturn,Pisces,"1°25'23.87""",120,119.4273,0.5727
2025-11-04 21:45:00,Aspect,Trine,Jupiter,Cancer,"0°51'02.97""",Saturn,Pisces,"1°25'22.37""",120,119.4279,0.5721
2025-11-04 22:00:00,Aspect,Trine,Jupiter,Cancer,"0°51'03.84""",Saturn,Pisces,"1°25'20.87""",120,119.4286,0.5714
2025-11-04 22:15:00,Aspect,Trine,Jupiter,Cancer,"0°51'04.71""",Saturn,Pisces,"1°25'19.37""",120,119.4293,0.5707
2025-11-04 22:30:00,Aspect,Trine,Jupiter,Cancer,"0°51'05.57""",Saturn,Pisces,"1°25'17.87""",120,119.4299,0.5701
2025-11-04 22:45:00,Aspect,Trine,Jupiter,Cancer,"0°51'06.44""",Saturn,Pisces,"1°25'16.37""",120,119.4306,0.5694
2025-11-04 23:00:00,Aspect,Trine,Jupiter,Cancer,"0°51'07.30""",Saturn,Pisces,"1°25'14.87""",120,119.4312,0.5688
2025-11-04 23:15:00,Aspect,Trine,Jupiter,Cancer,"0°51'08.17""",Saturn,Pisces,"1°25'13.37""",120,119.4319,0.5681
2025-11-04 23:30:00,Aspect,Trine,Jupiter,Cancer,"0°51'09.03""",Saturn,Pisces,"1°25'11.87""",120,119.4325,0.5675
2025-11-04 23:45:00,Aspect,Trine,Jupiter,Cancer,"0°51'09.89""",Saturn,Pisces,"1°25'10.37""",120,119.4332,0.5668
2025-11-05 00:00:00,Aspect,Trine,Jupiter,Cancer,"0°51'10.75""",Saturn,Pisces,"1°25'08.87""",120,119.4339,0.5661
2025-11-05 00:15:00,Aspect,Trine,Jupiter,Cancer,"0°51'11.61""",Saturn,Pisces,"1°25'07.38""",120,119.4345,0.5655
2025-11-05 00:30:00,Aspect,Trine,Jupiter,Cancer,"0°51'12.47""",Saturn,Pisces,"1°25'05.88""",120,119.4352,0.5648
2025-11-05 00:45:00,Aspect,Trine,Jupiter,Cancer,"0°51'13.32""",Saturn,Pisces,"1°25'04.39""",120,119.4358,0.5642
2025-11-05 01:00:00,Aspect,Trine,Jupiter,Cancer,"0°51'14.18""",Saturn,Pisces,"1°25'02.89""",120,119.4365,0.5635
2025-11-05 01:15:00,Aspect,Trine,Jupiter,Cancer,"0°51'15.03""",Saturn,Pisces,"1°25'01.40""",120,119.4371,0.5629
2025-11-05 01:30:00,Aspect,Trine,Jupiter,Cancer,"0°51'15.89""",Saturn,Pisces,"1°24'59.90""",120,119.4378,0.5622
2025-11-05 01:45:00,Aspect,Trine,Jupiter,Cancer,"0°51'16.74""",Saturn,Pisces,"1°24'58.41""",120,119.4384,0.5616
2025-11-05 02:00:00,Aspect,Trine,Jupiter,Cancer,"0°51'17.59""",Saturn,Pisces,"1°24'56.92""",120,119.4391,0.5609
2025-11-05 02:15:00,Aspect,Trine,Jupiter,Cancer,"0°51'18.44""",Saturn,Pisces,"1°24'55.43""",120,119.4397,0.5603
2025-11-05 02:30:00,Aspect,Trine,Jupiter,Cancer,"0°51'19.28""",Saturn,Pisces,"1°24'53.94""",120,119.4404,0.5596
2025-11-05 02:45:00,Aspect,Trine,Jupiter,Cancer,"0°51'20.13""",Saturn,Pisces,"1°24'52.44""",120,119.441,0.559
2025-11-05 03:00:00,Aspect,Trine,Jupiter,Cancer,"0°51'20.97""",Saturn,Pisces,"1°24'50.95""",120,119.4417,0.5583
2025-11-05 03:15:00,Aspect,Trine,Jupiter,Cancer,"0°51'21.82""",Saturn,Pisces,"1°24'49.47""",120,119.4423,0.5577
2025-11-05 03:30:00,Aspect,Trine,Jupiter,Cancer,"0°51'22.66""",Saturn,Pisces,"1°24'47.98""",120,119.443,0.557
2025-11-05 03:45:00,Aspect,Trine,Jupiter,Cancer,"0°51'23.50""",Saturn,Pisces,"1°24'46.49""",120,119.4436,0.5564
2025-11-05 04:00:00,Aspect,Trine,Jupiter,Cancer,"0°51'24.34""",Saturn,Pisces,"1°24'45.00""",120,119.4443,0.5557
2025-11-05 04:15:00,Aspect,Trine,Jupiter,Cancer,"0°51'25.18""",Saturn,Pisces,"1°24'43.51""",120,119.4449,0.5551
2025-11-05 04:30:00,Aspect,Trine,Jupiter,Cancer,"0°51'26.02""",Saturn,Pisces,"1°24'42.03""",120,119.4456,0.5544
2025-11-05 04:45:00,Aspect,Trine,Jupiter,Cancer,"0°51'26.85""",Saturn,Pisces,"1°24'40.54""",120,119.4462,0.5538
2025-11-05 05:00:00,Aspect,Trine,Jupiter,Cancer,"0°51'27.69""",Saturn,Pisces,"1°24'39.06""",120,119.4468,0.5532
2025-11-05 05:15:00,Aspect,Trine,Jupiter,Cancer,"0°51'28.52""",Saturn,Pisces,"1°24'37.57""",120,119.4475,0.5525
2025-11-05 05:30:00,Aspect,Trine,Jupiter,Cancer,"0°51'29.35""",Saturn,Pisces,"1°24'36.09""",120,119.4481,0.5519
2025-11-05 05:45:00,Aspect,Trine,Jupiter,Cancer,"0°51'30.18""",Saturn,Pisces,"1°24'34.60""",120,119.4488,0.5512
2025-11-05 06:00:00,Aspect,Trine,Jupiter,Cancer,"0°51'31.01""",Saturn,Pisces,"1°24'33.12""",120,119.4494,0.5506
2025-11-05 06:15:00,Aspect,Trine,Jupiter,Cancer,"0°51'31.84""",Saturn,Pisces,"1°24'31.64""",120,119.4501,0.5499
2025-11-05 06:30:00,Aspect,Trine,Jupiter,Cancer,"0°51'32.67""",Saturn,Pisces,"1°24'30.16""",120,119.4507,0.5493
2025-11-05 06:45:00,Aspect,Trine,Jupiter,Cancer,"0°51'33.49""",Saturn,Pisces,"1°24'28.68""",120,119.4513,0.5487
2025-11-05 07:00:00,Aspect,Trine,Jupiter,Cancer,"0°51'34.32""",Saturn,Pisces,"1°24'27.20""",120,119.452,0.548
2025-11-05 07:15:00,Aspect,Trine,Jupiter,Cancer,"0°51'35.14""",Saturn,Pisces,"1°24'25.72""",120,119.4526,0.5474
2025-11-05 07:30:00,Aspect,Trine,Jupiter,Cancer,"0°51'35.96""",Saturn,Pisces,"1°24'24.24""",120,119.4533,0.5467
2025-11-05 07:45:00,Aspect,Trine,Jupiter,Cancer,"0°51'36.79""",Saturn,Pisces,"1°24'22.76""",120,119.4539,0.5461
2025-11-05 08:00:00,Aspect,Trine,Jupiter,Cancer,"0°51'37.61""",Saturn,Pisces,"1°24'21.28""",120,119.4545,0.5455
2025-11-05 08:15:00,Aspect,Trine,Jupiter,Cancer,"0°51'38.42""",Saturn,Pisces,"1°24'19.80""",120,119.4552,0.5448
2025-11-05 08:30:00,Aspect,Trine,Jupiter,Cancer,"0°51'39.24""",Saturn,Pisces,"1°24'18.33""",120,119.4558,0.5442
2025-11-05 08:45:00,Aspect,Trine,Jupiter,Cancer,"0°51'40.06""",Saturn,Pisces,"1°24'16.85""",120,119.4564,0.5436
2025-11-05 09:00:00,Aspect,Trine,Jupiter,Cancer,"0°51'40.87""",Saturn,Pisces,"1°24'15.37""",120,119.4571,0.5429
2025-11-05 09:15:00,Aspect,Trine,Jupiter,Cancer,"0°51'41.68""",Saturn,Pisces,"1°24'13.90""",120,119.4577,0.5423
2025-11-05 09:30:00,Aspect,Trine,Jupiter,Cancer,"0°51'42.50""",Saturn,Pisces,"1°24'12.42""",120,119.4584,0.5416
2025-11-05 09:45:00,Aspect,Trine,Jupiter,Cancer,"0°51'43.31""",Saturn,Pisces,"1°24'10.95""",120,119.459,0.541
2025-11-05 10:00:00,Aspect,Trine,Jupiter,Cancer,"0°51'44.12""",Saturn,Pisces,"1°24'09.48""",120,119.4596,0.5404
2025-11-05 10:15:00,Aspect,Trine,Jupiter,Cancer,"0°51'44.92""",Saturn,Pisces,"1°24'08.00""",120,119.4603,0.5397
2025-11-05 10:30:00,Aspect,Trine,Jupiter,Cancer,"0°51'45.73""",Saturn,Pisces,"1°24'06.53""",120,119.4609,0.5391
2025-11-05 10:45:00,Aspect,Trine,Jupiter,Cancer,"0°51'46.54""",Saturn,Pisces,"1°24'05.06""",120,119.4615,0.5385
2025-11-05 11:00:00,Aspect,Trine,Jupiter,Cancer,"0°51'47.34""",Saturn,Pisces,"1°24'03.59""",120,119.4622,0.5378
2025-11-05 11:15:00,Aspect,Trine,Jupiter,Cancer,"0°51'48.14""",Saturn,Pisces,"1°24'02.12""",120,119.4628,0.5372
2025-11-05 11:30:00,Aspect,Trine,Jupiter,Cancer,"0°51'48.95""",Saturn,Pisces,"1°24'00.65""",120,119.4634,0.5366
2025-11-05 11:45:00,Aspect,Trine,Jupiter,Cancer,"0°51'49.75""",Saturn,Pisces,"1°23'59.18""",120,119.464,0.536
2025-11-05 12:00:00,Aspect,Trine,Jupiter,Cancer,"0°51'50.55""",Saturn,Pisces,"1°23'57.71""",120,119.4647,0.5353
2025-11-05 12:15:00,Aspect,Trine,Jupiter,Cancer,"0°51'51.34""",Saturn,Pisces,"1°23'56.25""",120,119.4653,0.5347
2025-11-05 12:30:00,Aspect,Trine,Jupiter,Cancer,"0°51'52.14""",Saturn,Pisces,"1°23'54.78""",120,119.4659,0.5341
2025-11-05 12:45:00,Aspect,Trine,Jupiter,Cancer,"0°51'52.94""",Saturn,Pisces,"1°23'53.31""",120,119.4666,0.5334
2025-11-05 13:00:00,Aspect,Trine,Jupiter,Cancer,"0°51'53.73""",Saturn,Pisces,"1°23'51.85""",120,119.4672,0.5328
2025-11-05 13:15:00,Aspect,Trine,Jupiter,Cancer,"0°51'54.52""",Saturn,Pisces,"1°23'50.38""",120,119.4678,0.5322
2025-11-05 13:30:00,Aspect,Trine,Jupiter,Cancer,"0°51'55.32""",Saturn,Pisces,"1°23'48.91""",120,119.4684,0.5316
2025-11-05 13:45:00,Aspect,Trine,Jupiter,Cancer,"0°51'56.11""",Saturn,Pisces,"1°23'47.45""",120,119.4691,0.5309
2025-11-05 14:00:00,Aspect,Trine,Jupiter,Cancer,"0°51'56.89""",Saturn,Pisces,"1°23'45.99""",120,119.4697,0.5303
2025-11-05 14:15:00,Aspect,Trine,Jupiter,Cancer,"0°51'57.68""",Saturn,Pisces,"1°23'44.52""",120,119.4703,0.5297
2025-11-05 14:30:00,Aspect,Trine,Jupiter,Cancer,"0°51'58.47""",Saturn,Pisces,"1°23'43.06""",120,119.4709,0.5291
2025-11-05 14:45:00,Aspect,Trine,Jupiter,Cancer,"0°51'59.25""",Saturn,Pisces,"1°23'41.60""",120,119.4716,0.5284
2025-11-05 15:00:00,Aspect,Trine,Jupiter,Cancer,"0°52'00.04""",Saturn,Pisces,"1°23'40.14""",120,119.4722,0.5278
2025-11-05 15:15:00,Aspect,Trine,Jupiter,Cancer,"0°52'00.82""",Saturn,Pisces,"1°23'38.68""",120,119.4728,0.5272
2025-11-05 15:30:00,Aspect,Trine,Jupiter,Cancer,"0°52'01.60""",Saturn,Pisces,"1°23'37.22""",120,119.4734,0.5266
2025-11-05 15:45:00,Aspect,Trine,Jupiter,Cancer,"0°52'02.38""",Saturn,Pisces,"1°23'35.76""",120,119.4741,0.5259
2025-11-05 16:00:00,Aspect,Trine,Jupiter,Cancer,"0°52'03.16""",Saturn,Pisces,"1°23'34.30""",120,119.4747,0.5253
2025-11-05 16:15:00,Aspect,Trine,Jupiter,Cancer,"0°52'03.94""",Saturn,Pisces,"1°23'32.84""",120,119.4753,0.5247
2025-11-05 16:30:00,Aspect,Trine,Jupiter,Cancer,"0°52'04.72""",Saturn,Pisces,"1°23'31.38""",120,119.4759,0.5241
2025-11-05 16:45:00,Aspect,Trine,Jupiter,Cancer,"0°52'05.49""",Saturn,Pisces,"1°23'29.93""",120,119.4765,0.5235
2025-11-05 17:00:00,Aspect,Trine,Jupiter,Cancer,"0°52'06.27""",Saturn,Pisces,"1°23'28.47""",120,119.4772,0.5228
2025-11-05 17:15:00,Aspect,Trine,Jupiter,Cancer,"0°52'07.04""",Saturn,Pisces,"1°23'27.01""",120,119.4778,0.5222
2025-11-05 17:30:00,Aspect,Trine,Jupiter,Cancer,"0°52'07.81""",Saturn,Pisces,"1°23'25.56""",120,119.4784,0.5216
2025-11-05 17:45:00,Aspect,Trine,Jupiter,Cancer,"0°52'08.58""",Saturn,Pisces,"1°23'24.10""",120,119.479,0.521
2025-11-05 18:00:00,Aspect,Trine,Jupiter,Cancer,"0°52'09.35""",Saturn,Pisces,"1°23'22.65""",120,119.4796,0.5204
2025-11-05 18:15:00,Aspect,Trine,Jupiter,Cancer,"0°52'10.12""",Saturn,Pisces,"1°23'21.20""",120,119.4803,0.5197
2025-11-05 18:30:00,Aspect,Trine,Jupiter,Cancer,"0°52'10.88""",Saturn,Pisces,"1°23'19.74""",120,119.4809,0.5191
2025-11-05 18:45:00,Aspect,Opposition,Sun,Libra,"19°05'49.11""",Moon,Aries,"18°09'33.89""",180,179.0624,0.9376
2025-11-05 18:45:00,Aspect,Trine,Jupiter,Cancer,"0°52'11.65""",Saturn,Pisces,"1°23'18.29""",120,119.4815,0.5185
2025-11-05 19:00:00,Aspect,Opposition,Sun,Libra,"19°06'26.68""",Moon,Aries,"18°19'07.97""",180,179.2115,0.7885
2025-11-05 19:00:00,Aspect,Trine,Jupiter,Cancer,"0°52'12.41""",Saturn,Pisces,"1°23'16.84""",120,119.4821,0.5179
2025-11-05 19:15:00,Aspect,Opposition,Sun,Libra,"19°07'04.26""",Moon,Aries,"18°28'42.09""",180,179.3605,0.6395
2025-11-05 19:15:00,Aspect,Trine,Jupiter,Cancer,"0°52'13.17""",Saturn,Pisces,"1°23'15.39""",120,119.4827,0.5173
2025-11-05 19:30:00,Aspect,Opposition,Sun,Libra,"19°07'41.84""",Moon,Aries,"18°38'16.25""",180,179.5096,0.4904
2025-11-05 19:30:00,Aspect,Trine,Jupiter,Cancer,"0°52'13.94""",Saturn,Pisces,"1°23'13.94""",120,119.4833,0.5167
2025-11-05 19:45:00,Aspect,Opposition,Sun,Libra,"19°08'19.42""",Moon,Aries,"18°47'50.46""",180,179.6586,0.3414
2025-11-05 19:45:00,Aspect,Trine,Jupiter,Cancer,"0°52'14.70""",Saturn,Pisces,"1°23'12.49""",120,119.4839,0.5161
2025-11-05 20:00:00,Aspect,Opposition,Sun,Libra,"19°08'56.99""",Moon,Aries,"18°57'24.70""",180,179.8077,0.1923
2025-11-05 20:00:00,Aspect,Trine,Jupiter,Cancer,"0°52'15.45""",Saturn,Pisces,"1°23'11.04""",120,119.4846,0.5154
2025-11-05 20:15:00,Aspect,Opposition,Sun,Libra,"19°09'34.57""",Moon,Aries,"19°06'58.98""",180,179.9568,0.0432
2025-11-05 20:15:00,Aspect,Trine,Jupiter,Cancer,"0°52'16.21""",Saturn,Pisces,"1°23'09.59""",120,119.4852,0.5148
2025-11-05 20:30:00,Aspect,Opposition,Sun,Libra,"19°10'12.15""",Moon,Aries,"19°16'33.30""",180,179.8941,0.1059
2025-11-05 20:30:00,Aspect,Trine,Jupiter,Cancer,"0°52'16.97""",Saturn,Pisces,"1°23'08.14""",120,119.4858,0.5142
2025-11-05 20:45:00,Aspect,Opposition,Sun,Libra,"19°10'49.73""",Moon,Aries,"19°26'07.65""",180,179.745,0.255
2025-11-05 20:45:00,Aspect,Trine,Jupiter,Cancer,"0°52'17.72""",Saturn,Pisces,"1°23'06.70""",120,119.4864,0.5136
2025-11-05 21:00:00,Aspect,Opposition,Sun,Libra,"19°11'27.31""",Moon,Aries,"19°35'42.04""",180,179.5959,0.4041
2025-11-05 21:00:00,Aspect,Trine,Jupiter,Cancer,"0°52'18.48""",Saturn,Pisces,"1°23'05.25""",120,119.487,0.513
2025-11-05 21:15:00,Aspect,Opposition,Sun,Libra,"19°12'04.89""",Moon,Aries,"19°45'16.47""",180,179.4468,0.5532
2025-11-05 21:15:00,Aspect,Trine,Jupiter,Cancer,"0°52'19.23""",Saturn,Pisces,"1°23'03.80""",120,119.4876,0.5124
2025-11-05 21:30:00,Aspect,Opposition,Sun,Libra,"19°12'42.47""",Moon,Aries,"19°54'50.93""",180,179.2976,0.7024
2025-11-05 21:30:00,Aspect,Trine,Jupiter,Cancer,"0°52'19.98""",Saturn,Pisces,"1°23'02.36""",120,119.4882,0.5118
2025-11-05 21:45:00,Aspect,Opposition,Sun,Libra,"19°13'20.05""",Moon,Aries,"20°04'25.42""",180,179.1485,0.8515
2025-11-05 21:45:00,Aspect,Trine,Moon,Aries,"20°04'25.42""",Ketu,Leo,"20°56'12.78""",120,120.8632,0.8632
2025-11-05 21:45:00,Aspect,Trine,Jupiter,Cancer,"0°52'20.73""",Saturn,Pisces,"1°23'00.91""",120,119.4888,0.5112
2025-11-05 22:00:00,Aspect,Trine,Moon,Aries,"20°13'59.95""",Ketu,Leo,"20°56'10.79""",120,120.703,0.703
2025-11-05 22:00:00,Aspect,Trine,Jupiter,Cancer,"0°52'21.48""",Saturn,Pisces,"1°22'59.47""",120,119.4894,0.5106
2025-11-05 22:15:00,Aspect,Trine,Moon,Aries,"20°23'34.50""",Ketu,Leo,"20°56'08.80""",120,120.5429,0.5429
2025-11-05 22:15:00,Aspect,Trine,Jupiter,Cancer,"0°52'22.23""",Saturn,Pisces,"1°22'58.02""",120,119.4901,0.5099
2025-11-05 22:30:00,Aspect,Trine,Moon,Aries,"20°33'09.09""",Ketu,Leo,"20°56'06.81""",120,120.3827,0.3827
2025-11-05 22:30:00,Aspect,Trine,Jupiter,Cancer,"0°52'22.97""",Saturn,Pisces,"1°22'56.58""",120,119.4907,0.5093
2025-11-05 22:45:00,Aspect,Trine,Moon,Aries,"20°42'43.71""",Ketu,Leo,"20°56'04.83""",120,120.2225,0.2225
2025-11-05 22:45:00,Aspect,Trine,Jupiter,Cancer,"0°52'23.72""",Saturn,Pisces,"1°22'55.14""",120,119.4913,0.5087
2025-11-05 23:00:00,Aspect,Trine,Moon,Aries,"20°52'18.36""",Ketu,Leo,"20°56'02.84""",120,120.0624,0.0624
2025-11-05 23:00:00,Aspect,Trine,Jupiter,Cancer,"0°52'24.46""",Saturn,Pisces,"1°22'53.70""",120,119.4919,0.5081
2025-11-05 23:15:00,Aspect,Trine,Moon,Aries,"21°01'53.04""",Ketu,Leo,"20°56'00.85""",120,119.9022,0.0978
2025-11-05 23:15:00,Aspect,Trine,Jupiter,Cancer,"0°52'25.20""",Saturn,Pisces,"1°22'52.25""",120,119.4925,0.5075
2025-11-05 23:30:00,Aspect,Trine,Moon,Aries,"21°11'27.75""",Ketu,Leo,"20°55'58.86""",120,119.742,0.258
2025-11-05 23:30:00,Aspect,Trine,Jupiter,Cancer,"0°52'25.94""",Saturn,Pisces,"1°22'50.81""",120,119.4931,0.5069
2025-11-05 23:45:00,Aspect,Trine,Moon,Aries,"21°21'02.48""",Ketu,Leo,"20°55'56.88""",120,119.5818,0.4182
2025-11-05 23:45:00,Aspect,Trine,Jupiter,Cancer,"0°52'26.68""",Saturn,Pisces,"1°22'49.37""",120,119.4937,0.5063
2025-11-06 00:00:00,Aspect,Trine,Moon,Aries,"21°30'37.24""",Ketu,Leo,"20°55'54.89""",120,119.4216,0.5784
2025-11-06 00:00:00,Aspect,Trine,Jupiter,Cancer,"0°52'27.42""",Saturn,Pisces,"1°22'47.93""",120,119.4943,0.5057
2025-11-06 00:15:00,Aspect,Trine,Moon,Aries,"21°40'12.02""",Ketu,Leo,"20°55'52.90""",120,119.2614,0.7386
2025-11-06 00:15:00,Aspect,Trine,Jupiter,Cancer,"0°52'28.16""",Saturn,Pisces,"1°22'46.49""",120,119.4949,0.5051
2025-11-06 00:30:00,Aspect,Trine,Moon,Aries,"21°49'46.83""",Ketu,Leo,"20°55'50.92""",120,119.1011,0.8989
2025-11-06 00:30:00,Aspect,Trine,Jupiter,Cancer,"0°52'28.89""",Saturn,Pisces,"1°22'45.06""",120,119.4955,0.5045
2025-11-06 00:45:00,Aspect,Trine,Jupiter,Cancer,"0°52'29.63""",Saturn,Pisces,"1°22'43.62""",120,119.4961,0.5039
2025-11-06 01:00:00,Aspect,Trine,Jupiter,Cancer,"0°52'30.36""",Saturn,Pisces,"1°22'42.18""",120,119.4967,0.5033
2025-11-06 01:15:00,Aspect,Trine,Jupiter,Cancer,"0°52'31.09""",Saturn,Pisces,"1°22'40.74""",120,119.4973,0.5027
2025-11-06 01:30:00,Aspect,Trine,Jupiter,Cancer,"0°52'31.83""",Saturn,Pisces,"1°22'39.31""",120,119.4979,0.5021
2025-11-06 01:45:00,Aspect,Trine,Jupiter,Cancer,"0°52'32.55""",Saturn,Pisces,"1°22'37.87""",120,119.4985,0.5015
2025-11-06 02:00:00,Aspect,Trine,Jupiter,Cancer,"0°52'33.28""",Saturn,Pisces,"1°22'36.44""",120,119.4991,0.5009
2025-11-06 02:15:00,Aspect,Trine,Jupiter,Cancer,"0°52'34.01""",Saturn,Pisces,"1°22'35.00""",120,119.4997,0.5003
2025-11-06 02:30:00,Aspect,Trine,Jupiter,Cancer,"0°52'34.74""",Saturn,Pisces,"1°22'33.57""",120,119.5003,0.4997
2025-11-06 02:45:00,Aspect,Trine,Jupiter,Cancer,"0°52'35.46""",Saturn,Pisces,"1°22'32.14""",120,119.5009,0.4991
2025-11-06 03:00:00,Aspect,Trine,Jupiter,Cancer,"0°52'36.18""",Saturn,Pisces,"1°22'30.71""",120,119.5015,0.4985
2025-11-06 03:15:00,Aspect,Trine,Jupiter,Cancer,"0°52'36.91""",Saturn,Pisces,"1°22'29.27""",120,119.5021,0.4979
2025-11-06 03:30:00,Aspect,Trine,Jupiter,Cancer,"0°52'37.63""",Saturn,Pisces,"1°22'27.84""",120,119.5027,0.4973
2025-11-06 03:45:00,Aspect,Trine,Jupiter,Cancer,"0°52'38.35""",Saturn,Pisces,"1°22'26.41""",120,119.5033,0.4967
2025-11-06 04:00:00,Aspect,Trine,Jupiter,Cancer,"0°52'39.06""",Saturn,Pisces,"1°22'24.98""",120,119.5039,0.4961
2025-11-06 04:15:00,Aspect,Trine,Jupiter,Cancer,"0°52'39.78""",Saturn,Pisces,"1°22'23.55""",120,119.5045,0.4955
2025-11-06 04:30:00,Aspect,Trine,Jupiter,Cancer,"0°52'40.50""",Saturn,Pisces,"1°22'22.12""",120,119.5051,0.4949
2025-11-06 04:45:00,Aspect,Trine,Jupiter,Cancer,"0°52'41.21""",Saturn,Pisces,"1°22'20.70""",120,119.5057,0.4943
2025-11-06 05:00:00,Aspect,Trine,Jupiter,Cancer,"0°52'41.92""",Saturn,Pisces,"1°22'19.27""",120,119.5063,0.4937
2025-11-06 05:15:00,Aspect,Trine,Jupiter,Cancer,"0°52'42.64""",Saturn,Pisces,"1°22'17.84""",120,119.5069,0.4931
2025-11-06 05:30:00,Aspect,Trine,Jupiter,Cancer,"0°52'43.35""",Saturn,Pisces,"1°22'16.42""",120,119.5075,0.4925
2025-11-06 05:45:00,Aspect,Trine,Jupiter,Cancer,"0°52'44.05""",Saturn,Pisces,"1°22'14.99""",120,119.5081,0.4919
2025-11-06 06:00:00,Aspect,Trine,Jupiter,Cancer,"0°52'44.76""",Saturn,Pisces,"1°22'13.56""",120,119.5087,0.4913
2025-11-06 06:15:00,Aspect,Trine,Jupiter,Cancer,"0°52'45.47""",Saturn,Pisces,"1°22'12.14""",120,119.5093,0.4907
2025-11-06 06:30:00,Aspect,Trine,Jupiter,Cancer,"0°52'46.17""",Saturn,Pisces,"1°22'10.72""",120,119.5098,0.4902
2025-11-06 06:45:00,Aspect,Trine,Jupiter,Cancer,"0°52'46.88""",Saturn,Pisces,"1°22'09.29""",120,119.5104,0.4896
2025-11-06 07:00:00,Aspect,Trine,Jupiter,Cancer,"0°52'47.58""",Saturn,Pisces,"1°22'07.87""",120,119.511,0.489
2025-11-06 07:15:00,Aspect,Trine,Jupiter,Cancer,"0°52'48.28""",Saturn,Pisces,"1°22'06.45""",120,119.5116,0.4884
2025-11-06 07:30:00,Aspect,Trine,Jupiter,Cancer,"0°52'48.98""",Saturn,Pisces,"1°22'05.03""",120,119.5122,0.4878
2025-11-06 07:45:00,Aspect,Trine,Jupiter,Cancer,"0°52'49.68""",Saturn,Pisces,"1°22'03.61""",120,119.5128,0.4872
2025-11-06 08:00:00,Aspect,Trine,Jupiter,Cancer,"0°52'50.38""",Saturn,Pisces,"1°22'02.19""",120,119.5134,0.4866
2025-11-06 08:15:00,Aspect,Trine,Jupiter,Cancer,"0°52'51.08""",Saturn,Pisces,"1°22'00.77""",120,119.514,0.486
2025-11-06 08:30:00,Aspect,Trine,Jupiter,Cancer,"0°52'51.77""",Saturn,Pisces,"1°21'59.35""",120,119.5146,0.4854
2025-11-06 08:45:00,Aspect,Trine,Jupiter,Cancer,"0°52'52.47""",Saturn,Pisces,"1°21'57.93""",120,119.5151,0.4849
2025-11-06 09:00:00,Aspect,Trine,Jupiter,Cancer,"0°52'53.16""",Saturn,Pisces,"1°21'56.51""",120,119.5157,0.4843
2025-11-06 09:15:00,Aspect,Trine,Jupiter,Cancer,"0°52'53.85""",Saturn,Pisces,"1°21'55.09""",120,119.5163,0.4837
2025-11-06 09:30:00,Aspect,Trine,Jupiter,Cancer,"0°52'54.54""",Saturn,Pisces,"1°21'53.68""",120,119.5169,0.4831
2025-11-06 09:45:00,Aspect,Trine,Jupiter,Cancer,"0°52'55.23""",Saturn,Pisces,"1°21'52.26""",120,119.5175,0.4825
2025-11-06 10:00:00,Aspect,Trine,Jupiter,Cancer,"0°52'55.92""",Saturn,Pisces,"1°21'50.85""",120,119.5181,0.4819
2025-11-06 10:15:00,Aspect,Trine,Jupiter,Cancer,"0°52'56.60""",Saturn,Pisces,"1°21'49.43""",120,119.5187,0.4813
2025-11-06 10:30:00,Aspect,Trine,Jupiter,Cancer,"0°52'57.29""",Saturn,Pisces,"1°21'48.02""",120,119.5192,0.4808
2025-11-06 10:45:00,Aspect,Trine,Jupiter,Cancer,"0°52'57.97""",Saturn,Pisces,"1°21'46.60""",120,119.5198,0.4802
2025-11-06 11:00:00,Aspect,Trine,Jupiter,Cancer,"0°52'58.65""",Saturn,Pisces,"1°21'45.19""",120,119.5204,0.4796
2025-11-06 11:15:00,Aspect,Trine,Jupiter,Cancer,"0°52'59.34""",Saturn,Pisces,"1°21'43.78""",120,119.521,0.479
2025-11-06 11:30:00,Aspect,Trine,Jupiter,Cancer,"0°53'00.02""",Saturn,Pisces,"1°21'42.37""",120,119.5216,0.4784
2025-11-06 11:45:00,Aspect,Trine,Jupiter,Cancer,"0°53'00.69""",Saturn,Pisces,"1°21'40.95""",120,119.5222,0.4778
2025-11-06 12:00:00,Aspect,Trine,Jupiter,Cancer,"0°53'01.37""",Saturn,Pisces,"1°21'39.54""",120,119.5227,0.4773
2025-11-06 12:15:00,Aspect,Trine,Jupiter,Cancer,"0°53'02.05""",Saturn,Pisces,"1°21'38.13""",120,119.5233,0.4767
2025-11-06 12:30:00,Aspect,Trine,Jupiter,Cancer,"0°53'02.72""",Saturn,Pisces,"1°21'36.72""",120,119.5239,0.4761
2025-11-06 12:45:00,Aspect,Trine,Jupiter,Cancer,"0°53'03.40""",Saturn,Pisces,"1°21'35.32""",120,119.5245,0.4755
2025-11-06 13:00:00,Aspect,Trine,Jupiter,Cancer,"0°53'04.07""",Saturn,Pisces,"1°21'33.91""",120,119.525,0.475
2025-11-06 13:15:00,Aspect,Trine,Jupiter,Cancer,"0°53'04.74""",Saturn,Pisces,"1°21'32.50""",120,119.5256,0.4744
2025-11-06 13:30:00,Aspect,Trine,Jupiter,Cancer,"0°53'05.41""",Saturn,Pisces,"1°21'31.09""",120,119.5262,0.4738
2025-11-06 13:45:00,Aspect,Trine,Jupiter,Cancer,"0°53'06.08""",Saturn,Pisces,"1°21'29.69""",120,119.5268,0.4732
2025-11-06 14:00:00,Aspect,Trine,Jupiter,Cancer,"0°53'06.75""",Saturn,Pisces,"1°21'28.28""",120,119.5274,0.4726
2025-11-06 14:15:00,Aspect,Trine,Sun,Libra,"19°54'40.72""",Rahu,Aquarius,"20°54'01.62""",120,120.9891,0.9891
2025-11-06 14:15:00,Aspect,Trine,Jupiter,Cancer,"0°53'07.41""",Saturn,Pisces,"1°21'26.88""",120,119.5279,0.4721
2025-11-06 14:30:00,Aspect,Trine,Sun,Libra,"19°55'18.31""",Rahu,Aquarius,"20°53'59.63""",120,120.9781,0.9781
2025-11-06 14:30:00,Aspect,Trine,Jupiter,Cancer,"0°53'08.08""",Saturn,Pisces,"1°21'25.47""",120,119.5285,0.4715
2025-11-06 14:45:00,Aspect,Trine,Sun,Libra,"19°55'55.90""",Rahu,Aquarius,"20°53'57.65""",120,120.9672,0.9672
2025-11-06 14:45:00,Aspect,Trine,Jupiter,Cancer,"0°53'08.74""",Saturn,Pisces,"1°21'24.07""",120,119.5291,0.4709
2025-11-06 15:00:00,Aspect,Trine,Sun,Libra,"19°56'33.50""",Rahu,Aquarius,"20°53'55.66""",120,120.9562,0.9562
2025-11-06 15:00:00,Aspect,Trine,Jupiter,Cancer,"0°53'09.40""",Saturn,Pisces,"1°21'22.66""",120,119.5296,0.4704
2025-11-06 15:15:00,Aspect,Trine,Sun,Libra,"19°57'11.09""",Rahu,Aquarius,"20°53'53.67""",120,120.9452,0.9452
2025-11-06 15:15:00,Aspect,Trine,Jupiter,Cancer,"0°53'10.06""",Saturn,Pisces,"1°21'21.26""",120,119.5302,0.4698
2025-11-06 15:30:00,Aspect,Trine,Sun,Libra,"19°57'48.68""",Rahu,Aquarius,"20°53'51.68""",120,120.9342,0.9342
2025-11-06 15:30:00,Aspect,Trine,Jupiter,Cancer,"0°53'10.72""",Saturn,Pisces,"1°21'19.86""",120,119.5308,0.4692
2025-11-06 15:45:00,Aspect,Trine,Sun,Libra,"19°58'26.28""",Rahu,Aquarius,"20°53'49.70""",120,120.9232,0.9232
2025-11-06 15:45:00,Aspect,Trine,Jupiter,Cancer,"0°53'11.38""",Saturn,Pisces,"1°21'18.46""",120,119.5314,0.4686
2025-11-06 16:00:00,Aspect,Trine,Sun,Libra,"19°59'03.87""",Rahu,Aquarius,"20°53'47.71""",120,120.9122,0.9122
2025-11-06 16:00:00,Aspect,Trine,Jupiter,Cancer,"0°53'12.04""",Saturn,Pisces,"1°21'17.06""",120,119.5319,0.4681
2025-11-06 16:15:00,Aspect,Trine,Sun,Libra,"19°59'41.46""",Rahu,Aquarius,"20°53'45.72""",120,120.9012,0.9012
2025-11-06 16:15:00,Aspect,Trine,Jupiter,Cancer,"0°53'12.69""",Saturn,Pisces,"1°21'15.66""",120,119.5325,0.4675
2025-11-06 16:30:00,Aspect,Trine,Sun,Libra,"20°00'19.06""",Rahu,Aquarius,"20°53'43.74""",120,120.8902,0.8902
2025-11-06 16:30:00,Aspect,Trine,Jupiter,Cancer,"0°53'13.35""",Saturn,Pisces,"1°21'14.26""",120,119.5331,0.4669
2025-11-06 16:45:00,Aspect,Trine,Sun,Libra,"20°00'56.65""",Rahu,Aquarius,"20°53'41.75""",120,120.8792,0.8792
2025-11-06 16:45:00,Aspect,Trine,Jupiter,Cancer,"0°53'14.00""",Saturn,Pisces,"1°21'12.86""",120,119.5337,0.4663
2025-11-06 17:00:00,Aspect,Trine,Sun,Libra,"20°01'34.25""",Rahu,Aquarius,"20°53'39.76""",120,120.8682,0.8682
2025-11-06 17:00:00,Aspect,Trine,Jupiter,Cancer,"0°53'14.65""",Saturn,Pisces,"1°21'11.46""",120,119.5342,0.4658
2025-11-06 17:15:00,Aspect,Trine,Sun,Libra,"20°02'11.84""",Rahu,Aquarius,"20°53'37.77""",120,120.8572,0.8572
2025-11-06 17:15:00,Aspect,Trine,Jupiter,Cancer,"0°53'15.30""",Saturn,Pisces,"1°21'10.06""",120,119.5348,0.4652
2025-11-06 17:30:00,Aspect,Trine,Sun,Libra,"20°02'49.44""",Rahu,Aquarius,"20°53'35.79""",120,120.8462,0.8462
2025-11-06 17:30:00,Aspect,Trine,Jupiter,Cancer,"0°53'15.95""",Saturn,Pisces,"1°21'08.67""",120,119.5354,0.4646
2025-11-06 17:45:00,Aspect,Trine,Sun,Libra,"20°03'27.03""",Rahu,Aquarius,"20°53'33.80""",120,120.8352,0.8352
2025-11-06 17:45:00,Aspect,Trine,Jupiter,Cancer,"0°53'16.60""",Saturn,Pisces,"1°21'07.27""",120,119.5359,0.4641
2025-11-06 18:00:00,Aspect,Trine,Sun,Libra,"20°04'04.63""",Rahu,Aquarius,"20°53'31.81""",120,120.8242,0.8242
2025-11-06 18:00:00,Aspect,Trine,Jupiter,Cancer,"0°53'17.25""",Saturn,Pisces,"1°21'05.87""",120,119.5365,0.4635
2025-11-06 18:15:00,Aspect,Trine,Sun,Libra,"20°04'42.22""",Rahu,Aquarius,"20°53'29.82""",120,120.8132,0.8132
2025-11-06 18:15:00,Aspect,Trine,Jupiter,Cancer,"0°53'17.89""",Saturn,Pisces,"1°21'04.48""",120,119.5371,0.4629
2025-11-06 18:30:00,Aspect,Trine,Sun,Libra,"20°05'19.82""",Rahu,Aquarius,"20°53'27.84""",120,120.8022,0.8022
2025-11-06 18:30:00,Aspect,Trine,Jupiter,Cancer,"0°53'18.54""",Saturn,Pisces,"1°21'03.08""",120,119.5376,0.4624
2025-11-06 18:45:00,Aspect,Trine,Sun,Libra,"20°05'57.42""",Rahu,Aquarius,"20°53'25.85""",120,120.7912,0.7912
2025-11-06 18:45:00,Aspect,Trine,Jupiter,Cancer,"0°53'19.18""",Saturn,Pisces,"1°21'01.69""",120,119.5382,0.4618
2025-11-06 19:00:00,Aspect,Trine,Sun,Libra,"20°06'35.01""",Rahu,Aquarius,"20°53'23.86""",120,120.7802,0.7802
2025-11-06 19:00:00,Aspect,Trine,Jupiter,Cancer,"0°53'19.82""",Saturn,Pisces,"1°21'00.29""",120,119.5388,0.4612
2025-11-06 19:15:00,Aspect,Trine,Sun,Libra,"20°07'12.61""",Rahu,Aquarius,"20°53'21.88""",120,120.7692,0.7692
2025-11-06 19:15:00,Aspect,Trine,Jupiter,Cancer,"0°53'20.46""",Saturn,Pisces,"1°20'58.90""",120,119.5393,0.4607
2025-11-06 19:30:00,Aspect,Trine,Sun,Libra,"20°07'50.21""",Rahu,Aquarius,"20°53'19.89""",120,120.7582,0.7582
2025-11-06 19:30:00,Aspect,Trine,Jupiter,Cancer,"0°53'21.10""",Saturn,Pisces,"1°20'57.51""",120,119.5399,0.4601
2025-11-06 19:45:00,Aspect,Trine,Sun,Libra,"20°08'27.80""",Rahu,Aquarius,"20°53'17.90""",120,120.7472,0.7472
2025-11-06 19:45:00,Aspect,Trine,Jupiter,Cancer,"0°53'21.74""",Saturn,Pisces,"1°20'56.12""",120,119.5405,0.4595
2025-11-06 20:00:00,Aspect,Trine,Sun,Libra,"20°09'05.40""",Rahu,Aquarius,"20°53'15.91""",120,120.7363,0.7363
2025-11-06 20:00:00,Aspect,Trine,Jupiter,Cancer,"0°53'22.38""",Saturn,Pisces,"1°20'54.73""",120,119.541,0.459
2025-11-06 20:15:00,Aspect,Trine,Sun,Libra,"20°09'43.00""",Rahu,Aquarius,"20°53'13.93""",120,120.7253,0.7253
2025-11-06 20:15:00,Aspect,Trine,Jupiter,Cancer,"0°53'23.01""",Saturn,Pisces,"1°20'53.34""",120,119.5416,0.4584
2025-11-06 20:30:00,Aspect,Trine,Sun,Libra,"20°10'20.59""",Rahu,Aquarius,"20°53'11.94""",120,120.7143,0.7143
2025-11-06 20:30:00,Aspect,Trine,Jupiter,Cancer,"0°53'23.65""",Saturn,Pisces,"1°20'51.95""",120,119.5421,0.4579
2025-11-06 20:45:00,Aspect,Trine,Sun,Libra,"20°10'58.19""",Rahu,Aquarius,"20°53'09.95""",120,120.7033,0.7033
2025-11-06 20:45:00,Aspect,Trine,Jupiter,Cancer,"0°53'24.28""",Saturn,Pisces,"1°20'50.56""",120,119.5427,0.4573
2025-11-06 21:00:00,Aspect,Trine,Sun,Libra,"20°11'35.79""",Rahu,Aquarius,"20°53'07.97""",120,120.6923,0.6923
2025-11-06 21:00:00,Aspect,Trine,Jupiter,Cancer,"0°53'24.91""",Saturn,Pisces,"1°20'49.17""",120,119.5433,0.4567
2025-11-06 21:15:00,Aspect,Trine,Sun,Libra,"20°12'13.39""",Rahu,Aquarius,"20°53'05.98""",120,120.6813,0.6813
2025-11-06 21:15:00,Aspect,Trine,Jupiter,Cancer,"0°53'25.54""",Saturn,Pisces,"1°20'47.78""",120,119.5438,0.4562
2025-11-06 21:30:00,Aspect,Trine,Sun,Libra,"20°12'50.99""",Rahu,Aquarius,"20°53'03.99""",120,120.6703,0.6703
2025-11-06 21:30:00,Aspect,Trine,Jupiter,Cancer,"0°53'26.17""",Saturn,Pisces,"1°20'46.39""",120,119.5444,0.4556
2025-11-06 21:45:00,Aspect,Trine,Sun,Libra,"20°13'28.58""",Rahu,Aquarius,"20°53'02.00""",120,120.6593,0.6593
2025-11-06 21:45:00,Aspect,Trine,Jupiter,Cancer,"0°53'26.80""",Saturn,Pisces,"1°20'45.01""",120,119.5449,0.4551
2025-11-06 22:00:00,Aspect,Trine,Sun,Libra,"20°14'06.18""",Rahu,Aquarius,"20°53'00.02""",120,120.6483,0.6483
2025-11-06 22:00:00,Aspect,Trine,Jupiter,Cancer,"0°53'27.42""",Saturn,Pisces,"1°20'43.62""",120,119.5455,0.4545
2025-11-06 22:15:00,Aspect,Trine,Sun,Libra,"20°14'43.78""",Rahu,Aquarius,"20°52'58.03""",120,120.6373,0.6373
2025-11-06 22:15:00,Aspect,Trine,Jupiter,Cancer,"0°53'28.05""",Saturn,Pisces,"1°20'42.23""",120,119.5461,0.4539
2025-11-06 22:30:00,Aspect,Trine,Sun,Libra,"20°15'21.38""",Rahu,Aquarius,"20°52'56.04""",120,120.6263,0.6263
2025-11-06 22:30:00,Aspect,Trine,Jupiter,Cancer,"0°53'28.67""",Saturn,Pisces,"1°20'40.85""",120,119.5466,0.4534
2025-11-06 22:45:00,Aspect,Trine,Sun,Libra,"20°15'58.98""",Rahu,Aquarius,"20°52'54.06""",120,120.6153,0.6153
2025-11-06 22:45:00,Aspect,Trine,Jupiter,Cancer,"0°53'29.30""",Saturn,Pisces,"1°20'39.46""",120,119.5472,0.4528
2025-11-06 23:00:00,Aspect,Trine,Sun,Libra,"20°16'36.58""",Rahu,Aquarius,"20°52'52.07""",120,120.6043,0.6043
2025-11-06 23:00:00,Aspect,Trine,Jupiter,Cancer,"0°53'29.92""",Saturn,Pisces,"1°20'38.08""",120,119.5477,0.4523
2025-11-06 23:15:00,Aspect,Trine,Sun,Libra,"20°17'14.18""",Rahu,Aquarius,"20°52'50.08""",120,120.5933,0.5933
2025-11-06 23:15:00,Aspect,Opposition,Moon,Taurus,"6°21'36.16""",Mars,Scorpio,"7°18'43.91""",180,179.0478,0.9522
2025-11-06 23:15:00,Aspect,Trine,Jupiter,Cancer,"0°53'30.54""",Saturn,Pisces,"1°20'36.70""",120,119.5483,0.4517
2025-11-06 23:30:00,Aspect,Trine,Sun,Libra,"20°17'51.78""",Rahu,Aquarius,"20°52'48.09""",120,120.5823,0.5823
2025-11-06 23:30:00,Aspect,Opposition,Moon,Taurus,"6°31'09.87""",Mars,Scorpio,"7°19'10.85""",180,179.1997,0.8003
2025-11-06 23:30:00,Aspect,Trine,Jupiter,Cancer,"0°53'31.16""",Saturn,Pisces,"1°20'35.31""",120,119.5488,0.4512
2025-11-06 23:45:00,Aspect,Trine,Sun,Libra,"20°18'29.38""",Rahu,Aquarius,"20°52'46.11""",120,120.5713,0.5713
2025-11-06 23:45:00,Aspect,Opposition,Moon,Taurus,"6°40'43.54""",Mars,Scorpio,"7°19'37.78""",180,179.3516,0.6484
2025-11-06 23:45:00,Aspect,Trine,Jupiter,Cancer,"0°53'31.77""",Saturn,Pisces,"1°20'33.93""",120,119.5494,0.4506
2025-11-07 00:00:00,Aspect,Trine,Sun,Libra,"20°19'06.98""",Rahu,Aquarius,"20°52'44.12""",120,120.5603,0.5603
2025-11-07 00:00:00,Aspect,Opposition,Moon,Taurus,"6°50'17.16""",Mars,Scorpio,"7°20'04.72""",180,179.5035,0.4965
2025-11-07 00:00:00,Aspect,Trine,Jupiter,Cancer,"0°53'32.39""",Saturn,Pisces,"1°20'32.55""",120,119.55,0.45
2025-11-07 00:15:00,Aspect,Trine,Sun,Libra,"20°19'44.58""",Rahu,Aquarius,"20°52'42.13""",120,120.5493,0.5493
2025-11-07 00:15:00,Aspect,Opposition,Moon,Taurus,"6°59'50.73""",Mars,Scorpio,"7°20'31.66""",180,179.6553,0.3447
2025-11-07 00:15:00,Aspect,Trine,Jupiter,Cancer,"0°53'33.01""",Saturn,Pisces,"1°20'31.17""",120,119.5505,0.4495
2025-11-07 00:30:00,Aspect,Trine,Sun,Libra,"20°20'22.18""",Rahu,Aquarius,"20°52'40.15""",120,120.5383,0.5383
2025-11-07 00:30:00,Aspect,Opposition,Moon,Taurus,"7°09'24.25""",Mars,Scorpio,"7°20'58.60""",180,179.8071,0.1929
2025-11-07 00:30:00,Aspect,Trine,Jupiter,Cancer,"0°53'33.62""",Saturn,Pisces,"1°20'29.79""",120,119.5511,0.4489
2025-11-07 00:45:00,Aspect,Trine,Sun,Libra,"20°20'59.78""",Rahu,Aquarius,"20°52'38.16""",120,120.5273,0.5273
2025-11-07 00:45:00,Aspect,Opposition,Moon,Taurus,"7°18'57.72""",Mars,Scorpio,"7°21'25.54""",180,179.9589,0.0411
2025-11-07 00:45:00,Aspect,Trine,Jupiter,Cancer,"0°53'34.23""",Saturn,Pisces,"1°20'28.41""",120,119.5516,0.4484
2025-11-07 01:00:00,Aspect,Trine,Sun,Libra,"20°21'37.38""",Rahu,Aquarius,"20°52'36.17""",120,120.5163,0.5163
2025-11-07 01:00:00,Aspect,Opposition,Moon,Taurus,"7°28'31.13""",Mars,Scorpio,"7°21'52.48""",180,179.8893,0.1107
2025-11-07 01:00:00,Aspect,Trine,Jupiter,Cancer,"0°53'34.84""",Saturn,Pisces,"1°20'27.03""",120,119.5522,0.4478
2025-11-07 01:15:00,Aspect,Trine,Sun,Libra,"20°22'14.99""",Rahu,Aquarius,"20°52'34.18""",120,120.5053,0.5053
2025-11-07 01:15:00,Aspect,Opposition,Moon,Taurus,"7°38'04.50""",Mars,Scorpio,"7°22'19.41""",180,179.7375,0.2625
2025-11-07 01:15:00,Aspect,Trine,Jupiter,Cancer,"0°53'35.45""",Saturn,Pisces,"1°20'25.65""",120,119.5527,0.4473
2025-11-07 01:30:00,Aspect,Trine,Sun,Libra,"20°22'52.59""",Rahu,Aquarius,"20°52'32.20""",120,120.4943,0.4943
2025-11-07 01:30:00,Aspect,Opposition,Moon,Taurus,"7°47'37.81""",Mars,Scorpio,"7°22'46.35""",180,179.5857,0.4143
2025-11-07 01:30:00,Aspect,Trine,Jupiter,Cancer,"0°53'36.06""",Saturn,Pisces,"1°20'24.28""",120,119.5533,0.4467
2025-11-07 01:45:00,Aspect,Trine,Sun,Libra,"20°23'30.19""",Rahu,Aquarius,"20°52'30.21""",120,120.4833,0.4833
2025-11-07 01:45:00,Aspect,Opposition,Moon,Taurus,"7°57'11.06""",Mars,Scorpio,"7°23'13.29""",180,179.434,0.566
2025-11-07 01:45:00,Aspect,Trine,Jupiter,Cancer,"0°53'36.67""",Saturn,Pisces,"1°20'22.90""",120,119.5538,0.4462
2025-11-07 02:00:00,Aspect,Trine,Sun,Libra,"20°24'07.79""",Rahu,Aquarius,"20°52'28.22""",120,120.4723,0.4723
2025-11-07 02:00:00,Aspect,Opposition,Moon,Taurus,"8°06'44.26""",Mars,Scorpio,"7°23'40.23""",180,179.2822,0.7178
2025-11-07 02:00:00,Aspect,Trine,Jupiter,Cancer,"0°53'37.27""",Saturn,Pisces,"1°20'21.52""",120,119.5544,0.4456
2025-11-07 02:15:00,Aspect,Trine,Sun,Libra,"20°24'45.39""",Rahu,Aquarius,"20°52'26.23""",120,120.4613,0.4613
2025-11-07 02:15:00,Aspect,Opposition,Moon,Taurus,"8°16'17.40""",Mars,Scorpio,"7°24'07.18""",180,179.1305,0.8695
2025-11-07 02:15:00,Aspect,Trine,Jupiter,Cancer,"0°53'37.88""",Saturn,Pisces,"1°20'20.15""",120,119.5549,0.4451
2025-11-07 02:30:00,Aspect,Trine,Sun,Libra,"20°25'23.00""",Rahu,Aquarius,"20°52'24.25""",120,120.4503,0.4503
2025-11-07 02:30:00,Aspect,Trine,Jupiter,Cancer,"0°53'38.48""",Saturn,Pisces,"1°20'18.77""",120,119.5555,0.4445
2025-11-07 02:45:00,Aspect,Trine,Sun,Libra,"20°26'00.60""",Rahu,Aquarius,"20°52'22.26""",120,120.4394,0.4394
2025-11-07 02:45:00,Aspect,Trine,Jupiter,Cancer,"0°53'39.09""",Saturn,Pisces,"1°20'17.40""",120,119.556,0.444
2025-11-07 03:00:00,Aspect,Trine,Sun,Libra,"20°26'38.20""",Rahu,Aquarius,"20°52'20.27""",120,120.4284,0.4284
2025-11-07 03:00:00,Aspect,Trine,Jupiter,Cancer,"0°53'39.69""",Saturn,Pisces,"1°20'16.02""",120,119.5566,0.4434
2025-11-07 03:15:00,Aspect,Trine,Sun,Libra,"20°27'15.80""",Rahu,Aquarius,"20°52'18.29""",120,120.4174,0.4174
2025-11-07 03:15:00,Aspect,Trine,Jupiter,Cancer,"0°53'40.29""",Saturn,Pisces,"1°20'14.65""",120,119.5571,0.4429
2025-11-07 03:30:00,Aspect,Trine,Sun,Libra,"20°27'53.41""",Rahu,Aquarius,"20°52'16.30""",120,120.4064,0.4064
2025-11-07 03:30:00,Aspect,Trine,Jupiter,Cancer,"0°53'40.88""",Saturn,Pisces,"1°20'13.28""",120,119.5577,0.4423
2025-11-07 03:45:00,Aspect,Trine,Sun,Libra,"20°28'31.01""",Rahu,Aquarius,"20°52'14.31""",120,120.3954,0.3954
2025-11-07 03:45:00,Aspect,Trine,Jupiter,Cancer,"0°53'41.48""",Saturn,Pisces,"1°20'11.90""",120,119.5582,0.4418
2025-11-07 04:00:00,Aspect,Trine,Sun,Libra,"20°29'08.61""",Rahu,Aquarius,"20°52'12.32""",120,120.3844,0.3844
2025-11-07 04:00:00,Aspect,Trine,Jupiter,Cancer,"0°53'42.08""",Saturn,Pisces,"1°20'10.53""",120,119.5588,0.4412
2025-11-07 04:15:00,Aspect,Trine,Sun,Libra,"20°29'46.22""",Rahu,Aquarius,"20°52'10.34""",120,120.3734,0.3734
2025-11-07 04:15:00,Aspect,Trine,Jupiter,Cancer,"0°53'42.67""",Saturn,Pisces,"1°20'09.16""",120,119.5593,0.4407
2025-11-07 04:30:00,Aspect,Trine,Sun,Libra,"20°30'23.82""",Rahu,Aquarius,"20°52'08.35""",120,120.3624,0.3624
2025-11-07 04:30:00,Aspect,Trine,Jupiter,Cancer,"0°53'43.27""",Saturn,Pisces,"1°20'07.79""",120,119.5599,0.4401
2025-11-07 04:45:00,Aspect,Trine,Sun,Libra,"20°31'01.43""",Rahu,Aquarius,"20°52'06.36""",120,120.3514,0.3514
2025-11-07 04:45:00,Aspect,Trine,Jupiter,Cancer,"0°53'43.86""",Saturn,Pisces,"1°20'06.42""",120,119.5604,0.4396
2025-11-07 05:00:00,Aspect,Trine,Sun,Libra,"20°31'39.03""",Rahu,Aquarius,"20°52'04.38""",120,120.3404,0.3404
2025-11-07 05:00:00,Aspect,Trine,Jupiter,Cancer,"0°53'44.45""",Saturn,Pisces,"1°20'05.05""",120,119.5609,0.4391
2025-11-07 05:15:00,Aspect,Trine,Sun,Libra,"20°32'16.64""",Rahu,Aquarius,"20°52'02.39""",120,120.3294,0.3294
2025-11-07 05:15:00,Aspect,Trine,Jupiter,Cancer,"0°53'45.04""",Saturn,Pisces,"1°20'03.68""",120,119.5615,0.4385
2025-11-07 05:30:00,Aspect,Trine,Sun,Libra,"20°32'54.24""",Rahu,Aquarius,"20°52'00.40""",120,120.3184,0.3184
2025-11-07 05:30:00,Aspect,Trine,Jupiter,Cancer,"0°53'45.63""",Saturn,Pisces,"1°20'02.32""",120,119.562,0.438
2025-11-07 05:45:00,Aspect,Trine,Sun,Libra,"20°33'31.85""",Rahu,Aquarius,"20°51'58.41""",120,120.3074,0.3074
2025-11-07 05:45:00,Aspect,Trine,Jupiter,Cancer,"0°53'46.21""",Saturn,Pisces,"1°20'00.95""",120,119.5626,0.4374
2025-11-07 06:00:00,Aspect,Trine,Sun,Libra,"20°34'09.45""",Rahu,Aquarius,"20°51'56.43""",120,120.2964,0.2964
2025-11-07 06:00:00,Aspect,Trine,Jupiter,Cancer,"0°53'46.80""",Saturn,Pisces,"1°19'59.58""",120,119.5631,0.4369
2025-11-07 06:15:00,Aspect,Trine,Sun,Libra,"20°34'47.06""",Rahu,Aquarius,"20°51'54.44""",120,120.2854,0.2854
2025-11-07 06:15:00,Aspect,Trine,Jupiter,Cancer,"0°53'47.38""",Saturn,Pisces,"1°19'58.22""",120,119.5637,0.4363
2025-11-07 06:30:00,Aspect,Trine,Sun,Libra,"20°35'24.66""",Rahu,Aquarius,"20°51'52.45""",120,120.2744,0.2744
2025-11-07 06:30:00,Aspect,Trine,Jupiter,Cancer,"0°53'47.97""",Saturn,Pisces,"1°19'56.85""",120,119.5642,0.4358
2025-11-07 06:45:00,Aspect,Trine,Sun,Libra,"20°36'02.27""",Rahu,Aquarius,"20°51'50.47""",120,120.2634,0.2634
2025-11-07 06:45:00,Aspect,Opposition,Moon,Taurus,"11°08'03.55""",Mercury,Scorpio,"12°06'23.82""",180,179.0277,0.9723
2025-11-07 06:45:00,Aspect,Trine,Jupiter,Cancer,"0°53'48.55""",Saturn,Pisces,"1°19'55.49""",120,119.5647,0.4353
2025-11-07 07:00:00,Aspect,Trine,Sun,Libra,"20°36'39.87""",Rahu,Aquarius,"20°51'48.48""",120,120.2524,0.2524
2025-11-07 07:00:00,Aspect,Opposition,Moon,Taurus,"11°17'35.48""",Mercury,Scorpio,"12°06'37.58""",180,179.1827,0.8173
2025-11-07 07:00:00,Aspect,Trine,Jupiter,Cancer,"0°53'49.13""",Saturn,Pisces,"1°19'54.12""",120,119.5653,0.4347
2025-11-07 07:15:00,Aspect,Trine,Sun,Libra,"20°37'17.48""",Rahu,Aquarius,"20°51'46.49""",120,120.2414,0.2414
2025-11-07 07:15:00,Aspect,Opposition,Moon,Taurus,"11°27'07.35""",Mercury,Scorpio,"12°06'51.30""",180,179.3378,0.6622
2025-11-07 07:15:00,Aspect,Trine,Jupiter,Cancer,"0°53'49.71""",Saturn,Pisces,"1°19'52.76""",120,119.5658,0.4342
2025-11-07 07:30:00,Aspect,Trine,Sun,Libra,"20°37'55.09""",Rahu,Aquarius,"20°51'44.50""",120,120.2304,0.2304
2025-11-07 07:30:00,Aspect,Opposition,Moon,Taurus,"11°36'39.14""",Mercury,Scorpio,"12°07'04.98""",180,179.4928,0.5072
2025-11-07 07:30:00,Aspect,Trine,Jupiter,Cancer,"0°53'50.29""",Saturn,Pisces,"1°19'51.39""",120,119.5664,0.4336
2025-11-07 07:45:00,Aspect,Trine,Sun,Libra,"20°38'32.69""",Rahu,Aquarius,"20°51'42.52""",120,120.2194,0.2194
2025-11-07 07:45:00,Aspect,Opposition,Moon,Taurus,"11°46'10.86""",Mercury,Scorpio,"12°07'18.61""",180,179.6478,0.3522
2025-11-07 07:45:00,Aspect,Trine,Jupiter,Cancer,"0°53'50.86""",Saturn,Pisces,"1°19'50.03""",120,119.5669,0.4331
2025-11-07 08:00:00,Aspect,Trine,Sun,Libra,"20°39'10.30""",Rahu,Aquarius,"20°51'40.53""",120,120.2084,0.2084
2025-11-07 08:00:00,Aspect,Opposition,Moon,Taurus,"11°55'42.51""",Mercury,Scorpio,"12°07'32.20""",180,179.8029,0.1971
2025-11-07 08:00:00,Aspect,Trine,Jupiter,Cancer,"0°53'51.44""",Saturn,Pisces,"1°19'48.67""",120,119.5674,0.4326
2025-11-07 08:15:00,Aspect,Trine,Sun,Libra,"20°39'47.91""",Rahu,Aquarius,"20°51'38.54""",120,120.1974,0.1974
2025-11-07 08:15:00,Aspect,Opposition,Moon,Taurus,"12°05'14.09""",Mercury,Scorpio,"12°07'45.74""",180,179.9579,0.0421
2025-11-07 08:15:00,Aspect,Trine,Jupiter,Cancer,"0°53'52.01""",Saturn,Pisces,"1°19'47.31""",120,119.568,0.432
2025-11-07 08:30:00,Aspect,Trine,Sun,Libra,"20°40'25.51""",Rahu,Aquarius,"20°51'36.55""",120,120.1864,0.1864
2025-11-07 08:30:00,Aspect,Opposition,Moon,Taurus,"12°14'45.59""",Mercury,Scorpio,"12°07'59.23""",180,179.8871,0.1129
2025-11-07 08:30:00,Aspect,Trine,Jupiter,Cancer,"0°53'52.58""",Saturn,Pisces,"1°19'45.95""",120,119.5685,0.4315
2025-11-07 08:45:00,Aspect,Trine,Sun,Libra,"20°41'03.12""",Rahu,Aquarius,"20°51'34.57""",120,120.1754,0.1754
2025-11-07 08:45:00,Aspect,Opposition,Moon,Taurus,"12°24'17.01""",Mercury,Scorpio,"12°08'12.68""",180,179.7321,0.2679
2025-11-07 08:45:00,Aspect,Trine,Jupiter,Cancer,"0°53'53.16""",Saturn,Pisces,"1°19'44.59""",120,119.569,0.431
2025-11-07 09:00:00,Aspect,Trine,Sun,Libra,"20°41'40.73""",Rahu,Aquarius,"20°51'32.58""",120,120.1644,0.1644
2025-11-07 09:00:00,Aspect,Opposition,Moon,Taurus,"12°33'48.36""",Mercury,Scorpio,"12°08'26.09""",180,179.5771,0.4229
2025-11-07 09:00:00,Aspect,Trine,Jupiter,Cancer,"0°53'53.73""",Saturn,Pisces,"1°19'43.23""",120,119.5696,0.4304
2025-11-07 09:15:00,Aspect,Trine,Sun,Libra,"20°42'18.34""",Rahu,Aquarius,"20°51'30.59""",120,120.1534,0.1534
2025-11-07 09:15:00,Aspect,Opposition,Moon,Taurus,"12°43'19.64""",Mercury,Scorpio,"12°08'39.45""",180,179.4222,0.5778
2025-11-07 09:15:00,Aspect,Trine,Jupiter,Cancer,"0°53'54.30""",Saturn,Pisces,"1°19'41.87""",120,119.5701,0.4299
2025-11-07 09:30:00,Aspect,Trine,Sun,Libra,"20°42'55.95""",Rahu,Aquarius,"20°51'28.61""",120,120.1424,0.1424
2025-11-07 09:30:00,Aspect,Opposition,Moon,Taurus,"12°52'50.83""",Mercury,Scorpio,"12°08'52.76""",180,179.2672,0.7328
2025-11-07 09:30:00,Aspect,Trine,Jupiter,Cancer,"0°53'54.86""",Saturn,Pisces,"1°19'40.51""",120,119.5707,0.4293
2025-11-07 09:45:00,Aspect,Trine,Sun,Libra,"20°43'33.55""",Rahu,Aquarius,"20°51'26.62""",120,120.1314,0.1314
2025-11-07 09:45:00,Aspect,Opposition,Moon,Taurus,"13°02'21.95""",Mercury,Scorpio,"12°09'06.03""",180,179.1122,0.8878
2025-11-07 09:45:00,Aspect,Trine,Jupiter,Cancer,"0°53'55.43""",Saturn,Pisces,"1°19'39.15""",120,119.5712,0.4288
2025-11-07 10:00:00,Aspect,Trine,Sun,Libra,"20°44'11.16""",Rahu,Aquarius,"20°51'24.63""",120,120.1204,0.1204
2025-11-07 10:00:00,Aspect,Trine,Jupiter,Cancer,"0°53'55.99""",Saturn,Pisces,"1°19'37.80""",120,119.5717,0.4283
2025-11-07 10:15:00,Aspect,Trine,Sun,Libra,"20°44'48.77""",Rahu,Aquarius,"20°51'22.64""",120,120.1094,0.1094
2025-11-07 10:15:00,Aspect,Trine,Jupiter,Cancer,"0°53'56.56""",Saturn,Pisces,"1°19'36.44""",120,119.5723,0.4277
2025-11-07 10:30:00,Aspect,Trine,Sun,Libra,"20°45'26.38""",Rahu,Aquarius,"20°51'20.66""",120,120.0984,0.0984
2025-11-07 10:30:00,Aspect,Trine,Jupiter,Cancer,"0°53'57.12""",Saturn,Pisces,"1°19'35.09""",120,119.5728,0.4272
2025-11-07 10:45:00,Aspect,Trine,Sun,Libra,"20°46'03.99""",Rahu,Aquarius,"20°51'18.67""",120,120.0874,0.0874
2025-11-07 10:45:00,Aspect,Trine,Jupiter,Cancer,"0°53'57.68""",Saturn,Pisces,"1°19'33.73""",120,119.5733,0.4267
2025-11-07 11:00:00,Aspect,Trine,Sun,Libra,"20°46'41.60""",Rahu,Aquarius,"20°51'16.68""",120,120.0764,0.0764
2025-11-07 11:00:00,Aspect,Trine,Jupiter,Cancer,"0°53'58.24""",Saturn,Pisces,"1°19'32.38""",120,119.5739,0.4261
2025-11-07 11:15:00,Aspect,Trine,Sun,Libra,"20°47'19.21""",Rahu,Aquarius,"20°51'14.70""",120,120.0654,0.0654
2025-11-07 11:15:00,Aspect,Trine,Jupiter,Cancer,"0°53'58.80""",Saturn,Pisces,"1°19'31.02""",120,119.5744,0.4256
2025-11-07 11:30:00,Aspect,Trine,Sun,Libra,"20°47'56.82""",Rahu,Aquarius,"20°51'12.71""",120,120.0544,0.0544
2025-11-07 11:30:00,Aspect,Trine,Jupiter,Cancer,"0°53'59.36""",Saturn,Pisces,"1°19'29.67""",120,119.5749,0.4251
2025-11-07 11:45:00,Aspect,Trine,Sun,Libra,"20°48'34.43""",Rahu,Aquarius,"20°51'10.72""",120,120.0434,0.0434
2025-11-07 11:45:00,Aspect,Trine,Jupiter,Cancer,"0°53'59.92""",Saturn,Pisces,"1°19'28.32""",120,119.5754,0.4246
2025-11-07 12:00:00,Aspect,Trine,Sun,Libra,"20°49'12.04""",Rahu,Aquarius,"20°51'08.73""",120,120.0324,0.0324
2025-11-07 12:00:00,Aspect,Trine,Jupiter,Cancer,"0°54'00.47""",Saturn,Pisces,"1°19'26.96""",120,119.576,0.424
2025-11-07 12:15:00,Aspect,Trine,Sun,Libra,"20°49'49.65""",Rahu,Aquarius,"20°51'06.75""",120,120.0214,0.0214
2025-11-07 12:15:00,Aspect,Trine,Jupiter,Cancer,"0°54'01.02""",Saturn,Pisces,"1°19'25.61""",120,119.5765,0.4235
2025-11-07 12:30:00,Aspect,Trine,Sun,Libra,"20°50'27.26""",Rahu,Aquarius,"20°51'04.76""",120,120.0104,0.0104
2025-11-07 12:30:00,Aspect,Trine,Jupiter,Cancer,"0°54'01.58""",Saturn,Pisces,"1°19'24.26""",120,119.577,0.423
2025-11-07 12:45:00,Aspect,Trine,Sun,Libra,"20°51'04.87""",Rahu,Aquarius,"20°51'02.77""",120,119.9994,0.0006
2025-11-07 12:45:00,Aspect,Trine,Jupiter,Cancer,"0°54'02.13""",Saturn,Pisces,"1°19'22.91""",120,119.5776,0.4224
2025-11-07 13:00:00,Aspect,Trine,Sun,Libra,"20°51'42.48""",Rahu,Aquarius,"20°51'00.79""",120,119.9884,0.0116
2025-11-07 13:00:00,Aspect,Trine,Jupiter,Cancer,"0°54'02.68""",Saturn,Pisces,"1°19'21.56""",120,119.5781,0.4219
2025-11-07 13:15:00,Aspect,Trine,Sun,Libra,"20°52'20.09""",Rahu,Aquarius,"20°50'58.80""",120,119.9774,0.0226
2025-11-07 13:15:00,Aspect,Trine,Jupiter,Cancer,"0°54'03.23""",Saturn,Pisces,"1°19'20.21""",120,119.5786,0.4214
2025-11-07 13:30:00,Aspect,Trine,Sun,Libra,"20°52'57.71""",Rahu,Aquarius,"20°50'56.81""",120,119.9664,0.0336
2025-11-07 13:30:00,Aspect,Trine,Jupiter,Cancer,"0°54'03.77""",Saturn,Pisces,"1°19'18.87""",120,119.5791,0.4209
2025-11-07 13:45:00,Aspect,Trine,Sun,Libra,"20°53'35.32""",Rahu,Aquarius,"20°50'54.82""",120,119.9554,0.0446
2025-11-07 13:45:00,Aspect,Trine,Jupiter,Cancer,"0°54'04.32""",Saturn,Pisces,"1°19'17.52""",120,119.5797,0.4203
2025-11-07 14:00:00,Aspect,Trine,Sun,Libra,"20°54'12.93""",Rahu,Aquarius,"20°50'52.84""",120,119.9444,0.0556
2025-11-07 14:00:00,Aspect,Trine,Jupiter,Cancer,"0°54'04.86""",Saturn,Pisces,"1°19'16.17""",120,119.5802,0.4198
2025-11-07 14:15:00,Aspect,Trine,Sun,Libra,"20°54'50.54""",Rahu,Aquarius,"20°50'50.85""",120,119.9334,0.0666
2025-11-07 14:15:00,Aspect,Trine,Jupiter,Cancer,"0°54'05.41""",Saturn,Pisces,"1°19'14.82""",120,119.5807,0.4193
2025-11-07 14:30:00,Aspect,Trine,Sun,Libra,"20°55'28.15""",Rahu,Aquarius,"20°50'48.86""",120,119.9224,0.0776
2025-11-07 14:30:00,Aspect,Trine,Jupiter,Cancer,"0°54'05.95""",Saturn,Pisces,"1°19'13.48""",120,119.5812,0.4188
2025-11-07 14:45:00,Aspect,Trine,Sun,Libra,"20°56'05.77""",Rahu,Aquarius,"20°50'46.87""",120,119.9114,0.0886
2025-11-07 14:45:00,Aspect,Trine,Jupiter,Cancer,"0°54'06.49""",Saturn,Pisces,"1°19'12.13""",120,119.5818,0.4182
2025-11-07 15:00:00,Aspect,Trine,Sun,Libra,"20°56'43.38""",Rahu,Aquarius,"20°50'44.89""",120,119.9004,0.0996
2025-11-07 15:00:00,Aspect,Trine,Jupiter,Cancer,"0°54'07.03""",Saturn,Pisces,"1°19'10.79""",120,119.5823,0.4177
2025-11-07 15:15:00,Aspect,Trine,Sun,Libra,"20°57'20.99""",Rahu,Aquarius,"20°50'42.90""",120,119.8894,0.1106
2025-11-07 15:15:00,Aspect,Trine,Jupiter,Cancer,"0°54'07.57""",Saturn,Pisces,"1°19'09.44""",120,119.5828,0.4172
2025-11-07 15:30:00,Aspect,Trine,Sun,Libra,"20°57'58.60""",Rahu,Aquarius,"20°50'40.91""",120,119.8784,0.1216
2025-11-07 15:30:00,Aspect,Trine,Jupiter,Cancer,"0°54'08.11""",Saturn,Pisces,"1°19'08.10""",120,119.5833,0.4167
2025-11-07 15:45:00,Aspect,Trine,Sun,Libra,"20°58'36.22""",Rahu,Aquarius,"20°50'38.93""",120,119.8674,0.1326
2025-11-07 15:45:00,Aspect,Trine,Jupiter,Cancer,"0°54'08.64""",Saturn,Pisces,"1°19'06.76""",120,119.5839,0.4161
2025-11-07 16:00:00,Aspect,Trine,Sun,Libra,"20°59'13.83""",Rahu,Aquarius,"20°50'36.94""",120,119.8564,0.1436
2025-11-07 16:00:00,Aspect,Trine,Jupiter,Cancer,"0°54'09.18""",Saturn,Pisces,"1°19'05.42""",120,119.5844,0.4156
2025-11-07 16:15:00,Aspect,Trine,Sun,Libra,"20°59'51.45""",Rahu,Aquarius,"20°50'34.95""",120,119.8454,0.1546
2025-11-07 16:15:00,Aspect,Trine,Jupiter,Cancer,"0°54'09.71""",Saturn,Pisces,"1°19'04.07""",120,119.5849,0.4151
2025-11-07 16:30:00,Aspect,Trine,Sun,Libra,"21°00'29.06""",Rahu,Aquarius,"20°50'32.96""",120,119.8344,0.1656
2025-11-07 16:30:00,Aspect,Trine,Jupiter,Cancer,"0°54'10.24""",Saturn,Pisces,"1°19'02.73""",120,119.5854,0.4146
2025-11-07 16:45:00,Aspect,Trine,Sun,Libra,"21°01'06.67""",Rahu,Aquarius,"20°50'30.98""",120,119.8234,0.1766
2025-11-07 16:45:00,Aspect,Trine,Jupiter,Cancer,"0°54'10.77""",Saturn,Pisces,"1°19'01.39""",120,119.5859,0.4141
2025-11-07 17:00:00,Aspect,Trine,Sun,Libra,"21°01'44.29""",Rahu,Aquarius,"20°50'28.99""",120,119.8124,0.1876
2025-11-07 17:00:00,Aspect,Trine,Jupiter,Cancer,"0°54'11.30""",Saturn,Pisces,"1°19'00.05""",120,119.5865,0.4135
2025-11-07 17:15:00,Aspect,Trine,Sun,Libra,"21°02'21.90""",Rahu,Aquarius,"20°50'27.00""",120,119.8014,0.1986
2025-11-07 17:15:00,Aspect,Trine,Jupiter,Cancer,"0°54'11.83""",Saturn,Pisces,"1°18'58.71""",120,119.587,0.413
2025-11-07 17:30:00,Aspect,Trine,Sun,Libra,"21°02'59.52""",Rahu,Aquarius,"20°50'25.02""",120,119.7904,0.2096
2025-11-07 17:30:00,Aspect,Trine,Jupiter,Cancer,"0°54'12.36""",Saturn,Pisces,"1°18'57.38""",120,119.5875,0.4125
2025-11-07 17:45:00,Aspect,Trine,Sun,Libra,"21°03'37.13""",Rahu,Aquarius,"20°50'23.03""",120,119.7794,0.2206
2025-11-07 17:45:00,Aspect,Trine,Jupiter,Cancer,"0°54'12.88""",Saturn,Pisces,"1°18'56.04""",120,119.588,0.412
2025-11-07 18:00:00,Aspect,Trine,Sun,Libra,"21°04'14.75""",Rahu,Aquarius,"20°50'21.04""",120,119.7684,0.2316
2025-11-07 18:00:00,Aspect,Trine,Jupiter,Cancer,"0°54'13.41""",Saturn,Pisces,"1°18'54.70""",120,119.5885,0.4115
2025-11-07 18:15:00,Aspect,Trine,Sun,Libra,"21°04'52.36""",Rahu,Aquarius,"20°50'19.05""",120,119.7574,0.2426
2025-11-07 18:15:00,Aspect,Trine,Jupiter,Cancer,"0°54'13.93""",Saturn,Pisces,"1°18'53.36""",120,119.589,0.411
2025-11-07 18:30:00,Aspect,Trine,Sun,Libra,"21°05'29.98""",Rahu,Aquarius,"20°50'17.07""",120,119.7464,0.2536
2025-11-07 18:30:00,Aspect,Trine,Jupiter,Cancer,"0°54'14.45""",Saturn,Pisces,"1°18'52.03""",120,119.5896,0.4104
2025-11-07 18:45:00,Aspect,Trine,Sun,Libra,"21°06'07.60""",Rahu,Aquarius,"20°50'15.08""",120,119.7354,0.2646
2025-11-07 18:45:00,Aspect,Trine,Jupiter,Cancer,"0°54'14.97""",Saturn,Pisces,"1°18'50.69""",120,119.5901,0.4099
2025-11-07 19:00:00,Aspect,Trine,Sun,Libra,"21°06'45.21""",Rahu,Aquarius,"20°50'13.09""",120,119.7244,0.2756
2025-11-07 19:00:00,Aspect,Trine,Jupiter,Cancer,"0°54'15.49""",Saturn,Pisces,"1°18'49.36""",120,119.5906,0.4094
2025-11-07 19:15:00,Aspect,Trine,Sun,Libra,"21°07'22.83""",Rahu,Aquarius,"20°50'11.11""",120,119.7134,0.2866
2025-11-07 19:15:00,Aspect,Trine,Jupiter,Cancer,"0°54'16.01""",Saturn,Pisces,"1°18'48.02""",120,119.5911,0.4089
2025-11-07 19:30:00,Aspect,Trine,Sun,Libra,"21°08'00.44""",Rahu,Aquarius,"20°50'09.12""",120,119.7024,0.2976
2025-11-07 19:30:00,Aspect,Trine,Jupiter,Cancer,"0°54'16.53""",Saturn,Pisces,"1°18'46.69""",120,119.5916,0.4084
2025-11-07 19:45:00,Aspect,Trine,Sun,Libra,"21°08'38.06""",Rahu,Aquarius,"20°50'07.13""",120,119.6914,0.3086
2025-11-07 19:45:00,Aspect,Trine,Jupiter,Cancer,"0°54'17.04""",Saturn,Pisces,"1°18'45.36""",120,119.5921,0.4079
2025-11-07 20:00:00,Aspect,Trine,Sun,Libra,"21°09'15.68""",Rahu,Aquarius,"20°50'05.14""",120,119.6804,0.3196
2025-11-07 20:00:00,Aspect,Trine,Jupiter,Cancer,"0°54'17.55""",Saturn,Pisces,"1°18'44.02""",120,119.5926,0.4074
2025-11-07 20:15:00,Aspect,Trine,Sun,Libra,"21°09'53.29""",Rahu,Aquarius,"20°50'03.16""",120,119.6694,0.3306
2025-11-07 20:15:00,Aspect,Trine,Jupiter,Cancer,"0°54'18.07""",Saturn,Pisces,"1°18'42.69""",120,119.5932,0.4068
2025-11-07 20:30:00,Aspect,Trine,Sun,Libra,"21°10'30.91""",Rahu,Aquarius,"20°50'01.17""",120,119.6584,0.3416
2025-11-07 20:30:00,Aspect,Square,Moon,Taurus,"19°50'16.17""",Rahu,Aquarius,"20°50'01.17""",90,89.0042,0.9958
2025-11-07 20:30:00,Aspect,Square,Moon,Taurus,"19°50'16.17""",Ketu,Leo,"20°50'01.17""",90,90.9958,0.9958
2025-11-07 20:30:00,Aspect,Trine,Jupiter,Cancer,"0°54'18.58""",Saturn,Pisces,"1°18'41.36""",120,119.5937,0.4063
2025-11-07 20:45:00,Aspect,Trine,Sun,Libra,"21°11'08.53""",Rahu,Aquarius,"20°49'59.18""",120,119.6474,0.3526
2025-11-07 20:45:00,Aspect,Square,Moon,Taurus,"19°59'43.16""",Rahu,Aquarius,"20°49'59.18""",90,89.1622,0.8378
2025-11-07 20:45:00,Aspect,Square,Moon,Taurus,"19°59'43.16""",Ketu,Leo,"20°49'59.18""",90,90.8378,0.8378
2025-11-07 20:45:00,Aspect,Trine,Jupiter,Cancer,"0°54'19.09""",Saturn,Pisces,"1°18'40.03""",120,119.5942,0.4058
2025-11-07 21:00:00,Aspect,Trine,Sun,Libra,"21°11'46.15""",Rahu,Aquarius,"20°49'57.19""",120,119.6364,0.3636
2025-11-07 21:00:00,Aspect,Square,Moon,Taurus,"20°09'10.05""",Rahu,Aquarius,"20°49'57.19""",90,89.3202,0.6798
2025-11-07 21:00:00,Aspect,Square,Moon,Taurus,"20°09'10.05""",Ketu,Leo,"20°49'57.19""",90,90.6798,0.6798
2025-11-07 21:00:00,Aspect,Trine,Jupiter,Cancer,"0°54'19.60""",Saturn,Pisces,"1°18'38.70""",120,119.5947,0.4053
2025-11-07 21:15:00,Aspect,Trine,Sun,Libra,"21°12'23.77""",Rahu,Aquarius,"20°49'55.21""",120,119.6254,0.3746
2025-11-07 21:15:00,Aspect,Square,Moon,Taurus,"20°18'36.83""",Rahu,Aquarius,"20°49'55.21""",90,89.4782,0.5218
2025-11-07 21:15:00,Aspect,Square,Moon,Taurus,"20°18'36.83""",Ketu,Leo,"20°49'55.21""",90,90.5218,0.5218
2025-11-07 21:15:00,Aspect,Trine,Jupiter,Cancer,"0°54'20.11""",Saturn,Pisces,"1°18'37.37""",120,119.5952,0.4048
2025-11-07 21:30:00,Aspect,Trine,Sun,Libra,"21°13'01.38""",Rahu,Aquarius,"20°49'53.22""",120,119.6144,0.3856
2025-11-07 21:30:00,Aspect,Square,Moon,Taurus,"20°28'03.49""",Rahu,Aquarius,"20°49'53.22""",90,89.6362,0.3638
2025-11-07 21:30:00,Aspect,Square,Moon,Taurus,"20°28'03.49""",Ketu,Leo,"20°49'53.22""",90,90.3638,0.3638
2025-11-07 21:30:00,Aspect,Trine,Jupiter,Cancer,"0°54'20.61""",Saturn,Pisces,"1°18'36.04""",120,119.5957,0.4043
2025-11-07 21:45:00,Aspect,Trine,Sun,Libra,"21°13'39.00""",Rahu,Aquarius,"20°49'51.23""",120,119.6034,0.3966
2025-11-07 21:45:00,Aspect,Square,Moon,Taurus,"20°37'30.05""",Rahu,Aquarius,"20°49'51.23""",90,89.7941,0.2059
2025-11-07 21:45:00,Aspect,Square,Moon,Taurus,"20°37'30.05""",Ketu,Leo,"20°49'51.23""",90,90.2059,0.2059
2025-11-07 21:45:00,Aspect,Trine,Jupiter,Cancer,"0°54'21.12""",Saturn,Pisces,"1°18'34.72""",120,119.5962,0.4038
2025-11-07 22:00:00,Aspect,Trine,Sun,Libra,"21°14'16.62""",Rahu,Aquarius,"20°49'49.25""",120,119.5924,0.4076
2025-11-07 22:00:00,Aspect,Square,Moon,Taurus,"20°46'56.50""",Rahu,Aquarius,"20°49'49.25""",90,89.952,0.048
2025-11-07 22:00:00,Aspect,Square,Moon,Taurus,"20°46'56.50""",Ketu,Leo,"20°49'49.25""",90,90.048,0.048
2025-11-07 22:00:00,Aspect,Trine,Jupiter,Cancer,"0°54'21.62""",Saturn,Pisces,"1°18'33.39""",120,119.5967,0.4033
2025-11-07 22:15:00,Aspect,Trine,Sun,Libra,"21°14'54.24""",Rahu,Aquarius,"20°49'47.26""",120,119.5814,0.4186
2025-11-07 22:15:00,Aspect,Square,Moon,Taurus,"20°56'22.83""",Rahu,Aquarius,"20°49'47.26""",90,90.1099,0.1099
2025-11-07 22:15:00,Aspect,Square,Moon,Taurus,"20°56'22.83""",Ketu,Leo,"20°49'47.26""",90,89.8901,0.1099
2025-11-07 22:15:00,Aspect,Trine,Jupiter,Cancer,"0°54'22.12""",Saturn,Pisces,"1°18'32.06""",120,119.5972,0.4028
2025-11-07 22:30:00,Aspect,Trine,Sun,Libra,"21°15'31.86""",Rahu,Aquarius,"20°49'45.27""",120,119.5704,0.4296
2025-11-07 22:30:00,Aspect,Square,Moon,Taurus,"21°05'49.05""",Rahu,Aquarius,"20°49'45.27""",90,90.2677,0.2677
2025-11-07 22:30:00,Aspect,Square,Moon,Taurus,"21°05'49.05""",Ketu,Leo,"20°49'45.27""",90,89.7323,0.2677
2025-11-07 22:30:00,Aspect,Trine,Jupiter,Cancer,"0°54'22.62""",Saturn,Pisces,"1°18'30.73""",120,119.5977,0.4023
2025-11-07 22:45:00,Aspect,Trine,Sun,Libra,"21°16'09.48""",Rahu,Aquarius,"20°49'43.28""",120,119.5594,0.4406
2025-11-07 22:45:00,Aspect,Square,Moon,Taurus,"21°15'15.16""",Rahu,Aquarius,"20°49'43.28""",90,90.4255,0.4255
2025-11-07 22:45:00,Aspect,Square,Moon,Taurus,"21°15'15.16""",Ketu,Leo,"20°49'43.28""",90,89.5745,0.4255
2025-11-07 22:45:00,Aspect,Trine,Jupiter,Cancer,"0°54'23.12""",Saturn,Pisces,"1°18'29.41""",120,119.5983,0.4017
2025-11-07 23:00:00,Aspect,Trine,Sun,Libra,"21°16'47.10""",Rahu,Aquarius,"20°49'41.30""",120,119.5484,0.4516
2025-11-07 23:00:00,Aspect,Square,Moon,Taurus,"21°24'41.15""",Rahu,Aquarius,"20°49'41.30""",90,90.5833,0.5833
2025-11-07 23:00:00,Aspect,Square,Moon,Taurus,"21°24'41.15""",Ketu,Leo,"20°49'41.30""",90,89.4167,0.5833
2025-11-07 23:00:00,Aspect,Trine,Jupiter,Cancer,"0°54'23.62""",Saturn,Pisces,"1°18'28.08""",120,119.5988,0.4012
2025-11-07 23:15:00,Aspect,Trine,Sun,Libra,"21°17'24.72""",Rahu,Aquarius,"20°49'39.31""",120,119.5374,0.4626
2025-11-07 23:15:00,Aspect,Square,Moon,Taurus,"21°34'07.04""",Rahu,Aquarius,"20°49'39.31""",90,90.741,0.741
2025-11-07 23:15:00,Aspect,Square,Moon,Taurus,"21°34'07.04""",Ketu,Leo,"20°49'39.31""",90,89.259,0.741
2025-11-07 23:15:00,Aspect,Trine,Jupiter,Cancer,"0°54'24.12""",Saturn,Pisces,"1°18'26.76""",120,119.5993,0.4007
2025-11-07 23:30:00,Aspect,Trine,Sun,Libra,"21°18'02.34""",Rahu,Aquarius,"20°49'37.32""",120,119.5264,0.4736
2025-11-07 23:30:00,Aspect,Square,Moon,Taurus,"21°43'32.80""",Rahu,Aquarius,"20°49'37.32""",90,90.8987,0.8987
2025-11-07 23:30:00,Aspect,Square,Moon,Taurus,"21°43'32.80""",Ketu,Leo,"20°49'37.32""",90,89.1013,0.8987
2025-11-07 23:30:00,Aspect,Trine,Jupiter,Cancer,"0°54'24.62""",Saturn,Pisces,"1°18'25.44""",120,119.5998,0.4002
2025-11-07 23:45:00,Aspect,Trine,Sun,Libra,"21°18'39.96""",Rahu,Aquarius,"20°49'35.34""",120,119.5154,0.4846
2025-11-07 23:45:00,Aspect,Trine,Jupiter,Cancer,"0°54'25.11""",Saturn,Pisces,"1°18'24.11""",120,119.6003,0.3997
2025-11-08 00:00:00,Aspect,Trine,Sun,Libra,"21°19'17.58""",Rahu,Aquarius,"20°49'33.35""",120,119.5044,0.4956
2025-11-08 00:00:00,Aspect,Trine,Jupiter,Cancer,"0°54'25.60""",Saturn,Pisces,"1°18'22.79""",120,119.6008,0.3992
2025-11-08 00:15:00,Aspect,Trine,Sun,Libra,"21°19'55.20""",Rahu,Aquarius,"20°49'31.36""",120,119.4934,0.5066
2025-11-08 00:15:00,Aspect,Trine,Jupiter,Cancer,"0°54'26.10""",Saturn,Pisces,"1°18'21.47""",120,119.6013,0.3987
2025-11-08 00:30:00,Aspect,Trine,Sun,Libra,"21°20'32.82""",Rahu,Aquarius,"20°49'29.37""",120,119.4824,0.5176
2025-11-08 00:30:00,Aspect,Trine,Jupiter,Cancer,"0°54'26.59""",Saturn,Pisces,"1°18'20.15""",120,119.6018,0.3982
2025-11-08 00:45:00,Aspect,Trine,Sun,Libra,"21°21'10.44""",Rahu,Aquarius,"20°49'27.39""",120,119.4714,0.5286
2025-11-08 00:45:00,Aspect,Trine,Jupiter,Cancer,"0°54'27.08""",Saturn,Pisces,"1°18'18.83""",120,119.6023,0.3977
2025-11-08 01:00:00,Aspect,Trine,Sun,Libra,"21°21'48.06""",Rahu,Aquarius,"20°49'25.40""",120,119.4604,0.5396
2025-11-08 01:00:00,Aspect,Trine,Jupiter,Cancer,"0°54'27.57""",Saturn,Pisces,"1°18'17.51""",120,119.6028,0.3972
2025-11-08 01:15:00,Aspect,Trine,Sun,Libra,"21°22'25.68""",Rahu,Aquarius,"20°49'23.41""",120,119.4494,0.5506
2025-11-08 01:15:00,Aspect,Trine,Jupiter,Cancer,"0°54'28.05""",Saturn,Pisces,"1°18'16.19""",120,119.6033,0.3967
2025-11-08 01:30:00,Aspect,Trine,Sun,Libra,"21°23'03.30""",Rahu,Aquarius,"20°49'21.43""",120,119.4384,0.5616
2025-11-08 01:30:00,Aspect,Trine,Jupiter,Cancer,"0°54'28.54""",Saturn,Pisces,"1°18'14.87""",120,119.6038,0.3962
2025-11-08 01:45:00,Aspect,Trine,Sun,Libra,"21°23'40.93""",Rahu,Aquarius,"20°49'19.44""",120,119.4274,0.5726
2025-11-08 01:45:00,Aspect,Trine,Jupiter,Cancer,"0°54'29.02""",Saturn,Pisces,"1°18'13.55""",120,119.6043,0.3957
2025-11-08 02:00:00,Aspect,Trine,Sun,Libra,"21°24'18.55""",Rahu,Aquarius,"20°49'17.45""",120,119.4164,0.5836
2025-11-08 02:00:00,Aspect,Trine,Jupiter,Cancer,"0°54'29.51""",Saturn,Pisces,"1°18'12.23""",120,119.6048,0.3952
2025-11-08 02:15:00,Aspect,Trine,Sun,Libra,"21°24'56.17""",Rahu,Aquarius,"20°49'15.46""",120,119.4054,0.5946
2025-11-08 02:15:00,Aspect,Trine,Jupiter,Cancer,"0°54'29.99""",Saturn,Pisces,"1°18'10.92""",120,119.6053,0.3947
2025-11-08 02:30:00,Aspect,Trine,Sun,Libra,"21°25'33.79""",Rahu,Aquarius,"20°49'13.48""",120,119.3944,0.6056
2025-11-08 02:30:00,Aspect,Trine,Jupiter,Cancer,"0°54'30.47""",Saturn,Pisces,"1°18'09.60""",120,119.6058,0.3942
2025-11-08 02:45:00,Aspect,Trine,Sun,Libra,"21°26'11.41""",Rahu,Aquarius,"20°49'11.49""",120,119.3834,0.6166
2025-11-08 02:45:00,Aspect,Trine,Jupiter,Cancer,"0°54'30.95""",Saturn,Pisces,"1°18'08.28""",120,119.6063,0.3937
2025-11-08 03:00:00,Aspect,Trine,Sun,Libra,"21°26'49.04""",Rahu,Aquarius,"20°49'09.50""",120,119.3724,0.6276
2025-11-08 03:00:00,Aspect,Trine,Jupiter,Cancer,"0°54'31.43""",Saturn,Pisces,"1°18'06.97""",120,119.6068,0.3932
2025-11-08 03:15:00,Aspect,Trine,Sun,Libra,"21°27'26.66""",Rahu,Aquarius,"20°49'07.51""",120,119.3613,0.6387
2025-11-08 03:15:00,Aspect,Trine,Jupiter,Cancer,"0°54'31.90""",Saturn,Pisces,"1°18'05.65""",120,119.6073,0.3927
2025-11-08 03:30:00,Aspect,Trine,Sun,Libra,"21°28'04.28""",Rahu,Aquarius,"20°49'05.53""",120,119.3503,0.6497
2025-11-08 03:30:00,Aspect,Trine,Jupiter,Cancer,"0°54'32.38""",Saturn,Pisces,"1°18'04.34""",120,119.6078,0.3922
2025-11-08 03:45:00,Aspect,Trine,Sun,Libra,"21°28'41.91""",Rahu,Aquarius,"20°49'03.54""",120,119.3393,0.6607
2025-11-08 03:45:00,Aspect,Trine,Jupiter,Cancer,"0°54'32.85""",Saturn,Pisces,"1°18'03.03""",120,119.6083,0.3917
2025-11-08 04:00:00,Aspect,Trine,Sun,Libra,"21°29'19.53""",Rahu,Aquarius,"20°49'01.55""",120,119.3283,0.6717
2025-11-08 04:00:00,Aspect,Trine,Jupiter,Cancer,"0°54'33.33""",Saturn,Pisces,"1°18'01.71""",120,119.6088,0.3912
2025-11-08 04:15:00,Aspect,Trine,Sun,Libra,"21°29'57.15""",Rahu,Aquarius,"20°48'59.57""",120,119.3173,0.6827
2025-11-08 04:15:00,Aspect,Trine,Jupiter,Cancer,"0°54'33.80""",Saturn,Pisces,"1°18'00.40""",120,119.6093,0.3907
2025-11-08 04:30:00,Aspect,Trine,Sun,Libra,"21°30'34.78""",Rahu,Aquarius,"20°48'57.58""",120,119.3063,0.6937
2025-11-08 04:30:00,Aspect,Trine,Jupiter,Cancer,"0°54'34.27""",Saturn,Pisces,"1°17'59.09""",120,119.6098,0.3902
2025-11-08 04:45:00,Aspect,Trine,Sun,Libra,"21°31'12.40""",Rahu,Aquarius,"20°48'55.59""",120,119.2953,0.7047
2025-11-08 04:45:00,Aspect,Trine,Jupiter,Cancer,"0°54'34.74""",Saturn,Pisces,"1°17'57.78""",120,119.6103,0.3897
2025-11-08 05:00:00,Aspect,Trine,Sun,Libra,"21°31'50.03""",Rahu,Aquarius,"20°48'53.60""",120,119.2843,0.7157
2025-11-08 05:00:00,Aspect,Trine,Jupiter,Cancer,"0°54'35.21""",Saturn,Pisces,"1°17'56.47""",120,119.6108,0.3892
2025-11-08 05:15:00,Aspect,Trine,Sun,Libra,"21°32'27.65""",Rahu,Aquarius,"20°48'51.62""",120,119.2733,0.7267
2025-11-08 05:15:00,Aspect,Trine,Jupiter,Cancer,"0°54'35.67""",Saturn,Pisces,"1°17'55.16""",120,119.6113,0.3887
2025-11-08 05:30:00,Aspect,Trine,Sun,Libra,"21°33'05.28""",Rahu,Aquarius,"20°48'49.63""",120,119.2623,0.7377
2025-11-08 05:30:00,Aspect,Trine,Jupiter,Cancer,"0°54'36.14""",Saturn,Pisces,"1°17'53.85""",120,119.6117,0.3883
2025-11-08 05:45:00,Aspect,Trine,Sun,Libra,"21°33'42.90""",Rahu,Aquarius,"20°48'47.64""",120,119.2513,0.7487
2025-11-08 05:45:00,Aspect,Trine,Jupiter,Cancer,"0°54'36.60""",Saturn,Pisces,"1°17'52.54""",120,119.6122,0.3878
2025-11-08 06:00:00,Aspect,Trine,Sun,Libra,"21°34'20.53""",Rahu,Aquarius,"20°48'45.66""",120,119.2403,0.7597
2025-11-08 06:00:00,Aspect,Trine,Jupiter,Cancer,"0°54'37.07""",Saturn,Pisces,"1°17'51.24""",120,119.6127,0.3873
2025-11-08 06:15:00,Aspect,Trine,Sun,Libra,"21°34'58.15""",Rahu,Aquarius,"20°48'43.67""",120,119.2293,0.7707
2025-11-08 06:15:00,Aspect,Trine,Jupiter,Cancer,"0°54'37.53""",Saturn,Pisces,"1°17'49.93""",120,119.6132,0.3868
2025-11-08 06:30:00,Aspect,Trine,Sun,Libra,"21°35'35.78""",Rahu,Aquarius,"20°48'41.68""",120,119.2183,0.7817
2025-11-08 06:30:00,Aspect,Trine,Jupiter,Cancer,"0°54'37.99""",Saturn,Pisces,"1°17'48.62""",120,119.6137,0.3863
2025-11-08 06:45:00,Aspect,Trine,Sun,Libra,"21°36'13.40""",Rahu,Aquarius,"20°48'39.69""",120,119.2073,0.7927
2025-11-08 06:45:00,Aspect,Trine,Jupiter,Cancer,"0°54'38.45""",Saturn,Pisces,"1°17'47.32""",120,119.6142,0.3858
2025-11-08 07:00:00,Aspect,Trine,Sun,Libra,"21°36'51.03""",Rahu,Aquarius,"20°48'37.71""",120,119.1963,0.8037
2025-11-08 07:00:00,Aspect,Trine,Jupiter,Cancer,"0°54'38.90""",Saturn,Pisces,"1°17'46.01""",120,119.6147,0.3853
2025-11-08 07:15:00,Aspect,Trine,Sun,Libra,"21°37'28.66""",Rahu,Aquarius,"20°48'35.72""",120,119.1853,0.8147
2025-11-08 07:15:00,Aspect,Trine,Jupiter,Cancer,"0°54'39.36""",Saturn,Pisces,"1°17'44.71""",120,119.6152,0.3848
2025-11-08 07:30:00,Aspect,Trine,Sun,Libra,"21°38'06.28""",Rahu,Aquarius,"20°48'33.73""",120,119.1743,0.8257
2025-11-08 07:30:00,Aspect,Trine,Jupiter,Cancer,"0°54'39.81""",Saturn,Pisces,"1°17'43.40""",120,119.6157,0.3843
2025-11-08 07:45:00,Aspect,Trine,Sun,Libra,"21°38'43.91""",Rahu,Aquarius,"20°48'31.75""",120,119.1633,0.8367
2025-11-08 07:45:00,Aspect,Trine,Jupiter,Cancer,"0°54'40.27""",Saturn,Pisces,"1°17'42.10""",120,119.6162,0.3838
2025-11-08 08:00:00,Aspect,Trine,Sun,Libra,"21°39'21.54""",Rahu,Aquarius,"20°48'29.76""",120,119.1523,0.8477
2025-11-08 08:00:00,Aspect,Trine,Jupiter,Cancer,"0°54'40.72""",Saturn,Pisces,"1°17'40.80""",120,119.6166,0.3834
2025-11-08 08:15:00,Aspect,Trine,Sun,Libra,"21°39'59.17""",Rahu,Aquarius,"20°48'27.77""",120,119.1413,0.8587
2025-11-08 08:15:00,Aspect,Trine,Jupiter,Cancer,"0°54'41.17""",Saturn,Pisces,"1°17'39.50""",120,119.6171,0.3829
2025-11-08 08:30:00,Aspect,Trine,Sun,Libra,"21°40'36.79""",Rahu,Aquarius,"20°48'25.78""",120,119.1303,0.8697
2025-11-08 08:30:00,Aspect,Trine,Jupiter,Cancer,"0°54'41.62""",Saturn,Pisces,"1°17'38.19""",120,119.6176,0.3824
2025-11-08 08:45:00,Aspect,Trine,Sun,Libra,"21°41'14.42""",Rahu,Aquarius,"20°48'23.80""",120,119.1193,0.8807
2025-11-08 08:45:00,Aspect,Trine,Jupiter,Cancer,"0°54'42.07""",Saturn,Pisces,"1°17'36.89""",120,119.6181,0.3819
2025-11-08 09:00:00,Aspect,Trine,Sun,Libra,"21°41'52.05""",Rahu,Aquarius,"20°48'21.81""",120,119.1083,0.8917
2025-11-08 09:00:00,Aspect,Trine,Jupiter,Cancer,"0°54'42.52""",Saturn,Pisces,"1°17'35.59""",120,119.6186,0.3814
2025-11-08 09:15:00,Aspect,Trine,Sun,Libra,"21°42'29.68""",Rahu,Aquarius,"20°48'19.82""",120,119.0973,0.9027
2025-11-08 09:15:00,Aspect,Trine,Jupiter,Cancer,"0°54'42.96""",Saturn,Pisces,"1°17'34.29""",120,119.6191,0.3809
2025-11-08 09:30:00,Aspect,Trine,Sun,Libra,"21°43'07.31""",Rahu,Aquarius,"20°48'17.83""",120,119.0863,0.9137
2025-11-08 09:30:00,Aspect,Trine,Jupiter,Cancer,"0°54'43.41""",Saturn,Pisces,"1°17'32.99""",120,119.6196,0.3804
2025-11-08 09:45:00,Aspect,Trine,Sun,Libra,"21°43'44.93""",Rahu,Aquarius,"20°48'15.85""",120,119.0753,0.9247
2025-11-08 09:45:00,Aspect,Trine,Jupiter,Cancer,"0°54'43.85""",Saturn,Pisces,"1°17'31.70""",120,119.62,0.38
2025-11-08 10:00:00,Aspect,Trine,Sun,Libra,"21°44'22.56""",Rahu,Aquarius,"20°48'13.86""",120,119.0642,0.9358
2025-11-08 10:00:00,Aspect,Trine,Jupiter,Cancer,"0°54'44.30""",Saturn,Pisces,"1°17'30.40""",120,119.6205,0.3795
2025-11-08 10:15:00,Aspect,Trine,Sun,Libra,"21°45'00.19""",Rahu,Aquarius,"20°48'11.87""",120,119.0532,0.9468
2025-11-08 10:15:00,Aspect,Trine,Jupiter,Cancer,"0°54'44.74""",Saturn,Pisces,"1°17'29.10""",120,119.621,0.379
2025-11-08 10:30:00,Aspect,Trine,Sun,Libra,"21°45'37.82""",Rahu,Aquarius,"20°48'09.89""",120,119.0422,0.9578
2025-11-08 10:30:00,Aspect,Trine,Jupiter,Cancer,"0°54'45.18""",Saturn,Pisces,"1°17'27.80""",120,119.6215,0.3785
2025-11-08 10:45:00,Aspect,Trine,Sun,Libra,"21°46'15.45""",Rahu,Aquarius,"20°48'07.90""",120,119.0312,0.9688
2025-11-08 10:45:00,Aspect,Trine,Jupiter,Cancer,"0°54'45.61""",Saturn,Pisces,"1°17'26.51""",120,119.622,0.378
2025-11-08 11:00:00,Aspect,Trine,Sun,Libra,"21°46'53.08""",Rahu,Aquarius,"20°48'05.91""",120,119.0202,0.9798
2025-11-08 11:00:00,Aspect,Trine,Jupiter,Cancer,"0°54'46.05""",Saturn,Pisces,"1°17'25.21""",120,119.6225,0.3775
2025-11-08 11:15:00,Aspect,Trine,Sun,Libra,"21°47'30.71""",Rahu,Aquarius,"20°48'03.92""",120,119.0092,0.9908
2025-11-08 11:15:00,Aspect,Trine,Jupiter,Cancer,"0°54'46.49""",Saturn,Pisces,"1°17'23.92""",120,119.6229,0.3771
2025-11-08 11:30:00,Aspect,Trine,Jupiter,Cancer,"0°54'46.92""",Saturn,Pisces,"1°17'22.62""",120,119.6234,0.3766
2025-11-08 11:45:00,Aspect,Trine,Jupiter,Cancer,"0°54'47.35""",Saturn,Pisces,"1°17'21.33""",120,119.6239,0.3761
2025-11-08 12:00:00,Aspect,Trine,Jupiter,Cancer,"0°54'47.79""",Saturn,Pisces,"1°17'20.04""",120,119.6244,0.3756
2025-11-08 12:15:00,Aspect,Trine,Jupiter,Cancer,"0°54'48.22""",Saturn,Pisces,"1°17'18.75""",120,119.6249,0.3751
2025-11-08 12:30:00,Aspect,Trine,Jupiter,Cancer,"0°54'48.65""",Saturn,Pisces,"1°17'17.45""",120,119.6253,0.3747
2025-11-08 12:45:00,Aspect,Trine,Jupiter,Cancer,"0°54'49.07""",Saturn,Pisces,"1°17'16.16""",120,119.6258,0.3742
2025-11-08 13:00:00,Aspect,Trine,Jupiter,Cancer,"0°54'49.50""",Saturn,Pisces,"1°17'14.87""",120,119.6263,0.3737
2025-11-08 13:15:00,Aspect,Square,Moon,Gemini,"0°18'55.98""",Saturn,Pisces,"1°17'13.58""",90,89.0284,0.9716
2025-11-08 13:15:00,Aspect,Trine,Jupiter,Cancer,"0°54'49.93""",Saturn,Pisces,"1°17'13.58""",120,119.6268,0.3732
2025-11-08 13:30:00,Aspect,Square,Moon,Gemini,"0°28'14.40""",Saturn,Pisces,"1°17'12.29""",90,89.1839,0.8161
2025-11-08 13:30:00,Aspect,Trine,Jupiter,Cancer,"0°54'50.35""",Saturn,Pisces,"1°17'12.29""",120,119.6272,0.3728
2025-11-08 13:45:00,Aspect,Square,Moon,Gemini,"0°37'32.68""",Saturn,Pisces,"1°17'11.01""",90,89.3394,0.6606
2025-11-08 13:45:00,Aspect,Trine,Jupiter,Cancer,"0°54'50.77""",Saturn,Pisces,"1°17'11.01""",120,119.6277,0.3723
2025-11-08 14:00:00,Aspect,Square,Moon,Gemini,"0°46'50.81""",Saturn,Pisces,"1°17'09.72""",90,89.4947,0.5053
2025-11-08 14:00:00,Aspect,Trine,Jupiter,Cancer,"0°54'51.20""",Saturn,Pisces,"1°17'09.72""",120,119.6282,0.3718
2025-11-08 14:15:00,Aspect,Square,Moon,Gemini,"0°56'08.79""",Saturn,Pisces,"1°17'08.43""",90,89.6501,0.3499
2025-11-08 14:15:00,Aspect,Trine,Jupiter,Cancer,"0°54'51.62""",Saturn,Pisces,"1°17'08.43""",120,119.6287,0.3713
2025-11-08 14:30:00,Aspect,Square,Moon,Gemini,"1°05'26.63""",Saturn,Pisces,"1°17'07.14""",90,89.8054,0.1946
2025-11-08 14:30:00,Aspect,Trine,Jupiter,Cancer,"0°54'52.04""",Saturn,Pisces,"1°17'07.14""",120,119.6291,0.3709
2025-11-08 14:45:00,Aspect,Square,Moon,Gemini,"1°14'44.31""",Saturn,Pisces,"1°17'05.86""",90,89.9607,0.0393
2025-11-08 14:45:00,Aspect,Trine,Jupiter,Cancer,"0°54'52.45""",Saturn,Pisces,"1°17'05.86""",120,119.6296,0.3704
2025-11-08 15:00:00,Aspect,Square,Moon,Gemini,"1°24'01.85""",Saturn,Pisces,"1°17'04.57""",90,90.1159,0.1159
2025-11-08 15:00:00,Aspect,Trine,Jupiter,Cancer,"0°54'52.87""",Saturn,Pisces,"1°17'04.57""",120,119.6301,0.3699
2025-11-08 15:15:00,Aspect,Square,Moon,Gemini,"1°33'19.24""",Saturn,Pisces,"1°17'03.29""",90,90.2711,0.2711
2025-11-08 15:15:00,Aspect,Trine,Jupiter,Cancer,"0°54'53.29""",Saturn,Pisces,"1°17'03.29""",120,119.6306,0.3694
2025-11-08 15:30:00,Aspect,Square,Moon,Gemini,"1°42'36.48""",Saturn,Pisces,"1°17'02.00""",90,90.4262,0.4262
2025-11-08 15:30:00,Aspect,Trine,Jupiter,Cancer,"0°54'53.70""",Saturn,Pisces,"1°17'02.00""",120,119.631,0.369
2025-11-08 15:45:00,Aspect,Square,Moon,Gemini,"1°51'53.57""",Saturn,Pisces,"1°17'00.72""",90,90.5813,0.5813
2025-11-08 15:45:00,Aspect,Trine,Jupiter,Cancer,"0°54'54.11""",Saturn,Pisces,"1°17'00.72""",120,119.6315,0.3685
2025-11-08 16:00:00,Aspect,Square,Moon,Gemini,"2°01'10.51""",Saturn,Pisces,"1°16'59.44""",90,90.7364,0.7364
2025-11-08 16:00:00,Aspect,Trine,Jupiter,Cancer,"0°54'54.52""",Saturn,Pisces,"1°16'59.44""",120,119.632,0.368
2025-11-08 16:15:00,Aspect,Square,Moon,Gemini,"2°10'27.30""",Saturn,Pisces,"1°16'58.16""",90,90.8914,0.8914
2025-11-08 16:15:00,Aspect,Trine,Jupiter,Cancer,"0°54'54.93""",Saturn,Pisces,"1°16'58.16""",120,119.6324,0.3676
2025-11-08 16:30:00,Aspect,Trine,Jupiter,Cancer,"0°54'55.34""",Saturn,Pisces,"1°16'56.87""",120,119.6329,0.3671
2025-11-08 16:45:00,Aspect,Trine,Jupiter,Cancer,"0°54'55.75""",Saturn,Pisces,"1°16'55.59""",120,119.6334,0.3666
2025-11-08 17:00:00,Aspect,Trine,Jupiter,Cancer,"0°54'56.16""",Saturn,Pisces,"1°16'54.31""",120,119.6338,0.3662
2025-11-08 17:15:00,Aspect,Trine,Jupiter,Cancer,"0°54'56.56""",Saturn,Pisces,"1°16'53.03""",120,119.6343,0.3657
2025-11-08 17:30:00,Aspect,Trine,Jupiter,Cancer,"0°54'56.96""",Saturn,Pisces,"1°16'51.75""",120,119.6348,0.3652
2025-11-08 17:45:00,Aspect,Trine,Jupiter,Cancer,"0°54'57.37""",Saturn,Pisces,"1°16'50.48""",120,119.6352,0.3648
2025-11-08 18:00:00,Aspect,Trine,Jupiter,Cancer,"0°54'57.77""",Saturn,Pisces,"1°16'49.20""",120,119.6357,0.3643
2025-11-08 18:15:00,Aspect,Trine,Jupiter,Cancer,"0°54'58.17""",Saturn,Pisces,"1°16'47.92""",120,119.6362,0.3638
2025-11-08 18:30:00,Aspect,Trine,Jupiter,Cancer,"0°54'58.57""",Saturn,Pisces,"1°16'46.64""",120,119.6366,0.3634
2025-11-08 18:45:00,Aspect,Trine,Jupiter,Cancer,"0°54'58.96""",Saturn,Pisces,"1°16'45.37""",120,119.6371,0.3629
2025-11-08 19:00:00,Aspect,Trine,Jupiter,Cancer,"0°54'59.36""",Saturn,Pisces,"1°16'44.09""",120,119.6376,0.3624
2025-11-08 19:15:00,Aspect,Trine,Jupiter,Cancer,"0°54'59.75""",Saturn,Pisces,"1°16'42.82""",120,119.638,0.362
2025-11-08 19:30:00,Aspect,Trine,Jupiter,Cancer,"0°55'00.15""",Saturn,Pisces,"1°16'41.54""",120,119.6385,0.3615
2025-11-08 19:45:00,Aspect,Trine,Jupiter,Cancer,"0°55'00.54""",Saturn,Pisces,"1°16'40.27""",120,119.639,0.361
2025-11-08 20:00:00,Aspect,Trine,Jupiter,Cancer,"0°55'00.93""",Saturn,Pisces,"1°16'39.00""",120,119.6394,0.3606
2025-11-08 20:15:00,Aspect,Trine,Jupiter,Cancer,"0°55'01.32""",Saturn,Pisces,"1°16'37.72""",120,119.6399,0.3601
2025-11-08 20:30:00,Aspect,Trine,Jupiter,Cancer,"0°55'01.71""",Saturn,Pisces,"1°16'36.45""",120,119.6403,0.3597
2025-11-08 20:45:00,Aspect,Trine,Jupiter,Cancer,"0°55'02.10""",Saturn,Pisces,"1°16'35.18""",120,119.6408,0.3592
2025-11-08 21:00:00,Aspect,Trine,Jupiter,Cancer,"0°55'02.48""",Saturn,Pisces,"1°16'33.91""",120,119.6413,0.3587
2025-11-08 21:15:00,Aspect,Trine,Jupiter,Cancer,"0°55'02.87""",Saturn,Pisces,"1°16'32.64""",120,119.6417,0.3583
2025-11-08 21:30:00,Aspect,Trine,Jupiter,Cancer,"0°55'03.25""",Saturn,Pisces,"1°16'31.37""",120,119.6422,0.3578
2025-11-08 21:45:00,Aspect,Trine,Jupiter,Cancer,"0°55'03.63""",Saturn,Pisces,"1°16'30.10""",120,119.6426,0.3574
2025-11-08 22:00:00,Aspect,Trine,Jupiter,Cancer,"0°55'04.01""",Saturn,Pisces,"1°16'28.84""",120,119.6431,0.3569
2025-11-08 22:15:00,Aspect,Trine,Jupiter,Cancer,"0°55'04.39""",Saturn,Pisces,"1°16'27.57""",120,119.6436,0.3564
2025-11-08 22:30:00,Aspect,Trine,Jupiter,Cancer,"0°55'04.77""",Saturn,Pisces,"1°16'26.30""",120,119.644,0.356
2025-11-08 22:45:00,Aspect,Trine,Jupiter,Cancer,"0°55'05.15""",Saturn,Pisces,"1°16'25.04""",120,119.6445,0.3555
2025-11-08 23:00:00,Aspect,Trine,Jupiter,Cancer,"0°55'05.52""",Saturn,Pisces,"1°16'23.77""",120,119.6449,0.3551
2025-11-08 23:15:00,Aspect,Trine,Jupiter,Cancer,"0°55'05.89""",Saturn,Pisces,"1°16'22.51""",120,119.6454,0.3546
2025-11-08 23:30:00,Aspect,Trine,Jupiter,Cancer,"0°55'06.27""",Saturn,Pisces,"1°16'21.24""",120,119.6458,0.3542
2025-11-08 23:45:00,Aspect,Trine,Jupiter,Cancer,"0°55'06.64""",Saturn,Pisces,"1°16'19.98""",120,119.6463,0.3537
2025-11-09 00:00:00,Aspect,Trine,Jupiter,Cancer,"0°55'07.01""",Saturn,Pisces,"1°16'18.72""",120,119.6467,0.3533
2025-11-09 00:15:00,Aspect,Trine,Moon,Gemini,"7°06'02.42""",Venus,Libra,"8°00'12.41""",120,120.9028,0.9028
2025-11-09 00:15:00,Aspect,Trine,Jupiter,Cancer,"0°55'07.38""",Saturn,Pisces,"1°16'17.45""",120,119.6472,0.3528
2025-11-09 00:30:00,Aspect,Trine,Moon,Gemini,"7°15'13.99""",Venus,Libra,"8°00'59.39""",120,120.7626,0.7626
2025-11-09 00:30:00,Aspect,Trine,Jupiter,Cancer,"0°55'07.75""",Saturn,Pisces,"1°16'16.19""",120,119.6477,0.3523
2025-11-09 00:45:00,Aspect,Trine,Moon,Gemini,"7°24'25.41""",Venus,Libra,"8°01'46.36""",120,120.6225,0.6225
2025-11-09 00:45:00,Aspect,Trine,Jupiter,Cancer,"0°55'08.11""",Saturn,Pisces,"1°16'14.93""",120,119.6481,0.3519
2025-11-09 01:00:00,Aspect,Trine,Moon,Gemini,"7°33'36.66""",Venus,Libra,"8°02'33.33""",120,120.4824,0.4824
2025-11-09 01:00:00,Aspect,Trine,Jupiter,Cancer,"0°55'08.48""",Saturn,Pisces,"1°16'13.67""",120,119.6486,0.3514
2025-11-09 01:15:00,Aspect,Trine,Moon,Gemini,"7°42'47.74""",Venus,Libra,"8°03'20.31""",120,120.3424,0.3424
2025-11-09 01:15:00,Aspect,Trine,Jupiter,Cancer,"0°55'08.84""",Saturn,Pisces,"1°16'12.41""",120,119.649,0.351
2025-11-09 01:30:00,Aspect,Trine,Moon,Gemini,"7°51'58.66""",Venus,Libra,"8°04'07.28""",120,120.2024,0.2024
2025-11-09 01:30:00,Aspect,Trine,Jupiter,Cancer,"0°55'09.20""",Saturn,Pisces,"1°16'11.15""",120,119.6495,0.3505
2025-11-09 01:45:00,Aspect,Trine,Moon,Gemini,"8°01'09.41""",Venus,Libra,"8°04'54.25""",120,120.0625,0.0625
2025-11-09 01:45:00,Aspect,Trine,Jupiter,Cancer,"0°55'09.57""",Saturn,Pisces,"1°16'09.89""",120,119.6499,0.3501
2025-11-09 02:00:00,Aspect,Trine,Moon,Gemini,"8°10'20.00""",Venus,Libra,"8°05'41.23""",120,119.9226,0.0774
2025-11-09 02:00:00,Aspect,Trine,Jupiter,Cancer,"0°55'09.92""",Saturn,Pisces,"1°16'08.63""",120,119.6504,0.3496
2025-11-09 02:15:00,Aspect,Trine,Moon,Gemini,"8°19'30.42""",Venus,Libra,"8°06'28.20""",120,119.7827,0.2173
2025-11-09 02:15:00,Aspect,Trine,Jupiter,Cancer,"0°55'10.28""",Saturn,Pisces,"1°16'07.38""",120,119.6508,0.3492
2025-11-09 02:30:00,Aspect,Trine,Moon,Gemini,"8°28'40.67""",Venus,Libra,"8°07'15.18""",120,119.6429,0.3571
2025-11-09 02:30:00,Aspect,Trine,Jupiter,Cancer,"0°55'10.64""",Saturn,Pisces,"1°16'06.12""",120,119.6513,0.3487
2025-11-09 02:45:00,Aspect,Trine,Moon,Gemini,"8°37'50.75""",Venus,Libra,"8°08'02.15""",120,119.5032,0.4968
2025-11-09 02:45:00,Aspect,Trine,Jupiter,Cancer,"0°55'11.00""",Saturn,Pisces,"1°16'04.86""",120,119.6517,0.3483
2025-11-09 03:00:00,Aspect,Trine,Moon,Gemini,"8°47'00.67""",Venus,Libra,"8°08'49.13""",120,119.3635,0.6365
2025-11-09 03:00:00,Aspect,Trine,Jupiter,Cancer,"0°55'11.35""",Saturn,Pisces,"1°16'03.61""",120,119.6522,0.3478
2025-11-09 03:15:00,Aspect,Trine,Moon,Gemini,"8°56'10.42""",Venus,Libra,"8°09'36.10""",120,119.2238,0.7762
2025-11-09 03:15:00,Aspect,Trine,Jupiter,Cancer,"0°55'11.71""",Saturn,Pisces,"1°16'02.35""",120,119.6526,0.3474
2025-11-09 03:30:00,Aspect,Trine,Moon,Gemini,"9°05'20.00""",Venus,Libra,"8°10'23.08""",120,119.0842,0.9158
2025-11-09 03:30:00,Aspect,Trine,Jupiter,Cancer,"0°55'12.06""",Saturn,Pisces,"1°16'01.10""",120,119.653,0.347
2025-11-09 03:45:00,Aspect,Trine,Jupiter,Cancer,"0°55'12.41""",Saturn,Pisces,"1°15'59.85""",120,119.6535,0.3465
2025-11-09 04:00:00,Aspect,Trine,Jupiter,Cancer,"0°55'12.76""",Saturn,Pisces,"1°15'58.59""",120,119.6539,0.3461
2025-11-09 04:15:00,Aspect,Trine,Jupiter,Cancer,"0°55'13.11""",Saturn,Pisces,"1°15'57.34""",120,119.6544,0.3456
2025-11-09 04:30:00,Aspect,Trine,Jupiter,Cancer,"0°55'13.45""",Saturn,Pisces,"1°15'56.09""",120,119.6548,0.3452
2025-11-09 04:45:00,Aspect,Trine,Jupiter,Cancer,"0°55'13.80""",Saturn,Pisces,"1°15'54.84""",120,119.6553,0.3447
2025-11-09 05:00:00,Aspect,Trine,Jupiter,Cancer,"0°55'14.14""",Saturn,Pisces,"1°15'53.59""",120,119.6557,0.3443
2025-11-09 05:15:00,Aspect,Trine,Jupiter,Cancer,"0°55'14.49""",Saturn,Pisces,"1°15'52.34""",120,119.6562,0.3438
2025-11-09 05:30:00,Aspect,Trine,Jupiter,Cancer,"0°55'14.83""",Saturn,Pisces,"1°15'51.09""",120,119.6566,0.3434
2025-11-09 05:45:00,Aspect,Trine,Jupiter,Cancer,"0°55'15.17""",Saturn,Pisces,"1°15'49.84""",120,119.657,0.343
2025-11-09 06:00:00,Aspect,Trine,Jupiter,Cancer,"0°55'15.51""",Saturn,Pisces,"1°15'48.59""",120,119.6575,0.3425
2025-11-09 06:15:00,Aspect,Trine,Jupiter,Cancer,"0°55'15.85""",Saturn,Pisces,"1°15'47.34""",120,119.6579,0.3421
2025-11-09 06:30:00,Aspect,Trine,Jupiter,Cancer,"0°55'16.18""",Saturn,Pisces,"1°15'46.10""",120,119.6584,0.3416
2025-11-09 06:45:00,Aspect,Trine,Jupiter,Cancer,"0°55'16.52""",Saturn,Pisces,"1°15'44.85""",120,119.6588,0.3412
2025-11-09 07:00:00,Aspect,Trine,Jupiter,Cancer,"0°55'16.85""",Saturn,Pisces,"1°15'43.61""",120,119.6592,0.3408
2025-11-09 07:15:00,Aspect,Trine,Jupiter,Cancer,"0°55'17.19""",Saturn,Pisces,"1°15'42.36""",120,119.6597,0.3403
2025-11-09 07:30:00,Aspect,Trine,Jupiter,Cancer,"0°55'17.52""",Saturn,Pisces,"1°15'41.12""",120,119.6601,0.3399
2025-11-09 07:45:00,Aspect,Trine,Jupiter,Cancer,"0°55'17.85""",Saturn,Pisces,"1°15'39.87""",120,119.6605,0.3395
2025-11-09 08:00:00,Aspect,Trine,Jupiter,Cancer,"0°55'18.18""",Saturn,Pisces,"1°15'38.63""",120,119.661,0.339
2025-11-09 08:15:00,Aspect,Trine,Jupiter,Cancer,"0°55'18.50""",Saturn,Pisces,"1°15'37.39""",120,119.6614,0.3386
2025-11-09 08:30:00,Aspect,Trine,Jupiter,Cancer,"0°55'18.83""",Saturn,Pisces,"1°15'36.15""",120,119.6619,0.3381
2025-11-09 08:45:00,Aspect,Trine,Jupiter,Cancer,"0°55'19.16""",Saturn,Pisces,"1°15'34.91""",120,119.6623,0.3377
2025-11-09 09:00:00,Aspect,Trine,Jupiter,Cancer,"0°55'19.48""",Saturn,Pisces,"1°15'33.67""",120,119.6627,0.3373
2025-11-09 09:15:00,Aspect,Trine,Jupiter,Cancer,"0°55'19.80""",Saturn,Pisces,"1°15'32.43""",120,119.6632,0.3368
2025-11-09 09:30:00,Aspect,Trine,Jupiter,Cancer,"0°55'20.12""",Saturn,Pisces,"1°15'31.19""",120,119.6636,0.3364
2025-11-09 09:45:00,Aspect,Trine,Jupiter,Cancer,"0°55'20.44""",Saturn,Pisces,"1°15'29.95""",120,119.664,0.336
2025-11-09 10:00:00,Aspect,Trine,Jupiter,Cancer,"0°55'20.76""",Saturn,Pisces,"1°15'28.71""",120,119.6645,0.3355
2025-11-09 10:15:00,Aspect,Trine,Jupiter,Cancer,"0°55'21.08""",Saturn,Pisces,"1°15'27.47""",120,119.6649,0.3351
2025-11-09 10:30:00,Aspect,Trine,Jupiter,Cancer,"0°55'21.40""",Saturn,Pisces,"1°15'26.24""",120,119.6653,0.3347
2025-11-09 10:45:00,Aspect,Trine,Jupiter,Cancer,"0°55'21.71""",Saturn,Pisces,"1°15'25.00""",120,119.6658,0.3342
2025-11-09 11:00:00,Aspect,Trine,Jupiter,Cancer,"0°55'22.02""",Saturn,Pisces,"1°15'23.76""",120,119.6662,0.3338
2025-11-09 11:15:00,Aspect,Trine,Jupiter,Cancer,"0°55'22.34""",Saturn,Pisces,"1°15'22.53""",120,119.6666,0.3334
2025-11-09 11:30:00,Aspect,Trine,Jupiter,Cancer,"0°55'22.65""",Saturn,Pisces,"1°15'21.30""",120,119.667,0.333
2025-11-09 11:45:00,Aspect,Trine,Jupiter,Cancer,"0°55'22.96""",Saturn,Pisces,"1°15'20.06""",120,119.6675,0.3325
2025-11-09 12:00:00,Aspect,Trine,Jupiter,Cancer,"0°55'23.27""",Saturn,Pisces,"1°15'18.83""",120,119.6679,0.3321
2025-11-09 12:15:00,Aspect,Trine,Jupiter,Cancer,"0°55'23.57""",Saturn,Pisces,"1°15'17.60""",120,119.6683,0.3317
2025-11-09 12:30:00,Aspect,Trine,Jupiter,Cancer,"0°55'23.88""",Saturn,Pisces,"1°15'16.37""",120,119.6688,0.3312
2025-11-09 12:45:00,Aspect,Trine,Jupiter,Cancer,"0°55'24.18""",Saturn,Pisces,"1°15'15.13""",120,119.6692,0.3308
2025-11-09 13:00:00,Aspect,Trine,Jupiter,Cancer,"0°55'24.49""",Saturn,Pisces,"1°15'13.90""",120,119.6696,0.3304
2025-11-09 13:15:00,Aspect,Trine,Jupiter,Cancer,"0°55'24.79""",Saturn,Pisces,"1°15'12.67""",120,119.67,0.33
2025-11-09 13:30:00,Aspect,Trine,Jupiter,Cancer,"0°55'25.09""",Saturn,Pisces,"1°15'11.45""",120,119.6705,0.3295
2025-11-09 13:45:00,Aspect,Trine,Jupiter,Cancer,"0°55'25.39""",Saturn,Pisces,"1°15'10.22""",120,119.6709,0.3291
2025-11-09 14:00:00,Aspect,Trine,Jupiter,Cancer,"0°55'25.69""",Saturn,Pisces,"1°15'08.99""",120,119.6713,0.3287
2025-11-09 14:15:00,Aspect,Trine,Jupiter,Cancer,"0°55'25.98""",Saturn,Pisces,"1°15'07.76""",120,119.6717,0.3283
2025-11-09 14:30:00,Aspect,Trine,Jupiter,Cancer,"0°55'26.28""",Saturn,Pisces,"1°15'06.54""",120,119.6722,0.3278
2025-11-09 14:45:00,Aspect,Trine,Jupiter,Cancer,"0°55'26.57""",Saturn,Pisces,"1°15'05.31""",120,119.6726,0.3274
2025-11-09 15:00:00,Aspect,Trine,Jupiter,Cancer,"0°55'26.87""",Saturn,Pisces,"1°15'04.08""",120,119.673,0.327
2025-11-09 15:15:00,Aspect,Trine,Jupiter,Cancer,"0°55'27.16""",Saturn,Pisces,"1°15'02.86""",120,119.6734,0.3266
2025-11-09 15:30:00,Aspect,Trine,Jupiter,Cancer,"0°55'27.45""",Saturn,Pisces,"1°15'01.63""",120,119.6738,0.3262
2025-11-09 15:45:00,Aspect,Trine,Jupiter,Cancer,"0°55'27.74""",Saturn,Pisces,"1°15'00.41""",120,119.6743,0.3257
2025-11-09 16:00:00,Aspect,Trine,Jupiter,Cancer,"0°55'28.02""",Saturn,Pisces,"1°14'59.19""",120,119.6747,0.3253
2025-11-09 16:15:00,Aspect,Trine,Jupiter,Cancer,"0°55'28.31""",Saturn,Pisces,"1°14'57.97""",120,119.6751,0.3249
2025-11-09 16:30:00,Aspect,Trine,Jupiter,Cancer,"0°55'28.60""",Saturn,Pisces,"1°14'56.74""",120,119.6755,0.3245
2025-11-09 16:45:00,Aspect,Trine,Jupiter,Cancer,"0°55'28.88""",Saturn,Pisces,"1°14'55.52""",120,119.6759,0.3241
2025-11-09 17:00:00,Aspect,Trine,Jupiter,Cancer,"0°55'29.16""",Saturn,Pisces,"1°14'54.30""",120,119.6763,0.3237
2025-11-09 17:15:00,Aspect,Trine,Jupiter,Cancer,"0°55'29.44""",Saturn,Pisces,"1°14'53.08""",120,119.6768,0.3232
2025-11-09 17:30:00,Aspect,Trine,Jupiter,Cancer,"0°55'29.72""",Saturn,Pisces,"1°14'51.86""",120,119.6772,0.3228
2025-11-09 17:45:00,Aspect,Trine,Jupiter,Cancer,"0°55'30.00""",Saturn,Pisces,"1°14'50.65""",120,119.6776,0.3224
2025-11-09 18:00:00,Aspect,Trine,Jupiter,Cancer,"0°55'30.28""",Saturn,Pisces,"1°14'49.43""",120,119.678,0.322
2025-11-09 18:15:00,Aspect,Trine,Jupiter,Cancer,"0°55'30.56""",Saturn,Pisces,"1°14'48.21""",120,119.6784,0.3216
2025-11-09 18:30:00,Aspect,Trine,Jupiter,Cancer,"0°55'30.83""",Saturn,Pisces,"1°14'46.99""",120,119.6788,0.3212
2025-11-09 18:45:00,Aspect,Trine,Jupiter,Cancer,"0°55'31.10""",Saturn,Pisces,"1°14'45.78""",120,119.6793,0.3207
2025-11-09 19:00:00,Aspect,Trine,Jupiter,Cancer,"0°55'31.38""",Saturn,Pisces,"1°14'44.56""",120,119.6797,0.3203
2025-11-09 19:15:00,Aspect,Trine,Jupiter,Cancer,"0°55'31.65""",Saturn,Pisces,"1°14'43.35""",120,119.6801,0.3199
2025-11-09 19:30:00,Aspect,Trine,Jupiter,Cancer,"0°55'31.92""",Saturn,Pisces,"1°14'42.13""",120,119.6805,0.3195
2025-11-09 19:45:00,Aspect,Trine,Jupiter,Cancer,"0°55'32.19""",Saturn,Pisces,"1°14'40.92""",120,119.6809,0.3191
2025-11-09 20:00:00,Aspect,Trine,Jupiter,Cancer,"0°55'32.45""",Saturn,Pisces,"1°14'39.71""",120,119.6813,0.3187
2025-11-09 20:15:00,Aspect,Trine,Jupiter,Cancer,"0°55'32.72""",Saturn,Pisces,"1°14'38.50""",120,119.6817,0.3183
2025-11-09 20:30:00,Aspect,Trine,Jupiter,Cancer,"0°55'32.98""",Saturn,Pisces,"1°14'37.28""",120,119.6821,0.3179
2025-11-09 20:45:00,Aspect,Trine,Jupiter,Cancer,"0°55'33.25""",Saturn,Pisces,"1°14'36.07""",120,119.6825,0.3175
2025-11-09 21:00:00,Aspect,Trine,Jupiter,Cancer,"0°55'33.51""",Saturn,Pisces,"1°14'34.86""",120,119.683,0.317
2025-11-09 21:15:00,Aspect,Trine,Moon,Gemini,"19°48'12.15""",Rahu,Aquarius,"20°43'33.67""",120,119.0774,0.9226
2025-11-09 21:15:00,Aspect,Trine,Jupiter,Cancer,"0°55'33.77""",Saturn,Pisces,"1°14'33.65""",120,119.6834,0.3166
2025-11-09 21:30:00,Aspect,Trine,Moon,Gemini,"19°57'08.91""",Rahu,Aquarius,"20°43'31.68""",120,119.227,0.773
2025-11-09 21:30:00,Aspect,Trine,Jupiter,Cancer,"0°55'34.03""",Saturn,Pisces,"1°14'32.44""",120,119.6838,0.3162
2025-11-09 21:45:00,Aspect,Trine,Moon,Gemini,"20°06'05.47""",Rahu,Aquarius,"20°43'29.69""",120,119.3766,0.6234
2025-11-09 21:45:00,Aspect,Trine,Jupiter,Cancer,"0°55'34.29""",Saturn,Pisces,"1°14'31.24""",120,119.6842,0.3158
2025-11-09 22:00:00,Aspect,Trine,Moon,Gemini,"20°15'01.85""",Rahu,Aquarius,"20°43'27.70""",120,119.5262,0.4738
2025-11-09 22:00:00,Aspect,Trine,Jupiter,Cancer,"0°55'34.54""",Saturn,Pisces,"1°14'30.03""",120,119.6846,0.3154
2025-11-09 22:15:00,Aspect,Trine,Moon,Gemini,"20°23'58.05""",Rahu,Aquarius,"20°43'25.72""",120,119.6756,0.3244
2025-11-09 22:15:00,Aspect,Trine,Jupiter,Cancer,"0°55'34.80""",Saturn,Pisces,"1°14'28.82""",120,119.685,0.315
2025-11-09 22:30:00,Aspect,Trine,Moon,Gemini,"20°32'54.06""",Rahu,Aquarius,"20°43'23.73""",120,119.8251,0.1749
2025-11-09 22:30:00,Aspect,Trine,Jupiter,Cancer,"0°55'35.05""",Saturn,Pisces,"1°14'27.61""",120,119.6854,0.3146
2025-11-09 22:45:00,Aspect,Trine,Moon,Gemini,"20°41'49.88""",Rahu,Aquarius,"20°43'21.74""",120,119.9745,0.0255
2025-11-09 22:45:00,Aspect,Trine,Jupiter,Cancer,"0°55'35.31""",Saturn,Pisces,"1°14'26.41""",120,119.6858,0.3142
2025-11-09 23:00:00,Aspect,Trine,Moon,Gemini,"20°50'45.52""",Rahu,Aquarius,"20°43'19.75""",120,120.1238,0.1238
2025-11-09 23:00:00,Aspect,Trine,Jupiter,Cancer,"0°55'35.56""",Saturn,Pisces,"1°14'25.20""",120,119.6862,0.3138
2025-11-09 23:15:00,Aspect,Trine,Moon,Gemini,"20°59'40.97""",Rahu,Aquarius,"20°43'17.77""",120,120.2731,0.2731
2025-11-09 23:15:00,Aspect,Trine,Jupiter,Cancer,"0°55'35.81""",Saturn,Pisces,"1°14'24.00""",120,119.6866,0.3134
2025-11-09 23:30:00,Aspect,Trine,Moon,Gemini,"21°08'36.23""",Rahu,Aquarius,"20°43'15.78""",120,120.4223,0.4223
2025-11-09 23:30:00,Aspect,Trine,Jupiter,Cancer,"0°55'36.06""",Saturn,Pisces,"1°14'22.80""",120,119.687,0.313
2025-11-09 23:45:00,Aspect,Trine,Moon,Gemini,"21°17'31.31""",Rahu,Aquarius,"20°43'13.79""",120,120.5715,0.5715
2025-11-09 23:45:00,Aspect,Trine,Jupiter,Cancer,"0°55'36.30""",Saturn,Pisces,"1°14'21.59""",120,119.6874,0.3126
2025-11-10 00:00:00,Aspect,Trine,Moon,Gemini,"21°26'26.20""",Rahu,Aquarius,"20°43'11.81""",120,120.7207,0.7207
2025-11-10 00:00:00,Aspect,Trine,Jupiter,Cancer,"0°55'36.55""",Saturn,Pisces,"1°14'20.39""",120,119.6878,0.3122
2025-11-10 00:15:00,Aspect,Trine,Moon,Gemini,"21°35'20.90""",Rahu,Aquarius,"20°43'09.82""",120,120.8697,0.8697
2025-11-10 00:15:00,Aspect,Trine,Jupiter,Cancer,"0°55'36.80""",Saturn,Pisces,"1°14'19.19""",120,119.6882,0.3118
2025-11-10 00:30:00,Aspect,Trine,Jupiter,Cancer,"0°55'37.04""",Saturn,Pisces,"1°14'17.99""",120,119.6886,0.3114
2025-11-10 00:45:00,Aspect,Trine,Jupiter,Cancer,"0°55'37.28""",Saturn,Pisces,"1°14'16.78""",120,119.689,0.311
2025-11-10 01:00:00,Aspect,Trine,Jupiter,Cancer,"0°55'37.52""",Saturn,Pisces,"1°14'15.58""",120,119.6894,0.3106
2025-11-10 01:15:00,Aspect,Trine,Jupiter,Cancer,"0°55'37.76""",Saturn,Pisces,"1°14'14.39""",120,119.6898,0.3102
2025-11-10 01:30:00,Aspect,Trine,Jupiter,Cancer,"0°55'38.00""",Saturn,Pisces,"1°14'13.19""",120,119.6902,0.3098
2025-11-10 01:45:00,Aspect,Trine,Sun,Libra,"23°24'08.27""",Moon,Gemini,"22°28'45.19""",120,120.9231,0.9231
2025-11-10 01:45:00,Aspect,Trine,Jupiter,Cancer,"0°55'38.24""",Saturn,Pisces,"1°14'11.99""",120,119.6906,0.3094
2025-11-10 02:00:00,Aspect,Trine,Sun,Libra,"23°24'45.94""",Moon,Gemini,"22°37'38.58""",120,120.7854,0.7854
2025-11-10 02:00:00,Aspect,Trine,Jupiter,Cancer,"0°55'38.48""",Saturn,Pisces,"1°14'10.79""",120,119.691,0.309
2025-11-10 02:15:00,Aspect,Trine,Sun,Libra,"23°25'23.60""",Moon,Gemini,"22°46'31.79""",120,120.6477,0.6477
2025-11-10 02:15:00,Aspect,Trine,Jupiter,Cancer,"0°55'38.71""",Saturn,Pisces,"1°14'09.59""",120,119.6914,0.3086
2025-11-10 02:30:00,Aspect,Trine,Sun,Libra,"23°26'01.26""",Moon,Gemini,"22°55'24.81""",120,120.5101,0.5101
2025-11-10 02:30:00,Aspect,Trine,Jupiter,Cancer,"0°55'38.94""",Saturn,Pisces,"1°14'08.40""",120,119.6918,0.3082
2025-11-10 02:45:00,Aspect,Trine,Sun,Libra,"23°26'38.93""",Moon,Gemini,"23°04'17.63""",120,120.3726,0.3726
2025-11-10 02:45:00,Aspect,Trine,Jupiter,Cancer,"0°55'39.18""",Saturn,Pisces,"1°14'07.20""",120,119.6922,0.3078
2025-11-10 03:00:00,Aspect,Trine,Sun,Libra,"23°27'16.59""",Moon,Gemini,"23°13'10.27""",120,120.2351,0.2351
2025-11-10 03:00:00,Aspect,Trine,Jupiter,Cancer,"0°55'39.41""",Saturn,Pisces,"1°14'06.01""",120,119.6926,0.3074
2025-11-10 03:15:00,Aspect,Trine,Sun,Libra,"23°27'54.25""",Moon,Gemini,"23°22'02.73""",120,120.0976,0.0976
2025-11-10 03:15:00,Aspect,Trine,Jupiter,Cancer,"0°55'39.64""",Saturn,Pisces,"1°14'04.81""",120,119.693,0.307
2025-11-10 03:30:00,Aspect,Trine,Sun,Libra,"23°28'31.92""",Moon,Gemini,"23°30'54.99""",120,119.9603,0.0397
2025-11-10 03:30:00,Aspect,Trine,Jupiter,Cancer,"0°55'39.86""",Saturn,Pisces,"1°14'03.62""",120,119.6934,0.3066
2025-11-10 03:45:00,Aspect,Trine,Sun,Libra,"23°29'09.58""",Moon,Gemini,"23°39'47.07""",120,119.8229,0.1771
2025-11-10 03:45:00,Aspect,Trine,Jupiter,Cancer,"0°55'40.09""",Saturn,Pisces,"1°14'02.42""",120,119.6938,0.3062
2025-11-10 04:00:00,Aspect,Trine,Sun,Libra,"23°29'47.25""",Moon,Gemini,"23°48'38.95""",120,119.6856,0.3144
2025-11-10 04:00:00,Aspect,Trine,Jupiter,Cancer,"0°55'40.32""",Saturn,Pisces,"1°14'01.23""",120,119.6942,0.3058
2025-11-10 04:15:00,Aspect,Trine,Sun,Libra,"23°30'24.91""",Moon,Gemini,"23°57'30.65""",120,119.5484,0.4516
2025-11-10 04:15:00,Aspect,Trine,Jupiter,Cancer,"0°55'40.54""",Saturn,Pisces,"1°14'00.04""",120,119.6946,0.3054
2025-11-10 04:30:00,Aspect,Trine,Sun,Libra,"23°31'02.58""",Moon,Gemini,"24°06'22.16""",120,119.4112,0.5888
2025-11-10 04:30:00,Aspect,Trine,Jupiter,Cancer,"0°55'40.76""",Saturn,Pisces,"1°13'58.85""",120,119.695,0.305
2025-11-10 04:45:00,Aspect,Trine,Sun,Libra,"23°31'40.25""",Moon,Gemini,"24°15'13.49""",120,119.2741,0.7259
2025-11-10 04:45:00,Aspect,Trine,Jupiter,Cancer,"0°55'40.99""",Saturn,Pisces,"1°13'57.66""",120,119.6954,0.3046
2025-11-10 05:00:00,Aspect,Trine,Sun,Libra,"23°32'17.91""",Moon,Gemini,"24°24'04.62""",120,119.137,0.863
2025-11-10 05:00:00,Aspect,Trine,Jupiter,Cancer,"0°55'41.21""",Saturn,Pisces,"1°13'56.47""",120,119.6958,0.3042
2025-11-10 05:15:00,Aspect,Trine,Sun,Libra,"23°32'55.58""",Moon,Gemini,"24°32'55.56""",120,119.0,1.0
2025-11-10 05:15:00,Aspect,Trine,Jupiter,Cancer,"0°55'41.43""",Saturn,Pisces,"1°13'55.28""",120,119.6962,0.3038
2025-11-10 05:30:00,Aspect,Trine,Jupiter,Cancer,"0°55'41.64""",Saturn,Pisces,"1°13'54.09""",120,119.6965,0.3035
2025-11-10 05:45:00,Aspect,Trine,Jupiter,Cancer,"0°55'41.86""",Saturn,Pisces,"1°13'52.90""",120,119.6969,0.3031
2025-11-10 06:00:00,Aspect,Trine,Jupiter,Cancer,"0°55'42.08""",Saturn,Pisces,"1°13'51.71""",120,119.6973,0.3027
2025-11-10 06:15:00,Aspect,Trine,Jupiter,Cancer,"0°55'42.29""",Saturn,Pisces,"1°13'50.53""",120,119.6977,0.3023
2025-11-10 06:30:00,Aspect,Trine,Jupiter,Cancer,"0°55'42.50""",Saturn,Pisces,"1°13'49.34""",120,119.6981,0.3019
2025-11-10 06:45:00,Aspect,Trine,Jupiter,Cancer,"0°55'42.71""",Saturn,Pisces,"1°13'48.15""",120,119.6985,0.3015
2025-11-10 07:00:00,Aspect,Trine,Jupiter,Cancer,"0°55'42.93""",Saturn,Pisces,"1°13'46.97""",120,119.6989,0.3011
2025-11-10 07:15:00,Aspect,Trine,Jupiter,Cancer,"0°55'43.13""",Saturn,Pisces,"1°13'45.79""",120,119.6993,0.3007
2025-11-10 07:30:00,Aspect,Trine,Jupiter,Cancer,"0°55'43.34""",Saturn,Pisces,"1°13'44.60""",120,119.6996,0.3004
2025-11-10 07:45:00,Aspect,Trine,Jupiter,Cancer,"0°55'43.55""",Saturn,Pisces,"1°13'43.42""",120,119.7,0.3
2025-11-10 08:00:00,Aspect,Trine,Jupiter,Cancer,"0°55'43.75""",Saturn,Pisces,"1°13'42.24""",120,119.7004,0.2996
2025-11-10 08:15:00,Aspect,Trine,Jupiter,Cancer,"0°55'43.96""",Saturn,Pisces,"1°13'41.05""",120,119.7008,0.2992
2025-11-10 08:30:00,Aspect,Trine,Jupiter,Cancer,"0°55'44.16""",Saturn,Pisces,"1°13'39.87""",120,119.7012,0.2988
2025-11-10 08:45:00,Aspect,Trine,Jupiter,Cancer,"0°55'44.36""",Saturn,Pisces,"1°13'38.69""",120,119.7016,0.2984
2025-11-10 09:00:00,Aspect,Trine,Jupiter,Cancer,"0°55'44.56""",Saturn,Pisces,"1°13'37.51""",120,119.702,0.298
2025-11-10 09:15:00,Aspect,Trine,Jupiter,Cancer,"0°55'44.76""",Saturn,Pisces,"1°13'36.33""",120,119.7023,0.2977
2025-11-10 09:30:00,Aspect,Trine,Jupiter,Cancer,"0°55'44.96""",Saturn,Pisces,"1°13'35.15""",120,119.7027,0.2973
2025-11-10 09:45:00,Aspect,Trine,Jupiter,Cancer,"0°55'45.15""",Saturn,Pisces,"1°13'33.98""",120,119.7031,0.2969
2025-11-10 10:00:00,Aspect,Trine,Jupiter,Cancer,"0°55'45.35""",Saturn,Pisces,"1°13'32.80""",120,119.7035,0.2965
2025-11-10 10:15:00,Aspect,Trine,Jupiter,Cancer,"0°55'45.54""",Saturn,Pisces,"1°13'31.62""",120,119.7039,0.2961
2025-11-10 10:30:00,Aspect,Trine,Jupiter,Cancer,"0°55'45.73""",Saturn,Pisces,"1°13'30.45""",120,119.7042,0.2958
2025-11-10 10:45:00,Aspect,Trine,Jupiter,Cancer,"0°55'45.92""",Saturn,Pisces,"1°13'29.27""",120,119.7046,0.2954
2025-11-10 11:00:00,Aspect,Trine,Jupiter,Cancer,"0°55'46.11""",Saturn,Pisces,"1°13'28.10""",120,119.705,0.295
2025-11-10 11:15:00,Aspect,Trine,Jupiter,Cancer,"0°55'46.30""",Saturn,Pisces,"1°13'26.92""",120,119.7054,0.2946
2025-11-10 11:30:00,Aspect,Trine,Jupiter,Cancer,"0°55'46.49""",Saturn,Pisces,"1°13'25.75""",120,119.7058,0.2942
2025-11-10 11:45:00,Aspect,Trine,Jupiter,Cancer,"0°55'46.67""",Saturn,Pisces,"1°13'24.57""",120,119.7061,0.2939
2025-11-10 12:00:00,Aspect,Trine,Jupiter,Cancer,"0°55'46.86""",Saturn,Pisces,"1°13'23.40""",120,119.7065,0.2935
2025-11-10 12:15:00,Aspect,Trine,Jupiter,Cancer,"0°55'47.04""",Saturn,Pisces,"1°13'22.23""",120,119.7069,0.2931
2025-11-10 12:30:00,Aspect,Trine,Jupiter,Cancer,"0°55'47.22""",Saturn,Pisces,"1°13'21.06""",120,119.7073,0.2927
2025-11-10 12:45:00,Aspect,Trine,Jupiter,Cancer,"0°55'47.40""",Saturn,Pisces,"1°13'19.89""",120,119.7076,0.2924
2025-11-10 13:00:00,Aspect,Trine,Jupiter,Cancer,"0°55'47.58""",Saturn,Pisces,"1°13'18.72""",120,119.708,0.292
2025-11-10 13:15:00,Aspect,Trine,Jupiter,Cancer,"0°55'47.76""",Saturn,Pisces,"1°13'17.55""",120,119.7084,0.2916
2025-11-10 13:30:00,Aspect,Trine,Jupiter,Cancer,"0°55'47.94""",Saturn,Pisces,"1°13'16.38""",120,119.7088,0.2912
2025-11-10 13:45:00,Aspect,Trine,Jupiter,Cancer,"0°55'48.11""",Saturn,Pisces,"1°13'15.21""",120,119.7091,0.2909
2025-11-10 14:00:00,Aspect,Trine,Jupiter,Cancer,"0°55'48.28""",Saturn,Pisces,"1°13'14.05""",120,119.7095,0.2905
2025-11-10 14:15:00,Aspect,Trine,Jupiter,Cancer,"0°55'48.46""",Saturn,Pisces,"1°13'12.88""",120,119.7099,0.2901
2025-11-10 14:30:00,Aspect,Conjunction,Moon,Gemini,"29°58'07.38""",Jupiter,Cancer,"0°55'48.63""",0,0.9615,0.9615
2025-11-10 14:30:00,Aspect,Trine,Jupiter,Cancer,"0°55'48.63""",Saturn,Pisces,"1°13'11.71""",120,119.7103,0.2897
2025-11-10 14:45:00,Aspect,Conjunction,Moon,Cancer,"0°06'51.12""",Jupiter,Cancer,"0°55'48.80""",0,0.816,0.816
2025-11-10 14:45:00,Aspect,Trine,Jupiter,Cancer,"0°55'48.80""",Saturn,Pisces,"1°13'10.55""",120,119.7106,0.2894
2025-11-10 15:00:00,Aspect,Conjunction,Moon,Cancer,"0°15'34.67""",Jupiter,Cancer,"0°55'48.97""",0,0.6706,0.6706
2025-11-10 15:00:00,Aspect,Trine,Moon,Cancer,"0°15'34.67""",Saturn,Pisces,"1°13'09.38""",120,119.0404,0.9596
2025-11-10 15:00:00,Aspect,Trine,Jupiter,Cancer,"0°55'48.97""",Saturn,Pisces,"1°13'09.38""",120,119.711,0.289
2025-11-10 15:15:00,Aspect,Conjunction,Moon,Cancer,"0°24'18.03""",Jupiter,Cancer,"0°55'49.13""",0,0.5253,0.5253
2025-11-10 15:15:00,Aspect,Trine,Moon,Cancer,"0°24'18.03""",Saturn,Pisces,"1°13'08.22""",120,119.1861,0.8139
2025-11-10 15:15:00,Aspect,Trine,Jupiter,Cancer,"0°55'49.13""",Saturn,Pisces,"1°13'08.22""",120,119.7114,0.2886
2025-11-10 15:30:00,Aspect,Conjunction,Moon,Cancer,"0°33'01.21""",Jupiter,Cancer,"0°55'49.30""",0,0.38,0.38
2025-11-10 15:30:00,Aspect,Trine,Moon,Cancer,"0°33'01.21""",Saturn,Pisces,"1°13'07.06""",120,119.3317,0.6683
2025-11-10 15:30:00,Aspect,Trine,Jupiter,Cancer,"0°55'49.30""",Saturn,Pisces,"1°13'07.06""",120,119.7117,0.2883
2025-11-10 15:45:00,Aspect,Conjunction,Moon,Cancer,"0°41'44.19""",Jupiter,Cancer,"0°55'49.47""",0,0.2348,0.2348
2025-11-10 15:45:00,Aspect,Trine,Moon,Cancer,"0°41'44.19""",Saturn,Pisces,"1°13'05.89""",120,119.4773,0.5227
2025-11-10 15:45:00,Aspect,Trine,Jupiter,Cancer,"0°55'49.47""",Saturn,Pisces,"1°13'05.89""",120,119.7121,0.2879
2025-11-10 16:00:00,Aspect,Conjunction,Moon,Cancer,"0°50'26.98""",Jupiter,Cancer,"0°55'49.63""",0,0.0896,0.0896
2025-11-10 16:00:00,Aspect,Trine,Moon,Cancer,"0°50'26.98""",Saturn,Pisces,"1°13'04.73""",120,119.6228,0.3772
2025-11-10 16:00:00,Aspect,Trine,Jupiter,Cancer,"0°55'49.63""",Saturn,Pisces,"1°13'04.73""",120,119.7125,0.2875
2025-11-10 16:15:00,Aspect,Conjunction,Moon,Cancer,"0°59'09.59""",Jupiter,Cancer,"0°55'49.79""",0,0.0555,0.0555
2025-11-10 16:15:00,Aspect,Trine,Moon,Cancer,"0°59'09.59""",Saturn,Pisces,"1°13'03.57""",120,119.7683,0.2317
2025-11-10 16:15:00,Aspect,Trine,Jupiter,Cancer,"0°55'49.79""",Saturn,Pisces,"1°13'03.57""",120,119.7128,0.2872
2025-11-10 16:30:00,Aspect,Conjunction,Moon,Cancer,"1°07'52.00""",Jupiter,Cancer,"0°55'49.95""",0,0.2006,0.2006
2025-11-10 16:30:00,Aspect,Trine,Moon,Cancer,"1°07'52.00""",Saturn,Pisces,"1°13'02.41""",120,119.9138,0.0862
2025-11-10 16:30:00,Aspect,Trine,Jupiter,Cancer,"0°55'49.95""",Saturn,Pisces,"1°13'02.41""",120,119.7132,0.2868
2025-11-10 16:45:00,Aspect,Conjunction,Moon,Cancer,"1°16'34.23""",Jupiter,Cancer,"0°55'50.11""",0,0.3456,0.3456
2025-11-10 16:45:00,Aspect,Trine,Moon,Cancer,"1°16'34.23""",Saturn,Pisces,"1°13'01.25""",120,120.0592,0.0592
2025-11-10 16:45:00,Aspect,Trine,Jupiter,Cancer,"0°55'50.11""",Saturn,Pisces,"1°13'01.25""",120,119.7136,0.2864
2025-11-10 17:00:00,Aspect,Conjunction,Moon,Cancer,"1°25'16.26""",Jupiter,Cancer,"0°55'50.27""",0,0.4906,0.4906
2025-11-10 17:00:00,Aspect,Trine,Moon,Cancer,"1°25'16.26""",Saturn,Pisces,"1°13'00.09""",120,120.2045,0.2045
2025-11-10 17:00:00,Aspect,Trine,Jupiter,Cancer,"0°55'50.27""",Saturn,Pisces,"1°13'00.09""",120,119.7139,0.2861
2025-11-10 17:15:00,Aspect,Conjunction,Moon,Cancer,"1°33'58.11""",Jupiter,Cancer,"0°55'50.43""",0,0.6355,0.6355
2025-11-10 17:15:00,Aspect,Trine,Moon,Cancer,"1°33'58.11""",Saturn,Pisces,"1°12'58.93""",120,120.3498,0.3498
2025-11-10 17:15:00,Aspect,Trine,Jupiter,Cancer,"0°55'50.43""",Saturn,Pisces,"1°12'58.93""",120,119.7143,0.2857
2025-11-10 17:30:00,Aspect,Conjunction,Moon,Cancer,"1°42'39.76""",Jupiter,Cancer,"0°55'50.58""",0,0.7803,0.7803
2025-11-10 17:30:00,Aspect,Trine,Moon,Cancer,"1°42'39.76""",Saturn,Pisces,"1°12'57.77""",120,120.495,0.495
2025-11-10 17:30:00,Aspect,Trine,Jupiter,Cancer,"0°55'50.58""",Saturn,Pisces,"1°12'57.77""",120,119.7147,0.2853
2025-11-10 17:45:00,Aspect,Conjunction,Moon,Cancer,"1°51'21.23""",Jupiter,Cancer,"0°55'50.74""",0,0.9251,0.9251
2025-11-10 17:45:00,Aspect,Trine,Moon,Cancer,"1°51'21.23""",Saturn,Pisces,"1°12'56.61""",120,120.6402,0.6402
2025-11-10 17:45:00,Aspect,Trine,Jupiter,Cancer,"0°55'50.74""",Saturn,Pisces,"1°12'56.61""",120,119.715,0.285
2025-11-10 18:00:00,Aspect,Trine,Moon,Cancer,"2°00'02.50""",Saturn,Pisces,"1°12'55.46""",120,120.7853,0.7853
2025-11-10 18:00:00,Aspect,Trine,Jupiter,Cancer,"0°55'50.89""",Saturn,Pisces,"1°12'55.46""",120,119.7154,0.2846
2025-11-10 18:15:00,Aspect,Trine,Moon,Cancer,"2°08'43.59""",Saturn,Pisces,"1°12'54.30""",120,120.9304,0.9304
2025-11-10 18:15:00,Aspect,Trine,Jupiter,Cancer,"0°55'51.04""",Saturn,Pisces,"1°12'54.30""",120,119.7158,0.2842
2025-11-10 18:30:00,Aspect,Trine,Jupiter,Cancer,"0°55'51.19""",Saturn,Pisces,"1°12'53.14""",120,119.7161,0.2839
2025-11-10 18:45:00,Aspect,Trine,Jupiter,Cancer,"0°55'51.34""",Saturn,Pisces,"1°12'51.99""",120,119.7165,0.2835
2025-11-10 19:00:00,Aspect,Trine,Jupiter,Cancer,"0°55'51.49""",Saturn,Pisces,"1°12'50.83""",120,119.7168,0.2832
2025-11-10 19:15:00,Aspect,Trine,Jupiter,Cancer,"0°55'51.64""",Saturn,Pisces,"1°12'49.68""",120,119.7172,0.2828
2025-11-10 19:30:00,Aspect,Trine,Jupiter,Cancer,"0°55'51.78""",Saturn,Pisces,"1°12'48.53""",120,119.7176,0.2824
2025-11-10 19:45:00,Aspect,Trine,Jupiter,Cancer,"0°55'51.93""",Saturn,Pisces,"1°12'47.37""",120,119.7179,0.2821
2025-11-10 20:00:00,Aspect,Trine,Jupiter,Cancer,"0°55'52.07""",Saturn,Pisces,"1°12'46.22""",120,119.7183,0.2817
2025-11-10 20:15:00,Aspect,Trine,Jupiter,Cancer,"0°55'52.21""",Saturn,Pisces,"1°12'45.07""",120,119.7187,0.2813
2025-11-10 20:30:00,Aspect,Trine,Jupiter,Cancer,"0°55'52.35""",Saturn,Pisces,"1°12'43.92""",120,119.719,0.281
2025-11-10 20:45:00,Aspect,Trine,Jupiter,Cancer,"0°55'52.49""",Saturn,Pisces,"1°12'42.77""",120,119.7194,0.2806
2025-11-10 21:00:00,Aspect,Trine,Jupiter,Cancer,"0°55'52.63""",Saturn,Pisces,"1°12'41.62""",120,119.7197,0.2803
2025-11-10 21:15:00,Aspect,Trine,Jupiter,Cancer,"0°55'52.76""",Saturn,Pisces,"1°12'40.47""",120,119.7201,0.2799
2025-11-10 21:30:00,Aspect,Trine,Jupiter,Cancer,"0°55'52.90""",Saturn,Pisces,"1°12'39.32""",120,119.7204,0.2796
2025-11-10 21:45:00,Aspect,Trine,Jupiter,Cancer,"0°55'53.03""",Saturn,Pisces,"1°12'38.18""",120,119.7208,0.2792
2025-11-10 22:00:00,Aspect,Trine,Jupiter,Cancer,"0°55'53.17""",Saturn,Pisces,"1°12'37.03""",120,119.7211,0.2789
2025-11-10 22:15:00,Aspect,Trine,Jupiter,Cancer,"0°55'53.30""",Saturn,Pisces,"1°12'35.88""",120,119.7215,0.2785
2025-11-10 22:30:00,Aspect,Trine,Jupiter,Cancer,"0°55'53.43""",Saturn,Pisces,"1°12'34.74""",120,119.7219,0.2781
2025-11-10 22:45:00,Aspect,Trine,Jupiter,Cancer,"0°55'53.56""",Saturn,Pisces,"1°12'33.59""",120,119.7222,0.2778
2025-11-10 23:00:00,Aspect,Trine,Jupiter,Cancer,"0°55'53.68""",Saturn,Pisces,"1°12'32.45""",120,119.7226,0.2774
2025-11-10 23:15:00,Aspect,Trine,Jupiter,Cancer,"0°55'53.81""",Saturn,Pisces,"1°12'31.30""",120,119.7229,0.2771
2025-11-10 23:30:00,Aspect,Trine,Jupiter,Cancer,"0°55'53.93""",Saturn,Pisces,"1°12'30.16""",120,119.7233,0.2767
2025-11-10 23:45:00,Aspect,Trine,Jupiter,Cancer,"0°55'54.06""",Saturn,Pisces,"1°12'29.02""",120,119.7236,0.2764
2025-11-11 00:00:00,Aspect,Trine,Jupiter,Cancer,"0°55'54.18""",Saturn,Pisces,"1°12'27.88""",120,119.724,0.276
2025-11-11 00:15:00,Aspect,Trine,Jupiter,Cancer,"0°55'54.30""",Saturn,Pisces,"1°12'26.74""",120,119.7243,0.2757
2025-11-11 00:30:00,Aspect,Trine,Jupiter,Cancer,"0°55'54.42""",Saturn,Pisces,"1°12'25.60""",120,119.7247,0.2753
2025-11-11 00:45:00,Aspect,Trine,Jupiter,Cancer,"0°55'54.54""",Saturn,Pisces,"1°12'24.46""",120,119.725,0.275
2025-11-11 01:00:00,Aspect,Trine,Jupiter,Cancer,"0°55'54.65""",Saturn,Pisces,"1°12'23.32""",120,119.7254,0.2746
2025-11-11 01:15:00,Aspect,Trine,Jupiter,Cancer,"0°55'54.77""",Saturn,Pisces,"1°12'22.18""",120,119.7257,0.2743
2025-11-11 01:30:00,Aspect,Trine,Jupiter,Cancer,"0°55'54.88""",Saturn,Pisces,"1°12'21.04""",120,119.7261,0.2739
2025-11-11 01:45:00,Aspect,Trine,Jupiter,Cancer,"0°55'55.00""",Saturn,Pisces,"1°12'19.90""",120,119.7264,0.2736
2025-11-11 02:00:00,Aspect,Trine,Jupiter,Cancer,"0°55'55.11""",Saturn,Pisces,"1°12'18.77""",120,119.7268,0.2732
2025-11-11 02:15:00,Aspect,Trine,Jupiter,Cancer,"0°55'55.22""",Saturn,Pisces,"1°12'17.63""",120,119.7271,0.2729
2025-11-11 02:30:00,Aspect,Trine,Jupiter,Cancer,"0°55'55.33""",Saturn,Pisces,"1°12'16.49""",120,119.7275,0.2725
2025-11-11 02:45:00,Aspect,Trine,Jupiter,Cancer,"0°55'55.44""",Saturn,Pisces,"1°12'15.36""",120,119.7278,0.2722
2025-11-11 03:00:00,Aspect,Trine,Jupiter,Cancer,"0°55'55.54""",Saturn,Pisces,"1°12'14.23""",120,119.7281,0.2719
2025-11-11 03:15:00,Aspect,Trine,Jupiter,Cancer,"0°55'55.65""",Saturn,Pisces,"1°12'13.09""",120,119.7285,0.2715
2025-11-11 03:30:00,Aspect,Trine,Jupiter,Cancer,"0°55'55.75""",Saturn,Pisces,"1°12'11.96""",120,119.7288,0.2712
2025-11-11 03:45:00,Aspect,Trine,Jupiter,Cancer,"0°55'55.85""",Saturn,Pisces,"1°12'10.83""",120,119.7292,0.2708
2025-11-11 04:00:00,Aspect,Trine,Jupiter,Cancer,"0°55'55.96""",Saturn,Pisces,"1°12'09.69""",120,119.7295,0.2705
2025-11-11 04:15:00,Aspect,Trine,Jupiter,Cancer,"0°55'56.06""",Saturn,Pisces,"1°12'08.56""",120,119.7299,0.2701
2025-11-11 04:30:00,Aspect,Trine,Jupiter,Cancer,"0°55'56.15""",Saturn,Pisces,"1°12'07.43""",120,119.7302,0.2698
2025-11-11 04:45:00,Aspect,Trine,Jupiter,Cancer,"0°55'56.25""",Saturn,Pisces,"1°12'06.30""",120,119.7305,0.2695
2025-11-11 05:00:00,Aspect,Trine,Jupiter,Cancer,"0°55'56.35""",Saturn,Pisces,"1°12'05.17""",120,119.7309,0.2691
2025-11-11 05:15:00,Aspect,Trine,Jupiter,Cancer,"0°55'56.44""",Saturn,Pisces,"1°12'04.05""",120,119.7312,0.2688
2025-11-11 05:30:00,Aspect,Trine,Jupiter,Cancer,"0°55'56.54""",Saturn,Pisces,"1°12'02.92""",120,119.7316,0.2684
2025-11-11 05:45:00,Aspect,Trine,Jupiter,Cancer,"0°55'56.63""",Saturn,Pisces,"1°12'01.79""",120,119.7319,0.2681
2025-11-11 06:00:00,Aspect,Trine,Jupiter,Cancer,"0°55'56.72""",Saturn,Pisces,"1°12'00.66""",120,119.7322,0.2678
2025-11-11 06:15:00,Aspect,Trine,Jupiter,Cancer,"0°55'56.81""",Saturn,Pisces,"1°11'59.54""",120,119.7326,0.2674
2025-11-11 06:30:00,Aspect,Trine,Jupiter,Cancer,"0°55'56.90""",Saturn,Pisces,"1°11'58.41""",120,119.7329,0.2671
2025-11-11 06:45:00,Aspect,Trine,Jupiter,Cancer,"0°55'56.98""",Saturn,Pisces,"1°11'57.29""",120,119.7332,0.2668
2025-11-11 07:00:00,Aspect,Trine,Moon,Cancer,"9°27'29.52""",Mars,Scorpio,"10°25'36.24""",120,120.9685,0.9685
2025-11-11 07:00:00,Aspect,Trine,Jupiter,Cancer,"0°55'57.07""",Saturn,Pisces,"1°11'56.17""",120,119.7336,0.2664
2025-11-11 07:15:00,Aspect,Trine,Moon,Cancer,"9°36'00.86""",Mars,Scorpio,"10°26'03.34""",120,120.834,0.834
2025-11-11 07:15:00,Aspect,Trine,Jupiter,Cancer,"0°55'57.15""",Saturn,Pisces,"1°11'55.04""",120,119.7339,0.2661
2025-11-11 07:30:00,Aspect,Trine,Moon,Cancer,"9°44'32.02""",Mars,Scorpio,"10°26'30.44""",120,120.6996,0.6996
2025-11-11 07:30:00,Aspect,Trine,Jupiter,Cancer,"0°55'57.24""",Saturn,Pisces,"1°11'53.92""",120,119.7343,0.2657
2025-11-11 07:45:00,Aspect,Trine,Moon,Cancer,"9°53'02.99""",Mars,Scorpio,"10°26'57.54""",120,120.5652,0.5652
2025-11-11 07:45:00,Aspect,Trine,Jupiter,Cancer,"0°55'57.32""",Saturn,Pisces,"1°11'52.80""",120,119.7346,0.2654
2025-11-11 08:00:00,Aspect,Square,Moon,Cancer,"10°01'33.78""",Venus,Libra,"10°54'50.88""",90,90.8881,0.8881
2025-11-11 08:00:00,Aspect,Trine,Moon,Cancer,"10°01'33.78""",Mars,Scorpio,"10°27'24.65""",120,120.4308,0.4308
2025-11-11 08:00:00,Aspect,Trine,Jupiter,Cancer,"0°55'57.40""",Saturn,Pisces,"1°11'51.68""",120,119.7349,0.2651
2025-11-11 08:15:00,Aspect,Square,Moon,Cancer,"10°10'04.39""",Venus,Libra,"10°55'37.88""",90,90.7593,0.7593
2025-11-11 08:15:00,Aspect,Trine,Moon,Cancer,"10°10'04.39""",Mars,Scorpio,"10°27'51.75""",120,120.2965,0.2965
2025-11-11 08:15:00,Aspect,Trine,Jupiter,Cancer,"0°55'57.48""",Saturn,Pisces,"1°11'50.56""",120,119.7353,0.2647
2025-11-11 08:30:00,Aspect,Square,Moon,Cancer,"10°18'34.81""",Venus,Libra,"10°56'24.88""",90,90.6306,0.6306
2025-11-11 08:30:00,Aspect,Trine,Moon,Cancer,"10°18'34.81""",Mars,Scorpio,"10°28'18.85""",120,120.1622,0.1622
2025-11-11 08:30:00,Aspect,Trine,Jupiter,Cancer,"0°55'57.56""",Saturn,Pisces,"1°11'49.44""",120,119.7356,0.2644
2025-11-11 08:45:00,Aspect,Square,Moon,Cancer,"10°27'05.05""",Venus,Libra,"10°57'11.89""",90,90.5019,0.5019
2025-11-11 08:45:00,Aspect,Trine,Moon,Cancer,"10°27'05.05""",Mars,Scorpio,"10°28'45.95""",120,120.028,0.028
2025-11-11 08:45:00,Aspect,Trine,Jupiter,Cancer,"0°55'57.63""",Saturn,Pisces,"1°11'48.32""",120,119.7359,0.2641
2025-11-11 09:00:00,Aspect,Square,Moon,Cancer,"10°35'35.11""",Venus,Libra,"10°57'58.89""",90,90.3733,0.3733
2025-11-11 09:00:00,Aspect,Trine,Moon,Cancer,"10°35'35.11""",Mars,Scorpio,"10°29'13.05""",120,119.8939,0.1061
2025-11-11 09:00:00,Aspect,Trine,Jupiter,Cancer,"0°55'57.71""",Saturn,Pisces,"1°11'47.20""",120,119.7363,0.2637
2025-11-11 09:15:00,Aspect,Square,Moon,Cancer,"10°44'04.98""",Venus,Libra,"10°58'45.90""",90,90.2447,0.2447
2025-11-11 09:15:00,Aspect,Trine,Moon,Cancer,"10°44'04.98""",Mars,Scorpio,"10°29'40.16""",120,119.7598,0.2402
2025-11-11 09:15:00,Aspect,Trine,Jupiter,Cancer,"0°55'57.78""",Saturn,Pisces,"1°11'46.08""",120,119.7366,0.2634
2025-11-11 09:30:00,Aspect,Square,Moon,Cancer,"10°52'34.66""",Venus,Libra,"10°59'32.90""",90,90.1162,0.1162
2025-11-11 09:30:00,Aspect,Trine,Moon,Cancer,"10°52'34.66""",Mars,Scorpio,"10°30'07.26""",120,119.6257,0.3743
2025-11-11 09:30:00,Aspect,Trine,Jupiter,Cancer,"0°55'57.86""",Saturn,Pisces,"1°11'44.96""",120,119.7369,0.2631
2025-11-11 09:45:00,Aspect,Square,Moon,Cancer,"11°01'04.17""",Venus,Libra,"11°00'19.91""",90,89.9877,0.0123
2025-11-11 09:45:00,Aspect,Trine,Moon,Cancer,"11°01'04.17""",Mars,Scorpio,"10°30'34.36""",120,119.4917,0.5083
2025-11-11 09:45:00,Aspect,Trine,Jupiter,Cancer,"0°55'57.93""",Saturn,Pisces,"1°11'43.84""",120,119.7372,0.2628
2025-11-11 10:00:00,Aspect,Square,Moon,Cancer,"11°09'33.49""",Venus,Libra,"11°01'06.91""",90,89.8593,0.1407
2025-11-11 10:00:00,Aspect,Trine,Moon,Cancer,"11°09'33.49""",Mars,Scorpio,"10°31'01.47""",120,119.3578,0.6422
2025-11-11 10:00:00,Aspect,Trine,Jupiter,Cancer,"0°55'58.00""",Saturn,Pisces,"1°11'42.73""",120,119.7376,0.2624
2025-11-11 10:15:00,Aspect,Square,Moon,Cancer,"11°18'02.63""",Venus,Libra,"11°01'53.91""",90,89.7309,0.2691
2025-11-11 10:15:00,Aspect,Trine,Moon,Cancer,"11°18'02.63""",Mars,Scorpio,"10°31'28.57""",120,119.2239,0.7761
2025-11-11 10:15:00,Aspect,Trine,Jupiter,Cancer,"0°55'58.07""",Saturn,Pisces,"1°11'41.61""",120,119.7379,0.2621
2025-11-11 10:30:00,Aspect,Square,Moon,Cancer,"11°26'31.58""",Venus,Libra,"11°02'40.92""",90,89.6026,0.3974
2025-11-11 10:30:00,Aspect,Trine,Moon,Cancer,"11°26'31.58""",Mars,Scorpio,"10°31'55.68""",120,119.09,0.91
2025-11-11 10:30:00,Aspect,Trine,Jupiter,Cancer,"0°55'58.13""",Saturn,Pisces,"1°11'40.50""",120,119.7382,0.2618
2025-11-11 10:45:00,Aspect,Trine,Moon,Cancer,"11°35'00.36""",Mercury,Scorpio,"12°30'06.31""",120,120.9183,0.9183
2025-11-11 10:45:00,Aspect,Square,Moon,Cancer,"11°35'00.36""",Venus,Libra,"11°03'27.92""",90,89.4743,0.5257
2025-11-11 10:45:00,Aspect,Trine,Jupiter,Cancer,"0°55'58.20""",Saturn,Pisces,"1°11'39.38""",120,119.7386,0.2614
2025-11-11 11:00:00,Aspect,Trine,Moon,Cancer,"11°43'28.95""",Mercury,Scorpio,"12°29'58.42""",120,120.7749,0.7749
2025-11-11 11:00:00,Aspect,Square,Moon,Cancer,"11°43'28.95""",Venus,Libra,"11°04'14.93""",90,89.3461,0.6539
2025-11-11 11:00:00,Aspect,Trine,Jupiter,Cancer,"0°55'58.26""",Saturn,Pisces,"1°11'38.27""",120,119.7389,0.2611
2025-11-11 11:15:00,Aspect,Trine,Moon,Cancer,"11°51'57.35""",Mercury,Scorpio,"12°29'50.46""",120,120.6314,0.6314
2025-11-11 11:15:00,Aspect,Square,Moon,Cancer,"11°51'57.35""",Venus,Libra,"11°05'01.94""",90,89.2179,0.7821
2025-11-11 11:15:00,Aspect,Trine,Jupiter,Cancer,"0°55'58.33""",Saturn,Pisces,"1°11'37.16""",120,119.7392,0.2608
2025-11-11 11:30:00,Aspect,Trine,Moon,Cancer,"12°00'25.58""",Mercury,Scorpio,"12°29'42.44""",120,120.488,0.488
2025-11-11 11:30:00,Aspect,Square,Moon,Cancer,"12°00'25.58""",Venus,Libra,"11°05'48.94""",90,89.0898,0.9102
2025-11-11 11:30:00,Aspect,Trine,Jupiter,Cancer,"0°55'58.39""",Saturn,Pisces,"1°11'36.04""",120,119.7395,0.2605
2025-11-11 11:45:00,Aspect,Trine,Moon,Cancer,"12°08'53.62""",Mercury,Scorpio,"12°29'34.36""",120,120.3446,0.3446
2025-11-11 11:45:00,Aspect,Trine,Jupiter,Cancer,"0°55'58.45""",Saturn,Pisces,"1°11'34.93""",120,119.7399,0.2601
2025-11-11 12:00:00,Aspect,Trine,Moon,Cancer,"12°17'21.49""",Mercury,Scorpio,"12°29'26.22""",120,120.2013,0.2013
2025-11-11 12:00:00,Aspect,Trine,Jupiter,Cancer,"0°55'58.51""",Saturn,Pisces,"1°11'33.82""",120,119.7402,0.2598
2025-11-11 12:15:00,Aspect,Trine,Moon,Cancer,"12°25'49.17""",Mercury,Scorpio,"12°29'18.01""",120,120.058,0.058
2025-11-11 12:15:00,Aspect,Trine,Jupiter,Cancer,"0°55'58.57""",Saturn,Pisces,"1°11'32.71""",120,119.7405,0.2595
2025-11-11 12:30:00,Aspect,Trine,Moon,Cancer,"12°34'16.66""",Mercury,Scorpio,"12°29'09.74""",120,119.9147,0.0853
2025-11-11 12:30:00,Aspect,Trine,Jupiter,Cancer,"0°55'58.63""",Saturn,Pisces,"1°11'31.60""",120,119.7408,0.2592
2025-11-11 12:45:00,Aspect,Trine,Moon,Cancer,"12°42'43.98""",Mercury,Scorpio,"12°29'01.41""",120,119.7715,0.2285
2025-11-11 12:45:00,Aspect,Trine,Jupiter,Cancer,"0°55'58.68""",Saturn,Pisces,"1°11'30.49""",120,119.7412,0.2588
2025-11-11 13:00:00,Aspect,Trine,Moon,Cancer,"12°51'11.12""",Mercury,Scorpio,"12°28'53.01""",120,119.6283,0.3717
2025-11-11 13:00:00,Aspect,Trine,Jupiter,Cancer,"0°55'58.74""",Saturn,Pisces,"1°11'29.38""",120,119.7415,0.2585
2025-11-11 13:15:00,Aspect,Trine,Moon,Cancer,"12°59'38.07""",Mercury,Scorpio,"12°28'44.55""",120,119.4851,0.5149
2025-11-11 13:15:00,Aspect,Trine,Jupiter,Cancer,"0°55'58.79""",Saturn,Pisces,"1°11'28.28""",120,119.7418,0.2582
2025-11-11 13:30:00,Aspect,Trine,Moon,Cancer,"13°08'04.85""",Mercury,Scorpio,"12°28'36.03""",120,119.342,0.658
2025-11-11 13:30:00,Aspect,Trine,Jupiter,Cancer,"0°55'58.84""",Saturn,Pisces,"1°11'27.17""",120,119.7421,0.2579
2025-11-11 13:45:00,Aspect,Trine,Moon,Cancer,"13°16'31.44""",Mercury,Scorpio,"12°28'27.45""",120,119.1989,0.8011
2025-11-11 13:45:00,Aspect,Trine,Jupiter,Cancer,"0°55'58.89""",Saturn,Pisces,"1°11'26.06""",120,119.7425,0.2575
2025-11-11 14:00:00,Aspect,Trine,Moon,Cancer,"13°24'57.85""",Mercury,Scorpio,"12°28'18.80""",120,119.0558,0.9442
2025-11-11 14:00:00,Aspect,Trine,Jupiter,Cancer,"0°55'58.94""",Saturn,Pisces,"1°11'24.96""",120,119.7428,0.2572
2025-11-11 14:15:00,Aspect,Trine,Jupiter,Cancer,"0°55'58.99""",Saturn,Pisces,"1°11'23.85""",120,119.7431,0.2569
2025-11-11 14:30:00,Aspect,Trine,Jupiter,Cancer,"0°55'59.04""",Saturn,Pisces,"1°11'22.75""",120,119.7434,0.2566
2025-11-11 14:45:00,Aspect,Trine,Jupiter,Cancer,"0°55'59.08""",Saturn,Pisces,"1°11'21.64""",120,119.7437,0.2563
2025-11-11 15:00:00,Aspect,Trine,Jupiter,Cancer,"0°55'59.13""",Saturn,Pisces,"1°11'20.54""",120,119.7441,0.2559
2025-11-11 15:15:00,Aspect,Trine,Jupiter,Cancer,"0°55'59.17""",Saturn,Pisces,"1°11'19.43""",120,119.7444,0.2556
2025-11-11 15:30:00,Aspect,Trine,Jupiter,Cancer,"0°55'59.21""",Saturn,Pisces,"1°11'18.33""",120,119.7447,0.2553
2025-11-11 15:45:00,Aspect,Trine,Jupiter,Cancer,"0°55'59.25""",Saturn,Pisces,"1°11'17.23""",120,119.745,0.255
2025-11-11 16:00:00,Aspect,Trine,Jupiter,Cancer,"0°55'59.29""",Saturn,Pisces,"1°11'16.13""",120,119.7453,0.2547
2025-11-11 16:15:00,Aspect,Trine,Jupiter,Cancer,"0°55'59.33""",Saturn,Pisces,"1°11'15.03""",120,119.7456,0.2544
2025-11-11 16:30:00,Aspect,Trine,Jupiter,Cancer,"0°55'59.36""",Saturn,Pisces,"1°11'13.93""",120,119.746,0.254
2025-11-11 16:45:00,Aspect,Trine,Jupiter,Cancer,"0°55'59.40""",Saturn,Pisces,"1°11'12.83""",120,119.7463,0.2537
2025-11-11 17:00:00,Aspect,Trine,Jupiter,Cancer,"0°55'59.43""",Saturn,Pisces,"1°11'11.73""",120,119.7466,0.2534
2025-11-11 17:15:00,Aspect,Trine,Jupiter,Cancer,"0°55'59.47""",Saturn,Pisces,"1°11'10.64""",120,119.7469,0.2531
2025-11-11 17:30:00,Aspect,Trine,Jupiter,Cancer,"0°55'59.50""",Saturn,Pisces,"1°11'09.54""",120,119.7472,0.2528
2025-11-11 17:45:00,Aspect,Trine,Jupiter,Cancer,"0°55'59.53""",Saturn,Pisces,"1°11'08.44""",120,119.7475,0.2525
2025-11-11 18:00:00,Aspect,Trine,Jupiter,Cancer,"0°55'59.55""",Saturn,Pisces,"1°11'07.35""",120,119.7478,0.2522
2025-11-11 18:15:00,Aspect,Trine,Jupiter,Cancer,"0°55'59.58""",Saturn,Pisces,"1°11'06.25""",120,119.7481,0.2519
2025-11-11 18:30:00,Aspect,Trine,Jupiter,Cancer,"0°55'59.61""",Saturn,Pisces,"1°11'05.16""",120,119.7485,0.2515
2025-11-11 18:45:00,Aspect,Trine,Jupiter,Cancer,"0°55'59.63""",Saturn,Pisces,"1°11'04.06""",120,119.7488,0.2512
2025-11-11 19:00:00,Aspect,Trine,Jupiter,Cancer,"0°55'59.66""",Saturn,Pisces,"1°11'02.97""",120,119.7491,0.2509
2025-11-11 19:15:00,Aspect,Trine,Jupiter,Cancer,"0°55'59.68""",Saturn,Pisces,"1°11'01.88""",120,119.7494,0.2506
2025-11-11 19:30:00,Aspect,Trine,Jupiter,Cancer,"0°55'59.70""",Saturn,Pisces,"1°11'00.79""",120,119.7497,0.2503
2025-11-11 19:45:00,Aspect,Trine,Jupiter,Cancer,"0°55'59.72""",Saturn,Pisces,"1°10'59.69""",120,119.75,0.25
2025-11-11 20:00:00,Aspect,Trine,Jupiter,Cancer,"0°55'59.74""",Saturn,Pisces,"1°10'58.60""",120,119.7503,0.2497
2025-11-11 20:15:00,Aspect,Trine,Jupiter,Cancer,"0°55'59.75""",Saturn,Pisces,"1°10'57.51""",120,119.7506,0.2494
2025-11-11 20:30:00,Aspect,Trine,Jupiter,Cancer,"0°55'59.77""",Saturn,Pisces,"1°10'56.42""",120,119.7509,0.2491
2025-11-11 20:45:00,Aspect,Trine,Jupiter,Cancer,"0°55'59.78""",Saturn,Pisces,"1°10'55.34""",120,119.7512,0.2488
2025-11-11 21:00:00,Aspect,Trine,Jupiter,Cancer,"0°55'59.80""",Saturn,Pisces,"1°10'54.25""",120,119.7515,0.2485
2025-11-11 21:15:00,Aspect,Trine,Jupiter,Cancer,"0°55'59.81""",Saturn,Pisces,"1°10'53.16""",120,119.7518,0.2482
2025-11-11 21:30:00,Aspect,Trine,Jupiter,Cancer,"0°55'59.82""",Saturn,Pisces,"1°10'52.07""",120,119.7522,0.2478
2025-11-11 21:45:00,Aspect,Trine,Jupiter,Cancer,"0°55'59.83""",Saturn,Pisces,"1°10'50.99""",120,119.7525,0.2475
2025-11-11 22:00:00,Aspect,Trine,Jupiter,Cancer,"0°55'59.83""",Saturn,Pisces,"1°10'49.90""",120,119.7528,0.2472
2025-11-11 22:15:00,Aspect,Trine,Jupiter,Cancer,"0°55'59.84""",Saturn,Pisces,"1°10'48.82""",120,119.7531,0.2469
2025-11-11 22:30:00,Aspect,Trine,Jupiter,Cancer,"0°55'59.85""",Saturn,Pisces,"1°10'47.73""",120,119.7534,0.2466
2025-11-11 22:45:00,Aspect,Trine,Jupiter,Cancer,"0°55'59.85""",Saturn,Pisces,"1°10'46.65""",120,119.7537,0.2463
2025-11-11 23:00:00,Aspect,Trine,Jupiter,Cancer,"0°55'59.85""",Saturn,Pisces,"1°10'45.57""",120,119.754,0.246
2025-11-11 23:15:00,Aspect,Trine,Jupiter,Cancer,"0°55'59.85""",Saturn,Pisces,"1°10'44.49""",120,119.7543,0.2457
2025-11-11 23:30:00,Aspect,Trine,Jupiter,Cancer,"0°55'59.85""",Saturn,Pisces,"1°10'43.40""",120,119.7546,0.2454
2025-11-11 23:45:00,Aspect,Trine,Jupiter,Cancer,"0°55'59.85""",Saturn,Pisces,"1°10'42.32""",120,119.7549,0.2451
2025-11-12 00:00:00,Aspect,Trine,Jupiter,Cancer,"0°55'59.85""",Saturn,Pisces,"1°10'41.24""",120,119.7552,0.2448
2025-11-12 00:15:00,Aspect,Trine,Jupiter,Cancer,"0°55'59.85""",Saturn,Pisces,"1°10'40.16""",120,119.7555,0.2445
2025-11-12 00:30:00,Aspect,Trine,Jupiter,Cancer,"0°55'59.84""",Saturn,Pisces,"1°10'39.08""",120,119.7558,0.2442
2025-11-12 00:45:00,Aspect,Trine,Jupiter,Cancer,"0°55'59.83""",Saturn,Pisces,"1°10'38.01""",120,119.7561,0.2439
2025-11-12 01:00:00,Aspect,Trine,Jupiter,Cancer,"0°55'59.83""",Saturn,Pisces,"1°10'36.93""",120,119.7564,0.2436
2025-11-12 01:15:00,Aspect,Trine,Jupiter,Cancer,"0°55'59.82""",Saturn,Pisces,"1°10'35.85""",120,119.7567,0.2433
2025-11-12 01:30:00,Aspect,Trine,Jupiter,Cancer,"0°55'59.81""",Saturn,Pisces,"1°10'34.77""",120,119.757,0.243
2025-11-12 01:45:00,Aspect,Trine,Jupiter,Cancer,"0°55'59.79""",Saturn,Pisces,"1°10'33.70""",120,119.7572,0.2428
2025-11-12 02:00:00,Aspect,Trine,Jupiter,Cancer,"0°55'59.78""",Saturn,Pisces,"1°10'32.62""",120,119.7575,0.2425
2025-11-12 02:15:00,Aspect,Trine,Jupiter,Cancer,"0°55'59.77""",Saturn,Pisces,"1°10'31.55""",120,119.7578,0.2422
2025-11-12 02:30:00,Aspect,Trine,Jupiter,Cancer,"0°55'59.75""",Saturn,Pisces,"1°10'30.48""",120,119.7581,0.2419
2025-11-12 02:45:00,Aspect,Trine,Jupiter,Cancer,"0°55'59.73""",Saturn,Pisces,"1°10'29.40""",120,119.7584,0.2416
2025-11-12 03:00:00,Aspect,Trine,Jupiter,Cancer,"0°55'59.72""",Saturn,Pisces,"1°10'28.33""",120,119.7587,0.2413
2025-11-12 03:15:00,Aspect,Trine,Jupiter,Cancer,"0°55'59.70""",Saturn,Pisces,"1°10'27.26""",120,119.759,0.241
2025-11-12 03:30:00,Aspect,Trine,Jupiter,Cancer,"0°55'59.67""",Saturn,Pisces,"1°10'26.19""",120,119.7593,0.2407
2025-11-12 03:45:00,Aspect,Trine,Jupiter,Cancer,"0°55'59.65""",Saturn,Pisces,"1°10'25.12""",120,119.7596,0.2404
2025-11-12 04:00:00,Aspect,Trine,Jupiter,Cancer,"0°55'59.63""",Saturn,Pisces,"1°10'24.05""",120,119.7599,0.2401
2025-11-12 04:15:00,Aspect,Trine,Jupiter,Cancer,"0°55'59.60""",Saturn,Pisces,"1°10'22.98""",120,119.7602,0.2398
2025-11-12 04:30:00,Aspect,Trine,Jupiter,Cancer,"0°55'59.58""",Saturn,Pisces,"1°10'21.91""",120,119.7605,0.2395
2025-11-12 04:45:00,Aspect,Trine,Jupiter,Cancer,"0°55'59.55""",Saturn,Pisces,"1°10'20.84""",120,119.7608,0.2392
2025-11-12 05:00:00,Aspect,Trine,Jupiter,Cancer,"0°55'59.52""",Saturn,Pisces,"1°10'19.77""",120,119.761,0.239
2025-11-12 05:15:00,Aspect,Trine,Jupiter,Cancer,"0°55'59.49""",Saturn,Pisces,"1°10'18.71""",120,119.7613,0.2387
2025-11-12 05:30:00,Aspect,Trine,Jupiter,Cancer,"0°55'59.46""",Saturn,Pisces,"1°10'17.64""",120,119.7616,0.2384
2025-11-12 05:45:00,Aspect,Trine,Jupiter,Cancer,"0°55'59.43""",Saturn,Pisces,"1°10'16.57""",120,119.7619,0.2381
2025-11-12 06:00:00,Aspect,Trine,Jupiter,Cancer,"0°55'59.39""",Saturn,Pisces,"1°10'15.51""",120,119.7622,0.2378
2025-11-12 06:15:00,Aspect,Trine,Jupiter,Cancer,"0°55'59.36""",Saturn,Pisces,"1°10'14.45""",120,119.7625,0.2375
2025-11-12 06:30:00,Aspect,Trine,Jupiter,Cancer,"0°55'59.32""",Saturn,Pisces,"1°10'13.38""",120,119.7628,0.2372
2025-11-12 06:45:00,Aspect,Trine,Jupiter,Cancer,"0°55'59.28""",Saturn,Pisces,"1°10'12.32""",120,119.763,0.237
2025-11-12 07:00:00,Aspect,Trine,Jupiter,Cancer,"0°55'59.25""",Saturn,Pisces,"1°10'11.26""",120,119.7633,0.2367
2025-11-12 07:15:00,Aspect,Trine,Jupiter,Cancer,"0°55'59.20""",Saturn,Pisces,"1°10'10.20""",120,119.7636,0.2364
2025-11-12 07:30:00,Aspect,Trine,Jupiter,Cancer,"0°55'59.16""",Saturn,Pisces,"1°10'09.13""",120,119.7639,0.2361
2025-11-12 07:45:00,Aspect,Trine,Jupiter,Cancer,"0°55'59.12""",Saturn,Pisces,"1°10'08.07""",120,119.7642,0.2358
2025-11-12 08:00:00,Aspect,Trine,Jupiter,Cancer,"0°55'59.08""",Saturn,Pisces,"1°10'07.01""",120,119.7645,0.2355
2025-11-12 08:15:00,Aspect,Trine,Jupiter,Cancer,"0°55'59.03""",Saturn,Pisces,"1°10'05.96""",120,119.7647,0.2353
2025-11-12 08:30:00,Aspect,Trine,Jupiter,Cancer,"0°55'58.98""",Saturn,Pisces,"1°10'04.90""",120,119.765,0.235
2025-11-12 08:45:00,Aspect,Trine,Jupiter,Cancer,"0°55'58.93""",Saturn,Pisces,"1°10'03.84""",120,119.7653,0.2347
2025-11-12 09:00:00,Aspect,Trine,Jupiter,Cancer,"0°55'58.88""",Saturn,Pisces,"1°10'02.78""",120,119.7656,0.2344
2025-11-12 09:15:00,Aspect,Trine,Jupiter,Cancer,"0°55'58.83""",Saturn,Pisces,"1°10'01.73""",120,119.7659,0.2341
2025-11-12 09:30:00,Aspect,Trine,Jupiter,Cancer,"0°55'58.78""",Saturn,Pisces,"1°10'00.67""",120,119.7661,0.2339
2025-11-12 09:45:00,Aspect,Conjunction,Mercury,Scorpio,"12°13'34.24""",Mars,Scorpio,"11°13'58.16""",0,0.9934,0.9934
2025-11-12 09:45:00,Aspect,Trine,Jupiter,Cancer,"0°55'58.73""",Saturn,Pisces,"1°09'59.62""",120,119.7664,0.2336
2025-11-12 10:00:00,Aspect,Conjunction,Mercury,Scorpio,"12°13'20.46""",Mars,Scorpio,"11°14'25.30""",0,0.982,0.982
2025-11-12 10:00:00,Aspect,Trine,Jupiter,Cancer,"0°55'58.67""",Saturn,Pisces,"1°09'58.56""",120,119.7667,0.2333
2025-11-12 10:15:00,Aspect,Conjunction,Mercury,Scorpio,"12°13'06.62""",Mars,Scorpio,"11°14'52.45""",0,0.9706,0.9706
2025-11-12 10:15:00,Aspect,Trine,Jupiter,Cancer,"0°55'58.62""",Saturn,Pisces,"1°09'57.51""",120,119.767,0.233
2025-11-12 10:30:00,Aspect,Square,Sun,Libra,"25°46'43.43""",Moon,Cancer,"24°47'08.39""",90,90.9931,0.9931
2025-11-12 10:30:00,Aspect,Conjunction,Mercury,Scorpio,"12°12'52.71""",Mars,Scorpio,"11°15'19.59""",0,0.9592,0.9592
2025-11-12 10:30:00,Aspect,Trine,Jupiter,Cancer,"0°55'58.56""",Saturn,Pisces,"1°09'56.45""",120,119.7673,0.2327
2025-11-12 10:45:00,Aspect,Square,Sun,Libra,"25°47'21.14""",Moon,Cancer,"24°55'20.54""",90,90.8668,0.8668
2025-11-12 10:45:00,Aspect,Conjunction,Mercury,Scorpio,"12°12'38.74""",Mars,Scorpio,"11°15'46.73""",0,0.9478,0.9478
2025-11-12 10:45:00,Aspect,Trine,Jupiter,Cancer,"0°55'58.50""",Saturn,Pisces,"1°09'55.40""",120,119.7675,0.2325
2025-11-12 11:00:00,Aspect,Square,Sun,Libra,"25°47'58.86""",Moon,Cancer,"25°03'32.53""",90,90.7406,0.7406
2025-11-12 11:00:00,Aspect,Conjunction,Mercury,Scorpio,"12°12'24.70""",Mars,Scorpio,"11°16'13.88""",0,0.9363,0.9363
2025-11-12 11:00:00,Aspect,Trine,Jupiter,Cancer,"0°55'58.44""",Saturn,Pisces,"1°09'54.35""",120,119.7678,0.2322
2025-11-12 11:15:00,Aspect,Square,Sun,Libra,"25°48'36.57""",Moon,Cancer,"25°11'44.36""",90,90.6145,0.6145
2025-11-12 11:15:00,Aspect,Conjunction,Mercury,Scorpio,"12°12'10.60""",Mars,Scorpio,"11°16'41.02""",0,0.9249,0.9249
2025-11-12 11:15:00,Aspect,Trine,Jupiter,Cancer,"0°55'58.38""",Saturn,Pisces,"1°09'53.30""",120,119.7681,0.2319
2025-11-12 11:30:00,Aspect,Square,Sun,Libra,"25°49'14.28""",Moon,Cancer,"25°19'56.02""",90,90.4884,0.4884
2025-11-12 11:30:00,Aspect,Conjunction,Mercury,Scorpio,"12°11'56.43""",Mars,Scorpio,"11°17'08.16""",0,0.9134,0.9134
2025-11-12 11:30:00,Aspect,Trine,Jupiter,Cancer,"0°55'58.32""",Saturn,Pisces,"1°09'52.25""",120,119.7684,0.2316
2025-11-12 11:45:00,Aspect,Square,Sun,Libra,"25°49'52.00""",Moon,Cancer,"25°28'07.53""",90,90.3624,0.3624
2025-11-12 11:45:00,Aspect,Conjunction,Mercury,Scorpio,"12°11'42.20""",Mars,Scorpio,"11°17'35.31""",0,0.9019,0.9019
2025-11-12 11:45:00,Aspect,Trine,Jupiter,Cancer,"0°55'58.25""",Saturn,Pisces,"1°09'51.20""",120,119.7686,0.2314
2025-11-12 12:00:00,Aspect,Square,Sun,Libra,"25°50'29.71""",Moon,Cancer,"25°36'18.87""",90,90.2363,0.2363
2025-11-12 12:00:00,Aspect,Conjunction,Mercury,Scorpio,"12°11'27.90""",Mars,Scorpio,"11°18'02.45""",0,0.8904,0.8904
2025-11-12 12:00:00,Aspect,Trine,Jupiter,Cancer,"0°55'58.19""",Saturn,Pisces,"1°09'50.15""",120,119.7689,0.2311
2025-11-12 12:15:00,Aspect,Square,Sun,Libra,"25°51'07.42""",Moon,Cancer,"25°44'30.06""",90,90.1104,0.1104
2025-11-12 12:15:00,Aspect,Conjunction,Mercury,Scorpio,"12°11'13.54""",Mars,Scorpio,"11°18'29.60""",0,0.8789,0.8789
2025-11-12 12:15:00,Aspect,Trine,Jupiter,Cancer,"0°55'58.12""",Saturn,Pisces,"1°09'49.10""",120,119.7692,0.2308
2025-11-12 12:30:00,Aspect,Square,Sun,Libra,"25°51'45.14""",Moon,Cancer,"25°52'41.08""",90,89.9845,0.0155
2025-11-12 12:30:00,Aspect,Conjunction,Mercury,Scorpio,"12°10'59.11""",Mars,Scorpio,"11°18'56.75""",0,0.8673,0.8673
2025-11-12 12:30:00,Aspect,Trine,Jupiter,Cancer,"0°55'58.05""",Saturn,Pisces,"1°09'48.05""",120,119.7694,0.2306
2025-11-12 12:45:00,Aspect,Square,Sun,Libra,"25°52'22.85""",Moon,Cancer,"26°00'51.94""",90,89.8586,0.1414
2025-11-12 12:45:00,Aspect,Conjunction,Mercury,Scorpio,"12°10'44.61""",Mars,Scorpio,"11°19'23.89""",0,0.8558,0.8558
2025-11-12 12:45:00,Aspect,Trine,Jupiter,Cancer,"0°55'57.98""",Saturn,Pisces,"1°09'47.00""",120,119.7697,0.2303
2025-11-12 13:00:00,Aspect,Square,Sun,Libra,"25°53'00.57""",Moon,Cancer,"26°09'02.65""",90,89.7328,0.2672
2025-11-12 13:00:00,Aspect,Conjunction,Mercury,Scorpio,"12°10'30.05""",Mars,Scorpio,"11°19'51.04""",0,0.8442,0.8442
2025-11-12 13:00:00,Aspect,Trine,Jupiter,Cancer,"0°55'57.91""",Saturn,Pisces,"1°09'45.96""",120,119.77,0.23
2025-11-12 13:15:00,Aspect,Square,Sun,Libra,"25°53'38.28""",Moon,Cancer,"26°17'13.19""",90,89.607,0.393
2025-11-12 13:15:00,Aspect,Conjunction,Mercury,Scorpio,"12°10'15.43""",Mars,Scorpio,"11°20'18.19""",0,0.8326,0.8326
2025-11-12 13:15:00,Aspect,Trine,Jupiter,Cancer,"0°55'57.84""",Saturn,Pisces,"1°09'44.91""",120,119.7703,0.2297
2025-11-12 13:30:00,Aspect,Square,Sun,Libra,"25°54'16.00""",Moon,Cancer,"26°25'23.58""",90,89.4812,0.5188
2025-11-12 13:30:00,Aspect,Conjunction,Mercury,Scorpio,"12°10'00.73""",Mars,Scorpio,"11°20'45.33""",0,0.8209,0.8209
2025-11-12 13:30:00,Aspect,Trine,Jupiter,Cancer,"0°55'57.77""",Saturn,Pisces,"1°09'43.87""",120,119.7705,0.2295
2025-11-12 13:45:00,Aspect,Square,Sun,Libra,"25°54'53.71""",Moon,Cancer,"26°33'33.80""",90,89.3555,0.6445
2025-11-12 13:45:00,Aspect,Conjunction,Mercury,Scorpio,"12°09'45.98""",Mars,Scorpio,"11°21'12.48""",0,0.8093,0.8093
2025-11-12 13:45:00,Aspect,Trine,Jupiter,Cancer,"0°55'57.70""",Saturn,Pisces,"1°09'42.82""",120,119.7708,0.2292
2025-11-12 14:00:00,Aspect,Square,Sun,Libra,"25°55'31.43""",Moon,Cancer,"26°41'43.87""",90,89.2299,0.7701
2025-11-12 14:00:00,Aspect,Conjunction,Mercury,Scorpio,"12°09'31.16""",Mars,Scorpio,"11°21'39.63""",0,0.7976,0.7976
2025-11-12 14:00:00,Aspect,Trine,Jupiter,Cancer,"0°55'57.62""",Saturn,Pisces,"1°09'41.78""",120,119.7711,0.2289
2025-11-12 14:15:00,Aspect,Square,Sun,Libra,"25°56'09.14""",Moon,Cancer,"26°49'53.78""",90,89.1043,0.8957
2025-11-12 14:15:00,Aspect,Conjunction,Mercury,Scorpio,"12°09'16.27""",Mars,Scorpio,"11°22'06.78""",0,0.786,0.786
2025-11-12 14:15:00,Aspect,Trine,Jupiter,Cancer,"0°55'57.54""",Saturn,Pisces,"1°09'40.73""",120,119.7713,0.2287
2025-11-12 14:30:00,Aspect,Conjunction,Mercury,Scorpio,"12°09'01.32""",Mars,Scorpio,"11°22'33.93""",0,0.7743,0.7743
2025-11-12 14:30:00,Aspect,Trine,Jupiter,Cancer,"0°55'57.46""",Saturn,Pisces,"1°09'39.69""",120,119.7716,0.2284
2025-11-12 14:45:00,Aspect,Conjunction,Mercury,Scorpio,"12°08'46.30""",Mars,Scorpio,"11°23'01.08""",0,0.7626,0.7626
2025-11-12 14:45:00,Aspect,Trine,Jupiter,Cancer,"0°55'57.38""",Saturn,Pisces,"1°09'38.65""",120,119.7719,0.2281
2025-11-12 15:00:00,Aspect,Conjunction,Mercury,Scorpio,"12°08'31.21""",Mars,Scorpio,"11°23'28.23""",0,0.7508,0.7508
2025-11-12 15:00:00,Aspect,Trine,Jupiter,Cancer,"0°55'57.30""",Saturn,Pisces,"1°09'37.61""",120,119.7721,0.2279
2025-11-12 15:15:00,Aspect,Conjunction,Mercury,Scorpio,"12°08'16.06""",Mars,Scorpio,"11°23'55.38""",0,0.7391,0.7391
2025-11-12 15:15:00,Aspect,Trine,Jupiter,Cancer,"0°55'57.22""",Saturn,Pisces,"1°09'36.57""",120,119.7724,0.2276
2025-11-12 15:30:00,Aspect,Conjunction,Mercury,Scorpio,"12°08'00.85""",Mars,Scorpio,"11°24'22.53""",0,0.7273,0.7273
2025-11-12 15:30:00,Aspect,Trine,Jupiter,Cancer,"0°55'57.14""",Saturn,Pisces,"1°09'35.53""",120,119.7727,0.2273
2025-11-12 15:45:00,Aspect,Conjunction,Mercury,Scorpio,"12°07'45.57""",Mars,Scorpio,"11°24'49.68""",0,0.7155,0.7155
2025-11-12 15:45:00,Aspect,Trine,Jupiter,Cancer,"0°55'57.05""",Saturn,Pisces,"1°09'34.49""",120,119.7729,0.2271
2025-11-12 16:00:00,Aspect,Conjunction,Mercury,Scorpio,"12°07'30.22""",Mars,Scorpio,"11°25'16.83""",0,0.7037,0.7037
2025-11-12 16:00:00,Aspect,Trine,Jupiter,Cancer,"0°55'56.97""",Saturn,Pisces,"1°09'33.45""",120,119.7732,0.2268
2025-11-12 16:15:00,Aspect,Conjunction,Mercury,Scorpio,"12°07'14.81""",Mars,Scorpio,"11°25'43.98""",0,0.6919,0.6919
2025-11-12 16:15:00,Aspect,Trine,Jupiter,Cancer,"0°55'56.88""",Saturn,Pisces,"1°09'32.41""",120,119.7735,0.2265
2025-11-12 16:30:00,Aspect,Conjunction,Mercury,Scorpio,"12°06'59.33""",Mars,Scorpio,"11°26'11.14""",0,0.6801,0.6801
2025-11-12 16:30:00,Aspect,Trine,Jupiter,Cancer,"0°55'56.79""",Saturn,Pisces,"1°09'31.37""",120,119.7737,0.2263
2025-11-12 16:45:00,Aspect,Conjunction,Mercury,Scorpio,"12°06'43.79""",Mars,Scorpio,"11°26'38.29""",0,0.6682,0.6682
2025-11-12 16:45:00,Aspect,Trine,Jupiter,Cancer,"0°55'56.70""",Saturn,Pisces,"1°09'30.34""",120,119.774,0.226
2025-11-12 17:00:00,Aspect,Conjunction,Mercury,Scorpio,"12°06'28.18""",Mars,Scorpio,"11°27'05.44""",0,0.6563,0.6563
2025-11-12 17:00:00,Aspect,Trine,Jupiter,Cancer,"0°55'56.61""",Saturn,Pisces,"1°09'29.30""",120,119.7743,0.2257
2025-11-12 17:15:00,Aspect,Conjunction,Mercury,Scorpio,"12°06'12.50""",Mars,Scorpio,"11°27'32.60""",0,0.6444,0.6444
2025-11-12 17:15:00,Aspect,Trine,Jupiter,Cancer,"0°55'56.52""",Saturn,Pisces,"1°09'28.26""",120,119.7745,0.2255
2025-11-12 17:30:00,Aspect,Conjunction,Mercury,Scorpio,"12°05'56.76""",Mars,Scorpio,"11°27'59.75""",0,0.6325,0.6325
2025-11-12 17:30:00,Aspect,Trine,Jupiter,Cancer,"0°55'56.42""",Saturn,Pisces,"1°09'27.23""",120,119.7748,0.2252
2025-11-12 17:45:00,Aspect,Conjunction,Mercury,Scorpio,"12°05'40.96""",Mars,Scorpio,"11°28'26.90""",0,0.6206,0.6206
2025-11-12 17:45:00,Aspect,Trine,Jupiter,Cancer,"0°55'56.33""",Saturn,Pisces,"1°09'26.19""",120,119.775,0.225
2025-11-12 18:00:00,Aspect,Conjunction,Mercury,Scorpio,"12°05'25.08""",Mars,Scorpio,"11°28'54.06""",0,0.6086,0.6086
2025-11-12 18:00:00,Aspect,Trine,Jupiter,Cancer,"0°55'56.23""",Saturn,Pisces,"1°09'25.16""",120,119.7753,0.2247
2025-11-12 18:15:00,Aspect,Conjunction,Mercury,Scorpio,"12°05'09.15""",Mars,Scorpio,"11°29'21.21""",0,0.5966,0.5966
2025-11-12 18:15:00,Aspect,Trine,Jupiter,Cancer,"0°55'56.13""",Saturn,Pisces,"1°09'24.13""",120,119.7756,0.2244
2025-11-12 18:30:00,Aspect,Conjunction,Mercury,Scorpio,"12°04'53.14""",Mars,Scorpio,"11°29'48.37""",0,0.5847,0.5847
2025-11-12 18:30:00,Aspect,Trine,Jupiter,Cancer,"0°55'56.03""",Saturn,Pisces,"1°09'23.10""",120,119.7758,0.2242
2025-11-12 18:45:00,Aspect,Conjunction,Mercury,Scorpio,"12°04'37.07""",Mars,Scorpio,"11°30'15.53""",0,0.5727,0.5727
2025-11-12 18:45:00,Aspect,Trine,Jupiter,Cancer,"0°55'55.93""",Saturn,Pisces,"1°09'22.06""",120,119.7761,0.2239
2025-11-12 19:00:00,Aspect,Conjunction,Mercury,Scorpio,"12°04'20.94""",Mars,Scorpio,"11°30'42.68""",0,0.5606,0.5606
2025-11-12 19:00:00,Aspect,Trine,Jupiter,Cancer,"0°55'55.83""",Saturn,Pisces,"1°09'21.03""",120,119.7763,0.2237
2025-11-12 19:15:00,Aspect,Conjunction,Mercury,Scorpio,"12°04'04.73""",Mars,Scorpio,"11°31'09.84""",0,0.5486,0.5486
2025-11-12 19:15:00,Aspect,Trine,Jupiter,Cancer,"0°55'55.73""",Saturn,Pisces,"1°09'20.00""",120,119.7766,0.2234
2025-11-12 19:30:00,Aspect,Conjunction,Mercury,Scorpio,"12°03'48.47""",Mars,Scorpio,"11°31'37.00""",0,0.5365,0.5365
2025-11-12 19:30:00,Aspect,Trine,Jupiter,Cancer,"0°55'55.63""",Saturn,Pisces,"1°09'18.97""",120,119.7768,0.2232
2025-11-12 19:45:00,Aspect,Conjunction,Mercury,Scorpio,"12°03'32.13""",Mars,Scorpio,"11°32'04.15""",0,0.5244,0.5244
2025-11-12 19:45:00,Aspect,Trine,Jupiter,Cancer,"0°55'55.52""",Saturn,Pisces,"1°09'17.94""",120,119.7771,0.2229
2025-11-12 20:00:00,Aspect,Conjunction,Mercury,Scorpio,"12°03'15.74""",Mars,Scorpio,"11°32'31.31""",0,0.5123,0.5123
2025-11-12 20:00:00,Aspect,Trine,Jupiter,Cancer,"0°55'55.41""",Saturn,Pisces,"1°09'16.91""",120,119.7774,0.2226
2025-11-12 20:15:00,Aspect,Conjunction,Mercury,Scorpio,"12°02'59.27""",Mars,Scorpio,"11°32'58.47""",0,0.5002,0.5002
2025-11-12 20:15:00,Aspect,Trine,Jupiter,Cancer,"0°55'55.30""",Saturn,Pisces,"1°09'15.89""",120,119.7776,0.2224
2025-11-12 20:30:00,Aspect,Conjunction,Mercury,Scorpio,"12°02'42.74""",Mars,Scorpio,"11°33'25.63""",0,0.4881,0.4881
2025-11-12 20:30:00,Aspect,Trine,Jupiter,Cancer,"0°55'55.19""",Saturn,Pisces,"1°09'14.86""",120,119.7779,0.2221
2025-11-12 20:45:00,Aspect,Conjunction,Mercury,Scorpio,"12°02'26.14""",Mars,Scorpio,"11°33'52.79""",0,0.4759,0.4759
2025-11-12 20:45:00,Aspect,Trine,Jupiter,Cancer,"0°55'55.08""",Saturn,Pisces,"1°09'13.83""",120,119.7781,0.2219
2025-11-12 21:00:00,Aspect,Conjunction,Mercury,Scorpio,"12°02'09.48""",Mars,Scorpio,"11°34'19.95""",0,0.4638,0.4638
2025-11-12 21:00:00,Aspect,Trine,Jupiter,Cancer,"0°55'54.97""",Saturn,Pisces,"1°09'12.81""",120,119.7784,0.2216
2025-11-12 21:15:00,Aspect,Conjunction,Mercury,Scorpio,"12°01'52.75""",Mars,Scorpio,"11°34'47.11""",0,0.4516,0.4516
2025-11-12 21:15:00,Aspect,Trine,Jupiter,Cancer,"0°55'54.86""",Saturn,Pisces,"1°09'11.78""",120,119.7786,0.2214
2025-11-12 21:30:00,Aspect,Conjunction,Mercury,Scorpio,"12°01'35.96""",Mars,Scorpio,"11°35'14.27""",0,0.4394,0.4394
2025-11-12 21:30:00,Aspect,Trine,Jupiter,Cancer,"0°55'54.74""",Saturn,Pisces,"1°09'10.76""",120,119.7789,0.2211
2025-11-12 21:45:00,Aspect,Conjunction,Mercury,Scorpio,"12°01'19.10""",Mars,Scorpio,"11°35'41.43""",0,0.4271,0.4271
2025-11-12 21:45:00,Aspect,Trine,Jupiter,Cancer,"0°55'54.63""",Saturn,Pisces,"1°09'09.73""",120,119.7791,0.2209
2025-11-12 22:00:00,Aspect,Conjunction,Mercury,Scorpio,"12°01'02.17""",Mars,Scorpio,"11°36'08.59""",0,0.4149,0.4149
2025-11-12 22:00:00,Aspect,Trine,Jupiter,Cancer,"0°55'54.51""",Saturn,Pisces,"1°09'08.71""",120,119.7794,0.2206
2025-11-12 22:15:00,Aspect,Conjunction,Mercury,Scorpio,"12°00'45.18""",Mars,Scorpio,"11°36'35.75""",0,0.4026,0.4026
2025-11-12 22:15:00,Aspect,Trine,Jupiter,Cancer,"0°55'54.39""",Saturn,Pisces,"1°09'07.69""",120,119.7796,0.2204
2025-11-12 22:30:00,Aspect,Conjunction,Mercury,Scorpio,"12°00'28.12""",Mars,Scorpio,"11°37'02.91""",0,0.3903,0.3903
2025-11-12 22:30:00,Aspect,Trine,Jupiter,Cancer,"0°55'54.27""",Saturn,Pisces,"1°09'06.67""",120,119.7799,0.2201
2025-11-12 22:45:00,Aspect,Conjunction,Mercury,Scorpio,"12°00'10.99""",Mars,Scorpio,"11°37'30.07""",0,0.378,0.378
2025-11-12 22:45:00,Aspect,Trine,Jupiter,Cancer,"0°55'54.15""",Saturn,Pisces,"1°09'05.64""",120,119.7801,0.2199
2025-11-12 23:00:00,Aspect,Conjunction,Mercury,Scorpio,"11°59'53.80""",Mars,Scorpio,"11°37'57.24""",0,0.3657,0.3657
2025-11-12 23:00:00,Aspect,Trine,Jupiter,Cancer,"0°55'54.03""",Saturn,Pisces,"1°09'04.62""",120,119.7804,0.2196
2025-11-12 23:15:00,Aspect,Conjunction,Mercury,Scorpio,"11°59'36.54""",Mars,Scorpio,"11°38'24.40""",0,0.3534,0.3534
2025-11-12 23:15:00,Aspect,Trine,Jupiter,Cancer,"0°55'53.90""",Saturn,Pisces,"1°09'03.60""",120,119.7806,0.2194
2025-11-12 23:30:00,Aspect,Conjunction,Mercury,Scorpio,"11°59'19.22""",Mars,Scorpio,"11°38'51.56""",0,0.341,0.341
2025-11-12 23:30:00,Aspect,Trine,Jupiter,Cancer,"0°55'53.78""",Saturn,Pisces,"1°09'02.58""",120,119.7809,0.2191
2025-11-12 23:45:00,Aspect,Conjunction,Mercury,Scorpio,"11°59'01.83""",Mars,Scorpio,"11°39'18.73""",0,0.3286,0.3286
2025-11-12 23:45:00,Aspect,Trine,Jupiter,Cancer,"0°55'53.65""",Saturn,Pisces,"1°09'01.57""",120,119.7811,0.2189
2025-11-13 00:00:00,Aspect,Conjunction,Mercury,Scorpio,"11°58'44.38""",Mars,Scorpio,"11°39'45.89""",0,0.3162,0.3162
2025-11-13 00:00:00,Aspect,Trine,Jupiter,Cancer,"0°55'53.52""",Saturn,Pisces,"1°09'00.55""",120,119.7814,0.2186
2025-11-13 00:15:00,Aspect,Conjunction,Mercury,Scorpio,"11°58'26.85""",Mars,Scorpio,"11°40'13.06""",0,0.3038,0.3038
2025-11-13 00:15:00,Aspect,Trine,Jupiter,Cancer,"0°55'53.40""",Saturn,Pisces,"1°08'59.53""",120,119.7816,0.2184
2025-11-13 00:30:00,Aspect,Conjunction,Mercury,Scorpio,"11°58'09.27""",Mars,Scorpio,"11°40'40.22""",0,0.2914,0.2914
2025-11-13 00:30:00,Aspect,Trine,Jupiter,Cancer,"0°55'53.26""",Saturn,Pisces,"1°08'58.51""",120,119.7819,0.2181
2025-11-13 00:45:00,Aspect,Conjunction,Mercury,Scorpio,"11°57'51.61""",Mars,Scorpio,"11°41'07.39""",0,0.279,0.279
2025-11-13 00:45:00,Aspect,Trine,Jupiter,Cancer,"0°55'53.13""",Saturn,Pisces,"1°08'57.50""",120,119.7821,0.2179
2025-11-13 01:00:00,Aspect,Conjunction,Mercury,Scorpio,"11°57'33.89""",Mars,Scorpio,"11°41'34.55""",0,0.2665,0.2665
2025-11-13 01:00:00,Aspect,Trine,Jupiter,Cancer,"0°55'53.00""",Saturn,Pisces,"1°08'56.48""",120,119.7824,0.2176
2025-11-13 01:15:00,Aspect,Conjunction,Mercury,Scorpio,"11°57'16.10""",Mars,Scorpio,"11°42'01.72""",0,0.254,0.254
2025-11-13 01:15:00,Aspect,Trine,Jupiter,Cancer,"0°55'52.87""",Saturn,Pisces,"1°08'55.47""",120,119.7826,0.2174
2025-11-13 01:30:00,Aspect,Conjunction,Mercury,Scorpio,"11°56'58.25""",Mars,Scorpio,"11°42'28.89""",0,0.2415,0.2415
2025-11-13 01:30:00,Aspect,Trine,Jupiter,Cancer,"0°55'52.73""",Saturn,Pisces,"1°08'54.45""",120,119.7829,0.2171
2025-11-13 01:45:00,Aspect,Conjunction,Mercury,Scorpio,"11°56'40.33""",Mars,Scorpio,"11°42'56.05""",0,0.229,0.229
2025-11-13 01:45:00,Aspect,Trine,Jupiter,Cancer,"0°55'52.59""",Saturn,Pisces,"1°08'53.44""",120,119.7831,0.2169
2025-11-13 02:00:00,Aspect,Conjunction,Mercury,Scorpio,"11°56'22.35""",Mars,Scorpio,"11°43'23.22""",0,0.2164,0.2164
2025-11-13 02:00:00,Aspect,Trine,Jupiter,Cancer,"0°55'52.45""",Saturn,Pisces,"1°08'52.43""",120,119.7833,0.2167
2025-11-13 02:15:00,Aspect,Conjunction,Mercury,Scorpio,"11°56'04.30""",Mars,Scorpio,"11°43'50.39""",0,0.2039,0.2039
2025-11-13 02:15:00,Aspect,Trine,Jupiter,Cancer,"0°55'52.32""",Saturn,Pisces,"1°08'51.41""",120,119.7836,0.2164
2025-11-13 02:30:00,Aspect,Conjunction,Mercury,Scorpio,"11°55'46.18""",Mars,Scorpio,"11°44'17.56""",0,0.1913,0.1913
2025-11-13 02:30:00,Aspect,Trine,Jupiter,Cancer,"0°55'52.17""",Saturn,Pisces,"1°08'50.40""",120,119.7838,0.2162
2025-11-13 02:45:00,Aspect,Conjunction,Mercury,Scorpio,"11°55'28.00""",Mars,Scorpio,"11°44'44.72""",0,0.1787,0.1787
2025-11-13 02:45:00,Aspect,Trine,Jupiter,Cancer,"0°55'52.03""",Saturn,Pisces,"1°08'49.39""",120,119.7841,0.2159
2025-11-13 03:00:00,Aspect,Conjunction,Mercury,Scorpio,"11°55'09.75""",Mars,Scorpio,"11°45'11.89""",0,0.1661,0.1661
2025-11-13 03:00:00,Aspect,Trine,Jupiter,Cancer,"0°55'51.89""",Saturn,Pisces,"1°08'48.38""",120,119.7843,0.2157
2025-11-13 03:15:00,Aspect,Conjunction,Mercury,Scorpio,"11°54'51.43""",Mars,Scorpio,"11°45'39.06""",0,0.1534,0.1534
2025-11-13 03:15:00,Aspect,Trine,Jupiter,Cancer,"0°55'51.74""",Saturn,Pisces,"1°08'47.37""",120,119.7845,0.2155
2025-11-13 03:30:00,Aspect,Conjunction,Mercury,Scorpio,"11°54'33.05""",Mars,Scorpio,"11°46'06.23""",0,0.1408,0.1408
2025-11-13 03:30:00,Aspect,Trine,Jupiter,Cancer,"0°55'51.60""",Saturn,Pisces,"1°08'46.36""",120,119.7848,0.2152
2025-11-13 03:45:00,Aspect,Conjunction,Mercury,Scorpio,"11°54'14.60""",Mars,Scorpio,"11°46'33.40""",0,0.1281,0.1281
2025-11-13 03:45:00,Aspect,Trine,Jupiter,Cancer,"0°55'51.45""",Saturn,Pisces,"1°08'45.35""",120,119.785,0.215
2025-11-13 04:00:00,Aspect,Conjunction,Mercury,Scorpio,"11°53'56.08""",Mars,Scorpio,"11°47'00.57""",0,0.1154,0.1154
2025-11-13 04:00:00,Aspect,Trine,Jupiter,Cancer,"0°55'51.30""",Saturn,Pisces,"1°08'44.35""",120,119.7853,0.2147
2025-11-13 04:15:00,Aspect,Conjunction,Mercury,Scorpio,"11°53'37.50""",Mars,Scorpio,"11°47'27.74""",0,0.1027,0.1027
2025-11-13 04:15:00,Aspect,Trine,Jupiter,Cancer,"0°55'51.15""",Saturn,Pisces,"1°08'43.34""",120,119.7855,0.2145
2025-11-13 04:30:00,Aspect,Conjunction,Mercury,Scorpio,"11°53'18.85""",Mars,Scorpio,"11°47'54.92""",0,0.09,0.09
2025-11-13 04:30:00,Aspect,Trine,Jupiter,Cancer,"0°55'51.00""",Saturn,Pisces,"1°08'42.33""",120,119.7857,0.2143
2025-11-13 04:45:00,Aspect,Conjunction,Mercury,Scorpio,"11°53'00.14""",Mars,Scorpio,"11°48'22.09""",0,0.0772,0.0772
2025-11-13 04:45:00,Aspect,Trine,Jupiter,Cancer,"0°55'50.85""",Saturn,Pisces,"1°08'41.33""",120,119.786,0.214
2025-11-13 05:00:00,Aspect,Conjunction,Mercury,Scorpio,"11°52'41.36""",Mars,Scorpio,"11°48'49.26""",0,0.0645,0.0645
2025-11-13 05:00:00,Aspect,Trine,Jupiter,Cancer,"0°55'50.69""",Saturn,Pisces,"1°08'40.32""",120,119.7862,0.2138
2025-11-13 05:15:00,Aspect,Conjunction,Mercury,Scorpio,"11°52'22.51""",Mars,Scorpio,"11°49'16.43""",0,0.0517,0.0517
2025-11-13 05:15:00,Aspect,Trine,Jupiter,Cancer,"0°55'50.54""",Saturn,Pisces,"1°08'39.32""",120,119.7865,0.2135
2025-11-13 05:30:00,Aspect,Conjunction,Mercury,Scorpio,"11°52'03.60""",Mars,Scorpio,"11°49'43.61""",0,0.0389,0.0389
2025-11-13 05:30:00,Aspect,Trine,Jupiter,Cancer,"0°55'50.38""",Saturn,Pisces,"1°08'38.31""",120,119.7867,0.2133
2025-11-13 05:45:00,Aspect,Conjunction,Mercury,Scorpio,"11°51'44.62""",Mars,Scorpio,"11°50'10.78""",0,0.0261,0.0261
2025-11-13 05:45:00,Aspect,Trine,Jupiter,Cancer,"0°55'50.22""",Saturn,Pisces,"1°08'37.31""",120,119.7869,0.2131
2025-11-13 06:00:00,Aspect,Conjunction,Mercury,Scorpio,"11°51'25.57""",Mars,Scorpio,"11°50'37.95""",0,0.0132,0.0132
2025-11-13 06:00:00,Aspect,Trine,Jupiter,Cancer,"0°55'50.06""",Saturn,Pisces,"1°08'36.31""",120,119.7872,0.2128
2025-11-13 06:15:00,Aspect,Conjunction,Mercury,Scorpio,"11°51'06.46""",Mars,Scorpio,"11°51'05.13""",0,0.0004,0.0004
2025-11-13 06:15:00,Aspect,Trine,Jupiter,Cancer,"0°55'49.90""",Saturn,Pisces,"1°08'35.31""",120,119.7874,0.2126
2025-11-13 06:30:00,Aspect,Conjunction,Mercury,Scorpio,"11°50'47.28""",Mars,Scorpio,"11°51'32.30""",0,0.0125,0.0125
2025-11-13 06:30:00,Aspect,Trine,Jupiter,Cancer,"0°55'49.74""",Saturn,Pisces,"1°08'34.31""",120,119.7876,0.2124
2025-11-13 06:45:00,Aspect,Conjunction,Mercury,Scorpio,"11°50'28.03""",Mars,Scorpio,"11°51'59.48""",0,0.0254,0.0254
2025-11-13 06:45:00,Aspect,Trine,Jupiter,Cancer,"0°55'49.58""",Saturn,Pisces,"1°08'33.31""",120,119.7879,0.2121
2025-11-13 07:00:00,Aspect,Conjunction,Mercury,Scorpio,"11°50'08.72""",Mars,Scorpio,"11°52'26.65""",0,0.0383,0.0383
2025-11-13 07:00:00,Aspect,Trine,Jupiter,Cancer,"0°55'49.42""",Saturn,Pisces,"1°08'32.31""",120,119.7881,0.2119
2025-11-13 07:15:00,Aspect,Conjunction,Mercury,Scorpio,"11°49'49.34""",Mars,Scorpio,"11°52'53.83""",0,0.0512,0.0512
2025-11-13 07:15:00,Aspect,Trine,Jupiter,Cancer,"0°55'49.25""",Saturn,Pisces,"1°08'31.31""",120,119.7883,0.2117
2025-11-13 07:30:00,Aspect,Conjunction,Mercury,Scorpio,"11°49'29.90""",Mars,Scorpio,"11°53'21.00""",0,0.0642,0.0642
2025-11-13 07:30:00,Aspect,Trine,Jupiter,Cancer,"0°55'49.08""",Saturn,Pisces,"1°08'30.31""",120,119.7885,0.2115
2025-11-13 07:45:00,Aspect,Conjunction,Mercury,Scorpio,"11°49'10.39""",Mars,Scorpio,"11°53'48.18""",0,0.0772,0.0772
2025-11-13 07:45:00,Aspect,Trine,Jupiter,Cancer,"0°55'48.91""",Saturn,Pisces,"1°08'29.31""",120,119.7888,0.2112
2025-11-13 08:00:00,Aspect,Conjunction,Mercury,Scorpio,"11°48'50.81""",Mars,Scorpio,"11°54'15.36""",0,0.0902,0.0902
2025-11-13 08:00:00,Aspect,Trine,Jupiter,Cancer,"0°55'48.74""",Saturn,Pisces,"1°08'28.31""",120,119.789,0.211
2025-11-13 08:15:00,Aspect,Conjunction,Mercury,Scorpio,"11°48'31.17""",Mars,Scorpio,"11°54'42.53""",0,0.1032,0.1032
2025-11-13 08:15:00,Aspect,Trine,Jupiter,Cancer,"0°55'48.57""",Saturn,Pisces,"1°08'27.32""",120,119.7892,0.2108
2025-11-13 08:30:00,Aspect,Conjunction,Mercury,Scorpio,"11°48'11.46""",Mars,Scorpio,"11°55'09.71""",0,0.1162,0.1162
2025-11-13 08:30:00,Aspect,Trine,Jupiter,Cancer,"0°55'48.40""",Saturn,Pisces,"1°08'26.32""",120,119.7895,0.2105
2025-11-13 08:45:00,Aspect,Conjunction,Mercury,Scorpio,"11°47'51.68""",Mars,Scorpio,"11°55'36.89""",0,0.1292,0.1292
2025-11-13 08:45:00,Aspect,Trine,Jupiter,Cancer,"0°55'48.23""",Saturn,Pisces,"1°08'25.32""",120,119.7897,0.2103
2025-11-13 09:00:00,Aspect,Conjunction,Mercury,Scorpio,"11°47'31.84""",Mars,Scorpio,"11°56'04.07""",0,0.1423,0.1423
2025-11-13 09:00:00,Aspect,Trine,Jupiter,Cancer,"0°55'48.05""",Saturn,Pisces,"1°08'24.33""",120,119.7899,0.2101
2025-11-13 09:15:00,Aspect,Conjunction,Mercury,Scorpio,"11°47'11.93""",Mars,Scorpio,"11°56'31.25""",0,0.1554,0.1554
2025-11-13 09:15:00,Aspect,Trine,Jupiter,Cancer,"0°55'47.88""",Saturn,Pisces,"1°08'23.34""",120,119.7902,0.2098
2025-11-13 09:30:00,Aspect,Conjunction,Mercury,Scorpio,"11°46'51.95""",Mars,Scorpio,"11°56'58.43""",0,0.1685,0.1685
2025-11-13 09:30:00,Aspect,Trine,Jupiter,Cancer,"0°55'47.70""",Saturn,Pisces,"1°08'22.34""",120,119.7904,0.2096
2025-11-13 09:45:00,Aspect,Conjunction,Mercury,Scorpio,"11°46'31.91""",Mars,Scorpio,"11°57'25.60""",0,0.1816,0.1816
2025-11-13 09:45:00,Aspect,Trine,Jupiter,Cancer,"0°55'47.52""",Saturn,Pisces,"1°08'21.35""",120,119.7906,0.2094
2025-11-13 10:00:00,Aspect,Conjunction,Mercury,Scorpio,"11°46'11.80""",Mars,Scorpio,"11°57'52.78""",0,0.1947,0.1947
2025-11-13 10:00:00,Aspect,Trine,Jupiter,Cancer,"0°55'47.34""",Saturn,Pisces,"1°08'20.36""",120,119.7908,0.2092
2025-11-13 10:15:00,Aspect,Conjunction,Mercury,Scorpio,"11°45'51.62""",Mars,Scorpio,"11°58'19.97""",0,0.2079,0.2079
2025-11-13 10:15:00,Aspect,Trine,Jupiter,Cancer,"0°55'47.16""",Saturn,Pisces,"1°08'19.37""",120,119.7911,0.2089
2025-11-13 10:30:00,Aspect,Conjunction,Mercury,Scorpio,"11°45'31.38""",Mars,Scorpio,"11°58'47.15""",0,0.221,0.221
2025-11-13 10:30:00,Aspect,Trine,Jupiter,Cancer,"0°55'46.98""",Saturn,Pisces,"1°08'18.38""",120,119.7913,0.2087
2025-11-13 10:45:00,Aspect,Conjunction,Mercury,Scorpio,"11°45'11.07""",Mars,Scorpio,"11°59'14.33""",0,0.2342,0.2342
2025-11-13 10:45:00,Aspect,Trine,Jupiter,Cancer,"0°55'46.79""",Saturn,Pisces,"1°08'17.39""",120,119.7915,0.2085
2025-11-13 11:00:00,Aspect,Conjunction,Mercury,Scorpio,"11°44'50.70""",Mars,Scorpio,"11°59'41.51""",0,0.2474,0.2474
2025-11-13 11:00:00,Aspect,Trine,Jupiter,Cancer,"0°55'46.61""",Saturn,Pisces,"1°08'16.40""",120,119.7917,0.2083
2025-11-13 11:15:00,Aspect,Conjunction,Mercury,Scorpio,"11°44'30.25""",Mars,Scorpio,"12°00'08.69""",0,0.2607,0.2607
2025-11-13 11:15:00,Aspect,Trine,Jupiter,Cancer,"0°55'46.42""",Saturn,Pisces,"1°08'15.41""",120,119.7919,0.2081
2025-11-13 11:30:00,Aspect,Conjunction,Mercury,Scorpio,"11°44'09.75""",Mars,Scorpio,"12°00'35.87""",0,0.2739,0.2739
2025-11-13 11:30:00,Aspect,Trine,Jupiter,Cancer,"0°55'46.23""",Saturn,Pisces,"1°08'14.42""",120,119.7922,0.2078
2025-11-13 11:45:00,Aspect,Conjunction,Mercury,Scorpio,"11°43'49.17""",Mars,Scorpio,"12°01'03.06""",0,0.2872,0.2872
2025-11-13 11:45:00,Aspect,Trine,Jupiter,Cancer,"0°55'46.04""",Saturn,Pisces,"1°08'13.43""",120,119.7924,0.2076
2025-11-13 12:00:00,Aspect,Conjunction,Mercury,Scorpio,"11°43'28.53""",Mars,Scorpio,"12°01'30.24""",0,0.3005,0.3005
2025-11-13 12:00:00,Aspect,Trine,Jupiter,Cancer,"0°55'45.85""",Saturn,Pisces,"1°08'12.45""",120,119.7926,0.2074
2025-11-13 12:15:00,Aspect,Conjunction,Mercury,Scorpio,"11°43'07.82""",Mars,Scorpio,"12°01'57.42""",0,0.3138,0.3138
2025-11-13 12:15:00,Aspect,Trine,Jupiter,Cancer,"0°55'45.66""",Saturn,Pisces,"1°08'11.46""",120,119.7928,0.2072
2025-11-13 12:30:00,Aspect,Conjunction,Mercury,Scorpio,"11°42'47.05""",Mars,Scorpio,"12°02'24.61""",0,0.3271,0.3271
2025-11-13 12:30:00,Aspect,Trine,Jupiter,Cancer,"0°55'45.47""",Saturn,Pisces,"1°08'10.47""",120,119.7931,0.2069
2025-11-13 12:45:00,Aspect,Conjunction,Mercury,Scorpio,"11°42'26.21""",Mars,Scorpio,"12°02'51.79""",0,0.3404,0.3404
2025-11-13 12:45:00,Aspect,Trine,Jupiter,Cancer,"0°55'45.27""",Saturn,Pisces,"1°08'09.49""",120,119.7933,0.2067
2025-11-13 13:00:00,Aspect,Conjunction,Mercury,Scorpio,"11°42'05.30""",Mars,Scorpio,"12°03'18.98""",0,0.3538,0.3538
2025-11-13 13:00:00,Aspect,Trine,Jupiter,Cancer,"0°55'45.08""",Saturn,Pisces,"1°08'08.51""",120,119.7935,0.2065
2025-11-13 13:15:00,Aspect,Conjunction,Mercury,Scorpio,"11°41'44.33""",Mars,Scorpio,"12°03'46.16""",0,0.3672,0.3672
2025-11-13 13:15:00,Aspect,Trine,Jupiter,Cancer,"0°55'44.88""",Saturn,Pisces,"1°08'07.52""",120,119.7937,0.2063
2025-11-13 13:30:00,Aspect,Conjunction,Mercury,Scorpio,"11°41'23.29""",Mars,Scorpio,"12°04'13.35""",0,0.3806,0.3806
2025-11-13 13:30:00,Aspect,Trine,Jupiter,Cancer,"0°55'44.68""",Saturn,Pisces,"1°08'06.54""",120,119.7939,0.2061
2025-11-13 13:45:00,Aspect,Conjunction,Mercury,Scorpio,"11°41'02.18""",Mars,Scorpio,"12°04'40.53""",0,0.394,0.394
2025-11-13 13:45:00,Aspect,Trine,Jupiter,Cancer,"0°55'44.48""",Saturn,Pisces,"1°08'05.56""",120,119.7941,0.2059
2025-11-13 14:00:00,Aspect,Conjunction,Mercury,Scorpio,"11°40'41.00""",Mars,Scorpio,"12°05'07.72""",0,0.4074,0.4074
2025-11-13 14:00:00,Aspect,Trine,Jupiter,Cancer,"0°55'44.28""",Saturn,Pisces,"1°08'04.58""",120,119.7944,0.2056
2025-11-13 14:15:00,Aspect,Conjunction,Mercury,Scorpio,"11°40'19.76""",Mars,Scorpio,"12°05'34.91""",0,0.4209,0.4209
2025-11-13 14:15:00,Aspect,Trine,Jupiter,Cancer,"0°55'44.08""",Saturn,Pisces,"1°08'03.59""",120,119.7946,0.2054
2025-11-13 14:30:00,Aspect,Conjunction,Mercury,Scorpio,"11°39'58.46""",Mars,Scorpio,"12°06'02.09""",0,0.4343,0.4343
2025-11-13 14:30:00,Aspect,Trine,Jupiter,Cancer,"0°55'43.88""",Saturn,Pisces,"1°08'02.61""",120,119.7948,0.2052
2025-11-13 14:45:00,Aspect,Conjunction,Mercury,Scorpio,"11°39'37.09""",Mars,Scorpio,"12°06'29.28""",0,0.4478,0.4478
2025-11-13 14:45:00,Aspect,Trine,Jupiter,Cancer,"0°55'43.67""",Saturn,Pisces,"1°08'01.63""",120,119.795,0.205
2025-11-13 15:00:00,Aspect,Conjunction,Mercury,Scorpio,"11°39'15.65""",Mars,Scorpio,"12°06'56.47""",0,0.4613,0.4613
2025-11-13 15:00:00,Aspect,Trine,Jupiter,Cancer,"0°55'43.47""",Saturn,Pisces,"1°08'00.66""",120,119.7952,0.2048
2025-11-13 15:15:00,Aspect,Conjunction,Mercury,Scorpio,"11°38'54.14""",Mars,Scorpio,"12°07'23.66""",0,0.4749,0.4749
2025-11-13 15:15:00,Aspect,Trine,Jupiter,Cancer,"0°55'43.26""",Saturn,Pisces,"1°07'59.68""",120,119.7954,0.2046
2025-11-13 15:30:00,Aspect,Conjunction,Mercury,Scorpio,"11°38'32.57""",Mars,Scorpio,"12°07'50.85""",0,0.4884,0.4884
2025-11-13 15:30:00,Aspect,Trine,Jupiter,Cancer,"0°55'43.05""",Saturn,Pisces,"1°07'58.70""",120,119.7957,0.2043
2025-11-13 15:45:00,Aspect,Conjunction,Mercury,Scorpio,"11°38'10.93""",Mars,Scorpio,"12°08'18.03""",0,0.502,0.502
2025-11-13 15:45:00,Aspect,Trine,Jupiter,Cancer,"0°55'42.84""",Saturn,Pisces,"1°07'57.72""",120,119.7959,0.2041
2025-11-13 16:00:00,Aspect,Conjunction,Mercury,Scorpio,"11°37'49.22""",Mars,Scorpio,"12°08'45.22""",0,0.5156,0.5156
2025-11-13 16:00:00,Aspect,Trine,Jupiter,Cancer,"0°55'42.63""",Saturn,Pisces,"1°07'56.75""",120,119.7961,0.2039
2025-11-13 16:15:00,Aspect,Square,Moon,Leo,"10°45'34.19""",Mercury,Scorpio,"11°37'27.45""",90,90.8648,0.8648
2025-11-13 16:15:00,Aspect,Conjunction,Mercury,Scorpio,"11°37'27.45""",Mars,Scorpio,"12°09'12.41""",0,0.5292,0.5292
2025-11-13 16:15:00,Aspect,Trine,Jupiter,Cancer,"0°55'42.42""",Saturn,Pisces,"1°07'55.77""",120,119.7963,0.2037
2025-11-13 16:30:00,Aspect,Square,Moon,Leo,"10°53'29.07""",Mercury,Scorpio,"11°37'05.61""",90,90.7268,0.7268
2025-11-13 16:30:00,Aspect,Conjunction,Mercury,Scorpio,"11°37'05.61""",Mars,Scorpio,"12°09'39.60""",0,0.5428,0.5428
2025-11-13 16:30:00,Aspect,Trine,Jupiter,Cancer,"0°55'42.20""",Saturn,Pisces,"1°07'54.80""",120,119.7965,0.2035
2025-11-13 16:45:00,Aspect,Square,Moon,Leo,"11°01'23.82""",Mercury,Scorpio,"11°36'43.70""",90,90.5889,0.5889
2025-11-13 16:45:00,Aspect,Conjunction,Mercury,Scorpio,"11°36'43.70""",Mars,Scorpio,"12°10'06.79""",0,0.5564,0.5564
2025-11-13 16:45:00,Aspect,Trine,Jupiter,Cancer,"0°55'41.99""",Saturn,Pisces,"1°07'53.82""",120,119.7967,0.2033
2025-11-13 17:00:00,Aspect,Square,Moon,Leo,"11°09'18.45""",Mercury,Scorpio,"11°36'21.73""",90,90.4509,0.4509
2025-11-13 17:00:00,Aspect,Conjunction,Mercury,Scorpio,"11°36'21.73""",Mars,Scorpio,"12°10'33.99""",0,0.5701,0.5701
2025-11-13 17:00:00,Aspect,Trine,Jupiter,Cancer,"0°55'41.77""",Saturn,Pisces,"1°07'52.85""",120,119.7969,0.2031
2025-11-13 17:15:00,Aspect,Square,Moon,Leo,"11°17'12.95""",Mercury,Scorpio,"11°35'59.69""",90,90.313,0.313
2025-11-13 17:15:00,Aspect,Square,Moon,Leo,"11°17'12.95""",Mars,Scorpio,"12°11'01.18""",90,90.8967,0.8967
2025-11-13 17:15:00,Aspect,Conjunction,Mercury,Scorpio,"11°35'59.69""",Mars,Scorpio,"12°11'01.18""",0,0.5837,0.5837
2025-11-13 17:15:00,Aspect,Trine,Jupiter,Cancer,"0°55'41.55""",Saturn,Pisces,"1°07'51.87""",120,119.7971,0.2029
2025-11-13 17:30:00,Aspect,Square,Moon,Leo,"11°25'07.32""",Mercury,Scorpio,"11°35'37.59""",90,90.1751,0.1751
2025-11-13 17:30:00,Aspect,Square,Moon,Leo,"11°25'07.32""",Mars,Scorpio,"12°11'28.37""",90,90.7725,0.7725
2025-11-13 17:30:00,Aspect,Conjunction,Mercury,Scorpio,"11°35'37.59""",Mars,Scorpio,"12°11'28.37""",0,0.5974,0.5974
2025-11-13 17:30:00,Aspect,Trine,Jupiter,Cancer,"0°55'41.33""",Saturn,Pisces,"1°07'50.90""",120,119.7973,0.2027
2025-11-13 17:45:00,Aspect,Square,Moon,Leo,"11°33'01.57""",Mercury,Scorpio,"11°35'15.42""",90,90.0372,0.0372
2025-11-13 17:45:00,Aspect,Square,Moon,Leo,"11°33'01.57""",Mars,Scorpio,"12°11'55.56""",90,90.6483,0.6483
2025-11-13 17:45:00,Aspect,Conjunction,Mercury,Scorpio,"11°35'15.42""",Mars,Scorpio,"12°11'55.56""",0,0.6112,0.6112
2025-11-13 17:45:00,Aspect,Trine,Jupiter,Cancer,"0°55'41.11""",Saturn,Pisces,"1°07'49.93""",120,119.7976,0.2024
2025-11-13 18:00:00,Aspect,Square,Moon,Leo,"11°40'55.69""",Mercury,Scorpio,"11°34'53.18""",90,89.8993,0.1007
2025-11-13 18:00:00,Aspect,Square,Moon,Leo,"11°40'55.69""",Mars,Scorpio,"12°12'22.75""",90,90.5242,0.5242
2025-11-13 18:00:00,Aspect,Conjunction,Mercury,Scorpio,"11°34'53.18""",Mars,Scorpio,"12°12'22.75""",0,0.6249,0.6249
2025-11-13 18:00:00,Aspect,Trine,Jupiter,Cancer,"0°55'40.89""",Saturn,Pisces,"1°07'48.96""",120,119.7978,0.2022
2025-11-13 18:15:00,Aspect,Square,Moon,Leo,"11°48'49.68""",Mercury,Scorpio,"11°34'30.88""",90,89.7614,0.2386
2025-11-13 18:15:00,Aspect,Square,Moon,Leo,"11°48'49.68""",Mars,Scorpio,"12°12'49.95""",90,90.4001,0.4001
2025-11-13 18:15:00,Aspect,Conjunction,Mercury,Scorpio,"11°34'30.88""",Mars,Scorpio,"12°12'49.95""",0,0.6386,0.6386
2025-11-13 18:15:00,Aspect,Trine,Jupiter,Cancer,"0°55'40.67""",Saturn,Pisces,"1°07'47.99""",120,119.798,0.202
2025-11-13 18:30:00,Aspect,Square,Moon,Leo,"11°56'43.55""",Mercury,Scorpio,"11°34'08.50""",90,89.6236,0.3764
2025-11-13 18:30:00,Aspect,Square,Moon,Leo,"11°56'43.55""",Mars,Scorpio,"12°13'17.14""",90,90.276,0.276
2025-11-13 18:30:00,Aspect,Conjunction,Mercury,Scorpio,"11°34'08.50""",Mars,Scorpio,"12°13'17.14""",0,0.6524,0.6524
2025-11-13 18:30:00,Aspect,Trine,Jupiter,Cancer,"0°55'40.44""",Saturn,Pisces,"1°07'47.02""",120,119.7982,0.2018
2025-11-13 18:45:00,Aspect,Square,Moon,Leo,"12°04'37.30""",Mercury,Scorpio,"11°33'46.07""",90,89.4858,0.5142
2025-11-13 18:45:00,Aspect,Square,Moon,Leo,"12°04'37.30""",Mars,Scorpio,"12°13'44.33""",90,90.152,0.152
2025-11-13 18:45:00,Aspect,Conjunction,Mercury,Scorpio,"11°33'46.07""",Mars,Scorpio,"12°13'44.33""",0,0.6662,0.6662
2025-11-13 18:45:00,Aspect,Trine,Jupiter,Cancer,"0°55'40.22""",Saturn,Pisces,"1°07'46.05""",120,119.7984,0.2016
2025-11-13 19:00:00,Aspect,Square,Moon,Leo,"12°12'30.92""",Mercury,Scorpio,"11°33'23.56""",90,89.348,0.652
2025-11-13 19:00:00,Aspect,Square,Moon,Leo,"12°12'30.92""",Mars,Scorpio,"12°14'11.53""",90,90.0279,0.0279
2025-11-13 19:00:00,Aspect,Conjunction,Mercury,Scorpio,"11°33'23.56""",Mars,Scorpio,"12°14'11.53""",0,0.68,0.68
2025-11-13 19:00:00,Aspect,Trine,Jupiter,Cancer,"0°55'39.99""",Saturn,Pisces,"1°07'45.08""",120,119.7986,0.2014
2025-11-13 19:15:00,Aspect,Square,Moon,Leo,"12°20'24.42""",Mercury,Scorpio,"11°33'00.99""",90,89.2102,0.7898
2025-11-13 19:15:00,Aspect,Square,Moon,Leo,"12°20'24.42""",Mars,Scorpio,"12°14'38.72""",90,89.904,0.096
2025-11-13 19:15:00,Aspect,Conjunction,Mercury,Scorpio,"11°33'00.99""",Mars,Scorpio,"12°14'38.72""",0,0.6938,0.6938
2025-11-13 19:15:00,Aspect,Trine,Jupiter,Cancer,"0°55'39.76""",Saturn,Pisces,"1°07'44.11""",120,119.7988,0.2012
2025-11-13 19:30:00,Aspect,Square,Moon,Leo,"12°28'17.79""",Mercury,Scorpio,"11°32'38.35""",90,89.0724,0.9276
2025-11-13 19:30:00,Aspect,Square,Moon,Leo,"12°28'17.79""",Mars,Scorpio,"12°15'05.92""",90,89.78,0.22
2025-11-13 19:30:00,Aspect,Conjunction,Mercury,Scorpio,"11°32'38.35""",Mars,Scorpio,"12°15'05.92""",0,0.7077,0.7077
2025-11-13 19:30:00,Aspect,Trine,Jupiter,Cancer,"0°55'39.53""",Saturn,Pisces,"1°07'43.15""",120,119.799,0.201
2025-11-13 19:45:00,Aspect,Square,Moon,Leo,"12°36'11.04""",Mars,Scorpio,"12°15'33.11""",90,89.6561,0.3439
2025-11-13 19:45:00,Aspect,Conjunction,Mercury,Scorpio,"11°32'15.65""",Mars,Scorpio,"12°15'33.11""",0,0.7215,0.7215
2025-11-13 19:45:00,Aspect,Trine,Jupiter,Cancer,"0°55'39.30""",Saturn,Pisces,"1°07'42.18""",120,119.7992,0.2008
2025-11-13 20:00:00,Aspect,Square,Moon,Leo,"12°44'04.17""",Mars,Scorpio,"12°16'00.31""",90,89.5323,0.4677
2025-11-13 20:00:00,Aspect,Conjunction,Mercury,Scorpio,"11°31'52.88""",Mars,Scorpio,"12°16'00.31""",0,0.7354,0.7354
2025-11-13 20:00:00,Aspect,Trine,Jupiter,Cancer,"0°55'39.07""",Saturn,Pisces,"1°07'41.22""",120,119.7994,0.2006
2025-11-13 20:15:00,Aspect,Square,Moon,Leo,"12°51'57.17""",Mars,Scorpio,"12°16'27.51""",90,89.4084,0.5916
2025-11-13 20:15:00,Aspect,Conjunction,Mercury,Scorpio,"11°31'30.04""",Mars,Scorpio,"12°16'27.51""",0,0.7493,0.7493
2025-11-13 20:15:00,Aspect,Trine,Jupiter,Cancer,"0°55'38.83""",Saturn,Pisces,"1°07'40.25""",120,119.7996,0.2004
2025-11-13 20:30:00,Aspect,Square,Moon,Leo,"12°59'50.05""",Mars,Scorpio,"12°16'54.70""",90,89.2846,0.7154
2025-11-13 20:30:00,Aspect,Conjunction,Mercury,Scorpio,"11°31'07.14""",Mars,Scorpio,"12°16'54.70""",0,0.7632,0.7632
2025-11-13 20:30:00,Aspect,Trine,Jupiter,Cancer,"0°55'38.60""",Saturn,Pisces,"1°07'39.29""",120,119.7998,0.2002
2025-11-13 20:45:00,Aspect,Square,Moon,Leo,"13°07'42.81""",Mars,Scorpio,"12°17'21.90""",90,89.1609,0.8391
2025-11-13 20:45:00,Aspect,Conjunction,Mercury,Scorpio,"11°30'44.17""",Mars,Scorpio,"12°17'21.90""",0,0.7771,0.7771
2025-11-13 20:45:00,Aspect,Trine,Jupiter,Cancer,"0°55'38.36""",Saturn,Pisces,"1°07'38.32""",120,119.8,0.2
2025-11-13 21:00:00,Aspect,Square,Moon,Leo,"13°15'35.45""",Mars,Scorpio,"12°17'49.10""",90,89.0371,0.9629
2025-11-13 21:00:00,Aspect,Conjunction,Mercury,Scorpio,"11°30'21.14""",Mars,Scorpio,"12°17'49.10""",0,0.7911,0.7911
2025-11-13 21:00:00,Aspect,Trine,Jupiter,Cancer,"0°55'38.13""",Saturn,Pisces,"1°07'37.36""",120,119.8002,0.1998
2025-11-13 21:15:00,Aspect,Conjunction,Mercury,Scorpio,"11°29'58.03""",Mars,Scorpio,"12°18'16.29""",0,0.8051,0.8051
2025-11-13 21:15:00,Aspect,Trine,Jupiter,Cancer,"0°55'37.89""",Saturn,Pisces,"1°07'36.40""",120,119.8004,0.1996
2025-11-13 21:30:00,Aspect,Conjunction,Mercury,Scorpio,"11°29'34.86""",Mars,Scorpio,"12°18'43.49""",0,0.8191,0.8191
2025-11-13 21:30:00,Aspect,Trine,Jupiter,Cancer,"0°55'37.65""",Saturn,Pisces,"1°07'35.43""",120,119.8006,0.1994
2025-11-13 21:45:00,Aspect,Conjunction,Mercury,Scorpio,"11°29'11.63""",Mars,Scorpio,"12°19'10.69""",0,0.8331,0.8331
2025-11-13 21:45:00,Aspect,Trine,Jupiter,Cancer,"0°55'37.41""",Saturn,Pisces,"1°07'34.47""",120,119.8008,0.1992
2025-11-13 22:00:00,Aspect,Conjunction,Mercury,Scorpio,"11°28'48.33""",Mars,Scorpio,"12°19'37.89""",0,0.8471,0.8471
2025-11-13 22:00:00,Aspect,Trine,Jupiter,Cancer,"0°55'37.16""",Saturn,Pisces,"1°07'33.51""",120,119.801,0.199
2025-11-13 22:15:00,Aspect,Conjunction,Mercury,Scorpio,"11°28'24.96""",Mars,Scorpio,"12°20'05.09""",0,0.8611,0.8611
2025-11-13 22:15:00,Aspect,Trine,Jupiter,Cancer,"0°55'36.92""",Saturn,Pisces,"1°07'32.55""",120,119.8012,0.1988
2025-11-13 22:30:00,Aspect,Conjunction,Mercury,Scorpio,"11°28'01.52""",Mars,Scorpio,"12°20'32.29""",0,0.8752,0.8752
2025-11-13 22:30:00,Aspect,Trine,Jupiter,Cancer,"0°55'36.67""",Saturn,Pisces,"1°07'31.59""",120,119.8014,0.1986
2025-11-13 22:45:00,Aspect,Conjunction,Mercury,Scorpio,"11°27'38.02""",Mars,Scorpio,"12°20'59.49""",0,0.8893,0.8893
2025-11-13 22:45:00,Aspect,Trine,Jupiter,Cancer,"0°55'36.43""",Saturn,Pisces,"1°07'30.63""",120,119.8016,0.1984
2025-11-13 23:00:00,Aspect,Conjunction,Mercury,Scorpio,"11°27'14.46""",Mars,Scorpio,"12°21'26.69""",0,0.9034,0.9034
2025-11-13 23:00:00,Aspect,Trine,Jupiter,Cancer,"0°55'36.18""",Saturn,Pisces,"1°07'29.68""",120,119.8018,0.1982
2025-11-13 23:15:00,Aspect,Conjunction,Mercury,Scorpio,"11°26'50.82""",Mars,Scorpio,"12°21'53.89""",0,0.9175,0.9175
2025-11-13 23:15:00,Aspect,Trine,Jupiter,Cancer,"0°55'35.93""",Saturn,Pisces,"1°07'28.72""",120,119.802,0.198
2025-11-13 23:30:00,Aspect,Conjunction,Mercury,Scorpio,"11°26'27.12""",Mars,Scorpio,"12°22'21.09""",0,0.9317,0.9317
2025-11-13 23:30:00,Aspect,Trine,Jupiter,Cancer,"0°55'35.68""",Saturn,Pisces,"1°07'27.76""",120,119.8022,0.1978
2025-11-13 23:45:00,Aspect,Conjunction,Mercury,Scorpio,"11°26'03.35""",Mars,Scorpio,"12°22'48.29""",0,0.9458,0.9458
2025-11-13 23:45:00,Aspect,Trine,Jupiter,Cancer,"0°55'35.43""",Saturn,Pisces,"1°07'26.81""",120,119.8024,0.1976
2025-11-14 00:00:00,Aspect,Conjunction,Mercury,Scorpio,"11°25'39.52""",Mars,Scorpio,"12°23'15.49""",0,0.96,0.96
2025-11-14 00:00:00,Aspect,Trine,Jupiter,Cancer,"0°55'35.17""",Saturn,Pisces,"1°07'25.85""",120,119.8026,0.1974
2025-11-14 00:15:00,Aspect,Conjunction,Mercury,Scorpio,"11°25'15.62""",Mars,Scorpio,"12°23'42.70""",0,0.9742,0.9742
2025-11-14 00:15:00,Aspect,Trine,Jupiter,Cancer,"0°55'34.92""",Saturn,Pisces,"1°07'24.90""",120,119.8028,0.1972
2025-11-14 00:30:00,Aspect,Conjunction,Mercury,Scorpio,"11°24'51.65""",Mars,Scorpio,"12°24'09.90""",0,0.9884,0.9884
2025-11-14 00:30:00,Aspect,Trine,Jupiter,Cancer,"0°55'34.66""",Saturn,Pisces,"1°07'23.94""",120,119.803,0.197
2025-11-14 00:45:00,Aspect,Trine,Jupiter,Cancer,"0°55'34.41""",Saturn,Pisces,"1°07'22.99""",120,119.8032,0.1968
2025-11-14 01:00:00,Aspect,Trine,Jupiter,Cancer,"0°55'34.15""",Saturn,Pisces,"1°07'22.04""",120,119.8034,0.1966
2025-11-14 01:15:00,Aspect,Trine,Jupiter,Cancer,"0°55'33.89""",Saturn,Pisces,"1°07'21.08""",120,119.8036,0.1964
2025-11-14 01:30:00,Aspect,Trine,Jupiter,Cancer,"0°55'33.63""",Saturn,Pisces,"1°07'20.13""",120,119.8037,0.1963
2025-11-14 01:45:00,Aspect,Trine,Jupiter,Cancer,"0°55'33.36""",Saturn,Pisces,"1°07'19.18""",120,119.8039,0.1961
2025-11-14 02:00:00,Aspect,Trine,Jupiter,Cancer,"0°55'33.10""",Saturn,Pisces,"1°07'18.23""",120,119.8041,0.1959
2025-11-14 02:15:00,Aspect,Trine,Jupiter,Cancer,"0°55'32.84""",Saturn,Pisces,"1°07'17.28""",120,119.8043,0.1957
2025-11-14 02:30:00,Aspect,Trine,Jupiter,Cancer,"0°55'32.57""",Saturn,Pisces,"1°07'16.33""",120,119.8045,0.1955
2025-11-14 02:45:00,Aspect,Trine,Jupiter,Cancer,"0°55'32.30""",Saturn,Pisces,"1°07'15.39""",120,119.8047,0.1953
2025-11-14 03:00:00,Aspect,Trine,Jupiter,Cancer,"0°55'32.03""",Saturn,Pisces,"1°07'14.44""",120,119.8049,0.1951
2025-11-14 03:15:00,Aspect,Trine,Jupiter,Cancer,"0°55'31.76""",Saturn,Pisces,"1°07'13.49""",120,119.8051,0.1949
2025-11-14 03:30:00,Aspect,Trine,Jupiter,Cancer,"0°55'31.49""",Saturn,Pisces,"1°07'12.55""",120,119.8053,0.1947
2025-11-14 03:45:00,Aspect,Trine,Jupiter,Cancer,"0°55'31.22""",Saturn,Pisces,"1°07'11.60""",120,119.8054,0.1946
2025-11-14 04:00:00,Aspect,Trine,Jupiter,Cancer,"0°55'30.94""",Saturn,Pisces,"1°07'10.66""",120,119.8056,0.1944
2025-11-14 04:15:00,Aspect,Trine,Jupiter,Cancer,"0°55'30.67""",Saturn,Pisces,"1°07'09.71""",120,119.8058,0.1942
2025-11-14 04:30:00,Aspect,Trine,Jupiter,Cancer,"0°55'30.39""",Saturn,Pisces,"1°07'08.77""",120,119.806,0.194
2025-11-14 04:45:00,Aspect,Trine,Jupiter,Cancer,"0°55'30.11""",Saturn,Pisces,"1°07'07.83""",120,119.8062,0.1938
2025-11-14 05:00:00,Aspect,Trine,Jupiter,Cancer,"0°55'29.84""",Saturn,Pisces,"1°07'06.88""",120,119.8064,0.1936
2025-11-14 05:15:00,Aspect,Trine,Jupiter,Cancer,"0°55'29.55""",Saturn,Pisces,"1°07'05.94""",120,119.8066,0.1934
2025-11-14 05:30:00,Aspect,Trine,Jupiter,Cancer,"0°55'29.27""",Saturn,Pisces,"1°07'05.00""",120,119.8067,0.1933
2025-11-14 05:45:00,Aspect,Trine,Jupiter,Cancer,"0°55'28.99""",Saturn,Pisces,"1°07'04.06""",120,119.8069,0.1931
2025-11-14 06:00:00,Aspect,Trine,Jupiter,Cancer,"0°55'28.70""",Saturn,Pisces,"1°07'03.12""",120,119.8071,0.1929
2025-11-14 06:15:00,Aspect,Trine,Jupiter,Cancer,"0°55'28.42""",Saturn,Pisces,"1°07'02.18""",120,119.8073,0.1927
2025-11-14 06:30:00,Aspect,Trine,Jupiter,Cancer,"0°55'28.13""",Saturn,Pisces,"1°07'01.24""",120,119.8075,0.1925
2025-11-14 06:45:00,Aspect,Trine,Jupiter,Cancer,"0°55'27.84""",Saturn,Pisces,"1°07'00.31""",120,119.8076,0.1924
2025-11-14 07:00:00,Aspect,Trine,Jupiter,Cancer,"0°55'27.55""",Saturn,Pisces,"1°06'59.37""",120,119.8078,0.1922
2025-11-14 07:15:00,Aspect,Trine,Jupiter,Cancer,"0°55'27.26""",Saturn,Pisces,"1°06'58.43""",120,119.808,0.192
2025-11-14 07:30:00,Aspect,Trine,Jupiter,Cancer,"0°55'26.97""",Saturn,Pisces,"1°06'57.50""",120,119.8082,0.1918
2025-11-14 07:45:00,Aspect,Trine,Jupiter,Cancer,"0°55'26.68""",Saturn,Pisces,"1°06'56.56""",120,119.8084,0.1916
2025-11-14 08:00:00,Aspect,Trine,Jupiter,Cancer,"0°55'26.38""",Saturn,Pisces,"1°06'55.63""",120,119.8085,0.1915
2025-11-14 08:15:00,Aspect,Trine,Jupiter,Cancer,"0°55'26.08""",Saturn,Pisces,"1°06'54.70""",120,119.8087,0.1913
2025-11-14 08:30:00,Aspect,Trine,Jupiter,Cancer,"0°55'25.79""",Saturn,Pisces,"1°06'53.76""",120,119.8089,0.1911
2025-11-14 08:45:00,Aspect,Trine,Jupiter,Cancer,"0°55'25.49""",Saturn,Pisces,"1°06'52.83""",120,119.8091,0.1909
2025-11-14 09:00:00,Aspect,Opposition,Moon,Leo,"19°31'24.80""",Rahu,Aquarius,"20°29'17.18""",180,179.0354,0.9646
2025-11-14 09:00:00,Aspect,Conjunction,Moon,Leo,"19°31'24.80""",Ketu,Leo,"20°29'17.18""",0,0.9646,0.9646
2025-11-14 09:00:00,Aspect,Trine,Jupiter,Cancer,"0°55'25.19""",Saturn,Pisces,"1°06'51.90""",120,119.8092,0.1908
2025-11-14 09:15:00,Aspect,Opposition,Moon,Leo,"19°39'11.84""",Rahu,Aquarius,"20°29'15.19""",180,179.1657,0.8343
2025-11-14 09:15:00,Aspect,Conjunction,Moon,Leo,"19°39'11.84""",Ketu,Leo,"20°29'15.19""",0,0.8343,0.8343
2025-11-14 09:15:00,Aspect,Trine,Jupiter,Cancer,"0°55'24.89""",Saturn,Pisces,"1°06'50.97""",120,119.8094,0.1906
2025-11-14 09:30:00,Aspect,Opposition,Moon,Leo,"19°46'58.78""",Rahu,Aquarius,"20°29'13.21""",180,179.296,0.704
2025-11-14 09:30:00,Aspect,Conjunction,Moon,Leo,"19°46'58.78""",Ketu,Leo,"20°29'13.21""",0,0.704,0.704
2025-11-14 09:30:00,Aspect,Trine,Jupiter,Cancer,"0°55'24.58""",Saturn,Pisces,"1°06'50.04""",120,119.8096,0.1904
2025-11-14 09:45:00,Aspect,Opposition,Moon,Leo,"19°54'45.62""",Rahu,Aquarius,"20°29'11.22""",180,179.4262,0.5738
2025-11-14 09:45:00,Aspect,Conjunction,Moon,Leo,"19°54'45.62""",Ketu,Leo,"20°29'11.22""",0,0.5738,0.5738
2025-11-14 09:45:00,Aspect,Trine,Jupiter,Cancer,"0°55'24.28""",Saturn,Pisces,"1°06'49.11""",120,119.8098,0.1902
2025-11-14 10:00:00,Aspect,Opposition,Moon,Leo,"20°02'32.34""",Rahu,Aquarius,"20°29'09.23""",180,179.5564,0.4436
2025-11-14 10:00:00,Aspect,Conjunction,Moon,Leo,"20°02'32.34""",Ketu,Leo,"20°29'09.23""",0,0.4436,0.4436
2025-11-14 10:00:00,Aspect,Trine,Jupiter,Cancer,"0°55'23.97""",Saturn,Pisces,"1°06'48.18""",120,119.8099,0.1901
2025-11-14 10:15:00,Aspect,Opposition,Moon,Leo,"20°10'18.97""",Rahu,Aquarius,"20°29'07.25""",180,179.6866,0.3134
2025-11-14 10:15:00,Aspect,Conjunction,Moon,Leo,"20°10'18.97""",Ketu,Leo,"20°29'07.25""",0,0.3134,0.3134
2025-11-14 10:15:00,Aspect,Trine,Jupiter,Cancer,"0°55'23.67""",Saturn,Pisces,"1°06'47.25""",120,119.8101,0.1899
2025-11-14 10:30:00,Aspect,Opposition,Moon,Leo,"20°18'05.48""",Rahu,Aquarius,"20°29'05.26""",180,179.8167,0.1833
2025-11-14 10:30:00,Aspect,Conjunction,Moon,Leo,"20°18'05.48""",Ketu,Leo,"20°29'05.26""",0,0.1833,0.1833
2025-11-14 10:30:00,Aspect,Trine,Jupiter,Cancer,"0°55'23.36""",Saturn,Pisces,"1°06'46.32""",120,119.8103,0.1897
2025-11-14 10:45:00,Aspect,Opposition,Moon,Leo,"20°25'51.89""",Rahu,Aquarius,"20°29'03.27""",180,179.9468,0.0532
2025-11-14 10:45:00,Aspect,Conjunction,Moon,Leo,"20°25'51.89""",Ketu,Leo,"20°29'03.27""",0,0.0532,0.0532
2025-11-14 10:45:00,Aspect,Trine,Jupiter,Cancer,"0°55'23.05""",Saturn,Pisces,"1°06'45.40""",120,119.8105,0.1895
2025-11-14 11:00:00,Aspect,Opposition,Moon,Leo,"20°33'38.20""",Rahu,Aquarius,"20°29'01.28""",180,179.9231,0.0769
2025-11-14 11:00:00,Aspect,Conjunction,Moon,Leo,"20°33'38.20""",Ketu,Leo,"20°29'01.28""",0,0.0769,0.0769
2025-11-14 11:00:00,Aspect,Trine,Jupiter,Cancer,"0°55'22.74""",Saturn,Pisces,"1°06'44.47""",120,119.8106,0.1894
2025-11-14 11:15:00,Aspect,Opposition,Moon,Leo,"20°41'24.40""",Rahu,Aquarius,"20°28'59.30""",180,179.793,0.207
2025-11-14 11:15:00,Aspect,Conjunction,Moon,Leo,"20°41'24.40""",Ketu,Leo,"20°28'59.30""",0,0.207,0.207
2025-11-14 11:15:00,Aspect,Trine,Jupiter,Cancer,"0°55'22.43""",Saturn,Pisces,"1°06'43.54""",120,119.8108,0.1892
2025-11-14 11:30:00,Aspect,Opposition,Moon,Leo,"20°49'10.50""",Rahu,Aquarius,"20°28'57.31""",180,179.663,0.337
2025-11-14 11:30:00,Aspect,Conjunction,Moon,Leo,"20°49'10.50""",Ketu,Leo,"20°28'57.31""",0,0.337,0.337
2025-11-14 11:30:00,Aspect,Trine,Jupiter,Cancer,"0°55'22.11""",Saturn,Pisces,"1°06'42.62""",120,119.811,0.189
2025-11-14 11:45:00,Aspect,Opposition,Moon,Leo,"20°56'56.50""",Rahu,Aquarius,"20°28'55.32""",180,179.533,0.467
2025-11-14 11:45:00,Aspect,Conjunction,Moon,Leo,"20°56'56.50""",Ketu,Leo,"20°28'55.32""",0,0.467,0.467
2025-11-14 11:45:00,Aspect,Trine,Jupiter,Cancer,"0°55'21.80""",Saturn,Pisces,"1°06'41.70""",120,119.8111,0.1889
2025-11-14 12:00:00,Aspect,Opposition,Moon,Leo,"21°04'42.39""",Rahu,Aquarius,"20°28'53.34""",180,179.403,0.597
2025-11-14 12:00:00,Aspect,Conjunction,Moon,Leo,"21°04'42.39""",Ketu,Leo,"20°28'53.34""",0,0.597,0.597
2025-11-14 12:00:00,Aspect,Trine,Jupiter,Cancer,"0°55'21.48""",Saturn,Pisces,"1°06'40.77""",120,119.8113,0.1887
2025-11-14 12:15:00,Aspect,Opposition,Moon,Leo,"21°12'28.18""",Rahu,Aquarius,"20°28'51.35""",180,179.2731,0.7269
2025-11-14 12:15:00,Aspect,Conjunction,Moon,Leo,"21°12'28.18""",Ketu,Leo,"20°28'51.35""",0,0.7269,0.7269
2025-11-14 12:15:00,Aspect,Trine,Jupiter,Cancer,"0°55'21.17""",Saturn,Pisces,"1°06'39.85""",120,119.8115,0.1885
2025-11-14 12:30:00,Aspect,Opposition,Moon,Leo,"21°20'13.87""",Rahu,Aquarius,"20°28'49.36""",180,179.1432,0.8568
2025-11-14 12:30:00,Aspect,Conjunction,Moon,Leo,"21°20'13.87""",Ketu,Leo,"20°28'49.36""",0,0.8568,0.8568
2025-11-14 12:30:00,Aspect,Trine,Jupiter,Cancer,"0°55'20.85""",Saturn,Pisces,"1°06'38.93""",120,119.8116,0.1884
2025-11-14 12:45:00,Aspect,Opposition,Moon,Leo,"21°27'59.45""",Rahu,Aquarius,"20°28'47.37""",180,179.0133,0.9867
2025-11-14 12:45:00,Aspect,Conjunction,Moon,Leo,"21°27'59.45""",Ketu,Leo,"20°28'47.37""",0,0.9867,0.9867
2025-11-14 12:45:00,Aspect,Trine,Jupiter,Cancer,"0°55'20.53""",Saturn,Pisces,"1°06'38.00""",120,119.8118,0.1882
2025-11-14 13:00:00,Aspect,Trine,Jupiter,Cancer,"0°55'20.21""",Saturn,Pisces,"1°06'37.08""",120,119.812,0.188
2025-11-14 13:15:00,Aspect,Trine,Jupiter,Cancer,"0°55'19.88""",Saturn,Pisces,"1°06'36.16""",120,119.8121,0.1879
2025-11-14 13:30:00,Aspect,Trine,Jupiter,Cancer,"0°55'19.56""",Saturn,Pisces,"1°06'35.24""",120,119.8123,0.1877
2025-11-14 13:45:00,Aspect,Trine,Jupiter,Cancer,"0°55'19.23""",Saturn,Pisces,"1°06'34.32""",120,119.8125,0.1875
2025-11-14 14:00:00,Aspect,Trine,Jupiter,Cancer,"0°55'18.91""",Saturn,Pisces,"1°06'33.41""",120,119.8126,0.1874
2025-11-14 14:15:00,Aspect,Trine,Jupiter,Cancer,"0°55'18.58""",Saturn,Pisces,"1°06'32.49""",120,119.8128,0.1872
2025-11-14 14:30:00,Aspect,Trine,Jupiter,Cancer,"0°55'18.25""",Saturn,Pisces,"1°06'31.57""",120,119.813,0.187
2025-11-14 14:45:00,Aspect,Trine,Jupiter,Cancer,"0°55'17.92""",Saturn,Pisces,"1°06'30.65""",120,119.8131,0.1869
2025-11-14 15:00:00,Aspect,Trine,Jupiter,Cancer,"0°55'17.59""",Saturn,Pisces,"1°06'29.74""",120,119.8133,0.1867
2025-11-14 15:15:00,Aspect,Trine,Jupiter,Cancer,"0°55'17.26""",Saturn,Pisces,"1°06'28.82""",120,119.8135,0.1865
2025-11-14 15:30:00,Aspect,Trine,Jupiter,Cancer,"0°55'16.92""",Saturn,Pisces,"1°06'27.91""",120,119.8136,0.1864
2025-11-14 15:45:00,Aspect,Trine,Jupiter,Cancer,"0°55'16.59""",Saturn,Pisces,"1°06'27.00""",120,119.8138,0.1862
2025-11-14 16:00:00,Aspect,Trine,Jupiter,Cancer,"0°55'16.25""",Saturn,Pisces,"1°06'26.08""",120,119.8139,0.1861
2025-11-14 16:15:00,Aspect,Trine,Jupiter,Cancer,"0°55'15.91""",Saturn,Pisces,"1°06'25.17""",120,119.8141,0.1859
2025-11-14 16:30:00,Aspect,Trine,Jupiter,Cancer,"0°55'15.57""",Saturn,Pisces,"1°06'24.26""",120,119.8143,0.1857
2025-11-14 16:45:00,Aspect,Trine,Jupiter,Cancer,"0°55'15.23""",Saturn,Pisces,"1°06'23.35""",120,119.8144,0.1856
2025-11-14 17:00:00,Aspect,Trine,Jupiter,Cancer,"0°55'14.89""",Saturn,Pisces,"1°06'22.44""",120,119.8146,0.1854
2025-11-14 17:15:00,Aspect,Trine,Jupiter,Cancer,"0°55'14.54""",Saturn,Pisces,"1°06'21.53""",120,119.8147,0.1853
2025-11-14 17:30:00,Aspect,Trine,Jupiter,Cancer,"0°55'14.20""",Saturn,Pisces,"1°06'20.62""",120,119.8149,0.1851
2025-11-14 17:45:00,Aspect,Trine,Jupiter,Cancer,"0°55'13.85""",Saturn,Pisces,"1°06'19.71""",120,119.815,0.185
2025-11-14 18:00:00,Aspect,Trine,Jupiter,Cancer,"0°55'13.51""",Saturn,Pisces,"1°06'18.80""",120,119.8152,0.1848
2025-11-14 18:15:00,Aspect,Trine,Jupiter,Cancer,"0°55'13.16""",Saturn,Pisces,"1°06'17.89""",120,119.8154,0.1846
2025-11-14 18:30:00,Aspect,Trine,Jupiter,Cancer,"0°55'12.81""",Saturn,Pisces,"1°06'16.99""",120,119.8155,0.1845
2025-11-14 18:45:00,Aspect,Trine,Jupiter,Cancer,"0°55'12.46""",Saturn,Pisces,"1°06'16.08""",120,119.8157,0.1843
2025-11-14 19:00:00,Aspect,Trine,Jupiter,Cancer,"0°55'12.10""",Saturn,Pisces,"1°06'15.18""",120,119.8158,0.1842
2025-11-14 19:15:00,Aspect,Trine,Jupiter,Cancer,"0°55'11.75""",Saturn,Pisces,"1°06'14.27""",120,119.816,0.184
2025-11-14 19:30:00,Aspect,Trine,Jupiter,Cancer,"0°55'11.40""",Saturn,Pisces,"1°06'13.37""",120,119.8161,0.1839
2025-11-14 19:45:00,Aspect,Trine,Jupiter,Cancer,"0°55'11.04""",Saturn,Pisces,"1°06'12.47""",120,119.8163,0.1837
2025-11-14 20:00:00,Aspect,Trine,Jupiter,Cancer,"0°55'10.68""",Saturn,Pisces,"1°06'11.56""",120,119.8164,0.1836
2025-11-14 20:15:00,Aspect,Trine,Jupiter,Cancer,"0°55'10.32""",Saturn,Pisces,"1°06'10.66""",120,119.8166,0.1834
2025-11-14 20:30:00,Aspect,Trine,Jupiter,Cancer,"0°55'09.96""",Saturn,Pisces,"1°06'09.76""",120,119.8167,0.1833
2025-11-14 20:45:00,Aspect,Trine,Jupiter,Cancer,"0°55'09.60""",Saturn,Pisces,"1°06'08.86""",120,119.8169,0.1831
2025-11-14 21:00:00,Aspect,Trine,Jupiter,Cancer,"0°55'09.24""",Saturn,Pisces,"1°06'07.96""",120,119.817,0.183
2025-11-14 21:15:00,Aspect,Trine,Jupiter,Cancer,"0°55'08.87""",Saturn,Pisces,"1°06'07.06""",120,119.8172,0.1828
2025-11-14 21:30:00,Aspect,Trine,Jupiter,Cancer,"0°55'08.51""",Saturn,Pisces,"1°06'06.16""",120,119.8173,0.1827
2025-11-14 21:45:00,Aspect,Trine,Jupiter,Cancer,"0°55'08.14""",Saturn,Pisces,"1°06'05.26""",120,119.8175,0.1825
2025-11-14 22:00:00,Aspect,Trine,Jupiter,Cancer,"0°55'07.77""",Saturn,Pisces,"1°06'04.37""",120,119.8176,0.1824
2025-11-14 22:15:00,Aspect,Trine,Jupiter,Cancer,"0°55'07.40""",Saturn,Pisces,"1°06'03.47""",120,119.8178,0.1822
2025-11-14 22:30:00,Aspect,Trine,Jupiter,Cancer,"0°55'07.03""",Saturn,Pisces,"1°06'02.57""",120,119.8179,0.1821
2025-11-14 22:45:00,Aspect,Trine,Jupiter,Cancer,"0°55'06.66""",Saturn,Pisces,"1°06'01.68""",120,119.818,0.182
2025-11-14 23:00:00,Aspect,Trine,Jupiter,Cancer,"0°55'06.28""",Saturn,Pisces,"1°06'00.78""",120,119.8182,0.1818
2025-11-14 23:15:00,Aspect,Trine,Jupiter,Cancer,"0°55'05.91""",Saturn,Pisces,"1°05'59.89""",120,119.8183,0.1817
2025-11-14 23:30:00,Aspect,Trine,Jupiter,Cancer,"0°55'05.53""",Saturn,Pisces,"1°05'59.00""",120,119.8185,0.1815
2025-11-14 23:45:00,Aspect,Trine,Jupiter,Cancer,"0°55'05.16""",Saturn,Pisces,"1°05'58.10""",120,119.8186,0.1814
2025-11-15 00:00:00,Aspect,Trine,Jupiter,Cancer,"0°55'04.78""",Saturn,Pisces,"1°05'57.21""",120,119.8188,0.1812
2025-11-15 00:15:00,Aspect,Trine,Jupiter,Cancer,"0°55'04.40""",Saturn,Pisces,"1°05'56.32""",120,119.8189,0.1811
2025-11-15 00:30:00,Aspect,Trine,Jupiter,Cancer,"0°55'04.02""",Saturn,Pisces,"1°05'55.43""",120,119.8191,0.1809
2025-11-15 00:45:00,Aspect,Trine,Jupiter,Cancer,"0°55'03.63""",Saturn,Pisces,"1°05'54.54""",120,119.8192,0.1808
2025-11-15 01:00:00,Aspect,Trine,Jupiter,Cancer,"0°55'03.25""",Saturn,Pisces,"1°05'53.65""",120,119.8193,0.1807
2025-11-15 01:15:00,Aspect,Trine,Jupiter,Cancer,"0°55'02.86""",Saturn,Pisces,"1°05'52.76""",120,119.8195,0.1805
2025-11-15 01:30:00,Aspect,Trine,Jupiter,Cancer,"0°55'02.48""",Saturn,Pisces,"1°05'51.88""",120,119.8196,0.1804
2025-11-15 01:45:00,Aspect,Trine,Jupiter,Cancer,"0°55'02.09""",Saturn,Pisces,"1°05'50.99""",120,119.8198,0.1802
2025-11-15 02:00:00,Aspect,Trine,Jupiter,Cancer,"0°55'01.70""",Saturn,Pisces,"1°05'50.10""",120,119.8199,0.1801
2025-11-15 02:15:00,Aspect,Trine,Jupiter,Cancer,"0°55'01.31""",Saturn,Pisces,"1°05'49.22""",120,119.82,0.18
2025-11-15 02:30:00,Aspect,Trine,Jupiter,Cancer,"0°55'00.92""",Saturn,Pisces,"1°05'48.33""",120,119.8202,0.1798
2025-11-15 02:45:00,Aspect,Trine,Jupiter,Cancer,"0°55'00.52""",Saturn,Pisces,"1°05'47.45""",120,119.8203,0.1797
2025-11-15 03:00:00,Aspect,Trine,Jupiter,Cancer,"0°55'00.13""",Saturn,Pisces,"1°05'46.56""",120,119.8204,0.1796
2025-11-15 03:15:00,Aspect,Trine,Jupiter,Cancer,"0°54'59.73""",Saturn,Pisces,"1°05'45.68""",120,119.8206,0.1794
2025-11-15 03:30:00,Aspect,Trine,Jupiter,Cancer,"0°54'59.34""",Saturn,Pisces,"1°05'44.80""",120,119.8207,0.1793
2025-11-15 03:45:00,Aspect,Trine,Jupiter,Cancer,"0°54'58.94""",Saturn,Pisces,"1°05'43.91""",120,119.8208,0.1792
2025-11-15 04:00:00,Aspect,Trine,Jupiter,Cancer,"0°54'58.54""",Saturn,Pisces,"1°05'43.03""",120,119.821,0.179
2025-11-15 04:15:00,Aspect,Trine,Jupiter,Cancer,"0°54'58.14""",Saturn,Pisces,"1°05'42.15""",120,119.8211,0.1789
2025-11-15 04:30:00,Aspect,Trine,Jupiter,Cancer,"0°54'57.74""",Saturn,Pisces,"1°05'41.27""",120,119.8212,0.1788
2025-11-15 04:45:00,Aspect,Trine,Jupiter,Cancer,"0°54'57.33""",Saturn,Pisces,"1°05'40.39""",120,119.8214,0.1786
2025-11-15 05:00:00,Aspect,Trine,Jupiter,Cancer,"0°54'56.93""",Saturn,Pisces,"1°05'39.51""",120,119.8215,0.1785
2025-11-15 05:15:00,Aspect,Trine,Jupiter,Cancer,"0°54'56.52""",Saturn,Pisces,"1°05'38.64""",120,119.8216,0.1784
2025-11-15 05:30:00,Aspect,Trine,Jupiter,Cancer,"0°54'56.11""",Saturn,Pisces,"1°05'37.76""",120,119.8218,0.1782
2025-11-15 05:45:00,Aspect,Opposition,Moon,Virgo,"0°11'55.51""",Saturn,Pisces,"1°05'36.88""",180,179.1052,0.8948
2025-11-15 05:45:00,Aspect,Trine,Jupiter,Cancer,"0°54'55.70""",Saturn,Pisces,"1°05'36.88""",120,119.8219,0.1781
2025-11-15 06:00:00,Aspect,Opposition,Moon,Virgo,"0°19'34.75""",Saturn,Pisces,"1°05'36.01""",180,179.233,0.767
2025-11-15 06:00:00,Aspect,Trine,Jupiter,Cancer,"0°54'55.29""",Saturn,Pisces,"1°05'36.01""",120,119.822,0.178
2025-11-15 06:15:00,Aspect,Opposition,Moon,Virgo,"0°27'13.92""",Saturn,Pisces,"1°05'35.13""",180,179.3608,0.6392
2025-11-15 06:15:00,Aspect,Trine,Jupiter,Cancer,"0°54'54.88""",Saturn,Pisces,"1°05'35.13""",120,119.8222,0.1778
2025-11-15 06:30:00,Aspect,Opposition,Moon,Virgo,"0°34'53.00""",Saturn,Pisces,"1°05'34.26""",180,179.4885,0.5115
2025-11-15 06:30:00,Aspect,Trine,Jupiter,Cancer,"0°54'54.47""",Saturn,Pisces,"1°05'34.26""",120,119.8223,0.1777
2025-11-15 06:45:00,Aspect,Opposition,Moon,Virgo,"0°42'32.00""",Saturn,Pisces,"1°05'33.38""",180,179.6163,0.3837
2025-11-15 06:45:00,Aspect,Trine,Jupiter,Cancer,"0°54'54.06""",Saturn,Pisces,"1°05'33.38""",120,119.8224,0.1776
2025-11-15 07:00:00,Aspect,Opposition,Moon,Virgo,"0°50'10.92""",Saturn,Pisces,"1°05'32.51""",180,179.744,0.256
2025-11-15 07:00:00,Aspect,Trine,Jupiter,Cancer,"0°54'53.64""",Saturn,Pisces,"1°05'32.51""",120,119.8225,0.1775
2025-11-15 07:15:00,Aspect,Opposition,Moon,Virgo,"0°57'49.76""",Saturn,Pisces,"1°05'31.64""",180,179.8717,0.1283
2025-11-15 07:15:00,Aspect,Trine,Jupiter,Cancer,"0°54'53.22""",Saturn,Pisces,"1°05'31.64""",120,119.8227,0.1773
2025-11-15 07:30:00,Aspect,Opposition,Moon,Virgo,"1°05'28.52""",Saturn,Pisces,"1°05'30.76""",180,179.9994,0.0006
2025-11-15 07:30:00,Aspect,Trine,Jupiter,Cancer,"0°54'52.81""",Saturn,Pisces,"1°05'30.76""",120,119.8228,0.1772
2025-11-15 07:45:00,Aspect,Opposition,Moon,Virgo,"1°13'07.20""",Saturn,Pisces,"1°05'29.89""",180,179.873,0.127
2025-11-15 07:45:00,Aspect,Trine,Jupiter,Cancer,"0°54'52.39""",Saturn,Pisces,"1°05'29.89""",120,119.8229,0.1771
2025-11-15 08:00:00,Aspect,Opposition,Moon,Virgo,"1°20'45.80""",Saturn,Pisces,"1°05'29.02""",180,179.7453,0.2547
2025-11-15 08:00:00,Aspect,Trine,Jupiter,Cancer,"0°54'51.97""",Saturn,Pisces,"1°05'29.02""",120,119.823,0.177
2025-11-15 08:15:00,Aspect,Opposition,Moon,Virgo,"1°28'24.32""",Saturn,Pisces,"1°05'28.15""",180,179.6177,0.3823
2025-11-15 08:15:00,Aspect,Trine,Jupiter,Cancer,"0°54'51.54""",Saturn,Pisces,"1°05'28.15""",120,119.8232,0.1768
2025-11-15 08:30:00,Aspect,Opposition,Moon,Virgo,"1°36'02.76""",Saturn,Pisces,"1°05'27.28""",180,179.4901,0.5099
2025-11-15 08:30:00,Aspect,Trine,Jupiter,Cancer,"0°54'51.12""",Saturn,Pisces,"1°05'27.28""",120,119.8233,0.1767
2025-11-15 08:45:00,Aspect,Opposition,Moon,Virgo,"1°43'41.13""",Saturn,Pisces,"1°05'26.41""",180,179.3626,0.6374
2025-11-15 08:45:00,Aspect,Trine,Jupiter,Cancer,"0°54'50.70""",Saturn,Pisces,"1°05'26.41""",120,119.8234,0.1766
2025-11-15 09:00:00,Aspect,Opposition,Moon,Virgo,"1°51'19.41""",Saturn,Pisces,"1°05'25.55""",180,179.235,0.765
2025-11-15 09:00:00,Aspect,Trine,Jupiter,Cancer,"0°54'50.27""",Saturn,Pisces,"1°05'25.55""",120,119.8235,0.1765
2025-11-15 09:15:00,Aspect,Opposition,Moon,Virgo,"1°58'57.62""",Saturn,Pisces,"1°05'24.68""",180,179.1075,0.8925
2025-11-15 09:15:00,Aspect,Trine,Jupiter,Cancer,"0°54'49.84""",Saturn,Pisces,"1°05'24.68""",120,119.8237,0.1763
2025-11-15 09:30:00,Aspect,Trine,Jupiter,Cancer,"0°54'49.41""",Saturn,Pisces,"1°05'23.81""",120,119.8238,0.1762
2025-11-15 09:45:00,Aspect,Trine,Jupiter,Cancer,"0°54'48.98""",Saturn,Pisces,"1°05'22.95""",120,119.8239,0.1761
2025-11-15 10:00:00,Aspect,Trine,Jupiter,Cancer,"0°54'48.55""",Saturn,Pisces,"1°05'22.08""",120,119.824,0.176
2025-11-15 10:15:00,Aspect,Trine,Jupiter,Cancer,"0°54'48.12""",Saturn,Pisces,"1°05'21.22""",120,119.8241,0.1759
2025-11-15 10:30:00,Aspect,Trine,Jupiter,Cancer,"0°54'47.69""",Saturn,Pisces,"1°05'20.35""",120,119.8243,0.1757
2025-11-15 10:45:00,Aspect,Trine,Jupiter,Cancer,"0°54'47.25""",Saturn,Pisces,"1°05'19.49""",120,119.8244,0.1756
2025-11-15 11:00:00,Aspect,Trine,Jupiter,Cancer,"0°54'46.82""",Saturn,Pisces,"1°05'18.63""",120,119.8245,0.1755
2025-11-15 11:15:00,Aspect,Trine,Jupiter,Cancer,"0°54'46.38""",Saturn,Pisces,"1°05'17.76""",120,119.8246,0.1754
2025-11-15 11:30:00,Aspect,Trine,Jupiter,Cancer,"0°54'45.94""",Saturn,Pisces,"1°05'16.90""",120,119.8247,0.1753
2025-11-15 11:45:00,Aspect,Trine,Jupiter,Cancer,"0°54'45.50""",Saturn,Pisces,"1°05'16.04""",120,119.8248,0.1752
2025-11-15 12:00:00,Aspect,Trine,Jupiter,Cancer,"0°54'45.06""",Saturn,Pisces,"1°05'15.18""",120,119.825,0.175
2025-11-15 12:15:00,Aspect,Trine,Jupiter,Cancer,"0°54'44.61""",Saturn,Pisces,"1°05'14.32""",120,119.8251,0.1749
2025-11-15 12:30:00,Aspect,Trine,Jupiter,Cancer,"0°54'44.17""",Saturn,Pisces,"1°05'13.46""",120,119.8252,0.1748
2025-11-15 12:45:00,Aspect,Trine,Jupiter,Cancer,"0°54'43.72""",Saturn,Pisces,"1°05'12.61""",120,119.8253,0.1747
2025-11-15 13:00:00,Aspect,Trine,Jupiter,Cancer,"0°54'43.28""",Saturn,Pisces,"1°05'11.75""",120,119.8254,0.1746
2025-11-15 13:15:00,Aspect,Trine,Jupiter,Cancer,"0°54'42.83""",Saturn,Pisces,"1°05'10.89""",120,119.8255,0.1745
2025-11-15 13:30:00,Aspect,Trine,Jupiter,Cancer,"0°54'42.38""",Saturn,Pisces,"1°05'10.04""",120,119.8257,0.1743
2025-11-15 13:45:00,Aspect,Trine,Jupiter,Cancer,"0°54'41.93""",Saturn,Pisces,"1°05'09.18""",120,119.8258,0.1742
2025-11-15 14:00:00,Aspect,Trine,Jupiter,Cancer,"0°54'41.48""",Saturn,Pisces,"1°05'08.33""",120,119.8259,0.1741
2025-11-15 14:15:00,Aspect,Trine,Jupiter,Cancer,"0°54'41.02""",Saturn,Pisces,"1°05'07.47""",120,119.826,0.174
2025-11-15 14:30:00,Aspect,Trine,Jupiter,Cancer,"0°54'40.57""",Saturn,Pisces,"1°05'06.62""",120,119.8261,0.1739
2025-11-15 14:45:00,Aspect,Trine,Jupiter,Cancer,"0°54'40.11""",Saturn,Pisces,"1°05'05.77""",120,119.8262,0.1738
2025-11-15 15:00:00,Aspect,Trine,Jupiter,Cancer,"0°54'39.66""",Saturn,Pisces,"1°05'04.91""",120,119.8263,0.1737
2025-11-15 15:15:00,Aspect,Trine,Jupiter,Cancer,"0°54'39.20""",Saturn,Pisces,"1°05'04.06""",120,119.8264,0.1736
2025-11-15 15:30:00,Aspect,Trine,Jupiter,Cancer,"0°54'38.74""",Saturn,Pisces,"1°05'03.21""",120,119.8265,0.1735
2025-11-15 15:45:00,Aspect,Trine,Jupiter,Cancer,"0°54'38.28""",Saturn,Pisces,"1°05'02.36""",120,119.8266,0.1734
2025-11-15 16:00:00,Aspect,Trine,Jupiter,Cancer,"0°54'37.81""",Saturn,Pisces,"1°05'01.51""",120,119.8268,0.1732
2025-11-15 16:15:00,Aspect,Trine,Jupiter,Cancer,"0°54'37.35""",Saturn,Pisces,"1°05'00.66""",120,119.8269,0.1731
2025-11-15 16:30:00,Aspect,Trine,Jupiter,Cancer,"0°54'36.89""",Saturn,Pisces,"1°04'59.82""",120,119.827,0.173
2025-11-15 16:45:00,Aspect,Trine,Jupiter,Cancer,"0°54'36.42""",Saturn,Pisces,"1°04'58.97""",120,119.8271,0.1729
2025-11-15 17:00:00,Aspect,Trine,Jupiter,Cancer,"0°54'35.95""",Saturn,Pisces,"1°04'58.12""",120,119.8272,0.1728
2025-11-15 17:15:00,Aspect,Trine,Jupiter,Cancer,"0°54'35.48""",Saturn,Pisces,"1°04'57.28""",120,119.8273,0.1727
2025-11-15 17:30:00,Aspect,Trine,Jupiter,Cancer,"0°54'35.01""",Saturn,Pisces,"1°04'56.43""",120,119.8274,0.1726
2025-11-15 17:45:00,Aspect,Trine,Jupiter,Cancer,"0°54'34.54""",Saturn,Pisces,"1°04'55.59""",120,119.8275,0.1725
2025-11-15 18:00:00,Aspect,Trine,Jupiter,Cancer,"0°54'34.07""",Saturn,Pisces,"1°04'54.74""",120,119.8276,0.1724
2025-11-15 18:15:00,Aspect,Trine,Jupiter,Cancer,"0°54'33.59""",Saturn,Pisces,"1°04'53.90""",120,119.8277,0.1723
2025-11-15 18:30:00,Aspect,Trine,Jupiter,Cancer,"0°54'33.12""",Saturn,Pisces,"1°04'53.06""",120,119.8278,0.1722
2025-11-15 18:45:00,Aspect,Trine,Jupiter,Cancer,"0°54'32.64""",Saturn,Pisces,"1°04'52.21""",120,119.8279,0.1721
2025-11-15 19:00:00,Aspect,Trine,Jupiter,Cancer,"0°54'32.16""",Saturn,Pisces,"1°04'51.37""",120,119.828,0.172
2025-11-15 19:15:00,Aspect,Trine,Jupiter,Cancer,"0°54'31.68""",Saturn,Pisces,"1°04'50.53""",120,119.8281,0.1719
2025-11-15 19:30:00,Aspect,Trine,Jupiter,Cancer,"0°54'31.20""",Saturn,Pisces,"1°04'49.69""",120,119.8282,0.1718
2025-11-15 19:45:00,Aspect,Trine,Jupiter,Cancer,"0°54'30.72""",Saturn,Pisces,"1°04'48.85""",120,119.8283,0.1717
2025-11-15 20:00:00,Aspect,Trine,Jupiter,Cancer,"0°54'30.24""",Saturn,Pisces,"1°04'48.01""",120,119.8284,0.1716
2025-11-15 20:15:00,Aspect,Trine,Jupiter,Cancer,"0°54'29.75""",Saturn,Pisces,"1°04'47.18""",120,119.8285,0.1715
2025-11-15 20:30:00,Aspect,Trine,Jupiter,Cancer,"0°54'29.26""",Saturn,Pisces,"1°04'46.34""",120,119.8286,0.1714
2025-11-15 20:45:00,Aspect,Trine,Jupiter,Cancer,"0°54'28.78""",Saturn,Pisces,"1°04'45.50""",120,119.8287,0.1713
2025-11-15 21:00:00,Aspect,Trine,Jupiter,Cancer,"0°54'28.29""",Saturn,Pisces,"1°04'44.67""",120,119.8288,0.1712
2025-11-15 21:15:00,Aspect,Trine,Jupiter,Cancer,"0°54'27.80""",Saturn,Pisces,"1°04'43.83""",120,119.8289,0.1711
2025-11-15 21:30:00,Aspect,Trine,Jupiter,Cancer,"0°54'27.31""",Saturn,Pisces,"1°04'43.00""",120,119.829,0.171
2025-11-15 21:45:00,Aspect,Trine,Jupiter,Cancer,"0°54'26.81""",Saturn,Pisces,"1°04'42.16""",120,119.8291,0.1709
2025-11-15 22:00:00,Aspect,Trine,Jupiter,Cancer,"0°54'26.32""",Saturn,Pisces,"1°04'41.33""",120,119.8292,0.1708
2025-11-15 22:15:00,Aspect,Trine,Jupiter,Cancer,"0°54'25.83""",Saturn,Pisces,"1°04'40.50""",120,119.8293,0.1707
2025-11-15 22:30:00,Aspect,Trine,Jupiter,Cancer,"0°54'25.33""",Saturn,Pisces,"1°04'39.66""",120,119.8294,0.1706
2025-11-15 22:45:00,Aspect,Trine,Jupiter,Cancer,"0°54'24.83""",Saturn,Pisces,"1°04'38.83""",120,119.8294,0.1706
2025-11-15 23:00:00,Aspect,Trine,Jupiter,Cancer,"0°54'24.33""",Saturn,Pisces,"1°04'38.00""",120,119.8295,0.1705
2025-11-15 23:15:00,Aspect,Trine,Jupiter,Cancer,"0°54'23.83""",Saturn,Pisces,"1°04'37.17""",120,119.8296,0.1704
2025-11-15 23:30:00,Aspect,Trine,Jupiter,Cancer,"0°54'23.33""",Saturn,Pisces,"1°04'36.34""",120,119.8297,0.1703
2025-11-15 23:45:00,Aspect,Trine,Jupiter,Cancer,"0°54'22.83""",Saturn,Pisces,"1°04'35.51""",120,119.8298,0.1702
2025-11-16 00:00:00,Aspect,Trine,Jupiter,Cancer,"0°54'22.32""",Saturn,Pisces,"1°04'34.69""",120,119.8299,0.1701
2025-11-16 00:15:00,Aspect,Trine,Jupiter,Cancer,"0°54'21.82""",Saturn,Pisces,"1°04'33.86""",120,119.83,0.17
2025-11-16 00:30:00,Aspect,Trine,Jupiter,Cancer,"0°54'21.31""",Saturn,Pisces,"1°04'33.03""",120,119.8301,0.1699
2025-11-16 00:45:00,Aspect,Trine,Jupiter,Cancer,"0°54'20.80""",Saturn,Pisces,"1°04'32.21""",120,119.8302,0.1698
2025-11-16 01:00:00,Aspect,Trine,Jupiter,Cancer,"0°54'20.29""",Saturn,Pisces,"1°04'31.38""",120,119.8303,0.1697
2025-11-16 01:15:00,Aspect,Trine,Jupiter,Cancer,"0°54'19.78""",Saturn,Pisces,"1°04'30.56""",120,119.8303,0.1697
2025-11-16 01:30:00,Aspect,Trine,Jupiter,Cancer,"0°54'19.27""",Saturn,Pisces,"1°04'29.73""",120,119.8304,0.1696
2025-11-16 01:45:00,Aspect,Trine,Jupiter,Cancer,"0°54'18.75""",Saturn,Pisces,"1°04'28.91""",120,119.8305,0.1695
2025-11-16 02:00:00,Aspect,Trine,Jupiter,Cancer,"0°54'18.24""",Saturn,Pisces,"1°04'28.09""",120,119.8306,0.1694
2025-11-16 02:15:00,Aspect,Trine,Jupiter,Cancer,"0°54'17.72""",Saturn,Pisces,"1°04'27.26""",120,119.8307,0.1693
2025-11-16 02:30:00,Aspect,Trine,Jupiter,Cancer,"0°54'17.21""",Saturn,Pisces,"1°04'26.44""",120,119.8308,0.1692
2025-11-16 02:45:00,Aspect,Trine,Jupiter,Cancer,"0°54'16.69""",Saturn,Pisces,"1°04'25.62""",120,119.8309,0.1691
2025-11-16 03:00:00,Aspect,Trine,Jupiter,Cancer,"0°54'16.17""",Saturn,Pisces,"1°04'24.80""",120,119.8309,0.1691
2025-11-16 03:15:00,Aspect,Trine,Jupiter,Cancer,"0°54'15.65""",Saturn,Pisces,"1°04'23.98""",120,119.831,0.169
2025-11-16 03:30:00,Aspect,Trine,Jupiter,Cancer,"0°54'15.12""",Saturn,Pisces,"1°04'23.16""",120,119.8311,0.1689
2025-11-16 03:45:00,Aspect,Trine,Jupiter,Cancer,"0°54'14.60""",Saturn,Pisces,"1°04'22.35""",120,119.8312,0.1688
2025-11-16 04:00:00,Aspect,Trine,Jupiter,Cancer,"0°54'14.07""",Saturn,Pisces,"1°04'21.53""",120,119.8313,0.1687
2025-11-16 04:15:00,Aspect,Trine,Jupiter,Cancer,"0°54'13.55""",Saturn,Pisces,"1°04'20.71""",120,119.8313,0.1687
2025-11-16 04:30:00,Aspect,Trine,Jupiter,Cancer,"0°54'13.02""",Saturn,Pisces,"1°04'19.90""",120,119.8314,0.1686
2025-11-16 04:45:00,Aspect,Trine,Jupiter,Cancer,"0°54'12.49""",Saturn,Pisces,"1°04'19.08""",120,119.8315,0.1685
2025-11-16 05:00:00,Aspect,Trine,Jupiter,Cancer,"0°54'11.96""",Saturn,Pisces,"1°04'18.27""",120,119.8316,0.1684
2025-11-16 05:15:00,Aspect,Trine,Jupiter,Cancer,"0°54'11.43""",Saturn,Pisces,"1°04'17.45""",120,119.8317,0.1683
2025-11-16 05:30:00,Aspect,Trine,Jupiter,Cancer,"0°54'10.89""",Saturn,Pisces,"1°04'16.64""",120,119.8317,0.1683
2025-11-16 05:45:00,Aspect,Trine,Jupiter,Cancer,"0°54'10.36""",Saturn,Pisces,"1°04'15.83""",120,119.8318,0.1682
2025-11-16 06:00:00,Aspect,Trine,Jupiter,Cancer,"0°54'09.82""",Saturn,Pisces,"1°04'15.01""",120,119.8319,0.1681
2025-11-16 06:15:00,Aspect,Trine,Jupiter,Cancer,"0°54'09.29""",Saturn,Pisces,"1°04'14.20""",120,119.832,0.168
2025-11-16 06:30:00,Aspect,Trine,Jupiter,Cancer,"0°54'08.75""",Saturn,Pisces,"1°04'13.39""",120,119.832,0.168
2025-11-16 06:45:00,Aspect,Trine,Jupiter,Cancer,"0°54'08.21""",Saturn,Pisces,"1°04'12.58""",120,119.8321,0.1679
2025-11-16 07:00:00,Aspect,Trine,Jupiter,Cancer,"0°54'07.67""",Saturn,Pisces,"1°04'11.77""",120,119.8322,0.1678
2025-11-16 07:15:00,Aspect,Trine,Jupiter,Cancer,"0°54'07.12""",Saturn,Pisces,"1°04'10.96""",120,119.8323,0.1677
2025-11-16 07:30:00,Aspect,Trine,Jupiter,Cancer,"0°54'06.58""",Saturn,Pisces,"1°04'10.16""",120,119.8323,0.1677
2025-11-16 07:45:00,Aspect,Trine,Jupiter,Cancer,"0°54'06.04""",Saturn,Pisces,"1°04'09.35""",120,119.8324,0.1676
2025-11-16 08:00:00,Aspect,Trine,Jupiter,Cancer,"0°54'05.49""",Saturn,Pisces,"1°04'08.54""",120,119.8325,0.1675
2025-11-16 08:15:00,Aspect,Trine,Jupiter,Cancer,"0°54'04.94""",Saturn,Pisces,"1°04'07.74""",120,119.8326,0.1674
2025-11-16 08:30:00,Aspect,Trine,Jupiter,Cancer,"0°54'04.39""",Saturn,Pisces,"1°04'06.93""",120,119.8326,0.1674
2025-11-16 08:45:00,Aspect,Trine,Jupiter,Cancer,"0°54'03.84""",Saturn,Pisces,"1°04'06.13""",120,119.8327,0.1673
2025-11-16 09:00:00,Aspect,Trine,Jupiter,Cancer,"0°54'03.29""",Saturn,Pisces,"1°04'05.32""",120,119.8328,0.1672
2025-11-16 09:15:00,Aspect,Trine,Jupiter,Cancer,"0°54'02.74""",Saturn,Pisces,"1°04'04.52""",120,119.8328,0.1672
2025-11-16 09:30:00,Aspect,Trine,Jupiter,Cancer,"0°54'02.18""",Saturn,Pisces,"1°04'03.72""",120,119.8329,0.1671
2025-11-16 09:45:00,Aspect,Trine,Jupiter,Cancer,"0°54'01.63""",Saturn,Pisces,"1°04'02.92""",120,119.833,0.167
2025-11-16 10:00:00,Aspect,Trine,Jupiter,Cancer,"0°54'01.07""",Saturn,Pisces,"1°04'02.11""",120,119.833,0.167
2025-11-16 10:15:00,Aspect,Trine,Jupiter,Cancer,"0°54'00.51""",Saturn,Pisces,"1°04'01.31""",120,119.8331,0.1669
2025-11-16 10:30:00,Aspect,Trine,Jupiter,Cancer,"0°53'59.96""",Saturn,Pisces,"1°04'00.51""",120,119.8332,0.1668
2025-11-16 10:45:00,Aspect,Trine,Jupiter,Cancer,"0°53'59.39""",Saturn,Pisces,"1°03'59.71""",120,119.8332,0.1668
2025-11-16 11:00:00,Aspect,Trine,Jupiter,Cancer,"0°53'58.83""",Saturn,Pisces,"1°03'58.92""",120,119.8333,0.1667
2025-11-16 11:15:00,Aspect,Trine,Jupiter,Cancer,"0°53'58.27""",Saturn,Pisces,"1°03'58.12""",120,119.8334,0.1666
2025-11-16 11:30:00,Aspect,Trine,Jupiter,Cancer,"0°53'57.70""",Saturn,Pisces,"1°03'57.32""",120,119.8334,0.1666
2025-11-16 11:45:00,Aspect,Trine,Jupiter,Cancer,"0°53'57.14""",Saturn,Pisces,"1°03'56.52""",120,119.8335,0.1665
2025-11-16 12:00:00,Aspect,Trine,Jupiter,Cancer,"0°53'56.57""",Saturn,Pisces,"1°03'55.73""",120,119.8336,0.1664
2025-11-16 12:15:00,Aspect,Trine,Jupiter,Cancer,"0°53'56.00""",Saturn,Pisces,"1°03'54.93""",120,119.8336,0.1664
2025-11-16 12:30:00,Aspect,Trine,Jupiter,Cancer,"0°53'55.43""",Saturn,Pisces,"1°03'54.14""",120,119.8337,0.1663
2025-11-16 12:45:00,Aspect,Trine,Sun,Libra,"29°54'00.62""",Jupiter,Cancer,"0°53'54.86""",120,119.0016,0.9984
2025-11-16 12:45:00,Aspect,Trine,Jupiter,Cancer,"0°53'54.86""",Saturn,Pisces,"1°03'53.35""",120,119.8338,0.1662
2025-11-16 13:00:00,Aspect,Trine,Sun,Libra,"29°54'38.42""",Jupiter,Cancer,"0°53'54.29""",120,119.0123,0.9877
2025-11-16 13:00:00,Aspect,Trine,Jupiter,Cancer,"0°53'54.29""",Saturn,Pisces,"1°03'52.55""",120,119.8338,0.1662
2025-11-16 13:15:00,Aspect,Trine,Sun,Libra,"29°55'16.21""",Jupiter,Cancer,"0°53'53.72""",120,119.0229,0.9771
2025-11-16 13:15:00,Aspect,Trine,Jupiter,Cancer,"0°53'53.72""",Saturn,Pisces,"1°03'51.76""",120,119.8339,0.1661
2025-11-16 13:30:00,Aspect,Trine,Sun,Libra,"29°55'54.01""",Jupiter,Cancer,"0°53'53.14""",120,119.0336,0.9664
2025-11-16 13:30:00,Aspect,Trine,Jupiter,Cancer,"0°53'53.14""",Saturn,Pisces,"1°03'50.97""",120,119.8339,0.1661
2025-11-16 13:45:00,Aspect,Trine,Sun,Libra,"29°56'31.80""",Jupiter,Cancer,"0°53'52.56""",120,119.0442,0.9558
2025-11-16 13:45:00,Aspect,Trine,Jupiter,Cancer,"0°53'52.56""",Saturn,Pisces,"1°03'50.18""",120,119.834,0.166
2025-11-16 14:00:00,Aspect,Trine,Sun,Libra,"29°57'09.59""",Jupiter,Cancer,"0°53'51.99""",120,119.0549,0.9451
2025-11-16 14:00:00,Aspect,Trine,Jupiter,Cancer,"0°53'51.99""",Saturn,Pisces,"1°03'49.39""",120,119.8341,0.1659
2025-11-16 14:15:00,Aspect,Trine,Sun,Libra,"29°57'47.39""",Jupiter,Cancer,"0°53'51.41""",120,119.0656,0.9344
2025-11-16 14:15:00,Aspect,Trine,Jupiter,Cancer,"0°53'51.41""",Saturn,Pisces,"1°03'48.60""",120,119.8341,0.1659
2025-11-16 14:30:00,Aspect,Trine,Sun,Libra,"29°58'25.18""",Jupiter,Cancer,"0°53'50.83""",120,119.0762,0.9238
2025-11-16 14:30:00,Aspect,Trine,Jupiter,Cancer,"0°53'50.83""",Saturn,Pisces,"1°03'47.81""",120,119.8342,0.1658
2025-11-16 14:45:00,Aspect,Trine,Sun,Libra,"29°59'02.98""",Jupiter,Cancer,"0°53'50.25""",120,119.0869,0.9131
2025-11-16 14:45:00,Aspect,Trine,Jupiter,Cancer,"0°53'50.25""",Saturn,Pisces,"1°03'47.02""",120,119.8342,0.1658
2025-11-16 15:00:00,Aspect,Trine,Sun,Libra,"29°59'40.77""",Jupiter,Cancer,"0°53'49.66""",120,119.0975,0.9025
2025-11-16 15:00:00,Aspect,Trine,Jupiter,Cancer,"0°53'49.66""",Saturn,Pisces,"1°03'46.23""",120,119.8343,0.1657
2025-11-16 15:15:00,Aspect,Trine,Sun,Scorpio,"0°00'18.57""",Jupiter,Cancer,"0°53'49.08""",120,119.1082,0.8918
2025-11-16 15:15:00,Aspect,Trine,Jupiter,Cancer,"0°53'49.08""",Saturn,Pisces,"1°03'45.44""",120,119.8343,0.1657
2025-11-16 15:30:00,Aspect,Trine,Sun,Scorpio,"0°00'56.36""",Jupiter,Cancer,"0°53'48.49""",120,119.1189,0.8811
2025-11-16 15:30:00,Aspect,Trine,Jupiter,Cancer,"0°53'48.49""",Saturn,Pisces,"1°03'44.66""",120,119.8344,0.1656
2025-11-16 15:45:00,Aspect,Trine,Sun,Scorpio,"0°01'34.16""",Jupiter,Cancer,"0°53'47.91""",120,119.1295,0.8705
2025-11-16 15:45:00,Aspect,Trine,Jupiter,Cancer,"0°53'47.91""",Saturn,Pisces,"1°03'43.87""",120,119.8345,0.1655
2025-11-16 16:00:00,Aspect,Trine,Sun,Scorpio,"0°02'11.95""",Jupiter,Cancer,"0°53'47.32""",120,119.1402,0.8598
2025-11-16 16:00:00,Aspect,Trine,Jupiter,Cancer,"0°53'47.32""",Saturn,Pisces,"1°03'43.09""",120,119.8345,0.1655
2025-11-16 16:15:00,Aspect,Trine,Sun,Scorpio,"0°02'49.75""",Jupiter,Cancer,"0°53'46.73""",120,119.1508,0.8492
2025-11-16 16:15:00,Aspect,Trine,Jupiter,Cancer,"0°53'46.73""",Saturn,Pisces,"1°03'42.30""",120,119.8346,0.1654
2025-11-16 16:30:00,Aspect,Trine,Sun,Scorpio,"0°03'27.55""",Jupiter,Cancer,"0°53'46.14""",120,119.1615,0.8385
2025-11-16 16:30:00,Aspect,Trine,Jupiter,Cancer,"0°53'46.14""",Saturn,Pisces,"1°03'41.52""",120,119.8346,0.1654
2025-11-16 16:45:00,Aspect,Trine,Sun,Scorpio,"0°04'05.34""",Jupiter,Cancer,"0°53'45.55""",120,119.1722,0.8278
2025-11-16 16:45:00,Aspect,Trine,Sun,Scorpio,"0°04'05.34""",Saturn,Pisces,"1°03'40.74""",120,120.9932,0.9932
2025-11-16 16:45:00,Aspect,Trine,Jupiter,Cancer,"0°53'45.55""",Saturn,Pisces,"1°03'40.74""",120,119.8347,0.1653
2025-11-16 17:00:00,Aspect,Trine,Sun,Scorpio,"0°04'43.14""",Jupiter,Cancer,"0°53'44.95""",120,119.1828,0.8172
2025-11-16 17:00:00,Aspect,Trine,Sun,Scorpio,"0°04'43.14""",Saturn,Pisces,"1°03'39.95""",120,120.9824,0.9824
2025-11-16 17:00:00,Aspect,Trine,Jupiter,Cancer,"0°53'44.95""",Saturn,Pisces,"1°03'39.95""",120,119.8347,0.1653
2025-11-16 17:15:00,Aspect,Trine,Sun,Scorpio,"0°05'20.94""",Jupiter,Cancer,"0°53'44.36""",120,119.1935,0.8065
2025-11-16 17:15:00,Aspect,Trine,Sun,Scorpio,"0°05'20.94""",Saturn,Pisces,"1°03'39.17""",120,120.9717,0.9717
2025-11-16 17:15:00,Aspect,Trine,Jupiter,Cancer,"0°53'44.36""",Saturn,Pisces,"1°03'39.17""",120,119.8348,0.1652
2025-11-16 17:30:00,Aspect,Trine,Sun,Scorpio,"0°05'58.73""",Jupiter,Cancer,"0°53'43.76""",120,119.2042,0.7958
2025-11-16 17:30:00,Aspect,Trine,Sun,Scorpio,"0°05'58.73""",Saturn,Pisces,"1°03'38.39""",120,120.961,0.961
2025-11-16 17:30:00,Aspect,Trine,Jupiter,Cancer,"0°53'43.76""",Saturn,Pisces,"1°03'38.39""",120,119.8348,0.1652
2025-11-16 17:45:00,Aspect,Trine,Sun,Scorpio,"0°06'36.53""",Jupiter,Cancer,"0°53'43.16""",120,119.2148,0.7852
2025-11-16 17:45:00,Aspect,Trine,Sun,Scorpio,"0°06'36.53""",Saturn,Pisces,"1°03'37.61""",120,120.9503,0.9503
2025-11-16 17:45:00,Aspect,Trine,Jupiter,Cancer,"0°53'43.16""",Saturn,Pisces,"1°03'37.61""",120,119.8349,0.1651
2025-11-16 18:00:00,Aspect,Trine,Sun,Scorpio,"0°07'14.33""",Jupiter,Cancer,"0°53'42.57""",120,119.2255,0.7745
2025-11-16 18:00:00,Aspect,Trine,Sun,Scorpio,"0°07'14.33""",Saturn,Pisces,"1°03'36.83""",120,120.9396,0.9396
2025-11-16 18:00:00,Aspect,Trine,Jupiter,Cancer,"0°53'42.57""",Saturn,Pisces,"1°03'36.83""",120,119.8349,0.1651
2025-11-16 18:15:00,Aspect,Trine,Sun,Scorpio,"0°07'52.13""",Jupiter,Cancer,"0°53'41.97""",120,119.2362,0.7638
2025-11-16 18:15:00,Aspect,Trine,Sun,Scorpio,"0°07'52.13""",Saturn,Pisces,"1°03'36.05""",120,120.9289,0.9289
2025-11-16 18:15:00,Aspect,Trine,Jupiter,Cancer,"0°53'41.97""",Saturn,Pisces,"1°03'36.05""",120,119.835,0.165
2025-11-16 18:30:00,Aspect,Trine,Sun,Scorpio,"0°08'29.92""",Jupiter,Cancer,"0°53'41.36""",120,119.2468,0.7532
2025-11-16 18:30:00,Aspect,Trine,Sun,Scorpio,"0°08'29.92""",Saturn,Pisces,"1°03'35.27""",120,120.9182,0.9182
2025-11-16 18:30:00,Aspect,Trine,Jupiter,Cancer,"0°53'41.36""",Saturn,Pisces,"1°03'35.27""",120,119.835,0.165
2025-11-16 18:45:00,Aspect,Trine,Sun,Scorpio,"0°09'07.72""",Jupiter,Cancer,"0°53'40.76""",120,119.2575,0.7425
2025-11-16 18:45:00,Aspect,Trine,Sun,Scorpio,"0°09'07.72""",Saturn,Pisces,"1°03'34.50""",120,120.9074,0.9074
2025-11-16 18:45:00,Aspect,Trine,Jupiter,Cancer,"0°53'40.76""",Saturn,Pisces,"1°03'34.50""",120,119.8351,0.1649
2025-11-16 19:00:00,Aspect,Trine,Sun,Scorpio,"0°09'45.52""",Jupiter,Cancer,"0°53'40.16""",120,119.2682,0.7318
2025-11-16 19:00:00,Aspect,Trine,Sun,Scorpio,"0°09'45.52""",Saturn,Pisces,"1°03'33.72""",120,120.8967,0.8967
2025-11-16 19:00:00,Aspect,Trine,Jupiter,Cancer,"0°53'40.16""",Saturn,Pisces,"1°03'33.72""",120,119.8351,0.1649
2025-11-16 19:15:00,Aspect,Trine,Sun,Scorpio,"0°10'23.32""",Jupiter,Cancer,"0°53'39.55""",120,119.2788,0.7212
2025-11-16 19:15:00,Aspect,Trine,Sun,Scorpio,"0°10'23.32""",Saturn,Pisces,"1°03'32.94""",120,120.886,0.886
2025-11-16 19:15:00,Aspect,Trine,Jupiter,Cancer,"0°53'39.55""",Saturn,Pisces,"1°03'32.94""",120,119.8352,0.1648
2025-11-16 19:30:00,Aspect,Trine,Sun,Scorpio,"0°11'01.12""",Jupiter,Cancer,"0°53'38.95""",120,119.2895,0.7105
2025-11-16 19:30:00,Aspect,Trine,Sun,Scorpio,"0°11'01.12""",Saturn,Pisces,"1°03'32.17""",120,120.8753,0.8753
2025-11-16 19:30:00,Aspect,Trine,Jupiter,Cancer,"0°53'38.95""",Saturn,Pisces,"1°03'32.17""",120,119.8352,0.1648
2025-11-16 19:45:00,Aspect,Trine,Sun,Scorpio,"0°11'38.91""",Jupiter,Cancer,"0°53'38.34""",120,119.3002,0.6998
2025-11-16 19:45:00,Aspect,Trine,Sun,Scorpio,"0°11'38.91""",Saturn,Pisces,"1°03'31.39""",120,120.8646,0.8646
2025-11-16 19:45:00,Aspect,Trine,Jupiter,Cancer,"0°53'38.34""",Saturn,Pisces,"1°03'31.39""",120,119.8353,0.1647
2025-11-16 20:00:00,Aspect,Trine,Sun,Scorpio,"0°12'16.71""",Jupiter,Cancer,"0°53'37.73""",120,119.3108,0.6892
2025-11-16 20:00:00,Aspect,Trine,Sun,Scorpio,"0°12'16.71""",Saturn,Pisces,"1°03'30.62""",120,120.8539,0.8539
2025-11-16 20:00:00,Aspect,Trine,Jupiter,Cancer,"0°53'37.73""",Saturn,Pisces,"1°03'30.62""",120,119.8353,0.1647
2025-11-16 20:15:00,Aspect,Trine,Sun,Scorpio,"0°12'54.51""",Jupiter,Cancer,"0°53'37.12""",120,119.3215,0.6785
2025-11-16 20:15:00,Aspect,Trine,Sun,Scorpio,"0°12'54.51""",Saturn,Pisces,"1°03'29.84""",120,120.8431,0.8431
2025-11-16 20:15:00,Aspect,Trine,Jupiter,Cancer,"0°53'37.12""",Saturn,Pisces,"1°03'29.84""",120,119.8354,0.1646
2025-11-16 20:30:00,Aspect,Trine,Sun,Scorpio,"0°13'32.31""",Jupiter,Cancer,"0°53'36.51""",120,119.3322,0.6678
2025-11-16 20:30:00,Aspect,Trine,Sun,Scorpio,"0°13'32.31""",Saturn,Pisces,"1°03'29.07""",120,120.8324,0.8324
2025-11-16 20:30:00,Aspect,Trine,Jupiter,Cancer,"0°53'36.51""",Saturn,Pisces,"1°03'29.07""",120,119.8354,0.1646
2025-11-16 20:45:00,Aspect,Trine,Sun,Scorpio,"0°14'10.11""",Jupiter,Cancer,"0°53'35.89""",120,119.3428,0.6572
2025-11-16 20:45:00,Aspect,Trine,Sun,Scorpio,"0°14'10.11""",Saturn,Pisces,"1°03'28.30""",120,120.8217,0.8217
2025-11-16 20:45:00,Aspect,Trine,Jupiter,Cancer,"0°53'35.89""",Saturn,Pisces,"1°03'28.30""",120,119.8354,0.1646
2025-11-16 21:00:00,Aspect,Trine,Sun,Scorpio,"0°14'47.91""",Jupiter,Cancer,"0°53'35.28""",120,119.3535,0.6465
2025-11-16 21:00:00,Aspect,Trine,Sun,Scorpio,"0°14'47.91""",Saturn,Pisces,"1°03'27.53""",120,120.811,0.811
2025-11-16 21:00:00,Aspect,Trine,Jupiter,Cancer,"0°53'35.28""",Saturn,Pisces,"1°03'27.53""",120,119.8355,0.1645
2025-11-16 21:15:00,Aspect,Trine,Sun,Scorpio,"0°15'25.71""",Jupiter,Cancer,"0°53'34.66""",120,119.3642,0.6358
2025-11-16 21:15:00,Aspect,Trine,Sun,Scorpio,"0°15'25.71""",Saturn,Pisces,"1°03'26.76""",120,120.8003,0.8003
2025-11-16 21:15:00,Aspect,Trine,Jupiter,Cancer,"0°53'34.66""",Saturn,Pisces,"1°03'26.76""",120,119.8355,0.1645
2025-11-16 21:30:00,Aspect,Trine,Sun,Scorpio,"0°16'03.51""",Jupiter,Cancer,"0°53'34.05""",120,119.3749,0.6251
2025-11-16 21:30:00,Aspect,Trine,Sun,Scorpio,"0°16'03.51""",Saturn,Pisces,"1°03'25.99""",120,120.7896,0.7896
2025-11-16 21:30:00,Aspect,Trine,Jupiter,Cancer,"0°53'34.05""",Saturn,Pisces,"1°03'25.99""",120,119.8356,0.1644
2025-11-16 21:45:00,Aspect,Trine,Sun,Scorpio,"0°16'41.31""",Jupiter,Cancer,"0°53'33.43""",120,119.3855,0.6145
2025-11-16 21:45:00,Aspect,Trine,Sun,Scorpio,"0°16'41.31""",Saturn,Pisces,"1°03'25.22""",120,120.7789,0.7789
2025-11-16 21:45:00,Aspect,Trine,Jupiter,Cancer,"0°53'33.43""",Saturn,Pisces,"1°03'25.22""",120,119.8356,0.1644
2025-11-16 22:00:00,Aspect,Trine,Sun,Scorpio,"0°17'19.11""",Jupiter,Cancer,"0°53'32.81""",120,119.3962,0.6038
2025-11-16 22:00:00,Aspect,Trine,Sun,Scorpio,"0°17'19.11""",Saturn,Pisces,"1°03'24.45""",120,120.7681,0.7681
2025-11-16 22:00:00,Aspect,Trine,Jupiter,Cancer,"0°53'32.81""",Saturn,Pisces,"1°03'24.45""",120,119.8357,0.1643
2025-11-16 22:15:00,Aspect,Trine,Sun,Scorpio,"0°17'56.91""",Jupiter,Cancer,"0°53'32.19""",120,119.4069,0.5931
2025-11-16 22:15:00,Aspect,Trine,Sun,Scorpio,"0°17'56.91""",Saturn,Pisces,"1°03'23.68""",120,120.7574,0.7574
2025-11-16 22:15:00,Aspect,Trine,Jupiter,Cancer,"0°53'32.19""",Saturn,Pisces,"1°03'23.68""",120,119.8357,0.1643
2025-11-16 22:30:00,Aspect,Trine,Sun,Scorpio,"0°18'34.71""",Jupiter,Cancer,"0°53'31.57""",120,119.4175,0.5825
2025-11-16 22:30:00,Aspect,Trine,Sun,Scorpio,"0°18'34.71""",Saturn,Pisces,"1°03'22.91""",120,120.7467,0.7467
2025-11-16 22:30:00,Aspect,Trine,Jupiter,Cancer,"0°53'31.57""",Saturn,Pisces,"1°03'22.91""",120,119.8357,0.1643
2025-11-16 22:45:00,Aspect,Trine,Sun,Scorpio,"0°19'12.51""",Jupiter,Cancer,"0°53'30.94""",120,119.4282,0.5718
2025-11-16 22:45:00,Aspect,Trine,Sun,Scorpio,"0°19'12.51""",Saturn,Pisces,"1°03'22.14""",120,120.736,0.736
2025-11-16 22:45:00,Aspect,Trine,Jupiter,Cancer,"0°53'30.94""",Saturn,Pisces,"1°03'22.14""",120,119.8358,0.1642
2025-11-16 23:00:00,Aspect,Trine,Sun,Scorpio,"0°19'50.31""",Jupiter,Cancer,"0°53'30.32""",120,119.4389,0.5611
2025-11-16 23:00:00,Aspect,Trine,Sun,Scorpio,"0°19'50.31""",Saturn,Pisces,"1°03'21.38""",120,120.7253,0.7253
2025-11-16 23:00:00,Aspect,Trine,Jupiter,Cancer,"0°53'30.32""",Saturn,Pisces,"1°03'21.38""",120,119.8358,0.1642
2025-11-16 23:15:00,Aspect,Trine,Sun,Scorpio,"0°20'28.12""",Jupiter,Cancer,"0°53'29.69""",120,119.4496,0.5504
2025-11-16 23:15:00,Aspect,Trine,Sun,Scorpio,"0°20'28.12""",Saturn,Pisces,"1°03'20.61""",120,120.7146,0.7146
2025-11-16 23:15:00,Aspect,Trine,Jupiter,Cancer,"0°53'29.69""",Saturn,Pisces,"1°03'20.61""",120,119.8359,0.1641
2025-11-16 23:30:00,Aspect,Trine,Sun,Scorpio,"0°21'05.92""",Jupiter,Cancer,"0°53'29.06""",120,119.4602,0.5398
2025-11-16 23:30:00,Aspect,Trine,Sun,Scorpio,"0°21'05.92""",Saturn,Pisces,"1°03'19.85""",120,120.7039,0.7039
2025-11-16 23:30:00,Aspect,Trine,Jupiter,Cancer,"0°53'29.06""",Saturn,Pisces,"1°03'19.85""",120,119.8359,0.1641
2025-11-16 23:45:00,Aspect,Trine,Sun,Scorpio,"0°21'43.72""",Jupiter,Cancer,"0°53'28.44""",120,119.4709,0.5291
2025-11-16 23:45:00,Aspect,Trine,Sun,Scorpio,"0°21'43.72""",Saturn,Pisces,"1°03'19.08""",120,120.6932,0.6932
2025-11-16 23:45:00,Aspect,Trine,Jupiter,Cancer,"0°53'28.44""",Saturn,Pisces,"1°03'19.08""",120,119.8359,0.1641
2025-11-17 00:00:00,Aspect,Trine,Sun,Scorpio,"0°22'21.52""",Jupiter,Cancer,"0°53'27.81""",120,119.4816,0.5184
2025-11-17 00:00:00,Aspect,Trine,Sun,Scorpio,"0°22'21.52""",Saturn,Pisces,"1°03'18.32""",120,120.6824,0.6824
2025-11-17 00:00:00,Aspect,Trine,Jupiter,Cancer,"0°53'27.81""",Saturn,Pisces,"1°03'18.32""",120,119.836,0.164
2025-11-17 00:15:00,Aspect,Trine,Sun,Scorpio,"0°22'59.32""",Jupiter,Cancer,"0°53'27.17""",120,119.4923,0.5077
2025-11-17 00:15:00,Aspect,Trine,Sun,Scorpio,"0°22'59.32""",Saturn,Pisces,"1°03'17.56""",120,120.6717,0.6717
2025-11-17 00:15:00,Aspect,Trine,Jupiter,Cancer,"0°53'27.17""",Saturn,Pisces,"1°03'17.56""",120,119.836,0.164
2025-11-17 00:30:00,Aspect,Trine,Sun,Scorpio,"0°23'37.13""",Jupiter,Cancer,"0°53'26.54""",120,119.5029,0.4971
2025-11-17 00:30:00,Aspect,Trine,Sun,Scorpio,"0°23'37.13""",Saturn,Pisces,"1°03'16.79""",120,120.661,0.661
2025-11-17 00:30:00,Aspect,Trine,Jupiter,Cancer,"0°53'26.54""",Saturn,Pisces,"1°03'16.79""",120,119.836,0.164
2025-11-17 00:45:00,Aspect,Trine,Sun,Scorpio,"0°24'14.93""",Jupiter,Cancer,"0°53'25.91""",120,119.5136,0.4864
2025-11-17 00:45:00,Aspect,Trine,Sun,Scorpio,"0°24'14.93""",Saturn,Pisces,"1°03'16.03""",120,120.6503,0.6503
2025-11-17 00:45:00,Aspect,Trine,Jupiter,Cancer,"0°53'25.91""",Saturn,Pisces,"1°03'16.03""",120,119.8361,0.1639
2025-11-17 01:00:00,Aspect,Trine,Sun,Scorpio,"0°24'52.73""",Jupiter,Cancer,"0°53'25.27""",120,119.5243,0.4757
2025-11-17 01:00:00,Aspect,Trine,Sun,Scorpio,"0°24'52.73""",Saturn,Pisces,"1°03'15.27""",120,120.6396,0.6396
2025-11-17 01:00:00,Aspect,Trine,Jupiter,Cancer,"0°53'25.27""",Saturn,Pisces,"1°03'15.27""",120,119.8361,0.1639
2025-11-17 01:15:00,Aspect,Trine,Sun,Scorpio,"0°25'30.53""",Jupiter,Cancer,"0°53'24.64""",120,119.535,0.465
2025-11-17 01:15:00,Aspect,Trine,Sun,Scorpio,"0°25'30.53""",Saturn,Pisces,"1°03'14.51""",120,120.6289,0.6289
2025-11-17 01:15:00,Aspect,Trine,Jupiter,Cancer,"0°53'24.64""",Saturn,Pisces,"1°03'14.51""",120,119.8361,0.1639
2025-11-17 01:30:00,Aspect,Trine,Sun,Scorpio,"0°26'08.34""",Jupiter,Cancer,"0°53'24.00""",120,119.5456,0.4544
2025-11-17 01:30:00,Aspect,Trine,Sun,Scorpio,"0°26'08.34""",Saturn,Pisces,"1°03'13.75""",120,120.6182,0.6182
2025-11-17 01:30:00,Aspect,Trine,Jupiter,Cancer,"0°53'24.00""",Saturn,Pisces,"1°03'13.75""",120,119.8362,0.1638
2025-11-17 01:45:00,Aspect,Trine,Sun,Scorpio,"0°26'46.14""",Jupiter,Cancer,"0°53'23.36""",120,119.5563,0.4437
2025-11-17 01:45:00,Aspect,Trine,Sun,Scorpio,"0°26'46.14""",Saturn,Pisces,"1°03'12.99""",120,120.6075,0.6075
2025-11-17 01:45:00,Aspect,Trine,Jupiter,Cancer,"0°53'23.36""",Saturn,Pisces,"1°03'12.99""",120,119.8362,0.1638
2025-11-17 02:00:00,Aspect,Trine,Sun,Scorpio,"0°27'23.94""",Jupiter,Cancer,"0°53'22.72""",120,119.567,0.433
2025-11-17 02:00:00,Aspect,Trine,Sun,Scorpio,"0°27'23.94""",Saturn,Pisces,"1°03'12.24""",120,120.5967,0.5967
2025-11-17 02:00:00,Aspect,Trine,Jupiter,Cancer,"0°53'22.72""",Saturn,Pisces,"1°03'12.24""",120,119.8362,0.1638
2025-11-17 02:15:00,Aspect,Trine,Sun,Scorpio,"0°28'01.75""",Jupiter,Cancer,"0°53'22.08""",120,119.5777,0.4223
2025-11-17 02:15:00,Aspect,Trine,Sun,Scorpio,"0°28'01.75""",Saturn,Pisces,"1°03'11.48""",120,120.586,0.586
2025-11-17 02:15:00,Aspect,Trine,Jupiter,Cancer,"0°53'22.08""",Saturn,Pisces,"1°03'11.48""",120,119.8363,0.1637
2025-11-17 02:30:00,Aspect,Trine,Sun,Scorpio,"0°28'39.55""",Jupiter,Cancer,"0°53'21.43""",120,119.5884,0.4116
2025-11-17 02:30:00,Aspect,Trine,Sun,Scorpio,"0°28'39.55""",Saturn,Pisces,"1°03'10.72""",120,120.5753,0.5753
2025-11-17 02:30:00,Aspect,Trine,Jupiter,Cancer,"0°53'21.43""",Saturn,Pisces,"1°03'10.72""",120,119.8363,0.1637
2025-11-17 02:45:00,Aspect,Trine,Sun,Scorpio,"0°29'17.35""",Jupiter,Cancer,"0°53'20.79""",120,119.599,0.401
2025-11-17 02:45:00,Aspect,Trine,Sun,Scorpio,"0°29'17.35""",Saturn,Pisces,"1°03'09.96""",120,120.5646,0.5646
2025-11-17 02:45:00,Aspect,Trine,Jupiter,Cancer,"0°53'20.79""",Saturn,Pisces,"1°03'09.96""",120,119.8363,0.1637
2025-11-17 03:00:00,Aspect,Trine,Sun,Scorpio,"0°29'55.16""",Jupiter,Cancer,"0°53'20.14""",120,119.6097,0.3903
2025-11-17 03:00:00,Aspect,Trine,Sun,Scorpio,"0°29'55.16""",Saturn,Pisces,"1°03'09.21""",120,120.5539,0.5539
2025-11-17 03:00:00,Aspect,Trine,Jupiter,Cancer,"0°53'20.14""",Saturn,Pisces,"1°03'09.21""",120,119.8364,0.1636
2025-11-17 03:15:00,Aspect,Trine,Sun,Scorpio,"0°30'32.96""",Jupiter,Cancer,"0°53'19.50""",120,119.6204,0.3796
2025-11-17 03:15:00,Aspect,Trine,Sun,Scorpio,"0°30'32.96""",Saturn,Pisces,"1°03'08.45""",120,120.5432,0.5432
2025-11-17 03:15:00,Aspect,Trine,Jupiter,Cancer,"0°53'19.50""",Saturn,Pisces,"1°03'08.45""",120,119.8364,0.1636
2025-11-17 03:30:00,Aspect,Trine,Sun,Scorpio,"0°31'10.77""",Jupiter,Cancer,"0°53'18.85""",120,119.6311,0.3689
2025-11-17 03:30:00,Aspect,Trine,Sun,Scorpio,"0°31'10.77""",Saturn,Pisces,"1°03'07.70""",120,120.5325,0.5325
2025-11-17 03:30:00,Aspect,Trine,Jupiter,Cancer,"0°53'18.85""",Saturn,Pisces,"1°03'07.70""",120,119.8364,0.1636
2025-11-17 03:45:00,Aspect,Trine,Sun,Scorpio,"0°31'48.57""",Jupiter,Cancer,"0°53'18.20""",120,119.6418,0.3582
2025-11-17 03:45:00,Aspect,Trine,Sun,Scorpio,"0°31'48.57""",Saturn,Pisces,"1°03'06.95""",120,120.5218,0.5218
2025-11-17 03:45:00,Aspect,Trine,Jupiter,Cancer,"0°53'18.20""",Saturn,Pisces,"1°03'06.95""",120,119.8365,0.1635
2025-11-17 04:00:00,Aspect,Trine,Sun,Scorpio,"0°32'26.38""",Jupiter,Cancer,"0°53'17.55""",120,119.6525,0.3475
2025-11-17 04:00:00,Aspect,Trine,Sun,Scorpio,"0°32'26.38""",Saturn,Pisces,"1°03'06.19""",120,120.5111,0.5111
2025-11-17 04:00:00,Aspect,Trine,Jupiter,Cancer,"0°53'17.55""",Saturn,Pisces,"1°03'06.19""",120,119.8365,0.1635
2025-11-17 04:15:00,Aspect,Trine,Sun,Scorpio,"0°33'04.18""",Jupiter,Cancer,"0°53'16.89""",120,119.6631,0.3369
2025-11-17 04:15:00,Aspect,Trine,Sun,Scorpio,"0°33'04.18""",Saturn,Pisces,"1°03'05.44""",120,120.5003,0.5003
2025-11-17 04:15:00,Aspect,Trine,Jupiter,Cancer,"0°53'16.89""",Saturn,Pisces,"1°03'05.44""",120,119.8365,0.1635
2025-11-17 04:30:00,Aspect,Trine,Sun,Scorpio,"0°33'41.99""",Jupiter,Cancer,"0°53'16.24""",120,119.6738,0.3262
2025-11-17 04:30:00,Aspect,Trine,Sun,Scorpio,"0°33'41.99""",Saturn,Pisces,"1°03'04.69""",120,120.4896,0.4896
2025-11-17 04:30:00,Aspect,Trine,Jupiter,Cancer,"0°53'16.24""",Saturn,Pisces,"1°03'04.69""",120,119.8365,0.1635
2025-11-17 04:45:00,Aspect,Trine,Sun,Scorpio,"0°34'19.79""",Jupiter,Cancer,"0°53'15.59""",120,119.6845,0.3155
2025-11-17 04:45:00,Aspect,Trine,Sun,Scorpio,"0°34'19.79""",Saturn,Pisces,"1°03'03.94""",120,120.4789,0.4789
2025-11-17 04:45:00,Aspect,Trine,Jupiter,Cancer,"0°53'15.59""",Saturn,Pisces,"1°03'03.94""",120,119.8366,0.1634
2025-11-17 05:00:00,Aspect,Trine,Sun,Scorpio,"0°34'57.60""",Jupiter,Cancer,"0°53'14.93""",120,119.6952,0.3048
2025-11-17 05:00:00,Aspect,Trine,Sun,Scorpio,"0°34'57.60""",Saturn,Pisces,"1°03'03.19""",120,120.4682,0.4682
2025-11-17 05:00:00,Aspect,Trine,Jupiter,Cancer,"0°53'14.93""",Saturn,Pisces,"1°03'03.19""",120,119.8366,0.1634
2025-11-17 05:15:00,Aspect,Trine,Sun,Scorpio,"0°35'35.41""",Jupiter,Cancer,"0°53'14.27""",120,119.7059,0.2941
2025-11-17 05:15:00,Aspect,Trine,Sun,Scorpio,"0°35'35.41""",Saturn,Pisces,"1°03'02.44""",120,120.4575,0.4575
2025-11-17 05:15:00,Aspect,Trine,Jupiter,Cancer,"0°53'14.27""",Saturn,Pisces,"1°03'02.44""",120,119.8366,0.1634
2025-11-17 05:30:00,Aspect,Trine,Sun,Scorpio,"0°36'13.21""",Jupiter,Cancer,"0°53'13.61""",120,119.7166,0.2834
2025-11-17 05:30:00,Aspect,Trine,Sun,Scorpio,"0°36'13.21""",Saturn,Pisces,"1°03'01.69""",120,120.4468,0.4468
2025-11-17 05:30:00,Aspect,Trine,Jupiter,Cancer,"0°53'13.61""",Saturn,Pisces,"1°03'01.69""",120,119.8366,0.1634
2025-11-17 05:45:00,Aspect,Trine,Sun,Scorpio,"0°36'51.02""",Jupiter,Cancer,"0°53'12.95""",120,119.7272,0.2728
2025-11-17 05:45:00,Aspect,Trine,Sun,Scorpio,"0°36'51.02""",Saturn,Pisces,"1°03'00.94""",120,120.4361,0.4361
2025-11-17 05:45:00,Aspect,Trine,Jupiter,Cancer,"0°53'12.95""",Saturn,Pisces,"1°03'00.94""",120,119.8367,0.1633
2025-11-17 06:00:00,Aspect,Trine,Sun,Scorpio,"0°37'28.82""",Jupiter,Cancer,"0°53'12.29""",120,119.7379,0.2621
2025-11-17 06:00:00,Aspect,Trine,Sun,Scorpio,"0°37'28.82""",Saturn,Pisces,"1°03'00.20""",120,120.4254,0.4254
2025-11-17 06:00:00,Aspect,Trine,Jupiter,Cancer,"0°53'12.29""",Saturn,Pisces,"1°03'00.20""",120,119.8367,0.1633
2025-11-17 06:15:00,Aspect,Trine,Sun,Scorpio,"0°38'06.63""",Jupiter,Cancer,"0°53'11.63""",120,119.7486,0.2514
2025-11-17 06:15:00,Aspect,Trine,Sun,Scorpio,"0°38'06.63""",Saturn,Pisces,"1°02'59.45""",120,120.4147,0.4147
2025-11-17 06:15:00,Aspect,Trine,Jupiter,Cancer,"0°53'11.63""",Saturn,Pisces,"1°02'59.45""",120,119.8367,0.1633
2025-11-17 06:30:00,Aspect,Trine,Sun,Scorpio,"0°38'44.44""",Jupiter,Cancer,"0°53'10.96""",120,119.7593,0.2407
2025-11-17 06:30:00,Aspect,Trine,Sun,Scorpio,"0°38'44.44""",Saturn,Pisces,"1°02'58.70""",120,120.404,0.404
2025-11-17 06:30:00,Aspect,Trine,Jupiter,Cancer,"0°53'10.96""",Saturn,Pisces,"1°02'58.70""",120,119.8367,0.1633
2025-11-17 06:45:00,Aspect,Trine,Sun,Scorpio,"0°39'22.24""",Jupiter,Cancer,"0°53'10.30""",120,119.77,0.23
2025-11-17 06:45:00,Aspect,Trine,Sun,Scorpio,"0°39'22.24""",Saturn,Pisces,"1°02'57.96""",120,120.3933,0.3933
2025-11-17 06:45:00,Aspect,Trine,Jupiter,Cancer,"0°53'10.30""",Saturn,Pisces,"1°02'57.96""",120,119.8368,0.1632
2025-11-17 07:00:00,Aspect,Trine,Sun,Scorpio,"0°40'00.05""",Jupiter,Cancer,"0°53'09.63""",120,119.7807,0.2193
2025-11-17 07:00:00,Aspect,Trine,Sun,Scorpio,"0°40'00.05""",Saturn,Pisces,"1°02'57.21""",120,120.3825,0.3825
2025-11-17 07:00:00,Aspect,Trine,Jupiter,Cancer,"0°53'09.63""",Saturn,Pisces,"1°02'57.21""",120,119.8368,0.1632
2025-11-17 07:15:00,Aspect,Trine,Sun,Scorpio,"0°40'37.86""",Jupiter,Cancer,"0°53'08.96""",120,119.7914,0.2086
2025-11-17 07:15:00,Aspect,Trine,Sun,Scorpio,"0°40'37.86""",Saturn,Pisces,"1°02'56.47""",120,120.3718,0.3718
2025-11-17 07:15:00,Aspect,Trine,Jupiter,Cancer,"0°53'08.96""",Saturn,Pisces,"1°02'56.47""",120,119.8368,0.1632
2025-11-17 07:30:00,Aspect,Trine,Sun,Scorpio,"0°41'15.67""",Jupiter,Cancer,"0°53'08.30""",120,119.802,0.198
2025-11-17 07:30:00,Aspect,Trine,Sun,Scorpio,"0°41'15.67""",Saturn,Pisces,"1°02'55.73""",120,120.3611,0.3611
2025-11-17 07:30:00,Aspect,Trine,Jupiter,Cancer,"0°53'08.30""",Saturn,Pisces,"1°02'55.73""",120,119.8368,0.1632
2025-11-17 07:45:00,Aspect,Trine,Sun,Scorpio,"0°41'53.47""",Jupiter,Cancer,"0°53'07.62""",120,119.8127,0.1873
2025-11-17 07:45:00,Aspect,Trine,Sun,Scorpio,"0°41'53.47""",Saturn,Pisces,"1°02'54.98""",120,120.3504,0.3504
2025-11-17 07:45:00,Aspect,Trine,Jupiter,Cancer,"0°53'07.62""",Saturn,Pisces,"1°02'54.98""",120,119.8368,0.1632
2025-11-17 08:00:00,Aspect,Trine,Sun,Scorpio,"0°42'31.28""",Jupiter,Cancer,"0°53'06.95""",120,119.8234,0.1766
2025-11-17 08:00:00,Aspect,Trine,Sun,Scorpio,"0°42'31.28""",Saturn,Pisces,"1°02'54.24""",120,120.3397,0.3397
2025-11-17 08:00:00,Aspect,Trine,Jupiter,Cancer,"0°53'06.95""",Saturn,Pisces,"1°02'54.24""",120,119.8369,0.1631
2025-11-17 08:15:00,Aspect,Trine,Sun,Scorpio,"0°43'09.09""",Jupiter,Cancer,"0°53'06.28""",120,119.8341,0.1659
2025-11-17 08:15:00,Aspect,Trine,Sun,Scorpio,"0°43'09.09""",Saturn,Pisces,"1°02'53.50""",120,120.329,0.329
2025-11-17 08:15:00,Aspect,Trine,Jupiter,Cancer,"0°53'06.28""",Saturn,Pisces,"1°02'53.50""",120,119.8369,0.1631
2025-11-17 08:30:00,Aspect,Trine,Sun,Scorpio,"0°43'46.90""",Jupiter,Cancer,"0°53'05.61""",120,119.8448,0.1552
2025-11-17 08:30:00,Aspect,Trine,Sun,Scorpio,"0°43'46.90""",Saturn,Pisces,"1°02'52.76""",120,120.3183,0.3183
2025-11-17 08:30:00,Aspect,Trine,Jupiter,Cancer,"0°53'05.61""",Saturn,Pisces,"1°02'52.76""",120,119.8369,0.1631
2025-11-17 08:45:00,Aspect,Trine,Sun,Scorpio,"0°44'24.71""",Jupiter,Cancer,"0°53'04.93""",120,119.8555,0.1445
2025-11-17 08:45:00,Aspect,Trine,Sun,Scorpio,"0°44'24.71""",Saturn,Pisces,"1°02'52.02""",120,120.3076,0.3076
2025-11-17 08:45:00,Aspect,Trine,Jupiter,Cancer,"0°53'04.93""",Saturn,Pisces,"1°02'52.02""",120,119.8369,0.1631
2025-11-17 09:00:00,Aspect,Trine,Sun,Scorpio,"0°45'02.52""",Jupiter,Cancer,"0°53'04.25""",120,119.8662,0.1338
2025-11-17 09:00:00,Aspect,Trine,Sun,Scorpio,"0°45'02.52""",Saturn,Pisces,"1°02'51.28""",120,120.2969,0.2969
2025-11-17 09:00:00,Aspect,Trine,Jupiter,Cancer,"0°53'04.25""",Saturn,Pisces,"1°02'51.28""",120,119.8369,0.1631
2025-11-17 09:15:00,Aspect,Trine,Sun,Scorpio,"0°45'40.33""",Jupiter,Cancer,"0°53'03.57""",120,119.8769,0.1231
2025-11-17 09:15:00,Aspect,Trine,Sun,Scorpio,"0°45'40.33""",Saturn,Pisces,"1°02'50.54""",120,120.2862,0.2862
2025-11-17 09:15:00,Aspect,Trine,Jupiter,Cancer,"0°53'03.57""",Saturn,Pisces,"1°02'50.54""",120,119.837,0.163
2025-11-17 09:30:00,Aspect,Trine,Sun,Scorpio,"0°46'18.13""",Jupiter,Cancer,"0°53'02.89""",120,119.8876,0.1124
2025-11-17 09:30:00,Aspect,Trine,Sun,Scorpio,"0°46'18.13""",Saturn,Pisces,"1°02'49.80""",120,120.2755,0.2755
2025-11-17 09:30:00,Aspect,Trine,Jupiter,Cancer,"0°53'02.89""",Saturn,Pisces,"1°02'49.80""",120,119.837,0.163
2025-11-17 09:45:00,Aspect,Trine,Sun,Scorpio,"0°46'55.94""",Jupiter,Cancer,"0°53'02.21""",120,119.8983,0.1017
2025-11-17 09:45:00,Aspect,Trine,Sun,Scorpio,"0°46'55.94""",Saturn,Pisces,"1°02'49.07""",120,120.2648,0.2648
2025-11-17 09:45:00,Aspect,Trine,Jupiter,Cancer,"0°53'02.21""",Saturn,Pisces,"1°02'49.07""",120,119.837,0.163
2025-11-17 10:00:00,Aspect,Trine,Sun,Scorpio,"0°47'33.75""",Jupiter,Cancer,"0°53'01.53""",120,119.909,0.091
2025-11-17 10:00:00,Aspect,Trine,Sun,Scorpio,"0°47'33.75""",Saturn,Pisces,"1°02'48.33""",120,120.254,0.254
2025-11-17 10:00:00,Aspect,Trine,Jupiter,Cancer,"0°53'01.53""",Saturn,Pisces,"1°02'48.33""",120,119.837,0.163
2025-11-17 10:15:00,Aspect,Trine,Sun,Scorpio,"0°48'11.56""",Jupiter,Cancer,"0°53'00.85""",120,119.9196,0.0804
2025-11-17 10:15:00,Aspect,Trine,Sun,Scorpio,"0°48'11.56""",Saturn,Pisces,"1°02'47.59""",120,120.2433,0.2433
2025-11-17 10:15:00,Aspect,Trine,Jupiter,Cancer,"0°53'00.85""",Saturn,Pisces,"1°02'47.59""",120,119.837,0.163
2025-11-17 10:30:00,Aspect,Trine,Sun,Scorpio,"0°48'49.37""",Jupiter,Cancer,"0°53'00.16""",120,119.9303,0.0697
2025-11-17 10:30:00,Aspect,Trine,Sun,Scorpio,"0°48'49.37""",Saturn,Pisces,"1°02'46.86""",120,120.2326,0.2326
2025-11-17 10:30:00,Aspect,Trine,Jupiter,Cancer,"0°53'00.16""",Saturn,Pisces,"1°02'46.86""",120,119.837,0.163
2025-11-17 10:45:00,Aspect,Trine,Sun,Scorpio,"0°49'27.18""",Jupiter,Cancer,"0°52'59.48""",120,119.941,0.059
2025-11-17 10:45:00,Aspect,Trine,Sun,Scorpio,"0°49'27.18""",Saturn,Pisces,"1°02'46.12""",120,120.2219,0.2219
2025-11-17 10:45:00,Aspect,Trine,Jupiter,Cancer,"0°52'59.48""",Saturn,Pisces,"1°02'46.12""",120,119.837,0.163
2025-11-17 11:00:00,Aspect,Trine,Sun,Scorpio,"0°50'04.99""",Jupiter,Cancer,"0°52'58.79""",120,119.9517,0.0483
2025-11-17 11:00:00,Aspect,Trine,Sun,Scorpio,"0°50'04.99""",Saturn,Pisces,"1°02'45.39""",120,120.2112,0.2112
2025-11-17 11:00:00,Aspect,Trine,Jupiter,Cancer,"0°52'58.79""",Saturn,Pisces,"1°02'45.39""",120,119.8371,0.1629
2025-11-17 11:15:00,Aspect,Trine,Sun,Scorpio,"0°50'42.80""",Jupiter,Cancer,"0°52'58.10""",120,119.9624,0.0376
2025-11-17 11:15:00,Aspect,Trine,Sun,Scorpio,"0°50'42.80""",Saturn,Pisces,"1°02'44.66""",120,120.2005,0.2005
2025-11-17 11:15:00,Aspect,Trine,Jupiter,Cancer,"0°52'58.10""",Saturn,Pisces,"1°02'44.66""",120,119.8371,0.1629
2025-11-17 11:30:00,Aspect,Trine,Sun,Scorpio,"0°51'20.61""",Jupiter,Cancer,"0°52'57.41""",120,119.9731,0.0269
2025-11-17 11:30:00,Aspect,Trine,Sun,Scorpio,"0°51'20.61""",Saturn,Pisces,"1°02'43.93""",120,120.1898,0.1898
2025-11-17 11:30:00,Aspect,Trine,Jupiter,Cancer,"0°52'57.41""",Saturn,Pisces,"1°02'43.93""",120,119.8371,0.1629
2025-11-17 11:45:00,Aspect,Trine,Sun,Scorpio,"0°51'58.42""",Jupiter,Cancer,"0°52'56.72""",120,119.9838,0.0162
2025-11-17 11:45:00,Aspect,Trine,Sun,Scorpio,"0°51'58.42""",Saturn,Pisces,"1°02'43.19""",120,120.1791,0.1791
2025-11-17 11:45:00,Aspect,Trine,Jupiter,Cancer,"0°52'56.72""",Saturn,Pisces,"1°02'43.19""",120,119.8371,0.1629
2025-11-17 12:00:00,Aspect,Trine,Sun,Scorpio,"0°52'36.24""",Jupiter,Cancer,"0°52'56.02""",120,119.9945,0.0055
2025-11-17 12:00:00,Aspect,Trine,Sun,Scorpio,"0°52'36.24""",Saturn,Pisces,"1°02'42.46""",120,120.1684,0.1684
2025-11-17 12:00:00,Aspect,Trine,Jupiter,Cancer,"0°52'56.02""",Saturn,Pisces,"1°02'42.46""",120,119.8371,0.1629
2025-11-17 12:15:00,Aspect,Trine,Sun,Scorpio,"0°53'14.05""",Jupiter,Cancer,"0°52'55.33""",120,120.0052,0.0052
2025-11-17 12:15:00,Aspect,Trine,Sun,Scorpio,"0°53'14.05""",Saturn,Pisces,"1°02'41.73""",120,120.1577,0.1577
2025-11-17 12:15:00,Aspect,Trine,Jupiter,Cancer,"0°52'55.33""",Saturn,Pisces,"1°02'41.73""",120,119.8371,0.1629
2025-11-17 12:30:00,Aspect,Trine,Sun,Scorpio,"0°53'51.86""",Jupiter,Cancer,"0°52'54.64""",120,120.0159,0.0159
2025-11-17 12:30:00,Aspect,Trine,Sun,Scorpio,"0°53'51.86""",Saturn,Pisces,"1°02'41.00""",120,120.147,0.147
2025-11-17 12:30:00,Aspect,Trine,Jupiter,Cancer,"0°52'54.64""",Saturn,Pisces,"1°02'41.00""",120,119.8371,0.1629
2025-11-17 12:45:00,Aspect,Trine,Sun,Scorpio,"0°54'29.67""",Jupiter,Cancer,"0°52'53.94""",120,120.0266,0.0266
2025-11-17 12:45:00,Aspect,Trine,Sun,Scorpio,"0°54'29.67""",Saturn,Pisces,"1°02'40.27""",120,120.1363,0.1363
2025-11-17 12:45:00,Aspect,Trine,Jupiter,Cancer,"0°52'53.94""",Saturn,Pisces,"1°02'40.27""",120,119.8371,0.1629
2025-11-17 13:00:00,Aspect,Trine,Sun,Scorpio,"0°55'07.48""",Jupiter,Cancer,"0°52'53.24""",120,120.0373,0.0373
2025-11-17 13:00:00,Aspect,Trine,Sun,Scorpio,"0°55'07.48""",Saturn,Pisces,"1°02'39.54""",120,120.1256,0.1256
2025-11-17 13:00:00,Aspect,Trine,Jupiter,Cancer,"0°52'53.24""",Saturn,Pisces,"1°02'39.54""",120,119.8371,0.1629
2025-11-17 13:15:00,Aspect,Trine,Sun,Scorpio,"0°55'45.29""",Jupiter,Cancer,"0°52'52.54""",120,120.048,0.048
2025-11-17 13:15:00,Aspect,Trine,Sun,Scorpio,"0°55'45.29""",Saturn,Pisces,"1°02'38.82""",120,120.1149,0.1149
2025-11-17 13:15:00,Aspect,Trine,Jupiter,Cancer,"0°52'52.54""",Saturn,Pisces,"1°02'38.82""",120,119.8371,0.1629
2025-11-17 13:30:00,Aspect,Trine,Sun,Scorpio,"0°56'23.11""",Jupiter,Cancer,"0°52'51.84""",120,120.0587,0.0587
2025-11-17 13:30:00,Aspect,Trine,Sun,Scorpio,"0°56'23.11""",Saturn,Pisces,"1°02'38.09""",120,120.1042,0.1042
2025-11-17 13:30:00,Aspect,Trine,Jupiter,Cancer,"0°52'51.84""",Saturn,Pisces,"1°02'38.09""",120,119.8372,0.1628
2025-11-17 13:45:00,Aspect,Trine,Sun,Scorpio,"0°57'00.92""",Jupiter,Cancer,"0°52'51.14""",120,120.0694,0.0694
2025-11-17 13:45:00,Aspect,Trine,Sun,Scorpio,"0°57'00.92""",Saturn,Pisces,"1°02'37.36""",120,120.0935,0.0935
2025-11-17 13:45:00,Aspect,Trine,Jupiter,Cancer,"0°52'51.14""",Saturn,Pisces,"1°02'37.36""",120,119.8372,0.1628
2025-11-17 14:00:00,Aspect,Trine,Sun,Scorpio,"0°57'38.73""",Jupiter,Cancer,"0°52'50.44""",120,120.0801,0.0801
2025-11-17 14:00:00,Aspect,Trine,Sun,Scorpio,"0°57'38.73""",Saturn,Pisces,"1°02'36.64""",120,120.0828,0.0828
2025-11-17 14:00:00,Aspect,Trine,Jupiter,Cancer,"0°52'50.44""",Saturn,Pisces,"1°02'36.64""",120,119.8372,0.1628
2025-11-17 14:15:00,Aspect,Trine,Sun,Scorpio,"0°58'16.54""",Jupiter,Cancer,"0°52'49.73""",120,120.0908,0.0908
2025-11-17 14:15:00,Aspect,Trine,Sun,Scorpio,"0°58'16.54""",Saturn,Pisces,"1°02'35.91""",120,120.072,0.072
2025-11-17 14:15:00,Aspect,Trine,Jupiter,Cancer,"0°52'49.73""",Saturn,Pisces,"1°02'35.91""",120,119.8372,0.1628
2025-11-17 14:30:00,Aspect,Trine,Sun,Scorpio,"0°58'54.36""",Jupiter,Cancer,"0°52'49.02""",120,120.1015,0.1015
2025-11-17 14:30:00,Aspect,Trine,Sun,Scorpio,"0°58'54.36""",Saturn,Pisces,"1°02'35.19""",120,120.0613,0.0613
2025-11-17 14:30:00,Aspect,Trine,Jupiter,Cancer,"0°52'49.02""",Saturn,Pisces,"1°02'35.19""",120,119.8372,0.1628
2025-11-17 14:45:00,Aspect,Trine,Sun,Scorpio,"0°59'32.17""",Jupiter,Cancer,"0°52'48.32""",120,120.1122,0.1122
2025-11-17 14:45:00,Aspect,Trine,Sun,Scorpio,"0°59'32.17""",Saturn,Pisces,"1°02'34.46""",120,120.0506,0.0506
2025-11-17 14:45:00,Aspect,Trine,Jupiter,Cancer,"0°52'48.32""",Saturn,Pisces,"1°02'34.46""",120,119.8372,0.1628
2025-11-17 15:00:00,Aspect,Trine,Sun,Scorpio,"1°00'09.98""",Jupiter,Cancer,"0°52'47.61""",120,120.1229,0.1229
2025-11-17 15:00:00,Aspect,Trine,Sun,Scorpio,"1°00'09.98""",Saturn,Pisces,"1°02'33.74""",120,120.0399,0.0399
2025-11-17 15:00:00,Aspect,Trine,Jupiter,Cancer,"0°52'47.61""",Saturn,Pisces,"1°02'33.74""",120,119.8372,0.1628
2025-11-17 15:15:00,Aspect,Trine,Sun,Scorpio,"1°00'47.79""",Jupiter,Cancer,"0°52'46.90""",120,120.1336,0.1336
2025-11-17 15:15:00,Aspect,Trine,Sun,Scorpio,"1°00'47.79""",Saturn,Pisces,"1°02'33.02""",120,120.0292,0.0292
2025-11-17 15:15:00,Aspect,Trine,Jupiter,Cancer,"0°52'46.90""",Saturn,Pisces,"1°02'33.02""",120,119.8372,0.1628
2025-11-17 15:30:00,Aspect,Trine,Sun,Scorpio,"1°01'25.61""",Jupiter,Cancer,"0°52'46.19""",120,120.1443,0.1443
2025-11-17 15:30:00,Aspect,Trine,Sun,Scorpio,"1°01'25.61""",Saturn,Pisces,"1°02'32.30""",120,120.0185,0.0185
2025-11-17 15:30:00,Aspect,Trine,Jupiter,Cancer,"0°52'46.19""",Saturn,Pisces,"1°02'32.30""",120,119.8372,0.1628
2025-11-17 15:45:00,Aspect,Trine,Sun,Scorpio,"1°02'03.42""",Jupiter,Cancer,"0°52'45.48""",120,120.155,0.155
2025-11-17 15:45:00,Aspect,Trine,Sun,Scorpio,"1°02'03.42""",Saturn,Pisces,"1°02'31.58""",120,120.0078,0.0078
2025-11-17 15:45:00,Aspect,Trine,Jupiter,Cancer,"0°52'45.48""",Saturn,Pisces,"1°02'31.58""",120,119.8372,0.1628
2025-11-17 16:00:00,Aspect,Trine,Sun,Scorpio,"1°02'41.24""",Jupiter,Cancer,"0°52'44.76""",120,120.1657,0.1657
2025-11-17 16:00:00,Aspect,Trine,Sun,Scorpio,"1°02'41.24""",Saturn,Pisces,"1°02'30.86""",120,119.9971,0.0029
2025-11-17 16:00:00,Aspect,Trine,Jupiter,Cancer,"0°52'44.76""",Saturn,Pisces,"1°02'30.86""",120,119.8372,0.1628
2025-11-17 16:15:00,Aspect,Trine,Sun,Scorpio,"1°03'19.05""",Jupiter,Cancer,"0°52'44.05""",120,120.1764,0.1764
2025-11-17 16:15:00,Aspect,Trine,Sun,Scorpio,"1°03'19.05""",Saturn,Pisces,"1°02'30.14""",120,119.9864,0.0136
2025-11-17 16:15:00,Aspect,Trine,Jupiter,Cancer,"0°52'44.05""",Saturn,Pisces,"1°02'30.14""",120,119.8372,0.1628
2025-11-17 16:30:00,Aspect,Trine,Sun,Scorpio,"1°03'56.86""",Jupiter,Cancer,"0°52'43.33""",120,120.1871,0.1871
2025-11-17 16:30:00,Aspect,Trine,Sun,Scorpio,"1°03'56.86""",Saturn,Pisces,"1°02'29.42""",120,119.9757,0.0243
2025-11-17 16:30:00,Aspect,Trine,Jupiter,Cancer,"0°52'43.33""",Saturn,Pisces,"1°02'29.42""",120,119.8372,0.1628
2025-11-17 16:45:00,Aspect,Trine,Sun,Scorpio,"1°04'34.68""",Jupiter,Cancer,"0°52'42.61""",120,120.1978,0.1978
2025-11-17 16:45:00,Aspect,Trine,Sun,Scorpio,"1°04'34.68""",Saturn,Pisces,"1°02'28.70""",120,119.965,0.035
2025-11-17 16:45:00,Aspect,Trine,Jupiter,Cancer,"0°52'42.61""",Saturn,Pisces,"1°02'28.70""",120,119.8372,0.1628
2025-11-17 17:00:00,Aspect,Trine,Sun,Scorpio,"1°05'12.49""",Jupiter,Cancer,"0°52'41.89""",120,120.2085,0.2085
2025-11-17 17:00:00,Aspect,Trine,Sun,Scorpio,"1°05'12.49""",Saturn,Pisces,"1°02'27.98""",120,119.9543,0.0457
2025-11-17 17:00:00,Aspect,Square,Moon,Virgo,"29°57'27.50""",Jupiter,Cancer,"0°52'41.89""",90,89.0793,0.9207
2025-11-17 17:00:00,Aspect,Trine,Jupiter,Cancer,"0°52'41.89""",Saturn,Pisces,"1°02'27.98""",120,119.8372,0.1628
2025-11-17 17:15:00,Aspect,Trine,Sun,Scorpio,"1°05'50.31""",Jupiter,Cancer,"0°52'41.17""",120,120.2192,0.2192
2025-11-17 17:15:00,Aspect,Trine,Sun,Scorpio,"1°05'50.31""",Saturn,Pisces,"1°02'27.26""",120,119.9436,0.0564
2025-11-17 17:15:00,Aspect,Square,Moon,Libra,"0°04'54.46""",Jupiter,Cancer,"0°52'41.17""",90,89.2037,0.7963
2025-11-17 17:15:00,Aspect,Trine,Jupiter,Cancer,"0°52'41.17""",Saturn,Pisces,"1°02'27.26""",120,119.8372,0.1628
2025-11-17 17:30:00,Aspect,Trine,Sun,Scorpio,"1°06'28.12""",Jupiter,Cancer,"0°52'40.45""",120,120.2299,0.2299
2025-11-17 17:30:00,Aspect,Trine,Sun,Scorpio,"1°06'28.12""",Saturn,Pisces,"1°02'26.55""",120,119.9329,0.0671
2025-11-17 17:30:00,Aspect,Square,Moon,Libra,"0°12'21.39""",Jupiter,Cancer,"0°52'40.45""",90,89.328,0.672
2025-11-17 17:30:00,Aspect,Trine,Jupiter,Cancer,"0°52'40.45""",Saturn,Pisces,"1°02'26.55""",120,119.8372,0.1628
2025-11-17 17:45:00,Aspect,Trine,Sun,Scorpio,"1°07'05.94""",Jupiter,Cancer,"0°52'39.73""",120,120.2406,0.2406
2025-11-17 17:45:00,Aspect,Trine,Sun,Scorpio,"1°07'05.94""",Saturn,Pisces,"1°02'25.83""",120,119.9222,0.0778
2025-11-17 17:45:00,Aspect,Square,Moon,Libra,"0°19'48.29""",Jupiter,Cancer,"0°52'39.73""",90,89.4524,0.5476
2025-11-17 17:45:00,Aspect,Trine,Jupiter,Cancer,"0°52'39.73""",Saturn,Pisces,"1°02'25.83""",120,119.8372,0.1628
2025-11-17 18:00:00,Aspect,Trine,Sun,Scorpio,"1°07'43.75""",Jupiter,Cancer,"0°52'39.00""",120,120.2513,0.2513
2025-11-17 18:00:00,Aspect,Trine,Sun,Scorpio,"1°07'43.75""",Saturn,Pisces,"1°02'25.12""",120,119.9115,0.0885
2025-11-17 18:00:00,Aspect,Square,Moon,Libra,"0°27'15.17""",Jupiter,Cancer,"0°52'39.00""",90,89.5767,0.4233
2025-11-17 18:00:00,Aspect,Trine,Jupiter,Cancer,"0°52'39.00""",Saturn,Pisces,"1°02'25.12""",120,119.8372,0.1628
2025-11-17 18:15:00,Aspect,Trine,Sun,Scorpio,"1°08'21.57""",Jupiter,Cancer,"0°52'38.28""",120,120.262,0.262
2025-11-17 18:15:00,Aspect,Trine,Sun,Scorpio,"1°08'21.57""",Saturn,Pisces,"1°02'24.40""",120,119.9008,0.0992
2025-11-17 18:15:00,Aspect,Square,Moon,Libra,"0°34'42.02""",Jupiter,Cancer,"0°52'38.28""",90,89.701,0.299
2025-11-17 18:15:00,Aspect,Trine,Jupiter,Cancer,"0°52'38.28""",Saturn,Pisces,"1°02'24.40""",120,119.8372,0.1628
2025-11-17 18:30:00,Aspect,Trine,Sun,Scorpio,"1°08'59.39""",Jupiter,Cancer,"0°52'37.55""",120,120.2727,0.2727
2025-11-17 18:30:00,Aspect,Trine,Sun,Scorpio,"1°08'59.39""",Saturn,Pisces,"1°02'23.69""",120,119.8901,0.1099
2025-11-17 18:30:00,Aspect,Square,Moon,Libra,"0°42'08.84""",Jupiter,Cancer,"0°52'37.55""",90,89.8254,0.1746
2025-11-17 18:30:00,Aspect,Trine,Jupiter,Cancer,"0°52'37.55""",Saturn,Pisces,"1°02'23.69""",120,119.8372,0.1628
2025-11-17 18:45:00,Aspect,Trine,Sun,Scorpio,"1°09'37.20""",Jupiter,Cancer,"0°52'36.82""",120,120.2834,0.2834
2025-11-17 18:45:00,Aspect,Trine,Sun,Scorpio,"1°09'37.20""",Saturn,Pisces,"1°02'22.98""",120,119.8794,0.1206
2025-11-17 18:45:00,Aspect,Square,Moon,Libra,"0°49'35.64""",Jupiter,Cancer,"0°52'36.82""",90,89.9497,0.0503
2025-11-17 18:45:00,Aspect,Trine,Jupiter,Cancer,"0°52'36.82""",Saturn,Pisces,"1°02'22.98""",120,119.8372,0.1628
2025-11-17 19:00:00,Aspect,Trine,Sun,Scorpio,"1°10'15.02""",Jupiter,Cancer,"0°52'36.09""",120,120.2941,0.2941
2025-11-17 19:00:00,Aspect,Trine,Sun,Scorpio,"1°10'15.02""",Saturn,Pisces,"1°02'22.26""",120,119.8687,0.1313
2025-11-17 19:00:00,Aspect,Square,Moon,Libra,"0°57'02.42""",Jupiter,Cancer,"0°52'36.09""",90,90.074,0.074
2025-11-17 19:00:00,Aspect,Trine,Jupiter,Cancer,"0°52'36.09""",Saturn,Pisces,"1°02'22.26""",120,119.8372,0.1628
2025-11-17 19:15:00,Aspect,Trine,Sun,Scorpio,"1°10'52.83""",Jupiter,Cancer,"0°52'35.36""",120,120.3049,0.3049
2025-11-17 19:15:00,Aspect,Trine,Sun,Scorpio,"1°10'52.83""",Saturn,Pisces,"1°02'21.55""",120,119.858,0.142
2025-11-17 19:15:00,Aspect,Square,Moon,Libra,"1°04'29.16""",Jupiter,Cancer,"0°52'35.36""",90,90.1983,0.1983
2025-11-17 19:15:00,Aspect,Trine,Jupiter,Cancer,"0°52'35.36""",Saturn,Pisces,"1°02'21.55""",120,119.8372,0.1628
2025-11-17 19:30:00,Aspect,Trine,Sun,Scorpio,"1°11'30.65""",Jupiter,Cancer,"0°52'34.63""",120,120.3156,0.3156
2025-11-17 19:30:00,Aspect,Trine,Sun,Scorpio,"1°11'30.65""",Saturn,Pisces,"1°02'20.84""",120,119.8473,0.1527
2025-11-17 19:30:00,Aspect,Square,Moon,Libra,"1°11'55.89""",Jupiter,Cancer,"0°52'34.63""",90,90.3226,0.3226
2025-11-17 19:30:00,Aspect,Trine,Jupiter,Cancer,"0°52'34.63""",Saturn,Pisces,"1°02'20.84""",120,119.8372,0.1628
2025-11-17 19:45:00,Aspect,Trine,Sun,Scorpio,"1°12'08.47""",Jupiter,Cancer,"0°52'33.90""",120,120.3263,0.3263
2025-11-17 19:45:00,Aspect,Trine,Sun,Scorpio,"1°12'08.47""",Saturn,Pisces,"1°02'20.13""",120,119.8366,0.1634
2025-11-17 19:45:00,Aspect,Square,Moon,Libra,"1°19'22.59""",Jupiter,Cancer,"0°52'33.90""",90,90.4469,0.4469
2025-11-17 19:45:00,Aspect,Trine,Jupiter,Cancer,"0°52'33.90""",Saturn,Pisces,"1°02'20.13""",120,119.8372,0.1628
2025-11-17 20:00:00,Aspect,Trine,Sun,Scorpio,"1°12'46.28""",Jupiter,Cancer,"0°52'33.16""",120,120.337,0.337
2025-11-17 20:00:00,Aspect,Trine,Sun,Scorpio,"1°12'46.28""",Saturn,Pisces,"1°02'19.42""",120,119.8259,0.1741
2025-11-17 20:00:00,Aspect,Square,Moon,Libra,"1°26'49.26""",Jupiter,Cancer,"0°52'33.16""",90,90.5711,0.5711
2025-11-17 20:00:00,Aspect,Trine,Jupiter,Cancer,"0°52'33.16""",Saturn,Pisces,"1°02'19.42""",120,119.8372,0.1628
2025-11-17 20:15:00,Aspect,Trine,Sun,Scorpio,"1°13'24.10""",Jupiter,Cancer,"0°52'32.43""",120,120.3477,0.3477
2025-11-17 20:15:00,Aspect,Trine,Sun,Scorpio,"1°13'24.10""",Saturn,Pisces,"1°02'18.71""",120,119.8152,0.1848
2025-11-17 20:15:00,Aspect,Square,Moon,Libra,"1°34'15.91""",Jupiter,Cancer,"0°52'32.43""",90,90.6954,0.6954
2025-11-17 20:15:00,Aspect,Trine,Jupiter,Cancer,"0°52'32.43""",Saturn,Pisces,"1°02'18.71""",120,119.8371,0.1629
2025-11-17 20:30:00,Aspect,Trine,Sun,Scorpio,"1°14'01.92""",Jupiter,Cancer,"0°52'31.69""",120,120.3584,0.3584
2025-11-17 20:30:00,Aspect,Trine,Sun,Scorpio,"1°14'01.92""",Saturn,Pisces,"1°02'18.01""",120,119.8045,0.1955
2025-11-17 20:30:00,Aspect,Square,Moon,Libra,"1°41'42.54""",Jupiter,Cancer,"0°52'31.69""",90,90.8197,0.8197
2025-11-17 20:30:00,Aspect,Trine,Jupiter,Cancer,"0°52'31.69""",Saturn,Pisces,"1°02'18.01""",120,119.8371,0.1629
2025-11-17 20:45:00,Aspect,Trine,Sun,Scorpio,"1°14'39.74""",Jupiter,Cancer,"0°52'30.95""",120,120.3691,0.3691
2025-11-17 20:45:00,Aspect,Trine,Sun,Scorpio,"1°14'39.74""",Saturn,Pisces,"1°02'17.30""",120,119.7938,0.2062
2025-11-17 20:45:00,Aspect,Square,Moon,Libra,"1°49'09.14""",Jupiter,Cancer,"0°52'30.95""",90,90.9439,0.9439
2025-11-17 20:45:00,Aspect,Trine,Jupiter,Cancer,"0°52'30.95""",Saturn,Pisces,"1°02'17.30""",120,119.8371,0.1629
2025-11-17 21:00:00,Aspect,Trine,Sun,Scorpio,"1°15'17.55""",Jupiter,Cancer,"0°52'30.21""",120,120.3798,0.3798
2025-11-17 21:00:00,Aspect,Trine,Sun,Scorpio,"1°15'17.55""",Saturn,Pisces,"1°02'16.59""",120,119.7831,0.2169
2025-11-17 21:00:00,Aspect,Trine,Jupiter,Cancer,"0°52'30.21""",Saturn,Pisces,"1°02'16.59""",120,119.8371,0.1629
2025-11-17 21:15:00,Aspect,Trine,Sun,Scorpio,"1°15'55.37""",Jupiter,Cancer,"0°52'29.47""",120,120.3905,0.3905
2025-11-17 21:15:00,Aspect,Trine,Sun,Scorpio,"1°15'55.37""",Saturn,Pisces,"1°02'15.89""",120,119.7724,0.2276
2025-11-17 21:15:00,Aspect,Trine,Jupiter,Cancer,"0°52'29.47""",Saturn,Pisces,"1°02'15.89""",120,119.8371,0.1629
2025-11-17 21:30:00,Aspect,Trine,Sun,Scorpio,"1°16'33.19""",Jupiter,Cancer,"0°52'28.73""",120,120.4012,0.4012
2025-11-17 21:30:00,Aspect,Trine,Sun,Scorpio,"1°16'33.19""",Saturn,Pisces,"1°02'15.18""",120,119.7617,0.2383
2025-11-17 21:30:00,Aspect,Trine,Jupiter,Cancer,"0°52'28.73""",Saturn,Pisces,"1°02'15.18""",120,119.8371,0.1629
2025-11-17 21:45:00,Aspect,Trine,Sun,Scorpio,"1°17'11.01""",Jupiter,Cancer,"0°52'27.98""",120,120.412,0.412
2025-11-17 21:45:00,Aspect,Trine,Sun,Scorpio,"1°17'11.01""",Saturn,Pisces,"1°02'14.48""",120,119.751,0.249
2025-11-17 21:45:00,Aspect,Trine,Jupiter,Cancer,"0°52'27.98""",Saturn,Pisces,"1°02'14.48""",120,119.8371,0.1629
2025-11-17 22:00:00,Aspect,Trine,Sun,Scorpio,"1°17'48.83""",Jupiter,Cancer,"0°52'27.24""",120,120.4227,0.4227
2025-11-17 22:00:00,Aspect,Trine,Sun,Scorpio,"1°17'48.83""",Saturn,Pisces,"1°02'13.77""",120,119.7403,0.2597
2025-11-17 22:00:00,Aspect,Trine,Jupiter,Cancer,"0°52'27.24""",Saturn,Pisces,"1°02'13.77""",120,119.8371,0.1629
2025-11-17 22:15:00,Aspect,Trine,Sun,Scorpio,"1°18'26.64""",Jupiter,Cancer,"0°52'26.49""",120,120.4334,0.4334
2025-11-17 22:15:00,Aspect,Trine,Sun,Scorpio,"1°18'26.64""",Saturn,Pisces,"1°02'13.07""",120,119.7296,0.2704
2025-11-17 22:15:00,Aspect,Trine,Jupiter,Cancer,"0°52'26.49""",Saturn,Pisces,"1°02'13.07""",120,119.8371,0.1629
2025-11-17 22:30:00,Aspect,Trine,Sun,Scorpio,"1°19'04.46""",Jupiter,Cancer,"0°52'25.75""",120,120.4441,0.4441
2025-11-17 22:30:00,Aspect,Trine,Sun,Scorpio,"1°19'04.46""",Saturn,Pisces,"1°02'12.37""",120,119.7189,0.2811
2025-11-17 22:30:00,Aspect,Trine,Jupiter,Cancer,"0°52'25.75""",Saturn,Pisces,"1°02'12.37""",120,119.8371,0.1629
2025-11-17 22:45:00,Aspect,Trine,Sun,Scorpio,"1°19'42.28""",Jupiter,Cancer,"0°52'25.00""",120,120.4548,0.4548
2025-11-17 22:45:00,Aspect,Trine,Sun,Scorpio,"1°19'42.28""",Saturn,Pisces,"1°02'11.66""",120,119.7082,0.2918
2025-11-17 22:45:00,Aspect,Trine,Jupiter,Cancer,"0°52'25.00""",Saturn,Pisces,"1°02'11.66""",120,119.837,0.163
2025-11-17 23:00:00,Aspect,Trine,Sun,Scorpio,"1°20'20.10""",Jupiter,Cancer,"0°52'24.25""",120,120.4655,0.4655
2025-11-17 23:00:00,Aspect,Trine,Sun,Scorpio,"1°20'20.10""",Saturn,Pisces,"1°02'10.96""",120,119.6975,0.3025
2025-11-17 23:00:00,Aspect,Trine,Jupiter,Cancer,"0°52'24.25""",Saturn,Pisces,"1°02'10.96""",120,119.837,0.163
2025-11-17 23:15:00,Aspect,Trine,Sun,Scorpio,"1°20'57.92""",Jupiter,Cancer,"0°52'23.49""",120,120.4762,0.4762
2025-11-17 23:15:00,Aspect,Trine,Sun,Scorpio,"1°20'57.92""",Saturn,Pisces,"1°02'10.26""",120,119.6868,0.3132
2025-11-17 23:15:00,Aspect,Trine,Jupiter,Cancer,"0°52'23.49""",Saturn,Pisces,"1°02'10.26""",120,119.837,0.163
2025-11-17 23:30:00,Aspect,Trine,Sun,Scorpio,"1°21'35.74""",Jupiter,Cancer,"0°52'22.74""",120,120.4869,0.4869
2025-11-17 23:30:00,Aspect,Trine,Sun,Scorpio,"1°21'35.74""",Saturn,Pisces,"1°02'09.56""",120,119.6761,0.3239
2025-11-17 23:30:00,Aspect,Trine,Jupiter,Cancer,"0°52'22.74""",Saturn,Pisces,"1°02'09.56""",120,119.837,0.163
2025-11-17 23:45:00,Aspect,Trine,Sun,Scorpio,"1°22'13.56""",Jupiter,Cancer,"0°52'21.99""",120,120.4977,0.4977
2025-11-17 23:45:00,Aspect,Trine,Sun,Scorpio,"1°22'13.56""",Saturn,Pisces,"1°02'08.86""",120,119.6654,0.3346
2025-11-17 23:45:00,Aspect,Trine,Jupiter,Cancer,"0°52'21.99""",Saturn,Pisces,"1°02'08.86""",120,119.837,0.163
2025-11-18 00:00:00,Aspect,Trine,Sun,Scorpio,"1°22'51.38""",Jupiter,Cancer,"0°52'21.23""",120,120.5084,0.5084
2025-11-18 00:00:00,Aspect,Trine,Sun,Scorpio,"1°22'51.38""",Saturn,Pisces,"1°02'08.16""",120,119.6547,0.3453
2025-11-18 00:00:00,Aspect,Trine,Jupiter,Cancer,"0°52'21.23""",Saturn,Pisces,"1°02'08.16""",120,119.837,0.163
2025-11-18 00:15:00,Aspect,Trine,Sun,Scorpio,"1°23'29.20""",Jupiter,Cancer,"0°52'20.47""",120,120.5191,0.5191
2025-11-18 00:15:00,Aspect,Trine,Sun,Scorpio,"1°23'29.20""",Saturn,Pisces,"1°02'07.47""",120,119.644,0.356
2025-11-18 00:15:00,Aspect,Trine,Jupiter,Cancer,"0°52'20.47""",Saturn,Pisces,"1°02'07.47""",120,119.8369,0.1631
2025-11-18 00:30:00,Aspect,Trine,Sun,Scorpio,"1°24'07.02""",Jupiter,Cancer,"0°52'19.72""",120,120.5298,0.5298
2025-11-18 00:30:00,Aspect,Trine,Sun,Scorpio,"1°24'07.02""",Saturn,Pisces,"1°02'06.77""",120,119.6333,0.3667
2025-11-18 00:30:00,Aspect,Trine,Venus,Libra,"19°18'11.81""",Rahu,Aquarius,"20°17'41.66""",120,120.9916,0.9916
2025-11-18 00:30:00,Aspect,Trine,Jupiter,Cancer,"0°52'19.72""",Saturn,Pisces,"1°02'06.77""",120,119.8369,0.1631
2025-11-18 00:45:00,Aspect,Trine,Sun,Scorpio,"1°24'44.84""",Jupiter,Cancer,"0°52'18.96""",120,120.5405,0.5405
2025-11-18 00:45:00,Aspect,Trine,Sun,Scorpio,"1°24'44.84""",Saturn,Pisces,"1°02'06.07""",120,119.6226,0.3774
2025-11-18 00:45:00,Aspect,Trine,Venus,Libra,"19°18'58.88""",Rahu,Aquarius,"20°17'39.68""",120,120.978,0.978
2025-11-18 00:45:00,Aspect,Trine,Jupiter,Cancer,"0°52'18.96""",Saturn,Pisces,"1°02'06.07""",120,119.8369,0.1631
2025-11-18 01:00:00,Aspect,Trine,Sun,Scorpio,"1°25'22.66""",Jupiter,Cancer,"0°52'18.20""",120,120.5512,0.5512
2025-11-18 01:00:00,Aspect,Trine,Sun,Scorpio,"1°25'22.66""",Saturn,Pisces,"1°02'05.38""",120,119.6119,0.3881
2025-11-18 01:00:00,Aspect,Trine,Venus,Libra,"19°19'45.96""",Rahu,Aquarius,"20°17'37.69""",120,120.9644,0.9644
2025-11-18 01:00:00,Aspect,Trine,Jupiter,Cancer,"0°52'18.20""",Saturn,Pisces,"1°02'05.38""",120,119.8369,0.1631
2025-11-18 01:15:00,Aspect,Trine,Sun,Scorpio,"1°26'00.48""",Jupiter,Cancer,"0°52'17.43""",120,120.562,0.562
2025-11-18 01:15:00,Aspect,Trine,Sun,Scorpio,"1°26'00.48""",Saturn,Pisces,"1°02'04.68""",120,119.6012,0.3988
2025-11-18 01:15:00,Aspect,Trine,Venus,Libra,"19°20'33.04""",Rahu,Aquarius,"20°17'35.70""",120,120.9507,0.9507
2025-11-18 01:15:00,Aspect,Trine,Jupiter,Cancer,"0°52'17.43""",Saturn,Pisces,"1°02'04.68""",120,119.8369,0.1631
2025-11-18 01:30:00,Aspect,Trine,Sun,Scorpio,"1°26'38.30""",Jupiter,Cancer,"0°52'16.67""",120,120.5727,0.5727
2025-11-18 01:30:00,Aspect,Trine,Sun,Scorpio,"1°26'38.30""",Saturn,Pisces,"1°02'03.99""",120,119.5905,0.4095
2025-11-18 01:30:00,Aspect,Trine,Venus,Libra,"19°21'20.11""",Rahu,Aquarius,"20°17'33.71""",120,120.9371,0.9371
2025-11-18 01:30:00,Aspect,Trine,Jupiter,Cancer,"0°52'16.67""",Saturn,Pisces,"1°02'03.99""",120,119.8369,0.1631
2025-11-18 01:45:00,Aspect,Trine,Sun,Scorpio,"1°27'16.12""",Jupiter,Cancer,"0°52'15.91""",120,120.5834,0.5834
2025-11-18 01:45:00,Aspect,Trine,Sun,Scorpio,"1°27'16.12""",Saturn,Pisces,"1°02'03.29""",120,119.5798,0.4202
2025-11-18 01:45:00,Aspect,Trine,Venus,Libra,"19°22'07.19""",Rahu,Aquarius,"20°17'31.73""",120,120.9235,0.9235
2025-11-18 01:45:00,Aspect,Trine,Jupiter,Cancer,"0°52'15.91""",Saturn,Pisces,"1°02'03.29""",120,119.8368,0.1632
2025-11-18 02:00:00,Aspect,Trine,Sun,Scorpio,"1°27'53.94""",Jupiter,Cancer,"0°52'15.14""",120,120.5941,0.5941
2025-11-18 02:00:00,Aspect,Trine,Sun,Scorpio,"1°27'53.94""",Saturn,Pisces,"1°02'02.60""",120,119.5691,0.4309
2025-11-18 02:00:00,Aspect,Trine,Venus,Libra,"19°22'54.27""",Rahu,Aquarius,"20°17'29.74""",120,120.9099,0.9099
2025-11-18 02:00:00,Aspect,Trine,Jupiter,Cancer,"0°52'15.14""",Saturn,Pisces,"1°02'02.60""",120,119.8368,0.1632
2025-11-18 02:15:00,Aspect,Trine,Sun,Scorpio,"1°28'31.77""",Jupiter,Cancer,"0°52'14.37""",120,120.6048,0.6048
2025-11-18 02:15:00,Aspect,Trine,Sun,Scorpio,"1°28'31.77""",Saturn,Pisces,"1°02'01.91""",120,119.5584,0.4416
2025-11-18 02:15:00,Aspect,Trine,Venus,Libra,"19°23'41.34""",Rahu,Aquarius,"20°17'27.75""",120,120.8962,0.8962
2025-11-18 02:15:00,Aspect,Trine,Jupiter,Cancer,"0°52'14.37""",Saturn,Pisces,"1°02'01.91""",120,119.8368,0.1632
2025-11-18 02:30:00,Aspect,Trine,Sun,Scorpio,"1°29'09.59""",Jupiter,Cancer,"0°52'13.60""",120,120.6156,0.6156
2025-11-18 02:30:00,Aspect,Trine,Sun,Scorpio,"1°29'09.59""",Saturn,Pisces,"1°02'01.21""",120,119.5477,0.4523
2025-11-18 02:30:00,Aspect,Trine,Venus,Libra,"19°24'28.42""",Rahu,Aquarius,"20°17'25.76""",120,120.8826,0.8826
2025-11-18 02:30:00,Aspect,Trine,Jupiter,Cancer,"0°52'13.60""",Saturn,Pisces,"1°02'01.21""",120,119.8368,0.1632
2025-11-18 02:45:00,Aspect,Trine,Sun,Scorpio,"1°29'47.41""",Jupiter,Cancer,"0°52'12.83""",120,120.6263,0.6263
2025-11-18 02:45:00,Aspect,Trine,Sun,Scorpio,"1°29'47.41""",Saturn,Pisces,"1°02'00.52""",120,119.537,0.463
2025-11-18 02:45:00,Aspect,Trine,Venus,Libra,"19°25'15.49""",Rahu,Aquarius,"20°17'23.78""",120,120.869,0.869
2025-11-18 02:45:00,Aspect,Trine,Jupiter,Cancer,"0°52'12.83""",Saturn,Pisces,"1°02'00.52""",120,119.8368,0.1632
2025-11-18 03:00:00,Aspect,Trine,Sun,Scorpio,"1°30'25.23""",Jupiter,Cancer,"0°52'12.06""",120,120.637,0.637
2025-11-18 03:00:00,Aspect,Trine,Sun,Scorpio,"1°30'25.23""",Saturn,Pisces,"1°01'59.83""",120,119.5263,0.4737
2025-11-18 03:00:00,Aspect,Trine,Venus,Libra,"19°26'02.57""",Rahu,Aquarius,"20°17'21.79""",120,120.8553,0.8553
2025-11-18 03:00:00,Aspect,Trine,Jupiter,Cancer,"0°52'12.06""",Saturn,Pisces,"1°01'59.83""",120,119.8367,0.1633
2025-11-18 03:15:00,Aspect,Trine,Sun,Scorpio,"1°31'03.05""",Jupiter,Cancer,"0°52'11.29""",120,120.6477,0.6477
2025-11-18 03:15:00,Aspect,Trine,Sun,Scorpio,"1°31'03.05""",Saturn,Pisces,"1°01'59.14""",120,119.5156,0.4844
2025-11-18 03:15:00,Aspect,Trine,Venus,Libra,"19°26'49.65""",Rahu,Aquarius,"20°17'19.80""",120,120.8417,0.8417
2025-11-18 03:15:00,Aspect,Trine,Jupiter,Cancer,"0°52'11.29""",Saturn,Pisces,"1°01'59.14""",120,119.8367,0.1633
2025-11-18 03:30:00,Aspect,Trine,Sun,Scorpio,"1°31'40.88""",Jupiter,Cancer,"0°52'10.52""",120,120.6584,0.6584
2025-11-18 03:30:00,Aspect,Trine,Sun,Scorpio,"1°31'40.88""",Saturn,Pisces,"1°01'58.45""",120,119.5049,0.4951
2025-11-18 03:30:00,Aspect,Trine,Venus,Libra,"19°27'36.72""",Rahu,Aquarius,"20°17'17.82""",120,120.8281,0.8281
2025-11-18 03:30:00,Aspect,Trine,Jupiter,Cancer,"0°52'10.52""",Saturn,Pisces,"1°01'58.45""",120,119.8367,0.1633
2025-11-18 03:45:00,Aspect,Trine,Sun,Scorpio,"1°32'18.70""",Jupiter,Cancer,"0°52'09.74""",120,120.6692,0.6692
2025-11-18 03:45:00,Aspect,Trine,Sun,Scorpio,"1°32'18.70""",Saturn,Pisces,"1°01'57.77""",120,119.4942,0.5058
2025-11-18 03:45:00,Aspect,Trine,Venus,Libra,"19°28'23.80""",Rahu,Aquarius,"20°17'15.83""",120,120.8145,0.8145
2025-11-18 03:45:00,Aspect,Trine,Jupiter,Cancer,"0°52'09.74""",Saturn,Pisces,"1°01'57.77""",120,119.8367,0.1633
2025-11-18 04:00:00,Aspect,Trine,Sun,Scorpio,"1°32'56.52""",Jupiter,Cancer,"0°52'08.96""",120,120.6799,0.6799
2025-11-18 04:00:00,Aspect,Trine,Sun,Scorpio,"1°32'56.52""",Saturn,Pisces,"1°01'57.08""",120,119.4835,0.5165
2025-11-18 04:00:00,Aspect,Trine,Venus,Libra,"19°29'10.88""",Rahu,Aquarius,"20°17'13.84""",120,120.8008,0.8008
2025-11-18 04:00:00,Aspect,Trine,Jupiter,Cancer,"0°52'08.96""",Saturn,Pisces,"1°01'57.08""",120,119.8366,0.1634
2025-11-18 04:15:00,Aspect,Trine,Sun,Scorpio,"1°33'34.34""",Jupiter,Cancer,"0°52'08.19""",120,120.6906,0.6906
2025-11-18 04:15:00,Aspect,Trine,Sun,Scorpio,"1°33'34.34""",Saturn,Pisces,"1°01'56.39""",120,119.4728,0.5272
2025-11-18 04:15:00,Aspect,Trine,Venus,Libra,"19°29'57.96""",Rahu,Aquarius,"20°17'11.85""",120,120.7872,0.7872
2025-11-18 04:15:00,Aspect,Trine,Jupiter,Cancer,"0°52'08.19""",Saturn,Pisces,"1°01'56.39""",120,119.8366,0.1634
2025-11-18 04:30:00,Aspect,Trine,Sun,Scorpio,"1°34'12.17""",Jupiter,Cancer,"0°52'07.41""",120,120.7013,0.7013
2025-11-18 04:30:00,Aspect,Trine,Sun,Scorpio,"1°34'12.17""",Saturn,Pisces,"1°01'55.70""",120,119.4621,0.5379
2025-11-18 04:30:00,Aspect,Trine,Venus,Libra,"19°30'45.03""",Rahu,Aquarius,"20°17'09.87""",120,120.7736,0.7736
2025-11-18 04:30:00,Aspect,Trine,Jupiter,Cancer,"0°52'07.41""",Saturn,Pisces,"1°01'55.70""",120,119.8366,0.1634
2025-11-18 04:45:00,Aspect,Trine,Sun,Scorpio,"1°34'49.99""",Jupiter,Cancer,"0°52'06.63""",120,120.712,0.712
2025-11-18 04:45:00,Aspect,Trine,Sun,Scorpio,"1°34'49.99""",Saturn,Pisces,"1°01'55.02""",120,119.4514,0.5486
2025-11-18 04:45:00,Aspect,Trine,Venus,Libra,"19°31'32.11""",Rahu,Aquarius,"20°17'07.88""",120,120.7599,0.7599
2025-11-18 04:45:00,Aspect,Trine,Jupiter,Cancer,"0°52'06.63""",Saturn,Pisces,"1°01'55.02""",120,119.8366,0.1634
2025-11-18 05:00:00,Aspect,Trine,Sun,Scorpio,"1°35'27.81""",Jupiter,Cancer,"0°52'05.85""",120,120.7228,0.7228
2025-11-18 05:00:00,Aspect,Trine,Sun,Scorpio,"1°35'27.81""",Saturn,Pisces,"1°01'54.33""",120,119.4407,0.5593
2025-11-18 05:00:00,Aspect,Trine,Venus,Libra,"19°32'19.19""",Rahu,Aquarius,"20°17'05.89""",120,120.7463,0.7463
2025-11-18 05:00:00,Aspect,Trine,Jupiter,Cancer,"0°52'05.85""",Saturn,Pisces,"1°01'54.33""",120,119.8365,0.1635
2025-11-18 05:15:00,Aspect,Trine,Sun,Scorpio,"1°36'05.64""",Jupiter,Cancer,"0°52'05.06""",120,120.7335,0.7335
2025-11-18 05:15:00,Aspect,Trine,Sun,Scorpio,"1°36'05.64""",Saturn,Pisces,"1°01'53.65""",120,119.43,0.57
2025-11-18 05:15:00,Aspect,Trine,Venus,Libra,"19°33'06.27""",Rahu,Aquarius,"20°17'03.91""",120,120.7327,0.7327
2025-11-18 05:15:00,Aspect,Trine,Jupiter,Cancer,"0°52'05.06""",Saturn,Pisces,"1°01'53.65""",120,119.8365,0.1635
2025-11-18 05:30:00,Aspect,Trine,Sun,Scorpio,"1°36'43.46""",Jupiter,Cancer,"0°52'04.28""",120,120.7442,0.7442
2025-11-18 05:30:00,Aspect,Trine,Sun,Scorpio,"1°36'43.46""",Saturn,Pisces,"1°01'52.97""",120,119.4193,0.5807
2025-11-18 05:30:00,Aspect,Trine,Venus,Libra,"19°33'53.34""",Rahu,Aquarius,"20°17'01.92""",120,120.719,0.719
2025-11-18 05:30:00,Aspect,Trine,Jupiter,Cancer,"0°52'04.28""",Saturn,Pisces,"1°01'52.97""",120,119.8365,0.1635
2025-11-18 05:45:00,Aspect,Trine,Sun,Scorpio,"1°37'21.29""",Jupiter,Cancer,"0°52'03.49""",120,120.7549,0.7549
2025-11-18 05:45:00,Aspect,Trine,Sun,Scorpio,"1°37'21.29""",Saturn,Pisces,"1°01'52.28""",120,119.4086,0.5914
2025-11-18 05:45:00,Aspect,Trine,Venus,Libra,"19°34'40.42""",Rahu,Aquarius,"20°16'59.93""",120,120.7054,0.7054
2025-11-18 05:45:00,Aspect,Trine,Jupiter,Cancer,"0°52'03.49""",Saturn,Pisces,"1°01'52.28""",120,119.8364,0.1636
2025-11-18 06:00:00,Aspect,Trine,Sun,Scorpio,"1°37'59.11""",Jupiter,Cancer,"0°52'02.71""",120,120.7657,0.7657
2025-11-18 06:00:00,Aspect,Trine,Sun,Scorpio,"1°37'59.11""",Saturn,Pisces,"1°01'51.60""",120,119.3979,0.6021
2025-11-18 06:00:00,Aspect,Trine,Venus,Libra,"19°35'27.50""",Rahu,Aquarius,"20°16'57.94""",120,120.6918,0.6918
2025-11-18 06:00:00,Aspect,Trine,Jupiter,Cancer,"0°52'02.71""",Saturn,Pisces,"1°01'51.60""",120,119.8364,0.1636
2025-11-18 06:15:00,Aspect,Trine,Sun,Scorpio,"1°38'36.93""",Jupiter,Cancer,"0°52'01.92""",120,120.7764,0.7764
2025-11-18 06:15:00,Aspect,Trine,Sun,Scorpio,"1°38'36.93""",Saturn,Pisces,"1°01'50.92""",120,119.3872,0.6128
2025-11-18 06:15:00,Aspect,Trine,Venus,Libra,"19°36'14.58""",Rahu,Aquarius,"20°16'55.96""",120,120.6782,0.6782
2025-11-18 06:15:00,Aspect,Trine,Jupiter,Cancer,"0°52'01.92""",Saturn,Pisces,"1°01'50.92""",120,119.8364,0.1636
2025-11-18 06:30:00,Aspect,Trine,Sun,Scorpio,"1°39'14.76""",Jupiter,Cancer,"0°52'01.13""",120,120.7871,0.7871
2025-11-18 06:30:00,Aspect,Trine,Sun,Scorpio,"1°39'14.76""",Saturn,Pisces,"1°01'50.24""",120,119.3765,0.6235
2025-11-18 06:30:00,Aspect,Trine,Venus,Libra,"19°37'01.65""",Rahu,Aquarius,"20°16'53.97""",120,120.6645,0.6645
2025-11-18 06:30:00,Aspect,Trine,Jupiter,Cancer,"0°52'01.13""",Saturn,Pisces,"1°01'50.24""",120,119.8364,0.1636
2025-11-18 06:45:00,Aspect,Trine,Sun,Scorpio,"1°39'52.58""",Jupiter,Cancer,"0°52'00.34""",120,120.7978,0.7978
2025-11-18 06:45:00,Aspect,Trine,Sun,Scorpio,"1°39'52.58""",Saturn,Pisces,"1°01'49.56""",120,119.3658,0.6342
2025-11-18 06:45:00,Aspect,Trine,Venus,Libra,"19°37'48.73""",Rahu,Aquarius,"20°16'51.98""",120,120.6509,0.6509
2025-11-18 06:45:00,Aspect,Trine,Jupiter,Cancer,"0°52'00.34""",Saturn,Pisces,"1°01'49.56""",120,119.8363,0.1637
2025-11-18 07:00:00,Aspect,Trine,Sun,Scorpio,"1°40'30.41""",Jupiter,Cancer,"0°51'59.55""",120,120.8086,0.8086
2025-11-18 07:00:00,Aspect,Trine,Sun,Scorpio,"1°40'30.41""",Saturn,Pisces,"1°01'48.88""",120,119.3551,0.6449
2025-11-18 07:00:00,Aspect,Trine,Venus,Libra,"19°38'35.81""",Rahu,Aquarius,"20°16'50.00""",120,120.6373,0.6373
2025-11-18 07:00:00,Aspect,Trine,Jupiter,Cancer,"0°51'59.55""",Saturn,Pisces,"1°01'48.88""",120,119.8363,0.1637
2025-11-18 07:15:00,Aspect,Trine,Sun,Scorpio,"1°41'08.23""",Jupiter,Cancer,"0°51'58.75""",120,120.8193,0.8193
2025-11-18 07:15:00,Aspect,Trine,Sun,Scorpio,"1°41'08.23""",Saturn,Pisces,"1°01'48.20""",120,119.3444,0.6556
2025-11-18 07:15:00,Aspect,Trine,Venus,Libra,"19°39'22.89""",Rahu,Aquarius,"20°16'48.01""",120,120.6236,0.6236
2025-11-18 07:15:00,Aspect,Trine,Jupiter,Cancer,"0°51'58.75""",Saturn,Pisces,"1°01'48.20""",120,119.8363,0.1637
2025-11-18 07:30:00,Aspect,Trine,Sun,Scorpio,"1°41'46.06""",Jupiter,Cancer,"0°51'57.96""",120,120.83,0.83
2025-11-18 07:30:00,Aspect,Trine,Sun,Scorpio,"1°41'46.06""",Saturn,Pisces,"1°01'47.52""",120,119.3337,0.6663
2025-11-18 07:30:00,Aspect,Trine,Venus,Libra,"19°40'09.97""",Rahu,Aquarius,"20°16'46.02""",120,120.61,0.61
2025-11-18 07:30:00,Aspect,Trine,Jupiter,Cancer,"0°51'57.96""",Saturn,Pisces,"1°01'47.52""",120,119.8362,0.1638
2025-11-18 07:45:00,Aspect,Trine,Sun,Scorpio,"1°42'23.89""",Jupiter,Cancer,"0°51'57.16""",120,120.8408,0.8408
2025-11-18 07:45:00,Aspect,Trine,Sun,Scorpio,"1°42'23.89""",Saturn,Pisces,"1°01'46.84""",120,119.323,0.677
2025-11-18 07:45:00,Aspect,Trine,Venus,Libra,"19°40'57.05""",Rahu,Aquarius,"20°16'44.03""",120,120.5964,0.5964
2025-11-18 07:45:00,Aspect,Trine,Jupiter,Cancer,"0°51'57.16""",Saturn,Pisces,"1°01'46.84""",120,119.8362,0.1638
2025-11-18 08:00:00,Aspect,Trine,Sun,Scorpio,"1°43'01.71""",Jupiter,Cancer,"0°51'56.36""",120,120.8515,0.8515
2025-11-18 08:00:00,Aspect,Trine,Sun,Scorpio,"1°43'01.71""",Saturn,Pisces,"1°01'46.17""",120,119.3123,0.6877
2025-11-18 08:00:00,Aspect,Trine,Venus,Libra,"19°41'44.12""",Rahu,Aquarius,"20°16'42.05""",120,120.5828,0.5828
2025-11-18 08:00:00,Aspect,Trine,Jupiter,Cancer,"0°51'56.36""",Saturn,Pisces,"1°01'46.17""",120,119.8362,0.1638
2025-11-18 08:15:00,Aspect,Trine,Sun,Scorpio,"1°43'39.54""",Jupiter,Cancer,"0°51'55.56""",120,120.8622,0.8622
2025-11-18 08:15:00,Aspect,Trine,Sun,Scorpio,"1°43'39.54""",Saturn,Pisces,"1°01'45.49""",120,119.3017,0.6983
2025-11-18 08:15:00,Aspect,Trine,Venus,Libra,"19°42'31.20""",Rahu,Aquarius,"20°16'40.06""",120,120.5691,0.5691
2025-11-18 08:15:00,Aspect,Trine,Jupiter,Cancer,"0°51'55.56""",Saturn,Pisces,"1°01'45.49""",120,119.8361,0.1639
2025-11-18 08:30:00,Aspect,Trine,Sun,Scorpio,"1°44'17.36""",Jupiter,Cancer,"0°51'54.76""",120,120.8729,0.8729
2025-11-18 08:30:00,Aspect,Trine,Sun,Scorpio,"1°44'17.36""",Saturn,Pisces,"1°01'44.81""",120,119.291,0.709
2025-11-18 08:30:00,Aspect,Trine,Venus,Libra,"19°43'18.28""",Rahu,Aquarius,"20°16'38.07""",120,120.5555,0.5555
2025-11-18 08:30:00,Aspect,Trine,Jupiter,Cancer,"0°51'54.76""",Saturn,Pisces,"1°01'44.81""",120,119.8361,0.1639
2025-11-18 08:45:00,Aspect,Trine,Sun,Scorpio,"1°44'55.19""",Jupiter,Cancer,"0°51'53.96""",120,120.8837,0.8837
2025-11-18 08:45:00,Aspect,Trine,Sun,Scorpio,"1°44'55.19""",Saturn,Pisces,"1°01'44.14""",120,119.2803,0.7197
2025-11-18 08:45:00,Aspect,Trine,Venus,Libra,"19°44'05.36""",Rahu,Aquarius,"20°16'36.08""",120,120.5419,0.5419
2025-11-18 08:45:00,Aspect,Trine,Jupiter,Cancer,"0°51'53.96""",Saturn,Pisces,"1°01'44.14""",120,119.8361,0.1639
2025-11-18 09:00:00,Aspect,Trine,Sun,Scorpio,"1°45'33.02""",Jupiter,Cancer,"0°51'53.16""",120,120.8944,0.8944
2025-11-18 09:00:00,Aspect,Trine,Sun,Scorpio,"1°45'33.02""",Saturn,Pisces,"1°01'43.46""",120,119.2696,0.7304
2025-11-18 09:00:00,Aspect,Trine,Venus,Libra,"19°44'52.44""",Rahu,Aquarius,"20°16'34.10""",120,120.5282,0.5282
2025-11-18 09:00:00,Aspect,Trine,Jupiter,Cancer,"0°51'53.16""",Saturn,Pisces,"1°01'43.46""",120,119.836,0.164
2025-11-18 09:15:00,Aspect,Trine,Sun,Scorpio,"1°46'10.84""",Jupiter,Cancer,"0°51'52.36""",120,120.9051,0.9051
2025-11-18 09:15:00,Aspect,Trine,Sun,Scorpio,"1°46'10.84""",Saturn,Pisces,"1°01'42.79""",120,119.2589,0.7411
2025-11-18 09:15:00,Aspect,Trine,Venus,Libra,"19°45'39.52""",Rahu,Aquarius,"20°16'32.11""",120,120.5146,0.5146
2025-11-18 09:15:00,Aspect,Trine,Jupiter,Cancer,"0°51'52.36""",Saturn,Pisces,"1°01'42.79""",120,119.836,0.164
2025-11-18 09:30:00,Aspect,Trine,Sun,Scorpio,"1°46'48.67""",Jupiter,Cancer,"0°51'51.55""",120,120.9159,0.9159
2025-11-18 09:30:00,Aspect,Trine,Sun,Scorpio,"1°46'48.67""",Saturn,Pisces,"1°01'42.12""",120,119.2482,0.7518
2025-11-18 09:30:00,Aspect,Trine,Venus,Libra,"19°46'26.60""",Rahu,Aquarius,"20°16'30.12""",120,120.501,0.501
2025-11-18 09:30:00,Aspect,Trine,Jupiter,Cancer,"0°51'51.55""",Saturn,Pisces,"1°01'42.12""",120,119.836,0.164
2025-11-18 09:45:00,Aspect,Trine,Sun,Scorpio,"1°47'26.50""",Jupiter,Cancer,"0°51'50.75""",120,120.9266,0.9266
2025-11-18 09:45:00,Aspect,Trine,Sun,Scorpio,"1°47'26.50""",Saturn,Pisces,"1°01'41.45""",120,119.2375,0.7625
2025-11-18 09:45:00,Aspect,Trine,Venus,Libra,"19°47'13.68""",Rahu,Aquarius,"20°16'28.14""",120,120.4873,0.4873
2025-11-18 09:45:00,Aspect,Trine,Jupiter,Cancer,"0°51'50.75""",Saturn,Pisces,"1°01'41.45""",120,119.8359,0.1641
2025-11-18 10:00:00,Aspect,Trine,Sun,Scorpio,"1°48'04.32""",Jupiter,Cancer,"0°51'49.94""",120,120.9373,0.9373
2025-11-18 10:00:00,Aspect,Trine,Sun,Scorpio,"1°48'04.32""",Saturn,Pisces,"1°01'40.77""",120,119.2268,0.7732
2025-11-18 10:00:00,Aspect,Trine,Venus,Libra,"19°48'00.76""",Rahu,Aquarius,"20°16'26.15""",120,120.4737,0.4737
2025-11-18 10:00:00,Aspect,Trine,Jupiter,Cancer,"0°51'49.94""",Saturn,Pisces,"1°01'40.77""",120,119.8359,0.1641
2025-11-18 10:15:00,Aspect,Trine,Sun,Scorpio,"1°48'42.15""",Jupiter,Cancer,"0°51'49.13""",120,120.9481,0.9481
2025-11-18 10:15:00,Aspect,Trine,Sun,Scorpio,"1°48'42.15""",Saturn,Pisces,"1°01'40.10""",120,119.2161,0.7839
2025-11-18 10:15:00,Aspect,Trine,Venus,Libra,"19°48'47.83""",Rahu,Aquarius,"20°16'24.16""",120,120.4601,0.4601
2025-11-18 10:15:00,Aspect,Trine,Jupiter,Cancer,"0°51'49.13""",Saturn,Pisces,"1°01'40.10""",120,119.8358,0.1642
2025-11-18 10:30:00,Aspect,Trine,Sun,Scorpio,"1°49'19.98""",Jupiter,Cancer,"0°51'48.32""",120,120.9588,0.9588
2025-11-18 10:30:00,Aspect,Trine,Sun,Scorpio,"1°49'19.98""",Saturn,Pisces,"1°01'39.43""",120,119.2054,0.7946
2025-11-18 10:30:00,Aspect,Trine,Venus,Libra,"19°49'34.91""",Rahu,Aquarius,"20°16'22.17""",120,120.4465,0.4465
2025-11-18 10:30:00,Aspect,Trine,Jupiter,Cancer,"0°51'48.32""",Saturn,Pisces,"1°01'39.43""",120,119.8358,0.1642
2025-11-18 10:45:00,Aspect,Trine,Sun,Scorpio,"1°49'57.80""",Jupiter,Cancer,"0°51'47.51""",120,120.9695,0.9695
2025-11-18 10:45:00,Aspect,Trine,Sun,Scorpio,"1°49'57.80""",Saturn,Pisces,"1°01'38.76""",120,119.1947,0.8053
2025-11-18 10:45:00,Aspect,Trine,Venus,Libra,"19°50'21.99""",Rahu,Aquarius,"20°16'20.19""",120,120.4328,0.4328
2025-11-18 10:45:00,Aspect,Trine,Jupiter,Cancer,"0°51'47.51""",Saturn,Pisces,"1°01'38.76""",120,119.8358,0.1642
2025-11-18 11:00:00,Aspect,Trine,Sun,Scorpio,"1°50'35.63""",Jupiter,Cancer,"0°51'46.69""",120,120.9803,0.9803
2025-11-18 11:00:00,Aspect,Trine,Sun,Scorpio,"1°50'35.63""",Saturn,Pisces,"1°01'38.10""",120,119.184,0.816
2025-11-18 11:00:00,Aspect,Trine,Venus,Libra,"19°51'09.07""",Rahu,Aquarius,"20°16'18.20""",120,120.4192,0.4192
2025-11-18 11:00:00,Aspect,Trine,Jupiter,Cancer,"0°51'46.69""",Saturn,Pisces,"1°01'38.10""",120,119.8357,0.1643
2025-11-18 11:15:00,Aspect,Trine,Sun,Scorpio,"1°51'13.46""",Jupiter,Cancer,"0°51'45.88""",120,120.991,0.991
2025-11-18 11:15:00,Aspect,Trine,Sun,Scorpio,"1°51'13.46""",Saturn,Pisces,"1°01'37.43""",120,119.1733,0.8267
2025-11-18 11:15:00,Aspect,Trine,Venus,Libra,"19°51'56.15""",Rahu,Aquarius,"20°16'16.21""",120,120.4056,0.4056
2025-11-18 11:15:00,Aspect,Trine,Jupiter,Cancer,"0°51'45.88""",Saturn,Pisces,"1°01'37.43""",120,119.8357,0.1643
2025-11-18 11:30:00,Aspect,Trine,Sun,Scorpio,"1°51'51.29""",Saturn,Pisces,"1°01'36.76""",120,119.1626,0.8374
2025-11-18 11:30:00,Aspect,Trine,Venus,Libra,"19°52'43.23""",Rahu,Aquarius,"20°16'14.23""",120,120.3919,0.3919
2025-11-18 11:30:00,Aspect,Trine,Jupiter,Cancer,"0°51'45.06""",Saturn,Pisces,"1°01'36.76""",120,119.8356,0.1644
2025-11-18 11:45:00,Aspect,Trine,Sun,Scorpio,"1°52'29.12""",Saturn,Pisces,"1°01'36.09""",120,119.1519,0.8481
2025-11-18 11:45:00,Aspect,Trine,Venus,Libra,"19°53'30.31""",Rahu,Aquarius,"20°16'12.24""",120,120.3783,0.3783
2025-11-18 11:45:00,Aspect,Trine,Jupiter,Cancer,"0°51'44.25""",Saturn,Pisces,"1°01'36.09""",120,119.8356,0.1644
2025-11-18 12:00:00,Aspect,Trine,Sun,Scorpio,"1°53'06.95""",Saturn,Pisces,"1°01'35.43""",120,119.1412,0.8588
2025-11-18 12:00:00,Aspect,Trine,Venus,Libra,"19°54'17.39""",Rahu,Aquarius,"20°16'10.25""",120,120.3647,0.3647
2025-11-18 12:00:00,Aspect,Trine,Jupiter,Cancer,"0°51'43.43""",Saturn,Pisces,"1°01'35.43""",120,119.8356,0.1644
2025-11-18 12:15:00,Aspect,Trine,Sun,Scorpio,"1°53'44.77""",Saturn,Pisces,"1°01'34.76""",120,119.1306,0.8694
2025-11-18 12:15:00,Aspect,Trine,Venus,Libra,"19°55'04.47""",Rahu,Aquarius,"20°16'08.26""",120,120.3511,0.3511
2025-11-18 12:15:00,Aspect,Trine,Jupiter,Cancer,"0°51'42.61""",Saturn,Pisces,"1°01'34.76""",120,119.8355,0.1645
2025-11-18 12:30:00,Aspect,Trine,Sun,Scorpio,"1°54'22.60""",Saturn,Pisces,"1°01'34.10""",120,119.1199,0.8801
2025-11-18 12:30:00,Aspect,Trine,Venus,Libra,"19°55'51.55""",Rahu,Aquarius,"20°16'06.28""",120,120.3374,0.3374
2025-11-18 12:30:00,Aspect,Trine,Jupiter,Cancer,"0°51'41.79""",Saturn,Pisces,"1°01'34.10""",120,119.8355,0.1645
2025-11-18 12:45:00,Aspect,Trine,Sun,Scorpio,"1°55'00.43""",Saturn,Pisces,"1°01'33.43""",120,119.1092,0.8908
2025-11-18 12:45:00,Aspect,Trine,Venus,Libra,"19°56'38.63""",Rahu,Aquarius,"20°16'04.29""",120,120.3238,0.3238
2025-11-18 12:45:00,Aspect,Trine,Jupiter,Cancer,"0°51'40.97""",Saturn,Pisces,"1°01'33.43""",120,119.8354,0.1646
2025-11-18 13:00:00,Aspect,Trine,Sun,Scorpio,"1°55'38.26""",Saturn,Pisces,"1°01'32.77""",120,119.0985,0.9015
2025-11-18 13:00:00,Aspect,Trine,Venus,Libra,"19°57'25.71""",Rahu,Aquarius,"20°16'02.30""",120,120.3102,0.3102
2025-11-18 13:00:00,Aspect,Trine,Jupiter,Cancer,"0°51'40.14""",Saturn,Pisces,"1°01'32.77""",120,119.8354,0.1646
2025-11-18 13:15:00,Aspect,Trine,Sun,Scorpio,"1°56'16.09""",Saturn,Pisces,"1°01'32.11""",120,119.0878,0.9122
2025-11-18 13:15:00,Aspect,Trine,Venus,Libra,"19°58'12.79""",Rahu,Aquarius,"20°16'00.32""",120,120.2965,0.2965
2025-11-18 13:15:00,Aspect,Trine,Jupiter,Cancer,"0°51'39.32""",Saturn,Pisces,"1°01'32.11""",120,119.8353,0.1647
2025-11-18 13:30:00,Aspect,Trine,Sun,Scorpio,"1°56'53.92""",Saturn,Pisces,"1°01'31.45""",120,119.0771,0.9229
2025-11-18 13:30:00,Aspect,Trine,Venus,Libra,"19°58'59.87""",Rahu,Aquarius,"20°15'58.33""",120,120.2829,0.2829
2025-11-18 13:30:00,Aspect,Trine,Jupiter,Cancer,"0°51'38.49""",Saturn,Pisces,"1°01'31.45""",120,119.8353,0.1647
2025-11-18 13:45:00,Aspect,Trine,Sun,Scorpio,"1°57'31.75""",Saturn,Pisces,"1°01'30.78""",120,119.0664,0.9336
2025-11-18 13:45:00,Aspect,Trine,Venus,Libra,"19°59'46.95""",Rahu,Aquarius,"20°15'56.34""",120,120.2693,0.2693
2025-11-18 13:45:00,Aspect,Trine,Jupiter,Cancer,"0°51'37.66""",Saturn,Pisces,"1°01'30.78""",120,119.8352,0.1648
2025-11-18 14:00:00,Aspect,Trine,Sun,Scorpio,"1°58'09.58""",Saturn,Pisces,"1°01'30.12""",120,119.0557,0.9443
2025-11-18 14:00:00,Aspect,Trine,Venus,Libra,"20°00'34.04""",Rahu,Aquarius,"20°15'54.35""",120,120.2556,0.2556
2025-11-18 14:00:00,Aspect,Trine,Jupiter,Cancer,"0°51'36.83""",Saturn,Pisces,"1°01'30.12""",120,119.8352,0.1648
2025-11-18 14:15:00,Aspect,Trine,Sun,Scorpio,"1°58'47.41""",Saturn,Pisces,"1°01'29.46""",120,119.045,0.955
2025-11-18 14:15:00,Aspect,Trine,Venus,Libra,"20°01'21.12""",Rahu,Aquarius,"20°15'52.37""",120,120.242,0.242
2025-11-18 14:15:00,Aspect,Trine,Jupiter,Cancer,"0°51'36.00""",Saturn,Pisces,"1°01'29.46""",120,119.8352,0.1648
2025-11-18 14:30:00,Aspect,Trine,Sun,Scorpio,"1°59'25.24""",Saturn,Pisces,"1°01'28.80""",120,119.0343,0.9657
2025-11-18 14:30:00,Aspect,Trine,Venus,Libra,"20°02'08.20""",Rahu,Aquarius,"20°15'50.38""",120,120.2284,0.2284
2025-11-18 14:30:00,Aspect,Trine,Jupiter,Cancer,"0°51'35.17""",Saturn,Pisces,"1°01'28.80""",120,119.8351,0.1649
2025-11-18 14:45:00,Aspect,Trine,Sun,Scorpio,"2°00'03.07""",Saturn,Pisces,"1°01'28.15""",120,119.0236,0.9764
2025-11-18 14:45:00,Aspect,Trine,Venus,Libra,"20°02'55.28""",Rahu,Aquarius,"20°15'48.39""",120,120.2148,0.2148
2025-11-18 14:45:00,Aspect,Trine,Jupiter,Cancer,"0°51'34.34""",Saturn,Pisces,"1°01'28.15""",120,119.8351,0.1649
2025-11-18 15:00:00,Aspect,Trine,Sun,Scorpio,"2°00'40.90""",Saturn,Pisces,"1°01'27.49""",120,119.0129,0.9871
2025-11-18 15:00:00,Aspect,Trine,Venus,Libra,"20°03'42.36""",Rahu,Aquarius,"20°15'46.40""",120,120.2011,0.2011
2025-11-18 15:00:00,Aspect,Trine,Jupiter,Cancer,"0°51'33.51""",Saturn,Pisces,"1°01'27.49""",120,119.835,0.165
2025-11-18 15:15:00,Aspect,Trine,Sun,Scorpio,"2°01'18.73""",Saturn,Pisces,"1°01'26.83""",120,119.0022,0.9978
2025-11-18 15:15:00,Aspect,Trine,Venus,Libra,"20°04'29.44""",Rahu,Aquarius,"20°15'44.42""",120,120.1875,0.1875
2025-11-18 15:15:00,Aspect,Trine,Jupiter,Cancer,"0°51'32.67""",Saturn,Pisces,"1°01'26.83""",120,119.835,0.165
2025-11-18 15:30:00,Aspect,Trine,Venus,Libra,"20°05'16.52""",Rahu,Aquarius,"20°15'42.43""",120,120.1739,0.1739
2025-11-18 15:30:00,Aspect,Trine,Jupiter,Cancer,"0°51'31.84""",Saturn,Pisces,"1°01'26.17""",120,119.8349,0.1651
2025-11-18 15:45:00,Aspect,Trine,Venus,Libra,"20°06'03.60""",Rahu,Aquarius,"20°15'40.44""",120,120.1602,0.1602
2025-11-18 15:45:00,Aspect,Trine,Jupiter,Cancer,"0°51'31.00""",Saturn,Pisces,"1°01'25.52""",120,119.8349,0.1651
2025-11-18 16:00:00,Aspect,Trine,Venus,Libra,"20°06'50.68""",Rahu,Aquarius,"20°15'38.46""",120,120.1466,0.1466
2025-11-18 16:00:00,Aspect,Trine,Jupiter,Cancer,"0°51'30.16""",Saturn,Pisces,"1°01'24.86""",120,119.8348,0.1652
2025-11-18 16:15:00,Aspect,Trine,Venus,Libra,"20°07'37.76""",Rahu,Aquarius,"20°15'36.47""",120,120.133,0.133
2025-11-18 16:15:00,Aspect,Trine,Jupiter,Cancer,"0°51'29.32""",Saturn,Pisces,"1°01'24.21""",120,119.8348,0.1652
2025-11-18 16:30:00,Aspect,Trine,Venus,Libra,"20°08'24.85""",Rahu,Aquarius,"20°15'34.48""",120,120.1193,0.1193
2025-11-18 16:30:00,Aspect,Trine,Jupiter,Cancer,"0°51'28.48""",Saturn,Pisces,"1°01'23.56""",120,119.8347,0.1653
2025-11-18 16:45:00,Aspect,Trine,Venus,Libra,"20°09'11.93""",Rahu,Aquarius,"20°15'32.49""",120,120.1057,0.1057
2025-11-18 16:45:00,Aspect,Trine,Jupiter,Cancer,"0°51'27.63""",Saturn,Pisces,"1°01'22.90""",120,119.8346,0.1654
2025-11-18 17:00:00,Aspect,Trine,Venus,Libra,"20°09'59.01""",Rahu,Aquarius,"20°15'30.51""",120,120.0921,0.0921
2025-11-18 17:00:00,Aspect,Trine,Jupiter,Cancer,"0°51'26.79""",Saturn,Pisces,"1°01'22.25""",120,119.8346,0.1654
2025-11-18 17:15:00,Aspect,Trine,Venus,Libra,"20°10'46.09""",Rahu,Aquarius,"20°15'28.52""",120,120.0785,0.0785
2025-11-18 17:15:00,Aspect,Trine,Jupiter,Cancer,"0°51'25.94""",Saturn,Pisces,"1°01'21.60""",120,119.8345,0.1655
2025-11-18 17:30:00,Aspect,Trine,Venus,Libra,"20°11'33.17""",Rahu,Aquarius,"20°15'26.53""",120,120.0648,0.0648
2025-11-18 17:30:00,Aspect,Trine,Jupiter,Cancer,"0°51'25.10""",Saturn,Pisces,"1°01'20.95""",120,119.8345,0.1655
2025-11-18 17:45:00,Aspect,Trine,Venus,Libra,"20°12'20.25""",Rahu,Aquarius,"20°15'24.55""",120,120.0512,0.0512
2025-11-18 17:45:00,Aspect,Trine,Jupiter,Cancer,"0°51'24.25""",Saturn,Pisces,"1°01'20.30""",120,119.8344,0.1656
2025-11-18 18:00:00,Aspect,Trine,Venus,Libra,"20°13'07.34""",Rahu,Aquarius,"20°15'22.56""",120,120.0376,0.0376
2025-11-18 18:00:00,Aspect,Trine,Jupiter,Cancer,"0°51'23.40""",Saturn,Pisces,"1°01'19.65""",120,119.8344,0.1656
2025-11-18 18:15:00,Aspect,Trine,Venus,Libra,"20°13'54.42""",Rahu,Aquarius,"20°15'20.57""",120,120.0239,0.0239
2025-11-18 18:15:00,Aspect,Trine,Jupiter,Cancer,"0°51'22.55""",Saturn,Pisces,"1°01'19.00""",120,119.8343,0.1657
2025-11-18 18:30:00,Aspect,Trine,Venus,Libra,"20°14'41.50""",Rahu,Aquarius,"20°15'18.58""",120,120.0103,0.0103
2025-11-18 18:30:00,Aspect,Trine,Jupiter,Cancer,"0°51'21.69""",Saturn,Pisces,"1°01'18.35""",120,119.8343,0.1657
2025-11-18 18:45:00,Aspect,Trine,Venus,Libra,"20°15'28.58""",Rahu,Aquarius,"20°15'16.60""",120,119.9967,0.0033
2025-11-18 18:45:00,Aspect,Trine,Jupiter,Cancer,"0°51'20.84""",Saturn,Pisces,"1°01'17.70""",120,119.8342,0.1658
2025-11-18 19:00:00,Aspect,Trine,Venus,Libra,"20°16'15.67""",Rahu,Aquarius,"20°15'14.61""",120,119.983,0.017
2025-11-18 19:00:00,Aspect,Trine,Jupiter,Cancer,"0°51'19.99""",Saturn,Pisces,"1°01'17.06""",120,119.8341,0.1659
2025-11-18 19:15:00,Aspect,Trine,Venus,Libra,"20°17'02.75""",Rahu,Aquarius,"20°15'12.62""",120,119.9694,0.0306
2025-11-18 19:15:00,Aspect,Trine,Jupiter,Cancer,"0°51'19.13""",Saturn,Pisces,"1°01'16.41""",120,119.8341,0.1659
2025-11-18 19:30:00,Aspect,Trine,Venus,Libra,"20°17'49.83""",Rahu,Aquarius,"20°15'10.64""",120,119.9558,0.0442
2025-11-18 19:30:00,Aspect,Trine,Jupiter,Cancer,"0°51'18.27""",Saturn,Pisces,"1°01'15.76""",120,119.834,0.166
2025-11-18 19:45:00,Aspect,Trine,Venus,Libra,"20°18'36.91""",Rahu,Aquarius,"20°15'08.65""",120,119.9421,0.0579
2025-11-18 19:45:00,Aspect,Trine,Jupiter,Cancer,"0°51'17.41""",Saturn,Pisces,"1°01'15.12""",120,119.834,0.166
2025-11-18 20:00:00,Aspect,Trine,Venus,Libra,"20°19'24.00""",Rahu,Aquarius,"20°15'06.66""",120,119.9285,0.0715
2025-11-18 20:00:00,Aspect,Trine,Jupiter,Cancer,"0°51'16.55""",Saturn,Pisces,"1°01'14.47""",120,119.8339,0.1661
2025-11-18 20:15:00,Aspect,Trine,Venus,Libra,"20°20'11.08""",Rahu,Aquarius,"20°15'04.67""",120,119.9149,0.0851
2025-11-18 20:15:00,Aspect,Trine,Jupiter,Cancer,"0°51'15.69""",Saturn,Pisces,"1°01'13.83""",120,119.8339,0.1661
2025-11-18 20:30:00,Aspect,Trine,Venus,Libra,"20°20'58.16""",Rahu,Aquarius,"20°15'02.69""",120,119.9013,0.0987
2025-11-18 20:30:00,Aspect,Trine,Jupiter,Cancer,"0°51'14.83""",Saturn,Pisces,"1°01'13.19""",120,119.8338,0.1662
2025-11-18 20:45:00,Aspect,Trine,Venus,Libra,"20°21'45.24""",Rahu,Aquarius,"20°15'00.70""",120,119.8876,0.1124
2025-11-18 20:45:00,Aspect,Trine,Jupiter,Cancer,"0°51'13.97""",Saturn,Pisces,"1°01'12.55""",120,119.8337,0.1663
2025-11-18 21:00:00,Aspect,Trine,Venus,Libra,"20°22'32.33""",Rahu,Aquarius,"20°14'58.71""",120,119.874,0.126
2025-11-18 21:00:00,Aspect,Trine,Jupiter,Cancer,"0°51'13.10""",Saturn,Pisces,"1°01'11.90""",120,119.8337,0.1663
2025-11-18 21:15:00,Aspect,Trine,Venus,Libra,"20°23'19.41""",Rahu,Aquarius,"20°14'56.72""",120,119.8604,0.1396
2025-11-18 21:15:00,Aspect,Trine,Jupiter,Cancer,"0°51'12.23""",Saturn,Pisces,"1°01'11.26""",120,119.8336,0.1664
2025-11-18 21:30:00,Aspect,Trine,Venus,Libra,"20°24'06.49""",Rahu,Aquarius,"20°14'54.74""",120,119.8467,0.1533
2025-11-18 21:30:00,Aspect,Trine,Jupiter,Cancer,"0°51'11.37""",Saturn,Pisces,"1°01'10.62""",120,119.8335,0.1665
2025-11-18 21:45:00,Aspect,Trine,Venus,Libra,"20°24'53.58""",Rahu,Aquarius,"20°14'52.75""",120,119.8331,0.1669
2025-11-18 21:45:00,Aspect,Trine,Jupiter,Cancer,"0°51'10.50""",Saturn,Pisces,"1°01'09.98""",120,119.8335,0.1665
2025-11-18 22:00:00,Aspect,Trine,Venus,Libra,"20°25'40.66""",Rahu,Aquarius,"20°14'50.76""",120,119.8195,0.1805
2025-11-18 22:00:00,Aspect,Trine,Jupiter,Cancer,"0°51'09.63""",Saturn,Pisces,"1°01'09.35""",120,119.8334,0.1666
2025-11-18 22:15:00,Aspect,Trine,Venus,Libra,"20°26'27.74""",Rahu,Aquarius,"20°14'48.78""",120,119.8058,0.1942
2025-11-18 22:15:00,Aspect,Trine,Jupiter,Cancer,"0°51'08.76""",Saturn,Pisces,"1°01'08.71""",120,119.8333,0.1667
2025-11-18 22:30:00,Aspect,Trine,Venus,Libra,"20°27'14.83""",Rahu,Aquarius,"20°14'46.79""",120,119.7922,0.2078
2025-11-18 22:30:00,Aspect,Trine,Jupiter,Cancer,"0°51'07.88""",Saturn,Pisces,"1°01'08.07""",120,119.8333,0.1667
2025-11-18 22:45:00,Aspect,Trine,Venus,Libra,"20°28'01.91""",Rahu,Aquarius,"20°14'44.80""",120,119.7786,0.2214
2025-11-18 22:45:00,Aspect,Trine,Jupiter,Cancer,"0°51'07.01""",Saturn,Pisces,"1°01'07.43""",120,119.8332,0.1668
2025-11-18 23:00:00,Aspect,Trine,Venus,Libra,"20°28'49.00""",Rahu,Aquarius,"20°14'42.81""",120,119.7649,0.2351
2025-11-18 23:00:00,Aspect,Trine,Jupiter,Cancer,"0°51'06.13""",Saturn,Pisces,"1°01'06.80""",120,119.8331,0.1669
2025-11-18 23:15:00,Aspect,Trine,Venus,Libra,"20°29'36.08""",Rahu,Aquarius,"20°14'40.83""",120,119.7513,0.2487
2025-11-18 23:15:00,Aspect,Trine,Jupiter,Cancer,"0°51'05.25""",Saturn,Pisces,"1°01'06.16""",120,119.8331,0.1669
2025-11-18 23:30:00,Aspect,Trine,Venus,Libra,"20°30'23.16""",Rahu,Aquarius,"20°14'38.84""",120,119.7377,0.2623
2025-11-18 23:30:00,Aspect,Trine,Jupiter,Cancer,"0°51'04.38""",Saturn,Pisces,"1°01'05.53""",120,119.833,0.167
2025-11-18 23:45:00,Aspect,Trine,Venus,Libra,"20°31'10.25""",Rahu,Aquarius,"20°14'36.85""",120,119.7241,0.2759
2025-11-18 23:45:00,Aspect,Trine,Jupiter,Cancer,"0°51'03.50""",Saturn,Pisces,"1°01'04.89""",120,119.8329,0.1671
2025-11-19 00:00:00,Aspect,Trine,Venus,Libra,"20°31'57.33""",Rahu,Aquarius,"20°14'34.87""",120,119.7104,0.2896
2025-11-19 00:00:00,Aspect,Trine,Jupiter,Cancer,"0°51'02.62""",Saturn,Pisces,"1°01'04.26""",120,119.8329,0.1671
2025-11-19 00:15:00,Aspect,Trine,Venus,Libra,"20°32'44.42""",Rahu,Aquarius,"20°14'32.88""",120,119.6968,0.3032
2025-11-19 00:15:00,Aspect,Trine,Jupiter,Cancer,"0°51'01.73""",Saturn,Pisces,"1°01'03.63""",120,119.8328,0.1672
2025-11-19 00:30:00,Aspect,Trine,Venus,Libra,"20°33'31.50""",Rahu,Aquarius,"20°14'30.89""",120,119.6832,0.3168
2025-11-19 00:30:00,Aspect,Trine,Jupiter,Cancer,"0°51'00.85""",Saturn,Pisces,"1°01'03.00""",120,119.8327,0.1673
2025-11-19 00:45:00,Aspect,Trine,Venus,Libra,"20°34'18.58""",Rahu,Aquarius,"20°14'28.90""",120,119.6695,0.3305
2025-11-19 00:45:00,Aspect,Trine,Jupiter,Cancer,"0°50'59.97""",Saturn,Pisces,"1°01'02.36""",120,119.8327,0.1673
2025-11-19 01:00:00,Aspect,Trine,Venus,Libra,"20°35'05.67""",Rahu,Aquarius,"20°14'26.92""",120,119.6559,0.3441
2025-11-19 01:00:00,Aspect,Trine,Jupiter,Cancer,"0°50'59.08""",Saturn,Pisces,"1°01'01.73""",120,119.8326,0.1674
2025-11-19 01:15:00,Aspect,Trine,Venus,Libra,"20°35'52.75""",Rahu,Aquarius,"20°14'24.93""",120,119.6423,0.3577
2025-11-19 01:15:00,Aspect,Trine,Jupiter,Cancer,"0°50'58.19""",Saturn,Pisces,"1°01'01.10""",120,119.8325,0.1675
2025-11-19 01:30:00,Aspect,Trine,Venus,Libra,"20°36'39.84""",Rahu,Aquarius,"20°14'22.94""",120,119.6286,0.3714
2025-11-19 01:30:00,Aspect,Trine,Jupiter,Cancer,"0°50'57.30""",Saturn,Pisces,"1°01'00.48""",120,119.8325,0.1675
2025-11-19 01:45:00,Aspect,Trine,Venus,Libra,"20°37'26.92""",Rahu,Aquarius,"20°14'20.96""",120,119.615,0.385
2025-11-19 01:45:00,Aspect,Trine,Jupiter,Cancer,"0°50'56.41""",Saturn,Pisces,"1°00'59.85""",120,119.8324,0.1676
2025-11-19 02:00:00,Aspect,Trine,Venus,Libra,"20°38'14.01""",Rahu,Aquarius,"20°14'18.97""",120,119.6014,0.3986
2025-11-19 02:00:00,Aspect,Trine,Jupiter,Cancer,"0°50'55.52""",Saturn,Pisces,"1°00'59.22""",120,119.8323,0.1677
2025-11-19 02:15:00,Aspect,Trine,Venus,Libra,"20°39'01.09""",Rahu,Aquarius,"20°14'16.98""",120,119.5877,0.4123
2025-11-19 02:15:00,Aspect,Trine,Jupiter,Cancer,"0°50'54.63""",Saturn,Pisces,"1°00'58.59""",120,119.8322,0.1678
2025-11-19 02:30:00,Aspect,Trine,Venus,Libra,"20°39'48.18""",Rahu,Aquarius,"20°14'14.99""",120,119.5741,0.4259
2025-11-19 02:30:00,Aspect,Trine,Jupiter,Cancer,"0°50'53.74""",Saturn,Pisces,"1°00'57.97""",120,119.8322,0.1678
2025-11-19 02:45:00,Aspect,Trine,Venus,Libra,"20°40'35.26""",Rahu,Aquarius,"20°14'13.01""",120,119.5605,0.4395
2025-11-19 02:45:00,Aspect,Trine,Jupiter,Cancer,"0°50'52.84""",Saturn,Pisces,"1°00'57.34""",120,119.8321,0.1679
2025-11-19 03:00:00,Aspect,Trine,Venus,Libra,"20°41'22.35""",Rahu,Aquarius,"20°14'11.02""",120,119.5469,0.4531
2025-11-19 03:00:00,Aspect,Trine,Jupiter,Cancer,"0°50'51.94""",Saturn,Pisces,"1°00'56.71""",120,119.832,0.168
2025-11-19 03:15:00,Aspect,Trine,Venus,Libra,"20°42'09.43""",Rahu,Aquarius,"20°14'09.03""",120,119.5332,0.4668
2025-11-19 03:15:00,Aspect,Trine,Jupiter,Cancer,"0°50'51.05""",Saturn,Pisces,"1°00'56.09""",120,119.8319,0.1681
2025-11-19 03:30:00,Aspect,Trine,Venus,Libra,"20°42'56.52""",Rahu,Aquarius,"20°14'07.04""",120,119.5196,0.4804
2025-11-19 03:30:00,Aspect,Trine,Jupiter,Cancer,"0°50'50.15""",Saturn,Pisces,"1°00'55.47""",120,119.8319,0.1681
2025-11-19 03:45:00,Aspect,Trine,Venus,Libra,"20°43'43.60""",Rahu,Aquarius,"20°14'05.06""",120,119.506,0.494
2025-11-19 03:45:00,Aspect,Trine,Jupiter,Cancer,"0°50'49.25""",Saturn,Pisces,"1°00'54.84""",120,119.8318,0.1682
2025-11-19 04:00:00,Aspect,Trine,Venus,Libra,"20°44'30.69""",Rahu,Aquarius,"20°14'03.07""",120,119.4923,0.5077
2025-11-19 04:00:00,Aspect,Trine,Jupiter,Cancer,"0°50'48.34""",Saturn,Pisces,"1°00'54.22""",120,119.8317,0.1683
2025-11-19 04:15:00,Aspect,Trine,Venus,Libra,"20°45'17.77""",Rahu,Aquarius,"20°14'01.08""",120,119.4787,0.5213
2025-11-19 04:15:00,Aspect,Trine,Jupiter,Cancer,"0°50'47.44""",Saturn,Pisces,"1°00'53.60""",120,119.8316,0.1684
2025-11-19 04:30:00,Aspect,Trine,Venus,Libra,"20°46'04.86""",Rahu,Aquarius,"20°13'59.10""",120,119.4651,0.5349
2025-11-19 04:30:00,Aspect,Trine,Jupiter,Cancer,"0°50'46.54""",Saturn,Pisces,"1°00'52.98""",120,119.8315,0.1685
2025-11-19 04:45:00,Aspect,Trine,Venus,Libra,"20°46'51.94""",Rahu,Aquarius,"20°13'57.11""",120,119.4514,0.5486
2025-11-19 04:45:00,Aspect,Trine,Jupiter,Cancer,"0°50'45.63""",Saturn,Pisces,"1°00'52.36""",120,119.8315,0.1685
2025-11-19 05:00:00,Aspect,Trine,Venus,Libra,"20°47'39.03""",Rahu,Aquarius,"20°13'55.12""",120,119.4378,0.5622
2025-11-19 05:00:00,Aspect,Trine,Jupiter,Cancer,"0°50'44.72""",Saturn,Pisces,"1°00'51.74""",120,119.8314,0.1686
2025-11-19 05:15:00,Aspect,Trine,Venus,Libra,"20°48'26.12""",Rahu,Aquarius,"20°13'53.13""",120,119.4242,0.5758
2025-11-19 05:15:00,Aspect,Trine,Jupiter,Cancer,"0°50'43.82""",Saturn,Pisces,"1°00'51.12""",120,119.8313,0.1687
2025-11-19 05:30:00,Aspect,Trine,Venus,Libra,"20°49'13.20""",Rahu,Aquarius,"20°13'51.15""",120,119.4105,0.5895
2025-11-19 05:30:00,Aspect,Trine,Jupiter,Cancer,"0°50'42.91""",Saturn,Pisces,"1°00'50.50""",120,119.8312,0.1688
2025-11-19 05:45:00,Aspect,Trine,Venus,Libra,"20°50'00.29""",Rahu,Aquarius,"20°13'49.16""",120,119.3969,0.6031
2025-11-19 05:45:00,Aspect,Trine,Jupiter,Cancer,"0°50'42.00""",Saturn,Pisces,"1°00'49.88""",120,119.8311,0.1689
2025-11-19 06:00:00,Aspect,Trine,Venus,Libra,"20°50'47.37""",Rahu,Aquarius,"20°13'47.17""",120,119.3833,0.6167
2025-11-19 06:00:00,Aspect,Trine,Jupiter,Cancer,"0°50'41.08""",Saturn,Pisces,"1°00'49.27""",120,119.8311,0.1689
2025-11-19 06:15:00,Aspect,Trine,Venus,Libra,"20°51'34.46""",Rahu,Aquarius,"20°13'45.19""",120,119.3696,0.6304
2025-11-19 06:15:00,Aspect,Trine,Jupiter,Cancer,"0°50'40.17""",Saturn,Pisces,"1°00'48.65""",120,119.831,0.169
2025-11-19 06:30:00,Aspect,Trine,Venus,Libra,"20°52'21.55""",Rahu,Aquarius,"20°13'43.20""",120,119.356,0.644
2025-11-19 06:30:00,Aspect,Trine,Jupiter,Cancer,"0°50'39.26""",Saturn,Pisces,"1°00'48.03""",120,119.8309,0.1691
2025-11-19 06:45:00,Aspect,Trine,Venus,Libra,"20°53'08.63""",Rahu,Aquarius,"20°13'41.21""",120,119.3424,0.6576
2025-11-19 06:45:00,Aspect,Trine,Jupiter,Cancer,"0°50'38.34""",Saturn,Pisces,"1°00'47.42""",120,119.8308,0.1692
2025-11-19 07:00:00,Aspect,Trine,Venus,Libra,"20°53'55.72""",Rahu,Aquarius,"20°13'39.22""",120,119.3288,0.6712
2025-11-19 07:00:00,Aspect,Trine,Jupiter,Cancer,"0°50'37.42""",Saturn,Pisces,"1°00'46.81""",120,119.8307,0.1693
2025-11-19 07:15:00,Aspect,Trine,Venus,Libra,"20°54'42.81""",Rahu,Aquarius,"20°13'37.24""",120,119.3151,0.6849
2025-11-19 07:15:00,Aspect,Trine,Jupiter,Cancer,"0°50'36.50""",Saturn,Pisces,"1°00'46.19""",120,119.8306,0.1694
2025-11-19 07:30:00,Aspect,Trine,Venus,Libra,"20°55'29.89""",Rahu,Aquarius,"20°13'35.25""",120,119.3015,0.6985
2025-11-19 07:30:00,Aspect,Trine,Jupiter,Cancer,"0°50'35.58""",Saturn,Pisces,"1°00'45.58""",120,119.8306,0.1694
2025-11-19 07:45:00,Aspect,Trine,Venus,Libra,"20°56'16.98""",Rahu,Aquarius,"20°13'33.26""",120,119.2879,0.7121
2025-11-19 07:45:00,Aspect,Trine,Jupiter,Cancer,"0°50'34.66""",Saturn,Pisces,"1°00'44.97""",120,119.8305,0.1695
2025-11-19 08:00:00,Aspect,Trine,Moon,Libra,"19°15'49.51""",Rahu,Aquarius,"20°13'31.28""",120,120.9616,0.9616
2025-11-19 08:00:00,Aspect,Trine,Venus,Libra,"20°57'04.07""",Rahu,Aquarius,"20°13'31.28""",120,119.2742,0.7258
2025-11-19 08:00:00,Aspect,Trine,Jupiter,Cancer,"0°50'33.74""",Saturn,Pisces,"1°00'44.36""",120,119.8304,0.1696
2025-11-19 08:15:00,Aspect,Trine,Moon,Libra,"19°23'14.16""",Rahu,Aquarius,"20°13'29.29""",120,120.8375,0.8375
2025-11-19 08:15:00,Aspect,Trine,Venus,Libra,"20°57'51.15""",Rahu,Aquarius,"20°13'29.29""",120,119.2606,0.7394
2025-11-19 08:15:00,Aspect,Trine,Jupiter,Cancer,"0°50'32.81""",Saturn,Pisces,"1°00'43.75""",120,119.8303,0.1697
2025-11-19 08:30:00,Aspect,Trine,Moon,Libra,"19°30'38.80""",Rahu,Aquarius,"20°13'27.30""",120,120.7135,0.7135
2025-11-19 08:30:00,Aspect,Trine,Venus,Libra,"20°58'38.24""",Rahu,Aquarius,"20°13'27.30""",120,119.247,0.753
2025-11-19 08:30:00,Aspect,Trine,Jupiter,Cancer,"0°50'31.89""",Saturn,Pisces,"1°00'43.14""",120,119.8302,0.1698
2025-11-19 08:45:00,Aspect,Trine,Moon,Libra,"19°38'03.43""",Rahu,Aquarius,"20°13'25.31""",120,120.5894,0.5894
2025-11-19 08:45:00,Aspect,Trine,Venus,Libra,"20°59'25.33""",Rahu,Aquarius,"20°13'25.31""",120,119.2333,0.7667
2025-11-19 08:45:00,Aspect,Trine,Jupiter,Cancer,"0°50'30.96""",Saturn,Pisces,"1°00'42.53""",120,119.8301,0.1699
2025-11-19 09:00:00,Aspect,Trine,Moon,Libra,"19°45'28.06""",Rahu,Aquarius,"20°13'23.33""",120,120.4654,0.4654
2025-11-19 09:00:00,Aspect,Trine,Venus,Libra,"21°00'12.41""",Rahu,Aquarius,"20°13'23.33""",120,119.2197,0.7803
2025-11-19 09:00:00,Aspect,Trine,Jupiter,Cancer,"0°50'30.04""",Saturn,Pisces,"1°00'41.92""",120,119.83,0.17
2025-11-19 09:15:00,Aspect,Trine,Moon,Libra,"19°52'52.69""",Rahu,Aquarius,"20°13'21.34""",120,120.3413,0.3413
2025-11-19 09:15:00,Aspect,Trine,Venus,Libra,"21°00'59.50""",Rahu,Aquarius,"20°13'21.34""",120,119.2061,0.7939
2025-11-19 09:15:00,Aspect,Trine,Jupiter,Cancer,"0°50'29.11""",Saturn,Pisces,"1°00'41.31""",120,119.8299,0.1701
2025-11-19 09:30:00,Aspect,Trine,Moon,Libra,"20°00'17.31""",Rahu,Aquarius,"20°13'19.35""",120,120.2172,0.2172
2025-11-19 09:30:00,Aspect,Trine,Venus,Libra,"21°01'46.59""",Rahu,Aquarius,"20°13'19.35""",120,119.1924,0.8076
2025-11-19 09:30:00,Aspect,Trine,Jupiter,Cancer,"0°50'28.18""",Saturn,Pisces,"1°00'40.70""",120,119.8299,0.1701
2025-11-19 09:45:00,Aspect,Conjunction,Moon,Libra,"20°07'41.93""",Venus,Libra,"21°02'33.68""",0,0.9144,0.9144
2025-11-19 09:45:00,Aspect,Trine,Moon,Libra,"20°07'41.93""",Rahu,Aquarius,"20°13'17.36""",120,120.0932,0.0932
2025-11-19 09:45:00,Aspect,Trine,Venus,Libra,"21°02'33.68""",Rahu,Aquarius,"20°13'17.36""",120,119.1788,0.8212
2025-11-19 09:45:00,Aspect,Trine,Jupiter,Cancer,"0°50'27.24""",Saturn,Pisces,"1°00'40.10""",120,119.8298,0.1702
2025-11-19 10:00:00,Aspect,Conjunction,Moon,Libra,"20°15'06.54""",Venus,Libra,"21°03'20.76""",0,0.804,0.804
2025-11-19 10:00:00,Aspect,Trine,Moon,Libra,"20°15'06.54""",Rahu,Aquarius,"20°13'15.38""",120,119.9691,0.0309
2025-11-19 10:00:00,Aspect,Trine,Venus,Libra,"21°03'20.76""",Rahu,Aquarius,"20°13'15.38""",120,119.1652,0.8348
2025-11-19 10:00:00,Aspect,Trine,Jupiter,Cancer,"0°50'26.31""",Saturn,Pisces,"1°00'39.49""",120,119.8297,0.1703
2025-11-19 10:15:00,Aspect,Conjunction,Moon,Libra,"20°22'31.15""",Venus,Libra,"21°04'07.85""",0,0.6935,0.6935
2025-11-19 10:15:00,Aspect,Trine,Moon,Libra,"20°22'31.15""",Rahu,Aquarius,"20°13'13.39""",120,119.8451,0.1549
2025-11-19 10:15:00,Aspect,Trine,Venus,Libra,"21°04'07.85""",Rahu,Aquarius,"20°13'13.39""",120,119.1515,0.8485
2025-11-19 10:15:00,Aspect,Trine,Jupiter,Cancer,"0°50'25.38""",Saturn,Pisces,"1°00'38.88""",120,119.8296,0.1704
2025-11-19 10:30:00,Aspect,Conjunction,Moon,Libra,"20°29'55.76""",Venus,Libra,"21°04'54.94""",0,0.5831,0.5831
2025-11-19 10:30:00,Aspect,Trine,Moon,Libra,"20°29'55.76""",Rahu,Aquarius,"20°13'11.40""",120,119.721,0.279
2025-11-19 10:30:00,Aspect,Trine,Venus,Libra,"21°04'54.94""",Rahu,Aquarius,"20°13'11.40""",120,119.1379,0.8621
2025-11-19 10:30:00,Aspect,Trine,Jupiter,Cancer,"0°50'24.44""",Saturn,Pisces,"1°00'38.28""",120,119.8295,0.1705
2025-11-19 10:45:00,Aspect,Conjunction,Moon,Libra,"20°37'20.36""",Venus,Libra,"21°05'42.03""",0,0.4727,0.4727
2025-11-19 10:45:00,Aspect,Trine,Moon,Libra,"20°37'20.36""",Rahu,Aquarius,"20°13'09.42""",120,119.597,0.403
2025-11-19 10:45:00,Aspect,Trine,Venus,Libra,"21°05'42.03""",Rahu,Aquarius,"20°13'09.42""",120,119.1243,0.8757
2025-11-19 10:45:00,Aspect,Trine,Jupiter,Cancer,"0°50'23.50""",Saturn,Pisces,"1°00'37.68""",120,119.8294,0.1706
2025-11-19 11:00:00,Aspect,Conjunction,Moon,Libra,"20°44'44.96""",Venus,Libra,"21°06'29.11""",0,0.3623,0.3623
2025-11-19 11:00:00,Aspect,Trine,Moon,Libra,"20°44'44.96""",Rahu,Aquarius,"20°13'07.43""",120,119.4729,0.5271
2025-11-19 11:00:00,Aspect,Trine,Venus,Libra,"21°06'29.11""",Rahu,Aquarius,"20°13'07.43""",120,119.1106,0.8894
2025-11-19 11:00:00,Aspect,Trine,Jupiter,Cancer,"0°50'22.57""",Saturn,Pisces,"1°00'37.07""",120,119.8293,0.1707
2025-11-19 11:15:00,Aspect,Conjunction,Moon,Libra,"20°52'09.55""",Venus,Libra,"21°07'16.20""",0,0.2518,0.2518
2025-11-19 11:15:00,Aspect,Trine,Moon,Libra,"20°52'09.55""",Rahu,Aquarius,"20°13'05.44""",120,119.3489,0.6511
2025-11-19 11:15:00,Aspect,Trine,Venus,Libra,"21°07'16.20""",Rahu,Aquarius,"20°13'05.44""",120,119.097,0.903
2025-11-19 11:15:00,Aspect,Trine,Jupiter,Cancer,"0°50'21.63""",Saturn,Pisces,"1°00'36.47""",120,119.8292,0.1708
2025-11-19 11:30:00,Aspect,Conjunction,Moon,Libra,"20°59'34.14""",Venus,Libra,"21°08'03.29""",0,0.1414,0.1414
2025-11-19 11:30:00,Aspect,Trine,Moon,Libra,"20°59'34.14""",Rahu,Aquarius,"20°13'03.45""",120,119.2248,0.7752
2025-11-19 11:30:00,Aspect,Trine,Venus,Libra,"21°08'03.29""",Rahu,Aquarius,"20°13'03.45""",120,119.0834,0.9166
2025-11-19 11:30:00,Aspect,Trine,Jupiter,Cancer,"0°50'20.69""",Saturn,Pisces,"1°00'35.87""",120,119.8291,0.1709
2025-11-19 11:45:00,Aspect,Conjunction,Moon,Libra,"21°06'58.73""",Venus,Libra,"21°08'50.38""",0,0.031,0.031
2025-11-19 11:45:00,Aspect,Trine,Moon,Libra,"21°06'58.73""",Rahu,Aquarius,"20°13'01.47""",120,119.1008,0.8992
2025-11-19 11:45:00,Aspect,Trine,Venus,Libra,"21°08'50.38""",Rahu,Aquarius,"20°13'01.47""",120,119.0697,0.9303
2025-11-19 11:45:00,Aspect,Trine,Jupiter,Cancer,"0°50'19.74""",Saturn,Pisces,"1°00'35.27""",120,119.829,0.171
2025-11-19 12:00:00,Aspect,Conjunction,Moon,Libra,"21°14'23.32""",Venus,Libra,"21°09'37.47""",0,0.0794,0.0794
2025-11-19 12:00:00,Aspect,Trine,Venus,Libra,"21°09'37.47""",Rahu,Aquarius,"20°12'59.48""",120,119.0561,0.9439
2025-11-19 12:00:00,Aspect,Trine,Jupiter,Cancer,"0°50'18.80""",Saturn,Pisces,"1°00'34.67""",120,119.8289,0.1711
2025-11-19 12:15:00,Aspect,Conjunction,Moon,Libra,"21°21'47.90""",Venus,Libra,"21°10'24.55""",0,0.1898,0.1898
2025-11-19 12:15:00,Aspect,Trine,Venus,Libra,"21°10'24.55""",Rahu,Aquarius,"20°12'57.49""",120,119.0425,0.9575
2025-11-19 12:15:00,Aspect,Trine,Jupiter,Cancer,"0°50'17.86""",Saturn,Pisces,"1°00'34.07""",120,119.8288,0.1712
2025-11-19 12:30:00,Aspect,Conjunction,Moon,Libra,"21°29'12.48""",Venus,Libra,"21°11'11.64""",0,0.3002,0.3002
2025-11-19 12:30:00,Aspect,Trine,Venus,Libra,"21°11'11.64""",Rahu,Aquarius,"20°12'55.51""",120,119.0289,0.9711
2025-11-19 12:30:00,Aspect,Trine,Jupiter,Cancer,"0°50'16.91""",Saturn,Pisces,"1°00'33.47""",120,119.8287,0.1713
2025-11-19 12:45:00,Aspect,Conjunction,Moon,Libra,"21°36'37.05""",Venus,Libra,"21°11'58.73""",0,0.4106,0.4106
2025-11-19 12:45:00,Aspect,Trine,Venus,Libra,"21°11'58.73""",Rahu,Aquarius,"20°12'53.52""",120,119.0152,0.9848
2025-11-19 12:45:00,Aspect,Trine,Jupiter,Cancer,"0°50'15.96""",Saturn,Pisces,"1°00'32.87""",120,119.8286,0.1714
2025-11-19 13:00:00,Aspect,Conjunction,Moon,Libra,"21°44'01.63""",Venus,Libra,"21°12'45.82""",0,0.5211,0.5211
2025-11-19 13:00:00,Aspect,Trine,Venus,Libra,"21°12'45.82""",Rahu,Aquarius,"20°12'51.53""",120,119.0016,0.9984
2025-11-19 13:00:00,Aspect,Trine,Jupiter,Cancer,"0°50'15.01""",Saturn,Pisces,"1°00'32.27""",120,119.8285,0.1715
2025-11-19 13:15:00,Aspect,Conjunction,Moon,Libra,"21°51'26.20""",Venus,Libra,"21°13'32.91""",0,0.6315,0.6315
2025-11-19 13:15:00,Aspect,Trine,Jupiter,Cancer,"0°50'14.06""",Saturn,Pisces,"1°00'31.67""",120,119.8284,0.1716
2025-11-19 13:30:00,Aspect,Conjunction,Moon,Libra,"21°58'50.76""",Venus,Libra,"21°14'20.00""",0,0.7419,0.7419
2025-11-19 13:30:00,Aspect,Trine,Jupiter,Cancer,"0°50'13.11""",Saturn,Pisces,"1°00'31.08""",120,119.8283,0.1717
2025-11-19 13:45:00,Aspect,Conjunction,Moon,Libra,"22°06'15.33""",Venus,Libra,"21°15'07.08""",0,0.8523,0.8523
2025-11-19 13:45:00,Aspect,Trine,Jupiter,Cancer,"0°50'12.16""",Saturn,Pisces,"1°00'30.48""",120,119.8282,0.1718
2025-11-19 14:00:00,Aspect,Conjunction,Moon,Libra,"22°13'39.89""",Venus,Libra,"21°15'54.17""",0,0.9627,0.9627
2025-11-19 14:00:00,Aspect,Trine,Jupiter,Cancer,"0°50'11.21""",Saturn,Pisces,"1°00'29.89""",120,119.8281,0.1719
2025-11-19 14:15:00,Aspect,Trine,Jupiter,Cancer,"0°50'10.25""",Saturn,Pisces,"1°00'29.29""",120,119.828,0.172
2025-11-19 14:30:00,Aspect,Trine,Jupiter,Cancer,"0°50'09.29""",Saturn,Pisces,"1°00'28.70""",120,119.8279,0.1721
2025-11-19 14:45:00,Aspect,Trine,Jupiter,Cancer,"0°50'08.34""",Saturn,Pisces,"1°00'28.11""",120,119.8278,0.1722
2025-11-19 15:00:00,Aspect,Trine,Jupiter,Cancer,"0°50'07.38""",Saturn,Pisces,"1°00'27.51""",120,119.8277,0.1723
2025-11-19 15:15:00,Aspect,Trine,Jupiter,Cancer,"0°50'06.42""",Saturn,Pisces,"1°00'26.92""",120,119.8276,0.1724
2025-11-19 15:30:00,Aspect,Trine,Jupiter,Cancer,"0°50'05.45""",Saturn,Pisces,"1°00'26.33""",120,119.8275,0.1725
2025-11-19 15:45:00,Aspect,Trine,Jupiter,Cancer,"0°50'04.49""",Saturn,Pisces,"1°00'25.74""",120,119.8274,0.1726
2025-11-19 16:00:00,Aspect,Trine,Jupiter,Cancer,"0°50'03.53""",Saturn,Pisces,"1°00'25.15""",120,119.8273,0.1727
2025-11-19 16:15:00,Aspect,Trine,Jupiter,Cancer,"0°50'02.56""",Saturn,Pisces,"1°00'24.56""",120,119.8272,0.1728
2025-11-19 16:30:00,Aspect,Trine,Jupiter,Cancer,"0°50'01.59""",Saturn,Pisces,"1°00'23.98""",120,119.8271,0.1729
2025-11-19 16:45:00,Aspect,Trine,Jupiter,Cancer,"0°50'00.63""",Saturn,Pisces,"1°00'23.39""",120,119.827,0.173
2025-11-19 17:00:00,Aspect,Trine,Jupiter,Cancer,"0°49'59.66""",Saturn,Pisces,"1°00'22.80""",120,119.8269,0.1731
2025-11-19 17:15:00,Aspect,Trine,Jupiter,Cancer,"0°49'58.69""",Saturn,Pisces,"1°00'22.22""",120,119.8268,0.1732
2025-11-19 17:30:00,Aspect,Trine,Jupiter,Cancer,"0°49'57.71""",Saturn,Pisces,"1°00'21.63""",120,119.8267,0.1733
2025-11-19 17:45:00,Aspect,Trine,Jupiter,Cancer,"0°49'56.74""",Saturn,Pisces,"1°00'21.05""",120,119.8266,0.1734
2025-11-19 18:00:00,Aspect,Trine,Jupiter,Cancer,"0°49'55.77""",Saturn,Pisces,"1°00'20.46""",120,119.8265,0.1735
2025-11-19 18:15:00,Aspect,Trine,Jupiter,Cancer,"0°49'54.79""",Saturn,Pisces,"1°00'19.88""",120,119.8264,0.1736
2025-11-19 18:30:00,Aspect,Trine,Jupiter,Cancer,"0°49'53.81""",Saturn,Pisces,"1°00'19.30""",120,119.8263,0.1737
2025-11-19 18:45:00,Aspect,Trine,Jupiter,Cancer,"0°49'52.83""",Saturn,Pisces,"1°00'18.71""",120,119.8261,0.1739
2025-11-19 19:00:00,Aspect,Trine,Jupiter,Cancer,"0°49'51.85""",Saturn,Pisces,"1°00'18.13""",120,119.826,0.174
2025-11-19 19:15:00,Aspect,Trine,Jupiter,Cancer,"0°49'50.87""",Saturn,Pisces,"1°00'17.55""",120,119.8259,0.1741
2025-11-19 19:30:00,Aspect,Trine,Jupiter,Cancer,"0°49'49.89""",Saturn,Pisces,"1°00'16.97""",120,119.8258,0.1742
2025-11-19 19:45:00,Aspect,Trine,Jupiter,Cancer,"0°49'48.91""",Saturn,Pisces,"1°00'16.39""",120,119.8257,0.1743
2025-11-19 20:00:00,Aspect,Trine,Jupiter,Cancer,"0°49'47.92""",Saturn,Pisces,"1°00'15.81""",120,119.8256,0.1744
2025-11-19 20:15:00,Aspect,Trine,Jupiter,Cancer,"0°49'46.94""",Saturn,Pisces,"1°00'15.24""",120,119.8255,0.1745
2025-11-19 20:30:00,Aspect,Trine,Jupiter,Cancer,"0°49'45.95""",Saturn,Pisces,"1°00'14.66""",120,119.8254,0.1746
2025-11-19 20:45:00,Aspect,Trine,Jupiter,Cancer,"0°49'44.96""",Saturn,Pisces,"1°00'14.08""",120,119.8252,0.1748
2025-11-19 21:00:00,Aspect,Trine,Jupiter,Cancer,"0°49'43.97""",Saturn,Pisces,"1°00'13.51""",120,119.8251,0.1749
2025-11-19 21:15:00,Aspect,Trine,Jupiter,Cancer,"0°49'42.98""",Saturn,Pisces,"1°00'12.93""",120,119.825,0.175
2025-11-19 21:30:00,Aspect,Trine,Jupiter,Cancer,"0°49'41.98""",Saturn,Pisces,"1°00'12.36""",120,119.8249,0.1751
2025-11-19 21:45:00,Aspect,Trine,Jupiter,Cancer,"0°49'40.99""",Saturn,Pisces,"1°00'11.78""",120,119.8248,0.1752
2025-11-19 22:00:00,Aspect,Trine,Jupiter,Cancer,"0°49'39.99""",Saturn,Pisces,"1°00'11.21""",120,119.8247,0.1753
2025-11-19 22:15:00,Aspect,Trine,Jupiter,Cancer,"0°49'39.00""",Saturn,Pisces,"1°00'10.64""",120,119.8245,0.1755
2025-11-19 22:30:00,Aspect,Trine,Jupiter,Cancer,"0°49'38.00""",Saturn,Pisces,"1°00'10.07""",120,119.8244,0.1756
2025-11-19 22:45:00,Aspect,Trine,Jupiter,Cancer,"0°49'37.00""",Saturn,Pisces,"1°00'09.50""",120,119.8243,0.1757
2025-11-19 23:00:00,Aspect,Trine,Jupiter,Cancer,"0°49'36.00""",Saturn,Pisces,"1°00'08.93""",120,119.8242,0.1758
2025-11-19 23:15:00,Aspect,Trine,Jupiter,Cancer,"0°49'35.00""",Saturn,Pisces,"1°00'08.36""",120,119.8241,0.1759
2025-11-19 23:30:00,Aspect,Trine,Jupiter,Cancer,"0°49'33.99""",Saturn,Pisces,"1°00'07.79""",120,119.8239,0.1761
2025-11-19 23:45:00,Aspect,Trine,Jupiter,Cancer,"0°49'32.99""",Saturn,Pisces,"1°00'07.22""",120,119.8238,0.1762
2025-11-20 00:00:00,Aspect,Trine,Jupiter,Cancer,"0°49'31.98""",Saturn,Pisces,"1°00'06.65""",120,119.8237,0.1763
2025-11-20 00:15:00,Aspect,Trine,Jupiter,Cancer,"0°49'30.98""",Saturn,Pisces,"1°00'06.08""",120,119.8236,0.1764
2025-11-20 00:30:00,Aspect,Trine,Jupiter,Cancer,"0°49'29.97""",Saturn,Pisces,"1°00'05.52""",120,119.8235,0.1765
2025-11-20 00:45:00,Aspect,Trine,Jupiter,Cancer,"0°49'28.96""",Saturn,Pisces,"1°00'04.95""",120,119.8233,0.1767
2025-11-20 01:00:00,Aspect,Trine,Jupiter,Cancer,"0°49'27.95""",Saturn,Pisces,"1°00'04.39""",120,119.8232,0.1768
2025-11-20 01:15:00,Aspect,Trine,Jupiter,Cancer,"0°49'26.93""",Saturn,Pisces,"1°00'03.82""",120,119.8231,0.1769
2025-11-20 01:30:00,Aspect,Trine,Jupiter,Cancer,"0°49'25.92""",Saturn,Pisces,"1°00'03.26""",120,119.823,0.177
2025-11-20 01:45:00,Aspect,Trine,Jupiter,Cancer,"0°49'24.90""",Saturn,Pisces,"1°00'02.70""",120,119.8228,0.1772
2025-11-20 02:00:00,Aspect,Trine,Jupiter,Cancer,"0°49'23.89""",Saturn,Pisces,"1°00'02.14""",120,119.8227,0.1773
2025-11-20 02:15:00,Aspect,Trine,Jupiter,Cancer,"0°49'22.87""",Saturn,Pisces,"1°00'01.57""",120,119.8226,0.1774
2025-11-20 02:30:00,Aspect,Trine,Jupiter,Cancer,"0°49'21.85""",Saturn,Pisces,"1°00'01.01""",120,119.8225,0.1775
2025-11-20 02:45:00,Aspect,Trine,Jupiter,Cancer,"0°49'20.83""",Saturn,Pisces,"1°00'00.45""",120,119.8223,0.1777
2025-11-20 03:00:00,Aspect,Trine,Jupiter,Cancer,"0°49'19.81""",Saturn,Pisces,"0°59'59.89""",120,119.8222,0.1778
2025-11-20 03:15:00,Aspect,Trine,Jupiter,Cancer,"0°49'18.79""",Saturn,Pisces,"0°59'59.34""",120,119.8221,0.1779
2025-11-20 03:30:00,Aspect,Trine,Jupiter,Cancer,"0°49'17.76""",Saturn,Pisces,"0°59'58.78""",120,119.8219,0.1781
2025-11-20 03:45:00,Aspect,Trine,Jupiter,Cancer,"0°49'16.74""",Saturn,Pisces,"0°59'58.22""",120,119.8218,0.1782
2025-11-20 04:00:00,Aspect,Trine,Jupiter,Cancer,"0°49'15.71""",Saturn,Pisces,"0°59'57.66""",120,119.8217,0.1783
2025-11-20 04:15:00,Aspect,Trine,Jupiter,Cancer,"0°49'14.68""",Saturn,Pisces,"0°59'57.11""",120,119.8215,0.1785
2025-11-20 04:30:00,Aspect,Trine,Jupiter,Cancer,"0°49'13.65""",Saturn,Pisces,"0°59'56.55""",120,119.8214,0.1786
2025-11-20 04:45:00,Aspect,Trine,Jupiter,Cancer,"0°49'12.62""",Saturn,Pisces,"0°59'56.00""",120,119.8213,0.1787
2025-11-20 05:00:00,Aspect,Trine,Jupiter,Cancer,"0°49'11.59""",Saturn,Pisces,"0°59'55.44""",120,119.8212,0.1788
2025-11-20 05:15:00,Aspect,Trine,Jupiter,Cancer,"0°49'10.56""",Saturn,Pisces,"0°59'54.89""",120,119.821,0.179
2025-11-20 05:30:00,Aspect,Trine,Moon,Libra,"29°53'02.26""",Jupiter,Cancer,"0°49'09.52""",120,119.0646,0.9354
2025-11-20 05:30:00,Aspect,Trine,Jupiter,Cancer,"0°49'09.52""",Saturn,Pisces,"0°59'54.34""",120,119.8209,0.1791
2025-11-20 05:45:00,Aspect,Trine,Moon,Scorpio,"0°00'26.87""",Jupiter,Cancer,"0°49'08.49""",120,119.1884,0.8116
2025-11-20 05:45:00,Aspect,Trine,Moon,Scorpio,"0°00'26.87""",Saturn,Pisces,"0°59'53.79""",120,120.9908,0.9908
2025-11-20 05:45:00,Aspect,Trine,Jupiter,Cancer,"0°49'08.49""",Saturn,Pisces,"0°59'53.79""",120,119.8207,0.1793
2025-11-20 06:00:00,Aspect,Trine,Moon,Scorpio,"0°07'51.48""",Jupiter,Cancer,"0°49'07.45""",120,119.3122,0.6878
2025-11-20 06:00:00,Aspect,Trine,Moon,Scorpio,"0°07'51.48""",Saturn,Pisces,"0°59'53.24""",120,120.8672,0.8672
2025-11-20 06:00:00,Aspect,Trine,Jupiter,Cancer,"0°49'07.45""",Saturn,Pisces,"0°59'53.24""",120,119.8206,0.1794
2025-11-20 06:15:00,Aspect,Trine,Moon,Scorpio,"0°15'16.10""",Jupiter,Cancer,"0°49'06.41""",120,119.436,0.564
2025-11-20 06:15:00,Aspect,Trine,Moon,Scorpio,"0°15'16.10""",Saturn,Pisces,"0°59'52.69""",120,120.7435,0.7435
2025-11-20 06:15:00,Aspect,Trine,Jupiter,Cancer,"0°49'06.41""",Saturn,Pisces,"0°59'52.69""",120,119.8205,0.1795
2025-11-20 06:30:00,Aspect,Conjunction,Sun,Scorpio,"3°40'20.33""",Mercury,Scorpio,"4°38'53.28""",0,0.9758,0.9758
2025-11-20 06:30:00,Aspect,Trine,Moon,Scorpio,"0°22'40.72""",Jupiter,Cancer,"0°49'05.37""",120,119.5598,0.4402
2025-11-20 06:30:00,Aspect,Trine,Moon,Scorpio,"0°22'40.72""",Saturn,Pisces,"0°59'52.14""",120,120.6198,0.6198
2025-11-20 06:30:00,Aspect,Trine,Jupiter,Cancer,"0°49'05.37""",Saturn,Pisces,"0°59'52.14""",120,119.8203,0.1797
2025-11-20 06:45:00,Aspect,Conjunction,Sun,Scorpio,"3°40'58.19""",Mercury,Scorpio,"4°38'02.35""",0,0.9512,0.9512
2025-11-20 06:45:00,Aspect,Trine,Moon,Scorpio,"0°30'05.35""",Jupiter,Cancer,"0°49'04.33""",120,119.6836,0.3164
2025-11-20 06:45:00,Aspect,Trine,Moon,Scorpio,"0°30'05.35""",Saturn,Pisces,"0°59'51.59""",120,120.4962,0.4962
2025-11-20 06:45:00,Aspect,Trine,Jupiter,Cancer,"0°49'04.33""",Saturn,Pisces,"0°59'51.59""",120,119.8202,0.1798
2025-11-20 07:00:00,Aspect,Conjunction,Sun,Scorpio,"3°41'36.05""",Mercury,Scorpio,"4°37'11.42""",0,0.9265,0.9265
2025-11-20 07:00:00,Aspect,Trine,Moon,Scorpio,"0°37'29.97""",Jupiter,Cancer,"0°49'03.29""",120,119.8074,0.1926
2025-11-20 07:00:00,Aspect,Trine,Moon,Scorpio,"0°37'29.97""",Saturn,Pisces,"0°59'51.04""",120,120.3725,0.3725
2025-11-20 07:00:00,Aspect,Trine,Jupiter,Cancer,"0°49'03.29""",Saturn,Pisces,"0°59'51.04""",120,119.8201,0.1799
2025-11-20 07:15:00,Aspect,Conjunction,Sun,Scorpio,"3°42'13.91""",Mercury,Scorpio,"4°36'20.49""",0,0.9018,0.9018
2025-11-20 07:15:00,Aspect,Trine,Moon,Scorpio,"0°44'54.61""",Jupiter,Cancer,"0°49'02.24""",120,119.9312,0.0688
2025-11-20 07:15:00,Aspect,Trine,Moon,Scorpio,"0°44'54.61""",Saturn,Pisces,"0°59'50.49""",120,120.2489,0.2489
2025-11-20 07:15:00,Aspect,Trine,Jupiter,Cancer,"0°49'02.24""",Saturn,Pisces,"0°59'50.49""",120,119.8199,0.1801
2025-11-20 07:30:00,Aspect,Conjunction,Sun,Scorpio,"3°42'51.77""",Mercury,Scorpio,"4°35'29.55""",0,0.8772,0.8772
2025-11-20 07:30:00,Aspect,Trine,Moon,Scorpio,"0°52'19.25""",Jupiter,Cancer,"0°49'01.20""",120,120.055,0.055
2025-11-20 07:30:00,Aspect,Trine,Moon,Scorpio,"0°52'19.25""",Saturn,Pisces,"0°59'49.94""",120,120.1252,0.1252
2025-11-20 07:30:00,Aspect,Trine,Jupiter,Cancer,"0°49'01.20""",Saturn,Pisces,"0°59'49.94""",120,119.8198,0.1802
2025-11-20 07:45:00,Aspect,Conjunction,Sun,Scorpio,"3°43'29.63""",Mercury,Scorpio,"4°34'38.61""",0,0.8525,0.8525
2025-11-20 07:45:00,Aspect,Trine,Moon,Scorpio,"0°59'43.89""",Jupiter,Cancer,"0°49'00.15""",120,120.1788,0.1788
2025-11-20 07:45:00,Aspect,Trine,Moon,Scorpio,"0°59'43.89""",Saturn,Pisces,"0°59'49.40""",120,120.0015,0.0015
2025-11-20 07:45:00,Aspect,Trine,Jupiter,Cancer,"0°49'00.15""",Saturn,Pisces,"0°59'49.40""",120,119.8197,0.1803
2025-11-20 08:00:00,Aspect,Conjunction,Sun,Scorpio,"3°44'07.49""",Mercury,Scorpio,"4°33'47.66""",0,0.8278,0.8278
2025-11-20 08:00:00,Aspect,Trine,Moon,Scorpio,"1°07'08.54""",Jupiter,Cancer,"0°48'59.11""",120,120.3026,0.3026
2025-11-20 08:00:00,Aspect,Trine,Moon,Scorpio,"1°07'08.54""",Saturn,Pisces,"0°59'48.85""",120,119.8779,0.1221
2025-11-20 08:00:00,Aspect,Trine,Jupiter,Cancer,"0°48'59.11""",Saturn,Pisces,"0°59'48.85""",120,119.8195,0.1805
2025-11-20 08:15:00,Aspect,Conjunction,Sun,Scorpio,"3°44'45.34""",Mercury,Scorpio,"4°32'56.71""",0,0.8032,0.8032
2025-11-20 08:15:00,Aspect,Trine,Moon,Scorpio,"1°14'33.19""",Jupiter,Cancer,"0°48'58.06""",120,120.4264,0.4264
2025-11-20 08:15:00,Aspect,Trine,Moon,Scorpio,"1°14'33.19""",Saturn,Pisces,"0°59'48.31""",120,119.7542,0.2458
2025-11-20 08:15:00,Aspect,Trine,Jupiter,Cancer,"0°48'58.06""",Saturn,Pisces,"0°59'48.31""",120,119.8194,0.1806
2025-11-20 08:30:00,Aspect,Conjunction,Sun,Scorpio,"3°45'23.20""",Mercury,Scorpio,"4°32'05.76""",0,0.7785,0.7785
2025-11-20 08:30:00,Aspect,Trine,Moon,Scorpio,"1°21'57.84""",Jupiter,Cancer,"0°48'57.01""",120,120.5502,0.5502
2025-11-20 08:30:00,Aspect,Trine,Moon,Scorpio,"1°21'57.84""",Saturn,Pisces,"0°59'47.76""",120,119.6305,0.3695
2025-11-20 08:30:00,Aspect,Trine,Jupiter,Cancer,"0°48'57.01""",Saturn,Pisces,"0°59'47.76""",120,119.8192,0.1808
2025-11-20 08:45:00,Aspect,Conjunction,Sun,Scorpio,"3°46'01.06""",Mercury,Scorpio,"4°31'14.81""",0,0.7538,0.7538
2025-11-20 08:45:00,Aspect,Trine,Moon,Scorpio,"1°29'22.51""",Jupiter,Cancer,"0°48'55.96""",120,120.674,0.674
2025-11-20 08:45:00,Aspect,Trine,Moon,Scorpio,"1°29'22.51""",Saturn,Pisces,"0°59'47.22""",120,119.5069,0.4931
2025-11-20 08:45:00,Aspect,Trine,Jupiter,Cancer,"0°48'55.96""",Saturn,Pisces,"0°59'47.22""",120,119.8191,0.1809
2025-11-20 09:00:00,Aspect,Conjunction,Sun,Scorpio,"3°46'38.92""",Mercury,Scorpio,"4°30'23.85""",0,0.7291,0.7291
2025-11-20 09:00:00,Aspect,Trine,Moon,Scorpio,"1°36'47.17""",Jupiter,Cancer,"0°48'54.90""",120,120.7979,0.7979
2025-11-20 09:00:00,Aspect,Trine,Moon,Scorpio,"1°36'47.17""",Saturn,Pisces,"0°59'46.68""",120,119.3832,0.6168
2025-11-20 09:00:00,Aspect,Trine,Jupiter,Cancer,"0°48'54.90""",Saturn,Pisces,"0°59'46.68""",120,119.819,0.181
2025-11-20 09:15:00,Aspect,Conjunction,Sun,Scorpio,"3°47'16.78""",Mercury,Scorpio,"4°29'32.89""",0,0.7045,0.7045
2025-11-20 09:15:00,Aspect,Trine,Moon,Scorpio,"1°44'11.84""",Jupiter,Cancer,"0°48'53.85""",120,120.9217,0.9217
2025-11-20 09:15:00,Aspect,Trine,Moon,Scorpio,"1°44'11.84""",Saturn,Pisces,"0°59'46.14""",120,119.2595,0.7405
2025-11-20 09:15:00,Aspect,Trine,Jupiter,Cancer,"0°48'53.85""",Saturn,Pisces,"0°59'46.14""",120,119.8188,0.1812
2025-11-20 09:30:00,Aspect,Conjunction,Sun,Scorpio,"3°47'54.64""",Mercury,Scorpio,"4°28'41.93""",0,0.6798,0.6798
2025-11-20 09:30:00,Aspect,Trine,Moon,Scorpio,"1°51'36.52""",Saturn,Pisces,"0°59'45.59""",120,119.1359,0.8641
2025-11-20 09:30:00,Aspect,Trine,Jupiter,Cancer,"0°48'52.79""",Saturn,Pisces,"0°59'45.59""",120,119.8187,0.1813
2025-11-20 09:45:00,Aspect,Conjunction,Sun,Scorpio,"3°48'32.50""",Mercury,Scorpio,"4°27'50.97""",0,0.6551,0.6551
2025-11-20 09:45:00,Aspect,Trine,Moon,Scorpio,"1°59'01.20""",Saturn,Pisces,"0°59'45.05""",120,119.0122,0.9878
2025-11-20 09:45:00,Aspect,Trine,Jupiter,Cancer,"0°48'51.74""",Saturn,Pisces,"0°59'45.05""",120,119.8185,0.1815
2025-11-20 10:00:00,Aspect,Conjunction,Sun,Scorpio,"3°49'10.36""",Mercury,Scorpio,"4°27'00.00""",0,0.6305,0.6305
2025-11-20 10:00:00,Aspect,Trine,Jupiter,Cancer,"0°48'50.68""",Saturn,Pisces,"0°59'44.51""",120,119.8184,0.1816
2025-11-20 10:15:00,Aspect,Conjunction,Sun,Scorpio,"3°49'48.22""",Mercury,Scorpio,"4°26'09.03""",0,0.6058,0.6058
2025-11-20 10:15:00,Aspect,Trine,Jupiter,Cancer,"0°48'49.62""",Saturn,Pisces,"0°59'43.97""",120,119.8182,0.1818
2025-11-20 10:30:00,Aspect,Conjunction,Sun,Scorpio,"3°50'26.08""",Mercury,Scorpio,"4°25'18.06""",0,0.5811,0.5811
2025-11-20 10:30:00,Aspect,Trine,Jupiter,Cancer,"0°48'48.56""",Saturn,Pisces,"0°59'43.44""",120,119.8181,0.1819
2025-11-20 10:45:00,Aspect,Conjunction,Sun,Scorpio,"3°51'03.94""",Mercury,Scorpio,"4°24'27.09""",0,0.5564,0.5564
2025-11-20 10:45:00,Aspect,Trine,Jupiter,Cancer,"0°48'47.50""",Saturn,Pisces,"0°59'42.90""",120,119.8179,0.1821
2025-11-20 11:00:00,Aspect,Conjunction,Sun,Scorpio,"3°51'41.80""",Mercury,Scorpio,"4°23'36.12""",0,0.5318,0.5318
2025-11-20 11:00:00,Aspect,Trine,Jupiter,Cancer,"0°48'46.43""",Saturn,Pisces,"0°59'42.36""",120,119.8178,0.1822
2025-11-20 11:15:00,Aspect,Conjunction,Sun,Scorpio,"3°52'19.66""",Mercury,Scorpio,"4°22'45.14""",0,0.5071,0.5071
2025-11-20 11:15:00,Aspect,Trine,Jupiter,Cancer,"0°48'45.37""",Saturn,Pisces,"0°59'41.82""",120,119.8177,0.1823
2025-11-20 11:30:00,Aspect,Conjunction,Sun,Scorpio,"3°52'57.53""",Mercury,Scorpio,"4°21'54.17""",0,0.4824,0.4824
2025-11-20 11:30:00,Aspect,Trine,Jupiter,Cancer,"0°48'44.30""",Saturn,Pisces,"0°59'41.29""",120,119.8175,0.1825
2025-11-20 11:45:00,Aspect,Conjunction,Sun,Scorpio,"3°53'35.39""",Moon,Scorpio,"2°58'18.84""",0,0.9213,0.9213
2025-11-20 11:45:00,Aspect,Conjunction,Sun,Scorpio,"3°53'35.39""",Mercury,Scorpio,"4°21'03.19""",0,0.4577,0.4577
2025-11-20 11:45:00,Aspect,Trine,Jupiter,Cancer,"0°48'43.24""",Saturn,Pisces,"0°59'40.75""",120,119.8174,0.1826
2025-11-20 12:00:00,Aspect,Conjunction,Sun,Scorpio,"3°54'13.25""",Moon,Scorpio,"3°05'43.57""",0,0.8082,0.8082
2025-11-20 12:00:00,Aspect,Conjunction,Sun,Scorpio,"3°54'13.25""",Mercury,Scorpio,"4°20'12.22""",0,0.433,0.433
2025-11-20 12:00:00,Aspect,Trine,Jupiter,Cancer,"0°48'42.17""",Saturn,Pisces,"0°59'40.22""",120,119.8172,0.1828
2025-11-20 12:15:00,Aspect,Conjunction,Sun,Scorpio,"3°54'51.11""",Moon,Scorpio,"3°13'08.30""",0,0.6952,0.6952
2025-11-20 12:15:00,Aspect,Conjunction,Sun,Scorpio,"3°54'51.11""",Mercury,Scorpio,"4°19'21.24""",0,0.4084,0.4084
2025-11-20 12:15:00,Aspect,Trine,Jupiter,Cancer,"0°48'41.10""",Saturn,Pisces,"0°59'39.68""",120,119.8171,0.1829
2025-11-20 12:30:00,Aspect,Conjunction,Sun,Scorpio,"3°55'28.97""",Moon,Scorpio,"3°20'33.05""",0,0.5822,0.5822
2025-11-20 12:30:00,Aspect,Conjunction,Sun,Scorpio,"3°55'28.97""",Mercury,Scorpio,"4°18'30.26""",0,0.3837,0.3837
2025-11-20 12:30:00,Aspect,Conjunction,Moon,Scorpio,"3°20'33.05""",Mercury,Scorpio,"4°18'30.26""",0,0.9659,0.9659
2025-11-20 12:30:00,Aspect,Trine,Jupiter,Cancer,"0°48'40.03""",Saturn,Pisces,"0°59'39.15""",120,119.8169,0.1831
2025-11-20 12:45:00,Aspect,Conjunction,Sun,Scorpio,"3°56'06.83""",Moon,Scorpio,"3°27'57.79""",0,0.4692,0.4692
2025-11-20 12:45:00,Aspect,Conjunction,Sun,Scorpio,"3°56'06.83""",Mercury,Scorpio,"4°17'39.29""",0,0.359,0.359
2025-11-20 12:45:00,Aspect,Conjunction,Moon,Scorpio,"3°27'57.79""",Mercury,Scorpio,"4°17'39.29""",0,0.8282,0.8282
2025-11-20 12:45:00,Aspect,Trine,Jupiter,Cancer,"0°48'38.96""",Saturn,Pisces,"0°59'38.62""",120,119.8168,0.1832
2025-11-20 13:00:00,Aspect,Conjunction,Sun,Scorpio,"3°56'44.70""",Moon,Scorpio,"3°35'22.55""",0,0.3562,0.3562
2025-11-20 13:00:00,Aspect,Conjunction,Sun,Scorpio,"3°56'44.70""",Mercury,Scorpio,"4°16'48.31""",0,0.3343,0.3343
2025-11-20 13:00:00,Aspect,Conjunction,Moon,Scorpio,"3°35'22.55""",Mercury,Scorpio,"4°16'48.31""",0,0.6905,0.6905
2025-11-20 13:00:00,Aspect,Trine,Jupiter,Cancer,"0°48'37.88""",Saturn,Pisces,"0°59'38.09""",120,119.8166,0.1834
2025-11-20 13:15:00,Aspect,Conjunction,Sun,Scorpio,"3°57'22.56""",Moon,Scorpio,"3°42'47.31""",0,0.2431,0.2431
2025-11-20 13:15:00,Aspect,Conjunction,Sun,Scorpio,"3°57'22.56""",Mercury,Scorpio,"4°15'57.34""",0,0.3097,0.3097
2025-11-20 13:15:00,Aspect,Conjunction,Moon,Scorpio,"3°42'47.31""",Mercury,Scorpio,"4°15'57.34""",0,0.5528,0.5528
2025-11-20 13:15:00,Aspect,Trine,Jupiter,Cancer,"0°48'36.81""",Saturn,Pisces,"0°59'37.56""",120,119.8165,0.1835
2025-11-20 13:30:00,Aspect,Conjunction,Sun,Scorpio,"3°58'00.42""",Moon,Scorpio,"3°50'12.08""",0,0.1301,0.1301
2025-11-20 13:30:00,Aspect,Conjunction,Sun,Scorpio,"3°58'00.42""",Mercury,Scorpio,"4°15'06.36""",0,0.285,0.285
2025-11-20 13:30:00,Aspect,Conjunction,Moon,Scorpio,"3°50'12.08""",Mercury,Scorpio,"4°15'06.36""",0,0.4151,0.4151
2025-11-20 13:30:00,Aspect,Trine,Jupiter,Cancer,"0°48'35.73""",Saturn,Pisces,"0°59'37.03""",120,119.8163,0.1837
2025-11-20 13:45:00,Aspect,Conjunction,Sun,Scorpio,"3°58'38.28""",Moon,Scorpio,"3°57'36.85""",0,0.0171,0.0171
2025-11-20 13:45:00,Aspect,Conjunction,Sun,Scorpio,"3°58'38.28""",Mercury,Scorpio,"4°14'15.38""",0,0.2603,0.2603
2025-11-20 13:45:00,Aspect,Conjunction,Moon,Scorpio,"3°57'36.85""",Mercury,Scorpio,"4°14'15.38""",0,0.2774,0.2774
2025-11-20 13:45:00,Aspect,Trine,Jupiter,Cancer,"0°48'34.65""",Saturn,Pisces,"0°59'36.50""",120,119.8162,0.1838
2025-11-20 14:00:00,Aspect,Conjunction,Sun,Scorpio,"3°59'16.15""",Moon,Scorpio,"4°05'01.63""",0,0.096,0.096
2025-11-20 14:00:00,Aspect,Conjunction,Sun,Scorpio,"3°59'16.15""",Mercury,Scorpio,"4°13'24.41""",0,0.2356,0.2356
2025-11-20 14:00:00,Aspect,Conjunction,Moon,Scorpio,"4°05'01.63""",Mercury,Scorpio,"4°13'24.41""",0,0.1397,0.1397
2025-11-20 14:00:00,Aspect,Trine,Jupiter,Cancer,"0°48'33.58""",Saturn,Pisces,"0°59'35.97""",120,119.816,0.184
2025-11-20 14:15:00,Aspect,Conjunction,Sun,Scorpio,"3°59'54.01""",Moon,Scorpio,"4°12'26.42""",0,0.209,0.209
2025-11-20 14:15:00,Aspect,Conjunction,Sun,Scorpio,"3°59'54.01""",Mercury,Scorpio,"4°12'33.44""",0,0.211,0.211
2025-11-20 14:15:00,Aspect,Conjunction,Moon,Scorpio,"4°12'26.42""",Mercury,Scorpio,"4°12'33.44""",0,0.0019,0.0019
2025-11-20 14:15:00,Aspect,Trine,Jupiter,Cancer,"0°48'32.50""",Saturn,Pisces,"0°59'35.44""",120,119.8158,0.1842
2025-11-20 14:30:00,Aspect,Conjunction,Sun,Scorpio,"4°00'31.87""",Moon,Scorpio,"4°19'51.21""",0,0.322,0.322
2025-11-20 14:30:00,Aspect,Conjunction,Sun,Scorpio,"4°00'31.87""",Mercury,Scorpio,"4°11'42.47""",0,0.1863,0.1863
2025-11-20 14:30:00,Aspect,Conjunction,Moon,Scorpio,"4°19'51.21""",Mercury,Scorpio,"4°11'42.47""",0,0.1358,0.1358
2025-11-20 14:30:00,Aspect,Trine,Jupiter,Cancer,"0°48'31.41""",Saturn,Pisces,"0°59'34.91""",120,119.8157,0.1843
2025-11-20 14:45:00,Aspect,Conjunction,Sun,Scorpio,"4°01'09.73""",Moon,Scorpio,"4°27'16.01""",0,0.4351,0.4351
2025-11-20 14:45:00,Aspect,Conjunction,Sun,Scorpio,"4°01'09.73""",Mercury,Scorpio,"4°10'51.50""",0,0.1616,0.1616
2025-11-20 14:45:00,Aspect,Conjunction,Moon,Scorpio,"4°27'16.01""",Mercury,Scorpio,"4°10'51.50""",0,0.2735,0.2735
2025-11-20 14:45:00,Aspect,Trine,Jupiter,Cancer,"0°48'30.33""",Saturn,Pisces,"0°59'34.38""",120,119.8155,0.1845
2025-11-20 15:00:00,Aspect,Conjunction,Sun,Scorpio,"4°01'47.60""",Moon,Scorpio,"4°34'40.82""",0,0.5481,0.5481
2025-11-20 15:00:00,Aspect,Conjunction,Sun,Scorpio,"4°01'47.60""",Mercury,Scorpio,"4°10'00.53""",0,0.1369,0.1369
2025-11-20 15:00:00,Aspect,Conjunction,Moon,Scorpio,"4°34'40.82""",Mercury,Scorpio,"4°10'00.53""",0,0.4112,0.4112
2025-11-20 15:00:00,Aspect,Trine,Jupiter,Cancer,"0°48'29.25""",Saturn,Pisces,"0°59'33.86""",120,119.8154,0.1846
2025-11-20 15:15:00,Aspect,Conjunction,Sun,Scorpio,"4°02'25.46""",Moon,Scorpio,"4°42'05.64""",0,0.6612,0.6612
2025-11-20 15:15:00,Aspect,Conjunction,Sun,Scorpio,"4°02'25.46""",Mercury,Scorpio,"4°09'09.56""",0,0.1122,0.1122
2025-11-20 15:15:00,Aspect,Conjunction,Moon,Scorpio,"4°42'05.64""",Mercury,Scorpio,"4°09'09.56""",0,0.5489,0.5489
2025-11-20 15:15:00,Aspect,Trine,Jupiter,Cancer,"0°48'28.16""",Saturn,Pisces,"0°59'33.33""",120,119.8152,0.1848
2025-11-20 15:30:00,Aspect,Conjunction,Sun,Scorpio,"4°03'03.33""",Moon,Scorpio,"4°49'30.46""",0,0.7742,0.7742
2025-11-20 15:30:00,Aspect,Conjunction,Sun,Scorpio,"4°03'03.33""",Mercury,Scorpio,"4°08'18.60""",0,0.0876,0.0876
2025-11-20 15:30:00,Aspect,Conjunction,Moon,Scorpio,"4°49'30.46""",Mercury,Scorpio,"4°08'18.60""",0,0.6866,0.6866
2025-11-20 15:30:00,Aspect,Trine,Jupiter,Cancer,"0°48'27.08""",Saturn,Pisces,"0°59'32.81""",120,119.8151,0.1849
2025-11-20 15:45:00,Aspect,Conjunction,Sun,Scorpio,"4°03'41.19""",Moon,Scorpio,"4°56'55.29""",0,0.8872,0.8872
2025-11-20 15:45:00,Aspect,Conjunction,Sun,Scorpio,"4°03'41.19""",Mercury,Scorpio,"4°07'27.63""",0,0.0629,0.0629
2025-11-20 15:45:00,Aspect,Conjunction,Moon,Scorpio,"4°56'55.29""",Mercury,Scorpio,"4°07'27.63""",0,0.8243,0.8243
2025-11-20 15:45:00,Aspect,Trine,Jupiter,Cancer,"0°48'25.99""",Saturn,Pisces,"0°59'32.28""",120,119.8149,0.1851
2025-11-20 16:00:00,Aspect,Conjunction,Sun,Scorpio,"4°04'19.05""",Mercury,Scorpio,"4°06'36.67""",0,0.0382,0.0382
2025-11-20 16:00:00,Aspect,Conjunction,Moon,Scorpio,"5°04'20.12""",Mercury,Scorpio,"4°06'36.67""",0,0.9621,0.9621
2025-11-20 16:00:00,Aspect,Trine,Jupiter,Cancer,"0°48'24.90""",Saturn,Pisces,"0°59'31.76""",120,119.8148,0.1852
2025-11-20 16:15:00,Aspect,Conjunction,Sun,Scorpio,"4°04'56.92""",Mercury,Scorpio,"4°05'45.72""",0,0.0136,0.0136
2025-11-20 16:15:00,Aspect,Trine,Jupiter,Cancer,"0°48'23.81""",Saturn,Pisces,"0°59'31.24""",120,119.8146,0.1854
2025-11-20 16:30:00,Aspect,Conjunction,Sun,Scorpio,"4°05'34.78""",Mercury,Scorpio,"4°04'54.76""",0,0.0111,0.0111
2025-11-20 16:30:00,Aspect,Trine,Jupiter,Cancer,"0°48'22.72""",Saturn,Pisces,"0°59'30.71""",120,119.8144,0.1856
2025-11-20 16:45:00,Aspect,Conjunction,Sun,Scorpio,"4°06'12.65""",Mercury,Scorpio,"4°04'03.81""",0,0.0358,0.0358
2025-11-20 16:45:00,Aspect,Trine,Jupiter,Cancer,"0°48'21.62""",Saturn,Pisces,"0°59'30.19""",120,119.8143,0.1857
2025-11-20 17:00:00,Aspect,Conjunction,Sun,Scorpio,"4°06'50.51""",Mercury,Scorpio,"4°03'12.86""",0,0.0605,0.0605
2025-11-20 17:00:00,Aspect,Trine,Jupiter,Cancer,"0°48'20.53""",Saturn,Pisces,"0°59'29.67""",120,119.8141,0.1859
2025-11-20 17:15:00,Aspect,Conjunction,Sun,Scorpio,"4°07'28.38""",Mercury,Scorpio,"4°02'21.92""",0,0.0851,0.0851
2025-11-20 17:15:00,Aspect,Trine,Jupiter,Cancer,"0°48'19.43""",Saturn,Pisces,"0°59'29.15""",120,119.814,0.186
2025-11-20 17:30:00,Aspect,Conjunction,Sun,Scorpio,"4°08'06.24""",Mercury,Scorpio,"4°01'30.98""",0,0.1098,0.1098
2025-11-20 17:30:00,Aspect,Trine,Jupiter,Cancer,"0°48'18.34""",Saturn,Pisces,"0°59'28.63""",120,119.8138,0.1862
2025-11-20 17:45:00,Aspect,Conjunction,Sun,Scorpio,"4°08'44.11""",Mercury,Scorpio,"4°00'40.04""",0,0.1345,0.1345
2025-11-20 17:45:00,Aspect,Trine,Jupiter,Cancer,"0°48'17.24""",Saturn,Pisces,"0°59'28.11""",120,119.8136,0.1864
2025-11-20 18:00:00,Aspect,Conjunction,Sun,Scorpio,"4°09'21.97""",Mercury,Scorpio,"3°59'49.10""",0,0.1591,0.1591
2025-11-20 18:00:00,Aspect,Trine,Jupiter,Cancer,"0°48'16.14""",Saturn,Pisces,"0°59'27.60""",120,119.8135,0.1865
2025-11-20 18:15:00,Aspect,Conjunction,Sun,Scorpio,"4°09'59.84""",Mercury,Scorpio,"3°58'58.17""",0,0.1838,0.1838
2025-11-20 18:15:00,Aspect,Trine,Jupiter,Cancer,"0°48'15.04""",Saturn,Pisces,"0°59'27.08""",120,119.8133,0.1867
2025-11-20 18:30:00,Aspect,Conjunction,Sun,Scorpio,"4°10'37.70""",Mercury,Scorpio,"3°58'07.25""",0,0.2085,0.2085
2025-11-20 18:30:00,Aspect,Trine,Jupiter,Cancer,"0°48'13.94""",Saturn,Pisces,"0°59'26.56""",120,119.8132,0.1868
2025-11-20 18:45:00,Aspect,Conjunction,Sun,Scorpio,"4°11'15.57""",Mercury,Scorpio,"3°57'16.33""",0,0.2331,0.2331
2025-11-20 18:45:00,Aspect,Trine,Jupiter,Cancer,"0°48'12.83""",Saturn,Pisces,"0°59'26.05""",120,119.813,0.187
2025-11-20 19:00:00,Aspect,Conjunction,Sun,Scorpio,"4°11'53.43""",Mercury,Scorpio,"3°56'25.41""",0,0.2578,0.2578
2025-11-20 19:00:00,Aspect,Trine,Jupiter,Cancer,"0°48'11.73""",Saturn,Pisces,"0°59'25.53""",120,119.8128,0.1872
2025-11-20 19:15:00,Aspect,Conjunction,Sun,Scorpio,"4°12'31.30""",Mercury,Scorpio,"3°55'34.50""",0,0.2824,0.2824
2025-11-20 19:15:00,Aspect,Trine,Jupiter,Cancer,"0°48'10.62""",Saturn,Pisces,"0°59'25.02""",120,119.8127,0.1873
2025-11-20 19:30:00,Aspect,Conjunction,Sun,Scorpio,"4°13'09.17""",Mercury,Scorpio,"3°54'43.59""",0,0.3071,0.3071
2025-11-20 19:30:00,Aspect,Trine,Jupiter,Cancer,"0°48'09.52""",Saturn,Pisces,"0°59'24.50""",120,119.8125,0.1875
2025-11-20 19:45:00,Aspect,Conjunction,Sun,Scorpio,"4°13'47.03""",Mercury,Scorpio,"3°53'52.69""",0,0.3318,0.3318
2025-11-20 19:45:00,Aspect,Trine,Jupiter,Cancer,"0°48'08.41""",Saturn,Pisces,"0°59'23.99""",120,119.8123,0.1877
2025-11-20 20:00:00,Aspect,Conjunction,Sun,Scorpio,"4°14'24.90""",Mercury,Scorpio,"3°53'01.79""",0,0.3564,0.3564
2025-11-20 20:00:00,Aspect,Trine,Jupiter,Cancer,"0°48'07.30""",Saturn,Pisces,"0°59'23.48""",120,119.8122,0.1878
2025-11-20 20:15:00,Aspect,Conjunction,Sun,Scorpio,"4°15'02.77""",Mercury,Scorpio,"3°52'10.90""",0,0.3811,0.3811
2025-11-20 20:15:00,Aspect,Trine,Jupiter,Cancer,"0°48'06.19""",Saturn,Pisces,"0°59'22.97""",120,119.812,0.188
2025-11-20 20:30:00,Aspect,Conjunction,Sun,Scorpio,"4°15'40.63""",Mercury,Scorpio,"3°51'20.02""",0,0.4057,0.4057
2025-11-20 20:30:00,Aspect,Trine,Jupiter,Cancer,"0°48'05.07""",Saturn,Pisces,"0°59'22.45""",120,119.8118,0.1882
2025-11-20 20:45:00,Aspect,Conjunction,Sun,Scorpio,"4°16'18.50""",Mercury,Scorpio,"3°50'29.14""",0,0.4304,0.4304
2025-11-20 20:45:00,Aspect,Trine,Jupiter,Cancer,"0°48'03.96""",Saturn,Pisces,"0°59'21.94""",120,119.8117,0.1883
2025-11-20 21:00:00,Aspect,Conjunction,Sun,Scorpio,"4°16'56.37""",Mercury,Scorpio,"3°49'38.27""",0,0.455,0.455
2025-11-20 21:00:00,Aspect,Trine,Jupiter,Cancer,"0°48'02.85""",Saturn,Pisces,"0°59'21.43""",120,119.8115,0.1885
2025-11-20 21:15:00,Aspect,Conjunction,Sun,Scorpio,"4°17'34.24""",Mercury,Scorpio,"3°48'47.40""",0,0.4797,0.4797
2025-11-20 21:15:00,Aspect,Trine,Jupiter,Cancer,"0°48'01.73""",Saturn,Pisces,"0°59'20.93""",120,119.8113,0.1887
2025-11-20 21:30:00,Aspect,Conjunction,Sun,Scorpio,"4°18'12.10""",Mercury,Scorpio,"3°47'56.54""",0,0.5043,0.5043
2025-11-20 21:30:00,Aspect,Trine,Jupiter,Cancer,"0°48'00.61""",Saturn,Pisces,"0°59'20.42""",120,119.8112,0.1888
2025-11-20 21:45:00,Aspect,Conjunction,Sun,Scorpio,"4°18'49.97""",Mercury,Scorpio,"3°47'05.69""",0,0.529,0.529
2025-11-20 21:45:00,Aspect,Trine,Jupiter,Cancer,"0°47'59.49""",Saturn,Pisces,"0°59'19.91""",120,119.811,0.189
2025-11-20 22:00:00,Aspect,Conjunction,Sun,Scorpio,"4°19'27.84""",Mercury,Scorpio,"3°46'14.84""",0,0.5536,0.5536
2025-11-20 22:00:00,Aspect,Trine,Jupiter,Cancer,"0°47'58.37""",Saturn,Pisces,"0°59'19.40""",120,119.8108,0.1892
2025-11-20 22:15:00,Aspect,Conjunction,Sun,Scorpio,"4°20'05.71""",Mercury,Scorpio,"3°45'24.00""",0,0.5783,0.5783
2025-11-20 22:15:00,Aspect,Trine,Jupiter,Cancer,"0°47'57.25""",Saturn,Pisces,"0°59'18.90""",120,119.8107,0.1893
2025-11-20 22:30:00,Aspect,Conjunction,Sun,Scorpio,"4°20'43.58""",Mercury,Scorpio,"3°44'33.17""",0,0.6029,0.6029
2025-11-20 22:30:00,Aspect,Trine,Jupiter,Cancer,"0°47'56.13""",Saturn,Pisces,"0°59'18.39""",120,119.8105,0.1895
2025-11-20 22:45:00,Aspect,Conjunction,Sun,Scorpio,"4°21'21.44""",Mercury,Scorpio,"3°43'42.34""",0,0.6275,0.6275
2025-11-20 22:45:00,Aspect,Trine,Jupiter,Cancer,"0°47'55.00""",Saturn,Pisces,"0°59'17.89""",120,119.8103,0.1897
2025-11-20 23:00:00,Aspect,Conjunction,Sun,Scorpio,"4°21'59.31""",Mercury,Scorpio,"3°42'51.52""",0,0.6522,0.6522
2025-11-20 23:00:00,Aspect,Trine,Jupiter,Cancer,"0°47'53.88""",Saturn,Pisces,"0°59'17.38""",120,119.8101,0.1899
2025-11-20 23:15:00,Aspect,Conjunction,Sun,Scorpio,"4°22'37.18""",Mercury,Scorpio,"3°42'00.71""",0,0.6768,0.6768
2025-11-20 23:15:00,Aspect,Trine,Jupiter,Cancer,"0°47'52.75""",Saturn,Pisces,"0°59'16.88""",120,119.81,0.19
2025-11-20 23:30:00,Aspect,Conjunction,Sun,Scorpio,"4°23'15.05""",Mercury,Scorpio,"3°41'09.91""",0,0.7014,0.7014
2025-11-20 23:30:00,Aspect,Trine,Jupiter,Cancer,"0°47'51.62""",Saturn,Pisces,"0°59'16.38""",120,119.8098,0.1902
2025-11-20 23:45:00,Aspect,Conjunction,Sun,Scorpio,"4°23'52.92""",Mercury,Scorpio,"3°40'19.12""",0,0.7261,0.7261
2025-11-20 23:45:00,Aspect,Trine,Jupiter,Cancer,"0°47'50.49""",Saturn,Pisces,"0°59'15.87""",120,119.8096,0.1904
2025-11-21 00:00:00,Aspect,Conjunction,Sun,Scorpio,"4°24'30.79""",Mercury,Scorpio,"3°39'28.33""",0,0.7507,0.7507
2025-11-21 00:00:00,Aspect,Trine,Jupiter,Cancer,"0°47'49.36""",Saturn,Pisces,"0°59'15.37""",120,119.8094,0.1906
2025-11-21 00:15:00,Aspect,Conjunction,Sun,Scorpio,"4°25'08.66""",Mercury,Scorpio,"3°38'37.56""",0,0.7753,0.7753
2025-11-21 00:15:00,Aspect,Trine,Jupiter,Cancer,"0°47'48.23""",Saturn,Pisces,"0°59'14.87""",120,119.8093,0.1907
2025-11-21 00:30:00,Aspect,Conjunction,Sun,Scorpio,"4°25'46.53""",Mercury,Scorpio,"3°37'46.79""",0,0.7999,0.7999
2025-11-21 00:30:00,Aspect,Trine,Jupiter,Cancer,"0°47'47.10""",Saturn,Pisces,"0°59'14.37""",120,119.8091,0.1909
2025-11-21 00:45:00,Aspect,Conjunction,Sun,Scorpio,"4°26'24.40""",Mercury,Scorpio,"3°36'56.03""",0,0.8245,0.8245
2025-11-21 00:45:00,Aspect,Trine,Jupiter,Cancer,"0°47'45.96""",Saturn,Pisces,"0°59'13.87""",120,119.8089,0.1911
2025-11-21 01:00:00,Aspect,Conjunction,Sun,Scorpio,"4°27'02.27""",Mercury,Scorpio,"3°36'05.28""",0,0.8492,0.8492
2025-11-21 01:00:00,Aspect,Trine,Jupiter,Cancer,"0°47'44.83""",Saturn,Pisces,"0°59'13.37""",120,119.8087,0.1913
2025-11-21 01:15:00,Aspect,Conjunction,Sun,Scorpio,"4°27'40.14""",Mercury,Scorpio,"3°35'14.54""",0,0.8738,0.8738
2025-11-21 01:15:00,Aspect,Trine,Jupiter,Cancer,"0°47'43.69""",Saturn,Pisces,"0°59'12.88""",120,119.8086,0.1914
2025-11-21 01:30:00,Aspect,Conjunction,Sun,Scorpio,"4°28'18.01""",Mercury,Scorpio,"3°34'23.81""",0,0.8984,0.8984
2025-11-21 01:30:00,Aspect,Trine,Jupiter,Cancer,"0°47'42.55""",Saturn,Pisces,"0°59'12.38""",120,119.8084,0.1916
2025-11-21 01:45:00,Aspect,Conjunction,Sun,Scorpio,"4°28'55.88""",Mercury,Scorpio,"3°33'33.09""",0,0.923,0.923
2025-11-21 01:45:00,Aspect,Trine,Jupiter,Cancer,"0°47'41.41""",Saturn,Pisces,"0°59'11.88""",120,119.8082,0.1918
2025-11-21 02:00:00,Aspect,Conjunction,Sun,Scorpio,"4°29'33.75""",Mercury,Scorpio,"3°32'42.37""",0,0.9476,0.9476
2025-11-21 02:00:00,Aspect,Trine,Jupiter,Cancer,"0°47'40.27""",Saturn,Pisces,"0°59'11.39""",120,119.808,0.192
2025-11-21 02:15:00,Aspect,Conjunction,Sun,Scorpio,"4°30'11.62""",Mercury,Scorpio,"3°31'51.67""",0,0.9722,0.9722
2025-11-21 02:15:00,Aspect,Trine,Jupiter,Cancer,"0°47'39.13""",Saturn,Pisces,"0°59'10.89""",120,119.8078,0.1922
2025-11-21 02:30:00,Aspect,Conjunction,Sun,Scorpio,"4°30'49.49""",Mercury,Scorpio,"3°31'00.98""",0,0.9968,0.9968
2025-11-21 02:30:00,Aspect,Trine,Jupiter,Cancer,"0°47'37.99""",Saturn,Pisces,"0°59'10.40""",120,119.8077,0.1923
2025-11-21 02:45:00,Aspect,Trine,Jupiter,Cancer,"0°47'36.84""",Saturn,Pisces,"0°59'09.90""",120,119.8075,0.1925
2025-11-21 03:00:00,Aspect,Trine,Jupiter,Cancer,"0°47'35.70""",Saturn,Pisces,"0°59'09.41""",120,119.8073,0.1927
2025-11-21 03:15:00,Aspect,Trine,Jupiter,Cancer,"0°47'34.55""",Saturn,Pisces,"0°59'08.92""",120,119.8071,0.1929
2025-11-21 03:30:00,Aspect,Trine,Jupiter,Cancer,"0°47'33.40""",Saturn,Pisces,"0°59'08.42""",120,119.8069,0.1931
2025-11-21 03:45:00,Aspect,Trine,Jupiter,Cancer,"0°47'32.25""",Saturn,Pisces,"0°59'07.93""",120,119.8068,0.1932
2025-11-21 04:00:00,Aspect,Trine,Jupiter,Cancer,"0°47'31.10""",Saturn,Pisces,"0°59'07.44""",120,119.8066,0.1934
2025-11-21 04:15:00,Aspect,Trine,Jupiter,Cancer,"0°47'29.95""",Saturn,Pisces,"0°59'06.95""",120,119.8064,0.1936
2025-11-21 04:30:00,Aspect,Trine,Jupiter,Cancer,"0°47'28.79""",Saturn,Pisces,"0°59'06.46""",120,119.8062,0.1938
2025-11-21 04:45:00,Aspect,Trine,Jupiter,Cancer,"0°47'27.64""",Saturn,Pisces,"0°59'05.98""",120,119.806,0.194
2025-11-21 05:00:00,Aspect,Trine,Jupiter,Cancer,"0°47'26.48""",Saturn,Pisces,"0°59'05.49""",120,119.8058,0.1942
2025-11-21 05:15:00,Aspect,Trine,Jupiter,Cancer,"0°47'25.32""",Saturn,Pisces,"0°59'05.00""",120,119.8056,0.1944
2025-11-21 05:30:00,Aspect,Trine,Jupiter,Cancer,"0°47'24.16""",Saturn,Pisces,"0°59'04.52""",120,119.8055,0.1945
2025-11-21 05:45:00,Aspect,Trine,Jupiter,Cancer,"0°47'23.00""",Saturn,Pisces,"0°59'04.03""",120,119.8053,0.1947
2025-11-21 06:00:00,Aspect,Trine,Jupiter,Cancer,"0°47'21.84""",Saturn,Pisces,"0°59'03.55""",120,119.8051,0.1949
2025-11-21 06:15:00,Aspect,Trine,Jupiter,Cancer,"0°47'20.68""",Saturn,Pisces,"0°59'03.06""",120,119.8049,0.1951
2025-11-21 06:30:00,Aspect,Trine,Jupiter,Cancer,"0°47'19.51""",Saturn,Pisces,"0°59'02.58""",120,119.8047,0.1953
2025-11-21 06:45:00,Aspect,Trine,Jupiter,Cancer,"0°47'18.35""",Saturn,Pisces,"0°59'02.09""",120,119.8045,0.1955
2025-11-21 07:00:00,Aspect,Trine,Jupiter,Cancer,"0°47'17.18""",Saturn,Pisces,"0°59'01.61""",120,119.8043,0.1957
2025-11-21 07:15:00,Aspect,Trine,Jupiter,Cancer,"0°47'16.01""",Saturn,Pisces,"0°59'01.13""",120,119.8041,0.1959
2025-11-21 07:30:00,Aspect,Trine,Jupiter,Cancer,"0°47'14.84""",Saturn,Pisces,"0°59'00.65""",120,119.8039,0.1961
2025-11-21 07:45:00,Aspect,Trine,Jupiter,Cancer,"0°47'13.67""",Saturn,Pisces,"0°59'00.17""",120,119.8038,0.1962
2025-11-21 08:00:00,Aspect,Trine,Jupiter,Cancer,"0°47'12.50""",Saturn,Pisces,"0°58'59.69""",120,119.8036,0.1964
2025-11-21 08:15:00,Aspect,Trine,Jupiter,Cancer,"0°47'11.33""",Saturn,Pisces,"0°58'59.21""",120,119.8034,0.1966
2025-11-21 08:30:00,Aspect,Trine,Jupiter,Cancer,"0°47'10.15""",Saturn,Pisces,"0°58'58.73""",120,119.8032,0.1968
2025-11-21 08:45:00,Aspect,Trine,Jupiter,Cancer,"0°47'08.98""",Saturn,Pisces,"0°58'58.26""",120,119.803,0.197
2025-11-21 09:00:00,Aspect,Trine,Jupiter,Cancer,"0°47'07.80""",Saturn,Pisces,"0°58'57.78""",120,119.8028,0.1972
2025-11-21 09:15:00,Aspect,Trine,Jupiter,Cancer,"0°47'06.62""",Saturn,Pisces,"0°58'57.31""",120,119.8026,0.1974
2025-11-21 09:30:00,Aspect,Trine,Jupiter,Cancer,"0°47'05.44""",Saturn,Pisces,"0°58'56.83""",120,119.8024,0.1976
2025-11-21 09:45:00,Aspect,Trine,Jupiter,Cancer,"0°47'04.26""",Saturn,Pisces,"0°58'56.36""",120,119.8022,0.1978
2025-11-21 10:00:00,Aspect,Trine,Jupiter,Cancer,"0°47'03.08""",Saturn,Pisces,"0°58'55.88""",120,119.802,0.198
2025-11-21 10:15:00,Aspect,Trine,Jupiter,Cancer,"0°47'01.89""",Saturn,Pisces,"0°58'55.41""",120,119.8018,0.1982
2025-11-21 10:30:00,Aspect,Trine,Jupiter,Cancer,"0°47'00.71""",Saturn,Pisces,"0°58'54.94""",120,119.8016,0.1984
2025-11-21 10:45:00,Aspect,Trine,Jupiter,Cancer,"0°46'59.52""",Saturn,Pisces,"0°58'54.46""",120,119.8014,0.1986
2025-11-21 11:00:00,Aspect,Trine,Jupiter,Cancer,"0°46'58.34""",Saturn,Pisces,"0°58'53.99""",120,119.8012,0.1988
2025-11-21 11:15:00,Aspect,Trine,Jupiter,Cancer,"0°46'57.15""",Saturn,Pisces,"0°58'53.52""",120,119.801,0.199
2025-11-21 11:30:00,Aspect,Trine,Jupiter,Cancer,"0°46'55.96""",Saturn,Pisces,"0°58'53.05""",120,119.8008,0.1992
2025-11-21 11:45:00,Aspect,Trine,Jupiter,Cancer,"0°46'54.77""",Saturn,Pisces,"0°58'52.58""",120,119.8006,0.1994
2025-11-21 12:00:00,Aspect,Trine,Jupiter,Cancer,"0°46'53.57""",Saturn,Pisces,"0°58'52.12""",120,119.8004,0.1996
2025-11-21 12:15:00,Aspect,Trine,Jupiter,Cancer,"0°46'52.38""",Saturn,Pisces,"0°58'51.65""",120,119.8002,0.1998
2025-11-21 12:30:00,Aspect,Trine,Jupiter,Cancer,"0°46'51.18""",Saturn,Pisces,"0°58'51.18""",120,119.8,0.2
2025-11-21 12:45:00,Aspect,Trine,Jupiter,Cancer,"0°46'49.99""",Saturn,Pisces,"0°58'50.72""",120,119.7998,0.2002
2025-11-21 13:00:00,Aspect,Trine,Jupiter,Cancer,"0°46'48.79""",Saturn,Pisces,"0°58'50.25""",120,119.7996,0.2004
2025-11-21 13:15:00,Aspect,Trine,Jupiter,Cancer,"0°46'47.59""",Saturn,Pisces,"0°58'49.79""",120,119.7994,0.2006
2025-11-21 13:30:00,Aspect,Trine,Jupiter,Cancer,"0°46'46.39""",Saturn,Pisces,"0°58'49.32""",120,119.7992,0.2008
2025-11-21 13:45:00,Aspect,Trine,Jupiter,Cancer,"0°46'45.19""",Saturn,Pisces,"0°58'48.86""",120,119.799,0.201
2025-11-21 14:00:00,Aspect,Trine,Jupiter,Cancer,"0°46'43.98""",Saturn,Pisces,"0°58'48.40""",120,119.7988,0.2012
2025-11-21 14:15:00,Aspect,Trine,Jupiter,Cancer,"0°46'42.78""",Saturn,Pisces,"0°58'47.93""",120,119.7986,0.2014
2025-11-21 14:30:00,Aspect,Trine,Jupiter,Cancer,"0°46'41.57""",Saturn,Pisces,"0°58'47.47""",120,119.7984,0.2016
2025-11-21 14:45:00,Aspect,Trine,Jupiter,Cancer,"0°46'40.37""",Saturn,Pisces,"0°58'47.01""",120,119.7982,0.2018
2025-11-21 15:00:00,Aspect,Trine,Jupiter,Cancer,"0°46'39.16""",Saturn,Pisces,"0°58'46.55""",120,119.7979,0.2021
2025-11-21 15:15:00,Aspect,Trine,Jupiter,Cancer,"0°46'37.95""",Saturn,Pisces,"0°58'46.09""",120,119.7977,0.2023
2025-11-21 15:30:00,Aspect,Trine,Jupiter,Cancer,"0°46'36.74""",Saturn,Pisces,"0°58'45.63""",120,119.7975,0.2025
2025-11-21 15:45:00,Aspect,Trine,Jupiter,Cancer,"0°46'35.53""",Saturn,Pisces,"0°58'45.18""",120,119.7973,0.2027
2025-11-21 16:00:00,Aspect,Trine,Jupiter,Cancer,"0°46'34.31""",Saturn,Pisces,"0°58'44.72""",120,119.7971,0.2029
2025-11-21 16:15:00,Aspect,Conjunction,Moon,Scorpio,"17°04'16.99""",Mars,Scorpio,"17°59'08.60""",0,0.9143,0.9143
2025-11-21 16:15:00,Aspect,Trine,Jupiter,Cancer,"0°46'33.10""",Saturn,Pisces,"0°58'44.26""",120,119.7969,0.2031
2025-11-21 16:30:00,Aspect,Conjunction,Moon,Scorpio,"17°11'42.94""",Mars,Scorpio,"17°59'36.08""",0,0.7981,0.7981
2025-11-21 16:30:00,Aspect,Trine,Jupiter,Cancer,"0°46'31.88""",Saturn,Pisces,"0°58'43.81""",120,119.7967,0.2033
2025-11-21 16:45:00,Aspect,Conjunction,Moon,Scorpio,"17°19'08.92""",Mars,Scorpio,"18°00'03.57""",0,0.6818,0.6818
2025-11-21 16:45:00,Aspect,Trine,Jupiter,Cancer,"0°46'30.67""",Saturn,Pisces,"0°58'43.35""",120,119.7965,0.2035
2025-11-21 17:00:00,Aspect,Conjunction,Moon,Scorpio,"17°26'34.91""",Mars,Scorpio,"18°00'31.05""",0,0.5656,0.5656
2025-11-21 17:00:00,Aspect,Trine,Jupiter,Cancer,"0°46'29.45""",Saturn,Pisces,"0°58'42.90""",120,119.7963,0.2037
2025-11-21 17:15:00,Aspect,Conjunction,Moon,Scorpio,"17°34'00.92""",Mars,Scorpio,"18°00'58.54""",0,0.4493,0.4493
2025-11-21 17:15:00,Aspect,Trine,Jupiter,Cancer,"0°46'28.23""",Saturn,Pisces,"0°58'42.44""",120,119.7961,0.2039
2025-11-21 17:30:00,Aspect,Conjunction,Moon,Scorpio,"17°41'26.94""",Mars,Scorpio,"18°01'26.02""",0,0.3331,0.3331
2025-11-21 17:30:00,Aspect,Trine,Jupiter,Cancer,"0°46'27.01""",Saturn,Pisces,"0°58'41.99""",120,119.7958,0.2042
2025-11-21 17:45:00,Aspect,Conjunction,Moon,Scorpio,"17°48'52.98""",Mars,Scorpio,"18°01'53.51""",0,0.2168,0.2168
2025-11-21 17:45:00,Aspect,Trine,Jupiter,Cancer,"0°46'25.78""",Saturn,Pisces,"0°58'41.54""",120,119.7956,0.2044
2025-11-21 18:00:00,Aspect,Conjunction,Moon,Scorpio,"17°56'19.03""",Mars,Scorpio,"18°02'20.99""",0,0.1005,0.1005
2025-11-21 18:00:00,Aspect,Trine,Jupiter,Cancer,"0°46'24.56""",Saturn,Pisces,"0°58'41.09""",120,119.7954,0.2046
2025-11-21 18:15:00,Aspect,Conjunction,Moon,Scorpio,"18°03'45.10""",Mars,Scorpio,"18°02'48.48""",0,0.0157,0.0157
2025-11-21 18:15:00,Aspect,Trine,Jupiter,Cancer,"0°46'23.33""",Saturn,Pisces,"0°58'40.64""",120,119.7952,0.2048
2025-11-21 18:30:00,Aspect,Conjunction,Moon,Scorpio,"18°11'11.19""",Mars,Scorpio,"18°03'15.97""",0,0.132,0.132
2025-11-21 18:30:00,Aspect,Trine,Jupiter,Cancer,"0°46'22.11""",Saturn,Pisces,"0°58'40.19""",120,119.795,0.205
2025-11-21 18:45:00,Aspect,Conjunction,Moon,Scorpio,"18°18'37.30""",Mars,Scorpio,"18°03'43.46""",0,0.2483,0.2483
2025-11-21 18:45:00,Aspect,Trine,Jupiter,Cancer,"0°46'20.88""",Saturn,Pisces,"0°58'39.74""",120,119.7948,0.2052
2025-11-21 19:00:00,Aspect,Conjunction,Moon,Scorpio,"18°26'03.42""",Mars,Scorpio,"18°04'10.94""",0,0.3646,0.3646
2025-11-21 19:00:00,Aspect,Trine,Jupiter,Cancer,"0°46'19.65""",Saturn,Pisces,"0°58'39.29""",120,119.7945,0.2055
2025-11-21 19:15:00,Aspect,Conjunction,Moon,Scorpio,"18°33'29.55""",Mars,Scorpio,"18°04'38.43""",0,0.4809,0.4809
2025-11-21 19:15:00,Aspect,Trine,Jupiter,Cancer,"0°46'18.42""",Saturn,Pisces,"0°58'38.84""",120,119.7943,0.2057
2025-11-21 19:30:00,Aspect,Conjunction,Moon,Scorpio,"18°40'55.71""",Mars,Scorpio,"18°05'05.92""",0,0.5972,0.5972
2025-11-21 19:30:00,Aspect,Trine,Jupiter,Cancer,"0°46'17.19""",Saturn,Pisces,"0°58'38.39""",120,119.7941,0.2059
2025-11-21 19:45:00,Aspect,Conjunction,Moon,Scorpio,"18°48'21.88""",Mars,Scorpio,"18°05'33.41""",0,0.7135,0.7135
2025-11-21 19:45:00,Aspect,Trine,Jupiter,Cancer,"0°46'15.96""",Saturn,Pisces,"0°58'37.94""",120,119.7939,0.2061
2025-11-21 20:00:00,Aspect,Conjunction,Moon,Scorpio,"18°55'48.07""",Mars,Scorpio,"18°06'00.90""",0,0.8298,0.8298
2025-11-21 20:00:00,Aspect,Trine,Jupiter,Cancer,"0°46'14.72""",Saturn,Pisces,"0°58'37.50""",120,119.7937,0.2063
2025-11-21 20:15:00,Aspect,Conjunction,Moon,Scorpio,"19°03'14.27""",Mars,Scorpio,"18°06'28.39""",0,0.9461,0.9461
2025-11-21 20:15:00,Aspect,Trine,Jupiter,Cancer,"0°46'13.49""",Saturn,Pisces,"0°58'37.05""",120,119.7935,0.2065
2025-11-21 20:30:00,Aspect,Square,Moon,Scorpio,"19°10'40.49""",Rahu,Aquarius,"20°05'30.37""",90,90.9139,0.9139
2025-11-21 20:30:00,Aspect,Square,Moon,Scorpio,"19°10'40.49""",Ketu,Leo,"20°05'30.37""",90,89.0861,0.9139
2025-11-21 20:30:00,Aspect,Trine,Jupiter,Cancer,"0°46'12.25""",Saturn,Pisces,"0°58'36.61""",120,119.7932,0.2068
2025-11-21 20:45:00,Aspect,Square,Moon,Scorpio,"19°18'06.73""",Rahu,Aquarius,"20°05'28.39""",90,90.7893,0.7893
2025-11-21 20:45:00,Aspect,Square,Moon,Scorpio,"19°18'06.73""",Ketu,Leo,"20°05'28.39""",90,89.2107,0.7893
2025-11-21 20:45:00,Aspect,Trine,Jupiter,Cancer,"0°46'11.01""",Saturn,Pisces,"0°58'36.16""",120,119.793,0.207
2025-11-21 21:00:00,Aspect,Square,Moon,Scorpio,"19°25'32.99""",Rahu,Aquarius,"20°05'26.40""",90,90.6648,0.6648
2025-11-21 21:00:00,Aspect,Square,Moon,Scorpio,"19°25'32.99""",Ketu,Leo,"20°05'26.40""",90,89.3352,0.6648
2025-11-21 21:00:00,Aspect,Trine,Jupiter,Cancer,"0°46'09.77""",Saturn,Pisces,"0°58'35.72""",120,119.7928,0.2072
2025-11-21 21:15:00,Aspect,Square,Moon,Scorpio,"19°32'59.26""",Rahu,Aquarius,"20°05'24.41""",90,90.5403,0.5403
2025-11-21 21:15:00,Aspect,Square,Moon,Scorpio,"19°32'59.26""",Ketu,Leo,"20°05'24.41""",90,89.4597,0.5403
2025-11-21 21:15:00,Aspect,Trine,Jupiter,Cancer,"0°46'08.53""",Saturn,Pisces,"0°58'35.28""",120,119.7926,0.2074
2025-11-21 21:30:00,Aspect,Square,Moon,Scorpio,"19°40'25.55""",Rahu,Aquarius,"20°05'22.42""",90,90.4158,0.4158
2025-11-21 21:30:00,Aspect,Square,Moon,Scorpio,"19°40'25.55""",Ketu,Leo,"20°05'22.42""",90,89.5842,0.4158
2025-11-21 21:30:00,Aspect,Trine,Jupiter,Cancer,"0°46'07.29""",Saturn,Pisces,"0°58'34.84""",120,119.7923,0.2077
2025-11-21 21:45:00,Aspect,Square,Moon,Scorpio,"19°47'51.86""",Rahu,Aquarius,"20°05'20.44""",90,90.2913,0.2913
2025-11-21 21:45:00,Aspect,Square,Moon,Scorpio,"19°47'51.86""",Ketu,Leo,"20°05'20.44""",90,89.7087,0.2913
2025-11-21 21:45:00,Aspect,Trine,Jupiter,Cancer,"0°46'06.05""",Saturn,Pisces,"0°58'34.40""",120,119.7921,0.2079
2025-11-21 22:00:00,Aspect,Square,Moon,Scorpio,"19°55'18.19""",Rahu,Aquarius,"20°05'18.45""",90,90.1667,0.1667
2025-11-21 22:00:00,Aspect,Square,Moon,Scorpio,"19°55'18.19""",Ketu,Leo,"20°05'18.45""",90,89.8333,0.1667
2025-11-21 22:00:00,Aspect,Trine,Jupiter,Cancer,"0°46'04.80""",Saturn,Pisces,"0°58'33.95""",120,119.7919,0.2081
2025-11-21 22:15:00,Aspect,Square,Moon,Scorpio,"20°02'44.53""",Rahu,Aquarius,"20°05'16.46""",90,90.0422,0.0422
2025-11-21 22:15:00,Aspect,Square,Moon,Scorpio,"20°02'44.53""",Ketu,Leo,"20°05'16.46""",90,89.9578,0.0422
2025-11-21 22:15:00,Aspect,Trine,Jupiter,Cancer,"0°46'03.56""",Saturn,Pisces,"0°58'33.51""",120,119.7917,0.2083
2025-11-21 22:30:00,Aspect,Square,Moon,Scorpio,"20°10'10.89""",Rahu,Aquarius,"20°05'14.48""",90,89.9177,0.0823
2025-11-21 22:30:00,Aspect,Square,Moon,Scorpio,"20°10'10.89""",Ketu,Leo,"20°05'14.48""",90,90.0823,0.0823
2025-11-21 22:30:00,Aspect,Trine,Jupiter,Cancer,"0°46'02.31""",Saturn,Pisces,"0°58'33.08""",120,119.7915,0.2085
2025-11-21 22:45:00,Aspect,Square,Moon,Scorpio,"20°17'37.27""",Rahu,Aquarius,"20°05'12.49""",90,89.7931,0.2069
2025-11-21 22:45:00,Aspect,Square,Moon,Scorpio,"20°17'37.27""",Ketu,Leo,"20°05'12.49""",90,90.2069,0.2069
2025-11-21 22:45:00,Aspect,Trine,Jupiter,Cancer,"0°46'01.06""",Saturn,Pisces,"0°58'32.64""",120,119.7912,0.2088
2025-11-21 23:00:00,Aspect,Square,Moon,Scorpio,"20°25'03.67""",Rahu,Aquarius,"20°05'10.50""",90,89.6686,0.3314
2025-11-21 23:00:00,Aspect,Square,Moon,Scorpio,"20°25'03.67""",Ketu,Leo,"20°05'10.50""",90,90.3314,0.3314
2025-11-21 23:00:00,Aspect,Trine,Jupiter,Cancer,"0°45'59.81""",Saturn,Pisces,"0°58'32.20""",120,119.791,0.209
2025-11-21 23:15:00,Aspect,Square,Moon,Scorpio,"20°32'30.09""",Rahu,Aquarius,"20°05'08.51""",90,89.544,0.456
2025-11-21 23:15:00,Aspect,Square,Moon,Scorpio,"20°32'30.09""",Ketu,Leo,"20°05'08.51""",90,90.456,0.456
2025-11-21 23:15:00,Aspect,Trine,Jupiter,Cancer,"0°45'58.56""",Saturn,Pisces,"0°58'31.76""",120,119.7908,0.2092
2025-11-21 23:30:00,Aspect,Square,Moon,Scorpio,"20°39'56.52""",Rahu,Aquarius,"20°05'06.53""",90,89.4194,0.5806
2025-11-21 23:30:00,Aspect,Square,Moon,Scorpio,"20°39'56.52""",Ketu,Leo,"20°05'06.53""",90,90.5806,0.5806
2025-11-21 23:30:00,Aspect,Trine,Jupiter,Cancer,"0°45'57.31""",Saturn,Pisces,"0°58'31.33""",120,119.7906,0.2094
2025-11-21 23:45:00,Aspect,Square,Moon,Scorpio,"20°47'22.97""",Rahu,Aquarius,"20°05'04.54""",90,89.2949,0.7051
2025-11-21 23:45:00,Aspect,Square,Moon,Scorpio,"20°47'22.97""",Ketu,Leo,"20°05'04.54""",90,90.7051,0.7051
2025-11-21 23:45:00,Aspect,Trine,Jupiter,Cancer,"0°45'56.06""",Saturn,Pisces,"0°58'30.89""",120,119.7903,0.2097
2025-11-22 00:00:00,Aspect,Square,Moon,Scorpio,"20°54'49.45""",Rahu,Aquarius,"20°05'02.55""",90,89.1703,0.8297
2025-11-22 00:00:00,Aspect,Square,Moon,Scorpio,"20°54'49.45""",Ketu,Leo,"20°05'02.55""",90,90.8297,0.8297
2025-11-22 00:00:00,Aspect,Trine,Jupiter,Cancer,"0°45'54.80""",Saturn,Pisces,"0°58'30.46""",120,119.7901,0.2099
2025-11-22 00:15:00,Aspect,Square,Moon,Scorpio,"21°02'15.93""",Rahu,Aquarius,"20°05'00.56""",90,89.0457,0.9543
2025-11-22 00:15:00,Aspect,Square,Moon,Scorpio,"21°02'15.93""",Ketu,Leo,"20°05'00.56""",90,90.9543,0.9543
2025-11-22 00:15:00,Aspect,Trine,Jupiter,Cancer,"0°45'53.55""",Saturn,Pisces,"0°58'30.02""",120,119.7899,0.2101
2025-11-22 00:30:00,Aspect,Trine,Jupiter,Cancer,"0°45'52.29""",Saturn,Pisces,"0°58'29.59""",120,119.7896,0.2104
2025-11-22 00:45:00,Aspect,Trine,Jupiter,Cancer,"0°45'51.03""",Saturn,Pisces,"0°58'29.15""",120,119.7894,0.2106
2025-11-22 01:00:00,Aspect,Trine,Jupiter,Cancer,"0°45'49.77""",Saturn,Pisces,"0°58'28.72""",120,119.7892,0.2108
2025-11-22 01:15:00,Aspect,Trine,Jupiter,Cancer,"0°45'48.51""",Saturn,Pisces,"0°58'28.29""",120,119.7889,0.2111
2025-11-22 01:30:00,Aspect,Trine,Jupiter,Cancer,"0°45'47.25""",Saturn,Pisces,"0°58'27.86""",120,119.7887,0.2113
2025-11-22 01:45:00,Aspect,Trine,Jupiter,Cancer,"0°45'45.98""",Saturn,Pisces,"0°58'27.43""",120,119.7885,0.2115
2025-11-22 02:00:00,Aspect,Trine,Jupiter,Cancer,"0°45'44.72""",Saturn,Pisces,"0°58'27.00""",120,119.7883,0.2117
2025-11-22 02:15:00,Aspect,Trine,Jupiter,Cancer,"0°45'43.45""",Saturn,Pisces,"0°58'26.57""",120,119.788,0.212
2025-11-22 02:30:00,Aspect,Trine,Jupiter,Cancer,"0°45'42.18""",Saturn,Pisces,"0°58'26.14""",120,119.7878,0.2122
2025-11-22 02:45:00,Aspect,Trine,Jupiter,Cancer,"0°45'40.91""",Saturn,Pisces,"0°58'25.72""",120,119.7876,0.2124
2025-11-22 03:00:00,Aspect,Trine,Jupiter,Cancer,"0°45'39.64""",Saturn,Pisces,"0°58'25.29""",120,119.7873,0.2127
2025-11-22 03:15:00,Aspect,Trine,Jupiter,Cancer,"0°45'38.37""",Saturn,Pisces,"0°58'24.86""",120,119.7871,0.2129
2025-11-22 03:30:00,Aspect,Trine,Jupiter,Cancer,"0°45'37.10""",Saturn,Pisces,"0°58'24.44""",120,119.7869,0.2131
2025-11-22 03:45:00,Aspect,Trine,Jupiter,Cancer,"0°45'35.83""",Saturn,Pisces,"0°58'24.01""",120,119.7866,0.2134
2025-11-22 04:00:00,Aspect,Trine,Jupiter,Cancer,"0°45'34.55""",Saturn,Pisces,"0°58'23.59""",120,119.7864,0.2136
2025-11-22 04:15:00,Aspect,Trine,Jupiter,Cancer,"0°45'33.27""",Saturn,Pisces,"0°58'23.17""",120,119.7861,0.2139
2025-11-22 04:30:00,Aspect,Trine,Jupiter,Cancer,"0°45'32.00""",Saturn,Pisces,"0°58'22.74""",120,119.7859,0.2141
2025-11-22 04:45:00,Aspect,Trine,Jupiter,Cancer,"0°45'30.72""",Saturn,Pisces,"0°58'22.32""",120,119.7857,0.2143
2025-11-22 05:00:00,Aspect,Trine,Jupiter,Cancer,"0°45'29.44""",Saturn,Pisces,"0°58'21.90""",120,119.7854,0.2146
2025-11-22 05:15:00,Aspect,Trine,Jupiter,Cancer,"0°45'28.15""",Saturn,Pisces,"0°58'21.48""",120,119.7852,0.2148
2025-11-22 05:30:00,Aspect,Trine,Jupiter,Cancer,"0°45'26.87""",Saturn,Pisces,"0°58'21.06""",120,119.7849,0.2151
2025-11-22 05:45:00,Aspect,Trine,Jupiter,Cancer,"0°45'25.59""",Saturn,Pisces,"0°58'20.64""",120,119.7847,0.2153
2025-11-22 06:00:00,Aspect,Trine,Jupiter,Cancer,"0°45'24.30""",Saturn,Pisces,"0°58'20.22""",120,119.7845,0.2155
2025-11-22 06:15:00,Aspect,Trine,Jupiter,Cancer,"0°45'23.01""",Saturn,Pisces,"0°58'19.81""",120,119.7842,0.2158
2025-11-22 06:30:00,Aspect,Trine,Mercury,Scorpio,"1°58'12.13""",Saturn,Pisces,"0°58'19.39""",120,119.002,0.998
2025-11-22 06:30:00,Aspect,Trine,Jupiter,Cancer,"0°45'21.73""",Saturn,Pisces,"0°58'19.39""",120,119.784,0.216
2025-11-22 06:45:00,Aspect,Trine,Mercury,Scorpio,"1°57'23.76""",Saturn,Pisces,"0°58'18.97""",120,119.0153,0.9847
2025-11-22 06:45:00,Aspect,Trine,Jupiter,Cancer,"0°45'20.44""",Saturn,Pisces,"0°58'18.97""",120,119.7837,0.2163
2025-11-22 07:00:00,Aspect,Trine,Mercury,Scorpio,"1°56'35.43""",Saturn,Pisces,"0°58'18.56""",120,119.0286,0.9714
2025-11-22 07:00:00,Aspect,Trine,Jupiter,Cancer,"0°45'19.15""",Saturn,Pisces,"0°58'18.56""",120,119.7835,0.2165
2025-11-22 07:15:00,Aspect,Trine,Mercury,Scorpio,"1°55'47.13""",Saturn,Pisces,"0°58'18.14""",120,119.0419,0.9581
2025-11-22 07:15:00,Aspect,Trine,Jupiter,Cancer,"0°45'17.85""",Saturn,Pisces,"0°58'18.14""",120,119.7833,0.2167
2025-11-22 07:30:00,Aspect,Trine,Mercury,Scorpio,"1°54'58.86""",Saturn,Pisces,"0°58'17.73""",120,119.0552,0.9448
2025-11-22 07:30:00,Aspect,Trine,Jupiter,Cancer,"0°45'16.56""",Saturn,Pisces,"0°58'17.73""",120,119.783,0.217
2025-11-22 07:45:00,Aspect,Trine,Mercury,Scorpio,"1°54'10.61""",Saturn,Pisces,"0°58'17.32""",120,119.0685,0.9315
2025-11-22 07:45:00,Aspect,Trine,Jupiter,Cancer,"0°45'15.27""",Saturn,Pisces,"0°58'17.32""",120,119.7828,0.2172
2025-11-22 08:00:00,Aspect,Trine,Mercury,Scorpio,"1°53'22.41""",Saturn,Pisces,"0°58'16.90""",120,119.0818,0.9182
2025-11-22 08:00:00,Aspect,Trine,Jupiter,Cancer,"0°45'13.97""",Saturn,Pisces,"0°58'16.90""",120,119.7825,0.2175
2025-11-22 08:15:00,Aspect,Trine,Mercury,Scorpio,"1°52'34.23""",Saturn,Pisces,"0°58'16.49""",120,119.0951,0.9049
2025-11-22 08:15:00,Aspect,Trine,Jupiter,Cancer,"0°45'12.67""",Saturn,Pisces,"0°58'16.49""",120,119.7823,0.2177
2025-11-22 08:30:00,Aspect,Trine,Mercury,Scorpio,"1°51'46.08""",Saturn,Pisces,"0°58'16.08""",120,119.1083,0.8917
2025-11-22 08:30:00,Aspect,Trine,Jupiter,Cancer,"0°45'11.37""",Saturn,Pisces,"0°58'16.08""",120,119.782,0.218
2025-11-22 08:45:00,Aspect,Trine,Mercury,Scorpio,"1°50'57.97""",Saturn,Pisces,"0°58'15.67""",120,119.1216,0.8784
2025-11-22 08:45:00,Aspect,Trine,Jupiter,Cancer,"0°45'10.07""",Saturn,Pisces,"0°58'15.67""",120,119.7818,0.2182
2025-11-22 09:00:00,Aspect,Trine,Mercury,Scorpio,"1°50'09.89""",Saturn,Pisces,"0°58'15.26""",120,119.1348,0.8652
2025-11-22 09:00:00,Aspect,Trine,Jupiter,Cancer,"0°45'08.77""",Saturn,Pisces,"0°58'15.26""",120,119.7815,0.2185
2025-11-22 09:15:00,Aspect,Trine,Mercury,Scorpio,"1°49'21.84""",Saturn,Pisces,"0°58'14.85""",120,119.1481,0.8519
2025-11-22 09:15:00,Aspect,Trine,Jupiter,Cancer,"0°45'07.47""",Saturn,Pisces,"0°58'14.85""",120,119.7813,0.2187
2025-11-22 09:30:00,Aspect,Trine,Mercury,Scorpio,"1°48'33.82""",Saturn,Pisces,"0°58'14.44""",120,119.1613,0.8387
2025-11-22 09:30:00,Aspect,Trine,Jupiter,Cancer,"0°45'06.17""",Saturn,Pisces,"0°58'14.44""",120,119.781,0.219
2025-11-22 09:45:00,Aspect,Trine,Mercury,Scorpio,"1°47'45.83""",Saturn,Pisces,"0°58'14.03""",120,119.1745,0.8255
2025-11-22 09:45:00,Aspect,Trine,Jupiter,Cancer,"0°45'04.86""",Saturn,Pisces,"0°58'14.03""",120,119.7808,0.2192
2025-11-22 10:00:00,Aspect,Trine,Mercury,Scorpio,"1°46'57.88""",Saturn,Pisces,"0°58'13.63""",120,119.1877,0.8123
2025-11-22 10:00:00,Aspect,Trine,Jupiter,Cancer,"0°45'03.56""",Saturn,Pisces,"0°58'13.63""",120,119.7805,0.2195
2025-11-22 10:15:00,Aspect,Trine,Mercury,Scorpio,"1°46'09.96""",Saturn,Pisces,"0°58'13.22""",120,119.2009,0.7991
2025-11-22 10:15:00,Aspect,Trine,Jupiter,Cancer,"0°45'02.25""",Saturn,Pisces,"0°58'13.22""",120,119.7803,0.2197
2025-11-22 10:30:00,Aspect,Trine,Mercury,Scorpio,"1°45'22.08""",Saturn,Pisces,"0°58'12.81""",120,119.2141,0.7859
2025-11-22 10:30:00,Aspect,Trine,Jupiter,Cancer,"0°45'00.94""",Saturn,Pisces,"0°58'12.81""",120,119.78,0.22
2025-11-22 10:45:00,Aspect,Trine,Mercury,Scorpio,"1°44'34.22""",Jupiter,Cancer,"0°44'59.63""",120,120.9929,0.9929
2025-11-22 10:45:00,Aspect,Trine,Mercury,Scorpio,"1°44'34.22""",Saturn,Pisces,"0°58'12.41""",120,119.2273,0.7727
2025-11-22 10:45:00,Aspect,Trine,Jupiter,Cancer,"0°44'59.63""",Saturn,Pisces,"0°58'12.41""",120,119.7798,0.2202
2025-11-22 11:00:00,Aspect,Trine,Mercury,Scorpio,"1°43'46.40""",Jupiter,Cancer,"0°44'58.32""",120,120.98,0.98
2025-11-22 11:00:00,Aspect,Trine,Mercury,Scorpio,"1°43'46.40""",Saturn,Pisces,"0°58'12.00""",120,119.2404,0.7596
2025-11-22 11:00:00,Aspect,Trine,Jupiter,Cancer,"0°44'58.32""",Saturn,Pisces,"0°58'12.00""",120,119.7795,0.2205
2025-11-22 11:15:00,Aspect,Trine,Mercury,Scorpio,"1°42'58.62""",Jupiter,Cancer,"0°44'57.00""",120,120.9671,0.9671
2025-11-22 11:15:00,Aspect,Trine,Mercury,Scorpio,"1°42'58.62""",Saturn,Pisces,"0°58'11.60""",120,119.2536,0.7464
2025-11-22 11:15:00,Aspect,Trine,Jupiter,Cancer,"0°44'57.00""",Saturn,Pisces,"0°58'11.60""",120,119.7793,0.2207
2025-11-22 11:30:00,Aspect,Trine,Mercury,Scorpio,"1°42'10.87""",Jupiter,Cancer,"0°44'55.69""",120,120.9542,0.9542
2025-11-22 11:30:00,Aspect,Trine,Mercury,Scorpio,"1°42'10.87""",Saturn,Pisces,"0°58'11.20""",120,119.2668,0.7332
2025-11-22 11:30:00,Aspect,Trine,Jupiter,Cancer,"0°44'55.69""",Saturn,Pisces,"0°58'11.20""",120,119.779,0.221
2025-11-22 11:45:00,Aspect,Trine,Mercury,Scorpio,"1°41'23.15""",Jupiter,Cancer,"0°44'54.38""",120,120.9413,0.9413
2025-11-22 11:45:00,Aspect,Trine,Mercury,Scorpio,"1°41'23.15""",Saturn,Pisces,"0°58'10.79""",120,119.2799,0.7201
2025-11-22 11:45:00,Aspect,Trine,Jupiter,Cancer,"0°44'54.38""",Saturn,Pisces,"0°58'10.79""",120,119.7788,0.2212
2025-11-22 12:00:00,Aspect,Trine,Mercury,Scorpio,"1°40'35.47""",Jupiter,Cancer,"0°44'53.06""",120,120.9284,0.9284
2025-11-22 12:00:00,Aspect,Trine,Mercury,Scorpio,"1°40'35.47""",Saturn,Pisces,"0°58'10.39""",120,119.293,0.707
2025-11-22 12:00:00,Aspect,Trine,Jupiter,Cancer,"0°44'53.06""",Saturn,Pisces,"0°58'10.39""",120,119.7785,0.2215
2025-11-22 12:15:00,Aspect,Trine,Mercury,Scorpio,"1°39'47.82""",Jupiter,Cancer,"0°44'51.74""",120,120.9156,0.9156
2025-11-22 12:15:00,Aspect,Trine,Mercury,Scorpio,"1°39'47.82""",Saturn,Pisces,"0°58'09.99""",120,119.3062,0.6938
2025-11-22 12:15:00,Aspect,Trine,Jupiter,Cancer,"0°44'51.74""",Saturn,Pisces,"0°58'09.99""",120,119.7783,0.2217
2025-11-22 12:30:00,Aspect,Trine,Mercury,Scorpio,"1°39'00.20""",Jupiter,Cancer,"0°44'50.42""",120,120.9027,0.9027
2025-11-22 12:30:00,Aspect,Trine,Mercury,Scorpio,"1°39'00.20""",Saturn,Pisces,"0°58'09.59""",120,119.3193,0.6807
2025-11-22 12:30:00,Aspect,Trine,Jupiter,Cancer,"0°44'50.42""",Saturn,Pisces,"0°58'09.59""",120,119.778,0.222
2025-11-22 12:45:00,Aspect,Trine,Mercury,Scorpio,"1°38'12.62""",Jupiter,Cancer,"0°44'49.10""",120,120.8899,0.8899
2025-11-22 12:45:00,Aspect,Trine,Mercury,Scorpio,"1°38'12.62""",Saturn,Pisces,"0°58'09.19""",120,119.3324,0.6676
2025-11-22 12:45:00,Aspect,Trine,Jupiter,Cancer,"0°44'49.10""",Saturn,Pisces,"0°58'09.19""",120,119.7778,0.2222
2025-11-22 13:00:00,Aspect,Trine,Mercury,Scorpio,"1°37'25.07""",Jupiter,Cancer,"0°44'47.78""",120,120.877,0.877
2025-11-22 13:00:00,Aspect,Trine,Mercury,Scorpio,"1°37'25.07""",Saturn,Pisces,"0°58'08.79""",120,119.3455,0.6545
2025-11-22 13:00:00,Aspect,Trine,Jupiter,Cancer,"0°44'47.78""",Saturn,Pisces,"0°58'08.79""",120,119.7775,0.2225
2025-11-22 13:15:00,Aspect,Trine,Mercury,Scorpio,"1°36'37.56""",Jupiter,Cancer,"0°44'46.46""",120,120.8642,0.8642
2025-11-22 13:15:00,Aspect,Trine,Mercury,Scorpio,"1°36'37.56""",Saturn,Pisces,"0°58'08.39""",120,119.3586,0.6414
2025-11-22 13:15:00,Aspect,Trine,Jupiter,Cancer,"0°44'46.46""",Saturn,Pisces,"0°58'08.39""",120,119.7772,0.2228
2025-11-22 13:30:00,Aspect,Trine,Mercury,Scorpio,"1°35'50.09""",Jupiter,Cancer,"0°44'45.13""",120,120.8514,0.8514
2025-11-22 13:30:00,Aspect,Trine,Mercury,Scorpio,"1°35'50.09""",Saturn,Pisces,"0°58'08.00""",120,119.3716,0.6284
2025-11-22 13:30:00,Aspect,Trine,Jupiter,Cancer,"0°44'45.13""",Saturn,Pisces,"0°58'08.00""",120,119.777,0.223
2025-11-22 13:45:00,Aspect,Trine,Mercury,Scorpio,"1°35'02.65""",Jupiter,Cancer,"0°44'43.81""",120,120.8386,0.8386
2025-11-22 13:45:00,Aspect,Trine,Mercury,Scorpio,"1°35'02.65""",Saturn,Pisces,"0°58'07.60""",120,119.3847,0.6153
2025-11-22 13:45:00,Aspect,Trine,Jupiter,Cancer,"0°44'43.81""",Saturn,Pisces,"0°58'07.60""",120,119.7767,0.2233
2025-11-22 14:00:00,Aspect,Trine,Mercury,Scorpio,"1°34'15.24""",Jupiter,Cancer,"0°44'42.48""",120,120.8258,0.8258
2025-11-22 14:00:00,Aspect,Trine,Mercury,Scorpio,"1°34'15.24""",Saturn,Pisces,"0°58'07.20""",120,119.3978,0.6022
2025-11-22 14:00:00,Aspect,Trine,Jupiter,Cancer,"0°44'42.48""",Saturn,Pisces,"0°58'07.20""",120,119.7765,0.2235
2025-11-22 14:15:00,Aspect,Trine,Mercury,Scorpio,"1°33'27.87""",Jupiter,Cancer,"0°44'41.15""",120,120.813,0.813
2025-11-22 14:15:00,Aspect,Trine,Mercury,Scorpio,"1°33'27.87""",Saturn,Pisces,"0°58'06.81""",120,119.4108,0.5892
2025-11-22 14:15:00,Aspect,Trine,Jupiter,Cancer,"0°44'41.15""",Saturn,Pisces,"0°58'06.81""",120,119.7762,0.2238
2025-11-22 14:30:00,Aspect,Trine,Mercury,Scorpio,"1°32'40.54""",Jupiter,Cancer,"0°44'39.82""",120,120.8002,0.8002
2025-11-22 14:30:00,Aspect,Trine,Mercury,Scorpio,"1°32'40.54""",Saturn,Pisces,"0°58'06.41""",120,119.4239,0.5761
2025-11-22 14:30:00,Aspect,Trine,Jupiter,Cancer,"0°44'39.82""",Saturn,Pisces,"0°58'06.41""",120,119.7759,0.2241
2025-11-22 14:45:00,Aspect,Trine,Mercury,Scorpio,"1°31'53.24""",Jupiter,Cancer,"0°44'38.49""",120,120.7874,0.7874
2025-11-22 14:45:00,Aspect,Trine,Mercury,Scorpio,"1°31'53.24""",Saturn,Pisces,"0°58'06.02""",120,119.4369,0.5631
2025-11-22 14:45:00,Aspect,Trine,Jupiter,Cancer,"0°44'38.49""",Saturn,Pisces,"0°58'06.02""",120,119.7757,0.2243
2025-11-22 15:00:00,Aspect,Trine,Mercury,Scorpio,"1°31'05.98""",Jupiter,Cancer,"0°44'37.16""",120,120.7747,0.7747
2025-11-22 15:00:00,Aspect,Trine,Mercury,Scorpio,"1°31'05.98""",Saturn,Pisces,"0°58'05.63""",120,119.4499,0.5501
2025-11-22 15:00:00,Aspect,Trine,Jupiter,Cancer,"0°44'37.16""",Saturn,Pisces,"0°58'05.63""",120,119.7754,0.2246
2025-11-22 15:15:00,Aspect,Trine,Mercury,Scorpio,"1°30'18.76""",Jupiter,Cancer,"0°44'35.83""",120,120.7619,0.7619
2025-11-22 15:15:00,Aspect,Trine,Mercury,Scorpio,"1°30'18.76""",Saturn,Pisces,"0°58'05.23""",120,119.4629,0.5371
2025-11-22 15:15:00,Aspect,Trine,Jupiter,Cancer,"0°44'35.83""",Saturn,Pisces,"0°58'05.23""",120,119.7752,0.2248
2025-11-22 15:30:00,Aspect,Trine,Mercury,Scorpio,"1°29'31.57""",Jupiter,Cancer,"0°44'34.49""",120,120.7492,0.7492
2025-11-22 15:30:00,Aspect,Trine,Mercury,Scorpio,"1°29'31.57""",Saturn,Pisces,"0°58'04.84""",120,119.4759,0.5241
2025-11-22 15:30:00,Aspect,Trine,Jupiter,Cancer,"0°44'34.49""",Saturn,Pisces,"0°58'04.84""",120,119.7749,0.2251
2025-11-22 15:45:00,Aspect,Trine,Mercury,Scorpio,"1°28'44.42""",Jupiter,Cancer,"0°44'33.16""",120,120.7365,0.7365
2025-11-22 15:45:00,Aspect,Trine,Mercury,Scorpio,"1°28'44.42""",Saturn,Pisces,"0°58'04.45""",120,119.4889,0.5111
2025-11-22 15:45:00,Aspect,Trine,Jupiter,Cancer,"0°44'33.16""",Saturn,Pisces,"0°58'04.45""",120,119.7746,0.2254
2025-11-22 16:00:00,Aspect,Trine,Mercury,Scorpio,"1°27'57.30""",Jupiter,Cancer,"0°44'31.82""",120,120.7237,0.7237
2025-11-22 16:00:00,Aspect,Trine,Mercury,Scorpio,"1°27'57.30""",Saturn,Pisces,"0°58'04.06""",120,119.5019,0.4981
2025-11-22 16:00:00,Aspect,Trine,Jupiter,Cancer,"0°44'31.82""",Saturn,Pisces,"0°58'04.06""",120,119.7744,0.2256
2025-11-22 16:15:00,Aspect,Trine,Mercury,Scorpio,"1°27'10.22""",Jupiter,Cancer,"0°44'30.48""",120,120.711,0.711
2025-11-22 16:15:00,Aspect,Trine,Mercury,Scorpio,"1°27'10.22""",Saturn,Pisces,"0°58'03.67""",120,119.5148,0.4852
2025-11-22 16:15:00,Aspect,Trine,Jupiter,Cancer,"0°44'30.48""",Saturn,Pisces,"0°58'03.67""",120,119.7741,0.2259
2025-11-22 16:30:00,Aspect,Trine,Mercury,Scorpio,"1°26'23.18""",Jupiter,Cancer,"0°44'29.14""",120,120.6983,0.6983
2025-11-22 16:30:00,Aspect,Trine,Mercury,Scorpio,"1°26'23.18""",Saturn,Pisces,"0°58'03.28""",120,119.5278,0.4722
2025-11-22 16:30:00,Aspect,Trine,Jupiter,Cancer,"0°44'29.14""",Saturn,Pisces,"0°58'03.28""",120,119.7738,0.2262
2025-11-22 16:45:00,Aspect,Trine,Mercury,Scorpio,"1°25'36.18""",Jupiter,Cancer,"0°44'27.80""",120,120.6857,0.6857
2025-11-22 16:45:00,Aspect,Trine,Mercury,Scorpio,"1°25'36.18""",Saturn,Pisces,"0°58'02.89""",120,119.5408,0.4592
2025-11-22 16:45:00,Aspect,Trine,Jupiter,Cancer,"0°44'27.80""",Saturn,Pisces,"0°58'02.89""",120,119.7736,0.2264
2025-11-22 17:00:00,Aspect,Trine,Mercury,Scorpio,"1°24'49.21""",Jupiter,Cancer,"0°44'26.46""",120,120.673,0.673
2025-11-22 17:00:00,Aspect,Trine,Mercury,Scorpio,"1°24'49.21""",Saturn,Pisces,"0°58'02.51""",120,119.5537,0.4463
2025-11-22 17:00:00,Aspect,Trine,Jupiter,Cancer,"0°44'26.46""",Saturn,Pisces,"0°58'02.51""",120,119.7733,0.2267
2025-11-22 17:15:00,Aspect,Trine,Mercury,Scorpio,"1°24'02.28""",Jupiter,Cancer,"0°44'25.11""",120,120.6603,0.6603
2025-11-22 17:15:00,Aspect,Trine,Mercury,Scorpio,"1°24'02.28""",Saturn,Pisces,"0°58'02.12""",120,119.5666,0.4334
2025-11-22 17:15:00,Aspect,Trine,Jupiter,Cancer,"0°44'25.11""",Saturn,Pisces,"0°58'02.12""",120,119.7731,0.2269
2025-11-22 17:30:00,Aspect,Trine,Mercury,Scorpio,"1°23'15.39""",Jupiter,Cancer,"0°44'23.77""",120,120.6477,0.6477
2025-11-22 17:30:00,Aspect,Trine,Mercury,Scorpio,"1°23'15.39""",Saturn,Pisces,"0°58'01.73""",120,119.5795,0.4205
2025-11-22 17:30:00,Aspect,Trine,Jupiter,Cancer,"0°44'23.77""",Saturn,Pisces,"0°58'01.73""",120,119.7728,0.2272
2025-11-22 17:45:00,Aspect,Trine,Mercury,Scorpio,"1°22'28.54""",Jupiter,Cancer,"0°44'22.42""",120,120.635,0.635
2025-11-22 17:45:00,Aspect,Trine,Mercury,Scorpio,"1°22'28.54""",Saturn,Pisces,"0°58'01.35""",120,119.5924,0.4076
2025-11-22 17:45:00,Aspect,Trine,Jupiter,Cancer,"0°44'22.42""",Saturn,Pisces,"0°58'01.35""",120,119.7725,0.2275
2025-11-22 18:00:00,Aspect,Trine,Mercury,Scorpio,"1°21'41.72""",Jupiter,Cancer,"0°44'21.07""",120,120.6224,0.6224
2025-11-22 18:00:00,Aspect,Trine,Mercury,Scorpio,"1°21'41.72""",Saturn,Pisces,"0°58'00.96""",120,119.6053,0.3947
2025-11-22 18:00:00,Aspect,Trine,Jupiter,Cancer,"0°44'21.07""",Saturn,Pisces,"0°58'00.96""",120,119.7723,0.2277
2025-11-22 18:15:00,Aspect,Square,Moon,Scorpio,"29°58'58.15""",Saturn,Pisces,"0°58'00.58""",90,90.984,0.984
2025-11-22 18:15:00,Aspect,Trine,Mercury,Scorpio,"1°20'54.94""",Jupiter,Cancer,"0°44'19.73""",120,120.6098,0.6098
2025-11-22 18:15:00,Aspect,Trine,Mercury,Scorpio,"1°20'54.94""",Saturn,Pisces,"0°58'00.58""",120,119.6182,0.3818
2025-11-22 18:15:00,Aspect,Trine,Jupiter,Cancer,"0°44'19.73""",Saturn,Pisces,"0°58'00.58""",120,119.772,0.228
2025-11-22 18:30:00,Aspect,Square,Moon,Sagittarius,"0°06'26.26""",Saturn,Pisces,"0°58'00.19""",90,90.8594,0.8594
2025-11-22 18:30:00,Aspect,Trine,Mercury,Scorpio,"1°20'08.20""",Jupiter,Cancer,"0°44'18.38""",120,120.5972,0.5972
2025-11-22 18:30:00,Aspect,Trine,Mercury,Scorpio,"1°20'08.20""",Saturn,Pisces,"0°58'00.19""",120,119.6311,0.3689
2025-11-22 18:30:00,Aspect,Trine,Jupiter,Cancer,"0°44'18.38""",Saturn,Pisces,"0°58'00.19""",120,119.7717,0.2283
2025-11-22 18:45:00,Aspect,Square,Moon,Sagittarius,"0°13'54.40""",Saturn,Pisces,"0°57'59.81""",90,90.7348,0.7348
2025-11-22 18:45:00,Aspect,Trine,Mercury,Scorpio,"1°19'21.50""",Jupiter,Cancer,"0°44'17.02""",120,120.5846,0.5846
2025-11-22 18:45:00,Aspect,Trine,Mercury,Scorpio,"1°19'21.50""",Saturn,Pisces,"0°57'59.81""",120,119.644,0.356
2025-11-22 18:45:00,Aspect,Trine,Jupiter,Cancer,"0°44'17.02""",Saturn,Pisces,"0°57'59.81""",120,119.7714,0.2286
2025-11-22 19:00:00,Aspect,Square,Moon,Sagittarius,"0°21'22.56""",Saturn,Pisces,"0°57'59.43""",90,90.6102,0.6102
2025-11-22 19:00:00,Aspect,Trine,Mercury,Scorpio,"1°18'34.84""",Jupiter,Cancer,"0°44'15.67""",120,120.572,0.572
2025-11-22 19:00:00,Aspect,Trine,Mercury,Scorpio,"1°18'34.84""",Saturn,Pisces,"0°57'59.43""",120,119.6568,0.3432
2025-11-22 19:00:00,Aspect,Trine,Jupiter,Cancer,"0°44'15.67""",Saturn,Pisces,"0°57'59.43""",120,119.7712,0.2288
2025-11-22 19:15:00,Aspect,Square,Moon,Sagittarius,"0°28'50.75""",Saturn,Pisces,"0°57'59.05""",90,90.4856,0.4856
2025-11-22 19:15:00,Aspect,Trine,Mercury,Scorpio,"1°17'48.22""",Jupiter,Cancer,"0°44'14.32""",120,120.5594,0.5594
2025-11-22 19:15:00,Aspect,Trine,Mercury,Scorpio,"1°17'48.22""",Saturn,Pisces,"0°57'59.05""",120,119.6697,0.3303
2025-11-22 19:15:00,Aspect,Trine,Jupiter,Cancer,"0°44'14.32""",Saturn,Pisces,"0°57'59.05""",120,119.7709,0.2291
2025-11-22 19:30:00,Aspect,Square,Moon,Sagittarius,"0°36'18.97""",Saturn,Pisces,"0°57'58.67""",90,90.361,0.361
2025-11-22 19:30:00,Aspect,Trine,Mercury,Scorpio,"1°17'01.64""",Jupiter,Cancer,"0°44'12.96""",120,120.5469,0.5469
2025-11-22 19:30:00,Aspect,Trine,Mercury,Scorpio,"1°17'01.64""",Saturn,Pisces,"0°57'58.67""",120,119.6825,0.3175
2025-11-22 19:30:00,Aspect,Trine,Jupiter,Cancer,"0°44'12.96""",Saturn,Pisces,"0°57'58.67""",120,119.7706,0.2294
2025-11-22 19:45:00,Aspect,Square,Moon,Sagittarius,"0°43'47.21""",Saturn,Pisces,"0°57'58.29""",90,90.2364,0.2364
2025-11-22 19:45:00,Aspect,Trine,Mercury,Scorpio,"1°16'15.09""",Jupiter,Cancer,"0°44'11.61""",120,120.5343,0.5343
2025-11-22 19:45:00,Aspect,Trine,Mercury,Scorpio,"1°16'15.09""",Saturn,Pisces,"0°57'58.29""",120,119.6953,0.3047
2025-11-22 19:45:00,Aspect,Trine,Jupiter,Cancer,"0°44'11.61""",Saturn,Pisces,"0°57'58.29""",120,119.7704,0.2296
2025-11-22 20:00:00,Aspect,Square,Moon,Sagittarius,"0°51'15.48""",Saturn,Pisces,"0°57'57.91""",90,90.1118,0.1118
2025-11-22 20:00:00,Aspect,Trine,Mercury,Scorpio,"1°15'28.59""",Jupiter,Cancer,"0°44'10.25""",120,120.5218,0.5218
2025-11-22 20:00:00,Aspect,Trine,Mercury,Scorpio,"1°15'28.59""",Saturn,Pisces,"0°57'57.91""",120,119.7081,0.2919
2025-11-22 20:00:00,Aspect,Trine,Jupiter,Cancer,"0°44'10.25""",Saturn,Pisces,"0°57'57.91""",120,119.7701,0.2299
2025-11-22 20:15:00,Aspect,Square,Moon,Sagittarius,"0°58'43.77""",Saturn,Pisces,"0°57'57.53""",90,89.9872,0.0128
2025-11-22 20:15:00,Aspect,Trine,Mercury,Scorpio,"1°14'42.12""",Jupiter,Cancer,"0°44'08.89""",120,120.5092,0.5092
2025-11-22 20:15:00,Aspect,Trine,Mercury,Scorpio,"1°14'42.12""",Saturn,Pisces,"0°57'57.53""",120,119.7209,0.2791
2025-11-22 20:15:00,Aspect,Trine,Jupiter,Cancer,"0°44'08.89""",Saturn,Pisces,"0°57'57.53""",120,119.7698,0.2302
2025-11-22 20:30:00,Aspect,Square,Moon,Sagittarius,"1°06'12.09""",Saturn,Pisces,"0°57'57.15""",90,89.8625,0.1375
2025-11-22 20:30:00,Aspect,Trine,Mercury,Scorpio,"1°13'55.70""",Jupiter,Cancer,"0°44'07.53""",120,120.4967,0.4967
2025-11-22 20:30:00,Aspect,Trine,Mercury,Scorpio,"1°13'55.70""",Saturn,Pisces,"0°57'57.15""",120,119.7337,0.2663
2025-11-22 20:30:00,Aspect,Trine,Jupiter,Cancer,"0°44'07.53""",Saturn,Pisces,"0°57'57.15""",120,119.7695,0.2305
2025-11-22 20:45:00,Aspect,Square,Moon,Sagittarius,"1°13'40.44""",Saturn,Pisces,"0°57'56.77""",90,89.7379,0.2621
2025-11-22 20:45:00,Aspect,Trine,Mercury,Scorpio,"1°13'09.31""",Jupiter,Cancer,"0°44'06.17""",120,120.4842,0.4842
2025-11-22 20:45:00,Aspect,Trine,Mercury,Scorpio,"1°13'09.31""",Saturn,Pisces,"0°57'56.77""",120,119.7465,0.2535
2025-11-22 20:45:00,Aspect,Trine,Jupiter,Cancer,"0°44'06.17""",Saturn,Pisces,"0°57'56.77""",120,119.7693,0.2307
2025-11-22 21:00:00,Aspect,Square,Moon,Sagittarius,"1°21'08.82""",Saturn,Pisces,"0°57'56.40""",90,89.6132,0.3868
2025-11-22 21:00:00,Aspect,Trine,Mercury,Scorpio,"1°12'22.96""",Jupiter,Cancer,"0°44'04.80""",120,120.4717,0.4717
2025-11-22 21:00:00,Aspect,Trine,Mercury,Scorpio,"1°12'22.96""",Saturn,Pisces,"0°57'56.40""",120,119.7593,0.2407
2025-11-22 21:00:00,Aspect,Trine,Jupiter,Cancer,"0°44'04.80""",Saturn,Pisces,"0°57'56.40""",120,119.769,0.231
2025-11-22 21:15:00,Aspect,Square,Moon,Sagittarius,"1°28'37.22""",Saturn,Pisces,"0°57'56.02""",90,89.4886,0.5114
2025-11-22 21:15:00,Aspect,Trine,Mercury,Scorpio,"1°11'36.66""",Jupiter,Cancer,"0°44'03.44""",120,120.4592,0.4592
2025-11-22 21:15:00,Aspect,Trine,Mercury,Scorpio,"1°11'36.66""",Saturn,Pisces,"0°57'56.02""",120,119.772,0.228
2025-11-22 21:15:00,Aspect,Trine,Jupiter,Cancer,"0°44'03.44""",Saturn,Pisces,"0°57'56.02""",120,119.7687,0.2313
2025-11-22 21:30:00,Aspect,Square,Moon,Sagittarius,"1°36'05.65""",Saturn,Pisces,"0°57'55.64""",90,89.3639,0.6361
2025-11-22 21:30:00,Aspect,Trine,Mercury,Scorpio,"1°10'50.39""",Jupiter,Cancer,"0°44'02.07""",120,120.4468,0.4468
2025-11-22 21:30:00,Aspect,Trine,Mercury,Scorpio,"1°10'50.39""",Saturn,Pisces,"0°57'55.64""",120,119.7848,0.2152
2025-11-22 21:30:00,Aspect,Trine,Jupiter,Cancer,"0°44'02.07""",Saturn,Pisces,"0°57'55.64""",120,119.7685,0.2315
2025-11-22 21:45:00,Aspect,Square,Moon,Sagittarius,"1°43'34.11""",Saturn,Pisces,"0°57'55.27""",90,89.2392,0.7608
2025-11-22 21:45:00,Aspect,Trine,Mercury,Scorpio,"1°10'04.17""",Jupiter,Cancer,"0°44'00.71""",120,120.4343,0.4343
2025-11-22 21:45:00,Aspect,Trine,Mercury,Scorpio,"1°10'04.17""",Saturn,Pisces,"0°57'55.27""",120,119.7975,0.2025
2025-11-22 21:45:00,Aspect,Trine,Jupiter,Cancer,"0°44'00.71""",Saturn,Pisces,"0°57'55.27""",120,119.7682,0.2318
2025-11-22 22:00:00,Aspect,Square,Moon,Sagittarius,"1°51'02.60""",Saturn,Pisces,"0°57'54.90""",90,89.1145,0.8855
2025-11-22 22:00:00,Aspect,Trine,Mercury,Scorpio,"1°09'17.98""",Jupiter,Cancer,"0°43'59.34""",120,120.4218,0.4218
2025-11-22 22:00:00,Aspect,Trine,Mercury,Scorpio,"1°09'17.98""",Saturn,Pisces,"0°57'54.90""",120,119.8103,0.1897
2025-11-22 22:00:00,Aspect,Trine,Jupiter,Cancer,"0°43'59.34""",Saturn,Pisces,"0°57'54.90""",120,119.7679,0.2321
2025-11-22 22:15:00,Aspect,Trine,Mercury,Scorpio,"1°08'31.84""",Jupiter,Cancer,"0°43'57.97""",120,120.4094,0.4094
2025-11-22 22:15:00,Aspect,Trine,Mercury,Scorpio,"1°08'31.84""",Saturn,Pisces,"0°57'54.52""",120,119.823,0.177
2025-11-22 22:15:00,Aspect,Trine,Jupiter,Cancer,"0°43'57.97""",Saturn,Pisces,"0°57'54.52""",120,119.7676,0.2324
2025-11-22 22:30:00,Aspect,Trine,Mercury,Scorpio,"1°07'45.74""",Jupiter,Cancer,"0°43'56.60""",120,120.397,0.397
2025-11-22 22:30:00,Aspect,Trine,Mercury,Scorpio,"1°07'45.74""",Saturn,Pisces,"0°57'54.15""",120,119.8357,0.1643
2025-11-22 22:30:00,Aspect,Trine,Jupiter,Cancer,"0°43'56.60""",Saturn,Pisces,"0°57'54.15""",120,119.7673,0.2327
2025-11-22 22:45:00,Aspect,Trine,Mercury,Scorpio,"1°06'59.67""",Jupiter,Cancer,"0°43'55.23""",120,120.3846,0.3846
2025-11-22 22:45:00,Aspect,Trine,Mercury,Scorpio,"1°06'59.67""",Saturn,Pisces,"0°57'53.78""",120,119.8484,0.1516
2025-11-22 22:45:00,Aspect,Trine,Jupiter,Cancer,"0°43'55.23""",Saturn,Pisces,"0°57'53.78""",120,119.7671,0.2329
2025-11-22 23:00:00,Aspect,Trine,Mercury,Scorpio,"1°06'13.65""",Jupiter,Cancer,"0°43'53.86""",120,120.3722,0.3722
2025-11-22 23:00:00,Aspect,Trine,Mercury,Scorpio,"1°06'13.65""",Saturn,Pisces,"0°57'53.41""",120,119.861,0.139
2025-11-22 23:00:00,Aspect,Trine,Jupiter,Cancer,"0°43'53.86""",Saturn,Pisces,"0°57'53.41""",120,119.7668,0.2332
2025-11-22 23:15:00,Aspect,Trine,Mercury,Scorpio,"1°05'27.67""",Jupiter,Cancer,"0°43'52.48""",120,120.3598,0.3598
2025-11-22 23:15:00,Aspect,Trine,Mercury,Scorpio,"1°05'27.67""",Saturn,Pisces,"0°57'53.04""",120,119.8737,0.1263
2025-11-22 23:15:00,Aspect,Trine,Jupiter,Cancer,"0°43'52.48""",Saturn,Pisces,"0°57'53.04""",120,119.7665,0.2335
2025-11-22 23:30:00,Aspect,Trine,Mercury,Scorpio,"1°04'41.74""",Jupiter,Cancer,"0°43'51.10""",120,120.3474,0.3474
2025-11-22 23:30:00,Aspect,Trine,Mercury,Scorpio,"1°04'41.74""",Saturn,Pisces,"0°57'52.67""",120,119.8864,0.1136
2025-11-22 23:30:00,Aspect,Trine,Jupiter,Cancer,"0°43'51.10""",Saturn,Pisces,"0°57'52.67""",120,119.7662,0.2338
2025-11-22 23:45:00,Aspect,Trine,Mercury,Scorpio,"1°03'55.84""",Jupiter,Cancer,"0°43'49.73""",120,120.335,0.335
2025-11-22 23:45:00,Aspect,Trine,Mercury,Scorpio,"1°03'55.84""",Saturn,Pisces,"0°57'52.30""",120,119.899,0.101
2025-11-22 23:45:00,Aspect,Trine,Jupiter,Cancer,"0°43'49.73""",Saturn,Pisces,"0°57'52.30""",120,119.766,0.234
2025-11-23 00:00:00,Aspect,Trine,Mercury,Scorpio,"1°03'09.99""",Jupiter,Cancer,"0°43'48.35""",120,120.3227,0.3227
2025-11-23 00:00:00,Aspect,Trine,Mercury,Scorpio,"1°03'09.99""",Saturn,Pisces,"0°57'51.93""",120,119.9117,0.0883
2025-11-23 00:00:00,Aspect,Trine,Jupiter,Cancer,"0°43'48.35""",Saturn,Pisces,"0°57'51.93""",120,119.7657,0.2343
2025-11-23 00:15:00,Aspect,Trine,Mercury,Scorpio,"1°02'24.17""",Jupiter,Cancer,"0°43'46.97""",120,120.3103,0.3103
2025-11-23 00:15:00,Aspect,Trine,Mercury,Scorpio,"1°02'24.17""",Saturn,Pisces,"0°57'51.56""",120,119.9243,0.0757
2025-11-23 00:15:00,Aspect,Trine,Jupiter,Cancer,"0°43'46.97""",Saturn,Pisces,"0°57'51.56""",120,119.7654,0.2346
2025-11-23 00:30:00,Aspect,Trine,Mercury,Scorpio,"1°01'38.41""",Jupiter,Cancer,"0°43'45.59""",120,120.298,0.298
2025-11-23 00:30:00,Aspect,Trine,Mercury,Scorpio,"1°01'38.41""",Saturn,Pisces,"0°57'51.20""",120,119.9369,0.0631
2025-11-23 00:30:00,Aspect,Trine,Jupiter,Cancer,"0°43'45.59""",Saturn,Pisces,"0°57'51.20""",120,119.7651,0.2349
2025-11-23 00:45:00,Aspect,Trine,Mercury,Scorpio,"1°00'52.68""",Jupiter,Cancer,"0°43'44.21""",120,120.2857,0.2857
2025-11-23 00:45:00,Aspect,Trine,Mercury,Scorpio,"1°00'52.68""",Saturn,Pisces,"0°57'50.83""",120,119.9495,0.0505
2025-11-23 00:45:00,Aspect,Trine,Jupiter,Cancer,"0°43'44.21""",Saturn,Pisces,"0°57'50.83""",120,119.7648,0.2352
2025-11-23 01:00:00,Aspect,Trine,Mercury,Scorpio,"1°00'06.99""",Jupiter,Cancer,"0°43'42.82""",120,120.2734,0.2734
2025-11-23 01:00:00,Aspect,Trine,Mercury,Scorpio,"1°00'06.99""",Saturn,Pisces,"0°57'50.46""",120,119.9621,0.0379
2025-11-23 01:00:00,Aspect,Trine,Jupiter,Cancer,"0°43'42.82""",Saturn,Pisces,"0°57'50.46""",120,119.7645,0.2355
2025-11-23 01:15:00,Aspect,Trine,Mercury,Scorpio,"0°59'21.35""",Jupiter,Cancer,"0°43'41.44""",120,120.2611,0.2611
2025-11-23 01:15:00,Aspect,Trine,Mercury,Scorpio,"0°59'21.35""",Saturn,Pisces,"0°57'50.10""",120,119.9747,0.0253
2025-11-23 01:15:00,Aspect,Trine,Jupiter,Cancer,"0°43'41.44""",Saturn,Pisces,"0°57'50.10""",120,119.7643,0.2357
2025-11-23 01:30:00,Aspect,Trine,Mercury,Scorpio,"0°58'35.75""",Jupiter,Cancer,"0°43'40.05""",120,120.2488,0.2488
2025-11-23 01:30:00,Aspect,Trine,Mercury,Scorpio,"0°58'35.75""",Saturn,Pisces,"0°57'49.74""",120,119.9872,0.0128
2025-11-23 01:30:00,Aspect,Trine,Jupiter,Cancer,"0°43'40.05""",Saturn,Pisces,"0°57'49.74""",120,119.764,0.236
2025-11-23 01:45:00,Aspect,Trine,Mercury,Scorpio,"0°57'50.19""",Jupiter,Cancer,"0°43'38.67""",120,120.2365,0.2365
2025-11-23 01:45:00,Aspect,Trine,Mercury,Scorpio,"0°57'50.19""",Saturn,Pisces,"0°57'49.37""",120,119.9998,0.0002
2025-11-23 01:45:00,Aspect,Trine,Jupiter,Cancer,"0°43'38.67""",Saturn,Pisces,"0°57'49.37""",120,119.7637,0.2363
2025-11-23 02:00:00,Aspect,Trine,Mercury,Scorpio,"0°57'04.68""",Jupiter,Cancer,"0°43'37.28""",120,120.2243,0.2243
2025-11-23 02:00:00,Aspect,Trine,Mercury,Scorpio,"0°57'04.68""",Saturn,Pisces,"0°57'49.01""",120,120.0123,0.0123
2025-11-23 02:00:00,Aspect,Trine,Jupiter,Cancer,"0°43'37.28""",Saturn,Pisces,"0°57'49.01""",120,119.7634,0.2366
2025-11-23 02:15:00,Aspect,Trine,Mercury,Scorpio,"0°56'19.21""",Jupiter,Cancer,"0°43'35.89""",120,120.212,0.212
2025-11-23 02:15:00,Aspect,Trine,Mercury,Scorpio,"0°56'19.21""",Saturn,Pisces,"0°57'48.65""",120,120.0248,0.0248
2025-11-23 02:15:00,Aspect,Trine,Jupiter,Cancer,"0°43'35.89""",Saturn,Pisces,"0°57'48.65""",120,119.7631,0.2369
2025-11-23 02:30:00,Aspect,Trine,Mercury,Scorpio,"0°55'33.78""",Jupiter,Cancer,"0°43'34.50""",120,120.1998,0.1998
2025-11-23 02:30:00,Aspect,Trine,Mercury,Scorpio,"0°55'33.78""",Saturn,Pisces,"0°57'48.29""",120,120.0374,0.0374
2025-11-23 02:30:00,Aspect,Square,Mars,Scorpio,"19°01'57.38""",Rahu,Aquarius,"20°01'31.91""",90,90.9929,0.9929
2025-11-23 02:30:00,Aspect,Square,Mars,Scorpio,"19°01'57.38""",Ketu,Leo,"20°01'31.91""",90,89.0071,0.9929
2025-11-23 02:30:00,Aspect,Trine,Jupiter,Cancer,"0°43'34.50""",Saturn,Pisces,"0°57'48.29""",120,119.7628,0.2372
2025-11-23 02:45:00,Aspect,Trine,Mercury,Scorpio,"0°54'48.40""",Jupiter,Cancer,"0°43'33.10""",120,120.1876,0.1876
2025-11-23 02:45:00,Aspect,Trine,Mercury,Scorpio,"0°54'48.40""",Saturn,Pisces,"0°57'47.93""",120,120.0499,0.0499
2025-11-23 02:45:00,Aspect,Square,Mars,Scorpio,"19°02'24.91""",Rahu,Aquarius,"20°01'29.92""",90,90.9847,0.9847
2025-11-23 02:45:00,Aspect,Square,Mars,Scorpio,"19°02'24.91""",Ketu,Leo,"20°01'29.92""",90,89.0153,0.9847
2025-11-23 02:45:00,Aspect,Trine,Jupiter,Cancer,"0°43'33.10""",Saturn,Pisces,"0°57'47.93""",120,119.7625,0.2375
2025-11-23 03:00:00,Aspect,Trine,Mercury,Scorpio,"0°54'03.06""",Jupiter,Cancer,"0°43'31.71""",120,120.1754,0.1754
2025-11-23 03:00:00,Aspect,Trine,Mercury,Scorpio,"0°54'03.06""",Saturn,Pisces,"0°57'47.57""",120,120.0624,0.0624
2025-11-23 03:00:00,Aspect,Square,Mars,Scorpio,"19°02'52.45""",Rahu,Aquarius,"20°01'27.93""",90,90.9765,0.9765
2025-11-23 03:00:00,Aspect,Square,Mars,Scorpio,"19°02'52.45""",Ketu,Leo,"20°01'27.93""",90,89.0235,0.9765
2025-11-23 03:00:00,Aspect,Trine,Jupiter,Cancer,"0°43'31.71""",Saturn,Pisces,"0°57'47.57""",120,119.7623,0.2377
2025-11-23 03:15:00,Aspect,Trine,Mercury,Scorpio,"0°53'17.76""",Jupiter,Cancer,"0°43'30.31""",120,120.1632,0.1632
2025-11-23 03:15:00,Aspect,Trine,Mercury,Scorpio,"0°53'17.76""",Saturn,Pisces,"0°57'47.21""",120,120.0748,0.0748
2025-11-23 03:15:00,Aspect,Square,Mars,Scorpio,"19°03'19.98""",Rahu,Aquarius,"20°01'25.95""",90,90.9683,0.9683
2025-11-23 03:15:00,Aspect,Square,Mars,Scorpio,"19°03'19.98""",Ketu,Leo,"20°01'25.95""",90,89.0317,0.9683
2025-11-23 03:15:00,Aspect,Trine,Jupiter,Cancer,"0°43'30.31""",Saturn,Pisces,"0°57'47.21""",120,119.762,0.238
2025-11-23 03:30:00,Aspect,Trine,Mercury,Scorpio,"0°52'32.51""",Jupiter,Cancer,"0°43'28.92""",120,120.151,0.151
2025-11-23 03:30:00,Aspect,Trine,Mercury,Scorpio,"0°52'32.51""",Saturn,Pisces,"0°57'46.85""",120,120.0873,0.0873
2025-11-23 03:30:00,Aspect,Square,Mars,Scorpio,"19°03'47.52""",Rahu,Aquarius,"20°01'23.96""",90,90.9601,0.9601
2025-11-23 03:30:00,Aspect,Square,Mars,Scorpio,"19°03'47.52""",Ketu,Leo,"20°01'23.96""",90,89.0399,0.9601
2025-11-23 03:30:00,Aspect,Trine,Jupiter,Cancer,"0°43'28.92""",Saturn,Pisces,"0°57'46.85""",120,119.7617,0.2383
2025-11-23 03:45:00,Aspect,Trine,Mercury,Scorpio,"0°51'47.30""",Jupiter,Cancer,"0°43'27.52""",120,120.1388,0.1388
2025-11-23 03:45:00,Aspect,Trine,Mercury,Scorpio,"0°51'47.30""",Saturn,Pisces,"0°57'46.49""",120,120.0998,0.0998
2025-11-23 03:45:00,Aspect,Square,Mars,Scorpio,"19°04'15.05""",Rahu,Aquarius,"20°01'21.97""",90,90.9519,0.9519
2025-11-23 03:45:00,Aspect,Square,Mars,Scorpio,"19°04'15.05""",Ketu,Leo,"20°01'21.97""",90,89.0481,0.9519
2025-11-23 03:45:00,Aspect,Trine,Jupiter,Cancer,"0°43'27.52""",Saturn,Pisces,"0°57'46.49""",120,119.7614,0.2386
2025-11-23 04:00:00,Aspect,Trine,Mercury,Scorpio,"0°51'02.14""",Jupiter,Cancer,"0°43'26.12""",120,120.1267,0.1267
2025-11-23 04:00:00,Aspect,Trine,Mercury,Scorpio,"0°51'02.14""",Saturn,Pisces,"0°57'46.13""",120,120.1122,0.1122
2025-11-23 04:00:00,Aspect,Square,Mars,Scorpio,"19°04'42.59""",Rahu,Aquarius,"20°01'19.99""",90,90.9437,0.9437
2025-11-23 04:00:00,Aspect,Square,Mars,Scorpio,"19°04'42.59""",Ketu,Leo,"20°01'19.99""",90,89.0563,0.9437
2025-11-23 04:00:00,Aspect,Trine,Jupiter,Cancer,"0°43'26.12""",Saturn,Pisces,"0°57'46.13""",120,119.7611,0.2389
2025-11-23 04:15:00,Aspect,Trine,Mercury,Scorpio,"0°50'17.02""",Jupiter,Cancer,"0°43'24.72""",120,120.1145,0.1145
2025-11-23 04:15:00,Aspect,Trine,Mercury,Scorpio,"0°50'17.02""",Saturn,Pisces,"0°57'45.78""",120,120.1247,0.1247
2025-11-23 04:15:00,Aspect,Square,Mars,Scorpio,"19°05'10.13""",Rahu,Aquarius,"20°01'18.00""",90,90.9355,0.9355
2025-11-23 04:15:00,Aspect,Square,Mars,Scorpio,"19°05'10.13""",Ketu,Leo,"20°01'18.00""",90,89.0645,0.9355
2025-11-23 04:15:00,Aspect,Trine,Jupiter,Cancer,"0°43'24.72""",Saturn,Pisces,"0°57'45.78""",120,119.7608,0.2392
2025-11-23 04:30:00,Aspect,Trine,Mercury,Scorpio,"0°49'31.95""",Jupiter,Cancer,"0°43'23.32""",120,120.1024,0.1024
2025-11-23 04:30:00,Aspect,Trine,Mercury,Scorpio,"0°49'31.95""",Saturn,Pisces,"0°57'45.42""",120,120.1371,0.1371
2025-11-23 04:30:00,Aspect,Square,Mars,Scorpio,"19°05'37.67""",Rahu,Aquarius,"20°01'16.01""",90,90.9273,0.9273
2025-11-23 04:30:00,Aspect,Square,Mars,Scorpio,"19°05'37.67""",Ketu,Leo,"20°01'16.01""",90,89.0727,0.9273
2025-11-23 04:30:00,Aspect,Trine,Jupiter,Cancer,"0°43'23.32""",Saturn,Pisces,"0°57'45.42""",120,119.7605,0.2395
2025-11-23 04:45:00,Aspect,Trine,Mercury,Scorpio,"0°48'46.92""",Jupiter,Cancer,"0°43'21.92""",120,120.0903,0.0903
2025-11-23 04:45:00,Aspect,Trine,Mercury,Scorpio,"0°48'46.92""",Saturn,Pisces,"0°57'45.07""",120,120.1495,0.1495
2025-11-23 04:45:00,Aspect,Square,Mars,Scorpio,"19°06'05.20""",Rahu,Aquarius,"20°01'14.02""",90,90.9191,0.9191
2025-11-23 04:45:00,Aspect,Square,Mars,Scorpio,"19°06'05.20""",Ketu,Leo,"20°01'14.02""",90,89.0809,0.9191
2025-11-23 04:45:00,Aspect,Trine,Jupiter,Cancer,"0°43'21.92""",Saturn,Pisces,"0°57'45.07""",120,119.7602,0.2398
2025-11-23 05:00:00,Aspect,Trine,Mercury,Scorpio,"0°48'01.93""",Jupiter,Cancer,"0°43'20.51""",120,120.0782,0.0782
2025-11-23 05:00:00,Aspect,Trine,Mercury,Scorpio,"0°48'01.93""",Saturn,Pisces,"0°57'44.71""",120,120.1619,0.1619
2025-11-23 05:00:00,Aspect,Square,Mars,Scorpio,"19°06'32.74""",Rahu,Aquarius,"20°01'12.04""",90,90.9109,0.9109
2025-11-23 05:00:00,Aspect,Square,Mars,Scorpio,"19°06'32.74""",Ketu,Leo,"20°01'12.04""",90,89.0891,0.9109
2025-11-23 05:00:00,Aspect,Trine,Jupiter,Cancer,"0°43'20.51""",Saturn,Pisces,"0°57'44.71""",120,119.7599,0.2401
2025-11-23 05:15:00,Aspect,Trine,Mercury,Scorpio,"0°47'16.99""",Jupiter,Cancer,"0°43'19.11""",120,120.0661,0.0661
2025-11-23 05:15:00,Aspect,Trine,Mercury,Scorpio,"0°47'16.99""",Saturn,Pisces,"0°57'44.36""",120,120.1743,0.1743
2025-11-23 05:15:00,Aspect,Square,Mars,Scorpio,"19°07'00.28""",Rahu,Aquarius,"20°01'10.05""",90,90.9027,0.9027
2025-11-23 05:15:00,Aspect,Square,Mars,Scorpio,"19°07'00.28""",Ketu,Leo,"20°01'10.05""",90,89.0973,0.9027
2025-11-23 05:15:00,Aspect,Trine,Jupiter,Cancer,"0°43'19.11""",Saturn,Pisces,"0°57'44.36""",120,119.7597,0.2403
2025-11-23 05:30:00,Aspect,Trine,Mercury,Scorpio,"0°46'32.10""",Jupiter,Cancer,"0°43'17.70""",120,120.054,0.054
2025-11-23 05:30:00,Aspect,Trine,Mercury,Scorpio,"0°46'32.10""",Saturn,Pisces,"0°57'44.00""",120,120.1866,0.1866
2025-11-23 05:30:00,Aspect,Square,Mars,Scorpio,"19°07'27.82""",Rahu,Aquarius,"20°01'08.06""",90,90.8945,0.8945
2025-11-23 05:30:00,Aspect,Square,Mars,Scorpio,"19°07'27.82""",Ketu,Leo,"20°01'08.06""",90,89.1055,0.8945
2025-11-23 05:30:00,Aspect,Trine,Jupiter,Cancer,"0°43'17.70""",Saturn,Pisces,"0°57'44.00""",120,119.7594,0.2406
2025-11-23 05:45:00,Aspect,Trine,Mercury,Scorpio,"0°45'47.25""",Jupiter,Cancer,"0°43'16.29""",120,120.0419,0.0419
2025-11-23 05:45:00,Aspect,Trine,Mercury,Scorpio,"0°45'47.25""",Saturn,Pisces,"0°57'43.65""",120,120.199,0.199
2025-11-23 05:45:00,Aspect,Square,Mars,Scorpio,"19°07'55.36""",Rahu,Aquarius,"20°01'06.08""",90,90.8863,0.8863
2025-11-23 05:45:00,Aspect,Square,Mars,Scorpio,"19°07'55.36""",Ketu,Leo,"20°01'06.08""",90,89.1137,0.8863
2025-11-23 05:45:00,Aspect,Trine,Jupiter,Cancer,"0°43'16.29""",Saturn,Pisces,"0°57'43.65""",120,119.7591,0.2409
2025-11-23 06:00:00,Aspect,Trine,Mercury,Scorpio,"0°45'02.45""",Jupiter,Cancer,"0°43'14.89""",120,120.0299,0.0299
2025-11-23 06:00:00,Aspect,Trine,Mercury,Scorpio,"0°45'02.45""",Saturn,Pisces,"0°57'43.30""",120,120.2113,0.2113
2025-11-23 06:00:00,Aspect,Square,Mars,Scorpio,"19°08'22.90""",Rahu,Aquarius,"20°01'04.09""",90,90.8781,0.8781
2025-11-23 06:00:00,Aspect,Square,Mars,Scorpio,"19°08'22.90""",Ketu,Leo,"20°01'04.09""",90,89.1219,0.8781
2025-11-23 06:00:00,Aspect,Trine,Jupiter,Cancer,"0°43'14.89""",Saturn,Pisces,"0°57'43.30""",120,119.7588,0.2412
2025-11-23 06:15:00,Aspect,Trine,Mercury,Scorpio,"0°44'17.69""",Jupiter,Cancer,"0°43'13.47""",120,120.0178,0.0178
2025-11-23 06:15:00,Aspect,Trine,Mercury,Scorpio,"0°44'17.69""",Saturn,Pisces,"0°57'42.95""",120,120.2237,0.2237
2025-11-23 06:15:00,Aspect,Square,Mars,Scorpio,"19°08'50.43""",Rahu,Aquarius,"20°01'02.10""",90,90.8699,0.8699
2025-11-23 06:15:00,Aspect,Square,Mars,Scorpio,"19°08'50.43""",Ketu,Leo,"20°01'02.10""",90,89.1301,0.8699
2025-11-23 06:15:00,Aspect,Trine,Jupiter,Cancer,"0°43'13.47""",Saturn,Pisces,"0°57'42.95""",120,119.7585,0.2415
2025-11-23 06:30:00,Aspect,Trine,Mercury,Scorpio,"0°43'32.98""",Jupiter,Cancer,"0°43'12.06""",120,120.0058,0.0058
2025-11-23 06:30:00,Aspect,Trine,Mercury,Scorpio,"0°43'32.98""",Saturn,Pisces,"0°57'42.60""",120,120.236,0.236
2025-11-23 06:30:00,Aspect,Square,Mars,Scorpio,"19°09'17.97""",Rahu,Aquarius,"20°01'00.11""",90,90.8617,0.8617
2025-11-23 06:30:00,Aspect,Square,Mars,Scorpio,"19°09'17.97""",Ketu,Leo,"20°01'00.11""",90,89.1383,0.8617
2025-11-23 06:30:00,Aspect,Trine,Jupiter,Cancer,"0°43'12.06""",Saturn,Pisces,"0°57'42.60""",120,119.7582,0.2418
2025-11-23 06:45:00,Aspect,Trine,Mercury,Scorpio,"0°42'48.31""",Jupiter,Cancer,"0°43'10.65""",120,119.9938,0.0062
2025-11-23 06:45:00,Aspect,Trine,Mercury,Scorpio,"0°42'48.31""",Saturn,Pisces,"0°57'42.25""",120,120.2483,0.2483
2025-11-23 06:45:00,Aspect,Square,Mars,Scorpio,"19°09'45.52""",Rahu,Aquarius,"20°00'58.13""",90,90.8535,0.8535
2025-11-23 06:45:00,Aspect,Square,Mars,Scorpio,"19°09'45.52""",Ketu,Leo,"20°00'58.13""",90,89.1465,0.8535
2025-11-23 06:45:00,Aspect,Trine,Jupiter,Cancer,"0°43'10.65""",Saturn,Pisces,"0°57'42.25""",120,119.7579,0.2421
2025-11-23 07:00:00,Aspect,Trine,Mercury,Scorpio,"0°42'03.69""",Jupiter,Cancer,"0°43'09.24""",120,119.9818,0.0182
2025-11-23 07:00:00,Aspect,Trine,Mercury,Scorpio,"0°42'03.69""",Saturn,Pisces,"0°57'41.90""",120,120.2606,0.2606
2025-11-23 07:00:00,Aspect,Square,Mars,Scorpio,"19°10'13.06""",Rahu,Aquarius,"20°00'56.14""",90,90.8453,0.8453
2025-11-23 07:00:00,Aspect,Square,Mars,Scorpio,"19°10'13.06""",Ketu,Leo,"20°00'56.14""",90,89.1547,0.8453
2025-11-23 07:00:00,Aspect,Trine,Jupiter,Cancer,"0°43'09.24""",Saturn,Pisces,"0°57'41.90""",120,119.7576,0.2424
2025-11-23 07:15:00,Aspect,Trine,Mercury,Scorpio,"0°41'19.12""",Jupiter,Cancer,"0°43'07.82""",120,119.9698,0.0302
2025-11-23 07:15:00,Aspect,Trine,Mercury,Scorpio,"0°41'19.12""",Saturn,Pisces,"0°57'41.55""",120,120.2729,0.2729
2025-11-23 07:15:00,Aspect,Square,Mars,Scorpio,"19°10'40.60""",Rahu,Aquarius,"20°00'54.15""",90,90.8371,0.8371
2025-11-23 07:15:00,Aspect,Square,Mars,Scorpio,"19°10'40.60""",Ketu,Leo,"20°00'54.15""",90,89.1629,0.8371
2025-11-23 07:15:00,Aspect,Trine,Jupiter,Cancer,"0°43'07.82""",Saturn,Pisces,"0°57'41.55""",120,119.7573,0.2427
2025-11-23 07:30:00,Aspect,Trine,Mercury,Scorpio,"0°40'34.59""",Jupiter,Cancer,"0°43'06.40""",120,119.9578,0.0422
2025-11-23 07:30:00,Aspect,Trine,Mercury,Scorpio,"0°40'34.59""",Saturn,Pisces,"0°57'41.21""",120,120.2852,0.2852
2025-11-23 07:30:00,Aspect,Square,Mars,Scorpio,"19°11'08.14""",Rahu,Aquarius,"20°00'52.17""",90,90.8289,0.8289
2025-11-23 07:30:00,Aspect,Square,Mars,Scorpio,"19°11'08.14""",Ketu,Leo,"20°00'52.17""",90,89.1711,0.8289
2025-11-23 07:30:00,Aspect,Trine,Jupiter,Cancer,"0°43'06.40""",Saturn,Pisces,"0°57'41.21""",120,119.757,0.243
2025-11-23 07:45:00,Aspect,Trine,Mercury,Scorpio,"0°39'50.11""",Jupiter,Cancer,"0°43'04.99""",120,119.9459,0.0541
2025-11-23 07:45:00,Aspect,Trine,Mercury,Scorpio,"0°39'50.11""",Saturn,Pisces,"0°57'40.86""",120,120.2974,0.2974
2025-11-23 07:45:00,Aspect,Square,Mars,Scorpio,"19°11'35.68""",Rahu,Aquarius,"20°00'50.18""",90,90.8207,0.8207
2025-11-23 07:45:00,Aspect,Square,Mars,Scorpio,"19°11'35.68""",Ketu,Leo,"20°00'50.18""",90,89.1793,0.8207
2025-11-23 07:45:00,Aspect,Trine,Jupiter,Cancer,"0°43'04.99""",Saturn,Pisces,"0°57'40.86""",120,119.7567,0.2433
2025-11-23 08:00:00,Aspect,Trine,Mercury,Scorpio,"0°39'05.67""",Jupiter,Cancer,"0°43'03.57""",120,119.9339,0.0661
2025-11-23 08:00:00,Aspect,Trine,Mercury,Scorpio,"0°39'05.67""",Saturn,Pisces,"0°57'40.51""",120,120.3097,0.3097
2025-11-23 08:00:00,Aspect,Square,Mars,Scorpio,"19°12'03.22""",Rahu,Aquarius,"20°00'48.19""",90,90.8125,0.8125
2025-11-23 08:00:00,Aspect,Square,Mars,Scorpio,"19°12'03.22""",Ketu,Leo,"20°00'48.19""",90,89.1875,0.8125
2025-11-23 08:00:00,Aspect,Trine,Jupiter,Cancer,"0°43'03.57""",Saturn,Pisces,"0°57'40.51""",120,119.7564,0.2436
2025-11-23 08:15:00,Aspect,Trine,Mercury,Scorpio,"0°38'21.29""",Jupiter,Cancer,"0°43'02.15""",120,119.922,0.078
2025-11-23 08:15:00,Aspect,Trine,Mercury,Scorpio,"0°38'21.29""",Saturn,Pisces,"0°57'40.17""",120,120.3219,0.3219
2025-11-23 08:15:00,Aspect,Square,Mars,Scorpio,"19°12'30.76""",Rahu,Aquarius,"20°00'46.20""",90,90.8043,0.8043
2025-11-23 08:15:00,Aspect,Square,Mars,Scorpio,"19°12'30.76""",Ketu,Leo,"20°00'46.20""",90,89.1957,0.8043
2025-11-23 08:15:00,Aspect,Trine,Jupiter,Cancer,"0°43'02.15""",Saturn,Pisces,"0°57'40.17""",120,119.7561,0.2439
2025-11-23 08:30:00,Aspect,Trine,Mercury,Scorpio,"0°37'36.95""",Jupiter,Cancer,"0°43'00.72""",120,119.9101,0.0899
2025-11-23 08:30:00,Aspect,Trine,Mercury,Scorpio,"0°37'36.95""",Saturn,Pisces,"0°57'39.82""",120,120.3341,0.3341
2025-11-23 08:30:00,Aspect,Square,Mars,Scorpio,"19°12'58.31""",Rahu,Aquarius,"20°00'44.22""",90,90.7961,0.7961
2025-11-23 08:30:00,Aspect,Square,Mars,Scorpio,"19°12'58.31""",Ketu,Leo,"20°00'44.22""",90,89.2039,0.7961
2025-11-23 08:30:00,Aspect,Trine,Jupiter,Cancer,"0°43'00.72""",Saturn,Pisces,"0°57'39.82""",120,119.7558,0.2442
2025-11-23 08:45:00,Aspect,Trine,Mercury,Scorpio,"0°36'52.65""",Jupiter,Cancer,"0°42'59.30""",120,119.8982,0.1018
2025-11-23 08:45:00,Aspect,Trine,Mercury,Scorpio,"0°36'52.65""",Saturn,Pisces,"0°57'39.48""",120,120.3463,0.3463
2025-11-23 08:45:00,Aspect,Square,Mars,Scorpio,"19°13'25.85""",Rahu,Aquarius,"20°00'42.23""",90,90.7879,0.7879
2025-11-23 08:45:00,Aspect,Square,Mars,Scorpio,"19°13'25.85""",Ketu,Leo,"20°00'42.23""",90,89.2121,0.7879
2025-11-23 08:45:00,Aspect,Trine,Jupiter,Cancer,"0°42'59.30""",Saturn,Pisces,"0°57'39.48""",120,119.7555,0.2445
2025-11-23 09:00:00,Aspect,Trine,Mercury,Scorpio,"0°36'08.41""",Jupiter,Cancer,"0°42'57.88""",120,119.8863,0.1137
2025-11-23 09:00:00,Aspect,Trine,Mercury,Scorpio,"0°36'08.41""",Saturn,Pisces,"0°57'39.14""",120,120.3585,0.3585
2025-11-23 09:00:00,Aspect,Square,Mars,Scorpio,"19°13'53.39""",Rahu,Aquarius,"20°00'40.24""",90,90.7797,0.7797
2025-11-23 09:00:00,Aspect,Square,Mars,Scorpio,"19°13'53.39""",Ketu,Leo,"20°00'40.24""",90,89.2203,0.7797
2025-11-23 09:00:00,Aspect,Trine,Jupiter,Cancer,"0°42'57.88""",Saturn,Pisces,"0°57'39.14""",120,119.7552,0.2448
2025-11-23 09:15:00,Aspect,Trine,Mercury,Scorpio,"0°35'24.21""",Jupiter,Cancer,"0°42'56.45""",120,119.8744,0.1256
2025-11-23 09:15:00,Aspect,Trine,Mercury,Scorpio,"0°35'24.21""",Saturn,Pisces,"0°57'38.79""",120,120.3707,0.3707
2025-11-23 09:15:00,Aspect,Square,Mars,Scorpio,"19°14'20.94""",Rahu,Aquarius,"20°00'38.25""",90,90.7715,0.7715
2025-11-23 09:15:00,Aspect,Square,Mars,Scorpio,"19°14'20.94""",Ketu,Leo,"20°00'38.25""",90,89.2285,0.7715
2025-11-23 09:15:00,Aspect,Trine,Jupiter,Cancer,"0°42'56.45""",Saturn,Pisces,"0°57'38.79""",120,119.7549,0.2451
2025-11-23 09:30:00,Aspect,Trine,Mercury,Scorpio,"0°34'40.06""",Jupiter,Cancer,"0°42'55.02""",120,119.8625,0.1375
2025-11-23 09:30:00,Aspect,Trine,Mercury,Scorpio,"0°34'40.06""",Saturn,Pisces,"0°57'38.45""",120,120.3829,0.3829
2025-11-23 09:30:00,Aspect,Square,Mars,Scorpio,"19°14'48.48""",Rahu,Aquarius,"20°00'36.27""",90,90.7633,0.7633
2025-11-23 09:30:00,Aspect,Square,Mars,Scorpio,"19°14'48.48""",Ketu,Leo,"20°00'36.27""",90,89.2367,0.7633
2025-11-23 09:30:00,Aspect,Trine,Jupiter,Cancer,"0°42'55.02""",Saturn,Pisces,"0°57'38.45""",120,119.7546,0.2454
2025-11-23 09:45:00,Aspect,Trine,Mercury,Scorpio,"0°33'55.95""",Jupiter,Cancer,"0°42'53.60""",120,119.8507,0.1493
2025-11-23 09:45:00,Aspect,Trine,Mercury,Scorpio,"0°33'55.95""",Saturn,Pisces,"0°57'38.11""",120,120.395,0.395
2025-11-23 09:45:00,Aspect,Square,Mars,Scorpio,"19°15'16.03""",Rahu,Aquarius,"20°00'34.28""",90,90.7551,0.7551
2025-11-23 09:45:00,Aspect,Square,Mars,Scorpio,"19°15'16.03""",Ketu,Leo,"20°00'34.28""",90,89.2449,0.7551
2025-11-23 09:45:00,Aspect,Trine,Jupiter,Cancer,"0°42'53.60""",Saturn,Pisces,"0°57'38.11""",120,119.7543,0.2457
2025-11-23 10:00:00,Aspect,Trine,Mercury,Scorpio,"0°33'11.90""",Jupiter,Cancer,"0°42'52.17""",120,119.8388,0.1612
2025-11-23 10:00:00,Aspect,Trine,Mercury,Scorpio,"0°33'11.90""",Saturn,Pisces,"0°57'37.77""",120,120.4072,0.4072
2025-11-23 10:00:00,Aspect,Square,Mars,Scorpio,"19°15'43.57""",Rahu,Aquarius,"20°00'32.29""",90,90.7469,0.7469
2025-11-23 10:00:00,Aspect,Square,Mars,Scorpio,"19°15'43.57""",Ketu,Leo,"20°00'32.29""",90,89.2531,0.7469
2025-11-23 10:00:00,Aspect,Trine,Jupiter,Cancer,"0°42'52.17""",Saturn,Pisces,"0°57'37.77""",120,119.754,0.246
2025-11-23 10:15:00,Aspect,Trine,Mercury,Scorpio,"0°32'27.89""",Jupiter,Cancer,"0°42'50.73""",120,119.827,0.173
2025-11-23 10:15:00,Aspect,Trine,Mercury,Scorpio,"0°32'27.89""",Saturn,Pisces,"0°57'37.43""",120,120.4193,0.4193
2025-11-23 10:15:00,Aspect,Square,Mars,Scorpio,"19°16'11.12""",Rahu,Aquarius,"20°00'30.31""",90,90.7387,0.7387
2025-11-23 10:15:00,Aspect,Square,Mars,Scorpio,"19°16'11.12""",Ketu,Leo,"20°00'30.31""",90,89.2613,0.7387
2025-11-23 10:15:00,Aspect,Trine,Jupiter,Cancer,"0°42'50.73""",Saturn,Pisces,"0°57'37.43""",120,119.7537,0.2463
2025-11-23 10:30:00,Aspect,Trine,Mercury,Scorpio,"0°31'43.93""",Jupiter,Cancer,"0°42'49.30""",120,119.8152,0.1848
2025-11-23 10:30:00,Aspect,Trine,Mercury,Scorpio,"0°31'43.93""",Saturn,Pisces,"0°57'37.09""",120,120.4314,0.4314
2025-11-23 10:30:00,Aspect,Square,Mars,Scorpio,"19°16'38.66""",Rahu,Aquarius,"20°00'28.32""",90,90.7305,0.7305
2025-11-23 10:30:00,Aspect,Square,Mars,Scorpio,"19°16'38.66""",Ketu,Leo,"20°00'28.32""",90,89.2695,0.7305
2025-11-23 10:30:00,Aspect,Trine,Jupiter,Cancer,"0°42'49.30""",Saturn,Pisces,"0°57'37.09""",120,119.7534,0.2466
2025-11-23 10:45:00,Aspect,Trine,Mercury,Scorpio,"0°31'00.02""",Jupiter,Cancer,"0°42'47.87""",120,119.8034,0.1966
2025-11-23 10:45:00,Aspect,Trine,Mercury,Scorpio,"0°31'00.02""",Saturn,Pisces,"0°57'36.75""",120,120.4435,0.4435
2025-11-23 10:45:00,Aspect,Square,Mars,Scorpio,"19°17'06.21""",Rahu,Aquarius,"20°00'26.33""",90,90.7223,0.7223
2025-11-23 10:45:00,Aspect,Square,Mars,Scorpio,"19°17'06.21""",Ketu,Leo,"20°00'26.33""",90,89.2777,0.7223
2025-11-23 10:45:00,Aspect,Trine,Jupiter,Cancer,"0°42'47.87""",Saturn,Pisces,"0°57'36.75""",120,119.7531,0.2469
2025-11-23 11:00:00,Aspect,Trine,Mercury,Scorpio,"0°30'16.16""",Jupiter,Cancer,"0°42'46.43""",120,119.7916,0.2084
2025-11-23 11:00:00,Aspect,Trine,Mercury,Scorpio,"0°30'16.16""",Saturn,Pisces,"0°57'36.42""",120,120.4556,0.4556
2025-11-23 11:00:00,Aspect,Square,Mars,Scorpio,"19°17'33.76""",Rahu,Aquarius,"20°00'24.34""",90,90.7141,0.7141
2025-11-23 11:00:00,Aspect,Square,Mars,Scorpio,"19°17'33.76""",Ketu,Leo,"20°00'24.34""",90,89.2859,0.7141
2025-11-23 11:00:00,Aspect,Trine,Jupiter,Cancer,"0°42'46.43""",Saturn,Pisces,"0°57'36.42""",120,119.7528,0.2472
2025-11-23 11:15:00,Aspect,Trine,Mercury,Scorpio,"0°29'32.34""",Jupiter,Cancer,"0°42'45.00""",120,119.7798,0.2202
2025-11-23 11:15:00,Aspect,Trine,Mercury,Scorpio,"0°29'32.34""",Saturn,Pisces,"0°57'36.08""",120,120.4677,0.4677
2025-11-23 11:15:00,Aspect,Square,Mars,Scorpio,"19°18'01.30""",Rahu,Aquarius,"20°00'22.36""",90,90.7058,0.7058
2025-11-23 11:15:00,Aspect,Square,Mars,Scorpio,"19°18'01.30""",Ketu,Leo,"20°00'22.36""",90,89.2942,0.7058
2025-11-23 11:15:00,Aspect,Trine,Jupiter,Cancer,"0°42'45.00""",Saturn,Pisces,"0°57'36.08""",120,119.7525,0.2475
2025-11-23 11:30:00,Aspect,Trine,Mercury,Scorpio,"0°28'48.58""",Jupiter,Cancer,"0°42'43.56""",120,119.7681,0.2319
2025-11-23 11:30:00,Aspect,Trine,Mercury,Scorpio,"0°28'48.58""",Saturn,Pisces,"0°57'35.74""",120,120.4798,0.4798
2025-11-23 11:30:00,Aspect,Square,Mars,Scorpio,"19°18'28.85""",Rahu,Aquarius,"20°00'20.37""",90,90.6976,0.6976
2025-11-23 11:30:00,Aspect,Square,Mars,Scorpio,"19°18'28.85""",Ketu,Leo,"20°00'20.37""",90,89.3024,0.6976
2025-11-23 11:30:00,Aspect,Trine,Jupiter,Cancer,"0°42'43.56""",Saturn,Pisces,"0°57'35.74""",120,119.7522,0.2478
2025-11-23 11:45:00,Aspect,Trine,Mercury,Scorpio,"0°28'04.86""",Jupiter,Cancer,"0°42'42.12""",120,119.7563,0.2437
2025-11-23 11:45:00,Aspect,Trine,Mercury,Scorpio,"0°28'04.86""",Saturn,Pisces,"0°57'35.41""",120,120.4918,0.4918
2025-11-23 11:45:00,Aspect,Square,Mars,Scorpio,"19°18'56.40""",Rahu,Aquarius,"20°00'18.38""",90,90.6894,0.6894
2025-11-23 11:45:00,Aspect,Square,Mars,Scorpio,"19°18'56.40""",Ketu,Leo,"20°00'18.38""",90,89.3106,0.6894
2025-11-23 11:45:00,Aspect,Trine,Jupiter,Cancer,"0°42'42.12""",Saturn,Pisces,"0°57'35.41""",120,119.7519,0.2481
2025-11-23 12:00:00,Aspect,Trine,Mercury,Scorpio,"0°27'21.19""",Jupiter,Cancer,"0°42'40.68""",120,119.7446,0.2554
2025-11-23 12:00:00,Aspect,Trine,Mercury,Scorpio,"0°27'21.19""",Saturn,Pisces,"0°57'35.07""",120,120.5039,0.5039
2025-11-23 12:00:00,Aspect,Square,Mars,Scorpio,"19°19'23.95""",Rahu,Aquarius,"20°00'16.40""",90,90.6812,0.6812
2025-11-23 12:00:00,Aspect,Square,Mars,Scorpio,"19°19'23.95""",Ketu,Leo,"20°00'16.40""",90,89.3188,0.6812
2025-11-23 12:00:00,Aspect,Trine,Jupiter,Cancer,"0°42'40.68""",Saturn,Pisces,"0°57'35.07""",120,119.7516,0.2484
2025-11-23 12:15:00,Aspect,Trine,Mercury,Scorpio,"0°26'37.57""",Jupiter,Cancer,"0°42'39.24""",120,119.7329,0.2671
2025-11-23 12:15:00,Aspect,Trine,Mercury,Scorpio,"0°26'37.57""",Saturn,Pisces,"0°57'34.74""",120,120.5159,0.5159
2025-11-23 12:15:00,Aspect,Square,Mars,Scorpio,"19°19'51.49""",Rahu,Aquarius,"20°00'14.41""",90,90.673,0.673
2025-11-23 12:15:00,Aspect,Square,Mars,Scorpio,"19°19'51.49""",Ketu,Leo,"20°00'14.41""",90,89.327,0.673
2025-11-23 12:15:00,Aspect,Trine,Jupiter,Cancer,"0°42'39.24""",Saturn,Pisces,"0°57'34.74""",120,119.7513,0.2487
2025-11-23 12:30:00,Aspect,Trine,Mercury,Scorpio,"0°25'54.00""",Jupiter,Cancer,"0°42'37.80""",120,119.7212,0.2788
2025-11-23 12:30:00,Aspect,Trine,Mercury,Scorpio,"0°25'54.00""",Saturn,Pisces,"0°57'34.41""",120,120.5279,0.5279
2025-11-23 12:30:00,Aspect,Square,Mars,Scorpio,"19°20'19.04""",Rahu,Aquarius,"20°00'12.42""",90,90.6648,0.6648
2025-11-23 12:30:00,Aspect,Square,Mars,Scorpio,"19°20'19.04""",Ketu,Leo,"20°00'12.42""",90,89.3352,0.6648
2025-11-23 12:30:00,Aspect,Trine,Jupiter,Cancer,"0°42'37.80""",Saturn,Pisces,"0°57'34.41""",120,119.7509,0.2491
2025-11-23 12:45:00,Aspect,Trine,Mercury,Scorpio,"0°25'10.48""",Jupiter,Cancer,"0°42'36.36""",120,119.7095,0.2905
2025-11-23 12:45:00,Aspect,Trine,Mercury,Scorpio,"0°25'10.48""",Saturn,Pisces,"0°57'34.07""",120,120.5399,0.5399
2025-11-23 12:45:00,Aspect,Square,Mars,Scorpio,"19°20'46.59""",Rahu,Aquarius,"20°00'10.43""",90,90.6566,0.6566
2025-11-23 12:45:00,Aspect,Square,Mars,Scorpio,"19°20'46.59""",Ketu,Leo,"20°00'10.43""",90,89.3434,0.6566
2025-11-23 12:45:00,Aspect,Trine,Jupiter,Cancer,"0°42'36.36""",Saturn,Pisces,"0°57'34.07""",120,119.7506,0.2494
2025-11-23 13:00:00,Aspect,Trine,Mercury,Scorpio,"0°24'27.01""",Jupiter,Cancer,"0°42'34.91""",120,119.6978,0.3022
2025-11-23 13:00:00,Aspect,Trine,Mercury,Scorpio,"0°24'27.01""",Saturn,Pisces,"0°57'33.74""",120,120.5519,0.5519
2025-11-23 13:00:00,Aspect,Square,Mars,Scorpio,"19°21'14.14""",Rahu,Aquarius,"20°00'08.45""",90,90.6484,0.6484
2025-11-23 13:00:00,Aspect,Square,Mars,Scorpio,"19°21'14.14""",Ketu,Leo,"20°00'08.45""",90,89.3516,0.6484
2025-11-23 13:00:00,Aspect,Trine,Jupiter,Cancer,"0°42'34.91""",Saturn,Pisces,"0°57'33.74""",120,119.7503,0.2497
2025-11-23 13:15:00,Aspect,Trine,Mercury,Scorpio,"0°23'43.59""",Jupiter,Cancer,"0°42'33.46""",120,119.6861,0.3139
2025-11-23 13:15:00,Aspect,Trine,Mercury,Scorpio,"0°23'43.59""",Saturn,Pisces,"0°57'33.41""",120,120.5638,0.5638
2025-11-23 13:15:00,Aspect,Square,Mars,Scorpio,"19°21'41.69""",Rahu,Aquarius,"20°00'06.46""",90,90.6402,0.6402
2025-11-23 13:15:00,Aspect,Square,Mars,Scorpio,"19°21'41.69""",Ketu,Leo,"20°00'06.46""",90,89.3598,0.6402
2025-11-23 13:15:00,Aspect,Trine,Jupiter,Cancer,"0°42'33.46""",Saturn,Pisces,"0°57'33.41""",120,119.75,0.25
2025-11-23 13:30:00,Aspect,Trine,Mercury,Scorpio,"0°23'00.22""",Jupiter,Cancer,"0°42'32.02""",120,119.6745,0.3255
2025-11-23 13:30:00,Aspect,Trine,Mercury,Scorpio,"0°23'00.22""",Saturn,Pisces,"0°57'33.08""",120,120.5758,0.5758
2025-11-23 13:30:00,Aspect,Square,Mars,Scorpio,"19°22'09.24""",Rahu,Aquarius,"20°00'04.47""",90,90.632,0.632
2025-11-23 13:30:00,Aspect,Square,Mars,Scorpio,"19°22'09.24""",Ketu,Leo,"20°00'04.47""",90,89.368,0.632
2025-11-23 13:30:00,Aspect,Trine,Jupiter,Cancer,"0°42'32.02""",Saturn,Pisces,"0°57'33.08""",120,119.7497,0.2503
2025-11-23 13:45:00,Aspect,Trine,Mercury,Scorpio,"0°22'16.90""",Jupiter,Cancer,"0°42'30.57""",120,119.6629,0.3371
2025-11-23 13:45:00,Aspect,Trine,Mercury,Scorpio,"0°22'16.90""",Saturn,Pisces,"0°57'32.75""",120,120.5877,0.5877
2025-11-23 13:45:00,Aspect,Square,Mars,Scorpio,"19°22'36.79""",Rahu,Aquarius,"20°00'02.49""",90,90.6238,0.6238
2025-11-23 13:45:00,Aspect,Square,Mars,Scorpio,"19°22'36.79""",Ketu,Leo,"20°00'02.49""",90,89.3762,0.6238
2025-11-23 13:45:00,Aspect,Trine,Jupiter,Cancer,"0°42'30.57""",Saturn,Pisces,"0°57'32.75""",120,119.7494,0.2506
2025-11-23 14:00:00,Aspect,Trine,Mercury,Scorpio,"0°21'33.63""",Jupiter,Cancer,"0°42'29.12""",120,119.6513,0.3487
2025-11-23 14:00:00,Aspect,Trine,Mercury,Scorpio,"0°21'33.63""",Saturn,Pisces,"0°57'32.42""",120,120.5997,0.5997
2025-11-23 14:00:00,Aspect,Square,Mars,Scorpio,"19°23'04.34""",Rahu,Aquarius,"20°00'00.50""",90,90.6156,0.6156
2025-11-23 14:00:00,Aspect,Square,Mars,Scorpio,"19°23'04.34""",Ketu,Leo,"20°00'00.50""",90,89.3844,0.6156
2025-11-23 14:00:00,Aspect,Trine,Jupiter,Cancer,"0°42'29.12""",Saturn,Pisces,"0°57'32.42""",120,119.7491,0.2509
2025-11-23 14:15:00,Aspect,Trine,Mercury,Scorpio,"0°20'50.41""",Jupiter,Cancer,"0°42'27.67""",120,119.6396,0.3604
2025-11-23 14:15:00,Aspect,Trine,Mercury,Scorpio,"0°20'50.41""",Saturn,Pisces,"0°57'32.09""",120,120.6116,0.6116
2025-11-23 14:15:00,Aspect,Square,Mars,Scorpio,"19°23'31.89""",Rahu,Aquarius,"19°59'58.51""",90,90.6074,0.6074
2025-11-23 14:15:00,Aspect,Square,Mars,Scorpio,"19°23'31.89""",Ketu,Leo,"19°59'58.51""",90,89.3926,0.6074
2025-11-23 14:15:00,Aspect,Trine,Jupiter,Cancer,"0°42'27.67""",Saturn,Pisces,"0°57'32.09""",120,119.7488,0.2512
2025-11-23 14:30:00,Aspect,Trine,Mercury,Scorpio,"0°20'07.24""",Jupiter,Cancer,"0°42'26.21""",120,119.6281,0.3719
2025-11-23 14:30:00,Aspect,Trine,Mercury,Scorpio,"0°20'07.24""",Saturn,Pisces,"0°57'31.76""",120,120.6235,0.6235
2025-11-23 14:30:00,Aspect,Square,Mars,Scorpio,"19°23'59.45""",Rahu,Aquarius,"19°59'56.52""",90,90.5992,0.5992
2025-11-23 14:30:00,Aspect,Square,Mars,Scorpio,"19°23'59.45""",Ketu,Leo,"19°59'56.52""",90,89.4008,0.5992
2025-11-23 14:30:00,Aspect,Trine,Jupiter,Cancer,"0°42'26.21""",Saturn,Pisces,"0°57'31.76""",120,119.7485,0.2515
2025-11-23 14:45:00,Aspect,Trine,Mercury,Scorpio,"0°19'24.12""",Jupiter,Cancer,"0°42'24.76""",120,119.6165,0.3835
2025-11-23 14:45:00,Aspect,Trine,Mercury,Scorpio,"0°19'24.12""",Saturn,Pisces,"0°57'31.44""",120,120.6354,0.6354
2025-11-23 14:45:00,Aspect,Square,Mars,Scorpio,"19°24'27.00""",Rahu,Aquarius,"19°59'54.54""",90,90.591,0.591
2025-11-23 14:45:00,Aspect,Square,Mars,Scorpio,"19°24'27.00""",Ketu,Leo,"19°59'54.54""",90,89.409,0.591
2025-11-23 14:45:00,Aspect,Trine,Jupiter,Cancer,"0°42'24.76""",Saturn,Pisces,"0°57'31.44""",120,119.7481,0.2519
2025-11-23 15:00:00,Aspect,Trine,Mercury,Scorpio,"0°18'41.05""",Jupiter,Cancer,"0°42'23.30""",120,119.6049,0.3951
2025-11-23 15:00:00,Aspect,Trine,Mercury,Scorpio,"0°18'41.05""",Saturn,Pisces,"0°57'31.11""",120,120.6472,0.6472
2025-11-23 15:00:00,Aspect,Square,Mars,Scorpio,"19°24'54.55""",Rahu,Aquarius,"19°59'52.55""",90,90.5828,0.5828
2025-11-23 15:00:00,Aspect,Square,Mars,Scorpio,"19°24'54.55""",Ketu,Leo,"19°59'52.55""",90,89.4172,0.5828
2025-11-23 15:00:00,Aspect,Trine,Jupiter,Cancer,"0°42'23.30""",Saturn,Pisces,"0°57'31.11""",120,119.7478,0.2522
2025-11-23 15:15:00,Aspect,Trine,Mercury,Scorpio,"0°17'58.03""",Jupiter,Cancer,"0°42'21.85""",120,119.5934,0.4066
2025-11-23 15:15:00,Aspect,Trine,Mercury,Scorpio,"0°17'58.03""",Saturn,Pisces,"0°57'30.78""",120,120.6591,0.6591
2025-11-23 15:15:00,Aspect,Square,Mars,Scorpio,"19°25'22.10""",Rahu,Aquarius,"19°59'50.56""",90,90.5746,0.5746
2025-11-23 15:15:00,Aspect,Square,Mars,Scorpio,"19°25'22.10""",Ketu,Leo,"19°59'50.56""",90,89.4254,0.5746
2025-11-23 15:15:00,Aspect,Trine,Jupiter,Cancer,"0°42'21.85""",Saturn,Pisces,"0°57'30.78""",120,119.7475,0.2525
2025-11-23 15:30:00,Aspect,Trine,Mercury,Scorpio,"0°17'15.06""",Jupiter,Cancer,"0°42'20.39""",120,119.5819,0.4181
2025-11-23 15:30:00,Aspect,Trine,Mercury,Scorpio,"0°17'15.06""",Saturn,Pisces,"0°57'30.46""",120,120.6709,0.6709
2025-11-23 15:30:00,Aspect,Square,Mars,Scorpio,"19°25'49.66""",Rahu,Aquarius,"19°59'48.57""",90,90.5664,0.5664
2025-11-23 15:30:00,Aspect,Square,Mars,Scorpio,"19°25'49.66""",Ketu,Leo,"19°59'48.57""",90,89.4336,0.5664
2025-11-23 15:30:00,Aspect,Trine,Jupiter,Cancer,"0°42'20.39""",Saturn,Pisces,"0°57'30.46""",120,119.7472,0.2528
2025-11-23 15:45:00,Aspect,Trine,Mercury,Scorpio,"0°16'32.14""",Jupiter,Cancer,"0°42'18.93""",120,119.5703,0.4297
2025-11-23 15:45:00,Aspect,Trine,Mercury,Scorpio,"0°16'32.14""",Saturn,Pisces,"0°57'30.13""",120,120.6828,0.6828
2025-11-23 15:45:00,Aspect,Square,Mars,Scorpio,"19°26'17.21""",Rahu,Aquarius,"19°59'46.59""",90,90.5582,0.5582
2025-11-23 15:45:00,Aspect,Square,Mars,Scorpio,"19°26'17.21""",Ketu,Leo,"19°59'46.59""",90,89.4418,0.5582
2025-11-23 15:45:00,Aspect,Trine,Jupiter,Cancer,"0°42'18.93""",Saturn,Pisces,"0°57'30.13""",120,119.7469,0.2531
2025-11-23 16:00:00,Aspect,Trine,Mercury,Scorpio,"0°15'49.28""",Jupiter,Cancer,"0°42'17.47""",120,119.5588,0.4412
2025-11-23 16:00:00,Aspect,Trine,Mercury,Scorpio,"0°15'49.28""",Saturn,Pisces,"0°57'29.81""",120,120.6946,0.6946
2025-11-23 16:00:00,Aspect,Square,Mars,Scorpio,"19°26'44.76""",Rahu,Aquarius,"19°59'44.60""",90,90.55,0.55
2025-11-23 16:00:00,Aspect,Square,Mars,Scorpio,"19°26'44.76""",Ketu,Leo,"19°59'44.60""",90,89.45,0.55
2025-11-23 16:00:00,Aspect,Trine,Jupiter,Cancer,"0°42'17.47""",Saturn,Pisces,"0°57'29.81""",120,119.7466,0.2534
2025-11-23 16:15:00,Aspect,Trine,Mercury,Scorpio,"0°15'06.46""",Jupiter,Cancer,"0°42'16.01""",120,119.5473,0.4527
2025-11-23 16:15:00,Aspect,Trine,Mercury,Scorpio,"0°15'06.46""",Saturn,Pisces,"0°57'29.49""",120,120.7064,0.7064
2025-11-23 16:15:00,Aspect,Square,Mars,Scorpio,"19°27'12.32""",Rahu,Aquarius,"19°59'42.61""",90,90.5417,0.5417
2025-11-23 16:15:00,Aspect,Square,Mars,Scorpio,"19°27'12.32""",Ketu,Leo,"19°59'42.61""",90,89.4583,0.5417
2025-11-23 16:15:00,Aspect,Trine,Jupiter,Cancer,"0°42'16.01""",Saturn,Pisces,"0°57'29.49""",120,119.7463,0.2537
2025-11-23 16:30:00,Aspect,Trine,Mercury,Scorpio,"0°14'23.70""",Jupiter,Cancer,"0°42'14.55""",120,119.5359,0.4641
2025-11-23 16:30:00,Aspect,Trine,Mercury,Scorpio,"0°14'23.70""",Saturn,Pisces,"0°57'29.17""",120,120.7182,0.7182
2025-11-23 16:30:00,Aspect,Square,Mars,Scorpio,"19°27'39.87""",Rahu,Aquarius,"19°59'40.63""",90,90.5335,0.5335
2025-11-23 16:30:00,Aspect,Square,Mars,Scorpio,"19°27'39.87""",Ketu,Leo,"19°59'40.63""",90,89.4665,0.5335
2025-11-23 16:30:00,Aspect,Trine,Jupiter,Cancer,"0°42'14.55""",Saturn,Pisces,"0°57'29.17""",120,119.7459,0.2541
2025-11-23 16:45:00,Aspect,Trine,Mercury,Scorpio,"0°13'40.99""",Jupiter,Cancer,"0°42'13.08""",120,119.5244,0.4756
2025-11-23 16:45:00,Aspect,Trine,Mercury,Scorpio,"0°13'40.99""",Saturn,Pisces,"0°57'28.84""",120,120.73,0.73
2025-11-23 16:45:00,Aspect,Square,Mars,Scorpio,"19°28'07.43""",Rahu,Aquarius,"19°59'38.64""",90,90.5253,0.5253
2025-11-23 16:45:00,Aspect,Square,Mars,Scorpio,"19°28'07.43""",Ketu,Leo,"19°59'38.64""",90,89.4747,0.5253
2025-11-23 16:45:00,Aspect,Trine,Jupiter,Cancer,"0°42'13.08""",Saturn,Pisces,"0°57'28.84""",120,119.7456,0.2544
2025-11-23 17:00:00,Aspect,Trine,Mercury,Scorpio,"0°12'58.33""",Jupiter,Cancer,"0°42'11.62""",120,119.513,0.487
2025-11-23 17:00:00,Aspect,Trine,Mercury,Scorpio,"0°12'58.33""",Saturn,Pisces,"0°57'28.52""",120,120.7417,0.7417
2025-11-23 17:00:00,Aspect,Square,Mars,Scorpio,"19°28'34.98""",Rahu,Aquarius,"19°59'36.65""",90,90.5171,0.5171
2025-11-23 17:00:00,Aspect,Square,Mars,Scorpio,"19°28'34.98""",Ketu,Leo,"19°59'36.65""",90,89.4829,0.5171
2025-11-23 17:00:00,Aspect,Trine,Jupiter,Cancer,"0°42'11.62""",Saturn,Pisces,"0°57'28.52""",120,119.7453,0.2547
2025-11-23 17:15:00,Aspect,Trine,Mercury,Scorpio,"0°12'15.72""",Jupiter,Cancer,"0°42'10.15""",120,119.5015,0.4985
2025-11-23 17:15:00,Aspect,Trine,Mercury,Scorpio,"0°12'15.72""",Saturn,Pisces,"0°57'28.20""",120,120.7535,0.7535
2025-11-23 17:15:00,Aspect,Square,Mars,Scorpio,"19°29'02.54""",Rahu,Aquarius,"19°59'34.66""",90,90.5089,0.5089
2025-11-23 17:15:00,Aspect,Square,Mars,Scorpio,"19°29'02.54""",Ketu,Leo,"19°59'34.66""",90,89.4911,0.5089
2025-11-23 17:15:00,Aspect,Trine,Jupiter,Cancer,"0°42'10.15""",Saturn,Pisces,"0°57'28.20""",120,119.745,0.255
2025-11-23 17:30:00,Aspect,Trine,Mercury,Scorpio,"0°11'33.16""",Jupiter,Cancer,"0°42'08.68""",120,119.4901,0.5099
2025-11-23 17:30:00,Aspect,Trine,Mercury,Scorpio,"0°11'33.16""",Saturn,Pisces,"0°57'27.88""",120,120.7652,0.7652
2025-11-23 17:30:00,Aspect,Square,Mars,Scorpio,"19°29'30.09""",Rahu,Aquarius,"19°59'32.68""",90,90.5007,0.5007
2025-11-23 17:30:00,Aspect,Square,Mars,Scorpio,"19°29'30.09""",Ketu,Leo,"19°59'32.68""",90,89.4993,0.5007
2025-11-23 17:30:00,Aspect,Trine,Jupiter,Cancer,"0°42'08.68""",Saturn,Pisces,"0°57'27.88""",120,119.7447,0.2553
2025-11-23 17:45:00,Aspect,Trine,Mercury,Scorpio,"0°10'50.66""",Jupiter,Cancer,"0°42'07.21""",120,119.4787,0.5213
2025-11-23 17:45:00,Aspect,Trine,Mercury,Scorpio,"0°10'50.66""",Saturn,Pisces,"0°57'27.56""",120,120.7769,0.7769
2025-11-23 17:45:00,Aspect,Square,Mars,Scorpio,"19°29'57.65""",Rahu,Aquarius,"19°59'30.69""",90,90.4925,0.4925
2025-11-23 17:45:00,Aspect,Square,Mars,Scorpio,"19°29'57.65""",Ketu,Leo,"19°59'30.69""",90,89.5075,0.4925
2025-11-23 17:45:00,Aspect,Trine,Jupiter,Cancer,"0°42'07.21""",Saturn,Pisces,"0°57'27.56""",120,119.7443,0.2557
2025-11-23 18:00:00,Aspect,Trine,Mercury,Scorpio,"0°10'08.21""",Jupiter,Cancer,"0°42'05.74""",120,119.4674,0.5326
2025-11-23 18:00:00,Aspect,Trine,Mercury,Scorpio,"0°10'08.21""",Saturn,Pisces,"0°57'27.25""",120,120.7886,0.7886
2025-11-23 18:00:00,Aspect,Square,Mars,Scorpio,"19°30'25.21""",Rahu,Aquarius,"19°59'28.70""",90,90.4843,0.4843
2025-11-23 18:00:00,Aspect,Square,Mars,Scorpio,"19°30'25.21""",Ketu,Leo,"19°59'28.70""",90,89.5157,0.4843
2025-11-23 18:00:00,Aspect,Trine,Jupiter,Cancer,"0°42'05.74""",Saturn,Pisces,"0°57'27.25""",120,119.744,0.256
2025-11-23 18:15:00,Aspect,Trine,Mercury,Scorpio,"0°09'25.81""",Jupiter,Cancer,"0°42'04.27""",120,119.456,0.544
2025-11-23 18:15:00,Aspect,Trine,Mercury,Scorpio,"0°09'25.81""",Saturn,Pisces,"0°57'26.93""",120,120.8003,0.8003
2025-11-23 18:15:00,Aspect,Square,Mars,Scorpio,"19°30'52.76""",Rahu,Aquarius,"19°59'26.72""",90,90.4761,0.4761
2025-11-23 18:15:00,Aspect,Square,Mars,Scorpio,"19°30'52.76""",Ketu,Leo,"19°59'26.72""",90,89.5239,0.4761
2025-11-23 18:15:00,Aspect,Trine,Jupiter,Cancer,"0°42'04.27""",Saturn,Pisces,"0°57'26.93""",120,119.7437,0.2563
2025-11-23 18:30:00,Aspect,Trine,Mercury,Scorpio,"0°08'43.46""",Jupiter,Cancer,"0°42'02.80""",120,119.4446,0.5554
2025-11-23 18:30:00,Aspect,Trine,Mercury,Scorpio,"0°08'43.46""",Saturn,Pisces,"0°57'26.61""",120,120.812,0.812
2025-11-23 18:30:00,Aspect,Square,Mars,Scorpio,"19°31'20.32""",Rahu,Aquarius,"19°59'24.73""",90,90.4679,0.4679
2025-11-23 18:30:00,Aspect,Square,Mars,Scorpio,"19°31'20.32""",Ketu,Leo,"19°59'24.73""",90,89.5321,0.4679
2025-11-23 18:30:00,Aspect,Trine,Jupiter,Cancer,"0°42'02.80""",Saturn,Pisces,"0°57'26.61""",120,119.7434,0.2566
2025-11-23 18:45:00,Aspect,Trine,Mercury,Scorpio,"0°08'01.17""",Jupiter,Cancer,"0°42'01.32""",120,119.4333,0.5667
2025-11-23 18:45:00,Aspect,Trine,Mercury,Scorpio,"0°08'01.17""",Saturn,Pisces,"0°57'26.30""",120,120.8236,0.8236
2025-11-23 18:45:00,Aspect,Square,Mars,Scorpio,"19°31'47.88""",Rahu,Aquarius,"19°59'22.74""",90,90.4597,0.4597
2025-11-23 18:45:00,Aspect,Square,Mars,Scorpio,"19°31'47.88""",Ketu,Leo,"19°59'22.74""",90,89.5403,0.4597
2025-11-23 18:45:00,Aspect,Trine,Jupiter,Cancer,"0°42'01.32""",Saturn,Pisces,"0°57'26.30""",120,119.7431,0.2569
2025-11-23 19:00:00,Aspect,Trine,Mercury,Scorpio,"0°07'18.93""",Jupiter,Cancer,"0°41'59.85""",120,119.422,0.578
2025-11-23 19:00:00,Aspect,Trine,Mercury,Scorpio,"0°07'18.93""",Saturn,Pisces,"0°57'25.98""",120,120.8353,0.8353
2025-11-23 19:00:00,Aspect,Square,Mars,Scorpio,"19°32'15.44""",Rahu,Aquarius,"19°59'20.75""",90,90.4515,0.4515
2025-11-23 19:00:00,Aspect,Square,Mars,Scorpio,"19°32'15.44""",Ketu,Leo,"19°59'20.75""",90,89.5485,0.4515
2025-11-23 19:00:00,Aspect,Trine,Jupiter,Cancer,"0°41'59.85""",Saturn,Pisces,"0°57'25.98""",120,119.7427,0.2573
2025-11-23 19:15:00,Aspect,Trine,Mercury,Scorpio,"0°06'36.74""",Jupiter,Cancer,"0°41'58.37""",120,119.4107,0.5893
2025-11-23 19:15:00,Aspect,Trine,Mercury,Scorpio,"0°06'36.74""",Saturn,Pisces,"0°57'25.67""",120,120.8469,0.8469
2025-11-23 19:15:00,Aspect,Square,Mars,Scorpio,"19°32'42.99""",Rahu,Aquarius,"19°59'18.77""",90,90.4433,0.4433
2025-11-23 19:15:00,Aspect,Square,Mars,Scorpio,"19°32'42.99""",Ketu,Leo,"19°59'18.77""",90,89.5567,0.4433
2025-11-23 19:15:00,Aspect,Trine,Jupiter,Cancer,"0°41'58.37""",Saturn,Pisces,"0°57'25.67""",120,119.7424,0.2576
2025-11-23 19:30:00,Aspect,Trine,Mercury,Scorpio,"0°05'54.60""",Jupiter,Cancer,"0°41'56.89""",120,119.3994,0.6006
2025-11-23 19:30:00,Aspect,Trine,Mercury,Scorpio,"0°05'54.60""",Saturn,Pisces,"0°57'25.35""",120,120.8585,0.8585
2025-11-23 19:30:00,Aspect,Square,Mars,Scorpio,"19°33'10.55""",Rahu,Aquarius,"19°59'16.78""",90,90.4351,0.4351
2025-11-23 19:30:00,Aspect,Square,Mars,Scorpio,"19°33'10.55""",Ketu,Leo,"19°59'16.78""",90,89.5649,0.4351
2025-11-23 19:30:00,Aspect,Trine,Jupiter,Cancer,"0°41'56.89""",Saturn,Pisces,"0°57'25.35""",120,119.7421,0.2579
2025-11-23 19:45:00,Aspect,Trine,Mercury,Scorpio,"0°05'12.52""",Jupiter,Cancer,"0°41'55.41""",120,119.3881,0.6119
2025-11-23 19:45:00,Aspect,Trine,Mercury,Scorpio,"0°05'12.52""",Saturn,Pisces,"0°57'25.04""",120,120.8701,0.8701
2025-11-23 19:45:00,Aspect,Square,Mars,Scorpio,"19°33'38.11""",Rahu,Aquarius,"19°59'14.79""",90,90.4269,0.4269
2025-11-23 19:45:00,Aspect,Square,Mars,Scorpio,"19°33'38.11""",Ketu,Leo,"19°59'14.79""",90,89.5731,0.4269
2025-11-23 19:45:00,Aspect,Trine,Jupiter,Cancer,"0°41'55.41""",Saturn,Pisces,"0°57'25.04""",120,119.7418,0.2582
2025-11-23 20:00:00,Aspect,Trine,Mercury,Scorpio,"0°04'30.49""",Jupiter,Cancer,"0°41'53.93""",120,119.3768,0.6232
2025-11-23 20:00:00,Aspect,Trine,Mercury,Scorpio,"0°04'30.49""",Saturn,Pisces,"0°57'24.73""",120,120.8817,0.8817
2025-11-23 20:00:00,Aspect,Square,Mars,Scorpio,"19°34'05.67""",Rahu,Aquarius,"19°59'12.81""",90,90.4186,0.4186
2025-11-23 20:00:00,Aspect,Square,Mars,Scorpio,"19°34'05.67""",Ketu,Leo,"19°59'12.81""",90,89.5814,0.4186
2025-11-23 20:00:00,Aspect,Trine,Jupiter,Cancer,"0°41'53.93""",Saturn,Pisces,"0°57'24.73""",120,119.7414,0.2586
2025-11-23 20:15:00,Aspect,Trine,Mercury,Scorpio,"0°03'48.52""",Jupiter,Cancer,"0°41'52.45""",120,119.3656,0.6344
2025-11-23 20:15:00,Aspect,Trine,Mercury,Scorpio,"0°03'48.52""",Saturn,Pisces,"0°57'24.41""",120,120.8933,0.8933
2025-11-23 20:15:00,Aspect,Square,Mars,Scorpio,"19°34'33.23""",Rahu,Aquarius,"19°59'10.82""",90,90.4104,0.4104
2025-11-23 20:15:00,Aspect,Square,Mars,Scorpio,"19°34'33.23""",Ketu,Leo,"19°59'10.82""",90,89.5896,0.4104
2025-11-23 20:15:00,Aspect,Trine,Jupiter,Cancer,"0°41'52.45""",Saturn,Pisces,"0°57'24.41""",120,119.7411,0.2589
2025-11-23 20:30:00,Aspect,Trine,Mercury,Scorpio,"0°03'06.59""",Jupiter,Cancer,"0°41'50.97""",120,119.3543,0.6457
2025-11-23 20:30:00,Aspect,Trine,Mercury,Scorpio,"0°03'06.59""",Saturn,Pisces,"0°57'24.10""",120,120.9049,0.9049
2025-11-23 20:30:00,Aspect,Square,Mars,Scorpio,"19°35'00.79""",Rahu,Aquarius,"19°59'08.83""",90,90.4022,0.4022
2025-11-23 20:30:00,Aspect,Square,Mars,Scorpio,"19°35'00.79""",Ketu,Leo,"19°59'08.83""",90,89.5978,0.4022
2025-11-23 20:30:00,Aspect,Trine,Jupiter,Cancer,"0°41'50.97""",Saturn,Pisces,"0°57'24.10""",120,119.7408,0.2592
2025-11-23 20:45:00,Aspect,Trine,Mercury,Scorpio,"0°02'24.73""",Jupiter,Cancer,"0°41'49.48""",120,119.3431,0.6569
2025-11-23 20:45:00,Aspect,Trine,Mercury,Scorpio,"0°02'24.73""",Saturn,Pisces,"0°57'23.79""",120,120.9164,0.9164
2025-11-23 20:45:00,Aspect,Square,Mars,Scorpio,"19°35'28.35""",Rahu,Aquarius,"19°59'06.84""",90,90.394,0.394
2025-11-23 20:45:00,Aspect,Square,Mars,Scorpio,"19°35'28.35""",Ketu,Leo,"19°59'06.84""",90,89.606,0.394
2025-11-23 20:45:00,Aspect,Trine,Jupiter,Cancer,"0°41'49.48""",Saturn,Pisces,"0°57'23.79""",120,119.7405,0.2595
2025-11-23 21:00:00,Aspect,Trine,Mercury,Scorpio,"0°01'42.91""",Jupiter,Cancer,"0°41'48.00""",120,119.3319,0.6681
2025-11-23 21:00:00,Aspect,Trine,Mercury,Scorpio,"0°01'42.91""",Saturn,Pisces,"0°57'23.48""",120,120.9279,0.9279
2025-11-23 21:00:00,Aspect,Square,Mars,Scorpio,"19°35'55.91""",Rahu,Aquarius,"19°59'04.86""",90,90.3858,0.3858
2025-11-23 21:00:00,Aspect,Square,Mars,Scorpio,"19°35'55.91""",Ketu,Leo,"19°59'04.86""",90,89.6142,0.3858
2025-11-23 21:00:00,Aspect,Trine,Jupiter,Cancer,"0°41'48.00""",Saturn,Pisces,"0°57'23.48""",120,119.7401,0.2599
2025-11-23 21:15:00,Aspect,Trine,Mercury,Scorpio,"0°01'01.15""",Jupiter,Cancer,"0°41'46.51""",120,119.3207,0.6793
2025-11-23 21:15:00,Aspect,Trine,Mercury,Scorpio,"0°01'01.15""",Saturn,Pisces,"0°57'23.17""",120,120.9395,0.9395
2025-11-23 21:15:00,Aspect,Square,Mars,Scorpio,"19°36'23.47""",Rahu,Aquarius,"19°59'02.87""",90,90.3776,0.3776
2025-11-23 21:15:00,Aspect,Square,Mars,Scorpio,"19°36'23.47""",Ketu,Leo,"19°59'02.87""",90,89.6224,0.3776
2025-11-23 21:15:00,Aspect,Trine,Jupiter,Cancer,"0°41'46.51""",Saturn,Pisces,"0°57'23.17""",120,119.7398,0.2602
2025-11-23 21:30:00,Aspect,Trine,Mercury,Scorpio,"0°00'19.44""",Jupiter,Cancer,"0°41'45.02""",120,119.3096,0.6904
2025-11-23 21:30:00,Aspect,Trine,Mercury,Scorpio,"0°00'19.44""",Saturn,Pisces,"0°57'22.87""",120,120.951,0.951
2025-11-23 21:30:00,Aspect,Square,Mars,Scorpio,"19°36'51.04""",Rahu,Aquarius,"19°59'00.88""",90,90.3694,0.3694
2025-11-23 21:30:00,Aspect,Square,Mars,Scorpio,"19°36'51.04""",Ketu,Leo,"19°59'00.88""",90,89.6306,0.3694
2025-11-23 21:30:00,Aspect,Trine,Jupiter,Cancer,"0°41'45.02""",Saturn,Pisces,"0°57'22.87""",120,119.7395,0.2605
2025-11-23 21:45:00,Aspect,Trine,Mercury,Libra,"29°59'37.79""",Jupiter,Cancer,"0°41'43.53""",120,119.2984,0.7016
2025-11-23 21:45:00,Aspect,Trine,Mercury,Libra,"29°59'37.79""",Saturn,Pisces,"0°57'22.56""",120,120.9624,0.9624
2025-11-23 21:45:00,Aspect,Square,Mars,Scorpio,"19°37'18.60""",Rahu,Aquarius,"19°58'58.89""",90,90.3612,0.3612
2025-11-23 21:45:00,Aspect,Square,Mars,Scorpio,"19°37'18.60""",Ketu,Leo,"19°58'58.89""",90,89.6388,0.3612
2025-11-23 21:45:00,Aspect,Trine,Jupiter,Cancer,"0°41'43.53""",Saturn,Pisces,"0°57'22.56""",120,119.7392,0.2608
2025-11-23 22:00:00,Aspect,Trine,Mercury,Libra,"29°58'56.19""",Jupiter,Cancer,"0°41'42.04""",120,119.2873,0.7127
2025-11-23 22:00:00,Aspect,Trine,Mercury,Libra,"29°58'56.19""",Saturn,Pisces,"0°57'22.25""",120,120.9739,0.9739
2025-11-23 22:00:00,Aspect,Square,Mars,Scorpio,"19°37'46.16""",Rahu,Aquarius,"19°58'56.91""",90,90.353,0.353
2025-11-23 22:00:00,Aspect,Square,Mars,Scorpio,"19°37'46.16""",Ketu,Leo,"19°58'56.91""",90,89.647,0.353
2025-11-23 22:00:00,Aspect,Trine,Jupiter,Cancer,"0°41'42.04""",Saturn,Pisces,"0°57'22.25""",120,119.7388,0.2612
2025-11-23 22:15:00,Aspect,Trine,Mercury,Libra,"29°58'14.65""",Jupiter,Cancer,"0°41'40.55""",120,119.2761,0.7239
2025-11-23 22:15:00,Aspect,Trine,Mercury,Libra,"29°58'14.65""",Saturn,Pisces,"0°57'21.95""",120,120.9854,0.9854
2025-11-23 22:15:00,Aspect,Square,Mars,Scorpio,"19°38'13.72""",Rahu,Aquarius,"19°58'54.92""",90,90.3448,0.3448
2025-11-23 22:15:00,Aspect,Square,Mars,Scorpio,"19°38'13.72""",Ketu,Leo,"19°58'54.92""",90,89.6552,0.3448
2025-11-23 22:15:00,Aspect,Trine,Jupiter,Cancer,"0°41'40.55""",Saturn,Pisces,"0°57'21.95""",120,119.7385,0.2615
2025-11-23 22:30:00,Aspect,Trine,Mercury,Libra,"29°57'33.16""",Jupiter,Cancer,"0°41'39.05""",120,119.265,0.735
2025-11-23 22:30:00,Aspect,Trine,Mercury,Libra,"29°57'33.16""",Saturn,Pisces,"0°57'21.64""",120,120.9968,0.9968
2025-11-23 22:30:00,Aspect,Square,Mars,Scorpio,"19°38'41.29""",Rahu,Aquarius,"19°58'52.93""",90,90.3366,0.3366
2025-11-23 22:30:00,Aspect,Square,Mars,Scorpio,"19°38'41.29""",Ketu,Leo,"19°58'52.93""",90,89.6634,0.3366
2025-11-23 22:30:00,Aspect,Trine,Jupiter,Cancer,"0°41'39.05""",Saturn,Pisces,"0°57'21.64""",120,119.7382,0.2618
2025-11-23 22:45:00,Aspect,Trine,Mercury,Libra,"29°56'51.72""",Jupiter,Cancer,"0°41'37.56""",120,119.2539,0.7461
2025-11-23 22:45:00,Aspect,Square,Mars,Scorpio,"19°39'08.85""",Rahu,Aquarius,"19°58'50.95""",90,90.3284,0.3284
2025-11-23 22:45:00,Aspect,Square,Mars,Scorpio,"19°39'08.85""",Ketu,Leo,"19°58'50.95""",90,89.6716,0.3284
2025-11-23 22:45:00,Aspect,Trine,Jupiter,Cancer,"0°41'37.56""",Saturn,Pisces,"0°57'21.34""",120,119.7378,0.2622
2025-11-23 23:00:00,Aspect,Trine,Mercury,Libra,"29°56'10.34""",Jupiter,Cancer,"0°41'36.06""",120,119.2429,0.7571
2025-11-23 23:00:00,Aspect,Square,Mars,Scorpio,"19°39'36.41""",Rahu,Aquarius,"19°58'48.96""",90,90.3202,0.3202
2025-11-23 23:00:00,Aspect,Square,Mars,Scorpio,"19°39'36.41""",Ketu,Leo,"19°58'48.96""",90,89.6798,0.3202
2025-11-23 23:00:00,Aspect,Trine,Jupiter,Cancer,"0°41'36.06""",Saturn,Pisces,"0°57'21.03""",120,119.7375,0.2625
2025-11-23 23:15:00,Aspect,Trine,Mercury,Libra,"29°55'29.02""",Jupiter,Cancer,"0°41'34.57""",120,119.2318,0.7682
2025-11-23 23:15:00,Aspect,Square,Mars,Scorpio,"19°40'03.98""",Rahu,Aquarius,"19°58'46.97""",90,90.3119,0.3119
2025-11-23 23:15:00,Aspect,Square,Mars,Scorpio,"19°40'03.98""",Ketu,Leo,"19°58'46.97""",90,89.6881,0.3119
2025-11-23 23:15:00,Aspect,Trine,Jupiter,Cancer,"0°41'34.57""",Saturn,Pisces,"0°57'20.73""",120,119.7372,0.2628
2025-11-23 23:30:00,Aspect,Trine,Mercury,Libra,"29°54'47.75""",Jupiter,Cancer,"0°41'33.07""",120,119.2207,0.7793
2025-11-23 23:30:00,Aspect,Square,Mars,Scorpio,"19°40'31.54""",Rahu,Aquarius,"19°58'44.98""",90,90.3037,0.3037
2025-11-23 23:30:00,Aspect,Square,Mars,Scorpio,"19°40'31.54""",Ketu,Leo,"19°58'44.98""",90,89.6963,0.3037
2025-11-23 23:30:00,Aspect,Trine,Jupiter,Cancer,"0°41'33.07""",Saturn,Pisces,"0°57'20.42""",120,119.7368,0.2632
2025-11-23 23:45:00,Aspect,Trine,Mercury,Libra,"29°54'06.54""",Jupiter,Cancer,"0°41'31.57""",120,119.2097,0.7903
2025-11-23 23:45:00,Aspect,Square,Mars,Scorpio,"19°40'59.11""",Rahu,Aquarius,"19°58'43.00""",90,90.2955,0.2955
2025-11-23 23:45:00,Aspect,Square,Mars,Scorpio,"19°40'59.11""",Ketu,Leo,"19°58'43.00""",90,89.7045,0.2955
2025-11-23 23:45:00,Aspect,Trine,Jupiter,Cancer,"0°41'31.57""",Saturn,Pisces,"0°57'20.12""",120,119.7365,0.2635
2025-11-24 00:00:00,Aspect,Trine,Mercury,Libra,"29°53'25.38""",Jupiter,Cancer,"0°41'30.07""",120,119.1987,0.8013
2025-11-24 00:00:00,Aspect,Square,Mars,Scorpio,"19°41'26.67""",Rahu,Aquarius,"19°58'41.01""",90,90.2873,0.2873
2025-11-24 00:00:00,Aspect,Square,Mars,Scorpio,"19°41'26.67""",Ketu,Leo,"19°58'41.01""",90,89.7127,0.2873
2025-11-24 00:00:00,Aspect,Trine,Jupiter,Cancer,"0°41'30.07""",Saturn,Pisces,"0°57'19.82""",120,119.7362,0.2638
2025-11-24 00:15:00,Aspect,Trine,Mercury,Libra,"29°52'44.27""",Jupiter,Cancer,"0°41'28.56""",120,119.1877,0.8123
2025-11-24 00:15:00,Aspect,Square,Mars,Scorpio,"19°41'54.24""",Rahu,Aquarius,"19°58'39.02""",90,90.2791,0.2791
2025-11-24 00:15:00,Aspect,Square,Mars,Scorpio,"19°41'54.24""",Ketu,Leo,"19°58'39.02""",90,89.7209,0.2791
2025-11-24 00:15:00,Aspect,Trine,Jupiter,Cancer,"0°41'28.56""",Saturn,Pisces,"0°57'19.52""",120,119.7358,0.2642
2025-11-24 00:30:00,Aspect,Trine,Mercury,Libra,"29°52'03.22""",Jupiter,Cancer,"0°41'27.06""",120,119.1767,0.8233
2025-11-24 00:30:00,Aspect,Square,Mars,Scorpio,"19°42'21.80""",Rahu,Aquarius,"19°58'37.04""",90,90.2709,0.2709
2025-11-24 00:30:00,Aspect,Square,Mars,Scorpio,"19°42'21.80""",Ketu,Leo,"19°58'37.04""",90,89.7291,0.2709
2025-11-24 00:30:00,Aspect,Trine,Jupiter,Cancer,"0°41'27.06""",Saturn,Pisces,"0°57'19.22""",120,119.7355,0.2645
2025-11-24 00:45:00,Aspect,Trine,Mercury,Libra,"29°51'22.23""",Jupiter,Cancer,"0°41'25.56""",120,119.1657,0.8343
2025-11-24 00:45:00,Aspect,Square,Mars,Scorpio,"19°42'49.37""",Rahu,Aquarius,"19°58'35.05""",90,90.2627,0.2627
2025-11-24 00:45:00,Aspect,Square,Mars,Scorpio,"19°42'49.37""",Ketu,Leo,"19°58'35.05""",90,89.7373,0.2627
2025-11-24 00:45:00,Aspect,Trine,Jupiter,Cancer,"0°41'25.56""",Saturn,Pisces,"0°57'18.92""",120,119.7352,0.2648
2025-11-24 01:00:00,Aspect,Trine,Mercury,Libra,"29°50'41.29""",Jupiter,Cancer,"0°41'24.05""",120,119.1548,0.8452
2025-11-24 01:00:00,Aspect,Square,Mars,Scorpio,"19°43'16.94""",Rahu,Aquarius,"19°58'33.06""",90,90.2545,0.2545
2025-11-24 01:00:00,Aspect,Square,Mars,Scorpio,"19°43'16.94""",Ketu,Leo,"19°58'33.06""",90,89.7455,0.2545
2025-11-24 01:00:00,Aspect,Trine,Jupiter,Cancer,"0°41'24.05""",Saturn,Pisces,"0°57'18.62""",120,119.7348,0.2652
2025-11-24 01:15:00,Aspect,Trine,Mercury,Libra,"29°50'00.41""",Jupiter,Cancer,"0°41'22.54""",120,119.1439,0.8561
2025-11-24 01:15:00,Aspect,Square,Mars,Scorpio,"19°43'44.50""",Rahu,Aquarius,"19°58'31.07""",90,90.2463,0.2463
2025-11-24 01:15:00,Aspect,Square,Mars,Scorpio,"19°43'44.50""",Ketu,Leo,"19°58'31.07""",90,89.7537,0.2463
2025-11-24 01:15:00,Aspect,Trine,Jupiter,Cancer,"0°41'22.54""",Saturn,Pisces,"0°57'18.33""",120,119.7345,0.2655
2025-11-24 01:30:00,Aspect,Trine,Mercury,Libra,"29°49'19.59""",Jupiter,Cancer,"0°41'21.03""",120,119.1329,0.8671
2025-11-24 01:30:00,Aspect,Square,Mars,Scorpio,"19°44'12.07""",Rahu,Aquarius,"19°58'29.09""",90,90.2381,0.2381
2025-11-24 01:30:00,Aspect,Square,Mars,Scorpio,"19°44'12.07""",Ketu,Leo,"19°58'29.09""",90,89.7619,0.2381
2025-11-24 01:30:00,Aspect,Trine,Jupiter,Cancer,"0°41'21.03""",Saturn,Pisces,"0°57'18.03""",120,119.7342,0.2658
2025-11-24 01:45:00,Aspect,Trine,Mercury,Libra,"29°48'38.82""",Jupiter,Cancer,"0°41'19.52""",120,119.122,0.878
2025-11-24 01:45:00,Aspect,Square,Mars,Scorpio,"19°44'39.64""",Rahu,Aquarius,"19°58'27.10""",90,90.2299,0.2299
2025-11-24 01:45:00,Aspect,Square,Mars,Scorpio,"19°44'39.64""",Ketu,Leo,"19°58'27.10""",90,89.7701,0.2299
2025-11-24 01:45:00,Aspect,Trine,Jupiter,Cancer,"0°41'19.52""",Saturn,Pisces,"0°57'17.73""",120,119.7338,0.2662
2025-11-24 02:00:00,Aspect,Trine,Mercury,Libra,"29°47'58.11""",Jupiter,Cancer,"0°41'18.01""",120,119.1111,0.8889
2025-11-24 02:00:00,Aspect,Square,Mars,Scorpio,"19°45'07.21""",Rahu,Aquarius,"19°58'25.11""",90,90.2216,0.2216
2025-11-24 02:00:00,Aspect,Square,Mars,Scorpio,"19°45'07.21""",Ketu,Leo,"19°58'25.11""",90,89.7784,0.2216
2025-11-24 02:00:00,Aspect,Trine,Jupiter,Cancer,"0°41'18.01""",Saturn,Pisces,"0°57'17.44""",120,119.7335,0.2665
2025-11-24 02:15:00,Aspect,Trine,Mercury,Libra,"29°47'17.45""",Jupiter,Cancer,"0°41'16.50""",120,119.1003,0.8997
2025-11-24 02:15:00,Aspect,Square,Mars,Scorpio,"19°45'34.78""",Rahu,Aquarius,"19°58'23.13""",90,90.2134,0.2134
2025-11-24 02:15:00,Aspect,Square,Mars,Scorpio,"19°45'34.78""",Ketu,Leo,"19°58'23.13""",90,89.7866,0.2134
2025-11-24 02:15:00,Aspect,Trine,Jupiter,Cancer,"0°41'16.50""",Saturn,Pisces,"0°57'17.14""",120,119.7332,0.2668
2025-11-24 02:30:00,Aspect,Trine,Mercury,Libra,"29°46'36.85""",Jupiter,Cancer,"0°41'14.98""",120,119.0894,0.9106
2025-11-24 02:30:00,Aspect,Square,Mars,Scorpio,"19°46'02.34""",Rahu,Aquarius,"19°58'21.14""",90,90.2052,0.2052
2025-11-24 02:30:00,Aspect,Square,Mars,Scorpio,"19°46'02.34""",Ketu,Leo,"19°58'21.14""",90,89.7948,0.2052
2025-11-24 02:30:00,Aspect,Trine,Jupiter,Cancer,"0°41'14.98""",Saturn,Pisces,"0°57'16.85""",120,119.7328,0.2672
2025-11-24 02:45:00,Aspect,Trine,Mercury,Libra,"29°45'56.31""",Jupiter,Cancer,"0°41'13.47""",120,119.0786,0.9214
2025-11-24 02:45:00,Aspect,Square,Mars,Scorpio,"19°46'29.91""",Rahu,Aquarius,"19°58'19.15""",90,90.197,0.197
2025-11-24 02:45:00,Aspect,Square,Mars,Scorpio,"19°46'29.91""",Ketu,Leo,"19°58'19.15""",90,89.803,0.197
2025-11-24 02:45:00,Aspect,Trine,Jupiter,Cancer,"0°41'13.47""",Saturn,Pisces,"0°57'16.55""",120,119.7325,0.2675
2025-11-24 03:00:00,Aspect,Trine,Mercury,Libra,"29°45'15.82""",Jupiter,Cancer,"0°41'11.95""",120,119.0677,0.9323
2025-11-24 03:00:00,Aspect,Square,Mars,Scorpio,"19°46'57.48""",Rahu,Aquarius,"19°58'17.16""",90,90.1888,0.1888
2025-11-24 03:00:00,Aspect,Square,Mars,Scorpio,"19°46'57.48""",Ketu,Leo,"19°58'17.16""",90,89.8112,0.1888
2025-11-24 03:00:00,Aspect,Trine,Jupiter,Cancer,"0°41'11.95""",Saturn,Pisces,"0°57'16.26""",120,119.7321,0.2679
2025-11-24 03:15:00,Aspect,Trine,Mercury,Libra,"29°44'35.39""",Jupiter,Cancer,"0°41'10.44""",120,119.0569,0.9431
2025-11-24 03:15:00,Aspect,Square,Mars,Scorpio,"19°47'25.05""",Rahu,Aquarius,"19°58'15.18""",90,90.1806,0.1806
2025-11-24 03:15:00,Aspect,Square,Mars,Scorpio,"19°47'25.05""",Ketu,Leo,"19°58'15.18""",90,89.8194,0.1806
2025-11-24 03:15:00,Aspect,Trine,Jupiter,Cancer,"0°41'10.44""",Saturn,Pisces,"0°57'15.97""",120,119.7318,0.2682
2025-11-24 03:30:00,Aspect,Trine,Mercury,Libra,"29°43'55.02""",Jupiter,Cancer,"0°41'08.92""",120,119.0461,0.9539
2025-11-24 03:30:00,Aspect,Square,Mars,Scorpio,"19°47'52.62""",Rahu,Aquarius,"19°58'13.19""",90,90.1724,0.1724
2025-11-24 03:30:00,Aspect,Square,Mars,Scorpio,"19°47'52.62""",Ketu,Leo,"19°58'13.19""",90,89.8276,0.1724
2025-11-24 03:30:00,Aspect,Trine,Jupiter,Cancer,"0°41'08.92""",Saturn,Pisces,"0°57'15.68""",120,119.7315,0.2685
2025-11-24 03:45:00,Aspect,Trine,Mercury,Libra,"29°43'14.71""",Jupiter,Cancer,"0°41'07.40""",120,119.0354,0.9646
2025-11-24 03:45:00,Aspect,Square,Mars,Scorpio,"19°48'20.19""",Rahu,Aquarius,"19°58'11.20""",90,90.1642,0.1642
2025-11-24 03:45:00,Aspect,Square,Mars,Scorpio,"19°48'20.19""",Ketu,Leo,"19°58'11.20""",90,89.8358,0.1642
2025-11-24 03:45:00,Aspect,Trine,Jupiter,Cancer,"0°41'07.40""",Saturn,Pisces,"0°57'15.39""",120,119.7311,0.2689
2025-11-24 04:00:00,Aspect,Trine,Mercury,Libra,"29°42'34.45""",Jupiter,Cancer,"0°41'05.87""",120,119.0246,0.9754
2025-11-24 04:00:00,Aspect,Square,Mars,Scorpio,"19°48'47.77""",Rahu,Aquarius,"19°58'09.21""",90,90.156,0.156
2025-11-24 04:00:00,Aspect,Square,Mars,Scorpio,"19°48'47.77""",Ketu,Leo,"19°58'09.21""",90,89.844,0.156
2025-11-24 04:00:00,Aspect,Trine,Jupiter,Cancer,"0°41'05.87""",Saturn,Pisces,"0°57'15.10""",120,119.7308,0.2692
2025-11-24 04:15:00,Aspect,Trine,Mercury,Libra,"29°41'54.25""",Jupiter,Cancer,"0°41'04.35""",120,119.0139,0.9861
2025-11-24 04:15:00,Aspect,Square,Mars,Scorpio,"19°49'15.34""",Rahu,Aquarius,"19°58'07.23""",90,90.1477,0.1477
2025-11-24 04:15:00,Aspect,Square,Mars,Scorpio,"19°49'15.34""",Ketu,Leo,"19°58'07.23""",90,89.8523,0.1477
2025-11-24 04:15:00,Aspect,Trine,Jupiter,Cancer,"0°41'04.35""",Saturn,Pisces,"0°57'14.81""",120,119.7304,0.2696
2025-11-24 04:30:00,Aspect,Trine,Mercury,Libra,"29°41'14.10""",Jupiter,Cancer,"0°41'02.83""",120,119.0031,0.9969
2025-11-24 04:30:00,Aspect,Square,Mars,Scorpio,"19°49'42.91""",Rahu,Aquarius,"19°58'05.24""",90,90.1395,0.1395
2025-11-24 04:30:00,Aspect,Square,Mars,Scorpio,"19°49'42.91""",Ketu,Leo,"19°58'05.24""",90,89.8605,0.1395
2025-11-24 04:30:00,Aspect,Trine,Jupiter,Cancer,"0°41'02.83""",Saturn,Pisces,"0°57'14.52""",120,119.7301,0.2699
2025-11-24 04:45:00,Aspect,Square,Mars,Scorpio,"19°50'10.48""",Rahu,Aquarius,"19°58'03.25""",90,90.1313,0.1313
2025-11-24 04:45:00,Aspect,Square,Mars,Scorpio,"19°50'10.48""",Ketu,Leo,"19°58'03.25""",90,89.8687,0.1313
2025-11-24 04:45:00,Aspect,Trine,Jupiter,Cancer,"0°41'01.30""",Saturn,Pisces,"0°57'14.23""",120,119.7297,0.2703
2025-11-24 05:00:00,Aspect,Square,Mars,Scorpio,"19°50'38.05""",Rahu,Aquarius,"19°58'01.27""",90,90.1231,0.1231
2025-11-24 05:00:00,Aspect,Square,Mars,Scorpio,"19°50'38.05""",Ketu,Leo,"19°58'01.27""",90,89.8769,0.1231
2025-11-24 05:00:00,Aspect,Trine,Jupiter,Cancer,"0°40'59.78""",Saturn,Pisces,"0°57'13.94""",120,119.7294,0.2706
2025-11-24 05:15:00,Aspect,Square,Mars,Scorpio,"19°51'05.63""",Rahu,Aquarius,"19°57'59.28""",90,90.1149,0.1149
2025-11-24 05:15:00,Aspect,Square,Mars,Scorpio,"19°51'05.63""",Ketu,Leo,"19°57'59.28""",90,89.8851,0.1149
2025-11-24 05:15:00,Aspect,Trine,Jupiter,Cancer,"0°40'58.25""",Saturn,Pisces,"0°57'13.66""",120,119.7291,0.2709
2025-11-24 05:30:00,Aspect,Square,Mars,Scorpio,"19°51'33.20""",Rahu,Aquarius,"19°57'57.29""",90,90.1067,0.1067
2025-11-24 05:30:00,Aspect,Square,Mars,Scorpio,"19°51'33.20""",Ketu,Leo,"19°57'57.29""",90,89.8933,0.1067
2025-11-24 05:30:00,Aspect,Trine,Jupiter,Cancer,"0°40'56.72""",Saturn,Pisces,"0°57'13.37""",120,119.7287,0.2713
2025-11-24 05:45:00,Aspect,Square,Mars,Scorpio,"19°52'00.77""",Rahu,Aquarius,"19°57'55.30""",90,90.0985,0.0985
2025-11-24 05:45:00,Aspect,Square,Mars,Scorpio,"19°52'00.77""",Ketu,Leo,"19°57'55.30""",90,89.9015,0.0985
2025-11-24 05:45:00,Aspect,Trine,Jupiter,Cancer,"0°40'55.19""",Saturn,Pisces,"0°57'13.08""",120,119.7284,0.2716
2025-11-24 06:00:00,Aspect,Square,Mars,Scorpio,"19°52'28.35""",Rahu,Aquarius,"19°57'53.32""",90,90.0903,0.0903
2025-11-24 06:00:00,Aspect,Square,Mars,Scorpio,"19°52'28.35""",Ketu,Leo,"19°57'53.32""",90,89.9097,0.0903
2025-11-24 06:00:00,Aspect,Trine,Jupiter,Cancer,"0°40'53.66""",Saturn,Pisces,"0°57'12.80""",120,119.728,0.272
2025-11-24 06:15:00,Aspect,Square,Mars,Scorpio,"19°52'55.92""",Rahu,Aquarius,"19°57'51.33""",90,90.0821,0.0821
2025-11-24 06:15:00,Aspect,Square,Mars,Scorpio,"19°52'55.92""",Ketu,Leo,"19°57'51.33""",90,89.9179,0.0821
2025-11-24 06:15:00,Aspect,Trine,Jupiter,Cancer,"0°40'52.12""",Saturn,Pisces,"0°57'12.52""",120,119.7277,0.2723
2025-11-24 06:30:00,Aspect,Square,Mars,Scorpio,"19°53'23.50""",Rahu,Aquarius,"19°57'49.34""",90,90.0738,0.0738
2025-11-24 06:30:00,Aspect,Square,Mars,Scorpio,"19°53'23.50""",Ketu,Leo,"19°57'49.34""",90,89.9262,0.0738
2025-11-24 06:30:00,Aspect,Trine,Jupiter,Cancer,"0°40'50.59""",Saturn,Pisces,"0°57'12.23""",120,119.7273,0.2727
2025-11-24 06:45:00,Aspect,Square,Mars,Scorpio,"19°53'51.07""",Rahu,Aquarius,"19°57'47.36""",90,90.0656,0.0656
2025-11-24 06:45:00,Aspect,Square,Mars,Scorpio,"19°53'51.07""",Ketu,Leo,"19°57'47.36""",90,89.9344,0.0656
2025-11-24 06:45:00,Aspect,Trine,Jupiter,Cancer,"0°40'49.05""",Saturn,Pisces,"0°57'11.95""",120,119.727,0.273
2025-11-24 07:00:00,Aspect,Square,Mars,Scorpio,"19°54'18.65""",Rahu,Aquarius,"19°57'45.37""",90,90.0574,0.0574
2025-11-24 07:00:00,Aspect,Square,Mars,Scorpio,"19°54'18.65""",Ketu,Leo,"19°57'45.37""",90,89.9426,0.0574
2025-11-24 07:00:00,Aspect,Trine,Jupiter,Cancer,"0°40'47.52""",Saturn,Pisces,"0°57'11.67""",120,119.7266,0.2734
2025-11-24 07:15:00,Aspect,Square,Mars,Scorpio,"19°54'46.22""",Rahu,Aquarius,"19°57'43.38""",90,90.0492,0.0492
2025-11-24 07:15:00,Aspect,Square,Mars,Scorpio,"19°54'46.22""",Ketu,Leo,"19°57'43.38""",90,89.9508,0.0492
2025-11-24 07:15:00,Aspect,Trine,Jupiter,Cancer,"0°40'45.98""",Saturn,Pisces,"0°57'11.39""",120,119.7263,0.2737
2025-11-24 07:30:00,Aspect,Square,Mars,Scorpio,"19°55'13.80""",Rahu,Aquarius,"19°57'41.39""",90,90.041,0.041
2025-11-24 07:30:00,Aspect,Square,Mars,Scorpio,"19°55'13.80""",Ketu,Leo,"19°57'41.39""",90,89.959,0.041
2025-11-24 07:30:00,Aspect,Trine,Jupiter,Cancer,"0°40'44.44""",Saturn,Pisces,"0°57'11.11""",120,119.7259,0.2741
2025-11-24 07:45:00,Aspect,Square,Mars,Scorpio,"19°55'41.37""",Rahu,Aquarius,"19°57'39.41""",90,90.0328,0.0328
2025-11-24 07:45:00,Aspect,Square,Mars,Scorpio,"19°55'41.37""",Ketu,Leo,"19°57'39.41""",90,89.9672,0.0328
2025-11-24 07:45:00,Aspect,Trine,Jupiter,Cancer,"0°40'42.90""",Saturn,Pisces,"0°57'10.83""",120,119.7256,0.2744
2025-11-24 08:00:00,Aspect,Square,Mars,Scorpio,"19°56'08.95""",Rahu,Aquarius,"19°57'37.42""",90,90.0246,0.0246
2025-11-24 08:00:00,Aspect,Square,Mars,Scorpio,"19°56'08.95""",Ketu,Leo,"19°57'37.42""",90,89.9754,0.0246
2025-11-24 08:00:00,Aspect,Trine,Jupiter,Cancer,"0°40'41.36""",Saturn,Pisces,"0°57'10.55""",120,119.7252,0.2748
2025-11-24 08:15:00,Aspect,Trine,Moon,Sagittarius,"19°00'24.40""",Ketu,Leo,"19°57'35.43""",120,119.0469,0.9531
2025-11-24 08:15:00,Aspect,Square,Mars,Scorpio,"19°56'36.53""",Rahu,Aquarius,"19°57'35.43""",90,90.0164,0.0164
2025-11-24 08:15:00,Aspect,Square,Mars,Scorpio,"19°56'36.53""",Ketu,Leo,"19°57'35.43""",90,89.9836,0.0164
2025-11-24 08:15:00,Aspect,Trine,Jupiter,Cancer,"0°40'39.81""",Saturn,Pisces,"0°57'10.27""",120,119.7249,0.2751
2025-11-24 08:30:00,Aspect,Trine,Moon,Sagittarius,"19°07'58.01""",Ketu,Leo,"19°57'33.45""",120,119.1735,0.8265
2025-11-24 08:30:00,Aspect,Square,Mars,Scorpio,"19°57'04.10""",Rahu,Aquarius,"19°57'33.45""",90,90.0082,0.0082
2025-11-24 08:30:00,Aspect,Square,Mars,Scorpio,"19°57'04.10""",Ketu,Leo,"19°57'33.45""",90,89.9918,0.0082
2025-11-24 08:30:00,Aspect,Trine,Jupiter,Cancer,"0°40'38.27""",Saturn,Pisces,"0°57'09.99""",120,119.7245,0.2755
2025-11-24 08:45:00,Aspect,Trine,Moon,Sagittarius,"19°15'31.67""",Ketu,Leo,"19°57'31.46""",120,119.3001,0.6999
2025-11-24 08:45:00,Aspect,Square,Mars,Scorpio,"19°57'31.68""",Rahu,Aquarius,"19°57'31.46""",90,89.9999,0.0001
2025-11-24 08:45:00,Aspect,Square,Mars,Scorpio,"19°57'31.68""",Ketu,Leo,"19°57'31.46""",90,90.0001,0.0001
2025-11-24 08:45:00,Aspect,Trine,Jupiter,Cancer,"0°40'36.72""",Saturn,Pisces,"0°57'09.72""",120,119.7242,0.2758
2025-11-24 09:00:00,Aspect,Trine,Moon,Sagittarius,"19°23'05.38""",Ketu,Leo,"19°57'29.47""",120,119.4266,0.5734
2025-11-24 09:00:00,Aspect,Square,Mars,Scorpio,"19°57'59.26""",Rahu,Aquarius,"19°57'29.47""",90,89.9917,0.0083
2025-11-24 09:00:00,Aspect,Square,Mars,Scorpio,"19°57'59.26""",Ketu,Leo,"19°57'29.47""",90,90.0083,0.0083
2025-11-24 09:00:00,Aspect,Trine,Jupiter,Cancer,"0°40'35.17""",Saturn,Pisces,"0°57'09.44""",120,119.7238,0.2762
2025-11-24 09:15:00,Aspect,Trine,Moon,Sagittarius,"19°30'39.14""",Ketu,Leo,"19°57'27.48""",120,119.5532,0.4468
2025-11-24 09:15:00,Aspect,Square,Mars,Scorpio,"19°58'26.84""",Rahu,Aquarius,"19°57'27.48""",90,89.9835,0.0165
2025-11-24 09:15:00,Aspect,Square,Mars,Scorpio,"19°58'26.84""",Ketu,Leo,"19°57'27.48""",90,90.0165,0.0165
2025-11-24 09:15:00,Aspect,Trine,Jupiter,Cancer,"0°40'33.63""",Saturn,Pisces,"0°57'09.16""",120,119.7235,0.2765
2025-11-24 09:30:00,Aspect,Trine,Moon,Sagittarius,"19°38'12.95""",Ketu,Leo,"19°57'25.50""",120,119.6798,0.3202
2025-11-24 09:30:00,Aspect,Square,Mars,Scorpio,"19°58'54.42""",Rahu,Aquarius,"19°57'25.50""",90,89.9753,0.0247
2025-11-24 09:30:00,Aspect,Square,Mars,Scorpio,"19°58'54.42""",Ketu,Leo,"19°57'25.50""",90,90.0247,0.0247
2025-11-24 09:30:00,Aspect,Trine,Jupiter,Cancer,"0°40'32.08""",Saturn,Pisces,"0°57'08.89""",120,119.7231,0.2769
2025-11-24 09:45:00,Aspect,Trine,Moon,Sagittarius,"19°45'46.81""",Ketu,Leo,"19°57'23.51""",120,119.8065,0.1935
2025-11-24 09:45:00,Aspect,Square,Mars,Scorpio,"19°59'22.00""",Rahu,Aquarius,"19°57'23.51""",90,89.9671,0.0329
2025-11-24 09:45:00,Aspect,Square,Mars,Scorpio,"19°59'22.00""",Ketu,Leo,"19°57'23.51""",90,90.0329,0.0329
2025-11-24 09:45:00,Aspect,Trine,Jupiter,Cancer,"0°40'30.53""",Saturn,Pisces,"0°57'08.61""",120,119.7228,0.2772
2025-11-24 10:00:00,Aspect,Trine,Moon,Sagittarius,"19°53'20.71""",Ketu,Leo,"19°57'21.52""",120,119.9331,0.0669
2025-11-24 10:00:00,Aspect,Square,Mars,Scorpio,"19°59'49.58""",Rahu,Aquarius,"19°57'21.52""",90,89.9589,0.0411
2025-11-24 10:00:00,Aspect,Square,Mars,Scorpio,"19°59'49.58""",Ketu,Leo,"19°57'21.52""",90,90.0411,0.0411
2025-11-24 10:00:00,Aspect,Trine,Jupiter,Cancer,"0°40'28.97""",Saturn,Pisces,"0°57'08.34""",120,119.7224,0.2776
2025-11-24 10:15:00,Aspect,Trine,Moon,Sagittarius,"20°00'54.67""",Ketu,Leo,"19°57'19.53""",120,120.0598,0.0598
2025-11-24 10:15:00,Aspect,Square,Mars,Scorpio,"20°00'17.16""",Rahu,Aquarius,"19°57'19.53""",90,89.9507,0.0493
2025-11-24 10:15:00,Aspect,Square,Mars,Scorpio,"20°00'17.16""",Ketu,Leo,"19°57'19.53""",90,90.0493,0.0493
2025-11-24 10:15:00,Aspect,Trine,Jupiter,Cancer,"0°40'27.42""",Saturn,Pisces,"0°57'08.07""",120,119.722,0.278
2025-11-24 10:30:00,Aspect,Trine,Moon,Sagittarius,"20°08'28.67""",Ketu,Leo,"19°57'17.55""",120,120.1864,0.1864
2025-11-24 10:30:00,Aspect,Square,Mars,Scorpio,"20°00'44.74""",Rahu,Aquarius,"19°57'17.55""",90,89.9424,0.0576
2025-11-24 10:30:00,Aspect,Square,Mars,Scorpio,"20°00'44.74""",Ketu,Leo,"19°57'17.55""",90,90.0576,0.0576
2025-11-24 10:30:00,Aspect,Trine,Jupiter,Cancer,"0°40'25.87""",Saturn,Pisces,"0°57'07.80""",120,119.7217,0.2783
2025-11-24 10:45:00,Aspect,Trine,Moon,Sagittarius,"20°16'02.72""",Ketu,Leo,"19°57'15.56""",120,120.3131,0.3131
2025-11-24 10:45:00,Aspect,Square,Mars,Scorpio,"20°01'12.32""",Rahu,Aquarius,"19°57'15.56""",90,89.9342,0.0658
2025-11-24 10:45:00,Aspect,Square,Mars,Scorpio,"20°01'12.32""",Ketu,Leo,"19°57'15.56""",90,90.0658,0.0658
2025-11-24 10:45:00,Aspect,Trine,Jupiter,Cancer,"0°40'24.31""",Saturn,Pisces,"0°57'07.53""",120,119.7213,0.2787
2025-11-24 11:00:00,Aspect,Trine,Moon,Sagittarius,"20°23'36.82""",Ketu,Leo,"19°57'13.57""",120,120.4398,0.4398
2025-11-24 11:00:00,Aspect,Square,Mars,Scorpio,"20°01'39.90""",Rahu,Aquarius,"19°57'13.57""",90,89.926,0.074
2025-11-24 11:00:00,Aspect,Square,Mars,Scorpio,"20°01'39.90""",Ketu,Leo,"19°57'13.57""",90,90.074,0.074
2025-11-24 11:00:00,Aspect,Trine,Jupiter,Cancer,"0°40'22.75""",Saturn,Pisces,"0°57'07.26""",120,119.721,0.279
2025-11-24 11:15:00,Aspect,Trine,Moon,Sagittarius,"20°31'10.98""",Ketu,Leo,"19°57'11.59""",120,120.5665,0.5665
2025-11-24 11:15:00,Aspect,Square,Mars,Scorpio,"20°02'07.48""",Rahu,Aquarius,"19°57'11.59""",90,89.9178,0.0822
2025-11-24 11:15:00,Aspect,Square,Mars,Scorpio,"20°02'07.48""",Ketu,Leo,"19°57'11.59""",90,90.0822,0.0822
2025-11-24 11:15:00,Aspect,Trine,Jupiter,Cancer,"0°40'21.19""",Saturn,Pisces,"0°57'06.99""",120,119.7206,0.2794
2025-11-24 11:30:00,Aspect,Trine,Moon,Sagittarius,"20°38'45.18""",Ketu,Leo,"19°57'09.60""",120,120.6932,0.6932
2025-11-24 11:30:00,Aspect,Square,Mars,Scorpio,"20°02'35.06""",Rahu,Aquarius,"19°57'09.60""",90,89.9096,0.0904
2025-11-24 11:30:00,Aspect,Square,Mars,Scorpio,"20°02'35.06""",Ketu,Leo,"19°57'09.60""",90,90.0904,0.0904
2025-11-24 11:30:00,Aspect,Trine,Jupiter,Cancer,"0°40'19.63""",Saturn,Pisces,"0°57'06.72""",120,119.7203,0.2797
2025-11-24 11:45:00,Aspect,Trine,Moon,Sagittarius,"20°46'19.43""",Ketu,Leo,"19°57'07.61""",120,120.82,0.82
2025-11-24 11:45:00,Aspect,Square,Mars,Scorpio,"20°03'02.64""",Rahu,Aquarius,"19°57'07.61""",90,89.9014,0.0986
2025-11-24 11:45:00,Aspect,Square,Mars,Scorpio,"20°03'02.64""",Ketu,Leo,"19°57'07.61""",90,90.0986,0.0986
2025-11-24 11:45:00,Aspect,Trine,Jupiter,Cancer,"0°40'18.07""",Saturn,Pisces,"0°57'06.45""",120,119.7199,0.2801
2025-11-24 12:00:00,Aspect,Trine,Moon,Sagittarius,"20°53'53.74""",Ketu,Leo,"19°57'05.62""",120,120.9467,0.9467
2025-11-24 12:00:00,Aspect,Square,Mars,Scorpio,"20°03'30.23""",Rahu,Aquarius,"19°57'05.62""",90,89.8932,0.1068
2025-11-24 12:00:00,Aspect,Square,Mars,Scorpio,"20°03'30.23""",Ketu,Leo,"19°57'05.62""",90,90.1068,0.1068
2025-11-24 12:00:00,Aspect,Trine,Jupiter,Cancer,"0°40'16.51""",Saturn,Pisces,"0°57'06.18""",120,119.7195,0.2805
2025-11-24 12:15:00,Aspect,Square,Mars,Scorpio,"20°03'57.81""",Rahu,Aquarius,"19°57'03.64""",90,89.885,0.115
2025-11-24 12:15:00,Aspect,Square,Mars,Scorpio,"20°03'57.81""",Ketu,Leo,"19°57'03.64""",90,90.115,0.115
2025-11-24 12:15:00,Aspect,Trine,Jupiter,Cancer,"0°40'14.95""",Saturn,Pisces,"0°57'05.91""",120,119.7192,0.2808
2025-11-24 12:30:00,Aspect,Square,Mars,Scorpio,"20°04'25.39""",Rahu,Aquarius,"19°57'01.65""",90,89.8767,0.1233
2025-11-24 12:30:00,Aspect,Square,Mars,Scorpio,"20°04'25.39""",Ketu,Leo,"19°57'01.65""",90,90.1233,0.1233
2025-11-24 12:30:00,Aspect,Trine,Jupiter,Cancer,"0°40'13.38""",Saturn,Pisces,"0°57'05.65""",120,119.7188,0.2812
2025-11-24 12:45:00,Aspect,Square,Mars,Scorpio,"20°04'52.98""",Rahu,Aquarius,"19°56'59.66""",90,89.8685,0.1315
2025-11-24 12:45:00,Aspect,Square,Mars,Scorpio,"20°04'52.98""",Ketu,Leo,"19°56'59.66""",90,90.1315,0.1315
2025-11-24 12:45:00,Aspect,Trine,Jupiter,Cancer,"0°40'11.82""",Saturn,Pisces,"0°57'05.38""",120,119.7185,0.2815
2025-11-24 13:00:00,Aspect,Square,Mars,Scorpio,"20°05'20.56""",Rahu,Aquarius,"19°56'57.68""",90,89.8603,0.1397
2025-11-24 13:00:00,Aspect,Square,Mars,Scorpio,"20°05'20.56""",Ketu,Leo,"19°56'57.68""",90,90.1397,0.1397
2025-11-24 13:00:00,Aspect,Trine,Jupiter,Cancer,"0°40'10.25""",Saturn,Pisces,"0°57'05.12""",120,119.7181,0.2819
2025-11-24 13:15:00,Aspect,Square,Mars,Scorpio,"20°05'48.14""",Rahu,Aquarius,"19°56'55.69""",90,89.8521,0.1479
2025-11-24 13:15:00,Aspect,Square,Mars,Scorpio,"20°05'48.14""",Ketu,Leo,"19°56'55.69""",90,90.1479,0.1479
2025-11-24 13:15:00,Aspect,Trine,Jupiter,Cancer,"0°40'08.68""",Saturn,Pisces,"0°57'04.85""",120,119.7177,0.2823
2025-11-24 13:30:00,Aspect,Square,Mars,Scorpio,"20°06'15.73""",Rahu,Aquarius,"19°56'53.70""",90,89.8439,0.1561
2025-11-24 13:30:00,Aspect,Square,Mars,Scorpio,"20°06'15.73""",Ketu,Leo,"19°56'53.70""",90,90.1561,0.1561
2025-11-24 13:30:00,Aspect,Trine,Jupiter,Cancer,"0°40'07.11""",Saturn,Pisces,"0°57'04.59""",120,119.7174,0.2826
2025-11-24 13:45:00,Aspect,Square,Mars,Scorpio,"20°06'43.31""",Rahu,Aquarius,"19°56'51.71""",90,89.8357,0.1643
2025-11-24 13:45:00,Aspect,Square,Mars,Scorpio,"20°06'43.31""",Ketu,Leo,"19°56'51.71""",90,90.1643,0.1643
2025-11-24 13:45:00,Aspect,Trine,Jupiter,Cancer,"0°40'05.54""",Saturn,Pisces,"0°57'04.32""",120,119.717,0.283
2025-11-24 14:00:00,Aspect,Square,Mars,Scorpio,"20°07'10.90""",Rahu,Aquarius,"19°56'49.73""",90,89.8275,0.1725
2025-11-24 14:00:00,Aspect,Square,Mars,Scorpio,"20°07'10.90""",Ketu,Leo,"19°56'49.73""",90,90.1725,0.1725
2025-11-24 14:00:00,Aspect,Trine,Jupiter,Cancer,"0°40'03.97""",Saturn,Pisces,"0°57'04.06""",120,119.7166,0.2834
2025-11-24 14:15:00,Aspect,Square,Mars,Scorpio,"20°07'38.49""",Rahu,Aquarius,"19°56'47.74""",90,89.8192,0.1808
2025-11-24 14:15:00,Aspect,Square,Mars,Scorpio,"20°07'38.49""",Ketu,Leo,"19°56'47.74""",90,90.1808,0.1808
2025-11-24 14:15:00,Aspect,Trine,Jupiter,Cancer,"0°40'02.39""",Saturn,Pisces,"0°57'03.80""",120,119.7163,0.2837
2025-11-24 14:30:00,Aspect,Square,Mars,Scorpio,"20°08'06.07""",Rahu,Aquarius,"19°56'45.75""",90,89.811,0.189
2025-11-24 14:30:00,Aspect,Square,Mars,Scorpio,"20°08'06.07""",Ketu,Leo,"19°56'45.75""",90,90.189,0.189
2025-11-24 14:30:00,Aspect,Trine,Jupiter,Cancer,"0°40'00.82""",Saturn,Pisces,"0°57'03.54""",120,119.7159,0.2841
2025-11-24 14:45:00,Aspect,Square,Mars,Scorpio,"20°08'33.66""",Rahu,Aquarius,"19°56'43.77""",90,89.8028,0.1972
2025-11-24 14:45:00,Aspect,Square,Mars,Scorpio,"20°08'33.66""",Ketu,Leo,"19°56'43.77""",90,90.1972,0.1972
2025-11-24 14:45:00,Aspect,Trine,Jupiter,Cancer,"0°39'59.24""",Saturn,Pisces,"0°57'03.28""",120,119.7155,0.2845
2025-11-24 15:00:00,Aspect,Square,Mars,Scorpio,"20°09'01.24""",Rahu,Aquarius,"19°56'41.78""",90,89.7946,0.2054
2025-11-24 15:00:00,Aspect,Square,Mars,Scorpio,"20°09'01.24""",Ketu,Leo,"19°56'41.78""",90,90.2054,0.2054
2025-11-24 15:00:00,Aspect,Trine,Jupiter,Cancer,"0°39'57.66""",Saturn,Pisces,"0°57'03.02""",120,119.7152,0.2848
2025-11-24 15:15:00,Aspect,Square,Mars,Scorpio,"20°09'28.83""",Rahu,Aquarius,"19°56'39.79""",90,89.7864,0.2136
2025-11-24 15:15:00,Aspect,Square,Mars,Scorpio,"20°09'28.83""",Ketu,Leo,"19°56'39.79""",90,90.2136,0.2136
2025-11-24 15:15:00,Aspect,Trine,Jupiter,Cancer,"0°39'56.08""",Saturn,Pisces,"0°57'02.76""",120,119.7148,0.2852
2025-11-24 15:30:00,Aspect,Square,Mars,Scorpio,"20°09'56.42""",Rahu,Aquarius,"19°56'37.80""",90,89.7782,0.2218
2025-11-24 15:30:00,Aspect,Square,Mars,Scorpio,"20°09'56.42""",Ketu,Leo,"19°56'37.80""",90,90.2218,0.2218
2025-11-24 15:30:00,Aspect,Trine,Jupiter,Cancer,"0°39'54.50""",Saturn,Pisces,"0°57'02.50""",120,119.7144,0.2856
2025-11-24 15:45:00,Aspect,Square,Mars,Scorpio,"20°10'24.01""",Rahu,Aquarius,"19°56'35.82""",90,89.7699,0.2301
2025-11-24 15:45:00,Aspect,Square,Mars,Scorpio,"20°10'24.01""",Ketu,Leo,"19°56'35.82""",90,90.2301,0.2301
2025-11-24 15:45:00,Aspect,Trine,Jupiter,Cancer,"0°39'52.92""",Saturn,Pisces,"0°57'02.25""",120,119.7141,0.2859
2025-11-24 16:00:00,Aspect,Square,Mars,Scorpio,"20°10'51.59""",Rahu,Aquarius,"19°56'33.83""",90,89.7617,0.2383
2025-11-24 16:00:00,Aspect,Square,Mars,Scorpio,"20°10'51.59""",Ketu,Leo,"19°56'33.83""",90,90.2383,0.2383
2025-11-24 16:00:00,Aspect,Trine,Jupiter,Cancer,"0°39'51.34""",Saturn,Pisces,"0°57'01.99""",120,119.7137,0.2863
2025-11-24 16:15:00,Aspect,Square,Mars,Scorpio,"20°11'19.18""",Rahu,Aquarius,"19°56'31.84""",90,89.7535,0.2465
2025-11-24 16:15:00,Aspect,Square,Mars,Scorpio,"20°11'19.18""",Ketu,Leo,"19°56'31.84""",90,90.2465,0.2465
2025-11-24 16:15:00,Aspect,Trine,Jupiter,Cancer,"0°39'49.76""",Saturn,Pisces,"0°57'01.73""",120,119.7133,0.2867
2025-11-24 16:30:00,Aspect,Square,Mars,Scorpio,"20°11'46.77""",Rahu,Aquarius,"19°56'29.85""",90,89.7453,0.2547
2025-11-24 16:30:00,Aspect,Square,Mars,Scorpio,"20°11'46.77""",Ketu,Leo,"19°56'29.85""",90,90.2547,0.2547
2025-11-24 16:30:00,Aspect,Trine,Jupiter,Cancer,"0°39'48.17""",Saturn,Pisces,"0°57'01.48""",120,119.713,0.287
2025-11-24 16:45:00,Aspect,Square,Mars,Scorpio,"20°12'14.36""",Rahu,Aquarius,"19°56'27.87""",90,89.7371,0.2629
2025-11-24 16:45:00,Aspect,Square,Mars,Scorpio,"20°12'14.36""",Ketu,Leo,"19°56'27.87""",90,90.2629,0.2629
2025-11-24 16:45:00,Aspect,Trine,Jupiter,Cancer,"0°39'46.58""",Saturn,Pisces,"0°57'01.22""",120,119.7126,0.2874
2025-11-24 17:00:00,Aspect,Square,Mars,Scorpio,"20°12'41.95""",Rahu,Aquarius,"19°56'25.88""",90,89.7289,0.2711
2025-11-24 17:00:00,Aspect,Square,Mars,Scorpio,"20°12'41.95""",Ketu,Leo,"19°56'25.88""",90,90.2711,0.2711
2025-11-24 17:00:00,Aspect,Trine,Jupiter,Cancer,"0°39'45.00""",Saturn,Pisces,"0°57'00.97""",120,119.7122,0.2878
2025-11-24 17:15:00,Aspect,Square,Mars,Scorpio,"20°13'09.54""",Rahu,Aquarius,"19°56'23.89""",90,89.7207,0.2793
2025-11-24 17:15:00,Aspect,Square,Mars,Scorpio,"20°13'09.54""",Ketu,Leo,"19°56'23.89""",90,90.2793,0.2793
2025-11-24 17:15:00,Aspect,Trine,Jupiter,Cancer,"0°39'43.41""",Saturn,Pisces,"0°57'00.72""",120,119.7119,0.2881
2025-11-24 17:30:00,Aspect,Square,Mars,Scorpio,"20°13'37.13""",Rahu,Aquarius,"19°56'21.91""",90,89.7124,0.2876
2025-11-24 17:30:00,Aspect,Square,Mars,Scorpio,"20°13'37.13""",Ketu,Leo,"19°56'21.91""",90,90.2876,0.2876
2025-11-24 17:30:00,Aspect,Trine,Jupiter,Cancer,"0°39'41.82""",Saturn,Pisces,"0°57'00.47""",120,119.7115,0.2885
2025-11-24 17:45:00,Aspect,Square,Mars,Scorpio,"20°14'04.72""",Rahu,Aquarius,"19°56'19.92""",90,89.7042,0.2958
2025-11-24 17:45:00,Aspect,Square,Mars,Scorpio,"20°14'04.72""",Ketu,Leo,"19°56'19.92""",90,90.2958,0.2958
2025-11-24 17:45:00,Aspect,Trine,Jupiter,Cancer,"0°39'40.23""",Saturn,Pisces,"0°57'00.21""",120,119.7111,0.2889
2025-11-24 18:00:00,Aspect,Square,Mars,Scorpio,"20°14'32.31""",Rahu,Aquarius,"19°56'17.93""",90,89.696,0.304
2025-11-24 18:00:00,Aspect,Square,Mars,Scorpio,"20°14'32.31""",Ketu,Leo,"19°56'17.93""",90,90.304,0.304
2025-11-24 18:00:00,Aspect,Trine,Jupiter,Cancer,"0°39'38.63""",Saturn,Pisces,"0°56'59.96""",120,119.7107,0.2893
2025-11-24 18:15:00,Aspect,Square,Mars,Scorpio,"20°14'59.90""",Rahu,Aquarius,"19°56'15.94""",90,89.6878,0.3122
2025-11-24 18:15:00,Aspect,Square,Mars,Scorpio,"20°14'59.90""",Ketu,Leo,"19°56'15.94""",90,90.3122,0.3122
2025-11-24 18:15:00,Aspect,Trine,Jupiter,Cancer,"0°39'37.04""",Saturn,Pisces,"0°56'59.71""",120,119.7104,0.2896
2025-11-24 18:30:00,Aspect,Square,Mars,Scorpio,"20°15'27.50""",Rahu,Aquarius,"19°56'13.96""",90,89.6796,0.3204
2025-11-24 18:30:00,Aspect,Square,Mars,Scorpio,"20°15'27.50""",Ketu,Leo,"19°56'13.96""",90,90.3204,0.3204
2025-11-24 18:30:00,Aspect,Trine,Jupiter,Cancer,"0°39'35.44""",Saturn,Pisces,"0°56'59.46""",120,119.71,0.29
2025-11-24 18:45:00,Aspect,Square,Mars,Scorpio,"20°15'55.09""",Rahu,Aquarius,"19°56'11.97""",90,89.6714,0.3286
2025-11-24 18:45:00,Aspect,Square,Mars,Scorpio,"20°15'55.09""",Ketu,Leo,"19°56'11.97""",90,90.3286,0.3286
2025-11-24 18:45:00,Aspect,Trine,Jupiter,Cancer,"0°39'33.85""",Saturn,Pisces,"0°56'59.21""",120,119.7096,0.2904
2025-11-24 19:00:00,Aspect,Square,Mars,Scorpio,"20°16'22.68""",Rahu,Aquarius,"19°56'09.98""",90,89.6631,0.3369
2025-11-24 19:00:00,Aspect,Square,Mars,Scorpio,"20°16'22.68""",Ketu,Leo,"19°56'09.98""",90,90.3369,0.3369
2025-11-24 19:00:00,Aspect,Trine,Jupiter,Cancer,"0°39'32.25""",Saturn,Pisces,"0°56'58.97""",120,119.7092,0.2908
2025-11-24 19:15:00,Aspect,Square,Mars,Scorpio,"20°16'50.27""",Rahu,Aquarius,"19°56'08.00""",90,89.6549,0.3451
2025-11-24 19:15:00,Aspect,Square,Mars,Scorpio,"20°16'50.27""",Ketu,Leo,"19°56'08.00""",90,90.3451,0.3451
2025-11-24 19:15:00,Aspect,Trine,Jupiter,Cancer,"0°39'30.65""",Saturn,Pisces,"0°56'58.72""",120,119.7089,0.2911
2025-11-24 19:30:00,Aspect,Square,Mars,Scorpio,"20°17'17.87""",Rahu,Aquarius,"19°56'06.01""",90,89.6467,0.3533
2025-11-24 19:30:00,Aspect,Square,Mars,Scorpio,"20°17'17.87""",Ketu,Leo,"19°56'06.01""",90,90.3533,0.3533
2025-11-24 19:30:00,Aspect,Trine,Jupiter,Cancer,"0°39'29.05""",Saturn,Pisces,"0°56'58.47""",120,119.7085,0.2915
2025-11-24 19:45:00,Aspect,Square,Mars,Scorpio,"20°17'45.46""",Rahu,Aquarius,"19°56'04.02""",90,89.6385,0.3615
2025-11-24 19:45:00,Aspect,Square,Mars,Scorpio,"20°17'45.46""",Ketu,Leo,"19°56'04.02""",90,90.3615,0.3615
2025-11-24 19:45:00,Aspect,Trine,Jupiter,Cancer,"0°39'27.45""",Saturn,Pisces,"0°56'58.23""",120,119.7081,0.2919
2025-11-24 20:00:00,Aspect,Square,Mars,Scorpio,"20°18'13.05""",Rahu,Aquarius,"19°56'02.03""",90,89.6303,0.3697
2025-11-24 20:00:00,Aspect,Square,Mars,Scorpio,"20°18'13.05""",Ketu,Leo,"19°56'02.03""",90,90.3697,0.3697
2025-11-24 20:00:00,Aspect,Trine,Jupiter,Cancer,"0°39'25.84""",Saturn,Pisces,"0°56'57.98""",120,119.7077,0.2923
2025-11-24 20:15:00,Aspect,Square,Mars,Scorpio,"20°18'40.65""",Rahu,Aquarius,"19°56'00.05""",90,89.6221,0.3779
2025-11-24 20:15:00,Aspect,Square,Mars,Scorpio,"20°18'40.65""",Ketu,Leo,"19°56'00.05""",90,90.3779,0.3779
2025-11-24 20:15:00,Aspect,Trine,Jupiter,Cancer,"0°39'24.24""",Saturn,Pisces,"0°56'57.74""",120,119.7074,0.2926
2025-11-24 20:30:00,Aspect,Square,Mars,Scorpio,"20°19'08.24""",Rahu,Aquarius,"19°55'58.06""",90,89.6138,0.3862
2025-11-24 20:30:00,Aspect,Square,Mars,Scorpio,"20°19'08.24""",Ketu,Leo,"19°55'58.06""",90,90.3862,0.3862
2025-11-24 20:30:00,Aspect,Trine,Jupiter,Cancer,"0°39'22.63""",Saturn,Pisces,"0°56'57.49""",120,119.707,0.293
2025-11-24 20:45:00,Aspect,Square,Mars,Scorpio,"20°19'35.84""",Rahu,Aquarius,"19°55'56.07""",90,89.6056,0.3944
2025-11-24 20:45:00,Aspect,Square,Mars,Scorpio,"20°19'35.84""",Ketu,Leo,"19°55'56.07""",90,90.3944,0.3944
2025-11-24 20:45:00,Aspect,Trine,Jupiter,Cancer,"0°39'21.03""",Saturn,Pisces,"0°56'57.25""",120,119.7066,0.2934
2025-11-24 21:00:00,Aspect,Square,Mars,Scorpio,"20°20'03.43""",Rahu,Aquarius,"19°55'54.09""",90,89.5974,0.4026
2025-11-24 21:00:00,Aspect,Square,Mars,Scorpio,"20°20'03.43""",Ketu,Leo,"19°55'54.09""",90,90.4026,0.4026
2025-11-24 21:00:00,Aspect,Trine,Jupiter,Cancer,"0°39'19.42""",Saturn,Pisces,"0°56'57.01""",120,119.7062,0.2938
2025-11-24 21:15:00,Aspect,Square,Mars,Scorpio,"20°20'31.03""",Rahu,Aquarius,"19°55'52.10""",90,89.5892,0.4108
2025-11-24 21:15:00,Aspect,Square,Mars,Scorpio,"20°20'31.03""",Ketu,Leo,"19°55'52.10""",90,90.4108,0.4108
2025-11-24 21:15:00,Aspect,Trine,Jupiter,Cancer,"0°39'17.81""",Saturn,Pisces,"0°56'56.76""",120,119.7058,0.2942
2025-11-24 21:30:00,Aspect,Square,Mars,Scorpio,"20°20'58.63""",Rahu,Aquarius,"19°55'50.11""",90,89.581,0.419
2025-11-24 21:30:00,Aspect,Square,Mars,Scorpio,"20°20'58.63""",Ketu,Leo,"19°55'50.11""",90,90.419,0.419
2025-11-24 21:30:00,Aspect,Trine,Jupiter,Cancer,"0°39'16.20""",Saturn,Pisces,"0°56'56.52""",120,119.7055,0.2945
2025-11-24 21:45:00,Aspect,Square,Mars,Scorpio,"20°21'26.22""",Rahu,Aquarius,"19°55'48.12""",90,89.5728,0.4272
2025-11-24 21:45:00,Aspect,Square,Mars,Scorpio,"20°21'26.22""",Ketu,Leo,"19°55'48.12""",90,90.4272,0.4272
2025-11-24 21:45:00,Aspect,Trine,Jupiter,Cancer,"0°39'14.59""",Saturn,Pisces,"0°56'56.28""",120,119.7051,0.2949
2025-11-24 22:00:00,Aspect,Conjunction,Mercury,Libra,"28°56'53.51""",Venus,Libra,"27°57'52.82""",0,0.9835,0.9835
2025-11-24 22:00:00,Aspect,Square,Mars,Scorpio,"20°21'53.82""",Rahu,Aquarius,"19°55'46.14""",90,89.5645,0.4355
2025-11-24 22:00:00,Aspect,Square,Mars,Scorpio,"20°21'53.82""",Ketu,Leo,"19°55'46.14""",90,90.4355,0.4355
2025-11-24 22:00:00,Aspect,Trine,Jupiter,Cancer,"0°39'12.97""",Saturn,Pisces,"0°56'56.04""",120,119.7047,0.2953
2025-11-24 22:15:00,Aspect,Conjunction,Mercury,Libra,"28°56'17.72""",Venus,Libra,"27°58'39.94""",0,0.9605,0.9605
2025-11-24 22:15:00,Aspect,Square,Mars,Scorpio,"20°22'21.42""",Rahu,Aquarius,"19°55'44.15""",90,89.5563,0.4437
2025-11-24 22:15:00,Aspect,Square,Mars,Scorpio,"20°22'21.42""",Ketu,Leo,"19°55'44.15""",90,90.4437,0.4437
2025-11-24 22:15:00,Aspect,Trine,Jupiter,Cancer,"0°39'11.36""",Saturn,Pisces,"0°56'55.80""",120,119.7043,0.2957
2025-11-24 22:30:00,Aspect,Conjunction,Mercury,Libra,"28°55'42.00""",Venus,Libra,"27°59'27.06""",0,0.9375,0.9375
2025-11-24 22:30:00,Aspect,Square,Mars,Scorpio,"20°22'49.01""",Rahu,Aquarius,"19°55'42.16""",90,89.5481,0.4519
2025-11-24 22:30:00,Aspect,Square,Mars,Scorpio,"20°22'49.01""",Ketu,Leo,"19°55'42.16""",90,90.4519,0.4519
2025-11-24 22:30:00,Aspect,Trine,Jupiter,Cancer,"0°39'09.74""",Saturn,Pisces,"0°56'55.56""",120,119.7039,0.2961
2025-11-24 22:45:00,Aspect,Conjunction,Mercury,Libra,"28°55'06.35""",Venus,Libra,"28°00'14.18""",0,0.9145,0.9145
2025-11-24 22:45:00,Aspect,Square,Mars,Scorpio,"20°23'16.61""",Rahu,Aquarius,"19°55'40.17""",90,89.5399,0.4601
2025-11-24 22:45:00,Aspect,Square,Mars,Scorpio,"20°23'16.61""",Ketu,Leo,"19°55'40.17""",90,90.4601,0.4601
2025-11-24 22:45:00,Aspect,Trine,Jupiter,Cancer,"0°39'08.13""",Saturn,Pisces,"0°56'55.33""",120,119.7036,0.2964
2025-11-24 23:00:00,Aspect,Conjunction,Mercury,Libra,"28°54'30.75""",Venus,Libra,"28°01'01.31""",0,0.8915,0.8915
2025-11-24 23:00:00,Aspect,Square,Mars,Scorpio,"20°23'44.21""",Rahu,Aquarius,"19°55'38.19""",90,89.5317,0.4683
2025-11-24 23:00:00,Aspect,Square,Mars,Scorpio,"20°23'44.21""",Ketu,Leo,"19°55'38.19""",90,90.4683,0.4683
2025-11-24 23:00:00,Aspect,Trine,Jupiter,Cancer,"0°39'06.51""",Saturn,Pisces,"0°56'55.09""",120,119.7032,0.2968
2025-11-24 23:15:00,Aspect,Conjunction,Mercury,Libra,"28°53'55.23""",Venus,Libra,"28°01'48.43""",0,0.8686,0.8686
2025-11-24 23:15:00,Aspect,Square,Mars,Scorpio,"20°24'11.81""",Rahu,Aquarius,"19°55'36.20""",90,89.5234,0.4766
2025-11-24 23:15:00,Aspect,Square,Mars,Scorpio,"20°24'11.81""",Ketu,Leo,"19°55'36.20""",90,90.4766,0.4766
2025-11-24 23:15:00,Aspect,Trine,Jupiter,Cancer,"0°39'04.89""",Saturn,Pisces,"0°56'54.85""",120,119.7028,0.2972
2025-11-24 23:30:00,Aspect,Conjunction,Mercury,Libra,"28°53'19.77""",Venus,Libra,"28°02'35.55""",0,0.8456,0.8456
2025-11-24 23:30:00,Aspect,Square,Mars,Scorpio,"20°24'39.41""",Rahu,Aquarius,"19°55'34.21""",90,89.5152,0.4848
2025-11-24 23:30:00,Aspect,Square,Mars,Scorpio,"20°24'39.41""",Ketu,Leo,"19°55'34.21""",90,90.4848,0.4848
2025-11-24 23:30:00,Aspect,Trine,Jupiter,Cancer,"0°39'03.27""",Saturn,Pisces,"0°56'54.62""",120,119.7024,0.2976
2025-11-24 23:45:00,Aspect,Conjunction,Mercury,Libra,"28°52'44.37""",Venus,Libra,"28°03'22.67""",0,0.8227,0.8227
2025-11-24 23:45:00,Aspect,Square,Mars,Scorpio,"20°25'07.01""",Rahu,Aquarius,"19°55'32.23""",90,89.507,0.493
2025-11-24 23:45:00,Aspect,Square,Mars,Scorpio,"20°25'07.01""",Ketu,Leo,"19°55'32.23""",90,90.493,0.493
2025-11-24 23:45:00,Aspect,Trine,Jupiter,Cancer,"0°39'01.65""",Saturn,Pisces,"0°56'54.38""",120,119.702,0.298
2025-11-25 00:00:00,Aspect,Conjunction,Mercury,Libra,"28°52'09.05""",Venus,Libra,"28°04'09.80""",0,0.7998,0.7998
2025-11-25 00:00:00,Aspect,Square,Mars,Scorpio,"20°25'34.60""",Rahu,Aquarius,"19°55'30.24""",90,89.4988,0.5012
2025-11-25 00:00:00,Aspect,Square,Mars,Scorpio,"20°25'34.60""",Ketu,Leo,"19°55'30.24""",90,90.5012,0.5012
2025-11-25 00:00:00,Aspect,Trine,Jupiter,Cancer,"0°39'00.02""",Saturn,Pisces,"0°56'54.15""",120,119.7016,0.2984
2025-11-25 00:15:00,Aspect,Conjunction,Mercury,Libra,"28°51'33.78""",Venus,Libra,"28°04'56.92""",0,0.7769,0.7769
2025-11-25 00:15:00,Aspect,Square,Mars,Scorpio,"20°26'02.20""",Rahu,Aquarius,"19°55'28.25""",90,89.4906,0.5094
2025-11-25 00:15:00,Aspect,Square,Mars,Scorpio,"20°26'02.20""",Ketu,Leo,"19°55'28.25""",90,90.5094,0.5094
2025-11-25 00:15:00,Aspect,Trine,Jupiter,Cancer,"0°38'58.40""",Saturn,Pisces,"0°56'53.92""",120,119.7012,0.2988
2025-11-25 00:30:00,Aspect,Conjunction,Mercury,Libra,"28°50'58.58""",Venus,Libra,"28°05'44.04""",0,0.754,0.754
2025-11-25 00:30:00,Aspect,Square,Mars,Scorpio,"20°26'29.81""",Rahu,Aquarius,"19°55'26.26""",90,89.4823,0.5177
2025-11-25 00:30:00,Aspect,Square,Mars,Scorpio,"20°26'29.81""",Ketu,Leo,"19°55'26.26""",90,90.5177,0.5177
2025-11-25 00:30:00,Aspect,Trine,Jupiter,Cancer,"0°38'56.77""",Saturn,Pisces,"0°56'53.68""",120,119.7009,0.2991
2025-11-25 00:45:00,Aspect,Conjunction,Mercury,Libra,"28°50'23.45""",Venus,Libra,"28°06'31.16""",0,0.7312,0.7312
2025-11-25 00:45:00,Aspect,Square,Mars,Scorpio,"20°26'57.41""",Rahu,Aquarius,"19°55'24.28""",90,89.4741,0.5259
2025-11-25 00:45:00,Aspect,Square,Mars,Scorpio,"20°26'57.41""",Ketu,Leo,"19°55'24.28""",90,90.5259,0.5259
2025-11-25 00:45:00,Aspect,Trine,Jupiter,Cancer,"0°38'55.15""",Saturn,Pisces,"0°56'53.45""",120,119.7005,0.2995
2025-11-25 01:00:00,Aspect,Conjunction,Mercury,Libra,"28°49'48.39""",Venus,Libra,"28°07'18.29""",0,0.7084,0.7084
2025-11-25 01:00:00,Aspect,Square,Mars,Scorpio,"20°27'25.01""",Rahu,Aquarius,"19°55'22.29""",90,89.4659,0.5341
2025-11-25 01:00:00,Aspect,Square,Mars,Scorpio,"20°27'25.01""",Ketu,Leo,"19°55'22.29""",90,90.5341,0.5341
2025-11-25 01:00:00,Aspect,Trine,Jupiter,Cancer,"0°38'53.52""",Saturn,Pisces,"0°56'53.22""",120,119.7001,0.2999
2025-11-25 01:15:00,Aspect,Conjunction,Mercury,Libra,"28°49'13.38""",Venus,Libra,"28°08'05.41""",0,0.6855,0.6855
2025-11-25 01:15:00,Aspect,Square,Mars,Scorpio,"20°27'52.61""",Rahu,Aquarius,"19°55'20.30""",90,89.4577,0.5423
2025-11-25 01:15:00,Aspect,Square,Mars,Scorpio,"20°27'52.61""",Ketu,Leo,"19°55'20.30""",90,90.5423,0.5423
2025-11-25 01:15:00,Aspect,Trine,Jupiter,Cancer,"0°38'51.89""",Saturn,Pisces,"0°56'52.99""",120,119.6997,0.3003
2025-11-25 01:30:00,Aspect,Conjunction,Mercury,Libra,"28°48'38.45""",Venus,Libra,"28°08'52.53""",0,0.6628,0.6628
2025-11-25 01:30:00,Aspect,Square,Mars,Scorpio,"20°28'20.21""",Rahu,Aquarius,"19°55'18.32""",90,89.4495,0.5505
2025-11-25 01:30:00,Aspect,Square,Mars,Scorpio,"20°28'20.21""",Ketu,Leo,"19°55'18.32""",90,90.5505,0.5505
2025-11-25 01:30:00,Aspect,Trine,Jupiter,Cancer,"0°38'50.26""",Saturn,Pisces,"0°56'52.76""",120,119.6993,0.3007
2025-11-25 01:45:00,Aspect,Conjunction,Mercury,Libra,"28°48'03.58""",Venus,Libra,"28°09'39.65""",0,0.64,0.64
2025-11-25 01:45:00,Aspect,Square,Mars,Scorpio,"20°28'47.81""",Rahu,Aquarius,"19°55'16.33""",90,89.4413,0.5587
2025-11-25 01:45:00,Aspect,Square,Mars,Scorpio,"20°28'47.81""",Ketu,Leo,"19°55'16.33""",90,90.5587,0.5587
2025-11-25 01:45:00,Aspect,Trine,Jupiter,Cancer,"0°38'48.63""",Saturn,Pisces,"0°56'52.53""",120,119.6989,0.3011
2025-11-25 02:00:00,Aspect,Conjunction,Mercury,Libra,"28°47'28.78""",Venus,Libra,"28°10'26.78""",0,0.6172,0.6172
2025-11-25 02:00:00,Aspect,Square,Mars,Scorpio,"20°29'15.41""",Rahu,Aquarius,"19°55'14.34""",90,89.433,0.567
2025-11-25 02:00:00,Aspect,Square,Mars,Scorpio,"20°29'15.41""",Ketu,Leo,"19°55'14.34""",90,90.567,0.567
2025-11-25 02:00:00,Aspect,Trine,Jupiter,Cancer,"0°38'46.99""",Saturn,Pisces,"0°56'52.30""",120,119.6985,0.3015
2025-11-25 02:15:00,Aspect,Conjunction,Mercury,Libra,"28°46'54.04""",Venus,Libra,"28°11'13.90""",0,0.5945,0.5945
2025-11-25 02:15:00,Aspect,Square,Mars,Scorpio,"20°29'43.02""",Rahu,Aquarius,"19°55'12.35""",90,89.4248,0.5752
2025-11-25 02:15:00,Aspect,Square,Mars,Scorpio,"20°29'43.02""",Ketu,Leo,"19°55'12.35""",90,90.5752,0.5752
2025-11-25 02:15:00,Aspect,Trine,Jupiter,Cancer,"0°38'45.36""",Saturn,Pisces,"0°56'52.07""",120,119.6981,0.3019
2025-11-25 02:30:00,Aspect,Conjunction,Mercury,Libra,"28°46'19.37""",Venus,Libra,"28°12'01.02""",0,0.5718,0.5718
2025-11-25 02:30:00,Aspect,Square,Mars,Scorpio,"20°30'10.62""",Rahu,Aquarius,"19°55'10.37""",90,89.4166,0.5834
2025-11-25 02:30:00,Aspect,Square,Mars,Scorpio,"20°30'10.62""",Ketu,Leo,"19°55'10.37""",90,90.5834,0.5834
2025-11-25 02:30:00,Aspect,Trine,Jupiter,Cancer,"0°38'43.72""",Saturn,Pisces,"0°56'51.85""",120,119.6977,0.3023
2025-11-25 02:45:00,Aspect,Conjunction,Mercury,Libra,"28°45'44.77""",Venus,Libra,"28°12'48.15""",0,0.5491,0.5491
2025-11-25 02:45:00,Aspect,Square,Mars,Scorpio,"20°30'38.22""",Rahu,Aquarius,"19°55'08.38""",90,89.4084,0.5916
2025-11-25 02:45:00,Aspect,Square,Mars,Scorpio,"20°30'38.22""",Ketu,Leo,"19°55'08.38""",90,90.5916,0.5916
2025-11-25 02:45:00,Aspect,Trine,Jupiter,Cancer,"0°38'42.08""",Saturn,Pisces,"0°56'51.62""",120,119.6974,0.3026
2025-11-25 03:00:00,Aspect,Conjunction,Mercury,Libra,"28°45'10.23""",Venus,Libra,"28°13'35.27""",0,0.5264,0.5264
2025-11-25 03:00:00,Aspect,Square,Mars,Scorpio,"20°31'05.83""",Rahu,Aquarius,"19°55'06.39""",90,89.4002,0.5998
2025-11-25 03:00:00,Aspect,Square,Mars,Scorpio,"20°31'05.83""",Ketu,Leo,"19°55'06.39""",90,90.5998,0.5998
2025-11-25 03:00:00,Aspect,Trine,Jupiter,Cancer,"0°38'40.45""",Saturn,Pisces,"0°56'51.39""",120,119.697,0.303
2025-11-25 03:15:00,Aspect,Conjunction,Mercury,Libra,"28°44'35.76""",Venus,Libra,"28°14'22.39""",0,0.5037,0.5037
2025-11-25 03:15:00,Aspect,Square,Mars,Scorpio,"20°31'33.43""",Rahu,Aquarius,"19°55'04.41""",90,89.3919,0.6081
2025-11-25 03:15:00,Aspect,Square,Mars,Scorpio,"20°31'33.43""",Ketu,Leo,"19°55'04.41""",90,90.6081,0.6081
2025-11-25 03:15:00,Aspect,Trine,Jupiter,Cancer,"0°38'38.81""",Saturn,Pisces,"0°56'51.17""",120,119.6966,0.3034
2025-11-25 03:30:00,Aspect,Conjunction,Mercury,Libra,"28°44'01.36""",Venus,Libra,"28°15'09.51""",0,0.4811,0.4811
2025-11-25 03:30:00,Aspect,Square,Mars,Scorpio,"20°32'01.04""",Rahu,Aquarius,"19°55'02.42""",90,89.3837,0.6163
2025-11-25 03:30:00,Aspect,Square,Mars,Scorpio,"20°32'01.04""",Ketu,Leo,"19°55'02.42""",90,90.6163,0.6163
2025-11-25 03:30:00,Aspect,Trine,Jupiter,Cancer,"0°38'37.16""",Saturn,Pisces,"0°56'50.94""",120,119.6962,0.3038
2025-11-25 03:45:00,Aspect,Conjunction,Mercury,Libra,"28°43'27.02""",Venus,Libra,"28°15'56.64""",0,0.4584,0.4584
2025-11-25 03:45:00,Aspect,Square,Mars,Scorpio,"20°32'28.64""",Rahu,Aquarius,"19°55'00.43""",90,89.3755,0.6245
2025-11-25 03:45:00,Aspect,Square,Mars,Scorpio,"20°32'28.64""",Ketu,Leo,"19°55'00.43""",90,90.6245,0.6245
2025-11-25 03:45:00,Aspect,Trine,Jupiter,Cancer,"0°38'35.52""",Saturn,Pisces,"0°56'50.72""",120,119.6958,0.3042
2025-11-25 04:00:00,Aspect,Conjunction,Mercury,Libra,"28°42'52.75""",Venus,Libra,"28°16'43.76""",0,0.4358,0.4358
2025-11-25 04:00:00,Aspect,Square,Mars,Scorpio,"20°32'56.25""",Rahu,Aquarius,"19°54'58.44""",90,89.3673,0.6327
2025-11-25 04:00:00,Aspect,Square,Mars,Scorpio,"20°32'56.25""",Ketu,Leo,"19°54'58.44""",90,90.6327,0.6327
2025-11-25 04:00:00,Aspect,Trine,Jupiter,Cancer,"0°38'33.88""",Saturn,Pisces,"0°56'50.50""",120,119.6954,0.3046
2025-11-25 04:15:00,Aspect,Conjunction,Mercury,Libra,"28°42'18.55""",Venus,Libra,"28°17'30.88""",0,0.4132,0.4132
2025-11-25 04:15:00,Aspect,Square,Mars,Scorpio,"20°33'23.85""",Rahu,Aquarius,"19°54'56.46""",90,89.3591,0.6409
2025-11-25 04:15:00,Aspect,Square,Mars,Scorpio,"20°33'23.85""",Ketu,Leo,"19°54'56.46""",90,90.6409,0.6409
2025-11-25 04:15:00,Aspect,Trine,Jupiter,Cancer,"0°38'32.23""",Saturn,Pisces,"0°56'50.28""",120,119.695,0.305
2025-11-25 04:30:00,Aspect,Conjunction,Mercury,Libra,"28°41'44.41""",Venus,Libra,"28°18'18.01""",0,0.3907,0.3907
2025-11-25 04:30:00,Aspect,Square,Mars,Scorpio,"20°33'51.46""",Rahu,Aquarius,"19°54'54.47""",90,89.3508,0.6492
2025-11-25 04:30:00,Aspect,Square,Mars,Scorpio,"20°33'51.46""",Ketu,Leo,"19°54'54.47""",90,90.6492,0.6492
2025-11-25 04:30:00,Aspect,Trine,Jupiter,Cancer,"0°38'30.59""",Saturn,Pisces,"0°56'50.05""",120,119.6946,0.3054
2025-11-25 04:45:00,Aspect,Conjunction,Mercury,Libra,"28°41'10.34""",Venus,Libra,"28°19'05.13""",0,0.3681,0.3681
2025-11-25 04:45:00,Aspect,Square,Mars,Scorpio,"20°34'19.06""",Rahu,Aquarius,"19°54'52.48""",90,89.3426,0.6574
2025-11-25 04:45:00,Aspect,Square,Mars,Scorpio,"20°34'19.06""",Ketu,Leo,"19°54'52.48""",90,90.6574,0.6574
2025-11-25 04:45:00,Aspect,Trine,Jupiter,Cancer,"0°38'28.94""",Saturn,Pisces,"0°56'49.83""",120,119.6942,0.3058
2025-11-25 05:00:00,Aspect,Conjunction,Mercury,Libra,"28°40'36.34""",Venus,Libra,"28°19'52.25""",0,0.3456,0.3456
2025-11-25 05:00:00,Aspect,Square,Mars,Scorpio,"20°34'46.67""",Rahu,Aquarius,"19°54'50.49""",90,89.3344,0.6656
2025-11-25 05:00:00,Aspect,Square,Mars,Scorpio,"20°34'46.67""",Ketu,Leo,"19°54'50.49""",90,90.6656,0.6656
2025-11-25 05:00:00,Aspect,Trine,Jupiter,Cancer,"0°38'27.29""",Saturn,Pisces,"0°56'49.61""",120,119.6938,0.3062
2025-11-25 05:15:00,Aspect,Opposition,Moon,Sagittarius,"29°38'33.46""",Jupiter,Cancer,"0°38'25.64""",180,179.0022,0.9978
2025-11-25 05:15:00,Aspect,Conjunction,Mercury,Libra,"28°40'02.41""",Venus,Libra,"28°20'39.38""",0,0.3231,0.3231
2025-11-25 05:15:00,Aspect,Square,Mars,Scorpio,"20°35'14.28""",Rahu,Aquarius,"19°54'48.51""",90,89.3262,0.6738
2025-11-25 05:15:00,Aspect,Square,Mars,Scorpio,"20°35'14.28""",Ketu,Leo,"19°54'48.51""",90,90.6738,0.6738
2025-11-25 05:15:00,Aspect,Trine,Jupiter,Cancer,"0°38'25.64""",Saturn,Pisces,"0°56'49.39""",120,119.6934,0.3066
2025-11-25 05:30:00,Aspect,Opposition,Moon,Sagittarius,"29°46'11.78""",Jupiter,Cancer,"0°38'23.99""",180,179.1299,0.8701
2025-11-25 05:30:00,Aspect,Conjunction,Mercury,Libra,"28°39'28.54""",Venus,Libra,"28°21'26.50""",0,0.3006,0.3006
2025-11-25 05:30:00,Aspect,Square,Mars,Scorpio,"20°35'41.89""",Rahu,Aquarius,"19°54'46.52""",90,89.318,0.682
2025-11-25 05:30:00,Aspect,Square,Mars,Scorpio,"20°35'41.89""",Ketu,Leo,"19°54'46.52""",90,90.682,0.682
2025-11-25 05:30:00,Aspect,Trine,Jupiter,Cancer,"0°38'23.99""",Saturn,Pisces,"0°56'49.17""",120,119.693,0.307
2025-11-25 05:45:00,Aspect,Opposition,Moon,Sagittarius,"29°53'50.17""",Jupiter,Cancer,"0°38'22.34""",180,179.2577,0.7423
2025-11-25 05:45:00,Aspect,Conjunction,Mercury,Libra,"28°38'54.74""",Venus,Libra,"28°22'13.62""",0,0.2781,0.2781
2025-11-25 05:45:00,Aspect,Square,Mars,Scorpio,"20°36'09.49""",Rahu,Aquarius,"19°54'44.53""",90,89.3097,0.6903
2025-11-25 05:45:00,Aspect,Square,Mars,Scorpio,"20°36'09.49""",Ketu,Leo,"19°54'44.53""",90,90.6903,0.6903
2025-11-25 05:45:00,Aspect,Trine,Jupiter,Cancer,"0°38'22.34""",Saturn,Pisces,"0°56'48.96""",120,119.6926,0.3074
2025-11-25 06:00:00,Aspect,Opposition,Moon,Capricorn,"0°01'28.62""",Jupiter,Cancer,"0°38'20.68""",180,179.3855,0.6145
2025-11-25 06:00:00,Aspect,Conjunction,Mercury,Libra,"28°38'21.01""",Venus,Libra,"28°23'00.75""",0,0.2556,0.2556
2025-11-25 06:00:00,Aspect,Square,Mars,Scorpio,"20°36'37.10""",Rahu,Aquarius,"19°54'42.55""",90,89.3015,0.6985
2025-11-25 06:00:00,Aspect,Square,Mars,Scorpio,"20°36'37.10""",Ketu,Leo,"19°54'42.55""",90,90.6985,0.6985
2025-11-25 06:00:00,Aspect,Trine,Jupiter,Cancer,"0°38'20.68""",Saturn,Pisces,"0°56'48.74""",120,119.6922,0.3078
2025-11-25 06:15:00,Aspect,Opposition,Moon,Capricorn,"0°09'07.13""",Jupiter,Cancer,"0°38'19.03""",180,179.5134,0.4866
2025-11-25 06:15:00,Aspect,Conjunction,Mercury,Libra,"28°37'47.34""",Venus,Libra,"28°23'47.87""",0,0.2332,0.2332
2025-11-25 06:15:00,Aspect,Square,Mars,Scorpio,"20°37'04.71""",Rahu,Aquarius,"19°54'40.56""",90,89.2933,0.7067
2025-11-25 06:15:00,Aspect,Square,Mars,Scorpio,"20°37'04.71""",Ketu,Leo,"19°54'40.56""",90,90.7067,0.7067
2025-11-25 06:15:00,Aspect,Trine,Jupiter,Cancer,"0°38'19.03""",Saturn,Pisces,"0°56'48.52""",120,119.6918,0.3082
2025-11-25 06:30:00,Aspect,Opposition,Moon,Capricorn,"0°16'45.71""",Jupiter,Cancer,"0°38'17.37""",180,179.6412,0.3588
2025-11-25 06:30:00,Aspect,Conjunction,Mercury,Libra,"28°37'13.75""",Venus,Libra,"28°24'35.00""",0,0.2108,0.2108
2025-11-25 06:30:00,Aspect,Square,Mars,Scorpio,"20°37'32.32""",Rahu,Aquarius,"19°54'38.57""",90,89.2851,0.7149
2025-11-25 06:30:00,Aspect,Square,Mars,Scorpio,"20°37'32.32""",Ketu,Leo,"19°54'38.57""",90,90.7149,0.7149
2025-11-25 06:30:00,Aspect,Trine,Jupiter,Cancer,"0°38'17.37""",Saturn,Pisces,"0°56'48.31""",120,119.6914,0.3086
2025-11-25 06:45:00,Aspect,Opposition,Moon,Capricorn,"0°24'24.36""",Jupiter,Cancer,"0°38'15.72""",180,179.7691,0.2309
2025-11-25 06:45:00,Aspect,Conjunction,Mercury,Libra,"28°36'40.22""",Venus,Libra,"28°25'22.12""",0,0.1884,0.1884
2025-11-25 06:45:00,Aspect,Square,Mars,Scorpio,"20°37'59.93""",Rahu,Aquarius,"19°54'36.58""",90,89.2768,0.7232
2025-11-25 06:45:00,Aspect,Square,Mars,Scorpio,"20°37'59.93""",Ketu,Leo,"19°54'36.58""",90,90.7232,0.7232
2025-11-25 06:45:00,Aspect,Trine,Jupiter,Cancer,"0°38'15.72""",Saturn,Pisces,"0°56'48.09""",120,119.691,0.309
2025-11-25 07:00:00,Aspect,Opposition,Moon,Capricorn,"0°32'03.07""",Jupiter,Cancer,"0°38'14.06""",180,179.8969,0.1031
2025-11-25 07:00:00,Aspect,Conjunction,Mercury,Libra,"28°36'06.75""",Venus,Libra,"28°26'09.24""",0,0.166,0.166
2025-11-25 07:00:00,Aspect,Square,Mars,Scorpio,"20°38'27.54""",Rahu,Aquarius,"19°54'34.60""",90,89.2686,0.7314
2025-11-25 07:00:00,Aspect,Square,Mars,Scorpio,"20°38'27.54""",Ketu,Leo,"19°54'34.60""",90,90.7314,0.7314
2025-11-25 07:00:00,Aspect,Trine,Jupiter,Cancer,"0°38'14.06""",Saturn,Pisces,"0°56'47.88""",120,119.6906,0.3094
2025-11-25 07:15:00,Aspect,Opposition,Moon,Capricorn,"0°39'41.85""",Jupiter,Cancer,"0°38'12.40""",180,179.9752,0.0248
2025-11-25 07:15:00,Aspect,Conjunction,Mercury,Libra,"28°35'33.36""",Venus,Libra,"28°26'56.37""",0,0.1436,0.1436
2025-11-25 07:15:00,Aspect,Square,Mars,Scorpio,"20°38'55.15""",Rahu,Aquarius,"19°54'32.61""",90,89.2604,0.7396
2025-11-25 07:15:00,Aspect,Square,Mars,Scorpio,"20°38'55.15""",Ketu,Leo,"19°54'32.61""",90,90.7396,0.7396
2025-11-25 07:15:00,Aspect,Trine,Jupiter,Cancer,"0°38'12.40""",Saturn,Pisces,"0°56'47.66""",120,119.6902,0.3098
2025-11-25 07:30:00,Aspect,Opposition,Moon,Capricorn,"0°47'20.69""",Jupiter,Cancer,"0°38'10.74""",180,179.8472,0.1528
2025-11-25 07:30:00,Aspect,Conjunction,Mercury,Libra,"28°35'00.03""",Venus,Libra,"28°27'43.49""",0,0.1213,0.1213
2025-11-25 07:30:00,Aspect,Square,Mars,Scorpio,"20°39'22.76""",Rahu,Aquarius,"19°54'30.62""",90,89.2522,0.7478
2025-11-25 07:30:00,Aspect,Square,Mars,Scorpio,"20°39'22.76""",Ketu,Leo,"19°54'30.62""",90,90.7478,0.7478
2025-11-25 07:30:00,Aspect,Trine,Jupiter,Cancer,"0°38'10.74""",Saturn,Pisces,"0°56'47.45""",120,119.6898,0.3102
2025-11-25 07:45:00,Aspect,Opposition,Moon,Capricorn,"0°54'59.60""",Jupiter,Cancer,"0°38'09.07""",180,179.7193,0.2807
2025-11-25 07:45:00,Aspect,Conjunction,Mercury,Libra,"28°34'26.78""",Venus,Libra,"28°28'30.61""",0,0.0989,0.0989
2025-11-25 07:45:00,Aspect,Square,Mars,Scorpio,"20°39'50.37""",Rahu,Aquarius,"19°54'28.64""",90,89.244,0.756
2025-11-25 07:45:00,Aspect,Square,Mars,Scorpio,"20°39'50.37""",Ketu,Leo,"19°54'28.64""",90,90.756,0.756
2025-11-25 07:45:00,Aspect,Trine,Jupiter,Cancer,"0°38'09.07""",Saturn,Pisces,"0°56'47.24""",120,119.6894,0.3106
2025-11-25 08:00:00,Aspect,Opposition,Moon,Capricorn,"1°02'38.58""",Jupiter,Cancer,"0°38'07.41""",180,179.5913,0.4087
2025-11-25 08:00:00,Aspect,Conjunction,Mercury,Libra,"28°33'53.59""",Venus,Libra,"28°29'17.74""",0,0.0766,0.0766
2025-11-25 08:00:00,Aspect,Square,Mars,Scorpio,"20°40'17.98""",Rahu,Aquarius,"19°54'26.65""",90,89.2357,0.7643
2025-11-25 08:00:00,Aspect,Square,Mars,Scorpio,"20°40'17.98""",Ketu,Leo,"19°54'26.65""",90,90.7643,0.7643
2025-11-25 08:00:00,Aspect,Trine,Jupiter,Cancer,"0°38'07.41""",Saturn,Pisces,"0°56'47.03""",120,119.689,0.311
2025-11-25 08:15:00,Aspect,Opposition,Moon,Capricorn,"1°10'17.62""",Jupiter,Cancer,"0°38'05.74""",180,179.4634,0.5366
2025-11-25 08:15:00,Aspect,Conjunction,Mercury,Libra,"28°33'20.46""",Venus,Libra,"28°30'04.86""",0,0.0543,0.0543
2025-11-25 08:15:00,Aspect,Square,Mars,Scorpio,"20°40'45.59""",Rahu,Aquarius,"19°54'24.66""",90,89.2275,0.7725
2025-11-25 08:15:00,Aspect,Square,Mars,Scorpio,"20°40'45.59""",Ketu,Leo,"19°54'24.66""",90,90.7725,0.7725
2025-11-25 08:15:00,Aspect,Trine,Jupiter,Cancer,"0°38'05.74""",Saturn,Pisces,"0°56'46.81""",120,119.6886,0.3114
2025-11-25 08:30:00,Aspect,Opposition,Moon,Capricorn,"1°17'56.74""",Jupiter,Cancer,"0°38'04.08""",180,179.3354,0.6646
2025-11-25 08:30:00,Aspect,Conjunction,Mercury,Libra,"28°32'47.41""",Venus,Libra,"28°30'51.99""",0,0.0321,0.0321
2025-11-25 08:30:00,Aspect,Square,Mars,Scorpio,"20°41'13.20""",Rahu,Aquarius,"19°54'22.67""",90,89.2193,0.7807
2025-11-25 08:30:00,Aspect,Square,Mars,Scorpio,"20°41'13.20""",Ketu,Leo,"19°54'22.67""",90,90.7807,0.7807
2025-11-25 08:30:00,Aspect,Trine,Jupiter,Cancer,"0°38'04.08""",Saturn,Pisces,"0°56'46.60""",120,119.6882,0.3118
2025-11-25 08:45:00,Aspect,Opposition,Moon,Capricorn,"1°25'35.91""",Jupiter,Cancer,"0°38'02.41""",180,179.2074,0.7926
2025-11-25 08:45:00,Aspect,Conjunction,Mercury,Libra,"28°32'14.42""",Venus,Libra,"28°31'39.11""",0,0.0098,0.0098
2025-11-25 08:45:00,Aspect,Square,Mars,Scorpio,"20°41'40.81""",Rahu,Aquarius,"19°54'20.69""",90,89.2111,0.7889
2025-11-25 08:45:00,Aspect,Square,Mars,Scorpio,"20°41'40.81""",Ketu,Leo,"19°54'20.69""",90,90.7889,0.7889
2025-11-25 08:45:00,Aspect,Trine,Jupiter,Cancer,"0°38'02.41""",Saturn,Pisces,"0°56'46.39""",120,119.6878,0.3122
2025-11-25 09:00:00,Aspect,Opposition,Moon,Capricorn,"1°33'15.16""",Jupiter,Cancer,"0°38'00.74""",180,179.0793,0.9207
2025-11-25 09:00:00,Aspect,Conjunction,Mercury,Libra,"28°31'41.51""",Venus,Libra,"28°32'26.23""",0,0.0124,0.0124
2025-11-25 09:00:00,Aspect,Square,Mars,Scorpio,"20°42'08.43""",Rahu,Aquarius,"19°54'18.70""",90,89.2029,0.7971
2025-11-25 09:00:00,Aspect,Square,Mars,Scorpio,"20°42'08.43""",Ketu,Leo,"19°54'18.70""",90,90.7971,0.7971
2025-11-25 09:00:00,Aspect,Trine,Jupiter,Cancer,"0°38'00.74""",Saturn,Pisces,"0°56'46.19""",120,119.6874,0.3126
2025-11-25 09:15:00,Aspect,Conjunction,Mercury,Libra,"28°31'08.66""",Venus,Libra,"28°33'13.36""",0,0.0346,0.0346
2025-11-25 09:15:00,Aspect,Square,Mars,Scorpio,"20°42'36.04""",Rahu,Aquarius,"19°54'16.71""",90,89.1946,0.8054
2025-11-25 09:15:00,Aspect,Square,Mars,Scorpio,"20°42'36.04""",Ketu,Leo,"19°54'16.71""",90,90.8054,0.8054
2025-11-25 09:15:00,Aspect,Trine,Jupiter,Cancer,"0°37'59.07""",Saturn,Pisces,"0°56'45.98""",120,119.687,0.313
2025-11-25 09:30:00,Aspect,Conjunction,Mercury,Libra,"28°30'35.88""",Venus,Libra,"28°34'00.48""",0,0.0568,0.0568
2025-11-25 09:30:00,Aspect,Square,Mars,Scorpio,"20°43'03.65""",Rahu,Aquarius,"19°54'14.73""",90,89.1864,0.8136
2025-11-25 09:30:00,Aspect,Square,Mars,Scorpio,"20°43'03.65""",Ketu,Leo,"19°54'14.73""",90,90.8136,0.8136
2025-11-25 09:30:00,Aspect,Trine,Jupiter,Cancer,"0°37'57.40""",Saturn,Pisces,"0°56'45.77""",120,119.6866,0.3134
2025-11-25 09:45:00,Aspect,Conjunction,Mercury,Libra,"28°30'03.17""",Venus,Libra,"28°34'47.61""",0,0.079,0.079
2025-11-25 09:45:00,Aspect,Square,Mars,Scorpio,"20°43'31.27""",Rahu,Aquarius,"19°54'12.74""",90,89.1782,0.8218
2025-11-25 09:45:00,Aspect,Square,Mars,Scorpio,"20°43'31.27""",Ketu,Leo,"19°54'12.74""",90,90.8218,0.8218
2025-11-25 09:45:00,Aspect,Trine,Jupiter,Cancer,"0°37'55.73""",Saturn,Pisces,"0°56'45.56""",120,119.6862,0.3138
2025-11-25 10:00:00,Aspect,Conjunction,Mercury,Libra,"28°29'30.52""",Venus,Libra,"28°35'34.73""",0,0.1012,0.1012
2025-11-25 10:00:00,Aspect,Square,Mars,Scorpio,"20°43'58.88""",Rahu,Aquarius,"19°54'10.75""",90,89.17,0.83
2025-11-25 10:00:00,Aspect,Square,Mars,Scorpio,"20°43'58.88""",Ketu,Leo,"19°54'10.75""",90,90.83,0.83
2025-11-25 10:00:00,Aspect,Trine,Jupiter,Cancer,"0°37'54.05""",Saturn,Pisces,"0°56'45.36""",120,119.6857,0.3143
2025-11-25 10:15:00,Aspect,Conjunction,Mercury,Libra,"28°28'57.95""",Venus,Libra,"28°36'21.86""",0,0.1233,0.1233
2025-11-25 10:15:00,Aspect,Square,Mars,Scorpio,"20°44'26.49""",Rahu,Aquarius,"19°54'08.76""",90,89.1617,0.8383
2025-11-25 10:15:00,Aspect,Square,Mars,Scorpio,"20°44'26.49""",Ketu,Leo,"19°54'08.76""",90,90.8383,0.8383
2025-11-25 10:15:00,Aspect,Trine,Jupiter,Cancer,"0°37'52.38""",Saturn,Pisces,"0°56'45.15""",120,119.6853,0.3147
2025-11-25 10:30:00,Aspect,Conjunction,Mercury,Libra,"28°28'25.45""",Venus,Libra,"28°37'08.98""",0,0.1454,0.1454
2025-11-25 10:30:00,Aspect,Square,Mars,Scorpio,"20°44'54.11""",Rahu,Aquarius,"19°54'06.78""",90,89.1535,0.8465
2025-11-25 10:30:00,Aspect,Square,Mars,Scorpio,"20°44'54.11""",Ketu,Leo,"19°54'06.78""",90,90.8465,0.8465
2025-11-25 10:30:00,Aspect,Trine,Jupiter,Cancer,"0°37'50.70""",Saturn,Pisces,"0°56'44.95""",120,119.6849,0.3151
2025-11-25 10:45:00,Aspect,Conjunction,Mercury,Libra,"28°27'53.01""",Venus,Libra,"28°37'56.10""",0,0.1675,0.1675
2025-11-25 10:45:00,Aspect,Square,Mars,Scorpio,"20°45'21.72""",Rahu,Aquarius,"19°54'04.79""",90,89.1453,0.8547
2025-11-25 10:45:00,Aspect,Square,Mars,Scorpio,"20°45'21.72""",Ketu,Leo,"19°54'04.79""",90,90.8547,0.8547
2025-11-25 10:45:00,Aspect,Trine,Jupiter,Cancer,"0°37'49.02""",Saturn,Pisces,"0°56'44.74""",120,119.6845,0.3155
2025-11-25 11:00:00,Aspect,Conjunction,Mercury,Libra,"28°27'20.64""",Venus,Libra,"28°38'43.23""",0,0.1896,0.1896
2025-11-25 11:00:00,Aspect,Square,Mars,Scorpio,"20°45'49.34""",Rahu,Aquarius,"19°54'02.80""",90,89.1371,0.8629
2025-11-25 11:00:00,Aspect,Square,Mars,Scorpio,"20°45'49.34""",Ketu,Leo,"19°54'02.80""",90,90.8629,0.8629
2025-11-25 11:00:00,Aspect,Trine,Jupiter,Cancer,"0°37'47.35""",Saturn,Pisces,"0°56'44.54""",120,119.6841,0.3159
2025-11-25 11:15:00,Aspect,Conjunction,Mercury,Libra,"28°26'48.34""",Venus,Libra,"28°39'30.35""",0,0.2117,0.2117
2025-11-25 11:15:00,Aspect,Square,Mars,Scorpio,"20°46'16.95""",Rahu,Aquarius,"19°54'00.81""",90,89.1289,0.8711
2025-11-25 11:15:00,Aspect,Square,Mars,Scorpio,"20°46'16.95""",Ketu,Leo,"19°54'00.81""",90,90.8711,0.8711
2025-11-25 11:15:00,Aspect,Trine,Jupiter,Cancer,"0°37'45.67""",Saturn,Pisces,"0°56'44.34""",120,119.6837,0.3163
2025-11-25 11:30:00,Aspect,Conjunction,Mercury,Libra,"28°26'16.11""",Venus,Libra,"28°40'17.48""",0,0.2337,0.2337
2025-11-25 11:30:00,Aspect,Square,Mars,Scorpio,"20°46'44.57""",Rahu,Aquarius,"19°53'58.83""",90,89.1206,0.8794
2025-11-25 11:30:00,Aspect,Square,Mars,Scorpio,"20°46'44.57""",Ketu,Leo,"19°53'58.83""",90,90.8794,0.8794
2025-11-25 11:30:00,Aspect,Trine,Jupiter,Cancer,"0°37'43.98""",Saturn,Pisces,"0°56'44.13""",120,119.6833,0.3167
2025-11-25 11:45:00,Aspect,Conjunction,Mercury,Libra,"28°25'43.95""",Venus,Libra,"28°41'04.60""",0,0.2557,0.2557
2025-11-25 11:45:00,Aspect,Square,Mars,Scorpio,"20°47'12.19""",Rahu,Aquarius,"19°53'56.84""",90,89.1124,0.8876
2025-11-25 11:45:00,Aspect,Square,Mars,Scorpio,"20°47'12.19""",Ketu,Leo,"19°53'56.84""",90,90.8876,0.8876
2025-11-25 11:45:00,Aspect,Trine,Jupiter,Cancer,"0°37'42.30""",Saturn,Pisces,"0°56'43.93""",120,119.6829,0.3171
2025-11-25 12:00:00,Aspect,Conjunction,Mercury,Libra,"28°25'11.86""",Venus,Libra,"28°41'51.73""",0,0.2777,0.2777
2025-11-25 12:00:00,Aspect,Square,Mars,Scorpio,"20°47'39.80""",Rahu,Aquarius,"19°53'54.85""",90,89.1042,0.8958
2025-11-25 12:00:00,Aspect,Square,Mars,Scorpio,"20°47'39.80""",Ketu,Leo,"19°53'54.85""",90,90.8958,0.8958
2025-11-25 12:00:00,Aspect,Trine,Jupiter,Cancer,"0°37'40.62""",Saturn,Pisces,"0°56'43.73""",120,119.6825,0.3175
2025-11-25 12:15:00,Aspect,Conjunction,Mercury,Libra,"28°24'39.84""",Venus,Libra,"28°42'38.85""",0,0.2997,0.2997
2025-11-25 12:15:00,Aspect,Square,Mars,Scorpio,"20°48'07.42""",Rahu,Aquarius,"19°53'52.87""",90,89.096,0.904
2025-11-25 12:15:00,Aspect,Square,Mars,Scorpio,"20°48'07.42""",Ketu,Leo,"19°53'52.87""",90,90.904,0.904
2025-11-25 12:15:00,Aspect,Trine,Jupiter,Cancer,"0°37'38.93""",Saturn,Pisces,"0°56'43.53""",120,119.6821,0.3179
2025-11-25 12:30:00,Aspect,Conjunction,Mercury,Libra,"28°24'07.89""",Venus,Libra,"28°43'25.98""",0,0.3217,0.3217
2025-11-25 12:30:00,Aspect,Square,Mars,Scorpio,"20°48'35.04""",Rahu,Aquarius,"19°53'50.88""",90,89.0877,0.9123
2025-11-25 12:30:00,Aspect,Square,Mars,Scorpio,"20°48'35.04""",Ketu,Leo,"19°53'50.88""",90,90.9123,0.9123
2025-11-25 12:30:00,Aspect,Trine,Jupiter,Cancer,"0°37'37.24""",Saturn,Pisces,"0°56'43.33""",120,119.6816,0.3184
2025-11-25 12:45:00,Aspect,Conjunction,Mercury,Libra,"28°23'36.01""",Venus,Libra,"28°44'13.10""",0,0.3436,0.3436
2025-11-25 12:45:00,Aspect,Square,Mars,Scorpio,"20°49'02.65""",Rahu,Aquarius,"19°53'48.89""",90,89.0795,0.9205
2025-11-25 12:45:00,Aspect,Square,Mars,Scorpio,"20°49'02.65""",Ketu,Leo,"19°53'48.89""",90,90.9205,0.9205
2025-11-25 12:45:00,Aspect,Trine,Jupiter,Cancer,"0°37'35.56""",Saturn,Pisces,"0°56'43.13""",120,119.6812,0.3188
2025-11-25 13:00:00,Aspect,Conjunction,Mercury,Libra,"28°23'04.19""",Venus,Libra,"28°45'00.23""",0,0.3656,0.3656
2025-11-25 13:00:00,Aspect,Square,Mars,Scorpio,"20°49'30.27""",Rahu,Aquarius,"19°53'46.90""",90,89.0713,0.9287
2025-11-25 13:00:00,Aspect,Square,Mars,Scorpio,"20°49'30.27""",Ketu,Leo,"19°53'46.90""",90,90.9287,0.9287
2025-11-25 13:00:00,Aspect,Trine,Jupiter,Cancer,"0°37'33.87""",Saturn,Pisces,"0°56'42.94""",120,119.6808,0.3192
2025-11-25 13:15:00,Aspect,Conjunction,Mercury,Libra,"28°22'32.45""",Venus,Libra,"28°45'47.35""",0,0.3875,0.3875
2025-11-25 13:15:00,Aspect,Square,Mars,Scorpio,"20°49'57.89""",Rahu,Aquarius,"19°53'44.92""",90,89.0631,0.9369
2025-11-25 13:15:00,Aspect,Square,Mars,Scorpio,"20°49'57.89""",Ketu,Leo,"19°53'44.92""",90,90.9369,0.9369
2025-11-25 13:15:00,Aspect,Trine,Jupiter,Cancer,"0°37'32.18""",Saturn,Pisces,"0°56'42.74""",120,119.6804,0.3196
2025-11-25 13:30:00,Aspect,Conjunction,Mercury,Libra,"28°22'00.78""",Venus,Libra,"28°46'34.48""",0,0.4094,0.4094
2025-11-25 13:30:00,Aspect,Square,Mars,Scorpio,"20°50'25.51""",Rahu,Aquarius,"19°53'42.93""",90,89.0548,0.9452
2025-11-25 13:30:00,Aspect,Square,Mars,Scorpio,"20°50'25.51""",Ketu,Leo,"19°53'42.93""",90,90.9452,0.9452
2025-11-25 13:30:00,Aspect,Trine,Jupiter,Cancer,"0°37'30.49""",Saturn,Pisces,"0°56'42.54""",120,119.68,0.32
2025-11-25 13:45:00,Aspect,Conjunction,Mercury,Libra,"28°21'29.17""",Venus,Libra,"28°47'21.60""",0,0.4312,0.4312
2025-11-25 13:45:00,Aspect,Square,Mars,Scorpio,"20°50'53.13""",Rahu,Aquarius,"19°53'40.94""",90,89.0466,0.9534
2025-11-25 13:45:00,Aspect,Square,Mars,Scorpio,"20°50'53.13""",Ketu,Leo,"19°53'40.94""",90,90.9534,0.9534
2025-11-25 13:45:00,Aspect,Trine,Jupiter,Cancer,"0°37'28.79""",Saturn,Pisces,"0°56'42.35""",120,119.6796,0.3204
2025-11-25 14:00:00,Aspect,Conjunction,Mercury,Libra,"28°20'57.64""",Venus,Libra,"28°48'08.73""",0,0.4531,0.4531
2025-11-25 14:00:00,Aspect,Square,Mars,Scorpio,"20°51'20.75""",Rahu,Aquarius,"19°53'38.96""",90,89.0384,0.9616
2025-11-25 14:00:00,Aspect,Square,Mars,Scorpio,"20°51'20.75""",Ketu,Leo,"19°53'38.96""",90,90.9616,0.9616
2025-11-25 14:00:00,Aspect,Trine,Jupiter,Cancer,"0°37'27.10""",Saturn,Pisces,"0°56'42.15""",120,119.6792,0.3208
2025-11-25 14:15:00,Aspect,Conjunction,Mercury,Libra,"28°20'26.17""",Venus,Libra,"28°48'55.85""",0,0.4749,0.4749
2025-11-25 14:15:00,Aspect,Square,Mars,Scorpio,"20°51'48.37""",Rahu,Aquarius,"19°53'36.97""",90,89.0302,0.9698
2025-11-25 14:15:00,Aspect,Square,Mars,Scorpio,"20°51'48.37""",Ketu,Leo,"19°53'36.97""",90,90.9698,0.9698
2025-11-25 14:15:00,Aspect,Trine,Jupiter,Cancer,"0°37'25.40""",Saturn,Pisces,"0°56'41.96""",120,119.6787,0.3213
2025-11-25 14:30:00,Aspect,Conjunction,Mercury,Libra,"28°19'54.78""",Venus,Libra,"28°49'42.98""",0,0.4967,0.4967
2025-11-25 14:30:00,Aspect,Square,Mars,Scorpio,"20°52'15.99""",Rahu,Aquarius,"19°53'34.98""",90,89.0219,0.9781
2025-11-25 14:30:00,Aspect,Square,Mars,Scorpio,"20°52'15.99""",Ketu,Leo,"19°53'34.98""",90,90.9781,0.9781
2025-11-25 14:30:00,Aspect,Trine,Jupiter,Cancer,"0°37'23.71""",Saturn,Pisces,"0°56'41.77""",120,119.6783,0.3217
2025-11-25 14:45:00,Aspect,Conjunction,Mercury,Libra,"28°19'23.45""",Venus,Libra,"28°50'30.10""",0,0.5185,0.5185
2025-11-25 14:45:00,Aspect,Square,Mars,Scorpio,"20°52'43.61""",Rahu,Aquarius,"19°53'32.99""",90,89.0137,0.9863
2025-11-25 14:45:00,Aspect,Square,Mars,Scorpio,"20°52'43.61""",Ketu,Leo,"19°53'32.99""",90,90.9863,0.9863
2025-11-25 14:45:00,Aspect,Trine,Jupiter,Cancer,"0°37'22.01""",Saturn,Pisces,"0°56'41.57""",120,119.6779,0.3221
2025-11-25 15:00:00,Aspect,Conjunction,Mercury,Libra,"28°18'52.20""",Venus,Libra,"28°51'17.23""",0,0.5403,0.5403
2025-11-25 15:00:00,Aspect,Square,Mars,Scorpio,"20°53'11.23""",Rahu,Aquarius,"19°53'31.01""",90,89.0055,0.9945
2025-11-25 15:00:00,Aspect,Square,Mars,Scorpio,"20°53'11.23""",Ketu,Leo,"19°53'31.01""",90,90.9945,0.9945
2025-11-25 15:00:00,Aspect,Trine,Jupiter,Cancer,"0°37'20.31""",Saturn,Pisces,"0°56'41.38""",120,119.6775,0.3225
2025-11-25 15:15:00,Aspect,Conjunction,Mercury,Libra,"28°18'21.01""",Venus,Libra,"28°52'04.35""",0,0.562,0.562
2025-11-25 15:15:00,Aspect,Trine,Jupiter,Cancer,"0°37'18.61""",Saturn,Pisces,"0°56'41.19""",120,119.6771,0.3229
2025-11-25 15:30:00,Aspect,Conjunction,Mercury,Libra,"28°17'49.90""",Venus,Libra,"28°52'51.48""",0,0.5838,0.5838
2025-11-25 15:30:00,Aspect,Trine,Jupiter,Cancer,"0°37'16.91""",Saturn,Pisces,"0°56'41.00""",120,119.6766,0.3234
2025-11-25 15:45:00,Aspect,Conjunction,Mercury,Libra,"28°17'18.85""",Venus,Libra,"28°53'38.60""",0,0.6055,0.6055
2025-11-25 15:45:00,Aspect,Trine,Jupiter,Cancer,"0°37'15.20""",Saturn,Pisces,"0°56'40.81""",120,119.6762,0.3238
2025-11-25 16:00:00,Aspect,Conjunction,Mercury,Libra,"28°16'47.88""",Venus,Libra,"28°54'25.73""",0,0.6272,0.6272
2025-11-25 16:00:00,Aspect,Trine,Jupiter,Cancer,"0°37'13.50""",Saturn,Pisces,"0°56'40.62""",120,119.6758,0.3242
2025-11-25 16:15:00,Aspect,Conjunction,Mercury,Libra,"28°16'16.98""",Venus,Libra,"28°55'12.85""",0,0.6489,0.6489
2025-11-25 16:15:00,Aspect,Trine,Jupiter,Cancer,"0°37'11.80""",Saturn,Pisces,"0°56'40.43""",120,119.6754,0.3246
2025-11-25 16:30:00,Aspect,Conjunction,Mercury,Libra,"28°15'46.14""",Venus,Libra,"28°55'59.98""",0,0.6705,0.6705
2025-11-25 16:30:00,Aspect,Trine,Jupiter,Cancer,"0°37'10.09""",Saturn,Pisces,"0°56'40.24""",120,119.675,0.325
2025-11-25 16:45:00,Aspect,Conjunction,Mercury,Libra,"28°15'15.38""",Venus,Libra,"28°56'47.11""",0,0.6921,0.6921
2025-11-25 16:45:00,Aspect,Trine,Jupiter,Cancer,"0°37'08.38""",Saturn,Pisces,"0°56'40.06""",120,119.6745,0.3255
2025-11-25 17:00:00,Aspect,Conjunction,Mercury,Libra,"28°14'44.69""",Venus,Libra,"28°57'34.23""",0,0.7138,0.7138
2025-11-25 17:00:00,Aspect,Trine,Jupiter,Cancer,"0°37'06.67""",Saturn,Pisces,"0°56'39.87""",120,119.6741,0.3259
2025-11-25 17:15:00,Aspect,Conjunction,Mercury,Libra,"28°14'14.07""",Venus,Libra,"28°58'21.36""",0,0.7354,0.7354
2025-11-25 17:15:00,Aspect,Trine,Jupiter,Cancer,"0°37'04.96""",Saturn,Pisces,"0°56'39.68""",120,119.6737,0.3263
2025-11-25 17:30:00,Aspect,Conjunction,Mercury,Libra,"28°13'43.52""",Venus,Libra,"28°59'08.48""",0,0.7569,0.7569
2025-11-25 17:30:00,Aspect,Trine,Jupiter,Cancer,"0°37'03.25""",Saturn,Pisces,"0°56'39.50""",120,119.6733,0.3267
2025-11-25 17:45:00,Aspect,Conjunction,Mercury,Libra,"28°13'13.04""",Venus,Libra,"28°59'55.61""",0,0.7785,0.7785
2025-11-25 17:45:00,Aspect,Trine,Jupiter,Cancer,"0°37'01.54""",Saturn,Pisces,"0°56'39.31""",120,119.6728,0.3272
2025-11-25 18:00:00,Aspect,Conjunction,Mercury,Libra,"28°12'42.63""",Venus,Libra,"29°00'42.73""",0,0.8,0.8
2025-11-25 18:00:00,Aspect,Trine,Jupiter,Cancer,"0°36'59.82""",Saturn,Pisces,"0°56'39.13""",120,119.6724,0.3276
2025-11-25 18:15:00,Aspect,Conjunction,Mercury,Libra,"28°12'12.29""",Venus,Libra,"29°01'29.86""",0,0.8215,0.8215
2025-11-25 18:15:00,Aspect,Trine,Jupiter,Cancer,"0°36'58.11""",Saturn,Pisces,"0°56'38.95""",120,119.672,0.328
2025-11-25 18:30:00,Aspect,Conjunction,Mercury,Libra,"28°11'42.02""",Venus,Libra,"29°02'16.99""",0,0.843,0.843
2025-11-25 18:30:00,Aspect,Trine,Jupiter,Cancer,"0°36'56.39""",Saturn,Pisces,"0°56'38.76""",120,119.6716,0.3284
2025-11-25 18:45:00,Aspect,Conjunction,Mercury,Libra,"28°11'11.82""",Venus,Libra,"29°03'04.11""",0,0.8645,0.8645
2025-11-25 18:45:00,Aspect,Trine,Jupiter,Cancer,"0°36'54.67""",Saturn,Pisces,"0°56'38.58""",120,119.6711,0.3289
2025-11-25 19:00:00,Aspect,Conjunction,Mercury,Libra,"28°10'41.70""",Venus,Libra,"29°03'51.24""",0,0.886,0.886
2025-11-25 19:00:00,Aspect,Trine,Jupiter,Cancer,"0°36'52.95""",Saturn,Pisces,"0°56'38.40""",120,119.6707,0.3293
2025-11-25 19:15:00,Aspect,Conjunction,Mercury,Libra,"28°10'11.64""",Venus,Libra,"29°04'38.36""",0,0.9074,0.9074
2025-11-25 19:15:00,Aspect,Trine,Jupiter,Cancer,"0°36'51.23""",Saturn,Pisces,"0°56'38.22""",120,119.6703,0.3297
2025-11-25 19:30:00,Aspect,Conjunction,Mercury,Libra,"28°09'41.66""",Venus,Libra,"29°05'25.49""",0,0.9288,0.9288
2025-11-25 19:30:00,Aspect,Trine,Jupiter,Cancer,"0°36'49.51""",Saturn,Pisces,"0°56'38.04""",120,119.6699,0.3301
2025-11-25 19:45:00,Aspect,Conjunction,Mercury,Libra,"28°09'11.75""",Venus,Libra,"29°06'12.62""",0,0.9502,0.9502
2025-11-25 19:45:00,Aspect,Trine,Jupiter,Cancer,"0°36'47.79""",Saturn,Pisces,"0°56'37.86""",120,119.6694,0.3306
2025-11-25 20:00:00,Aspect,Conjunction,Mercury,Libra,"28°08'41.91""",Venus,Libra,"29°06'59.74""",0,0.9716,0.9716
2025-11-25 20:00:00,Aspect,Trine,Jupiter,Cancer,"0°36'46.06""",Saturn,Pisces,"0°56'37.68""",120,119.669,0.331
2025-11-25 20:15:00,Aspect,Conjunction,Mercury,Libra,"28°08'12.14""",Venus,Libra,"29°07'46.87""",0,0.993,0.993
2025-11-25 20:15:00,Aspect,Trine,Jupiter,Cancer,"0°36'44.34""",Saturn,Pisces,"0°56'37.51""",120,119.6686,0.3314
2025-11-25 20:30:00,Aspect,Trine,Jupiter,Cancer,"0°36'42.61""",Saturn,Pisces,"0°56'37.33""",120,119.6681,0.3319
2025-11-25 20:45:00,Aspect,Trine,Jupiter,Cancer,"0°36'40.88""",Saturn,Pisces,"0°56'37.15""",120,119.6677,0.3323
2025-11-25 21:00:00,Aspect,Trine,Jupiter,Cancer,"0°36'39.15""",Saturn,Pisces,"0°56'36.98""",120,119.6673,0.3327
2025-11-25 21:15:00,Aspect,Trine,Jupiter,Cancer,"0°36'37.42""",Saturn,Pisces,"0°56'36.80""",120,119.6668,0.3332
2025-11-25 21:30:00,Aspect,Trine,Jupiter,Cancer,"0°36'35.69""",Saturn,Pisces,"0°56'36.63""",120,119.6664,0.3336
2025-11-25 21:45:00,Aspect,Trine,Jupiter,Cancer,"0°36'33.96""",Saturn,Pisces,"0°56'36.46""",120,119.666,0.334
2025-11-25 22:00:00,Aspect,Trine,Jupiter,Cancer,"0°36'32.22""",Saturn,Pisces,"0°56'36.29""",120,119.6655,0.3345
2025-11-25 22:15:00,Aspect,Trine,Jupiter,Cancer,"0°36'30.49""",Saturn,Pisces,"0°56'36.11""",120,119.6651,0.3349
2025-11-25 22:30:00,Aspect,Trine,Jupiter,Cancer,"0°36'28.75""",Saturn,Pisces,"0°56'35.94""",120,119.6647,0.3353
2025-11-25 22:45:00,Aspect,Trine,Jupiter,Cancer,"0°36'27.01""",Saturn,Pisces,"0°56'35.77""",120,119.6642,0.3358
2025-11-25 23:00:00,Aspect,Trine,Jupiter,Cancer,"0°36'25.27""",Saturn,Pisces,"0°56'35.60""",120,119.6638,0.3362
2025-11-25 23:15:00,Aspect,Trine,Jupiter,Cancer,"0°36'23.53""",Saturn,Pisces,"0°56'35.43""",120,119.6634,0.3366
2025-11-25 23:30:00,Aspect,Trine,Jupiter,Cancer,"0°36'21.79""",Saturn,Pisces,"0°56'35.26""",120,119.6629,0.3371
2025-11-25 23:45:00,Aspect,Trine,Jupiter,Cancer,"0°36'20.04""",Saturn,Pisces,"0°56'35.10""",120,119.6625,0.3375
2025-11-26 00:00:00,Aspect,Trine,Jupiter,Cancer,"0°36'18.30""",Saturn,Pisces,"0°56'34.93""",120,119.662,0.338
2025-11-26 00:15:00,Aspect,Trine,Jupiter,Cancer,"0°36'16.55""",Saturn,Pisces,"0°56'34.76""",120,119.6616,0.3384
2025-11-26 00:30:00,Aspect,Trine,Jupiter,Cancer,"0°36'14.81""",Saturn,Pisces,"0°56'34.60""",120,119.6612,0.3388
2025-11-26 00:45:00,Aspect,Trine,Jupiter,Cancer,"0°36'13.06""",Saturn,Pisces,"0°56'34.43""",120,119.6607,0.3393
2025-11-26 01:00:00,Aspect,Trine,Jupiter,Cancer,"0°36'11.31""",Saturn,Pisces,"0°56'34.27""",120,119.6603,0.3397
2025-11-26 01:15:00,Aspect,Trine,Jupiter,Cancer,"0°36'09.56""",Saturn,Pisces,"0°56'34.11""",120,119.6598,0.3402
2025-11-26 01:30:00,Aspect,Trine,Jupiter,Cancer,"0°36'07.81""",Saturn,Pisces,"0°56'33.94""",120,119.6594,0.3406
2025-11-26 01:45:00,Aspect,Trine,Jupiter,Cancer,"0°36'06.05""",Saturn,Pisces,"0°56'33.78""",120,119.659,0.341
2025-11-26 02:00:00,Aspect,Trine,Jupiter,Cancer,"0°36'04.30""",Saturn,Pisces,"0°56'33.62""",120,119.6585,0.3415
2025-11-26 02:15:00,Aspect,Trine,Jupiter,Cancer,"0°36'02.54""",Saturn,Pisces,"0°56'33.46""",120,119.6581,0.3419
2025-11-26 02:30:00,Aspect,Trine,Jupiter,Cancer,"0°36'00.79""",Saturn,Pisces,"0°56'33.30""",120,119.6576,0.3424
2025-11-26 02:45:00,Aspect,Trine,Jupiter,Cancer,"0°35'59.03""",Saturn,Pisces,"0°56'33.14""",120,119.6572,0.3428
2025-11-26 03:00:00,Aspect,Trine,Jupiter,Cancer,"0°35'57.27""",Saturn,Pisces,"0°56'32.98""",120,119.6567,0.3433
2025-11-26 03:15:00,Aspect,Trine,Jupiter,Cancer,"0°35'55.51""",Saturn,Pisces,"0°56'32.82""",120,119.6563,0.3437
2025-11-26 03:30:00,Aspect,Trine,Jupiter,Cancer,"0°35'53.74""",Saturn,Pisces,"0°56'32.67""",120,119.6559,0.3441
2025-11-26 03:45:00,Aspect,Trine,Jupiter,Cancer,"0°35'51.98""",Saturn,Pisces,"0°56'32.51""",120,119.6554,0.3446
2025-11-26 04:00:00,Aspect,Trine,Jupiter,Cancer,"0°35'50.22""",Saturn,Pisces,"0°56'32.36""",120,119.655,0.345
2025-11-26 04:15:00,Aspect,Trine,Jupiter,Cancer,"0°35'48.45""",Saturn,Pisces,"0°56'32.20""",120,119.6545,0.3455
2025-11-26 04:30:00,Aspect,Trine,Jupiter,Cancer,"0°35'46.68""",Saturn,Pisces,"0°56'32.05""",120,119.6541,0.3459
2025-11-26 04:45:00,Aspect,Trine,Jupiter,Cancer,"0°35'44.91""",Saturn,Pisces,"0°56'31.89""",120,119.6536,0.3464
2025-11-26 05:00:00,Aspect,Trine,Jupiter,Cancer,"0°35'43.15""",Saturn,Pisces,"0°56'31.74""",120,119.6532,0.3468
2025-11-26 05:15:00,Aspect,Trine,Venus,Libra,"29°36'03.44""",Jupiter,Cancer,"0°35'41.37""",120,119.0061,0.9939
2025-11-26 05:15:00,Aspect,Trine,Jupiter,Cancer,"0°35'41.37""",Saturn,Pisces,"0°56'31.59""",120,119.6527,0.3473
2025-11-26 05:30:00,Aspect,Trine,Venus,Libra,"29°36'50.57""",Jupiter,Cancer,"0°35'39.60""",120,119.0197,0.9803
2025-11-26 05:30:00,Aspect,Trine,Jupiter,Cancer,"0°35'39.60""",Saturn,Pisces,"0°56'31.44""",120,119.6523,0.3477
2025-11-26 05:45:00,Aspect,Trine,Venus,Libra,"29°37'37.70""",Jupiter,Cancer,"0°35'37.83""",120,119.0333,0.9667
2025-11-26 05:45:00,Aspect,Trine,Jupiter,Cancer,"0°35'37.83""",Saturn,Pisces,"0°56'31.29""",120,119.6518,0.3482
2025-11-26 06:00:00,Aspect,Trine,Venus,Libra,"29°38'24.83""",Jupiter,Cancer,"0°35'36.05""",120,119.0469,0.9531
2025-11-26 06:00:00,Aspect,Trine,Jupiter,Cancer,"0°35'36.05""",Saturn,Pisces,"0°56'31.14""",120,119.6514,0.3486
2025-11-26 06:15:00,Aspect,Trine,Venus,Libra,"29°39'11.95""",Jupiter,Cancer,"0°35'34.28""",120,119.0605,0.9395
2025-11-26 06:15:00,Aspect,Trine,Jupiter,Cancer,"0°35'34.28""",Saturn,Pisces,"0°56'30.99""",120,119.6509,0.3491
2025-11-26 06:30:00,Aspect,Trine,Venus,Libra,"29°39'59.08""",Jupiter,Cancer,"0°35'32.50""",120,119.0741,0.9259
2025-11-26 06:30:00,Aspect,Trine,Jupiter,Cancer,"0°35'32.50""",Saturn,Pisces,"0°56'30.84""",120,119.6505,0.3495
2025-11-26 06:45:00,Aspect,Trine,Venus,Libra,"29°40'46.21""",Jupiter,Cancer,"0°35'30.72""",120,119.0876,0.9124
2025-11-26 06:45:00,Aspect,Trine,Jupiter,Cancer,"0°35'30.72""",Saturn,Pisces,"0°56'30.69""",120,119.65,0.35
2025-11-26 07:00:00,Aspect,Trine,Venus,Libra,"29°41'33.34""",Jupiter,Cancer,"0°35'28.94""",120,119.1012,0.8988
2025-11-26 07:00:00,Aspect,Trine,Jupiter,Cancer,"0°35'28.94""",Saturn,Pisces,"0°56'30.54""",120,119.6496,0.3504
2025-11-26 07:15:00,Aspect,Trine,Venus,Libra,"29°42'20.47""",Jupiter,Cancer,"0°35'27.16""",120,119.1148,0.8852
2025-11-26 07:15:00,Aspect,Trine,Jupiter,Cancer,"0°35'27.16""",Saturn,Pisces,"0°56'30.40""",120,119.6491,0.3509
2025-11-26 07:30:00,Aspect,Trine,Venus,Libra,"29°43'07.60""",Jupiter,Cancer,"0°35'25.38""",120,119.1284,0.8716
2025-11-26 07:30:00,Aspect,Trine,Jupiter,Cancer,"0°35'25.38""",Saturn,Pisces,"0°56'30.25""",120,119.6486,0.3514
2025-11-26 07:45:00,Aspect,Trine,Venus,Libra,"29°43'54.72""",Jupiter,Cancer,"0°35'23.60""",120,119.142,0.858
2025-11-26 07:45:00,Aspect,Trine,Jupiter,Cancer,"0°35'23.60""",Saturn,Pisces,"0°56'30.10""",120,119.6482,0.3518
2025-11-26 08:00:00,Aspect,Trine,Venus,Libra,"29°44'41.85""",Jupiter,Cancer,"0°35'21.81""",120,119.1556,0.8444
2025-11-26 08:00:00,Aspect,Trine,Jupiter,Cancer,"0°35'21.81""",Saturn,Pisces,"0°56'29.96""",120,119.6477,0.3523
2025-11-26 08:15:00,Aspect,Trine,Venus,Libra,"29°45'28.98""",Jupiter,Cancer,"0°35'20.03""",120,119.1692,0.8308
2025-11-26 08:15:00,Aspect,Trine,Jupiter,Cancer,"0°35'20.03""",Saturn,Pisces,"0°56'29.82""",120,119.6473,0.3527
2025-11-26 08:30:00,Aspect,Trine,Venus,Libra,"29°46'16.11""",Jupiter,Cancer,"0°35'18.24""",120,119.1827,0.8173
2025-11-26 08:30:00,Aspect,Trine,Jupiter,Cancer,"0°35'18.24""",Saturn,Pisces,"0°56'29.67""",120,119.6468,0.3532
2025-11-26 08:45:00,Aspect,Trine,Venus,Libra,"29°47'03.24""",Jupiter,Cancer,"0°35'16.45""",120,119.1963,0.8037
2025-11-26 08:45:00,Aspect,Trine,Jupiter,Cancer,"0°35'16.45""",Saturn,Pisces,"0°56'29.53""",120,119.6464,0.3536
2025-11-26 09:00:00,Aspect,Trine,Venus,Libra,"29°47'50.37""",Jupiter,Cancer,"0°35'14.66""",120,119.2099,0.7901
2025-11-26 09:00:00,Aspect,Trine,Jupiter,Cancer,"0°35'14.66""",Saturn,Pisces,"0°56'29.39""",120,119.6459,0.3541
2025-11-26 09:15:00,Aspect,Trine,Venus,Libra,"29°48'37.49""",Jupiter,Cancer,"0°35'12.87""",120,119.2235,0.7765
2025-11-26 09:15:00,Aspect,Trine,Jupiter,Cancer,"0°35'12.87""",Saturn,Pisces,"0°56'29.25""",120,119.6454,0.3546
2025-11-26 09:30:00,Aspect,Trine,Venus,Libra,"29°49'24.62""",Jupiter,Cancer,"0°35'11.08""",120,119.2371,0.7629
2025-11-26 09:30:00,Aspect,Trine,Jupiter,Cancer,"0°35'11.08""",Saturn,Pisces,"0°56'29.11""",120,119.645,0.355
2025-11-26 09:45:00,Aspect,Trine,Venus,Libra,"29°50'11.75""",Jupiter,Cancer,"0°35'09.28""",120,119.2507,0.7493
2025-11-26 09:45:00,Aspect,Trine,Jupiter,Cancer,"0°35'09.28""",Saturn,Pisces,"0°56'28.97""",120,119.6445,0.3555
2025-11-26 10:00:00,Aspect,Trine,Venus,Libra,"29°50'58.88""",Jupiter,Cancer,"0°35'07.49""",120,119.2643,0.7357
2025-11-26 10:00:00,Aspect,Trine,Jupiter,Cancer,"0°35'07.49""",Saturn,Pisces,"0°56'28.83""",120,119.6441,0.3559
2025-11-26 10:15:00,Aspect,Trine,Venus,Libra,"29°51'46.01""",Jupiter,Cancer,"0°35'05.69""",120,119.2779,0.7221
2025-11-26 10:15:00,Aspect,Trine,Jupiter,Cancer,"0°35'05.69""",Saturn,Pisces,"0°56'28.69""",120,119.6436,0.3564
2025-11-26 10:30:00,Aspect,Trine,Venus,Libra,"29°52'33.14""",Jupiter,Cancer,"0°35'03.89""",120,119.2915,0.7085
2025-11-26 10:30:00,Aspect,Trine,Jupiter,Cancer,"0°35'03.89""",Saturn,Pisces,"0°56'28.55""",120,119.6431,0.3569
2025-11-26 10:45:00,Aspect,Trine,Venus,Libra,"29°53'20.27""",Jupiter,Cancer,"0°35'02.10""",120,119.305,0.695
2025-11-26 10:45:00,Aspect,Trine,Jupiter,Cancer,"0°35'02.10""",Saturn,Pisces,"0°56'28.42""",120,119.6427,0.3573
2025-11-26 11:00:00,Aspect,Trine,Venus,Libra,"29°54'07.40""",Jupiter,Cancer,"0°35'00.30""",120,119.3186,0.6814
2025-11-26 11:00:00,Aspect,Trine,Jupiter,Cancer,"0°35'00.30""",Saturn,Pisces,"0°56'28.28""",120,119.6422,0.3578
2025-11-26 11:15:00,Aspect,Trine,Venus,Libra,"29°54'54.52""",Jupiter,Cancer,"0°34'58.50""",120,119.3322,0.6678
2025-11-26 11:15:00,Aspect,Trine,Jupiter,Cancer,"0°34'58.50""",Saturn,Pisces,"0°56'28.15""",120,119.6418,0.3582
2025-11-26 11:30:00,Aspect,Trine,Venus,Libra,"29°55'41.65""",Jupiter,Cancer,"0°34'56.69""",120,119.3458,0.6542
2025-11-26 11:30:00,Aspect,Trine,Jupiter,Cancer,"0°34'56.69""",Saturn,Pisces,"0°56'28.01""",120,119.6413,0.3587
2025-11-26 11:45:00,Aspect,Trine,Venus,Libra,"29°56'28.78""",Jupiter,Cancer,"0°34'54.89""",120,119.3594,0.6406
2025-11-26 11:45:00,Aspect,Trine,Venus,Libra,"29°56'28.78""",Saturn,Pisces,"0°56'27.88""",120,120.9997,0.9997
2025-11-26 11:45:00,Aspect,Trine,Jupiter,Cancer,"0°34'54.89""",Saturn,Pisces,"0°56'27.88""",120,119.6408,0.3592
2025-11-26 12:00:00,Aspect,Trine,Venus,Libra,"29°57'15.91""",Jupiter,Cancer,"0°34'53.08""",120,119.373,0.627
2025-11-26 12:00:00,Aspect,Trine,Venus,Libra,"29°57'15.91""",Saturn,Pisces,"0°56'27.75""",120,120.9866,0.9866
2025-11-26 12:00:00,Aspect,Trine,Jupiter,Cancer,"0°34'53.08""",Saturn,Pisces,"0°56'27.75""",120,119.6404,0.3596
2025-11-26 12:15:00,Aspect,Trine,Venus,Libra,"29°58'03.04""",Jupiter,Cancer,"0°34'51.28""",120,119.3866,0.6134
2025-11-26 12:15:00,Aspect,Trine,Venus,Libra,"29°58'03.04""",Saturn,Pisces,"0°56'27.61""",120,120.9735,0.9735
2025-11-26 12:15:00,Aspect,Trine,Jupiter,Cancer,"0°34'51.28""",Saturn,Pisces,"0°56'27.61""",120,119.6399,0.3601
2025-11-26 12:30:00,Aspect,Trine,Venus,Libra,"29°58'50.17""",Jupiter,Cancer,"0°34'49.47""",120,119.4002,0.5998
2025-11-26 12:30:00,Aspect,Trine,Venus,Libra,"29°58'50.17""",Saturn,Pisces,"0°56'27.48""",120,120.9604,0.9604
2025-11-26 12:30:00,Aspect,Trine,Jupiter,Cancer,"0°34'49.47""",Saturn,Pisces,"0°56'27.48""",120,119.6394,0.3606
2025-11-26 12:45:00,Aspect,Trine,Venus,Libra,"29°59'37.30""",Jupiter,Cancer,"0°34'47.66""",120,119.4138,0.5862
2025-11-26 12:45:00,Aspect,Trine,Venus,Libra,"29°59'37.30""",Saturn,Pisces,"0°56'27.35""",120,120.9472,0.9472
2025-11-26 12:45:00,Aspect,Trine,Jupiter,Cancer,"0°34'47.66""",Saturn,Pisces,"0°56'27.35""",120,119.639,0.361
2025-11-26 13:00:00,Aspect,Trine,Venus,Scorpio,"0°00'24.43""",Jupiter,Cancer,"0°34'45.85""",120,119.4274,0.5726
2025-11-26 13:00:00,Aspect,Trine,Venus,Scorpio,"0°00'24.43""",Saturn,Pisces,"0°56'27.22""",120,120.9341,0.9341
2025-11-26 13:00:00,Aspect,Trine,Jupiter,Cancer,"0°34'45.85""",Saturn,Pisces,"0°56'27.22""",120,119.6385,0.3615
2025-11-26 13:15:00,Aspect,Trine,Venus,Scorpio,"0°01'11.56""",Jupiter,Cancer,"0°34'44.04""",120,119.441,0.559
2025-11-26 13:15:00,Aspect,Trine,Venus,Scorpio,"0°01'11.56""",Saturn,Pisces,"0°56'27.09""",120,120.921,0.921
2025-11-26 13:15:00,Aspect,Trine,Jupiter,Cancer,"0°34'44.04""",Saturn,Pisces,"0°56'27.09""",120,119.638,0.362
2025-11-26 13:30:00,Aspect,Trine,Venus,Scorpio,"0°01'58.69""",Jupiter,Cancer,"0°34'42.23""",120,119.4546,0.5454
2025-11-26 13:30:00,Aspect,Trine,Venus,Scorpio,"0°01'58.69""",Saturn,Pisces,"0°56'26.96""",120,120.9079,0.9079
2025-11-26 13:30:00,Aspect,Trine,Jupiter,Cancer,"0°34'42.23""",Saturn,Pisces,"0°56'26.96""",120,119.6376,0.3624
2025-11-26 13:45:00,Aspect,Trine,Venus,Scorpio,"0°02'45.82""",Jupiter,Cancer,"0°34'40.42""",120,119.4682,0.5318
2025-11-26 13:45:00,Aspect,Trine,Venus,Scorpio,"0°02'45.82""",Saturn,Pisces,"0°56'26.83""",120,120.8947,0.8947
2025-11-26 13:45:00,Aspect,Trine,Jupiter,Cancer,"0°34'40.42""",Saturn,Pisces,"0°56'26.83""",120,119.6371,0.3629
2025-11-26 14:00:00,Aspect,Trine,Venus,Scorpio,"0°03'32.94""",Jupiter,Cancer,"0°34'38.60""",120,119.4818,0.5182
2025-11-26 14:00:00,Aspect,Trine,Venus,Scorpio,"0°03'32.94""",Saturn,Pisces,"0°56'26.70""",120,120.8816,0.8816
2025-11-26 14:00:00,Aspect,Trine,Jupiter,Cancer,"0°34'38.60""",Saturn,Pisces,"0°56'26.70""",120,119.6366,0.3634
2025-11-26 14:15:00,Aspect,Trine,Venus,Scorpio,"0°04'20.07""",Jupiter,Cancer,"0°34'36.78""",120,119.4954,0.5046
2025-11-26 14:15:00,Aspect,Trine,Venus,Scorpio,"0°04'20.07""",Saturn,Pisces,"0°56'26.58""",120,120.8685,0.8685
2025-11-26 14:15:00,Aspect,Trine,Jupiter,Cancer,"0°34'36.78""",Saturn,Pisces,"0°56'26.58""",120,119.6362,0.3638
2025-11-26 14:30:00,Aspect,Trine,Venus,Scorpio,"0°05'07.20""",Jupiter,Cancer,"0°34'34.97""",120,119.509,0.491
2025-11-26 14:30:00,Aspect,Trine,Venus,Scorpio,"0°05'07.20""",Saturn,Pisces,"0°56'26.45""",120,120.8553,0.8553
2025-11-26 14:30:00,Aspect,Trine,Jupiter,Cancer,"0°34'34.97""",Saturn,Pisces,"0°56'26.45""",120,119.6357,0.3643
2025-11-26 14:45:00,Aspect,Trine,Venus,Scorpio,"0°05'54.33""",Jupiter,Cancer,"0°34'33.15""",120,119.5226,0.4774
2025-11-26 14:45:00,Aspect,Trine,Venus,Scorpio,"0°05'54.33""",Saturn,Pisces,"0°56'26.33""",120,120.8422,0.8422
2025-11-26 14:45:00,Aspect,Trine,Jupiter,Cancer,"0°34'33.15""",Saturn,Pisces,"0°56'26.33""",120,119.6352,0.3648
2025-11-26 15:00:00,Aspect,Trine,Venus,Scorpio,"0°06'41.46""",Jupiter,Cancer,"0°34'31.33""",120,119.5361,0.4639
2025-11-26 15:00:00,Aspect,Trine,Venus,Scorpio,"0°06'41.46""",Saturn,Pisces,"0°56'26.20""",120,120.8291,0.8291
2025-11-26 15:00:00,Aspect,Trine,Jupiter,Cancer,"0°34'31.33""",Saturn,Pisces,"0°56'26.20""",120,119.6348,0.3652
2025-11-26 15:15:00,Aspect,Trine,Venus,Scorpio,"0°07'28.59""",Jupiter,Cancer,"0°34'29.51""",120,119.5497,0.4503
2025-11-26 15:15:00,Aspect,Trine,Venus,Scorpio,"0°07'28.59""",Saturn,Pisces,"0°56'26.08""",120,120.816,0.816
2025-11-26 15:15:00,Aspect,Trine,Jupiter,Cancer,"0°34'29.51""",Saturn,Pisces,"0°56'26.08""",120,119.6343,0.3657
2025-11-26 15:30:00,Aspect,Trine,Venus,Scorpio,"0°08'15.72""",Jupiter,Cancer,"0°34'27.69""",120,119.5633,0.4367
2025-11-26 15:30:00,Aspect,Trine,Venus,Scorpio,"0°08'15.72""",Saturn,Pisces,"0°56'25.95""",120,120.8028,0.8028
2025-11-26 15:30:00,Aspect,Trine,Jupiter,Cancer,"0°34'27.69""",Saturn,Pisces,"0°56'25.95""",120,119.6338,0.3662
2025-11-26 15:45:00,Aspect,Trine,Venus,Scorpio,"0°09'02.85""",Jupiter,Cancer,"0°34'25.86""",120,119.5769,0.4231
2025-11-26 15:45:00,Aspect,Trine,Venus,Scorpio,"0°09'02.85""",Saturn,Pisces,"0°56'25.83""",120,120.7897,0.7897
2025-11-26 15:45:00,Aspect,Trine,Jupiter,Cancer,"0°34'25.86""",Saturn,Pisces,"0°56'25.83""",120,119.6333,0.3667
2025-11-26 16:00:00,Aspect,Trine,Venus,Scorpio,"0°09'49.98""",Jupiter,Cancer,"0°34'24.04""",120,119.5905,0.4095
2025-11-26 16:00:00,Aspect,Trine,Venus,Scorpio,"0°09'49.98""",Saturn,Pisces,"0°56'25.71""",120,120.7766,0.7766
2025-11-26 16:00:00,Aspect,Trine,Jupiter,Cancer,"0°34'24.04""",Saturn,Pisces,"0°56'25.71""",120,119.6329,0.3671
2025-11-26 16:15:00,Aspect,Trine,Venus,Scorpio,"0°10'37.11""",Jupiter,Cancer,"0°34'22.21""",120,119.6041,0.3959
2025-11-26 16:15:00,Aspect,Trine,Venus,Scorpio,"0°10'37.11""",Saturn,Pisces,"0°56'25.59""",120,120.7635,0.7635
2025-11-26 16:15:00,Aspect,Trine,Jupiter,Cancer,"0°34'22.21""",Saturn,Pisces,"0°56'25.59""",120,119.6324,0.3676
2025-11-26 16:30:00,Aspect,Trine,Venus,Scorpio,"0°11'24.24""",Jupiter,Cancer,"0°34'20.38""",120,119.6177,0.3823
2025-11-26 16:30:00,Aspect,Trine,Venus,Scorpio,"0°11'24.24""",Saturn,Pisces,"0°56'25.47""",120,120.7503,0.7503
2025-11-26 16:30:00,Aspect,Trine,Jupiter,Cancer,"0°34'20.38""",Saturn,Pisces,"0°56'25.47""",120,119.6319,0.3681
2025-11-26 16:45:00,Aspect,Trine,Venus,Scorpio,"0°12'11.37""",Jupiter,Cancer,"0°34'18.56""",120,119.6313,0.3687
2025-11-26 16:45:00,Aspect,Trine,Venus,Scorpio,"0°12'11.37""",Saturn,Pisces,"0°56'25.35""",120,120.7372,0.7372
2025-11-26 16:45:00,Aspect,Trine,Jupiter,Cancer,"0°34'18.56""",Saturn,Pisces,"0°56'25.35""",120,119.6314,0.3686
2025-11-26 17:00:00,Aspect,Trine,Venus,Scorpio,"0°12'58.50""",Jupiter,Cancer,"0°34'16.73""",120,119.6449,0.3551
2025-11-26 17:00:00,Aspect,Trine,Venus,Scorpio,"0°12'58.50""",Saturn,Pisces,"0°56'25.23""",120,120.7241,0.7241
2025-11-26 17:00:00,Aspect,Trine,Jupiter,Cancer,"0°34'16.73""",Saturn,Pisces,"0°56'25.23""",120,119.631,0.369
2025-11-26 17:15:00,Aspect,Trine,Venus,Scorpio,"0°13'45.63""",Jupiter,Cancer,"0°34'14.89""",120,119.6585,0.3415
2025-11-26 17:15:00,Aspect,Trine,Venus,Scorpio,"0°13'45.63""",Saturn,Pisces,"0°56'25.11""",120,120.711,0.711
2025-11-26 17:15:00,Aspect,Trine,Jupiter,Cancer,"0°34'14.89""",Saturn,Pisces,"0°56'25.11""",120,119.6305,0.3695
2025-11-26 17:30:00,Aspect,Trine,Venus,Scorpio,"0°14'32.76""",Jupiter,Cancer,"0°34'13.06""",120,119.6721,0.3279
2025-11-26 17:30:00,Aspect,Trine,Venus,Scorpio,"0°14'32.76""",Saturn,Pisces,"0°56'24.99""",120,120.6978,0.6978
2025-11-26 17:30:00,Aspect,Trine,Jupiter,Cancer,"0°34'13.06""",Saturn,Pisces,"0°56'24.99""",120,119.63,0.37
2025-11-26 17:45:00,Aspect,Trine,Venus,Scorpio,"0°15'19.89""",Jupiter,Cancer,"0°34'11.23""",120,119.6857,0.3143
2025-11-26 17:45:00,Aspect,Trine,Venus,Scorpio,"0°15'19.89""",Saturn,Pisces,"0°56'24.88""",120,120.6847,0.6847
2025-11-26 17:45:00,Aspect,Trine,Jupiter,Cancer,"0°34'11.23""",Saturn,Pisces,"0°56'24.88""",120,119.6295,0.3705
2025-11-26 18:00:00,Aspect,Trine,Venus,Scorpio,"0°16'07.02""",Jupiter,Cancer,"0°34'09.39""",120,119.6993,0.3007
2025-11-26 18:00:00,Aspect,Trine,Venus,Scorpio,"0°16'07.02""",Saturn,Pisces,"0°56'24.76""",120,120.6716,0.6716
2025-11-26 18:00:00,Aspect,Trine,Jupiter,Cancer,"0°34'09.39""",Saturn,Pisces,"0°56'24.76""",120,119.6291,0.3709
2025-11-26 18:15:00,Aspect,Trine,Venus,Scorpio,"0°16'54.15""",Jupiter,Cancer,"0°34'07.56""",120,119.7129,0.2871
2025-11-26 18:15:00,Aspect,Trine,Venus,Scorpio,"0°16'54.15""",Saturn,Pisces,"0°56'24.64""",120,120.6585,0.6585
2025-11-26 18:15:00,Aspect,Trine,Jupiter,Cancer,"0°34'07.56""",Saturn,Pisces,"0°56'24.64""",120,119.6286,0.3714
2025-11-26 18:30:00,Aspect,Trine,Venus,Scorpio,"0°17'41.28""",Jupiter,Cancer,"0°34'05.72""",120,119.7265,0.2735
2025-11-26 18:30:00,Aspect,Trine,Venus,Scorpio,"0°17'41.28""",Saturn,Pisces,"0°56'24.53""",120,120.6453,0.6453
2025-11-26 18:30:00,Aspect,Trine,Jupiter,Cancer,"0°34'05.72""",Saturn,Pisces,"0°56'24.53""",120,119.6281,0.3719
2025-11-26 18:45:00,Aspect,Trine,Venus,Scorpio,"0°18'28.41""",Jupiter,Cancer,"0°34'03.88""",120,119.7401,0.2599
2025-11-26 18:45:00,Aspect,Trine,Venus,Scorpio,"0°18'28.41""",Saturn,Pisces,"0°56'24.41""",120,120.6322,0.6322
2025-11-26 18:45:00,Aspect,Trine,Jupiter,Cancer,"0°34'03.88""",Saturn,Pisces,"0°56'24.41""",120,119.6276,0.3724
2025-11-26 19:00:00,Aspect,Trine,Venus,Scorpio,"0°19'15.54""",Jupiter,Cancer,"0°34'02.04""",120,119.7537,0.2463
2025-11-26 19:00:00,Aspect,Trine,Venus,Scorpio,"0°19'15.54""",Saturn,Pisces,"0°56'24.30""",120,120.6191,0.6191
2025-11-26 19:00:00,Aspect,Trine,Jupiter,Cancer,"0°34'02.04""",Saturn,Pisces,"0°56'24.30""",120,119.6272,0.3728
2025-11-26 19:15:00,Aspect,Trine,Venus,Scorpio,"0°20'02.67""",Jupiter,Cancer,"0°34'00.20""",120,119.7674,0.2326
2025-11-26 19:15:00,Aspect,Trine,Venus,Scorpio,"0°20'02.67""",Saturn,Pisces,"0°56'24.19""",120,120.606,0.606
2025-11-26 19:15:00,Aspect,Trine,Jupiter,Cancer,"0°34'00.20""",Saturn,Pisces,"0°56'24.19""",120,119.6267,0.3733
2025-11-26 19:30:00,Aspect,Trine,Venus,Scorpio,"0°20'49.80""",Jupiter,Cancer,"0°33'58.36""",120,119.781,0.219
2025-11-26 19:30:00,Aspect,Trine,Venus,Scorpio,"0°20'49.80""",Saturn,Pisces,"0°56'24.08""",120,120.5929,0.5929
2025-11-26 19:30:00,Aspect,Trine,Jupiter,Cancer,"0°33'58.36""",Saturn,Pisces,"0°56'24.08""",120,119.6262,0.3738
2025-11-26 19:45:00,Aspect,Trine,Venus,Scorpio,"0°21'36.93""",Jupiter,Cancer,"0°33'56.51""",120,119.7946,0.2054
2025-11-26 19:45:00,Aspect,Trine,Venus,Scorpio,"0°21'36.93""",Saturn,Pisces,"0°56'23.96""",120,120.5797,0.5797
2025-11-26 19:45:00,Aspect,Trine,Jupiter,Cancer,"0°33'56.51""",Saturn,Pisces,"0°56'23.96""",120,119.6257,0.3743
2025-11-26 20:00:00,Aspect,Trine,Venus,Scorpio,"0°22'24.06""",Jupiter,Cancer,"0°33'54.67""",120,119.8082,0.1918
2025-11-26 20:00:00,Aspect,Trine,Venus,Scorpio,"0°22'24.06""",Saturn,Pisces,"0°56'23.85""",120,120.5666,0.5666
2025-11-26 20:00:00,Aspect,Trine,Jupiter,Cancer,"0°33'54.67""",Saturn,Pisces,"0°56'23.85""",120,119.6252,0.3748
2025-11-26 20:15:00,Aspect,Trine,Venus,Scorpio,"0°23'11.19""",Jupiter,Cancer,"0°33'52.82""",120,119.8218,0.1782
2025-11-26 20:15:00,Aspect,Trine,Venus,Scorpio,"0°23'11.19""",Saturn,Pisces,"0°56'23.74""",120,120.5535,0.5535
2025-11-26 20:15:00,Aspect,Trine,Jupiter,Cancer,"0°33'52.82""",Saturn,Pisces,"0°56'23.74""",120,119.6247,0.3753
2025-11-26 20:30:00,Aspect,Trine,Venus,Scorpio,"0°23'58.32""",Jupiter,Cancer,"0°33'50.98""",120,119.8354,0.1646
2025-11-26 20:30:00,Aspect,Trine,Venus,Scorpio,"0°23'58.32""",Saturn,Pisces,"0°56'23.63""",120,120.5404,0.5404
2025-11-26 20:30:00,Aspect,Trine,Jupiter,Cancer,"0°33'50.98""",Saturn,Pisces,"0°56'23.63""",120,119.6243,0.3757
2025-11-26 20:45:00,Aspect,Trine,Venus,Scorpio,"0°24'45.45""",Jupiter,Cancer,"0°33'49.13""",120,119.849,0.151
2025-11-26 20:45:00,Aspect,Trine,Venus,Scorpio,"0°24'45.45""",Saturn,Pisces,"0°56'23.53""",120,120.5272,0.5272
2025-11-26 20:45:00,Aspect,Trine,Jupiter,Cancer,"0°33'49.13""",Saturn,Pisces,"0°56'23.53""",120,119.6238,0.3762
2025-11-26 21:00:00,Aspect,Trine,Venus,Scorpio,"0°25'32.58""",Jupiter,Cancer,"0°33'47.28""",120,119.8626,0.1374
2025-11-26 21:00:00,Aspect,Trine,Venus,Scorpio,"0°25'32.58""",Saturn,Pisces,"0°56'23.42""",120,120.5141,0.5141
2025-11-26 21:00:00,Aspect,Trine,Jupiter,Cancer,"0°33'47.28""",Saturn,Pisces,"0°56'23.42""",120,119.6233,0.3767
2025-11-26 21:15:00,Aspect,Trine,Venus,Scorpio,"0°26'19.71""",Jupiter,Cancer,"0°33'45.43""",120,119.8762,0.1238
2025-11-26 21:15:00,Aspect,Trine,Venus,Scorpio,"0°26'19.71""",Saturn,Pisces,"0°56'23.31""",120,120.501,0.501
2025-11-26 21:15:00,Aspect,Trine,Jupiter,Cancer,"0°33'45.43""",Saturn,Pisces,"0°56'23.31""",120,119.6228,0.3772
2025-11-26 21:30:00,Aspect,Trine,Venus,Scorpio,"0°27'06.85""",Jupiter,Cancer,"0°33'43.57""",120,119.8898,0.1102
2025-11-26 21:30:00,Aspect,Trine,Venus,Scorpio,"0°27'06.85""",Saturn,Pisces,"0°56'23.20""",120,120.4879,0.4879
2025-11-26 21:30:00,Aspect,Trine,Jupiter,Cancer,"0°33'43.57""",Saturn,Pisces,"0°56'23.20""",120,119.6223,0.3777
2025-11-26 21:45:00,Aspect,Trine,Venus,Scorpio,"0°27'53.98""",Jupiter,Cancer,"0°33'41.72""",120,119.9034,0.0966
2025-11-26 21:45:00,Aspect,Trine,Venus,Scorpio,"0°27'53.98""",Saturn,Pisces,"0°56'23.10""",120,120.4748,0.4748
2025-11-26 21:45:00,Aspect,Trine,Jupiter,Cancer,"0°33'41.72""",Saturn,Pisces,"0°56'23.10""",120,119.6218,0.3782
2025-11-26 22:00:00,Aspect,Trine,Venus,Scorpio,"0°28'41.11""",Jupiter,Cancer,"0°33'39.87""",120,119.917,0.083
2025-11-26 22:00:00,Aspect,Trine,Venus,Scorpio,"0°28'41.11""",Saturn,Pisces,"0°56'22.99""",120,120.4616,0.4616
2025-11-26 22:00:00,Aspect,Trine,Jupiter,Cancer,"0°33'39.87""",Saturn,Pisces,"0°56'22.99""",120,119.6214,0.3786
2025-11-26 22:15:00,Aspect,Trine,Venus,Scorpio,"0°29'28.24""",Jupiter,Cancer,"0°33'38.01""",120,119.9306,0.0694
2025-11-26 22:15:00,Aspect,Trine,Venus,Scorpio,"0°29'28.24""",Saturn,Pisces,"0°56'22.89""",120,120.4485,0.4485
2025-11-26 22:15:00,Aspect,Trine,Jupiter,Cancer,"0°33'38.01""",Saturn,Pisces,"0°56'22.89""",120,119.6209,0.3791
2025-11-26 22:30:00,Aspect,Trine,Venus,Scorpio,"0°30'15.37""",Jupiter,Cancer,"0°33'36.15""",120,119.9442,0.0558
2025-11-26 22:30:00,Aspect,Trine,Venus,Scorpio,"0°30'15.37""",Saturn,Pisces,"0°56'22.78""",120,120.4354,0.4354
2025-11-26 22:30:00,Aspect,Trine,Jupiter,Cancer,"0°33'36.15""",Saturn,Pisces,"0°56'22.78""",120,119.6204,0.3796
2025-11-26 22:45:00,Aspect,Trine,Venus,Scorpio,"0°31'02.50""",Jupiter,Cancer,"0°33'34.29""",120,119.9578,0.0422
2025-11-26 22:45:00,Aspect,Trine,Venus,Scorpio,"0°31'02.50""",Saturn,Pisces,"0°56'22.68""",120,120.4223,0.4223
2025-11-26 22:45:00,Aspect,Trine,Jupiter,Cancer,"0°33'34.29""",Saturn,Pisces,"0°56'22.68""",120,119.6199,0.3801
2025-11-26 23:00:00,Aspect,Trine,Venus,Scorpio,"0°31'49.63""",Jupiter,Cancer,"0°33'32.43""",120,119.9714,0.0286
2025-11-26 23:00:00,Aspect,Trine,Venus,Scorpio,"0°31'49.63""",Saturn,Pisces,"0°56'22.58""",120,120.4092,0.4092
2025-11-26 23:00:00,Aspect,Trine,Jupiter,Cancer,"0°33'32.43""",Saturn,Pisces,"0°56'22.58""",120,119.6194,0.3806
2025-11-26 23:15:00,Aspect,Trine,Venus,Scorpio,"0°32'36.76""",Jupiter,Cancer,"0°33'30.57""",120,119.9851,0.0149
2025-11-26 23:15:00,Aspect,Trine,Venus,Scorpio,"0°32'36.76""",Saturn,Pisces,"0°56'22.48""",120,120.396,0.396
2025-11-26 23:15:00,Aspect,Trine,Jupiter,Cancer,"0°33'30.57""",Saturn,Pisces,"0°56'22.48""",120,119.6189,0.3811
2025-11-26 23:30:00,Aspect,Trine,Venus,Scorpio,"0°33'23.89""",Jupiter,Cancer,"0°33'28.71""",120,119.9987,0.0013
2025-11-26 23:30:00,Aspect,Trine,Venus,Scorpio,"0°33'23.89""",Saturn,Pisces,"0°56'22.38""",120,120.3829,0.3829
2025-11-26 23:30:00,Aspect,Trine,Jupiter,Cancer,"0°33'28.71""",Saturn,Pisces,"0°56'22.38""",120,119.6184,0.3816
2025-11-26 23:45:00,Aspect,Trine,Venus,Scorpio,"0°34'11.02""",Jupiter,Cancer,"0°33'26.85""",120,120.0123,0.0123
2025-11-26 23:45:00,Aspect,Trine,Venus,Scorpio,"0°34'11.02""",Saturn,Pisces,"0°56'22.28""",120,120.3698,0.3698
2025-11-26 23:45:00,Aspect,Trine,Jupiter,Cancer,"0°33'26.85""",Saturn,Pisces,"0°56'22.28""",120,119.6179,0.3821
2025-11-27 00:00:00,Aspect,Trine,Venus,Scorpio,"0°34'58.15""",Jupiter,Cancer,"0°33'24.98""",120,120.0259,0.0259
2025-11-27 00:00:00,Aspect,Trine,Venus,Scorpio,"0°34'58.15""",Saturn,Pisces,"0°56'22.18""",120,120.3567,0.3567
2025-11-27 00:00:00,Aspect,Trine,Jupiter,Cancer,"0°33'24.98""",Saturn,Pisces,"0°56'22.18""",120,119.6174,0.3826
2025-11-27 00:15:00,Aspect,Trine,Venus,Scorpio,"0°35'45.28""",Jupiter,Cancer,"0°33'23.12""",120,120.0395,0.0395
2025-11-27 00:15:00,Aspect,Trine,Venus,Scorpio,"0°35'45.28""",Saturn,Pisces,"0°56'22.08""",120,120.3436,0.3436
2025-11-27 00:15:00,Aspect,Trine,Jupiter,Cancer,"0°33'23.12""",Saturn,Pisces,"0°56'22.08""",120,119.617,0.383
2025-11-27 00:30:00,Aspect,Trine,Venus,Scorpio,"0°36'32.42""",Jupiter,Cancer,"0°33'21.25""",120,120.0531,0.0531
2025-11-27 00:30:00,Aspect,Trine,Venus,Scorpio,"0°36'32.42""",Saturn,Pisces,"0°56'21.98""",120,120.3304,0.3304
2025-11-27 00:30:00,Aspect,Trine,Jupiter,Cancer,"0°33'21.25""",Saturn,Pisces,"0°56'21.98""",120,119.6165,0.3835
2025-11-27 00:45:00,Aspect,Trine,Venus,Scorpio,"0°37'19.55""",Jupiter,Cancer,"0°33'19.38""",120,120.0667,0.0667
2025-11-27 00:45:00,Aspect,Trine,Venus,Scorpio,"0°37'19.55""",Saturn,Pisces,"0°56'21.88""",120,120.3173,0.3173
2025-11-27 00:45:00,Aspect,Trine,Jupiter,Cancer,"0°33'19.38""",Saturn,Pisces,"0°56'21.88""",120,119.616,0.384
2025-11-27 01:00:00,Aspect,Trine,Venus,Scorpio,"0°38'06.68""",Jupiter,Cancer,"0°33'17.51""",120,120.0803,0.0803
2025-11-27 01:00:00,Aspect,Trine,Venus,Scorpio,"0°38'06.68""",Saturn,Pisces,"0°56'21.79""",120,120.3042,0.3042
2025-11-27 01:00:00,Aspect,Trine,Jupiter,Cancer,"0°33'17.51""",Saturn,Pisces,"0°56'21.79""",120,119.6155,0.3845
2025-11-27 01:15:00,Aspect,Trine,Venus,Scorpio,"0°38'53.81""",Jupiter,Cancer,"0°33'15.64""",120,120.0939,0.0939
2025-11-27 01:15:00,Aspect,Trine,Venus,Scorpio,"0°38'53.81""",Saturn,Pisces,"0°56'21.69""",120,120.2911,0.2911
2025-11-27 01:15:00,Aspect,Trine,Jupiter,Cancer,"0°33'15.64""",Saturn,Pisces,"0°56'21.69""",120,119.615,0.385
2025-11-27 01:30:00,Aspect,Trine,Venus,Scorpio,"0°39'40.94""",Jupiter,Cancer,"0°33'13.77""",120,120.1075,0.1075
2025-11-27 01:30:00,Aspect,Trine,Venus,Scorpio,"0°39'40.94""",Saturn,Pisces,"0°56'21.60""",120,120.278,0.278
2025-11-27 01:30:00,Aspect,Trine,Jupiter,Cancer,"0°33'13.77""",Saturn,Pisces,"0°56'21.60""",120,119.6145,0.3855
2025-11-27 01:45:00,Aspect,Trine,Venus,Scorpio,"0°40'28.07""",Jupiter,Cancer,"0°33'11.89""",120,120.1212,0.1212
2025-11-27 01:45:00,Aspect,Trine,Venus,Scorpio,"0°40'28.07""",Saturn,Pisces,"0°56'21.50""",120,120.2648,0.2648
2025-11-27 01:45:00,Aspect,Trine,Jupiter,Cancer,"0°33'11.89""",Saturn,Pisces,"0°56'21.50""",120,119.614,0.386
2025-11-27 02:00:00,Aspect,Trine,Venus,Scorpio,"0°41'15.20""",Jupiter,Cancer,"0°33'10.02""",120,120.1348,0.1348
2025-11-27 02:00:00,Aspect,Trine,Venus,Scorpio,"0°41'15.20""",Saturn,Pisces,"0°56'21.41""",120,120.2517,0.2517
2025-11-27 02:00:00,Aspect,Trine,Jupiter,Cancer,"0°33'10.02""",Saturn,Pisces,"0°56'21.41""",120,119.6135,0.3865
2025-11-27 02:15:00,Aspect,Trine,Venus,Scorpio,"0°42'02.33""",Jupiter,Cancer,"0°33'08.14""",120,120.1484,0.1484
2025-11-27 02:15:00,Aspect,Trine,Venus,Scorpio,"0°42'02.33""",Saturn,Pisces,"0°56'21.31""",120,120.2386,0.2386
2025-11-27 02:15:00,Aspect,Trine,Jupiter,Cancer,"0°33'08.14""",Saturn,Pisces,"0°56'21.31""",120,119.613,0.387
2025-11-27 02:30:00,Aspect,Trine,Venus,Scorpio,"0°42'49.47""",Jupiter,Cancer,"0°33'06.27""",120,120.162,0.162
2025-11-27 02:30:00,Aspect,Trine,Venus,Scorpio,"0°42'49.47""",Saturn,Pisces,"0°56'21.22""",120,120.2255,0.2255
2025-11-27 02:30:00,Aspect,Trine,Jupiter,Cancer,"0°33'06.27""",Saturn,Pisces,"0°56'21.22""",120,119.6125,0.3875
2025-11-27 02:45:00,Aspect,Trine,Venus,Scorpio,"0°43'36.60""",Jupiter,Cancer,"0°33'04.39""",120,120.1756,0.1756
2025-11-27 02:45:00,Aspect,Trine,Venus,Scorpio,"0°43'36.60""",Saturn,Pisces,"0°56'21.13""",120,120.2124,0.2124
2025-11-27 02:45:00,Aspect,Trine,Jupiter,Cancer,"0°33'04.39""",Saturn,Pisces,"0°56'21.13""",120,119.612,0.388
2025-11-27 03:00:00,Aspect,Trine,Venus,Scorpio,"0°44'23.73""",Jupiter,Cancer,"0°33'02.51""",120,120.1892,0.1892
2025-11-27 03:00:00,Aspect,Trine,Venus,Scorpio,"0°44'23.73""",Saturn,Pisces,"0°56'21.04""",120,120.1993,0.1993
2025-11-27 03:00:00,Aspect,Trine,Jupiter,Cancer,"0°33'02.51""",Saturn,Pisces,"0°56'21.04""",120,119.6115,0.3885
2025-11-27 03:15:00,Aspect,Trine,Venus,Scorpio,"0°45'10.86""",Jupiter,Cancer,"0°33'00.63""",120,120.2028,0.2028
2025-11-27 03:15:00,Aspect,Trine,Venus,Scorpio,"0°45'10.86""",Saturn,Pisces,"0°56'20.95""",120,120.1861,0.1861
2025-11-27 03:15:00,Aspect,Trine,Jupiter,Cancer,"0°33'00.63""",Saturn,Pisces,"0°56'20.95""",120,119.611,0.389
2025-11-27 03:30:00,Aspect,Trine,Venus,Scorpio,"0°45'57.99""",Jupiter,Cancer,"0°32'58.74""",120,120.2165,0.2165
2025-11-27 03:30:00,Aspect,Trine,Venus,Scorpio,"0°45'57.99""",Saturn,Pisces,"0°56'20.86""",120,120.173,0.173
2025-11-27 03:30:00,Aspect,Trine,Jupiter,Cancer,"0°32'58.74""",Saturn,Pisces,"0°56'20.86""",120,119.6105,0.3895
2025-11-27 03:45:00,Aspect,Trine,Venus,Scorpio,"0°46'45.12""",Jupiter,Cancer,"0°32'56.86""",120,120.2301,0.2301
2025-11-27 03:45:00,Aspect,Trine,Venus,Scorpio,"0°46'45.12""",Saturn,Pisces,"0°56'20.77""",120,120.1599,0.1599
2025-11-27 03:45:00,Aspect,Trine,Jupiter,Cancer,"0°32'56.86""",Saturn,Pisces,"0°56'20.77""",120,119.61,0.39
2025-11-27 04:00:00,Aspect,Trine,Venus,Scorpio,"0°47'32.26""",Jupiter,Cancer,"0°32'54.98""",120,120.2437,0.2437
2025-11-27 04:00:00,Aspect,Trine,Venus,Scorpio,"0°47'32.26""",Saturn,Pisces,"0°56'20.68""",120,120.1468,0.1468
2025-11-27 04:00:00,Aspect,Trine,Jupiter,Cancer,"0°32'54.98""",Saturn,Pisces,"0°56'20.68""",120,119.6095,0.3905
2025-11-27 04:15:00,Aspect,Trine,Venus,Scorpio,"0°48'19.39""",Jupiter,Cancer,"0°32'53.09""",120,120.2573,0.2573
2025-11-27 04:15:00,Aspect,Trine,Venus,Scorpio,"0°48'19.39""",Saturn,Pisces,"0°56'20.59""",120,120.1337,0.1337
2025-11-27 04:15:00,Aspect,Trine,Jupiter,Cancer,"0°32'53.09""",Saturn,Pisces,"0°56'20.59""",120,119.609,0.391
2025-11-27 04:30:00,Aspect,Trine,Venus,Scorpio,"0°49'06.52""",Jupiter,Cancer,"0°32'51.20""",120,120.2709,0.2709
2025-11-27 04:30:00,Aspect,Trine,Venus,Scorpio,"0°49'06.52""",Saturn,Pisces,"0°56'20.51""",120,120.1206,0.1206
2025-11-27 04:30:00,Aspect,Trine,Jupiter,Cancer,"0°32'51.20""",Saturn,Pisces,"0°56'20.51""",120,119.6085,0.3915
2025-11-27 04:45:00,Aspect,Trine,Venus,Scorpio,"0°49'53.65""",Jupiter,Cancer,"0°32'49.31""",120,120.2845,0.2845
2025-11-27 04:45:00,Aspect,Trine,Venus,Scorpio,"0°49'53.65""",Saturn,Pisces,"0°56'20.42""",120,120.1074,0.1074
2025-11-27 04:45:00,Aspect,Trine,Jupiter,Cancer,"0°32'49.31""",Saturn,Pisces,"0°56'20.42""",120,119.608,0.392
2025-11-27 05:00:00,Aspect,Trine,Venus,Scorpio,"0°50'40.78""",Jupiter,Cancer,"0°32'47.42""",120,120.2982,0.2982
2025-11-27 05:00:00,Aspect,Trine,Venus,Scorpio,"0°50'40.78""",Saturn,Pisces,"0°56'20.34""",120,120.0943,0.0943
2025-11-27 05:00:00,Aspect,Trine,Jupiter,Cancer,"0°32'47.42""",Saturn,Pisces,"0°56'20.34""",120,119.6075,0.3925
2025-11-27 05:15:00,Aspect,Trine,Venus,Scorpio,"0°51'27.91""",Jupiter,Cancer,"0°32'45.53""",120,120.3118,0.3118
2025-11-27 05:15:00,Aspect,Trine,Venus,Scorpio,"0°51'27.91""",Saturn,Pisces,"0°56'20.25""",120,120.0812,0.0812
2025-11-27 05:15:00,Aspect,Trine,Jupiter,Cancer,"0°32'45.53""",Saturn,Pisces,"0°56'20.25""",120,119.607,0.393
2025-11-27 05:30:00,Aspect,Trine,Venus,Scorpio,"0°52'15.05""",Jupiter,Cancer,"0°32'43.64""",120,120.3254,0.3254
2025-11-27 05:30:00,Aspect,Trine,Venus,Scorpio,"0°52'15.05""",Saturn,Pisces,"0°56'20.17""",120,120.0681,0.0681
2025-11-27 05:30:00,Aspect,Trine,Jupiter,Cancer,"0°32'43.64""",Saturn,Pisces,"0°56'20.17""",120,119.6065,0.3935
2025-11-27 05:45:00,Aspect,Trine,Venus,Scorpio,"0°53'02.18""",Jupiter,Cancer,"0°32'41.75""",120,120.339,0.339
2025-11-27 05:45:00,Aspect,Trine,Venus,Scorpio,"0°53'02.18""",Saturn,Pisces,"0°56'20.08""",120,120.055,0.055
2025-11-27 05:45:00,Aspect,Trine,Jupiter,Cancer,"0°32'41.75""",Saturn,Pisces,"0°56'20.08""",120,119.606,0.394
2025-11-27 06:00:00,Aspect,Trine,Venus,Scorpio,"0°53'49.31""",Jupiter,Cancer,"0°32'39.85""",120,120.3526,0.3526
2025-11-27 06:00:00,Aspect,Trine,Venus,Scorpio,"0°53'49.31""",Saturn,Pisces,"0°56'20.00""",120,120.0419,0.0419
2025-11-27 06:00:00,Aspect,Trine,Jupiter,Cancer,"0°32'39.85""",Saturn,Pisces,"0°56'20.00""",120,119.6055,0.3945
2025-11-27 06:15:00,Aspect,Trine,Venus,Scorpio,"0°54'36.44""",Jupiter,Cancer,"0°32'37.96""",120,120.3662,0.3662
2025-11-27 06:15:00,Aspect,Trine,Venus,Scorpio,"0°54'36.44""",Saturn,Pisces,"0°56'19.92""",120,120.0287,0.0287
2025-11-27 06:15:00,Aspect,Trine,Jupiter,Cancer,"0°32'37.96""",Saturn,Pisces,"0°56'19.92""",120,119.605,0.395
2025-11-27 06:30:00,Aspect,Trine,Venus,Scorpio,"0°55'23.57""",Jupiter,Cancer,"0°32'36.06""",120,120.3799,0.3799
2025-11-27 06:30:00,Aspect,Trine,Venus,Scorpio,"0°55'23.57""",Saturn,Pisces,"0°56'19.84""",120,120.0156,0.0156
2025-11-27 06:30:00,Aspect,Trine,Jupiter,Cancer,"0°32'36.06""",Saturn,Pisces,"0°56'19.84""",120,119.6045,0.3955
2025-11-27 06:45:00,Aspect,Trine,Venus,Scorpio,"0°56'10.71""",Jupiter,Cancer,"0°32'34.16""",120,120.3935,0.3935
2025-11-27 06:45:00,Aspect,Trine,Venus,Scorpio,"0°56'10.71""",Saturn,Pisces,"0°56'19.76""",120,120.0025,0.0025
2025-11-27 06:45:00,Aspect,Trine,Jupiter,Cancer,"0°32'34.16""",Saturn,Pisces,"0°56'19.76""",120,119.604,0.396
2025-11-27 07:00:00,Aspect,Trine,Venus,Scorpio,"0°56'57.84""",Jupiter,Cancer,"0°32'32.26""",120,120.4071,0.4071
2025-11-27 07:00:00,Aspect,Trine,Venus,Scorpio,"0°56'57.84""",Saturn,Pisces,"0°56'19.68""",120,119.9894,0.0106
2025-11-27 07:00:00,Aspect,Trine,Jupiter,Cancer,"0°32'32.26""",Saturn,Pisces,"0°56'19.68""",120,119.6035,0.3965
2025-11-27 07:15:00,Aspect,Trine,Venus,Scorpio,"0°57'44.97""",Jupiter,Cancer,"0°32'30.36""",120,120.4207,0.4207
2025-11-27 07:15:00,Aspect,Trine,Venus,Scorpio,"0°57'44.97""",Saturn,Pisces,"0°56'19.60""",120,119.9763,0.0237
2025-11-27 07:15:00,Aspect,Trine,Jupiter,Cancer,"0°32'30.36""",Saturn,Pisces,"0°56'19.60""",120,119.603,0.397
2025-11-27 07:30:00,Aspect,Trine,Venus,Scorpio,"0°58'32.10""",Jupiter,Cancer,"0°32'28.46""",120,120.4343,0.4343
2025-11-27 07:30:00,Aspect,Trine,Venus,Scorpio,"0°58'32.10""",Saturn,Pisces,"0°56'19.52""",120,119.9632,0.0368
2025-11-27 07:30:00,Aspect,Trine,Jupiter,Cancer,"0°32'28.46""",Saturn,Pisces,"0°56'19.52""",120,119.6025,0.3975
2025-11-27 07:45:00,Aspect,Trine,Venus,Scorpio,"0°59'19.23""",Jupiter,Cancer,"0°32'26.55""",120,120.448,0.448
2025-11-27 07:45:00,Aspect,Trine,Venus,Scorpio,"0°59'19.23""",Saturn,Pisces,"0°56'19.44""",120,119.9501,0.0499
2025-11-27 07:45:00,Aspect,Trine,Jupiter,Cancer,"0°32'26.55""",Saturn,Pisces,"0°56'19.44""",120,119.602,0.398
2025-11-27 08:00:00,Aspect,Trine,Venus,Scorpio,"1°00'06.37""",Jupiter,Cancer,"0°32'24.65""",120,120.4616,0.4616
2025-11-27 08:00:00,Aspect,Trine,Venus,Scorpio,"1°00'06.37""",Saturn,Pisces,"0°56'19.36""",120,119.9369,0.0631
2025-11-27 08:00:00,Aspect,Trine,Jupiter,Cancer,"0°32'24.65""",Saturn,Pisces,"0°56'19.36""",120,119.6015,0.3985
2025-11-27 08:15:00,Aspect,Trine,Venus,Scorpio,"1°00'53.50""",Jupiter,Cancer,"0°32'22.74""",120,120.4752,0.4752
2025-11-27 08:15:00,Aspect,Trine,Venus,Scorpio,"1°00'53.50""",Saturn,Pisces,"0°56'19.29""",120,119.9238,0.0762
2025-11-27 08:15:00,Aspect,Trine,Jupiter,Cancer,"0°32'22.74""",Saturn,Pisces,"0°56'19.29""",120,119.601,0.399
2025-11-27 08:30:00,Aspect,Square,Moon,Capricorn,"26°12'44.67""",Mercury,Libra,"27°09'12.88""",90,89.0588,0.9412
2025-11-27 08:30:00,Aspect,Trine,Venus,Scorpio,"1°01'40.63""",Jupiter,Cancer,"0°32'20.84""",120,120.4888,0.4888
2025-11-27 08:30:00,Aspect,Trine,Venus,Scorpio,"1°01'40.63""",Saturn,Pisces,"0°56'19.21""",120,119.9107,0.0893
2025-11-27 08:30:00,Aspect,Trine,Jupiter,Cancer,"0°32'20.84""",Saturn,Pisces,"0°56'19.21""",120,119.6005,0.3995
2025-11-27 08:45:00,Aspect,Square,Moon,Capricorn,"26°20'41.44""",Mercury,Libra,"27°08'53.94""",90,89.1965,0.8035
2025-11-27 08:45:00,Aspect,Trine,Venus,Scorpio,"1°02'27.76""",Jupiter,Cancer,"0°32'18.93""",120,120.5025,0.5025
2025-11-27 08:45:00,Aspect,Trine,Venus,Scorpio,"1°02'27.76""",Saturn,Pisces,"0°56'19.14""",120,119.8976,0.1024
2025-11-27 08:45:00,Aspect,Trine,Jupiter,Cancer,"0°32'18.93""",Saturn,Pisces,"0°56'19.14""",120,119.5999,0.4001
2025-11-27 09:00:00,Aspect,Square,Moon,Capricorn,"26°28'38.34""",Mercury,Libra,"27°08'35.08""",90,89.3342,0.6658
2025-11-27 09:00:00,Aspect,Trine,Venus,Scorpio,"1°03'14.90""",Jupiter,Cancer,"0°32'17.02""",120,120.5161,0.5161
2025-11-27 09:00:00,Aspect,Trine,Venus,Scorpio,"1°03'14.90""",Saturn,Pisces,"0°56'19.06""",120,119.8845,0.1155
2025-11-27 09:00:00,Aspect,Trine,Jupiter,Cancer,"0°32'17.02""",Saturn,Pisces,"0°56'19.06""",120,119.5994,0.4006
2025-11-27 09:15:00,Aspect,Square,Moon,Capricorn,"26°36'35.35""",Mercury,Libra,"27°08'16.29""",90,89.472,0.528
2025-11-27 09:15:00,Aspect,Trine,Venus,Scorpio,"1°04'02.03""",Jupiter,Cancer,"0°32'15.11""",120,120.5297,0.5297
2025-11-27 09:15:00,Aspect,Trine,Venus,Scorpio,"1°04'02.03""",Saturn,Pisces,"0°56'18.99""",120,119.8714,0.1286
2025-11-27 09:15:00,Aspect,Trine,Jupiter,Cancer,"0°32'15.11""",Saturn,Pisces,"0°56'18.99""",120,119.5989,0.4011
2025-11-27 09:30:00,Aspect,Square,Moon,Capricorn,"26°44'32.48""",Mercury,Libra,"27°07'57.58""",90,89.6097,0.3903
2025-11-27 09:30:00,Aspect,Trine,Venus,Scorpio,"1°04'49.16""",Jupiter,Cancer,"0°32'13.20""",120,120.5433,0.5433
2025-11-27 09:30:00,Aspect,Trine,Venus,Scorpio,"1°04'49.16""",Saturn,Pisces,"0°56'18.92""",120,119.8583,0.1417
2025-11-27 09:30:00,Aspect,Trine,Jupiter,Cancer,"0°32'13.20""",Saturn,Pisces,"0°56'18.92""",120,119.5984,0.4016
2025-11-27 09:45:00,Aspect,Square,Moon,Capricorn,"26°52'29.73""",Mercury,Libra,"27°07'38.95""",90,89.7474,0.2526
2025-11-27 09:45:00,Aspect,Trine,Venus,Scorpio,"1°05'36.29""",Jupiter,Cancer,"0°32'11.28""",120,120.5569,0.5569
2025-11-27 09:45:00,Aspect,Trine,Venus,Scorpio,"1°05'36.29""",Saturn,Pisces,"0°56'18.85""",120,119.8452,0.1548
2025-11-27 09:45:00,Aspect,Trine,Jupiter,Cancer,"0°32'11.28""",Saturn,Pisces,"0°56'18.85""",120,119.5979,0.4021
2025-11-27 10:00:00,Aspect,Square,Moon,Capricorn,"27°00'27.09""",Mercury,Libra,"27°07'20.39""",90,89.8852,0.1148
2025-11-27 10:00:00,Aspect,Trine,Venus,Scorpio,"1°06'23.43""",Jupiter,Cancer,"0°32'09.37""",120,120.5706,0.5706
2025-11-27 10:00:00,Aspect,Trine,Venus,Scorpio,"1°06'23.43""",Saturn,Pisces,"0°56'18.77""",120,119.832,0.168
2025-11-27 10:00:00,Aspect,Trine,Jupiter,Cancer,"0°32'09.37""",Saturn,Pisces,"0°56'18.77""",120,119.5974,0.4026
2025-11-27 10:15:00,Aspect,Square,Moon,Capricorn,"27°08'24.58""",Mercury,Libra,"27°07'01.90""",90,90.023,0.023
2025-11-27 10:15:00,Aspect,Trine,Venus,Scorpio,"1°07'10.56""",Jupiter,Cancer,"0°32'07.45""",120,120.5842,0.5842
2025-11-27 10:15:00,Aspect,Trine,Venus,Scorpio,"1°07'10.56""",Saturn,Pisces,"0°56'18.70""",120,119.8189,0.1811
2025-11-27 10:15:00,Aspect,Trine,Jupiter,Cancer,"0°32'07.45""",Saturn,Pisces,"0°56'18.70""",120,119.5969,0.4031
2025-11-27 10:30:00,Aspect,Square,Moon,Capricorn,"27°16'22.19""",Mercury,Libra,"27°06'43.50""",90,90.1607,0.1607
2025-11-27 10:30:00,Aspect,Trine,Venus,Scorpio,"1°07'57.69""",Jupiter,Cancer,"0°32'05.53""",120,120.5978,0.5978
2025-11-27 10:30:00,Aspect,Trine,Venus,Scorpio,"1°07'57.69""",Saturn,Pisces,"0°56'18.63""",120,119.8058,0.1942
2025-11-27 10:30:00,Aspect,Trine,Jupiter,Cancer,"0°32'05.53""",Saturn,Pisces,"0°56'18.63""",120,119.5964,0.4036
2025-11-27 10:45:00,Aspect,Square,Moon,Capricorn,"27°24'19.91""",Mercury,Libra,"27°06'25.17""",90,90.2985,0.2985
2025-11-27 10:45:00,Aspect,Trine,Venus,Scorpio,"1°08'44.83""",Jupiter,Cancer,"0°32'03.62""",120,120.6114,0.6114
2025-11-27 10:45:00,Aspect,Trine,Venus,Scorpio,"1°08'44.83""",Saturn,Pisces,"0°56'18.56""",120,119.7927,0.2073
2025-11-27 10:45:00,Aspect,Trine,Jupiter,Cancer,"0°32'03.62""",Saturn,Pisces,"0°56'18.56""",120,119.5958,0.4042
2025-11-27 11:00:00,Aspect,Square,Moon,Capricorn,"27°32'17.76""",Mercury,Libra,"27°06'06.91""",90,90.4363,0.4363
2025-11-27 11:00:00,Aspect,Trine,Venus,Scorpio,"1°09'31.96""",Jupiter,Cancer,"0°32'01.70""",120,120.6251,0.6251
2025-11-27 11:00:00,Aspect,Trine,Venus,Scorpio,"1°09'31.96""",Saturn,Pisces,"0°56'18.50""",120,119.7796,0.2204
2025-11-27 11:00:00,Aspect,Trine,Jupiter,Cancer,"0°32'01.70""",Saturn,Pisces,"0°56'18.50""",120,119.5953,0.4047
2025-11-27 11:15:00,Aspect,Square,Moon,Capricorn,"27°40'15.73""",Mercury,Libra,"27°05'48.73""",90,90.5742,0.5742
2025-11-27 11:15:00,Aspect,Trine,Venus,Scorpio,"1°10'19.09""",Jupiter,Cancer,"0°31'59.78""",120,120.6387,0.6387
2025-11-27 11:15:00,Aspect,Trine,Venus,Scorpio,"1°10'19.09""",Saturn,Pisces,"0°56'18.43""",120,119.7665,0.2335
2025-11-27 11:15:00,Aspect,Trine,Jupiter,Cancer,"0°31'59.78""",Saturn,Pisces,"0°56'18.43""",120,119.5948,0.4052
2025-11-27 11:30:00,Aspect,Square,Moon,Capricorn,"27°48'13.81""",Mercury,Libra,"27°05'30.63""",90,90.712,0.712
2025-11-27 11:30:00,Aspect,Trine,Venus,Scorpio,"1°11'06.22""",Jupiter,Cancer,"0°31'57.85""",120,120.6523,0.6523
2025-11-27 11:30:00,Aspect,Trine,Venus,Scorpio,"1°11'06.22""",Saturn,Pisces,"0°56'18.36""",120,119.7534,0.2466
2025-11-27 11:30:00,Aspect,Trine,Jupiter,Cancer,"0°31'57.85""",Saturn,Pisces,"0°56'18.36""",120,119.5943,0.4057
2025-11-27 11:45:00,Aspect,Square,Moon,Capricorn,"27°56'12.02""",Mercury,Libra,"27°05'12.60""",90,90.8498,0.8498
2025-11-27 11:45:00,Aspect,Trine,Venus,Scorpio,"1°11'53.36""",Jupiter,Cancer,"0°31'55.93""",120,120.666,0.666
2025-11-27 11:45:00,Aspect,Trine,Venus,Scorpio,"1°11'53.36""",Saturn,Pisces,"0°56'18.29""",120,119.7403,0.2597
2025-11-27 11:45:00,Aspect,Trine,Jupiter,Cancer,"0°31'55.93""",Saturn,Pisces,"0°56'18.29""",120,119.5938,0.4062
2025-11-27 12:00:00,Aspect,Square,Moon,Capricorn,"28°04'10.35""",Mercury,Libra,"27°04'54.65""",90,90.9877,0.9877
2025-11-27 12:00:00,Aspect,Trine,Venus,Scorpio,"1°12'40.49""",Jupiter,Cancer,"0°31'54.01""",120,120.6796,0.6796
2025-11-27 12:00:00,Aspect,Trine,Venus,Scorpio,"1°12'40.49""",Saturn,Pisces,"0°56'18.23""",120,119.7271,0.2729
2025-11-27 12:00:00,Aspect,Trine,Jupiter,Cancer,"0°31'54.01""",Saturn,Pisces,"0°56'18.23""",120,119.5933,0.4067
2025-11-27 12:15:00,Aspect,Trine,Venus,Scorpio,"1°13'27.62""",Jupiter,Cancer,"0°31'52.08""",120,120.6932,0.6932
2025-11-27 12:15:00,Aspect,Trine,Venus,Scorpio,"1°13'27.62""",Saturn,Pisces,"0°56'18.16""",120,119.714,0.286
2025-11-27 12:15:00,Aspect,Trine,Jupiter,Cancer,"0°31'52.08""",Saturn,Pisces,"0°56'18.16""",120,119.5928,0.4072
2025-11-27 12:30:00,Aspect,Trine,Venus,Scorpio,"1°14'14.76""",Jupiter,Cancer,"0°31'50.15""",120,120.7068,0.7068
2025-11-27 12:30:00,Aspect,Trine,Venus,Scorpio,"1°14'14.76""",Saturn,Pisces,"0°56'18.10""",120,119.7009,0.2991
2025-11-27 12:30:00,Aspect,Trine,Jupiter,Cancer,"0°31'50.15""",Saturn,Pisces,"0°56'18.10""",120,119.5922,0.4078
2025-11-27 12:45:00,Aspect,Trine,Venus,Scorpio,"1°15'01.89""",Jupiter,Cancer,"0°31'48.22""",120,120.7205,0.7205
2025-11-27 12:45:00,Aspect,Trine,Venus,Scorpio,"1°15'01.89""",Saturn,Pisces,"0°56'18.04""",120,119.6878,0.3122
2025-11-27 12:45:00,Aspect,Trine,Jupiter,Cancer,"0°31'48.22""",Saturn,Pisces,"0°56'18.04""",120,119.5917,0.4083
2025-11-27 13:00:00,Aspect,Trine,Venus,Scorpio,"1°15'49.02""",Jupiter,Cancer,"0°31'46.29""",120,120.7341,0.7341
2025-11-27 13:00:00,Aspect,Trine,Venus,Scorpio,"1°15'49.02""",Saturn,Pisces,"0°56'17.97""",120,119.6747,0.3253
2025-11-27 13:00:00,Aspect,Trine,Jupiter,Cancer,"0°31'46.29""",Saturn,Pisces,"0°56'17.97""",120,119.5912,0.4088
2025-11-27 13:15:00,Aspect,Trine,Venus,Scorpio,"1°16'36.15""",Jupiter,Cancer,"0°31'44.36""",120,120.7477,0.7477
2025-11-27 13:15:00,Aspect,Trine,Venus,Scorpio,"1°16'36.15""",Saturn,Pisces,"0°56'17.91""",120,119.6616,0.3384
2025-11-27 13:15:00,Aspect,Trine,Jupiter,Cancer,"0°31'44.36""",Saturn,Pisces,"0°56'17.91""",120,119.5907,0.4093
2025-11-27 13:30:00,Aspect,Trine,Venus,Scorpio,"1°17'23.29""",Jupiter,Cancer,"0°31'42.43""",120,120.7613,0.7613
2025-11-27 13:30:00,Aspect,Trine,Venus,Scorpio,"1°17'23.29""",Saturn,Pisces,"0°56'17.85""",120,119.6485,0.3515
2025-11-27 13:30:00,Aspect,Trine,Jupiter,Cancer,"0°31'42.43""",Saturn,Pisces,"0°56'17.85""",120,119.5902,0.4098
2025-11-27 13:45:00,Aspect,Trine,Venus,Scorpio,"1°18'10.42""",Jupiter,Cancer,"0°31'40.50""",120,120.775,0.775
2025-11-27 13:45:00,Aspect,Trine,Venus,Scorpio,"1°18'10.42""",Saturn,Pisces,"0°56'17.79""",120,119.6354,0.3646
2025-11-27 13:45:00,Aspect,Trine,Jupiter,Cancer,"0°31'40.50""",Saturn,Pisces,"0°56'17.79""",120,119.5896,0.4104
2025-11-27 14:00:00,Aspect,Trine,Venus,Scorpio,"1°18'57.55""",Jupiter,Cancer,"0°31'38.56""",120,120.7886,0.7886
2025-11-27 14:00:00,Aspect,Trine,Venus,Scorpio,"1°18'57.55""",Saturn,Pisces,"0°56'17.73""",120,119.6223,0.3777
2025-11-27 14:00:00,Aspect,Trine,Jupiter,Cancer,"0°31'38.56""",Saturn,Pisces,"0°56'17.73""",120,119.5891,0.4109
2025-11-27 14:15:00,Aspect,Trine,Venus,Scorpio,"1°19'44.69""",Jupiter,Cancer,"0°31'36.63""",120,120.8022,0.8022
2025-11-27 14:15:00,Aspect,Trine,Venus,Scorpio,"1°19'44.69""",Saturn,Pisces,"0°56'17.67""",120,119.6092,0.3908
2025-11-27 14:15:00,Aspect,Trine,Jupiter,Cancer,"0°31'36.63""",Saturn,Pisces,"0°56'17.67""",120,119.5886,0.4114
2025-11-27 14:30:00,Aspect,Trine,Venus,Scorpio,"1°20'31.82""",Jupiter,Cancer,"0°31'34.69""",120,120.8159,0.8159
2025-11-27 14:30:00,Aspect,Trine,Venus,Scorpio,"1°20'31.82""",Saturn,Pisces,"0°56'17.61""",120,119.5961,0.4039
2025-11-27 14:30:00,Aspect,Trine,Jupiter,Cancer,"0°31'34.69""",Saturn,Pisces,"0°56'17.61""",120,119.5881,0.4119
2025-11-27 14:45:00,Aspect,Trine,Venus,Scorpio,"1°21'18.95""",Jupiter,Cancer,"0°31'32.75""",120,120.8295,0.8295
2025-11-27 14:45:00,Aspect,Trine,Venus,Scorpio,"1°21'18.95""",Saturn,Pisces,"0°56'17.55""",120,119.5829,0.4171
2025-11-27 14:45:00,Aspect,Trine,Jupiter,Cancer,"0°31'32.75""",Saturn,Pisces,"0°56'17.55""",120,119.5876,0.4124
2025-11-27 15:00:00,Aspect,Trine,Venus,Scorpio,"1°22'06.09""",Jupiter,Cancer,"0°31'30.81""",120,120.8431,0.8431
2025-11-27 15:00:00,Aspect,Trine,Venus,Scorpio,"1°22'06.09""",Saturn,Pisces,"0°56'17.49""",120,119.5698,0.4302
2025-11-27 15:00:00,Aspect,Trine,Jupiter,Cancer,"0°31'30.81""",Saturn,Pisces,"0°56'17.49""",120,119.587,0.413
2025-11-27 15:15:00,Aspect,Trine,Venus,Scorpio,"1°22'53.22""",Jupiter,Cancer,"0°31'28.87""",120,120.8568,0.8568
2025-11-27 15:15:00,Aspect,Trine,Venus,Scorpio,"1°22'53.22""",Saturn,Pisces,"0°56'17.44""",120,119.5567,0.4433
2025-11-27 15:15:00,Aspect,Trine,Jupiter,Cancer,"0°31'28.87""",Saturn,Pisces,"0°56'17.44""",120,119.5865,0.4135
2025-11-27 15:30:00,Aspect,Trine,Venus,Scorpio,"1°23'40.35""",Jupiter,Cancer,"0°31'26.93""",120,120.8704,0.8704
2025-11-27 15:30:00,Aspect,Trine,Venus,Scorpio,"1°23'40.35""",Saturn,Pisces,"0°56'17.38""",120,119.5436,0.4564
2025-11-27 15:30:00,Aspect,Trine,Jupiter,Cancer,"0°31'26.93""",Saturn,Pisces,"0°56'17.38""",120,119.586,0.414
2025-11-27 15:45:00,Aspect,Trine,Venus,Scorpio,"1°24'27.49""",Jupiter,Cancer,"0°31'24.99""",120,120.884,0.884
2025-11-27 15:45:00,Aspect,Trine,Venus,Scorpio,"1°24'27.49""",Saturn,Pisces,"0°56'17.33""",120,119.5305,0.4695
2025-11-27 15:45:00,Aspect,Trine,Jupiter,Cancer,"0°31'24.99""",Saturn,Pisces,"0°56'17.33""",120,119.5855,0.4145
2025-11-27 16:00:00,Aspect,Trine,Venus,Scorpio,"1°25'14.62""",Jupiter,Cancer,"0°31'23.04""",120,120.8977,0.8977
2025-11-27 16:00:00,Aspect,Trine,Venus,Scorpio,"1°25'14.62""",Saturn,Pisces,"0°56'17.27""",120,119.5174,0.4826
2025-11-27 16:00:00,Aspect,Trine,Jupiter,Cancer,"0°31'23.04""",Saturn,Pisces,"0°56'17.27""",120,119.5849,0.4151
2025-11-27 16:15:00,Aspect,Trine,Venus,Scorpio,"1°26'01.76""",Jupiter,Cancer,"0°31'21.10""",120,120.9113,0.9113
2025-11-27 16:15:00,Aspect,Trine,Venus,Scorpio,"1°26'01.76""",Saturn,Pisces,"0°56'17.22""",120,119.5043,0.4957
2025-11-27 16:15:00,Aspect,Trine,Jupiter,Cancer,"0°31'21.10""",Saturn,Pisces,"0°56'17.22""",120,119.5844,0.4156
2025-11-27 16:30:00,Aspect,Square,Moon,Aquarius,"0°28'01.35""",Venus,Scorpio,"1°26'48.89""",90,89.0201,0.9799
2025-11-27 16:30:00,Aspect,Trine,Venus,Scorpio,"1°26'48.89""",Jupiter,Cancer,"0°31'19.15""",120,120.9249,0.9249
2025-11-27 16:30:00,Aspect,Trine,Venus,Scorpio,"1°26'48.89""",Saturn,Pisces,"0°56'17.17""",120,119.4912,0.5088
2025-11-27 16:30:00,Aspect,Trine,Jupiter,Cancer,"0°31'19.15""",Saturn,Pisces,"0°56'17.17""",120,119.5839,0.4161
2025-11-27 16:45:00,Aspect,Square,Moon,Aquarius,"0°36'02.03""",Venus,Scorpio,"1°27'36.02""",90,89.1406,0.8594
2025-11-27 16:45:00,Aspect,Trine,Venus,Scorpio,"1°27'36.02""",Jupiter,Cancer,"0°31'17.20""",120,120.9386,0.9386
2025-11-27 16:45:00,Aspect,Trine,Venus,Scorpio,"1°27'36.02""",Saturn,Pisces,"0°56'17.11""",120,119.4781,0.5219
2025-11-27 16:45:00,Aspect,Trine,Jupiter,Cancer,"0°31'17.20""",Saturn,Pisces,"0°56'17.11""",120,119.5834,0.4166
2025-11-27 17:00:00,Aspect,Square,Moon,Aquarius,"0°44'02.85""",Venus,Scorpio,"1°28'23.16""",90,89.261,0.739
2025-11-27 17:00:00,Aspect,Trine,Venus,Scorpio,"1°28'23.16""",Jupiter,Cancer,"0°31'15.25""",120,120.9522,0.9522
2025-11-27 17:00:00,Aspect,Trine,Venus,Scorpio,"1°28'23.16""",Saturn,Pisces,"0°56'17.06""",120,119.465,0.535
2025-11-27 17:00:00,Aspect,Trine,Jupiter,Cancer,"0°31'15.25""",Saturn,Pisces,"0°56'17.06""",120,119.5828,0.4172
2025-11-27 17:15:00,Aspect,Square,Moon,Aquarius,"0°52'03.79""",Venus,Scorpio,"1°29'10.29""",90,89.3815,0.6185
2025-11-27 17:15:00,Aspect,Trine,Venus,Scorpio,"1°29'10.29""",Jupiter,Cancer,"0°31'13.30""",120,120.9658,0.9658
2025-11-27 17:15:00,Aspect,Trine,Venus,Scorpio,"1°29'10.29""",Saturn,Pisces,"0°56'17.01""",120,119.4519,0.5481
2025-11-27 17:15:00,Aspect,Trine,Jupiter,Cancer,"0°31'13.30""",Saturn,Pisces,"0°56'17.01""",120,119.5823,0.4177
2025-11-27 17:30:00,Aspect,Square,Moon,Aquarius,"1°00'04.86""",Venus,Scorpio,"1°29'57.42""",90,89.5021,0.4979
2025-11-27 17:30:00,Aspect,Trine,Venus,Scorpio,"1°29'57.42""",Jupiter,Cancer,"0°31'11.35""",120,120.9795,0.9795
2025-11-27 17:30:00,Aspect,Trine,Venus,Scorpio,"1°29'57.42""",Saturn,Pisces,"0°56'16.96""",120,119.4388,0.5612
2025-11-27 17:30:00,Aspect,Trine,Jupiter,Cancer,"0°31'11.35""",Saturn,Pisces,"0°56'16.96""",120,119.5818,0.4182
2025-11-27 17:45:00,Aspect,Square,Moon,Aquarius,"1°08'06.06""",Venus,Scorpio,"1°30'44.56""",90,89.6226,0.3774
2025-11-27 17:45:00,Aspect,Trine,Venus,Scorpio,"1°30'44.56""",Jupiter,Cancer,"0°31'09.40""",120,120.9931,0.9931
2025-11-27 17:45:00,Aspect,Trine,Venus,Scorpio,"1°30'44.56""",Saturn,Pisces,"0°56'16.91""",120,119.4257,0.5743
2025-11-27 17:45:00,Aspect,Trine,Jupiter,Cancer,"0°31'09.40""",Saturn,Pisces,"0°56'16.91""",120,119.5812,0.4188
2025-11-27 18:00:00,Aspect,Square,Moon,Aquarius,"1°16'07.38""",Venus,Scorpio,"1°31'31.69""",90,89.7432,0.2568
2025-11-27 18:00:00,Aspect,Trine,Venus,Scorpio,"1°31'31.69""",Saturn,Pisces,"0°56'16.86""",120,119.4125,0.5875
2025-11-27 18:00:00,Aspect,Trine,Jupiter,Cancer,"0°31'07.44""",Saturn,Pisces,"0°56'16.86""",120,119.5807,0.4193
2025-11-27 18:15:00,Aspect,Square,Moon,Aquarius,"1°24'08.84""",Venus,Scorpio,"1°32'18.83""",90,89.8639,0.1361
2025-11-27 18:15:00,Aspect,Trine,Venus,Scorpio,"1°32'18.83""",Saturn,Pisces,"0°56'16.81""",120,119.3994,0.6006
2025-11-27 18:15:00,Aspect,Trine,Jupiter,Cancer,"0°31'05.49""",Saturn,Pisces,"0°56'16.81""",120,119.5802,0.4198
2025-11-27 18:30:00,Aspect,Square,Moon,Aquarius,"1°32'10.42""",Venus,Scorpio,"1°33'05.96""",90,89.9846,0.0154
2025-11-27 18:30:00,Aspect,Trine,Venus,Scorpio,"1°33'05.96""",Saturn,Pisces,"0°56'16.77""",120,119.3863,0.6137
2025-11-27 18:30:00,Aspect,Trine,Jupiter,Cancer,"0°31'03.53""",Saturn,Pisces,"0°56'16.77""",120,119.5797,0.4203
2025-11-27 18:45:00,Aspect,Square,Moon,Aquarius,"1°40'12.13""",Venus,Scorpio,"1°33'53.09""",90,90.1053,0.1053
2025-11-27 18:45:00,Aspect,Trine,Venus,Scorpio,"1°33'53.09""",Saturn,Pisces,"0°56'16.72""",120,119.3732,0.6268
2025-11-27 18:45:00,Aspect,Trine,Jupiter,Cancer,"0°31'01.57""",Saturn,Pisces,"0°56'16.72""",120,119.5791,0.4209
2025-11-27 19:00:00,Aspect,Square,Moon,Aquarius,"1°48'13.97""",Venus,Scorpio,"1°34'40.23""",90,90.226,0.226
2025-11-27 19:00:00,Aspect,Trine,Venus,Scorpio,"1°34'40.23""",Saturn,Pisces,"0°56'16.67""",120,119.3601,0.6399
2025-11-27 19:00:00,Aspect,Trine,Jupiter,Cancer,"0°30'59.61""",Saturn,Pisces,"0°56'16.67""",120,119.5786,0.4214
2025-11-27 19:15:00,Aspect,Square,Moon,Aquarius,"1°56'15.94""",Venus,Scorpio,"1°35'27.36""",90,90.3468,0.3468
2025-11-27 19:15:00,Aspect,Trine,Venus,Scorpio,"1°35'27.36""",Saturn,Pisces,"0°56'16.63""",120,119.347,0.653
2025-11-27 19:15:00,Aspect,Trine,Jupiter,Cancer,"0°30'57.65""",Saturn,Pisces,"0°56'16.63""",120,119.5781,0.4219
2025-11-27 19:30:00,Aspect,Square,Moon,Aquarius,"2°04'18.04""",Venus,Scorpio,"1°36'14.50""",90,90.4677,0.4677
2025-11-27 19:30:00,Aspect,Trine,Venus,Scorpio,"1°36'14.50""",Saturn,Pisces,"0°56'16.58""",120,119.3339,0.6661
2025-11-27 19:30:00,Aspect,Trine,Jupiter,Cancer,"0°30'55.69""",Saturn,Pisces,"0°56'16.58""",120,119.5775,0.4225
2025-11-27 19:45:00,Aspect,Square,Moon,Aquarius,"2°12'20.27""",Venus,Scorpio,"1°37'01.63""",90,90.5885,0.5885
2025-11-27 19:45:00,Aspect,Trine,Venus,Scorpio,"1°37'01.63""",Saturn,Pisces,"0°56'16.54""",120,119.3208,0.6792
2025-11-27 19:45:00,Aspect,Trine,Jupiter,Cancer,"0°30'53.73""",Saturn,Pisces,"0°56'16.54""",120,119.577,0.423
2025-11-27 20:00:00,Aspect,Square,Moon,Aquarius,"2°20'22.63""",Venus,Scorpio,"1°37'48.76""",90,90.7094,0.7094
2025-11-27 20:00:00,Aspect,Trine,Venus,Scorpio,"1°37'48.76""",Saturn,Pisces,"0°56'16.50""",120,119.3077,0.6923
2025-11-27 20:00:00,Aspect,Trine,Jupiter,Cancer,"0°30'51.76""",Saturn,Pisces,"0°56'16.50""",120,119.5765,0.4235
2025-11-27 20:15:00,Aspect,Square,Moon,Aquarius,"2°28'25.12""",Venus,Scorpio,"1°38'35.90""",90,90.8303,0.8303
2025-11-27 20:15:00,Aspect,Trine,Venus,Scorpio,"1°38'35.90""",Saturn,Pisces,"0°56'16.45""",120,119.2946,0.7054
2025-11-27 20:15:00,Aspect,Trine,Jupiter,Cancer,"0°30'49.80""",Saturn,Pisces,"0°56'16.45""",120,119.5759,0.4241
2025-11-27 20:30:00,Aspect,Square,Moon,Aquarius,"2°36'27.74""",Venus,Scorpio,"1°39'23.03""",90,90.9513,0.9513
2025-11-27 20:30:00,Aspect,Trine,Venus,Scorpio,"1°39'23.03""",Saturn,Pisces,"0°56'16.41""",120,119.2815,0.7185
2025-11-27 20:30:00,Aspect,Trine,Jupiter,Cancer,"0°30'47.83""",Saturn,Pisces,"0°56'16.41""",120,119.5754,0.4246
2025-11-27 20:45:00,Aspect,Trine,Venus,Scorpio,"1°40'10.17""",Saturn,Pisces,"0°56'16.37""",120,119.2684,0.7316
2025-11-27 20:45:00,Aspect,Trine,Jupiter,Cancer,"0°30'45.86""",Saturn,Pisces,"0°56'16.37""",120,119.5749,0.4251
2025-11-27 21:00:00,Aspect,Trine,Venus,Scorpio,"1°40'57.30""",Saturn,Pisces,"0°56'16.33""",120,119.2553,0.7447
2025-11-27 21:00:00,Aspect,Trine,Jupiter,Cancer,"0°30'43.89""",Saturn,Pisces,"0°56'16.33""",120,119.5743,0.4257
2025-11-27 21:15:00,Aspect,Trine,Venus,Scorpio,"1°41'44.43""",Saturn,Pisces,"0°56'16.29""",120,119.2422,0.7578
2025-11-27 21:15:00,Aspect,Trine,Jupiter,Cancer,"0°30'41.92""",Saturn,Pisces,"0°56'16.29""",120,119.5738,0.4262
2025-11-27 21:30:00,Aspect,Trine,Venus,Scorpio,"1°42'31.57""",Saturn,Pisces,"0°56'16.25""",120,119.2291,0.7709
2025-11-27 21:30:00,Aspect,Trine,Jupiter,Cancer,"0°30'39.95""",Saturn,Pisces,"0°56'16.25""",120,119.5733,0.4267
2025-11-27 21:45:00,Aspect,Trine,Venus,Scorpio,"1°43'18.70""",Saturn,Pisces,"0°56'16.21""",120,119.216,0.784
2025-11-27 21:45:00,Aspect,Trine,Jupiter,Cancer,"0°30'37.98""",Saturn,Pisces,"0°56'16.21""",120,119.5727,0.4273
2025-11-27 22:00:00,Aspect,Trine,Venus,Scorpio,"1°44'05.84""",Saturn,Pisces,"0°56'16.17""",120,119.2029,0.7971
2025-11-27 22:00:00,Aspect,Trine,Jupiter,Cancer,"0°30'36.01""",Saturn,Pisces,"0°56'16.17""",120,119.5722,0.4278
2025-11-27 22:15:00,Aspect,Trine,Venus,Scorpio,"1°44'52.97""",Saturn,Pisces,"0°56'16.14""",120,119.1898,0.8102
2025-11-27 22:15:00,Aspect,Trine,Jupiter,Cancer,"0°30'34.03""",Saturn,Pisces,"0°56'16.14""",120,119.5716,0.4284
2025-11-27 22:30:00,Aspect,Trine,Venus,Scorpio,"1°45'40.11""",Saturn,Pisces,"0°56'16.10""",120,119.1767,0.8233
2025-11-27 22:30:00,Aspect,Trine,Jupiter,Cancer,"0°30'32.05""",Saturn,Pisces,"0°56'16.10""",120,119.5711,0.4289
2025-11-27 22:45:00,Aspect,Trine,Venus,Scorpio,"1°46'27.24""",Saturn,Pisces,"0°56'16.07""",120,119.1636,0.8364
2025-11-27 22:45:00,Aspect,Trine,Jupiter,Cancer,"0°30'30.08""",Saturn,Pisces,"0°56'16.07""",120,119.5706,0.4294
2025-11-27 23:00:00,Aspect,Trine,Venus,Scorpio,"1°47'14.38""",Saturn,Pisces,"0°56'16.03""",120,119.1505,0.8495
2025-11-27 23:00:00,Aspect,Trine,Jupiter,Cancer,"0°30'28.10""",Saturn,Pisces,"0°56'16.03""",120,119.57,0.43
2025-11-27 23:15:00,Aspect,Trine,Venus,Scorpio,"1°48'01.51""",Saturn,Pisces,"0°56'16.00""",120,119.1374,0.8626
2025-11-27 23:15:00,Aspect,Trine,Jupiter,Cancer,"0°30'26.12""",Saturn,Pisces,"0°56'16.00""",120,119.5695,0.4305
2025-11-27 23:30:00,Aspect,Trine,Venus,Scorpio,"1°48'48.65""",Saturn,Pisces,"0°56'15.96""",120,119.1243,0.8757
2025-11-27 23:30:00,Aspect,Trine,Jupiter,Cancer,"0°30'24.13""",Saturn,Pisces,"0°56'15.96""",120,119.5689,0.4311
2025-11-27 23:45:00,Aspect,Trine,Venus,Scorpio,"1°49'35.78""",Saturn,Pisces,"0°56'15.93""",120,119.1112,0.8888
2025-11-27 23:45:00,Aspect,Trine,Jupiter,Cancer,"0°30'22.15""",Saturn,Pisces,"0°56'15.93""",120,119.5684,0.4316
2025-11-28 00:00:00,Aspect,Trine,Venus,Scorpio,"1°50'22.91""",Saturn,Pisces,"0°56'15.90""",120,119.0981,0.9019
2025-11-28 00:00:00,Aspect,Trine,Jupiter,Cancer,"0°30'20.17""",Saturn,Pisces,"0°56'15.90""",120,119.5679,0.4321
2025-11-28 00:15:00,Aspect,Trine,Venus,Scorpio,"1°51'10.05""",Saturn,Pisces,"0°56'15.87""",120,119.0849,0.9151
2025-11-28 00:15:00,Aspect,Trine,Jupiter,Cancer,"0°30'18.18""",Saturn,Pisces,"0°56'15.87""",120,119.5673,0.4327
2025-11-28 00:30:00,Aspect,Trine,Venus,Scorpio,"1°51'57.18""",Saturn,Pisces,"0°56'15.84""",120,119.0718,0.9282
2025-11-28 00:30:00,Aspect,Trine,Jupiter,Cancer,"0°30'16.20""",Saturn,Pisces,"0°56'15.84""",120,119.5668,0.4332
2025-11-28 00:45:00,Aspect,Trine,Venus,Scorpio,"1°52'44.32""",Saturn,Pisces,"0°56'15.81""",120,119.0587,0.9413
2025-11-28 00:45:00,Aspect,Trine,Jupiter,Cancer,"0°30'14.21""",Saturn,Pisces,"0°56'15.81""",120,119.5662,0.4338
2025-11-28 01:00:00,Aspect,Trine,Venus,Scorpio,"1°53'31.45""",Saturn,Pisces,"0°56'15.78""",120,119.0456,0.9544
2025-11-28 01:00:00,Aspect,Trine,Jupiter,Cancer,"0°30'12.22""",Saturn,Pisces,"0°56'15.78""",120,119.5657,0.4343
2025-11-28 01:15:00,Aspect,Trine,Venus,Scorpio,"1°54'18.59""",Saturn,Pisces,"0°56'15.75""",120,119.0325,0.9675
2025-11-28 01:15:00,Aspect,Trine,Jupiter,Cancer,"0°30'10.23""",Saturn,Pisces,"0°56'15.75""",120,119.5651,0.4349
2025-11-28 01:30:00,Aspect,Trine,Venus,Scorpio,"1°55'05.72""",Saturn,Pisces,"0°56'15.72""",120,119.0194,0.9806
2025-11-28 01:30:00,Aspect,Trine,Jupiter,Cancer,"0°30'08.24""",Saturn,Pisces,"0°56'15.72""",120,119.5646,0.4354
2025-11-28 01:45:00,Aspect,Trine,Venus,Scorpio,"1°55'52.86""",Saturn,Pisces,"0°56'15.69""",120,119.0063,0.9937
2025-11-28 01:45:00,Aspect,Trine,Jupiter,Cancer,"0°30'06.24""",Saturn,Pisces,"0°56'15.69""",120,119.564,0.436
2025-11-28 02:00:00,Aspect,Trine,Jupiter,Cancer,"0°30'04.25""",Saturn,Pisces,"0°56'15.67""",120,119.5635,0.4365
2025-11-28 02:15:00,Aspect,Trine,Jupiter,Cancer,"0°30'02.26""",Saturn,Pisces,"0°56'15.64""",120,119.5629,0.4371
2025-11-28 02:30:00,Aspect,Trine,Jupiter,Cancer,"0°30'00.26""",Saturn,Pisces,"0°56'15.62""",120,119.5624,0.4376
2025-11-28 02:45:00,Aspect,Trine,Jupiter,Cancer,"0°29'58.26""",Saturn,Pisces,"0°56'15.59""",120,119.5619,0.4381
2025-11-28 03:00:00,Aspect,Trine,Jupiter,Cancer,"0°29'56.26""",Saturn,Pisces,"0°56'15.57""",120,119.5613,0.4387
2025-11-28 03:15:00,Aspect,Trine,Jupiter,Cancer,"0°29'54.26""",Saturn,Pisces,"0°56'15.55""",120,119.5608,0.4392
2025-11-28 03:30:00,Aspect,Trine,Jupiter,Cancer,"0°29'52.26""",Saturn,Pisces,"0°56'15.52""",120,119.5602,0.4398
2025-11-28 03:45:00,Aspect,Trine,Jupiter,Cancer,"0°29'50.26""",Saturn,Pisces,"0°56'15.50""",120,119.5597,0.4403
2025-11-28 04:00:00,Aspect,Trine,Jupiter,Cancer,"0°29'48.25""",Saturn,Pisces,"0°56'15.48""",120,119.5591,0.4409
2025-11-28 04:15:00,Aspect,Trine,Jupiter,Cancer,"0°29'46.25""",Saturn,Pisces,"0°56'15.46""",120,119.5586,0.4414
2025-11-28 04:30:00,Aspect,Trine,Jupiter,Cancer,"0°29'44.24""",Saturn,Pisces,"0°56'15.44""",120,119.558,0.442
2025-11-28 04:45:00,Aspect,Trine,Jupiter,Cancer,"0°29'42.24""",Saturn,Pisces,"0°56'15.42""",120,119.5574,0.4426
2025-11-28 05:00:00,Aspect,Trine,Jupiter,Cancer,"0°29'40.23""",Saturn,Pisces,"0°56'15.41""",120,119.5569,0.4431
2025-11-28 05:15:00,Aspect,Trine,Jupiter,Cancer,"0°29'38.22""",Saturn,Pisces,"0°56'15.39""",120,119.5563,0.4437
2025-11-28 05:30:00,Aspect,Trine,Jupiter,Cancer,"0°29'36.21""",Saturn,Pisces,"0°56'15.37""",120,119.5558,0.4442
2025-11-28 05:45:00,Aspect,Trine,Jupiter,Cancer,"0°29'34.19""",Saturn,Pisces,"0°56'15.36""",120,119.5552,0.4448
2025-11-28 06:00:00,Aspect,Trine,Jupiter,Cancer,"0°29'32.18""",Saturn,Pisces,"0°56'15.34""",120,119.5547,0.4453
2025-11-28 06:15:00,Aspect,Trine,Jupiter,Cancer,"0°29'30.16""",Saturn,Pisces,"0°56'15.33""",120,119.5541,0.4459
2025-11-28 06:30:00,Aspect,Trine,Jupiter,Cancer,"0°29'28.15""",Saturn,Pisces,"0°56'15.31""",120,119.5536,0.4464
2025-11-28 06:45:00,Aspect,Trine,Jupiter,Cancer,"0°29'26.13""",Saturn,Pisces,"0°56'15.30""",120,119.553,0.447
2025-11-28 07:00:00,Aspect,Trine,Jupiter,Cancer,"0°29'24.11""",Saturn,Pisces,"0°56'15.29""",120,119.5525,0.4475
2025-11-28 07:15:00,Aspect,Trine,Jupiter,Cancer,"0°29'22.09""",Saturn,Pisces,"0°56'15.28""",120,119.5519,0.4481
2025-11-28 07:30:00,Aspect,Trine,Jupiter,Cancer,"0°29'20.07""",Saturn,Pisces,"0°56'15.27""",120,119.5513,0.4487
2025-11-28 07:45:00,Aspect,Trine,Jupiter,Cancer,"0°29'18.05""",Saturn,Pisces,"0°56'15.26""",120,119.5508,0.4492
2025-11-28 08:00:00,Aspect,Trine,Jupiter,Cancer,"0°29'16.03""",Saturn,Pisces,"0°56'15.25""",120,119.5502,0.4498
2025-11-28 08:15:00,Aspect,Trine,Jupiter,Cancer,"0°29'14.00""",Saturn,Pisces,"0°56'15.24""",120,119.5497,0.4503
2025-11-28 08:30:00,Aspect,Trine,Jupiter,Cancer,"0°29'11.97""",Saturn,Pisces,"0°56'15.23""",120,119.5491,0.4509
2025-11-28 08:45:00,Aspect,Trine,Jupiter,Cancer,"0°29'09.95""",Saturn,Pisces,"0°56'15.22""",120,119.5485,0.4515
2025-11-28 09:00:00,Aspect,Trine,Jupiter,Cancer,"0°29'07.92""",Saturn,Pisces,"0°56'15.21""",120,119.548,0.452
2025-11-28 09:15:00,Aspect,Trine,Jupiter,Cancer,"0°29'05.89""",Saturn,Pisces,"0°56'15.21""",120,119.5474,0.4526
2025-11-28 09:30:00,Aspect,Trine,Jupiter,Cancer,"0°29'03.86""",Saturn,Pisces,"0°56'15.20""",120,119.5468,0.4532
2025-11-28 09:45:00,Aspect,Trine,Jupiter,Cancer,"0°29'01.83""",Saturn,Pisces,"0°56'15.20""",120,119.5463,0.4537
2025-11-28 10:00:00,Aspect,Trine,Jupiter,Cancer,"0°28'59.79""",Saturn,Pisces,"0°56'15.19""",120,119.5457,0.4543
2025-11-28 10:15:00,Aspect,Trine,Jupiter,Cancer,"0°28'57.76""",Saturn,Pisces,"0°56'15.19""",120,119.5452,0.4548
2025-11-28 10:30:00,Aspect,Trine,Jupiter,Cancer,"0°28'55.72""",Saturn,Pisces,"0°56'15.19""",120,119.5446,0.4554
2025-11-28 10:45:00,Aspect,Trine,Jupiter,Cancer,"0°28'53.68""",Saturn,Pisces,"0°56'15.19""",120,119.544,0.456
2025-11-28 11:00:00,Aspect,Trine,Jupiter,Cancer,"0°28'51.65""",Saturn,Pisces,"0°56'15.19""",120,119.5435,0.4565
2025-11-28 11:15:00,Aspect,Trine,Jupiter,Cancer,"0°28'49.61""",Saturn,Pisces,"0°56'15.19""",120,119.5429,0.4571
2025-11-28 11:30:00,Aspect,Trine,Jupiter,Cancer,"0°28'47.57""",Saturn,Pisces,"0°56'15.19""",120,119.5423,0.4577
2025-11-28 11:45:00,Aspect,Trine,Jupiter,Cancer,"0°28'45.52""",Saturn,Pisces,"0°56'15.19""",120,119.5418,0.4582
2025-11-28 12:00:00,Aspect,Square,Sun,Scorpio,"11°59'32.81""",Moon,Aquarius,"10°59'37.62""",90,89.0013,0.9987
2025-11-28 12:00:00,Aspect,Trine,Jupiter,Cancer,"0°28'43.48""",Saturn,Pisces,"0°56'15.19""",120,119.5412,0.4588
2025-11-28 12:15:00,Aspect,Square,Sun,Scorpio,"12°00'10.77""",Moon,Aquarius,"11°07'49.05""",90,89.1273,0.8727
2025-11-28 12:15:00,Aspect,Trine,Jupiter,Cancer,"0°28'41.44""",Saturn,Pisces,"0°56'15.19""",120,119.5406,0.4594
2025-11-28 12:30:00,Aspect,Square,Sun,Scorpio,"12°00'48.74""",Moon,Aquarius,"11°16'00.63""",90,89.2533,0.7467
2025-11-28 12:30:00,Aspect,Trine,Jupiter,Cancer,"0°28'39.39""",Saturn,Pisces,"0°56'15.19""",120,119.5401,0.4599
2025-11-28 12:45:00,Aspect,Square,Sun,Scorpio,"12°01'26.70""",Moon,Aquarius,"11°24'12.36""",90,89.3794,0.6206
2025-11-28 12:45:00,Aspect,Trine,Jupiter,Cancer,"0°28'37.34""",Saturn,Pisces,"0°56'15.20""",120,119.5395,0.4605
2025-11-28 13:00:00,Aspect,Square,Sun,Scorpio,"12°02'04.66""",Moon,Aquarius,"11°32'24.24""",90,89.5054,0.4946
2025-11-28 13:00:00,Aspect,Trine,Jupiter,Cancer,"0°28'35.30""",Saturn,Pisces,"0°56'15.20""",120,119.5389,0.4611
2025-11-28 13:15:00,Aspect,Square,Sun,Scorpio,"12°02'42.63""",Moon,Aquarius,"11°40'36.26""",90,89.6316,0.3684
2025-11-28 13:15:00,Aspect,Trine,Jupiter,Cancer,"0°28'33.25""",Saturn,Pisces,"0°56'15.21""",120,119.5383,0.4617
2025-11-28 13:30:00,Aspect,Square,Sun,Scorpio,"12°03'20.59""",Moon,Aquarius,"11°48'48.44""",90,89.7577,0.2423
2025-11-28 13:30:00,Aspect,Trine,Jupiter,Cancer,"0°28'31.20""",Saturn,Pisces,"0°56'15.21""",120,119.5378,0.4622
2025-11-28 13:45:00,Aspect,Square,Sun,Scorpio,"12°03'58.55""",Moon,Aquarius,"11°57'00.76""",90,89.8839,0.1161
2025-11-28 13:45:00,Aspect,Trine,Jupiter,Cancer,"0°28'29.14""",Saturn,Pisces,"0°56'15.22""",120,119.5372,0.4628
2025-11-28 14:00:00,Aspect,Square,Sun,Scorpio,"12°04'36.52""",Moon,Aquarius,"12°05'13.24""",90,90.0102,0.0102
2025-11-28 14:00:00,Aspect,Trine,Jupiter,Cancer,"0°28'27.09""",Saturn,Pisces,"0°56'15.23""",120,119.5366,0.4634
2025-11-28 14:15:00,Aspect,Square,Sun,Scorpio,"12°05'14.48""",Moon,Aquarius,"12°13'25.86""",90,90.1365,0.1365
2025-11-28 14:15:00,Aspect,Trine,Jupiter,Cancer,"0°28'25.04""",Saturn,Pisces,"0°56'15.24""",120,119.5361,0.4639
2025-11-28 14:30:00,Aspect,Square,Sun,Scorpio,"12°05'52.45""",Moon,Aquarius,"12°21'38.64""",90,90.2628,0.2628
2025-11-28 14:30:00,Aspect,Trine,Jupiter,Cancer,"0°28'22.98""",Saturn,Pisces,"0°56'15.25""",120,119.5355,0.4645
2025-11-28 14:45:00,Aspect,Square,Sun,Scorpio,"12°06'30.41""",Moon,Aquarius,"12°29'51.56""",90,90.3892,0.3892
2025-11-28 14:45:00,Aspect,Trine,Jupiter,Cancer,"0°28'20.92""",Saturn,Pisces,"0°56'15.25""",120,119.5349,0.4651
2025-11-28 15:00:00,Aspect,Square,Sun,Scorpio,"12°07'08.38""",Moon,Aquarius,"12°38'04.64""",90,90.5156,0.5156
2025-11-28 15:00:00,Aspect,Trine,Jupiter,Cancer,"0°28'18.87""",Saturn,Pisces,"0°56'15.26""",120,119.5343,0.4657
2025-11-28 15:15:00,Aspect,Square,Sun,Scorpio,"12°07'46.34""",Moon,Aquarius,"12°46'17.87""",90,90.6421,0.6421
2025-11-28 15:15:00,Aspect,Trine,Jupiter,Cancer,"0°28'16.81""",Saturn,Pisces,"0°56'15.28""",120,119.5338,0.4662
2025-11-28 15:30:00,Aspect,Square,Sun,Scorpio,"12°08'24.30""",Moon,Aquarius,"12°54'31.25""",90,90.7686,0.7686
2025-11-28 15:30:00,Aspect,Trine,Jupiter,Cancer,"0°28'14.75""",Saturn,Pisces,"0°56'15.29""",120,119.5332,0.4668
2025-11-28 15:45:00,Aspect,Square,Sun,Scorpio,"12°09'02.27""",Moon,Aquarius,"13°02'44.79""",90,90.8951,0.8951
2025-11-28 15:45:00,Aspect,Trine,Jupiter,Cancer,"0°28'12.68""",Saturn,Pisces,"0°56'15.30""",120,119.5326,0.4674
2025-11-28 16:00:00,Aspect,Trine,Jupiter,Cancer,"0°28'10.62""",Saturn,Pisces,"0°56'15.31""",120,119.532,0.468
2025-11-28 16:15:00,Aspect,Trine,Jupiter,Cancer,"0°28'08.56""",Saturn,Pisces,"0°56'15.33""",120,119.5315,0.4685
2025-11-28 16:30:00,Aspect,Trine,Jupiter,Cancer,"0°28'06.49""",Saturn,Pisces,"0°56'15.34""",120,119.5309,0.4691
2025-11-28 16:45:00,Aspect,Trine,Jupiter,Cancer,"0°28'04.42""",Saturn,Pisces,"0°56'15.36""",120,119.5303,0.4697
2025-11-28 17:00:00,Aspect,Trine,Jupiter,Cancer,"0°28'02.36""",Saturn,Pisces,"0°56'15.37""",120,119.5297,0.4703
2025-11-28 17:15:00,Aspect,Trine,Jupiter,Cancer,"0°28'00.29""",Saturn,Pisces,"0°56'15.39""",120,119.5291,0.4709
2025-11-28 17:30:00,Aspect,Trine,Jupiter,Cancer,"0°27'58.22""",Saturn,Pisces,"0°56'15.41""",120,119.5286,0.4714
2025-11-28 17:45:00,Aspect,Trine,Jupiter,Cancer,"0°27'56.15""",Saturn,Pisces,"0°56'15.42""",120,119.528,0.472
2025-11-28 18:00:00,Aspect,Trine,Jupiter,Cancer,"0°27'54.07""",Saturn,Pisces,"0°56'15.44""",120,119.5274,0.4726
2025-11-28 18:15:00,Aspect,Trine,Jupiter,Cancer,"0°27'52.00""",Saturn,Pisces,"0°56'15.46""",120,119.5268,0.4732
2025-11-28 18:30:00,Aspect,Trine,Jupiter,Cancer,"0°27'49.92""",Saturn,Pisces,"0°56'15.48""",120,119.5262,0.4738
2025-11-28 18:45:00,Aspect,Trine,Jupiter,Cancer,"0°27'47.85""",Saturn,Pisces,"0°56'15.50""",120,119.5257,0.4743
2025-11-28 19:00:00,Aspect,Trine,Jupiter,Cancer,"0°27'45.77""",Saturn,Pisces,"0°56'15.52""",120,119.5251,0.4749
2025-11-28 19:15:00,Aspect,Trine,Jupiter,Cancer,"0°27'43.69""",Saturn,Pisces,"0°56'15.55""",120,119.5245,0.4755
2025-11-28 19:30:00,Aspect,Trine,Jupiter,Cancer,"0°27'41.61""",Saturn,Pisces,"0°56'15.57""",120,119.5239,0.4761
2025-11-28 19:45:00,Aspect,Trine,Jupiter,Cancer,"0°27'39.53""",Saturn,Pisces,"0°56'15.59""",120,119.5233,0.4767
2025-11-28 20:00:00,Aspect,Trine,Jupiter,Cancer,"0°27'37.45""",Saturn,Pisces,"0°56'15.62""",120,119.5227,0.4773
2025-11-28 20:15:00,Aspect,Trine,Jupiter,Cancer,"0°27'35.36""",Saturn,Pisces,"0°56'15.64""",120,119.5221,0.4779
2025-11-28 20:30:00,Aspect,Trine,Jupiter,Cancer,"0°27'33.28""",Saturn,Pisces,"0°56'15.67""",120,119.5216,0.4784
2025-11-28 20:45:00,Aspect,Trine,Jupiter,Cancer,"0°27'31.19""",Saturn,Pisces,"0°56'15.69""",120,119.521,0.479
2025-11-28 21:00:00,Aspect,Trine,Jupiter,Cancer,"0°27'29.10""",Saturn,Pisces,"0°56'15.72""",120,119.5204,0.4796
2025-11-28 21:15:00,Aspect,Trine,Jupiter,Cancer,"0°27'27.02""",Saturn,Pisces,"0°56'15.75""",120,119.5198,0.4802
2025-11-28 21:30:00,Aspect,Trine,Jupiter,Cancer,"0°27'24.93""",Saturn,Pisces,"0°56'15.78""",120,119.5192,0.4808
2025-11-28 21:45:00,Aspect,Trine,Jupiter,Cancer,"0°27'22.83""",Saturn,Pisces,"0°56'15.81""",120,119.5186,0.4814
2025-11-28 22:00:00,Aspect,Trine,Jupiter,Cancer,"0°27'20.74""",Saturn,Pisces,"0°56'15.84""",120,119.518,0.482
2025-11-28 22:15:00,Aspect,Trine,Jupiter,Cancer,"0°27'18.65""",Saturn,Pisces,"0°56'15.87""",120,119.5174,0.4826
2025-11-28 22:30:00,Aspect,Trine,Jupiter,Cancer,"0°27'16.55""",Saturn,Pisces,"0°56'15.90""",120,119.5168,0.4832
2025-11-28 22:45:00,Aspect,Trine,Jupiter,Cancer,"0°27'14.46""",Saturn,Pisces,"0°56'15.93""",120,119.5163,0.4837
2025-11-28 23:00:00,Aspect,Trine,Jupiter,Cancer,"0°27'12.36""",Saturn,Pisces,"0°56'15.96""",120,119.5157,0.4843
2025-11-28 23:15:00,Aspect,Trine,Jupiter,Cancer,"0°27'10.26""",Saturn,Pisces,"0°56'16.00""",120,119.5151,0.4849
2025-11-28 23:30:00,Aspect,Trine,Jupiter,Cancer,"0°27'08.16""",Saturn,Pisces,"0°56'16.03""",120,119.5145,0.4855
2025-11-28 23:45:00,Aspect,Trine,Jupiter,Cancer,"0°27'06.06""",Saturn,Pisces,"0°56'16.06""",120,119.5139,0.4861
2025-11-29 00:00:00,Aspect,Trine,Jupiter,Cancer,"0°27'03.96""",Saturn,Pisces,"0°56'16.10""",120,119.5133,0.4867
2025-11-29 00:15:00,Aspect,Trine,Jupiter,Cancer,"0°27'01.86""",Saturn,Pisces,"0°56'16.14""",120,119.5127,0.4873
2025-11-29 00:30:00,Aspect,Trine,Jupiter,Cancer,"0°26'59.75""",Saturn,Pisces,"0°56'16.17""",120,119.5121,0.4879
2025-11-29 00:45:00,Aspect,Trine,Jupiter,Cancer,"0°26'57.65""",Saturn,Pisces,"0°56'16.21""",120,119.5115,0.4885
2025-11-29 01:00:00,Aspect,Trine,Jupiter,Cancer,"0°26'55.54""",Saturn,Pisces,"0°56'16.25""",120,119.5109,0.4891
2025-11-29 01:15:00,Aspect,Trine,Jupiter,Cancer,"0°26'53.43""",Saturn,Pisces,"0°56'16.29""",120,119.5103,0.4897
2025-11-29 01:30:00,Aspect,Trine,Jupiter,Cancer,"0°26'51.32""",Saturn,Pisces,"0°56'16.33""",120,119.5097,0.4903
2025-11-29 01:45:00,Aspect,Trine,Jupiter,Cancer,"0°26'49.21""",Saturn,Pisces,"0°56'16.37""",120,119.5091,0.4909
2025-11-29 02:00:00,Aspect,Trine,Jupiter,Cancer,"0°26'47.10""",Saturn,Pisces,"0°56'16.41""",120,119.5085,0.4915
2025-11-29 02:15:00,Aspect,Conjunction,Moon,Aquarius,"18°50'33.64""",Rahu,Aquarius,"19°42'29.27""",0,0.8655,0.8655
2025-11-29 02:15:00,Aspect,Opposition,Moon,Aquarius,"18°50'33.64""",Ketu,Leo,"19°42'29.27""",180,179.1345,0.8655
2025-11-29 02:15:00,Aspect,Trine,Jupiter,Cancer,"0°26'44.98""",Saturn,Pisces,"0°56'16.45""",120,119.5079,0.4921
2025-11-29 02:30:00,Aspect,Conjunction,Moon,Aquarius,"18°58'53.94""",Rahu,Aquarius,"19°42'27.28""",0,0.7259,0.7259
2025-11-29 02:30:00,Aspect,Opposition,Moon,Aquarius,"18°58'53.94""",Ketu,Leo,"19°42'27.28""",180,179.2741,0.7259
2025-11-29 02:30:00,Aspect,Trine,Jupiter,Cancer,"0°26'42.87""",Saturn,Pisces,"0°56'16.49""",120,119.5073,0.4927
2025-11-29 02:45:00,Aspect,Conjunction,Moon,Aquarius,"19°07'14.40""",Rahu,Aquarius,"19°42'25.29""",0,0.5864,0.5864
2025-11-29 02:45:00,Aspect,Opposition,Moon,Aquarius,"19°07'14.40""",Ketu,Leo,"19°42'25.29""",180,179.4136,0.5864
2025-11-29 02:45:00,Aspect,Trine,Jupiter,Cancer,"0°26'40.75""",Saturn,Pisces,"0°56'16.54""",120,119.5067,0.4933
2025-11-29 03:00:00,Aspect,Conjunction,Moon,Aquarius,"19°15'35.02""",Rahu,Aquarius,"19°42'23.31""",0,0.4467,0.4467
2025-11-29 03:00:00,Aspect,Opposition,Moon,Aquarius,"19°15'35.02""",Ketu,Leo,"19°42'23.31""",180,179.5533,0.4467
2025-11-29 03:00:00,Aspect,Trine,Jupiter,Cancer,"0°26'38.64""",Saturn,Pisces,"0°56'16.58""",120,119.5061,0.4939
2025-11-29 03:15:00,Aspect,Conjunction,Moon,Aquarius,"19°23'55.81""",Rahu,Aquarius,"19°42'21.32""",0,0.3071,0.3071
2025-11-29 03:15:00,Aspect,Opposition,Moon,Aquarius,"19°23'55.81""",Ketu,Leo,"19°42'21.32""",180,179.6929,0.3071
2025-11-29 03:15:00,Aspect,Trine,Jupiter,Cancer,"0°26'36.52""",Saturn,Pisces,"0°56'16.62""",120,119.5055,0.4945
2025-11-29 03:30:00,Aspect,Conjunction,Moon,Aquarius,"19°32'16.76""",Rahu,Aquarius,"19°42'19.33""",0,0.1674,0.1674
2025-11-29 03:30:00,Aspect,Opposition,Moon,Aquarius,"19°32'16.76""",Ketu,Leo,"19°42'19.33""",180,179.8326,0.1674
2025-11-29 03:30:00,Aspect,Trine,Jupiter,Cancer,"0°26'34.40""",Saturn,Pisces,"0°56'16.67""",120,119.5049,0.4951
2025-11-29 03:45:00,Aspect,Conjunction,Moon,Aquarius,"19°40'37.87""",Rahu,Aquarius,"19°42'17.35""",0,0.0276,0.0276
2025-11-29 03:45:00,Aspect,Opposition,Moon,Aquarius,"19°40'37.87""",Ketu,Leo,"19°42'17.35""",180,179.9724,0.0276
2025-11-29 03:45:00,Aspect,Trine,Jupiter,Cancer,"0°26'32.28""",Saturn,Pisces,"0°56'16.72""",120,119.5043,0.4957
2025-11-29 04:00:00,Aspect,Conjunction,Moon,Aquarius,"19°48'59.15""",Rahu,Aquarius,"19°42'15.36""",0,0.1122,0.1122
2025-11-29 04:00:00,Aspect,Opposition,Moon,Aquarius,"19°48'59.15""",Ketu,Leo,"19°42'15.36""",180,179.8878,0.1122
2025-11-29 04:00:00,Aspect,Trine,Jupiter,Cancer,"0°26'30.16""",Saturn,Pisces,"0°56'16.76""",120,119.5037,0.4963
2025-11-29 04:15:00,Aspect,Conjunction,Moon,Aquarius,"19°57'20.59""",Rahu,Aquarius,"19°42'13.37""",0,0.252,0.252
2025-11-29 04:15:00,Aspect,Opposition,Moon,Aquarius,"19°57'20.59""",Ketu,Leo,"19°42'13.37""",180,179.748,0.252
2025-11-29 04:15:00,Aspect,Trine,Jupiter,Cancer,"0°26'28.03""",Saturn,Pisces,"0°56'16.81""",120,119.5031,0.4969
2025-11-29 04:30:00,Aspect,Conjunction,Moon,Aquarius,"20°05'42.20""",Rahu,Aquarius,"19°42'11.38""",0,0.3919,0.3919
2025-11-29 04:30:00,Aspect,Opposition,Moon,Aquarius,"20°05'42.20""",Ketu,Leo,"19°42'11.38""",180,179.6081,0.3919
2025-11-29 04:30:00,Aspect,Trine,Jupiter,Cancer,"0°26'25.91""",Saturn,Pisces,"0°56'16.86""",120,119.5025,0.4975
2025-11-29 04:45:00,Aspect,Conjunction,Moon,Aquarius,"20°14'03.97""",Rahu,Aquarius,"19°42'09.40""",0,0.5318,0.5318
2025-11-29 04:45:00,Aspect,Opposition,Moon,Aquarius,"20°14'03.97""",Ketu,Leo,"19°42'09.40""",180,179.4682,0.5318
2025-11-29 04:45:00,Aspect,Trine,Jupiter,Cancer,"0°26'23.79""",Saturn,Pisces,"0°56'16.91""",120,119.5019,0.4981
2025-11-29 05:00:00,Aspect,Conjunction,Moon,Aquarius,"20°22'25.90""",Rahu,Aquarius,"19°42'07.41""",0,0.6718,0.6718
2025-11-29 05:00:00,Aspect,Opposition,Moon,Aquarius,"20°22'25.90""",Ketu,Leo,"19°42'07.41""",180,179.3282,0.6718
2025-11-29 05:00:00,Aspect,Trine,Jupiter,Cancer,"0°26'21.66""",Saturn,Pisces,"0°56'16.96""",120,119.5013,0.4987
2025-11-29 05:15:00,Aspect,Conjunction,Moon,Aquarius,"20°30'48.00""",Rahu,Aquarius,"19°42'05.42""",0,0.8118,0.8118
2025-11-29 05:15:00,Aspect,Opposition,Moon,Aquarius,"20°30'48.00""",Ketu,Leo,"19°42'05.42""",180,179.1882,0.8118
2025-11-29 05:15:00,Aspect,Trine,Jupiter,Cancer,"0°26'19.53""",Saturn,Pisces,"0°56'17.01""",120,119.5007,0.4993
2025-11-29 05:30:00,Aspect,Conjunction,Moon,Aquarius,"20°39'10.27""",Rahu,Aquarius,"19°42'03.44""",0,0.9519,0.9519
2025-11-29 05:30:00,Aspect,Opposition,Moon,Aquarius,"20°39'10.27""",Ketu,Leo,"19°42'03.44""",180,179.0481,0.9519
2025-11-29 05:30:00,Aspect,Trine,Jupiter,Cancer,"0°26'17.40""",Saturn,Pisces,"0°56'17.06""",120,119.5001,0.4999
2025-11-29 05:45:00,Aspect,Trine,Jupiter,Cancer,"0°26'15.27""",Saturn,Pisces,"0°56'17.11""",120,119.4995,0.5005
2025-11-29 06:00:00,Aspect,Trine,Jupiter,Cancer,"0°26'13.14""",Saturn,Pisces,"0°56'17.16""",120,119.4989,0.5011
2025-11-29 06:15:00,Aspect,Trine,Jupiter,Cancer,"0°26'11.01""",Saturn,Pisces,"0°56'17.22""",120,119.4983,0.5017
2025-11-29 06:30:00,Aspect,Trine,Jupiter,Cancer,"0°26'08.87""",Saturn,Pisces,"0°56'17.27""",120,119.4977,0.5023
2025-11-29 06:45:00,Aspect,Trine,Jupiter,Cancer,"0°26'06.74""",Saturn,Pisces,"0°56'17.32""",120,119.4971,0.5029
2025-11-29 07:00:00,Aspect,Trine,Jupiter,Cancer,"0°26'04.60""",Saturn,Pisces,"0°56'17.38""",120,119.4965,0.5035
2025-11-29 07:15:00,Aspect,Trine,Jupiter,Cancer,"0°26'02.46""",Saturn,Pisces,"0°56'17.43""",120,119.4958,0.5042
2025-11-29 07:30:00,Aspect,Trine,Jupiter,Cancer,"0°26'00.33""",Saturn,Pisces,"0°56'17.49""",120,119.4952,0.5048
2025-11-29 07:45:00,Aspect,Trine,Jupiter,Cancer,"0°25'58.19""",Saturn,Pisces,"0°56'17.55""",120,119.4946,0.5054
2025-11-29 08:00:00,Aspect,Trine,Jupiter,Cancer,"0°25'56.04""",Saturn,Pisces,"0°56'17.61""",120,119.494,0.506
2025-11-29 08:15:00,Aspect,Trine,Jupiter,Cancer,"0°25'53.90""",Saturn,Pisces,"0°56'17.67""",120,119.4934,0.5066
2025-11-29 08:30:00,Aspect,Trine,Jupiter,Cancer,"0°25'51.76""",Saturn,Pisces,"0°56'17.72""",120,119.4928,0.5072
2025-11-29 08:45:00,Aspect,Trine,Jupiter,Cancer,"0°25'49.61""",Saturn,Pisces,"0°56'17.78""",120,119.4922,0.5078
2025-11-29 09:00:00,Aspect,Trine,Jupiter,Cancer,"0°25'47.47""",Saturn,Pisces,"0°56'17.85""",120,119.4916,0.5084
2025-11-29 09:15:00,Aspect,Square,Moon,Aquarius,"22°45'04.18""",Mars,Scorpio,"23°39'45.14""",90,89.0886,0.9114
2025-11-29 09:15:00,Aspect,Trine,Jupiter,Cancer,"0°25'45.32""",Saturn,Pisces,"0°56'17.91""",120,119.4909,0.5091
2025-11-29 09:30:00,Aspect,Square,Moon,Aquarius,"22°53'29.11""",Mars,Scorpio,"23°40'12.88""",90,89.2212,0.7788
2025-11-29 09:30:00,Aspect,Trine,Jupiter,Cancer,"0°25'43.17""",Saturn,Pisces,"0°56'17.97""",120,119.4903,0.5097
2025-11-29 09:45:00,Aspect,Square,Moon,Aquarius,"23°01'54.21""",Mars,Scorpio,"23°40'40.63""",90,89.3538,0.6462
2025-11-29 09:45:00,Aspect,Trine,Jupiter,Cancer,"0°25'41.02""",Saturn,Pisces,"0°56'18.03""",120,119.4897,0.5103
2025-11-29 10:00:00,Aspect,Square,Moon,Aquarius,"23°10'19.48""",Mars,Scorpio,"23°41'08.38""",90,89.4864,0.5136
2025-11-29 10:00:00,Aspect,Trine,Jupiter,Cancer,"0°25'38.87""",Saturn,Pisces,"0°56'18.10""",120,119.4891,0.5109
2025-11-29 10:15:00,Aspect,Square,Moon,Aquarius,"23°18'44.92""",Mars,Scorpio,"23°41'36.12""",90,89.6191,0.3809
2025-11-29 10:15:00,Aspect,Trine,Jupiter,Cancer,"0°25'36.72""",Saturn,Pisces,"0°56'18.16""",120,119.4885,0.5115
2025-11-29 10:30:00,Aspect,Square,Moon,Aquarius,"23°27'10.53""",Mars,Scorpio,"23°42'03.87""",90,89.7518,0.2482
2025-11-29 10:30:00,Aspect,Trine,Jupiter,Cancer,"0°25'34.56""",Saturn,Pisces,"0°56'18.23""",120,119.4879,0.5121
2025-11-29 10:45:00,Aspect,Square,Moon,Aquarius,"23°35'36.31""",Mars,Scorpio,"23°42'31.62""",90,89.8846,0.1154
2025-11-29 10:45:00,Aspect,Trine,Jupiter,Cancer,"0°25'32.41""",Saturn,Pisces,"0°56'18.29""",120,119.4873,0.5127
2025-11-29 11:00:00,Aspect,Square,Moon,Aquarius,"23°44'02.26""",Mars,Scorpio,"23°42'59.37""",90,90.0175,0.0175
2025-11-29 11:00:00,Aspect,Trine,Jupiter,Cancer,"0°25'30.25""",Saturn,Pisces,"0°56'18.36""",120,119.4866,0.5134
2025-11-29 11:15:00,Aspect,Square,Moon,Aquarius,"23°52'28.38""",Mars,Scorpio,"23°43'27.12""",90,90.1503,0.1503
2025-11-29 11:15:00,Aspect,Trine,Jupiter,Cancer,"0°25'28.10""",Saturn,Pisces,"0°56'18.42""",120,119.486,0.514
2025-11-29 11:30:00,Aspect,Square,Moon,Aquarius,"24°00'54.66""",Mars,Scorpio,"23°43'54.87""",90,90.2833,0.2833
2025-11-29 11:30:00,Aspect,Trine,Jupiter,Cancer,"0°25'25.94""",Saturn,Pisces,"0°56'18.49""",120,119.4854,0.5146
2025-11-29 11:45:00,Aspect,Square,Moon,Aquarius,"24°09'21.12""",Mars,Scorpio,"23°44'22.62""",90,90.4163,0.4163
2025-11-29 11:45:00,Aspect,Trine,Jupiter,Cancer,"0°25'23.78""",Saturn,Pisces,"0°56'18.56""",120,119.4848,0.5152
2025-11-29 12:00:00,Aspect,Square,Moon,Aquarius,"24°17'47.75""",Mars,Scorpio,"23°44'50.37""",90,90.5493,0.5493
2025-11-29 12:00:00,Aspect,Trine,Jupiter,Cancer,"0°25'21.62""",Saturn,Pisces,"0°56'18.63""",120,119.4842,0.5158
2025-11-29 12:15:00,Aspect,Square,Moon,Aquarius,"24°26'14.55""",Mars,Scorpio,"23°45'18.12""",90,90.6823,0.6823
2025-11-29 12:15:00,Aspect,Trine,Jupiter,Cancer,"0°25'19.46""",Saturn,Pisces,"0°56'18.70""",120,119.4835,0.5165
2025-11-29 12:30:00,Aspect,Square,Moon,Aquarius,"24°34'41.52""",Mars,Scorpio,"23°45'45.87""",90,90.8155,0.8155
2025-11-29 12:30:00,Aspect,Trine,Jupiter,Cancer,"0°25'17.29""",Saturn,Pisces,"0°56'18.77""",120,119.4829,0.5171
2025-11-29 12:45:00,Aspect,Square,Moon,Aquarius,"24°43'08.66""",Mars,Scorpio,"23°46'13.62""",90,90.9486,0.9486
2025-11-29 12:45:00,Aspect,Trine,Jupiter,Cancer,"0°25'15.13""",Saturn,Pisces,"0°56'18.84""",120,119.4823,0.5177
2025-11-29 13:00:00,Aspect,Trine,Jupiter,Cancer,"0°25'12.96""",Saturn,Pisces,"0°56'18.91""",120,119.4817,0.5183
2025-11-29 13:15:00,Aspect,Trine,Jupiter,Cancer,"0°25'10.80""",Saturn,Pisces,"0°56'18.99""",120,119.4811,0.5189
2025-11-29 13:30:00,Aspect,Trine,Jupiter,Cancer,"0°25'08.63""",Saturn,Pisces,"0°56'19.06""",120,119.4804,0.5196
2025-11-29 13:45:00,Aspect,Trine,Jupiter,Cancer,"0°25'06.46""",Saturn,Pisces,"0°56'19.13""",120,119.4798,0.5202
2025-11-29 14:00:00,Aspect,Trine,Jupiter,Cancer,"0°25'04.29""",Saturn,Pisces,"0°56'19.21""",120,119.4792,0.5208
2025-11-29 14:15:00,Aspect,Trine,Moon,Aquarius,"25°33'55.10""",Mercury,Libra,"26°30'13.34""",120,119.0616,0.9384
2025-11-29 14:15:00,Aspect,Trine,Jupiter,Cancer,"0°25'02.12""",Saturn,Pisces,"0°56'19.28""",120,119.4786,0.5214
2025-11-29 14:30:00,Aspect,Trine,Moon,Aquarius,"25°42'23.44""",Mercury,Libra,"26°30'10.44""",120,119.2036,0.7964
2025-11-29 14:30:00,Aspect,Trine,Jupiter,Cancer,"0°24'59.94""",Saturn,Pisces,"0°56'19.36""",120,119.4779,0.5221
2025-11-29 14:45:00,Aspect,Trine,Moon,Aquarius,"25°50'51.95""",Mercury,Libra,"26°30'07.60""",120,119.3457,0.6543
2025-11-29 14:45:00,Aspect,Trine,Jupiter,Cancer,"0°24'57.77""",Saturn,Pisces,"0°56'19.44""",120,119.4773,0.5227
2025-11-29 15:00:00,Aspect,Trine,Moon,Aquarius,"25°59'20.64""",Mercury,Libra,"26°30'04.84""",120,119.4877,0.5123
2025-11-29 15:00:00,Aspect,Trine,Jupiter,Cancer,"0°24'55.59""",Saturn,Pisces,"0°56'19.52""",120,119.4767,0.5233
2025-11-29 15:15:00,Aspect,Trine,Moon,Aquarius,"26°07'49.50""",Mercury,Libra,"26°30'02.15""",120,119.6298,0.3702
2025-11-29 15:15:00,Aspect,Trine,Jupiter,Cancer,"0°24'53.42""",Saturn,Pisces,"0°56'19.59""",120,119.4761,0.5239
2025-11-29 15:30:00,Aspect,Trine,Moon,Aquarius,"26°16'18.53""",Mercury,Libra,"26°29'59.53""",120,119.7719,0.2281
2025-11-29 15:30:00,Aspect,Trine,Jupiter,Cancer,"0°24'51.24""",Saturn,Pisces,"0°56'19.67""",120,119.4754,0.5246
2025-11-29 15:45:00,Aspect,Trine,Moon,Aquarius,"26°24'47.73""",Mercury,Libra,"26°29'56.98""",120,119.9141,0.0859
2025-11-29 15:45:00,Aspect,Trine,Jupiter,Cancer,"0°24'49.06""",Saturn,Pisces,"0°56'19.75""",120,119.4748,0.5252
2025-11-29 16:00:00,Aspect,Trine,Moon,Aquarius,"26°33'17.11""",Mercury,Libra,"26°29'54.51""",120,120.0563,0.0563
2025-11-29 16:00:00,Aspect,Trine,Jupiter,Cancer,"0°24'46.88""",Saturn,Pisces,"0°56'19.83""",120,119.4742,0.5258
2025-11-29 16:15:00,Aspect,Trine,Moon,Aquarius,"26°41'46.66""",Mercury,Libra,"26°29'52.10""",120,120.1985,0.1985
2025-11-29 16:15:00,Aspect,Trine,Jupiter,Cancer,"0°24'44.70""",Saturn,Pisces,"0°56'19.91""",120,119.4736,0.5264
2025-11-29 16:30:00,Aspect,Trine,Moon,Aquarius,"26°50'16.39""",Mercury,Libra,"26°29'49.77""",120,120.3407,0.3407
2025-11-29 16:30:00,Aspect,Trine,Jupiter,Cancer,"0°24'42.52""",Saturn,Pisces,"0°56'20.00""",120,119.4729,0.5271
2025-11-29 16:45:00,Aspect,Trine,Moon,Aquarius,"26°58'46.29""",Mercury,Libra,"26°29'47.51""",120,120.483,0.483
2025-11-29 16:45:00,Aspect,Trine,Jupiter,Cancer,"0°24'40.33""",Saturn,Pisces,"0°56'20.08""",120,119.4723,0.5277
2025-11-29 17:00:00,Aspect,Trine,Moon,Aquarius,"27°07'16.36""",Mercury,Libra,"26°29'45.31""",120,120.6253,0.6253
2025-11-29 17:00:00,Aspect,Trine,Jupiter,Cancer,"0°24'38.15""",Saturn,Pisces,"0°56'20.16""",120,119.4717,0.5283
2025-11-29 17:15:00,Aspect,Trine,Moon,Aquarius,"27°15'46.61""",Mercury,Libra,"26°29'43.19""",120,120.7676,0.7676
2025-11-29 17:15:00,Aspect,Trine,Jupiter,Cancer,"0°24'35.96""",Saturn,Pisces,"0°56'20.25""",120,119.471,0.529
2025-11-29 17:30:00,Aspect,Trine,Moon,Aquarius,"27°24'17.03""",Mercury,Libra,"26°29'41.14""",120,120.91,0.91
2025-11-29 17:30:00,Aspect,Trine,Jupiter,Cancer,"0°24'33.77""",Saturn,Pisces,"0°56'20.33""",120,119.4704,0.5296
2025-11-29 17:45:00,Aspect,Trine,Jupiter,Cancer,"0°24'31.58""",Saturn,Pisces,"0°56'20.42""",120,119.4698,0.5302
2025-11-29 18:00:00,Aspect,Trine,Jupiter,Cancer,"0°24'29.39""",Saturn,Pisces,"0°56'20.50""",120,119.4691,0.5309
2025-11-29 18:15:00,Aspect,Trine,Jupiter,Cancer,"0°24'27.20""",Saturn,Pisces,"0°56'20.59""",120,119.4685,0.5315
2025-11-29 18:30:00,Aspect,Trine,Jupiter,Cancer,"0°24'25.01""",Saturn,Pisces,"0°56'20.68""",120,119.4679,0.5321
2025-11-29 18:45:00,Aspect,Trine,Jupiter,Cancer,"0°24'22.82""",Saturn,Pisces,"0°56'20.77""",120,119.4672,0.5328
2025-11-29 19:00:00,Aspect,Trine,Jupiter,Cancer,"0°24'20.62""",Saturn,Pisces,"0°56'20.85""",120,119.4666,0.5334
2025-11-29 19:15:00,Aspect,Trine,Jupiter,Cancer,"0°24'18.43""",Saturn,Pisces,"0°56'20.94""",120,119.466,0.534
2025-11-29 19:30:00,Aspect,Trine,Jupiter,Cancer,"0°24'16.23""",Saturn,Pisces,"0°56'21.03""",120,119.4653,0.5347
2025-11-29 19:45:00,Aspect,Trine,Jupiter,Cancer,"0°24'14.03""",Saturn,Pisces,"0°56'21.13""",120,119.4647,0.5353
2025-11-29 20:00:00,Aspect,Trine,Jupiter,Cancer,"0°24'11.83""",Saturn,Pisces,"0°56'21.22""",120,119.4641,0.5359
2025-11-29 20:15:00,Aspect,Trine,Jupiter,Cancer,"0°24'09.63""",Saturn,Pisces,"0°56'21.31""",120,119.4634,0.5366
2025-11-29 20:30:00,Aspect,Trine,Jupiter,Cancer,"0°24'07.43""",Saturn,Pisces,"0°56'21.40""",120,119.4628,0.5372
2025-11-29 20:45:00,Aspect,Trine,Jupiter,Cancer,"0°24'05.22""",Saturn,Pisces,"0°56'21.50""",120,119.4621,0.5379
2025-11-29 21:00:00,Aspect,Trine,Jupiter,Cancer,"0°24'03.02""",Saturn,Pisces,"0°56'21.59""",120,119.4615,0.5385
2025-11-29 21:15:00,Aspect,Trine,Moon,Aquarius,"29°32'14.37""",Jupiter,Cancer,"0°24'00.81""",120,120.8629,0.8629
2025-11-29 21:15:00,Aspect,Trine,Jupiter,Cancer,"0°24'00.81""",Saturn,Pisces,"0°56'21.69""",120,119.4609,0.5391
2025-11-29 21:30:00,Aspect,Trine,Moon,Aquarius,"29°40'47.60""",Jupiter,Cancer,"0°23'58.61""",120,120.7197,0.7197
2025-11-29 21:30:00,Aspect,Trine,Jupiter,Cancer,"0°23'58.61""",Saturn,Pisces,"0°56'21.78""",120,119.4602,0.5398
2025-11-29 21:45:00,Aspect,Trine,Moon,Aquarius,"29°49'21.01""",Jupiter,Cancer,"0°23'56.40""",120,120.5765,0.5765
2025-11-29 21:45:00,Aspect,Trine,Jupiter,Cancer,"0°23'56.40""",Saturn,Pisces,"0°56'21.88""",120,119.4596,0.5404
2025-11-29 22:00:00,Aspect,Trine,Moon,Aquarius,"29°57'54.60""",Jupiter,Cancer,"0°23'54.19""",120,120.4332,0.4332
2025-11-29 22:00:00,Aspect,Conjunction,Moon,Aquarius,"29°57'54.60""",Saturn,Pisces,"0°56'21.98""",0,0.9743,0.9743
2025-11-29 22:00:00,Aspect,Trine,Jupiter,Cancer,"0°23'54.19""",Saturn,Pisces,"0°56'21.98""",120,119.4589,0.5411
2025-11-29 22:15:00,Aspect,Trine,Moon,Pisces,"0°06'28.36""",Jupiter,Cancer,"0°23'51.98""",120,120.2899,0.2899
2025-11-29 22:15:00,Aspect,Conjunction,Moon,Pisces,"0°06'28.36""",Saturn,Pisces,"0°56'22.07""",0,0.8316,0.8316
2025-11-29 22:15:00,Aspect,Trine,Jupiter,Cancer,"0°23'51.98""",Saturn,Pisces,"0°56'22.07""",120,119.4583,0.5417
2025-11-29 22:30:00,Aspect,Trine,Moon,Pisces,"0°15'02.30""",Jupiter,Cancer,"0°23'49.77""",120,120.1465,0.1465
2025-11-29 22:30:00,Aspect,Conjunction,Moon,Pisces,"0°15'02.30""",Saturn,Pisces,"0°56'22.17""",0,0.6889,0.6889
2025-11-29 22:30:00,Aspect,Trine,Jupiter,Cancer,"0°23'49.77""",Saturn,Pisces,"0°56'22.17""",120,119.4577,0.5423
2025-11-29 22:45:00,Aspect,Trine,Moon,Pisces,"0°23'36.42""",Jupiter,Cancer,"0°23'47.55""",120,120.0031,0.0031
2025-11-29 22:45:00,Aspect,Conjunction,Moon,Pisces,"0°23'36.42""",Saturn,Pisces,"0°56'22.27""",0,0.5461,0.5461
2025-11-29 22:45:00,Aspect,Trine,Jupiter,Cancer,"0°23'47.55""",Saturn,Pisces,"0°56'22.27""",120,119.457,0.543
2025-11-29 23:00:00,Aspect,Trine,Moon,Pisces,"0°32'10.71""",Jupiter,Cancer,"0°23'45.34""",120,119.8596,0.1404
2025-11-29 23:00:00,Aspect,Conjunction,Moon,Pisces,"0°32'10.71""",Saturn,Pisces,"0°56'22.37""",0,0.4032,0.4032
2025-11-29 23:00:00,Aspect,Trine,Jupiter,Cancer,"0°23'45.34""",Saturn,Pisces,"0°56'22.37""",120,119.4564,0.5436
2025-11-29 23:15:00,Aspect,Trine,Moon,Pisces,"0°40'45.18""",Jupiter,Cancer,"0°23'43.12""",120,119.7161,0.2839
2025-11-29 23:15:00,Aspect,Conjunction,Moon,Pisces,"0°40'45.18""",Saturn,Pisces,"0°56'22.47""",0,0.2604,0.2604
2025-11-29 23:15:00,Aspect,Trine,Jupiter,Cancer,"0°23'43.12""",Saturn,Pisces,"0°56'22.47""",120,119.4557,0.5443
2025-11-29 23:30:00,Aspect,Trine,Moon,Pisces,"0°49'19.83""",Jupiter,Cancer,"0°23'40.91""",120,119.5725,0.4275
2025-11-29 23:30:00,Aspect,Conjunction,Moon,Pisces,"0°49'19.83""",Saturn,Pisces,"0°56'22.57""",0,0.1174,0.1174
2025-11-29 23:30:00,Aspect,Trine,Jupiter,Cancer,"0°23'40.91""",Saturn,Pisces,"0°56'22.57""",120,119.4551,0.5449
2025-11-29 23:45:00,Aspect,Trine,Moon,Pisces,"0°57'54.66""",Jupiter,Cancer,"0°23'38.69""",120,119.4289,0.5711
2025-11-29 23:45:00,Aspect,Conjunction,Moon,Pisces,"0°57'54.66""",Saturn,Pisces,"0°56'22.68""",0,0.0256,0.0256
2025-11-29 23:45:00,Aspect,Trine,Jupiter,Cancer,"0°23'38.69""",Saturn,Pisces,"0°56'22.68""",120,119.4544,0.5456
2025-11-30 00:00:00,Aspect,Trine,Moon,Pisces,"1°06'29.67""",Jupiter,Cancer,"0°23'36.47""",120,119.2852,0.7148
2025-11-30 00:00:00,Aspect,Conjunction,Moon,Pisces,"1°06'29.67""",Saturn,Pisces,"0°56'22.78""",0,0.1686,0.1686
2025-11-30 00:00:00,Aspect,Trine,Jupiter,Cancer,"0°23'36.47""",Saturn,Pisces,"0°56'22.78""",120,119.4538,0.5462
2025-11-30 00:15:00,Aspect,Trine,Moon,Pisces,"1°15'04.85""",Jupiter,Cancer,"0°23'34.25""",120,119.1415,0.8585
2025-11-30 00:15:00,Aspect,Conjunction,Moon,Pisces,"1°15'04.85""",Saturn,Pisces,"0°56'22.88""",0,0.3117,0.3117
2025-11-30 00:15:00,Aspect,Trine,Jupiter,Cancer,"0°23'34.25""",Saturn,Pisces,"0°56'22.88""",120,119.4532,0.5468
2025-11-30 00:30:00,Aspect,Conjunction,Moon,Pisces,"1°23'40.21""",Saturn,Pisces,"0°56'22.99""",0,0.4548,0.4548
2025-11-30 00:30:00,Aspect,Trine,Jupiter,Cancer,"0°23'32.03""",Saturn,Pisces,"0°56'22.99""",120,119.4525,0.5475
2025-11-30 00:45:00,Aspect,Conjunction,Moon,Pisces,"1°32'15.75""",Saturn,Pisces,"0°56'23.09""",0,0.598,0.598
2025-11-30 00:45:00,Aspect,Trine,Jupiter,Cancer,"0°23'29.81""",Saturn,Pisces,"0°56'23.09""",120,119.4519,0.5481
2025-11-30 01:00:00,Aspect,Conjunction,Moon,Pisces,"1°40'51.47""",Saturn,Pisces,"0°56'23.20""",0,0.7412,0.7412
2025-11-30 01:00:00,Aspect,Trine,Jupiter,Cancer,"0°23'27.58""",Saturn,Pisces,"0°56'23.20""",120,119.4512,0.5488
2025-11-30 01:15:00,Aspect,Conjunction,Moon,Pisces,"1°49'27.37""",Saturn,Pisces,"0°56'23.31""",0,0.8845,0.8845
2025-11-30 01:15:00,Aspect,Trine,Jupiter,Cancer,"0°23'25.36""",Saturn,Pisces,"0°56'23.31""",120,119.4506,0.5494
2025-11-30 01:30:00,Aspect,Trine,Jupiter,Cancer,"0°23'23.13""",Saturn,Pisces,"0°56'23.41""",120,119.4499,0.5501
2025-11-30 01:45:00,Aspect,Trine,Jupiter,Cancer,"0°23'20.90""",Saturn,Pisces,"0°56'23.52""",120,119.4493,0.5507
2025-11-30 02:00:00,Aspect,Trine,Jupiter,Cancer,"0°23'18.67""",Saturn,Pisces,"0°56'23.63""",120,119.4486,0.5514
2025-11-30 02:15:00,Aspect,Trine,Jupiter,Cancer,"0°23'16.44""",Saturn,Pisces,"0°56'23.74""",120,119.448,0.552
2025-11-30 02:30:00,Aspect,Trine,Jupiter,Cancer,"0°23'14.21""",Saturn,Pisces,"0°56'23.85""",120,119.4473,0.5527
2025-11-30 02:45:00,Aspect,Trine,Jupiter,Cancer,"0°23'11.98""",Saturn,Pisces,"0°56'23.96""",120,119.4467,0.5533
2025-11-30 03:00:00,Aspect,Trine,Jupiter,Cancer,"0°23'09.75""",Saturn,Pisces,"0°56'24.07""",120,119.446,0.554
2025-11-30 03:15:00,Aspect,Trine,Jupiter,Cancer,"0°23'07.51""",Saturn,Pisces,"0°56'24.18""",120,119.4454,0.5546
2025-11-30 03:30:00,Aspect,Trine,Jupiter,Cancer,"0°23'05.28""",Saturn,Pisces,"0°56'24.30""",120,119.4447,0.5553
2025-11-30 03:45:00,Aspect,Trine,Jupiter,Cancer,"0°23'03.04""",Saturn,Pisces,"0°56'24.41""",120,119.4441,0.5559
2025-11-30 04:00:00,Aspect,Trine,Jupiter,Cancer,"0°23'00.80""",Saturn,Pisces,"0°56'24.52""",120,119.4434,0.5566
2025-11-30 04:15:00,Aspect,Trine,Jupiter,Cancer,"0°22'58.56""",Saturn,Pisces,"0°56'24.64""",120,119.4428,0.5572
2025-11-30 04:30:00,Aspect,Trine,Moon,Pisces,"3°41'30.37""",Venus,Scorpio,"4°35'21.99""",120,119.1023,0.8977
2025-11-30 04:30:00,Aspect,Trine,Jupiter,Cancer,"0°22'56.32""",Saturn,Pisces,"0°56'24.75""",120,119.4421,0.5579
2025-11-30 04:45:00,Aspect,Trine,Moon,Pisces,"3°50'08.78""",Venus,Scorpio,"4°36'09.13""",120,119.2332,0.7668
2025-11-30 04:45:00,Aspect,Trine,Jupiter,Cancer,"0°22'54.08""",Saturn,Pisces,"0°56'24.87""",120,119.4414,0.5586
2025-11-30 05:00:00,Aspect,Trine,Moon,Pisces,"3°58'47.38""",Venus,Scorpio,"4°36'56.28""",120,119.3642,0.6358
2025-11-30 05:00:00,Aspect,Trine,Jupiter,Cancer,"0°22'51.83""",Saturn,Pisces,"0°56'24.99""",120,119.4408,0.5592
2025-11-30 05:15:00,Aspect,Trine,Moon,Pisces,"4°07'26.15""",Venus,Scorpio,"4°37'43.42""",120,119.4952,0.5048
2025-11-30 05:15:00,Aspect,Trine,Jupiter,Cancer,"0°22'49.59""",Saturn,Pisces,"0°56'25.11""",120,119.4401,0.5599
2025-11-30 05:30:00,Aspect,Trine,Moon,Pisces,"4°16'05.10""",Venus,Scorpio,"4°38'30.56""",120,119.6263,0.3737
2025-11-30 05:30:00,Aspect,Trine,Jupiter,Cancer,"0°22'47.34""",Saturn,Pisces,"0°56'25.22""",120,119.4395,0.5605
2025-11-30 05:45:00,Aspect,Trine,Moon,Pisces,"4°24'44.24""",Venus,Scorpio,"4°39'17.70""",120,119.7574,0.2426
2025-11-30 05:45:00,Aspect,Trine,Jupiter,Cancer,"0°22'45.10""",Saturn,Pisces,"0°56'25.34""",120,119.4388,0.5612
2025-11-30 06:00:00,Aspect,Trine,Moon,Pisces,"4°33'23.55""",Venus,Scorpio,"4°40'04.84""",120,119.8885,0.1115
2025-11-30 06:00:00,Aspect,Trine,Jupiter,Cancer,"0°22'42.85""",Saturn,Pisces,"0°56'25.46""",120,119.4382,0.5618
2025-11-30 06:15:00,Aspect,Trine,Moon,Pisces,"4°42'03.05""",Venus,Scorpio,"4°40'51.99""",120,120.0197,0.0197
2025-11-30 06:15:00,Aspect,Trine,Jupiter,Cancer,"0°22'40.60""",Saturn,Pisces,"0°56'25.58""",120,119.4375,0.5625
2025-11-30 06:30:00,Aspect,Trine,Moon,Pisces,"4°50'42.73""",Venus,Scorpio,"4°41'39.13""",120,120.151,0.151
2025-11-30 06:30:00,Aspect,Trine,Jupiter,Cancer,"0°22'38.35""",Saturn,Pisces,"0°56'25.70""",120,119.4368,0.5632
2025-11-30 06:45:00,Aspect,Trine,Moon,Pisces,"4°59'22.59""",Venus,Scorpio,"4°42'26.27""",120,120.2823,0.2823
2025-11-30 06:45:00,Aspect,Trine,Jupiter,Cancer,"0°22'36.10""",Saturn,Pisces,"0°56'25.83""",120,119.4362,0.5638
2025-11-30 07:00:00,Aspect,Trine,Moon,Pisces,"5°08'02.63""",Venus,Scorpio,"4°43'13.41""",120,120.4137,0.4137
2025-11-30 07:00:00,Aspect,Trine,Jupiter,Cancer,"0°22'33.84""",Saturn,Pisces,"0°56'25.95""",120,119.4355,0.5645
2025-11-30 07:15:00,Aspect,Trine,Moon,Pisces,"5°16'42.85""",Venus,Scorpio,"4°44'00.55""",120,120.5451,0.5451
2025-11-30 07:15:00,Aspect,Trine,Jupiter,Cancer,"0°22'31.59""",Saturn,Pisces,"0°56'26.07""",120,119.4349,0.5651
2025-11-30 07:30:00,Aspect,Trine,Moon,Pisces,"5°25'23.25""",Venus,Scorpio,"4°44'47.70""",120,120.6765,0.6765
2025-11-30 07:30:00,Aspect,Trine,Jupiter,Cancer,"0°22'29.33""",Saturn,Pisces,"0°56'26.20""",120,119.4342,0.5658
2025-11-30 07:45:00,Aspect,Trine,Moon,Pisces,"5°34'03.83""",Venus,Scorpio,"4°45'34.84""",120,120.8081,0.8081
2025-11-30 07:45:00,Aspect,Trine,Jupiter,Cancer,"0°22'27.08""",Saturn,Pisces,"0°56'26.32""",120,119.4335,0.5665
2025-11-30 08:00:00,Aspect,Trine,Moon,Pisces,"5°42'44.60""",Venus,Scorpio,"4°46'21.98""",120,120.9396,0.9396
2025-11-30 08:00:00,Aspect,Trine,Jupiter,Cancer,"0°22'24.82""",Saturn,Pisces,"0°56'26.45""",120,119.4329,0.5671
2025-11-30 08:15:00,Aspect,Trine,Jupiter,Cancer,"0°22'22.56""",Saturn,Pisces,"0°56'26.57""",120,119.4322,0.5678
2025-11-30 08:30:00,Aspect,Trine,Jupiter,Cancer,"0°22'20.30""",Saturn,Pisces,"0°56'26.70""",120,119.4316,0.5684
2025-11-30 08:45:00,Aspect,Trine,Jupiter,Cancer,"0°22'18.04""",Saturn,Pisces,"0°56'26.83""",120,119.4309,0.5691
2025-11-30 09:00:00,Aspect,Trine,Jupiter,Cancer,"0°22'15.78""",Saturn,Pisces,"0°56'26.96""",120,119.4302,0.5698
2025-11-30 09:15:00,Aspect,Trine,Jupiter,Cancer,"0°22'13.51""",Saturn,Pisces,"0°56'27.08""",120,119.4296,0.5704
2025-11-30 09:30:00,Aspect,Trine,Jupiter,Cancer,"0°22'11.25""",Saturn,Pisces,"0°56'27.21""",120,119.4289,0.5711
2025-11-30 09:45:00,Aspect,Trine,Jupiter,Cancer,"0°22'08.98""",Saturn,Pisces,"0°56'27.34""",120,119.4282,0.5718
2025-11-30 10:00:00,Aspect,Trine,Jupiter,Cancer,"0°22'06.71""",Saturn,Pisces,"0°56'27.48""",120,119.4276,0.5724
2025-11-30 10:15:00,Aspect,Trine,Jupiter,Cancer,"0°22'04.45""",Saturn,Pisces,"0°56'27.61""",120,119.4269,0.5731
2025-11-30 10:30:00,Aspect,Trine,Jupiter,Cancer,"0°22'02.18""",Saturn,Pisces,"0°56'27.74""",120,119.4262,0.5738
2025-11-30 10:45:00,Aspect,Trine,Jupiter,Cancer,"0°21'59.90""",Saturn,Pisces,"0°56'27.87""",120,119.4256,0.5744
2025-11-30 11:00:00,Aspect,Trine,Jupiter,Cancer,"0°21'57.63""",Saturn,Pisces,"0°56'28.01""",120,119.4249,0.5751
2025-11-30 11:15:00,Aspect,Trine,Jupiter,Cancer,"0°21'55.36""",Saturn,Pisces,"0°56'28.14""",120,119.4242,0.5758
2025-11-30 11:30:00,Aspect,Trine,Jupiter,Cancer,"0°21'53.08""",Saturn,Pisces,"0°56'28.28""",120,119.4236,0.5764
2025-11-30 11:45:00,Aspect,Trine,Jupiter,Cancer,"0°21'50.81""",Saturn,Pisces,"0°56'28.41""",120,119.4229,0.5771
2025-11-30 12:00:00,Aspect,Trine,Jupiter,Cancer,"0°21'48.53""",Saturn,Pisces,"0°56'28.55""",120,119.4222,0.5778
2025-11-30 12:15:00,Aspect,Trine,Jupiter,Cancer,"0°21'46.25""",Saturn,Pisces,"0°56'28.69""",120,119.4215,0.5785
2025-11-30 12:30:00,Aspect,Trine,Jupiter,Cancer,"0°21'43.97""",Saturn,Pisces,"0°56'28.83""",120,119.4209,0.5791
2025-11-30 12:45:00,Aspect,Trine,Jupiter,Cancer,"0°21'41.69""",Saturn,Pisces,"0°56'28.96""",120,119.4202,0.5798
2025-11-30 13:00:00,Aspect,Trine,Jupiter,Cancer,"0°21'39.41""",Saturn,Pisces,"0°56'29.10""",120,119.4195,0.5805
2025-11-30 13:15:00,Aspect,Trine,Jupiter,Cancer,"0°21'37.13""",Saturn,Pisces,"0°56'29.24""",120,119.4189,0.5811
2025-11-30 13:30:00,Aspect,Trine,Jupiter,Cancer,"0°21'34.84""",Saturn,Pisces,"0°56'29.38""",120,119.4182,0.5818
2025-11-30 13:45:00,Aspect,Trine,Jupiter,Cancer,"0°21'32.56""",Saturn,Pisces,"0°56'29.53""",120,119.4175,0.5825
2025-11-30 14:00:00,Aspect,Trine,Jupiter,Cancer,"0°21'30.27""",Saturn,Pisces,"0°56'29.67""",120,119.4168,0.5832
2025-11-30 14:15:00,Aspect,Trine,Jupiter,Cancer,"0°21'27.98""",Saturn,Pisces,"0°56'29.81""",120,119.4162,0.5838
2025-11-30 14:30:00,Aspect,Trine,Jupiter,Cancer,"0°21'25.69""",Saturn,Pisces,"0°56'29.96""",120,119.4155,0.5845
2025-11-30 14:45:00,Aspect,Trine,Jupiter,Cancer,"0°21'23.40""",Saturn,Pisces,"0°56'30.10""",120,119.4148,0.5852
2025-11-30 15:00:00,Aspect,Trine,Jupiter,Cancer,"0°21'21.11""",Saturn,Pisces,"0°56'30.25""",120,119.4141,0.5859
2025-11-30 15:15:00,Aspect,Trine,Jupiter,Cancer,"0°21'18.82""",Saturn,Pisces,"0°56'30.39""",120,119.4135,0.5865
2025-11-30 15:30:00,Aspect,Trine,Jupiter,Cancer,"0°21'16.53""",Saturn,Pisces,"0°56'30.54""",120,119.4128,0.5872
2025-11-30 15:45:00,Aspect,Trine,Jupiter,Cancer,"0°21'14.23""",Saturn,Pisces,"0°56'30.68""",120,119.4121,0.5879
2025-11-30 16:00:00,Aspect,Trine,Jupiter,Cancer,"0°21'11.93""",Saturn,Pisces,"0°56'30.83""",120,119.4114,0.5886
2025-11-30 16:15:00,Aspect,Trine,Jupiter,Cancer,"0°21'09.64""",Saturn,Pisces,"0°56'30.98""",120,119.4107,0.5893
2025-11-30 16:30:00,Aspect,Trine,Jupiter,Cancer,"0°21'07.34""",Saturn,Pisces,"0°56'31.13""",120,119.4101,0.5899
2025-11-30 16:45:00,Aspect,Trine,Jupiter,Cancer,"0°21'05.04""",Saturn,Pisces,"0°56'31.28""",120,119.4094,0.5906
2025-11-30 17:00:00,Aspect,Trine,Jupiter,Cancer,"0°21'02.74""",Saturn,Pisces,"0°56'31.43""",120,119.4087,0.5913
2025-11-30 17:15:00,Aspect,Trine,Jupiter,Cancer,"0°21'00.43""",Saturn,Pisces,"0°56'31.58""",120,119.408,0.592
2025-11-30 17:30:00,Aspect,Trine,Jupiter,Cancer,"0°20'58.13""",Saturn,Pisces,"0°56'31.74""",120,119.4073,0.5927
2025-11-30 17:45:00,Aspect,Trine,Jupiter,Cancer,"0°20'55.83""",Saturn,Pisces,"0°56'31.89""",120,119.4066,0.5934
2025-11-30 18:00:00,Aspect,Trine,Jupiter,Cancer,"0°20'53.52""",Saturn,Pisces,"0°56'32.04""",120,119.406,0.594
2025-11-30 18:15:00,Aspect,Trine,Jupiter,Cancer,"0°20'51.21""",Saturn,Pisces,"0°56'32.20""",120,119.4053,0.5947
2025-11-30 18:30:00,Aspect,Trine,Jupiter,Cancer,"0°20'48.91""",Saturn,Pisces,"0°56'32.35""",120,119.4046,0.5954
2025-11-30 18:45:00,Aspect,Trine,Jupiter,Cancer,"0°20'46.60""",Saturn,Pisces,"0°56'32.51""",120,119.4039,0.5961
2025-11-30 19:00:00,Aspect,Trine,Jupiter,Cancer,"0°20'44.28""",Saturn,Pisces,"0°56'32.66""",120,119.4032,0.5968
2025-11-30 19:15:00,Aspect,Trine,Jupiter,Cancer,"0°20'41.97""",Saturn,Pisces,"0°56'32.82""",120,119.4025,0.5975
2025-11-30 19:30:00,Aspect,Trine,Jupiter,Cancer,"0°20'39.66""",Saturn,Pisces,"0°56'32.98""",120,119.4019,0.5981
2025-11-30 19:45:00,Aspect,Trine,Jupiter,Cancer,"0°20'37.35""",Saturn,Pisces,"0°56'33.14""",120,119.4012,0.5988
2025-11-30 20:00:00,Aspect,Trine,Jupiter,Cancer,"0°20'35.03""",Saturn,Pisces,"0°56'33.30""",120,119.4005,0.5995
2025-11-30 20:15:00,Aspect,Trine,Jupiter,Cancer,"0°20'32.71""",Saturn,Pisces,"0°56'33.46""",120,119.3998,0.6002
2025-11-30 20:30:00,Aspect,Trine,Jupiter,Cancer,"0°20'30.40""",Saturn,Pisces,"0°56'33.62""",120,119.3991,0.6009
2025-11-30 20:45:00,Aspect,Trine,Jupiter,Cancer,"0°20'28.08""",Saturn,Pisces,"0°56'33.78""",120,119.3984,0.6016
2025-11-30 21:00:00,Aspect,Trine,Jupiter,Cancer,"0°20'25.76""",Saturn,Pisces,"0°56'33.94""",120,119.3977,0.6023
2025-11-30 21:15:00,Aspect,Trine,Sun,Scorpio,"14°24'29.13""",Moon,Pisces,"13°27'06.20""",120,119.0436,0.9564
2025-11-30 21:15:00,Aspect,Trine,Jupiter,Cancer,"0°20'23.43""",Saturn,Pisces,"0°56'34.10""",120,119.397,0.603
2025-11-30 21:30:00,Aspect,Trine,Sun,Scorpio,"14°25'07.11""",Moon,Pisces,"13°35'56.83""",120,119.1805,0.8195
2025-11-30 21:30:00,Aspect,Trine,Jupiter,Cancer,"0°20'21.11""",Saturn,Pisces,"0°56'34.27""",120,119.3963,0.6037
2025-11-30 21:45:00,Aspect,Trine,Sun,Scorpio,"14°25'45.10""",Moon,Pisces,"13°44'47.64""",120,119.3174,0.6826
2025-11-30 21:45:00,Aspect,Trine,Jupiter,Cancer,"0°20'18.79""",Saturn,Pisces,"0°56'34.43""",120,119.3957,0.6043
2025-11-30 22:00:00,Aspect,Trine,Sun,Scorpio,"14°26'23.09""",Moon,Pisces,"13°53'38.63""",120,119.4543,0.5457
2025-11-30 22:00:00,Aspect,Trine,Jupiter,Cancer,"0°20'16.46""",Saturn,Pisces,"0°56'34.59""",120,119.395,0.605
2025-11-30 22:15:00,Aspect,Trine,Sun,Scorpio,"14°27'01.07""",Moon,Pisces,"14°02'29.81""",120,119.5913,0.4087
2025-11-30 22:15:00,Aspect,Trine,Jupiter,Cancer,"0°20'14.14""",Saturn,Pisces,"0°56'34.76""",120,119.3943,0.6057
2025-11-30 22:30:00,Aspect,Trine,Sun,Scorpio,"14°27'39.06""",Moon,Pisces,"14°11'21.17""",120,119.7284,0.2716
2025-11-30 22:30:00,Aspect,Trine,Jupiter,Cancer,"0°20'11.81""",Saturn,Pisces,"0°56'34.93""",120,119.3936,0.6064
2025-11-30 22:45:00,Aspect,Trine,Sun,Scorpio,"14°28'17.05""",Moon,Pisces,"14°20'12.72""",120,119.8655,0.1345
2025-11-30 22:45:00,Aspect,Trine,Jupiter,Cancer,"0°20'09.48""",Saturn,Pisces,"0°56'35.09""",120,119.3929,0.6071
2025-11-30 23:00:00,Aspect,Trine,Sun,Scorpio,"14°28'55.04""",Moon,Pisces,"14°29'04.44""",120,120.0026,0.0026
2025-11-30 23:00:00,Aspect,Trine,Jupiter,Cancer,"0°20'07.15""",Saturn,Pisces,"0°56'35.26""",120,119.3922,0.6078
2025-11-30 23:15:00,Aspect,Trine,Sun,Scorpio,"14°29'33.02""",Moon,Pisces,"14°37'56.35""",120,120.1398,0.1398
2025-11-30 23:15:00,Aspect,Trine,Jupiter,Cancer,"0°20'04.82""",Saturn,Pisces,"0°56'35.43""",120,119.3915,0.6085
2025-11-30 23:30:00,Aspect,Trine,Sun,Scorpio,"14°30'11.01""",Moon,Pisces,"14°46'48.44""",120,120.2771,0.2771
2025-11-30 23:30:00,Aspect,Trine,Jupiter,Cancer,"0°20'02.49""",Saturn,Pisces,"0°56'35.60""",120,119.3908,0.6092
2025-11-30 23:45:00,Aspect,Trine,Sun,Scorpio,"14°30'49.00""",Moon,Pisces,"14°55'40.72""",120,120.4144,0.4144
2025-11-30 23:45:00,Aspect,Trine,Jupiter,Cancer,"0°20'00.15""",Saturn,Pisces,"0°56'35.77""",120,119.3901,0.6099
