datetime,event,type,planet1,planet1_sign,planet1_degree,planet2,planet2_sign,planet2_degree,exact_angle,difference,orb
2025-10-01 00:30:00,Aspect,Sextile,Moon,Sagittarius,"21°55'24.10""",Rahu,Aquarius,"22°50'18.68""",60,60.9152,0.9152
2025-10-01 00:30:00,Aspect,Trine,Moon,Sagittarius,"21°55'24.10""",Ketu,Leo,"22°50'18.68""",120,119.0848,0.9152
2025-10-01 00:45:00,Aspect,Sextile,Moon,Sagittarius,"22°03'10.66""",Rahu,Aquarius,"22°50'16.69""",60,60.785,0.785
2025-10-01 00:45:00,Aspect,Trine,Moon,Sagittarius,"22°03'10.66""",Ketu,Leo,"22°50'16.69""",120,119.215,0.785
2025-10-01 01:00:00,Aspect,Sextile,Moon,Sagittarius,"22°10'57.34""",Rahu,Aquarius,"22°50'14.70""",60,60.6548,0.6548
2025-10-01 01:00:00,Aspect,Trine,Moon,Sagittarius,"22°10'57.34""",Ketu,Leo,"22°50'14.70""",120,119.3452,0.6548
2025-10-01 01:15:00,Aspect,Sextile,Moon,Sagittarius,"22°18'44.14""",Rahu,Aquarius,"22°50'12.72""",60,60.5246,0.5246
2025-10-01 01:15:00,Aspect,Trine,Moon,Sagittarius,"22°18'44.14""",Ketu,Leo,"22°50'12.72""",120,119.4754,0.5246
2025-10-01 01:30:00,Aspect,Sextile,Moon,Sagittarius,"22°26'31.05""",Rahu,Aquarius,"22°50'10.73""",60,60.3944,0.3944
2025-10-01 01:30:00,Aspect,Trine,Moon,Sagittarius,"22°26'31.05""",Ketu,Leo,"22°50'10.73""",120,119.6056,0.3944
2025-10-01 01:45:00,Aspect,Sextile,Moon,Sagittarius,"22°34'18.08""",Rahu,Aquarius,"22°50'08.74""",60,60.2641,0.2641
2025-10-01 01:45:00,Aspect,Trine,Moon,Sagittarius,"22°34'18.08""",Ketu,Leo,"22°50'08.74""",120,119.7359,0.2641
2025-10-01 02:00:00,Aspect,Sextile,Moon,Sagittarius,"22°42'05.23""",Rahu,Aquarius,"22°50'06.75""",60,60.1338,0.1338
2025-10-01 02:00:00,Aspect,Trine,Moon,Sagittarius,"22°42'05.23""",Ketu,Leo,"22°50'06.75""",120,119.8662,0.1338
2025-10-01 02:15:00,Aspect,Sextile,Moon,Sagittarius,"22°49'52.50""",Rahu,Aquarius,"22°50'04.77""",60,60.0034,0.0034
2025-10-01 02:15:00,Aspect,Trine,Moon,Sagittarius,"22°49'52.50""",Ketu,Leo,"22°50'04.77""",120,119.9966,0.0034
2025-10-01 02:30:00,Aspect,Sextile,Moon,Sagittarius,"22°57'39.89""",Rahu,Aquarius,"22°50'02.78""",60,59.873,0.127
2025-10-01 02:30:00,Aspect,Trine,Moon,Sagittarius,"22°57'39.89""",Ketu,Leo,"22°50'02.78""",120,120.127,0.127
2025-10-01 02:45:00,Aspect,Sextile,Moon,Sagittarius,"23°05'27.39""",Rahu,Aquarius,"22°50'00.79""",60,59.7426,0.2574
2025-10-01 02:45:00,Aspect,Trine,Moon,Sagittarius,"23°05'27.39""",Ketu,Leo,"22°50'00.79""",120,120.2574,0.2574
2025-10-01 03:00:00,Aspect,Sextile,Moon,Sagittarius,"23°13'15.02""",Rahu,Aquarius,"22°49'58.81""",60,59.6122,0.3878
2025-10-01 03:00:00,Aspect,Trine,Moon,Sagittarius,"23°13'15.02""",Ketu,Leo,"22°49'58.81""",120,120.3878,0.3878
2025-10-01 03:15:00,Aspect,Sextile,Moon,Sagittarius,"23°21'02.76""",Rahu,Aquarius,"22°49'56.82""",60,59.4817,0.5183
2025-10-01 03:15:00,Aspect,Trine,Moon,Sagittarius,"23°21'02.76""",Ketu,Leo,"22°49'56.82""",120,120.5183,0.5183
2025-10-01 03:30:00,Aspect,Sextile,Moon,Sagittarius,"23°28'50.62""",Rahu,Aquarius,"22°49'54.83""",60,59.3512,0.6488
2025-10-01 03:30:00,Aspect,Trine,Moon,Sagittarius,"23°28'50.62""",Ketu,Leo,"22°49'54.83""",120,120.6488,0.6488
2025-10-01 03:45:00,Aspect,Sextile,Moon,Sagittarius,"23°36'38.61""",Rahu,Aquarius,"22°49'52.84""",60,59.2206,0.7794
2025-10-01 03:45:00,Aspect,Trine,Moon,Sagittarius,"23°36'38.61""",Ketu,Leo,"22°49'52.84""",120,120.7794,0.7794
2025-10-01 04:00:00,Aspect,Sextile,Moon,Sagittarius,"23°44'26.71""",Rahu,Aquarius,"22°49'50.86""",60,59.09,0.91
2025-10-01 04:00:00,Aspect,Trine,Moon,Sagittarius,"23°44'26.71""",Ketu,Leo,"22°49'50.86""",120,120.91,0.91
2025-10-01 08:30:00,Aspect,Square,Moon,Sagittarius,"26°05'13.49""",Mercury,Virgo,"27°04'05.22""",90,89.019,0.981
2025-10-01 08:45:00,Aspect,Square,Moon,Sagittarius,"26°13'03.94""",Mercury,Virgo,"27°05'04.71""",90,89.1331,0.8669
2025-10-01 09:00:00,Aspect,Square,Moon,Sagittarius,"26°20'54.51""",Mercury,Virgo,"27°06'04.19""",90,89.2473,0.7527
2025-10-01 09:15:00,Aspect,Square,Moon,Sagittarius,"26°28'45.20""",Mercury,Virgo,"27°07'03.67""",90,89.3615,0.6385
2025-10-01 09:30:00,Aspect,Square,Moon,Sagittarius,"26°36'36.03""",Mercury,Virgo,"27°08'03.14""",90,89.4758,0.5242
2025-10-01 09:45:00,Aspect,Square,Moon,Sagittarius,"26°44'26.98""",Mercury,Virgo,"27°09'02.60""",90,89.5901,0.4099
2025-10-01 10:00:00,Aspect,Square,Moon,Sagittarius,"26°52'18.06""",Mercury,Virgo,"27°10'02.06""",90,89.7044,0.2956
2025-10-01 10:15:00,Aspect,Square,Moon,Sagittarius,"27°00'09.26""",Mercury,Virgo,"27°11'01.51""",90,89.8188,0.1812
2025-10-01 10:30:00,Aspect,Square,Moon,Sagittarius,"27°08'00.60""",Mercury,Virgo,"27°12'00.96""",90,89.9332,0.0668
2025-10-01 10:45:00,Aspect,Square,Moon,Sagittarius,"27°15'52.06""",Mercury,Virgo,"27°13'00.40""",90,90.0477,0.0477
2025-10-01 11:00:00,Aspect,Square,Moon,Sagittarius,"27°23'43.65""",Mercury,Virgo,"27°13'59.84""",90,90.1622,0.1622
2025-10-01 11:00:00,Aspect,Opposition,Moon,Sagittarius,"27°23'43.65""",Jupiter,Gemini,"28°15'57.30""",180,179.1295,0.8705
2025-10-01 11:15:00,Aspect,Square,Moon,Sagittarius,"27°31'35.37""",Mercury,Virgo,"27°14'59.27""",90,90.2767,0.2767
2025-10-01 11:15:00,Aspect,Opposition,Moon,Sagittarius,"27°31'35.37""",Jupiter,Gemini,"28°16'01.86""",180,179.2593,0.7407
2025-10-01 11:30:00,Aspect,Square,Moon,Sagittarius,"27°39'27.21""",Mercury,Virgo,"27°15'58.70""",90,90.3913,0.3913
2025-10-01 11:30:00,Aspect,Opposition,Moon,Sagittarius,"27°39'27.21""",Jupiter,Gemini,"28°16'06.42""",180,179.3891,0.6109
2025-10-01 11:45:00,Aspect,Square,Moon,Sagittarius,"27°47'19.19""",Mercury,Virgo,"27°16'58.12""",90,90.5059,0.5059
2025-10-01 11:45:00,Aspect,Opposition,Moon,Sagittarius,"27°47'19.19""",Jupiter,Gemini,"28°16'10.98""",180,179.5189,0.4811
2025-10-01 11:45:00,Aspect,Square,Mercury,Virgo,"27°16'58.12""",Jupiter,Gemini,"28°16'10.98""",90,89.0131,0.9869
2025-10-01 12:00:00,Aspect,Square,Moon,Sagittarius,"27°55'11.29""",Mercury,Virgo,"27°17'57.53""",90,90.6205,0.6205
2025-10-01 12:00:00,Aspect,Opposition,Moon,Sagittarius,"27°55'11.29""",Jupiter,Gemini,"28°16'15.53""",180,179.6488,0.3512
2025-10-01 12:00:00,Aspect,Square,Mercury,Virgo,"27°17'57.53""",Jupiter,Gemini,"28°16'15.53""",90,89.0283,0.9717
2025-10-01 12:15:00,Aspect,Square,Moon,Sagittarius,"28°03'03.53""",Mercury,Virgo,"27°18'56.94""",90,90.7352,0.7352
2025-10-01 12:15:00,Aspect,Opposition,Moon,Sagittarius,"28°03'03.53""",Jupiter,Gemini,"28°16'20.09""",180,179.7787,0.2213
2025-10-01 12:15:00,Aspect,Square,Mercury,Virgo,"27°18'56.94""",Jupiter,Gemini,"28°16'20.09""",90,89.0436,0.9564
2025-10-01 12:30:00,Aspect,Square,Moon,Sagittarius,"28°10'55.90""",Mercury,Virgo,"27°19'56.34""",90,90.8499,0.8499
2025-10-01 12:30:00,Aspect,Opposition,Moon,Sagittarius,"28°10'55.90""",Jupiter,Gemini,"28°16'24.64""",180,179.9087,0.0913
2025-10-01 12:30:00,Aspect,Square,Mercury,Virgo,"27°19'56.34""",Jupiter,Gemini,"28°16'24.64""",90,89.0588,0.9412
2025-10-01 12:45:00,Aspect,Square,Moon,Sagittarius,"28°18'48.39""",Mercury,Virgo,"27°20'55.74""",90,90.9646,0.9646
2025-10-01 12:45:00,Aspect,Opposition,Moon,Sagittarius,"28°18'48.39""",Jupiter,Gemini,"28°16'29.20""",180,179.9613,0.0387
2025-10-01 12:45:00,Aspect,Square,Mercury,Virgo,"27°20'55.74""",Jupiter,Gemini,"28°16'29.20""",90,89.074,0.926
2025-10-01 13:00:00,Aspect,Opposition,Moon,Sagittarius,"28°26'41.02""",Jupiter,Gemini,"28°16'33.75""",180,179.8313,0.1687
2025-10-01 13:00:00,Aspect,Square,Mercury,Virgo,"27°21'55.13""",Jupiter,Gemini,"28°16'33.75""",90,89.0893,0.9107
2025-10-01 13:15:00,Aspect,Opposition,Moon,Sagittarius,"28°34'33.77""",Jupiter,Gemini,"28°16'38.30""",180,179.7013,0.2987
2025-10-01 13:15:00,Aspect,Square,Mercury,Virgo,"27°22'54.52""",Jupiter,Gemini,"28°16'38.30""",90,89.1045,0.8955
2025-10-01 13:30:00,Aspect,Opposition,Moon,Sagittarius,"28°42'26.66""",Jupiter,Gemini,"28°16'42.85""",180,179.5712,0.4288
2025-10-01 13:30:00,Aspect,Square,Mercury,Virgo,"27°23'53.90""",Jupiter,Gemini,"28°16'42.85""",90,89.1197,0.8803
2025-10-01 13:45:00,Aspect,Opposition,Moon,Sagittarius,"28°50'19.68""",Jupiter,Gemini,"28°16'47.40""",180,179.441,0.559
2025-10-01 13:45:00,Aspect,Square,Mercury,Virgo,"27°24'53.28""",Jupiter,Gemini,"28°16'47.40""",90,89.135,0.865
2025-10-01 14:00:00,Aspect,Opposition,Moon,Sagittarius,"28°58'12.83""",Jupiter,Gemini,"28°16'51.95""",180,179.3109,0.6891
2025-10-01 14:00:00,Aspect,Square,Mercury,Virgo,"27°25'52.65""",Jupiter,Gemini,"28°16'51.95""",90,89.1502,0.8498
2025-10-01 14:15:00,Aspect,Opposition,Moon,Sagittarius,"29°06'06.12""",Jupiter,Gemini,"28°16'56.50""",180,179.1807,0.8193
2025-10-01 14:15:00,Aspect,Square,Mercury,Virgo,"27°26'52.01""",Jupiter,Gemini,"28°16'56.50""",90,89.1654,0.8346
2025-10-01 14:30:00,Aspect,Opposition,Moon,Sagittarius,"29°13'59.53""",Jupiter,Gemini,"28°17'01.04""",180,179.0504,0.9496
2025-10-01 14:30:00,Aspect,Square,Mercury,Virgo,"27°27'51.37""",Jupiter,Gemini,"28°17'01.04""",90,89.1806,0.8194
2025-10-01 14:45:00,Aspect,Square,Mercury,Virgo,"27°28'50.72""",Jupiter,Gemini,"28°17'05.59""",90,89.1959,0.8041
2025-10-01 15:00:00,Aspect,Square,Mercury,Virgo,"27°29'50.07""",Jupiter,Gemini,"28°17'10.14""",90,89.2111,0.7889
2025-10-01 15:15:00,Aspect,Square,Mercury,Virgo,"27°30'49.41""",Jupiter,Gemini,"28°17'14.68""",90,89.2263,0.7737
2025-10-01 15:30:00,Aspect,Square,Mercury,Virgo,"27°31'48.75""",Jupiter,Gemini,"28°17'19.22""",90,89.2415,0.7585
2025-10-01 15:45:00,Aspect,Square,Mercury,Virgo,"27°32'48.08""",Jupiter,Gemini,"28°17'23.77""",90,89.2568,0.7432
2025-10-01 16:00:00,Aspect,Square,Mercury,Virgo,"27°33'47.40""",Jupiter,Gemini,"28°17'28.31""",90,89.272,0.728
2025-10-01 16:15:00,Aspect,Square,Mercury,Virgo,"27°34'46.72""",Jupiter,Gemini,"28°17'32.85""",90,89.2872,0.7128
2025-10-01 16:30:00,Aspect,Square,Mercury,Virgo,"27°35'46.04""",Jupiter,Gemini,"28°17'37.39""",90,89.3024,0.6976
2025-10-01 16:45:00,Aspect,Square,Mercury,Virgo,"27°36'45.35""",Jupiter,Gemini,"28°17'41.93""",90,89.3176,0.6824
2025-10-01 17:00:00,Aspect,Square,Mercury,Virgo,"27°37'44.65""",Jupiter,Gemini,"28°17'46.46""",90,89.3328,0.6672
2025-10-01 17:15:00,Aspect,Square,Mercury,Virgo,"27°38'43.95""",Jupiter,Gemini,"28°17'51.00""",90,89.348,0.652
2025-10-01 17:30:00,Aspect,Square,Mercury,Virgo,"27°39'43.24""",Jupiter,Gemini,"28°17'55.54""",90,89.3633,0.6367
2025-10-01 17:45:00,Aspect,Square,Mercury,Virgo,"27°40'42.53""",Jupiter,Gemini,"28°18'00.07""",90,89.3785,0.6215
2025-10-01 18:00:00,Aspect,Square,Mercury,Virgo,"27°41'41.81""",Jupiter,Gemini,"28°18'04.61""",90,89.3937,0.6063
2025-10-01 18:15:00,Aspect,Square,Mercury,Virgo,"27°42'41.08""",Jupiter,Gemini,"28°18'09.14""",90,89.4089,0.5911
2025-10-01 18:30:00,Aspect,Square,Mercury,Virgo,"27°43'40.35""",Jupiter,Gemini,"28°18'13.67""",90,89.4241,0.5759
2025-10-01 18:45:00,Aspect,Square,Mercury,Virgo,"27°44'39.62""",Jupiter,Gemini,"28°18'18.20""",90,89.4393,0.5607
2025-10-01 19:00:00,Aspect,Square,Mercury,Virgo,"27°45'38.87""",Jupiter,Gemini,"28°18'22.73""",90,89.4545,0.5455
2025-10-01 19:15:00,Aspect,Square,Mercury,Virgo,"27°46'38.13""",Jupiter,Gemini,"28°18'27.26""",90,89.4697,0.5303
2025-10-01 19:30:00,Aspect,Square,Mercury,Virgo,"27°47'37.37""",Jupiter,Gemini,"28°18'31.79""",90,89.4849,0.5151
2025-10-01 19:45:00,Aspect,Square,Mercury,Virgo,"27°48'36.62""",Jupiter,Gemini,"28°18'36.32""",90,89.5001,0.4999
2025-10-01 20:00:00,Aspect,Square,Mercury,Virgo,"27°49'35.85""",Jupiter,Gemini,"28°18'40.85""",90,89.5153,0.4847
2025-10-01 20:15:00,Aspect,Square,Mercury,Virgo,"27°50'35.08""",Jupiter,Gemini,"28°18'45.37""",90,89.5305,0.4695
2025-10-01 20:30:00,Aspect,Square,Mercury,Virgo,"27°51'34.31""",Jupiter,Gemini,"28°18'49.90""",90,89.5457,0.4543
2025-10-01 20:45:00,Aspect,Sextile,Moon,Capricorn,"2°31'58.66""",Saturn,Pisces,"3°29'49.39""",60,60.9641,0.9641
2025-10-01 20:45:00,Aspect,Square,Mercury,Virgo,"27°52'33.53""",Jupiter,Gemini,"28°18'54.42""",90,89.5609,0.4391
2025-10-01 21:00:00,Aspect,Sextile,Moon,Capricorn,"2°39'55.60""",Saturn,Pisces,"3°29'46.56""",60,60.8308,0.8308
2025-10-01 21:00:00,Aspect,Square,Mercury,Virgo,"27°53'32.74""",Jupiter,Gemini,"28°18'58.94""",90,89.5761,0.4239
2025-10-01 21:15:00,Aspect,Sextile,Moon,Capricorn,"2°47'52.69""",Saturn,Pisces,"3°29'43.73""",60,60.6975,0.6975
2025-10-01 21:15:00,Aspect,Square,Mercury,Virgo,"27°54'31.95""",Jupiter,Gemini,"28°19'03.46""",90,89.5912,0.4088
2025-10-01 21:30:00,Aspect,Sextile,Moon,Capricorn,"2°55'49.91""",Saturn,Pisces,"3°29'40.90""",60,60.5642,0.5642
2025-10-01 21:30:00,Aspect,Square,Mercury,Virgo,"27°55'31.15""",Jupiter,Gemini,"28°19'07.99""",90,89.6064,0.3936
2025-10-01 21:45:00,Aspect,Sextile,Moon,Capricorn,"3°03'47.28""",Saturn,Pisces,"3°29'38.08""",60,60.4308,0.4308
2025-10-01 21:45:00,Aspect,Square,Mercury,Virgo,"27°56'30.35""",Jupiter,Gemini,"28°19'12.51""",90,89.6216,0.3784
2025-10-01 22:00:00,Aspect,Sextile,Moon,Capricorn,"3°11'44.78""",Saturn,Pisces,"3°29'35.25""",60,60.2974,0.2974
2025-10-01 22:00:00,Aspect,Square,Mercury,Virgo,"27°57'29.54""",Jupiter,Gemini,"28°19'17.02""",90,89.6368,0.3632
2025-10-01 22:15:00,Aspect,Sextile,Moon,Capricorn,"3°19'42.43""",Saturn,Pisces,"3°29'32.42""",60,60.1639,0.1639
2025-10-01 22:15:00,Aspect,Square,Mercury,Virgo,"27°58'28.73""",Jupiter,Gemini,"28°19'21.54""",90,89.652,0.348
2025-10-01 22:30:00,Aspect,Sextile,Moon,Capricorn,"3°27'40.21""",Saturn,Pisces,"3°29'29.59""",60,60.0304,0.0304
2025-10-01 22:30:00,Aspect,Square,Mercury,Virgo,"27°59'27.91""",Jupiter,Gemini,"28°19'26.06""",90,89.6672,0.3328
2025-10-01 22:45:00,Aspect,Sextile,Moon,Capricorn,"3°35'38.14""",Saturn,Pisces,"3°29'26.77""",60,59.8968,0.1032
2025-10-01 22:45:00,Aspect,Square,Mercury,Virgo,"28°00'27.09""",Jupiter,Gemini,"28°19'30.58""",90,89.6824,0.3176
2025-10-01 23:00:00,Aspect,Sextile,Moon,Capricorn,"3°43'36.21""",Saturn,Pisces,"3°29'23.94""",60,59.7633,0.2367
2025-10-01 23:00:00,Aspect,Square,Mercury,Virgo,"28°01'26.26""",Jupiter,Gemini,"28°19'35.09""",90,89.6975,0.3025
2025-10-01 23:15:00,Aspect,Sextile,Moon,Capricorn,"3°51'34.42""",Saturn,Pisces,"3°29'21.11""",60,59.6296,0.3704
2025-10-01 23:15:00,Aspect,Square,Mercury,Virgo,"28°02'25.42""",Jupiter,Gemini,"28°19'39.61""",90,89.7127,0.2873
2025-10-01 23:30:00,Aspect,Sextile,Moon,Capricorn,"3°59'32.77""",Saturn,Pisces,"3°29'18.29""",60,59.496,0.504
2025-10-01 23:30:00,Aspect,Square,Mercury,Virgo,"28°03'24.58""",Jupiter,Gemini,"28°19'44.12""",90,89.7279,0.2721
2025-10-01 23:45:00,Aspect,Sextile,Moon,Capricorn,"4°07'31.26""",Saturn,Pisces,"3°29'15.46""",60,59.3623,0.6377
2025-10-01 23:45:00,Aspect,Square,Mercury,Virgo,"28°04'23.73""",Jupiter,Gemini,"28°19'48.63""",90,89.7431,0.2569
2025-10-02 00:00:00,Aspect,Sextile,Moon,Capricorn,"4°15'29.90""",Saturn,Pisces,"3°29'12.63""",60,59.2285,0.7715
2025-10-02 00:00:00,Aspect,Square,Mercury,Virgo,"28°05'22.88""",Jupiter,Gemini,"28°19'53.14""",90,89.7583,0.2417
2025-10-02 00:15:00,Aspect,Sextile,Moon,Capricorn,"4°23'28.67""",Saturn,Pisces,"3°29'09.81""",60,59.0948,0.9052
2025-10-02 00:15:00,Aspect,Square,Mercury,Virgo,"28°06'22.02""",Jupiter,Gemini,"28°19'57.66""",90,89.7734,0.2266
2025-10-02 00:30:00,Aspect,Square,Mercury,Virgo,"28°07'21.16""",Jupiter,Gemini,"28°20'02.17""",90,89.7886,0.2114
2025-10-02 00:45:00,Aspect,Square,Mercury,Virgo,"28°08'20.29""",Jupiter,Gemini,"28°20'06.67""",90,89.8038,0.1962
2025-10-02 01:00:00,Aspect,Square,Mercury,Virgo,"28°09'19.42""",Jupiter,Gemini,"28°20'11.18""",90,89.819,0.181
2025-10-02 01:15:00,Aspect,Square,Mercury,Virgo,"28°10'18.54""",Jupiter,Gemini,"28°20'15.69""",90,89.8341,0.1659
2025-10-02 01:30:00,Aspect,Square,Mercury,Virgo,"28°11'17.65""",Jupiter,Gemini,"28°20'20.20""",90,89.8493,0.1507
2025-10-02 01:45:00,Aspect,Square,Mercury,Virgo,"28°12'16.76""",Jupiter,Gemini,"28°20'24.70""",90,89.8645,0.1355
2025-10-02 02:00:00,Aspect,Square,Mercury,Virgo,"28°13'15.86""",Jupiter,Gemini,"28°20'29.21""",90,89.8796,0.1204
2025-10-02 02:15:00,Aspect,Square,Mercury,Virgo,"28°14'14.96""",Jupiter,Gemini,"28°20'33.71""",90,89.8948,0.1052
2025-10-02 02:30:00,Aspect,Square,Mercury,Virgo,"28°15'14.05""",Jupiter,Gemini,"28°20'38.21""",90,89.91,0.09
2025-10-02 02:45:00,Aspect,Square,Mercury,Virgo,"28°16'13.14""",Jupiter,Gemini,"28°20'42.71""",90,89.9251,0.0749
2025-10-02 03:00:00,Aspect,Square,Mercury,Virgo,"28°17'12.22""",Jupiter,Gemini,"28°20'47.21""",90,89.9403,0.0597
2025-10-02 03:15:00,Aspect,Square,Mercury,Virgo,"28°18'11.30""",Jupiter,Gemini,"28°20'51.71""",90,89.9554,0.0446
2025-10-02 03:30:00,Aspect,Square,Mercury,Virgo,"28°19'10.37""",Jupiter,Gemini,"28°20'56.21""",90,89.9706,0.0294
2025-10-02 03:45:00,Aspect,Square,Mercury,Virgo,"28°20'09.43""",Jupiter,Gemini,"28°21'00.71""",90,89.9858,0.0142
2025-10-02 04:00:00,Aspect,Square,Mercury,Virgo,"28°21'08.49""",Jupiter,Gemini,"28°21'05.21""",90,90.0009,0.0009
2025-10-02 04:15:00,Aspect,Square,Mercury,Virgo,"28°22'07.55""",Jupiter,Gemini,"28°21'09.70""",90,90.0161,0.0161
2025-10-02 04:30:00,Aspect,Square,Mercury,Virgo,"28°23'06.60""",Jupiter,Gemini,"28°21'14.20""",90,90.0312,0.0312
2025-10-02 04:45:00,Aspect,Square,Mercury,Virgo,"28°24'05.64""",Jupiter,Gemini,"28°21'18.69""",90,90.0464,0.0464
2025-10-02 05:00:00,Aspect,Square,Mercury,Virgo,"28°25'04.68""",Jupiter,Gemini,"28°21'23.18""",90,90.0615,0.0615
2025-10-02 05:15:00,Aspect,Square,Mercury,Virgo,"28°26'03.71""",Jupiter,Gemini,"28°21'27.68""",90,90.0767,0.0767
2025-10-02 05:30:00,Aspect,Square,Mercury,Virgo,"28°27'02.73""",Jupiter,Gemini,"28°21'32.17""",90,90.0918,0.0918
2025-10-02 05:45:00,Aspect,Square,Mercury,Virgo,"28°28'01.75""",Jupiter,Gemini,"28°21'36.66""",90,90.107,0.107
2025-10-02 06:00:00,Aspect,Square,Mercury,Virgo,"28°29'00.77""",Jupiter,Gemini,"28°21'41.15""",90,90.1221,0.1221
2025-10-02 06:15:00,Aspect,Square,Mercury,Virgo,"28°29'59.78""",Jupiter,Gemini,"28°21'45.64""",90,90.1373,0.1373
2025-10-02 06:30:00,Aspect,Square,Mercury,Virgo,"28°30'58.78""",Jupiter,Gemini,"28°21'50.12""",90,90.1524,0.1524
2025-10-02 06:45:00,Aspect,Square,Mercury,Virgo,"28°31'57.78""",Jupiter,Gemini,"28°21'54.61""",90,90.1675,0.1675
2025-10-02 07:00:00,Aspect,Square,Mercury,Virgo,"28°32'56.78""",Jupiter,Gemini,"28°21'59.10""",90,90.1827,0.1827
2025-10-02 07:15:00,Aspect,Square,Mercury,Virgo,"28°33'55.76""",Jupiter,Gemini,"28°22'03.58""",90,90.1978,0.1978
2025-10-02 07:30:00,Aspect,Square,Mercury,Virgo,"28°34'54.74""",Jupiter,Gemini,"28°22'08.06""",90,90.213,0.213
2025-10-02 07:45:00,Aspect,Square,Mercury,Virgo,"28°35'53.72""",Jupiter,Gemini,"28°22'12.55""",90,90.2281,0.2281
2025-10-02 08:00:00,Aspect,Square,Mercury,Virgo,"28°36'52.69""",Jupiter,Gemini,"28°22'17.03""",90,90.2432,0.2432
2025-10-02 08:15:00,Aspect,Square,Mercury,Virgo,"28°37'51.66""",Jupiter,Gemini,"28°22'21.51""",90,90.2584,0.2584
2025-10-02 08:30:00,Aspect,Square,Mercury,Virgo,"28°38'50.62""",Jupiter,Gemini,"28°22'25.99""",90,90.2735,0.2735
2025-10-02 08:45:00,Aspect,Square,Mercury,Virgo,"28°39'49.57""",Jupiter,Gemini,"28°22'30.47""",90,90.2886,0.2886
2025-10-02 09:00:00,Aspect,Square,Mercury,Virgo,"28°40'48.52""",Jupiter,Gemini,"28°22'34.95""",90,90.3038,0.3038
2025-10-02 09:15:00,Aspect,Square,Mercury,Virgo,"28°41'47.47""",Jupiter,Gemini,"28°22'39.42""",90,90.3189,0.3189
2025-10-02 09:30:00,Aspect,Square,Mercury,Virgo,"28°42'46.40""",Jupiter,Gemini,"28°22'43.90""",90,90.334,0.334
2025-10-02 09:45:00,Aspect,Square,Mercury,Virgo,"28°43'45.34""",Jupiter,Gemini,"28°22'48.38""",90,90.3492,0.3492
2025-10-02 10:00:00,Aspect,Square,Mercury,Virgo,"28°44'44.26""",Jupiter,Gemini,"28°22'52.85""",90,90.3643,0.3643
2025-10-02 10:15:00,Aspect,Square,Mercury,Virgo,"28°45'43.18""",Jupiter,Gemini,"28°22'57.32""",90,90.3794,0.3794
2025-10-02 10:30:00,Aspect,Square,Mercury,Virgo,"28°46'42.10""",Jupiter,Gemini,"28°23'01.80""",90,90.3945,0.3945
2025-10-02 10:45:00,Aspect,Square,Mercury,Virgo,"28°47'41.01""",Jupiter,Gemini,"28°23'06.27""",90,90.4097,0.4097
2025-10-02 11:00:00,Aspect,Square,Mercury,Virgo,"28°48'39.92""",Jupiter,Gemini,"28°23'10.74""",90,90.4248,0.4248
2025-10-02 11:15:00,Aspect,Square,Mercury,Virgo,"28°49'38.82""",Jupiter,Gemini,"28°23'15.21""",90,90.4399,0.4399
2025-10-02 11:30:00,Aspect,Square,Mercury,Virgo,"28°50'37.71""",Jupiter,Gemini,"28°23'19.68""",90,90.455,0.455
2025-10-02 11:45:00,Aspect,Square,Mercury,Virgo,"28°51'36.60""",Jupiter,Gemini,"28°23'24.14""",90,90.4701,0.4701
2025-10-02 12:00:00,Aspect,Square,Mercury,Virgo,"28°52'35.48""",Jupiter,Gemini,"28°23'28.61""",90,90.4852,0.4852
2025-10-02 12:15:00,Aspect,Square,Mercury,Virgo,"28°53'34.36""",Jupiter,Gemini,"28°23'33.08""",90,90.5004,0.5004
2025-10-02 12:30:00,Aspect,Square,Mercury,Virgo,"28°54'33.23""",Jupiter,Gemini,"28°23'37.54""",90,90.5155,0.5155
2025-10-02 12:45:00,Aspect,Square,Mercury,Virgo,"28°55'32.10""",Jupiter,Gemini,"28°23'42.01""",90,90.5306,0.5306
2025-10-02 13:00:00,Aspect,Square,Mercury,Virgo,"28°56'30.96""",Jupiter,Gemini,"28°23'46.47""",90,90.5457,0.5457
2025-10-02 13:15:00,Aspect,Square,Mercury,Virgo,"28°57'29.82""",Jupiter,Gemini,"28°23'50.93""",90,90.5608,0.5608
2025-10-02 13:30:00,Aspect,Square,Mercury,Virgo,"28°58'28.67""",Jupiter,Gemini,"28°23'55.39""",90,90.5759,0.5759
2025-10-02 13:45:00,Aspect,Square,Moon,Capricorn,"11°38'00.75""",Mars,Libra,"12°31'12.11""",90,89.1135,0.8865
2025-10-02 13:45:00,Aspect,Square,Mercury,Virgo,"28°59'27.51""",Jupiter,Gemini,"28°23'59.85""",90,90.591,0.591
2025-10-02 14:00:00,Aspect,Square,Moon,Capricorn,"11°46'07.72""",Mars,Libra,"12°31'37.68""",90,89.2417,0.7583
2025-10-02 14:00:00,Aspect,Square,Mercury,Virgo,"29°00'26.35""",Jupiter,Gemini,"28°24'04.31""",90,90.6061,0.6061
2025-10-02 14:15:00,Aspect,Square,Moon,Capricorn,"11°54'14.85""",Mars,Libra,"12°32'03.26""",90,89.3699,0.6301
2025-10-02 14:15:00,Aspect,Square,Mercury,Virgo,"29°01'25.18""",Jupiter,Gemini,"28°24'08.77""",90,90.6212,0.6212
2025-10-02 14:30:00,Aspect,Square,Moon,Capricorn,"12°02'22.14""",Mars,Libra,"12°32'28.84""",90,89.4981,0.5019
2025-10-02 14:30:00,Aspect,Square,Mercury,Virgo,"29°02'24.01""",Jupiter,Gemini,"28°24'13.23""",90,90.6363,0.6363
2025-10-02 14:45:00,Aspect,Square,Moon,Capricorn,"12°10'29.58""",Mars,Libra,"12°32'54.43""",90,89.6264,0.3736
2025-10-02 14:45:00,Aspect,Square,Mercury,Virgo,"29°03'22.83""",Jupiter,Gemini,"28°24'17.69""",90,90.6514,0.6514
2025-10-02 15:00:00,Aspect,Square,Moon,Capricorn,"12°18'37.17""",Mars,Libra,"12°33'20.01""",90,89.7548,0.2452
2025-10-02 15:00:00,Aspect,Square,Mercury,Virgo,"29°04'21.65""",Jupiter,Gemini,"28°24'22.14""",90,90.6665,0.6665
2025-10-02 15:15:00,Aspect,Square,Moon,Capricorn,"12°26'44.92""",Mars,Libra,"12°33'45.59""",90,89.8831,0.1169
2025-10-02 15:15:00,Aspect,Square,Mercury,Virgo,"29°05'20.46""",Jupiter,Gemini,"28°24'26.60""",90,90.6816,0.6816
2025-10-02 15:30:00,Aspect,Square,Moon,Capricorn,"12°34'52.83""",Mars,Libra,"12°34'11.17""",90,90.0116,0.0116
2025-10-02 15:30:00,Aspect,Square,Mercury,Virgo,"29°06'19.27""",Jupiter,Gemini,"28°24'31.05""",90,90.6967,0.6967
2025-10-02 15:45:00,Aspect,Square,Moon,Capricorn,"12°43'00.89""",Mars,Libra,"12°34'36.75""",90,90.14,0.14
2025-10-02 15:45:00,Aspect,Square,Mercury,Virgo,"29°07'18.07""",Jupiter,Gemini,"28°24'35.50""",90,90.7118,0.7118
2025-10-02 16:00:00,Aspect,Square,Moon,Capricorn,"12°51'09.11""",Mars,Libra,"12°35'02.33""",90,90.2685,0.2685
2025-10-02 16:00:00,Aspect,Square,Mercury,Virgo,"29°08'16.87""",Jupiter,Gemini,"28°24'39.95""",90,90.7269,0.7269
2025-10-02 16:15:00,Aspect,Square,Moon,Capricorn,"12°59'17.49""",Mars,Libra,"12°35'27.92""",90,90.3971,0.3971
2025-10-02 16:15:00,Aspect,Square,Mercury,Virgo,"29°09'15.65""",Jupiter,Gemini,"28°24'44.40""",90,90.742,0.742
2025-10-02 16:30:00,Aspect,Square,Moon,Capricorn,"13°07'26.03""",Mars,Libra,"12°35'53.50""",90,90.5257,0.5257
2025-10-02 16:30:00,Aspect,Square,Mercury,Virgo,"29°10'14.44""",Jupiter,Gemini,"28°24'48.85""",90,90.7571,0.7571
2025-10-02 16:45:00,Aspect,Square,Moon,Capricorn,"13°15'34.72""",Mars,Libra,"12°36'19.08""",90,90.6543,0.6543
2025-10-02 16:45:00,Aspect,Square,Mercury,Virgo,"29°11'13.22""",Jupiter,Gemini,"28°24'53.30""",90,90.7722,0.7722
2025-10-02 17:00:00,Aspect,Square,Moon,Capricorn,"13°23'43.57""",Mars,Libra,"12°36'44.67""",90,90.783,0.783
2025-10-02 17:00:00,Aspect,Square,Mercury,Virgo,"29°12'11.99""",Jupiter,Gemini,"28°24'57.75""",90,90.7873,0.7873
2025-10-02 17:15:00,Aspect,Square,Moon,Capricorn,"13°31'52.57""",Mars,Libra,"12°37'10.25""",90,90.9118,0.9118
2025-10-02 17:15:00,Aspect,Square,Mercury,Virgo,"29°13'10.76""",Jupiter,Gemini,"28°25'02.20""",90,90.8024,0.8024
2025-10-02 17:30:00,Aspect,Square,Mercury,Virgo,"29°14'09.52""",Jupiter,Gemini,"28°25'06.65""",90,90.8175,0.8175
2025-10-02 17:45:00,Aspect,Square,Mercury,Virgo,"29°15'08.28""",Jupiter,Gemini,"28°25'11.09""",90,90.8326,0.8326
2025-10-02 18:00:00,Aspect,Square,Mercury,Virgo,"29°16'07.03""",Jupiter,Gemini,"28°25'15.54""",90,90.8476,0.8476
2025-10-02 18:15:00,Aspect,Square,Mercury,Virgo,"29°17'05.78""",Jupiter,Gemini,"28°25'19.98""",90,90.8627,0.8627
2025-10-02 18:30:00,Aspect,Square,Mercury,Virgo,"29°18'04.52""",Jupiter,Gemini,"28°25'24.42""",90,90.8778,0.8778
2025-10-02 18:45:00,Aspect,Trine,Sun,Virgo,"15°19'34.01""",Moon,Capricorn,"14°20'49.93""",120,119.0211,0.9789
2025-10-02 18:45:00,Aspect,Square,Mercury,Virgo,"29°19'03.25""",Jupiter,Gemini,"28°25'28.86""",90,90.8929,0.8929
2025-10-02 19:00:00,Aspect,Trine,Sun,Virgo,"15°20'10.89""",Moon,Capricorn,"14°29'00.05""",120,119.147,0.853
2025-10-02 19:00:00,Aspect,Square,Mercury,Virgo,"29°20'01.98""",Jupiter,Gemini,"28°25'33.30""",90,90.908,0.908
2025-10-02 19:15:00,Aspect,Trine,Sun,Virgo,"15°20'47.78""",Moon,Capricorn,"14°37'10.32""",120,119.2729,0.7271
2025-10-02 19:15:00,Aspect,Square,Mercury,Virgo,"29°21'00.71""",Jupiter,Gemini,"28°25'37.74""",90,90.923,0.923
2025-10-02 19:30:00,Aspect,Trine,Sun,Virgo,"15°21'24.66""",Moon,Capricorn,"14°45'20.76""",120,119.3989,0.6011
2025-10-02 19:30:00,Aspect,Square,Mercury,Virgo,"29°21'59.42""",Jupiter,Gemini,"28°25'42.18""",90,90.9381,0.9381
2025-10-02 19:45:00,Aspect,Trine,Sun,Virgo,"15°22'01.55""",Moon,Capricorn,"14°53'31.35""",120,119.5249,0.4751
2025-10-02 19:45:00,Aspect,Square,Mercury,Virgo,"29°22'58.14""",Jupiter,Gemini,"28°25'46.62""",90,90.9532,0.9532
2025-10-02 20:00:00,Aspect,Trine,Sun,Virgo,"15°22'38.43""",Moon,Capricorn,"15°01'42.10""",120,119.651,0.349
2025-10-02 20:00:00,Aspect,Square,Mercury,Virgo,"29°23'56.85""",Jupiter,Gemini,"28°25'51.06""",90,90.9683,0.9683
2025-10-02 20:00:00,Aspect,Opposition,Venus,Leo,"21°45'04.43""",Rahu,Aquarius,"22°44'32.90""",180,179.0088,0.9912
2025-10-02 20:00:00,Aspect,Conjunction,Venus,Leo,"21°45'04.43""",Ketu,Leo,"22°44'32.90""",0,0.9912,0.9912
2025-10-02 20:15:00,Aspect,Trine,Sun,Virgo,"15°23'15.32""",Moon,Capricorn,"15°09'53.02""",120,119.7771,0.2229
2025-10-02 20:15:00,Aspect,Square,Mercury,Virgo,"29°24'55.55""",Jupiter,Gemini,"28°25'55.49""",90,90.9833,0.9833
2025-10-02 20:15:00,Aspect,Opposition,Venus,Leo,"21°45'50.65""",Rahu,Aquarius,"22°44'30.92""",180,179.0221,0.9779
2025-10-02 20:15:00,Aspect,Conjunction,Venus,Leo,"21°45'50.65""",Ketu,Leo,"22°44'30.92""",0,0.9779,0.9779
2025-10-02 20:30:00,Aspect,Trine,Sun,Virgo,"15°23'52.21""",Moon,Capricorn,"15°18'04.09""",120,119.9033,0.0967
2025-10-02 20:30:00,Aspect,Square,Mercury,Virgo,"29°25'54.24""",Jupiter,Gemini,"28°25'59.93""",90,90.9984,0.9984
2025-10-02 20:30:00,Aspect,Opposition,Venus,Leo,"21°46'36.86""",Rahu,Aquarius,"22°44'28.93""",180,179.0355,0.9645
2025-10-02 20:30:00,Aspect,Conjunction,Venus,Leo,"21°46'36.86""",Ketu,Leo,"22°44'28.93""",0,0.9645,0.9645
2025-10-02 20:45:00,Aspect,Trine,Sun,Virgo,"15°24'29.09""",Moon,Capricorn,"15°26'15.32""",120,120.0295,0.0295
2025-10-02 20:45:00,Aspect,Opposition,Venus,Leo,"21°47'23.07""",Rahu,Aquarius,"22°44'26.94""",180,179.0489,0.9511
2025-10-02 20:45:00,Aspect,Conjunction,Venus,Leo,"21°47'23.07""",Ketu,Leo,"22°44'26.94""",0,0.9511,0.9511
2025-10-02 21:00:00,Aspect,Trine,Sun,Virgo,"15°25'05.98""",Moon,Capricorn,"15°34'26.72""",120,120.1558,0.1558
2025-10-02 21:00:00,Aspect,Opposition,Venus,Leo,"21°48'09.28""",Rahu,Aquarius,"22°44'24.96""",180,179.0623,0.9377
2025-10-02 21:00:00,Aspect,Conjunction,Venus,Leo,"21°48'09.28""",Ketu,Leo,"22°44'24.96""",0,0.9377,0.9377
2025-10-02 21:15:00,Aspect,Trine,Sun,Virgo,"15°25'42.87""",Moon,Capricorn,"15°42'38.27""",120,120.2821,0.2821
2025-10-02 21:15:00,Aspect,Opposition,Venus,Leo,"21°48'55.49""",Rahu,Aquarius,"22°44'22.97""",180,179.0757,0.9243
2025-10-02 21:15:00,Aspect,Conjunction,Venus,Leo,"21°48'55.49""",Ketu,Leo,"22°44'22.97""",0,0.9243,0.9243
2025-10-02 21:30:00,Aspect,Trine,Sun,Virgo,"15°26'19.75""",Moon,Capricorn,"15°50'49.99""",120,120.4084,0.4084
2025-10-02 21:30:00,Aspect,Opposition,Venus,Leo,"21°49'41.71""",Rahu,Aquarius,"22°44'20.98""",180,179.0891,0.9109
2025-10-02 21:30:00,Aspect,Conjunction,Venus,Leo,"21°49'41.71""",Ketu,Leo,"22°44'20.98""",0,0.9109,0.9109
2025-10-02 21:45:00,Aspect,Trine,Sun,Virgo,"15°26'56.64""",Moon,Capricorn,"15°59'01.86""",120,120.5348,0.5348
2025-10-02 21:45:00,Aspect,Opposition,Venus,Leo,"21°50'27.92""",Rahu,Aquarius,"22°44'18.99""",180,179.1025,0.8975
2025-10-02 21:45:00,Aspect,Conjunction,Venus,Leo,"21°50'27.92""",Ketu,Leo,"22°44'18.99""",0,0.8975,0.8975
2025-10-02 22:00:00,Aspect,Trine,Sun,Virgo,"15°27'33.53""",Moon,Capricorn,"16°07'13.90""",120,120.6612,0.6612
2025-10-02 22:00:00,Aspect,Opposition,Venus,Leo,"21°51'14.13""",Rahu,Aquarius,"22°44'17.01""",180,179.1159,0.8841
2025-10-02 22:00:00,Aspect,Conjunction,Venus,Leo,"21°51'14.13""",Ketu,Leo,"22°44'17.01""",0,0.8841,0.8841
2025-10-02 22:15:00,Aspect,Trine,Sun,Virgo,"15°28'10.42""",Moon,Capricorn,"16°15'26.10""",120,120.7877,0.7877
2025-10-02 22:15:00,Aspect,Opposition,Venus,Leo,"21°52'00.35""",Rahu,Aquarius,"22°44'15.02""",180,179.1293,0.8707
2025-10-02 22:15:00,Aspect,Conjunction,Venus,Leo,"21°52'00.35""",Ketu,Leo,"22°44'15.02""",0,0.8707,0.8707
2025-10-02 22:30:00,Aspect,Trine,Sun,Virgo,"15°28'47.30""",Moon,Capricorn,"16°23'38.46""",120,120.9142,0.9142
2025-10-02 22:30:00,Aspect,Opposition,Venus,Leo,"21°52'46.56""",Rahu,Aquarius,"22°44'13.03""",180,179.1426,0.8574
2025-10-02 22:30:00,Aspect,Conjunction,Venus,Leo,"21°52'46.56""",Ketu,Leo,"22°44'13.03""",0,0.8574,0.8574
2025-10-02 22:45:00,Aspect,Opposition,Venus,Leo,"21°53'32.78""",Rahu,Aquarius,"22°44'11.05""",180,179.156,0.844
2025-10-02 22:45:00,Aspect,Conjunction,Venus,Leo,"21°53'32.78""",Ketu,Leo,"22°44'11.05""",0,0.844,0.844
2025-10-02 23:00:00,Aspect,Opposition,Venus,Leo,"21°54'18.99""",Rahu,Aquarius,"22°44'09.06""",180,179.1694,0.8306
2025-10-02 23:00:00,Aspect,Conjunction,Venus,Leo,"21°54'18.99""",Ketu,Leo,"22°44'09.06""",0,0.8306,0.8306
2025-10-02 23:15:00,Aspect,Opposition,Venus,Leo,"21°55'05.20""",Rahu,Aquarius,"22°44'07.07""",180,179.1828,0.8172
2025-10-02 23:15:00,Aspect,Conjunction,Venus,Leo,"21°55'05.20""",Ketu,Leo,"22°44'07.07""",0,0.8172,0.8172
2025-10-02 23:30:00,Aspect,Opposition,Venus,Leo,"21°55'51.42""",Rahu,Aquarius,"22°44'05.08""",180,179.1962,0.8038
2025-10-02 23:30:00,Aspect,Conjunction,Venus,Leo,"21°55'51.42""",Ketu,Leo,"22°44'05.08""",0,0.8038,0.8038
2025-10-02 23:45:00,Aspect,Opposition,Venus,Leo,"21°56'37.64""",Rahu,Aquarius,"22°44'03.10""",180,179.2096,0.7904
2025-10-02 23:45:00,Aspect,Conjunction,Venus,Leo,"21°56'37.64""",Ketu,Leo,"22°44'03.10""",0,0.7904,0.7904
2025-10-03 00:00:00,Aspect,Opposition,Venus,Leo,"21°57'23.85""",Rahu,Aquarius,"22°44'01.11""",180,179.223,0.777
2025-10-03 00:00:00,Aspect,Conjunction,Venus,Leo,"21°57'23.85""",Ketu,Leo,"22°44'01.11""",0,0.777,0.777
2025-10-03 00:15:00,Aspect,Opposition,Venus,Leo,"21°58'10.07""",Rahu,Aquarius,"22°43'59.12""",180,179.2364,0.7636
2025-10-03 00:15:00,Aspect,Conjunction,Venus,Leo,"21°58'10.07""",Ketu,Leo,"22°43'59.12""",0,0.7636,0.7636
2025-10-03 00:30:00,Aspect,Opposition,Venus,Leo,"21°58'56.28""",Rahu,Aquarius,"22°43'57.14""",180,179.2498,0.7502
2025-10-03 00:30:00,Aspect,Conjunction,Venus,Leo,"21°58'56.28""",Ketu,Leo,"22°43'57.14""",0,0.7502,0.7502
2025-10-03 00:45:00,Aspect,Opposition,Venus,Leo,"21°59'42.50""",Rahu,Aquarius,"22°43'55.15""",180,179.2632,0.7368
2025-10-03 00:45:00,Aspect,Conjunction,Venus,Leo,"21°59'42.50""",Ketu,Leo,"22°43'55.15""",0,0.7368,0.7368
2025-10-03 01:00:00,Aspect,Opposition,Venus,Leo,"22°00'28.72""",Rahu,Aquarius,"22°43'53.16""",180,179.2765,0.7235
2025-10-03 01:00:00,Aspect,Conjunction,Venus,Leo,"22°00'28.72""",Ketu,Leo,"22°43'53.16""",0,0.7235,0.7235
2025-10-03 01:15:00,Aspect,Opposition,Venus,Leo,"22°01'14.93""",Rahu,Aquarius,"22°43'51.17""",180,179.2899,0.7101
2025-10-03 01:15:00,Aspect,Conjunction,Venus,Leo,"22°01'14.93""",Ketu,Leo,"22°43'51.17""",0,0.7101,0.7101
2025-10-03 01:30:00,Aspect,Opposition,Venus,Leo,"22°02'01.15""",Rahu,Aquarius,"22°43'49.19""",180,179.3033,0.6967
2025-10-03 01:30:00,Aspect,Conjunction,Venus,Leo,"22°02'01.15""",Ketu,Leo,"22°43'49.19""",0,0.6967,0.6967
2025-10-03 01:45:00,Aspect,Opposition,Venus,Leo,"22°02'47.37""",Rahu,Aquarius,"22°43'47.20""",180,179.3167,0.6833
2025-10-03 01:45:00,Aspect,Conjunction,Venus,Leo,"22°02'47.37""",Ketu,Leo,"22°43'47.20""",0,0.6833,0.6833
2025-10-03 02:00:00,Aspect,Opposition,Venus,Leo,"22°03'33.59""",Rahu,Aquarius,"22°43'45.21""",180,179.3301,0.6699
2025-10-03 02:00:00,Aspect,Conjunction,Venus,Leo,"22°03'33.59""",Ketu,Leo,"22°43'45.21""",0,0.6699,0.6699
2025-10-03 02:15:00,Aspect,Opposition,Venus,Leo,"22°04'19.81""",Rahu,Aquarius,"22°43'43.22""",180,179.3435,0.6565
2025-10-03 02:15:00,Aspect,Conjunction,Venus,Leo,"22°04'19.81""",Ketu,Leo,"22°43'43.22""",0,0.6565,0.6565
2025-10-03 02:30:00,Aspect,Opposition,Venus,Leo,"22°05'06.03""",Rahu,Aquarius,"22°43'41.24""",180,179.3569,0.6431
2025-10-03 02:30:00,Aspect,Conjunction,Venus,Leo,"22°05'06.03""",Ketu,Leo,"22°43'41.24""",0,0.6431,0.6431
2025-10-03 02:45:00,Aspect,Opposition,Venus,Leo,"22°05'52.24""",Rahu,Aquarius,"22°43'39.25""",180,179.3703,0.6297
2025-10-03 02:45:00,Aspect,Conjunction,Venus,Leo,"22°05'52.24""",Ketu,Leo,"22°43'39.25""",0,0.6297,0.6297
2025-10-03 03:00:00,Aspect,Opposition,Venus,Leo,"22°06'38.46""",Rahu,Aquarius,"22°43'37.26""",180,179.3837,0.6163
2025-10-03 03:00:00,Aspect,Conjunction,Venus,Leo,"22°06'38.46""",Ketu,Leo,"22°43'37.26""",0,0.6163,0.6163
2025-10-03 03:15:00,Aspect,Opposition,Venus,Leo,"22°07'24.68""",Rahu,Aquarius,"22°43'35.28""",180,179.3971,0.6029
2025-10-03 03:15:00,Aspect,Conjunction,Venus,Leo,"22°07'24.68""",Ketu,Leo,"22°43'35.28""",0,0.6029,0.6029
2025-10-03 03:30:00,Aspect,Opposition,Venus,Leo,"22°08'10.90""",Rahu,Aquarius,"22°43'33.29""",180,179.4104,0.5896
2025-10-03 03:30:00,Aspect,Conjunction,Venus,Leo,"22°08'10.90""",Ketu,Leo,"22°43'33.29""",0,0.5896,0.5896
2025-10-03 03:45:00,Aspect,Opposition,Venus,Leo,"22°08'57.12""",Rahu,Aquarius,"22°43'31.30""",180,179.4238,0.5762
2025-10-03 03:45:00,Aspect,Conjunction,Venus,Leo,"22°08'57.12""",Ketu,Leo,"22°43'31.30""",0,0.5762,0.5762
2025-10-03 04:00:00,Aspect,Opposition,Venus,Leo,"22°09'43.34""",Rahu,Aquarius,"22°43'29.31""",180,179.4372,0.5628
2025-10-03 04:00:00,Aspect,Conjunction,Venus,Leo,"22°09'43.34""",Ketu,Leo,"22°43'29.31""",0,0.5628,0.5628
2025-10-03 04:15:00,Aspect,Opposition,Venus,Leo,"22°10'29.56""",Rahu,Aquarius,"22°43'27.33""",180,179.4506,0.5494
2025-10-03 04:15:00,Aspect,Conjunction,Venus,Leo,"22°10'29.56""",Ketu,Leo,"22°43'27.33""",0,0.5494,0.5494
2025-10-03 04:30:00,Aspect,Opposition,Venus,Leo,"22°11'15.79""",Rahu,Aquarius,"22°43'25.34""",180,179.464,0.536
2025-10-03 04:30:00,Aspect,Conjunction,Venus,Leo,"22°11'15.79""",Ketu,Leo,"22°43'25.34""",0,0.536,0.536
2025-10-03 04:45:00,Aspect,Opposition,Venus,Leo,"22°12'02.01""",Rahu,Aquarius,"22°43'23.35""",180,179.4774,0.5226
2025-10-03 04:45:00,Aspect,Conjunction,Venus,Leo,"22°12'02.01""",Ketu,Leo,"22°43'23.35""",0,0.5226,0.5226
2025-10-03 05:00:00,Aspect,Opposition,Venus,Leo,"22°12'48.23""",Rahu,Aquarius,"22°43'21.37""",180,179.4908,0.5092
2025-10-03 05:00:00,Aspect,Conjunction,Venus,Leo,"22°12'48.23""",Ketu,Leo,"22°43'21.37""",0,0.5092,0.5092
2025-10-03 05:15:00,Aspect,Opposition,Venus,Leo,"22°13'34.45""",Rahu,Aquarius,"22°43'19.38""",180,179.5042,0.4958
2025-10-03 05:15:00,Aspect,Conjunction,Venus,Leo,"22°13'34.45""",Ketu,Leo,"22°43'19.38""",0,0.4958,0.4958
2025-10-03 05:30:00,Aspect,Opposition,Venus,Leo,"22°14'20.67""",Rahu,Aquarius,"22°43'17.39""",180,179.5176,0.4824
2025-10-03 05:30:00,Aspect,Conjunction,Venus,Leo,"22°14'20.67""",Ketu,Leo,"22°43'17.39""",0,0.4824,0.4824
2025-10-03 05:45:00,Aspect,Opposition,Venus,Leo,"22°15'06.90""",Rahu,Aquarius,"22°43'15.40""",180,179.531,0.469
2025-10-03 05:45:00,Aspect,Conjunction,Venus,Leo,"22°15'06.90""",Ketu,Leo,"22°43'15.40""",0,0.469,0.469
2025-10-03 06:00:00,Aspect,Opposition,Venus,Leo,"22°15'53.12""",Rahu,Aquarius,"22°43'13.42""",180,179.5444,0.4556
2025-10-03 06:00:00,Aspect,Conjunction,Venus,Leo,"22°15'53.12""",Ketu,Leo,"22°43'13.42""",0,0.4556,0.4556
2025-10-03 06:15:00,Aspect,Opposition,Venus,Leo,"22°16'39.34""",Rahu,Aquarius,"22°43'11.43""",180,179.5578,0.4422
2025-10-03 06:15:00,Aspect,Conjunction,Venus,Leo,"22°16'39.34""",Ketu,Leo,"22°43'11.43""",0,0.4422,0.4422
2025-10-03 06:30:00,Aspect,Opposition,Venus,Leo,"22°17'25.57""",Rahu,Aquarius,"22°43'09.44""",180,179.5711,0.4289
2025-10-03 06:30:00,Aspect,Conjunction,Venus,Leo,"22°17'25.57""",Ketu,Leo,"22°43'09.44""",0,0.4289,0.4289
2025-10-03 06:45:00,Aspect,Opposition,Venus,Leo,"22°18'11.79""",Rahu,Aquarius,"22°43'07.46""",180,179.5845,0.4155
2025-10-03 06:45:00,Aspect,Conjunction,Venus,Leo,"22°18'11.79""",Ketu,Leo,"22°43'07.46""",0,0.4155,0.4155
2025-10-03 07:00:00,Aspect,Opposition,Venus,Leo,"22°18'58.01""",Rahu,Aquarius,"22°43'05.47""",180,179.5979,0.4021
2025-10-03 07:00:00,Aspect,Conjunction,Venus,Leo,"22°18'58.01""",Ketu,Leo,"22°43'05.47""",0,0.4021,0.4021
2025-10-03 07:15:00,Aspect,Opposition,Venus,Leo,"22°19'44.24""",Rahu,Aquarius,"22°43'03.48""",180,179.6113,0.3887
2025-10-03 07:15:00,Aspect,Conjunction,Venus,Leo,"22°19'44.24""",Ketu,Leo,"22°43'03.48""",0,0.3887,0.3887
2025-10-03 07:30:00,Aspect,Opposition,Venus,Leo,"22°20'30.46""",Rahu,Aquarius,"22°43'01.49""",180,179.6247,0.3753
2025-10-03 07:30:00,Aspect,Conjunction,Venus,Leo,"22°20'30.46""",Ketu,Leo,"22°43'01.49""",0,0.3753,0.3753
2025-10-03 07:45:00,Aspect,Opposition,Venus,Leo,"22°21'16.69""",Rahu,Aquarius,"22°42'59.51""",180,179.6381,0.3619
2025-10-03 07:45:00,Aspect,Conjunction,Venus,Leo,"22°21'16.69""",Ketu,Leo,"22°42'59.51""",0,0.3619,0.3619
2025-10-03 08:00:00,Aspect,Opposition,Venus,Leo,"22°22'02.91""",Rahu,Aquarius,"22°42'57.52""",180,179.6515,0.3485
2025-10-03 08:00:00,Aspect,Conjunction,Venus,Leo,"22°22'02.91""",Ketu,Leo,"22°42'57.52""",0,0.3485,0.3485
2025-10-03 08:15:00,Aspect,Opposition,Venus,Leo,"22°22'49.14""",Rahu,Aquarius,"22°42'55.53""",180,179.6649,0.3351
2025-10-03 08:15:00,Aspect,Conjunction,Venus,Leo,"22°22'49.14""",Ketu,Leo,"22°42'55.53""",0,0.3351,0.3351
2025-10-03 08:30:00,Aspect,Opposition,Venus,Leo,"22°23'35.37""",Rahu,Aquarius,"22°42'53.54""",180,179.6783,0.3217
2025-10-03 08:30:00,Aspect,Conjunction,Venus,Leo,"22°23'35.37""",Ketu,Leo,"22°42'53.54""",0,0.3217,0.3217
2025-10-03 08:45:00,Aspect,Opposition,Venus,Leo,"22°24'21.59""",Rahu,Aquarius,"22°42'51.56""",180,179.6917,0.3083
2025-10-03 08:45:00,Aspect,Conjunction,Venus,Leo,"22°24'21.59""",Ketu,Leo,"22°42'51.56""",0,0.3083,0.3083
2025-10-03 09:00:00,Aspect,Opposition,Venus,Leo,"22°25'07.82""",Rahu,Aquarius,"22°42'49.57""",180,179.7051,0.2949
2025-10-03 09:00:00,Aspect,Conjunction,Venus,Leo,"22°25'07.82""",Ketu,Leo,"22°42'49.57""",0,0.2949,0.2949
2025-10-03 09:15:00,Aspect,Opposition,Venus,Leo,"22°25'54.04""",Rahu,Aquarius,"22°42'47.58""",180,179.7185,0.2815
2025-10-03 09:15:00,Aspect,Conjunction,Venus,Leo,"22°25'54.04""",Ketu,Leo,"22°42'47.58""",0,0.2815,0.2815
2025-10-03 09:30:00,Aspect,Opposition,Venus,Leo,"22°26'40.27""",Rahu,Aquarius,"22°42'45.60""",180,179.7319,0.2681
2025-10-03 09:30:00,Aspect,Conjunction,Venus,Leo,"22°26'40.27""",Ketu,Leo,"22°42'45.60""",0,0.2681,0.2681
2025-10-03 09:45:00,Aspect,Opposition,Venus,Leo,"22°27'26.50""",Rahu,Aquarius,"22°42'43.61""",180,179.7452,0.2548
2025-10-03 09:45:00,Aspect,Conjunction,Venus,Leo,"22°27'26.50""",Ketu,Leo,"22°42'43.61""",0,0.2548,0.2548
2025-10-03 10:00:00,Aspect,Opposition,Venus,Leo,"22°28'12.73""",Rahu,Aquarius,"22°42'41.62""",180,179.7586,0.2414
2025-10-03 10:00:00,Aspect,Conjunction,Venus,Leo,"22°28'12.73""",Ketu,Leo,"22°42'41.62""",0,0.2414,0.2414
2025-10-03 10:15:00,Aspect,Opposition,Venus,Leo,"22°28'58.95""",Rahu,Aquarius,"22°42'39.63""",180,179.772,0.228
2025-10-03 10:15:00,Aspect,Conjunction,Venus,Leo,"22°28'58.95""",Ketu,Leo,"22°42'39.63""",0,0.228,0.228
2025-10-03 10:30:00,Aspect,Opposition,Venus,Leo,"22°29'45.18""",Rahu,Aquarius,"22°42'37.65""",180,179.7854,0.2146
2025-10-03 10:30:00,Aspect,Conjunction,Venus,Leo,"22°29'45.18""",Ketu,Leo,"22°42'37.65""",0,0.2146,0.2146
2025-10-03 10:45:00,Aspect,Opposition,Venus,Leo,"22°30'31.41""",Rahu,Aquarius,"22°42'35.66""",180,179.7988,0.2012
2025-10-03 10:45:00,Aspect,Conjunction,Venus,Leo,"22°30'31.41""",Ketu,Leo,"22°42'35.66""",0,0.2012,0.2012
2025-10-03 11:00:00,Aspect,Opposition,Venus,Leo,"22°31'17.64""",Rahu,Aquarius,"22°42'33.67""",180,179.8122,0.1878
2025-10-03 11:00:00,Aspect,Conjunction,Venus,Leo,"22°31'17.64""",Ketu,Leo,"22°42'33.67""",0,0.1878,0.1878
2025-10-03 11:15:00,Aspect,Opposition,Venus,Leo,"22°32'03.87""",Rahu,Aquarius,"22°42'31.69""",180,179.8256,0.1744
2025-10-03 11:15:00,Aspect,Conjunction,Venus,Leo,"22°32'03.87""",Ketu,Leo,"22°42'31.69""",0,0.1744,0.1744
2025-10-03 11:30:00,Aspect,Opposition,Venus,Leo,"22°32'50.10""",Rahu,Aquarius,"22°42'29.70""",180,179.839,0.161
2025-10-03 11:30:00,Aspect,Conjunction,Venus,Leo,"22°32'50.10""",Ketu,Leo,"22°42'29.70""",0,0.161,0.161
2025-10-03 11:45:00,Aspect,Opposition,Venus,Leo,"22°33'36.33""",Rahu,Aquarius,"22°42'27.71""",180,179.8524,0.1476
2025-10-03 11:45:00,Aspect,Conjunction,Venus,Leo,"22°33'36.33""",Ketu,Leo,"22°42'27.71""",0,0.1476,0.1476
2025-10-03 12:00:00,Aspect,Opposition,Venus,Leo,"22°34'22.56""",Rahu,Aquarius,"22°42'25.72""",180,179.8658,0.1342
2025-10-03 12:00:00,Aspect,Conjunction,Venus,Leo,"22°34'22.56""",Ketu,Leo,"22°42'25.72""",0,0.1342,0.1342
2025-10-03 12:15:00,Aspect,Opposition,Venus,Leo,"22°35'08.79""",Rahu,Aquarius,"22°42'23.74""",180,179.8792,0.1208
2025-10-03 12:15:00,Aspect,Conjunction,Venus,Leo,"22°35'08.79""",Ketu,Leo,"22°42'23.74""",0,0.1208,0.1208
2025-10-03 12:30:00,Aspect,Opposition,Venus,Leo,"22°35'55.02""",Rahu,Aquarius,"22°42'21.75""",180,179.8926,0.1074
2025-10-03 12:30:00,Aspect,Conjunction,Venus,Leo,"22°35'55.02""",Ketu,Leo,"22°42'21.75""",0,0.1074,0.1074
2025-10-03 12:45:00,Aspect,Opposition,Venus,Leo,"22°36'41.25""",Rahu,Aquarius,"22°42'19.76""",180,179.906,0.094
2025-10-03 12:45:00,Aspect,Conjunction,Venus,Leo,"22°36'41.25""",Ketu,Leo,"22°42'19.76""",0,0.094,0.094
2025-10-03 13:00:00,Aspect,Opposition,Venus,Leo,"22°37'27.48""",Rahu,Aquarius,"22°42'17.78""",180,179.9194,0.0806
2025-10-03 13:00:00,Aspect,Conjunction,Venus,Leo,"22°37'27.48""",Ketu,Leo,"22°42'17.78""",0,0.0806,0.0806
2025-10-03 13:15:00,Aspect,Opposition,Venus,Leo,"22°38'13.71""",Rahu,Aquarius,"22°42'15.79""",180,179.9328,0.0672
2025-10-03 13:15:00,Aspect,Conjunction,Venus,Leo,"22°38'13.71""",Ketu,Leo,"22°42'15.79""",0,0.0672,0.0672
2025-10-03 13:30:00,Aspect,Opposition,Venus,Leo,"22°38'59.95""",Rahu,Aquarius,"22°42'13.80""",180,179.9462,0.0538
2025-10-03 13:30:00,Aspect,Conjunction,Venus,Leo,"22°38'59.95""",Ketu,Leo,"22°42'13.80""",0,0.0538,0.0538
2025-10-03 13:45:00,Aspect,Opposition,Venus,Leo,"22°39'46.18""",Rahu,Aquarius,"22°42'11.81""",180,179.9595,0.0405
2025-10-03 13:45:00,Aspect,Conjunction,Venus,Leo,"22°39'46.18""",Ketu,Leo,"22°42'11.81""",0,0.0405,0.0405
2025-10-03 14:00:00,Aspect,Opposition,Venus,Leo,"22°40'32.41""",Rahu,Aquarius,"22°42'09.83""",180,179.9729,0.0271
2025-10-03 14:00:00,Aspect,Conjunction,Venus,Leo,"22°40'32.41""",Ketu,Leo,"22°42'09.83""",0,0.0271,0.0271
2025-10-03 14:15:00,Aspect,Opposition,Venus,Leo,"22°41'18.64""",Rahu,Aquarius,"22°42'07.84""",180,179.9863,0.0137
2025-10-03 14:15:00,Aspect,Conjunction,Venus,Leo,"22°41'18.64""",Ketu,Leo,"22°42'07.84""",0,0.0137,0.0137
2025-10-03 14:30:00,Aspect,Opposition,Venus,Leo,"22°42'04.88""",Rahu,Aquarius,"22°42'05.85""",180,179.9997,0.0003
2025-10-03 14:30:00,Aspect,Conjunction,Venus,Leo,"22°42'04.88""",Ketu,Leo,"22°42'05.85""",0,0.0003,0.0003
2025-10-03 14:45:00,Aspect,Opposition,Venus,Leo,"22°42'51.11""",Rahu,Aquarius,"22°42'03.86""",180,179.9869,0.0131
2025-10-03 14:45:00,Aspect,Conjunction,Venus,Leo,"22°42'51.11""",Ketu,Leo,"22°42'03.86""",0,0.0131,0.0131
2025-10-03 15:00:00,Aspect,Opposition,Venus,Leo,"22°43'37.34""",Rahu,Aquarius,"22°42'01.88""",180,179.9735,0.0265
2025-10-03 15:00:00,Aspect,Conjunction,Venus,Leo,"22°43'37.34""",Ketu,Leo,"22°42'01.88""",0,0.0265,0.0265
2025-10-03 15:15:00,Aspect,Opposition,Venus,Leo,"22°44'23.58""",Rahu,Aquarius,"22°41'59.89""",180,179.9601,0.0399
2025-10-03 15:15:00,Aspect,Conjunction,Venus,Leo,"22°44'23.58""",Ketu,Leo,"22°41'59.89""",0,0.0399,0.0399
2025-10-03 15:30:00,Aspect,Opposition,Venus,Leo,"22°45'09.81""",Rahu,Aquarius,"22°41'57.90""",180,179.9467,0.0533
2025-10-03 15:30:00,Aspect,Conjunction,Venus,Leo,"22°45'09.81""",Ketu,Leo,"22°41'57.90""",0,0.0533,0.0533
2025-10-03 15:45:00,Aspect,Opposition,Venus,Leo,"22°45'56.05""",Rahu,Aquarius,"22°41'55.92""",180,179.9333,0.0667
2025-10-03 15:45:00,Aspect,Conjunction,Venus,Leo,"22°45'56.05""",Ketu,Leo,"22°41'55.92""",0,0.0667,0.0667
2025-10-03 16:00:00,Aspect,Opposition,Venus,Leo,"22°46'42.28""",Rahu,Aquarius,"22°41'53.93""",180,179.9199,0.0801
2025-10-03 16:00:00,Aspect,Conjunction,Venus,Leo,"22°46'42.28""",Ketu,Leo,"22°41'53.93""",0,0.0801,0.0801
2025-10-03 16:15:00,Aspect,Opposition,Venus,Leo,"22°47'28.52""",Rahu,Aquarius,"22°41'51.94""",180,179.9065,0.0935
2025-10-03 16:15:00,Aspect,Conjunction,Venus,Leo,"22°47'28.52""",Ketu,Leo,"22°41'51.94""",0,0.0935,0.0935
2025-10-03 16:30:00,Aspect,Opposition,Venus,Leo,"22°48'14.75""",Rahu,Aquarius,"22°41'49.95""",180,179.8931,0.1069
2025-10-03 16:30:00,Aspect,Conjunction,Venus,Leo,"22°48'14.75""",Ketu,Leo,"22°41'49.95""",0,0.1069,0.1069
2025-10-03 16:45:00,Aspect,Opposition,Venus,Leo,"22°49'00.99""",Rahu,Aquarius,"22°41'47.97""",180,179.8797,0.1203
2025-10-03 16:45:00,Aspect,Conjunction,Venus,Leo,"22°49'00.99""",Ketu,Leo,"22°41'47.97""",0,0.1203,0.1203
2025-10-03 17:00:00,Aspect,Opposition,Venus,Leo,"22°49'47.22""",Rahu,Aquarius,"22°41'45.98""",180,179.8663,0.1337
2025-10-03 17:00:00,Aspect,Conjunction,Venus,Leo,"22°49'47.22""",Ketu,Leo,"22°41'45.98""",0,0.1337,0.1337
2025-10-03 17:15:00,Aspect,Opposition,Venus,Leo,"22°50'33.46""",Rahu,Aquarius,"22°41'43.99""",180,179.8529,0.1471
2025-10-03 17:15:00,Aspect,Conjunction,Venus,Leo,"22°50'33.46""",Ketu,Leo,"22°41'43.99""",0,0.1471,0.1471
2025-10-03 17:30:00,Aspect,Opposition,Venus,Leo,"22°51'19.70""",Rahu,Aquarius,"22°41'42.01""",180,179.8395,0.1605
2025-10-03 17:30:00,Aspect,Conjunction,Venus,Leo,"22°51'19.70""",Ketu,Leo,"22°41'42.01""",0,0.1605,0.1605
2025-10-03 17:45:00,Aspect,Opposition,Venus,Leo,"22°52'05.93""",Rahu,Aquarius,"22°41'40.02""",180,179.8261,0.1739
2025-10-03 17:45:00,Aspect,Conjunction,Venus,Leo,"22°52'05.93""",Ketu,Leo,"22°41'40.02""",0,0.1739,0.1739
2025-10-03 18:00:00,Aspect,Opposition,Venus,Leo,"22°52'52.17""",Rahu,Aquarius,"22°41'38.03""",180,179.8127,0.1873
2025-10-03 18:00:00,Aspect,Conjunction,Venus,Leo,"22°52'52.17""",Ketu,Leo,"22°41'38.03""",0,0.1873,0.1873
2025-10-03 18:15:00,Aspect,Opposition,Venus,Leo,"22°53'38.41""",Rahu,Aquarius,"22°41'36.04""",180,179.7993,0.2007
2025-10-03 18:15:00,Aspect,Conjunction,Venus,Leo,"22°53'38.41""",Ketu,Leo,"22°41'36.04""",0,0.2007,0.2007
2025-10-03 18:30:00,Aspect,Opposition,Venus,Leo,"22°54'24.65""",Rahu,Aquarius,"22°41'34.06""",180,179.7859,0.2141
2025-10-03 18:30:00,Aspect,Conjunction,Venus,Leo,"22°54'24.65""",Ketu,Leo,"22°41'34.06""",0,0.2141,0.2141
2025-10-03 18:45:00,Aspect,Opposition,Venus,Leo,"22°55'10.88""",Rahu,Aquarius,"22°41'32.07""",180,179.7726,0.2274
2025-10-03 18:45:00,Aspect,Conjunction,Venus,Leo,"22°55'10.88""",Ketu,Leo,"22°41'32.07""",0,0.2274,0.2274
2025-10-03 19:00:00,Aspect,Opposition,Venus,Leo,"22°55'57.12""",Rahu,Aquarius,"22°41'30.08""",180,179.7592,0.2408
2025-10-03 19:00:00,Aspect,Conjunction,Venus,Leo,"22°55'57.12""",Ketu,Leo,"22°41'30.08""",0,0.2408,0.2408
2025-10-03 19:15:00,Aspect,Opposition,Venus,Leo,"22°56'43.36""",Rahu,Aquarius,"22°41'28.10""",180,179.7458,0.2542
2025-10-03 19:15:00,Aspect,Conjunction,Venus,Leo,"22°56'43.36""",Ketu,Leo,"22°41'28.10""",0,0.2542,0.2542
2025-10-03 19:30:00,Aspect,Opposition,Venus,Leo,"22°57'29.60""",Rahu,Aquarius,"22°41'26.11""",180,179.7324,0.2676
2025-10-03 19:30:00,Aspect,Conjunction,Venus,Leo,"22°57'29.60""",Ketu,Leo,"22°41'26.11""",0,0.2676,0.2676
2025-10-03 19:45:00,Aspect,Opposition,Venus,Leo,"22°58'15.84""",Rahu,Aquarius,"22°41'24.12""",180,179.719,0.281
2025-10-03 19:45:00,Aspect,Conjunction,Venus,Leo,"22°58'15.84""",Ketu,Leo,"22°41'24.12""",0,0.281,0.281
2025-10-03 20:00:00,Aspect,Opposition,Venus,Leo,"22°59'02.08""",Rahu,Aquarius,"22°41'22.13""",180,179.7056,0.2944
2025-10-03 20:00:00,Aspect,Conjunction,Venus,Leo,"22°59'02.08""",Ketu,Leo,"22°41'22.13""",0,0.2944,0.2944
2025-10-03 20:15:00,Aspect,Opposition,Venus,Leo,"22°59'48.32""",Rahu,Aquarius,"22°41'20.15""",180,179.6922,0.3078
2025-10-03 20:15:00,Aspect,Conjunction,Venus,Leo,"22°59'48.32""",Ketu,Leo,"22°41'20.15""",0,0.3078,0.3078
2025-10-03 20:30:00,Aspect,Opposition,Venus,Leo,"23°00'34.56""",Rahu,Aquarius,"22°41'18.16""",180,179.6788,0.3212
2025-10-03 20:30:00,Aspect,Conjunction,Venus,Leo,"23°00'34.56""",Ketu,Leo,"22°41'18.16""",0,0.3212,0.3212
2025-10-03 20:45:00,Aspect,Opposition,Venus,Leo,"23°01'20.80""",Rahu,Aquarius,"22°41'16.17""",180,179.6654,0.3346
2025-10-03 20:45:00,Aspect,Conjunction,Venus,Leo,"23°01'20.80""",Ketu,Leo,"22°41'16.17""",0,0.3346,0.3346
2025-10-03 21:00:00,Aspect,Opposition,Venus,Leo,"23°02'07.04""",Rahu,Aquarius,"22°41'14.18""",180,179.652,0.348
2025-10-03 21:00:00,Aspect,Conjunction,Venus,Leo,"23°02'07.04""",Ketu,Leo,"22°41'14.18""",0,0.348,0.348
2025-10-03 21:15:00,Aspect,Opposition,Venus,Leo,"23°02'53.28""",Rahu,Aquarius,"22°41'12.20""",180,179.6386,0.3614
2025-10-03 21:15:00,Aspect,Conjunction,Venus,Leo,"23°02'53.28""",Ketu,Leo,"22°41'12.20""",0,0.3614,0.3614
2025-10-03 21:30:00,Aspect,Opposition,Venus,Leo,"23°03'39.52""",Rahu,Aquarius,"22°41'10.21""",180,179.6252,0.3748
2025-10-03 21:30:00,Aspect,Conjunction,Venus,Leo,"23°03'39.52""",Ketu,Leo,"22°41'10.21""",0,0.3748,0.3748
2025-10-03 21:45:00,Aspect,Opposition,Venus,Leo,"23°04'25.77""",Rahu,Aquarius,"22°41'08.22""",180,179.6118,0.3882
2025-10-03 21:45:00,Aspect,Conjunction,Venus,Leo,"23°04'25.77""",Ketu,Leo,"22°41'08.22""",0,0.3882,0.3882
2025-10-03 22:00:00,Aspect,Opposition,Venus,Leo,"23°05'12.01""",Rahu,Aquarius,"22°41'06.24""",180,179.5984,0.4016
2025-10-03 22:00:00,Aspect,Conjunction,Venus,Leo,"23°05'12.01""",Ketu,Leo,"22°41'06.24""",0,0.4016,0.4016
2025-10-03 22:15:00,Aspect,Opposition,Venus,Leo,"23°05'58.25""",Rahu,Aquarius,"22°41'04.25""",180,179.585,0.415
2025-10-03 22:15:00,Aspect,Conjunction,Venus,Leo,"23°05'58.25""",Ketu,Leo,"22°41'04.25""",0,0.415,0.415
2025-10-03 22:30:00,Aspect,Opposition,Venus,Leo,"23°06'44.49""",Rahu,Aquarius,"22°41'02.26""",180,179.5716,0.4284
2025-10-03 22:30:00,Aspect,Conjunction,Venus,Leo,"23°06'44.49""",Ketu,Leo,"22°41'02.26""",0,0.4284,0.4284
2025-10-03 22:45:00,Aspect,Opposition,Venus,Leo,"23°07'30.73""",Rahu,Aquarius,"22°41'00.27""",180,179.5582,0.4418
2025-10-03 22:45:00,Aspect,Conjunction,Venus,Leo,"23°07'30.73""",Ketu,Leo,"22°41'00.27""",0,0.4418,0.4418
2025-10-03 23:00:00,Aspect,Opposition,Venus,Leo,"23°08'16.98""",Rahu,Aquarius,"22°40'58.29""",180,179.5448,0.4552
2025-10-03 23:00:00,Aspect,Conjunction,Venus,Leo,"23°08'16.98""",Ketu,Leo,"22°40'58.29""",0,0.4552,0.4552
2025-10-03 23:15:00,Aspect,Opposition,Venus,Leo,"23°09'03.22""",Rahu,Aquarius,"22°40'56.30""",180,179.5314,0.4686
2025-10-03 23:15:00,Aspect,Conjunction,Venus,Leo,"23°09'03.22""",Ketu,Leo,"22°40'56.30""",0,0.4686,0.4686
2025-10-03 23:30:00,Aspect,Trine,Moon,Aquarius,"0°18'14.86""",Mercury,Libra,"1°11'01.48""",120,119.1204,0.8796
2025-10-03 23:30:00,Aspect,Opposition,Venus,Leo,"23°09'49.47""",Rahu,Aquarius,"22°40'54.31""",180,179.518,0.482
2025-10-03 23:30:00,Aspect,Conjunction,Venus,Leo,"23°09'49.47""",Ketu,Leo,"22°40'54.31""",0,0.482,0.482
2025-10-03 23:45:00,Aspect,Trine,Moon,Aquarius,"0°26'44.22""",Mercury,Libra,"1°11'59.59""",120,119.2457,0.7543
2025-10-03 23:45:00,Aspect,Opposition,Venus,Leo,"23°10'35.71""",Rahu,Aquarius,"22°40'52.33""",180,179.5046,0.4954
2025-10-03 23:45:00,Aspect,Conjunction,Venus,Leo,"23°10'35.71""",Ketu,Leo,"22°40'52.33""",0,0.4954,0.4954
2025-10-04 00:00:00,Aspect,Trine,Moon,Aquarius,"0°35'13.75""",Mercury,Libra,"1°12'57.69""",120,119.3711,0.6289
2025-10-04 00:00:00,Aspect,Opposition,Venus,Leo,"23°11'21.95""",Rahu,Aquarius,"22°40'50.34""",180,179.4912,0.5088
2025-10-04 00:00:00,Aspect,Conjunction,Venus,Leo,"23°11'21.95""",Ketu,Leo,"22°40'50.34""",0,0.5088,0.5088
2025-10-04 00:15:00,Aspect,Trine,Moon,Aquarius,"0°43'43.46""",Mercury,Libra,"1°13'55.78""",120,119.4966,0.5034
2025-10-04 00:15:00,Aspect,Opposition,Venus,Leo,"23°12'08.20""",Rahu,Aquarius,"22°40'48.35""",180,179.4778,0.5222
2025-10-04 00:15:00,Aspect,Conjunction,Venus,Leo,"23°12'08.20""",Ketu,Leo,"22°40'48.35""",0,0.5222,0.5222
2025-10-04 00:30:00,Aspect,Trine,Moon,Aquarius,"0°52'13.34""",Mercury,Libra,"1°14'53.87""",120,119.6221,0.3779
2025-10-04 00:30:00,Aspect,Opposition,Venus,Leo,"23°12'54.44""",Rahu,Aquarius,"22°40'46.36""",180,179.4644,0.5356
2025-10-04 00:30:00,Aspect,Conjunction,Venus,Leo,"23°12'54.44""",Ketu,Leo,"22°40'46.36""",0,0.5356,0.5356
2025-10-04 00:45:00,Aspect,Trine,Moon,Aquarius,"1°00'43.39""",Mercury,Libra,"1°15'51.95""",120,119.7476,0.2524
2025-10-04 00:45:00,Aspect,Opposition,Venus,Leo,"23°13'40.69""",Rahu,Aquarius,"22°40'44.38""",180,179.451,0.549
2025-10-04 00:45:00,Aspect,Conjunction,Venus,Leo,"23°13'40.69""",Ketu,Leo,"22°40'44.38""",0,0.549,0.549
2025-10-04 01:00:00,Aspect,Trine,Moon,Aquarius,"1°09'13.61""",Mercury,Libra,"1°16'50.03""",120,119.8732,0.1268
2025-10-04 01:00:00,Aspect,Opposition,Venus,Leo,"23°14'26.93""",Rahu,Aquarius,"22°40'42.39""",180,179.4376,0.5624
2025-10-04 01:00:00,Aspect,Conjunction,Venus,Leo,"23°14'26.93""",Ketu,Leo,"22°40'42.39""",0,0.5624,0.5624
2025-10-04 01:15:00,Aspect,Trine,Moon,Aquarius,"1°17'44.01""",Mercury,Libra,"1°17'48.10""",120,119.9989,0.0011
2025-10-04 01:15:00,Aspect,Opposition,Venus,Leo,"23°15'13.18""",Rahu,Aquarius,"22°40'40.40""",180,179.4242,0.5758
2025-10-04 01:15:00,Aspect,Conjunction,Venus,Leo,"23°15'13.18""",Ketu,Leo,"22°40'40.40""",0,0.5758,0.5758
2025-10-04 01:30:00,Aspect,Trine,Moon,Aquarius,"1°26'14.58""",Mercury,Libra,"1°18'46.17""",120,120.1246,0.1246
2025-10-04 01:30:00,Aspect,Opposition,Venus,Leo,"23°15'59.43""",Rahu,Aquarius,"22°40'38.42""",180,179.4108,0.5892
2025-10-04 01:30:00,Aspect,Conjunction,Venus,Leo,"23°15'59.43""",Ketu,Leo,"22°40'38.42""",0,0.5892,0.5892
2025-10-04 01:45:00,Aspect,Trine,Moon,Aquarius,"1°34'45.33""",Mercury,Libra,"1°19'44.23""",120,120.2503,0.2503
2025-10-04 01:45:00,Aspect,Opposition,Venus,Leo,"23°16'45.67""",Rahu,Aquarius,"22°40'36.43""",180,179.3974,0.6026
2025-10-04 01:45:00,Aspect,Conjunction,Venus,Leo,"23°16'45.67""",Ketu,Leo,"22°40'36.43""",0,0.6026,0.6026
2025-10-04 02:00:00,Aspect,Trine,Moon,Aquarius,"1°43'16.25""",Mercury,Libra,"1°20'42.29""",120,120.3761,0.3761
2025-10-04 02:00:00,Aspect,Opposition,Venus,Leo,"23°17'31.92""",Rahu,Aquarius,"22°40'34.44""",180,179.384,0.616
2025-10-04 02:00:00,Aspect,Conjunction,Venus,Leo,"23°17'31.92""",Ketu,Leo,"22°40'34.44""",0,0.616,0.616
2025-10-04 02:15:00,Aspect,Trine,Moon,Aquarius,"1°51'47.34""",Mercury,Libra,"1°21'40.34""",120,120.5019,0.5019
2025-10-04 02:15:00,Aspect,Opposition,Venus,Leo,"23°18'18.17""",Rahu,Aquarius,"22°40'32.45""",180,179.3706,0.6294
2025-10-04 02:15:00,Aspect,Conjunction,Venus,Leo,"23°18'18.17""",Ketu,Leo,"22°40'32.45""",0,0.6294,0.6294
2025-10-04 02:30:00,Aspect,Trine,Moon,Aquarius,"2°00'18.60""",Mercury,Libra,"1°22'38.39""",120,120.6278,0.6278
2025-10-04 02:30:00,Aspect,Opposition,Venus,Leo,"23°19'04.41""",Rahu,Aquarius,"22°40'30.47""",180,179.3572,0.6428
2025-10-04 02:30:00,Aspect,Conjunction,Venus,Leo,"23°19'04.41""",Ketu,Leo,"22°40'30.47""",0,0.6428,0.6428
2025-10-04 02:45:00,Aspect,Trine,Moon,Aquarius,"2°08'50.04""",Mercury,Libra,"1°23'36.43""",120,120.7538,0.7538
2025-10-04 02:45:00,Aspect,Opposition,Venus,Leo,"23°19'50.66""",Rahu,Aquarius,"22°40'28.48""",180,179.3438,0.6562
2025-10-04 02:45:00,Aspect,Conjunction,Venus,Leo,"23°19'50.66""",Ketu,Leo,"22°40'28.48""",0,0.6562,0.6562
2025-10-04 03:00:00,Aspect,Trine,Moon,Aquarius,"2°17'21.65""",Mercury,Libra,"1°24'34.46""",120,120.8798,0.8798
2025-10-04 03:00:00,Aspect,Opposition,Venus,Leo,"23°20'36.91""",Rahu,Aquarius,"22°40'26.49""",180,179.3304,0.6696
2025-10-04 03:00:00,Aspect,Conjunction,Venus,Leo,"23°20'36.91""",Ketu,Leo,"22°40'26.49""",0,0.6696,0.6696
2025-10-04 03:15:00,Aspect,Opposition,Venus,Leo,"23°21'23.16""",Rahu,Aquarius,"22°40'24.50""",180,179.317,0.683
2025-10-04 03:15:00,Aspect,Conjunction,Venus,Leo,"23°21'23.16""",Ketu,Leo,"22°40'24.50""",0,0.683,0.683
2025-10-04 03:30:00,Aspect,Opposition,Venus,Leo,"23°22'09.41""",Rahu,Aquarius,"22°40'22.52""",180,179.3036,0.6964
2025-10-04 03:30:00,Aspect,Conjunction,Venus,Leo,"23°22'09.41""",Ketu,Leo,"22°40'22.52""",0,0.6964,0.6964
2025-10-04 03:45:00,Aspect,Opposition,Venus,Leo,"23°22'55.65""",Rahu,Aquarius,"22°40'20.53""",180,179.2902,0.7098
2025-10-04 03:45:00,Aspect,Conjunction,Venus,Leo,"23°22'55.65""",Ketu,Leo,"22°40'20.53""",0,0.7098,0.7098
2025-10-04 04:00:00,Aspect,Opposition,Venus,Leo,"23°23'41.90""",Rahu,Aquarius,"22°40'18.54""",180,179.2768,0.7232
2025-10-04 04:00:00,Aspect,Conjunction,Venus,Leo,"23°23'41.90""",Ketu,Leo,"22°40'18.54""",0,0.7232,0.7232
2025-10-04 04:15:00,Aspect,Opposition,Venus,Leo,"23°24'28.15""",Rahu,Aquarius,"22°40'16.56""",180,179.2634,0.7366
2025-10-04 04:15:00,Aspect,Conjunction,Venus,Leo,"23°24'28.15""",Ketu,Leo,"22°40'16.56""",0,0.7366,0.7366
2025-10-04 04:30:00,Aspect,Opposition,Venus,Leo,"23°25'14.40""",Rahu,Aquarius,"22°40'14.57""",180,179.25,0.75
2025-10-04 04:30:00,Aspect,Conjunction,Venus,Leo,"23°25'14.40""",Ketu,Leo,"22°40'14.57""",0,0.75,0.75
2025-10-04 04:45:00,Aspect,Opposition,Venus,Leo,"23°26'00.65""",Rahu,Aquarius,"22°40'12.58""",180,179.2366,0.7634
2025-10-04 04:45:00,Aspect,Conjunction,Venus,Leo,"23°26'00.65""",Ketu,Leo,"22°40'12.58""",0,0.7634,0.7634
2025-10-04 05:00:00,Aspect,Opposition,Venus,Leo,"23°26'46.90""",Rahu,Aquarius,"22°40'10.59""",180,179.2232,0.7768
2025-10-04 05:00:00,Aspect,Conjunction,Venus,Leo,"23°26'46.90""",Ketu,Leo,"22°40'10.59""",0,0.7768,0.7768
2025-10-04 05:15:00,Aspect,Opposition,Venus,Leo,"23°27'33.15""",Rahu,Aquarius,"22°40'08.61""",180,179.2098,0.7902
2025-10-04 05:15:00,Aspect,Conjunction,Venus,Leo,"23°27'33.15""",Ketu,Leo,"22°40'08.61""",0,0.7902,0.7902
2025-10-04 05:30:00,Aspect,Opposition,Venus,Leo,"23°28'19.40""",Rahu,Aquarius,"22°40'06.62""",180,179.1964,0.8036
2025-10-04 05:30:00,Aspect,Conjunction,Venus,Leo,"23°28'19.40""",Ketu,Leo,"22°40'06.62""",0,0.8036,0.8036
2025-10-04 05:45:00,Aspect,Opposition,Venus,Leo,"23°29'05.66""",Rahu,Aquarius,"22°40'04.63""",180,179.183,0.817
2025-10-04 05:45:00,Aspect,Conjunction,Venus,Leo,"23°29'05.66""",Ketu,Leo,"22°40'04.63""",0,0.817,0.817
2025-10-04 06:00:00,Aspect,Opposition,Venus,Leo,"23°29'51.91""",Rahu,Aquarius,"22°40'02.65""",180,179.1696,0.8304
2025-10-04 06:00:00,Aspect,Conjunction,Venus,Leo,"23°29'51.91""",Ketu,Leo,"22°40'02.65""",0,0.8304,0.8304
2025-10-04 06:15:00,Aspect,Opposition,Venus,Leo,"23°30'38.16""",Rahu,Aquarius,"22°40'00.66""",180,179.1562,0.8438
2025-10-04 06:15:00,Aspect,Conjunction,Venus,Leo,"23°30'38.16""",Ketu,Leo,"22°40'00.66""",0,0.8438,0.8438
2025-10-04 06:30:00,Aspect,Opposition,Venus,Leo,"23°31'24.41""",Rahu,Aquarius,"22°39'58.67""",180,179.1428,0.8572
2025-10-04 06:30:00,Aspect,Conjunction,Venus,Leo,"23°31'24.41""",Ketu,Leo,"22°39'58.67""",0,0.8572,0.8572
2025-10-04 06:45:00,Aspect,Opposition,Venus,Leo,"23°32'10.66""",Rahu,Aquarius,"22°39'56.68""",180,179.1295,0.8705
2025-10-04 06:45:00,Aspect,Conjunction,Venus,Leo,"23°32'10.66""",Ketu,Leo,"22°39'56.68""",0,0.8705,0.8705
2025-10-04 07:00:00,Aspect,Opposition,Venus,Leo,"23°32'56.92""",Rahu,Aquarius,"22°39'54.70""",180,179.1161,0.8839
2025-10-04 07:00:00,Aspect,Conjunction,Venus,Leo,"23°32'56.92""",Ketu,Leo,"22°39'54.70""",0,0.8839,0.8839
2025-10-04 07:15:00,Aspect,Opposition,Venus,Leo,"23°33'43.17""",Rahu,Aquarius,"22°39'52.71""",180,179.1027,0.8973
2025-10-04 07:15:00,Aspect,Conjunction,Venus,Leo,"23°33'43.17""",Ketu,Leo,"22°39'52.71""",0,0.8973,0.8973
2025-10-04 07:30:00,Aspect,Opposition,Venus,Leo,"23°34'29.42""",Rahu,Aquarius,"22°39'50.72""",180,179.0892,0.9108
2025-10-04 07:30:00,Aspect,Conjunction,Venus,Leo,"23°34'29.42""",Ketu,Leo,"22°39'50.72""",0,0.9108,0.9108
2025-10-04 07:45:00,Aspect,Opposition,Venus,Leo,"23°35'15.68""",Rahu,Aquarius,"22°39'48.74""",180,179.0758,0.9242
2025-10-04 07:45:00,Aspect,Conjunction,Venus,Leo,"23°35'15.68""",Ketu,Leo,"22°39'48.74""",0,0.9242,0.9242
2025-10-04 08:00:00,Aspect,Opposition,Venus,Leo,"23°36'01.93""",Rahu,Aquarius,"22°39'46.75""",180,179.0624,0.9376
2025-10-04 08:00:00,Aspect,Conjunction,Venus,Leo,"23°36'01.93""",Ketu,Leo,"22°39'46.75""",0,0.9376,0.9376
2025-10-04 08:15:00,Aspect,Opposition,Venus,Leo,"23°36'48.18""",Rahu,Aquarius,"22°39'44.76""",180,179.049,0.951
2025-10-04 08:15:00,Aspect,Conjunction,Venus,Leo,"23°36'48.18""",Ketu,Leo,"22°39'44.76""",0,0.951,0.951
2025-10-04 08:30:00,Aspect,Opposition,Venus,Leo,"23°37'34.44""",Rahu,Aquarius,"22°39'42.77""",180,179.0356,0.9644
2025-10-04 08:30:00,Aspect,Conjunction,Venus,Leo,"23°37'34.44""",Ketu,Leo,"22°39'42.77""",0,0.9644,0.9644
2025-10-04 08:45:00,Aspect,Opposition,Venus,Leo,"23°38'20.69""",Rahu,Aquarius,"22°39'40.79""",180,179.0222,0.9778
2025-10-04 08:45:00,Aspect,Conjunction,Venus,Leo,"23°38'20.69""",Ketu,Leo,"22°39'40.79""",0,0.9778,0.9778
2025-10-04 09:00:00,Aspect,Opposition,Venus,Leo,"23°39'06.95""",Rahu,Aquarius,"22°39'38.80""",180,179.0088,0.9912
2025-10-04 09:00:00,Aspect,Conjunction,Venus,Leo,"23°39'06.95""",Ketu,Leo,"22°39'38.80""",0,0.9912,0.9912
2025-10-04 22:00:00,Aspect,Trine,Moon,Aquarius,"13°13'50.27""",Mars,Libra,"14°07'17.40""",120,119.1091,0.8909
2025-10-04 22:15:00,Aspect,Trine,Moon,Aquarius,"13°22'35.16""",Mars,Libra,"14°07'43.07""",120,119.2478,0.7522
2025-10-04 22:30:00,Aspect,Trine,Moon,Aquarius,"13°31'20.22""",Mars,Libra,"14°08'08.74""",120,119.3865,0.6135
2025-10-04 22:45:00,Aspect,Trine,Moon,Aquarius,"13°40'05.45""",Mars,Libra,"14°08'34.41""",120,119.5253,0.4747
2025-10-04 23:00:00,Aspect,Trine,Moon,Aquarius,"13°48'50.85""",Mars,Libra,"14°09'00.08""",120,119.6641,0.3359
2025-10-04 23:15:00,Aspect,Trine,Moon,Aquarius,"13°57'36.41""",Mars,Libra,"14°09'25.75""",120,119.803,0.197
2025-10-04 23:30:00,Aspect,Trine,Moon,Aquarius,"14°06'22.15""",Mars,Libra,"14°09'51.42""",120,119.9419,0.0581
2025-10-04 23:45:00,Aspect,Trine,Moon,Aquarius,"14°15'08.06""",Mars,Libra,"14°10'17.09""",120,120.0808,0.0808
2025-10-05 00:00:00,Aspect,Trine,Moon,Aquarius,"14°23'54.13""",Mars,Libra,"14°10'42.76""",120,120.2198,0.2198
2025-10-05 00:15:00,Aspect,Trine,Moon,Aquarius,"14°32'40.38""",Mars,Libra,"14°11'08.43""",120,120.3589,0.3589
2025-10-05 00:30:00,Aspect,Trine,Moon,Aquarius,"14°41'26.79""",Mars,Libra,"14°11'34.10""",120,120.498,0.498
2025-10-05 00:45:00,Aspect,Trine,Moon,Aquarius,"14°50'13.37""",Mars,Libra,"14°11'59.77""",120,120.6371,0.6371
2025-10-05 01:00:00,Aspect,Trine,Moon,Aquarius,"14°59'00.12""",Mars,Libra,"14°12'25.45""",120,120.7763,0.7763
2025-10-05 01:15:00,Aspect,Trine,Moon,Aquarius,"15°07'47.04""",Mars,Libra,"14°12'51.12""",120,120.9155,0.9155
2025-10-05 12:15:00,Aspect,Conjunction,Moon,Aquarius,"21°36'55.91""",Rahu,Aquarius,"22°36'02.19""",0,0.9851,0.9851
2025-10-05 12:15:00,Aspect,Opposition,Moon,Aquarius,"21°36'55.91""",Ketu,Leo,"22°36'02.19""",180,179.0149,0.9851
2025-10-05 12:30:00,Aspect,Conjunction,Moon,Aquarius,"21°45'50.24""",Rahu,Aquarius,"22°36'00.21""",0,0.8361,0.8361
2025-10-05 12:30:00,Aspect,Opposition,Moon,Aquarius,"21°45'50.24""",Ketu,Leo,"22°36'00.21""",180,179.1639,0.8361
2025-10-05 12:45:00,Aspect,Conjunction,Moon,Aquarius,"21°54'44.74""",Rahu,Aquarius,"22°35'58.22""",0,0.6871,0.6871
2025-10-05 12:45:00,Aspect,Opposition,Moon,Aquarius,"21°54'44.74""",Ketu,Leo,"22°35'58.22""",180,179.3129,0.6871
2025-10-05 13:00:00,Aspect,Conjunction,Moon,Aquarius,"22°03'39.39""",Rahu,Aquarius,"22°35'56.23""",0,0.538,0.538
2025-10-05 13:00:00,Aspect,Opposition,Moon,Aquarius,"22°03'39.39""",Ketu,Leo,"22°35'56.23""",180,179.462,0.538
2025-10-05 13:15:00,Aspect,Conjunction,Moon,Aquarius,"22°12'34.20""",Rahu,Aquarius,"22°35'54.25""",0,0.3889,0.3889
2025-10-05 13:15:00,Aspect,Opposition,Moon,Aquarius,"22°12'34.20""",Ketu,Leo,"22°35'54.25""",180,179.6111,0.3889
2025-10-05 13:30:00,Aspect,Conjunction,Moon,Aquarius,"22°21'29.17""",Rahu,Aquarius,"22°35'52.26""",0,0.2397,0.2397
2025-10-05 13:30:00,Aspect,Opposition,Moon,Aquarius,"22°21'29.17""",Ketu,Leo,"22°35'52.26""",180,179.7603,0.2397
2025-10-05 13:45:00,Aspect,Conjunction,Moon,Aquarius,"22°30'24.30""",Rahu,Aquarius,"22°35'50.27""",0,0.0905,0.0905
2025-10-05 13:45:00,Aspect,Opposition,Moon,Aquarius,"22°30'24.30""",Ketu,Leo,"22°35'50.27""",180,179.9095,0.0905
2025-10-05 14:00:00,Aspect,Conjunction,Moon,Aquarius,"22°39'19.59""",Rahu,Aquarius,"22°35'48.28""",0,0.0587,0.0587
2025-10-05 14:00:00,Aspect,Opposition,Moon,Aquarius,"22°39'19.59""",Ketu,Leo,"22°35'48.28""",180,179.9413,0.0587
2025-10-05 14:15:00,Aspect,Conjunction,Moon,Aquarius,"22°48'15.04""",Rahu,Aquarius,"22°35'46.30""",0,0.208,0.208
2025-10-05 14:15:00,Aspect,Opposition,Moon,Aquarius,"22°48'15.04""",Ketu,Leo,"22°35'46.30""",180,179.792,0.208
2025-10-05 14:30:00,Aspect,Conjunction,Moon,Aquarius,"22°57'10.65""",Rahu,Aquarius,"22°35'44.31""",0,0.3573,0.3573
2025-10-05 14:30:00,Aspect,Opposition,Moon,Aquarius,"22°57'10.65""",Ketu,Leo,"22°35'44.31""",180,179.6427,0.3573
2025-10-05 14:45:00,Aspect,Conjunction,Moon,Aquarius,"23°06'06.41""",Rahu,Aquarius,"22°35'42.32""",0,0.5067,0.5067
2025-10-05 14:45:00,Aspect,Opposition,Moon,Aquarius,"23°06'06.41""",Ketu,Leo,"22°35'42.32""",180,179.4933,0.5067
2025-10-05 15:00:00,Aspect,Conjunction,Moon,Aquarius,"23°15'02.34""",Rahu,Aquarius,"22°35'40.34""",0,0.6561,0.6561
2025-10-05 15:00:00,Aspect,Opposition,Moon,Aquarius,"23°15'02.34""",Ketu,Leo,"22°35'40.34""",180,179.3439,0.6561
2025-10-05 15:15:00,Aspect,Conjunction,Moon,Aquarius,"23°23'58.42""",Rahu,Aquarius,"22°35'38.35""",0,0.8056,0.8056
2025-10-05 15:15:00,Aspect,Opposition,Moon,Aquarius,"23°23'58.42""",Ketu,Leo,"22°35'38.35""",180,179.1944,0.8056
2025-10-05 15:30:00,Aspect,Conjunction,Moon,Aquarius,"23°32'54.66""",Rahu,Aquarius,"22°35'36.36""",0,0.9551,0.9551
2025-10-05 15:30:00,Aspect,Opposition,Moon,Aquarius,"23°32'54.66""",Ketu,Leo,"22°35'36.36""",180,179.0449,0.9551
2025-10-05 16:45:00,Aspect,Opposition,Moon,Aquarius,"24°17'38.22""",Venus,Leo,"25°17'03.74""",180,179.0096,0.9904
2025-10-05 17:00:00,Aspect,Opposition,Moon,Aquarius,"24°26'35.40""",Venus,Leo,"25°17'50.04""",180,179.1459,0.8541
2025-10-05 17:15:00,Aspect,Opposition,Moon,Aquarius,"24°35'32.73""",Venus,Leo,"25°18'36.33""",180,179.2823,0.7177
2025-10-05 17:30:00,Aspect,Opposition,Moon,Aquarius,"24°44'30.22""",Venus,Leo,"25°19'22.62""",180,179.4188,0.5812
2025-10-05 17:45:00,Aspect,Opposition,Moon,Aquarius,"24°53'27.87""",Venus,Leo,"25°20'08.92""",180,179.5553,0.4447
2025-10-05 18:00:00,Aspect,Opposition,Moon,Aquarius,"25°02'25.67""",Venus,Leo,"25°20'55.21""",180,179.6918,0.3082
2025-10-05 18:15:00,Aspect,Opposition,Moon,Aquarius,"25°11'23.63""",Venus,Leo,"25°21'41.50""",180,179.8284,0.1716
2025-10-05 18:30:00,Aspect,Opposition,Moon,Aquarius,"25°20'21.74""",Venus,Leo,"25°22'27.80""",180,179.965,0.035
2025-10-05 18:45:00,Aspect,Opposition,Moon,Aquarius,"25°29'20.01""",Venus,Leo,"25°23'14.09""",180,179.8984,0.1016
2025-10-05 19:00:00,Aspect,Opposition,Moon,Aquarius,"25°38'18.43""",Venus,Leo,"25°24'00.39""",180,179.7617,0.2383
2025-10-05 19:15:00,Aspect,Opposition,Moon,Aquarius,"25°47'17.01""",Venus,Leo,"25°24'46.69""",180,179.6249,0.3751
2025-10-05 19:30:00,Aspect,Opposition,Moon,Aquarius,"25°56'15.73""",Venus,Leo,"25°25'32.98""",180,179.4881,0.5119
2025-10-05 19:45:00,Aspect,Opposition,Moon,Aquarius,"26°05'14.61""",Venus,Leo,"25°26'19.28""",180,179.3513,0.6487
2025-10-05 20:00:00,Aspect,Opposition,Moon,Aquarius,"26°14'13.65""",Venus,Leo,"25°27'05.57""",180,179.2144,0.7856
2025-10-05 20:15:00,Aspect,Opposition,Moon,Aquarius,"26°23'12.83""",Venus,Leo,"25°27'51.87""",180,179.0775,0.9225
2025-10-05 22:45:00,Aspect,Trine,Moon,Aquarius,"27°53'13.03""",Jupiter,Gemini,"28°47'15.01""",120,120.9006,0.9006
2025-10-05 23:00:00,Aspect,Trine,Moon,Aquarius,"28°02'13.88""",Jupiter,Gemini,"28°47'19.16""",120,120.7515,0.7515
2025-10-05 23:15:00,Aspect,Trine,Moon,Aquarius,"28°11'14.88""",Jupiter,Gemini,"28°47'23.31""",120,120.6023,0.6023
2025-10-05 23:30:00,Aspect,Trine,Moon,Aquarius,"28°20'16.02""",Jupiter,Gemini,"28°47'27.46""",120,120.4532,0.4532
2025-10-05 23:45:00,Aspect,Trine,Moon,Aquarius,"28°29'17.31""",Jupiter,Gemini,"28°47'31.61""",120,120.304,0.304
2025-10-06 00:00:00,Aspect,Trine,Moon,Aquarius,"28°38'18.76""",Jupiter,Gemini,"28°47'35.75""",120,120.1547,0.1547
2025-10-06 00:15:00,Aspect,Trine,Moon,Aquarius,"28°47'20.35""",Jupiter,Gemini,"28°47'39.90""",120,120.0054,0.0054
2025-10-06 00:30:00,Aspect,Trine,Moon,Aquarius,"28°56'22.08""",Jupiter,Gemini,"28°47'44.04""",120,119.8561,0.1439
2025-10-06 00:45:00,Aspect,Trine,Moon,Aquarius,"29°05'23.97""",Jupiter,Gemini,"28°47'48.19""",120,119.7067,0.2933
2025-10-06 01:00:00,Aspect,Trine,Moon,Aquarius,"29°14'26.00""",Jupiter,Gemini,"28°47'52.33""",120,119.5573,0.4427
2025-10-06 01:15:00,Aspect,Trine,Moon,Aquarius,"29°23'28.18""",Jupiter,Gemini,"28°47'56.47""",120,119.4079,0.5921
2025-10-06 01:30:00,Aspect,Trine,Moon,Aquarius,"29°32'30.50""",Jupiter,Gemini,"28°48'00.61""",120,119.2584,0.7416
2025-10-06 01:45:00,Aspect,Trine,Moon,Aquarius,"29°41'32.97""",Jupiter,Gemini,"28°48'04.75""",120,119.1088,0.8912
2025-10-06 06:00:00,Aspect,Conjunction,Moon,Pisces,"2°15'36.96""",Saturn,Pisces,"3°10'15.70""",0,0.9108,0.9108
2025-10-06 06:15:00,Aspect,Conjunction,Moon,Pisces,"2°24'42.00""",Saturn,Pisces,"3°10'12.96""",0,0.7586,0.7586
2025-10-06 06:30:00,Aspect,Conjunction,Moon,Pisces,"2°33'47.18""",Saturn,Pisces,"3°10'10.22""",0,0.6064,0.6064
2025-10-06 06:45:00,Aspect,Conjunction,Moon,Pisces,"2°42'52.50""",Saturn,Pisces,"3°10'07.47""",0,0.4542,0.4542
2025-10-06 07:00:00,Aspect,Conjunction,Moon,Pisces,"2°51'57.96""",Saturn,Pisces,"3°10'04.73""",0,0.3019,0.3019
2025-10-06 07:15:00,Aspect,Conjunction,Moon,Pisces,"3°01'03.55""",Saturn,Pisces,"3°10'01.99""",0,0.1496,0.1496
2025-10-06 07:30:00,Aspect,Conjunction,Moon,Pisces,"3°10'09.28""",Saturn,Pisces,"3°09'59.25""",0,0.0028,0.0028
2025-10-06 07:45:00,Aspect,Conjunction,Moon,Pisces,"3°19'15.15""",Saturn,Pisces,"3°09'56.51""",0,0.1552,0.1552
2025-10-06 08:00:00,Aspect,Conjunction,Moon,Pisces,"3°28'21.16""",Saturn,Pisces,"3°09'53.77""",0,0.3076,0.3076
2025-10-06 08:15:00,Aspect,Conjunction,Moon,Pisces,"3°37'27.31""",Saturn,Pisces,"3°09'51.03""",0,0.4601,0.4601
2025-10-06 08:30:00,Aspect,Conjunction,Moon,Pisces,"3°46'33.59""",Saturn,Pisces,"3°09'48.29""",0,0.6126,0.6126
2025-10-06 08:45:00,Aspect,Conjunction,Moon,Pisces,"3°55'40.00""",Saturn,Pisces,"3°09'45.55""",0,0.7651,0.7651
2025-10-06 09:00:00,Aspect,Conjunction,Moon,Pisces,"4°04'46.56""",Saturn,Pisces,"3°09'42.81""",0,0.9177,0.9177
2025-10-07 09:15:00,Aspect,Opposition,Sun,Virgo,"19°51'36.58""",Moon,Pisces,"18°58'00.13""",180,179.1065,0.8935
2025-10-07 09:30:00,Aspect,Opposition,Sun,Virgo,"19°52'13.55""",Moon,Pisces,"19°07'17.84""",180,179.2512,0.7488
2025-10-07 09:45:00,Aspect,Opposition,Sun,Virgo,"19°52'50.53""",Moon,Pisces,"19°16'35.64""",180,179.3959,0.6041
2025-10-07 10:00:00,Aspect,Opposition,Sun,Virgo,"19°53'27.50""",Moon,Pisces,"19°25'53.53""",180,179.5406,0.4594
2025-10-07 10:15:00,Aspect,Opposition,Sun,Virgo,"19°54'04.48""",Moon,Pisces,"19°35'11.51""",180,179.6853,0.3147
2025-10-07 10:30:00,Aspect,Opposition,Sun,Virgo,"19°54'41.45""",Moon,Pisces,"19°44'29.57""",180,179.83,0.17
2025-10-07 10:45:00,Aspect,Opposition,Sun,Virgo,"19°55'18.43""",Moon,Pisces,"19°53'47.72""",180,179.9748,0.0252
2025-10-07 11:00:00,Aspect,Opposition,Sun,Virgo,"19°55'55.41""",Moon,Pisces,"20°03'05.96""",180,179.8804,0.1196
2025-10-07 11:15:00,Aspect,Opposition,Sun,Virgo,"19°56'32.38""",Moon,Pisces,"20°12'24.29""",180,179.7356,0.2644
2025-10-07 11:30:00,Aspect,Opposition,Sun,Virgo,"19°57'09.36""",Moon,Pisces,"20°21'42.70""",180,179.5907,0.4093
2025-10-07 11:45:00,Aspect,Opposition,Sun,Virgo,"19°57'46.34""",Moon,Pisces,"20°31'01.19""",180,179.4459,0.5541
2025-10-07 12:00:00,Aspect,Opposition,Sun,Virgo,"19°58'23.31""",Moon,Pisces,"20°40'19.77""",180,179.301,0.699
2025-10-07 12:15:00,Aspect,Opposition,Sun,Virgo,"19°59'00.29""",Moon,Pisces,"20°49'38.44""",180,179.1561,0.8439
2025-10-07 12:30:00,Aspect,Opposition,Sun,Virgo,"19°59'37.27""",Moon,Pisces,"20°58'57.18""",180,179.0111,0.9889
2025-10-07 21:30:00,Aspect,Sextile,Venus,Leo,"27°59'58.08""",Jupiter,Gemini,"28°59'53.99""",60,59.0011,0.9989
2025-10-07 21:45:00,Aspect,Sextile,Venus,Leo,"28°00'44.44""",Jupiter,Gemini,"28°59'57.96""",60,59.0129,0.9871
2025-10-07 22:00:00,Aspect,Sextile,Venus,Leo,"28°01'30.79""",Jupiter,Gemini,"29°00'01.92""",60,59.0247,0.9753
2025-10-07 22:15:00,Aspect,Sextile,Venus,Leo,"28°02'17.15""",Jupiter,Gemini,"29°00'05.89""",60,59.0365,0.9635
2025-10-07 22:30:00,Aspect,Sextile,Venus,Leo,"28°03'03.50""",Jupiter,Gemini,"29°00'09.85""",60,59.0482,0.9518
2025-10-07 22:45:00,Aspect,Sextile,Venus,Leo,"28°03'49.86""",Jupiter,Gemini,"29°00'13.81""",60,59.06,0.94
2025-10-07 23:00:00,Aspect,Sextile,Venus,Leo,"28°04'36.22""",Jupiter,Gemini,"29°00'17.77""",60,59.0718,0.9282
2025-10-07 23:15:00,Aspect,Sextile,Venus,Leo,"28°05'22.57""",Jupiter,Gemini,"29°00'21.73""",60,59.0836,0.9164
2025-10-07 23:30:00,Aspect,Sextile,Venus,Leo,"28°06'08.93""",Jupiter,Gemini,"29°00'25.69""",60,59.0953,0.9047
2025-10-07 23:45:00,Aspect,Sextile,Venus,Leo,"28°06'55.29""",Jupiter,Gemini,"29°00'29.65""",60,59.1071,0.8929
2025-10-08 00:00:00,Aspect,Square,Moon,Pisces,"28°08'39.62""",Jupiter,Gemini,"29°00'33.61""",90,90.865,0.865
2025-10-08 00:00:00,Aspect,Sextile,Venus,Leo,"28°07'41.65""",Jupiter,Gemini,"29°00'33.61""",60,59.1189,0.8811
2025-10-08 00:15:00,Aspect,Square,Moon,Pisces,"28°18'01.63""",Jupiter,Gemini,"29°00'37.56""",90,90.71,0.71
2025-10-08 00:15:00,Aspect,Sextile,Venus,Leo,"28°08'28.00""",Jupiter,Gemini,"29°00'37.56""",60,59.1307,0.8693
2025-10-08 00:30:00,Aspect,Square,Moon,Pisces,"28°27'23.69""",Jupiter,Gemini,"29°00'41.52""",90,90.555,0.555
2025-10-08 00:30:00,Aspect,Sextile,Venus,Leo,"28°09'14.36""",Jupiter,Gemini,"29°00'41.52""",60,59.1425,0.8575
2025-10-08 00:45:00,Aspect,Square,Moon,Pisces,"28°36'45.81""",Jupiter,Gemini,"29°00'45.47""",90,90.3999,0.3999
2025-10-08 00:45:00,Aspect,Sextile,Venus,Leo,"28°10'00.72""",Jupiter,Gemini,"29°00'45.47""",60,59.1542,0.8458
2025-10-08 01:00:00,Aspect,Square,Moon,Pisces,"28°46'07.98""",Jupiter,Gemini,"29°00'49.42""",90,90.2448,0.2448
2025-10-08 01:00:00,Aspect,Sextile,Venus,Leo,"28°10'47.08""",Jupiter,Gemini,"29°00'49.42""",60,59.166,0.834
2025-10-08 01:15:00,Aspect,Square,Moon,Pisces,"28°55'30.21""",Jupiter,Gemini,"29°00'53.38""",90,90.0898,0.0898
2025-10-08 01:15:00,Aspect,Sextile,Venus,Leo,"28°11'33.44""",Jupiter,Gemini,"29°00'53.38""",60,59.1778,0.8222
2025-10-08 01:30:00,Aspect,Square,Moon,Pisces,"29°04'52.49""",Jupiter,Gemini,"29°00'57.33""",90,89.9347,0.0653
2025-10-08 01:30:00,Aspect,Sextile,Venus,Leo,"28°12'19.80""",Jupiter,Gemini,"29°00'57.33""",60,59.1896,0.8104
2025-10-08 01:45:00,Aspect,Square,Moon,Pisces,"29°14'14.82""",Jupiter,Gemini,"29°01'01.28""",90,89.7796,0.2204
2025-10-08 01:45:00,Aspect,Sextile,Venus,Leo,"28°13'06.16""",Jupiter,Gemini,"29°01'01.28""",60,59.2014,0.7986
2025-10-08 02:00:00,Aspect,Square,Moon,Pisces,"29°23'37.20""",Jupiter,Gemini,"29°01'05.23""",90,89.6245,0.3755
2025-10-08 02:00:00,Aspect,Sextile,Venus,Leo,"28°13'52.52""",Jupiter,Gemini,"29°01'05.23""",60,59.2131,0.7869
2025-10-08 02:15:00,Aspect,Square,Moon,Pisces,"29°32'59.63""",Jupiter,Gemini,"29°01'09.17""",90,89.4693,0.5307
2025-10-08 02:15:00,Aspect,Sextile,Venus,Leo,"28°14'38.88""",Jupiter,Gemini,"29°01'09.17""",60,59.2249,0.7751
2025-10-08 02:30:00,Aspect,Square,Moon,Pisces,"29°42'22.12""",Jupiter,Gemini,"29°01'13.12""",90,89.3142,0.6858
2025-10-08 02:30:00,Aspect,Sextile,Venus,Leo,"28°15'25.24""",Jupiter,Gemini,"29°01'13.12""",60,59.2367,0.7633
2025-10-08 02:45:00,Aspect,Square,Moon,Pisces,"29°51'44.65""",Jupiter,Gemini,"29°01'17.07""",90,89.159,0.841
2025-10-08 02:45:00,Aspect,Sextile,Venus,Leo,"28°16'11.60""",Jupiter,Gemini,"29°01'17.07""",60,59.2485,0.7515
2025-10-08 03:00:00,Aspect,Square,Moon,Aries,"0°01'07.23""",Jupiter,Gemini,"29°01'21.01""",90,89.0038,0.9962
2025-10-08 03:00:00,Aspect,Sextile,Venus,Leo,"28°16'57.96""",Jupiter,Gemini,"29°01'21.01""",60,59.2603,0.7397
2025-10-08 03:15:00,Aspect,Sextile,Venus,Leo,"28°17'44.32""",Jupiter,Gemini,"29°01'24.96""",60,59.272,0.728
2025-10-08 03:30:00,Aspect,Sextile,Venus,Leo,"28°18'30.69""",Jupiter,Gemini,"29°01'28.90""",60,59.2838,0.7162
2025-10-08 03:45:00,Aspect,Sextile,Venus,Leo,"28°19'17.05""",Jupiter,Gemini,"29°01'32.84""",60,59.2956,0.7044
2025-10-08 04:00:00,Aspect,Sextile,Venus,Leo,"28°20'03.41""",Jupiter,Gemini,"29°01'36.78""",60,59.3074,0.6926
2025-10-08 04:15:00,Aspect,Sextile,Venus,Leo,"28°20'49.77""",Jupiter,Gemini,"29°01'40.72""",60,59.3192,0.6808
2025-10-08 04:30:00,Aspect,Sextile,Venus,Leo,"28°21'36.14""",Jupiter,Gemini,"29°01'44.66""",60,59.331,0.669
2025-10-08 04:45:00,Aspect,Sextile,Venus,Leo,"28°22'22.50""",Jupiter,Gemini,"29°01'48.60""",60,59.3428,0.6572
2025-10-08 05:00:00,Aspect,Sextile,Venus,Leo,"28°23'08.86""",Jupiter,Gemini,"29°01'52.54""",60,59.3545,0.6455
2025-10-08 05:15:00,Aspect,Sextile,Venus,Leo,"28°23'55.23""",Jupiter,Gemini,"29°01'56.47""",60,59.3663,0.6337
2025-10-08 05:30:00,Aspect,Sextile,Venus,Leo,"28°24'41.59""",Jupiter,Gemini,"29°02'00.41""",60,59.3781,0.6219
2025-10-08 05:45:00,Aspect,Sextile,Venus,Leo,"28°25'27.96""",Jupiter,Gemini,"29°02'04.34""",60,59.3899,0.6101
2025-10-08 06:00:00,Aspect,Sextile,Venus,Leo,"28°26'14.32""",Jupiter,Gemini,"29°02'08.27""",60,59.4017,0.5983
2025-10-08 06:15:00,Aspect,Sextile,Venus,Leo,"28°27'00.69""",Jupiter,Gemini,"29°02'12.21""",60,59.4135,0.5865
2025-10-08 06:30:00,Aspect,Sextile,Venus,Leo,"28°27'47.05""",Jupiter,Gemini,"29°02'16.14""",60,59.4253,0.5747
2025-10-08 06:45:00,Aspect,Sextile,Venus,Leo,"28°28'33.42""",Jupiter,Gemini,"29°02'20.07""",60,59.437,0.563
2025-10-08 07:00:00,Aspect,Sextile,Venus,Leo,"28°29'19.78""",Jupiter,Gemini,"29°02'24.00""",60,59.4488,0.5512
2025-10-08 07:15:00,Aspect,Sextile,Venus,Leo,"28°30'06.15""",Jupiter,Gemini,"29°02'27.93""",60,59.4606,0.5394
2025-10-08 07:30:00,Aspect,Sextile,Venus,Leo,"28°30'52.52""",Jupiter,Gemini,"29°02'31.85""",60,59.4724,0.5276
2025-10-08 07:45:00,Aspect,Sextile,Venus,Leo,"28°31'38.88""",Jupiter,Gemini,"29°02'35.78""",60,59.4842,0.5158
2025-10-08 08:00:00,Aspect,Sextile,Venus,Leo,"28°32'25.25""",Jupiter,Gemini,"29°02'39.70""",60,59.496,0.504
2025-10-08 08:15:00,Aspect,Sextile,Venus,Leo,"28°33'11.62""",Jupiter,Gemini,"29°02'43.63""",60,59.5078,0.4922
2025-10-08 08:30:00,Aspect,Sextile,Venus,Leo,"28°33'57.99""",Jupiter,Gemini,"29°02'47.55""",60,59.5196,0.4804
2025-10-08 08:45:00,Aspect,Sextile,Venus,Leo,"28°34'44.36""",Jupiter,Gemini,"29°02'51.47""",60,59.5314,0.4686
2025-10-08 09:00:00,Aspect,Sextile,Venus,Leo,"28°35'30.72""",Jupiter,Gemini,"29°02'55.39""",60,59.5431,0.4569
2025-10-08 09:15:00,Aspect,Sextile,Venus,Leo,"28°36'17.09""",Jupiter,Gemini,"29°02'59.31""",60,59.5549,0.4451
2025-10-08 09:30:00,Aspect,Sextile,Venus,Leo,"28°37'03.46""",Jupiter,Gemini,"29°03'03.23""",60,59.5667,0.4333
2025-10-08 09:45:00,Aspect,Sextile,Venus,Leo,"28°37'49.83""",Jupiter,Gemini,"29°03'07.15""",60,59.5785,0.4215
2025-10-08 10:00:00,Aspect,Sextile,Venus,Leo,"28°38'36.20""",Jupiter,Gemini,"29°03'11.07""",60,59.5903,0.4097
2025-10-08 10:15:00,Aspect,Sextile,Venus,Leo,"28°39'22.57""",Jupiter,Gemini,"29°03'14.98""",60,59.6021,0.3979
2025-10-08 10:30:00,Aspect,Sextile,Venus,Leo,"28°40'08.94""",Jupiter,Gemini,"29°03'18.90""",60,59.6139,0.3861
2025-10-08 10:45:00,Aspect,Sextile,Venus,Leo,"28°40'55.31""",Jupiter,Gemini,"29°03'22.81""",60,59.6257,0.3743
2025-10-08 11:00:00,Aspect,Sextile,Venus,Leo,"28°41'41.68""",Jupiter,Gemini,"29°03'26.73""",60,59.6375,0.3625
2025-10-08 11:15:00,Aspect,Sextile,Venus,Leo,"28°42'28.05""",Jupiter,Gemini,"29°03'30.64""",60,59.6493,0.3507
2025-10-08 11:30:00,Aspect,Sextile,Venus,Leo,"28°43'14.42""",Jupiter,Gemini,"29°03'34.55""",60,59.6611,0.3389
2025-10-08 11:45:00,Aspect,Sextile,Venus,Leo,"28°44'00.80""",Jupiter,Gemini,"29°03'38.46""",60,59.6729,0.3271
2025-10-08 12:00:00,Aspect,Sextile,Venus,Leo,"28°44'47.17""",Jupiter,Gemini,"29°03'42.37""",60,59.6847,0.3153
2025-10-08 12:15:00,Aspect,Sextile,Venus,Leo,"28°45'33.54""",Jupiter,Gemini,"29°03'46.28""",60,59.6965,0.3035
2025-10-08 12:30:00,Aspect,Sextile,Venus,Leo,"28°46'19.91""",Jupiter,Gemini,"29°03'50.18""",60,59.7083,0.2917
2025-10-08 12:45:00,Aspect,Sextile,Venus,Leo,"28°47'06.29""",Jupiter,Gemini,"29°03'54.09""",60,59.7201,0.2799
2025-10-08 13:00:00,Aspect,Sextile,Venus,Leo,"28°47'52.66""",Jupiter,Gemini,"29°03'57.99""",60,59.7319,0.2681
2025-10-08 13:15:00,Aspect,Sextile,Venus,Leo,"28°48'39.03""",Jupiter,Gemini,"29°04'01.90""",60,59.7436,0.2564
2025-10-08 13:30:00,Aspect,Sextile,Venus,Leo,"28°49'25.41""",Jupiter,Gemini,"29°04'05.80""",60,59.7554,0.2446
2025-10-08 13:45:00,Aspect,Sextile,Venus,Leo,"28°50'11.78""",Jupiter,Gemini,"29°04'09.70""",60,59.7672,0.2328
2025-10-08 14:00:00,Aspect,Sextile,Venus,Leo,"28°50'58.15""",Jupiter,Gemini,"29°04'13.60""",60,59.779,0.221
2025-10-08 14:15:00,Aspect,Sextile,Venus,Leo,"28°51'44.53""",Jupiter,Gemini,"29°04'17.50""",60,59.7908,0.2092
2025-10-08 14:30:00,Aspect,Opposition,Moon,Aries,"7°13'08.33""",Mercury,Libra,"8°12'17.21""",180,179.0142,0.9858
2025-10-08 14:30:00,Aspect,Sextile,Venus,Leo,"28°52'30.90""",Jupiter,Gemini,"29°04'21.40""",60,59.8026,0.1974
2025-10-08 14:45:00,Aspect,Opposition,Moon,Aries,"7°22'32.51""",Mercury,Libra,"8°13'12.97""",180,179.1554,0.8446
2025-10-08 14:45:00,Aspect,Sextile,Venus,Leo,"28°53'17.28""",Jupiter,Gemini,"29°04'25.30""",60,59.8144,0.1856
2025-10-08 15:00:00,Aspect,Opposition,Moon,Aries,"7°31'56.72""",Mercury,Libra,"8°14'08.72""",180,179.2967,0.7033
2025-10-08 15:00:00,Aspect,Sextile,Venus,Leo,"28°54'03.65""",Jupiter,Gemini,"29°04'29.20""",60,59.8262,0.1738
2025-10-08 15:15:00,Aspect,Opposition,Moon,Aries,"7°41'20.94""",Mercury,Libra,"8°15'04.46""",180,179.4379,0.5621
2025-10-08 15:15:00,Aspect,Sextile,Venus,Leo,"28°54'50.03""",Jupiter,Gemini,"29°04'33.09""",60,59.838,0.162
2025-10-08 15:30:00,Aspect,Opposition,Moon,Aries,"7°50'45.18""",Mercury,Libra,"8°16'00.20""",180,179.5792,0.4208
2025-10-08 15:30:00,Aspect,Sextile,Venus,Leo,"28°55'36.41""",Jupiter,Gemini,"29°04'36.99""",60,59.8498,0.1502
2025-10-08 15:45:00,Aspect,Opposition,Moon,Aries,"8°00'09.44""",Mercury,Libra,"8°16'55.93""",180,179.7204,0.2796
2025-10-08 15:45:00,Aspect,Sextile,Venus,Leo,"28°56'22.78""",Jupiter,Gemini,"29°04'40.88""",60,59.8616,0.1384
2025-10-08 16:00:00,Aspect,Opposition,Moon,Aries,"8°09'33.72""",Mercury,Libra,"8°17'51.66""",180,179.8617,0.1383
2025-10-08 16:00:00,Aspect,Sextile,Venus,Leo,"28°57'09.16""",Jupiter,Gemini,"29°04'44.78""",60,59.8734,0.1266
2025-10-08 16:15:00,Aspect,Opposition,Moon,Aries,"8°18'58.01""",Mercury,Libra,"8°18'47.38""",180,179.997,0.003
2025-10-08 16:15:00,Aspect,Sextile,Venus,Leo,"28°57'55.54""",Jupiter,Gemini,"29°04'48.67""",60,59.8852,0.1148
2025-10-08 16:30:00,Aspect,Opposition,Moon,Aries,"8°28'22.32""",Mercury,Libra,"8°19'43.10""",180,179.8558,0.1442
2025-10-08 16:30:00,Aspect,Sextile,Venus,Leo,"28°58'41.91""",Jupiter,Gemini,"29°04'52.56""",60,59.897,0.103
2025-10-08 16:45:00,Aspect,Opposition,Moon,Aries,"8°37'46.64""",Mercury,Libra,"8°20'38.81""",180,179.7145,0.2855
2025-10-08 16:45:00,Aspect,Sextile,Venus,Leo,"28°59'28.29""",Jupiter,Gemini,"29°04'56.45""",60,59.9088,0.0912
2025-10-08 17:00:00,Aspect,Opposition,Moon,Aries,"8°47'10.97""",Mercury,Libra,"8°21'34.52""",180,179.5732,0.4268
2025-10-08 17:00:00,Aspect,Sextile,Venus,Leo,"29°00'14.67""",Jupiter,Gemini,"29°05'00.34""",60,59.9206,0.0794
2025-10-08 17:15:00,Aspect,Opposition,Moon,Aries,"8°56'35.32""",Mercury,Libra,"8°22'30.22""",180,179.4319,0.5681
2025-10-08 17:15:00,Aspect,Sextile,Venus,Leo,"29°01'01.05""",Jupiter,Gemini,"29°05'04.23""",60,59.9325,0.0675
2025-10-08 17:30:00,Aspect,Opposition,Moon,Aries,"9°05'59.68""",Mercury,Libra,"8°23'25.91""",180,179.2906,0.7094
2025-10-08 17:30:00,Aspect,Sextile,Venus,Leo,"29°01'47.42""",Jupiter,Gemini,"29°05'08.11""",60,59.9443,0.0557
2025-10-08 17:45:00,Aspect,Opposition,Moon,Aries,"9°15'24.05""",Mercury,Libra,"8°24'21.60""",180,179.1493,0.8507
2025-10-08 17:45:00,Aspect,Sextile,Venus,Leo,"29°02'33.80""",Jupiter,Gemini,"29°05'12.00""",60,59.9561,0.0439
2025-10-08 18:00:00,Aspect,Opposition,Moon,Aries,"9°24'48.44""",Mercury,Libra,"8°25'17.29""",180,179.008,0.992
2025-10-08 18:00:00,Aspect,Sextile,Venus,Leo,"29°03'20.18""",Jupiter,Gemini,"29°05'15.88""",60,59.9679,0.0321
2025-10-08 18:15:00,Aspect,Sextile,Venus,Leo,"29°04'06.56""",Jupiter,Gemini,"29°05'19.77""",60,59.9797,0.0203
2025-10-08 18:30:00,Aspect,Sextile,Venus,Leo,"29°04'52.94""",Jupiter,Gemini,"29°05'23.65""",60,59.9915,0.0085
2025-10-08 18:45:00,Aspect,Sextile,Venus,Leo,"29°05'39.32""",Jupiter,Gemini,"29°05'27.53""",60,60.0033,0.0033
2025-10-08 19:00:00,Aspect,Sextile,Venus,Leo,"29°06'25.70""",Jupiter,Gemini,"29°05'31.41""",60,60.0151,0.0151
2025-10-08 19:15:00,Aspect,Sextile,Venus,Leo,"29°07'12.08""",Jupiter,Gemini,"29°05'35.29""",60,60.0269,0.0269
2025-10-08 19:30:00,Aspect,Sextile,Venus,Leo,"29°07'58.46""",Jupiter,Gemini,"29°05'39.17""",60,60.0387,0.0387
2025-10-08 19:45:00,Aspect,Sextile,Venus,Leo,"29°08'44.84""",Jupiter,Gemini,"29°05'43.05""",60,60.0505,0.0505
2025-10-08 20:00:00,Aspect,Sextile,Venus,Leo,"29°09'31.23""",Jupiter,Gemini,"29°05'46.93""",60,60.0623,0.0623
2025-10-08 20:15:00,Aspect,Sextile,Venus,Leo,"29°10'17.61""",Jupiter,Gemini,"29°05'50.80""",60,60.0741,0.0741
2025-10-08 20:30:00,Aspect,Sextile,Venus,Leo,"29°11'03.99""",Jupiter,Gemini,"29°05'54.68""",60,60.0859,0.0859
2025-10-08 20:45:00,Aspect,Sextile,Venus,Leo,"29°11'50.37""",Jupiter,Gemini,"29°05'58.55""",60,60.0977,0.0977
2025-10-08 21:00:00,Aspect,Sextile,Venus,Leo,"29°12'36.75""",Jupiter,Gemini,"29°06'02.42""",60,60.1095,0.1095
2025-10-08 21:15:00,Aspect,Sextile,Venus,Leo,"29°13'23.14""",Jupiter,Gemini,"29°06'06.30""",60,60.1213,0.1213
2025-10-08 21:30:00,Aspect,Sextile,Venus,Leo,"29°14'09.52""",Jupiter,Gemini,"29°06'10.17""",60,60.1332,0.1332
2025-10-08 21:45:00,Aspect,Sextile,Venus,Leo,"29°14'55.90""",Jupiter,Gemini,"29°06'14.04""",60,60.145,0.145
2025-10-08 22:00:00,Aspect,Sextile,Venus,Leo,"29°15'42.29""",Jupiter,Gemini,"29°06'17.91""",60,60.1568,0.1568
2025-10-08 22:15:00,Aspect,Sextile,Venus,Leo,"29°16'28.67""",Jupiter,Gemini,"29°06'21.77""",60,60.1686,0.1686
2025-10-08 22:30:00,Aspect,Sextile,Venus,Leo,"29°17'15.06""",Jupiter,Gemini,"29°06'25.64""",60,60.1804,0.1804
2025-10-08 22:45:00,Aspect,Sextile,Venus,Leo,"29°18'01.44""",Jupiter,Gemini,"29°06'29.51""",60,60.1922,0.1922
2025-10-08 23:00:00,Aspect,Sextile,Venus,Leo,"29°18'47.82""",Jupiter,Gemini,"29°06'33.37""",60,60.204,0.204
2025-10-08 23:15:00,Aspect,Sextile,Venus,Leo,"29°19'34.21""",Jupiter,Gemini,"29°06'37.23""",60,60.2158,0.2158
2025-10-08 23:30:00,Aspect,Sextile,Venus,Leo,"29°20'20.60""",Jupiter,Gemini,"29°06'41.10""",60,60.2276,0.2276
2025-10-08 23:45:00,Aspect,Sextile,Venus,Leo,"29°21'06.98""",Jupiter,Gemini,"29°06'44.96""",60,60.2395,0.2395
2025-10-09 00:00:00,Aspect,Sextile,Venus,Leo,"29°21'53.37""",Jupiter,Gemini,"29°06'48.82""",60,60.2513,0.2513
2025-10-09 00:15:00,Aspect,Sextile,Venus,Leo,"29°22'39.75""",Jupiter,Gemini,"29°06'52.68""",60,60.2631,0.2631
2025-10-09 00:30:00,Aspect,Sextile,Venus,Leo,"29°23'26.14""",Jupiter,Gemini,"29°06'56.54""",60,60.2749,0.2749
2025-10-09 00:45:00,Aspect,Sextile,Venus,Leo,"29°24'12.53""",Jupiter,Gemini,"29°07'00.40""",60,60.2867,0.2867
2025-10-09 01:00:00,Aspect,Sextile,Venus,Leo,"29°24'58.91""",Jupiter,Gemini,"29°07'04.25""",60,60.2985,0.2985
2025-10-09 01:15:00,Aspect,Sextile,Venus,Leo,"29°25'45.30""",Jupiter,Gemini,"29°07'08.11""",60,60.3103,0.3103
2025-10-09 01:30:00,Aspect,Sextile,Venus,Leo,"29°26'31.69""",Jupiter,Gemini,"29°07'11.96""",60,60.3221,0.3221
2025-10-09 01:45:00,Aspect,Sextile,Venus,Leo,"29°27'18.08""",Jupiter,Gemini,"29°07'15.82""",60,60.334,0.334
2025-10-09 02:00:00,Aspect,Sextile,Venus,Leo,"29°28'04.47""",Jupiter,Gemini,"29°07'19.67""",60,60.3458,0.3458
2025-10-09 02:15:00,Aspect,Sextile,Venus,Leo,"29°28'50.85""",Jupiter,Gemini,"29°07'23.52""",60,60.3576,0.3576
2025-10-09 02:30:00,Aspect,Sextile,Venus,Leo,"29°29'37.24""",Jupiter,Gemini,"29°07'27.37""",60,60.3694,0.3694
2025-10-09 02:45:00,Aspect,Sextile,Venus,Leo,"29°30'23.63""",Jupiter,Gemini,"29°07'31.22""",60,60.3812,0.3812
2025-10-09 03:00:00,Aspect,Sextile,Venus,Leo,"29°31'10.02""",Jupiter,Gemini,"29°07'35.07""",60,60.393,0.393
2025-10-09 03:15:00,Aspect,Sextile,Venus,Leo,"29°31'56.41""",Jupiter,Gemini,"29°07'38.92""",60,60.4049,0.4049
2025-10-09 03:30:00,Aspect,Sextile,Venus,Leo,"29°32'42.80""",Jupiter,Gemini,"29°07'42.77""",60,60.4167,0.4167
2025-10-09 03:45:00,Aspect,Sextile,Venus,Leo,"29°33'29.19""",Jupiter,Gemini,"29°07'46.61""",60,60.4285,0.4285
2025-10-09 04:00:00,Aspect,Sextile,Venus,Leo,"29°34'15.58""",Jupiter,Gemini,"29°07'50.46""",60,60.4403,0.4403
2025-10-09 04:15:00,Aspect,Sextile,Venus,Leo,"29°35'01.97""",Jupiter,Gemini,"29°07'54.30""",60,60.4521,0.4521
2025-10-09 04:30:00,Aspect,Sextile,Venus,Leo,"29°35'48.37""",Jupiter,Gemini,"29°07'58.14""",60,60.464,0.464
2025-10-09 04:45:00,Aspect,Opposition,Moon,Aries,"16°09'18.79""",Mars,Libra,"17°03'40.54""",180,179.094,0.906
2025-10-09 04:45:00,Aspect,Sextile,Venus,Leo,"29°36'34.76""",Jupiter,Gemini,"29°08'01.98""",60,60.4758,0.4758
2025-10-09 05:00:00,Aspect,Opposition,Moon,Aries,"16°18'43.05""",Mars,Libra,"17°04'06.38""",180,179.2435,0.7565
2025-10-09 05:00:00,Aspect,Sextile,Venus,Leo,"29°37'21.15""",Jupiter,Gemini,"29°08'05.82""",60,60.4876,0.4876
2025-10-09 05:15:00,Aspect,Opposition,Moon,Aries,"16°28'07.29""",Mars,Libra,"17°04'32.21""",180,179.3931,0.6069
2025-10-09 05:15:00,Aspect,Sextile,Venus,Leo,"29°38'07.54""",Jupiter,Gemini,"29°08'09.66""",60,60.4994,0.4994
2025-10-09 05:30:00,Aspect,Opposition,Moon,Aries,"16°37'31.52""",Mars,Libra,"17°04'58.04""",180,179.5426,0.4574
2025-10-09 05:30:00,Aspect,Sextile,Venus,Leo,"29°38'53.93""",Jupiter,Gemini,"29°08'13.50""",60,60.5112,0.5112
2025-10-09 05:45:00,Aspect,Opposition,Moon,Aries,"16°46'55.73""",Mars,Libra,"17°05'23.88""",180,179.6922,0.3078
2025-10-09 05:45:00,Aspect,Sextile,Venus,Leo,"29°39'40.33""",Jupiter,Gemini,"29°08'17.34""",60,60.5231,0.5231
2025-10-09 06:00:00,Aspect,Opposition,Moon,Aries,"16°56'19.92""",Mars,Libra,"17°05'49.71""",180,179.8417,0.1583
2025-10-09 06:00:00,Aspect,Sextile,Venus,Leo,"29°40'26.72""",Jupiter,Gemini,"29°08'21.18""",60,60.5349,0.5349
2025-10-09 06:15:00,Aspect,Opposition,Moon,Aries,"17°05'44.09""",Mars,Libra,"17°06'15.54""",180,179.9913,0.0087
2025-10-09 06:15:00,Aspect,Sextile,Venus,Leo,"29°41'13.11""",Jupiter,Gemini,"29°08'25.01""",60,60.5467,0.5467
2025-10-09 06:30:00,Aspect,Opposition,Moon,Aries,"17°15'08.24""",Mars,Libra,"17°06'41.38""",180,179.8592,0.1408
2025-10-09 06:30:00,Aspect,Sextile,Venus,Leo,"29°41'59.51""",Jupiter,Gemini,"29°08'28.85""",60,60.5585,0.5585
2025-10-09 06:45:00,Aspect,Opposition,Moon,Aries,"17°24'32.37""",Mars,Libra,"17°07'07.22""",180,179.7097,0.2903
2025-10-09 06:45:00,Aspect,Sextile,Venus,Leo,"29°42'45.90""",Jupiter,Gemini,"29°08'32.68""",60,60.5703,0.5703
2025-10-09 07:00:00,Aspect,Opposition,Moon,Aries,"17°33'56.48""",Mars,Libra,"17°07'33.05""",180,179.5602,0.4398
2025-10-09 07:00:00,Aspect,Sextile,Venus,Leo,"29°43'32.30""",Jupiter,Gemini,"29°08'36.51""",60,60.5822,0.5822
2025-10-09 07:15:00,Aspect,Opposition,Moon,Aries,"17°43'20.56""",Mars,Libra,"17°07'58.89""",180,179.4106,0.5894
2025-10-09 07:15:00,Aspect,Sextile,Venus,Leo,"29°44'18.69""",Jupiter,Gemini,"29°08'40.34""",60,60.594,0.594
2025-10-09 07:30:00,Aspect,Opposition,Moon,Aries,"17°52'44.63""",Mars,Libra,"17°08'24.72""",180,179.2611,0.7389
2025-10-09 07:30:00,Aspect,Sextile,Venus,Leo,"29°45'05.09""",Jupiter,Gemini,"29°08'44.18""",60,60.6058,0.6058
2025-10-09 07:45:00,Aspect,Opposition,Moon,Aries,"18°02'08.67""",Mars,Libra,"17°08'50.56""",180,179.1116,0.8884
2025-10-09 07:45:00,Aspect,Sextile,Venus,Leo,"29°45'51.48""",Jupiter,Gemini,"29°08'48.00""",60,60.6176,0.6176
2025-10-09 08:00:00,Aspect,Sextile,Venus,Leo,"29°46'37.88""",Jupiter,Gemini,"29°08'51.83""",60,60.6295,0.6295
2025-10-09 08:15:00,Aspect,Sextile,Venus,Leo,"29°47'24.27""",Jupiter,Gemini,"29°08'55.66""",60,60.6413,0.6413
2025-10-09 08:30:00,Aspect,Sextile,Venus,Leo,"29°48'10.67""",Jupiter,Gemini,"29°08'59.49""",60,60.6531,0.6531
2025-10-09 08:45:00,Aspect,Sextile,Venus,Leo,"29°48'57.06""",Jupiter,Gemini,"29°09'03.31""",60,60.6649,0.6649
2025-10-09 09:00:00,Aspect,Sextile,Venus,Leo,"29°49'43.46""",Jupiter,Gemini,"29°09'07.14""",60,60.6768,0.6768
2025-10-09 09:15:00,Aspect,Sextile,Venus,Leo,"29°50'29.86""",Jupiter,Gemini,"29°09'10.96""",60,60.6886,0.6886
2025-10-09 09:30:00,Aspect,Sextile,Venus,Leo,"29°51'16.25""",Jupiter,Gemini,"29°09'14.78""",60,60.7004,0.7004
2025-10-09 09:45:00,Aspect,Sextile,Venus,Leo,"29°52'02.65""",Jupiter,Gemini,"29°09'18.60""",60,60.7122,0.7122
2025-10-09 10:00:00,Aspect,Sextile,Venus,Leo,"29°52'49.05""",Jupiter,Gemini,"29°09'22.42""",60,60.7241,0.7241
2025-10-09 10:15:00,Aspect,Sextile,Venus,Leo,"29°53'35.45""",Jupiter,Gemini,"29°09'26.24""",60,60.7359,0.7359
2025-10-09 10:30:00,Aspect,Sextile,Venus,Leo,"29°54'21.85""",Jupiter,Gemini,"29°09'30.06""",60,60.7477,0.7477
2025-10-09 10:45:00,Aspect,Sextile,Venus,Leo,"29°55'08.25""",Jupiter,Gemini,"29°09'33.88""",60,60.7595,0.7595
2025-10-09 11:00:00,Aspect,Sextile,Venus,Leo,"29°55'54.64""",Jupiter,Gemini,"29°09'37.70""",60,60.7714,0.7714
2025-10-09 11:15:00,Aspect,Sextile,Venus,Leo,"29°56'41.04""",Jupiter,Gemini,"29°09'41.51""",60,60.7832,0.7832
2025-10-09 11:30:00,Aspect,Sextile,Venus,Leo,"29°57'27.44""",Jupiter,Gemini,"29°09'45.33""",60,60.795,0.795
2025-10-09 11:45:00,Aspect,Sextile,Venus,Leo,"29°58'13.84""",Jupiter,Gemini,"29°09'49.14""",60,60.8069,0.8069
2025-10-09 12:00:00,Aspect,Sextile,Venus,Leo,"29°59'00.24""",Jupiter,Gemini,"29°09'52.95""",60,60.8187,0.8187
2025-10-09 12:15:00,Aspect,Sextile,Venus,Leo,"29°59'46.64""",Jupiter,Gemini,"29°09'56.76""",60,60.8305,0.8305
2025-10-09 12:30:00,Aspect,Sextile,Venus,Virgo,"0°00'33.04""",Jupiter,Gemini,"29°10'00.57""",60,60.8424,0.8424
2025-10-09 12:45:00,Aspect,Sextile,Venus,Virgo,"0°01'19.45""",Jupiter,Gemini,"29°10'04.38""",60,60.8542,0.8542
2025-10-09 13:00:00,Aspect,Sextile,Venus,Virgo,"0°02'05.85""",Jupiter,Gemini,"29°10'08.19""",60,60.866,0.866
2025-10-09 13:15:00,Aspect,Sextile,Moon,Aries,"21°28'50.48""",Rahu,Aquarius,"22°23'11.16""",60,59.0943,0.9057
2025-10-09 13:15:00,Aspect,Trine,Moon,Aries,"21°28'50.48""",Ketu,Leo,"22°23'11.16""",120,120.9057,0.9057
2025-10-09 13:15:00,Aspect,Sextile,Venus,Virgo,"0°02'52.25""",Jupiter,Gemini,"29°10'12.00""",60,60.8778,0.8778
2025-10-09 13:30:00,Aspect,Sextile,Moon,Aries,"21°38'13.82""",Rahu,Aquarius,"22°23'09.17""",60,59.2513,0.7487
2025-10-09 13:30:00,Aspect,Trine,Moon,Aries,"21°38'13.82""",Ketu,Leo,"22°23'09.17""",120,120.7487,0.7487
2025-10-09 13:30:00,Aspect,Sextile,Venus,Virgo,"0°03'38.65""",Jupiter,Gemini,"29°10'15.80""",60,60.8897,0.8897
2025-10-09 13:45:00,Aspect,Sextile,Moon,Aries,"21°47'37.12""",Rahu,Aquarius,"22°23'07.19""",60,59.4083,0.5917
2025-10-09 13:45:00,Aspect,Trine,Moon,Aries,"21°47'37.12""",Ketu,Leo,"22°23'07.19""",120,120.5917,0.5917
2025-10-09 13:45:00,Aspect,Sextile,Venus,Virgo,"0°04'25.05""",Jupiter,Gemini,"29°10'19.61""",60,60.9015,0.9015
2025-10-09 14:00:00,Aspect,Sextile,Moon,Aries,"21°57'00.38""",Rahu,Aquarius,"22°23'05.20""",60,59.5653,0.4347
2025-10-09 14:00:00,Aspect,Trine,Moon,Aries,"21°57'00.38""",Ketu,Leo,"22°23'05.20""",120,120.4347,0.4347
2025-10-09 14:00:00,Aspect,Sextile,Venus,Virgo,"0°05'11.45""",Jupiter,Gemini,"29°10'23.41""",60,60.9133,0.9133
2025-10-09 14:15:00,Aspect,Sextile,Moon,Aries,"22°06'23.61""",Rahu,Aquarius,"22°23'03.21""",60,59.7223,0.2777
2025-10-09 14:15:00,Aspect,Trine,Moon,Aries,"22°06'23.61""",Ketu,Leo,"22°23'03.21""",120,120.2777,0.2777
2025-10-09 14:15:00,Aspect,Sextile,Venus,Virgo,"0°05'57.86""",Jupiter,Gemini,"29°10'27.22""",60,60.9252,0.9252
2025-10-09 14:30:00,Aspect,Sextile,Moon,Aries,"22°15'46.79""",Rahu,Aquarius,"22°23'01.23""",60,59.8793,0.1207
2025-10-09 14:30:00,Aspect,Trine,Moon,Aries,"22°15'46.79""",Ketu,Leo,"22°23'01.23""",120,120.1207,0.1207
2025-10-09 14:30:00,Aspect,Sextile,Venus,Virgo,"0°06'44.26""",Jupiter,Gemini,"29°10'31.02""",60,60.937,0.937
2025-10-09 14:45:00,Aspect,Sextile,Moon,Aries,"22°25'09.94""",Rahu,Aquarius,"22°22'59.24""",60,60.0363,0.0363
2025-10-09 14:45:00,Aspect,Trine,Moon,Aries,"22°25'09.94""",Ketu,Leo,"22°22'59.24""",120,119.9637,0.0363
2025-10-09 14:45:00,Aspect,Sextile,Venus,Virgo,"0°07'30.66""",Jupiter,Gemini,"29°10'34.82""",60,60.9488,0.9488
2025-10-09 15:00:00,Aspect,Sextile,Moon,Aries,"22°34'33.04""",Rahu,Aquarius,"22°22'57.25""",60,60.1933,0.1933
2025-10-09 15:00:00,Aspect,Trine,Moon,Aries,"22°34'33.04""",Ketu,Leo,"22°22'57.25""",120,119.8067,0.1933
2025-10-09 15:00:00,Aspect,Sextile,Venus,Virgo,"0°08'17.07""",Jupiter,Gemini,"29°10'38.62""",60,60.9607,0.9607
2025-10-09 15:15:00,Aspect,Sextile,Moon,Aries,"22°43'56.11""",Rahu,Aquarius,"22°22'55.26""",60,60.3502,0.3502
2025-10-09 15:15:00,Aspect,Trine,Moon,Aries,"22°43'56.11""",Ketu,Leo,"22°22'55.26""",120,119.6498,0.3502
2025-10-09 15:15:00,Aspect,Sextile,Venus,Virgo,"0°09'03.47""",Jupiter,Gemini,"29°10'42.42""",60,60.9725,0.9725
2025-10-09 15:30:00,Aspect,Sextile,Moon,Aries,"22°53'19.13""",Rahu,Aquarius,"22°22'53.28""",60,60.5072,0.5072
2025-10-09 15:30:00,Aspect,Trine,Moon,Aries,"22°53'19.13""",Ketu,Leo,"22°22'53.28""",120,119.4928,0.5072
2025-10-09 15:30:00,Aspect,Sextile,Venus,Virgo,"0°09'49.88""",Jupiter,Gemini,"29°10'46.22""",60,60.9843,0.9843
2025-10-09 15:45:00,Aspect,Sextile,Moon,Aries,"23°02'42.11""",Rahu,Aquarius,"22°22'51.29""",60,60.6641,0.6641
2025-10-09 15:45:00,Aspect,Trine,Moon,Aries,"23°02'42.11""",Ketu,Leo,"22°22'51.29""",120,119.3359,0.6641
2025-10-09 15:45:00,Aspect,Sextile,Venus,Virgo,"0°10'36.28""",Jupiter,Gemini,"29°10'50.01""",60,60.9962,0.9962
2025-10-09 16:00:00,Aspect,Sextile,Moon,Aries,"23°12'05.05""",Rahu,Aquarius,"22°22'49.30""",60,60.821,0.821
2025-10-09 16:00:00,Aspect,Trine,Moon,Aries,"23°12'05.05""",Ketu,Leo,"22°22'49.30""",120,119.179,0.821
2025-10-09 16:15:00,Aspect,Sextile,Moon,Aries,"23°21'27.94""",Rahu,Aquarius,"22°22'47.31""",60,60.978,0.978
2025-10-09 16:15:00,Aspect,Trine,Moon,Aries,"23°21'27.94""",Ketu,Leo,"22°22'47.31""",120,119.022,0.978
2025-10-10 00:15:00,Aspect,Sextile,Moon,Aries,"28°21'13.96""",Jupiter,Gemini,"29°12'58.51""",60,60.8624,0.8624
2025-10-10 00:30:00,Aspect,Sextile,Moon,Aries,"28°30'35.09""",Jupiter,Gemini,"29°13'02.27""",60,60.7076,0.7076
2025-10-10 00:45:00,Aspect,Sextile,Moon,Aries,"28°39'56.15""",Jupiter,Gemini,"29°13'06.03""",60,60.5527,0.5527
2025-10-10 01:00:00,Aspect,Sextile,Moon,Aries,"28°49'17.15""",Jupiter,Gemini,"29°13'09.79""",60,60.398,0.398
2025-10-10 01:15:00,Aspect,Sextile,Moon,Aries,"28°58'38.09""",Jupiter,Gemini,"29°13'13.55""",60,60.2432,0.2432
2025-10-10 01:30:00,Aspect,Sextile,Moon,Aries,"29°07'58.96""",Jupiter,Gemini,"29°13'17.31""",60,60.0884,0.0884
2025-10-10 01:45:00,Aspect,Sextile,Moon,Aries,"29°17'19.77""",Jupiter,Gemini,"29°13'21.06""",60,59.9337,0.0663
2025-10-10 02:00:00,Aspect,Sextile,Moon,Aries,"29°26'40.51""",Jupiter,Gemini,"29°13'24.82""",60,59.779,0.221
2025-10-10 02:15:00,Aspect,Sextile,Moon,Aries,"29°36'01.18""",Jupiter,Gemini,"29°13'28.57""",60,59.6243,0.3757
2025-10-10 02:30:00,Aspect,Trine,Moon,Aries,"29°45'21.79""",Venus,Virgo,"0°43'51.95""",120,120.975,0.975
2025-10-10 02:30:00,Aspect,Sextile,Moon,Aries,"29°45'21.79""",Jupiter,Gemini,"29°13'32.33""",60,59.4696,0.5304
2025-10-10 02:45:00,Aspect,Trine,Moon,Aries,"29°54'42.33""",Venus,Virgo,"0°44'38.37""",120,120.8322,0.8322
2025-10-10 02:45:00,Aspect,Sextile,Moon,Aries,"29°54'42.33""",Jupiter,Gemini,"29°13'36.08""",60,59.3149,0.6851
2025-10-10 03:00:00,Aspect,Trine,Moon,Taurus,"0°04'02.80""",Venus,Virgo,"0°45'24.79""",120,120.6894,0.6894
2025-10-10 03:00:00,Aspect,Sextile,Moon,Taurus,"0°04'02.80""",Jupiter,Gemini,"29°13'39.83""",60,59.1603,0.8397
2025-10-10 03:15:00,Aspect,Trine,Moon,Taurus,"0°13'23.20""",Venus,Virgo,"0°46'11.20""",120,120.5467,0.5467
2025-10-10 03:15:00,Aspect,Sextile,Moon,Taurus,"0°13'23.20""",Jupiter,Gemini,"29°13'43.58""",60,59.0057,0.9943
2025-10-10 03:30:00,Aspect,Trine,Moon,Taurus,"0°22'43.54""",Venus,Virgo,"0°46'57.62""",120,120.4039,0.4039
2025-10-10 03:45:00,Aspect,Trine,Moon,Taurus,"0°32'03.80""",Venus,Virgo,"0°47'44.04""",120,120.2612,0.2612
2025-10-10 04:00:00,Aspect,Trine,Moon,Taurus,"0°41'23.99""",Venus,Virgo,"0°48'30.46""",120,120.1185,0.1185
2025-10-10 04:15:00,Aspect,Trine,Moon,Taurus,"0°50'44.12""",Venus,Virgo,"0°49'16.88""",120,119.9758,0.0242
2025-10-10 04:30:00,Aspect,Trine,Moon,Taurus,"1°00'04.17""",Venus,Virgo,"0°50'03.30""",120,119.8331,0.1669
2025-10-10 04:45:00,Aspect,Trine,Moon,Taurus,"1°09'24.15""",Venus,Virgo,"0°50'49.72""",120,119.6904,0.3096
2025-10-10 05:00:00,Aspect,Trine,Moon,Taurus,"1°18'44.06""",Venus,Virgo,"0°51'36.14""",120,119.5478,0.4522
2025-10-10 05:15:00,Aspect,Trine,Moon,Taurus,"1°28'03.89""",Venus,Virgo,"0°52'22.56""",120,119.4052,0.5948
2025-10-10 05:30:00,Aspect,Trine,Moon,Taurus,"1°37'23.66""",Venus,Virgo,"0°53'08.98""",120,119.2626,0.7374
2025-10-10 05:45:00,Aspect,Trine,Moon,Taurus,"1°46'43.34""",Venus,Virgo,"0°53'55.40""",120,119.12,0.88
2025-10-10 06:00:00,Aspect,Sextile,Moon,Taurus,"1°56'02.96""",Saturn,Pisces,"2°53'01.34""",60,59.0504,0.9496
2025-10-10 06:15:00,Aspect,Sextile,Moon,Taurus,"2°05'22.50""",Saturn,Pisces,"2°52'58.70""",60,59.2066,0.7934
2025-10-10 06:30:00,Aspect,Sextile,Moon,Taurus,"2°14'41.96""",Saturn,Pisces,"2°52'56.06""",60,59.3627,0.6373
2025-10-10 06:45:00,Aspect,Sextile,Moon,Taurus,"2°24'01.35""",Saturn,Pisces,"2°52'53.42""",60,59.5189,0.4811
2025-10-10 07:00:00,Aspect,Sextile,Moon,Taurus,"2°33'20.66""",Saturn,Pisces,"2°52'50.78""",60,59.675,0.325
2025-10-10 07:15:00,Aspect,Sextile,Moon,Taurus,"2°42'39.89""",Saturn,Pisces,"2°52'48.14""",60,59.831,0.169
2025-10-10 07:30:00,Aspect,Sextile,Moon,Taurus,"2°51'59.05""",Saturn,Pisces,"2°52'45.50""",60,59.9871,0.0129
2025-10-10 07:45:00,Aspect,Sextile,Moon,Taurus,"3°01'18.13""",Saturn,Pisces,"2°52'42.86""",60,60.1431,0.1431
2025-10-10 08:00:00,Aspect,Sextile,Moon,Taurus,"3°10'37.13""",Saturn,Pisces,"2°52'40.23""",60,60.2991,0.2991
2025-10-10 08:15:00,Aspect,Sextile,Moon,Taurus,"3°19'56.05""",Saturn,Pisces,"2°52'37.59""",60,60.4551,0.4551
2025-10-10 08:30:00,Aspect,Sextile,Moon,Taurus,"3°29'14.89""",Saturn,Pisces,"2°52'34.95""",60,60.6111,0.6111
2025-10-10 08:45:00,Aspect,Sextile,Moon,Taurus,"3°38'33.65""",Saturn,Pisces,"2°52'32.31""",60,60.767,0.767
2025-10-10 09:00:00,Aspect,Sextile,Moon,Taurus,"3°47'52.33""",Saturn,Pisces,"2°52'29.67""",60,60.923,0.923
2025-10-11 00:00:00,Aspect,Opposition,Venus,Virgo,"1°50'24.91""",Saturn,Pisces,"2°49'51.96""",180,179.0092,0.9908
2025-10-11 00:15:00,Aspect,Opposition,Venus,Virgo,"1°51'11.35""",Saturn,Pisces,"2°49'49.34""",180,179.0228,0.9772
2025-10-11 00:30:00,Aspect,Opposition,Venus,Virgo,"1°51'57.79""",Saturn,Pisces,"2°49'46.72""",180,179.0364,0.9636
2025-10-11 00:45:00,Aspect,Opposition,Venus,Virgo,"1°52'44.23""",Saturn,Pisces,"2°49'44.10""",180,179.05,0.95
2025-10-11 01:00:00,Aspect,Opposition,Venus,Virgo,"1°53'30.68""",Saturn,Pisces,"2°49'41.48""",180,179.0637,0.9363
2025-10-11 01:15:00,Aspect,Opposition,Venus,Virgo,"1°54'17.12""",Saturn,Pisces,"2°49'38.86""",180,179.0773,0.9227
2025-10-11 01:30:00,Aspect,Opposition,Venus,Virgo,"1°55'03.56""",Saturn,Pisces,"2°49'36.24""",180,179.0909,0.9091
2025-10-11 01:45:00,Aspect,Opposition,Venus,Virgo,"1°55'50.01""",Saturn,Pisces,"2°49'33.63""",180,179.1046,0.8954
2025-10-11 02:00:00,Aspect,Opposition,Venus,Virgo,"1°56'36.45""",Saturn,Pisces,"2°49'31.01""",180,179.1182,0.8818
2025-10-11 02:15:00,Aspect,Opposition,Venus,Virgo,"1°57'22.90""",Saturn,Pisces,"2°49'28.39""",180,179.1318,0.8682
2025-10-11 02:30:00,Aspect,Opposition,Venus,Virgo,"1°58'09.34""",Saturn,Pisces,"2°49'25.77""",180,179.1454,0.8546
2025-10-11 02:45:00,Aspect,Opposition,Venus,Virgo,"1°58'55.79""",Saturn,Pisces,"2°49'23.16""",180,179.1591,0.8409
2025-10-11 03:00:00,Aspect,Opposition,Venus,Virgo,"1°59'42.23""",Saturn,Pisces,"2°49'20.54""",180,179.1727,0.8273
2025-10-11 03:15:00,Aspect,Opposition,Venus,Virgo,"2°00'28.68""",Saturn,Pisces,"2°49'17.93""",180,179.1863,0.8137
2025-10-11 03:30:00,Aspect,Opposition,Venus,Virgo,"2°01'15.12""",Saturn,Pisces,"2°49'15.31""",180,179.1999,0.8001
2025-10-11 03:45:00,Aspect,Opposition,Venus,Virgo,"2°02'01.57""",Saturn,Pisces,"2°49'12.70""",180,179.2136,0.7864
2025-10-11 04:00:00,Aspect,Opposition,Venus,Virgo,"2°02'48.02""",Saturn,Pisces,"2°49'10.08""",180,179.2272,0.7728
2025-10-11 04:15:00,Aspect,Opposition,Venus,Virgo,"2°03'34.46""",Saturn,Pisces,"2°49'07.47""",180,179.2408,0.7592
2025-10-11 04:30:00,Aspect,Opposition,Venus,Virgo,"2°04'20.91""",Saturn,Pisces,"2°49'04.85""",180,179.2545,0.7455
2025-10-11 04:45:00,Aspect,Opposition,Venus,Virgo,"2°05'07.36""",Saturn,Pisces,"2°49'02.24""",180,179.2681,0.7319
2025-10-11 05:00:00,Aspect,Opposition,Venus,Virgo,"2°05'53.81""",Saturn,Pisces,"2°48'59.62""",180,179.2817,0.7183
2025-10-11 05:15:00,Aspect,Opposition,Venus,Virgo,"2°06'40.25""",Saturn,Pisces,"2°48'57.01""",180,179.2953,0.7047
2025-10-11 05:30:00,Aspect,Opposition,Venus,Virgo,"2°07'26.70""",Saturn,Pisces,"2°48'54.40""",180,179.309,0.691
2025-10-11 05:45:00,Aspect,Opposition,Venus,Virgo,"2°08'13.15""",Saturn,Pisces,"2°48'51.78""",180,179.3226,0.6774
2025-10-11 06:00:00,Aspect,Opposition,Venus,Virgo,"2°08'59.60""",Saturn,Pisces,"2°48'49.17""",180,179.3362,0.6638
2025-10-11 06:15:00,Aspect,Opposition,Venus,Virgo,"2°09'46.05""",Saturn,Pisces,"2°48'46.56""",180,179.3499,0.6501
2025-10-11 06:30:00,Aspect,Opposition,Venus,Virgo,"2°10'32.50""",Saturn,Pisces,"2°48'43.95""",180,179.3635,0.6365
2025-10-11 06:45:00,Aspect,Opposition,Venus,Virgo,"2°11'18.95""",Saturn,Pisces,"2°48'41.34""",180,179.3771,0.6229
2025-10-11 07:00:00,Aspect,Opposition,Venus,Virgo,"2°12'05.40""",Saturn,Pisces,"2°48'38.73""",180,179.3907,0.6093
2025-10-11 07:15:00,Aspect,Opposition,Venus,Virgo,"2°12'51.85""",Saturn,Pisces,"2°48'36.11""",180,179.4044,0.5956
2025-10-11 07:30:00,Aspect,Opposition,Venus,Virgo,"2°13'38.30""",Saturn,Pisces,"2°48'33.50""",180,179.418,0.582
2025-10-11 07:45:00,Aspect,Opposition,Venus,Virgo,"2°14'24.75""",Saturn,Pisces,"2°48'30.89""",180,179.4316,0.5684
2025-10-11 08:00:00,Aspect,Opposition,Venus,Virgo,"2°15'11.20""",Saturn,Pisces,"2°48'28.28""",180,179.4453,0.5547
2025-10-11 08:15:00,Aspect,Opposition,Venus,Virgo,"2°15'57.65""",Saturn,Pisces,"2°48'25.67""",180,179.4589,0.5411
2025-10-11 08:30:00,Aspect,Opposition,Venus,Virgo,"2°16'44.10""",Saturn,Pisces,"2°48'23.06""",180,179.4725,0.5275
2025-10-11 08:45:00,Aspect,Opposition,Venus,Virgo,"2°17'30.56""",Saturn,Pisces,"2°48'20.46""",180,179.4861,0.5139
2025-10-11 09:00:00,Aspect,Opposition,Venus,Virgo,"2°18'17.01""",Saturn,Pisces,"2°48'17.85""",180,179.4998,0.5002
2025-10-11 09:15:00,Aspect,Opposition,Venus,Virgo,"2°19'03.46""",Saturn,Pisces,"2°48'15.24""",180,179.5134,0.4866
2025-10-11 09:30:00,Aspect,Opposition,Venus,Virgo,"2°19'49.91""",Saturn,Pisces,"2°48'12.63""",180,179.527,0.473
2025-10-11 09:45:00,Aspect,Opposition,Venus,Virgo,"2°20'36.37""",Saturn,Pisces,"2°48'10.02""",180,179.5407,0.4593
2025-10-11 10:00:00,Aspect,Opposition,Venus,Virgo,"2°21'22.82""",Saturn,Pisces,"2°48'07.41""",180,179.5543,0.4457
2025-10-11 10:15:00,Aspect,Opposition,Venus,Virgo,"2°22'09.27""",Saturn,Pisces,"2°48'04.81""",180,179.5679,0.4321
2025-10-11 10:30:00,Aspect,Opposition,Venus,Virgo,"2°22'55.73""",Saturn,Pisces,"2°48'02.20""",180,179.5815,0.4185
2025-10-11 10:45:00,Aspect,Opposition,Venus,Virgo,"2°23'42.18""",Saturn,Pisces,"2°47'59.59""",180,179.5952,0.4048
2025-10-11 11:00:00,Aspect,Opposition,Venus,Virgo,"2°24'28.64""",Saturn,Pisces,"2°47'56.99""",180,179.6088,0.3912
2025-10-11 11:15:00,Aspect,Opposition,Venus,Virgo,"2°25'15.09""",Saturn,Pisces,"2°47'54.38""",180,179.6224,0.3776
2025-10-11 11:30:00,Aspect,Opposition,Venus,Virgo,"2°26'01.55""",Saturn,Pisces,"2°47'51.78""",180,179.636,0.364
2025-10-11 11:45:00,Aspect,Opposition,Venus,Virgo,"2°26'48.00""",Saturn,Pisces,"2°47'49.17""",180,179.6497,0.3503
2025-10-11 12:00:00,Aspect,Opposition,Venus,Virgo,"2°27'34.46""",Saturn,Pisces,"2°47'46.57""",180,179.6633,0.3367
2025-10-11 12:15:00,Aspect,Opposition,Venus,Virgo,"2°28'20.92""",Saturn,Pisces,"2°47'43.96""",180,179.6769,0.3231
2025-10-11 12:30:00,Aspect,Opposition,Venus,Virgo,"2°29'07.37""",Saturn,Pisces,"2°47'41.36""",180,179.6906,0.3094
2025-10-11 12:45:00,Aspect,Opposition,Venus,Virgo,"2°29'53.83""",Saturn,Pisces,"2°47'38.75""",180,179.7042,0.2958
2025-10-11 13:00:00,Aspect,Opposition,Venus,Virgo,"2°30'40.29""",Saturn,Pisces,"2°47'36.15""",180,179.7178,0.2822
2025-10-11 13:15:00,Aspect,Opposition,Venus,Virgo,"2°31'26.74""",Saturn,Pisces,"2°47'33.55""",180,179.7314,0.2686
2025-10-11 13:30:00,Aspect,Square,Moon,Taurus,"21°18'37.99""",Rahu,Aquarius,"22°16'47.63""",90,89.0307,0.9693
2025-10-11 13:30:00,Aspect,Square,Moon,Taurus,"21°18'37.99""",Ketu,Leo,"22°16'47.63""",90,90.9693,0.9693
2025-10-11 13:30:00,Aspect,Opposition,Venus,Virgo,"2°32'13.20""",Saturn,Pisces,"2°47'30.94""",180,179.7451,0.2549
2025-10-11 13:45:00,Aspect,Square,Moon,Taurus,"21°27'44.47""",Rahu,Aquarius,"22°16'45.64""",90,89.183,0.817
2025-10-11 13:45:00,Aspect,Square,Moon,Taurus,"21°27'44.47""",Ketu,Leo,"22°16'45.64""",90,90.817,0.817
2025-10-11 13:45:00,Aspect,Opposition,Venus,Virgo,"2°32'59.66""",Saturn,Pisces,"2°47'28.34""",180,179.7587,0.2413
2025-10-11 14:00:00,Aspect,Square,Moon,Taurus,"21°36'50.82""",Rahu,Aquarius,"22°16'43.66""",90,89.3353,0.6647
2025-10-11 14:00:00,Aspect,Square,Moon,Taurus,"21°36'50.82""",Ketu,Leo,"22°16'43.66""",90,90.6647,0.6647
2025-10-11 14:00:00,Aspect,Opposition,Venus,Virgo,"2°33'46.12""",Saturn,Pisces,"2°47'25.74""",180,179.7723,0.2277
2025-10-11 14:15:00,Aspect,Square,Moon,Taurus,"21°45'57.05""",Rahu,Aquarius,"22°16'41.67""",90,89.4876,0.5124
2025-10-11 14:15:00,Aspect,Square,Moon,Taurus,"21°45'57.05""",Ketu,Leo,"22°16'41.67""",90,90.5124,0.5124
2025-10-11 14:15:00,Aspect,Opposition,Venus,Virgo,"2°34'32.57""",Saturn,Pisces,"2°47'23.13""",180,179.786,0.214
2025-10-11 14:30:00,Aspect,Square,Moon,Taurus,"21°55'03.15""",Rahu,Aquarius,"22°16'39.68""",90,89.6399,0.3601
2025-10-11 14:30:00,Aspect,Square,Moon,Taurus,"21°55'03.15""",Ketu,Leo,"22°16'39.68""",90,90.3601,0.3601
2025-10-11 14:30:00,Aspect,Opposition,Venus,Virgo,"2°35'19.03""",Saturn,Pisces,"2°47'20.53""",180,179.7996,0.2004
2025-10-11 14:45:00,Aspect,Square,Moon,Taurus,"22°04'09.12""",Rahu,Aquarius,"22°16'37.70""",90,89.7921,0.2079
2025-10-11 14:45:00,Aspect,Square,Moon,Taurus,"22°04'09.12""",Ketu,Leo,"22°16'37.70""",90,90.2079,0.2079
2025-10-11 14:45:00,Aspect,Opposition,Venus,Virgo,"2°36'05.49""",Saturn,Pisces,"2°47'17.93""",180,179.8132,0.1868
2025-10-11 15:00:00,Aspect,Square,Moon,Taurus,"22°13'14.96""",Rahu,Aquarius,"22°16'35.71""",90,89.9442,0.0558
2025-10-11 15:00:00,Aspect,Square,Moon,Taurus,"22°13'14.96""",Ketu,Leo,"22°16'35.71""",90,90.0558,0.0558
2025-10-11 15:00:00,Aspect,Opposition,Venus,Virgo,"2°36'51.95""",Saturn,Pisces,"2°47'15.33""",180,179.8268,0.1732
2025-10-11 15:15:00,Aspect,Square,Moon,Taurus,"22°22'20.67""",Rahu,Aquarius,"22°16'33.72""",90,90.0964,0.0964
2025-10-11 15:15:00,Aspect,Square,Moon,Taurus,"22°22'20.67""",Ketu,Leo,"22°16'33.72""",90,89.9036,0.0964
2025-10-11 15:15:00,Aspect,Opposition,Venus,Virgo,"2°37'38.41""",Saturn,Pisces,"2°47'12.73""",180,179.8405,0.1595
2025-10-11 15:30:00,Aspect,Square,Moon,Taurus,"22°31'26.25""",Rahu,Aquarius,"22°16'31.73""",90,90.2485,0.2485
2025-10-11 15:30:00,Aspect,Square,Moon,Taurus,"22°31'26.25""",Ketu,Leo,"22°16'31.73""",90,89.7515,0.2485
2025-10-11 15:30:00,Aspect,Opposition,Venus,Virgo,"2°38'24.87""",Saturn,Pisces,"2°47'10.13""",180,179.8541,0.1459
2025-10-11 15:45:00,Aspect,Square,Moon,Taurus,"22°40'31.70""",Rahu,Aquarius,"22°16'29.75""",90,90.4005,0.4005
2025-10-11 15:45:00,Aspect,Square,Moon,Taurus,"22°40'31.70""",Ketu,Leo,"22°16'29.75""",90,89.5995,0.4005
2025-10-11 15:45:00,Aspect,Opposition,Venus,Virgo,"2°39'11.33""",Saturn,Pisces,"2°47'07.53""",180,179.8677,0.1323
2025-10-11 16:00:00,Aspect,Square,Moon,Taurus,"22°49'37.02""",Rahu,Aquarius,"22°16'27.76""",90,90.5526,0.5526
2025-10-11 16:00:00,Aspect,Square,Moon,Taurus,"22°49'37.02""",Ketu,Leo,"22°16'27.76""",90,89.4474,0.5526
2025-10-11 16:00:00,Aspect,Opposition,Venus,Virgo,"2°39'57.79""",Saturn,Pisces,"2°47'04.93""",180,179.8814,0.1186
2025-10-11 16:15:00,Aspect,Square,Moon,Taurus,"22°58'42.21""",Rahu,Aquarius,"22°16'25.77""",90,90.7046,0.7046
2025-10-11 16:15:00,Aspect,Square,Moon,Taurus,"22°58'42.21""",Ketu,Leo,"22°16'25.77""",90,89.2954,0.7046
2025-10-11 16:15:00,Aspect,Opposition,Venus,Virgo,"2°40'44.25""",Saturn,Pisces,"2°47'02.33""",180,179.895,0.105
2025-10-11 16:30:00,Aspect,Trine,Sun,Virgo,"24°06'27.00""",Moon,Taurus,"23°07'47.28""",120,120.9777,0.9777
2025-10-11 16:30:00,Aspect,Square,Moon,Taurus,"23°07'47.28""",Rahu,Aquarius,"22°16'23.79""",90,90.8565,0.8565
2025-10-11 16:30:00,Aspect,Square,Moon,Taurus,"23°07'47.28""",Ketu,Leo,"22°16'23.79""",90,89.1435,0.8565
2025-10-11 16:30:00,Aspect,Opposition,Venus,Virgo,"2°41'30.71""",Saturn,Pisces,"2°46'59.73""",180,179.9086,0.0914
2025-10-11 16:45:00,Aspect,Trine,Sun,Virgo,"24°07'04.07""",Moon,Taurus,"23°16'52.21""",120,120.8366,0.8366
2025-10-11 16:45:00,Aspect,Opposition,Venus,Virgo,"2°42'17.17""",Saturn,Pisces,"2°46'57.13""",180,179.9222,0.0778
2025-10-11 17:00:00,Aspect,Trine,Sun,Virgo,"24°07'41.15""",Moon,Taurus,"23°25'57.01""",120,120.6956,0.6956
2025-10-11 17:00:00,Aspect,Opposition,Venus,Virgo,"2°43'03.63""",Saturn,Pisces,"2°46'54.53""",180,179.9359,0.0641
2025-10-11 17:15:00,Aspect,Trine,Sun,Virgo,"24°08'18.22""",Moon,Taurus,"23°35'01.68""",120,120.5546,0.5546
2025-10-11 17:15:00,Aspect,Opposition,Venus,Virgo,"2°43'50.10""",Saturn,Pisces,"2°46'51.93""",180,179.9495,0.0505
2025-10-11 17:30:00,Aspect,Trine,Sun,Virgo,"24°08'55.29""",Moon,Taurus,"23°44'06.21""",120,120.4136,0.4136
2025-10-11 17:30:00,Aspect,Opposition,Venus,Virgo,"2°44'36.56""",Saturn,Pisces,"2°46'49.33""",180,179.9631,0.0369
2025-10-11 17:45:00,Aspect,Trine,Sun,Virgo,"24°09'32.37""",Moon,Taurus,"23°53'10.62""",120,120.2727,0.2727
2025-10-11 17:45:00,Aspect,Opposition,Venus,Virgo,"2°45'23.02""",Saturn,Pisces,"2°46'46.74""",180,179.9767,0.0233
2025-10-11 18:00:00,Aspect,Trine,Sun,Virgo,"24°10'09.44""",Moon,Taurus,"24°02'14.89""",120,120.1318,0.1318
2025-10-11 18:00:00,Aspect,Opposition,Venus,Virgo,"2°46'09.48""",Saturn,Pisces,"2°46'44.14""",180,179.9904,0.0096
2025-10-11 18:15:00,Aspect,Trine,Sun,Virgo,"24°10'46.52""",Moon,Taurus,"24°11'19.03""",120,119.991,0.009
2025-10-11 18:15:00,Aspect,Opposition,Venus,Virgo,"2°46'55.95""",Saturn,Pisces,"2°46'41.54""",180,179.996,0.004
2025-10-11 18:30:00,Aspect,Trine,Sun,Virgo,"24°11'23.59""",Moon,Taurus,"24°20'23.04""",120,119.8502,0.1498
2025-10-11 18:30:00,Aspect,Opposition,Venus,Virgo,"2°47'42.41""",Saturn,Pisces,"2°46'38.94""",180,179.9824,0.0176
2025-10-11 18:45:00,Aspect,Trine,Sun,Virgo,"24°12'00.67""",Moon,Taurus,"24°29'26.92""",120,119.7094,0.2906
2025-10-11 18:45:00,Aspect,Opposition,Venus,Virgo,"2°48'28.87""",Saturn,Pisces,"2°46'36.35""",180,179.9687,0.0313
2025-10-11 19:00:00,Aspect,Trine,Sun,Virgo,"24°12'37.74""",Moon,Taurus,"24°38'30.66""",120,119.5686,0.4314
2025-10-11 19:00:00,Aspect,Opposition,Venus,Virgo,"2°49'15.34""",Saturn,Pisces,"2°46'33.75""",180,179.9551,0.0449
2025-10-11 19:15:00,Aspect,Trine,Sun,Virgo,"24°13'14.82""",Moon,Taurus,"24°47'34.27""",120,119.4279,0.5721
2025-10-11 19:15:00,Aspect,Opposition,Venus,Virgo,"2°50'01.80""",Saturn,Pisces,"2°46'31.16""",180,179.9415,0.0585
2025-10-11 19:30:00,Aspect,Trine,Sun,Virgo,"24°13'51.89""",Moon,Taurus,"24°56'37.75""",120,119.2873,0.7127
2025-10-11 19:30:00,Aspect,Opposition,Venus,Virgo,"2°50'48.26""",Saturn,Pisces,"2°46'28.56""",180,179.9279,0.0721
2025-10-11 19:45:00,Aspect,Trine,Sun,Virgo,"24°14'28.97""",Moon,Taurus,"25°05'41.09""",120,119.1466,0.8534
2025-10-11 19:45:00,Aspect,Opposition,Venus,Virgo,"2°51'34.73""",Saturn,Pisces,"2°46'25.96""",180,179.9142,0.0858
2025-10-11 20:00:00,Aspect,Trine,Sun,Virgo,"24°15'06.05""",Moon,Taurus,"25°14'44.30""",120,119.006,0.994
2025-10-11 20:00:00,Aspect,Opposition,Venus,Virgo,"2°52'21.19""",Saturn,Pisces,"2°46'23.37""",180,179.9006,0.0994
2025-10-11 20:15:00,Aspect,Opposition,Venus,Virgo,"2°53'07.66""",Saturn,Pisces,"2°46'20.77""",180,179.887,0.113
2025-10-11 20:30:00,Aspect,Opposition,Venus,Virgo,"2°53'54.12""",Saturn,Pisces,"2°46'18.18""",180,179.8733,0.1267
2025-10-11 20:45:00,Aspect,Opposition,Venus,Virgo,"2°54'40.59""",Saturn,Pisces,"2°46'15.59""",180,179.8597,0.1403
2025-10-11 21:00:00,Aspect,Opposition,Venus,Virgo,"2°55'27.06""",Saturn,Pisces,"2°46'12.99""",180,179.8461,0.1539
2025-10-11 21:15:00,Aspect,Opposition,Venus,Virgo,"2°56'13.52""",Saturn,Pisces,"2°46'10.40""",180,179.8325,0.1675
2025-10-11 21:30:00,Aspect,Opposition,Venus,Virgo,"2°56'59.99""",Saturn,Pisces,"2°46'07.81""",180,179.8188,0.1812
2025-10-11 21:45:00,Aspect,Opposition,Venus,Virgo,"2°57'46.46""",Saturn,Pisces,"2°46'05.21""",180,179.8052,0.1948
2025-10-11 22:00:00,Aspect,Opposition,Venus,Virgo,"2°58'32.92""",Saturn,Pisces,"2°46'02.62""",180,179.7916,0.2084
2025-10-11 22:15:00,Aspect,Opposition,Venus,Virgo,"2°59'19.39""",Saturn,Pisces,"2°46'00.03""",180,179.778,0.222
2025-10-11 22:30:00,Aspect,Opposition,Venus,Virgo,"3°00'05.86""",Saturn,Pisces,"2°45'57.44""",180,179.7643,0.2357
2025-10-11 22:45:00,Aspect,Opposition,Venus,Virgo,"3°00'52.33""",Saturn,Pisces,"2°45'54.85""",180,179.7507,0.2493
2025-10-11 23:00:00,Aspect,Opposition,Venus,Virgo,"3°01'38.79""",Saturn,Pisces,"2°45'52.25""",180,179.7371,0.2629
2025-10-11 23:15:00,Aspect,Opposition,Venus,Virgo,"3°02'25.26""",Saturn,Pisces,"2°45'49.66""",180,179.7234,0.2766
2025-10-11 23:30:00,Aspect,Opposition,Venus,Virgo,"3°03'11.73""",Saturn,Pisces,"2°45'47.07""",180,179.7098,0.2902
2025-10-11 23:45:00,Aspect,Opposition,Venus,Virgo,"3°03'58.20""",Saturn,Pisces,"2°45'44.48""",180,179.6962,0.3038
2025-10-12 00:00:00,Aspect,Opposition,Venus,Virgo,"3°04'44.67""",Saturn,Pisces,"2°45'41.89""",180,179.6826,0.3174
2025-10-12 00:15:00,Aspect,Opposition,Venus,Virgo,"3°05'31.14""",Saturn,Pisces,"2°45'39.30""",180,179.6689,0.3311
2025-10-12 00:30:00,Aspect,Opposition,Venus,Virgo,"3°06'17.61""",Saturn,Pisces,"2°45'36.71""",180,179.6553,0.3447
2025-10-12 00:45:00,Aspect,Opposition,Venus,Virgo,"3°07'04.08""",Saturn,Pisces,"2°45'34.12""",180,179.6417,0.3583
2025-10-12 01:00:00,Aspect,Opposition,Venus,Virgo,"3°07'50.55""",Saturn,Pisces,"2°45'31.54""",180,179.6281,0.3719
2025-10-12 01:15:00,Aspect,Opposition,Venus,Virgo,"3°08'37.02""",Saturn,Pisces,"2°45'28.95""",180,179.6144,0.3856
2025-10-12 01:30:00,Aspect,Opposition,Venus,Virgo,"3°09'23.49""",Saturn,Pisces,"2°45'26.36""",180,179.6008,0.3992
2025-10-12 01:45:00,Aspect,Opposition,Venus,Virgo,"3°10'09.96""",Saturn,Pisces,"2°45'23.77""",180,179.5872,0.4128
2025-10-12 02:00:00,Aspect,Opposition,Venus,Virgo,"3°10'56.44""",Saturn,Pisces,"2°45'21.18""",180,179.5735,0.4265
2025-10-12 02:15:00,Aspect,Opposition,Venus,Virgo,"3°11'42.91""",Saturn,Pisces,"2°45'18.60""",180,179.5599,0.4401
2025-10-12 02:30:00,Aspect,Opposition,Venus,Virgo,"3°12'29.38""",Saturn,Pisces,"2°45'16.01""",180,179.5463,0.4537
2025-10-12 02:45:00,Aspect,Opposition,Venus,Virgo,"3°13'15.85""",Saturn,Pisces,"2°45'13.42""",180,179.5327,0.4673
2025-10-12 03:00:00,Aspect,Opposition,Venus,Virgo,"3°14'02.33""",Saturn,Pisces,"2°45'10.84""",180,179.519,0.481
2025-10-12 03:15:00,Aspect,Opposition,Venus,Virgo,"3°14'48.80""",Saturn,Pisces,"2°45'08.25""",180,179.5054,0.4946
2025-10-12 03:30:00,Aspect,Opposition,Venus,Virgo,"3°15'35.27""",Saturn,Pisces,"2°45'05.67""",180,179.4918,0.5082
2025-10-12 03:45:00,Aspect,Opposition,Venus,Virgo,"3°16'21.75""",Saturn,Pisces,"2°45'03.08""",180,179.4781,0.5219
2025-10-12 04:00:00,Aspect,Opposition,Venus,Virgo,"3°17'08.22""",Saturn,Pisces,"2°45'00.50""",180,179.4645,0.5355
2025-10-12 04:15:00,Aspect,Opposition,Venus,Virgo,"3°17'54.69""",Saturn,Pisces,"2°44'57.91""",180,179.4509,0.5491
2025-10-12 04:30:00,Aspect,Opposition,Venus,Virgo,"3°18'41.17""",Saturn,Pisces,"2°44'55.33""",180,179.4373,0.5627
2025-10-12 04:45:00,Aspect,Opposition,Venus,Virgo,"3°19'27.64""",Saturn,Pisces,"2°44'52.74""",180,179.4236,0.5764
2025-10-12 05:00:00,Aspect,Opposition,Venus,Virgo,"3°20'14.12""",Saturn,Pisces,"2°44'50.16""",180,179.41,0.59
2025-10-12 05:15:00,Aspect,Opposition,Venus,Virgo,"3°21'00.59""",Saturn,Pisces,"2°44'47.58""",180,179.3964,0.6036
2025-10-12 05:30:00,Aspect,Opposition,Venus,Virgo,"3°21'47.07""",Saturn,Pisces,"2°44'44.99""",180,179.3828,0.6172
2025-10-12 05:45:00,Aspect,Opposition,Venus,Virgo,"3°22'33.55""",Saturn,Pisces,"2°44'42.41""",180,179.3691,0.6309
2025-10-12 06:00:00,Aspect,Opposition,Venus,Virgo,"3°23'20.02""",Saturn,Pisces,"2°44'39.83""",180,179.3555,0.6445
2025-10-12 06:15:00,Aspect,Opposition,Venus,Virgo,"3°24'06.50""",Saturn,Pisces,"2°44'37.25""",180,179.3419,0.6581
2025-10-12 06:30:00,Aspect,Opposition,Venus,Virgo,"3°24'52.97""",Saturn,Pisces,"2°44'34.67""",180,179.3282,0.6718
2025-10-12 06:45:00,Aspect,Opposition,Venus,Virgo,"3°25'39.45""",Saturn,Pisces,"2°44'32.08""",180,179.3146,0.6854
2025-10-12 07:00:00,Aspect,Square,Moon,Gemini,"1°50'49.18""",Saturn,Pisces,"2°44'29.50""",90,89.1055,0.8945
2025-10-12 07:00:00,Aspect,Opposition,Venus,Virgo,"3°26'25.93""",Saturn,Pisces,"2°44'29.50""",180,179.301,0.699
2025-10-12 07:15:00,Aspect,Square,Moon,Gemini,"1°59'46.13""",Saturn,Pisces,"2°44'26.92""",90,89.2553,0.7447
2025-10-12 07:15:00,Aspect,Opposition,Venus,Virgo,"3°27'12.41""",Saturn,Pisces,"2°44'26.92""",180,179.2874,0.7126
2025-10-12 07:30:00,Aspect,Square,Moon,Gemini,"2°08'42.93""",Saturn,Pisces,"2°44'24.34""",90,89.4052,0.5948
2025-10-12 07:30:00,Aspect,Opposition,Venus,Virgo,"3°27'58.88""",Saturn,Pisces,"2°44'24.34""",180,179.2737,0.7263
2025-10-12 07:45:00,Aspect,Square,Moon,Gemini,"2°17'39.58""",Saturn,Pisces,"2°44'21.76""",90,89.555,0.445
2025-10-12 07:45:00,Aspect,Opposition,Venus,Virgo,"3°28'45.36""",Saturn,Pisces,"2°44'21.76""",180,179.2601,0.7399
2025-10-12 08:00:00,Aspect,Square,Moon,Gemini,"2°26'36.09""",Saturn,Pisces,"2°44'19.18""",90,89.7047,0.2953
2025-10-12 08:00:00,Aspect,Opposition,Venus,Virgo,"3°29'31.84""",Saturn,Pisces,"2°44'19.18""",180,179.2465,0.7535
2025-10-12 08:15:00,Aspect,Square,Moon,Gemini,"2°35'32.46""",Venus,Virgo,"3°30'18.32""",90,90.9127,0.9127
2025-10-12 08:15:00,Aspect,Square,Moon,Gemini,"2°35'32.46""",Saturn,Pisces,"2°44'16.60""",90,89.8544,0.1456
2025-10-12 08:15:00,Aspect,Opposition,Venus,Virgo,"3°30'18.32""",Saturn,Pisces,"2°44'16.60""",180,179.2329,0.7671
2025-10-12 08:30:00,Aspect,Square,Moon,Gemini,"2°44'28.69""",Venus,Virgo,"3°31'04.80""",90,90.7767,0.7767
2025-10-12 08:30:00,Aspect,Square,Moon,Gemini,"2°44'28.69""",Saturn,Pisces,"2°44'14.02""",90,90.0041,0.0041
2025-10-12 08:30:00,Aspect,Opposition,Venus,Virgo,"3°31'04.80""",Saturn,Pisces,"2°44'14.02""",180,179.2192,0.7808
2025-10-12 08:45:00,Aspect,Square,Moon,Gemini,"2°53'24.76""",Venus,Virgo,"3°31'51.28""",90,90.6407,0.6407
2025-10-12 08:45:00,Aspect,Square,Moon,Gemini,"2°53'24.76""",Saturn,Pisces,"2°44'11.44""",90,90.1537,0.1537
2025-10-12 08:45:00,Aspect,Opposition,Venus,Virgo,"3°31'51.28""",Saturn,Pisces,"2°44'11.44""",180,179.2056,0.7944
2025-10-12 09:00:00,Aspect,Square,Moon,Gemini,"3°02'20.70""",Venus,Virgo,"3°32'37.76""",90,90.5047,0.5047
2025-10-12 09:00:00,Aspect,Square,Moon,Gemini,"3°02'20.70""",Saturn,Pisces,"2°44'08.87""",90,90.3033,0.3033
2025-10-12 09:00:00,Aspect,Opposition,Venus,Virgo,"3°32'37.76""",Saturn,Pisces,"2°44'08.87""",180,179.192,0.808
2025-10-12 09:15:00,Aspect,Square,Moon,Gemini,"3°11'16.49""",Venus,Virgo,"3°33'24.24""",90,90.3688,0.3688
2025-10-12 09:15:00,Aspect,Square,Moon,Gemini,"3°11'16.49""",Saturn,Pisces,"2°44'06.29""",90,90.4528,0.4528
2025-10-12 09:15:00,Aspect,Opposition,Venus,Virgo,"3°33'24.24""",Saturn,Pisces,"2°44'06.29""",180,179.1783,0.8217
2025-10-12 09:30:00,Aspect,Square,Moon,Gemini,"3°20'12.13""",Venus,Virgo,"3°34'10.72""",90,90.2329,0.2329
2025-10-12 09:30:00,Aspect,Square,Moon,Gemini,"3°20'12.13""",Saturn,Pisces,"2°44'03.71""",90,90.6023,0.6023
2025-10-12 09:30:00,Aspect,Opposition,Venus,Virgo,"3°34'10.72""",Saturn,Pisces,"2°44'03.71""",180,179.1647,0.8353
2025-10-12 09:45:00,Aspect,Square,Moon,Gemini,"3°29'07.63""",Venus,Virgo,"3°34'57.20""",90,90.0971,0.0971
2025-10-12 09:45:00,Aspect,Square,Moon,Gemini,"3°29'07.63""",Saturn,Pisces,"2°44'01.13""",90,90.7518,0.7518
2025-10-12 09:45:00,Aspect,Opposition,Venus,Virgo,"3°34'57.20""",Saturn,Pisces,"2°44'01.13""",180,179.1511,0.8489
2025-10-12 10:00:00,Aspect,Square,Moon,Gemini,"3°38'02.99""",Venus,Virgo,"3°35'43.68""",90,89.9613,0.0387
2025-10-12 10:00:00,Aspect,Square,Moon,Gemini,"3°38'02.99""",Saturn,Pisces,"2°43'58.56""",90,90.9012,0.9012
2025-10-12 10:00:00,Aspect,Opposition,Venus,Virgo,"3°35'43.68""",Saturn,Pisces,"2°43'58.56""",180,179.1375,0.8625
2025-10-12 10:15:00,Aspect,Square,Moon,Gemini,"3°46'58.20""",Venus,Virgo,"3°36'30.16""",90,89.8255,0.1745
2025-10-12 10:15:00,Aspect,Opposition,Venus,Virgo,"3°36'30.16""",Saturn,Pisces,"2°43'55.98""",180,179.1238,0.8762
2025-10-12 10:30:00,Aspect,Square,Moon,Gemini,"3°55'53.26""",Venus,Virgo,"3°37'16.64""",90,89.6898,0.3102
2025-10-12 10:30:00,Aspect,Opposition,Venus,Virgo,"3°37'16.64""",Saturn,Pisces,"2°43'53.40""",180,179.1102,0.8898
2025-10-12 10:45:00,Aspect,Square,Moon,Gemini,"4°04'48.18""",Venus,Virgo,"3°38'03.12""",90,89.5542,0.4458
2025-10-12 10:45:00,Aspect,Opposition,Venus,Virgo,"3°38'03.12""",Saturn,Pisces,"2°43'50.83""",180,179.0966,0.9034
2025-10-12 11:00:00,Aspect,Square,Moon,Gemini,"4°13'42.95""",Venus,Virgo,"3°38'49.60""",90,89.4185,0.5815
2025-10-12 11:00:00,Aspect,Opposition,Venus,Virgo,"3°38'49.60""",Saturn,Pisces,"2°43'48.25""",180,179.083,0.917
2025-10-12 11:15:00,Aspect,Square,Moon,Gemini,"4°22'37.58""",Venus,Virgo,"3°39'36.09""",90,89.2829,0.7171
2025-10-12 11:15:00,Aspect,Opposition,Venus,Virgo,"3°39'36.09""",Saturn,Pisces,"2°43'45.67""",180,179.0693,0.9307
2025-10-12 11:30:00,Aspect,Square,Moon,Gemini,"4°31'32.06""",Venus,Virgo,"3°40'22.57""",90,89.1474,0.8526
2025-10-12 11:30:00,Aspect,Opposition,Venus,Virgo,"3°40'22.57""",Saturn,Pisces,"2°43'43.10""",180,179.0557,0.9443
2025-10-12 11:45:00,Aspect,Square,Moon,Gemini,"4°40'26.39""",Venus,Virgo,"3°41'09.05""",90,89.0118,0.9882
2025-10-12 11:45:00,Aspect,Opposition,Venus,Virgo,"3°41'09.05""",Saturn,Pisces,"2°43'40.52""",180,179.0421,0.9579
2025-10-12 12:00:00,Aspect,Opposition,Venus,Virgo,"3°41'55.53""",Saturn,Pisces,"2°43'37.95""",180,179.0284,0.9716
2025-10-12 12:15:00,Aspect,Opposition,Venus,Virgo,"3°42'42.02""",Saturn,Pisces,"2°43'35.38""",180,179.0148,0.9852
2025-10-12 12:30:00,Aspect,Opposition,Venus,Virgo,"3°43'28.50""",Saturn,Pisces,"2°43'32.80""",180,179.0012,0.9988
2025-10-13 03:30:00,Aspect,Trine,Moon,Gemini,"13°56'30.32""",Mercury,Libra,"14°49'01.32""",120,120.8753,0.8753
2025-10-13 03:45:00,Aspect,Trine,Moon,Gemini,"14°05'15.11""",Mercury,Libra,"14°49'54.73""",120,120.7443,0.7443
2025-10-13 04:00:00,Aspect,Trine,Moon,Gemini,"14°13'59.74""",Mercury,Libra,"14°50'48.14""",120,120.6134,0.6134
2025-10-13 04:15:00,Aspect,Trine,Moon,Gemini,"14°22'44.22""",Mercury,Libra,"14°51'41.54""",120,120.4826,0.4826
2025-10-13 04:30:00,Aspect,Trine,Moon,Gemini,"14°31'28.56""",Mercury,Libra,"14°52'34.93""",120,120.3518,0.3518
2025-10-13 04:45:00,Aspect,Trine,Moon,Gemini,"14°40'12.74""",Mercury,Libra,"14°53'28.32""",120,120.221,0.221
2025-10-13 05:00:00,Aspect,Trine,Moon,Gemini,"14°48'56.76""",Mercury,Libra,"14°54'21.70""",120,120.0903,0.0903
2025-10-13 05:15:00,Aspect,Trine,Moon,Gemini,"14°57'40.64""",Mercury,Libra,"14°55'15.08""",120,119.9596,0.0404
2025-10-13 05:30:00,Aspect,Trine,Moon,Gemini,"15°06'24.37""",Mercury,Libra,"14°56'08.45""",120,119.8289,0.1711
2025-10-13 05:45:00,Aspect,Trine,Moon,Gemini,"15°15'07.95""",Mercury,Libra,"14°57'01.82""",120,119.6983,0.3017
2025-10-13 06:00:00,Aspect,Trine,Moon,Gemini,"15°23'51.37""",Mercury,Libra,"14°57'55.18""",120,119.5677,0.4323
2025-10-13 06:15:00,Aspect,Trine,Moon,Gemini,"15°32'34.64""",Mercury,Libra,"14°58'48.53""",120,119.4372,0.5628
2025-10-13 06:30:00,Aspect,Trine,Moon,Gemini,"15°41'17.76""",Mercury,Libra,"14°59'41.88""",120,119.3067,0.6933
2025-10-13 06:45:00,Aspect,Trine,Moon,Gemini,"15°50'00.74""",Mercury,Libra,"15°00'35.23""",120,119.1762,0.8238
2025-10-13 07:00:00,Aspect,Trine,Moon,Gemini,"15°58'43.55""",Mercury,Libra,"15°01'28.56""",120,119.0458,0.9542
2025-10-13 12:30:00,Aspect,Trine,Moon,Gemini,"19°09'47.31""",Mars,Libra,"20°02'56.43""",120,120.8859,0.8859
2025-10-13 12:45:00,Aspect,Trine,Moon,Gemini,"19°18'26.66""",Mars,Libra,"20°03'22.43""",120,120.7488,0.7488
2025-10-13 13:00:00,Aspect,Trine,Moon,Gemini,"19°27'05.85""",Mars,Libra,"20°03'48.44""",120,120.6118,0.6118
2025-10-13 13:15:00,Aspect,Trine,Moon,Gemini,"19°35'44.89""",Mars,Libra,"20°04'14.44""",120,120.4749,0.4749
2025-10-13 13:30:00,Aspect,Trine,Moon,Gemini,"19°44'23.78""",Mars,Libra,"20°04'40.45""",120,120.338,0.338
2025-10-13 13:45:00,Aspect,Trine,Moon,Gemini,"19°53'02.51""",Mars,Libra,"20°05'06.46""",120,120.2011,0.2011
2025-10-13 14:00:00,Aspect,Trine,Moon,Gemini,"20°01'41.10""",Mars,Libra,"20°05'32.46""",120,120.0643,0.0643
2025-10-13 14:15:00,Aspect,Trine,Moon,Gemini,"20°10'19.54""",Mars,Libra,"20°05'58.47""",120,119.9275,0.0725
2025-10-13 14:30:00,Aspect,Trine,Moon,Gemini,"20°18'57.82""",Mars,Libra,"20°06'24.48""",120,119.7907,0.2093
2025-10-13 14:45:00,Aspect,Trine,Moon,Gemini,"20°27'35.96""",Mars,Libra,"20°06'50.48""",120,119.654,0.346
2025-10-13 15:00:00,Aspect,Trine,Moon,Gemini,"20°36'13.94""",Mars,Libra,"20°07'16.49""",120,119.5174,0.4826
2025-10-13 15:15:00,Aspect,Trine,Moon,Gemini,"20°44'51.77""",Mars,Libra,"20°07'42.50""",120,119.3808,0.6192
2025-10-13 15:30:00,Aspect,Trine,Moon,Gemini,"20°53'29.46""",Mars,Libra,"20°08'08.51""",120,119.2442,0.7558
2025-10-13 15:45:00,Aspect,Trine,Moon,Gemini,"21°02'06.99""",Mars,Libra,"20°08'34.52""",120,119.1076,0.8924
2025-10-13 16:00:00,Aspect,Trine,Moon,Gemini,"21°10'44.37""",Rahu,Aquarius,"22°10'06.22""",120,119.0106,0.9894
2025-10-13 16:00:00,Aspect,Sextile,Moon,Gemini,"21°10'44.37""",Ketu,Leo,"22°10'06.22""",60,60.9894,0.9894
2025-10-13 16:15:00,Aspect,Trine,Moon,Gemini,"21°19'21.60""",Rahu,Aquarius,"22°10'04.23""",120,119.1548,0.8452
2025-10-13 16:15:00,Aspect,Sextile,Moon,Gemini,"21°19'21.60""",Ketu,Leo,"22°10'04.23""",60,60.8452,0.8452
2025-10-13 16:30:00,Aspect,Trine,Moon,Gemini,"21°27'58.68""",Rahu,Aquarius,"22°10'02.24""",120,119.299,0.701
2025-10-13 16:30:00,Aspect,Sextile,Moon,Gemini,"21°27'58.68""",Ketu,Leo,"22°10'02.24""",60,60.701,0.701
2025-10-13 16:45:00,Aspect,Trine,Moon,Gemini,"21°36'35.61""",Rahu,Aquarius,"22°10'00.26""",120,119.4432,0.5568
2025-10-13 16:45:00,Aspect,Sextile,Moon,Gemini,"21°36'35.61""",Ketu,Leo,"22°10'00.26""",60,60.5568,0.5568
2025-10-13 17:00:00,Aspect,Trine,Moon,Gemini,"21°45'12.39""",Rahu,Aquarius,"22°09'58.27""",120,119.5873,0.4127
2025-10-13 17:00:00,Aspect,Sextile,Moon,Gemini,"21°45'12.39""",Ketu,Leo,"22°09'58.27""",60,60.4127,0.4127
2025-10-13 17:15:00,Aspect,Trine,Moon,Gemini,"21°53'49.02""",Rahu,Aquarius,"22°09'56.28""",120,119.7313,0.2687
2025-10-13 17:15:00,Aspect,Sextile,Moon,Gemini,"21°53'49.02""",Ketu,Leo,"22°09'56.28""",60,60.2687,0.2687
2025-10-13 17:30:00,Aspect,Trine,Moon,Gemini,"22°02'25.50""",Rahu,Aquarius,"22°09'54.29""",120,119.8753,0.1247
2025-10-13 17:30:00,Aspect,Sextile,Moon,Gemini,"22°02'25.50""",Ketu,Leo,"22°09'54.29""",60,60.1247,0.1247
2025-10-13 17:45:00,Aspect,Trine,Moon,Gemini,"22°11'01.83""",Rahu,Aquarius,"22°09'52.31""",120,120.0193,0.0193
2025-10-13 17:45:00,Aspect,Sextile,Moon,Gemini,"22°11'01.83""",Ketu,Leo,"22°09'52.31""",60,59.9807,0.0193
2025-10-13 18:00:00,Aspect,Trine,Moon,Gemini,"22°19'38.01""",Rahu,Aquarius,"22°09'50.32""",120,120.1632,0.1632
2025-10-13 18:00:00,Aspect,Sextile,Moon,Gemini,"22°19'38.01""",Ketu,Leo,"22°09'50.32""",60,59.8368,0.1632
2025-10-13 18:15:00,Aspect,Trine,Moon,Gemini,"22°28'14.04""",Rahu,Aquarius,"22°09'48.33""",120,120.3071,0.3071
2025-10-13 18:15:00,Aspect,Sextile,Moon,Gemini,"22°28'14.04""",Ketu,Leo,"22°09'48.33""",60,59.6929,0.3071
2025-10-13 18:30:00,Aspect,Trine,Moon,Gemini,"22°36'49.91""",Rahu,Aquarius,"22°09'46.35""",120,120.451,0.451
2025-10-13 18:30:00,Aspect,Sextile,Moon,Gemini,"22°36'49.91""",Ketu,Leo,"22°09'46.35""",60,59.549,0.451
2025-10-13 18:45:00,Aspect,Trine,Moon,Gemini,"22°45'25.64""",Rahu,Aquarius,"22°09'44.36""",120,120.5948,0.5948
2025-10-13 18:45:00,Aspect,Sextile,Moon,Gemini,"22°45'25.64""",Ketu,Leo,"22°09'44.36""",60,59.4052,0.5948
2025-10-13 19:00:00,Aspect,Trine,Moon,Gemini,"22°54'01.22""",Rahu,Aquarius,"22°09'42.37""",120,120.7386,0.7386
2025-10-13 19:00:00,Aspect,Sextile,Moon,Gemini,"22°54'01.22""",Ketu,Leo,"22°09'42.37""",60,59.2614,0.7386
2025-10-13 19:15:00,Aspect,Trine,Moon,Gemini,"23°02'36.65""",Rahu,Aquarius,"22°09'40.38""",120,120.8823,0.8823
2025-10-13 19:15:00,Aspect,Sextile,Moon,Gemini,"23°02'36.65""",Ketu,Leo,"22°09'40.38""",60,59.1177,0.8823
2025-10-13 23:30:00,Aspect,Square,Sun,Virgo,"26°22'29.18""",Moon,Gemini,"25°28'16.07""",90,90.9036,0.9036
2025-10-13 23:45:00,Aspect,Square,Sun,Virgo,"26°23'06.31""",Moon,Gemini,"25°36'48.82""",90,90.7715,0.7715
2025-10-14 00:00:00,Aspect,Square,Sun,Virgo,"26°23'43.44""",Moon,Gemini,"25°45'21.41""",90,90.6395,0.6395
2025-10-14 00:15:00,Aspect,Square,Sun,Virgo,"26°24'20.57""",Moon,Gemini,"25°53'53.85""",90,90.5074,0.5074
2025-10-14 00:30:00,Aspect,Square,Sun,Virgo,"26°24'57.70""",Moon,Gemini,"26°02'26.15""",90,90.3754,0.3754
2025-10-14 00:45:00,Aspect,Square,Sun,Virgo,"26°25'34.83""",Moon,Gemini,"26°10'58.30""",90,90.2435,0.2435
2025-10-14 01:00:00,Aspect,Square,Sun,Virgo,"26°26'11.96""",Moon,Gemini,"26°19'30.30""",90,90.1116,0.1116
2025-10-14 01:15:00,Aspect,Square,Sun,Virgo,"26°26'49.09""",Moon,Gemini,"26°28'02.15""",90,89.9797,0.0203
2025-10-14 01:30:00,Aspect,Square,Sun,Virgo,"26°27'26.22""",Moon,Gemini,"26°36'33.86""",90,89.8479,0.1521
2025-10-14 01:45:00,Aspect,Square,Sun,Virgo,"26°28'03.35""",Moon,Gemini,"26°45'05.42""",90,89.7161,0.2839
2025-10-14 02:00:00,Aspect,Square,Sun,Virgo,"26°28'40.48""",Moon,Gemini,"26°53'36.82""",90,89.5843,0.4157
2025-10-14 02:15:00,Aspect,Square,Sun,Virgo,"26°29'17.61""",Moon,Gemini,"27°02'08.09""",90,89.4526,0.5474
2025-10-14 02:30:00,Aspect,Square,Sun,Virgo,"26°29'54.74""",Moon,Gemini,"27°10'39.20""",90,89.321,0.679
2025-10-14 02:45:00,Aspect,Square,Sun,Virgo,"26°30'31.88""",Moon,Gemini,"27°19'10.17""",90,89.1894,0.8106
2025-10-14 03:00:00,Aspect,Square,Sun,Virgo,"26°31'09.01""",Moon,Gemini,"27°27'40.98""",90,89.0578,0.9422
2025-10-14 05:15:00,Aspect,Conjunction,Moon,Gemini,"28°44'11.73""",Jupiter,Gemini,"29°36'53.60""",0,0.8783,0.8783
2025-10-14 05:30:00,Aspect,Conjunction,Moon,Gemini,"28°52'41.08""",Jupiter,Gemini,"29°36'56.94""",0,0.7377,0.7377
2025-10-14 05:45:00,Aspect,Conjunction,Moon,Gemini,"29°01'10.28""",Jupiter,Gemini,"29°37'00.27""",0,0.5972,0.5972
2025-10-14 06:00:00,Aspect,Conjunction,Moon,Gemini,"29°09'39.34""",Jupiter,Gemini,"29°37'03.61""",0,0.4567,0.4567
2025-10-14 06:15:00,Aspect,Conjunction,Moon,Gemini,"29°18'08.25""",Jupiter,Gemini,"29°37'06.94""",0,0.3163,0.3163
2025-10-14 06:30:00,Aspect,Conjunction,Moon,Gemini,"29°26'37.02""",Jupiter,Gemini,"29°37'10.28""",0,0.1759,0.1759
2025-10-14 06:45:00,Aspect,Conjunction,Moon,Gemini,"29°35'05.64""",Jupiter,Gemini,"29°37'13.61""",0,0.0355,0.0355
2025-10-14 07:00:00,Aspect,Conjunction,Moon,Gemini,"29°43'34.11""",Jupiter,Gemini,"29°37'16.94""",0,0.1048,0.1048
2025-10-14 07:15:00,Aspect,Conjunction,Moon,Gemini,"29°52'02.44""",Jupiter,Gemini,"29°37'20.27""",0,0.245,0.245
2025-10-14 07:30:00,Aspect,Conjunction,Moon,Cancer,"0°00'30.62""",Jupiter,Gemini,"29°37'23.60""",0,0.3853,0.3853
2025-10-14 07:45:00,Aspect,Conjunction,Moon,Cancer,"0°08'58.65""",Jupiter,Gemini,"29°37'26.93""",0,0.5255,0.5255
2025-10-14 08:00:00,Aspect,Conjunction,Moon,Cancer,"0°17'26.54""",Jupiter,Gemini,"29°37'30.26""",0,0.6656,0.6656
2025-10-14 08:15:00,Aspect,Conjunction,Moon,Cancer,"0°25'54.29""",Jupiter,Gemini,"29°37'33.59""",0,0.8058,0.8058
2025-10-14 08:30:00,Aspect,Conjunction,Moon,Cancer,"0°34'21.89""",Jupiter,Gemini,"29°37'36.91""",0,0.9458,0.9458
2025-10-14 10:30:00,Aspect,Trine,Moon,Cancer,"1°41'57.48""",Saturn,Pisces,"2°35'44.90""",120,119.1035,0.8965
2025-10-14 10:45:00,Aspect,Trine,Moon,Cancer,"1°50'23.78""",Saturn,Pisces,"2°35'42.39""",120,119.2448,0.7552
2025-10-14 11:00:00,Aspect,Trine,Moon,Cancer,"1°58'49.94""",Saturn,Pisces,"2°35'39.88""",120,119.3861,0.6139
2025-10-14 11:15:00,Aspect,Trine,Moon,Cancer,"2°07'15.95""",Saturn,Pisces,"2°35'37.37""",120,119.5274,0.4726
2025-10-14 11:30:00,Aspect,Trine,Moon,Cancer,"2°15'41.82""",Saturn,Pisces,"2°35'34.86""",120,119.6686,0.3314
2025-10-14 11:45:00,Aspect,Trine,Moon,Cancer,"2°24'07.55""",Saturn,Pisces,"2°35'32.35""",120,119.8098,0.1902
2025-10-14 12:00:00,Aspect,Trine,Moon,Cancer,"2°32'33.13""",Saturn,Pisces,"2°35'29.84""",120,119.9509,0.0491
2025-10-14 12:15:00,Aspect,Trine,Moon,Cancer,"2°40'58.57""",Saturn,Pisces,"2°35'27.33""",120,120.092,0.092
2025-10-14 12:30:00,Aspect,Trine,Moon,Cancer,"2°49'23.86""",Saturn,Pisces,"2°35'24.82""",120,120.2331,0.2331
2025-10-14 12:45:00,Aspect,Trine,Moon,Cancer,"2°57'49.01""",Saturn,Pisces,"2°35'22.31""",120,120.3741,0.3741
2025-10-14 13:00:00,Aspect,Trine,Moon,Cancer,"3°06'14.02""",Saturn,Pisces,"2°35'19.81""",120,120.5151,0.5151
2025-10-14 13:15:00,Aspect,Trine,Moon,Cancer,"3°14'38.89""",Saturn,Pisces,"2°35'17.30""",120,120.656,0.656
2025-10-14 13:30:00,Aspect,Trine,Moon,Cancer,"3°23'03.61""",Saturn,Pisces,"2°35'14.79""",120,120.7969,0.7969
2025-10-14 13:45:00,Aspect,Trine,Moon,Cancer,"3°31'28.19""",Saturn,Pisces,"2°35'12.28""",120,120.9378,0.9378
2025-10-14 17:15:00,Aspect,Sextile,Moon,Cancer,"5°28'57.45""",Venus,Virgo,"6°27'02.66""",60,60.9681,0.9681
2025-10-14 17:30:00,Aspect,Sextile,Moon,Cancer,"5°37'19.91""",Venus,Virgo,"6°27'49.20""",60,60.8415,0.8415
2025-10-14 17:45:00,Aspect,Sextile,Moon,Cancer,"5°45'42.23""",Venus,Virgo,"6°28'35.75""",60,60.7149,0.7149
2025-10-14 18:00:00,Aspect,Sextile,Moon,Cancer,"5°54'04.41""",Venus,Virgo,"6°29'22.29""",60,60.5883,0.5883
2025-10-14 18:15:00,Aspect,Sextile,Moon,Cancer,"6°02'26.45""",Venus,Virgo,"6°30'08.83""",60,60.4618,0.4618
2025-10-14 18:30:00,Aspect,Sextile,Moon,Cancer,"6°10'48.35""",Venus,Virgo,"6°30'55.37""",60,60.3353,0.3353
2025-10-14 18:45:00,Aspect,Sextile,Moon,Cancer,"6°19'10.12""",Venus,Virgo,"6°31'41.91""",60,60.2088,0.2088
2025-10-14 19:00:00,Aspect,Sextile,Moon,Cancer,"6°27'31.74""",Venus,Virgo,"6°32'28.46""",60,60.0824,0.0824
2025-10-14 19:15:00,Aspect,Sextile,Moon,Cancer,"6°35'53.22""",Venus,Virgo,"6°33'15.00""",60,59.9561,0.0439
2025-10-14 19:30:00,Aspect,Sextile,Moon,Cancer,"6°44'14.56""",Venus,Virgo,"6°34'01.54""",60,59.8297,0.1703
2025-10-14 19:45:00,Aspect,Sextile,Moon,Cancer,"6°52'35.77""",Venus,Virgo,"6°34'48.09""",60,59.7034,0.2966
2025-10-14 20:00:00,Aspect,Sextile,Moon,Cancer,"7°00'56.83""",Venus,Virgo,"6°35'34.63""",60,59.5772,0.4228
2025-10-14 20:15:00,Aspect,Sextile,Moon,Cancer,"7°09'17.76""",Venus,Virgo,"6°36'21.18""",60,59.4509,0.5491
2025-10-14 20:30:00,Aspect,Sextile,Moon,Cancer,"7°17'38.55""",Venus,Virgo,"6°37'07.72""",60,59.3248,0.6752
2025-10-14 20:45:00,Aspect,Sextile,Moon,Cancer,"7°25'59.20""",Venus,Virgo,"6°37'54.26""",60,59.1986,0.8014
2025-10-14 21:00:00,Aspect,Sextile,Moon,Cancer,"7°34'19.71""",Venus,Virgo,"6°38'40.81""",60,59.0725,0.9275
2025-10-15 00:45:00,Aspect,Trine,Mars,Libra,"21°05'51.42""",Rahu,Aquarius,"22°05'45.89""",120,120.9985,0.9985
2025-10-15 00:45:00,Aspect,Sextile,Mars,Libra,"21°05'51.42""",Ketu,Leo,"22°05'45.89""",60,59.0015,0.9985
2025-10-15 01:00:00,Aspect,Trine,Mars,Libra,"21°06'17.48""",Rahu,Aquarius,"22°05'43.91""",120,120.9907,0.9907
2025-10-15 01:00:00,Aspect,Sextile,Mars,Libra,"21°06'17.48""",Ketu,Leo,"22°05'43.91""",60,59.0093,0.9907
2025-10-15 01:15:00,Aspect,Trine,Mars,Libra,"21°06'43.55""",Rahu,Aquarius,"22°05'41.92""",120,120.9829,0.9829
2025-10-15 01:15:00,Aspect,Sextile,Mars,Libra,"21°06'43.55""",Ketu,Leo,"22°05'41.92""",60,59.0171,0.9829
2025-10-15 01:30:00,Aspect,Trine,Mars,Libra,"21°07'09.62""",Rahu,Aquarius,"22°05'39.93""",120,120.9751,0.9751
2025-10-15 01:30:00,Aspect,Sextile,Mars,Libra,"21°07'09.62""",Ketu,Leo,"22°05'39.93""",60,59.0249,0.9751
2025-10-15 01:45:00,Aspect,Trine,Mars,Libra,"21°07'35.68""",Rahu,Aquarius,"22°05'37.95""",120,120.9673,0.9673
2025-10-15 01:45:00,Aspect,Sextile,Mars,Libra,"21°07'35.68""",Ketu,Leo,"22°05'37.95""",60,59.0327,0.9673
2025-10-15 02:00:00,Aspect,Trine,Mars,Libra,"21°08'01.75""",Rahu,Aquarius,"22°05'35.96""",120,120.9595,0.9595
2025-10-15 02:00:00,Aspect,Sextile,Mars,Libra,"21°08'01.75""",Ketu,Leo,"22°05'35.96""",60,59.0405,0.9595
2025-10-15 02:15:00,Aspect,Trine,Mars,Libra,"21°08'27.82""",Rahu,Aquarius,"22°05'33.97""",120,120.9517,0.9517
2025-10-15 02:15:00,Aspect,Sextile,Mars,Libra,"21°08'27.82""",Ketu,Leo,"22°05'33.97""",60,59.0483,0.9517
2025-10-15 02:30:00,Aspect,Trine,Mars,Libra,"21°08'53.88""",Rahu,Aquarius,"22°05'31.98""",120,120.9439,0.9439
2025-10-15 02:30:00,Aspect,Sextile,Mars,Libra,"21°08'53.88""",Ketu,Leo,"22°05'31.98""",60,59.0561,0.9439
2025-10-15 02:45:00,Aspect,Trine,Mars,Libra,"21°09'19.95""",Rahu,Aquarius,"22°05'30.00""",120,120.9361,0.9361
2025-10-15 02:45:00,Aspect,Sextile,Mars,Libra,"21°09'19.95""",Ketu,Leo,"22°05'30.00""",60,59.0639,0.9361
2025-10-15 03:00:00,Aspect,Trine,Mars,Libra,"21°09'46.02""",Rahu,Aquarius,"22°05'28.01""",120,120.9283,0.9283
2025-10-15 03:00:00,Aspect,Sextile,Mars,Libra,"21°09'46.02""",Ketu,Leo,"22°05'28.01""",60,59.0717,0.9283
2025-10-15 03:15:00,Aspect,Trine,Mars,Libra,"21°10'12.09""",Rahu,Aquarius,"22°05'26.02""",120,120.9205,0.9205
2025-10-15 03:15:00,Aspect,Sextile,Mars,Libra,"21°10'12.09""",Ketu,Leo,"22°05'26.02""",60,59.0795,0.9205
2025-10-15 03:30:00,Aspect,Trine,Mars,Libra,"21°10'38.16""",Rahu,Aquarius,"22°05'24.04""",120,120.9127,0.9127
2025-10-15 03:30:00,Aspect,Sextile,Mars,Libra,"21°10'38.16""",Ketu,Leo,"22°05'24.04""",60,59.0873,0.9127
2025-10-15 03:45:00,Aspect,Trine,Mars,Libra,"21°11'04.23""",Rahu,Aquarius,"22°05'22.05""",120,120.905,0.905
2025-10-15 03:45:00,Aspect,Sextile,Mars,Libra,"21°11'04.23""",Ketu,Leo,"22°05'22.05""",60,59.095,0.905
2025-10-15 04:00:00,Aspect,Trine,Mars,Libra,"21°11'30.30""",Rahu,Aquarius,"22°05'20.06""",120,120.8972,0.8972
2025-10-15 04:00:00,Aspect,Sextile,Mars,Libra,"21°11'30.30""",Ketu,Leo,"22°05'20.06""",60,59.1028,0.8972
2025-10-15 04:15:00,Aspect,Trine,Mars,Libra,"21°11'56.37""",Rahu,Aquarius,"22°05'18.07""",120,120.8894,0.8894
2025-10-15 04:15:00,Aspect,Sextile,Mars,Libra,"21°11'56.37""",Ketu,Leo,"22°05'18.07""",60,59.1106,0.8894
2025-10-15 04:30:00,Aspect,Trine,Mars,Libra,"21°12'22.44""",Rahu,Aquarius,"22°05'16.09""",120,120.8816,0.8816
2025-10-15 04:30:00,Aspect,Sextile,Mars,Libra,"21°12'22.44""",Ketu,Leo,"22°05'16.09""",60,59.1184,0.8816
2025-10-15 04:45:00,Aspect,Trine,Mars,Libra,"21°12'48.51""",Rahu,Aquarius,"22°05'14.10""",120,120.8738,0.8738
2025-10-15 04:45:00,Aspect,Sextile,Mars,Libra,"21°12'48.51""",Ketu,Leo,"22°05'14.10""",60,59.1262,0.8738
2025-10-15 05:00:00,Aspect,Trine,Mars,Libra,"21°13'14.58""",Rahu,Aquarius,"22°05'12.11""",120,120.866,0.866
2025-10-15 05:00:00,Aspect,Sextile,Mars,Libra,"21°13'14.58""",Ketu,Leo,"22°05'12.11""",60,59.134,0.866
2025-10-15 05:15:00,Aspect,Trine,Mars,Libra,"21°13'40.65""",Rahu,Aquarius,"22°05'10.12""",120,120.8582,0.8582
2025-10-15 05:15:00,Aspect,Sextile,Mars,Libra,"21°13'40.65""",Ketu,Leo,"22°05'10.12""",60,59.1418,0.8582
2025-10-15 05:30:00,Aspect,Trine,Mars,Libra,"21°14'06.73""",Rahu,Aquarius,"22°05'08.14""",120,120.8504,0.8504
2025-10-15 05:30:00,Aspect,Sextile,Mars,Libra,"21°14'06.73""",Ketu,Leo,"22°05'08.14""",60,59.1496,0.8504
2025-10-15 05:45:00,Aspect,Trine,Mars,Libra,"21°14'32.80""",Rahu,Aquarius,"22°05'06.15""",120,120.8426,0.8426
2025-10-15 05:45:00,Aspect,Sextile,Mars,Libra,"21°14'32.80""",Ketu,Leo,"22°05'06.15""",60,59.1574,0.8426
2025-10-15 06:00:00,Aspect,Trine,Mars,Libra,"21°14'58.87""",Rahu,Aquarius,"22°05'04.16""",120,120.8348,0.8348
2025-10-15 06:00:00,Aspect,Sextile,Mars,Libra,"21°14'58.87""",Ketu,Leo,"22°05'04.16""",60,59.1652,0.8348
2025-10-15 06:15:00,Aspect,Trine,Mars,Libra,"21°15'24.95""",Rahu,Aquarius,"22°05'02.18""",120,120.827,0.827
2025-10-15 06:15:00,Aspect,Sextile,Mars,Libra,"21°15'24.95""",Ketu,Leo,"22°05'02.18""",60,59.173,0.827
2025-10-15 06:30:00,Aspect,Trine,Mars,Libra,"21°15'51.02""",Rahu,Aquarius,"22°05'00.19""",120,120.8192,0.8192
2025-10-15 06:30:00,Aspect,Sextile,Mars,Libra,"21°15'51.02""",Ketu,Leo,"22°05'00.19""",60,59.1808,0.8192
2025-10-15 06:45:00,Aspect,Trine,Mars,Libra,"21°16'17.10""",Rahu,Aquarius,"22°04'58.20""",120,120.8114,0.8114
2025-10-15 06:45:00,Aspect,Sextile,Mars,Libra,"21°16'17.10""",Ketu,Leo,"22°04'58.20""",60,59.1886,0.8114
2025-10-15 07:00:00,Aspect,Trine,Mars,Libra,"21°16'43.17""",Rahu,Aquarius,"22°04'56.21""",120,120.8036,0.8036
2025-10-15 07:00:00,Aspect,Sextile,Mars,Libra,"21°16'43.17""",Ketu,Leo,"22°04'56.21""",60,59.1964,0.8036
2025-10-15 07:15:00,Aspect,Trine,Mars,Libra,"21°17'09.25""",Rahu,Aquarius,"22°04'54.23""",120,120.7958,0.7958
2025-10-15 07:15:00,Aspect,Sextile,Mars,Libra,"21°17'09.25""",Ketu,Leo,"22°04'54.23""",60,59.2042,0.7958
2025-10-15 07:30:00,Aspect,Trine,Mars,Libra,"21°17'35.32""",Rahu,Aquarius,"22°04'52.24""",120,120.788,0.788
2025-10-15 07:30:00,Aspect,Sextile,Mars,Libra,"21°17'35.32""",Ketu,Leo,"22°04'52.24""",60,59.212,0.788
2025-10-15 07:45:00,Aspect,Trine,Mars,Libra,"21°18'01.40""",Rahu,Aquarius,"22°04'50.25""",120,120.7802,0.7802
2025-10-15 07:45:00,Aspect,Sextile,Mars,Libra,"21°18'01.40""",Ketu,Leo,"22°04'50.25""",60,59.2198,0.7802
2025-10-15 08:00:00,Aspect,Trine,Mars,Libra,"21°18'27.47""",Rahu,Aquarius,"22°04'48.27""",120,120.7724,0.7724
2025-10-15 08:00:00,Aspect,Sextile,Mars,Libra,"21°18'27.47""",Ketu,Leo,"22°04'48.27""",60,59.2276,0.7724
2025-10-15 08:15:00,Aspect,Trine,Mars,Libra,"21°18'53.55""",Rahu,Aquarius,"22°04'46.28""",120,120.7646,0.7646
2025-10-15 08:15:00,Aspect,Sextile,Mars,Libra,"21°18'53.55""",Ketu,Leo,"22°04'46.28""",60,59.2354,0.7646
2025-10-15 08:30:00,Aspect,Trine,Mars,Libra,"21°19'19.63""",Rahu,Aquarius,"22°04'44.29""",120,120.7569,0.7569
2025-10-15 08:30:00,Aspect,Sextile,Mars,Libra,"21°19'19.63""",Ketu,Leo,"22°04'44.29""",60,59.2431,0.7569
2025-10-15 08:45:00,Aspect,Trine,Mars,Libra,"21°19'45.71""",Rahu,Aquarius,"22°04'42.30""",120,120.7491,0.7491
2025-10-15 08:45:00,Aspect,Sextile,Mars,Libra,"21°19'45.71""",Ketu,Leo,"22°04'42.30""",60,59.2509,0.7491
2025-10-15 09:00:00,Aspect,Trine,Mars,Libra,"21°20'11.79""",Rahu,Aquarius,"22°04'40.32""",120,120.7413,0.7413
2025-10-15 09:00:00,Aspect,Sextile,Mars,Libra,"21°20'11.79""",Ketu,Leo,"22°04'40.32""",60,59.2587,0.7413
2025-10-15 09:15:00,Aspect,Trine,Mars,Libra,"21°20'37.86""",Rahu,Aquarius,"22°04'38.33""",120,120.7335,0.7335
2025-10-15 09:15:00,Aspect,Sextile,Mars,Libra,"21°20'37.86""",Ketu,Leo,"22°04'38.33""",60,59.2665,0.7335
2025-10-15 09:30:00,Aspect,Trine,Mars,Libra,"21°21'03.94""",Rahu,Aquarius,"22°04'36.34""",120,120.7257,0.7257
2025-10-15 09:30:00,Aspect,Sextile,Mars,Libra,"21°21'03.94""",Ketu,Leo,"22°04'36.34""",60,59.2743,0.7257
2025-10-15 09:45:00,Aspect,Trine,Mars,Libra,"21°21'30.02""",Rahu,Aquarius,"22°04'34.36""",120,120.7179,0.7179
2025-10-15 09:45:00,Aspect,Sextile,Mars,Libra,"21°21'30.02""",Ketu,Leo,"22°04'34.36""",60,59.2821,0.7179
2025-10-15 10:00:00,Aspect,Trine,Mars,Libra,"21°21'56.10""",Rahu,Aquarius,"22°04'32.37""",120,120.7101,0.7101
2025-10-15 10:00:00,Aspect,Sextile,Mars,Libra,"21°21'56.10""",Ketu,Leo,"22°04'32.37""",60,59.2899,0.7101
2025-10-15 10:15:00,Aspect,Trine,Mars,Libra,"21°22'22.18""",Rahu,Aquarius,"22°04'30.38""",120,120.7023,0.7023
2025-10-15 10:15:00,Aspect,Sextile,Mars,Libra,"21°22'22.18""",Ketu,Leo,"22°04'30.38""",60,59.2977,0.7023
2025-10-15 10:30:00,Aspect,Trine,Mars,Libra,"21°22'48.26""",Rahu,Aquarius,"22°04'28.39""",120,120.6945,0.6945
2025-10-15 10:30:00,Aspect,Sextile,Mars,Libra,"21°22'48.26""",Ketu,Leo,"22°04'28.39""",60,59.3055,0.6945
2025-10-15 10:45:00,Aspect,Trine,Mars,Libra,"21°23'14.35""",Rahu,Aquarius,"22°04'26.41""",120,120.6867,0.6867
2025-10-15 10:45:00,Aspect,Sextile,Mars,Libra,"21°23'14.35""",Ketu,Leo,"22°04'26.41""",60,59.3133,0.6867
2025-10-15 11:00:00,Aspect,Trine,Mars,Libra,"21°23'40.43""",Rahu,Aquarius,"22°04'24.42""",120,120.6789,0.6789
2025-10-15 11:00:00,Aspect,Sextile,Mars,Libra,"21°23'40.43""",Ketu,Leo,"22°04'24.42""",60,59.3211,0.6789
2025-10-15 11:15:00,Aspect,Trine,Mars,Libra,"21°24'06.51""",Rahu,Aquarius,"22°04'22.43""",120,120.6711,0.6711
2025-10-15 11:15:00,Aspect,Sextile,Mars,Libra,"21°24'06.51""",Ketu,Leo,"22°04'22.43""",60,59.3289,0.6711
2025-10-15 11:30:00,Aspect,Trine,Mars,Libra,"21°24'32.59""",Rahu,Aquarius,"22°04'20.44""",120,120.6633,0.6633
2025-10-15 11:30:00,Aspect,Sextile,Mars,Libra,"21°24'32.59""",Ketu,Leo,"22°04'20.44""",60,59.3367,0.6633
2025-10-15 11:45:00,Aspect,Trine,Mars,Libra,"21°24'58.68""",Rahu,Aquarius,"22°04'18.46""",120,120.6555,0.6555
2025-10-15 11:45:00,Aspect,Sextile,Mars,Libra,"21°24'58.68""",Ketu,Leo,"22°04'18.46""",60,59.3445,0.6555
2025-10-15 12:00:00,Aspect,Trine,Mars,Libra,"21°25'24.76""",Rahu,Aquarius,"22°04'16.47""",120,120.6477,0.6477
2025-10-15 12:00:00,Aspect,Sextile,Mars,Libra,"21°25'24.76""",Ketu,Leo,"22°04'16.47""",60,59.3523,0.6477
2025-10-15 12:15:00,Aspect,Trine,Mars,Libra,"21°25'50.84""",Rahu,Aquarius,"22°04'14.48""",120,120.6399,0.6399
2025-10-15 12:15:00,Aspect,Sextile,Mars,Libra,"21°25'50.84""",Ketu,Leo,"22°04'14.48""",60,59.3601,0.6399
2025-10-15 12:30:00,Aspect,Trine,Mars,Libra,"21°26'16.93""",Rahu,Aquarius,"22°04'12.50""",120,120.6321,0.6321
2025-10-15 12:30:00,Aspect,Sextile,Mars,Libra,"21°26'16.93""",Ketu,Leo,"22°04'12.50""",60,59.3679,0.6321
2025-10-15 12:45:00,Aspect,Trine,Mars,Libra,"21°26'43.01""",Rahu,Aquarius,"22°04'10.51""",120,120.6243,0.6243
2025-10-15 12:45:00,Aspect,Sextile,Mars,Libra,"21°26'43.01""",Ketu,Leo,"22°04'10.51""",60,59.3757,0.6243
2025-10-15 13:00:00,Aspect,Trine,Mars,Libra,"21°27'09.10""",Rahu,Aquarius,"22°04'08.52""",120,120.6165,0.6165
2025-10-15 13:00:00,Aspect,Sextile,Mars,Libra,"21°27'09.10""",Ketu,Leo,"22°04'08.52""",60,59.3835,0.6165
2025-10-15 13:15:00,Aspect,Trine,Mars,Libra,"21°27'35.18""",Rahu,Aquarius,"22°04'06.53""",120,120.6087,0.6087
2025-10-15 13:15:00,Aspect,Sextile,Mars,Libra,"21°27'35.18""",Ketu,Leo,"22°04'06.53""",60,59.3913,0.6087
2025-10-15 13:30:00,Aspect,Trine,Mars,Libra,"21°28'01.27""",Rahu,Aquarius,"22°04'04.55""",120,120.6009,0.6009
2025-10-15 13:30:00,Aspect,Sextile,Mars,Libra,"21°28'01.27""",Ketu,Leo,"22°04'04.55""",60,59.3991,0.6009
2025-10-15 13:45:00,Aspect,Trine,Mars,Libra,"21°28'27.35""",Rahu,Aquarius,"22°04'02.56""",120,120.5931,0.5931
2025-10-15 13:45:00,Aspect,Sextile,Mars,Libra,"21°28'27.35""",Ketu,Leo,"22°04'02.56""",60,59.4069,0.5931
2025-10-15 14:00:00,Aspect,Trine,Mars,Libra,"21°28'53.44""",Rahu,Aquarius,"22°04'00.57""",120,120.5853,0.5853
2025-10-15 14:00:00,Aspect,Sextile,Mars,Libra,"21°28'53.44""",Ketu,Leo,"22°04'00.57""",60,59.4147,0.5853
2025-10-15 14:15:00,Aspect,Trine,Mars,Libra,"21°29'19.53""",Rahu,Aquarius,"22°03'58.59""",120,120.5775,0.5775
2025-10-15 14:15:00,Aspect,Sextile,Mars,Libra,"21°29'19.53""",Ketu,Leo,"22°03'58.59""",60,59.4225,0.5775
2025-10-15 14:30:00,Aspect,Trine,Mars,Libra,"21°29'45.62""",Rahu,Aquarius,"22°03'56.60""",120,120.5697,0.5697
2025-10-15 14:30:00,Aspect,Sextile,Mars,Libra,"21°29'45.62""",Ketu,Leo,"22°03'56.60""",60,59.4303,0.5697
2025-10-15 14:45:00,Aspect,Square,Moon,Cancer,"17°20'53.03""",Mercury,Libra,"18°17'19.65""",90,90.9407,0.9407
2025-10-15 14:45:00,Aspect,Trine,Mars,Libra,"21°30'11.70""",Rahu,Aquarius,"22°03'54.61""",120,120.5619,0.5619
2025-10-15 14:45:00,Aspect,Sextile,Mars,Libra,"21°30'11.70""",Ketu,Leo,"22°03'54.61""",60,59.4381,0.5619
2025-10-15 15:00:00,Aspect,Square,Moon,Cancer,"17°29'04.03""",Mercury,Libra,"18°18'11.69""",90,90.8188,0.8188
2025-10-15 15:00:00,Aspect,Trine,Mars,Libra,"21°30'37.79""",Rahu,Aquarius,"22°03'52.62""",120,120.5541,0.5541
2025-10-15 15:00:00,Aspect,Sextile,Mars,Libra,"21°30'37.79""",Ketu,Leo,"22°03'52.62""",60,59.4459,0.5541
2025-10-15 15:15:00,Aspect,Square,Moon,Cancer,"17°37'14.91""",Mercury,Libra,"18°19'03.72""",90,90.6969,0.6969
2025-10-15 15:15:00,Aspect,Trine,Mars,Libra,"21°31'03.88""",Rahu,Aquarius,"22°03'50.64""",120,120.5463,0.5463
2025-10-15 15:15:00,Aspect,Sextile,Mars,Libra,"21°31'03.88""",Ketu,Leo,"22°03'50.64""",60,59.4537,0.5463
2025-10-15 15:30:00,Aspect,Square,Moon,Cancer,"17°45'25.66""",Mercury,Libra,"18°19'55.74""",90,90.575,0.575
2025-10-15 15:30:00,Aspect,Trine,Mars,Libra,"21°31'29.97""",Rahu,Aquarius,"22°03'48.65""",120,120.5385,0.5385
2025-10-15 15:30:00,Aspect,Sextile,Mars,Libra,"21°31'29.97""",Ketu,Leo,"22°03'48.65""",60,59.4615,0.5385
2025-10-15 15:45:00,Aspect,Square,Moon,Cancer,"17°53'36.29""",Mercury,Libra,"18°20'47.76""",90,90.4532,0.4532
2025-10-15 15:45:00,Aspect,Trine,Mars,Libra,"21°31'56.06""",Rahu,Aquarius,"22°03'46.66""",120,120.5307,0.5307
2025-10-15 15:45:00,Aspect,Sextile,Mars,Libra,"21°31'56.06""",Ketu,Leo,"22°03'46.66""",60,59.4693,0.5307
2025-10-15 16:00:00,Aspect,Square,Moon,Cancer,"18°01'46.79""",Mercury,Libra,"18°21'39.77""",90,90.3314,0.3314
2025-10-15 16:00:00,Aspect,Trine,Mars,Libra,"21°32'22.15""",Rahu,Aquarius,"22°03'44.68""",120,120.5229,0.5229
2025-10-15 16:00:00,Aspect,Sextile,Mars,Libra,"21°32'22.15""",Ketu,Leo,"22°03'44.68""",60,59.4771,0.5229
2025-10-15 16:15:00,Aspect,Square,Moon,Cancer,"18°09'57.17""",Mercury,Libra,"18°22'31.78""",90,90.2096,0.2096
2025-10-15 16:15:00,Aspect,Trine,Mars,Libra,"21°32'48.24""",Rahu,Aquarius,"22°03'42.69""",120,120.5151,0.5151
2025-10-15 16:15:00,Aspect,Sextile,Mars,Libra,"21°32'48.24""",Ketu,Leo,"22°03'42.69""",60,59.4849,0.5151
2025-10-15 16:30:00,Aspect,Square,Moon,Cancer,"18°18'07.43""",Mercury,Libra,"18°23'23.78""",90,90.0879,0.0879
2025-10-15 16:30:00,Aspect,Trine,Mars,Libra,"21°33'14.33""",Rahu,Aquarius,"22°03'40.70""",120,120.5073,0.5073
2025-10-15 16:30:00,Aspect,Sextile,Mars,Libra,"21°33'14.33""",Ketu,Leo,"22°03'40.70""",60,59.4927,0.5073
2025-10-15 16:45:00,Aspect,Square,Moon,Cancer,"18°26'17.56""",Mercury,Libra,"18°24'15.77""",90,89.9662,0.0338
2025-10-15 16:45:00,Aspect,Trine,Mars,Libra,"21°33'40.42""",Rahu,Aquarius,"22°03'38.71""",120,120.4995,0.4995
2025-10-15 16:45:00,Aspect,Sextile,Mars,Libra,"21°33'40.42""",Ketu,Leo,"22°03'38.71""",60,59.5005,0.4995
2025-10-15 17:00:00,Aspect,Square,Moon,Cancer,"18°34'27.56""",Mercury,Libra,"18°25'07.76""",90,89.8445,0.1555
2025-10-15 17:00:00,Aspect,Trine,Mars,Libra,"21°34'06.52""",Rahu,Aquarius,"22°03'36.73""",120,120.4917,0.4917
2025-10-15 17:00:00,Aspect,Sextile,Mars,Libra,"21°34'06.52""",Ketu,Leo,"22°03'36.73""",60,59.5083,0.4917
2025-10-15 17:15:00,Aspect,Square,Moon,Cancer,"18°42'37.45""",Mercury,Libra,"18°25'59.74""",90,89.7229,0.2771
2025-10-15 17:15:00,Aspect,Trine,Mars,Libra,"21°34'32.61""",Rahu,Aquarius,"22°03'34.74""",120,120.4839,0.4839
2025-10-15 17:15:00,Aspect,Sextile,Mars,Libra,"21°34'32.61""",Ketu,Leo,"22°03'34.74""",60,59.5161,0.4839
2025-10-15 17:30:00,Aspect,Square,Moon,Cancer,"18°50'47.20""",Mercury,Libra,"18°26'51.72""",90,89.6013,0.3987
2025-10-15 17:30:00,Aspect,Trine,Mars,Libra,"21°34'58.70""",Rahu,Aquarius,"22°03'32.75""",120,120.4761,0.4761
2025-10-15 17:30:00,Aspect,Sextile,Mars,Libra,"21°34'58.70""",Ketu,Leo,"22°03'32.75""",60,59.5239,0.4761
2025-10-15 17:45:00,Aspect,Square,Moon,Cancer,"18°58'56.84""",Mercury,Libra,"18°27'43.69""",90,89.4797,0.5203
2025-10-15 17:45:00,Aspect,Trine,Mars,Libra,"21°35'24.79""",Rahu,Aquarius,"22°03'30.76""",120,120.4683,0.4683
2025-10-15 17:45:00,Aspect,Sextile,Mars,Libra,"21°35'24.79""",Ketu,Leo,"22°03'30.76""",60,59.5317,0.4683
2025-10-15 18:00:00,Aspect,Square,Moon,Cancer,"19°07'06.35""",Mercury,Libra,"18°28'35.65""",90,89.3581,0.6419
2025-10-15 18:00:00,Aspect,Trine,Mars,Libra,"21°35'50.89""",Rahu,Aquarius,"22°03'28.78""",120,120.4605,0.4605
2025-10-15 18:00:00,Aspect,Sextile,Mars,Libra,"21°35'50.89""",Ketu,Leo,"22°03'28.78""",60,59.5395,0.4605
2025-10-15 18:15:00,Aspect,Square,Moon,Cancer,"19°15'15.74""",Mercury,Libra,"18°29'27.61""",90,89.2366,0.7634
2025-10-15 18:15:00,Aspect,Trine,Mars,Libra,"21°36'16.98""",Rahu,Aquarius,"22°03'26.79""",120,120.4527,0.4527
2025-10-15 18:15:00,Aspect,Sextile,Mars,Libra,"21°36'16.98""",Ketu,Leo,"22°03'26.79""",60,59.5473,0.4527
2025-10-15 18:30:00,Aspect,Square,Moon,Cancer,"19°23'25.00""",Mercury,Libra,"18°30'19.56""",90,89.1152,0.8848
2025-10-15 18:30:00,Aspect,Trine,Mars,Libra,"21°36'43.08""",Rahu,Aquarius,"22°03'24.80""",120,120.4449,0.4449
2025-10-15 18:30:00,Aspect,Sextile,Mars,Libra,"21°36'43.08""",Ketu,Leo,"22°03'24.80""",60,59.5551,0.4449
2025-10-15 18:45:00,Aspect,Trine,Mars,Libra,"21°37'09.17""",Rahu,Aquarius,"22°03'22.82""",120,120.4371,0.4371
2025-10-15 18:45:00,Aspect,Sextile,Mars,Libra,"21°37'09.17""",Ketu,Leo,"22°03'22.82""",60,59.5629,0.4371
2025-10-15 19:00:00,Aspect,Trine,Mars,Libra,"21°37'35.27""",Rahu,Aquarius,"22°03'20.83""",120,120.4293,0.4293
2025-10-15 19:00:00,Aspect,Sextile,Mars,Libra,"21°37'35.27""",Ketu,Leo,"22°03'20.83""",60,59.5707,0.4293
2025-10-15 19:15:00,Aspect,Trine,Mars,Libra,"21°38'01.36""",Rahu,Aquarius,"22°03'18.84""",120,120.4215,0.4215
2025-10-15 19:15:00,Aspect,Sextile,Mars,Libra,"21°38'01.36""",Ketu,Leo,"22°03'18.84""",60,59.5785,0.4215
2025-10-15 19:30:00,Aspect,Trine,Mars,Libra,"21°38'27.46""",Rahu,Aquarius,"22°03'16.85""",120,120.4137,0.4137
2025-10-15 19:30:00,Aspect,Sextile,Mars,Libra,"21°38'27.46""",Ketu,Leo,"22°03'16.85""",60,59.5863,0.4137
2025-10-15 19:45:00,Aspect,Trine,Mars,Libra,"21°38'53.55""",Rahu,Aquarius,"22°03'14.87""",120,120.4059,0.4059
2025-10-15 19:45:00,Aspect,Sextile,Mars,Libra,"21°38'53.55""",Ketu,Leo,"22°03'14.87""",60,59.5941,0.4059
2025-10-15 20:00:00,Aspect,Trine,Mars,Libra,"21°39'19.65""",Rahu,Aquarius,"22°03'12.88""",120,120.3981,0.3981
2025-10-15 20:00:00,Aspect,Sextile,Mars,Libra,"21°39'19.65""",Ketu,Leo,"22°03'12.88""",60,59.6019,0.3981
2025-10-15 20:15:00,Aspect,Trine,Mars,Libra,"21°39'45.75""",Rahu,Aquarius,"22°03'10.89""",120,120.3903,0.3903
2025-10-15 20:15:00,Aspect,Sextile,Mars,Libra,"21°39'45.75""",Ketu,Leo,"22°03'10.89""",60,59.6097,0.3903
2025-10-15 20:30:00,Aspect,Trine,Mars,Libra,"21°40'11.84""",Rahu,Aquarius,"22°03'08.91""",120,120.3825,0.3825
2025-10-15 20:30:00,Aspect,Sextile,Mars,Libra,"21°40'11.84""",Ketu,Leo,"22°03'08.91""",60,59.6175,0.3825
2025-10-15 20:45:00,Aspect,Trine,Mars,Libra,"21°40'37.94""",Rahu,Aquarius,"22°03'06.92""",120,120.3747,0.3747
2025-10-15 20:45:00,Aspect,Sextile,Mars,Libra,"21°40'37.94""",Ketu,Leo,"22°03'06.92""",60,59.6253,0.3747
2025-10-15 21:00:00,Aspect,Square,Moon,Cancer,"20°44'50.94""",Mars,Libra,"21°41'04.04""",90,90.937,0.937
2025-10-15 21:00:00,Aspect,Trine,Mars,Libra,"21°41'04.04""",Rahu,Aquarius,"22°03'04.93""",120,120.3669,0.3669
2025-10-15 21:00:00,Aspect,Sextile,Mars,Libra,"21°41'04.04""",Ketu,Leo,"22°03'04.93""",60,59.6331,0.3669
2025-10-15 21:15:00,Aspect,Square,Moon,Cancer,"20°52'58.87""",Mars,Libra,"21°41'30.14""",90,90.8087,0.8087
2025-10-15 21:15:00,Aspect,Trine,Mars,Libra,"21°41'30.14""",Rahu,Aquarius,"22°03'02.94""",120,120.3591,0.3591
2025-10-15 21:15:00,Aspect,Sextile,Mars,Libra,"21°41'30.14""",Ketu,Leo,"22°03'02.94""",60,59.6409,0.3591
2025-10-15 21:30:00,Aspect,Square,Moon,Cancer,"21°01'06.68""",Mars,Libra,"21°41'56.24""",90,90.6804,0.6804
2025-10-15 21:30:00,Aspect,Trine,Mars,Libra,"21°41'56.24""",Rahu,Aquarius,"22°03'00.96""",120,120.3513,0.3513
2025-10-15 21:30:00,Aspect,Sextile,Mars,Libra,"21°41'56.24""",Ketu,Leo,"22°03'00.96""",60,59.6487,0.3513
2025-10-15 21:45:00,Aspect,Square,Moon,Cancer,"21°09'14.36""",Mars,Libra,"21°42'22.34""",90,90.5522,0.5522
2025-10-15 21:45:00,Aspect,Trine,Mars,Libra,"21°42'22.34""",Rahu,Aquarius,"22°02'58.97""",120,120.3435,0.3435
2025-10-15 21:45:00,Aspect,Sextile,Mars,Libra,"21°42'22.34""",Ketu,Leo,"22°02'58.97""",60,59.6565,0.3435
2025-10-15 22:00:00,Aspect,Square,Moon,Cancer,"21°17'21.93""",Mars,Libra,"21°42'48.44""",90,90.424,0.424
2025-10-15 22:00:00,Aspect,Trine,Mars,Libra,"21°42'48.44""",Rahu,Aquarius,"22°02'56.98""",120,120.3357,0.3357
2025-10-15 22:00:00,Aspect,Sextile,Mars,Libra,"21°42'48.44""",Ketu,Leo,"22°02'56.98""",60,59.6643,0.3357
2025-10-15 22:15:00,Aspect,Square,Moon,Cancer,"21°25'29.37""",Mars,Libra,"21°43'14.54""",90,90.2959,0.2959
2025-10-15 22:15:00,Aspect,Trine,Mars,Libra,"21°43'14.54""",Rahu,Aquarius,"22°02'55.00""",120,120.3279,0.3279
2025-10-15 22:15:00,Aspect,Sextile,Mars,Libra,"21°43'14.54""",Ketu,Leo,"22°02'55.00""",60,59.6721,0.3279
2025-10-15 22:30:00,Aspect,Square,Moon,Cancer,"21°33'36.70""",Mars,Libra,"21°43'40.64""",90,90.1678,0.1678
2025-10-15 22:30:00,Aspect,Trine,Mars,Libra,"21°43'40.64""",Rahu,Aquarius,"22°02'53.01""",120,120.3201,0.3201
2025-10-15 22:30:00,Aspect,Sextile,Mars,Libra,"21°43'40.64""",Ketu,Leo,"22°02'53.01""",60,59.6799,0.3201
2025-10-15 22:45:00,Aspect,Square,Moon,Cancer,"21°41'43.91""",Mars,Libra,"21°44'06.74""",90,90.0397,0.0397
2025-10-15 22:45:00,Aspect,Trine,Mars,Libra,"21°44'06.74""",Rahu,Aquarius,"22°02'51.02""",120,120.3123,0.3123
2025-10-15 22:45:00,Aspect,Sextile,Mars,Libra,"21°44'06.74""",Ketu,Leo,"22°02'51.02""",60,59.6877,0.3123
2025-10-15 23:00:00,Aspect,Square,Moon,Cancer,"21°49'50.99""",Mars,Libra,"21°44'32.84""",90,89.9116,0.0884
2025-10-15 23:00:00,Aspect,Trine,Mars,Libra,"21°44'32.84""",Rahu,Aquarius,"22°02'49.03""",120,120.3045,0.3045
2025-10-15 23:00:00,Aspect,Sextile,Mars,Libra,"21°44'32.84""",Ketu,Leo,"22°02'49.03""",60,59.6955,0.3045
2025-10-15 23:15:00,Aspect,Square,Moon,Cancer,"21°57'57.96""",Mars,Libra,"21°44'58.95""",90,89.7836,0.2164
2025-10-15 23:15:00,Aspect,Trine,Mars,Libra,"21°44'58.95""",Rahu,Aquarius,"22°02'47.05""",120,120.2967,0.2967
2025-10-15 23:15:00,Aspect,Sextile,Mars,Libra,"21°44'58.95""",Ketu,Leo,"22°02'47.05""",60,59.7033,0.2967
2025-10-15 23:30:00,Aspect,Square,Moon,Cancer,"22°06'04.81""",Mars,Libra,"21°45'25.05""",90,89.6556,0.3444
2025-10-15 23:30:00,Aspect,Trine,Mars,Libra,"21°45'25.05""",Rahu,Aquarius,"22°02'45.06""",120,120.2889,0.2889
2025-10-15 23:30:00,Aspect,Sextile,Mars,Libra,"21°45'25.05""",Ketu,Leo,"22°02'45.06""",60,59.7111,0.2889
2025-10-15 23:45:00,Aspect,Square,Moon,Cancer,"22°14'11.54""",Mars,Libra,"21°45'51.15""",90,89.5277,0.4723
2025-10-15 23:45:00,Aspect,Trine,Mars,Libra,"21°45'51.15""",Rahu,Aquarius,"22°02'43.07""",120,120.2811,0.2811
2025-10-15 23:45:00,Aspect,Sextile,Mars,Libra,"21°45'51.15""",Ketu,Leo,"22°02'43.07""",60,59.7189,0.2811
2025-10-16 00:00:00,Aspect,Square,Moon,Cancer,"22°22'18.15""",Mars,Libra,"21°46'17.26""",90,89.3998,0.6002
2025-10-16 00:00:00,Aspect,Trine,Mars,Libra,"21°46'17.26""",Rahu,Aquarius,"22°02'41.08""",120,120.2733,0.2733
2025-10-16 00:00:00,Aspect,Sextile,Mars,Libra,"21°46'17.26""",Ketu,Leo,"22°02'41.08""",60,59.7267,0.2733
2025-10-16 00:15:00,Aspect,Square,Moon,Cancer,"22°30'24.64""",Mars,Libra,"21°46'43.36""",90,89.2719,0.7281
2025-10-16 00:15:00,Aspect,Trine,Mars,Libra,"21°46'43.36""",Rahu,Aquarius,"22°02'39.10""",120,120.2655,0.2655
2025-10-16 00:15:00,Aspect,Sextile,Mars,Libra,"21°46'43.36""",Ketu,Leo,"22°02'39.10""",60,59.7345,0.2655
2025-10-16 00:30:00,Aspect,Square,Moon,Cancer,"22°38'31.02""",Mars,Libra,"21°47'09.46""",90,89.144,0.856
2025-10-16 00:30:00,Aspect,Trine,Mars,Libra,"21°47'09.46""",Rahu,Aquarius,"22°02'37.11""",120,120.2577,0.2577
2025-10-16 00:30:00,Aspect,Sextile,Mars,Libra,"21°47'09.46""",Ketu,Leo,"22°02'37.11""",60,59.7423,0.2577
2025-10-16 00:45:00,Aspect,Square,Moon,Cancer,"22°46'37.28""",Mars,Libra,"21°47'35.57""",90,89.0162,0.9838
2025-10-16 00:45:00,Aspect,Trine,Mars,Libra,"21°47'35.57""",Rahu,Aquarius,"22°02'35.12""",120,120.2499,0.2499
2025-10-16 00:45:00,Aspect,Sextile,Mars,Libra,"21°47'35.57""",Ketu,Leo,"22°02'35.12""",60,59.7501,0.2499
2025-10-16 01:00:00,Aspect,Trine,Mars,Libra,"21°48'01.67""",Rahu,Aquarius,"22°02'33.14""",120,120.2421,0.2421
2025-10-16 01:00:00,Aspect,Sextile,Mars,Libra,"21°48'01.67""",Ketu,Leo,"22°02'33.14""",60,59.7579,0.2421
2025-10-16 01:15:00,Aspect,Trine,Mars,Libra,"21°48'27.78""",Rahu,Aquarius,"22°02'31.15""",120,120.2343,0.2343
2025-10-16 01:15:00,Aspect,Sextile,Mars,Libra,"21°48'27.78""",Ketu,Leo,"22°02'31.15""",60,59.7657,0.2343
2025-10-16 01:30:00,Aspect,Trine,Mars,Libra,"21°48'53.89""",Rahu,Aquarius,"22°02'29.16""",120,120.2265,0.2265
2025-10-16 01:30:00,Aspect,Sextile,Mars,Libra,"21°48'53.89""",Ketu,Leo,"22°02'29.16""",60,59.7735,0.2265
2025-10-16 01:45:00,Aspect,Trine,Mars,Libra,"21°49'19.99""",Rahu,Aquarius,"22°02'27.17""",120,120.2187,0.2187
2025-10-16 01:45:00,Aspect,Sextile,Mars,Libra,"21°49'19.99""",Ketu,Leo,"22°02'27.17""",60,59.7813,0.2187
2025-10-16 02:00:00,Aspect,Trine,Mars,Libra,"21°49'46.10""",Rahu,Aquarius,"22°02'25.19""",120,120.2109,0.2109
2025-10-16 02:00:00,Aspect,Sextile,Mars,Libra,"21°49'46.10""",Ketu,Leo,"22°02'25.19""",60,59.7891,0.2109
2025-10-16 02:15:00,Aspect,Trine,Mars,Libra,"21°50'12.21""",Rahu,Aquarius,"22°02'23.20""",120,120.2031,0.2031
2025-10-16 02:15:00,Aspect,Sextile,Mars,Libra,"21°50'12.21""",Ketu,Leo,"22°02'23.20""",60,59.7969,0.2031
2025-10-16 02:30:00,Aspect,Trine,Mars,Libra,"21°50'38.31""",Rahu,Aquarius,"22°02'21.21""",120,120.1952,0.1952
2025-10-16 02:30:00,Aspect,Sextile,Mars,Libra,"21°50'38.31""",Ketu,Leo,"22°02'21.21""",60,59.8048,0.1952
2025-10-16 02:45:00,Aspect,Trine,Mars,Libra,"21°51'04.42""",Rahu,Aquarius,"22°02'19.23""",120,120.1874,0.1874
2025-10-16 02:45:00,Aspect,Sextile,Mars,Libra,"21°51'04.42""",Ketu,Leo,"22°02'19.23""",60,59.8126,0.1874
2025-10-16 03:00:00,Aspect,Trine,Mars,Libra,"21°51'30.53""",Rahu,Aquarius,"22°02'17.24""",120,120.1796,0.1796
2025-10-16 03:00:00,Aspect,Sextile,Mars,Libra,"21°51'30.53""",Ketu,Leo,"22°02'17.24""",60,59.8204,0.1796
2025-10-16 03:15:00,Aspect,Trine,Mars,Libra,"21°51'56.64""",Rahu,Aquarius,"22°02'15.25""",120,120.1718,0.1718
2025-10-16 03:15:00,Aspect,Sextile,Mars,Libra,"21°51'56.64""",Ketu,Leo,"22°02'15.25""",60,59.8282,0.1718
2025-10-16 03:30:00,Aspect,Trine,Mars,Libra,"21°52'22.75""",Rahu,Aquarius,"22°02'13.26""",120,120.164,0.164
2025-10-16 03:30:00,Aspect,Sextile,Mars,Libra,"21°52'22.75""",Ketu,Leo,"22°02'13.26""",60,59.836,0.164
2025-10-16 03:45:00,Aspect,Trine,Mars,Libra,"21°52'48.86""",Rahu,Aquarius,"22°02'11.28""",120,120.1562,0.1562
2025-10-16 03:45:00,Aspect,Sextile,Mars,Libra,"21°52'48.86""",Ketu,Leo,"22°02'11.28""",60,59.8438,0.1562
2025-10-16 04:00:00,Aspect,Trine,Mars,Libra,"21°53'14.97""",Rahu,Aquarius,"22°02'09.29""",120,120.1484,0.1484
2025-10-16 04:00:00,Aspect,Sextile,Mars,Libra,"21°53'14.97""",Ketu,Leo,"22°02'09.29""",60,59.8516,0.1484
2025-10-16 04:15:00,Aspect,Trine,Mars,Libra,"21°53'41.08""",Rahu,Aquarius,"22°02'07.30""",120,120.1406,0.1406
2025-10-16 04:15:00,Aspect,Sextile,Mars,Libra,"21°53'41.08""",Ketu,Leo,"22°02'07.30""",60,59.8594,0.1406
2025-10-16 04:30:00,Aspect,Trine,Mars,Libra,"21°54'07.19""",Rahu,Aquarius,"22°02'05.32""",120,120.1328,0.1328
2025-10-16 04:30:00,Aspect,Sextile,Mars,Libra,"21°54'07.19""",Ketu,Leo,"22°02'05.32""",60,59.8672,0.1328
2025-10-16 04:45:00,Aspect,Trine,Mars,Libra,"21°54'33.30""",Rahu,Aquarius,"22°02'03.33""",120,120.125,0.125
2025-10-16 04:45:00,Aspect,Sextile,Mars,Libra,"21°54'33.30""",Ketu,Leo,"22°02'03.33""",60,59.875,0.125
2025-10-16 05:00:00,Aspect,Trine,Mars,Libra,"21°54'59.41""",Rahu,Aquarius,"22°02'01.34""",120,120.1172,0.1172
2025-10-16 05:00:00,Aspect,Sextile,Mars,Libra,"21°54'59.41""",Ketu,Leo,"22°02'01.34""",60,59.8828,0.1172
2025-10-16 05:15:00,Aspect,Trine,Mars,Libra,"21°55'25.53""",Rahu,Aquarius,"22°01'59.35""",120,120.1094,0.1094
2025-10-16 05:15:00,Aspect,Sextile,Mars,Libra,"21°55'25.53""",Ketu,Leo,"22°01'59.35""",60,59.8906,0.1094
2025-10-16 05:30:00,Aspect,Trine,Mars,Libra,"21°55'51.64""",Rahu,Aquarius,"22°01'57.37""",120,120.1016,0.1016
2025-10-16 05:30:00,Aspect,Sextile,Mars,Libra,"21°55'51.64""",Ketu,Leo,"22°01'57.37""",60,59.8984,0.1016
2025-10-16 05:45:00,Aspect,Trine,Mars,Libra,"21°56'17.75""",Rahu,Aquarius,"22°01'55.38""",120,120.0938,0.0938
2025-10-16 05:45:00,Aspect,Sextile,Mars,Libra,"21°56'17.75""",Ketu,Leo,"22°01'55.38""",60,59.9062,0.0938
2025-10-16 06:00:00,Aspect,Trine,Mars,Libra,"21°56'43.87""",Rahu,Aquarius,"22°01'53.39""",120,120.086,0.086
2025-10-16 06:00:00,Aspect,Sextile,Mars,Libra,"21°56'43.87""",Ketu,Leo,"22°01'53.39""",60,59.914,0.086
2025-10-16 06:15:00,Aspect,Trine,Mars,Libra,"21°57'09.98""",Rahu,Aquarius,"22°01'51.40""",120,120.0782,0.0782
2025-10-16 06:15:00,Aspect,Sextile,Mars,Libra,"21°57'09.98""",Ketu,Leo,"22°01'51.40""",60,59.9218,0.0782
2025-10-16 06:30:00,Aspect,Trine,Mars,Libra,"21°57'36.09""",Rahu,Aquarius,"22°01'49.42""",120,120.0704,0.0704
2025-10-16 06:30:00,Aspect,Sextile,Mars,Libra,"21°57'36.09""",Ketu,Leo,"22°01'49.42""",60,59.9296,0.0704
2025-10-16 06:45:00,Aspect,Trine,Mars,Libra,"21°58'02.21""",Rahu,Aquarius,"22°01'47.43""",120,120.0626,0.0626
2025-10-16 06:45:00,Aspect,Sextile,Mars,Libra,"21°58'02.21""",Ketu,Leo,"22°01'47.43""",60,59.9374,0.0626
2025-10-16 07:00:00,Aspect,Trine,Mars,Libra,"21°58'28.32""",Rahu,Aquarius,"22°01'45.44""",120,120.0548,0.0548
2025-10-16 07:00:00,Aspect,Sextile,Mars,Libra,"21°58'28.32""",Ketu,Leo,"22°01'45.44""",60,59.9452,0.0548
2025-10-16 07:15:00,Aspect,Trine,Mars,Libra,"21°58'54.44""",Rahu,Aquarius,"22°01'43.46""",120,120.0469,0.0469
2025-10-16 07:15:00,Aspect,Sextile,Mars,Libra,"21°58'54.44""",Ketu,Leo,"22°01'43.46""",60,59.9531,0.0469
2025-10-16 07:30:00,Aspect,Trine,Mars,Libra,"21°59'20.56""",Rahu,Aquarius,"22°01'41.47""",120,120.0391,0.0391
2025-10-16 07:30:00,Aspect,Sextile,Mars,Libra,"21°59'20.56""",Ketu,Leo,"22°01'41.47""",60,59.9609,0.0391
2025-10-16 07:45:00,Aspect,Trine,Mars,Libra,"21°59'46.67""",Rahu,Aquarius,"22°01'39.48""",120,120.0313,0.0313
2025-10-16 07:45:00,Aspect,Sextile,Mars,Libra,"21°59'46.67""",Ketu,Leo,"22°01'39.48""",60,59.9687,0.0313
2025-10-16 08:00:00,Aspect,Trine,Mars,Libra,"22°00'12.79""",Rahu,Aquarius,"22°01'37.49""",120,120.0235,0.0235
2025-10-16 08:00:00,Aspect,Sextile,Mars,Libra,"22°00'12.79""",Ketu,Leo,"22°01'37.49""",60,59.9765,0.0235
2025-10-16 08:15:00,Aspect,Trine,Mars,Libra,"22°00'38.91""",Rahu,Aquarius,"22°01'35.51""",120,120.0157,0.0157
2025-10-16 08:15:00,Aspect,Sextile,Mars,Libra,"22°00'38.91""",Ketu,Leo,"22°01'35.51""",60,59.9843,0.0157
2025-10-16 08:30:00,Aspect,Trine,Mars,Libra,"22°01'05.03""",Rahu,Aquarius,"22°01'33.52""",120,120.0079,0.0079
2025-10-16 08:30:00,Aspect,Sextile,Mars,Libra,"22°01'05.03""",Ketu,Leo,"22°01'33.52""",60,59.9921,0.0079
2025-10-16 08:45:00,Aspect,Trine,Mars,Libra,"22°01'31.14""",Rahu,Aquarius,"22°01'31.53""",120,120.0001,0.0001
2025-10-16 08:45:00,Aspect,Sextile,Mars,Libra,"22°01'31.14""",Ketu,Leo,"22°01'31.53""",60,59.9999,0.0001
2025-10-16 09:00:00,Aspect,Trine,Mars,Libra,"22°01'57.26""",Rahu,Aquarius,"22°01'29.55""",120,119.9923,0.0077
2025-10-16 09:00:00,Aspect,Sextile,Mars,Libra,"22°01'57.26""",Ketu,Leo,"22°01'29.55""",60,60.0077,0.0077
2025-10-16 09:15:00,Aspect,Trine,Mars,Libra,"22°02'23.38""",Rahu,Aquarius,"22°01'27.56""",120,119.9845,0.0155
2025-10-16 09:15:00,Aspect,Sextile,Mars,Libra,"22°02'23.38""",Ketu,Leo,"22°01'27.56""",60,60.0155,0.0155
2025-10-16 09:30:00,Aspect,Trine,Mars,Libra,"22°02'49.50""",Rahu,Aquarius,"22°01'25.57""",120,119.9767,0.0233
2025-10-16 09:30:00,Aspect,Sextile,Mars,Libra,"22°02'49.50""",Ketu,Leo,"22°01'25.57""",60,60.0233,0.0233
2025-10-16 09:45:00,Aspect,Trine,Mars,Libra,"22°03'15.62""",Rahu,Aquarius,"22°01'23.58""",120,119.9689,0.0311
2025-10-16 09:45:00,Aspect,Sextile,Mars,Libra,"22°03'15.62""",Ketu,Leo,"22°01'23.58""",60,60.0311,0.0311
2025-10-16 10:00:00,Aspect,Trine,Mars,Libra,"22°03'41.74""",Rahu,Aquarius,"22°01'21.60""",120,119.9611,0.0389
2025-10-16 10:00:00,Aspect,Sextile,Mars,Libra,"22°03'41.74""",Ketu,Leo,"22°01'21.60""",60,60.0389,0.0389
2025-10-16 10:15:00,Aspect,Sextile,Sun,Virgo,"28°48'01.40""",Moon,Cancer,"27°53'09.65""",60,60.9144,0.9144
2025-10-16 10:15:00,Aspect,Trine,Mars,Libra,"22°04'07.86""",Rahu,Aquarius,"22°01'19.61""",120,119.9533,0.0467
2025-10-16 10:15:00,Aspect,Sextile,Mars,Libra,"22°04'07.86""",Ketu,Leo,"22°01'19.61""",60,60.0467,0.0467
2025-10-16 10:30:00,Aspect,Sextile,Sun,Virgo,"28°48'38.59""",Moon,Cancer,"28°01'11.46""",60,60.7909,0.7909
2025-10-16 10:30:00,Aspect,Square,Sun,Virgo,"28°48'38.59""",Jupiter,Gemini,"29°48'20.14""",90,89.0051,0.9949
2025-10-16 10:30:00,Aspect,Trine,Mars,Libra,"22°04'33.98""",Rahu,Aquarius,"22°01'17.62""",120,119.9455,0.0545
2025-10-16 10:30:00,Aspect,Sextile,Mars,Libra,"22°04'33.98""",Ketu,Leo,"22°01'17.62""",60,60.0545,0.0545
2025-10-16 10:45:00,Aspect,Sextile,Sun,Virgo,"28°49'15.77""",Moon,Cancer,"28°09'13.17""",60,60.6674,0.6674
2025-10-16 10:45:00,Aspect,Square,Sun,Virgo,"28°49'15.77""",Jupiter,Gemini,"29°48'23.24""",90,89.0146,0.9854
2025-10-16 10:45:00,Aspect,Trine,Mars,Libra,"22°05'00.10""",Rahu,Aquarius,"22°01'15.64""",120,119.9376,0.0624
2025-10-16 10:45:00,Aspect,Sextile,Mars,Libra,"22°05'00.10""",Ketu,Leo,"22°01'15.64""",60,60.0624,0.0624
2025-10-16 11:00:00,Aspect,Sextile,Sun,Virgo,"28°49'52.96""",Moon,Cancer,"28°17'14.76""",60,60.5439,0.5439
2025-10-16 11:00:00,Aspect,Square,Sun,Virgo,"28°49'52.96""",Jupiter,Gemini,"29°48'26.35""",90,89.0241,0.9759
2025-10-16 11:00:00,Aspect,Trine,Mars,Libra,"22°05'26.23""",Rahu,Aquarius,"22°01'13.65""",120,119.9298,0.0702
2025-10-16 11:00:00,Aspect,Sextile,Mars,Libra,"22°05'26.23""",Ketu,Leo,"22°01'13.65""",60,60.0702,0.0702
2025-10-16 11:15:00,Aspect,Sextile,Sun,Virgo,"28°50'30.15""",Moon,Cancer,"28°25'16.25""",60,60.4205,0.4205
2025-10-16 11:15:00,Aspect,Square,Sun,Virgo,"28°50'30.15""",Jupiter,Gemini,"29°48'29.45""",90,89.0335,0.9665
2025-10-16 11:15:00,Aspect,Trine,Mars,Libra,"22°05'52.35""",Rahu,Aquarius,"22°01'11.66""",120,119.922,0.078
2025-10-16 11:15:00,Aspect,Sextile,Mars,Libra,"22°05'52.35""",Ketu,Leo,"22°01'11.66""",60,60.078,0.078
2025-10-16 11:30:00,Aspect,Sextile,Sun,Virgo,"28°51'07.34""",Moon,Cancer,"28°33'17.63""",60,60.2971,0.2971
2025-10-16 11:30:00,Aspect,Square,Sun,Virgo,"28°51'07.34""",Jupiter,Gemini,"29°48'32.55""",90,89.043,0.957
2025-10-16 11:30:00,Aspect,Trine,Mars,Libra,"22°06'18.47""",Rahu,Aquarius,"22°01'09.67""",120,119.9142,0.0858
2025-10-16 11:30:00,Aspect,Sextile,Mars,Libra,"22°06'18.47""",Ketu,Leo,"22°01'09.67""",60,60.0858,0.0858
2025-10-16 11:45:00,Aspect,Sextile,Sun,Virgo,"28°51'44.53""",Moon,Cancer,"28°41'18.89""",60,60.1738,0.1738
2025-10-16 11:45:00,Aspect,Square,Sun,Virgo,"28°51'44.53""",Jupiter,Gemini,"29°48'35.66""",90,89.0525,0.9475
2025-10-16 11:45:00,Aspect,Trine,Mars,Libra,"22°06'44.59""",Rahu,Aquarius,"22°01'07.69""",120,119.9064,0.0936
2025-10-16 11:45:00,Aspect,Sextile,Mars,Libra,"22°06'44.59""",Ketu,Leo,"22°01'07.69""",60,60.0936,0.0936
2025-10-16 12:00:00,Aspect,Sextile,Sun,Virgo,"28°52'21.72""",Moon,Cancer,"28°49'20.05""",60,60.0505,0.0505
2025-10-16 12:00:00,Aspect,Square,Sun,Virgo,"28°52'21.72""",Jupiter,Gemini,"29°48'38.76""",90,89.0619,0.9381
2025-10-16 12:00:00,Aspect,Trine,Mars,Libra,"22°07'10.72""",Rahu,Aquarius,"22°01'05.70""",120,119.8986,0.1014
2025-10-16 12:00:00,Aspect,Sextile,Mars,Libra,"22°07'10.72""",Ketu,Leo,"22°01'05.70""",60,60.1014,0.1014
2025-10-16 12:15:00,Aspect,Sextile,Sun,Virgo,"28°52'58.91""",Moon,Cancer,"28°57'21.10""",60,59.9272,0.0728
2025-10-16 12:15:00,Aspect,Square,Sun,Virgo,"28°52'58.91""",Jupiter,Gemini,"29°48'41.86""",90,89.0714,0.9286
2025-10-16 12:15:00,Aspect,Trine,Mars,Libra,"22°07'36.84""",Rahu,Aquarius,"22°01'03.71""",120,119.8908,0.1092
2025-10-16 12:15:00,Aspect,Sextile,Mars,Libra,"22°07'36.84""",Ketu,Leo,"22°01'03.71""",60,60.1092,0.1092
2025-10-16 12:30:00,Aspect,Sextile,Sun,Virgo,"28°53'36.10""",Moon,Cancer,"29°05'22.05""",60,59.8039,0.1961
2025-10-16 12:30:00,Aspect,Square,Sun,Virgo,"28°53'36.10""",Jupiter,Gemini,"29°48'44.96""",90,89.0809,0.9191
2025-10-16 12:30:00,Aspect,Trine,Mars,Libra,"22°08'02.97""",Rahu,Aquarius,"22°01'01.72""",120,119.883,0.117
2025-10-16 12:30:00,Aspect,Sextile,Mars,Libra,"22°08'02.97""",Ketu,Leo,"22°01'01.72""",60,60.117,0.117
2025-10-16 12:45:00,Aspect,Sextile,Sun,Virgo,"28°54'13.29""",Moon,Cancer,"29°13'22.88""",60,59.6807,0.3193
2025-10-16 12:45:00,Aspect,Square,Sun,Virgo,"28°54'13.29""",Jupiter,Gemini,"29°48'48.05""",90,89.0903,0.9097
2025-10-16 12:45:00,Aspect,Trine,Mars,Libra,"22°08'29.09""",Rahu,Aquarius,"22°00'59.74""",120,119.8752,0.1248
2025-10-16 12:45:00,Aspect,Sextile,Mars,Libra,"22°08'29.09""",Ketu,Leo,"22°00'59.74""",60,60.1248,0.1248
2025-10-16 13:00:00,Aspect,Sextile,Sun,Virgo,"28°54'50.48""",Moon,Cancer,"29°21'23.61""",60,59.5575,0.4425
2025-10-16 13:00:00,Aspect,Square,Sun,Virgo,"28°54'50.48""",Jupiter,Gemini,"29°48'51.15""",90,89.0998,0.9002
2025-10-16 13:00:00,Aspect,Trine,Mars,Libra,"22°08'55.22""",Rahu,Aquarius,"22°00'57.75""",120,119.8674,0.1326
2025-10-16 13:00:00,Aspect,Sextile,Mars,Libra,"22°08'55.22""",Ketu,Leo,"22°00'57.75""",60,60.1326,0.1326
2025-10-16 13:15:00,Aspect,Sextile,Sun,Virgo,"28°55'27.67""",Moon,Cancer,"29°29'24.22""",60,59.4343,0.5657
2025-10-16 13:15:00,Aspect,Square,Sun,Virgo,"28°55'27.67""",Jupiter,Gemini,"29°48'54.24""",90,89.1093,0.8907
2025-10-16 13:15:00,Aspect,Trine,Mars,Libra,"22°09'21.34""",Rahu,Aquarius,"22°00'55.76""",120,119.8596,0.1404
2025-10-16 13:15:00,Aspect,Sextile,Mars,Libra,"22°09'21.34""",Ketu,Leo,"22°00'55.76""",60,60.1404,0.1404
2025-10-16 13:30:00,Aspect,Sextile,Sun,Virgo,"28°56'04.86""",Moon,Cancer,"29°37'24.74""",60,59.3111,0.6889
2025-10-16 13:30:00,Aspect,Square,Sun,Virgo,"28°56'04.86""",Jupiter,Gemini,"29°48'57.34""",90,89.1188,0.8812
2025-10-16 13:30:00,Aspect,Trine,Mars,Libra,"22°09'47.47""",Rahu,Aquarius,"22°00'53.78""",120,119.8518,0.1482
2025-10-16 13:30:00,Aspect,Sextile,Mars,Libra,"22°09'47.47""",Ketu,Leo,"22°00'53.78""",60,60.1482,0.1482
2025-10-16 13:45:00,Aspect,Sextile,Sun,Virgo,"28°56'42.05""",Moon,Cancer,"29°45'25.14""",60,59.188,0.812
2025-10-16 13:45:00,Aspect,Square,Sun,Virgo,"28°56'42.05""",Jupiter,Gemini,"29°49'00.43""",90,89.1282,0.8718
2025-10-16 13:45:00,Aspect,Trine,Mars,Libra,"22°10'13.59""",Rahu,Aquarius,"22°00'51.79""",120,119.8439,0.1561
2025-10-16 13:45:00,Aspect,Sextile,Mars,Libra,"22°10'13.59""",Ketu,Leo,"22°00'51.79""",60,60.1561,0.1561
2025-10-16 14:00:00,Aspect,Sextile,Sun,Virgo,"28°57'19.24""",Moon,Cancer,"29°53'25.44""",60,59.0649,0.9351
2025-10-16 14:00:00,Aspect,Square,Sun,Virgo,"28°57'19.24""",Jupiter,Gemini,"29°49'03.52""",90,89.1377,0.8623
2025-10-16 14:00:00,Aspect,Trine,Mars,Libra,"22°10'39.72""",Rahu,Aquarius,"22°00'49.80""",120,119.8361,0.1639
2025-10-16 14:00:00,Aspect,Sextile,Mars,Libra,"22°10'39.72""",Ketu,Leo,"22°00'49.80""",60,60.1639,0.1639
2025-10-16 14:15:00,Aspect,Square,Sun,Virgo,"28°57'56.43""",Jupiter,Gemini,"29°49'06.61""",90,89.1472,0.8528
2025-10-16 14:15:00,Aspect,Trine,Mars,Libra,"22°11'05.85""",Rahu,Aquarius,"22°00'47.81""",120,119.8283,0.1717
2025-10-16 14:15:00,Aspect,Sextile,Mars,Libra,"22°11'05.85""",Ketu,Leo,"22°00'47.81""",60,60.1717,0.1717
2025-10-16 14:30:00,Aspect,Square,Sun,Virgo,"28°58'33.63""",Jupiter,Gemini,"29°49'09.70""",90,89.1566,0.8434
2025-10-16 14:30:00,Aspect,Trine,Mars,Libra,"22°11'31.98""",Rahu,Aquarius,"22°00'45.83""",120,119.8205,0.1795
2025-10-16 14:30:00,Aspect,Sextile,Mars,Libra,"22°11'31.98""",Ketu,Leo,"22°00'45.83""",60,60.1795,0.1795
2025-10-16 14:45:00,Aspect,Square,Sun,Virgo,"28°59'10.82""",Jupiter,Gemini,"29°49'12.79""",90,89.1661,0.8339
2025-10-16 14:45:00,Aspect,Trine,Mars,Libra,"22°11'58.10""",Rahu,Aquarius,"22°00'43.84""",120,119.8127,0.1873
2025-10-16 14:45:00,Aspect,Sextile,Mars,Libra,"22°11'58.10""",Ketu,Leo,"22°00'43.84""",60,60.1873,0.1873
2025-10-16 15:00:00,Aspect,Square,Sun,Virgo,"28°59'48.01""",Jupiter,Gemini,"29°49'15.88""",90,89.1756,0.8244
2025-10-16 15:00:00,Aspect,Trine,Mars,Libra,"22°12'24.23""",Rahu,Aquarius,"22°00'41.85""",120,119.8049,0.1951
2025-10-16 15:00:00,Aspect,Sextile,Mars,Libra,"22°12'24.23""",Ketu,Leo,"22°00'41.85""",60,60.1951,0.1951
2025-10-16 15:15:00,Aspect,Square,Sun,Virgo,"29°00'25.20""",Jupiter,Gemini,"29°49'18.96""",90,89.1851,0.8149
2025-10-16 15:15:00,Aspect,Trine,Mars,Libra,"22°12'50.36""",Rahu,Aquarius,"22°00'39.87""",120,119.7971,0.2029
2025-10-16 15:15:00,Aspect,Sextile,Mars,Libra,"22°12'50.36""",Ketu,Leo,"22°00'39.87""",60,60.2029,0.2029
2025-10-16 15:30:00,Aspect,Square,Sun,Virgo,"29°01'02.39""",Jupiter,Gemini,"29°49'22.05""",90,89.1945,0.8055
2025-10-16 15:30:00,Aspect,Trine,Mars,Libra,"22°13'16.49""",Rahu,Aquarius,"22°00'37.88""",120,119.7893,0.2107
2025-10-16 15:30:00,Aspect,Sextile,Mars,Libra,"22°13'16.49""",Ketu,Leo,"22°00'37.88""",60,60.2107,0.2107
2025-10-16 15:45:00,Aspect,Square,Sun,Virgo,"29°01'39.59""",Jupiter,Gemini,"29°49'25.13""",90,89.204,0.796
2025-10-16 15:45:00,Aspect,Trine,Mars,Libra,"22°13'42.62""",Rahu,Aquarius,"22°00'35.89""",120,119.7815,0.2185
2025-10-16 15:45:00,Aspect,Sextile,Mars,Libra,"22°13'42.62""",Ketu,Leo,"22°00'35.89""",60,60.2185,0.2185
2025-10-16 16:00:00,Aspect,Square,Sun,Virgo,"29°02'16.78""",Jupiter,Gemini,"29°49'28.22""",90,89.2135,0.7865
2025-10-16 16:00:00,Aspect,Trine,Mars,Libra,"22°14'08.75""",Rahu,Aquarius,"22°00'33.90""",120,119.7737,0.2263
2025-10-16 16:00:00,Aspect,Sextile,Mars,Libra,"22°14'08.75""",Ketu,Leo,"22°00'33.90""",60,60.2263,0.2263
2025-10-16 16:15:00,Aspect,Square,Sun,Virgo,"29°02'53.97""",Jupiter,Gemini,"29°49'31.30""",90,89.223,0.777
2025-10-16 16:15:00,Aspect,Trine,Mars,Libra,"22°14'34.88""",Rahu,Aquarius,"22°00'31.92""",120,119.7658,0.2342
2025-10-16 16:15:00,Aspect,Sextile,Mars,Libra,"22°14'34.88""",Ketu,Leo,"22°00'31.92""",60,60.2342,0.2342
2025-10-16 16:30:00,Aspect,Square,Sun,Virgo,"29°03'31.17""",Jupiter,Gemini,"29°49'34.38""",90,89.2324,0.7676
2025-10-16 16:30:00,Aspect,Trine,Mars,Libra,"22°15'01.01""",Rahu,Aquarius,"22°00'29.93""",120,119.758,0.242
2025-10-16 16:30:00,Aspect,Sextile,Mars,Libra,"22°15'01.01""",Ketu,Leo,"22°00'29.93""",60,60.242,0.242
2025-10-16 16:45:00,Aspect,Square,Sun,Virgo,"29°04'08.36""",Jupiter,Gemini,"29°49'37.46""",90,89.2419,0.7581
2025-10-16 16:45:00,Aspect,Trine,Mars,Libra,"22°15'27.15""",Rahu,Aquarius,"22°00'27.94""",120,119.7502,0.2498
2025-10-16 16:45:00,Aspect,Sextile,Mars,Libra,"22°15'27.15""",Ketu,Leo,"22°00'27.94""",60,60.2498,0.2498
2025-10-16 17:00:00,Aspect,Square,Sun,Virgo,"29°04'45.56""",Jupiter,Gemini,"29°49'40.54""",90,89.2514,0.7486
2025-10-16 17:00:00,Aspect,Trine,Mars,Libra,"22°15'53.28""",Rahu,Aquarius,"22°00'25.96""",120,119.7424,0.2576
2025-10-16 17:00:00,Aspect,Sextile,Mars,Libra,"22°15'53.28""",Ketu,Leo,"22°00'25.96""",60,60.2576,0.2576
2025-10-16 17:15:00,Aspect,Square,Sun,Virgo,"29°05'22.75""",Jupiter,Gemini,"29°49'43.61""",90,89.2609,0.7391
2025-10-16 17:15:00,Aspect,Trine,Mars,Libra,"22°16'19.41""",Rahu,Aquarius,"22°00'23.97""",120,119.7346,0.2654
2025-10-16 17:15:00,Aspect,Sextile,Mars,Libra,"22°16'19.41""",Ketu,Leo,"22°00'23.97""",60,60.2654,0.2654
2025-10-16 17:30:00,Aspect,Square,Sun,Virgo,"29°05'59.95""",Jupiter,Gemini,"29°49'46.69""",90,89.2703,0.7297
2025-10-16 17:30:00,Aspect,Trine,Mars,Libra,"22°16'45.54""",Rahu,Aquarius,"22°00'21.98""",120,119.7268,0.2732
2025-10-16 17:30:00,Aspect,Sextile,Mars,Libra,"22°16'45.54""",Ketu,Leo,"22°00'21.98""",60,60.2732,0.2732
2025-10-16 17:45:00,Aspect,Square,Sun,Virgo,"29°06'37.14""",Jupiter,Gemini,"29°49'49.77""",90,89.2798,0.7202
2025-10-16 17:45:00,Aspect,Trine,Mars,Libra,"22°17'11.68""",Rahu,Aquarius,"22°00'19.99""",120,119.719,0.281
2025-10-16 17:45:00,Aspect,Sextile,Mars,Libra,"22°17'11.68""",Ketu,Leo,"22°00'19.99""",60,60.281,0.281
2025-10-16 18:00:00,Aspect,Square,Sun,Virgo,"29°07'14.34""",Jupiter,Gemini,"29°49'52.84""",90,89.2893,0.7107
2025-10-16 18:00:00,Aspect,Trine,Mars,Libra,"22°17'37.81""",Rahu,Aquarius,"22°00'18.01""",120,119.7112,0.2888
2025-10-16 18:00:00,Aspect,Sextile,Mars,Libra,"22°17'37.81""",Ketu,Leo,"22°00'18.01""",60,60.2888,0.2888
2025-10-16 18:15:00,Aspect,Square,Sun,Virgo,"29°07'51.53""",Jupiter,Gemini,"29°49'55.91""",90,89.2988,0.7012
2025-10-16 18:15:00,Aspect,Trine,Mars,Libra,"22°18'03.94""",Rahu,Aquarius,"22°00'16.02""",120,119.7034,0.2966
2025-10-16 18:15:00,Aspect,Sextile,Mars,Libra,"22°18'03.94""",Ketu,Leo,"22°00'16.02""",60,60.2966,0.2966
2025-10-16 18:30:00,Aspect,Square,Sun,Virgo,"29°08'28.73""",Jupiter,Gemini,"29°49'58.98""",90,89.3083,0.6917
2025-10-16 18:30:00,Aspect,Trine,Mars,Libra,"22°18'30.08""",Rahu,Aquarius,"22°00'14.03""",120,119.6955,0.3045
2025-10-16 18:30:00,Aspect,Sextile,Mars,Libra,"22°18'30.08""",Ketu,Leo,"22°00'14.03""",60,60.3045,0.3045
2025-10-16 18:45:00,Aspect,Square,Sun,Virgo,"29°09'05.92""",Jupiter,Gemini,"29°50'02.06""",90,89.3177,0.6823
2025-10-16 18:45:00,Aspect,Trine,Mars,Libra,"22°18'56.21""",Rahu,Aquarius,"22°00'12.04""",120,119.6877,0.3123
2025-10-16 18:45:00,Aspect,Sextile,Mars,Libra,"22°18'56.21""",Ketu,Leo,"22°00'12.04""",60,60.3123,0.3123
2025-10-16 19:00:00,Aspect,Square,Sun,Virgo,"29°09'43.12""",Jupiter,Gemini,"29°50'05.12""",90,89.3272,0.6728
2025-10-16 19:00:00,Aspect,Trine,Mars,Libra,"22°19'22.35""",Rahu,Aquarius,"22°00'10.06""",120,119.6799,0.3201
2025-10-16 19:00:00,Aspect,Sextile,Mars,Libra,"22°19'22.35""",Ketu,Leo,"22°00'10.06""",60,60.3201,0.3201
2025-10-16 19:15:00,Aspect,Square,Sun,Virgo,"29°10'20.32""",Jupiter,Gemini,"29°50'08.19""",90,89.3367,0.6633
2025-10-16 19:15:00,Aspect,Trine,Mars,Libra,"22°19'48.48""",Rahu,Aquarius,"22°00'08.07""",120,119.6721,0.3279
2025-10-16 19:15:00,Aspect,Sextile,Mars,Libra,"22°19'48.48""",Ketu,Leo,"22°00'08.07""",60,60.3279,0.3279
2025-10-16 19:30:00,Aspect,Square,Sun,Virgo,"29°10'57.51""",Jupiter,Gemini,"29°50'11.26""",90,89.3462,0.6538
2025-10-16 19:30:00,Aspect,Trine,Mars,Libra,"22°20'14.62""",Rahu,Aquarius,"22°00'06.08""",120,119.6643,0.3357
2025-10-16 19:30:00,Aspect,Sextile,Mars,Libra,"22°20'14.62""",Ketu,Leo,"22°00'06.08""",60,60.3357,0.3357
2025-10-16 19:45:00,Aspect,Square,Sun,Virgo,"29°11'34.71""",Jupiter,Gemini,"29°50'14.33""",90,89.3557,0.6443
2025-10-16 19:45:00,Aspect,Trine,Mars,Libra,"22°20'40.76""",Rahu,Aquarius,"22°00'04.10""",120,119.6565,0.3435
2025-10-16 19:45:00,Aspect,Sextile,Mars,Libra,"22°20'40.76""",Ketu,Leo,"22°00'04.10""",60,60.3435,0.3435
2025-10-16 20:00:00,Aspect,Square,Sun,Virgo,"29°12'11.91""",Jupiter,Gemini,"29°50'17.39""",90,89.3651,0.6349
2025-10-16 20:00:00,Aspect,Trine,Mars,Libra,"22°21'06.89""",Rahu,Aquarius,"22°00'02.11""",120,119.6487,0.3513
2025-10-16 20:00:00,Aspect,Sextile,Mars,Libra,"22°21'06.89""",Ketu,Leo,"22°00'02.11""",60,60.3513,0.3513
2025-10-16 20:15:00,Aspect,Square,Sun,Virgo,"29°12'49.10""",Jupiter,Gemini,"29°50'20.46""",90,89.3746,0.6254
2025-10-16 20:15:00,Aspect,Trine,Mars,Libra,"22°21'33.03""",Rahu,Aquarius,"22°00'00.12""",120,119.6409,0.3591
2025-10-16 20:15:00,Aspect,Sextile,Mars,Libra,"22°21'33.03""",Ketu,Leo,"22°00'00.12""",60,60.3591,0.3591
2025-10-16 20:30:00,Aspect,Square,Sun,Virgo,"29°13'26.30""",Jupiter,Gemini,"29°50'23.52""",90,89.3841,0.6159
2025-10-16 20:30:00,Aspect,Trine,Mars,Libra,"22°21'59.17""",Rahu,Aquarius,"21°59'58.13""",120,119.633,0.367
2025-10-16 20:30:00,Aspect,Sextile,Mars,Libra,"22°21'59.17""",Ketu,Leo,"21°59'58.13""",60,60.367,0.367
2025-10-16 20:45:00,Aspect,Square,Sun,Virgo,"29°14'03.50""",Jupiter,Gemini,"29°50'26.58""",90,89.3936,0.6064
2025-10-16 20:45:00,Aspect,Trine,Mars,Libra,"22°22'25.31""",Rahu,Aquarius,"21°59'56.15""",120,119.6252,0.3748
2025-10-16 20:45:00,Aspect,Sextile,Mars,Libra,"22°22'25.31""",Ketu,Leo,"21°59'56.15""",60,60.3748,0.3748
2025-10-16 21:00:00,Aspect,Square,Sun,Virgo,"29°14'40.70""",Jupiter,Gemini,"29°50'29.64""",90,89.4031,0.5969
2025-10-16 21:00:00,Aspect,Trine,Mars,Libra,"22°22'51.45""",Rahu,Aquarius,"21°59'54.16""",120,119.6174,0.3826
2025-10-16 21:00:00,Aspect,Sextile,Mars,Libra,"22°22'51.45""",Ketu,Leo,"21°59'54.16""",60,60.3826,0.3826
2025-10-16 21:15:00,Aspect,Square,Sun,Virgo,"29°15'17.90""",Jupiter,Gemini,"29°50'32.70""",90,89.4126,0.5874
2025-10-16 21:15:00,Aspect,Trine,Mars,Libra,"22°23'17.58""",Rahu,Aquarius,"21°59'52.17""",120,119.6096,0.3904
2025-10-16 21:15:00,Aspect,Sextile,Mars,Libra,"22°23'17.58""",Ketu,Leo,"21°59'52.17""",60,60.3904,0.3904
2025-10-16 21:30:00,Aspect,Square,Sun,Virgo,"29°15'55.10""",Jupiter,Gemini,"29°50'35.76""",90,89.422,0.578
2025-10-16 21:30:00,Aspect,Trine,Mars,Libra,"22°23'43.72""",Rahu,Aquarius,"21°59'50.19""",120,119.6018,0.3982
2025-10-16 21:30:00,Aspect,Sextile,Mars,Libra,"22°23'43.72""",Ketu,Leo,"21°59'50.19""",60,60.3982,0.3982
2025-10-16 21:45:00,Aspect,Square,Sun,Virgo,"29°16'32.29""",Jupiter,Gemini,"29°50'38.82""",90,89.4315,0.5685
2025-10-16 21:45:00,Aspect,Trine,Mars,Libra,"22°24'09.86""",Rahu,Aquarius,"21°59'48.20""",120,119.594,0.406
2025-10-16 21:45:00,Aspect,Sextile,Mars,Libra,"22°24'09.86""",Ketu,Leo,"21°59'48.20""",60,60.406,0.406
2025-10-16 22:00:00,Aspect,Square,Sun,Virgo,"29°17'09.49""",Jupiter,Gemini,"29°50'41.87""",90,89.441,0.559
2025-10-16 22:00:00,Aspect,Trine,Mars,Libra,"22°24'36.00""",Rahu,Aquarius,"21°59'46.21""",120,119.5862,0.4138
2025-10-16 22:00:00,Aspect,Sextile,Mars,Libra,"22°24'36.00""",Ketu,Leo,"21°59'46.21""",60,60.4138,0.4138
2025-10-16 22:15:00,Aspect,Square,Sun,Virgo,"29°17'46.69""",Jupiter,Gemini,"29°50'44.93""",90,89.4505,0.5495
2025-10-16 22:15:00,Aspect,Trine,Mars,Libra,"22°25'02.15""",Rahu,Aquarius,"21°59'44.22""",120,119.5784,0.4216
2025-10-16 22:15:00,Aspect,Sextile,Mars,Libra,"22°25'02.15""",Ketu,Leo,"21°59'44.22""",60,60.4216,0.4216
2025-10-16 22:30:00,Aspect,Square,Sun,Virgo,"29°18'23.89""",Jupiter,Gemini,"29°50'47.98""",90,89.46,0.54
2025-10-16 22:30:00,Aspect,Trine,Mars,Libra,"22°25'28.29""",Rahu,Aquarius,"21°59'42.24""",120,119.5705,0.4295
2025-10-16 22:30:00,Aspect,Sextile,Mars,Libra,"22°25'28.29""",Ketu,Leo,"21°59'42.24""",60,60.4295,0.4295
2025-10-16 22:45:00,Aspect,Square,Sun,Virgo,"29°19'01.09""",Jupiter,Gemini,"29°50'51.04""",90,89.4695,0.5305
2025-10-16 22:45:00,Aspect,Trine,Mars,Libra,"22°25'54.43""",Rahu,Aquarius,"21°59'40.25""",120,119.5627,0.4373
2025-10-16 22:45:00,Aspect,Sextile,Mars,Libra,"22°25'54.43""",Ketu,Leo,"21°59'40.25""",60,60.4373,0.4373
2025-10-16 23:00:00,Aspect,Square,Sun,Virgo,"29°19'38.29""",Jupiter,Gemini,"29°50'54.09""",90,89.4789,0.5211
2025-10-16 23:00:00,Aspect,Trine,Mars,Libra,"22°26'20.57""",Rahu,Aquarius,"21°59'38.26""",120,119.5549,0.4451
2025-10-16 23:00:00,Aspect,Sextile,Mars,Libra,"22°26'20.57""",Ketu,Leo,"21°59'38.26""",60,60.4451,0.4451
2025-10-16 23:15:00,Aspect,Square,Sun,Virgo,"29°20'15.49""",Jupiter,Gemini,"29°50'57.14""",90,89.4884,0.5116
2025-10-16 23:15:00,Aspect,Trine,Mars,Libra,"22°26'46.71""",Rahu,Aquarius,"21°59'36.28""",120,119.5471,0.4529
2025-10-16 23:15:00,Aspect,Sextile,Mars,Libra,"22°26'46.71""",Ketu,Leo,"21°59'36.28""",60,60.4529,0.4529
2025-10-16 23:30:00,Aspect,Square,Sun,Virgo,"29°20'52.69""",Jupiter,Gemini,"29°51'00.19""",90,89.4979,0.5021
2025-10-16 23:30:00,Aspect,Trine,Mars,Libra,"22°27'12.86""",Rahu,Aquarius,"21°59'34.29""",120,119.5393,0.4607
2025-10-16 23:30:00,Aspect,Sextile,Mars,Libra,"22°27'12.86""",Ketu,Leo,"21°59'34.29""",60,60.4607,0.4607
2025-10-16 23:45:00,Aspect,Square,Sun,Virgo,"29°21'29.89""",Jupiter,Gemini,"29°51'03.24""",90,89.5074,0.4926
2025-10-16 23:45:00,Aspect,Trine,Mars,Libra,"22°27'39.00""",Rahu,Aquarius,"21°59'32.30""",120,119.5315,0.4685
2025-10-16 23:45:00,Aspect,Sextile,Mars,Libra,"22°27'39.00""",Ketu,Leo,"21°59'32.30""",60,60.4685,0.4685
2025-10-17 00:00:00,Aspect,Square,Sun,Virgo,"29°22'07.10""",Jupiter,Gemini,"29°51'06.28""",90,89.5169,0.4831
2025-10-17 00:00:00,Aspect,Trine,Mars,Libra,"22°28'05.14""",Rahu,Aquarius,"21°59'30.31""",120,119.5237,0.4763
2025-10-17 00:00:00,Aspect,Sextile,Mars,Libra,"22°28'05.14""",Ketu,Leo,"21°59'30.31""",60,60.4763,0.4763
2025-10-17 00:15:00,Aspect,Square,Sun,Virgo,"29°22'44.30""",Jupiter,Gemini,"29°51'09.33""",90,89.5264,0.4736
2025-10-17 00:15:00,Aspect,Trine,Mars,Libra,"22°28'31.29""",Rahu,Aquarius,"21°59'28.33""",120,119.5158,0.4842
2025-10-17 00:15:00,Aspect,Sextile,Mars,Libra,"22°28'31.29""",Ketu,Leo,"21°59'28.33""",60,60.4842,0.4842
2025-10-17 00:30:00,Aspect,Square,Sun,Virgo,"29°23'21.50""",Jupiter,Gemini,"29°51'12.38""",90,89.5359,0.4641
2025-10-17 00:30:00,Aspect,Trine,Mars,Libra,"22°28'57.43""",Rahu,Aquarius,"21°59'26.34""",120,119.508,0.492
2025-10-17 00:30:00,Aspect,Sextile,Mars,Libra,"22°28'57.43""",Ketu,Leo,"21°59'26.34""",60,60.492,0.492
2025-10-17 00:45:00,Aspect,Square,Sun,Virgo,"29°23'58.70""",Jupiter,Gemini,"29°51'15.42""",90,89.5454,0.4546
2025-10-17 00:45:00,Aspect,Trine,Mars,Libra,"22°29'23.58""",Rahu,Aquarius,"21°59'24.35""",120,119.5002,0.4998
2025-10-17 00:45:00,Aspect,Sextile,Mars,Libra,"22°29'23.58""",Ketu,Leo,"21°59'24.35""",60,60.4998,0.4998
2025-10-17 01:00:00,Aspect,Square,Sun,Virgo,"29°24'35.90""",Jupiter,Gemini,"29°51'18.46""",90,89.5548,0.4452
2025-10-17 01:00:00,Aspect,Trine,Mars,Libra,"22°29'49.72""",Rahu,Aquarius,"21°59'22.36""",120,119.4924,0.5076
2025-10-17 01:00:00,Aspect,Sextile,Mars,Libra,"22°29'49.72""",Ketu,Leo,"21°59'22.36""",60,60.5076,0.5076
2025-10-17 01:15:00,Aspect,Square,Sun,Virgo,"29°25'13.11""",Jupiter,Gemini,"29°51'21.50""",90,89.5643,0.4357
2025-10-17 01:15:00,Aspect,Trine,Mars,Libra,"22°30'15.87""",Rahu,Aquarius,"21°59'20.38""",120,119.4846,0.5154
2025-10-17 01:15:00,Aspect,Sextile,Mars,Libra,"22°30'15.87""",Ketu,Leo,"21°59'20.38""",60,60.5154,0.5154
2025-10-17 01:30:00,Aspect,Square,Sun,Virgo,"29°25'50.31""",Jupiter,Gemini,"29°51'24.55""",90,89.5738,0.4262
2025-10-17 01:30:00,Aspect,Trine,Mars,Libra,"22°30'42.01""",Rahu,Aquarius,"21°59'18.39""",120,119.4768,0.5232
2025-10-17 01:30:00,Aspect,Sextile,Mars,Libra,"22°30'42.01""",Ketu,Leo,"21°59'18.39""",60,60.5232,0.5232
2025-10-17 01:45:00,Aspect,Square,Sun,Virgo,"29°26'27.51""",Jupiter,Gemini,"29°51'27.58""",90,89.5833,0.4167
2025-10-17 01:45:00,Aspect,Trine,Mars,Libra,"22°31'08.16""",Rahu,Aquarius,"21°59'16.40""",120,119.469,0.531
2025-10-17 01:45:00,Aspect,Sextile,Mars,Libra,"22°31'08.16""",Ketu,Leo,"21°59'16.40""",60,60.531,0.531
2025-10-17 02:00:00,Aspect,Square,Sun,Virgo,"29°27'04.71""",Jupiter,Gemini,"29°51'30.62""",90,89.5928,0.4072
2025-10-17 02:00:00,Aspect,Trine,Mars,Libra,"22°31'34.31""",Rahu,Aquarius,"21°59'14.42""",120,119.4611,0.5389
2025-10-17 02:00:00,Aspect,Sextile,Mars,Libra,"22°31'34.31""",Ketu,Leo,"21°59'14.42""",60,60.5389,0.5389
2025-10-17 02:15:00,Aspect,Square,Sun,Virgo,"29°27'41.92""",Jupiter,Gemini,"29°51'33.66""",90,89.6023,0.3977
2025-10-17 02:15:00,Aspect,Trine,Mars,Libra,"22°32'00.45""",Rahu,Aquarius,"21°59'12.43""",120,119.4533,0.5467
2025-10-17 02:15:00,Aspect,Sextile,Mars,Libra,"22°32'00.45""",Ketu,Leo,"21°59'12.43""",60,60.5467,0.5467
2025-10-17 02:30:00,Aspect,Square,Sun,Virgo,"29°28'19.12""",Jupiter,Gemini,"29°51'36.70""",90,89.6118,0.3882
2025-10-17 02:30:00,Aspect,Trine,Mars,Libra,"22°32'26.60""",Rahu,Aquarius,"21°59'10.44""",120,119.4455,0.5545
2025-10-17 02:30:00,Aspect,Sextile,Mars,Libra,"22°32'26.60""",Ketu,Leo,"21°59'10.44""",60,60.5545,0.5545
2025-10-17 02:45:00,Aspect,Square,Sun,Virgo,"29°28'56.32""",Jupiter,Gemini,"29°51'39.73""",90,89.6213,0.3787
2025-10-17 02:45:00,Aspect,Trine,Mars,Libra,"22°32'52.75""",Rahu,Aquarius,"21°59'08.45""",120,119.4377,0.5623
2025-10-17 02:45:00,Aspect,Sextile,Mars,Libra,"22°32'52.75""",Ketu,Leo,"21°59'08.45""",60,60.5623,0.5623
2025-10-17 03:00:00,Aspect,Square,Sun,Virgo,"29°29'33.53""",Jupiter,Gemini,"29°51'42.77""",90,89.6308,0.3692
2025-10-17 03:00:00,Aspect,Trine,Mars,Libra,"22°33'18.90""",Rahu,Aquarius,"21°59'06.47""",120,119.4299,0.5701
2025-10-17 03:00:00,Aspect,Sextile,Mars,Libra,"22°33'18.90""",Ketu,Leo,"21°59'06.47""",60,60.5701,0.5701
2025-10-17 03:15:00,Aspect,Square,Sun,Virgo,"29°30'10.73""",Jupiter,Gemini,"29°51'45.80""",90,89.6403,0.3597
2025-10-17 03:15:00,Aspect,Trine,Mars,Libra,"22°33'45.05""",Rahu,Aquarius,"21°59'04.48""",120,119.4221,0.5779
2025-10-17 03:15:00,Aspect,Sextile,Mars,Libra,"22°33'45.05""",Ketu,Leo,"21°59'04.48""",60,60.5779,0.5779
2025-10-17 03:30:00,Aspect,Square,Sun,Virgo,"29°30'47.94""",Jupiter,Gemini,"29°51'48.83""",90,89.6498,0.3502
2025-10-17 03:30:00,Aspect,Trine,Mars,Libra,"22°34'11.20""",Rahu,Aquarius,"21°59'02.49""",120,119.4142,0.5858
2025-10-17 03:30:00,Aspect,Sextile,Mars,Libra,"22°34'11.20""",Ketu,Leo,"21°59'02.49""",60,60.5858,0.5858
2025-10-17 03:45:00,Aspect,Square,Sun,Virgo,"29°31'25.14""",Jupiter,Gemini,"29°51'51.86""",90,89.6592,0.3408
2025-10-17 03:45:00,Aspect,Trine,Mars,Libra,"22°34'37.35""",Rahu,Aquarius,"21°59'00.51""",120,119.4064,0.5936
2025-10-17 03:45:00,Aspect,Sextile,Mars,Libra,"22°34'37.35""",Ketu,Leo,"21°59'00.51""",60,60.5936,0.5936
2025-10-17 04:00:00,Aspect,Square,Sun,Virgo,"29°32'02.35""",Jupiter,Gemini,"29°51'54.89""",90,89.6687,0.3313
2025-10-17 04:00:00,Aspect,Trine,Mars,Libra,"22°35'03.50""",Rahu,Aquarius,"21°58'58.52""",120,119.3986,0.6014
2025-10-17 04:00:00,Aspect,Sextile,Mars,Libra,"22°35'03.50""",Ketu,Leo,"21°58'58.52""",60,60.6014,0.6014
2025-10-17 04:15:00,Aspect,Square,Sun,Virgo,"29°32'39.55""",Jupiter,Gemini,"29°51'57.92""",90,89.6782,0.3218
2025-10-17 04:15:00,Aspect,Trine,Mars,Libra,"22°35'29.65""",Rahu,Aquarius,"21°58'56.53""",120,119.3908,0.6092
2025-10-17 04:15:00,Aspect,Sextile,Mars,Libra,"22°35'29.65""",Ketu,Leo,"21°58'56.53""",60,60.6092,0.6092
2025-10-17 04:30:00,Aspect,Square,Sun,Virgo,"29°33'16.76""",Jupiter,Gemini,"29°52'00.95""",90,89.6877,0.3123
2025-10-17 04:30:00,Aspect,Trine,Mars,Libra,"22°35'55.80""",Rahu,Aquarius,"21°58'54.54""",120,119.383,0.617
2025-10-17 04:30:00,Aspect,Sextile,Mars,Libra,"22°35'55.80""",Ketu,Leo,"21°58'54.54""",60,60.617,0.617
2025-10-17 04:45:00,Aspect,Square,Sun,Virgo,"29°33'53.96""",Jupiter,Gemini,"29°52'03.97""",90,89.6972,0.3028
2025-10-17 04:45:00,Aspect,Trine,Mars,Libra,"22°36'21.95""",Rahu,Aquarius,"21°58'52.56""",120,119.3752,0.6248
2025-10-17 04:45:00,Aspect,Sextile,Mars,Libra,"22°36'21.95""",Ketu,Leo,"21°58'52.56""",60,60.6248,0.6248
2025-10-17 05:00:00,Aspect,Square,Sun,Virgo,"29°34'31.17""",Jupiter,Gemini,"29°52'07.00""",90,89.7067,0.2933
2025-10-17 05:00:00,Aspect,Trine,Mars,Libra,"22°36'48.10""",Rahu,Aquarius,"21°58'50.57""",120,119.3674,0.6326
2025-10-17 05:00:00,Aspect,Sextile,Mars,Libra,"22°36'48.10""",Ketu,Leo,"21°58'50.57""",60,60.6326,0.6326
2025-10-17 05:15:00,Aspect,Square,Sun,Virgo,"29°35'08.38""",Jupiter,Gemini,"29°52'10.02""",90,89.7162,0.2838
2025-10-17 05:15:00,Aspect,Trine,Mars,Libra,"22°37'14.26""",Rahu,Aquarius,"21°58'48.58""",120,119.3595,0.6405
2025-10-17 05:15:00,Aspect,Sextile,Mars,Libra,"22°37'14.26""",Ketu,Leo,"21°58'48.58""",60,60.6405,0.6405
2025-10-17 05:30:00,Aspect,Square,Sun,Virgo,"29°35'45.58""",Jupiter,Gemini,"29°52'13.05""",90,89.7257,0.2743
2025-10-17 05:30:00,Aspect,Trine,Mars,Libra,"22°37'40.41""",Rahu,Aquarius,"21°58'46.60""",120,119.3517,0.6483
2025-10-17 05:30:00,Aspect,Sextile,Mars,Libra,"22°37'40.41""",Ketu,Leo,"21°58'46.60""",60,60.6483,0.6483
2025-10-17 05:45:00,Aspect,Square,Sun,Virgo,"29°36'22.79""",Jupiter,Gemini,"29°52'16.07""",90,89.7352,0.2648
2025-10-17 05:45:00,Aspect,Trine,Mars,Libra,"22°38'06.56""",Rahu,Aquarius,"21°58'44.61""",120,119.3439,0.6561
2025-10-17 05:45:00,Aspect,Sextile,Mars,Libra,"22°38'06.56""",Ketu,Leo,"21°58'44.61""",60,60.6561,0.6561
2025-10-17 06:00:00,Aspect,Square,Sun,Virgo,"29°37'00.00""",Jupiter,Gemini,"29°52'19.09""",90,89.7447,0.2553
2025-10-17 06:00:00,Aspect,Trine,Mars,Libra,"22°38'32.71""",Rahu,Aquarius,"21°58'42.62""",120,119.3361,0.6639
2025-10-17 06:00:00,Aspect,Sextile,Mars,Libra,"22°38'32.71""",Ketu,Leo,"21°58'42.62""",60,60.6639,0.6639
2025-10-17 06:15:00,Aspect,Square,Sun,Virgo,"29°37'37.20""",Jupiter,Gemini,"29°52'22.11""",90,89.7542,0.2458
2025-10-17 06:15:00,Aspect,Trine,Mars,Libra,"22°38'58.87""",Rahu,Aquarius,"21°58'40.63""",120,119.3283,0.6717
2025-10-17 06:15:00,Aspect,Sextile,Mars,Libra,"22°38'58.87""",Ketu,Leo,"21°58'40.63""",60,60.6717,0.6717
2025-10-17 06:30:00,Aspect,Square,Sun,Virgo,"29°38'14.41""",Jupiter,Gemini,"29°52'25.13""",90,89.7637,0.2363
2025-10-17 06:30:00,Aspect,Trine,Mars,Libra,"22°39'25.02""",Rahu,Aquarius,"21°58'38.65""",120,119.3205,0.6795
2025-10-17 06:30:00,Aspect,Sextile,Mars,Libra,"22°39'25.02""",Ketu,Leo,"21°58'38.65""",60,60.6795,0.6795
2025-10-17 06:45:00,Aspect,Square,Sun,Virgo,"29°38'51.62""",Jupiter,Gemini,"29°52'28.14""",90,89.7732,0.2268
2025-10-17 06:45:00,Aspect,Trine,Mars,Libra,"22°39'51.18""",Rahu,Aquarius,"21°58'36.66""",120,119.3126,0.6874
2025-10-17 06:45:00,Aspect,Sextile,Mars,Libra,"22°39'51.18""",Ketu,Leo,"21°58'36.66""",60,60.6874,0.6874
2025-10-17 07:00:00,Aspect,Square,Sun,Virgo,"29°39'28.83""",Jupiter,Gemini,"29°52'31.16""",90,89.7827,0.2173
2025-10-17 07:00:00,Aspect,Trine,Mars,Libra,"22°40'17.33""",Rahu,Aquarius,"21°58'34.67""",120,119.3048,0.6952
2025-10-17 07:00:00,Aspect,Sextile,Mars,Libra,"22°40'17.33""",Ketu,Leo,"21°58'34.67""",60,60.6952,0.6952
2025-10-17 07:15:00,Aspect,Square,Sun,Virgo,"29°40'06.03""",Jupiter,Gemini,"29°52'34.18""",90,89.7922,0.2078
2025-10-17 07:15:00,Aspect,Trine,Mars,Libra,"22°40'43.49""",Rahu,Aquarius,"21°58'32.68""",120,119.297,0.703
2025-10-17 07:15:00,Aspect,Sextile,Mars,Libra,"22°40'43.49""",Ketu,Leo,"21°58'32.68""",60,60.703,0.703
2025-10-17 07:30:00,Aspect,Square,Sun,Virgo,"29°40'43.24""",Jupiter,Gemini,"29°52'37.19""",90,89.8017,0.1983
2025-10-17 07:30:00,Aspect,Trine,Mars,Libra,"22°41'09.65""",Rahu,Aquarius,"21°58'30.70""",120,119.2892,0.7108
2025-10-17 07:30:00,Aspect,Sextile,Mars,Libra,"22°41'09.65""",Ketu,Leo,"21°58'30.70""",60,60.7108,0.7108
2025-10-17 07:45:00,Aspect,Square,Sun,Virgo,"29°41'20.45""",Jupiter,Gemini,"29°52'40.20""",90,89.8112,0.1888
2025-10-17 07:45:00,Aspect,Trine,Mars,Libra,"22°41'35.80""",Rahu,Aquarius,"21°58'28.71""",120,119.2814,0.7186
2025-10-17 07:45:00,Aspect,Sextile,Mars,Libra,"22°41'35.80""",Ketu,Leo,"21°58'28.71""",60,60.7186,0.7186
2025-10-17 08:00:00,Aspect,Square,Sun,Virgo,"29°41'57.66""",Jupiter,Gemini,"29°52'43.21""",90,89.8207,0.1793
2025-10-17 08:00:00,Aspect,Trine,Mars,Libra,"22°42'01.96""",Rahu,Aquarius,"21°58'26.72""",120,119.2735,0.7265
2025-10-17 08:00:00,Aspect,Sextile,Mars,Libra,"22°42'01.96""",Ketu,Leo,"21°58'26.72""",60,60.7265,0.7265
2025-10-17 08:15:00,Aspect,Square,Sun,Virgo,"29°42'34.87""",Jupiter,Gemini,"29°52'46.23""",90,89.8302,0.1698
2025-10-17 08:15:00,Aspect,Trine,Mars,Libra,"22°42'28.12""",Rahu,Aquarius,"21°58'24.74""",120,119.2657,0.7343
2025-10-17 08:15:00,Aspect,Sextile,Mars,Libra,"22°42'28.12""",Ketu,Leo,"21°58'24.74""",60,60.7343,0.7343
2025-10-17 08:30:00,Aspect,Square,Sun,Virgo,"29°43'12.08""",Jupiter,Gemini,"29°52'49.24""",90,89.8397,0.1603
2025-10-17 08:30:00,Aspect,Trine,Mars,Libra,"22°42'54.27""",Rahu,Aquarius,"21°58'22.75""",120,119.2579,0.7421
2025-10-17 08:30:00,Aspect,Sextile,Mars,Libra,"22°42'54.27""",Ketu,Leo,"21°58'22.75""",60,60.7421,0.7421
2025-10-17 08:45:00,Aspect,Square,Sun,Virgo,"29°43'49.29""",Jupiter,Gemini,"29°52'52.24""",90,89.8492,0.1508
2025-10-17 08:45:00,Aspect,Trine,Mars,Libra,"22°43'20.43""",Rahu,Aquarius,"21°58'20.76""",120,119.2501,0.7499
2025-10-17 08:45:00,Aspect,Sextile,Mars,Libra,"22°43'20.43""",Ketu,Leo,"21°58'20.76""",60,60.7499,0.7499
2025-10-17 09:00:00,Aspect,Square,Sun,Virgo,"29°44'26.50""",Jupiter,Gemini,"29°52'55.25""",90,89.8587,0.1413
2025-10-17 09:00:00,Aspect,Trine,Mars,Libra,"22°43'46.59""",Rahu,Aquarius,"21°58'18.77""",120,119.2423,0.7577
2025-10-17 09:00:00,Aspect,Sextile,Mars,Libra,"22°43'46.59""",Ketu,Leo,"21°58'18.77""",60,60.7577,0.7577
2025-10-17 09:15:00,Aspect,Square,Sun,Virgo,"29°45'03.71""",Jupiter,Gemini,"29°52'58.26""",90,89.8682,0.1318
2025-10-17 09:15:00,Aspect,Trine,Mars,Libra,"22°44'12.75""",Rahu,Aquarius,"21°58'16.79""",120,119.2345,0.7655
2025-10-17 09:15:00,Aspect,Sextile,Mars,Libra,"22°44'12.75""",Ketu,Leo,"21°58'16.79""",60,60.7655,0.7655
2025-10-17 09:30:00,Aspect,Square,Sun,Virgo,"29°45'40.92""",Jupiter,Gemini,"29°53'01.26""",90,89.8777,0.1223
2025-10-17 09:30:00,Aspect,Trine,Mars,Libra,"22°44'38.91""",Rahu,Aquarius,"21°58'14.80""",120,119.2266,0.7734
2025-10-17 09:30:00,Aspect,Sextile,Mars,Libra,"22°44'38.91""",Ketu,Leo,"21°58'14.80""",60,60.7734,0.7734
2025-10-17 09:45:00,Aspect,Square,Sun,Virgo,"29°46'18.13""",Jupiter,Gemini,"29°53'04.27""",90,89.8872,0.1128
2025-10-17 09:45:00,Aspect,Trine,Mars,Libra,"22°45'05.07""",Rahu,Aquarius,"21°58'12.81""",120,119.2188,0.7812
2025-10-17 09:45:00,Aspect,Sextile,Mars,Libra,"22°45'05.07""",Ketu,Leo,"21°58'12.81""",60,60.7812,0.7812
2025-10-17 10:00:00,Aspect,Square,Sun,Virgo,"29°46'55.34""",Jupiter,Gemini,"29°53'07.27""",90,89.8967,0.1033
2025-10-17 10:00:00,Aspect,Trine,Mars,Libra,"22°45'31.23""",Rahu,Aquarius,"21°58'10.83""",120,119.211,0.789
2025-10-17 10:00:00,Aspect,Sextile,Mars,Libra,"22°45'31.23""",Ketu,Leo,"21°58'10.83""",60,60.789,0.789
2025-10-17 10:15:00,Aspect,Square,Sun,Virgo,"29°47'32.55""",Jupiter,Gemini,"29°53'10.27""",90,89.9062,0.0938
2025-10-17 10:15:00,Aspect,Trine,Mars,Libra,"22°45'57.39""",Rahu,Aquarius,"21°58'08.84""",120,119.2032,0.7968
2025-10-17 10:15:00,Aspect,Sextile,Mars,Libra,"22°45'57.39""",Ketu,Leo,"21°58'08.84""",60,60.7968,0.7968
2025-10-17 10:30:00,Aspect,Square,Sun,Virgo,"29°48'09.76""",Jupiter,Gemini,"29°53'13.27""",90,89.9157,0.0843
2025-10-17 10:30:00,Aspect,Trine,Mars,Libra,"22°46'23.55""",Rahu,Aquarius,"21°58'06.85""",120,119.1954,0.8046
2025-10-17 10:30:00,Aspect,Sextile,Mars,Libra,"22°46'23.55""",Ketu,Leo,"21°58'06.85""",60,60.8046,0.8046
2025-10-17 10:45:00,Aspect,Square,Sun,Virgo,"29°48'46.97""",Jupiter,Gemini,"29°53'16.27""",90,89.9252,0.0748
2025-10-17 10:45:00,Aspect,Trine,Mars,Libra,"22°46'49.71""",Rahu,Aquarius,"21°58'04.86""",120,119.1875,0.8125
2025-10-17 10:45:00,Aspect,Sextile,Mars,Libra,"22°46'49.71""",Ketu,Leo,"21°58'04.86""",60,60.8125,0.8125
2025-10-17 11:00:00,Aspect,Square,Sun,Virgo,"29°49'24.19""",Jupiter,Gemini,"29°53'19.27""",90,89.9347,0.0653
2025-10-17 11:00:00,Aspect,Trine,Mars,Libra,"22°47'15.88""",Rahu,Aquarius,"21°58'02.88""",120,119.1797,0.8203
2025-10-17 11:00:00,Aspect,Sextile,Mars,Libra,"22°47'15.88""",Ketu,Leo,"21°58'02.88""",60,60.8203,0.8203
2025-10-17 11:15:00,Aspect,Square,Sun,Virgo,"29°50'01.40""",Jupiter,Gemini,"29°53'22.27""",90,89.9442,0.0558
2025-10-17 11:15:00,Aspect,Trine,Mars,Libra,"22°47'42.04""",Rahu,Aquarius,"21°58'00.89""",120,119.1719,0.8281
2025-10-17 11:15:00,Aspect,Sextile,Mars,Libra,"22°47'42.04""",Ketu,Leo,"21°58'00.89""",60,60.8281,0.8281
2025-10-17 11:30:00,Aspect,Square,Sun,Virgo,"29°50'38.61""",Jupiter,Gemini,"29°53'25.26""",90,89.9537,0.0463
2025-10-17 11:30:00,Aspect,Trine,Mars,Libra,"22°48'08.20""",Rahu,Aquarius,"21°57'58.90""",120,119.1641,0.8359
2025-10-17 11:30:00,Aspect,Sextile,Mars,Libra,"22°48'08.20""",Ketu,Leo,"21°57'58.90""",60,60.8359,0.8359
2025-10-17 11:45:00,Aspect,Square,Sun,Virgo,"29°51'15.82""",Jupiter,Gemini,"29°53'28.26""",90,89.9632,0.0368
2025-10-17 11:45:00,Aspect,Trine,Mars,Libra,"22°48'34.36""",Rahu,Aquarius,"21°57'56.92""",120,119.1563,0.8437
2025-10-17 11:45:00,Aspect,Sextile,Mars,Libra,"22°48'34.36""",Ketu,Leo,"21°57'56.92""",60,60.8437,0.8437
2025-10-17 12:00:00,Aspect,Square,Sun,Virgo,"29°51'53.04""",Jupiter,Gemini,"29°53'31.25""",90,89.9727,0.0273
2025-10-17 12:00:00,Aspect,Trine,Mars,Libra,"22°49'00.53""",Rahu,Aquarius,"21°57'54.93""",120,119.1484,0.8516
2025-10-17 12:00:00,Aspect,Sextile,Mars,Libra,"22°49'00.53""",Ketu,Leo,"21°57'54.93""",60,60.8516,0.8516
2025-10-17 12:15:00,Aspect,Square,Sun,Virgo,"29°52'30.25""",Jupiter,Gemini,"29°53'34.25""",90,89.9822,0.0178
2025-10-17 12:15:00,Aspect,Trine,Mars,Libra,"22°49'26.69""",Rahu,Aquarius,"21°57'52.94""",120,119.1406,0.8594
2025-10-17 12:15:00,Aspect,Sextile,Mars,Libra,"22°49'26.69""",Ketu,Leo,"21°57'52.94""",60,60.8594,0.8594
2025-10-17 12:30:00,Aspect,Square,Sun,Virgo,"29°53'07.46""",Jupiter,Gemini,"29°53'37.24""",90,89.9917,0.0083
2025-10-17 12:30:00,Aspect,Trine,Mars,Libra,"22°49'52.86""",Rahu,Aquarius,"21°57'50.95""",120,119.1328,0.8672
2025-10-17 12:30:00,Aspect,Sextile,Mars,Libra,"22°49'52.86""",Ketu,Leo,"21°57'50.95""",60,60.8672,0.8672
2025-10-17 12:45:00,Aspect,Square,Sun,Virgo,"29°53'44.68""",Jupiter,Gemini,"29°53'40.23""",90,90.0012,0.0012
2025-10-17 12:45:00,Aspect,Trine,Mars,Libra,"22°50'19.02""",Rahu,Aquarius,"21°57'48.97""",120,119.125,0.875
2025-10-17 12:45:00,Aspect,Sextile,Mars,Libra,"22°50'19.02""",Ketu,Leo,"21°57'48.97""",60,60.875,0.875
2025-10-17 13:00:00,Aspect,Square,Sun,Virgo,"29°54'21.89""",Jupiter,Gemini,"29°53'43.22""",90,90.0107,0.0107
2025-10-17 13:00:00,Aspect,Trine,Mars,Libra,"22°50'45.19""",Rahu,Aquarius,"21°57'46.98""",120,119.1172,0.8828
2025-10-17 13:00:00,Aspect,Sextile,Mars,Libra,"22°50'45.19""",Ketu,Leo,"21°57'46.98""",60,60.8828,0.8828
2025-10-17 13:15:00,Aspect,Square,Sun,Virgo,"29°54'59.10""",Jupiter,Gemini,"29°53'46.21""",90,90.0202,0.0202
2025-10-17 13:15:00,Aspect,Trine,Mars,Libra,"22°51'11.35""",Rahu,Aquarius,"21°57'44.99""",120,119.1093,0.8907
2025-10-17 13:15:00,Aspect,Sextile,Mars,Libra,"22°51'11.35""",Ketu,Leo,"21°57'44.99""",60,60.8907,0.8907
2025-10-17 13:30:00,Aspect,Square,Sun,Virgo,"29°55'36.32""",Jupiter,Gemini,"29°53'49.19""",90,90.0298,0.0298
2025-10-17 13:30:00,Aspect,Trine,Mars,Libra,"22°51'37.52""",Rahu,Aquarius,"21°57'43.00""",120,119.1015,0.8985
2025-10-17 13:30:00,Aspect,Sextile,Mars,Libra,"22°51'37.52""",Ketu,Leo,"21°57'43.00""",60,60.8985,0.8985
2025-10-17 13:45:00,Aspect,Square,Sun,Virgo,"29°56'13.53""",Jupiter,Gemini,"29°53'52.18""",90,90.0393,0.0393
2025-10-17 13:45:00,Aspect,Trine,Mercury,Libra,"20°58'32.98""",Rahu,Aquarius,"21°57'41.02""",120,120.9856,0.9856
2025-10-17 13:45:00,Aspect,Sextile,Mercury,Libra,"20°58'32.98""",Ketu,Leo,"21°57'41.02""",60,59.0144,0.9856
2025-10-17 13:45:00,Aspect,Trine,Mars,Libra,"22°52'03.69""",Rahu,Aquarius,"21°57'41.02""",120,119.0937,0.9063
2025-10-17 13:45:00,Aspect,Sextile,Mars,Libra,"22°52'03.69""",Ketu,Leo,"21°57'41.02""",60,60.9063,0.9063
2025-10-17 14:00:00,Aspect,Square,Sun,Virgo,"29°56'50.75""",Jupiter,Gemini,"29°53'55.16""",90,90.0488,0.0488
2025-10-17 14:00:00,Aspect,Trine,Mercury,Libra,"20°59'23.83""",Rahu,Aquarius,"21°57'39.03""",120,120.9709,0.9709
2025-10-17 14:00:00,Aspect,Sextile,Mercury,Libra,"20°59'23.83""",Ketu,Leo,"21°57'39.03""",60,59.0291,0.9709
2025-10-17 14:00:00,Aspect,Trine,Mars,Libra,"22°52'29.85""",Rahu,Aquarius,"21°57'39.03""",120,119.0859,0.9141
2025-10-17 14:00:00,Aspect,Sextile,Mars,Libra,"22°52'29.85""",Ketu,Leo,"21°57'39.03""",60,60.9141,0.9141
2025-10-17 14:15:00,Aspect,Square,Sun,Virgo,"29°57'27.96""",Jupiter,Gemini,"29°53'58.15""",90,90.0583,0.0583
2025-10-17 14:15:00,Aspect,Trine,Mercury,Libra,"21°00'14.67""",Rahu,Aquarius,"21°57'37.04""",120,120.9562,0.9562
2025-10-17 14:15:00,Aspect,Sextile,Mercury,Libra,"21°00'14.67""",Ketu,Leo,"21°57'37.04""",60,59.0438,0.9562
2025-10-17 14:15:00,Aspect,Trine,Mars,Libra,"22°52'56.02""",Rahu,Aquarius,"21°57'37.04""",120,119.0781,0.9219
2025-10-17 14:15:00,Aspect,Sextile,Mars,Libra,"22°52'56.02""",Ketu,Leo,"21°57'37.04""",60,60.9219,0.9219
2025-10-17 14:30:00,Aspect,Square,Sun,Virgo,"29°58'05.18""",Jupiter,Gemini,"29°54'01.13""",90,90.0678,0.0678
2025-10-17 14:30:00,Aspect,Trine,Mercury,Libra,"21°01'05.50""",Rahu,Aquarius,"21°57'35.06""",120,120.9415,0.9415
2025-10-17 14:30:00,Aspect,Sextile,Mercury,Libra,"21°01'05.50""",Ketu,Leo,"21°57'35.06""",60,59.0585,0.9415
2025-10-17 14:30:00,Aspect,Trine,Mars,Libra,"22°53'22.19""",Rahu,Aquarius,"21°57'35.06""",120,119.0702,0.9298
2025-10-17 14:30:00,Aspect,Sextile,Mars,Libra,"22°53'22.19""",Ketu,Leo,"21°57'35.06""",60,60.9298,0.9298
2025-10-17 14:45:00,Aspect,Square,Sun,Virgo,"29°58'42.39""",Jupiter,Gemini,"29°54'04.11""",90,90.0773,0.0773
2025-10-17 14:45:00,Aspect,Trine,Mercury,Libra,"21°01'56.33""",Rahu,Aquarius,"21°57'33.07""",120,120.9269,0.9269
2025-10-17 14:45:00,Aspect,Sextile,Mercury,Libra,"21°01'56.33""",Ketu,Leo,"21°57'33.07""",60,59.0731,0.9269
2025-10-17 14:45:00,Aspect,Trine,Mars,Libra,"22°53'48.36""",Rahu,Aquarius,"21°57'33.07""",120,119.0624,0.9376
2025-10-17 14:45:00,Aspect,Sextile,Mars,Libra,"22°53'48.36""",Ketu,Leo,"21°57'33.07""",60,60.9376,0.9376
2025-10-17 15:00:00,Aspect,Square,Sun,Virgo,"29°59'19.61""",Jupiter,Gemini,"29°54'07.09""",90,90.0868,0.0868
2025-10-17 15:00:00,Aspect,Trine,Mercury,Libra,"21°02'47.15""",Rahu,Aquarius,"21°57'31.08""",120,120.9122,0.9122
2025-10-17 15:00:00,Aspect,Sextile,Mercury,Libra,"21°02'47.15""",Ketu,Leo,"21°57'31.08""",60,59.0878,0.9122
2025-10-17 15:00:00,Aspect,Trine,Mars,Libra,"22°54'14.52""",Rahu,Aquarius,"21°57'31.08""",120,119.0546,0.9454
2025-10-17 15:00:00,Aspect,Sextile,Mars,Libra,"22°54'14.52""",Ketu,Leo,"21°57'31.08""",60,60.9454,0.9454
2025-10-17 15:15:00,Aspect,Square,Sun,Virgo,"29°59'56.83""",Jupiter,Gemini,"29°54'10.07""",90,90.0963,0.0963
2025-10-17 15:15:00,Aspect,Trine,Mercury,Libra,"21°03'37.96""",Rahu,Aquarius,"21°57'29.09""",120,120.8975,0.8975
2025-10-17 15:15:00,Aspect,Sextile,Mercury,Libra,"21°03'37.96""",Ketu,Leo,"21°57'29.09""",60,59.1025,0.8975
2025-10-17 15:15:00,Aspect,Trine,Mars,Libra,"22°54'40.69""",Rahu,Aquarius,"21°57'29.09""",120,119.0468,0.9532
2025-10-17 15:15:00,Aspect,Sextile,Mars,Libra,"22°54'40.69""",Ketu,Leo,"21°57'29.09""",60,60.9532,0.9532
2025-10-17 15:30:00,Aspect,Square,Sun,Libra,"0°00'34.04""",Jupiter,Gemini,"29°54'13.05""",90,90.1058,0.1058
2025-10-17 15:30:00,Aspect,Trine,Mercury,Libra,"21°04'28.77""",Rahu,Aquarius,"21°57'27.11""",120,120.8829,0.8829
2025-10-17 15:30:00,Aspect,Sextile,Mercury,Libra,"21°04'28.77""",Ketu,Leo,"21°57'27.11""",60,59.1171,0.8829
2025-10-17 15:30:00,Aspect,Trine,Mars,Libra,"22°55'06.86""",Rahu,Aquarius,"21°57'27.11""",120,119.039,0.961
2025-10-17 15:30:00,Aspect,Sextile,Mars,Libra,"22°55'06.86""",Ketu,Leo,"21°57'27.11""",60,60.961,0.961
2025-10-17 15:45:00,Aspect,Square,Sun,Libra,"0°01'11.26""",Jupiter,Gemini,"29°54'16.03""",90,90.1153,0.1153
2025-10-17 15:45:00,Aspect,Trine,Mercury,Libra,"21°05'19.57""",Rahu,Aquarius,"21°57'25.12""",120,120.8682,0.8682
2025-10-17 15:45:00,Aspect,Sextile,Mercury,Libra,"21°05'19.57""",Ketu,Leo,"21°57'25.12""",60,59.1318,0.8682
2025-10-17 15:45:00,Aspect,Trine,Mars,Libra,"22°55'33.03""",Rahu,Aquarius,"21°57'25.12""",120,119.0311,0.9689
2025-10-17 15:45:00,Aspect,Sextile,Mars,Libra,"22°55'33.03""",Ketu,Leo,"21°57'25.12""",60,60.9689,0.9689
2025-10-17 16:00:00,Aspect,Square,Sun,Libra,"0°01'48.47""",Jupiter,Gemini,"29°54'19.00""",90,90.1249,0.1249
2025-10-17 16:00:00,Aspect,Trine,Mercury,Libra,"21°06'10.37""",Rahu,Aquarius,"21°57'23.13""",120,120.8535,0.8535
2025-10-17 16:00:00,Aspect,Sextile,Mercury,Libra,"21°06'10.37""",Ketu,Leo,"21°57'23.13""",60,59.1465,0.8535
2025-10-17 16:00:00,Aspect,Trine,Mars,Libra,"22°55'59.20""",Rahu,Aquarius,"21°57'23.13""",120,119.0233,0.9767
2025-10-17 16:00:00,Aspect,Sextile,Mars,Libra,"22°55'59.20""",Ketu,Leo,"21°57'23.13""",60,60.9767,0.9767
2025-10-17 16:15:00,Aspect,Square,Sun,Libra,"0°02'25.69""",Jupiter,Gemini,"29°54'21.98""",90,90.1344,0.1344
2025-10-17 16:15:00,Aspect,Trine,Mercury,Libra,"21°07'01.15""",Rahu,Aquarius,"21°57'21.15""",120,120.8389,0.8389
2025-10-17 16:15:00,Aspect,Sextile,Mercury,Libra,"21°07'01.15""",Ketu,Leo,"21°57'21.15""",60,59.1611,0.8389
2025-10-17 16:15:00,Aspect,Trine,Mars,Libra,"22°56'25.37""",Rahu,Aquarius,"21°57'21.15""",120,119.0155,0.9845
2025-10-17 16:15:00,Aspect,Sextile,Mars,Libra,"22°56'25.37""",Ketu,Leo,"21°57'21.15""",60,60.9845,0.9845
2025-10-17 16:30:00,Aspect,Square,Sun,Libra,"0°03'02.91""",Jupiter,Gemini,"29°54'24.95""",90,90.1439,0.1439
2025-10-17 16:30:00,Aspect,Trine,Mercury,Libra,"21°07'51.94""",Rahu,Aquarius,"21°57'19.16""",120,120.8242,0.8242
2025-10-17 16:30:00,Aspect,Sextile,Mercury,Libra,"21°07'51.94""",Ketu,Leo,"21°57'19.16""",60,59.1758,0.8242
2025-10-17 16:30:00,Aspect,Trine,Mars,Libra,"22°56'51.55""",Rahu,Aquarius,"21°57'19.16""",120,119.0077,0.9923
2025-10-17 16:30:00,Aspect,Sextile,Mars,Libra,"22°56'51.55""",Ketu,Leo,"21°57'19.16""",60,60.9923,0.9923
2025-10-17 16:45:00,Aspect,Square,Sun,Libra,"0°03'40.13""",Jupiter,Gemini,"29°54'27.93""",90,90.1534,0.1534
2025-10-17 16:45:00,Aspect,Trine,Mercury,Libra,"21°08'42.71""",Rahu,Aquarius,"21°57'17.17""",120,120.8096,0.8096
2025-10-17 16:45:00,Aspect,Sextile,Mercury,Libra,"21°08'42.71""",Ketu,Leo,"21°57'17.17""",60,59.1904,0.8096
2025-10-17 17:00:00,Aspect,Square,Sun,Libra,"0°04'17.34""",Jupiter,Gemini,"29°54'30.90""",90,90.1629,0.1629
2025-10-17 17:00:00,Aspect,Trine,Mercury,Libra,"21°09'33.48""",Rahu,Aquarius,"21°57'15.18""",120,120.7949,0.7949
2025-10-17 17:00:00,Aspect,Sextile,Mercury,Libra,"21°09'33.48""",Ketu,Leo,"21°57'15.18""",60,59.2051,0.7949
2025-10-17 17:15:00,Aspect,Square,Sun,Libra,"0°04'54.56""",Jupiter,Gemini,"29°54'33.87""",90,90.1724,0.1724
2025-10-17 17:15:00,Aspect,Trine,Mercury,Libra,"21°10'24.24""",Rahu,Aquarius,"21°57'13.20""",120,120.7803,0.7803
2025-10-17 17:15:00,Aspect,Sextile,Mercury,Libra,"21°10'24.24""",Ketu,Leo,"21°57'13.20""",60,59.2197,0.7803
2025-10-17 17:30:00,Aspect,Square,Sun,Libra,"0°05'31.78""",Jupiter,Gemini,"29°54'36.84""",90,90.1819,0.1819
2025-10-17 17:30:00,Aspect,Trine,Mercury,Libra,"21°11'14.99""",Rahu,Aquarius,"21°57'11.21""",120,120.7656,0.7656
2025-10-17 17:30:00,Aspect,Sextile,Mercury,Libra,"21°11'14.99""",Ketu,Leo,"21°57'11.21""",60,59.2344,0.7656
2025-10-17 17:45:00,Aspect,Square,Sun,Libra,"0°06'09.00""",Jupiter,Gemini,"29°54'39.81""",90,90.1914,0.1914
2025-10-17 17:45:00,Aspect,Trine,Mercury,Libra,"21°12'05.74""",Rahu,Aquarius,"21°57'09.22""",120,120.751,0.751
2025-10-17 17:45:00,Aspect,Sextile,Mercury,Libra,"21°12'05.74""",Ketu,Leo,"21°57'09.22""",60,59.249,0.751
2025-10-17 18:00:00,Aspect,Square,Sun,Libra,"0°06'46.22""",Jupiter,Gemini,"29°54'42.77""",90,90.201,0.201
2025-10-17 18:00:00,Aspect,Trine,Mercury,Libra,"21°12'56.48""",Rahu,Aquarius,"21°57'07.24""",120,120.7363,0.7363
2025-10-17 18:00:00,Aspect,Sextile,Mercury,Libra,"21°12'56.48""",Ketu,Leo,"21°57'07.24""",60,59.2637,0.7363
2025-10-17 18:15:00,Aspect,Square,Sun,Libra,"0°07'23.44""",Jupiter,Gemini,"29°54'45.74""",90,90.2105,0.2105
2025-10-17 18:15:00,Aspect,Trine,Mercury,Libra,"21°13'47.21""",Rahu,Aquarius,"21°57'05.25""",120,120.7217,0.7217
2025-10-17 18:15:00,Aspect,Sextile,Mercury,Libra,"21°13'47.21""",Ketu,Leo,"21°57'05.25""",60,59.2783,0.7217
2025-10-17 18:30:00,Aspect,Square,Sun,Libra,"0°08'00.65""",Jupiter,Gemini,"29°54'48.70""",90,90.22,0.22
2025-10-17 18:30:00,Aspect,Trine,Mercury,Libra,"21°14'37.94""",Rahu,Aquarius,"21°57'03.26""",120,120.707,0.707
2025-10-17 18:30:00,Aspect,Sextile,Mercury,Libra,"21°14'37.94""",Ketu,Leo,"21°57'03.26""",60,59.293,0.707
2025-10-17 18:45:00,Aspect,Square,Sun,Libra,"0°08'37.87""",Jupiter,Gemini,"29°54'51.67""",90,90.2295,0.2295
2025-10-17 18:45:00,Aspect,Trine,Mercury,Libra,"21°15'28.66""",Rahu,Aquarius,"21°57'01.27""",120,120.6924,0.6924
2025-10-17 18:45:00,Aspect,Sextile,Mercury,Libra,"21°15'28.66""",Ketu,Leo,"21°57'01.27""",60,59.3076,0.6924
2025-10-17 19:00:00,Aspect,Square,Sun,Libra,"0°09'15.09""",Jupiter,Gemini,"29°54'54.63""",90,90.239,0.239
2025-10-17 19:00:00,Aspect,Trine,Mercury,Libra,"21°16'19.38""",Rahu,Aquarius,"21°56'59.29""",120,120.6778,0.6778
2025-10-17 19:00:00,Aspect,Sextile,Mercury,Libra,"21°16'19.38""",Ketu,Leo,"21°56'59.29""",60,59.3222,0.6778
2025-10-17 19:15:00,Aspect,Square,Sun,Libra,"0°09'52.31""",Jupiter,Gemini,"29°54'57.59""",90,90.2485,0.2485
2025-10-17 19:15:00,Aspect,Trine,Mercury,Libra,"21°17'10.08""",Rahu,Aquarius,"21°56'57.30""",120,120.6631,0.6631
2025-10-17 19:15:00,Aspect,Sextile,Mercury,Libra,"21°17'10.08""",Ketu,Leo,"21°56'57.30""",60,59.3369,0.6631
2025-10-17 19:30:00,Aspect,Square,Sun,Libra,"0°10'29.53""",Jupiter,Gemini,"29°55'00.55""",90,90.2581,0.2581
2025-10-17 19:30:00,Aspect,Trine,Mercury,Libra,"21°18'00.78""",Rahu,Aquarius,"21°56'55.31""",120,120.6485,0.6485
2025-10-17 19:30:00,Aspect,Sextile,Mercury,Libra,"21°18'00.78""",Ketu,Leo,"21°56'55.31""",60,59.3515,0.6485
2025-10-17 19:45:00,Aspect,Square,Sun,Libra,"0°11'06.75""",Jupiter,Gemini,"29°55'03.51""",90,90.2676,0.2676
2025-10-17 19:45:00,Aspect,Trine,Mercury,Libra,"21°18'51.48""",Rahu,Aquarius,"21°56'53.32""",120,120.6338,0.6338
2025-10-17 19:45:00,Aspect,Sextile,Mercury,Libra,"21°18'51.48""",Ketu,Leo,"21°56'53.32""",60,59.3662,0.6338
2025-10-17 20:00:00,Aspect,Square,Sun,Libra,"0°11'43.97""",Jupiter,Gemini,"29°55'06.47""",90,90.2771,0.2771
2025-10-17 20:00:00,Aspect,Trine,Mercury,Libra,"21°19'42.17""",Rahu,Aquarius,"21°56'51.34""",120,120.6192,0.6192
2025-10-17 20:00:00,Aspect,Sextile,Mercury,Libra,"21°19'42.17""",Ketu,Leo,"21°56'51.34""",60,59.3808,0.6192
2025-10-17 20:15:00,Aspect,Square,Sun,Libra,"0°12'21.19""",Jupiter,Gemini,"29°55'09.43""",90,90.2866,0.2866
2025-10-17 20:15:00,Aspect,Trine,Mercury,Libra,"21°20'32.85""",Rahu,Aquarius,"21°56'49.35""",120,120.6046,0.6046
2025-10-17 20:15:00,Aspect,Sextile,Mercury,Libra,"21°20'32.85""",Ketu,Leo,"21°56'49.35""",60,59.3954,0.6046
2025-10-17 20:30:00,Aspect,Square,Sun,Libra,"0°12'58.42""",Jupiter,Gemini,"29°55'12.38""",90,90.2961,0.2961
2025-10-17 20:30:00,Aspect,Trine,Mercury,Libra,"21°21'23.52""",Rahu,Aquarius,"21°56'47.36""",120,120.59,0.59
2025-10-17 20:30:00,Aspect,Sextile,Mercury,Libra,"21°21'23.52""",Ketu,Leo,"21°56'47.36""",60,59.41,0.59
2025-10-17 20:45:00,Aspect,Square,Sun,Libra,"0°13'35.64""",Jupiter,Gemini,"29°55'15.34""",90,90.3056,0.3056
2025-10-17 20:45:00,Aspect,Trine,Mercury,Libra,"21°22'14.19""",Rahu,Aquarius,"21°56'45.38""",120,120.5753,0.5753
2025-10-17 20:45:00,Aspect,Sextile,Mercury,Libra,"21°22'14.19""",Ketu,Leo,"21°56'45.38""",60,59.4247,0.5753
2025-10-17 21:00:00,Aspect,Square,Sun,Libra,"0°14'12.86""",Jupiter,Gemini,"29°55'18.29""",90,90.3152,0.3152
2025-10-17 21:00:00,Aspect,Trine,Mercury,Libra,"21°23'04.85""",Rahu,Aquarius,"21°56'43.39""",120,120.5607,0.5607
2025-10-17 21:00:00,Aspect,Sextile,Mercury,Libra,"21°23'04.85""",Ketu,Leo,"21°56'43.39""",60,59.4393,0.5607
2025-10-17 21:15:00,Aspect,Square,Sun,Libra,"0°14'50.08""",Jupiter,Gemini,"29°55'21.24""",90,90.3247,0.3247
2025-10-17 21:15:00,Aspect,Trine,Mercury,Libra,"21°23'55.50""",Rahu,Aquarius,"21°56'41.40""",120,120.5461,0.5461
2025-10-17 21:15:00,Aspect,Sextile,Mercury,Libra,"21°23'55.50""",Ketu,Leo,"21°56'41.40""",60,59.4539,0.5461
2025-10-17 21:30:00,Aspect,Square,Sun,Libra,"0°15'27.30""",Jupiter,Gemini,"29°55'24.20""",90,90.3342,0.3342
2025-10-17 21:30:00,Aspect,Trine,Mercury,Libra,"21°24'46.15""",Rahu,Aquarius,"21°56'39.41""",120,120.5315,0.5315
2025-10-17 21:30:00,Aspect,Sextile,Mercury,Libra,"21°24'46.15""",Ketu,Leo,"21°56'39.41""",60,59.4685,0.5315
2025-10-17 21:45:00,Aspect,Square,Sun,Libra,"0°16'04.52""",Jupiter,Gemini,"29°55'27.15""",90,90.3437,0.3437
2025-10-17 21:45:00,Aspect,Trine,Mercury,Libra,"21°25'36.79""",Rahu,Aquarius,"21°56'37.43""",120,120.5168,0.5168
2025-10-17 21:45:00,Aspect,Sextile,Mercury,Libra,"21°25'36.79""",Ketu,Leo,"21°56'37.43""",60,59.4832,0.5168
2025-10-17 22:00:00,Aspect,Square,Sun,Libra,"0°16'41.75""",Jupiter,Gemini,"29°55'30.10""",90,90.3532,0.3532
2025-10-17 22:00:00,Aspect,Trine,Mercury,Libra,"21°26'27.42""",Rahu,Aquarius,"21°56'35.44""",120,120.5022,0.5022
2025-10-17 22:00:00,Aspect,Sextile,Mercury,Libra,"21°26'27.42""",Ketu,Leo,"21°56'35.44""",60,59.4978,0.5022
2025-10-17 22:15:00,Aspect,Square,Sun,Libra,"0°17'18.97""",Jupiter,Gemini,"29°55'33.04""",90,90.3628,0.3628
2025-10-17 22:15:00,Aspect,Trine,Mercury,Libra,"21°27'18.05""",Rahu,Aquarius,"21°56'33.45""",120,120.4876,0.4876
2025-10-17 22:15:00,Aspect,Sextile,Mercury,Libra,"21°27'18.05""",Ketu,Leo,"21°56'33.45""",60,59.5124,0.4876
2025-10-17 22:30:00,Aspect,Square,Sun,Libra,"0°17'56.19""",Jupiter,Gemini,"29°55'35.99""",90,90.3723,0.3723
2025-10-17 22:30:00,Aspect,Trine,Mercury,Libra,"21°28'08.67""",Rahu,Aquarius,"21°56'31.47""",120,120.473,0.473
2025-10-17 22:30:00,Aspect,Sextile,Mercury,Libra,"21°28'08.67""",Ketu,Leo,"21°56'31.47""",60,59.527,0.473
2025-10-17 22:45:00,Aspect,Square,Sun,Libra,"0°18'33.42""",Jupiter,Gemini,"29°55'38.94""",90,90.3818,0.3818
2025-10-17 22:45:00,Aspect,Trine,Mercury,Libra,"21°28'59.28""",Rahu,Aquarius,"21°56'29.48""",120,120.4584,0.4584
2025-10-17 22:45:00,Aspect,Sextile,Mercury,Libra,"21°28'59.28""",Ketu,Leo,"21°56'29.48""",60,59.5416,0.4584
2025-10-17 23:00:00,Aspect,Square,Sun,Libra,"0°19'10.64""",Jupiter,Gemini,"29°55'41.88""",90,90.3913,0.3913
2025-10-17 23:00:00,Aspect,Trine,Mercury,Libra,"21°29'49.89""",Rahu,Aquarius,"21°56'27.49""",120,120.4438,0.4438
2025-10-17 23:00:00,Aspect,Sextile,Mercury,Libra,"21°29'49.89""",Ketu,Leo,"21°56'27.49""",60,59.5562,0.4438
2025-10-17 23:15:00,Aspect,Square,Sun,Libra,"0°19'47.86""",Jupiter,Gemini,"29°55'44.82""",90,90.4008,0.4008
2025-10-17 23:15:00,Aspect,Trine,Mercury,Libra,"21°30'40.49""",Rahu,Aquarius,"21°56'25.50""",120,120.4292,0.4292
2025-10-17 23:15:00,Aspect,Sextile,Mercury,Libra,"21°30'40.49""",Ketu,Leo,"21°56'25.50""",60,59.5708,0.4292
2025-10-17 23:30:00,Aspect,Square,Sun,Libra,"0°20'25.09""",Jupiter,Gemini,"29°55'47.77""",90,90.4104,0.4104
2025-10-17 23:30:00,Aspect,Trine,Mercury,Libra,"21°31'31.08""",Rahu,Aquarius,"21°56'23.52""",120,120.4146,0.4146
2025-10-17 23:30:00,Aspect,Sextile,Mercury,Libra,"21°31'31.08""",Ketu,Leo,"21°56'23.52""",60,59.5854,0.4146
2025-10-17 23:45:00,Aspect,Square,Sun,Libra,"0°21'02.31""",Jupiter,Gemini,"29°55'50.71""",90,90.4199,0.4199
2025-10-17 23:45:00,Aspect,Trine,Mercury,Libra,"21°32'21.67""",Rahu,Aquarius,"21°56'21.53""",120,120.4,0.4
2025-10-17 23:45:00,Aspect,Sextile,Mercury,Libra,"21°32'21.67""",Ketu,Leo,"21°56'21.53""",60,59.6,0.4
2025-10-18 00:00:00,Aspect,Square,Sun,Libra,"0°21'39.53""",Jupiter,Gemini,"29°55'53.65""",90,90.4294,0.4294
2025-10-18 00:00:00,Aspect,Trine,Mercury,Libra,"21°33'12.25""",Rahu,Aquarius,"21°56'19.54""",120,120.3854,0.3854
2025-10-18 00:00:00,Aspect,Sextile,Mercury,Libra,"21°33'12.25""",Ketu,Leo,"21°56'19.54""",60,59.6146,0.3854
2025-10-18 00:15:00,Aspect,Square,Sun,Libra,"0°22'16.76""",Jupiter,Gemini,"29°55'56.59""",90,90.4389,0.4389
2025-10-18 00:15:00,Aspect,Trine,Mercury,Libra,"21°34'02.82""",Rahu,Aquarius,"21°56'17.56""",120,120.3708,0.3708
2025-10-18 00:15:00,Aspect,Sextile,Mercury,Libra,"21°34'02.82""",Ketu,Leo,"21°56'17.56""",60,59.6292,0.3708
2025-10-18 00:30:00,Aspect,Square,Sun,Libra,"0°22'53.98""",Jupiter,Gemini,"29°55'59.53""",90,90.4485,0.4485
2025-10-18 00:30:00,Aspect,Trine,Mercury,Libra,"21°34'53.38""",Rahu,Aquarius,"21°56'15.57""",120,120.3562,0.3562
2025-10-18 00:30:00,Aspect,Sextile,Mercury,Libra,"21°34'53.38""",Ketu,Leo,"21°56'15.57""",60,59.6438,0.3562
2025-10-18 00:45:00,Aspect,Square,Sun,Libra,"0°23'31.21""",Jupiter,Gemini,"29°56'02.46""",90,90.458,0.458
2025-10-18 00:45:00,Aspect,Trine,Mercury,Libra,"21°35'43.94""",Rahu,Aquarius,"21°56'13.58""",120,120.3416,0.3416
2025-10-18 00:45:00,Aspect,Sextile,Mercury,Libra,"21°35'43.94""",Ketu,Leo,"21°56'13.58""",60,59.6584,0.3416
2025-10-18 01:00:00,Aspect,Square,Sun,Libra,"0°24'08.43""",Jupiter,Gemini,"29°56'05.40""",90,90.4675,0.4675
2025-10-18 01:00:00,Aspect,Trine,Mercury,Libra,"21°36'34.50""",Rahu,Aquarius,"21°56'11.59""",120,120.327,0.327
2025-10-18 01:00:00,Aspect,Sextile,Mercury,Libra,"21°36'34.50""",Ketu,Leo,"21°56'11.59""",60,59.673,0.327
2025-10-18 01:15:00,Aspect,Square,Sun,Libra,"0°24'45.66""",Jupiter,Gemini,"29°56'08.33""",90,90.477,0.477
2025-10-18 01:15:00,Aspect,Trine,Mercury,Libra,"21°37'25.04""",Rahu,Aquarius,"21°56'09.61""",120,120.3124,0.3124
2025-10-18 01:15:00,Aspect,Sextile,Mercury,Libra,"21°37'25.04""",Ketu,Leo,"21°56'09.61""",60,59.6876,0.3124
2025-10-18 01:30:00,Aspect,Square,Sun,Libra,"0°25'22.89""",Jupiter,Gemini,"29°56'11.27""",90,90.4866,0.4866
2025-10-18 01:30:00,Aspect,Trine,Mercury,Libra,"21°38'15.58""",Rahu,Aquarius,"21°56'07.62""",120,120.2978,0.2978
2025-10-18 01:30:00,Aspect,Sextile,Mercury,Libra,"21°38'15.58""",Ketu,Leo,"21°56'07.62""",60,59.7022,0.2978
2025-10-18 01:45:00,Aspect,Square,Sun,Libra,"0°26'00.11""",Jupiter,Gemini,"29°56'14.20""",90,90.4961,0.4961
2025-10-18 01:45:00,Aspect,Trine,Mercury,Libra,"21°39'06.11""",Rahu,Aquarius,"21°56'05.63""",120,120.2832,0.2832
2025-10-18 01:45:00,Aspect,Sextile,Mercury,Libra,"21°39'06.11""",Ketu,Leo,"21°56'05.63""",60,59.7168,0.2832
2025-10-18 02:00:00,Aspect,Square,Sun,Libra,"0°26'37.34""",Jupiter,Gemini,"29°56'17.13""",90,90.5056,0.5056
2025-10-18 02:00:00,Aspect,Trine,Mercury,Libra,"21°39'56.64""",Rahu,Aquarius,"21°56'03.64""",120,120.2686,0.2686
2025-10-18 02:00:00,Aspect,Sextile,Mercury,Libra,"21°39'56.64""",Ketu,Leo,"21°56'03.64""",60,59.7314,0.2686
2025-10-18 02:15:00,Aspect,Square,Sun,Libra,"0°27'14.56""",Jupiter,Gemini,"29°56'20.06""",90,90.5151,0.5151
2025-10-18 02:15:00,Aspect,Trine,Mercury,Libra,"21°40'47.16""",Rahu,Aquarius,"21°56'01.66""",120,120.254,0.254
2025-10-18 02:15:00,Aspect,Sextile,Mercury,Libra,"21°40'47.16""",Ketu,Leo,"21°56'01.66""",60,59.746,0.254
2025-10-18 02:30:00,Aspect,Square,Sun,Libra,"0°27'51.79""",Jupiter,Gemini,"29°56'22.99""",90,90.5247,0.5247
2025-10-18 02:30:00,Aspect,Trine,Mercury,Libra,"21°41'37.67""",Rahu,Aquarius,"21°55'59.67""",120,120.2394,0.2394
2025-10-18 02:30:00,Aspect,Sextile,Mercury,Libra,"21°41'37.67""",Ketu,Leo,"21°55'59.67""",60,59.7606,0.2394
2025-10-18 02:45:00,Aspect,Square,Sun,Libra,"0°28'29.02""",Jupiter,Gemini,"29°56'25.92""",90,90.5342,0.5342
2025-10-18 02:45:00,Aspect,Trine,Mercury,Libra,"21°42'28.17""",Rahu,Aquarius,"21°55'57.68""",120,120.2249,0.2249
2025-10-18 02:45:00,Aspect,Sextile,Mercury,Libra,"21°42'28.17""",Ketu,Leo,"21°55'57.68""",60,59.7751,0.2249
2025-10-18 03:00:00,Aspect,Square,Sun,Libra,"0°29'06.25""",Jupiter,Gemini,"29°56'28.84""",90,90.5437,0.5437
2025-10-18 03:00:00,Aspect,Trine,Mercury,Libra,"21°43'18.67""",Rahu,Aquarius,"21°55'55.70""",120,120.2103,0.2103
2025-10-18 03:00:00,Aspect,Sextile,Mercury,Libra,"21°43'18.67""",Ketu,Leo,"21°55'55.70""",60,59.7897,0.2103
2025-10-18 03:15:00,Aspect,Square,Sun,Libra,"0°29'43.47""",Jupiter,Gemini,"29°56'31.77""",90,90.5533,0.5533
2025-10-18 03:15:00,Aspect,Trine,Mercury,Libra,"21°44'09.16""",Rahu,Aquarius,"21°55'53.71""",120,120.1957,0.1957
2025-10-18 03:15:00,Aspect,Sextile,Mercury,Libra,"21°44'09.16""",Ketu,Leo,"21°55'53.71""",60,59.8043,0.1957
2025-10-18 03:30:00,Aspect,Square,Sun,Libra,"0°30'20.70""",Jupiter,Gemini,"29°56'34.69""",90,90.5628,0.5628
2025-10-18 03:30:00,Aspect,Trine,Mercury,Libra,"21°44'59.64""",Rahu,Aquarius,"21°55'51.72""",120,120.1811,0.1811
2025-10-18 03:30:00,Aspect,Sextile,Mercury,Libra,"21°44'59.64""",Ketu,Leo,"21°55'51.72""",60,59.8189,0.1811
2025-10-18 03:45:00,Aspect,Square,Sun,Libra,"0°30'57.93""",Jupiter,Gemini,"29°56'37.62""",90,90.5723,0.5723
2025-10-18 03:45:00,Aspect,Trine,Mercury,Libra,"21°45'50.12""",Rahu,Aquarius,"21°55'49.73""",120,120.1666,0.1666
2025-10-18 03:45:00,Aspect,Sextile,Mercury,Libra,"21°45'50.12""",Ketu,Leo,"21°55'49.73""",60,59.8334,0.1666
2025-10-18 04:00:00,Aspect,Square,Sun,Libra,"0°31'35.16""",Jupiter,Gemini,"29°56'40.54""",90,90.5818,0.5818
2025-10-18 04:00:00,Aspect,Trine,Mercury,Libra,"21°46'40.59""",Rahu,Aquarius,"21°55'47.75""",120,120.152,0.152
2025-10-18 04:00:00,Aspect,Sextile,Mercury,Libra,"21°46'40.59""",Ketu,Leo,"21°55'47.75""",60,59.848,0.152
2025-10-18 04:15:00,Aspect,Square,Sun,Libra,"0°32'12.39""",Jupiter,Gemini,"29°56'43.46""",90,90.5914,0.5914
2025-10-18 04:15:00,Aspect,Trine,Mercury,Libra,"21°47'31.06""",Rahu,Aquarius,"21°55'45.76""",120,120.1374,0.1374
2025-10-18 04:15:00,Aspect,Sextile,Mercury,Libra,"21°47'31.06""",Ketu,Leo,"21°55'45.76""",60,59.8626,0.1374
2025-10-18 04:30:00,Aspect,Square,Sun,Libra,"0°32'49.61""",Jupiter,Gemini,"29°56'46.38""",90,90.6009,0.6009
2025-10-18 04:30:00,Aspect,Trine,Mercury,Libra,"21°48'21.51""",Rahu,Aquarius,"21°55'43.77""",120,120.1229,0.1229
2025-10-18 04:30:00,Aspect,Sextile,Mercury,Libra,"21°48'21.51""",Ketu,Leo,"21°55'43.77""",60,59.8771,0.1229
2025-10-18 04:45:00,Aspect,Square,Sun,Libra,"0°33'26.84""",Jupiter,Gemini,"29°56'49.30""",90,90.6104,0.6104
2025-10-18 04:45:00,Aspect,Trine,Mercury,Libra,"21°49'11.96""",Rahu,Aquarius,"21°55'41.79""",120,120.1083,0.1083
2025-10-18 04:45:00,Aspect,Sextile,Mercury,Libra,"21°49'11.96""",Ketu,Leo,"21°55'41.79""",60,59.8917,0.1083
2025-10-18 05:00:00,Aspect,Square,Sun,Libra,"0°34'04.07""",Jupiter,Gemini,"29°56'52.22""",90,90.62,0.62
2025-10-18 05:00:00,Aspect,Trine,Mercury,Libra,"21°50'02.41""",Rahu,Aquarius,"21°55'39.80""",120,120.0937,0.0937
2025-10-18 05:00:00,Aspect,Sextile,Mercury,Libra,"21°50'02.41""",Ketu,Leo,"21°55'39.80""",60,59.9063,0.0937
2025-10-18 05:15:00,Aspect,Square,Sun,Libra,"0°34'41.30""",Jupiter,Gemini,"29°56'55.13""",90,90.6295,0.6295
2025-10-18 05:15:00,Aspect,Trine,Mercury,Libra,"21°50'52.84""",Rahu,Aquarius,"21°55'37.81""",120,120.0792,0.0792
2025-10-18 05:15:00,Aspect,Sextile,Mercury,Libra,"21°50'52.84""",Ketu,Leo,"21°55'37.81""",60,59.9208,0.0792
2025-10-18 05:30:00,Aspect,Square,Sun,Libra,"0°35'18.53""",Jupiter,Gemini,"29°56'58.05""",90,90.639,0.639
2025-10-18 05:30:00,Aspect,Trine,Mercury,Libra,"21°51'43.27""",Rahu,Aquarius,"21°55'35.82""",120,120.0646,0.0646
2025-10-18 05:30:00,Aspect,Sextile,Mercury,Libra,"21°51'43.27""",Ketu,Leo,"21°55'35.82""",60,59.9354,0.0646
2025-10-18 05:45:00,Aspect,Square,Sun,Libra,"0°35'55.76""",Jupiter,Gemini,"29°57'00.96""",90,90.6486,0.6486
2025-10-18 05:45:00,Aspect,Trine,Mercury,Libra,"21°52'33.69""",Rahu,Aquarius,"21°55'33.84""",120,120.05,0.05
2025-10-18 05:45:00,Aspect,Sextile,Mercury,Libra,"21°52'33.69""",Ketu,Leo,"21°55'33.84""",60,59.95,0.05
2025-10-18 06:00:00,Aspect,Square,Sun,Libra,"0°36'32.99""",Jupiter,Gemini,"29°57'03.88""",90,90.6581,0.6581
2025-10-18 06:00:00,Aspect,Sextile,Moon,Leo,"20°53'33.21""",Mercury,Libra,"21°53'24.11""",60,60.9975,0.9975
2025-10-18 06:00:00,Aspect,Trine,Mercury,Libra,"21°53'24.11""",Rahu,Aquarius,"21°55'31.85""",120,120.0355,0.0355
2025-10-18 06:00:00,Aspect,Sextile,Mercury,Libra,"21°53'24.11""",Ketu,Leo,"21°55'31.85""",60,59.9645,0.0355
2025-10-18 06:15:00,Aspect,Square,Sun,Libra,"0°37'10.22""",Jupiter,Gemini,"29°57'06.79""",90,90.6676,0.6676
2025-10-18 06:15:00,Aspect,Sextile,Moon,Leo,"21°01'18.86""",Mercury,Libra,"21°54'14.52""",60,60.8821,0.8821
2025-10-18 06:15:00,Aspect,Opposition,Moon,Leo,"21°01'18.86""",Rahu,Aquarius,"21°55'29.86""",180,179.0969,0.9031
2025-10-18 06:15:00,Aspect,Conjunction,Moon,Leo,"21°01'18.86""",Ketu,Leo,"21°55'29.86""",0,0.9031,0.9031
2025-10-18 06:15:00,Aspect,Trine,Mercury,Libra,"21°54'14.52""",Rahu,Aquarius,"21°55'29.86""",120,120.0209,0.0209
2025-10-18 06:15:00,Aspect,Sextile,Mercury,Libra,"21°54'14.52""",Ketu,Leo,"21°55'29.86""",60,59.9791,0.0209
2025-10-18 06:30:00,Aspect,Square,Sun,Libra,"0°37'47.45""",Jupiter,Gemini,"29°57'09.70""",90,90.6772,0.6772
2025-10-18 06:30:00,Aspect,Sextile,Moon,Leo,"21°09'04.44""",Mercury,Libra,"21°55'04.92""",60,60.7668,0.7668
2025-10-18 06:30:00,Aspect,Opposition,Moon,Leo,"21°09'04.44""",Rahu,Aquarius,"21°55'27.88""",180,179.2268,0.7732
2025-10-18 06:30:00,Aspect,Conjunction,Moon,Leo,"21°09'04.44""",Ketu,Leo,"21°55'27.88""",0,0.7732,0.7732
2025-10-18 06:30:00,Aspect,Trine,Mercury,Libra,"21°55'04.92""",Rahu,Aquarius,"21°55'27.88""",120,120.0064,0.0064
2025-10-18 06:30:00,Aspect,Sextile,Mercury,Libra,"21°55'04.92""",Ketu,Leo,"21°55'27.88""",60,59.9936,0.0064
2025-10-18 06:45:00,Aspect,Square,Sun,Libra,"0°38'24.68""",Jupiter,Gemini,"29°57'12.61""",90,90.6867,0.6867
2025-10-18 06:45:00,Aspect,Sextile,Moon,Leo,"21°16'49.94""",Mercury,Libra,"21°55'55.31""",60,60.6515,0.6515
2025-10-18 06:45:00,Aspect,Opposition,Moon,Leo,"21°16'49.94""",Rahu,Aquarius,"21°55'25.89""",180,179.3567,0.6433
2025-10-18 06:45:00,Aspect,Conjunction,Moon,Leo,"21°16'49.94""",Ketu,Leo,"21°55'25.89""",0,0.6433,0.6433
2025-10-18 06:45:00,Aspect,Trine,Mercury,Libra,"21°55'55.31""",Rahu,Aquarius,"21°55'25.89""",120,119.9918,0.0082
2025-10-18 06:45:00,Aspect,Sextile,Mercury,Libra,"21°55'55.31""",Ketu,Leo,"21°55'25.89""",60,60.0082,0.0082
2025-10-18 07:00:00,Aspect,Square,Sun,Libra,"0°39'01.91""",Jupiter,Gemini,"29°57'15.52""",90,90.6962,0.6962
2025-10-18 07:00:00,Aspect,Sextile,Moon,Leo,"21°24'35.37""",Mercury,Libra,"21°56'45.70""",60,60.5362,0.5362
2025-10-18 07:00:00,Aspect,Opposition,Moon,Leo,"21°24'35.37""",Rahu,Aquarius,"21°55'23.90""",180,179.4865,0.5135
2025-10-18 07:00:00,Aspect,Conjunction,Moon,Leo,"21°24'35.37""",Ketu,Leo,"21°55'23.90""",0,0.5135,0.5135
2025-10-18 07:00:00,Aspect,Trine,Mercury,Libra,"21°56'45.70""",Rahu,Aquarius,"21°55'23.90""",120,119.9773,0.0227
2025-10-18 07:00:00,Aspect,Sextile,Mercury,Libra,"21°56'45.70""",Ketu,Leo,"21°55'23.90""",60,60.0227,0.0227
2025-10-18 07:15:00,Aspect,Square,Sun,Libra,"0°39'39.14""",Jupiter,Gemini,"29°57'18.43""",90,90.7058,0.7058
2025-10-18 07:15:00,Aspect,Sextile,Moon,Leo,"21°32'20.72""",Mercury,Libra,"21°57'36.08""",60,60.4209,0.4209
2025-10-18 07:15:00,Aspect,Opposition,Moon,Leo,"21°32'20.72""",Rahu,Aquarius,"21°55'21.91""",180,179.6163,0.3837
2025-10-18 07:15:00,Aspect,Conjunction,Moon,Leo,"21°32'20.72""",Ketu,Leo,"21°55'21.91""",0,0.3837,0.3837
2025-10-18 07:15:00,Aspect,Trine,Mercury,Libra,"21°57'36.08""",Rahu,Aquarius,"21°55'21.91""",120,119.9627,0.0373
2025-10-18 07:15:00,Aspect,Sextile,Mercury,Libra,"21°57'36.08""",Ketu,Leo,"21°55'21.91""",60,60.0373,0.0373
2025-10-18 07:30:00,Aspect,Square,Sun,Libra,"0°40'16.38""",Jupiter,Gemini,"29°57'21.33""",90,90.7153,0.7153
2025-10-18 07:30:00,Aspect,Sextile,Moon,Leo,"21°40'05.99""",Mercury,Libra,"21°58'26.46""",60,60.3057,0.3057
2025-10-18 07:30:00,Aspect,Opposition,Moon,Leo,"21°40'05.99""",Rahu,Aquarius,"21°55'19.93""",180,179.7461,0.2539
2025-10-18 07:30:00,Aspect,Conjunction,Moon,Leo,"21°40'05.99""",Ketu,Leo,"21°55'19.93""",0,0.2539,0.2539
2025-10-18 07:30:00,Aspect,Trine,Mercury,Libra,"21°58'26.46""",Rahu,Aquarius,"21°55'19.93""",120,119.9482,0.0518
2025-10-18 07:30:00,Aspect,Sextile,Mercury,Libra,"21°58'26.46""",Ketu,Leo,"21°55'19.93""",60,60.0518,0.0518
2025-10-18 07:45:00,Aspect,Square,Sun,Libra,"0°40'53.61""",Jupiter,Gemini,"29°57'24.24""",90,90.7248,0.7248
2025-10-18 07:45:00,Aspect,Sextile,Moon,Leo,"21°47'51.20""",Mercury,Libra,"21°59'16.83""",60,60.1905,0.1905
2025-10-18 07:45:00,Aspect,Opposition,Moon,Leo,"21°47'51.20""",Rahu,Aquarius,"21°55'17.94""",180,179.8759,0.1241
2025-10-18 07:45:00,Aspect,Conjunction,Moon,Leo,"21°47'51.20""",Ketu,Leo,"21°55'17.94""",0,0.1241,0.1241
2025-10-18 07:45:00,Aspect,Trine,Mercury,Libra,"21°59'16.83""",Rahu,Aquarius,"21°55'17.94""",120,119.9336,0.0664
2025-10-18 07:45:00,Aspect,Sextile,Mercury,Libra,"21°59'16.83""",Ketu,Leo,"21°55'17.94""",60,60.0664,0.0664
2025-10-18 08:00:00,Aspect,Square,Sun,Libra,"0°41'30.84""",Jupiter,Gemini,"29°57'27.14""",90,90.7344,0.7344
2025-10-18 08:00:00,Aspect,Sextile,Moon,Leo,"21°55'36.32""",Mercury,Libra,"22°00'07.19""",60,60.0752,0.0752
2025-10-18 08:00:00,Aspect,Opposition,Moon,Leo,"21°55'36.32""",Rahu,Aquarius,"21°55'15.95""",180,179.9943,0.0057
2025-10-18 08:00:00,Aspect,Conjunction,Moon,Leo,"21°55'36.32""",Ketu,Leo,"21°55'15.95""",0,0.0057,0.0057
2025-10-18 08:00:00,Aspect,Trine,Mercury,Libra,"22°00'07.19""",Rahu,Aquarius,"21°55'15.95""",120,119.9191,0.0809
2025-10-18 08:00:00,Aspect,Sextile,Mercury,Libra,"22°00'07.19""",Ketu,Leo,"21°55'15.95""",60,60.0809,0.0809
2025-10-18 08:15:00,Aspect,Square,Sun,Libra,"0°42'08.07""",Jupiter,Gemini,"29°57'30.05""",90,90.7439,0.7439
2025-10-18 08:15:00,Aspect,Sextile,Moon,Leo,"22°03'21.38""",Mercury,Libra,"22°00'57.54""",60,59.96,0.04
2025-10-18 08:15:00,Aspect,Opposition,Moon,Leo,"22°03'21.38""",Rahu,Aquarius,"21°55'13.96""",180,179.8646,0.1354
2025-10-18 08:15:00,Aspect,Conjunction,Moon,Leo,"22°03'21.38""",Ketu,Leo,"21°55'13.96""",0,0.1354,0.1354
2025-10-18 08:15:00,Aspect,Trine,Mercury,Libra,"22°00'57.54""",Rahu,Aquarius,"21°55'13.96""",120,119.9046,0.0954
2025-10-18 08:15:00,Aspect,Sextile,Mercury,Libra,"22°00'57.54""",Ketu,Leo,"21°55'13.96""",60,60.0954,0.0954
2025-10-18 08:30:00,Aspect,Square,Sun,Libra,"0°42'45.30""",Jupiter,Gemini,"29°57'32.95""",90,90.7534,0.7534
2025-10-18 08:30:00,Aspect,Sextile,Moon,Leo,"22°11'06.35""",Mercury,Libra,"22°01'47.89""",60,59.8449,0.1551
2025-10-18 08:30:00,Aspect,Opposition,Moon,Leo,"22°11'06.35""",Rahu,Aquarius,"21°55'11.98""",180,179.7349,0.2651
2025-10-18 08:30:00,Aspect,Conjunction,Moon,Leo,"22°11'06.35""",Ketu,Leo,"21°55'11.98""",0,0.2651,0.2651
2025-10-18 08:30:00,Aspect,Trine,Mercury,Libra,"22°01'47.89""",Rahu,Aquarius,"21°55'11.98""",120,119.89,0.11
2025-10-18 08:30:00,Aspect,Sextile,Mercury,Libra,"22°01'47.89""",Ketu,Leo,"21°55'11.98""",60,60.11,0.11
2025-10-18 08:45:00,Aspect,Square,Sun,Libra,"0°43'22.54""",Jupiter,Gemini,"29°57'35.85""",90,90.763,0.763
2025-10-18 08:45:00,Aspect,Sextile,Moon,Leo,"22°18'51.26""",Mercury,Libra,"22°02'38.23""",60,59.7297,0.2703
2025-10-18 08:45:00,Aspect,Opposition,Moon,Leo,"22°18'51.26""",Rahu,Aquarius,"21°55'09.99""",180,179.6052,0.3948
2025-10-18 08:45:00,Aspect,Conjunction,Moon,Leo,"22°18'51.26""",Ketu,Leo,"21°55'09.99""",0,0.3948,0.3948
2025-10-18 08:45:00,Aspect,Trine,Mercury,Libra,"22°02'38.23""",Rahu,Aquarius,"21°55'09.99""",120,119.8755,0.1245
2025-10-18 08:45:00,Aspect,Sextile,Mercury,Libra,"22°02'38.23""",Ketu,Leo,"21°55'09.99""",60,60.1245,0.1245
2025-10-18 09:00:00,Aspect,Square,Sun,Libra,"0°43'59.77""",Jupiter,Gemini,"29°57'38.75""",90,90.7725,0.7725
2025-10-18 09:00:00,Aspect,Sextile,Moon,Leo,"22°26'36.09""",Mercury,Libra,"22°03'28.56""",60,59.6146,0.3854
2025-10-18 09:00:00,Aspect,Sextile,Moon,Leo,"22°26'36.09""",Mars,Libra,"23°25'39.76""",60,60.9844,0.9844
2025-10-18 09:00:00,Aspect,Opposition,Moon,Leo,"22°26'36.09""",Rahu,Aquarius,"21°55'08.00""",180,179.4755,0.5245
2025-10-18 09:00:00,Aspect,Conjunction,Moon,Leo,"22°26'36.09""",Ketu,Leo,"21°55'08.00""",0,0.5245,0.5245
2025-10-18 09:00:00,Aspect,Trine,Mercury,Libra,"22°03'28.56""",Rahu,Aquarius,"21°55'08.00""",120,119.861,0.139
2025-10-18 09:00:00,Aspect,Sextile,Mercury,Libra,"22°03'28.56""",Ketu,Leo,"21°55'08.00""",60,60.139,0.139
2025-10-18 09:15:00,Aspect,Square,Sun,Libra,"0°44'37.00""",Jupiter,Gemini,"29°57'41.65""",90,90.782,0.782
2025-10-18 09:15:00,Aspect,Sextile,Moon,Leo,"22°34'20.85""",Mercury,Libra,"22°04'18.89""",60,59.4995,0.5005
2025-10-18 09:15:00,Aspect,Sextile,Moon,Leo,"22°34'20.85""",Mars,Libra,"23°26'05.96""",60,60.8625,0.8625
2025-10-18 09:15:00,Aspect,Opposition,Moon,Leo,"22°34'20.85""",Rahu,Aquarius,"21°55'06.02""",180,179.3459,0.6541
2025-10-18 09:15:00,Aspect,Conjunction,Moon,Leo,"22°34'20.85""",Ketu,Leo,"21°55'06.02""",0,0.6541,0.6541
2025-10-18 09:15:00,Aspect,Trine,Mercury,Libra,"22°04'18.89""",Rahu,Aquarius,"21°55'06.02""",120,119.8464,0.1536
2025-10-18 09:15:00,Aspect,Sextile,Mercury,Libra,"22°04'18.89""",Ketu,Leo,"21°55'06.02""",60,60.1536,0.1536
2025-10-18 09:30:00,Aspect,Square,Sun,Libra,"0°45'14.24""",Jupiter,Gemini,"29°57'44.55""",90,90.7916,0.7916
2025-10-18 09:30:00,Aspect,Sextile,Moon,Leo,"22°42'05.53""",Mercury,Libra,"22°05'09.20""",60,59.3844,0.6156
2025-10-18 09:30:00,Aspect,Sextile,Moon,Leo,"22°42'05.53""",Mars,Libra,"23°26'32.16""",60,60.7407,0.7407
2025-10-18 09:30:00,Aspect,Opposition,Moon,Leo,"22°42'05.53""",Rahu,Aquarius,"21°55'04.03""",180,179.2162,0.7838
2025-10-18 09:30:00,Aspect,Conjunction,Moon,Leo,"22°42'05.53""",Ketu,Leo,"21°55'04.03""",0,0.7838,0.7838
2025-10-18 09:30:00,Aspect,Trine,Mercury,Libra,"22°05'09.20""",Rahu,Aquarius,"21°55'04.03""",120,119.8319,0.1681
2025-10-18 09:30:00,Aspect,Sextile,Mercury,Libra,"22°05'09.20""",Ketu,Leo,"21°55'04.03""",60,60.1681,0.1681
2025-10-18 09:45:00,Aspect,Square,Sun,Libra,"0°45'51.47""",Jupiter,Gemini,"29°57'47.44""",90,90.8011,0.8011
2025-10-18 09:45:00,Aspect,Sextile,Moon,Leo,"22°49'50.14""",Mercury,Libra,"22°05'59.52""",60,59.2693,0.7307
2025-10-18 09:45:00,Aspect,Sextile,Moon,Leo,"22°49'50.14""",Mars,Libra,"23°26'58.36""",60,60.6189,0.6189
2025-10-18 09:45:00,Aspect,Opposition,Moon,Leo,"22°49'50.14""",Rahu,Aquarius,"21°55'02.04""",180,179.0866,0.9134
2025-10-18 09:45:00,Aspect,Conjunction,Moon,Leo,"22°49'50.14""",Ketu,Leo,"21°55'02.04""",0,0.9134,0.9134
2025-10-18 09:45:00,Aspect,Trine,Mercury,Libra,"22°05'59.52""",Rahu,Aquarius,"21°55'02.04""",120,119.8174,0.1826
2025-10-18 09:45:00,Aspect,Sextile,Mercury,Libra,"22°05'59.52""",Ketu,Leo,"21°55'02.04""",60,60.1826,0.1826
2025-10-18 10:00:00,Aspect,Square,Sun,Libra,"0°46'28.70""",Jupiter,Gemini,"29°57'50.34""",90,90.8107,0.8107
2025-10-18 10:00:00,Aspect,Sextile,Moon,Leo,"22°57'34.68""",Mercury,Libra,"22°06'49.82""",60,59.1542,0.8458
2025-10-18 10:00:00,Aspect,Sextile,Moon,Leo,"22°57'34.68""",Mars,Libra,"23°27'24.56""",60,60.4972,0.4972
2025-10-18 10:00:00,Aspect,Trine,Mercury,Libra,"22°06'49.82""",Rahu,Aquarius,"21°55'00.05""",120,119.8028,0.1972
2025-10-18 10:00:00,Aspect,Sextile,Mercury,Libra,"22°06'49.82""",Ketu,Leo,"21°55'00.05""",60,60.1972,0.1972
2025-10-18 10:15:00,Aspect,Square,Sun,Libra,"0°47'05.94""",Jupiter,Gemini,"29°57'53.23""",90,90.8202,0.8202
2025-10-18 10:15:00,Aspect,Sextile,Moon,Leo,"23°05'19.15""",Mercury,Libra,"22°07'40.12""",60,59.0392,0.9608
2025-10-18 10:15:00,Aspect,Sextile,Moon,Leo,"23°05'19.15""",Mars,Libra,"23°27'50.76""",60,60.3754,0.3754
2025-10-18 10:15:00,Aspect,Trine,Mercury,Libra,"22°07'40.12""",Rahu,Aquarius,"21°54'58.07""",120,119.7883,0.2117
2025-10-18 10:15:00,Aspect,Sextile,Mercury,Libra,"22°07'40.12""",Ketu,Leo,"21°54'58.07""",60,60.2117,0.2117
2025-10-18 10:30:00,Aspect,Square,Sun,Libra,"0°47'43.17""",Jupiter,Gemini,"29°57'56.12""",90,90.8297,0.8297
2025-10-18 10:30:00,Aspect,Sextile,Moon,Leo,"23°13'03.54""",Mars,Libra,"23°28'16.96""",60,60.2537,0.2537
2025-10-18 10:30:00,Aspect,Trine,Mercury,Libra,"22°08'30.41""",Rahu,Aquarius,"21°54'56.08""",120,119.7738,0.2262
2025-10-18 10:30:00,Aspect,Sextile,Mercury,Libra,"22°08'30.41""",Ketu,Leo,"21°54'56.08""",60,60.2262,0.2262
2025-10-18 10:45:00,Aspect,Square,Sun,Libra,"0°48'20.41""",Jupiter,Gemini,"29°57'59.02""",90,90.8393,0.8393
2025-10-18 10:45:00,Aspect,Sextile,Moon,Leo,"23°20'47.86""",Mars,Libra,"23°28'43.16""",60,60.132,0.132
2025-10-18 10:45:00,Aspect,Trine,Mercury,Libra,"22°09'20.70""",Rahu,Aquarius,"21°54'54.09""",120,119.7593,0.2407
2025-10-18 10:45:00,Aspect,Sextile,Mercury,Libra,"22°09'20.70""",Ketu,Leo,"21°54'54.09""",60,60.2407,0.2407
2025-10-18 11:00:00,Aspect,Square,Sun,Libra,"0°48'57.64""",Jupiter,Gemini,"29°58'01.91""",90,90.8488,0.8488
2025-10-18 11:00:00,Aspect,Sextile,Moon,Leo,"23°28'32.11""",Mars,Libra,"23°29'09.37""",60,60.0103,0.0103
2025-10-18 11:00:00,Aspect,Trine,Mercury,Libra,"22°10'10.97""",Rahu,Aquarius,"21°54'52.11""",120,119.7448,0.2552
2025-10-18 11:00:00,Aspect,Sextile,Mercury,Libra,"22°10'10.97""",Ketu,Leo,"21°54'52.11""",60,60.2552,0.2552
2025-10-18 11:15:00,Aspect,Square,Sun,Libra,"0°49'34.88""",Jupiter,Gemini,"29°58'04.80""",90,90.8584,0.8584
2025-10-18 11:15:00,Aspect,Sextile,Moon,Leo,"23°36'16.28""",Mars,Libra,"23°29'35.57""",60,59.8887,0.1113
2025-10-18 11:15:00,Aspect,Trine,Mercury,Libra,"22°11'01.24""",Rahu,Aquarius,"21°54'50.12""",120,119.7302,0.2698
2025-10-18 11:15:00,Aspect,Sextile,Mercury,Libra,"22°11'01.24""",Ketu,Leo,"21°54'50.12""",60,60.2698,0.2698
2025-10-18 11:30:00,Aspect,Square,Sun,Libra,"0°50'12.11""",Jupiter,Gemini,"29°58'07.69""",90,90.8679,0.8679
2025-10-18 11:30:00,Aspect,Sextile,Moon,Leo,"23°44'00.38""",Mars,Libra,"23°30'01.77""",60,59.7671,0.2329
2025-10-18 11:30:00,Aspect,Trine,Mercury,Libra,"22°11'51.51""",Rahu,Aquarius,"21°54'48.13""",120,119.7157,0.2843
2025-10-18 11:30:00,Aspect,Sextile,Mercury,Libra,"22°11'51.51""",Ketu,Leo,"21°54'48.13""",60,60.2843,0.2843
2025-10-18 11:45:00,Aspect,Square,Sun,Libra,"0°50'49.35""",Jupiter,Gemini,"29°58'10.57""",90,90.8774,0.8774
2025-10-18 11:45:00,Aspect,Sextile,Moon,Leo,"23°51'44.41""",Mars,Libra,"23°30'27.97""",60,59.6454,0.3546
2025-10-18 11:45:00,Aspect,Trine,Mercury,Libra,"22°12'41.76""",Rahu,Aquarius,"21°54'46.14""",120,119.7012,0.2988
2025-10-18 11:45:00,Aspect,Sextile,Mercury,Libra,"22°12'41.76""",Ketu,Leo,"21°54'46.14""",60,60.2988,0.2988
2025-10-18 12:00:00,Aspect,Square,Sun,Libra,"0°51'26.58""",Jupiter,Gemini,"29°58'13.46""",90,90.887,0.887
2025-10-18 12:00:00,Aspect,Sextile,Moon,Leo,"23°59'28.37""",Mars,Libra,"23°30'54.18""",60,59.5238,0.4762
2025-10-18 12:00:00,Aspect,Trine,Mercury,Libra,"22°13'32.01""",Rahu,Aquarius,"21°54'44.16""",120,119.6867,0.3133
2025-10-18 12:00:00,Aspect,Sextile,Mercury,Libra,"22°13'32.01""",Ketu,Leo,"21°54'44.16""",60,60.3133,0.3133
2025-10-18 12:15:00,Aspect,Square,Sun,Libra,"0°52'03.82""",Jupiter,Gemini,"29°58'16.34""",90,90.8965,0.8965
2025-10-18 12:15:00,Aspect,Sextile,Moon,Leo,"24°07'12.26""",Mars,Libra,"23°31'20.38""",60,59.4023,0.5977
2025-10-18 12:15:00,Aspect,Trine,Mercury,Libra,"22°14'22.26""",Rahu,Aquarius,"21°54'42.17""",120,119.6722,0.3278
2025-10-18 12:15:00,Aspect,Sextile,Mercury,Libra,"22°14'22.26""",Ketu,Leo,"21°54'42.17""",60,60.3278,0.3278
2025-10-18 12:30:00,Aspect,Square,Sun,Libra,"0°52'41.06""",Jupiter,Gemini,"29°58'19.23""",90,90.9061,0.9061
2025-10-18 12:30:00,Aspect,Sextile,Moon,Leo,"24°14'56.08""",Mars,Libra,"23°31'46.59""",60,59.2807,0.7193
2025-10-18 12:30:00,Aspect,Trine,Mercury,Libra,"22°15'12.49""",Rahu,Aquarius,"21°54'40.18""",120,119.6577,0.3423
2025-10-18 12:30:00,Aspect,Sextile,Mercury,Libra,"22°15'12.49""",Ketu,Leo,"21°54'40.18""",60,60.3423,0.3423
2025-10-18 12:45:00,Aspect,Square,Sun,Libra,"0°53'18.29""",Jupiter,Gemini,"29°58'22.11""",90,90.9156,0.9156
2025-10-18 12:45:00,Aspect,Sextile,Moon,Leo,"24°22'39.82""",Mars,Libra,"23°32'12.79""",60,59.1592,0.8408
2025-10-18 12:45:00,Aspect,Trine,Mercury,Libra,"22°16'02.72""",Rahu,Aquarius,"21°54'38.20""",120,119.6432,0.3568
2025-10-18 12:45:00,Aspect,Sextile,Mercury,Libra,"22°16'02.72""",Ketu,Leo,"21°54'38.20""",60,60.3568,0.3568
2025-10-18 13:00:00,Aspect,Square,Sun,Libra,"0°53'55.53""",Jupiter,Gemini,"29°58'24.99""",90,90.9251,0.9251
2025-10-18 13:00:00,Aspect,Sextile,Moon,Leo,"24°30'23.50""",Mars,Libra,"23°32'39.00""",60,59.0376,0.9624
2025-10-18 13:00:00,Aspect,Trine,Mercury,Libra,"22°16'52.94""",Rahu,Aquarius,"21°54'36.21""",120,119.6287,0.3713
2025-10-18 13:00:00,Aspect,Sextile,Mercury,Libra,"22°16'52.94""",Ketu,Leo,"21°54'36.21""",60,60.3713,0.3713
2025-10-18 13:15:00,Aspect,Square,Sun,Libra,"0°54'32.77""",Jupiter,Gemini,"29°58'27.87""",90,90.9347,0.9347
2025-10-18 13:15:00,Aspect,Trine,Mercury,Libra,"22°17'43.16""",Rahu,Aquarius,"21°54'34.22""",120,119.6142,0.3858
2025-10-18 13:15:00,Aspect,Sextile,Mercury,Libra,"22°17'43.16""",Ketu,Leo,"21°54'34.22""",60,60.3858,0.3858
2025-10-18 13:30:00,Aspect,Square,Sun,Libra,"0°55'10.00""",Jupiter,Gemini,"29°58'30.75""",90,90.9442,0.9442
2025-10-18 13:30:00,Aspect,Trine,Mercury,Libra,"22°18'33.36""",Rahu,Aquarius,"21°54'32.23""",120,119.5997,0.4003
2025-10-18 13:30:00,Aspect,Sextile,Mercury,Libra,"22°18'33.36""",Ketu,Leo,"21°54'32.23""",60,60.4003,0.4003
2025-10-18 13:45:00,Aspect,Square,Sun,Libra,"0°55'47.24""",Jupiter,Gemini,"29°58'33.63""",90,90.9538,0.9538
2025-10-18 13:45:00,Aspect,Trine,Mercury,Libra,"22°19'23.57""",Rahu,Aquarius,"21°54'30.25""",120,119.5852,0.4148
2025-10-18 13:45:00,Aspect,Sextile,Mercury,Libra,"22°19'23.57""",Ketu,Leo,"21°54'30.25""",60,60.4148,0.4148
2025-10-18 14:00:00,Aspect,Square,Sun,Libra,"0°56'24.48""",Jupiter,Gemini,"29°58'36.51""",90,90.9633,0.9633
2025-10-18 14:00:00,Aspect,Trine,Mercury,Libra,"22°20'13.76""",Rahu,Aquarius,"21°54'28.26""",120,119.5707,0.4293
2025-10-18 14:00:00,Aspect,Sextile,Mercury,Libra,"22°20'13.76""",Ketu,Leo,"21°54'28.26""",60,60.4293,0.4293
2025-10-18 14:15:00,Aspect,Square,Sun,Libra,"0°57'01.72""",Jupiter,Gemini,"29°58'39.38""",90,90.9729,0.9729
2025-10-18 14:15:00,Aspect,Trine,Mercury,Libra,"22°21'03.95""",Rahu,Aquarius,"21°54'26.27""",120,119.5562,0.4438
2025-10-18 14:15:00,Aspect,Sextile,Mercury,Libra,"22°21'03.95""",Ketu,Leo,"21°54'26.27""",60,60.4438,0.4438
2025-10-18 14:30:00,Aspect,Square,Sun,Libra,"0°57'38.96""",Jupiter,Gemini,"29°58'42.26""",90,90.9824,0.9824
2025-10-18 14:30:00,Aspect,Trine,Mercury,Libra,"22°21'54.13""",Rahu,Aquarius,"21°54'24.28""",120,119.5417,0.4583
2025-10-18 14:30:00,Aspect,Sextile,Mercury,Libra,"22°21'54.13""",Ketu,Leo,"21°54'24.28""",60,60.4583,0.4583
2025-10-18 14:45:00,Aspect,Square,Sun,Libra,"0°58'16.19""",Jupiter,Gemini,"29°58'45.13""",90,90.992,0.992
2025-10-18 14:45:00,Aspect,Trine,Mercury,Libra,"22°22'44.30""",Rahu,Aquarius,"21°54'22.30""",120,119.5272,0.4728
2025-10-18 14:45:00,Aspect,Sextile,Mercury,Libra,"22°22'44.30""",Ketu,Leo,"21°54'22.30""",60,60.4728,0.4728
2025-10-18 15:00:00,Aspect,Trine,Mercury,Libra,"22°23'34.46""",Rahu,Aquarius,"21°54'20.31""",120,119.5127,0.4873
2025-10-18 15:00:00,Aspect,Sextile,Mercury,Libra,"22°23'34.46""",Ketu,Leo,"21°54'20.31""",60,60.4873,0.4873
2025-10-18 15:15:00,Aspect,Trine,Mercury,Libra,"22°24'24.62""",Rahu,Aquarius,"21°54'18.32""",120,119.4983,0.5017
2025-10-18 15:15:00,Aspect,Sextile,Mercury,Libra,"22°24'24.62""",Ketu,Leo,"21°54'18.32""",60,60.5017,0.5017
2025-10-18 15:30:00,Aspect,Trine,Mercury,Libra,"22°25'14.77""",Rahu,Aquarius,"21°54'16.34""",120,119.4838,0.5162
2025-10-18 15:30:00,Aspect,Sextile,Mercury,Libra,"22°25'14.77""",Ketu,Leo,"21°54'16.34""",60,60.5162,0.5162
2025-10-18 15:45:00,Aspect,Trine,Mercury,Libra,"22°26'04.92""",Rahu,Aquarius,"21°54'14.35""",120,119.4693,0.5307
2025-10-18 15:45:00,Aspect,Sextile,Mercury,Libra,"22°26'04.92""",Ketu,Leo,"21°54'14.35""",60,60.5307,0.5307
2025-10-18 16:00:00,Aspect,Trine,Mercury,Libra,"22°26'55.06""",Rahu,Aquarius,"21°54'12.36""",120,119.4548,0.5452
2025-10-18 16:00:00,Aspect,Sextile,Mercury,Libra,"22°26'55.06""",Ketu,Leo,"21°54'12.36""",60,60.5452,0.5452
2025-10-18 16:15:00,Aspect,Trine,Mercury,Libra,"22°27'45.19""",Rahu,Aquarius,"21°54'10.37""",120,119.4403,0.5597
2025-10-18 16:15:00,Aspect,Sextile,Mercury,Libra,"22°27'45.19""",Ketu,Leo,"21°54'10.37""",60,60.5597,0.5597
2025-10-18 16:30:00,Aspect,Trine,Mercury,Libra,"22°28'35.31""",Rahu,Aquarius,"21°54'08.39""",120,119.4259,0.5741
2025-10-18 16:30:00,Aspect,Sextile,Mercury,Libra,"22°28'35.31""",Ketu,Leo,"21°54'08.39""",60,60.5741,0.5741
2025-10-18 16:45:00,Aspect,Trine,Mercury,Libra,"22°29'25.43""",Rahu,Aquarius,"21°54'06.40""",120,119.4114,0.5886
2025-10-18 16:45:00,Aspect,Sextile,Mercury,Libra,"22°29'25.43""",Ketu,Leo,"21°54'06.40""",60,60.5886,0.5886
2025-10-18 17:00:00,Aspect,Trine,Mercury,Libra,"22°30'15.54""",Rahu,Aquarius,"21°54'04.41""",120,119.3969,0.6031
2025-10-18 17:00:00,Aspect,Sextile,Mercury,Libra,"22°30'15.54""",Ketu,Leo,"21°54'04.41""",60,60.6031,0.6031
2025-10-18 17:15:00,Aspect,Trine,Mercury,Libra,"22°31'05.64""",Rahu,Aquarius,"21°54'02.43""",120,119.3824,0.6176
2025-10-18 17:15:00,Aspect,Sextile,Mercury,Libra,"22°31'05.64""",Ketu,Leo,"21°54'02.43""",60,60.6176,0.6176
2025-10-18 17:30:00,Aspect,Trine,Mercury,Libra,"22°31'55.73""",Rahu,Aquarius,"21°54'00.44""",120,119.368,0.632
2025-10-18 17:30:00,Aspect,Sextile,Mercury,Libra,"22°31'55.73""",Ketu,Leo,"21°54'00.44""",60,60.632,0.632
2025-10-18 17:45:00,Aspect,Trine,Mercury,Libra,"22°32'45.82""",Rahu,Aquarius,"21°53'58.45""",120,119.3535,0.6465
2025-10-18 17:45:00,Aspect,Sextile,Mercury,Libra,"22°32'45.82""",Ketu,Leo,"21°53'58.45""",60,60.6465,0.6465
2025-10-18 18:00:00,Aspect,Trine,Mercury,Libra,"22°33'35.90""",Rahu,Aquarius,"21°53'56.46""",120,119.339,0.661
2025-10-18 18:00:00,Aspect,Sextile,Mercury,Libra,"22°33'35.90""",Ketu,Leo,"21°53'56.46""",60,60.661,0.661
2025-10-18 18:15:00,Aspect,Trine,Mercury,Libra,"22°34'25.98""",Rahu,Aquarius,"21°53'54.48""",120,119.3246,0.6754
2025-10-18 18:15:00,Aspect,Sextile,Mercury,Libra,"22°34'25.98""",Ketu,Leo,"21°53'54.48""",60,60.6754,0.6754
2025-10-18 18:30:00,Aspect,Trine,Mercury,Libra,"22°35'16.04""",Rahu,Aquarius,"21°53'52.49""",120,119.3101,0.6899
2025-10-18 18:30:00,Aspect,Sextile,Mercury,Libra,"22°35'16.04""",Ketu,Leo,"21°53'52.49""",60,60.6899,0.6899
2025-10-18 18:45:00,Aspect,Trine,Mercury,Libra,"22°36'06.10""",Rahu,Aquarius,"21°53'50.50""",120,119.2957,0.7043
2025-10-18 18:45:00,Aspect,Sextile,Mercury,Libra,"22°36'06.10""",Ketu,Leo,"21°53'50.50""",60,60.7043,0.7043
2025-10-18 19:00:00,Aspect,Trine,Mercury,Libra,"22°36'56.16""",Rahu,Aquarius,"21°53'48.52""",120,119.2812,0.7188
2025-10-18 19:00:00,Aspect,Sextile,Mercury,Libra,"22°36'56.16""",Ketu,Leo,"21°53'48.52""",60,60.7188,0.7188
2025-10-18 19:15:00,Aspect,Trine,Mercury,Libra,"22°37'46.20""",Rahu,Aquarius,"21°53'46.53""",120,119.2668,0.7332
2025-10-18 19:15:00,Aspect,Sextile,Mercury,Libra,"22°37'46.20""",Ketu,Leo,"21°53'46.53""",60,60.7332,0.7332
2025-10-18 19:30:00,Aspect,Trine,Mercury,Libra,"22°38'36.24""",Rahu,Aquarius,"21°53'44.54""",120,119.2523,0.7477
2025-10-18 19:30:00,Aspect,Sextile,Mercury,Libra,"22°38'36.24""",Ketu,Leo,"21°53'44.54""",60,60.7477,0.7477
2025-10-18 19:45:00,Aspect,Trine,Mercury,Libra,"22°39'26.27""",Rahu,Aquarius,"21°53'42.55""",120,119.2379,0.7621
2025-10-18 19:45:00,Aspect,Sextile,Mercury,Libra,"22°39'26.27""",Ketu,Leo,"21°53'42.55""",60,60.7621,0.7621
2025-10-18 20:00:00,Aspect,Trine,Mercury,Libra,"22°40'16.30""",Rahu,Aquarius,"21°53'40.57""",120,119.2234,0.7766
2025-10-18 20:00:00,Aspect,Sextile,Mercury,Libra,"22°40'16.30""",Ketu,Leo,"21°53'40.57""",60,60.7766,0.7766
2025-10-18 20:15:00,Aspect,Trine,Mercury,Libra,"22°41'06.32""",Rahu,Aquarius,"21°53'38.58""",120,119.209,0.791
2025-10-18 20:15:00,Aspect,Sextile,Mercury,Libra,"22°41'06.32""",Ketu,Leo,"21°53'38.58""",60,60.791,0.791
2025-10-18 20:30:00,Aspect,Trine,Mercury,Libra,"22°41'56.33""",Rahu,Aquarius,"21°53'36.59""",120,119.1945,0.8055
2025-10-18 20:30:00,Aspect,Sextile,Mercury,Libra,"22°41'56.33""",Ketu,Leo,"21°53'36.59""",60,60.8055,0.8055
2025-10-18 20:45:00,Aspect,Trine,Mercury,Libra,"22°42'46.33""",Rahu,Aquarius,"21°53'34.60""",120,119.1801,0.8199
2025-10-18 20:45:00,Aspect,Sextile,Mercury,Libra,"22°42'46.33""",Ketu,Leo,"21°53'34.60""",60,60.8199,0.8199
2025-10-18 21:00:00,Aspect,Trine,Mercury,Libra,"22°43'36.33""",Rahu,Aquarius,"21°53'32.62""",120,119.1656,0.8344
2025-10-18 21:00:00,Aspect,Sextile,Mercury,Libra,"22°43'36.33""",Ketu,Leo,"21°53'32.62""",60,60.8344,0.8344
2025-10-18 21:15:00,Aspect,Trine,Mercury,Libra,"22°44'26.31""",Rahu,Aquarius,"21°53'30.63""",120,119.1512,0.8488
2025-10-18 21:15:00,Aspect,Sextile,Mercury,Libra,"22°44'26.31""",Ketu,Leo,"21°53'30.63""",60,60.8488,0.8488
2025-10-18 21:30:00,Aspect,Trine,Mercury,Libra,"22°45'16.30""",Rahu,Aquarius,"21°53'28.64""",120,119.1368,0.8632
2025-10-18 21:30:00,Aspect,Sextile,Mercury,Libra,"22°45'16.30""",Ketu,Leo,"21°53'28.64""",60,60.8632,0.8632
2025-10-18 21:45:00,Aspect,Sextile,Moon,Leo,"29°00'08.65""",Jupiter,Cancer,"0°00'05.14""",60,59.001,0.999
2025-10-18 21:45:00,Aspect,Trine,Mercury,Libra,"22°46'06.27""",Rahu,Aquarius,"21°53'26.66""",120,119.1223,0.8777
2025-10-18 21:45:00,Aspect,Sextile,Mercury,Libra,"22°46'06.27""",Ketu,Leo,"21°53'26.66""",60,60.8777,0.8777
2025-10-18 22:00:00,Aspect,Sextile,Moon,Leo,"29°07'49.88""",Jupiter,Cancer,"0°00'07.98""",60,59.1283,0.8717
2025-10-18 22:00:00,Aspect,Trine,Mercury,Libra,"22°46'56.24""",Rahu,Aquarius,"21°53'24.67""",120,119.1079,0.8921
2025-10-18 22:00:00,Aspect,Sextile,Mercury,Libra,"22°46'56.24""",Ketu,Leo,"21°53'24.67""",60,60.8921,0.8921
2025-10-18 22:15:00,Aspect,Sextile,Moon,Leo,"29°15'31.05""",Jupiter,Cancer,"0°00'10.82""",60,59.2556,0.7444
2025-10-18 22:15:00,Aspect,Trine,Mercury,Libra,"22°47'46.20""",Rahu,Aquarius,"21°53'22.68""",120,119.0935,0.9065
2025-10-18 22:15:00,Aspect,Sextile,Mercury,Libra,"22°47'46.20""",Ketu,Leo,"21°53'22.68""",60,60.9065,0.9065
2025-10-18 22:30:00,Aspect,Sextile,Moon,Leo,"29°23'12.14""",Jupiter,Cancer,"0°00'13.66""",60,59.3829,0.6171
2025-10-18 22:30:00,Aspect,Trine,Mercury,Libra,"22°48'36.15""",Rahu,Aquarius,"21°53'20.69""",120,119.079,0.921
2025-10-18 22:30:00,Aspect,Sextile,Mercury,Libra,"22°48'36.15""",Ketu,Leo,"21°53'20.69""",60,60.921,0.921
2025-10-18 22:45:00,Aspect,Sextile,Moon,Leo,"29°30'53.18""",Jupiter,Cancer,"0°00'16.50""",60,59.5102,0.4898
2025-10-18 22:45:00,Aspect,Trine,Mercury,Libra,"22°49'26.10""",Rahu,Aquarius,"21°53'18.71""",120,119.0646,0.9354
2025-10-18 22:45:00,Aspect,Sextile,Mercury,Libra,"22°49'26.10""",Ketu,Leo,"21°53'18.71""",60,60.9354,0.9354
2025-10-18 23:00:00,Aspect,Sextile,Moon,Leo,"29°38'34.15""",Jupiter,Cancer,"0°00'19.33""",60,59.6374,0.3626
2025-10-18 23:00:00,Aspect,Conjunction,Mercury,Libra,"22°50'16.04""",Mars,Libra,"23°50'07.55""",0,0.9976,0.9976
2025-10-18 23:00:00,Aspect,Trine,Mercury,Libra,"22°50'16.04""",Rahu,Aquarius,"21°53'16.72""",120,119.0502,0.9498
2025-10-18 23:00:00,Aspect,Sextile,Mercury,Libra,"22°50'16.04""",Ketu,Leo,"21°53'16.72""",60,60.9498,0.9498
2025-10-18 23:15:00,Aspect,Sextile,Moon,Leo,"29°46'15.05""",Jupiter,Cancer,"0°00'22.17""",60,59.7647,0.2353
2025-10-18 23:15:00,Aspect,Conjunction,Mercury,Libra,"22°51'05.97""",Mars,Libra,"23°50'33.77""",0,0.9911,0.9911
2025-10-18 23:15:00,Aspect,Trine,Mercury,Libra,"22°51'05.97""",Rahu,Aquarius,"21°53'14.73""",120,119.0358,0.9642
2025-10-18 23:15:00,Aspect,Sextile,Mercury,Libra,"22°51'05.97""",Ketu,Leo,"21°53'14.73""",60,60.9642,0.9642
2025-10-18 23:30:00,Aspect,Sextile,Moon,Leo,"29°53'55.89""",Jupiter,Cancer,"0°00'25.00""",60,59.8919,0.1081
2025-10-18 23:30:00,Aspect,Conjunction,Mercury,Libra,"22°51'55.89""",Mars,Libra,"23°50'59.99""",0,0.9845,0.9845
2025-10-18 23:30:00,Aspect,Trine,Mercury,Libra,"22°51'55.89""",Rahu,Aquarius,"21°53'12.75""",120,119.0213,0.9787
2025-10-18 23:30:00,Aspect,Sextile,Mercury,Libra,"22°51'55.89""",Ketu,Leo,"21°53'12.75""",60,60.9787,0.9787
2025-10-18 23:45:00,Aspect,Sextile,Moon,Virgo,"0°01'36.67""",Jupiter,Cancer,"0°00'27.84""",60,60.0191,0.0191
2025-10-18 23:45:00,Aspect,Conjunction,Mercury,Libra,"22°52'45.81""",Mars,Libra,"23°51'26.21""",0,0.9779,0.9779
2025-10-18 23:45:00,Aspect,Trine,Mercury,Libra,"22°52'45.81""",Rahu,Aquarius,"21°53'10.76""",120,119.0069,0.9931
2025-10-18 23:45:00,Aspect,Sextile,Mercury,Libra,"22°52'45.81""",Ketu,Leo,"21°53'10.76""",60,60.9931,0.9931
2025-10-19 00:00:00,Aspect,Sextile,Moon,Virgo,"0°09'17.38""",Jupiter,Cancer,"0°00'30.67""",60,60.1463,0.1463
2025-10-19 00:00:00,Aspect,Conjunction,Mercury,Libra,"22°53'35.72""",Mars,Libra,"23°51'52.44""",0,0.9713,0.9713
2025-10-19 00:15:00,Aspect,Sextile,Moon,Virgo,"0°16'58.03""",Jupiter,Cancer,"0°00'33.50""",60,60.2735,0.2735
2025-10-19 00:15:00,Aspect,Conjunction,Mercury,Libra,"22°54'25.62""",Mars,Libra,"23°52'18.66""",0,0.9647,0.9647
2025-10-19 00:30:00,Aspect,Sextile,Moon,Virgo,"0°24'38.62""",Jupiter,Cancer,"0°00'36.33""",60,60.4006,0.4006
2025-10-19 00:30:00,Aspect,Conjunction,Mercury,Libra,"22°55'15.52""",Mars,Libra,"23°52'44.88""",0,0.9582,0.9582
2025-10-19 00:45:00,Aspect,Sextile,Moon,Virgo,"0°32'19.14""",Jupiter,Cancer,"0°00'39.16""",60,60.5278,0.5278
2025-10-19 00:45:00,Aspect,Conjunction,Mercury,Libra,"22°56'05.41""",Mars,Libra,"23°53'11.11""",0,0.9516,0.9516
2025-10-19 01:00:00,Aspect,Sextile,Moon,Virgo,"0°39'59.60""",Jupiter,Cancer,"0°00'41.99""",60,60.6549,0.6549
2025-10-19 01:00:00,Aspect,Conjunction,Mercury,Libra,"22°56'55.29""",Mars,Libra,"23°53'37.33""",0,0.945,0.945
2025-10-19 01:15:00,Aspect,Sextile,Moon,Virgo,"0°47'40.00""",Jupiter,Cancer,"0°00'44.81""",60,60.782,0.782
2025-10-19 01:15:00,Aspect,Conjunction,Mercury,Libra,"22°57'45.16""",Mars,Libra,"23°54'03.56""",0,0.9384,0.9384
2025-10-19 01:30:00,Aspect,Sextile,Moon,Virgo,"0°55'20.33""",Jupiter,Cancer,"0°00'47.64""",60,60.9091,0.9091
2025-10-19 01:30:00,Aspect,Conjunction,Mercury,Libra,"22°58'35.03""",Mars,Libra,"23°54'29.79""",0,0.9319,0.9319
2025-10-19 01:45:00,Aspect,Conjunction,Mercury,Libra,"22°59'24.89""",Mars,Libra,"23°54'56.01""",0,0.9253,0.9253
2025-10-19 02:00:00,Aspect,Conjunction,Mercury,Libra,"23°00'14.74""",Mars,Libra,"23°55'22.24""",0,0.9187,0.9187
2025-10-19 02:15:00,Aspect,Opposition,Moon,Virgo,"1°18'20.96""",Saturn,Pisces,"2°17'39.90""",180,179.0114,0.9886
2025-10-19 02:15:00,Aspect,Conjunction,Mercury,Libra,"23°01'04.59""",Mars,Libra,"23°55'48.47""",0,0.9122,0.9122
2025-10-19 02:30:00,Aspect,Opposition,Moon,Virgo,"1°26'01.04""",Saturn,Pisces,"2°17'37.57""",180,179.1399,0.8601
2025-10-19 02:30:00,Aspect,Conjunction,Mercury,Libra,"23°01'54.43""",Mars,Libra,"23°56'14.69""",0,0.9056,0.9056
2025-10-19 02:45:00,Aspect,Opposition,Moon,Virgo,"1°33'41.06""",Saturn,Pisces,"2°17'35.23""",180,179.2683,0.7317
2025-10-19 02:45:00,Aspect,Conjunction,Mercury,Libra,"23°02'44.26""",Mars,Libra,"23°56'40.92""",0,0.8991,0.8991
2025-10-19 03:00:00,Aspect,Opposition,Moon,Virgo,"1°41'21.02""",Saturn,Pisces,"2°17'32.89""",180,179.3967,0.6033
2025-10-19 03:00:00,Aspect,Conjunction,Mercury,Libra,"23°03'34.08""",Mars,Libra,"23°57'07.15""",0,0.8925,0.8925
2025-10-19 03:15:00,Aspect,Opposition,Moon,Virgo,"1°49'00.92""",Saturn,Pisces,"2°17'30.55""",180,179.5251,0.4749
2025-10-19 03:15:00,Aspect,Conjunction,Mercury,Libra,"23°04'23.90""",Mars,Libra,"23°57'33.38""",0,0.886,0.886
2025-10-19 03:30:00,Aspect,Opposition,Moon,Virgo,"1°56'40.75""",Saturn,Pisces,"2°17'28.22""",180,179.6535,0.3465
2025-10-19 03:30:00,Aspect,Conjunction,Mercury,Libra,"23°05'13.71""",Mars,Libra,"23°57'59.61""",0,0.8794,0.8794
2025-10-19 03:45:00,Aspect,Opposition,Moon,Virgo,"2°04'20.53""",Saturn,Pisces,"2°17'25.88""",180,179.7818,0.2182
2025-10-19 03:45:00,Aspect,Conjunction,Mercury,Libra,"23°06'03.51""",Mars,Libra,"23°58'25.84""",0,0.8729,0.8729
2025-10-19 04:00:00,Aspect,Opposition,Moon,Virgo,"2°12'00.24""",Saturn,Pisces,"2°17'23.55""",180,179.9102,0.0898
2025-10-19 04:00:00,Aspect,Conjunction,Mercury,Libra,"23°06'53.31""",Mars,Libra,"23°58'52.07""",0,0.8663,0.8663
2025-10-19 04:15:00,Aspect,Opposition,Moon,Virgo,"2°19'39.89""",Saturn,Pisces,"2°17'21.21""",180,179.9615,0.0385
2025-10-19 04:15:00,Aspect,Conjunction,Mercury,Libra,"23°07'43.09""",Mars,Libra,"23°59'18.30""",0,0.8598,0.8598
2025-10-19 04:30:00,Aspect,Opposition,Moon,Virgo,"2°27'19.48""",Saturn,Pisces,"2°17'18.88""",180,179.8332,0.1668
2025-10-19 04:30:00,Aspect,Conjunction,Mercury,Libra,"23°08'32.87""",Mars,Libra,"23°59'44.53""",0,0.8532,0.8532
2025-10-19 04:45:00,Aspect,Opposition,Moon,Virgo,"2°34'59.01""",Saturn,Pisces,"2°17'16.54""",180,179.7049,0.2951
2025-10-19 04:45:00,Aspect,Conjunction,Mercury,Libra,"23°09'22.65""",Mars,Libra,"24°00'10.76""",0,0.8467,0.8467
2025-10-19 05:00:00,Aspect,Opposition,Moon,Virgo,"2°42'38.48""",Saturn,Pisces,"2°17'14.21""",180,179.5766,0.4234
2025-10-19 05:00:00,Aspect,Conjunction,Mercury,Libra,"23°10'12.41""",Mars,Libra,"24°00'36.99""",0,0.8402,0.8402
2025-10-19 05:15:00,Aspect,Opposition,Moon,Virgo,"2°50'17.89""",Saturn,Pisces,"2°17'11.87""",180,179.4483,0.5517
2025-10-19 05:15:00,Aspect,Conjunction,Mercury,Libra,"23°11'02.17""",Mars,Libra,"24°01'03.22""",0,0.8336,0.8336
2025-10-19 05:30:00,Aspect,Opposition,Moon,Virgo,"2°57'57.24""",Saturn,Pisces,"2°17'09.54""",180,179.3201,0.6799
2025-10-19 05:30:00,Aspect,Conjunction,Mercury,Libra,"23°11'51.92""",Mars,Libra,"24°01'29.46""",0,0.8271,0.8271
2025-10-19 05:45:00,Aspect,Opposition,Moon,Virgo,"3°05'36.52""",Saturn,Pisces,"2°17'07.21""",180,179.1919,0.8081
2025-10-19 05:45:00,Aspect,Conjunction,Mercury,Libra,"23°12'41.67""",Mars,Libra,"24°01'55.69""",0,0.8206,0.8206
2025-10-19 06:00:00,Aspect,Opposition,Moon,Virgo,"3°13'15.75""",Saturn,Pisces,"2°17'04.88""",180,179.0636,0.9364
2025-10-19 06:00:00,Aspect,Conjunction,Mercury,Libra,"23°13'31.40""",Mars,Libra,"24°02'21.92""",0,0.814,0.814
2025-10-19 06:15:00,Aspect,Conjunction,Mercury,Libra,"23°14'21.13""",Mars,Libra,"24°02'48.16""",0,0.8075,0.8075
2025-10-19 06:30:00,Aspect,Conjunction,Mercury,Libra,"23°15'10.85""",Mars,Libra,"24°03'14.39""",0,0.801,0.801
2025-10-19 06:45:00,Aspect,Conjunction,Mercury,Libra,"23°16'00.57""",Mars,Libra,"24°03'40.63""",0,0.7945,0.7945
2025-10-19 07:00:00,Aspect,Conjunction,Mercury,Libra,"23°16'50.28""",Mars,Libra,"24°04'06.86""",0,0.7879,0.7879
2025-10-19 07:15:00,Aspect,Conjunction,Mercury,Libra,"23°17'39.98""",Mars,Libra,"24°04'33.10""",0,0.7814,0.7814
2025-10-19 07:30:00,Aspect,Conjunction,Mercury,Libra,"23°18'29.67""",Mars,Libra,"24°04'59.33""",0,0.7749,0.7749
2025-10-19 07:45:00,Aspect,Conjunction,Mercury,Libra,"23°19'19.36""",Mars,Libra,"24°05'25.57""",0,0.7684,0.7684
2025-10-19 08:00:00,Aspect,Conjunction,Mercury,Libra,"23°20'09.03""",Mars,Libra,"24°05'51.81""",0,0.7619,0.7619
2025-10-19 08:15:00,Aspect,Conjunction,Mercury,Libra,"23°20'58.71""",Mars,Libra,"24°06'18.04""",0,0.7554,0.7554
2025-10-19 08:30:00,Aspect,Conjunction,Mercury,Libra,"23°21'48.37""",Mars,Libra,"24°06'44.28""",0,0.7489,0.7489
2025-10-19 08:45:00,Aspect,Conjunction,Mercury,Libra,"23°22'38.03""",Mars,Libra,"24°07'10.52""",0,0.7424,0.7424
2025-10-19 09:00:00,Aspect,Conjunction,Mercury,Libra,"23°23'27.67""",Mars,Libra,"24°07'36.76""",0,0.7359,0.7359
2025-10-19 09:15:00,Aspect,Conjunction,Mercury,Libra,"23°24'17.32""",Mars,Libra,"24°08'03.00""",0,0.7294,0.7294
2025-10-19 09:30:00,Aspect,Conjunction,Mercury,Libra,"23°25'06.95""",Mars,Libra,"24°08'29.23""",0,0.7229,0.7229
2025-10-19 09:45:00,Aspect,Conjunction,Mercury,Libra,"23°25'56.58""",Mars,Libra,"24°08'55.47""",0,0.7164,0.7164
2025-10-19 10:00:00,Aspect,Conjunction,Mercury,Libra,"23°26'46.20""",Mars,Libra,"24°09'21.71""",0,0.7099,0.7099
2025-10-19 10:15:00,Aspect,Conjunction,Mercury,Libra,"23°27'35.81""",Mars,Libra,"24°09'47.95""",0,0.7034,0.7034
2025-10-19 10:30:00,Aspect,Conjunction,Mercury,Libra,"23°28'25.41""",Mars,Libra,"24°10'14.19""",0,0.6969,0.6969
2025-10-19 10:45:00,Aspect,Conjunction,Mercury,Libra,"23°29'15.01""",Mars,Libra,"24°10'40.44""",0,0.6904,0.6904
2025-10-19 11:00:00,Aspect,Conjunction,Mercury,Libra,"23°30'04.60""",Mars,Libra,"24°11'06.68""",0,0.6839,0.6839
2025-10-19 11:15:00,Aspect,Conjunction,Mercury,Libra,"23°30'54.18""",Mars,Libra,"24°11'32.92""",0,0.6774,0.6774
2025-10-19 11:30:00,Aspect,Conjunction,Mercury,Libra,"23°31'43.76""",Mars,Libra,"24°11'59.16""",0,0.6709,0.6709
2025-10-19 11:45:00,Aspect,Conjunction,Mercury,Libra,"23°32'33.33""",Mars,Libra,"24°12'25.41""",0,0.6645,0.6645
2025-10-19 12:00:00,Aspect,Conjunction,Mercury,Libra,"23°33'22.89""",Mars,Libra,"24°12'51.65""",0,0.658,0.658
2025-10-19 12:15:00,Aspect,Conjunction,Mercury,Libra,"23°34'12.44""",Mars,Libra,"24°13'17.89""",0,0.6515,0.6515
2025-10-19 12:30:00,Aspect,Conjunction,Mercury,Libra,"23°35'01.99""",Mars,Libra,"24°13'44.14""",0,0.645,0.645
2025-10-19 12:45:00,Aspect,Conjunction,Mercury,Libra,"23°35'51.52""",Mars,Libra,"24°14'10.38""",0,0.6386,0.6386
2025-10-19 13:00:00,Aspect,Conjunction,Mercury,Libra,"23°36'41.06""",Mars,Libra,"24°14'36.63""",0,0.6321,0.6321
2025-10-19 13:15:00,Aspect,Conjunction,Mercury,Libra,"23°37'30.58""",Mars,Libra,"24°15'02.87""",0,0.6256,0.6256
2025-10-19 13:30:00,Aspect,Conjunction,Mercury,Libra,"23°38'20.09""",Mars,Libra,"24°15'29.12""",0,0.6192,0.6192
2025-10-19 13:45:00,Aspect,Conjunction,Mercury,Libra,"23°39'09.60""",Mars,Libra,"24°15'55.36""",0,0.6127,0.6127
2025-10-19 14:00:00,Aspect,Conjunction,Mercury,Libra,"23°39'59.10""",Mars,Libra,"24°16'21.61""",0,0.6063,0.6063
2025-10-19 14:15:00,Aspect,Conjunction,Mercury,Libra,"23°40'48.60""",Mars,Libra,"24°16'47.86""",0,0.5998,0.5998
2025-10-19 14:30:00,Aspect,Conjunction,Mercury,Libra,"23°41'38.08""",Mars,Libra,"24°17'14.10""",0,0.5933,0.5933
2025-10-19 14:45:00,Aspect,Conjunction,Mercury,Libra,"23°42'27.56""",Mars,Libra,"24°17'40.35""",0,0.5869,0.5869
2025-10-19 15:00:00,Aspect,Conjunction,Mercury,Libra,"23°43'17.03""",Mars,Libra,"24°18'06.60""",0,0.5804,0.5804
2025-10-19 15:15:00,Aspect,Conjunction,Mercury,Libra,"23°44'06.50""",Mars,Libra,"24°18'32.85""",0,0.574,0.574
2025-10-19 15:30:00,Aspect,Conjunction,Mercury,Libra,"23°44'55.95""",Mars,Libra,"24°18'59.10""",0,0.5675,0.5675
2025-10-19 15:45:00,Aspect,Conjunction,Mercury,Libra,"23°45'45.40""",Mars,Libra,"24°19'25.35""",0,0.5611,0.5611
2025-10-19 16:00:00,Aspect,Conjunction,Mercury,Libra,"23°46'34.85""",Mars,Libra,"24°19'51.60""",0,0.5547,0.5547
2025-10-19 16:15:00,Aspect,Conjunction,Mercury,Libra,"23°47'24.28""",Mars,Libra,"24°20'17.85""",0,0.5482,0.5482
2025-10-19 16:30:00,Aspect,Conjunction,Mercury,Libra,"23°48'13.71""",Mars,Libra,"24°20'44.10""",0,0.5418,0.5418
2025-10-19 16:45:00,Aspect,Conjunction,Mercury,Libra,"23°49'03.12""",Mars,Libra,"24°21'10.35""",0,0.5353,0.5353
2025-10-19 17:00:00,Aspect,Conjunction,Mercury,Libra,"23°49'52.54""",Mars,Libra,"24°21'36.60""",0,0.5289,0.5289
2025-10-19 17:15:00,Aspect,Conjunction,Mercury,Libra,"23°50'41.94""",Mars,Libra,"24°22'02.85""",0,0.5225,0.5225
2025-10-19 17:30:00,Aspect,Conjunction,Mercury,Libra,"23°51'31.34""",Mars,Libra,"24°22'29.11""",0,0.516,0.516
2025-10-19 17:45:00,Aspect,Conjunction,Mercury,Libra,"23°52'20.73""",Mars,Libra,"24°22'55.36""",0,0.5096,0.5096
2025-10-19 18:00:00,Aspect,Conjunction,Mercury,Libra,"23°53'10.11""",Mars,Libra,"24°23'21.61""",0,0.5032,0.5032
2025-10-19 18:15:00,Aspect,Conjunction,Mercury,Libra,"23°53'59.48""",Mars,Libra,"24°23'47.86""",0,0.4968,0.4968
2025-10-19 18:30:00,Aspect,Conjunction,Mercury,Libra,"23°54'48.85""",Mars,Libra,"24°24'14.12""",0,0.4904,0.4904
2025-10-19 18:45:00,Aspect,Conjunction,Mercury,Libra,"23°55'38.21""",Mars,Libra,"24°24'40.37""",0,0.4839,0.4839
2025-10-19 19:00:00,Aspect,Conjunction,Mercury,Libra,"23°56'27.56""",Mars,Libra,"24°25'06.63""",0,0.4775,0.4775
2025-10-19 19:15:00,Aspect,Conjunction,Mercury,Libra,"23°57'16.90""",Mars,Libra,"24°25'32.88""",0,0.4711,0.4711
2025-10-19 19:30:00,Aspect,Conjunction,Mercury,Libra,"23°58'06.24""",Mars,Libra,"24°25'59.14""",0,0.4647,0.4647
2025-10-19 19:45:00,Aspect,Conjunction,Mercury,Libra,"23°58'55.57""",Mars,Libra,"24°26'25.39""",0,0.4583,0.4583
2025-10-19 20:00:00,Aspect,Conjunction,Mercury,Libra,"23°59'44.89""",Mars,Libra,"24°26'51.65""",0,0.4519,0.4519
2025-10-19 20:15:00,Aspect,Conjunction,Mercury,Libra,"24°00'34.20""",Mars,Libra,"24°27'17.91""",0,0.4455,0.4455
2025-10-19 20:30:00,Aspect,Conjunction,Mercury,Libra,"24°01'23.51""",Mars,Libra,"24°27'44.17""",0,0.4391,0.4391
2025-10-19 20:45:00,Aspect,Conjunction,Mercury,Libra,"24°02'12.81""",Mars,Libra,"24°28'10.42""",0,0.4327,0.4327
2025-10-19 21:00:00,Aspect,Conjunction,Mercury,Libra,"24°03'02.10""",Mars,Libra,"24°28'36.68""",0,0.4263,0.4263
2025-10-19 21:15:00,Aspect,Conjunction,Mercury,Libra,"24°03'51.38""",Mars,Libra,"24°29'02.94""",0,0.4199,0.4199
2025-10-19 21:30:00,Aspect,Conjunction,Mercury,Libra,"24°04'40.66""",Mars,Libra,"24°29'29.20""",0,0.4135,0.4135
2025-10-19 21:45:00,Aspect,Conjunction,Mercury,Libra,"24°05'29.92""",Mars,Libra,"24°29'55.46""",0,0.4071,0.4071
2025-10-19 22:00:00,Aspect,Conjunction,Mercury,Libra,"24°06'19.18""",Mars,Libra,"24°30'21.72""",0,0.4007,0.4007
2025-10-19 22:15:00,Aspect,Conjunction,Mercury,Libra,"24°07'08.44""",Mars,Libra,"24°30'47.98""",0,0.3943,0.3943
2025-10-19 22:30:00,Aspect,Conjunction,Mercury,Libra,"24°07'57.68""",Mars,Libra,"24°31'14.24""",0,0.3879,0.3879
2025-10-19 22:45:00,Aspect,Conjunction,Mercury,Libra,"24°08'46.92""",Mars,Libra,"24°31'40.50""",0,0.3815,0.3815
2025-10-19 23:00:00,Aspect,Conjunction,Mercury,Libra,"24°09'36.15""",Mars,Libra,"24°32'06.76""",0,0.3752,0.3752
2025-10-19 23:15:00,Aspect,Conjunction,Moon,Virgo,"11°59'05.39""",Venus,Virgo,"12°58'30.98""",0,0.9904,0.9904
2025-10-19 23:15:00,Aspect,Conjunction,Mercury,Libra,"24°10'25.37""",Mars,Libra,"24°32'33.02""",0,0.3688,0.3688
2025-10-19 23:30:00,Aspect,Conjunction,Moon,Virgo,"12°06'40.76""",Venus,Virgo,"12°59'17.65""",0,0.8769,0.8769
2025-10-19 23:30:00,Aspect,Conjunction,Mercury,Libra,"24°11'14.59""",Mars,Libra,"24°32'59.29""",0,0.3624,0.3624
2025-10-19 23:45:00,Aspect,Conjunction,Moon,Virgo,"12°14'16.08""",Venus,Virgo,"13°00'04.31""",0,0.7634,0.7634
2025-10-19 23:45:00,Aspect,Conjunction,Mercury,Libra,"24°12'03.79""",Mars,Libra,"24°33'25.55""",0,0.356,0.356
2025-10-20 00:00:00,Aspect,Conjunction,Moon,Virgo,"12°21'51.34""",Venus,Virgo,"13°00'50.97""",0,0.6499,0.6499
2025-10-20 00:00:00,Aspect,Conjunction,Mercury,Libra,"24°12'52.99""",Mars,Libra,"24°33'51.81""",0,0.3497,0.3497
2025-10-20 00:15:00,Aspect,Conjunction,Moon,Virgo,"12°29'26.56""",Venus,Virgo,"13°01'37.64""",0,0.5364,0.5364
2025-10-20 00:15:00,Aspect,Conjunction,Mercury,Libra,"24°13'42.19""",Mars,Libra,"24°34'18.07""",0,0.3433,0.3433
2025-10-20 00:30:00,Aspect,Conjunction,Moon,Virgo,"12°37'01.73""",Venus,Virgo,"13°02'24.30""",0,0.4229,0.4229
2025-10-20 00:30:00,Aspect,Conjunction,Mercury,Libra,"24°14'31.37""",Mars,Libra,"24°34'44.34""",0,0.3369,0.3369
2025-10-20 00:45:00,Aspect,Conjunction,Moon,Virgo,"12°44'36.85""",Venus,Virgo,"13°03'10.96""",0,0.3095,0.3095
2025-10-20 00:45:00,Aspect,Conjunction,Mercury,Libra,"24°15'20.55""",Mars,Libra,"24°35'10.60""",0,0.3306,0.3306
2025-10-20 01:00:00,Aspect,Conjunction,Moon,Virgo,"12°52'11.92""",Venus,Virgo,"13°03'57.63""",0,0.196,0.196
2025-10-20 01:00:00,Aspect,Conjunction,Mercury,Libra,"24°16'09.72""",Mars,Libra,"24°35'36.87""",0,0.3242,0.3242
2025-10-20 01:15:00,Aspect,Conjunction,Moon,Virgo,"12°59'46.94""",Venus,Virgo,"13°04'44.29""",0,0.0826,0.0826
2025-10-20 01:15:00,Aspect,Conjunction,Mercury,Libra,"24°16'58.88""",Mars,Libra,"24°36'03.13""",0,0.3178,0.3178
2025-10-20 01:30:00,Aspect,Conjunction,Moon,Virgo,"13°07'21.92""",Venus,Virgo,"13°05'30.96""",0,0.0308,0.0308
2025-10-20 01:30:00,Aspect,Conjunction,Mercury,Libra,"24°17'48.03""",Mars,Libra,"24°36'29.40""",0,0.3115,0.3115
2025-10-20 01:45:00,Aspect,Conjunction,Moon,Virgo,"13°14'56.84""",Venus,Virgo,"13°06'17.62""",0,0.1442,0.1442
2025-10-20 01:45:00,Aspect,Conjunction,Mercury,Libra,"24°18'37.18""",Mars,Libra,"24°36'55.66""",0,0.3051,0.3051
2025-10-20 02:00:00,Aspect,Conjunction,Moon,Virgo,"13°22'31.71""",Venus,Virgo,"13°07'04.29""",0,0.2576,0.2576
2025-10-20 02:00:00,Aspect,Conjunction,Mercury,Libra,"24°19'26.31""",Mars,Libra,"24°37'21.93""",0,0.2988,0.2988
2025-10-20 02:15:00,Aspect,Conjunction,Moon,Virgo,"13°30'06.54""",Venus,Virgo,"13°07'50.95""",0,0.371,0.371
2025-10-20 02:15:00,Aspect,Conjunction,Mercury,Libra,"24°20'15.44""",Mars,Libra,"24°37'48.20""",0,0.2924,0.2924
2025-10-20 02:30:00,Aspect,Conjunction,Moon,Virgo,"13°37'41.31""",Venus,Virgo,"13°08'37.62""",0,0.4844,0.4844
2025-10-20 02:30:00,Aspect,Conjunction,Mercury,Libra,"24°21'04.57""",Mars,Libra,"24°38'14.46""",0,0.2861,0.2861
2025-10-20 02:45:00,Aspect,Conjunction,Moon,Virgo,"13°45'16.04""",Venus,Virgo,"13°09'24.28""",0,0.5977,0.5977
2025-10-20 02:45:00,Aspect,Conjunction,Mercury,Libra,"24°21'53.68""",Mars,Libra,"24°38'40.73""",0,0.2797,0.2797
2025-10-20 03:00:00,Aspect,Conjunction,Moon,Virgo,"13°52'50.71""",Venus,Virgo,"13°10'10.95""",0,0.711,0.711
2025-10-20 03:00:00,Aspect,Conjunction,Mercury,Libra,"24°22'42.79""",Mars,Libra,"24°39'07.00""",0,0.2734,0.2734
2025-10-20 03:15:00,Aspect,Conjunction,Moon,Virgo,"14°00'25.34""",Venus,Virgo,"13°10'57.61""",0,0.8244,0.8244
2025-10-20 03:15:00,Aspect,Conjunction,Mercury,Libra,"24°23'31.89""",Mars,Libra,"24°39'33.27""",0,0.267,0.267
2025-10-20 03:30:00,Aspect,Conjunction,Moon,Virgo,"14°07'59.92""",Venus,Virgo,"13°11'44.28""",0,0.9377,0.9377
2025-10-20 03:30:00,Aspect,Conjunction,Mercury,Libra,"24°24'20.98""",Mars,Libra,"24°39'59.54""",0,0.2607,0.2607
2025-10-20 03:45:00,Aspect,Conjunction,Mercury,Libra,"24°25'10.07""",Mars,Libra,"24°40'25.81""",0,0.2544,0.2544
2025-10-20 04:00:00,Aspect,Conjunction,Mercury,Libra,"24°25'59.14""",Mars,Libra,"24°40'52.08""",0,0.248,0.248
2025-10-20 04:15:00,Aspect,Conjunction,Mercury,Libra,"24°26'48.21""",Mars,Libra,"24°41'18.35""",0,0.2417,0.2417
2025-10-20 04:30:00,Aspect,Conjunction,Mercury,Libra,"24°27'37.27""",Mars,Libra,"24°41'44.62""",0,0.2354,0.2354
2025-10-20 04:45:00,Aspect,Conjunction,Mercury,Libra,"24°28'26.33""",Mars,Libra,"24°42'10.89""",0,0.229,0.229
2025-10-20 05:00:00,Aspect,Conjunction,Mercury,Libra,"24°29'15.37""",Mars,Libra,"24°42'37.16""",0,0.2227,0.2227
2025-10-20 05:15:00,Aspect,Conjunction,Mercury,Libra,"24°30'04.41""",Mars,Libra,"24°43'03.43""",0,0.2164,0.2164
2025-10-20 05:30:00,Aspect,Conjunction,Mercury,Libra,"24°30'53.44""",Mars,Libra,"24°43'29.70""",0,0.2101,0.2101
2025-10-20 05:45:00,Aspect,Conjunction,Mercury,Libra,"24°31'42.46""",Mars,Libra,"24°43'55.97""",0,0.2038,0.2038
2025-10-20 06:00:00,Aspect,Conjunction,Mercury,Libra,"24°32'31.48""",Mars,Libra,"24°44'22.25""",0,0.1974,0.1974
2025-10-20 06:15:00,Aspect,Conjunction,Mercury,Libra,"24°33'20.48""",Mars,Libra,"24°44'48.52""",0,0.1911,0.1911
2025-10-20 06:30:00,Aspect,Conjunction,Mercury,Libra,"24°34'09.48""",Mars,Libra,"24°45'14.79""",0,0.1848,0.1848
2025-10-20 06:45:00,Aspect,Conjunction,Mercury,Libra,"24°34'58.47""",Mars,Libra,"24°45'41.07""",0,0.1785,0.1785
2025-10-20 07:00:00,Aspect,Conjunction,Mercury,Libra,"24°35'47.46""",Mars,Libra,"24°46'07.34""",0,0.1722,0.1722
2025-10-20 07:15:00,Aspect,Conjunction,Mercury,Libra,"24°36'36.43""",Mars,Libra,"24°46'33.62""",0,0.1659,0.1659
2025-10-20 07:30:00,Aspect,Conjunction,Mercury,Libra,"24°37'25.40""",Mars,Libra,"24°46'59.89""",0,0.1596,0.1596
2025-10-20 07:45:00,Aspect,Conjunction,Mercury,Libra,"24°38'14.36""",Mars,Libra,"24°47'26.17""",0,0.1533,0.1533
2025-10-20 08:00:00,Aspect,Conjunction,Mercury,Libra,"24°39'03.31""",Mars,Libra,"24°47'52.45""",0,0.147,0.147
2025-10-20 08:15:00,Aspect,Conjunction,Mercury,Libra,"24°39'52.26""",Mars,Libra,"24°48'18.72""",0,0.1407,0.1407
2025-10-20 08:30:00,Aspect,Conjunction,Mercury,Libra,"24°40'41.19""",Mars,Libra,"24°48'45.00""",0,0.1344,0.1344
2025-10-20 08:45:00,Aspect,Conjunction,Mercury,Libra,"24°41'30.12""",Mars,Libra,"24°49'11.28""",0,0.1281,0.1281
2025-10-20 09:00:00,Aspect,Conjunction,Mercury,Libra,"24°42'19.04""",Mars,Libra,"24°49'37.55""",0,0.1218,0.1218
2025-10-20 09:15:00,Aspect,Conjunction,Mercury,Libra,"24°43'07.95""",Mars,Libra,"24°50'03.83""",0,0.1155,0.1155
2025-10-20 09:30:00,Aspect,Conjunction,Mercury,Libra,"24°43'56.86""",Mars,Libra,"24°50'30.11""",0,0.1092,0.1092
2025-10-20 09:45:00,Aspect,Conjunction,Mercury,Libra,"24°44'45.76""",Mars,Libra,"24°50'56.39""",0,0.103,0.103
2025-10-20 10:00:00,Aspect,Conjunction,Mercury,Libra,"24°45'34.65""",Mars,Libra,"24°51'22.67""",0,0.0967,0.0967
2025-10-20 10:15:00,Aspect,Conjunction,Mercury,Libra,"24°46'23.53""",Mars,Libra,"24°51'48.95""",0,0.0904,0.0904
2025-10-20 10:30:00,Aspect,Conjunction,Mercury,Libra,"24°47'12.40""",Mars,Libra,"24°52'15.23""",0,0.0841,0.0841
2025-10-20 10:45:00,Aspect,Conjunction,Mercury,Libra,"24°48'01.27""",Mars,Libra,"24°52'41.51""",0,0.0778,0.0778
2025-10-20 11:00:00,Aspect,Conjunction,Mercury,Libra,"24°48'50.13""",Mars,Libra,"24°53'07.79""",0,0.0716,0.0716
2025-10-20 11:15:00,Aspect,Conjunction,Mercury,Libra,"24°49'38.98""",Mars,Libra,"24°53'34.07""",0,0.0653,0.0653
2025-10-20 11:30:00,Aspect,Conjunction,Mercury,Libra,"24°50'27.82""",Mars,Libra,"24°54'00.36""",0,0.059,0.059
2025-10-20 11:45:00,Aspect,Conjunction,Mercury,Libra,"24°51'16.65""",Mars,Libra,"24°54'26.64""",0,0.0528,0.0528
2025-10-20 12:00:00,Aspect,Conjunction,Mercury,Libra,"24°52'05.48""",Mars,Libra,"24°54'52.92""",0,0.0465,0.0465
2025-10-20 12:15:00,Aspect,Conjunction,Mercury,Libra,"24°52'54.30""",Mars,Libra,"24°55'19.20""",0,0.0403,0.0403
2025-10-20 12:30:00,Aspect,Conjunction,Mercury,Libra,"24°53'43.11""",Mars,Libra,"24°55'45.49""",0,0.034,0.034
2025-10-20 12:45:00,Aspect,Conjunction,Mercury,Libra,"24°54'31.91""",Mars,Libra,"24°56'11.77""",0,0.0277,0.0277
2025-10-20 13:00:00,Aspect,Conjunction,Mercury,Libra,"24°55'20.70""",Mars,Libra,"24°56'38.06""",0,0.0215,0.0215
2025-10-20 13:15:00,Aspect,Conjunction,Mercury,Libra,"24°56'09.49""",Mars,Libra,"24°57'04.34""",0,0.0152,0.0152
2025-10-20 13:30:00,Aspect,Conjunction,Mercury,Libra,"24°56'58.27""",Mars,Libra,"24°57'30.63""",0,0.009,0.009
2025-10-20 13:45:00,Aspect,Conjunction,Mercury,Libra,"24°57'47.04""",Mars,Libra,"24°57'56.91""",0,0.0027,0.0027
2025-10-20 14:00:00,Aspect,Conjunction,Mercury,Libra,"24°58'35.80""",Mars,Libra,"24°58'23.20""",0,0.0035,0.0035
2025-10-20 14:15:00,Aspect,Conjunction,Mercury,Libra,"24°59'24.56""",Mars,Libra,"24°58'49.48""",0,0.0097,0.0097
2025-10-20 14:30:00,Aspect,Conjunction,Mercury,Libra,"25°00'13.31""",Mars,Libra,"24°59'15.77""",0,0.016,0.016
2025-10-20 14:45:00,Aspect,Conjunction,Mercury,Libra,"25°01'02.04""",Mars,Libra,"24°59'42.06""",0,0.0222,0.0222
2025-10-20 15:00:00,Aspect,Conjunction,Mercury,Libra,"25°01'50.78""",Mars,Libra,"25°00'08.35""",0,0.0285,0.0285
2025-10-20 15:15:00,Aspect,Conjunction,Mercury,Libra,"25°02'39.50""",Mars,Libra,"25°00'34.63""",0,0.0347,0.0347
2025-10-20 15:30:00,Aspect,Conjunction,Mercury,Libra,"25°03'28.21""",Mars,Libra,"25°01'00.92""",0,0.0409,0.0409
2025-10-20 15:45:00,Aspect,Conjunction,Mercury,Libra,"25°04'16.92""",Mars,Libra,"25°01'27.21""",0,0.0471,0.0471
2025-10-20 16:00:00,Aspect,Conjunction,Mercury,Libra,"25°05'05.62""",Mars,Libra,"25°01'53.50""",0,0.0534,0.0534
2025-10-20 16:15:00,Aspect,Conjunction,Mercury,Libra,"25°05'54.31""",Mars,Libra,"25°02'19.79""",0,0.0596,0.0596
2025-10-20 16:30:00,Aspect,Conjunction,Mercury,Libra,"25°06'42.99""",Mars,Libra,"25°02'46.08""",0,0.0658,0.0658
2025-10-20 16:45:00,Aspect,Conjunction,Mercury,Libra,"25°07'31.67""",Mars,Libra,"25°03'12.37""",0,0.072,0.072
2025-10-20 17:00:00,Aspect,Conjunction,Mercury,Libra,"25°08'20.34""",Mars,Libra,"25°03'38.66""",0,0.0782,0.0782
2025-10-20 17:15:00,Aspect,Conjunction,Mercury,Libra,"25°09'09.00""",Mars,Libra,"25°04'04.95""",0,0.0845,0.0845
2025-10-20 17:30:00,Aspect,Conjunction,Mercury,Libra,"25°09'57.65""",Mars,Libra,"25°04'31.24""",0,0.0907,0.0907
2025-10-20 17:45:00,Aspect,Conjunction,Mercury,Libra,"25°10'46.29""",Mars,Libra,"25°04'57.54""",0,0.0969,0.0969
2025-10-20 18:00:00,Aspect,Conjunction,Mercury,Libra,"25°11'34.92""",Mars,Libra,"25°05'23.83""",0,0.1031,0.1031
2025-10-20 18:15:00,Aspect,Conjunction,Mercury,Libra,"25°12'23.55""",Mars,Libra,"25°05'50.12""",0,0.1093,0.1093
2025-10-20 18:30:00,Aspect,Conjunction,Mercury,Libra,"25°13'12.17""",Mars,Libra,"25°06'16.42""",0,0.1155,0.1155
2025-10-20 18:45:00,Aspect,Conjunction,Mercury,Libra,"25°14'00.78""",Mars,Libra,"25°06'42.71""",0,0.1217,0.1217
2025-10-20 19:00:00,Aspect,Conjunction,Mercury,Libra,"25°14'49.38""",Mars,Libra,"25°07'09.00""",0,0.1279,0.1279
2025-10-20 19:15:00,Aspect,Conjunction,Mercury,Libra,"25°15'37.98""",Mars,Libra,"25°07'35.30""",0,0.1341,0.1341
2025-10-20 19:30:00,Aspect,Conjunction,Mercury,Libra,"25°16'26.56""",Mars,Libra,"25°08'01.59""",0,0.1403,0.1403
2025-10-20 19:45:00,Aspect,Conjunction,Mercury,Libra,"25°17'15.14""",Mars,Libra,"25°08'27.89""",0,0.1465,0.1465
2025-10-20 20:00:00,Aspect,Conjunction,Mercury,Libra,"25°18'03.71""",Mars,Libra,"25°08'54.18""",0,0.1526,0.1526
2025-10-20 20:15:00,Aspect,Conjunction,Mercury,Libra,"25°18'52.28""",Mars,Libra,"25°09'20.48""",0,0.1588,0.1588
2025-10-20 20:30:00,Aspect,Conjunction,Mercury,Libra,"25°19'40.83""",Mars,Libra,"25°09'46.78""",0,0.165,0.165
2025-10-20 20:45:00,Aspect,Conjunction,Mercury,Libra,"25°20'29.38""",Mars,Libra,"25°10'13.07""",0,0.1712,0.1712
2025-10-20 21:00:00,Aspect,Conjunction,Mercury,Libra,"25°21'17.91""",Mars,Libra,"25°10'39.37""",0,0.1774,0.1774
2025-10-20 21:15:00,Aspect,Conjunction,Mercury,Libra,"25°22'06.44""",Mars,Libra,"25°11'05.67""",0,0.1835,0.1835
2025-10-20 21:30:00,Aspect,Conjunction,Mercury,Libra,"25°22'54.97""",Mars,Libra,"25°11'31.97""",0,0.1897,0.1897
2025-10-20 21:45:00,Aspect,Conjunction,Mercury,Libra,"25°23'43.48""",Mars,Libra,"25°11'58.27""",0,0.1959,0.1959
2025-10-20 22:00:00,Aspect,Conjunction,Mercury,Libra,"25°24'31.98""",Mars,Libra,"25°12'24.57""",0,0.2021,0.2021
2025-10-20 22:15:00,Aspect,Conjunction,Mercury,Libra,"25°25'20.48""",Mars,Libra,"25°12'50.87""",0,0.2082,0.2082
2025-10-20 22:30:00,Aspect,Conjunction,Mercury,Libra,"25°26'08.97""",Mars,Libra,"25°13'17.17""",0,0.2144,0.2144
2025-10-20 22:45:00,Aspect,Conjunction,Mercury,Libra,"25°26'57.45""",Mars,Libra,"25°13'43.47""",0,0.2206,0.2206
2025-10-20 23:00:00,Aspect,Conjunction,Mercury,Libra,"25°27'45.92""",Mars,Libra,"25°14'09.77""",0,0.2267,0.2267
2025-10-20 23:15:00,Aspect,Conjunction,Mercury,Libra,"25°28'34.39""",Mars,Libra,"25°14'36.07""",0,0.2329,0.2329
2025-10-20 23:30:00,Aspect,Conjunction,Mercury,Libra,"25°29'22.85""",Mars,Libra,"25°15'02.37""",0,0.239,0.239
2025-10-20 23:45:00,Aspect,Conjunction,Mercury,Libra,"25°30'11.29""",Mars,Libra,"25°15'28.67""",0,0.2452,0.2452
2025-10-21 00:00:00,Aspect,Conjunction,Mercury,Libra,"25°30'59.73""",Mars,Libra,"25°15'54.97""",0,0.2513,0.2513
2025-10-21 00:15:00,Aspect,Conjunction,Mercury,Libra,"25°31'48.17""",Mars,Libra,"25°16'21.28""",0,0.2575,0.2575
2025-10-21 00:30:00,Aspect,Conjunction,Mercury,Libra,"25°32'36.59""",Mars,Libra,"25°16'47.58""",0,0.2636,0.2636
2025-10-21 00:45:00,Aspect,Conjunction,Mercury,Libra,"25°33'25.01""",Mars,Libra,"25°17'13.88""",0,0.2698,0.2698
2025-10-21 01:00:00,Aspect,Conjunction,Mercury,Libra,"25°34'13.41""",Mars,Libra,"25°17'40.19""",0,0.2759,0.2759
2025-10-21 01:15:00,Aspect,Conjunction,Mercury,Libra,"25°35'01.81""",Mars,Libra,"25°18'06.49""",0,0.282,0.282
2025-10-21 01:30:00,Aspect,Conjunction,Mercury,Libra,"25°35'50.20""",Mars,Libra,"25°18'32.80""",0,0.2882,0.2882
2025-10-21 01:45:00,Aspect,Conjunction,Mercury,Libra,"25°36'38.58""",Mars,Libra,"25°18'59.10""",0,0.2943,0.2943
2025-10-21 02:00:00,Aspect,Conjunction,Mercury,Libra,"25°37'26.96""",Mars,Libra,"25°19'25.41""",0,0.3004,0.3004
2025-10-21 02:15:00,Aspect,Conjunction,Mercury,Libra,"25°38'15.33""",Mars,Libra,"25°19'51.71""",0,0.3066,0.3066
2025-10-21 02:30:00,Aspect,Conjunction,Mercury,Libra,"25°39'03.68""",Mars,Libra,"25°20'18.02""",0,0.3127,0.3127
2025-10-21 02:45:00,Aspect,Conjunction,Mercury,Libra,"25°39'52.03""",Mars,Libra,"25°20'44.33""",0,0.3188,0.3188
2025-10-21 03:00:00,Aspect,Conjunction,Mercury,Libra,"25°40'40.37""",Mars,Libra,"25°21'10.63""",0,0.3249,0.3249
2025-10-21 03:15:00,Aspect,Conjunction,Mercury,Libra,"25°41'28.71""",Mars,Libra,"25°21'36.94""",0,0.331,0.331
2025-10-21 03:30:00,Aspect,Conjunction,Mercury,Libra,"25°42'17.03""",Mars,Libra,"25°22'03.25""",0,0.3372,0.3372
2025-10-21 03:45:00,Aspect,Conjunction,Mercury,Libra,"25°43'05.35""",Mars,Libra,"25°22'29.56""",0,0.3433,0.3433
2025-10-21 04:00:00,Aspect,Conjunction,Mercury,Libra,"25°43'53.66""",Mars,Libra,"25°22'55.87""",0,0.3494,0.3494
2025-10-21 04:15:00,Aspect,Conjunction,Mercury,Libra,"25°44'41.96""",Mars,Libra,"25°23'22.18""",0,0.3555,0.3555
2025-10-21 04:30:00,Aspect,Conjunction,Mercury,Libra,"25°45'30.25""",Mars,Libra,"25°23'48.49""",0,0.3616,0.3616
2025-10-21 04:45:00,Aspect,Conjunction,Mercury,Libra,"25°46'18.53""",Mars,Libra,"25°24'14.80""",0,0.3677,0.3677
2025-10-21 05:00:00,Aspect,Conjunction,Mercury,Libra,"25°47'06.81""",Mars,Libra,"25°24'41.11""",0,0.3738,0.3738
2025-10-21 05:15:00,Aspect,Conjunction,Mercury,Libra,"25°47'55.07""",Mars,Libra,"25°25'07.42""",0,0.3799,0.3799
2025-10-21 05:30:00,Aspect,Conjunction,Mercury,Libra,"25°48'43.33""",Mars,Libra,"25°25'33.73""",0,0.386,0.386
2025-10-21 05:45:00,Aspect,Conjunction,Mercury,Libra,"25°49'31.58""",Mars,Libra,"25°26'00.04""",0,0.3921,0.3921
2025-10-21 06:00:00,Aspect,Conjunction,Mercury,Libra,"25°50'19.82""",Mars,Libra,"25°26'26.35""",0,0.3982,0.3982
2025-10-21 06:15:00,Aspect,Conjunction,Mercury,Libra,"25°51'08.06""",Mars,Libra,"25°26'52.67""",0,0.4043,0.4043
2025-10-21 06:30:00,Aspect,Conjunction,Mercury,Libra,"25°51'56.28""",Mars,Libra,"25°27'18.98""",0,0.4104,0.4104
2025-10-21 06:45:00,Aspect,Conjunction,Mercury,Libra,"25°52'44.50""",Mars,Libra,"25°27'45.29""",0,0.4164,0.4164
2025-10-21 07:00:00,Aspect,Conjunction,Mercury,Libra,"25°53'32.71""",Mars,Libra,"25°28'11.61""",0,0.4225,0.4225
2025-10-21 07:15:00,Aspect,Conjunction,Mercury,Libra,"25°54'20.91""",Mars,Libra,"25°28'37.92""",0,0.4286,0.4286
2025-10-21 07:30:00,Aspect,Conjunction,Mercury,Libra,"25°55'09.10""",Mars,Libra,"25°29'04.24""",0,0.4347,0.4347
2025-10-21 07:45:00,Aspect,Conjunction,Mercury,Libra,"25°55'57.28""",Mars,Libra,"25°29'30.55""",0,0.4408,0.4408
2025-10-21 08:00:00,Aspect,Conjunction,Mercury,Libra,"25°56'45.46""",Mars,Libra,"25°29'56.87""",0,0.4468,0.4468
2025-10-21 08:15:00,Aspect,Conjunction,Mercury,Libra,"25°57'33.62""",Mars,Libra,"25°30'23.18""",0,0.4529,0.4529
2025-10-21 08:30:00,Aspect,Conjunction,Mercury,Libra,"25°58'21.78""",Mars,Libra,"25°30'49.50""",0,0.459,0.459
2025-10-21 08:45:00,Aspect,Conjunction,Mercury,Libra,"25°59'09.93""",Mars,Libra,"25°31'15.82""",0,0.465,0.465
2025-10-21 09:00:00,Aspect,Conjunction,Mercury,Libra,"25°59'58.07""",Mars,Libra,"25°31'42.13""",0,0.4711,0.4711
2025-10-21 09:15:00,Aspect,Conjunction,Mercury,Libra,"26°00'46.21""",Mars,Libra,"25°32'08.45""",0,0.4772,0.4772
2025-10-21 09:30:00,Aspect,Square,Moon,Virgo,"29°11'53.68""",Jupiter,Cancer,"0°10'51.67""",90,89.0172,0.9828
2025-10-21 09:30:00,Aspect,Conjunction,Mercury,Libra,"26°01'34.33""",Mars,Libra,"25°32'34.77""",0,0.4832,0.4832
2025-10-21 09:45:00,Aspect,Square,Moon,Virgo,"29°19'23.28""",Jupiter,Cancer,"0°10'54.23""",90,89.1414,0.8586
2025-10-21 09:45:00,Aspect,Conjunction,Mercury,Libra,"26°02'22.45""",Mars,Libra,"25°33'01.09""",0,0.4893,0.4893
2025-10-21 10:00:00,Aspect,Square,Moon,Virgo,"29°26'52.84""",Jupiter,Cancer,"0°10'56.80""",90,89.2656,0.7344
2025-10-21 10:00:00,Aspect,Conjunction,Mercury,Libra,"26°03'10.55""",Mars,Libra,"25°33'27.40""",0,0.4953,0.4953
2025-10-21 10:15:00,Aspect,Square,Moon,Virgo,"29°34'22.36""",Jupiter,Cancer,"0°10'59.36""",90,89.3897,0.6103
2025-10-21 10:15:00,Aspect,Conjunction,Mercury,Libra,"26°03'58.65""",Mars,Libra,"25°33'53.72""",0,0.5014,0.5014
2025-10-21 10:30:00,Aspect,Square,Moon,Virgo,"29°41'51.85""",Jupiter,Cancer,"0°11'01.93""",90,89.5139,0.4861
2025-10-21 10:30:00,Aspect,Conjunction,Mercury,Libra,"26°04'46.74""",Mars,Libra,"25°34'20.04""",0,0.5074,0.5074
2025-10-21 10:45:00,Aspect,Square,Moon,Virgo,"29°49'21.31""",Jupiter,Cancer,"0°11'04.49""",90,89.638,0.362
2025-10-21 10:45:00,Aspect,Conjunction,Mercury,Libra,"26°05'34.83""",Mars,Libra,"25°34'46.36""",0,0.5135,0.5135
2025-10-21 11:00:00,Aspect,Square,Moon,Virgo,"29°56'50.74""",Jupiter,Cancer,"0°11'07.05""",90,89.7621,0.2379
2025-10-21 11:00:00,Aspect,Conjunction,Mercury,Libra,"26°06'22.90""",Mars,Libra,"25°35'12.68""",0,0.5195,0.5195
2025-10-21 11:15:00,Aspect,Square,Moon,Libra,"0°04'20.12""",Jupiter,Cancer,"0°11'09.61""",90,89.8863,0.1137
2025-10-21 11:15:00,Aspect,Conjunction,Mercury,Libra,"26°07'10.96""",Mars,Libra,"25°35'39.00""",0,0.5255,0.5255
2025-10-21 11:30:00,Aspect,Square,Moon,Libra,"0°11'49.48""",Jupiter,Cancer,"0°11'12.17""",90,90.0104,0.0104
2025-10-21 11:30:00,Aspect,Conjunction,Mercury,Libra,"26°07'59.02""",Mars,Libra,"25°36'05.33""",0,0.5316,0.5316
2025-10-21 11:45:00,Aspect,Square,Moon,Libra,"0°19'18.80""",Jupiter,Cancer,"0°11'14.73""",90,90.1345,0.1345
2025-10-21 11:45:00,Aspect,Conjunction,Mercury,Libra,"26°08'47.07""",Mars,Libra,"25°36'31.65""",0,0.5376,0.5376
2025-10-21 12:00:00,Aspect,Square,Moon,Libra,"0°26'48.09""",Jupiter,Cancer,"0°11'17.28""",90,90.2586,0.2586
2025-10-21 12:00:00,Aspect,Conjunction,Mercury,Libra,"26°09'35.11""",Mars,Libra,"25°36'57.97""",0,0.5437,0.5437
2025-10-21 12:15:00,Aspect,Square,Moon,Libra,"0°34'17.34""",Jupiter,Cancer,"0°11'19.84""",90,90.3826,0.3826
2025-10-21 12:15:00,Aspect,Conjunction,Mercury,Libra,"26°10'23.14""",Mars,Libra,"25°37'24.29""",0,0.5497,0.5497
2025-10-21 12:30:00,Aspect,Square,Moon,Libra,"0°41'46.57""",Jupiter,Cancer,"0°11'22.39""",90,90.5067,0.5067
2025-10-21 12:30:00,Aspect,Conjunction,Mercury,Libra,"26°11'11.16""",Mars,Libra,"25°37'50.61""",0,0.5557,0.5557
2025-10-21 12:45:00,Aspect,Square,Moon,Libra,"0°49'15.75""",Jupiter,Cancer,"0°11'24.95""",90,90.6308,0.6308
2025-10-21 12:45:00,Aspect,Conjunction,Mercury,Libra,"26°11'59.18""",Mars,Libra,"25°38'16.94""",0,0.5617,0.5617
2025-10-21 13:00:00,Aspect,Square,Moon,Libra,"0°56'44.91""",Jupiter,Cancer,"0°11'27.50""",90,90.7548,0.7548
2025-10-21 13:00:00,Aspect,Conjunction,Mercury,Libra,"26°12'47.18""",Mars,Libra,"25°38'43.26""",0,0.5678,0.5678
2025-10-21 13:15:00,Aspect,Square,Moon,Libra,"1°04'14.03""",Jupiter,Cancer,"0°11'30.05""",90,90.8789,0.8789
2025-10-21 13:15:00,Aspect,Conjunction,Mercury,Libra,"26°13'35.18""",Mars,Libra,"25°39'09.58""",0,0.5738,0.5738
2025-10-21 13:30:00,Aspect,Conjunction,Mercury,Libra,"26°14'23.17""",Mars,Libra,"25°39'35.91""",0,0.5798,0.5798
2025-10-21 13:45:00,Aspect,Conjunction,Mercury,Libra,"26°15'11.15""",Mars,Libra,"25°40'02.23""",0,0.5858,0.5858
2025-10-21 14:00:00,Aspect,Conjunction,Mercury,Libra,"26°15'59.12""",Mars,Libra,"25°40'28.56""",0,0.5918,0.5918
2025-10-21 14:15:00,Aspect,Conjunction,Mercury,Libra,"26°16'47.08""",Mars,Libra,"25°40'54.89""",0,0.5978,0.5978
2025-10-21 14:30:00,Aspect,Conjunction,Mercury,Libra,"26°17'35.04""",Mars,Libra,"25°41'21.21""",0,0.6038,0.6038
2025-10-21 14:45:00,Aspect,Conjunction,Mercury,Libra,"26°18'22.98""",Mars,Libra,"25°41'47.54""",0,0.6098,0.6098
2025-10-21 15:00:00,Aspect,Conjunction,Mercury,Libra,"26°19'10.92""",Mars,Libra,"25°42'13.86""",0,0.6158,0.6158
2025-10-21 15:15:00,Aspect,Conjunction,Mercury,Libra,"26°19'58.85""",Mars,Libra,"25°42'40.19""",0,0.6218,0.6218
2025-10-21 15:30:00,Aspect,Conjunction,Mercury,Libra,"26°20'46.77""",Mars,Libra,"25°43'06.52""",0,0.6278,0.6278
2025-10-21 15:45:00,Aspect,Conjunction,Mercury,Libra,"26°21'34.68""",Mars,Libra,"25°43'32.85""",0,0.6338,0.6338
2025-10-21 16:00:00,Aspect,Conjunction,Mercury,Libra,"26°22'22.59""",Mars,Libra,"25°43'59.18""",0,0.6398,0.6398
2025-10-21 16:15:00,Aspect,Conjunction,Mercury,Libra,"26°23'10.48""",Mars,Libra,"25°44'25.50""",0,0.6458,0.6458
2025-10-21 16:30:00,Aspect,Conjunction,Mercury,Libra,"26°23'58.37""",Mars,Libra,"25°44'51.83""",0,0.6518,0.6518
2025-10-21 16:45:00,Aspect,Conjunction,Mercury,Libra,"26°24'46.24""",Mars,Libra,"25°45'18.16""",0,0.6578,0.6578
2025-10-21 17:00:00,Aspect,Conjunction,Mercury,Libra,"26°25'34.11""",Mars,Libra,"25°45'44.49""",0,0.6638,0.6638
2025-10-21 17:15:00,Aspect,Conjunction,Sun,Libra,"4°03'23.47""",Moon,Libra,"3°03'55.56""",0,0.9911,0.9911
2025-10-21 17:15:00,Aspect,Conjunction,Mercury,Libra,"26°26'21.97""",Mars,Libra,"25°46'10.82""",0,0.6698,0.6698
2025-10-21 17:30:00,Aspect,Conjunction,Sun,Libra,"4°04'00.77""",Moon,Libra,"3°11'24.13""",0,0.8768,0.8768
2025-10-21 17:30:00,Aspect,Conjunction,Mercury,Libra,"26°27'09.82""",Mars,Libra,"25°46'37.16""",0,0.6757,0.6757
2025-10-21 17:45:00,Aspect,Conjunction,Sun,Libra,"4°04'38.08""",Moon,Libra,"3°18'52.67""",0,0.7626,0.7626
2025-10-21 17:45:00,Aspect,Conjunction,Mercury,Libra,"26°27'57.67""",Mars,Libra,"25°47'03.49""",0,0.6817,0.6817
2025-10-21 18:00:00,Aspect,Conjunction,Sun,Libra,"4°05'15.39""",Moon,Libra,"3°26'21.19""",0,0.6484,0.6484
2025-10-21 18:00:00,Aspect,Conjunction,Mercury,Libra,"26°28'45.50""",Mars,Libra,"25°47'29.82""",0,0.6877,0.6877
2025-10-21 18:15:00,Aspect,Conjunction,Sun,Libra,"4°05'52.69""",Moon,Libra,"3°33'49.67""",0,0.5342,0.5342
2025-10-21 18:15:00,Aspect,Conjunction,Mercury,Libra,"26°29'33.32""",Mars,Libra,"25°47'56.15""",0,0.6937,0.6937
2025-10-21 18:30:00,Aspect,Conjunction,Sun,Libra,"4°06'30.00""",Moon,Libra,"3°41'18.12""",0,0.42,0.42
2025-10-21 18:30:00,Aspect,Conjunction,Mercury,Libra,"26°30'21.14""",Mars,Libra,"25°48'22.48""",0,0.6996,0.6996
2025-10-21 18:45:00,Aspect,Conjunction,Sun,Libra,"4°07'07.31""",Moon,Libra,"3°48'46.54""",0,0.3058,0.3058
2025-10-21 18:45:00,Aspect,Conjunction,Mercury,Libra,"26°31'08.95""",Mars,Libra,"25°48'48.82""",0,0.7056,0.7056
2025-10-21 19:00:00,Aspect,Conjunction,Sun,Libra,"4°07'44.61""",Moon,Libra,"3°56'14.93""",0,0.1916,0.1916
2025-10-21 19:00:00,Aspect,Conjunction,Mercury,Libra,"26°31'56.75""",Mars,Libra,"25°49'15.15""",0,0.7116,0.7116
2025-10-21 19:15:00,Aspect,Conjunction,Sun,Libra,"4°08'21.92""",Moon,Libra,"4°03'43.28""",0,0.0774,0.0774
2025-10-21 19:15:00,Aspect,Conjunction,Mercury,Libra,"26°32'44.54""",Mars,Libra,"25°49'41.48""",0,0.7175,0.7175
2025-10-21 19:30:00,Aspect,Conjunction,Sun,Libra,"4°08'59.23""",Moon,Libra,"4°11'11.61""",0,0.0368,0.0368
2025-10-21 19:30:00,Aspect,Conjunction,Mercury,Libra,"26°33'32.32""",Mars,Libra,"25°50'07.82""",0,0.7235,0.7235
2025-10-21 19:45:00,Aspect,Conjunction,Sun,Libra,"4°09'36.54""",Moon,Libra,"4°18'39.91""",0,0.1509,0.1509
2025-10-21 19:45:00,Aspect,Conjunction,Mercury,Libra,"26°34'20.09""",Mars,Libra,"25°50'34.15""",0,0.7294,0.7294
2025-10-21 20:00:00,Aspect,Conjunction,Sun,Libra,"4°10'13.85""",Moon,Libra,"4°26'08.17""",0,0.2651,0.2651
2025-10-21 20:00:00,Aspect,Conjunction,Mercury,Libra,"26°35'07.86""",Mars,Libra,"25°51'00.49""",0,0.7354,0.7354
2025-10-21 20:15:00,Aspect,Conjunction,Sun,Libra,"4°10'51.15""",Moon,Libra,"4°33'36.41""",0,0.3792,0.3792
2025-10-21 20:15:00,Aspect,Conjunction,Mercury,Libra,"26°35'55.61""",Mars,Libra,"25°51'26.82""",0,0.7413,0.7413
2025-10-21 20:30:00,Aspect,Conjunction,Sun,Libra,"4°11'28.46""",Moon,Libra,"4°41'04.62""",0,0.4934,0.4934
2025-10-21 20:30:00,Aspect,Conjunction,Mercury,Libra,"26°36'43.36""",Mars,Libra,"25°51'53.16""",0,0.7473,0.7473
2025-10-21 20:45:00,Aspect,Conjunction,Sun,Libra,"4°12'05.77""",Moon,Libra,"4°48'32.79""",0,0.6075,0.6075
2025-10-21 20:45:00,Aspect,Conjunction,Mercury,Libra,"26°37'31.10""",Mars,Libra,"25°52'19.49""",0,0.7532,0.7532
2025-10-21 21:00:00,Aspect,Conjunction,Sun,Libra,"4°12'43.08""",Moon,Libra,"4°56'00.94""",0,0.7216,0.7216
2025-10-21 21:00:00,Aspect,Conjunction,Mercury,Libra,"26°38'18.83""",Mars,Libra,"25°52'45.83""",0,0.7592,0.7592
2025-10-21 21:15:00,Aspect,Conjunction,Sun,Libra,"4°13'20.39""",Moon,Libra,"5°03'29.06""",0,0.8357,0.8357
2025-10-21 21:15:00,Aspect,Conjunction,Mercury,Libra,"26°39'06.55""",Mars,Libra,"25°53'12.17""",0,0.7651,0.7651
2025-10-21 21:30:00,Aspect,Conjunction,Sun,Libra,"4°13'57.70""",Moon,Libra,"5°10'57.15""",0,0.9498,0.9498
2025-10-21 21:30:00,Aspect,Conjunction,Mercury,Libra,"26°39'54.26""",Mars,Libra,"25°53'38.51""",0,0.771,0.771
2025-10-21 21:45:00,Aspect,Conjunction,Mercury,Libra,"26°40'41.97""",Mars,Libra,"25°54'04.84""",0,0.777,0.777
2025-10-21 22:00:00,Aspect,Conjunction,Mercury,Libra,"26°41'29.66""",Mars,Libra,"25°54'31.18""",0,0.7829,0.7829
2025-10-21 22:15:00,Aspect,Conjunction,Mercury,Libra,"26°42'17.35""",Mars,Libra,"25°54'57.52""",0,0.7888,0.7888
2025-10-21 22:30:00,Aspect,Conjunction,Mercury,Libra,"26°43'05.02""",Mars,Libra,"25°55'23.86""",0,0.7948,0.7948
2025-10-21 22:45:00,Aspect,Conjunction,Mercury,Libra,"26°43'52.69""",Mars,Libra,"25°55'50.20""",0,0.8007,0.8007
2025-10-21 23:00:00,Aspect,Conjunction,Mercury,Libra,"26°44'40.35""",Mars,Libra,"25°56'16.54""",0,0.8066,0.8066
2025-10-21 23:15:00,Aspect,Conjunction,Mercury,Libra,"26°45'28.00""",Mars,Libra,"25°56'42.88""",0,0.8125,0.8125
2025-10-21 23:30:00,Aspect,Conjunction,Mercury,Libra,"26°46'15.64""",Mars,Libra,"25°57'09.22""",0,0.8185,0.8185
2025-10-21 23:45:00,Aspect,Conjunction,Mercury,Libra,"26°47'03.28""",Mars,Libra,"25°57'35.56""",0,0.8244,0.8244
2025-10-22 00:00:00,Aspect,Conjunction,Mercury,Libra,"26°47'50.90""",Mars,Libra,"25°58'01.90""",0,0.8303,0.8303
2025-10-22 00:15:00,Aspect,Conjunction,Mercury,Libra,"26°48'38.52""",Mars,Libra,"25°58'28.24""",0,0.8362,0.8362
2025-10-22 00:30:00,Aspect,Conjunction,Mercury,Libra,"26°49'26.12""",Mars,Libra,"25°58'54.59""",0,0.8421,0.8421
2025-10-22 00:45:00,Aspect,Conjunction,Mercury,Libra,"26°50'13.72""",Mars,Libra,"25°59'20.93""",0,0.848,0.848
2025-10-22 01:00:00,Aspect,Conjunction,Mercury,Libra,"26°51'01.31""",Mars,Libra,"25°59'47.27""",0,0.8539,0.8539
2025-10-22 01:15:00,Aspect,Conjunction,Mercury,Libra,"26°51'48.89""",Mars,Libra,"26°00'13.62""",0,0.8598,0.8598
2025-10-22 01:30:00,Aspect,Conjunction,Mercury,Libra,"26°52'36.46""",Mars,Libra,"26°00'39.96""",0,0.8657,0.8657
2025-10-22 01:45:00,Aspect,Conjunction,Mercury,Libra,"26°53'24.02""",Mars,Libra,"26°01'06.30""",0,0.8716,0.8716
2025-10-22 02:00:00,Aspect,Conjunction,Mercury,Libra,"26°54'11.58""",Mars,Libra,"26°01'32.65""",0,0.8775,0.8775
2025-10-22 02:15:00,Aspect,Conjunction,Mercury,Libra,"26°54'59.12""",Mars,Libra,"26°01'58.99""",0,0.8834,0.8834
2025-10-22 02:30:00,Aspect,Conjunction,Mercury,Libra,"26°55'46.66""",Mars,Libra,"26°02'25.34""",0,0.8893,0.8893
2025-10-22 02:45:00,Aspect,Conjunction,Mercury,Libra,"26°56'34.18""",Mars,Libra,"26°02'51.68""",0,0.8951,0.8951
2025-10-22 03:00:00,Aspect,Conjunction,Mercury,Libra,"26°57'21.70""",Mars,Libra,"26°03'18.03""",0,0.901,0.901
2025-10-22 03:15:00,Aspect,Conjunction,Mercury,Libra,"26°58'09.21""",Mars,Libra,"26°03'44.38""",0,0.9069,0.9069
2025-10-22 03:30:00,Aspect,Conjunction,Mercury,Libra,"26°58'56.71""",Mars,Libra,"26°04'10.73""",0,0.9128,0.9128
2025-10-22 03:45:00,Aspect,Conjunction,Mercury,Libra,"26°59'44.20""",Mars,Libra,"26°04'37.07""",0,0.9186,0.9186
2025-10-22 04:00:00,Aspect,Conjunction,Mercury,Libra,"27°00'31.68""",Mars,Libra,"26°05'03.42""",0,0.9245,0.9245
2025-10-22 04:15:00,Aspect,Conjunction,Mercury,Libra,"27°01'19.16""",Mars,Libra,"26°05'29.77""",0,0.9304,0.9304
2025-10-22 04:30:00,Aspect,Conjunction,Mercury,Libra,"27°02'06.62""",Mars,Libra,"26°05'56.12""",0,0.9363,0.9363
2025-10-22 04:45:00,Aspect,Conjunction,Mercury,Libra,"27°02'54.08""",Mars,Libra,"26°06'22.47""",0,0.9421,0.9421
2025-10-22 05:00:00,Aspect,Conjunction,Mercury,Libra,"27°03'41.52""",Mars,Libra,"26°06'48.82""",0,0.948,0.948
2025-10-22 05:15:00,Aspect,Conjunction,Mercury,Libra,"27°04'28.96""",Mars,Libra,"26°07'15.17""",0,0.9538,0.9538
2025-10-22 05:30:00,Aspect,Conjunction,Mercury,Libra,"27°05'16.39""",Mars,Libra,"26°07'41.52""",0,0.9597,0.9597
2025-10-22 05:45:00,Aspect,Conjunction,Mercury,Libra,"27°06'03.81""",Mars,Libra,"26°08'07.87""",0,0.9655,0.9655
2025-10-22 06:00:00,Aspect,Conjunction,Mercury,Libra,"27°06'51.22""",Mars,Libra,"26°08'34.22""",0,0.9714,0.9714
2025-10-22 06:15:00,Aspect,Conjunction,Mercury,Libra,"27°07'38.62""",Mars,Libra,"26°09'00.57""",0,0.9772,0.9772
2025-10-22 06:30:00,Aspect,Conjunction,Mercury,Libra,"27°08'26.01""",Mars,Libra,"26°09'26.92""",0,0.9831,0.9831
2025-10-22 06:45:00,Aspect,Conjunction,Mercury,Libra,"27°09'13.40""",Mars,Libra,"26°09'53.27""",0,0.9889,0.9889
2025-10-22 07:00:00,Aspect,Conjunction,Mercury,Libra,"27°10'00.77""",Mars,Libra,"26°10'19.63""",0,0.9948,0.9948
2025-10-23 04:45:00,Aspect,Trine,Moon,Libra,"20°41'08.91""",Rahu,Aquarius,"21°39'47.93""",120,120.9775,0.9775
2025-10-23 04:45:00,Aspect,Sextile,Moon,Libra,"20°41'08.91""",Ketu,Leo,"21°39'47.93""",60,59.0225,0.9775
2025-10-23 05:00:00,Aspect,Trine,Moon,Libra,"20°48'34.10""",Rahu,Aquarius,"21°39'45.94""",120,120.8533,0.8533
2025-10-23 05:00:00,Aspect,Sextile,Moon,Libra,"20°48'34.10""",Ketu,Leo,"21°39'45.94""",60,59.1467,0.8533
2025-10-23 05:15:00,Aspect,Trine,Moon,Libra,"20°55'59.27""",Rahu,Aquarius,"21°39'43.96""",120,120.7291,0.7291
2025-10-23 05:15:00,Aspect,Sextile,Moon,Libra,"20°55'59.27""",Ketu,Leo,"21°39'43.96""",60,59.2709,0.7291
2025-10-23 05:30:00,Aspect,Trine,Moon,Libra,"21°03'24.42""",Rahu,Aquarius,"21°39'41.97""",120,120.6049,0.6049
2025-10-23 05:30:00,Aspect,Sextile,Moon,Libra,"21°03'24.42""",Ketu,Leo,"21°39'41.97""",60,59.3951,0.6049
2025-10-23 05:45:00,Aspect,Trine,Moon,Libra,"21°10'49.55""",Rahu,Aquarius,"21°39'39.98""",120,120.4807,0.4807
2025-10-23 05:45:00,Aspect,Sextile,Moon,Libra,"21°10'49.55""",Ketu,Leo,"21°39'39.98""",60,59.5193,0.4807
2025-10-23 06:00:00,Aspect,Trine,Moon,Libra,"21°18'14.68""",Rahu,Aquarius,"21°39'37.99""",120,120.3565,0.3565
2025-10-23 06:00:00,Aspect,Sextile,Moon,Libra,"21°18'14.68""",Ketu,Leo,"21°39'37.99""",60,59.6435,0.3565
2025-10-23 06:15:00,Aspect,Trine,Moon,Libra,"21°25'39.78""",Rahu,Aquarius,"21°39'36.01""",120,120.2323,0.2323
2025-10-23 06:15:00,Aspect,Sextile,Moon,Libra,"21°25'39.78""",Ketu,Leo,"21°39'36.01""",60,59.7677,0.2323
2025-10-23 06:30:00,Aspect,Trine,Moon,Libra,"21°33'04.87""",Rahu,Aquarius,"21°39'34.02""",120,120.1081,0.1081
2025-10-23 06:30:00,Aspect,Sextile,Moon,Libra,"21°33'04.87""",Ketu,Leo,"21°39'34.02""",60,59.8919,0.1081
2025-10-23 06:45:00,Aspect,Trine,Moon,Libra,"21°40'29.94""",Rahu,Aquarius,"21°39'32.03""",120,119.9839,0.0161
2025-10-23 06:45:00,Aspect,Sextile,Moon,Libra,"21°40'29.94""",Ketu,Leo,"21°39'32.03""",60,60.0161,0.0161
2025-10-23 07:00:00,Aspect,Trine,Moon,Libra,"21°47'55.00""",Rahu,Aquarius,"21°39'30.05""",120,119.8597,0.1403
2025-10-23 07:00:00,Aspect,Sextile,Moon,Libra,"21°47'55.00""",Ketu,Leo,"21°39'30.05""",60,60.1403,0.1403
2025-10-23 07:15:00,Aspect,Trine,Moon,Libra,"21°55'20.05""",Rahu,Aquarius,"21°39'28.06""",120,119.7356,0.2644
2025-10-23 07:15:00,Aspect,Sextile,Moon,Libra,"21°55'20.05""",Ketu,Leo,"21°39'28.06""",60,60.2644,0.2644
2025-10-23 07:30:00,Aspect,Trine,Moon,Libra,"22°02'45.07""",Rahu,Aquarius,"21°39'26.07""",120,119.6114,0.3886
2025-10-23 07:30:00,Aspect,Sextile,Moon,Libra,"22°02'45.07""",Ketu,Leo,"21°39'26.07""",60,60.3886,0.3886
2025-10-23 07:45:00,Aspect,Trine,Moon,Libra,"22°10'10.09""",Rahu,Aquarius,"21°39'24.08""",120,119.4872,0.5128
2025-10-23 07:45:00,Aspect,Sextile,Moon,Libra,"22°10'10.09""",Ketu,Leo,"21°39'24.08""",60,60.5128,0.5128
2025-10-23 08:00:00,Aspect,Trine,Moon,Libra,"22°17'35.09""",Rahu,Aquarius,"21°39'22.10""",120,119.3631,0.6369
2025-10-23 08:00:00,Aspect,Sextile,Moon,Libra,"22°17'35.09""",Ketu,Leo,"21°39'22.10""",60,60.6369,0.6369
2025-10-23 08:15:00,Aspect,Trine,Moon,Libra,"22°25'00.07""",Rahu,Aquarius,"21°39'20.11""",120,119.2389,0.7611
2025-10-23 08:15:00,Aspect,Sextile,Moon,Libra,"22°25'00.07""",Ketu,Leo,"21°39'20.11""",60,60.7611,0.7611
2025-10-23 08:30:00,Aspect,Trine,Moon,Libra,"22°32'25.04""",Rahu,Aquarius,"21°39'18.12""",120,119.1147,0.8853
2025-10-23 08:30:00,Aspect,Sextile,Moon,Libra,"22°32'25.04""",Ketu,Leo,"21°39'18.12""",60,60.8853,0.8853
2025-10-23 16:00:00,Aspect,Conjunction,Moon,Libra,"26°14'47.90""",Mars,Libra,"27°08'21.74""",0,0.8927,0.8927
2025-10-23 16:15:00,Aspect,Conjunction,Moon,Libra,"26°22'12.47""",Mars,Libra,"27°08'48.15""",0,0.7766,0.7766
2025-10-23 16:30:00,Aspect,Conjunction,Moon,Libra,"26°29'37.03""",Mars,Libra,"27°09'14.55""",0,0.6604,0.6604
2025-10-23 16:45:00,Aspect,Conjunction,Moon,Libra,"26°37'01.59""",Mars,Libra,"27°09'40.96""",0,0.5443,0.5443
2025-10-23 17:00:00,Aspect,Conjunction,Moon,Libra,"26°44'26.13""",Mars,Libra,"27°10'07.37""",0,0.4281,0.4281
2025-10-23 17:15:00,Aspect,Conjunction,Moon,Libra,"26°51'50.66""",Mars,Libra,"27°10'33.78""",0,0.312,0.312
2025-10-23 17:30:00,Aspect,Conjunction,Moon,Libra,"26°59'15.19""",Mars,Libra,"27°11'00.19""",0,0.1958,0.1958
2025-10-23 17:45:00,Aspect,Conjunction,Moon,Libra,"27°06'39.70""",Mars,Libra,"27°11'26.59""",0,0.0797,0.0797
2025-10-23 18:00:00,Aspect,Conjunction,Moon,Libra,"27°14'04.20""",Mars,Libra,"27°11'53.00""",0,0.0364,0.0364
2025-10-23 18:15:00,Aspect,Conjunction,Moon,Libra,"27°21'28.69""",Mars,Libra,"27°12'19.41""",0,0.1526,0.1526
2025-10-23 18:30:00,Aspect,Conjunction,Moon,Libra,"27°28'53.17""",Mars,Libra,"27°12'45.82""",0,0.2687,0.2687
2025-10-23 18:45:00,Aspect,Conjunction,Moon,Libra,"27°36'17.65""",Mars,Libra,"27°13'12.23""",0,0.3848,0.3848
2025-10-23 19:00:00,Aspect,Conjunction,Moon,Libra,"27°43'42.11""",Mars,Libra,"27°13'38.64""",0,0.501,0.501
2025-10-23 19:15:00,Aspect,Conjunction,Moon,Libra,"27°51'06.56""",Mars,Libra,"27°14'05.06""",0,0.6171,0.6171
2025-10-23 19:30:00,Aspect,Conjunction,Moon,Libra,"27°58'31.01""",Mars,Libra,"27°14'31.47""",0,0.7332,0.7332
2025-10-23 19:45:00,Aspect,Conjunction,Moon,Libra,"28°05'55.44""",Mercury,Libra,"29°04'22.49""",0,0.9742,0.9742
2025-10-23 19:45:00,Aspect,Conjunction,Moon,Libra,"28°05'55.44""",Mars,Libra,"27°14'57.88""",0,0.8493,0.8493
2025-10-23 20:00:00,Aspect,Conjunction,Moon,Libra,"28°13'19.87""",Mercury,Libra,"29°05'08.44""",0,0.8635,0.8635
2025-10-23 20:00:00,Aspect,Conjunction,Moon,Libra,"28°13'19.87""",Mars,Libra,"27°15'24.29""",0,0.9654,0.9654
2025-10-23 20:15:00,Aspect,Conjunction,Moon,Libra,"28°20'44.29""",Mercury,Libra,"29°05'54.38""",0,0.7528,0.7528
2025-10-23 20:30:00,Aspect,Conjunction,Moon,Libra,"28°28'08.69""",Mercury,Libra,"29°06'40.31""",0,0.6421,0.6421
2025-10-23 20:45:00,Aspect,Conjunction,Moon,Libra,"28°35'33.09""",Mercury,Libra,"29°07'26.23""",0,0.5314,0.5314
2025-10-23 21:00:00,Aspect,Conjunction,Moon,Libra,"28°42'57.49""",Mercury,Libra,"29°08'12.14""",0,0.4207,0.4207
2025-10-23 21:15:00,Aspect,Conjunction,Moon,Libra,"28°50'21.87""",Mercury,Libra,"29°08'58.04""",0,0.31,0.31
2025-10-23 21:30:00,Aspect,Conjunction,Moon,Libra,"28°57'46.24""",Mercury,Libra,"29°09'43.93""",0,0.1994,0.1994
2025-10-23 21:45:00,Aspect,Conjunction,Moon,Libra,"29°05'10.61""",Mercury,Libra,"29°10'29.81""",0,0.0887,0.0887
2025-10-23 22:00:00,Aspect,Conjunction,Moon,Libra,"29°12'34.97""",Mercury,Libra,"29°11'15.68""",0,0.022,0.022
2025-10-23 22:15:00,Aspect,Conjunction,Moon,Libra,"29°19'59.32""",Mercury,Libra,"29°12'01.54""",0,0.1327,0.1327
2025-10-23 22:30:00,Aspect,Conjunction,Moon,Libra,"29°27'23.67""",Mercury,Libra,"29°12'47.39""",0,0.2434,0.2434
2025-10-23 22:30:00,Aspect,Trine,Moon,Libra,"29°27'23.67""",Jupiter,Cancer,"0°20'43.38""",120,119.1112,0.8888
2025-10-23 22:45:00,Aspect,Conjunction,Moon,Libra,"29°34'48.00""",Mercury,Libra,"29°13'33.23""",0,0.3541,0.3541
2025-10-23 22:45:00,Aspect,Trine,Moon,Libra,"29°34'48.00""",Jupiter,Cancer,"0°20'45.67""",120,119.234,0.766
2025-10-23 23:00:00,Aspect,Conjunction,Moon,Libra,"29°42'12.33""",Mercury,Libra,"29°14'19.06""",0,0.4648,0.4648
2025-10-23 23:00:00,Aspect,Trine,Moon,Libra,"29°42'12.33""",Jupiter,Cancer,"0°20'47.95""",120,119.3568,0.6432
2025-10-23 23:15:00,Aspect,Conjunction,Moon,Libra,"29°49'36.65""",Mercury,Libra,"29°15'04.88""",0,0.5755,0.5755
2025-10-23 23:15:00,Aspect,Trine,Moon,Libra,"29°49'36.65""",Jupiter,Cancer,"0°20'50.22""",120,119.4796,0.5204
2025-10-23 23:30:00,Aspect,Conjunction,Moon,Libra,"29°57'00.96""",Mercury,Libra,"29°15'50.68""",0,0.6862,0.6862
2025-10-23 23:30:00,Aspect,Trine,Moon,Libra,"29°57'00.96""",Jupiter,Cancer,"0°20'52.50""",120,119.6024,0.3976
2025-10-23 23:45:00,Aspect,Conjunction,Moon,Scorpio,"0°04'25.27""",Mercury,Libra,"29°16'36.48""",0,0.7969,0.7969
2025-10-23 23:45:00,Aspect,Trine,Moon,Scorpio,"0°04'25.27""",Jupiter,Cancer,"0°20'54.78""",120,119.7251,0.2749
2025-10-24 00:00:00,Aspect,Conjunction,Moon,Scorpio,"0°11'49.57""",Mercury,Libra,"29°17'22.27""",0,0.9076,0.9076
2025-10-24 00:00:00,Aspect,Trine,Moon,Scorpio,"0°11'49.57""",Jupiter,Cancer,"0°20'57.05""",120,119.8479,0.1521
2025-10-24 00:15:00,Aspect,Trine,Moon,Scorpio,"0°19'13.86""",Jupiter,Cancer,"0°20'59.33""",120,119.9707,0.0293
2025-10-24 00:30:00,Aspect,Trine,Moon,Scorpio,"0°26'38.15""",Jupiter,Cancer,"0°21'01.60""",120,120.0935,0.0935
2025-10-24 00:45:00,Aspect,Trine,Moon,Scorpio,"0°34'02.43""",Jupiter,Cancer,"0°21'03.87""",120,120.2163,0.2163
2025-10-24 01:00:00,Aspect,Trine,Moon,Scorpio,"0°41'26.70""",Jupiter,Cancer,"0°21'06.14""",120,120.339,0.339
2025-10-24 01:15:00,Aspect,Trine,Moon,Scorpio,"0°48'50.97""",Jupiter,Cancer,"0°21'08.41""",120,120.4618,0.4618
2025-10-24 01:15:00,Aspect,Trine,Mercury,Libra,"29°21'11.05""",Jupiter,Cancer,"0°21'08.41""",120,119.0007,0.9993
2025-10-24 01:30:00,Aspect,Trine,Moon,Scorpio,"0°56'15.23""",Jupiter,Cancer,"0°21'10.68""",120,120.5846,0.5846
2025-10-24 01:30:00,Aspect,Trine,Mercury,Libra,"29°21'56.77""",Jupiter,Cancer,"0°21'10.68""",120,119.0128,0.9872
2025-10-24 01:45:00,Aspect,Trine,Moon,Scorpio,"1°03'39.49""",Jupiter,Cancer,"0°21'12.95""",120,120.7074,0.7074
2025-10-24 01:45:00,Aspect,Trine,Moon,Scorpio,"1°03'39.49""",Saturn,Pisces,"1°59'52.71""",120,120.937,0.937
2025-10-24 01:45:00,Aspect,Trine,Mercury,Libra,"29°22'42.49""",Jupiter,Cancer,"0°21'12.95""",120,119.0249,0.9751
2025-10-24 02:00:00,Aspect,Trine,Moon,Scorpio,"1°11'03.74""",Jupiter,Cancer,"0°21'15.21""",120,120.8301,0.8301
2025-10-24 02:00:00,Aspect,Trine,Moon,Scorpio,"1°11'03.74""",Saturn,Pisces,"1°59'50.59""",120,120.813,0.813
2025-10-24 02:00:00,Aspect,Trine,Mercury,Libra,"29°23'28.19""",Jupiter,Cancer,"0°21'15.21""",120,119.0369,0.9631
2025-10-24 02:15:00,Aspect,Trine,Moon,Scorpio,"1°18'27.98""",Jupiter,Cancer,"0°21'17.48""",120,120.9529,0.9529
2025-10-24 02:15:00,Aspect,Trine,Moon,Scorpio,"1°18'27.98""",Saturn,Pisces,"1°59'48.47""",120,120.689,0.689
2025-10-24 02:15:00,Aspect,Trine,Mercury,Libra,"29°24'13.88""",Jupiter,Cancer,"0°21'17.48""",120,119.049,0.951
2025-10-24 02:30:00,Aspect,Trine,Moon,Scorpio,"1°25'52.22""",Saturn,Pisces,"1°59'46.35""",120,120.565,0.565
2025-10-24 02:30:00,Aspect,Trine,Mercury,Libra,"29°24'59.56""",Jupiter,Cancer,"0°21'19.74""",120,119.0611,0.9389
2025-10-24 02:45:00,Aspect,Trine,Moon,Scorpio,"1°33'16.45""",Saturn,Pisces,"1°59'44.23""",120,120.441,0.441
2025-10-24 02:45:00,Aspect,Trine,Mercury,Libra,"29°25'45.24""",Jupiter,Cancer,"0°21'22.00""",120,119.0731,0.9269
2025-10-24 03:00:00,Aspect,Trine,Moon,Scorpio,"1°40'40.68""",Saturn,Pisces,"1°59'42.11""",120,120.3171,0.3171
2025-10-24 03:00:00,Aspect,Trine,Mercury,Libra,"29°26'30.90""",Jupiter,Cancer,"0°21'24.26""",120,119.0852,0.9148
2025-10-24 03:15:00,Aspect,Trine,Moon,Scorpio,"1°48'04.90""",Saturn,Pisces,"1°59'39.99""",120,120.1931,0.1931
2025-10-24 03:15:00,Aspect,Trine,Mercury,Libra,"29°27'16.55""",Jupiter,Cancer,"0°21'26.52""",120,119.0972,0.9028
2025-10-24 03:30:00,Aspect,Trine,Moon,Scorpio,"1°55'29.12""",Saturn,Pisces,"1°59'37.87""",120,120.0691,0.0691
2025-10-24 03:30:00,Aspect,Trine,Mercury,Libra,"29°28'02.19""",Jupiter,Cancer,"0°21'28.78""",120,119.1093,0.8907
2025-10-24 03:45:00,Aspect,Trine,Moon,Scorpio,"2°02'53.33""",Saturn,Pisces,"1°59'35.76""",120,119.9451,0.0549
2025-10-24 03:45:00,Aspect,Trine,Mercury,Libra,"29°28'47.82""",Jupiter,Cancer,"0°21'31.04""",120,119.1213,0.8787
2025-10-24 04:00:00,Aspect,Trine,Moon,Scorpio,"2°10'17.54""",Saturn,Pisces,"1°59'33.64""",120,119.8211,0.1789
2025-10-24 04:00:00,Aspect,Trine,Mercury,Libra,"29°29'33.44""",Jupiter,Cancer,"0°21'33.29""",120,119.1334,0.8666
2025-10-24 04:15:00,Aspect,Trine,Moon,Scorpio,"2°17'41.74""",Saturn,Pisces,"1°59'31.52""",120,119.6972,0.3028
2025-10-24 04:15:00,Aspect,Trine,Mercury,Libra,"29°30'19.05""",Jupiter,Cancer,"0°21'35.55""",120,119.1454,0.8546
2025-10-24 04:30:00,Aspect,Trine,Moon,Scorpio,"2°25'05.94""",Saturn,Pisces,"1°59'29.40""",120,119.5732,0.4268
2025-10-24 04:30:00,Aspect,Trine,Mercury,Libra,"29°31'04.65""",Jupiter,Cancer,"0°21'37.80""",120,119.1575,0.8425
2025-10-24 04:45:00,Aspect,Trine,Moon,Scorpio,"2°32'30.13""",Saturn,Pisces,"1°59'27.29""",120,119.4492,0.5508
2025-10-24 04:45:00,Aspect,Trine,Mercury,Libra,"29°31'50.23""",Jupiter,Cancer,"0°21'40.05""",120,119.1695,0.8305
2025-10-24 05:00:00,Aspect,Trine,Moon,Scorpio,"2°39'54.32""",Saturn,Pisces,"1°59'25.17""",120,119.3252,0.6748
2025-10-24 05:00:00,Aspect,Trine,Mercury,Libra,"29°32'35.81""",Jupiter,Cancer,"0°21'42.31""",120,119.1815,0.8185
2025-10-24 05:15:00,Aspect,Trine,Moon,Scorpio,"2°47'18.51""",Saturn,Pisces,"1°59'23.06""",120,119.2013,0.7987
2025-10-24 05:15:00,Aspect,Trine,Mercury,Libra,"29°33'21.38""",Jupiter,Cancer,"0°21'44.56""",120,119.1936,0.8064
2025-10-24 05:30:00,Aspect,Trine,Moon,Scorpio,"2°54'42.69""",Saturn,Pisces,"1°59'20.94""",120,119.0773,0.9227
2025-10-24 05:30:00,Aspect,Trine,Mercury,Libra,"29°34'06.93""",Jupiter,Cancer,"0°21'46.80""",120,119.2056,0.7944
2025-10-24 05:45:00,Aspect,Trine,Mercury,Libra,"29°34'52.48""",Jupiter,Cancer,"0°21'49.05""",120,119.2176,0.7824
2025-10-24 06:00:00,Aspect,Trine,Mercury,Libra,"29°35'38.01""",Jupiter,Cancer,"0°21'51.30""",120,119.2296,0.7704
2025-10-24 06:15:00,Aspect,Trine,Mercury,Libra,"29°36'23.54""",Jupiter,Cancer,"0°21'53.54""",120,119.2417,0.7583
2025-10-24 06:30:00,Aspect,Trine,Mercury,Libra,"29°37'09.05""",Jupiter,Cancer,"0°21'55.79""",120,119.2537,0.7463
2025-10-24 06:45:00,Aspect,Trine,Mercury,Libra,"29°37'54.56""",Jupiter,Cancer,"0°21'58.03""",120,119.2657,0.7343
2025-10-24 07:00:00,Aspect,Trine,Mercury,Libra,"29°38'40.05""",Jupiter,Cancer,"0°22'00.27""",120,119.2777,0.7223
2025-10-24 07:15:00,Aspect,Trine,Mercury,Libra,"29°39'25.53""",Jupiter,Cancer,"0°22'02.51""",120,119.2897,0.7103
2025-10-24 07:30:00,Aspect,Trine,Mercury,Libra,"29°40'11.00""",Jupiter,Cancer,"0°22'04.75""",120,119.3017,0.6983
2025-10-24 07:45:00,Aspect,Trine,Mercury,Libra,"29°40'56.46""",Jupiter,Cancer,"0°22'06.99""",120,119.3137,0.6863
2025-10-24 08:00:00,Aspect,Trine,Mercury,Libra,"29°41'41.91""",Jupiter,Cancer,"0°22'09.23""",120,119.3257,0.6743
2025-10-24 08:15:00,Aspect,Trine,Mercury,Libra,"29°42'27.35""",Jupiter,Cancer,"0°22'11.46""",120,119.3377,0.6623
2025-10-24 08:30:00,Aspect,Trine,Mercury,Libra,"29°43'12.78""",Jupiter,Cancer,"0°22'13.70""",120,119.3497,0.6503
2025-10-24 08:45:00,Aspect,Trine,Mercury,Libra,"29°43'58.19""",Jupiter,Cancer,"0°22'15.93""",120,119.3617,0.6383
2025-10-24 09:00:00,Aspect,Trine,Mercury,Libra,"29°44'43.60""",Jupiter,Cancer,"0°22'18.17""",120,119.3737,0.6263
2025-10-24 09:15:00,Aspect,Trine,Mercury,Libra,"29°45'29.00""",Jupiter,Cancer,"0°22'20.40""",120,119.3857,0.6143
2025-10-24 09:30:00,Aspect,Trine,Mercury,Libra,"29°46'14.38""",Jupiter,Cancer,"0°22'22.63""",120,119.3977,0.6023
2025-10-24 09:45:00,Aspect,Trine,Mercury,Libra,"29°46'59.76""",Jupiter,Cancer,"0°22'24.86""",120,119.4097,0.5903
2025-10-24 10:00:00,Aspect,Trine,Mercury,Libra,"29°47'45.12""",Jupiter,Cancer,"0°22'27.08""",120,119.4217,0.5783
2025-10-24 10:15:00,Aspect,Trine,Mercury,Libra,"29°48'30.47""",Jupiter,Cancer,"0°22'29.31""",120,119.4337,0.5663
2025-10-24 10:30:00,Aspect,Trine,Mercury,Libra,"29°49'15.82""",Jupiter,Cancer,"0°22'31.53""",120,119.4456,0.5544
2025-10-24 10:45:00,Aspect,Trine,Mercury,Libra,"29°50'01.15""",Jupiter,Cancer,"0°22'33.76""",120,119.4576,0.5424
2025-10-24 11:00:00,Aspect,Trine,Mercury,Libra,"29°50'46.47""",Jupiter,Cancer,"0°22'35.98""",120,119.4696,0.5304
2025-10-24 11:15:00,Aspect,Trine,Mercury,Libra,"29°51'31.78""",Jupiter,Cancer,"0°22'38.20""",120,119.4815,0.5185
2025-10-24 11:30:00,Aspect,Trine,Mercury,Libra,"29°52'17.08""",Jupiter,Cancer,"0°22'40.42""",120,119.4935,0.5065
2025-10-24 11:45:00,Aspect,Trine,Mercury,Libra,"29°53'02.36""",Jupiter,Cancer,"0°22'42.64""",120,119.5055,0.4945
2025-10-24 12:00:00,Aspect,Trine,Mercury,Libra,"29°53'47.64""",Jupiter,Cancer,"0°22'44.86""",120,119.5174,0.4826
2025-10-24 12:15:00,Aspect,Trine,Mercury,Libra,"29°54'32.91""",Jupiter,Cancer,"0°22'47.08""",120,119.5294,0.4706
2025-10-24 12:30:00,Aspect,Trine,Mercury,Libra,"29°55'18.16""",Jupiter,Cancer,"0°22'49.29""",120,119.5414,0.4586
2025-10-24 12:45:00,Aspect,Trine,Mercury,Libra,"29°56'03.41""",Jupiter,Cancer,"0°22'51.51""",120,119.5533,0.4467
2025-10-24 13:00:00,Aspect,Trine,Mercury,Libra,"29°56'48.64""",Jupiter,Cancer,"0°22'53.72""",120,119.5653,0.4347
2025-10-24 13:15:00,Aspect,Trine,Mercury,Libra,"29°57'33.86""",Jupiter,Cancer,"0°22'55.93""",120,119.5772,0.4228
2025-10-24 13:30:00,Aspect,Trine,Mercury,Libra,"29°58'19.07""",Jupiter,Cancer,"0°22'58.14""",120,119.5891,0.4109
2025-10-24 13:45:00,Aspect,Trine,Mercury,Libra,"29°59'04.28""",Jupiter,Cancer,"0°23'00.35""",120,119.6011,0.3989
2025-10-24 14:00:00,Aspect,Trine,Mercury,Libra,"29°59'49.47""",Jupiter,Cancer,"0°23'02.56""",120,119.613,0.387
2025-10-24 14:15:00,Aspect,Trine,Mercury,Scorpio,"0°00'34.64""",Jupiter,Cancer,"0°23'04.77""",120,119.625,0.375
2025-10-24 14:30:00,Aspect,Trine,Mercury,Scorpio,"0°01'19.81""",Jupiter,Cancer,"0°23'06.98""",120,119.6369,0.3631
2025-10-24 14:45:00,Aspect,Trine,Mercury,Scorpio,"0°02'04.97""",Jupiter,Cancer,"0°23'09.18""",120,119.6488,0.3512
2025-10-24 15:00:00,Aspect,Trine,Mercury,Scorpio,"0°02'50.12""",Jupiter,Cancer,"0°23'11.39""",120,119.6608,0.3392
2025-10-24 15:15:00,Aspect,Trine,Mercury,Scorpio,"0°03'35.25""",Jupiter,Cancer,"0°23'13.59""",120,119.6727,0.3273
2025-10-24 15:30:00,Aspect,Trine,Mercury,Scorpio,"0°04'20.38""",Jupiter,Cancer,"0°23'15.79""",120,119.6846,0.3154
2025-10-24 15:45:00,Aspect,Trine,Mercury,Scorpio,"0°05'05.49""",Jupiter,Cancer,"0°23'17.99""",120,119.6965,0.3035
2025-10-24 16:00:00,Aspect,Trine,Mercury,Scorpio,"0°05'50.59""",Jupiter,Cancer,"0°23'20.19""",120,119.7084,0.2916
2025-10-24 16:15:00,Aspect,Trine,Mercury,Scorpio,"0°06'35.68""",Jupiter,Cancer,"0°23'22.39""",120,119.7204,0.2796
2025-10-24 16:30:00,Aspect,Trine,Mercury,Scorpio,"0°07'20.76""",Jupiter,Cancer,"0°23'24.58""",120,119.7323,0.2677
2025-10-24 16:45:00,Aspect,Trine,Mercury,Scorpio,"0°08'05.83""",Jupiter,Cancer,"0°23'26.78""",120,119.7442,0.2558
2025-10-24 17:00:00,Aspect,Trine,Mercury,Scorpio,"0°08'50.89""",Jupiter,Cancer,"0°23'28.97""",120,119.7561,0.2439
2025-10-24 17:15:00,Aspect,Trine,Mercury,Scorpio,"0°09'35.94""",Jupiter,Cancer,"0°23'31.17""",120,119.768,0.232
2025-10-24 17:30:00,Aspect,Trine,Mercury,Scorpio,"0°10'20.97""",Jupiter,Cancer,"0°23'33.36""",120,119.7799,0.2201
2025-10-24 17:45:00,Aspect,Trine,Mercury,Scorpio,"0°11'06.00""",Jupiter,Cancer,"0°23'35.55""",120,119.7918,0.2082
2025-10-24 18:00:00,Aspect,Trine,Mercury,Scorpio,"0°11'51.01""",Jupiter,Cancer,"0°23'37.74""",120,119.8037,0.1963
2025-10-24 18:15:00,Aspect,Trine,Mercury,Scorpio,"0°12'36.01""",Jupiter,Cancer,"0°23'39.93""",120,119.8156,0.1844
2025-10-24 18:30:00,Aspect,Trine,Mercury,Scorpio,"0°13'21.00""",Jupiter,Cancer,"0°23'42.11""",120,119.8275,0.1725
2025-10-24 18:45:00,Aspect,Trine,Mercury,Scorpio,"0°14'05.98""",Jupiter,Cancer,"0°23'44.30""",120,119.8394,0.1606
2025-10-24 19:00:00,Aspect,Trine,Mercury,Scorpio,"0°14'50.95""",Jupiter,Cancer,"0°23'46.48""",120,119.8512,0.1488
2025-10-24 19:15:00,Aspect,Trine,Mercury,Scorpio,"0°15'35.91""",Jupiter,Cancer,"0°23'48.67""",120,119.8631,0.1369
2025-10-24 19:30:00,Aspect,Trine,Mercury,Scorpio,"0°16'20.86""",Jupiter,Cancer,"0°23'50.85""",120,119.875,0.125
2025-10-24 19:45:00,Aspect,Trine,Mercury,Scorpio,"0°17'05.79""",Jupiter,Cancer,"0°23'53.03""",120,119.8869,0.1131
2025-10-24 20:00:00,Aspect,Trine,Mercury,Scorpio,"0°17'50.72""",Jupiter,Cancer,"0°23'55.21""",120,119.8988,0.1012
2025-10-24 20:15:00,Aspect,Trine,Mercury,Scorpio,"0°18'35.63""",Jupiter,Cancer,"0°23'57.39""",120,119.9106,0.0894
2025-10-24 20:30:00,Aspect,Trine,Mercury,Scorpio,"0°19'20.53""",Jupiter,Cancer,"0°23'59.57""",120,119.9225,0.0775
2025-10-24 20:45:00,Aspect,Trine,Mercury,Scorpio,"0°20'05.43""",Jupiter,Cancer,"0°24'01.74""",120,119.9344,0.0656
2025-10-24 21:00:00,Aspect,Trine,Mercury,Scorpio,"0°20'50.31""",Jupiter,Cancer,"0°24'03.92""",120,119.9462,0.0538
2025-10-24 21:15:00,Aspect,Trine,Mercury,Scorpio,"0°21'35.17""",Jupiter,Cancer,"0°24'06.09""",120,119.9581,0.0419
2025-10-24 21:30:00,Aspect,Trine,Mercury,Scorpio,"0°22'20.03""",Jupiter,Cancer,"0°24'08.27""",120,119.9699,0.0301
2025-10-24 21:45:00,Aspect,Trine,Mercury,Scorpio,"0°23'04.88""",Jupiter,Cancer,"0°24'10.44""",120,119.9818,0.0182
2025-10-24 22:00:00,Aspect,Trine,Mercury,Scorpio,"0°23'49.71""",Jupiter,Cancer,"0°24'12.61""",120,119.9936,0.0064
2025-10-24 22:15:00,Aspect,Trine,Mercury,Scorpio,"0°24'34.54""",Jupiter,Cancer,"0°24'14.78""",120,120.0055,0.0055
2025-10-24 22:30:00,Aspect,Trine,Mercury,Scorpio,"0°25'19.35""",Jupiter,Cancer,"0°24'16.95""",120,120.0173,0.0173
2025-10-24 22:45:00,Aspect,Trine,Mercury,Scorpio,"0°26'04.15""",Jupiter,Cancer,"0°24'19.11""",120,120.0292,0.0292
2025-10-24 23:00:00,Aspect,Trine,Mercury,Scorpio,"0°26'48.94""",Jupiter,Cancer,"0°24'21.28""",120,120.041,0.041
2025-10-24 23:15:00,Aspect,Trine,Mercury,Scorpio,"0°27'33.72""",Jupiter,Cancer,"0°24'23.44""",120,120.0529,0.0529
2025-10-24 23:30:00,Aspect,Trine,Mercury,Scorpio,"0°28'18.48""",Jupiter,Cancer,"0°24'25.61""",120,120.0647,0.0647
2025-10-24 23:45:00,Aspect,Trine,Mercury,Scorpio,"0°29'03.24""",Jupiter,Cancer,"0°24'27.77""",120,120.0765,0.0765
2025-10-25 00:00:00,Aspect,Trine,Mercury,Scorpio,"0°29'47.98""",Jupiter,Cancer,"0°24'29.93""",120,120.0883,0.0883
2025-10-25 00:15:00,Aspect,Trine,Mercury,Scorpio,"0°30'32.72""",Jupiter,Cancer,"0°24'32.09""",120,120.1002,0.1002
2025-10-25 00:30:00,Aspect,Trine,Mercury,Scorpio,"0°31'17.44""",Jupiter,Cancer,"0°24'34.25""",120,120.112,0.112
2025-10-25 00:45:00,Aspect,Trine,Mercury,Scorpio,"0°32'02.15""",Jupiter,Cancer,"0°24'36.41""",120,120.1238,0.1238
2025-10-25 01:00:00,Aspect,Trine,Mercury,Scorpio,"0°32'46.85""",Jupiter,Cancer,"0°24'38.56""",120,120.1356,0.1356
2025-10-25 01:15:00,Aspect,Trine,Mercury,Scorpio,"0°33'31.53""",Jupiter,Cancer,"0°24'40.72""",120,120.1474,0.1474
2025-10-25 01:30:00,Aspect,Trine,Mercury,Scorpio,"0°34'16.21""",Jupiter,Cancer,"0°24'42.87""",120,120.1593,0.1593
2025-10-25 01:45:00,Aspect,Trine,Mercury,Scorpio,"0°35'00.87""",Jupiter,Cancer,"0°24'45.02""",120,120.1711,0.1711
2025-10-25 02:00:00,Aspect,Trine,Mercury,Scorpio,"0°35'45.53""",Jupiter,Cancer,"0°24'47.17""",120,120.1829,0.1829
2025-10-25 02:15:00,Aspect,Trine,Mercury,Scorpio,"0°36'30.17""",Jupiter,Cancer,"0°24'49.32""",120,120.1947,0.1947
2025-10-25 02:30:00,Aspect,Trine,Mercury,Scorpio,"0°37'14.80""",Jupiter,Cancer,"0°24'51.47""",120,120.2065,0.2065
2025-10-25 02:45:00,Aspect,Trine,Mercury,Scorpio,"0°37'59.42""",Jupiter,Cancer,"0°24'53.62""",120,120.2183,0.2183
2025-10-25 03:00:00,Aspect,Trine,Mercury,Scorpio,"0°38'44.02""",Jupiter,Cancer,"0°24'55.77""",120,120.2301,0.2301
2025-10-25 03:15:00,Aspect,Trine,Mercury,Scorpio,"0°39'28.62""",Jupiter,Cancer,"0°24'57.91""",120,120.2419,0.2419
2025-10-25 03:30:00,Aspect,Trine,Mercury,Scorpio,"0°40'13.20""",Jupiter,Cancer,"0°25'00.06""",120,120.2537,0.2537
2025-10-25 03:45:00,Aspect,Trine,Mercury,Scorpio,"0°40'57.78""",Jupiter,Cancer,"0°25'02.20""",120,120.2654,0.2654
2025-10-25 04:00:00,Aspect,Trine,Mercury,Scorpio,"0°41'42.34""",Jupiter,Cancer,"0°25'04.34""",120,120.2772,0.2772
2025-10-25 04:15:00,Aspect,Trine,Mercury,Scorpio,"0°42'26.89""",Jupiter,Cancer,"0°25'06.48""",120,120.289,0.289
2025-10-25 04:30:00,Aspect,Trine,Mercury,Scorpio,"0°43'11.43""",Jupiter,Cancer,"0°25'08.62""",120,120.3008,0.3008
2025-10-25 04:45:00,Aspect,Trine,Mercury,Scorpio,"0°43'55.95""",Jupiter,Cancer,"0°25'10.76""",120,120.3126,0.3126
2025-10-25 05:00:00,Aspect,Trine,Mercury,Scorpio,"0°44'40.47""",Jupiter,Cancer,"0°25'12.90""",120,120.3243,0.3243
2025-10-25 05:15:00,Aspect,Trine,Mercury,Scorpio,"0°45'24.97""",Jupiter,Cancer,"0°25'15.03""",120,120.3361,0.3361
2025-10-25 05:30:00,Aspect,Trine,Mercury,Scorpio,"0°46'09.46""",Jupiter,Cancer,"0°25'17.17""",120,120.3479,0.3479
2025-10-25 05:45:00,Aspect,Trine,Mercury,Scorpio,"0°46'53.94""",Jupiter,Cancer,"0°25'19.30""",120,120.3596,0.3596
2025-10-25 06:00:00,Aspect,Trine,Mercury,Scorpio,"0°47'38.41""",Jupiter,Cancer,"0°25'21.43""",120,120.3714,0.3714
2025-10-25 06:15:00,Aspect,Trine,Mercury,Scorpio,"0°48'22.87""",Jupiter,Cancer,"0°25'23.56""",120,120.3831,0.3831
2025-10-25 06:30:00,Aspect,Trine,Mercury,Scorpio,"0°49'07.31""",Jupiter,Cancer,"0°25'25.69""",120,120.3949,0.3949
2025-10-25 06:45:00,Aspect,Trine,Mercury,Scorpio,"0°49'51.75""",Jupiter,Cancer,"0°25'27.82""",120,120.4066,0.4066
2025-10-25 07:00:00,Aspect,Trine,Mercury,Scorpio,"0°50'36.17""",Jupiter,Cancer,"0°25'29.95""",120,120.4184,0.4184
2025-10-25 07:15:00,Aspect,Trine,Mercury,Scorpio,"0°51'20.58""",Jupiter,Cancer,"0°25'32.08""",120,120.4301,0.4301
2025-10-25 07:30:00,Aspect,Trine,Mercury,Scorpio,"0°52'04.98""",Jupiter,Cancer,"0°25'34.20""",120,120.4419,0.4419
2025-10-25 07:45:00,Aspect,Trine,Mercury,Scorpio,"0°52'49.37""",Jupiter,Cancer,"0°25'36.33""",120,120.4536,0.4536
2025-10-25 08:00:00,Aspect,Trine,Mercury,Scorpio,"0°53'33.74""",Jupiter,Cancer,"0°25'38.45""",120,120.4654,0.4654
2025-10-25 08:15:00,Aspect,Trine,Mercury,Scorpio,"0°54'18.11""",Jupiter,Cancer,"0°25'40.57""",120,120.4771,0.4771
2025-10-25 08:30:00,Aspect,Trine,Mercury,Scorpio,"0°55'02.46""",Jupiter,Cancer,"0°25'42.69""",120,120.4888,0.4888
2025-10-25 08:45:00,Aspect,Trine,Mercury,Scorpio,"0°55'46.80""",Jupiter,Cancer,"0°25'44.81""",120,120.5006,0.5006
2025-10-25 08:45:00,Aspect,Trine,Mercury,Scorpio,"0°55'46.80""",Saturn,Pisces,"1°55'33.38""",120,120.9963,0.9963
2025-10-25 09:00:00,Aspect,Trine,Mercury,Scorpio,"0°56'31.13""",Jupiter,Cancer,"0°25'46.93""",120,120.5123,0.5123
2025-10-25 09:00:00,Aspect,Trine,Mercury,Scorpio,"0°56'31.13""",Saturn,Pisces,"1°55'31.32""",120,120.9834,0.9834
2025-10-25 09:15:00,Aspect,Trine,Mercury,Scorpio,"0°57'15.44""",Jupiter,Cancer,"0°25'49.04""",120,120.524,0.524
2025-10-25 09:15:00,Aspect,Trine,Mercury,Scorpio,"0°57'15.44""",Saturn,Pisces,"1°55'29.26""",120,120.9705,0.9705
2025-10-25 09:30:00,Aspect,Trine,Mercury,Scorpio,"0°57'59.75""",Jupiter,Cancer,"0°25'51.16""",120,120.5357,0.5357
2025-10-25 09:30:00,Aspect,Trine,Mercury,Scorpio,"0°57'59.75""",Saturn,Pisces,"1°55'27.20""",120,120.9576,0.9576
2025-10-25 09:45:00,Aspect,Trine,Mercury,Scorpio,"0°58'44.04""",Jupiter,Cancer,"0°25'53.27""",120,120.5474,0.5474
2025-10-25 09:45:00,Aspect,Trine,Mercury,Scorpio,"0°58'44.04""",Saturn,Pisces,"1°55'25.14""",120,120.9447,0.9447
2025-10-25 10:00:00,Aspect,Trine,Mercury,Scorpio,"0°59'28.32""",Jupiter,Cancer,"0°25'55.39""",120,120.5591,0.5591
2025-10-25 10:00:00,Aspect,Trine,Mercury,Scorpio,"0°59'28.32""",Saturn,Pisces,"1°55'23.08""",120,120.9319,0.9319
2025-10-25 10:15:00,Aspect,Trine,Mercury,Scorpio,"1°00'12.59""",Jupiter,Cancer,"0°25'57.50""",120,120.5709,0.5709
2025-10-25 10:15:00,Aspect,Trine,Mercury,Scorpio,"1°00'12.59""",Saturn,Pisces,"1°55'21.02""",120,120.919,0.919
2025-10-25 10:30:00,Aspect,Trine,Mercury,Scorpio,"1°00'56.85""",Jupiter,Cancer,"0°25'59.61""",120,120.5826,0.5826
2025-10-25 10:30:00,Aspect,Trine,Mercury,Scorpio,"1°00'56.85""",Saturn,Pisces,"1°55'18.97""",120,120.9061,0.9061
2025-10-25 10:45:00,Aspect,Trine,Mercury,Scorpio,"1°01'41.10""",Jupiter,Cancer,"0°26'01.72""",120,120.5943,0.5943
2025-10-25 10:45:00,Aspect,Trine,Mercury,Scorpio,"1°01'41.10""",Saturn,Pisces,"1°55'16.91""",120,120.8933,0.8933
2025-10-25 11:00:00,Aspect,Trine,Mercury,Scorpio,"1°02'25.33""",Jupiter,Cancer,"0°26'03.83""",120,120.606,0.606
2025-10-25 11:00:00,Aspect,Trine,Mercury,Scorpio,"1°02'25.33""",Saturn,Pisces,"1°55'14.85""",120,120.8804,0.8804
2025-10-25 11:15:00,Aspect,Trine,Mercury,Scorpio,"1°03'09.55""",Jupiter,Cancer,"0°26'05.93""",120,120.6177,0.6177
2025-10-25 11:15:00,Aspect,Trine,Mercury,Scorpio,"1°03'09.55""",Saturn,Pisces,"1°55'12.80""",120,120.8676,0.8676
2025-10-25 11:30:00,Aspect,Trine,Mercury,Scorpio,"1°03'53.76""",Jupiter,Cancer,"0°26'08.04""",120,120.6294,0.6294
2025-10-25 11:30:00,Aspect,Trine,Mercury,Scorpio,"1°03'53.76""",Saturn,Pisces,"1°55'10.74""",120,120.8547,0.8547
2025-10-25 11:45:00,Aspect,Trine,Mercury,Scorpio,"1°04'37.96""",Jupiter,Cancer,"0°26'10.14""",120,120.6411,0.6411
2025-10-25 11:45:00,Aspect,Trine,Mercury,Scorpio,"1°04'37.96""",Saturn,Pisces,"1°55'08.69""",120,120.8419,0.8419
2025-10-25 12:00:00,Aspect,Trine,Mercury,Scorpio,"1°05'22.15""",Jupiter,Cancer,"0°26'12.25""",120,120.6527,0.6527
2025-10-25 12:00:00,Aspect,Trine,Mercury,Scorpio,"1°05'22.15""",Saturn,Pisces,"1°55'06.63""",120,120.829,0.829
2025-10-25 12:15:00,Aspect,Trine,Mercury,Scorpio,"1°06'06.32""",Jupiter,Cancer,"0°26'14.35""",120,120.6644,0.6644
2025-10-25 12:15:00,Aspect,Trine,Mercury,Scorpio,"1°06'06.32""",Saturn,Pisces,"1°55'04.58""",120,120.8162,0.8162
2025-10-25 12:30:00,Aspect,Trine,Mercury,Scorpio,"1°06'50.49""",Jupiter,Cancer,"0°26'16.45""",120,120.6761,0.6761
2025-10-25 12:30:00,Aspect,Trine,Mercury,Scorpio,"1°06'50.49""",Saturn,Pisces,"1°55'02.52""",120,120.8033,0.8033
2025-10-25 12:45:00,Aspect,Trine,Mercury,Scorpio,"1°07'34.64""",Jupiter,Cancer,"0°26'18.55""",120,120.6878,0.6878
2025-10-25 12:45:00,Aspect,Trine,Mercury,Scorpio,"1°07'34.64""",Saturn,Pisces,"1°55'00.47""",120,120.7905,0.7905
2025-10-25 13:00:00,Aspect,Trine,Mercury,Scorpio,"1°08'18.77""",Jupiter,Cancer,"0°26'20.65""",120,120.6995,0.6995
2025-10-25 13:00:00,Aspect,Trine,Mercury,Scorpio,"1°08'18.77""",Saturn,Pisces,"1°54'58.42""",120,120.7777,0.7777
2025-10-25 13:15:00,Aspect,Trine,Mercury,Scorpio,"1°09'02.90""",Jupiter,Cancer,"0°26'22.75""",120,120.7112,0.7112
2025-10-25 13:15:00,Aspect,Trine,Mercury,Scorpio,"1°09'02.90""",Saturn,Pisces,"1°54'56.37""",120,120.7649,0.7649
2025-10-25 13:30:00,Aspect,Trine,Mercury,Scorpio,"1°09'47.02""",Jupiter,Cancer,"0°26'24.84""",120,120.7228,0.7228
2025-10-25 13:30:00,Aspect,Trine,Mercury,Scorpio,"1°09'47.02""",Saturn,Pisces,"1°54'54.32""",120,120.752,0.752
2025-10-25 13:45:00,Aspect,Trine,Mercury,Scorpio,"1°10'31.12""",Jupiter,Cancer,"0°26'26.94""",120,120.7345,0.7345
2025-10-25 13:45:00,Aspect,Trine,Mercury,Scorpio,"1°10'31.12""",Saturn,Pisces,"1°54'52.27""",120,120.7392,0.7392
2025-10-25 14:00:00,Aspect,Trine,Mercury,Scorpio,"1°11'15.21""",Jupiter,Cancer,"0°26'29.03""",120,120.7462,0.7462
2025-10-25 14:00:00,Aspect,Trine,Mercury,Scorpio,"1°11'15.21""",Saturn,Pisces,"1°54'50.21""",120,120.7264,0.7264
2025-10-25 14:15:00,Aspect,Sextile,Moon,Scorpio,"19°04'54.35""",Venus,Virgo,"19°58'58.47""",60,59.0989,0.9011
2025-10-25 14:15:00,Aspect,Trine,Mercury,Scorpio,"1°11'59.29""",Jupiter,Cancer,"0°26'31.13""",120,120.7578,0.7578
2025-10-25 14:15:00,Aspect,Trine,Mercury,Scorpio,"1°11'59.29""",Saturn,Pisces,"1°54'48.16""",120,120.7136,0.7136
2025-10-25 14:30:00,Aspect,Sextile,Moon,Scorpio,"19°12'19.38""",Venus,Virgo,"19°59'45.24""",60,59.2095,0.7905
2025-10-25 14:30:00,Aspect,Trine,Mercury,Scorpio,"1°12'43.36""",Jupiter,Cancer,"0°26'33.22""",120,120.7695,0.7695
2025-10-25 14:30:00,Aspect,Trine,Mercury,Scorpio,"1°12'43.36""",Saturn,Pisces,"1°54'46.12""",120,120.7008,0.7008
2025-10-25 14:45:00,Aspect,Sextile,Moon,Scorpio,"19°19'44.42""",Venus,Virgo,"20°00'32.00""",60,59.3201,0.6799
2025-10-25 14:45:00,Aspect,Trine,Mercury,Scorpio,"1°13'27.41""",Jupiter,Cancer,"0°26'35.31""",120,120.7811,0.7811
2025-10-25 14:45:00,Aspect,Trine,Mercury,Scorpio,"1°13'27.41""",Saturn,Pisces,"1°54'44.07""",120,120.688,0.688
2025-10-25 15:00:00,Aspect,Sextile,Moon,Scorpio,"19°27'09.48""",Venus,Virgo,"20°01'18.77""",60,59.4308,0.5692
2025-10-25 15:00:00,Aspect,Trine,Mercury,Scorpio,"1°14'11.46""",Jupiter,Cancer,"0°26'37.40""",120,120.7928,0.7928
2025-10-25 15:00:00,Aspect,Trine,Mercury,Scorpio,"1°14'11.46""",Saturn,Pisces,"1°54'42.02""",120,120.6752,0.6752
2025-10-25 15:15:00,Aspect,Sextile,Moon,Scorpio,"19°34'34.55""",Venus,Virgo,"20°02'05.54""",60,59.5414,0.4586
2025-10-25 15:15:00,Aspect,Trine,Mercury,Scorpio,"1°14'55.49""",Jupiter,Cancer,"0°26'39.48""",120,120.8044,0.8044
2025-10-25 15:15:00,Aspect,Trine,Mercury,Scorpio,"1°14'55.49""",Saturn,Pisces,"1°54'39.97""",120,120.6624,0.6624
2025-10-25 15:30:00,Aspect,Sextile,Moon,Scorpio,"19°41'59.65""",Venus,Virgo,"20°02'52.31""",60,59.652,0.348
2025-10-25 15:30:00,Aspect,Trine,Mercury,Scorpio,"1°15'39.51""",Jupiter,Cancer,"0°26'41.57""",120,120.8161,0.8161
2025-10-25 15:30:00,Aspect,Trine,Mercury,Scorpio,"1°15'39.51""",Saturn,Pisces,"1°54'37.92""",120,120.6496,0.6496
2025-10-25 15:45:00,Aspect,Sextile,Moon,Scorpio,"19°49'24.76""",Venus,Virgo,"20°03'39.08""",60,59.7627,0.2373
2025-10-25 15:45:00,Aspect,Trine,Mercury,Scorpio,"1°16'23.51""",Jupiter,Cancer,"0°26'43.66""",120,120.8277,0.8277
2025-10-25 15:45:00,Aspect,Trine,Mercury,Scorpio,"1°16'23.51""",Saturn,Pisces,"1°54'35.88""",120,120.6368,0.6368
2025-10-25 16:00:00,Aspect,Sextile,Moon,Scorpio,"19°56'49.90""",Venus,Virgo,"20°04'25.85""",60,59.8733,0.1267
2025-10-25 16:00:00,Aspect,Trine,Mercury,Scorpio,"1°17'07.51""",Jupiter,Cancer,"0°26'45.74""",120,120.8394,0.8394
2025-10-25 16:00:00,Aspect,Trine,Mercury,Scorpio,"1°17'07.51""",Saturn,Pisces,"1°54'33.83""",120,120.624,0.624
2025-10-25 16:15:00,Aspect,Sextile,Moon,Scorpio,"20°04'15.05""",Venus,Virgo,"20°05'12.62""",60,59.984,0.016
2025-10-25 16:15:00,Aspect,Trine,Mercury,Scorpio,"1°17'51.49""",Jupiter,Cancer,"0°26'47.82""",120,120.851,0.851
2025-10-25 16:15:00,Aspect,Trine,Mercury,Scorpio,"1°17'51.49""",Saturn,Pisces,"1°54'31.78""",120,120.6112,0.6112
2025-10-25 16:30:00,Aspect,Sextile,Moon,Scorpio,"20°11'40.22""",Venus,Virgo,"20°05'59.39""",60,60.0947,0.0947
2025-10-25 16:30:00,Aspect,Trine,Mercury,Scorpio,"1°18'35.46""",Jupiter,Cancer,"0°26'49.91""",120,120.8627,0.8627
2025-10-25 16:30:00,Aspect,Trine,Mercury,Scorpio,"1°18'35.46""",Saturn,Pisces,"1°54'29.74""",120,120.5984,0.5984
2025-10-25 16:45:00,Aspect,Sextile,Moon,Scorpio,"20°19'05.41""",Venus,Virgo,"20°06'46.16""",60,60.2053,0.2053
2025-10-25 16:45:00,Aspect,Trine,Mercury,Scorpio,"1°19'19.42""",Jupiter,Cancer,"0°26'51.99""",120,120.8743,0.8743
2025-10-25 16:45:00,Aspect,Trine,Mercury,Scorpio,"1°19'19.42""",Saturn,Pisces,"1°54'27.69""",120,120.5856,0.5856
2025-10-25 17:00:00,Aspect,Sextile,Moon,Scorpio,"20°26'30.62""",Venus,Virgo,"20°07'32.93""",60,60.316,0.316
2025-10-25 17:00:00,Aspect,Trine,Mercury,Scorpio,"1°20'03.37""",Jupiter,Cancer,"0°26'54.07""",120,120.8859,0.8859
2025-10-25 17:00:00,Aspect,Trine,Mercury,Scorpio,"1°20'03.37""",Saturn,Pisces,"1°54'25.65""",120,120.5729,0.5729
2025-10-25 17:15:00,Aspect,Sextile,Moon,Scorpio,"20°33'55.85""",Venus,Virgo,"20°08'19.70""",60,60.4267,0.4267
2025-10-25 17:15:00,Aspect,Square,Moon,Scorpio,"20°33'55.85""",Rahu,Aquarius,"21°31'47.03""",90,90.9642,0.9642
2025-10-25 17:15:00,Aspect,Square,Moon,Scorpio,"20°33'55.85""",Ketu,Leo,"21°31'47.03""",90,89.0358,0.9642
2025-10-25 17:15:00,Aspect,Trine,Mercury,Scorpio,"1°20'47.30""",Jupiter,Cancer,"0°26'56.15""",120,120.8975,0.8975
2025-10-25 17:15:00,Aspect,Trine,Mercury,Scorpio,"1°20'47.30""",Saturn,Pisces,"1°54'23.60""",120,120.5601,0.5601
2025-10-25 17:30:00,Aspect,Sextile,Moon,Scorpio,"20°41'21.10""",Venus,Virgo,"20°09'06.47""",60,60.5374,0.5374
2025-10-25 17:30:00,Aspect,Square,Moon,Scorpio,"20°41'21.10""",Rahu,Aquarius,"21°31'45.04""",90,90.84,0.84
2025-10-25 17:30:00,Aspect,Square,Moon,Scorpio,"20°41'21.10""",Ketu,Leo,"21°31'45.04""",90,89.16,0.84
2025-10-25 17:30:00,Aspect,Trine,Mercury,Scorpio,"1°21'31.22""",Jupiter,Cancer,"0°26'58.22""",120,120.9092,0.9092
2025-10-25 17:30:00,Aspect,Trine,Mercury,Scorpio,"1°21'31.22""",Saturn,Pisces,"1°54'21.56""",120,120.5473,0.5473
2025-10-25 17:45:00,Aspect,Sextile,Moon,Scorpio,"20°48'46.37""",Venus,Virgo,"20°09'53.24""",60,60.6481,0.6481
2025-10-25 17:45:00,Aspect,Square,Moon,Scorpio,"20°48'46.37""",Rahu,Aquarius,"21°31'43.05""",90,90.7157,0.7157
2025-10-25 17:45:00,Aspect,Square,Moon,Scorpio,"20°48'46.37""",Ketu,Leo,"21°31'43.05""",90,89.2843,0.7157
2025-10-25 17:45:00,Aspect,Trine,Mercury,Scorpio,"1°22'15.13""",Jupiter,Cancer,"0°27'00.30""",120,120.9208,0.9208
2025-10-25 17:45:00,Aspect,Trine,Mercury,Scorpio,"1°22'15.13""",Saturn,Pisces,"1°54'19.52""",120,120.5346,0.5346
2025-10-25 18:00:00,Aspect,Sextile,Moon,Scorpio,"20°56'11.66""",Venus,Virgo,"20°10'40.01""",60,60.7588,0.7588
2025-10-25 18:00:00,Aspect,Square,Moon,Scorpio,"20°56'11.66""",Rahu,Aquarius,"21°31'41.07""",90,90.5915,0.5915
2025-10-25 18:00:00,Aspect,Square,Moon,Scorpio,"20°56'11.66""",Ketu,Leo,"21°31'41.07""",90,89.4085,0.5915
2025-10-25 18:00:00,Aspect,Trine,Mercury,Scorpio,"1°22'59.03""",Jupiter,Cancer,"0°27'02.37""",120,120.9324,0.9324
2025-10-25 18:00:00,Aspect,Trine,Mercury,Scorpio,"1°22'59.03""",Saturn,Pisces,"1°54'17.48""",120,120.5218,0.5218
2025-10-25 18:15:00,Aspect,Sextile,Moon,Scorpio,"21°03'36.97""",Venus,Virgo,"20°11'26.78""",60,60.8695,0.8695
2025-10-25 18:15:00,Aspect,Square,Moon,Scorpio,"21°03'36.97""",Rahu,Aquarius,"21°31'39.08""",90,90.4673,0.4673
2025-10-25 18:15:00,Aspect,Square,Moon,Scorpio,"21°03'36.97""",Ketu,Leo,"21°31'39.08""",90,89.5327,0.4673
2025-10-25 18:15:00,Aspect,Trine,Mercury,Scorpio,"1°23'42.92""",Jupiter,Cancer,"0°27'04.45""",120,120.944,0.944
2025-10-25 18:15:00,Aspect,Trine,Mercury,Scorpio,"1°23'42.92""",Saturn,Pisces,"1°54'15.43""",120,120.509,0.509
2025-10-25 18:30:00,Aspect,Sextile,Moon,Scorpio,"21°11'02.30""",Venus,Virgo,"20°12'13.56""",60,60.9802,0.9802
2025-10-25 18:30:00,Aspect,Square,Moon,Scorpio,"21°11'02.30""",Rahu,Aquarius,"21°31'37.09""",90,90.343,0.343
2025-10-25 18:30:00,Aspect,Square,Moon,Scorpio,"21°11'02.30""",Ketu,Leo,"21°31'37.09""",90,89.657,0.343
2025-10-25 18:30:00,Aspect,Trine,Mercury,Scorpio,"1°24'26.79""",Jupiter,Cancer,"0°27'06.52""",120,120.9556,0.9556
2025-10-25 18:30:00,Aspect,Trine,Mercury,Scorpio,"1°24'26.79""",Saturn,Pisces,"1°54'13.39""",120,120.4963,0.4963
2025-10-25 18:45:00,Aspect,Square,Moon,Scorpio,"21°18'27.65""",Rahu,Aquarius,"21°31'35.10""",90,90.2187,0.2187
2025-10-25 18:45:00,Aspect,Square,Moon,Scorpio,"21°18'27.65""",Ketu,Leo,"21°31'35.10""",90,89.7813,0.2187
2025-10-25 18:45:00,Aspect,Trine,Mercury,Scorpio,"1°25'10.65""",Jupiter,Cancer,"0°27'08.59""",120,120.9672,0.9672
2025-10-25 18:45:00,Aspect,Trine,Mercury,Scorpio,"1°25'10.65""",Saturn,Pisces,"1°54'11.35""",120,120.4835,0.4835
2025-10-25 19:00:00,Aspect,Square,Moon,Scorpio,"21°25'53.03""",Rahu,Aquarius,"21°31'33.12""",90,90.0945,0.0945
2025-10-25 19:00:00,Aspect,Square,Moon,Scorpio,"21°25'53.03""",Ketu,Leo,"21°31'33.12""",90,89.9055,0.0945
2025-10-25 19:00:00,Aspect,Trine,Mercury,Scorpio,"1°25'54.50""",Jupiter,Cancer,"0°27'10.66""",120,120.9788,0.9788
2025-10-25 19:00:00,Aspect,Trine,Mercury,Scorpio,"1°25'54.50""",Saturn,Pisces,"1°54'09.31""",120,120.4708,0.4708
2025-10-25 19:15:00,Aspect,Square,Moon,Scorpio,"21°33'18.42""",Rahu,Aquarius,"21°31'31.13""",90,89.9702,0.0298
2025-10-25 19:15:00,Aspect,Square,Moon,Scorpio,"21°33'18.42""",Ketu,Leo,"21°31'31.13""",90,90.0298,0.0298
2025-10-25 19:15:00,Aspect,Trine,Mercury,Scorpio,"1°26'38.34""",Jupiter,Cancer,"0°27'12.73""",120,120.9904,0.9904
2025-10-25 19:15:00,Aspect,Trine,Mercury,Scorpio,"1°26'38.34""",Saturn,Pisces,"1°54'07.27""",120,120.458,0.458
2025-10-25 19:30:00,Aspect,Square,Moon,Scorpio,"21°40'43.84""",Rahu,Aquarius,"21°31'29.14""",90,89.8459,0.1541
2025-10-25 19:30:00,Aspect,Square,Moon,Scorpio,"21°40'43.84""",Ketu,Leo,"21°31'29.14""",90,90.1541,0.1541
2025-10-25 19:30:00,Aspect,Trine,Mercury,Scorpio,"1°27'22.16""",Saturn,Pisces,"1°54'05.23""",120,120.4453,0.4453
2025-10-25 19:45:00,Aspect,Square,Moon,Scorpio,"21°48'09.28""",Rahu,Aquarius,"21°31'27.16""",90,89.7216,0.2784
2025-10-25 19:45:00,Aspect,Square,Moon,Scorpio,"21°48'09.28""",Ketu,Leo,"21°31'27.16""",90,90.2784,0.2784
2025-10-25 19:45:00,Aspect,Trine,Mercury,Scorpio,"1°28'05.98""",Saturn,Pisces,"1°54'03.19""",120,120.4326,0.4326
2025-10-25 20:00:00,Aspect,Square,Moon,Scorpio,"21°55'34.73""",Rahu,Aquarius,"21°31'25.17""",90,89.5973,0.4027
2025-10-25 20:00:00,Aspect,Square,Moon,Scorpio,"21°55'34.73""",Ketu,Leo,"21°31'25.17""",90,90.4027,0.4027
2025-10-25 20:00:00,Aspect,Trine,Mercury,Scorpio,"1°28'49.78""",Saturn,Pisces,"1°54'01.15""",120,120.4198,0.4198
2025-10-25 20:15:00,Aspect,Square,Moon,Scorpio,"22°03'00.22""",Rahu,Aquarius,"21°31'23.18""",90,89.473,0.527
2025-10-25 20:15:00,Aspect,Square,Moon,Scorpio,"22°03'00.22""",Ketu,Leo,"21°31'23.18""",90,90.527,0.527
2025-10-25 20:15:00,Aspect,Trine,Mercury,Scorpio,"1°29'33.57""",Saturn,Pisces,"1°53'59.12""",120,120.4071,0.4071
2025-10-25 20:30:00,Aspect,Square,Moon,Scorpio,"22°10'25.72""",Rahu,Aquarius,"21°31'21.19""",90,89.3487,0.6513
2025-10-25 20:30:00,Aspect,Square,Moon,Scorpio,"22°10'25.72""",Ketu,Leo,"21°31'21.19""",90,90.6513,0.6513
2025-10-25 20:30:00,Aspect,Trine,Mercury,Scorpio,"1°30'17.34""",Saturn,Pisces,"1°53'57.08""",120,120.3944,0.3944
2025-10-25 20:45:00,Aspect,Square,Moon,Scorpio,"22°17'51.25""",Rahu,Aquarius,"21°31'19.21""",90,89.2244,0.7756
2025-10-25 20:45:00,Aspect,Square,Moon,Scorpio,"22°17'51.25""",Ketu,Leo,"21°31'19.21""",90,90.7756,0.7756
2025-10-25 20:45:00,Aspect,Trine,Mercury,Scorpio,"1°31'01.10""",Saturn,Pisces,"1°53'55.04""",120,120.3816,0.3816
2025-10-25 21:00:00,Aspect,Square,Moon,Scorpio,"22°25'16.80""",Rahu,Aquarius,"21°31'17.22""",90,89.1001,0.8999
2025-10-25 21:00:00,Aspect,Square,Moon,Scorpio,"22°25'16.80""",Ketu,Leo,"21°31'17.22""",90,90.8999,0.8999
2025-10-25 21:00:00,Aspect,Trine,Mercury,Scorpio,"1°31'44.86""",Saturn,Pisces,"1°53'53.01""",120,120.3689,0.3689
2025-10-25 21:15:00,Aspect,Trine,Mercury,Scorpio,"1°32'28.59""",Saturn,Pisces,"1°53'50.97""",120,120.3562,0.3562
2025-10-25 21:30:00,Aspect,Trine,Mercury,Scorpio,"1°33'12.32""",Saturn,Pisces,"1°53'48.93""",120,120.3435,0.3435
2025-10-25 21:45:00,Aspect,Trine,Mercury,Scorpio,"1°33'56.04""",Saturn,Pisces,"1°53'46.90""",120,120.3308,0.3308
2025-10-25 22:00:00,Aspect,Trine,Mercury,Scorpio,"1°34'39.74""",Saturn,Pisces,"1°53'44.87""",120,120.3181,0.3181
2025-10-25 22:15:00,Aspect,Trine,Mercury,Scorpio,"1°35'23.43""",Saturn,Pisces,"1°53'42.83""",120,120.3054,0.3054
2025-10-25 22:30:00,Aspect,Trine,Mercury,Scorpio,"1°36'07.10""",Saturn,Pisces,"1°53'40.80""",120,120.2927,0.2927
2025-10-25 22:45:00,Aspect,Trine,Mercury,Scorpio,"1°36'50.77""",Saturn,Pisces,"1°53'38.77""",120,120.28,0.28
2025-10-25 23:00:00,Aspect,Trine,Mercury,Scorpio,"1°37'34.42""",Saturn,Pisces,"1°53'36.73""",120,120.2673,0.2673
2025-10-25 23:15:00,Aspect,Trine,Mercury,Scorpio,"1°38'18.06""",Saturn,Pisces,"1°53'34.70""",120,120.2546,0.2546
2025-10-25 23:30:00,Aspect,Trine,Mercury,Scorpio,"1°39'01.69""",Saturn,Pisces,"1°53'32.67""",120,120.2419,0.2419
2025-10-25 23:45:00,Aspect,Trine,Mercury,Scorpio,"1°39'45.30""",Saturn,Pisces,"1°53'30.64""",120,120.2293,0.2293
2025-10-26 00:00:00,Aspect,Trine,Mercury,Scorpio,"1°40'28.91""",Saturn,Pisces,"1°53'28.61""",120,120.2166,0.2166
2025-10-26 00:15:00,Aspect,Trine,Mercury,Scorpio,"1°41'12.50""",Saturn,Pisces,"1°53'26.58""",120,120.2039,0.2039
2025-10-26 00:30:00,Aspect,Trine,Mercury,Scorpio,"1°41'56.07""",Saturn,Pisces,"1°53'24.55""",120,120.1912,0.1912
2025-10-26 00:45:00,Aspect,Trine,Mercury,Scorpio,"1°42'39.64""",Saturn,Pisces,"1°53'22.52""",120,120.1786,0.1786
2025-10-26 01:00:00,Aspect,Trine,Mercury,Scorpio,"1°43'23.19""",Saturn,Pisces,"1°53'20.49""",120,120.1659,0.1659
2025-10-26 01:15:00,Aspect,Trine,Mercury,Scorpio,"1°44'06.73""",Saturn,Pisces,"1°53'18.47""",120,120.1533,0.1533
2025-10-26 01:30:00,Aspect,Trine,Mercury,Scorpio,"1°44'50.26""",Saturn,Pisces,"1°53'16.44""",120,120.1406,0.1406
2025-10-26 01:45:00,Aspect,Trine,Mercury,Scorpio,"1°45'33.77""",Saturn,Pisces,"1°53'14.41""",120,120.128,0.128
2025-10-26 02:00:00,Aspect,Trine,Mercury,Scorpio,"1°46'17.28""",Saturn,Pisces,"1°53'12.39""",120,120.1153,0.1153
2025-10-26 02:15:00,Aspect,Trine,Mercury,Scorpio,"1°47'00.77""",Saturn,Pisces,"1°53'10.36""",120,120.1027,0.1027
2025-10-26 02:30:00,Aspect,Trine,Mercury,Scorpio,"1°47'44.24""",Saturn,Pisces,"1°53'08.33""",120,120.09,0.09
2025-10-26 02:45:00,Aspect,Trine,Mercury,Scorpio,"1°48'27.71""",Saturn,Pisces,"1°53'06.31""",120,120.0774,0.0774
2025-10-26 03:00:00,Aspect,Trine,Mercury,Scorpio,"1°49'11.16""",Saturn,Pisces,"1°53'04.29""",120,120.0648,0.0648
2025-10-26 03:15:00,Aspect,Trine,Mercury,Scorpio,"1°49'54.60""",Saturn,Pisces,"1°53'02.26""",120,120.0521,0.0521
2025-10-26 03:30:00,Aspect,Trine,Mercury,Scorpio,"1°50'38.03""",Saturn,Pisces,"1°53'00.24""",120,120.0395,0.0395
2025-10-26 03:45:00,Aspect,Trine,Mercury,Scorpio,"1°51'21.44""",Saturn,Pisces,"1°52'58.22""",120,120.0269,0.0269
2025-10-26 04:00:00,Aspect,Trine,Mercury,Scorpio,"1°52'04.84""",Saturn,Pisces,"1°52'56.19""",120,120.0143,0.0143
2025-10-26 04:15:00,Aspect,Trine,Mercury,Scorpio,"1°52'48.23""",Saturn,Pisces,"1°52'54.17""",120,120.0016,0.0016
2025-10-26 04:30:00,Aspect,Trine,Mercury,Scorpio,"1°53'31.61""",Saturn,Pisces,"1°52'52.15""",120,119.989,0.011
2025-10-26 04:45:00,Aspect,Trine,Mercury,Scorpio,"1°54'14.97""",Saturn,Pisces,"1°52'50.13""",120,119.9764,0.0236
2025-10-26 05:00:00,Aspect,Trine,Mercury,Scorpio,"1°54'58.32""",Saturn,Pisces,"1°52'48.11""",120,119.9638,0.0362
2025-10-26 05:15:00,Aspect,Trine,Mercury,Scorpio,"1°55'41.66""",Saturn,Pisces,"1°52'46.09""",120,119.9512,0.0488
2025-10-26 05:30:00,Aspect,Trine,Mercury,Scorpio,"1°56'24.99""",Saturn,Pisces,"1°52'44.07""",120,119.9386,0.0614
2025-10-26 05:45:00,Aspect,Trine,Mercury,Scorpio,"1°57'08.30""",Saturn,Pisces,"1°52'42.05""",120,119.926,0.074
2025-10-26 06:00:00,Aspect,Trine,Mercury,Scorpio,"1°57'51.60""",Saturn,Pisces,"1°52'40.03""",120,119.9135,0.0865
2025-10-26 06:15:00,Aspect,Trine,Mercury,Scorpio,"1°58'34.89""",Saturn,Pisces,"1°52'38.02""",120,119.9009,0.0991
2025-10-26 06:30:00,Aspect,Trine,Mercury,Scorpio,"1°59'18.16""",Saturn,Pisces,"1°52'36.00""",120,119.8883,0.1117
2025-10-26 06:45:00,Aspect,Trine,Mercury,Scorpio,"2°00'01.42""",Saturn,Pisces,"1°52'33.98""",120,119.8757,0.1243
2025-10-26 07:00:00,Aspect,Trine,Mercury,Scorpio,"2°00'44.67""",Saturn,Pisces,"1°52'31.97""",120,119.8631,0.1369
2025-10-26 07:15:00,Aspect,Trine,Mercury,Scorpio,"2°01'27.91""",Saturn,Pisces,"1°52'29.95""",120,119.8506,0.1494
2025-10-26 07:30:00,Aspect,Trine,Mercury,Scorpio,"2°02'11.13""",Saturn,Pisces,"1°52'27.94""",120,119.838,0.162
2025-10-26 07:45:00,Aspect,Trine,Mercury,Scorpio,"2°02'54.34""",Saturn,Pisces,"1°52'25.92""",120,119.8254,0.1746
2025-10-26 08:00:00,Aspect,Trine,Mercury,Scorpio,"2°03'37.54""",Saturn,Pisces,"1°52'23.91""",120,119.8129,0.1871
2025-10-26 08:15:00,Aspect,Trine,Mercury,Scorpio,"2°04'20.73""",Saturn,Pisces,"1°52'21.90""",120,119.8003,0.1997
2025-10-26 08:30:00,Aspect,Trine,Mercury,Scorpio,"2°05'03.90""",Saturn,Pisces,"1°52'19.88""",120,119.7878,0.2122
2025-10-26 08:45:00,Aspect,Trine,Mercury,Scorpio,"2°05'47.06""",Saturn,Pisces,"1°52'17.87""",120,119.7752,0.2248
2025-10-26 09:00:00,Aspect,Trine,Mercury,Scorpio,"2°06'30.20""",Saturn,Pisces,"1°52'15.86""",120,119.7627,0.2373
2025-10-26 09:15:00,Aspect,Trine,Mercury,Scorpio,"2°07'13.34""",Saturn,Pisces,"1°52'13.85""",120,119.7501,0.2499
2025-10-26 09:30:00,Aspect,Trine,Mercury,Scorpio,"2°07'56.46""",Saturn,Pisces,"1°52'11.84""",120,119.7376,0.2624
2025-10-26 09:45:00,Aspect,Trine,Mercury,Scorpio,"2°08'39.56""",Saturn,Pisces,"1°52'09.83""",120,119.7251,0.2749
2025-10-26 10:00:00,Aspect,Trine,Mercury,Scorpio,"2°09'22.66""",Saturn,Pisces,"1°52'07.82""",120,119.7125,0.2875
2025-10-26 10:15:00,Aspect,Trine,Mercury,Scorpio,"2°10'05.74""",Saturn,Pisces,"1°52'05.81""",120,119.7,0.3
2025-10-26 10:30:00,Aspect,Trine,Mercury,Scorpio,"2°10'48.81""",Saturn,Pisces,"1°52'03.80""",120,119.6875,0.3125
2025-10-26 10:45:00,Aspect,Trine,Mercury,Scorpio,"2°11'31.86""",Saturn,Pisces,"1°52'01.79""",120,119.675,0.325
2025-10-26 11:00:00,Aspect,Trine,Mercury,Scorpio,"2°12'14.90""",Saturn,Pisces,"1°51'59.78""",120,119.6625,0.3375
2025-10-26 11:15:00,Aspect,Trine,Mercury,Scorpio,"2°12'57.93""",Saturn,Pisces,"1°51'57.77""",120,119.65,0.35
2025-10-26 11:30:00,Aspect,Trine,Mercury,Scorpio,"2°13'40.95""",Saturn,Pisces,"1°51'55.77""",120,119.6374,0.3626
2025-10-26 11:45:00,Aspect,Trine,Mercury,Scorpio,"2°14'23.95""",Saturn,Pisces,"1°51'53.76""",120,119.6249,0.3751
2025-10-26 12:00:00,Aspect,Trine,Mercury,Scorpio,"2°15'06.94""",Saturn,Pisces,"1°51'51.75""",120,119.6124,0.3876
2025-10-26 12:15:00,Aspect,Trine,Mercury,Scorpio,"2°15'49.92""",Saturn,Pisces,"1°51'49.75""",120,119.6,0.4
2025-10-26 12:30:00,Aspect,Trine,Mercury,Scorpio,"2°16'32.88""",Saturn,Pisces,"1°51'47.74""",120,119.5875,0.4125
2025-10-26 12:45:00,Aspect,Trine,Mercury,Scorpio,"2°17'15.84""",Saturn,Pisces,"1°51'45.74""",120,119.575,0.425
2025-10-26 13:00:00,Aspect,Trine,Mercury,Scorpio,"2°17'58.77""",Saturn,Pisces,"1°51'43.74""",120,119.5625,0.4375
2025-10-26 13:15:00,Aspect,Trine,Mercury,Scorpio,"2°18'41.70""",Saturn,Pisces,"1°51'41.73""",120,119.55,0.45
2025-10-26 13:30:00,Aspect,Trine,Mercury,Scorpio,"2°19'24.61""",Saturn,Pisces,"1°51'39.73""",120,119.5375,0.4625
2025-10-26 13:45:00,Aspect,Trine,Mercury,Scorpio,"2°20'07.51""",Saturn,Pisces,"1°51'37.73""",120,119.5251,0.4749
2025-10-26 14:00:00,Aspect,Trine,Mercury,Scorpio,"2°20'50.39""",Saturn,Pisces,"1°51'35.73""",120,119.5126,0.4874
2025-10-26 14:15:00,Aspect,Square,Moon,Sagittarius,"0°58'46.42""",Saturn,Pisces,"1°51'33.73""",90,90.8798,0.8798
2025-10-26 14:15:00,Aspect,Trine,Mercury,Scorpio,"2°21'33.27""",Saturn,Pisces,"1°51'33.73""",120,119.5001,0.4999
2025-10-26 14:30:00,Aspect,Square,Moon,Sagittarius,"1°06'14.09""",Saturn,Pisces,"1°51'31.72""",90,90.7549,0.7549
2025-10-26 14:30:00,Aspect,Trine,Mercury,Scorpio,"2°22'16.12""",Saturn,Pisces,"1°51'31.72""",120,119.4877,0.5123
2025-10-26 14:45:00,Aspect,Square,Moon,Sagittarius,"1°13'41.79""",Saturn,Pisces,"1°51'29.72""",90,90.63,0.63
2025-10-26 14:45:00,Aspect,Trine,Mercury,Scorpio,"2°22'58.97""",Saturn,Pisces,"1°51'29.72""",120,119.4752,0.5248
2025-10-26 15:00:00,Aspect,Square,Moon,Sagittarius,"1°21'09.53""",Saturn,Pisces,"1°51'27.72""",90,90.5051,0.5051
2025-10-26 15:00:00,Aspect,Trine,Mercury,Scorpio,"2°23'41.80""",Saturn,Pisces,"1°51'27.72""",120,119.4628,0.5372
2025-10-26 15:15:00,Aspect,Square,Moon,Sagittarius,"1°28'37.30""",Saturn,Pisces,"1°51'25.73""",90,90.3801,0.3801
2025-10-26 15:15:00,Aspect,Trine,Mercury,Scorpio,"2°24'24.62""",Saturn,Pisces,"1°51'25.73""",120,119.4503,0.5497
2025-10-26 15:30:00,Aspect,Square,Moon,Sagittarius,"1°36'05.12""",Saturn,Pisces,"1°51'23.73""",90,90.2552,0.2552
2025-10-26 15:30:00,Aspect,Trine,Mercury,Scorpio,"2°25'07.43""",Saturn,Pisces,"1°51'23.73""",120,119.4379,0.5621
2025-10-26 15:45:00,Aspect,Square,Moon,Sagittarius,"1°43'32.98""",Saturn,Pisces,"1°51'21.73""",90,90.1302,0.1302
2025-10-26 15:45:00,Aspect,Trine,Mercury,Scorpio,"2°25'50.22""",Saturn,Pisces,"1°51'21.73""",120,119.4254,0.5746
2025-10-26 16:00:00,Aspect,Square,Moon,Sagittarius,"1°51'00.87""",Saturn,Pisces,"1°51'19.73""",90,90.0052,0.0052
2025-10-26 16:00:00,Aspect,Trine,Mercury,Scorpio,"2°26'33.00""",Saturn,Pisces,"1°51'19.73""",120,119.413,0.587
2025-10-26 16:15:00,Aspect,Square,Moon,Sagittarius,"1°58'28.80""",Saturn,Pisces,"1°51'17.73""",90,89.8803,0.1197
2025-10-26 16:15:00,Aspect,Trine,Mercury,Scorpio,"2°27'15.77""",Saturn,Pisces,"1°51'17.73""",120,119.4005,0.5995
2025-10-26 16:30:00,Aspect,Square,Moon,Sagittarius,"2°05'56.78""",Saturn,Pisces,"1°51'15.74""",90,89.7553,0.2447
2025-10-26 16:30:00,Aspect,Trine,Mercury,Scorpio,"2°27'58.52""",Saturn,Pisces,"1°51'15.74""",120,119.3881,0.6119
2025-10-26 16:45:00,Aspect,Square,Moon,Sagittarius,"2°13'24.79""",Saturn,Pisces,"1°51'13.74""",90,89.6303,0.3697
2025-10-26 16:45:00,Aspect,Trine,Mercury,Scorpio,"2°28'41.26""",Saturn,Pisces,"1°51'13.74""",120,119.3757,0.6243
2025-10-26 17:00:00,Aspect,Square,Moon,Sagittarius,"2°20'52.85""",Saturn,Pisces,"1°51'11.75""",90,89.5052,0.4948
2025-10-26 17:00:00,Aspect,Trine,Mercury,Scorpio,"2°29'23.99""",Saturn,Pisces,"1°51'11.75""",120,119.3633,0.6367
2025-10-26 17:15:00,Aspect,Square,Moon,Sagittarius,"2°28'20.94""",Saturn,Pisces,"1°51'09.75""",90,89.3802,0.6198
2025-10-26 17:15:00,Aspect,Trine,Mercury,Scorpio,"2°30'06.70""",Saturn,Pisces,"1°51'09.75""",120,119.3508,0.6492
2025-10-26 17:30:00,Aspect,Square,Moon,Sagittarius,"2°35'49.08""",Saturn,Pisces,"1°51'07.76""",90,89.2552,0.7448
2025-10-26 17:30:00,Aspect,Trine,Mercury,Scorpio,"2°30'49.40""",Saturn,Pisces,"1°51'07.76""",120,119.3384,0.6616
2025-10-26 17:45:00,Aspect,Square,Moon,Sagittarius,"2°43'17.25""",Saturn,Pisces,"1°51'05.76""",90,89.1301,0.8699
2025-10-26 17:45:00,Aspect,Trine,Mercury,Scorpio,"2°31'32.08""",Saturn,Pisces,"1°51'05.76""",120,119.326,0.674
2025-10-26 18:00:00,Aspect,Square,Moon,Sagittarius,"2°50'45.47""",Saturn,Pisces,"1°51'03.77""",90,89.0051,0.9949
2025-10-26 18:00:00,Aspect,Trine,Mercury,Scorpio,"2°32'14.76""",Saturn,Pisces,"1°51'03.77""",120,119.3136,0.6864
2025-10-26 18:15:00,Aspect,Trine,Mercury,Scorpio,"2°32'57.42""",Saturn,Pisces,"1°51'01.78""",120,119.3012,0.6988
2025-10-26 18:30:00,Aspect,Trine,Mercury,Scorpio,"2°33'40.06""",Saturn,Pisces,"1°50'59.78""",120,119.2888,0.7112
2025-10-26 18:45:00,Aspect,Trine,Mercury,Scorpio,"2°34'22.70""",Saturn,Pisces,"1°50'57.79""",120,119.2764,0.7236
2025-10-26 19:00:00,Aspect,Trine,Mercury,Scorpio,"2°35'05.31""",Saturn,Pisces,"1°50'55.80""",120,119.264,0.736
2025-10-26 19:15:00,Aspect,Trine,Mercury,Scorpio,"2°35'47.92""",Saturn,Pisces,"1°50'53.81""",120,119.2516,0.7484
2025-10-26 19:30:00,Aspect,Trine,Mercury,Scorpio,"2°36'30.51""",Saturn,Pisces,"1°50'51.82""",120,119.2393,0.7607
2025-10-26 19:45:00,Aspect,Trine,Mercury,Scorpio,"2°37'13.09""",Saturn,Pisces,"1°50'49.83""",120,119.2269,0.7731
2025-10-26 20:00:00,Aspect,Trine,Mercury,Scorpio,"2°37'55.66""",Saturn,Pisces,"1°50'47.84""",120,119.2145,0.7855
2025-10-26 20:15:00,Aspect,Trine,Mercury,Scorpio,"2°38'38.21""",Saturn,Pisces,"1°50'45.85""",120,119.2021,0.7979
2025-10-26 20:30:00,Aspect,Trine,Mercury,Scorpio,"2°39'20.75""",Saturn,Pisces,"1°50'43.86""",120,119.1898,0.8102
2025-10-26 20:45:00,Aspect,Trine,Mercury,Scorpio,"2°40'03.27""",Saturn,Pisces,"1°50'41.87""",120,119.1774,0.8226
2025-10-26 21:00:00,Aspect,Trine,Mercury,Scorpio,"2°40'45.78""",Saturn,Pisces,"1°50'39.89""",120,119.165,0.835
2025-10-26 21:15:00,Aspect,Trine,Mercury,Scorpio,"2°41'28.28""",Saturn,Pisces,"1°50'37.90""",120,119.1527,0.8473
2025-10-26 21:30:00,Aspect,Trine,Mercury,Scorpio,"2°42'10.76""",Saturn,Pisces,"1°50'35.91""",120,119.1403,0.8597
2025-10-26 21:45:00,Aspect,Trine,Mercury,Scorpio,"2°42'53.23""",Saturn,Pisces,"1°50'33.93""",120,119.128,0.872
2025-10-26 22:00:00,Aspect,Trine,Mercury,Scorpio,"2°43'35.69""",Saturn,Pisces,"1°50'31.94""",120,119.1156,0.8844
2025-10-26 22:15:00,Aspect,Trine,Mercury,Scorpio,"2°44'18.14""",Saturn,Pisces,"1°50'29.96""",120,119.1033,0.8967
2025-10-26 22:30:00,Aspect,Trine,Mercury,Scorpio,"2°45'00.56""",Saturn,Pisces,"1°50'27.97""",120,119.0909,0.9091
2025-10-26 22:45:00,Aspect,Trine,Mercury,Scorpio,"2°45'42.98""",Saturn,Pisces,"1°50'25.99""",120,119.0786,0.9214
2025-10-26 23:00:00,Aspect,Trine,Mercury,Scorpio,"2°46'25.38""",Saturn,Pisces,"1°50'24.01""",120,119.0663,0.9337
2025-10-26 23:15:00,Aspect,Trine,Mercury,Scorpio,"2°47'07.77""",Saturn,Pisces,"1°50'22.02""",120,119.054,0.946
2025-10-26 23:30:00,Aspect,Trine,Mercury,Scorpio,"2°47'50.15""",Saturn,Pisces,"1°50'20.04""",120,119.0416,0.9584
2025-10-26 23:45:00,Aspect,Trine,Mercury,Scorpio,"2°48'32.51""",Saturn,Pisces,"1°50'18.06""",120,119.0293,0.9707
2025-10-27 00:00:00,Aspect,Trine,Mercury,Scorpio,"2°49'14.86""",Saturn,Pisces,"1°50'16.08""",120,119.017,0.983
2025-10-27 00:15:00,Aspect,Trine,Mercury,Scorpio,"2°49'57.19""",Saturn,Pisces,"1°50'14.10""",120,119.0047,0.9953
2025-10-27 01:00:00,Aspect,Trine,Mars,Libra,"29°31'18.19""",Jupiter,Cancer,"0°31'10.32""",120,119.0022,0.9978
2025-10-27 01:15:00,Aspect,Trine,Mars,Libra,"29°31'44.73""",Jupiter,Cancer,"0°31'12.24""",120,119.009,0.991
2025-10-27 01:30:00,Aspect,Trine,Mars,Libra,"29°32'11.26""",Jupiter,Cancer,"0°31'14.16""",120,119.0159,0.9841
2025-10-27 01:45:00,Aspect,Trine,Mars,Libra,"29°32'37.80""",Jupiter,Cancer,"0°31'16.09""",120,119.0227,0.9773
2025-10-27 02:00:00,Aspect,Trine,Mars,Libra,"29°33'04.33""",Jupiter,Cancer,"0°31'18.01""",120,119.0295,0.9705
2025-10-27 02:15:00,Aspect,Trine,Mars,Libra,"29°33'30.87""",Jupiter,Cancer,"0°31'19.93""",120,119.0364,0.9636
2025-10-27 02:30:00,Aspect,Trine,Mars,Libra,"29°33'57.40""",Jupiter,Cancer,"0°31'21.84""",120,119.0432,0.9568
2025-10-27 02:45:00,Aspect,Trine,Mars,Libra,"29°34'23.94""",Jupiter,Cancer,"0°31'23.76""",120,119.0501,0.9499
2025-10-27 03:00:00,Aspect,Trine,Mars,Libra,"29°34'50.48""",Jupiter,Cancer,"0°31'25.68""",120,119.0569,0.9431
2025-10-27 03:15:00,Aspect,Trine,Mars,Libra,"29°35'17.02""",Jupiter,Cancer,"0°31'27.59""",120,119.0637,0.9363
2025-10-27 03:30:00,Aspect,Trine,Mars,Libra,"29°35'43.55""",Jupiter,Cancer,"0°31'29.50""",120,119.0706,0.9294
2025-10-27 03:45:00,Aspect,Trine,Mars,Libra,"29°36'10.09""",Jupiter,Cancer,"0°31'31.42""",120,119.0774,0.9226
2025-10-27 04:00:00,Aspect,Trine,Mars,Libra,"29°36'36.63""",Jupiter,Cancer,"0°31'33.33""",120,119.0843,0.9157
2025-10-27 04:15:00,Aspect,Trine,Mars,Libra,"29°37'03.17""",Jupiter,Cancer,"0°31'35.24""",120,119.0911,0.9089
2025-10-27 04:30:00,Aspect,Trine,Mars,Libra,"29°37'29.71""",Jupiter,Cancer,"0°31'37.15""",120,119.0979,0.9021
2025-10-27 04:45:00,Aspect,Trine,Mars,Libra,"29°37'56.25""",Jupiter,Cancer,"0°31'39.05""",120,119.1048,0.8952
2025-10-27 05:00:00,Aspect,Trine,Mars,Libra,"29°38'22.79""",Jupiter,Cancer,"0°31'40.96""",120,119.1116,0.8884
2025-10-27 05:15:00,Aspect,Trine,Mars,Libra,"29°38'49.33""",Jupiter,Cancer,"0°31'42.86""",120,119.1185,0.8815
2025-10-27 05:30:00,Aspect,Sextile,Sun,Libra,"9°32'47.13""",Moon,Sagittarius,"8°35'12.10""",60,59.0403,0.9597
2025-10-27 05:30:00,Aspect,Trine,Mars,Libra,"29°39'15.87""",Jupiter,Cancer,"0°31'44.77""",120,119.1253,0.8747
2025-10-27 05:45:00,Aspect,Sextile,Sun,Libra,"9°33'24.55""",Moon,Sagittarius,"8°42'42.53""",60,59.155,0.845
2025-10-27 05:45:00,Aspect,Trine,Mars,Libra,"29°39'42.41""",Jupiter,Cancer,"0°31'46.67""",120,119.1322,0.8678
2025-10-27 06:00:00,Aspect,Sextile,Sun,Libra,"9°34'01.96""",Moon,Sagittarius,"8°50'13.01""",60,59.2697,0.7303
2025-10-27 06:00:00,Aspect,Trine,Mars,Libra,"29°40'08.96""",Jupiter,Cancer,"0°31'48.57""",120,119.139,0.861
2025-10-27 06:15:00,Aspect,Sextile,Sun,Libra,"9°34'39.37""",Moon,Sagittarius,"8°57'43.54""",60,59.3845,0.6155
2025-10-27 06:15:00,Aspect,Trine,Mars,Libra,"29°40'35.50""",Jupiter,Cancer,"0°31'50.47""",120,119.1458,0.8542
2025-10-27 06:30:00,Aspect,Sextile,Sun,Libra,"9°35'16.78""",Moon,Sagittarius,"9°05'14.12""",60,59.4993,0.5007
2025-10-27 06:30:00,Aspect,Trine,Mars,Libra,"29°41'02.04""",Jupiter,Cancer,"0°31'52.37""",120,119.1527,0.8473
2025-10-27 06:45:00,Aspect,Sextile,Sun,Libra,"9°35'54.20""",Moon,Sagittarius,"9°12'44.76""",60,59.614,0.386
2025-10-27 06:45:00,Aspect,Trine,Mars,Libra,"29°41'28.58""",Jupiter,Cancer,"0°31'54.27""",120,119.1595,0.8405
2025-10-27 07:00:00,Aspect,Sextile,Sun,Libra,"9°36'31.61""",Moon,Sagittarius,"9°20'15.46""",60,59.7288,0.2712
2025-10-27 07:00:00,Aspect,Trine,Mars,Libra,"29°41'55.13""",Jupiter,Cancer,"0°31'56.16""",120,119.1664,0.8336
2025-10-27 07:15:00,Aspect,Sextile,Sun,Libra,"9°37'09.02""",Moon,Sagittarius,"9°27'46.20""",60,59.8437,0.1563
2025-10-27 07:15:00,Aspect,Trine,Mars,Libra,"29°42'21.67""",Jupiter,Cancer,"0°31'58.06""",120,119.1732,0.8268
2025-10-27 07:30:00,Aspect,Sextile,Sun,Libra,"9°37'46.44""",Moon,Sagittarius,"9°35'17.01""",60,59.9585,0.0415
2025-10-27 07:30:00,Aspect,Trine,Mars,Libra,"29°42'48.22""",Jupiter,Cancer,"0°31'59.95""",120,119.1801,0.8199
2025-10-27 07:45:00,Aspect,Sextile,Sun,Libra,"9°38'23.85""",Moon,Sagittarius,"9°42'47.86""",60,60.0733,0.0733
2025-10-27 07:45:00,Aspect,Trine,Mars,Libra,"29°43'14.76""",Jupiter,Cancer,"0°32'01.84""",120,119.1869,0.8131
2025-10-27 08:00:00,Aspect,Sextile,Sun,Libra,"9°39'01.26""",Moon,Sagittarius,"9°50'18.78""",60,60.1882,0.1882
2025-10-27 08:00:00,Aspect,Trine,Mars,Libra,"29°43'41.31""",Jupiter,Cancer,"0°32'03.74""",120,119.1938,0.8062
2025-10-27 08:15:00,Aspect,Sextile,Sun,Libra,"9°39'38.68""",Moon,Sagittarius,"9°57'49.74""",60,60.3031,0.3031
2025-10-27 08:15:00,Aspect,Trine,Mars,Libra,"29°44'07.85""",Jupiter,Cancer,"0°32'05.63""",120,119.2006,0.7994
2025-10-27 08:30:00,Aspect,Sextile,Sun,Libra,"9°40'16.09""",Moon,Sagittarius,"10°05'20.77""",60,60.418,0.418
2025-10-27 08:30:00,Aspect,Trine,Mars,Libra,"29°44'34.40""",Jupiter,Cancer,"0°32'07.52""",120,119.2075,0.7925
2025-10-27 08:45:00,Aspect,Sextile,Sun,Libra,"9°40'53.51""",Moon,Sagittarius,"10°12'51.85""",60,60.5329,0.5329
2025-10-27 08:45:00,Aspect,Trine,Mars,Libra,"29°45'00.94""",Jupiter,Cancer,"0°32'09.40""",120,119.2143,0.7857
2025-10-27 09:00:00,Aspect,Sextile,Sun,Libra,"9°41'30.92""",Moon,Sagittarius,"10°20'22.98""",60,60.6478,0.6478
2025-10-27 09:00:00,Aspect,Trine,Mars,Libra,"29°45'27.49""",Jupiter,Cancer,"0°32'11.29""",120,119.2212,0.7788
2025-10-27 09:15:00,Aspect,Sextile,Sun,Libra,"9°42'08.34""",Moon,Sagittarius,"10°27'54.17""",60,60.7627,0.7627
2025-10-27 09:15:00,Aspect,Trine,Mars,Libra,"29°45'54.04""",Jupiter,Cancer,"0°32'13.17""",120,119.228,0.772
2025-10-27 09:30:00,Aspect,Sextile,Sun,Libra,"9°42'45.75""",Moon,Sagittarius,"10°35'25.42""",60,60.8777,0.8777
2025-10-27 09:30:00,Aspect,Trine,Mars,Libra,"29°46'20.58""",Jupiter,Cancer,"0°32'15.06""",120,119.2349,0.7651
2025-10-27 09:45:00,Aspect,Sextile,Sun,Libra,"9°43'23.17""",Moon,Sagittarius,"10°42'56.73""",60,60.9927,0.9927
2025-10-27 09:45:00,Aspect,Trine,Mars,Libra,"29°46'47.13""",Jupiter,Cancer,"0°32'16.94""",120,119.2417,0.7583
2025-10-27 10:00:00,Aspect,Trine,Mars,Libra,"29°47'13.68""",Jupiter,Cancer,"0°32'18.82""",120,119.2486,0.7514
2025-10-27 10:15:00,Aspect,Trine,Mars,Libra,"29°47'40.23""",Jupiter,Cancer,"0°32'20.70""",120,119.2554,0.7446
2025-10-27 10:30:00,Aspect,Trine,Mars,Libra,"29°48'06.78""",Jupiter,Cancer,"0°32'22.58""",120,119.2623,0.7377
2025-10-27 10:45:00,Aspect,Trine,Mars,Libra,"29°48'33.33""",Jupiter,Cancer,"0°32'24.46""",120,119.2691,0.7309
2025-10-27 11:00:00,Aspect,Trine,Mars,Libra,"29°48'59.88""",Jupiter,Cancer,"0°32'26.34""",120,119.276,0.724
2025-10-27 11:15:00,Aspect,Trine,Mars,Libra,"29°49'26.43""",Jupiter,Cancer,"0°32'28.21""",120,119.2828,0.7172
2025-10-27 11:30:00,Aspect,Trine,Mars,Libra,"29°49'52.98""",Jupiter,Cancer,"0°32'30.09""",120,119.2897,0.7103
2025-10-27 11:45:00,Aspect,Trine,Mars,Libra,"29°50'19.53""",Jupiter,Cancer,"0°32'31.96""",120,119.2965,0.7035
2025-10-27 12:00:00,Aspect,Trine,Mars,Libra,"29°50'46.08""",Jupiter,Cancer,"0°32'33.83""",120,119.3034,0.6966
2025-10-27 12:15:00,Aspect,Trine,Mars,Libra,"29°51'12.63""",Jupiter,Cancer,"0°32'35.70""",120,119.3103,0.6897
2025-10-27 12:30:00,Aspect,Trine,Mars,Libra,"29°51'39.18""",Jupiter,Cancer,"0°32'37.57""",120,119.3171,0.6829
2025-10-27 12:45:00,Aspect,Trine,Mars,Libra,"29°52'05.74""",Jupiter,Cancer,"0°32'39.44""",120,119.324,0.676
2025-10-27 13:00:00,Aspect,Trine,Mars,Libra,"29°52'32.29""",Jupiter,Cancer,"0°32'41.31""",120,119.3308,0.6692
2025-10-27 13:15:00,Aspect,Trine,Mars,Libra,"29°52'58.84""",Jupiter,Cancer,"0°32'43.18""",120,119.3377,0.6623
2025-10-27 13:30:00,Aspect,Trine,Mars,Libra,"29°53'25.40""",Jupiter,Cancer,"0°32'45.04""",120,119.3445,0.6555
2025-10-27 13:45:00,Aspect,Trine,Mars,Libra,"29°53'51.95""",Jupiter,Cancer,"0°32'46.90""",120,119.3514,0.6486
2025-10-27 14:00:00,Aspect,Trine,Mars,Libra,"29°54'18.50""",Jupiter,Cancer,"0°32'48.77""",120,119.3583,0.6417
2025-10-27 14:15:00,Aspect,Trine,Mars,Libra,"29°54'45.06""",Jupiter,Cancer,"0°32'50.63""",120,119.3651,0.6349
2025-10-27 14:30:00,Aspect,Trine,Mars,Libra,"29°55'11.61""",Jupiter,Cancer,"0°32'52.49""",120,119.372,0.628
2025-10-27 14:45:00,Aspect,Trine,Mars,Libra,"29°55'38.17""",Jupiter,Cancer,"0°32'54.35""",120,119.3788,0.6212
2025-10-27 15:00:00,Aspect,Trine,Mars,Libra,"29°56'04.73""",Jupiter,Cancer,"0°32'56.20""",120,119.3857,0.6143
2025-10-27 15:15:00,Aspect,Trine,Mars,Libra,"29°56'31.28""",Jupiter,Cancer,"0°32'58.06""",120,119.3926,0.6074
2025-10-27 15:30:00,Aspect,Trine,Mars,Libra,"29°56'57.84""",Jupiter,Cancer,"0°32'59.91""",120,119.3994,0.6006
2025-10-27 15:45:00,Aspect,Trine,Mars,Libra,"29°57'24.40""",Jupiter,Cancer,"0°33'01.77""",120,119.4063,0.5937
2025-10-27 16:00:00,Aspect,Trine,Mars,Libra,"29°57'50.95""",Jupiter,Cancer,"0°33'03.62""",120,119.4131,0.5869
2025-10-27 16:15:00,Aspect,Trine,Mars,Libra,"29°58'17.51""",Jupiter,Cancer,"0°33'05.47""",120,119.42,0.58
2025-10-27 16:30:00,Aspect,Trine,Mars,Libra,"29°58'44.07""",Jupiter,Cancer,"0°33'07.32""",120,119.4269,0.5731
2025-10-27 16:45:00,Aspect,Trine,Mars,Libra,"29°59'10.63""",Jupiter,Cancer,"0°33'09.17""",120,119.4337,0.5663
2025-10-27 17:00:00,Aspect,Trine,Mars,Libra,"29°59'37.19""",Jupiter,Cancer,"0°33'11.02""",120,119.4406,0.5594
2025-10-27 17:15:00,Aspect,Trine,Mars,Scorpio,"0°00'03.75""",Jupiter,Cancer,"0°33'12.87""",120,119.4475,0.5525
2025-10-27 17:30:00,Aspect,Trine,Mars,Scorpio,"0°00'30.31""",Jupiter,Cancer,"0°33'14.71""",120,119.4543,0.5457
2025-10-27 17:45:00,Aspect,Trine,Mars,Scorpio,"0°00'56.87""",Jupiter,Cancer,"0°33'16.56""",120,119.4612,0.5388
2025-10-27 18:00:00,Aspect,Trine,Mars,Scorpio,"0°01'23.43""",Jupiter,Cancer,"0°33'18.40""",120,119.4681,0.5319
2025-10-27 18:15:00,Aspect,Trine,Mars,Scorpio,"0°01'49.99""",Jupiter,Cancer,"0°33'20.24""",120,119.4749,0.5251
2025-10-27 18:30:00,Aspect,Trine,Mars,Scorpio,"0°02'16.55""",Jupiter,Cancer,"0°33'22.08""",120,119.4818,0.5182
2025-10-27 18:45:00,Aspect,Trine,Mars,Scorpio,"0°02'43.11""",Jupiter,Cancer,"0°33'23.92""",120,119.4887,0.5113
2025-10-27 19:00:00,Aspect,Trine,Mars,Scorpio,"0°03'09.67""",Jupiter,Cancer,"0°33'25.76""",120,119.4955,0.5045
2025-10-27 19:15:00,Aspect,Trine,Mars,Scorpio,"0°03'36.24""",Jupiter,Cancer,"0°33'27.59""",120,119.5024,0.4976
2025-10-27 19:30:00,Aspect,Trine,Mars,Scorpio,"0°04'02.80""",Jupiter,Cancer,"0°33'29.43""",120,119.5093,0.4907
2025-10-27 19:45:00,Aspect,Trine,Mars,Scorpio,"0°04'29.36""",Jupiter,Cancer,"0°33'31.26""",120,119.5161,0.4839
2025-10-27 20:00:00,Aspect,Trine,Mars,Scorpio,"0°04'55.93""",Jupiter,Cancer,"0°33'33.10""",120,119.523,0.477
2025-10-27 20:15:00,Aspect,Trine,Mars,Scorpio,"0°05'22.49""",Jupiter,Cancer,"0°33'34.93""",120,119.5299,0.4701
2025-10-27 20:30:00,Aspect,Trine,Mars,Scorpio,"0°05'49.06""",Jupiter,Cancer,"0°33'36.76""",120,119.5367,0.4633
2025-10-27 20:45:00,Aspect,Trine,Mars,Scorpio,"0°06'15.62""",Jupiter,Cancer,"0°33'38.59""",120,119.5436,0.4564
2025-10-27 21:00:00,Aspect,Trine,Mars,Scorpio,"0°06'42.19""",Jupiter,Cancer,"0°33'40.42""",120,119.5505,0.4495
2025-10-27 21:15:00,Aspect,Trine,Mars,Scorpio,"0°07'08.75""",Jupiter,Cancer,"0°33'42.25""",120,119.5574,0.4426
2025-10-27 21:30:00,Aspect,Trine,Mars,Scorpio,"0°07'35.32""",Jupiter,Cancer,"0°33'44.07""",120,119.5642,0.4358
2025-10-27 21:45:00,Aspect,Trine,Mars,Scorpio,"0°08'01.88""",Jupiter,Cancer,"0°33'45.90""",120,119.5711,0.4289
2025-10-27 22:00:00,Aspect,Trine,Mars,Scorpio,"0°08'28.45""",Jupiter,Cancer,"0°33'47.72""",120,119.578,0.422
2025-10-27 22:15:00,Aspect,Trine,Mars,Scorpio,"0°08'55.02""",Jupiter,Cancer,"0°33'49.54""",120,119.5849,0.4151
2025-10-27 22:30:00,Aspect,Trine,Mars,Scorpio,"0°09'21.59""",Jupiter,Cancer,"0°33'51.36""",120,119.5917,0.4083
2025-10-27 22:45:00,Aspect,Trine,Mars,Scorpio,"0°09'48.15""",Jupiter,Cancer,"0°33'53.18""",120,119.5986,0.4014
2025-10-27 23:00:00,Aspect,Trine,Mars,Scorpio,"0°10'14.72""",Jupiter,Cancer,"0°33'55.00""",120,119.6055,0.3945
2025-10-27 23:15:00,Aspect,Trine,Mars,Scorpio,"0°10'41.29""",Jupiter,Cancer,"0°33'56.82""",120,119.6124,0.3876
2025-10-27 23:30:00,Aspect,Trine,Mars,Scorpio,"0°11'07.86""",Jupiter,Cancer,"0°33'58.63""",120,119.6192,0.3808
2025-10-27 23:45:00,Aspect,Trine,Mars,Scorpio,"0°11'34.43""",Jupiter,Cancer,"0°34'00.45""",120,119.6261,0.3739
2025-10-28 00:00:00,Aspect,Trine,Mars,Scorpio,"0°12'01.00""",Jupiter,Cancer,"0°34'02.26""",120,119.633,0.367
2025-10-28 00:15:00,Aspect,Trine,Mars,Scorpio,"0°12'27.57""",Jupiter,Cancer,"0°34'04.08""",120,119.6399,0.3601
2025-10-28 00:30:00,Aspect,Trine,Mars,Scorpio,"0°12'54.14""",Jupiter,Cancer,"0°34'05.89""",120,119.6467,0.3533
2025-10-28 00:45:00,Aspect,Trine,Mars,Scorpio,"0°13'20.71""",Jupiter,Cancer,"0°34'07.70""",120,119.6536,0.3464
2025-10-28 01:00:00,Aspect,Trine,Mars,Scorpio,"0°13'47.28""",Jupiter,Cancer,"0°34'09.51""",120,119.6605,0.3395
2025-10-28 01:15:00,Aspect,Trine,Mars,Scorpio,"0°14'13.86""",Jupiter,Cancer,"0°34'11.31""",120,119.6674,0.3326
2025-10-28 01:30:00,Aspect,Trine,Mars,Scorpio,"0°14'40.43""",Jupiter,Cancer,"0°34'13.12""",120,119.6743,0.3257
2025-10-28 01:45:00,Aspect,Trine,Mars,Scorpio,"0°15'07.00""",Jupiter,Cancer,"0°34'14.92""",120,119.6811,0.3189
2025-10-28 02:00:00,Aspect,Trine,Mars,Scorpio,"0°15'33.57""",Jupiter,Cancer,"0°34'16.73""",120,119.688,0.312
2025-10-28 02:15:00,Aspect,Trine,Mars,Scorpio,"0°16'00.15""",Jupiter,Cancer,"0°34'18.53""",120,119.6949,0.3051
2025-10-28 02:30:00,Aspect,Trine,Mars,Scorpio,"0°16'26.72""",Jupiter,Cancer,"0°34'20.33""",120,119.7018,0.2982
2025-10-28 02:45:00,Aspect,Trine,Mars,Scorpio,"0°16'53.29""",Jupiter,Cancer,"0°34'22.13""",120,119.7087,0.2913
2025-10-28 03:00:00,Aspect,Trine,Mars,Scorpio,"0°17'19.87""",Jupiter,Cancer,"0°34'23.93""",120,119.7155,0.2845
2025-10-28 03:15:00,Aspect,Trine,Mars,Scorpio,"0°17'46.44""",Jupiter,Cancer,"0°34'25.73""",120,119.7224,0.2776
2025-10-28 03:30:00,Aspect,Trine,Mars,Scorpio,"0°18'13.02""",Jupiter,Cancer,"0°34'27.53""",120,119.7293,0.2707
2025-10-28 03:45:00,Aspect,Trine,Mars,Scorpio,"0°18'39.60""",Jupiter,Cancer,"0°34'29.32""",120,119.7362,0.2638
2025-10-28 04:00:00,Aspect,Trine,Mars,Scorpio,"0°19'06.17""",Jupiter,Cancer,"0°34'31.12""",120,119.7431,0.2569
2025-10-28 04:15:00,Aspect,Trine,Mars,Scorpio,"0°19'32.75""",Jupiter,Cancer,"0°34'32.91""",120,119.75,0.25
2025-10-28 04:30:00,Aspect,Trine,Mars,Scorpio,"0°19'59.33""",Jupiter,Cancer,"0°34'34.70""",120,119.7568,0.2432
2025-10-28 04:45:00,Aspect,Trine,Mars,Scorpio,"0°20'25.90""",Jupiter,Cancer,"0°34'36.49""",120,119.7637,0.2363
2025-10-28 05:00:00,Aspect,Sextile,Moon,Sagittarius,"20°25'19.82""",Rahu,Aquarius,"21°23'52.09""",60,60.9756,0.9756
2025-10-28 05:00:00,Aspect,Trine,Moon,Sagittarius,"20°25'19.82""",Ketu,Leo,"21°23'52.09""",120,119.0244,0.9756
2025-10-28 05:00:00,Aspect,Trine,Mars,Scorpio,"0°20'52.48""",Jupiter,Cancer,"0°34'38.28""",120,119.7706,0.2294
2025-10-28 05:15:00,Aspect,Sextile,Moon,Sagittarius,"20°32'56.41""",Rahu,Aquarius,"21°23'50.10""",60,60.8482,0.8482
2025-10-28 05:15:00,Aspect,Trine,Moon,Sagittarius,"20°32'56.41""",Ketu,Leo,"21°23'50.10""",120,119.1518,0.8482
2025-10-28 05:15:00,Aspect,Trine,Mars,Scorpio,"0°21'19.06""",Jupiter,Cancer,"0°34'40.07""",120,119.7775,0.2225
2025-10-28 05:30:00,Aspect,Sextile,Moon,Sagittarius,"20°40'33.08""",Rahu,Aquarius,"21°23'48.11""",60,60.7208,0.7208
2025-10-28 05:30:00,Aspect,Trine,Moon,Sagittarius,"20°40'33.08""",Ketu,Leo,"21°23'48.11""",120,119.2792,0.7208
2025-10-28 05:30:00,Aspect,Trine,Mars,Scorpio,"0°21'45.64""",Jupiter,Cancer,"0°34'41.86""",120,119.7844,0.2156
2025-10-28 05:45:00,Aspect,Sextile,Moon,Sagittarius,"20°48'09.83""",Rahu,Aquarius,"21°23'46.13""",60,60.5934,0.5934
2025-10-28 05:45:00,Aspect,Trine,Moon,Sagittarius,"20°48'09.83""",Ketu,Leo,"21°23'46.13""",120,119.4066,0.5934
2025-10-28 05:45:00,Aspect,Trine,Mars,Scorpio,"0°22'12.22""",Jupiter,Cancer,"0°34'43.64""",120,119.7913,0.2087
2025-10-28 06:00:00,Aspect,Sextile,Moon,Sagittarius,"20°55'46.67""",Rahu,Aquarius,"21°23'44.14""",60,60.466,0.466
2025-10-28 06:00:00,Aspect,Trine,Moon,Sagittarius,"20°55'46.67""",Ketu,Leo,"21°23'44.14""",120,119.534,0.466
2025-10-28 06:00:00,Aspect,Trine,Mars,Scorpio,"0°22'38.80""",Jupiter,Cancer,"0°34'45.43""",120,119.7982,0.2018
2025-10-28 06:15:00,Aspect,Sextile,Moon,Sagittarius,"21°03'23.58""",Rahu,Aquarius,"21°23'42.15""",60,60.3385,0.3385
2025-10-28 06:15:00,Aspect,Trine,Moon,Sagittarius,"21°03'23.58""",Ketu,Leo,"21°23'42.15""",120,119.6615,0.3385
2025-10-28 06:15:00,Aspect,Trine,Mars,Scorpio,"0°23'05.37""",Jupiter,Cancer,"0°34'47.21""",120,119.805,0.195
2025-10-28 06:30:00,Aspect,Sextile,Moon,Sagittarius,"21°11'00.57""",Rahu,Aquarius,"21°23'40.16""",60,60.211,0.211
2025-10-28 06:30:00,Aspect,Trine,Moon,Sagittarius,"21°11'00.57""",Ketu,Leo,"21°23'40.16""",120,119.789,0.211
2025-10-28 06:30:00,Aspect,Trine,Mars,Scorpio,"0°23'31.95""",Jupiter,Cancer,"0°34'48.99""",120,119.8119,0.1881
2025-10-28 06:45:00,Aspect,Sextile,Moon,Sagittarius,"21°18'37.64""",Rahu,Aquarius,"21°23'38.18""",60,60.0835,0.0835
2025-10-28 06:45:00,Aspect,Trine,Moon,Sagittarius,"21°18'37.64""",Ketu,Leo,"21°23'38.18""",120,119.9165,0.0835
2025-10-28 06:45:00,Aspect,Trine,Mars,Scorpio,"0°23'58.54""",Jupiter,Cancer,"0°34'50.77""",120,119.8188,0.1812
2025-10-28 07:00:00,Aspect,Sextile,Moon,Sagittarius,"21°26'14.79""",Rahu,Aquarius,"21°23'36.19""",60,59.9559,0.0441
2025-10-28 07:00:00,Aspect,Trine,Moon,Sagittarius,"21°26'14.79""",Ketu,Leo,"21°23'36.19""",120,120.0441,0.0441
2025-10-28 07:00:00,Aspect,Trine,Mars,Scorpio,"0°24'25.12""",Jupiter,Cancer,"0°34'52.55""",120,119.8257,0.1743
2025-10-28 07:15:00,Aspect,Sextile,Moon,Sagittarius,"21°33'52.03""",Rahu,Aquarius,"21°23'34.20""",60,59.8284,0.1716
2025-10-28 07:15:00,Aspect,Trine,Moon,Sagittarius,"21°33'52.03""",Ketu,Leo,"21°23'34.20""",120,120.1716,0.1716
2025-10-28 07:15:00,Aspect,Trine,Mars,Scorpio,"0°24'51.70""",Jupiter,Cancer,"0°34'54.33""",120,119.8326,0.1674
2025-10-28 07:30:00,Aspect,Sextile,Moon,Sagittarius,"21°41'29.34""",Rahu,Aquarius,"21°23'32.21""",60,59.7008,0.2992
2025-10-28 07:30:00,Aspect,Trine,Moon,Sagittarius,"21°41'29.34""",Ketu,Leo,"21°23'32.21""",120,120.2992,0.2992
2025-10-28 07:30:00,Aspect,Trine,Mars,Scorpio,"0°25'18.28""",Jupiter,Cancer,"0°34'56.11""",120,119.8395,0.1605
2025-10-28 07:45:00,Aspect,Sextile,Moon,Sagittarius,"21°49'06.74""",Rahu,Aquarius,"21°23'30.23""",60,59.5732,0.4268
2025-10-28 07:45:00,Aspect,Trine,Moon,Sagittarius,"21°49'06.74""",Ketu,Leo,"21°23'30.23""",120,120.4268,0.4268
2025-10-28 07:45:00,Aspect,Trine,Mars,Scorpio,"0°25'44.86""",Jupiter,Cancer,"0°34'57.88""",120,119.8464,0.1536
2025-10-28 08:00:00,Aspect,Sextile,Moon,Sagittarius,"21°56'44.22""",Rahu,Aquarius,"21°23'28.24""",60,59.4456,0.5544
2025-10-28 08:00:00,Aspect,Trine,Moon,Sagittarius,"21°56'44.22""",Ketu,Leo,"21°23'28.24""",120,120.5544,0.5544
2025-10-28 08:00:00,Aspect,Trine,Mars,Scorpio,"0°26'11.44""",Jupiter,Cancer,"0°34'59.66""",120,119.8533,0.1467
2025-10-28 08:15:00,Aspect,Sextile,Moon,Sagittarius,"22°04'21.78""",Rahu,Aquarius,"21°23'26.25""",60,59.3179,0.6821
2025-10-28 08:15:00,Aspect,Trine,Moon,Sagittarius,"22°04'21.78""",Ketu,Leo,"21°23'26.25""",120,120.6821,0.6821
2025-10-28 08:15:00,Aspect,Trine,Mars,Scorpio,"0°26'38.03""",Jupiter,Cancer,"0°35'01.43""",120,119.8602,0.1398
2025-10-28 08:30:00,Aspect,Sextile,Moon,Sagittarius,"22°11'59.42""",Rahu,Aquarius,"21°23'24.27""",60,59.1902,0.8098
2025-10-28 08:30:00,Aspect,Trine,Moon,Sagittarius,"22°11'59.42""",Ketu,Leo,"21°23'24.27""",120,120.8098,0.8098
2025-10-28 08:30:00,Aspect,Trine,Mars,Scorpio,"0°27'04.61""",Jupiter,Cancer,"0°35'03.20""",120,119.8671,0.1329
2025-10-28 08:45:00,Aspect,Sextile,Moon,Sagittarius,"22°19'37.15""",Rahu,Aquarius,"21°23'22.28""",60,59.0625,0.9375
2025-10-28 08:45:00,Aspect,Trine,Moon,Sagittarius,"22°19'37.15""",Ketu,Leo,"21°23'22.28""",120,120.9375,0.9375
2025-10-28 08:45:00,Aspect,Trine,Mars,Scorpio,"0°27'31.19""",Jupiter,Cancer,"0°35'04.97""",120,119.8739,0.1261
2025-10-28 09:00:00,Aspect,Square,Moon,Sagittarius,"22°27'14.96""",Venus,Virgo,"23°27'11.65""",90,89.0009,0.9991
2025-10-28 09:00:00,Aspect,Trine,Mars,Scorpio,"0°27'57.78""",Jupiter,Cancer,"0°35'06.74""",120,119.8808,0.1192
2025-10-28 09:15:00,Aspect,Square,Moon,Sagittarius,"22°34'52.85""",Venus,Virgo,"23°27'58.47""",90,89.1151,0.8849
2025-10-28 09:15:00,Aspect,Trine,Mars,Scorpio,"0°28'24.36""",Jupiter,Cancer,"0°35'08.51""",120,119.8877,0.1123
2025-10-28 09:30:00,Aspect,Square,Moon,Sagittarius,"22°42'30.83""",Venus,Virgo,"23°28'45.28""",90,89.2293,0.7707
2025-10-28 09:30:00,Aspect,Trine,Mars,Scorpio,"0°28'50.95""",Jupiter,Cancer,"0°35'10.28""",120,119.8946,0.1054
2025-10-28 09:45:00,Aspect,Square,Moon,Sagittarius,"22°50'08.89""",Venus,Virgo,"23°29'32.09""",90,89.3436,0.6564
2025-10-28 09:45:00,Aspect,Trine,Mars,Scorpio,"0°29'17.53""",Jupiter,Cancer,"0°35'12.05""",120,119.9015,0.0985
2025-10-28 10:00:00,Aspect,Square,Moon,Sagittarius,"22°57'47.04""",Venus,Virgo,"23°30'18.91""",90,89.4578,0.5422
2025-10-28 10:00:00,Aspect,Trine,Mars,Scorpio,"0°29'44.12""",Jupiter,Cancer,"0°35'13.81""",120,119.9084,0.0916
2025-10-28 10:15:00,Aspect,Square,Moon,Sagittarius,"23°05'25.27""",Venus,Virgo,"23°31'05.72""",90,89.5721,0.4279
2025-10-28 10:15:00,Aspect,Trine,Mars,Scorpio,"0°30'10.70""",Jupiter,Cancer,"0°35'15.58""",120,119.9153,0.0847
2025-10-28 10:30:00,Aspect,Square,Moon,Sagittarius,"23°13'03.58""",Venus,Virgo,"23°31'52.53""",90,89.6864,0.3136
2025-10-28 10:30:00,Aspect,Trine,Mars,Scorpio,"0°30'37.29""",Jupiter,Cancer,"0°35'17.34""",120,119.9222,0.0778
2025-10-28 10:45:00,Aspect,Square,Moon,Sagittarius,"23°20'41.98""",Venus,Virgo,"23°32'39.35""",90,89.8007,0.1993
2025-10-28 10:45:00,Aspect,Trine,Mars,Scorpio,"0°31'03.87""",Jupiter,Cancer,"0°35'19.10""",120,119.9291,0.0709
2025-10-28 11:00:00,Aspect,Square,Moon,Sagittarius,"23°28'20.47""",Venus,Virgo,"23°33'26.16""",90,89.9151,0.0849
2025-10-28 11:00:00,Aspect,Trine,Mars,Scorpio,"0°31'30.46""",Jupiter,Cancer,"0°35'20.86""",120,119.936,0.064
2025-10-28 11:15:00,Aspect,Square,Moon,Sagittarius,"23°35'59.04""",Venus,Virgo,"23°34'12.98""",90,90.0295,0.0295
2025-10-28 11:15:00,Aspect,Trine,Mars,Scorpio,"0°31'57.05""",Jupiter,Cancer,"0°35'22.62""",120,119.9429,0.0571
2025-10-28 11:30:00,Aspect,Square,Moon,Sagittarius,"23°43'37.69""",Venus,Virgo,"23°34'59.79""",90,90.1439,0.1439
2025-10-28 11:30:00,Aspect,Trine,Mars,Scorpio,"0°32'23.64""",Jupiter,Cancer,"0°35'24.38""",120,119.9498,0.0502
2025-10-28 11:45:00,Aspect,Square,Moon,Sagittarius,"23°51'16.44""",Venus,Virgo,"23°35'46.60""",90,90.2583,0.2583
2025-10-28 11:45:00,Aspect,Trine,Mars,Scorpio,"0°32'50.22""",Jupiter,Cancer,"0°35'26.13""",120,119.9567,0.0433
2025-10-28 12:00:00,Aspect,Square,Moon,Sagittarius,"23°58'55.27""",Venus,Virgo,"23°36'33.42""",90,90.3727,0.3727
2025-10-28 12:00:00,Aspect,Trine,Mars,Scorpio,"0°33'16.81""",Jupiter,Cancer,"0°35'27.89""",120,119.9636,0.0364
2025-10-28 12:15:00,Aspect,Square,Moon,Sagittarius,"24°06'34.18""",Venus,Virgo,"23°37'20.23""",90,90.4872,0.4872
2025-10-28 12:15:00,Aspect,Trine,Mars,Scorpio,"0°33'43.40""",Jupiter,Cancer,"0°35'29.64""",120,119.9705,0.0295
2025-10-28 12:30:00,Aspect,Square,Moon,Sagittarius,"24°14'13.19""",Venus,Virgo,"23°38'07.05""",90,90.6017,0.6017
2025-10-28 12:30:00,Aspect,Trine,Mars,Scorpio,"0°34'09.99""",Jupiter,Cancer,"0°35'31.39""",120,119.9774,0.0226
2025-10-28 12:45:00,Aspect,Square,Moon,Sagittarius,"24°21'52.28""",Venus,Virgo,"23°38'53.86""",90,90.7162,0.7162
2025-10-28 12:45:00,Aspect,Trine,Mars,Scorpio,"0°34'36.58""",Jupiter,Cancer,"0°35'33.15""",120,119.9843,0.0157
2025-10-28 13:00:00,Aspect,Square,Moon,Sagittarius,"24°29'31.46""",Venus,Virgo,"23°39'40.68""",90,90.8308,0.8308
2025-10-28 13:00:00,Aspect,Trine,Mars,Scorpio,"0°35'03.17""",Jupiter,Cancer,"0°35'34.90""",120,119.9912,0.0088
2025-10-28 13:15:00,Aspect,Square,Moon,Sagittarius,"24°37'10.73""",Venus,Virgo,"23°40'27.49""",90,90.9453,0.9453
2025-10-28 13:15:00,Aspect,Trine,Mars,Scorpio,"0°35'29.76""",Jupiter,Cancer,"0°35'36.65""",120,119.9981,0.0019
2025-10-28 13:30:00,Aspect,Trine,Mars,Scorpio,"0°35'56.35""",Jupiter,Cancer,"0°35'38.39""",120,120.005,0.005
2025-10-28 13:45:00,Aspect,Trine,Mars,Scorpio,"0°36'22.94""",Jupiter,Cancer,"0°35'40.14""",120,120.0119,0.0119
2025-10-28 14:00:00,Aspect,Trine,Mars,Scorpio,"0°36'49.54""",Jupiter,Cancer,"0°35'41.89""",120,120.0188,0.0188
2025-10-28 14:15:00,Aspect,Trine,Mars,Scorpio,"0°37'16.13""",Jupiter,Cancer,"0°35'43.63""",120,120.0257,0.0257
2025-10-28 14:30:00,Aspect,Trine,Mars,Scorpio,"0°37'42.72""",Jupiter,Cancer,"0°35'45.37""",120,120.0326,0.0326
2025-10-28 14:45:00,Aspect,Trine,Mars,Scorpio,"0°38'09.31""",Jupiter,Cancer,"0°35'47.11""",120,120.0395,0.0395
2025-10-28 15:00:00,Aspect,Trine,Mars,Scorpio,"0°38'35.91""",Jupiter,Cancer,"0°35'48.85""",120,120.0464,0.0464
2025-10-28 15:15:00,Aspect,Trine,Mars,Scorpio,"0°39'02.50""",Jupiter,Cancer,"0°35'50.59""",120,120.0533,0.0533
2025-10-28 15:30:00,Aspect,Trine,Mars,Scorpio,"0°39'29.09""",Jupiter,Cancer,"0°35'52.33""",120,120.0602,0.0602
2025-10-28 15:45:00,Aspect,Trine,Mars,Scorpio,"0°39'55.69""",Jupiter,Cancer,"0°35'54.07""",120,120.0671,0.0671
2025-10-28 16:00:00,Aspect,Trine,Mars,Scorpio,"0°40'22.28""",Jupiter,Cancer,"0°35'55.80""",120,120.074,0.074
2025-10-28 16:15:00,Aspect,Trine,Mars,Scorpio,"0°40'48.88""",Jupiter,Cancer,"0°35'57.54""",120,120.0809,0.0809
2025-10-28 16:30:00,Aspect,Trine,Mars,Scorpio,"0°41'15.47""",Jupiter,Cancer,"0°35'59.27""",120,120.0878,0.0878
2025-10-28 16:45:00,Aspect,Trine,Mars,Scorpio,"0°41'42.07""",Jupiter,Cancer,"0°36'01.00""",120,120.0947,0.0947
2025-10-28 17:00:00,Aspect,Trine,Mars,Scorpio,"0°42'08.67""",Jupiter,Cancer,"0°36'02.73""",120,120.1016,0.1016
2025-10-28 17:15:00,Aspect,Trine,Mars,Scorpio,"0°42'35.26""",Jupiter,Cancer,"0°36'04.46""",120,120.1086,0.1086
2025-10-28 17:30:00,Aspect,Trine,Mars,Scorpio,"0°43'01.86""",Jupiter,Cancer,"0°36'06.19""",120,120.1155,0.1155
2025-10-28 17:45:00,Aspect,Trine,Mars,Scorpio,"0°43'28.46""",Jupiter,Cancer,"0°36'07.92""",120,120.1224,0.1224
2025-10-28 18:00:00,Aspect,Trine,Mars,Scorpio,"0°43'55.05""",Jupiter,Cancer,"0°36'09.65""",120,120.1293,0.1293
2025-10-28 18:15:00,Aspect,Trine,Mars,Scorpio,"0°44'21.65""",Jupiter,Cancer,"0°36'11.37""",120,120.1362,0.1362
2025-10-28 18:30:00,Aspect,Trine,Mars,Scorpio,"0°44'48.25""",Jupiter,Cancer,"0°36'13.09""",120,120.1431,0.1431
2025-10-28 18:30:00,Aspect,Trine,Mars,Scorpio,"0°44'48.25""",Saturn,Pisces,"1°44'46.92""",120,120.9996,0.9996
2025-10-28 18:45:00,Aspect,Trine,Mars,Scorpio,"0°45'14.85""",Jupiter,Cancer,"0°36'14.82""",120,120.15,0.15
2025-10-28 18:45:00,Aspect,Trine,Mars,Scorpio,"0°45'14.85""",Saturn,Pisces,"1°44'45.02""",120,120.9917,0.9917
2025-10-28 19:00:00,Aspect,Trine,Mars,Scorpio,"0°45'41.45""",Jupiter,Cancer,"0°36'16.54""",120,120.1569,0.1569
2025-10-28 19:00:00,Aspect,Trine,Mars,Scorpio,"0°45'41.45""",Saturn,Pisces,"1°44'43.13""",120,120.9838,0.9838
2025-10-28 19:15:00,Aspect,Trine,Mars,Scorpio,"0°46'08.05""",Jupiter,Cancer,"0°36'18.26""",120,120.1638,0.1638
2025-10-28 19:15:00,Aspect,Trine,Mars,Scorpio,"0°46'08.05""",Saturn,Pisces,"1°44'41.24""",120,120.9759,0.9759
2025-10-28 19:30:00,Aspect,Trine,Mars,Scorpio,"0°46'34.65""",Jupiter,Cancer,"0°36'19.98""",120,120.1707,0.1707
2025-10-28 19:30:00,Aspect,Trine,Mars,Scorpio,"0°46'34.65""",Saturn,Pisces,"1°44'39.35""",120,120.968,0.968
2025-10-28 19:45:00,Aspect,Trine,Mars,Scorpio,"0°47'01.25""",Jupiter,Cancer,"0°36'21.69""",120,120.1777,0.1777
2025-10-28 19:45:00,Aspect,Trine,Mars,Scorpio,"0°47'01.25""",Saturn,Pisces,"1°44'37.47""",120,120.9601,0.9601
2025-10-28 20:00:00,Aspect,Trine,Mars,Scorpio,"0°47'27.85""",Jupiter,Cancer,"0°36'23.41""",120,120.1846,0.1846
2025-10-28 20:00:00,Aspect,Trine,Mars,Scorpio,"0°47'27.85""",Saturn,Pisces,"1°44'35.58""",120,120.9521,0.9521
2025-10-28 20:15:00,Aspect,Trine,Mars,Scorpio,"0°47'54.45""",Jupiter,Cancer,"0°36'25.12""",120,120.1915,0.1915
2025-10-28 20:15:00,Aspect,Trine,Mars,Scorpio,"0°47'54.45""",Saturn,Pisces,"1°44'33.69""",120,120.9442,0.9442
2025-10-28 20:30:00,Aspect,Trine,Mars,Scorpio,"0°48'21.05""",Jupiter,Cancer,"0°36'26.84""",120,120.1984,0.1984
2025-10-28 20:30:00,Aspect,Trine,Mars,Scorpio,"0°48'21.05""",Saturn,Pisces,"1°44'31.80""",120,120.9363,0.9363
2025-10-28 20:45:00,Aspect,Trine,Mars,Scorpio,"0°48'47.66""",Jupiter,Cancer,"0°36'28.55""",120,120.2053,0.2053
2025-10-28 20:45:00,Aspect,Trine,Mars,Scorpio,"0°48'47.66""",Saturn,Pisces,"1°44'29.92""",120,120.9284,0.9284
2025-10-28 21:00:00,Aspect,Trine,Mars,Scorpio,"0°49'14.26""",Jupiter,Cancer,"0°36'30.26""",120,120.2122,0.2122
2025-10-28 21:00:00,Aspect,Trine,Mars,Scorpio,"0°49'14.26""",Saturn,Pisces,"1°44'28.03""",120,120.9205,0.9205
2025-10-28 21:15:00,Aspect,Trine,Mars,Scorpio,"0°49'40.86""",Jupiter,Cancer,"0°36'31.97""",120,120.2191,0.2191
2025-10-28 21:15:00,Aspect,Trine,Mars,Scorpio,"0°49'40.86""",Saturn,Pisces,"1°44'26.14""",120,120.9126,0.9126
2025-10-28 21:30:00,Aspect,Trine,Mars,Scorpio,"0°50'07.47""",Jupiter,Cancer,"0°36'33.68""",120,120.2261,0.2261
2025-10-28 21:30:00,Aspect,Trine,Mars,Scorpio,"0°50'07.47""",Saturn,Pisces,"1°44'24.26""",120,120.9047,0.9047
2025-10-28 21:45:00,Aspect,Trine,Mars,Scorpio,"0°50'34.07""",Jupiter,Cancer,"0°36'35.39""",120,120.233,0.233
2025-10-28 21:45:00,Aspect,Trine,Mars,Scorpio,"0°50'34.07""",Saturn,Pisces,"1°44'22.37""",120,120.8968,0.8968
2025-10-28 22:00:00,Aspect,Trine,Mars,Scorpio,"0°51'00.67""",Jupiter,Cancer,"0°36'37.09""",120,120.2399,0.2399
2025-10-28 22:00:00,Aspect,Trine,Mars,Scorpio,"0°51'00.67""",Saturn,Pisces,"1°44'20.49""",120,120.8888,0.8888
2025-10-28 22:15:00,Aspect,Trine,Mars,Scorpio,"0°51'27.28""",Jupiter,Cancer,"0°36'38.80""",120,120.2468,0.2468
2025-10-28 22:15:00,Aspect,Trine,Mars,Scorpio,"0°51'27.28""",Saturn,Pisces,"1°44'18.61""",120,120.8809,0.8809
2025-10-28 22:30:00,Aspect,Trine,Mars,Scorpio,"0°51'53.88""",Jupiter,Cancer,"0°36'40.50""",120,120.2537,0.2537
2025-10-28 22:30:00,Aspect,Trine,Mars,Scorpio,"0°51'53.88""",Saturn,Pisces,"1°44'16.72""",120,120.873,0.873
2025-10-28 22:45:00,Aspect,Trine,Mars,Scorpio,"0°52'20.49""",Jupiter,Cancer,"0°36'42.21""",120,120.2606,0.2606
2025-10-28 22:45:00,Aspect,Trine,Mars,Scorpio,"0°52'20.49""",Saturn,Pisces,"1°44'14.84""",120,120.8651,0.8651
2025-10-28 23:00:00,Aspect,Opposition,Moon,Sagittarius,"29°36'54.20""",Jupiter,Cancer,"0°36'43.91""",180,179.0029,0.9971
2025-10-28 23:00:00,Aspect,Trine,Mars,Scorpio,"0°52'47.09""",Jupiter,Cancer,"0°36'43.91""",120,120.2676,0.2676
2025-10-28 23:00:00,Aspect,Trine,Mars,Scorpio,"0°52'47.09""",Saturn,Pisces,"1°44'12.96""",120,120.8572,0.8572
2025-10-28 23:15:00,Aspect,Opposition,Moon,Sagittarius,"29°44'37.24""",Jupiter,Cancer,"0°36'45.61""",180,179.131,0.869
2025-10-28 23:15:00,Aspect,Trine,Mars,Scorpio,"0°53'13.70""",Jupiter,Cancer,"0°36'45.61""",120,120.2745,0.2745
2025-10-28 23:15:00,Aspect,Trine,Mars,Scorpio,"0°53'13.70""",Saturn,Pisces,"1°44'11.08""",120,120.8493,0.8493
2025-10-28 23:30:00,Aspect,Opposition,Moon,Sagittarius,"29°52'20.39""",Jupiter,Cancer,"0°36'47.31""",180,179.2592,0.7408
2025-10-28 23:30:00,Aspect,Trine,Mars,Scorpio,"0°53'40.30""",Jupiter,Cancer,"0°36'47.31""",120,120.2814,0.2814
2025-10-28 23:30:00,Aspect,Trine,Mars,Scorpio,"0°53'40.30""",Saturn,Pisces,"1°44'09.20""",120,120.8414,0.8414
2025-10-28 23:45:00,Aspect,Sextile,Moon,Capricorn,"0°00'03.64""",Mars,Scorpio,"0°54'06.91""",60,59.0991,0.9009
2025-10-28 23:45:00,Aspect,Opposition,Moon,Capricorn,"0°00'03.64""",Jupiter,Cancer,"0°36'49.00""",180,179.3874,0.6126
2025-10-28 23:45:00,Aspect,Trine,Mars,Scorpio,"0°54'06.91""",Jupiter,Cancer,"0°36'49.00""",120,120.2883,0.2883
2025-10-28 23:45:00,Aspect,Trine,Mars,Scorpio,"0°54'06.91""",Saturn,Pisces,"1°44'07.32""",120,120.8334,0.8334
2025-10-29 00:00:00,Aspect,Sextile,Moon,Capricorn,"0°07'46.98""",Mars,Scorpio,"0°54'33.52""",60,59.2204,0.7796
2025-10-29 00:00:00,Aspect,Opposition,Moon,Capricorn,"0°07'46.98""",Jupiter,Cancer,"0°36'50.70""",180,179.5156,0.4844
2025-10-29 00:00:00,Aspect,Trine,Mars,Scorpio,"0°54'33.52""",Jupiter,Cancer,"0°36'50.70""",120,120.2952,0.2952
2025-10-29 00:00:00,Aspect,Trine,Mars,Scorpio,"0°54'33.52""",Saturn,Pisces,"1°44'05.44""",120,120.8255,0.8255
2025-10-29 00:15:00,Aspect,Sextile,Moon,Capricorn,"0°15'30.43""",Mars,Scorpio,"0°55'00.13""",60,59.3418,0.6582
2025-10-29 00:15:00,Aspect,Opposition,Moon,Capricorn,"0°15'30.43""",Jupiter,Cancer,"0°36'52.40""",180,179.6439,0.3561
2025-10-29 00:15:00,Aspect,Trine,Mars,Scorpio,"0°55'00.13""",Jupiter,Cancer,"0°36'52.40""",120,120.3021,0.3021
2025-10-29 00:15:00,Aspect,Trine,Mars,Scorpio,"0°55'00.13""",Saturn,Pisces,"1°44'03.56""",120,120.8176,0.8176
2025-10-29 00:30:00,Aspect,Sextile,Moon,Capricorn,"0°23'13.98""",Mars,Scorpio,"0°55'26.73""",60,59.4631,0.5369
2025-10-29 00:30:00,Aspect,Opposition,Moon,Capricorn,"0°23'13.98""",Jupiter,Cancer,"0°36'54.09""",180,179.7722,0.2278
2025-10-29 00:30:00,Aspect,Trine,Mars,Scorpio,"0°55'26.73""",Jupiter,Cancer,"0°36'54.09""",120,120.3091,0.3091
2025-10-29 00:30:00,Aspect,Trine,Mars,Scorpio,"0°55'26.73""",Saturn,Pisces,"1°44'01.68""",120,120.8097,0.8097
2025-10-29 00:45:00,Aspect,Sextile,Moon,Capricorn,"0°30'57.63""",Mars,Scorpio,"0°55'53.34""",60,59.5845,0.4155
2025-10-29 00:45:00,Aspect,Opposition,Moon,Capricorn,"0°30'57.63""",Jupiter,Cancer,"0°36'55.78""",180,179.9005,0.0995
2025-10-29 00:45:00,Aspect,Trine,Mars,Scorpio,"0°55'53.34""",Jupiter,Cancer,"0°36'55.78""",120,120.316,0.316
2025-10-29 00:45:00,Aspect,Trine,Mars,Scorpio,"0°55'53.34""",Saturn,Pisces,"1°43'59.80""",120,120.8018,0.8018
2025-10-29 01:00:00,Aspect,Sextile,Moon,Capricorn,"0°38'41.39""",Mars,Scorpio,"0°56'19.95""",60,59.706,0.294
2025-10-29 01:00:00,Aspect,Opposition,Moon,Capricorn,"0°38'41.39""",Jupiter,Cancer,"0°36'57.47""",180,179.9711,0.0289
2025-10-29 01:00:00,Aspect,Trine,Mars,Scorpio,"0°56'19.95""",Jupiter,Cancer,"0°36'57.47""",120,120.3229,0.3229
2025-10-29 01:00:00,Aspect,Trine,Mars,Scorpio,"0°56'19.95""",Saturn,Pisces,"1°43'57.93""",120,120.7939,0.7939
2025-10-29 01:15:00,Aspect,Sextile,Moon,Capricorn,"0°46'25.25""",Mars,Scorpio,"0°56'46.56""",60,59.8274,0.1726
2025-10-29 01:15:00,Aspect,Opposition,Moon,Capricorn,"0°46'25.25""",Jupiter,Cancer,"0°36'59.16""",180,179.8428,0.1572
2025-10-29 01:15:00,Aspect,Sextile,Moon,Capricorn,"0°46'25.25""",Saturn,Pisces,"1°43'56.05""",60,60.9586,0.9586
2025-10-29 01:15:00,Aspect,Trine,Mars,Scorpio,"0°56'46.56""",Jupiter,Cancer,"0°36'59.16""",120,120.3298,0.3298
2025-10-29 01:15:00,Aspect,Trine,Mars,Scorpio,"0°56'46.56""",Saturn,Pisces,"1°43'56.05""",120,120.786,0.786
2025-10-29 01:30:00,Aspect,Sextile,Moon,Capricorn,"0°54'09.21""",Mars,Scorpio,"0°57'13.17""",60,59.9489,0.0511
2025-10-29 01:30:00,Aspect,Opposition,Moon,Capricorn,"0°54'09.21""",Jupiter,Cancer,"0°37'00.85""",180,179.7143,0.2857
2025-10-29 01:30:00,Aspect,Sextile,Moon,Capricorn,"0°54'09.21""",Saturn,Pisces,"1°43'54.17""",60,60.8292,0.8292
2025-10-29 01:30:00,Aspect,Trine,Mars,Scorpio,"0°57'13.17""",Jupiter,Cancer,"0°37'00.85""",120,120.3368,0.3368
2025-10-29 01:30:00,Aspect,Trine,Mars,Scorpio,"0°57'13.17""",Saturn,Pisces,"1°43'54.17""",120,120.7781,0.7781
2025-10-29 01:45:00,Aspect,Sextile,Moon,Capricorn,"1°01'53.27""",Mars,Scorpio,"0°57'39.78""",60,60.0704,0.0704
2025-10-29 01:45:00,Aspect,Opposition,Moon,Capricorn,"1°01'53.27""",Jupiter,Cancer,"0°37'02.54""",180,179.5859,0.4141
2025-10-29 01:45:00,Aspect,Sextile,Moon,Capricorn,"1°01'53.27""",Saturn,Pisces,"1°43'52.30""",60,60.6997,0.6997
2025-10-29 01:45:00,Aspect,Trine,Mars,Scorpio,"0°57'39.78""",Jupiter,Cancer,"0°37'02.54""",120,120.3437,0.3437
2025-10-29 01:45:00,Aspect,Trine,Mars,Scorpio,"0°57'39.78""",Saturn,Pisces,"1°43'52.30""",120,120.7701,0.7701
2025-10-29 02:00:00,Aspect,Sextile,Moon,Capricorn,"1°09'37.44""",Mars,Scorpio,"0°58'06.39""",60,60.192,0.192
2025-10-29 02:00:00,Aspect,Opposition,Moon,Capricorn,"1°09'37.44""",Jupiter,Cancer,"0°37'04.23""",180,179.4574,0.5426
2025-10-29 02:00:00,Aspect,Sextile,Moon,Capricorn,"1°09'37.44""",Saturn,Pisces,"1°43'50.42""",60,60.5703,0.5703
2025-10-29 02:00:00,Aspect,Trine,Mars,Scorpio,"0°58'06.39""",Jupiter,Cancer,"0°37'04.23""",120,120.3506,0.3506
2025-10-29 02:00:00,Aspect,Trine,Mars,Scorpio,"0°58'06.39""",Saturn,Pisces,"1°43'50.42""",120,120.7622,0.7622
2025-10-29 02:15:00,Aspect,Sextile,Moon,Capricorn,"1°17'21.72""",Mars,Scorpio,"0°58'33.00""",60,60.3135,0.3135
2025-10-29 02:15:00,Aspect,Opposition,Moon,Capricorn,"1°17'21.72""",Jupiter,Cancer,"0°37'05.91""",180,179.3289,0.6711
2025-10-29 02:15:00,Aspect,Sextile,Moon,Capricorn,"1°17'21.72""",Saturn,Pisces,"1°43'48.55""",60,60.4408,0.4408
2025-10-29 02:15:00,Aspect,Trine,Mars,Scorpio,"0°58'33.00""",Jupiter,Cancer,"0°37'05.91""",120,120.3575,0.3575
2025-10-29 02:15:00,Aspect,Trine,Mars,Scorpio,"0°58'33.00""",Saturn,Pisces,"1°43'48.55""",120,120.7543,0.7543
2025-10-29 02:30:00,Aspect,Sextile,Moon,Capricorn,"1°25'06.09""",Mars,Scorpio,"0°58'59.61""",60,60.4351,0.4351
2025-10-29 02:30:00,Aspect,Opposition,Moon,Capricorn,"1°25'06.09""",Jupiter,Cancer,"0°37'07.60""",180,179.2004,0.7996
2025-10-29 02:30:00,Aspect,Sextile,Moon,Capricorn,"1°25'06.09""",Saturn,Pisces,"1°43'46.67""",60,60.3113,0.3113
2025-10-29 02:30:00,Aspect,Trine,Mars,Scorpio,"0°58'59.61""",Jupiter,Cancer,"0°37'07.60""",120,120.3644,0.3644
2025-10-29 02:30:00,Aspect,Trine,Mars,Scorpio,"0°58'59.61""",Saturn,Pisces,"1°43'46.67""",120,120.7464,0.7464
2025-10-29 02:45:00,Aspect,Sextile,Moon,Capricorn,"1°32'50.57""",Mars,Scorpio,"0°59'26.22""",60,60.5568,0.5568
2025-10-29 02:45:00,Aspect,Opposition,Moon,Capricorn,"1°32'50.57""",Jupiter,Cancer,"0°37'09.28""",180,179.0719,0.9281
2025-10-29 02:45:00,Aspect,Sextile,Moon,Capricorn,"1°32'50.57""",Saturn,Pisces,"1°43'44.80""",60,60.1817,0.1817
2025-10-29 02:45:00,Aspect,Trine,Mars,Scorpio,"0°59'26.22""",Jupiter,Cancer,"0°37'09.28""",120,120.3714,0.3714
2025-10-29 02:45:00,Aspect,Trine,Mars,Scorpio,"0°59'26.22""",Saturn,Pisces,"1°43'44.80""",120,120.7385,0.7385
2025-10-29 03:00:00,Aspect,Sextile,Moon,Capricorn,"1°40'35.16""",Mars,Scorpio,"0°59'52.83""",60,60.6784,0.6784
2025-10-29 03:00:00,Aspect,Sextile,Moon,Capricorn,"1°40'35.16""",Saturn,Pisces,"1°43'42.93""",60,60.0522,0.0522
2025-10-29 03:00:00,Aspect,Trine,Mars,Scorpio,"0°59'52.83""",Jupiter,Cancer,"0°37'10.96""",120,120.3783,0.3783
2025-10-29 03:00:00,Aspect,Trine,Mars,Scorpio,"0°59'52.83""",Saturn,Pisces,"1°43'42.93""",120,120.7306,0.7306
2025-10-29 03:15:00,Aspect,Sextile,Moon,Capricorn,"1°48'19.85""",Mars,Scorpio,"1°00'19.45""",60,60.8001,0.8001
2025-10-29 03:15:00,Aspect,Sextile,Moon,Capricorn,"1°48'19.85""",Saturn,Pisces,"1°43'41.05""",60,59.9226,0.0774
2025-10-29 03:15:00,Aspect,Trine,Mars,Scorpio,"1°00'19.45""",Jupiter,Cancer,"0°37'12.64""",120,120.3852,0.3852
2025-10-29 03:15:00,Aspect,Trine,Mars,Scorpio,"1°00'19.45""",Saturn,Pisces,"1°43'41.05""",120,120.7227,0.7227
2025-10-29 03:30:00,Aspect,Sextile,Moon,Capricorn,"1°56'04.65""",Mars,Scorpio,"1°00'46.06""",60,60.9218,0.9218
2025-10-29 03:30:00,Aspect,Sextile,Moon,Capricorn,"1°56'04.65""",Saturn,Pisces,"1°43'39.18""",60,59.7929,0.2071
2025-10-29 03:30:00,Aspect,Trine,Mars,Scorpio,"1°00'46.06""",Jupiter,Cancer,"0°37'14.32""",120,120.3921,0.3921
2025-10-29 03:30:00,Aspect,Trine,Mars,Scorpio,"1°00'46.06""",Saturn,Pisces,"1°43'39.18""",120,120.7148,0.7148
2025-10-29 03:45:00,Aspect,Sextile,Moon,Capricorn,"2°03'49.55""",Saturn,Pisces,"1°43'37.31""",60,59.6633,0.3367
2025-10-29 03:45:00,Aspect,Trine,Mars,Scorpio,"1°01'12.67""",Jupiter,Cancer,"0°37'16.00""",120,120.3991,0.3991
2025-10-29 03:45:00,Aspect,Trine,Mars,Scorpio,"1°01'12.67""",Saturn,Pisces,"1°43'37.31""",120,120.7068,0.7068
2025-10-29 04:00:00,Aspect,Sextile,Moon,Capricorn,"2°11'34.56""",Saturn,Pisces,"1°43'35.44""",60,59.5336,0.4664
2025-10-29 04:00:00,Aspect,Trine,Mars,Scorpio,"1°01'39.28""",Jupiter,Cancer,"0°37'17.68""",120,120.406,0.406
2025-10-29 04:00:00,Aspect,Trine,Mars,Scorpio,"1°01'39.28""",Saturn,Pisces,"1°43'35.44""",120,120.6989,0.6989
2025-10-29 04:15:00,Aspect,Sextile,Moon,Capricorn,"2°19'19.68""",Saturn,Pisces,"1°43'33.57""",60,59.4039,0.5961
2025-10-29 04:15:00,Aspect,Trine,Mars,Scorpio,"1°02'05.90""",Jupiter,Cancer,"0°37'19.35""",120,120.4129,0.4129
2025-10-29 04:15:00,Aspect,Trine,Mars,Scorpio,"1°02'05.90""",Saturn,Pisces,"1°43'33.57""",120,120.691,0.691
2025-10-29 04:30:00,Aspect,Sextile,Moon,Capricorn,"2°27'04.90""",Saturn,Pisces,"1°43'31.70""",60,59.2741,0.7259
2025-10-29 04:30:00,Aspect,Trine,Mars,Scorpio,"1°02'32.51""",Jupiter,Cancer,"0°37'21.03""",120,120.4199,0.4199
2025-10-29 04:30:00,Aspect,Trine,Mars,Scorpio,"1°02'32.51""",Saturn,Pisces,"1°43'31.70""",120,120.6831,0.6831
2025-10-29 04:45:00,Aspect,Sextile,Moon,Capricorn,"2°34'50.23""",Saturn,Pisces,"1°43'29.83""",60,59.1443,0.8557
2025-10-29 04:45:00,Aspect,Trine,Mars,Scorpio,"1°02'59.13""",Jupiter,Cancer,"0°37'22.70""",120,120.4268,0.4268
2025-10-29 04:45:00,Aspect,Trine,Mars,Scorpio,"1°02'59.13""",Saturn,Pisces,"1°43'29.83""",120,120.6752,0.6752
2025-10-29 05:00:00,Aspect,Sextile,Moon,Capricorn,"2°42'35.67""",Saturn,Pisces,"1°43'27.96""",60,59.0145,0.9855
2025-10-29 05:00:00,Aspect,Trine,Mars,Scorpio,"1°03'25.74""",Jupiter,Cancer,"0°37'24.37""",120,120.4337,0.4337
2025-10-29 05:00:00,Aspect,Trine,Mars,Scorpio,"1°03'25.74""",Saturn,Pisces,"1°43'27.96""",120,120.6673,0.6673
2025-10-29 05:15:00,Aspect,Trine,Mars,Scorpio,"1°03'52.36""",Jupiter,Cancer,"0°37'26.04""",120,120.4406,0.4406
2025-10-29 05:15:00,Aspect,Trine,Mars,Scorpio,"1°03'52.36""",Saturn,Pisces,"1°43'26.09""",120,120.6594,0.6594
2025-10-29 05:30:00,Aspect,Trine,Mars,Scorpio,"1°04'18.97""",Jupiter,Cancer,"0°37'27.71""",120,120.4476,0.4476
2025-10-29 05:30:00,Aspect,Trine,Mars,Scorpio,"1°04'18.97""",Saturn,Pisces,"1°43'24.22""",120,120.6515,0.6515
2025-10-29 05:45:00,Aspect,Trine,Mars,Scorpio,"1°04'45.59""",Jupiter,Cancer,"0°37'29.38""",120,120.4545,0.4545
2025-10-29 05:45:00,Aspect,Trine,Mars,Scorpio,"1°04'45.59""",Saturn,Pisces,"1°43'22.36""",120,120.6435,0.6435
2025-10-29 06:00:00,Aspect,Trine,Mars,Scorpio,"1°05'12.20""",Jupiter,Cancer,"0°37'31.05""",120,120.4614,0.4614
2025-10-29 06:00:00,Aspect,Trine,Mars,Scorpio,"1°05'12.20""",Saturn,Pisces,"1°43'20.49""",120,120.6356,0.6356
2025-10-29 06:15:00,Aspect,Trine,Mars,Scorpio,"1°05'38.82""",Jupiter,Cancer,"0°37'32.71""",120,120.4684,0.4684
2025-10-29 06:15:00,Aspect,Trine,Mars,Scorpio,"1°05'38.82""",Saturn,Pisces,"1°43'18.62""",120,120.6277,0.6277
2025-10-29 06:30:00,Aspect,Trine,Mars,Scorpio,"1°06'05.44""",Jupiter,Cancer,"0°37'34.38""",120,120.4753,0.4753
2025-10-29 06:30:00,Aspect,Trine,Mars,Scorpio,"1°06'05.44""",Saturn,Pisces,"1°43'16.76""",120,120.6198,0.6198
2025-10-29 06:45:00,Aspect,Trine,Mars,Scorpio,"1°06'32.06""",Jupiter,Cancer,"0°37'36.04""",120,120.4822,0.4822
2025-10-29 06:45:00,Aspect,Trine,Mars,Scorpio,"1°06'32.06""",Saturn,Pisces,"1°43'14.89""",120,120.6119,0.6119
2025-10-29 07:00:00,Aspect,Trine,Mars,Scorpio,"1°06'58.67""",Jupiter,Cancer,"0°37'37.71""",120,120.4892,0.4892
2025-10-29 07:00:00,Aspect,Trine,Mars,Scorpio,"1°06'58.67""",Saturn,Pisces,"1°43'13.03""",120,120.604,0.604
2025-10-29 07:15:00,Aspect,Trine,Mars,Scorpio,"1°07'25.29""",Jupiter,Cancer,"0°37'39.37""",120,120.4961,0.4961
2025-10-29 07:15:00,Aspect,Trine,Mars,Scorpio,"1°07'25.29""",Saturn,Pisces,"1°43'11.16""",120,120.5961,0.5961
2025-10-29 07:30:00,Aspect,Trine,Mars,Scorpio,"1°07'51.91""",Jupiter,Cancer,"0°37'41.03""",120,120.503,0.503
2025-10-29 07:30:00,Aspect,Trine,Mars,Scorpio,"1°07'51.91""",Saturn,Pisces,"1°43'09.30""",120,120.5882,0.5882
2025-10-29 07:45:00,Aspect,Trine,Mars,Scorpio,"1°08'18.53""",Jupiter,Cancer,"0°37'42.68""",120,120.51,0.51
2025-10-29 07:45:00,Aspect,Trine,Mars,Scorpio,"1°08'18.53""",Saturn,Pisces,"1°43'07.44""",120,120.5803,0.5803
2025-10-29 08:00:00,Aspect,Trine,Mars,Scorpio,"1°08'45.15""",Jupiter,Cancer,"0°37'44.34""",120,120.5169,0.5169
2025-10-29 08:00:00,Aspect,Trine,Mars,Scorpio,"1°08'45.15""",Saturn,Pisces,"1°43'05.58""",120,120.5723,0.5723
2025-10-29 08:15:00,Aspect,Sextile,Moon,Capricorn,"4°23'36.28""",Mercury,Scorpio,"5°21'45.39""",60,59.0308,0.9692
2025-10-29 08:15:00,Aspect,Trine,Mars,Scorpio,"1°09'11.77""",Jupiter,Cancer,"0°37'46.00""",120,120.5238,0.5238
2025-10-29 08:15:00,Aspect,Trine,Mars,Scorpio,"1°09'11.77""",Saturn,Pisces,"1°43'03.71""",120,120.5644,0.5644
2025-10-29 08:30:00,Aspect,Sextile,Moon,Capricorn,"4°31'23.25""",Mercury,Scorpio,"5°22'24.24""",60,59.1497,0.8503
2025-10-29 08:30:00,Aspect,Trine,Mars,Scorpio,"1°09'38.39""",Jupiter,Cancer,"0°37'47.65""",120,120.5308,0.5308
2025-10-29 08:30:00,Aspect,Trine,Mars,Scorpio,"1°09'38.39""",Saturn,Pisces,"1°43'01.85""",120,120.5565,0.5565
2025-10-29 08:45:00,Aspect,Sextile,Moon,Capricorn,"4°39'10.34""",Mercury,Scorpio,"5°23'03.07""",60,59.2687,0.7313
2025-10-29 08:45:00,Aspect,Trine,Mars,Scorpio,"1°10'05.01""",Jupiter,Cancer,"0°37'49.31""",120,120.5377,0.5377
2025-10-29 08:45:00,Aspect,Trine,Mars,Scorpio,"1°10'05.01""",Saturn,Pisces,"1°42'59.99""",120,120.5486,0.5486
2025-10-29 09:00:00,Aspect,Sextile,Moon,Capricorn,"4°46'57.54""",Mercury,Scorpio,"5°23'41.89""",60,59.3877,0.6123
2025-10-29 09:00:00,Aspect,Trine,Mars,Scorpio,"1°10'31.63""",Jupiter,Cancer,"0°37'50.96""",120,120.5446,0.5446
2025-10-29 09:00:00,Aspect,Trine,Mars,Scorpio,"1°10'31.63""",Saturn,Pisces,"1°42'58.13""",120,120.5407,0.5407
2025-10-29 09:15:00,Aspect,Sextile,Moon,Capricorn,"4°54'44.85""",Mercury,Scorpio,"5°24'20.68""",60,59.5067,0.4933
2025-10-29 09:15:00,Aspect,Trine,Mars,Scorpio,"1°10'58.25""",Jupiter,Cancer,"0°37'52.61""",120,120.5516,0.5516
2025-10-29 09:15:00,Aspect,Trine,Mars,Scorpio,"1°10'58.25""",Saturn,Pisces,"1°42'56.27""",120,120.5328,0.5328
2025-10-29 09:30:00,Aspect,Sextile,Moon,Capricorn,"5°02'32.27""",Mercury,Scorpio,"5°24'59.47""",60,59.6258,0.3742
2025-10-29 09:30:00,Aspect,Trine,Mars,Scorpio,"1°11'24.87""",Jupiter,Cancer,"0°37'54.26""",120,120.5585,0.5585
2025-10-29 09:30:00,Aspect,Trine,Mars,Scorpio,"1°11'24.87""",Saturn,Pisces,"1°42'54.41""",120,120.5249,0.5249
2025-10-29 09:45:00,Aspect,Sextile,Moon,Capricorn,"5°10'19.81""",Mercury,Scorpio,"5°25'38.23""",60,59.7449,0.2551
2025-10-29 09:45:00,Aspect,Trine,Mars,Scorpio,"1°11'51.50""",Jupiter,Cancer,"0°37'55.91""",120,120.5654,0.5654
2025-10-29 09:45:00,Aspect,Trine,Mars,Scorpio,"1°11'51.50""",Saturn,Pisces,"1°42'52.55""",120,120.517,0.517
2025-10-29 10:00:00,Aspect,Sextile,Moon,Capricorn,"5°18'07.46""",Mercury,Scorpio,"5°26'16.97""",60,59.864,0.136
2025-10-29 10:00:00,Aspect,Trine,Mars,Scorpio,"1°12'18.12""",Jupiter,Cancer,"0°37'57.56""",120,120.5724,0.5724
2025-10-29 10:00:00,Aspect,Trine,Mars,Scorpio,"1°12'18.12""",Saturn,Pisces,"1°42'50.70""",120,120.509,0.509
2025-10-29 10:15:00,Aspect,Sextile,Moon,Capricorn,"5°25'55.23""",Mercury,Scorpio,"5°26'55.70""",60,59.9832,0.0168
2025-10-29 10:15:00,Aspect,Trine,Mars,Scorpio,"1°12'44.74""",Jupiter,Cancer,"0°37'59.20""",120,120.5793,0.5793
2025-10-29 10:15:00,Aspect,Trine,Mars,Scorpio,"1°12'44.74""",Saturn,Pisces,"1°42'48.84""",120,120.5011,0.5011
2025-10-29 10:30:00,Aspect,Sextile,Moon,Capricorn,"5°33'43.11""",Mercury,Scorpio,"5°27'34.41""",60,60.1024,0.1024
2025-10-29 10:30:00,Aspect,Trine,Mars,Scorpio,"1°13'11.36""",Jupiter,Cancer,"0°38'00.85""",120,120.5863,0.5863
2025-10-29 10:30:00,Aspect,Trine,Mars,Scorpio,"1°13'11.36""",Saturn,Pisces,"1°42'46.98""",120,120.4932,0.4932
2025-10-29 10:45:00,Aspect,Sextile,Moon,Capricorn,"5°41'31.10""",Mercury,Scorpio,"5°28'13.11""",60,60.2217,0.2217
2025-10-29 10:45:00,Aspect,Trine,Mars,Scorpio,"1°13'37.99""",Jupiter,Cancer,"0°38'02.49""",120,120.5932,0.5932
2025-10-29 10:45:00,Aspect,Trine,Mars,Scorpio,"1°13'37.99""",Saturn,Pisces,"1°42'45.13""",120,120.4853,0.4853
2025-10-29 11:00:00,Aspect,Sextile,Moon,Capricorn,"5°49'19.21""",Mercury,Scorpio,"5°28'51.78""",60,60.341,0.341
2025-10-29 11:00:00,Aspect,Trine,Mars,Scorpio,"1°14'04.61""",Jupiter,Cancer,"0°38'04.13""",120,120.6001,0.6001
2025-10-29 11:00:00,Aspect,Trine,Mars,Scorpio,"1°14'04.61""",Saturn,Pisces,"1°42'43.27""",120,120.4774,0.4774
2025-10-29 11:15:00,Aspect,Sextile,Moon,Capricorn,"5°57'07.44""",Mercury,Scorpio,"5°29'30.44""",60,60.4603,0.4603
2025-10-29 11:15:00,Aspect,Trine,Mars,Scorpio,"1°14'31.24""",Jupiter,Cancer,"0°38'05.78""",120,120.6071,0.6071
2025-10-29 11:15:00,Aspect,Trine,Mars,Scorpio,"1°14'31.24""",Saturn,Pisces,"1°42'41.41""",120,120.4695,0.4695
2025-10-29 11:30:00,Aspect,Sextile,Moon,Capricorn,"6°04'55.78""",Mercury,Scorpio,"5°30'09.08""",60,60.5796,0.5796
2025-10-29 11:30:00,Aspect,Trine,Mars,Scorpio,"1°14'57.86""",Jupiter,Cancer,"0°38'07.42""",120,120.614,0.614
2025-10-29 11:30:00,Aspect,Trine,Mars,Scorpio,"1°14'57.86""",Saturn,Pisces,"1°42'39.56""",120,120.4616,0.4616
2025-10-29 11:45:00,Aspect,Sextile,Moon,Capricorn,"6°12'44.23""",Mercury,Scorpio,"5°30'47.70""",60,60.699,0.699
2025-10-29 11:45:00,Aspect,Trine,Mars,Scorpio,"1°15'24.49""",Jupiter,Cancer,"0°38'09.05""",120,120.621,0.621
2025-10-29 11:45:00,Aspect,Trine,Mars,Scorpio,"1°15'24.49""",Saturn,Pisces,"1°42'37.71""",120,120.4537,0.4537
2025-10-29 12:00:00,Aspect,Sextile,Moon,Capricorn,"6°20'32.81""",Mercury,Scorpio,"5°31'26.31""",60,60.8185,0.8185
2025-10-29 12:00:00,Aspect,Trine,Mars,Scorpio,"1°15'51.11""",Jupiter,Cancer,"0°38'10.69""",120,120.6279,0.6279
2025-10-29 12:00:00,Aspect,Trine,Mars,Scorpio,"1°15'51.11""",Saturn,Pisces,"1°42'35.85""",120,120.4458,0.4458
2025-10-29 12:15:00,Aspect,Sextile,Moon,Capricorn,"6°28'21.49""",Mercury,Scorpio,"5°32'04.89""",60,60.9379,0.9379
2025-10-29 12:15:00,Aspect,Trine,Mars,Scorpio,"1°16'17.74""",Jupiter,Cancer,"0°38'12.33""",120,120.6348,0.6348
2025-10-29 12:15:00,Aspect,Trine,Mars,Scorpio,"1°16'17.74""",Saturn,Pisces,"1°42'34.00""",120,120.4379,0.4379
2025-10-29 12:30:00,Aspect,Trine,Mars,Scorpio,"1°16'44.36""",Jupiter,Cancer,"0°38'13.96""",120,120.6418,0.6418
2025-10-29 12:30:00,Aspect,Trine,Mars,Scorpio,"1°16'44.36""",Saturn,Pisces,"1°42'32.15""",120,120.4299,0.4299
2025-10-29 12:45:00,Aspect,Trine,Mars,Scorpio,"1°17'10.99""",Jupiter,Cancer,"0°38'15.60""",120,120.6487,0.6487
2025-10-29 12:45:00,Aspect,Trine,Mars,Scorpio,"1°17'10.99""",Saturn,Pisces,"1°42'30.29""",120,120.422,0.422
2025-10-29 13:00:00,Aspect,Trine,Mars,Scorpio,"1°17'37.62""",Jupiter,Cancer,"0°38'17.23""",120,120.6557,0.6557
2025-10-29 13:00:00,Aspect,Trine,Mars,Scorpio,"1°17'37.62""",Saturn,Pisces,"1°42'28.44""",120,120.4141,0.4141
2025-10-29 13:15:00,Aspect,Trine,Mars,Scorpio,"1°18'04.25""",Jupiter,Cancer,"0°38'18.86""",120,120.6626,0.6626
2025-10-29 13:15:00,Aspect,Trine,Mars,Scorpio,"1°18'04.25""",Saturn,Pisces,"1°42'26.59""",120,120.4062,0.4062
2025-10-29 13:30:00,Aspect,Trine,Mars,Scorpio,"1°18'30.87""",Jupiter,Cancer,"0°38'20.49""",120,120.6696,0.6696
2025-10-29 13:30:00,Aspect,Trine,Mars,Scorpio,"1°18'30.87""",Saturn,Pisces,"1°42'24.74""",120,120.3983,0.3983
2025-10-29 13:45:00,Aspect,Trine,Mars,Scorpio,"1°18'57.50""",Jupiter,Cancer,"0°38'22.12""",120,120.6765,0.6765
2025-10-29 13:45:00,Aspect,Trine,Mars,Scorpio,"1°18'57.50""",Saturn,Pisces,"1°42'22.89""",120,120.3904,0.3904
2025-10-29 14:00:00,Aspect,Trine,Mars,Scorpio,"1°19'24.13""",Jupiter,Cancer,"0°38'23.75""",120,120.6834,0.6834
2025-10-29 14:00:00,Aspect,Trine,Mars,Scorpio,"1°19'24.13""",Saturn,Pisces,"1°42'21.04""",120,120.3825,0.3825
2025-10-29 14:15:00,Aspect,Trine,Mars,Scorpio,"1°19'50.76""",Jupiter,Cancer,"0°38'25.38""",120,120.6904,0.6904
2025-10-29 14:15:00,Aspect,Trine,Mars,Scorpio,"1°19'50.76""",Saturn,Pisces,"1°42'19.19""",120,120.3746,0.3746
2025-10-29 14:30:00,Aspect,Trine,Mars,Scorpio,"1°20'17.39""",Jupiter,Cancer,"0°38'27.00""",120,120.6973,0.6973
2025-10-29 14:30:00,Aspect,Trine,Mars,Scorpio,"1°20'17.39""",Saturn,Pisces,"1°42'17.35""",120,120.3667,0.3667
2025-10-29 14:45:00,Aspect,Trine,Mars,Scorpio,"1°20'44.02""",Jupiter,Cancer,"0°38'28.63""",120,120.7043,0.7043
2025-10-29 14:45:00,Aspect,Trine,Mars,Scorpio,"1°20'44.02""",Saturn,Pisces,"1°42'15.50""",120,120.3587,0.3587
2025-10-29 15:00:00,Aspect,Trine,Mars,Scorpio,"1°21'10.65""",Jupiter,Cancer,"0°38'30.25""",120,120.7112,0.7112
2025-10-29 15:00:00,Aspect,Trine,Mars,Scorpio,"1°21'10.65""",Saturn,Pisces,"1°42'13.65""",120,120.3508,0.3508
2025-10-29 15:15:00,Aspect,Trine,Mars,Scorpio,"1°21'37.28""",Jupiter,Cancer,"0°38'31.87""",120,120.7182,0.7182
2025-10-29 15:15:00,Aspect,Trine,Mars,Scorpio,"1°21'37.28""",Saturn,Pisces,"1°42'11.80""",120,120.3429,0.3429
2025-10-29 15:30:00,Aspect,Trine,Mars,Scorpio,"1°22'03.91""",Jupiter,Cancer,"0°38'33.49""",120,120.7251,0.7251
2025-10-29 15:30:00,Aspect,Trine,Mars,Scorpio,"1°22'03.91""",Saturn,Pisces,"1°42'09.96""",120,120.335,0.335
2025-10-29 15:45:00,Aspect,Trine,Mars,Scorpio,"1°22'30.54""",Jupiter,Cancer,"0°38'35.11""",120,120.7321,0.7321
2025-10-29 15:45:00,Aspect,Trine,Mars,Scorpio,"1°22'30.54""",Saturn,Pisces,"1°42'08.11""",120,120.3271,0.3271
2025-10-29 16:00:00,Aspect,Trine,Mars,Scorpio,"1°22'57.17""",Jupiter,Cancer,"0°38'36.73""",120,120.739,0.739
2025-10-29 16:00:00,Aspect,Trine,Mars,Scorpio,"1°22'57.17""",Saturn,Pisces,"1°42'06.27""",120,120.3192,0.3192
2025-10-29 16:15:00,Aspect,Trine,Mars,Scorpio,"1°23'23.81""",Jupiter,Cancer,"0°38'38.34""",120,120.746,0.746
2025-10-29 16:15:00,Aspect,Trine,Mars,Scorpio,"1°23'23.81""",Saturn,Pisces,"1°42'04.42""",120,120.3113,0.3113
2025-10-29 16:30:00,Aspect,Trine,Mars,Scorpio,"1°23'50.44""",Jupiter,Cancer,"0°38'39.96""",120,120.7529,0.7529
2025-10-29 16:30:00,Aspect,Trine,Mars,Scorpio,"1°23'50.44""",Saturn,Pisces,"1°42'02.58""",120,120.3034,0.3034
2025-10-29 16:45:00,Aspect,Trine,Mars,Scorpio,"1°24'17.07""",Jupiter,Cancer,"0°38'41.57""",120,120.7599,0.7599
2025-10-29 16:45:00,Aspect,Trine,Mars,Scorpio,"1°24'17.07""",Saturn,Pisces,"1°42'00.74""",120,120.2955,0.2955
2025-10-29 17:00:00,Aspect,Trine,Mars,Scorpio,"1°24'43.70""",Jupiter,Cancer,"0°38'43.19""",120,120.7668,0.7668
2025-10-29 17:00:00,Aspect,Trine,Mars,Scorpio,"1°24'43.70""",Saturn,Pisces,"1°41'58.89""",120,120.2876,0.2876
2025-10-29 17:15:00,Aspect,Trine,Mars,Scorpio,"1°25'10.34""",Jupiter,Cancer,"0°38'44.80""",120,120.7738,0.7738
2025-10-29 17:15:00,Aspect,Trine,Mars,Scorpio,"1°25'10.34""",Saturn,Pisces,"1°41'57.05""",120,120.2796,0.2796
2025-10-29 17:30:00,Aspect,Trine,Mars,Scorpio,"1°25'36.97""",Jupiter,Cancer,"0°38'46.41""",120,120.7807,0.7807
2025-10-29 17:30:00,Aspect,Trine,Mars,Scorpio,"1°25'36.97""",Saturn,Pisces,"1°41'55.21""",120,120.2717,0.2717
2025-10-29 17:45:00,Aspect,Trine,Mars,Scorpio,"1°26'03.61""",Jupiter,Cancer,"0°38'48.02""",120,120.7877,0.7877
2025-10-29 17:45:00,Aspect,Trine,Mars,Scorpio,"1°26'03.61""",Saturn,Pisces,"1°41'53.37""",120,120.2638,0.2638
2025-10-29 18:00:00,Aspect,Trine,Mars,Scorpio,"1°26'30.24""",Jupiter,Cancer,"0°38'49.63""",120,120.7946,0.7946
2025-10-29 18:00:00,Aspect,Trine,Mars,Scorpio,"1°26'30.24""",Saturn,Pisces,"1°41'51.53""",120,120.2559,0.2559
2025-10-29 18:15:00,Aspect,Trine,Mars,Scorpio,"1°26'56.88""",Jupiter,Cancer,"0°38'51.23""",120,120.8016,0.8016
2025-10-29 18:15:00,Aspect,Trine,Mars,Scorpio,"1°26'56.88""",Saturn,Pisces,"1°41'49.69""",120,120.248,0.248
2025-10-29 18:30:00,Aspect,Trine,Mars,Scorpio,"1°27'23.51""",Jupiter,Cancer,"0°38'52.84""",120,120.8085,0.8085
2025-10-29 18:30:00,Aspect,Trine,Mars,Scorpio,"1°27'23.51""",Saturn,Pisces,"1°41'47.85""",120,120.2401,0.2401
2025-10-29 18:45:00,Aspect,Trine,Mars,Scorpio,"1°27'50.15""",Jupiter,Cancer,"0°38'54.45""",120,120.8155,0.8155
2025-10-29 18:45:00,Aspect,Trine,Mars,Scorpio,"1°27'50.15""",Saturn,Pisces,"1°41'46.01""",120,120.2322,0.2322
2025-10-29 19:00:00,Aspect,Trine,Mars,Scorpio,"1°28'16.78""",Jupiter,Cancer,"0°38'56.05""",120,120.8224,0.8224
2025-10-29 19:00:00,Aspect,Trine,Mars,Scorpio,"1°28'16.78""",Saturn,Pisces,"1°41'44.17""",120,120.2243,0.2243
2025-10-29 19:15:00,Aspect,Trine,Mars,Scorpio,"1°28'43.42""",Jupiter,Cancer,"0°38'57.65""",120,120.8294,0.8294
2025-10-29 19:15:00,Aspect,Trine,Mars,Scorpio,"1°28'43.42""",Saturn,Pisces,"1°41'42.33""",120,120.2164,0.2164
2025-10-29 19:30:00,Aspect,Trine,Mars,Scorpio,"1°29'10.06""",Jupiter,Cancer,"0°38'59.25""",120,120.8363,0.8363
2025-10-29 19:30:00,Aspect,Trine,Mars,Scorpio,"1°29'10.06""",Saturn,Pisces,"1°41'40.50""",120,120.2085,0.2085
2025-10-29 19:45:00,Aspect,Trine,Mars,Scorpio,"1°29'36.70""",Jupiter,Cancer,"0°39'00.85""",120,120.8433,0.8433
2025-10-29 19:45:00,Aspect,Trine,Mars,Scorpio,"1°29'36.70""",Saturn,Pisces,"1°41'38.66""",120,120.2005,0.2005
2025-10-29 20:00:00,Aspect,Trine,Mars,Scorpio,"1°30'03.33""",Jupiter,Cancer,"0°39'02.45""",120,120.8502,0.8502
2025-10-29 20:00:00,Aspect,Trine,Mars,Scorpio,"1°30'03.33""",Saturn,Pisces,"1°41'36.82""",120,120.1926,0.1926
2025-10-29 20:15:00,Aspect,Trine,Mars,Scorpio,"1°30'29.97""",Jupiter,Cancer,"0°39'04.05""",120,120.8572,0.8572
2025-10-29 20:15:00,Aspect,Trine,Mars,Scorpio,"1°30'29.97""",Saturn,Pisces,"1°41'34.99""",120,120.1847,0.1847
2025-10-29 20:30:00,Aspect,Trine,Mars,Scorpio,"1°30'56.61""",Jupiter,Cancer,"0°39'05.64""",120,120.8642,0.8642
2025-10-29 20:30:00,Aspect,Trine,Mars,Scorpio,"1°30'56.61""",Saturn,Pisces,"1°41'33.15""",120,120.1768,0.1768
2025-10-29 20:45:00,Aspect,Trine,Mars,Scorpio,"1°31'23.25""",Jupiter,Cancer,"0°39'07.24""",120,120.8711,0.8711
2025-10-29 20:45:00,Aspect,Trine,Mars,Scorpio,"1°31'23.25""",Saturn,Pisces,"1°41'31.32""",120,120.1689,0.1689
2025-10-29 21:00:00,Aspect,Trine,Mars,Scorpio,"1°31'49.89""",Jupiter,Cancer,"0°39'08.83""",120,120.8781,0.8781
2025-10-29 21:00:00,Aspect,Trine,Mars,Scorpio,"1°31'49.89""",Saturn,Pisces,"1°41'29.48""",120,120.161,0.161
2025-10-29 21:15:00,Aspect,Trine,Mars,Scorpio,"1°32'16.53""",Jupiter,Cancer,"0°39'10.42""",120,120.885,0.885
2025-10-29 21:15:00,Aspect,Trine,Mars,Scorpio,"1°32'16.53""",Saturn,Pisces,"1°41'27.65""",120,120.1531,0.1531
2025-10-29 21:30:00,Aspect,Square,Sun,Libra,"12°12'30.60""",Moon,Capricorn,"11°18'47.67""",90,89.1047,0.8953
2025-10-29 21:30:00,Aspect,Trine,Mars,Scorpio,"1°32'43.17""",Jupiter,Cancer,"0°39'12.01""",120,120.892,0.892
2025-10-29 21:30:00,Aspect,Trine,Mars,Scorpio,"1°32'43.17""",Saturn,Pisces,"1°41'25.82""",120,120.1452,0.1452
2025-10-29 21:45:00,Aspect,Square,Sun,Libra,"12°13'08.06""",Moon,Capricorn,"11°26'41.01""",90,89.2258,0.7742
2025-10-29 21:45:00,Aspect,Trine,Mars,Scorpio,"1°33'09.81""",Jupiter,Cancer,"0°39'13.60""",120,120.8989,0.8989
2025-10-29 21:45:00,Aspect,Trine,Mars,Scorpio,"1°33'09.81""",Saturn,Pisces,"1°41'23.98""",120,120.1373,0.1373
2025-10-29 22:00:00,Aspect,Square,Sun,Libra,"12°13'45.52""",Moon,Capricorn,"11°34'34.48""",90,89.3469,0.6531
2025-10-29 22:00:00,Aspect,Trine,Mars,Scorpio,"1°33'36.45""",Jupiter,Cancer,"0°39'15.19""",120,120.9059,0.9059
2025-10-29 22:00:00,Aspect,Trine,Mars,Scorpio,"1°33'36.45""",Saturn,Pisces,"1°41'22.15""",120,120.1294,0.1294
2025-10-29 22:15:00,Aspect,Square,Sun,Libra,"12°14'22.98""",Moon,Capricorn,"11°42'28.08""",90,89.4681,0.5319
2025-10-29 22:15:00,Aspect,Trine,Mars,Scorpio,"1°34'03.09""",Jupiter,Cancer,"0°39'16.78""",120,120.9129,0.9129
2025-10-29 22:15:00,Aspect,Trine,Mars,Scorpio,"1°34'03.09""",Saturn,Pisces,"1°41'20.32""",120,120.1215,0.1215
2025-10-29 22:30:00,Aspect,Square,Sun,Libra,"12°15'00.44""",Moon,Capricorn,"11°50'21.81""",90,89.5893,0.4107
2025-10-29 22:30:00,Aspect,Trine,Mars,Scorpio,"1°34'29.73""",Jupiter,Cancer,"0°39'18.37""",120,120.9198,0.9198
2025-10-29 22:30:00,Aspect,Trine,Mars,Scorpio,"1°34'29.73""",Saturn,Pisces,"1°41'18.49""",120,120.1135,0.1135
2025-10-29 22:45:00,Aspect,Square,Sun,Libra,"12°15'37.89""",Moon,Capricorn,"11°58'15.67""",90,89.7105,0.2895
2025-10-29 22:45:00,Aspect,Trine,Mars,Scorpio,"1°34'56.38""",Jupiter,Cancer,"0°39'19.95""",120,120.9268,0.9268
2025-10-29 22:45:00,Aspect,Trine,Mars,Scorpio,"1°34'56.38""",Saturn,Pisces,"1°41'16.66""",120,120.1056,0.1056
2025-10-29 23:00:00,Aspect,Square,Sun,Libra,"12°16'15.35""",Moon,Capricorn,"12°06'09.66""",90,89.8318,0.1682
2025-10-29 23:00:00,Aspect,Trine,Mars,Scorpio,"1°35'23.02""",Jupiter,Cancer,"0°39'21.53""",120,120.9337,0.9337
2025-10-29 23:00:00,Aspect,Trine,Mars,Scorpio,"1°35'23.02""",Saturn,Pisces,"1°41'14.83""",120,120.0977,0.0977
2025-10-29 23:15:00,Aspect,Square,Sun,Libra,"12°16'52.81""",Moon,Capricorn,"12°14'03.78""",90,89.953,0.047
2025-10-29 23:15:00,Aspect,Trine,Mars,Scorpio,"1°35'49.66""",Jupiter,Cancer,"0°39'23.12""",120,120.9407,0.9407
2025-10-29 23:15:00,Aspect,Trine,Mars,Scorpio,"1°35'49.66""",Saturn,Pisces,"1°41'13.00""",120,120.0898,0.0898
2025-10-29 23:30:00,Aspect,Square,Sun,Libra,"12°17'30.27""",Moon,Capricorn,"12°21'58.03""",90,90.0744,0.0744
2025-10-29 23:30:00,Aspect,Trine,Mars,Scorpio,"1°36'16.30""",Jupiter,Cancer,"0°39'24.70""",120,120.9477,0.9477
2025-10-29 23:30:00,Aspect,Trine,Mars,Scorpio,"1°36'16.30""",Saturn,Pisces,"1°41'11.17""",120,120.0819,0.0819
2025-10-29 23:45:00,Aspect,Square,Sun,Libra,"12°18'07.73""",Moon,Capricorn,"12°29'52.41""",90,90.1957,0.1957
2025-10-29 23:45:00,Aspect,Trine,Mars,Scorpio,"1°36'42.95""",Jupiter,Cancer,"0°39'26.28""",120,120.9546,0.9546
2025-10-29 23:45:00,Aspect,Trine,Mars,Scorpio,"1°36'42.95""",Saturn,Pisces,"1°41'09.34""",120,120.074,0.074
2025-10-30 00:00:00,Aspect,Square,Sun,Libra,"12°18'45.19""",Moon,Capricorn,"12°37'46.92""",90,90.3171,0.3171
2025-10-30 00:00:00,Aspect,Trine,Mars,Scorpio,"1°37'09.59""",Jupiter,Cancer,"0°39'27.86""",120,120.9616,0.9616
2025-10-30 00:00:00,Aspect,Trine,Mars,Scorpio,"1°37'09.59""",Saturn,Pisces,"1°41'07.52""",120,120.0661,0.0661
2025-10-30 00:15:00,Aspect,Square,Sun,Libra,"12°19'22.65""",Moon,Capricorn,"12°45'41.56""",90,90.4386,0.4386
2025-10-30 00:15:00,Aspect,Trine,Mars,Scorpio,"1°37'36.24""",Jupiter,Cancer,"0°39'29.43""",120,120.9686,0.9686
2025-10-30 00:15:00,Aspect,Trine,Mars,Scorpio,"1°37'36.24""",Saturn,Pisces,"1°41'05.69""",120,120.0582,0.0582
2025-10-30 00:30:00,Aspect,Square,Sun,Libra,"12°20'00.11""",Moon,Capricorn,"12°53'36.33""",90,90.5601,0.5601
2025-10-30 00:30:00,Aspect,Trine,Mars,Scorpio,"1°38'02.88""",Jupiter,Cancer,"0°39'31.01""",120,120.9755,0.9755
2025-10-30 00:30:00,Aspect,Trine,Mars,Scorpio,"1°38'02.88""",Saturn,Pisces,"1°41'03.86""",120,120.0503,0.0503
2025-10-30 00:45:00,Aspect,Square,Sun,Libra,"12°20'37.57""",Moon,Capricorn,"13°01'31.24""",90,90.6816,0.6816
2025-10-30 00:45:00,Aspect,Trine,Mars,Scorpio,"1°38'29.53""",Jupiter,Cancer,"0°39'32.58""",120,120.9825,0.9825
2025-10-30 00:45:00,Aspect,Trine,Mars,Scorpio,"1°38'29.53""",Saturn,Pisces,"1°41'02.04""",120,120.0424,0.0424
2025-10-30 01:00:00,Aspect,Square,Sun,Libra,"12°21'15.03""",Moon,Capricorn,"13°09'26.28""",90,90.8031,0.8031
2025-10-30 01:00:00,Aspect,Trine,Mars,Scorpio,"1°38'56.17""",Jupiter,Cancer,"0°39'34.16""",120,120.9894,0.9894
2025-10-30 01:00:00,Aspect,Trine,Mars,Scorpio,"1°38'56.17""",Saturn,Pisces,"1°41'00.21""",120,120.0345,0.0345
2025-10-30 01:15:00,Aspect,Square,Sun,Libra,"12°21'52.50""",Moon,Capricorn,"13°17'21.44""",90,90.9247,0.9247
2025-10-30 01:15:00,Aspect,Trine,Mars,Scorpio,"1°39'22.82""",Jupiter,Cancer,"0°39'35.73""",120,120.9964,0.9964
2025-10-30 01:15:00,Aspect,Trine,Mars,Scorpio,"1°39'22.82""",Saturn,Pisces,"1°40'58.39""",120,120.0265,0.0265
2025-10-30 01:30:00,Aspect,Trine,Mars,Scorpio,"1°39'49.46""",Saturn,Pisces,"1°40'56.56""",120,120.0186,0.0186
2025-10-30 01:45:00,Aspect,Trine,Mars,Scorpio,"1°40'16.11""",Saturn,Pisces,"1°40'54.74""",120,120.0107,0.0107
2025-10-30 02:00:00,Aspect,Trine,Mars,Scorpio,"1°40'42.76""",Saturn,Pisces,"1°40'52.92""",120,120.0028,0.0028
2025-10-30 02:15:00,Aspect,Trine,Mars,Scorpio,"1°41'09.40""",Saturn,Pisces,"1°40'51.09""",120,119.9949,0.0051
2025-10-30 02:30:00,Aspect,Trine,Mars,Scorpio,"1°41'36.05""",Saturn,Pisces,"1°40'49.27""",120,119.987,0.013
2025-10-30 02:45:00,Aspect,Trine,Mars,Scorpio,"1°42'02.70""",Saturn,Pisces,"1°40'47.45""",120,119.9791,0.0209
2025-10-30 03:00:00,Aspect,Trine,Mars,Scorpio,"1°42'29.35""",Saturn,Pisces,"1°40'45.63""",120,119.9712,0.0288
2025-10-30 03:15:00,Aspect,Trine,Mars,Scorpio,"1°42'56.00""",Saturn,Pisces,"1°40'43.81""",120,119.9633,0.0367
2025-10-30 03:30:00,Aspect,Trine,Mars,Scorpio,"1°43'22.65""",Saturn,Pisces,"1°40'41.99""",120,119.9554,0.0446
2025-10-30 03:45:00,Aspect,Trine,Mars,Scorpio,"1°43'49.30""",Saturn,Pisces,"1°40'40.17""",120,119.9475,0.0525
2025-10-30 04:00:00,Aspect,Trine,Mars,Scorpio,"1°44'15.95""",Saturn,Pisces,"1°40'38.35""",120,119.9396,0.0604
2025-10-30 04:15:00,Aspect,Trine,Mars,Scorpio,"1°44'42.60""",Saturn,Pisces,"1°40'36.53""",120,119.9316,0.0684
2025-10-30 04:30:00,Aspect,Trine,Mars,Scorpio,"1°45'09.25""",Saturn,Pisces,"1°40'34.72""",120,119.9237,0.0763
2025-10-30 04:45:00,Aspect,Trine,Mars,Scorpio,"1°45'35.90""",Saturn,Pisces,"1°40'32.90""",120,119.9158,0.0842
2025-10-30 05:00:00,Aspect,Trine,Mars,Scorpio,"1°46'02.55""",Saturn,Pisces,"1°40'31.08""",120,119.9079,0.0921
2025-10-30 05:15:00,Aspect,Trine,Mars,Scorpio,"1°46'29.20""",Saturn,Pisces,"1°40'29.27""",120,119.9,0.1
2025-10-30 05:30:00,Aspect,Trine,Mars,Scorpio,"1°46'55.86""",Saturn,Pisces,"1°40'27.45""",120,119.8921,0.1079
2025-10-30 05:45:00,Aspect,Trine,Mars,Scorpio,"1°47'22.51""",Saturn,Pisces,"1°40'25.64""",120,119.8842,0.1158
2025-10-30 06:00:00,Aspect,Trine,Mars,Scorpio,"1°47'49.16""",Saturn,Pisces,"1°40'23.82""",120,119.8763,0.1237
2025-10-30 06:15:00,Aspect,Trine,Mars,Scorpio,"1°48'15.82""",Saturn,Pisces,"1°40'22.01""",120,119.8684,0.1316
2025-10-30 06:30:00,Aspect,Trine,Mars,Scorpio,"1°48'42.47""",Saturn,Pisces,"1°40'20.20""",120,119.8605,0.1395
2025-10-30 06:45:00,Aspect,Trine,Mars,Scorpio,"1°49'09.12""",Saturn,Pisces,"1°40'18.38""",120,119.8526,0.1474
2025-10-30 07:00:00,Aspect,Trine,Mars,Scorpio,"1°49'35.78""",Saturn,Pisces,"1°40'16.57""",120,119.8447,0.1553
2025-10-30 07:15:00,Aspect,Trine,Mars,Scorpio,"1°50'02.43""",Saturn,Pisces,"1°40'14.76""",120,119.8368,0.1632
2025-10-30 07:30:00,Aspect,Trine,Mars,Scorpio,"1°50'29.09""",Saturn,Pisces,"1°40'12.95""",120,119.8288,0.1712
2025-10-30 07:30:00,Aspect,Trine,Jupiter,Cancer,"0°40'14.64""",Saturn,Pisces,"1°40'12.95""",120,119.0005,0.9995
2025-10-30 07:45:00,Aspect,Trine,Mars,Scorpio,"1°50'55.75""",Saturn,Pisces,"1°40'11.14""",120,119.8209,0.1791
2025-10-30 07:45:00,Aspect,Trine,Jupiter,Cancer,"0°40'16.18""",Saturn,Pisces,"1°40'11.14""",120,119.0014,0.9986
2025-10-30 08:00:00,Aspect,Trine,Mars,Scorpio,"1°51'22.40""",Saturn,Pisces,"1°40'09.33""",120,119.813,0.187
2025-10-30 08:00:00,Aspect,Trine,Jupiter,Cancer,"0°40'17.72""",Saturn,Pisces,"1°40'09.33""",120,119.0023,0.9977
2025-10-30 08:15:00,Aspect,Trine,Mars,Scorpio,"1°51'49.06""",Saturn,Pisces,"1°40'07.52""",120,119.8051,0.1949
2025-10-30 08:15:00,Aspect,Trine,Jupiter,Cancer,"0°40'19.26""",Saturn,Pisces,"1°40'07.52""",120,119.0033,0.9967
2025-10-30 08:30:00,Aspect,Trine,Mars,Scorpio,"1°52'15.72""",Saturn,Pisces,"1°40'05.71""",120,119.7972,0.2028
2025-10-30 08:30:00,Aspect,Trine,Jupiter,Cancer,"0°40'20.80""",Saturn,Pisces,"1°40'05.71""",120,119.0042,0.9958
2025-10-30 08:45:00,Aspect,Trine,Mars,Scorpio,"1°52'42.37""",Saturn,Pisces,"1°40'03.90""",120,119.7893,0.2107
2025-10-30 08:45:00,Aspect,Trine,Jupiter,Cancer,"0°40'22.33""",Saturn,Pisces,"1°40'03.90""",120,119.0051,0.9949
2025-10-30 09:00:00,Aspect,Trine,Mars,Scorpio,"1°53'09.03""",Saturn,Pisces,"1°40'02.09""",120,119.7814,0.2186
2025-10-30 09:00:00,Aspect,Trine,Jupiter,Cancer,"0°40'23.87""",Saturn,Pisces,"1°40'02.09""",120,119.006,0.994
2025-10-30 09:15:00,Aspect,Trine,Mars,Scorpio,"1°53'35.69""",Saturn,Pisces,"1°40'00.29""",120,119.7735,0.2265
2025-10-30 09:15:00,Aspect,Trine,Jupiter,Cancer,"0°40'25.40""",Saturn,Pisces,"1°40'00.29""",120,119.007,0.993
2025-10-30 09:30:00,Aspect,Trine,Mars,Scorpio,"1°54'02.35""",Saturn,Pisces,"1°39'58.48""",120,119.7656,0.2344
2025-10-30 09:30:00,Aspect,Trine,Jupiter,Cancer,"0°40'26.93""",Saturn,Pisces,"1°39'58.48""",120,119.0079,0.9921
2025-10-30 09:45:00,Aspect,Trine,Mars,Scorpio,"1°54'29.01""",Saturn,Pisces,"1°39'56.67""",120,119.7577,0.2423
2025-10-30 09:45:00,Aspect,Trine,Jupiter,Cancer,"0°40'28.46""",Saturn,Pisces,"1°39'56.67""",120,119.0088,0.9912
2025-10-30 10:00:00,Aspect,Trine,Mars,Scorpio,"1°54'55.67""",Saturn,Pisces,"1°39'54.87""",120,119.7498,0.2502
2025-10-30 10:00:00,Aspect,Trine,Jupiter,Cancer,"0°40'29.99""",Saturn,Pisces,"1°39'54.87""",120,119.0098,0.9902
2025-10-30 10:15:00,Aspect,Trine,Mars,Scorpio,"1°55'22.33""",Saturn,Pisces,"1°39'53.06""",120,119.7419,0.2581
2025-10-30 10:15:00,Aspect,Trine,Jupiter,Cancer,"0°40'31.52""",Saturn,Pisces,"1°39'53.06""",120,119.0107,0.9893
2025-10-30 10:30:00,Aspect,Trine,Mars,Scorpio,"1°55'48.99""",Saturn,Pisces,"1°39'51.26""",120,119.734,0.266
2025-10-30 10:30:00,Aspect,Trine,Jupiter,Cancer,"0°40'33.05""",Saturn,Pisces,"1°39'51.26""",120,119.0116,0.9884
2025-10-30 10:45:00,Aspect,Trine,Mars,Scorpio,"1°56'15.65""",Saturn,Pisces,"1°39'49.46""",120,119.7261,0.2739
2025-10-30 10:45:00,Aspect,Trine,Jupiter,Cancer,"0°40'34.57""",Saturn,Pisces,"1°39'49.46""",120,119.0125,0.9875
2025-10-30 11:00:00,Aspect,Trine,Mars,Scorpio,"1°56'42.31""",Saturn,Pisces,"1°39'47.65""",120,119.7182,0.2818
2025-10-30 11:00:00,Aspect,Trine,Jupiter,Cancer,"0°40'36.10""",Saturn,Pisces,"1°39'47.65""",120,119.0135,0.9865
2025-10-30 11:15:00,Aspect,Trine,Mars,Scorpio,"1°57'08.97""",Saturn,Pisces,"1°39'45.85""",120,119.7102,0.2898
2025-10-30 11:15:00,Aspect,Trine,Jupiter,Cancer,"0°40'37.62""",Saturn,Pisces,"1°39'45.85""",120,119.0144,0.9856
2025-10-30 11:30:00,Aspect,Trine,Mars,Scorpio,"1°57'35.63""",Saturn,Pisces,"1°39'44.05""",120,119.7023,0.2977
2025-10-30 11:30:00,Aspect,Trine,Jupiter,Cancer,"0°40'39.14""",Saturn,Pisces,"1°39'44.05""",120,119.0153,0.9847
2025-10-30 11:45:00,Aspect,Trine,Mars,Scorpio,"1°58'02.29""",Saturn,Pisces,"1°39'42.25""",120,119.6944,0.3056
2025-10-30 11:45:00,Aspect,Trine,Jupiter,Cancer,"0°40'40.66""",Saturn,Pisces,"1°39'42.25""",120,119.0162,0.9838
2025-10-30 12:00:00,Aspect,Trine,Mars,Scorpio,"1°58'28.95""",Saturn,Pisces,"1°39'40.45""",120,119.6865,0.3135
2025-10-30 12:00:00,Aspect,Trine,Jupiter,Cancer,"0°40'42.18""",Saturn,Pisces,"1°39'40.45""",120,119.0171,0.9829
2025-10-30 12:15:00,Aspect,Trine,Mars,Scorpio,"1°58'55.62""",Saturn,Pisces,"1°39'38.65""",120,119.6786,0.3214
2025-10-30 12:15:00,Aspect,Trine,Jupiter,Cancer,"0°40'43.70""",Saturn,Pisces,"1°39'38.65""",120,119.0181,0.9819
2025-10-30 12:30:00,Aspect,Trine,Mars,Scorpio,"1°59'22.28""",Saturn,Pisces,"1°39'36.85""",120,119.6707,0.3293
2025-10-30 12:30:00,Aspect,Trine,Jupiter,Cancer,"0°40'45.22""",Saturn,Pisces,"1°39'36.85""",120,119.019,0.981
2025-10-30 12:45:00,Aspect,Trine,Mars,Scorpio,"1°59'48.94""",Saturn,Pisces,"1°39'35.05""",120,119.6628,0.3372
2025-10-30 12:45:00,Aspect,Trine,Jupiter,Cancer,"0°40'46.74""",Saturn,Pisces,"1°39'35.05""",120,119.0199,0.9801
2025-10-30 13:00:00,Aspect,Trine,Mars,Scorpio,"2°00'15.61""",Saturn,Pisces,"1°39'33.25""",120,119.6549,0.3451
2025-10-30 13:00:00,Aspect,Trine,Jupiter,Cancer,"0°40'48.25""",Saturn,Pisces,"1°39'33.25""",120,119.0208,0.9792
2025-10-30 13:15:00,Aspect,Trine,Mars,Scorpio,"2°00'42.27""",Saturn,Pisces,"1°39'31.45""",120,119.647,0.353
2025-10-30 13:15:00,Aspect,Trine,Jupiter,Cancer,"0°40'49.76""",Saturn,Pisces,"1°39'31.45""",120,119.0218,0.9782
2025-10-30 13:30:00,Aspect,Trine,Mars,Scorpio,"2°01'08.94""",Saturn,Pisces,"1°39'29.65""",120,119.6391,0.3609
2025-10-30 13:30:00,Aspect,Trine,Jupiter,Cancer,"0°40'51.28""",Saturn,Pisces,"1°39'29.65""",120,119.0227,0.9773
2025-10-30 13:45:00,Aspect,Trine,Mars,Scorpio,"2°01'35.60""",Saturn,Pisces,"1°39'27.85""",120,119.6312,0.3688
2025-10-30 13:45:00,Aspect,Trine,Jupiter,Cancer,"0°40'52.79""",Saturn,Pisces,"1°39'27.85""",120,119.0236,0.9764
2025-10-30 14:00:00,Aspect,Trine,Mars,Scorpio,"2°02'02.27""",Saturn,Pisces,"1°39'26.06""",120,119.6233,0.3767
2025-10-30 14:00:00,Aspect,Trine,Jupiter,Cancer,"0°40'54.30""",Saturn,Pisces,"1°39'26.06""",120,119.0245,0.9755
2025-10-30 14:15:00,Aspect,Trine,Mars,Scorpio,"2°02'28.93""",Saturn,Pisces,"1°39'24.26""",120,119.6154,0.3846
2025-10-30 14:15:00,Aspect,Trine,Jupiter,Cancer,"0°40'55.80""",Saturn,Pisces,"1°39'24.26""",120,119.0254,0.9746
2025-10-30 14:30:00,Aspect,Trine,Mars,Scorpio,"2°02'55.60""",Saturn,Pisces,"1°39'22.47""",120,119.6075,0.3925
2025-10-30 14:30:00,Aspect,Trine,Jupiter,Cancer,"0°40'57.31""",Saturn,Pisces,"1°39'22.47""",120,119.0263,0.9737
2025-10-30 14:45:00,Aspect,Trine,Mars,Scorpio,"2°03'22.27""",Saturn,Pisces,"1°39'20.67""",120,119.5996,0.4004
2025-10-30 14:45:00,Aspect,Trine,Jupiter,Cancer,"0°40'58.82""",Saturn,Pisces,"1°39'20.67""",120,119.0273,0.9727
2025-10-30 15:00:00,Aspect,Trine,Mars,Scorpio,"2°03'48.93""",Saturn,Pisces,"1°39'18.88""",120,119.5917,0.4083
2025-10-30 15:00:00,Aspect,Trine,Jupiter,Cancer,"0°41'00.32""",Saturn,Pisces,"1°39'18.88""",120,119.0282,0.9718
2025-10-30 15:15:00,Aspect,Trine,Mars,Scorpio,"2°04'15.60""",Saturn,Pisces,"1°39'17.08""",120,119.5837,0.4163
2025-10-30 15:15:00,Aspect,Trine,Jupiter,Cancer,"0°41'01.83""",Saturn,Pisces,"1°39'17.08""",120,119.0291,0.9709
2025-10-30 15:30:00,Aspect,Trine,Mars,Scorpio,"2°04'42.27""",Saturn,Pisces,"1°39'15.29""",120,119.5758,0.4242
2025-10-30 15:30:00,Aspect,Trine,Jupiter,Cancer,"0°41'03.33""",Saturn,Pisces,"1°39'15.29""",120,119.03,0.97
2025-10-30 15:45:00,Aspect,Trine,Mars,Scorpio,"2°05'08.94""",Saturn,Pisces,"1°39'13.50""",120,119.5679,0.4321
2025-10-30 15:45:00,Aspect,Trine,Jupiter,Cancer,"0°41'04.83""",Saturn,Pisces,"1°39'13.50""",120,119.0309,0.9691
2025-10-30 16:00:00,Aspect,Trine,Mars,Scorpio,"2°05'35.60""",Saturn,Pisces,"1°39'11.70""",120,119.56,0.44
2025-10-30 16:00:00,Aspect,Trine,Jupiter,Cancer,"0°41'06.33""",Saturn,Pisces,"1°39'11.70""",120,119.0318,0.9682
2025-10-30 16:15:00,Aspect,Trine,Mars,Scorpio,"2°06'02.27""",Saturn,Pisces,"1°39'09.91""",120,119.5521,0.4479
2025-10-30 16:15:00,Aspect,Trine,Jupiter,Cancer,"0°41'07.83""",Saturn,Pisces,"1°39'09.91""",120,119.0328,0.9672
2025-10-30 16:30:00,Aspect,Trine,Mars,Scorpio,"2°06'28.94""",Saturn,Pisces,"1°39'08.12""",120,119.5442,0.4558
2025-10-30 16:30:00,Aspect,Trine,Jupiter,Cancer,"0°41'09.33""",Saturn,Pisces,"1°39'08.12""",120,119.0337,0.9663
2025-10-30 16:45:00,Aspect,Trine,Mars,Scorpio,"2°06'55.61""",Saturn,Pisces,"1°39'06.33""",120,119.5363,0.4637
2025-10-30 16:45:00,Aspect,Trine,Jupiter,Cancer,"0°41'10.82""",Saturn,Pisces,"1°39'06.33""",120,119.0346,0.9654
2025-10-30 17:00:00,Aspect,Trine,Mars,Scorpio,"2°07'22.28""",Saturn,Pisces,"1°39'04.54""",120,119.5284,0.4716
2025-10-30 17:00:00,Aspect,Trine,Jupiter,Cancer,"0°41'12.32""",Saturn,Pisces,"1°39'04.54""",120,119.0355,0.9645
2025-10-30 17:15:00,Aspect,Trine,Mars,Scorpio,"2°07'48.95""",Saturn,Pisces,"1°39'02.75""",120,119.5205,0.4795
2025-10-30 17:15:00,Aspect,Trine,Jupiter,Cancer,"0°41'13.81""",Saturn,Pisces,"1°39'02.75""",120,119.0364,0.9636
2025-10-30 17:30:00,Aspect,Trine,Mars,Scorpio,"2°08'15.62""",Saturn,Pisces,"1°39'00.96""",120,119.5126,0.4874
2025-10-30 17:30:00,Aspect,Trine,Jupiter,Cancer,"0°41'15.30""",Saturn,Pisces,"1°39'00.96""",120,119.0373,0.9627
2025-10-30 17:45:00,Aspect,Trine,Mars,Scorpio,"2°08'42.29""",Saturn,Pisces,"1°38'59.17""",120,119.5047,0.4953
2025-10-30 17:45:00,Aspect,Trine,Jupiter,Cancer,"0°41'16.79""",Saturn,Pisces,"1°38'59.17""",120,119.0382,0.9618
2025-10-30 18:00:00,Aspect,Trine,Mars,Scorpio,"2°09'08.97""",Saturn,Pisces,"1°38'57.39""",120,119.4968,0.5032
2025-10-30 18:00:00,Aspect,Trine,Jupiter,Cancer,"0°41'18.28""",Saturn,Pisces,"1°38'57.39""",120,119.0391,0.9609
2025-10-30 18:15:00,Aspect,Trine,Mars,Scorpio,"2°09'35.64""",Saturn,Pisces,"1°38'55.60""",120,119.4889,0.5111
2025-10-30 18:15:00,Aspect,Trine,Jupiter,Cancer,"0°41'19.77""",Saturn,Pisces,"1°38'55.60""",120,119.04,0.96
2025-10-30 18:30:00,Aspect,Trine,Mars,Scorpio,"2°10'02.31""",Saturn,Pisces,"1°38'53.81""",120,119.481,0.519
2025-10-30 18:30:00,Aspect,Trine,Jupiter,Cancer,"0°41'21.26""",Saturn,Pisces,"1°38'53.81""",120,119.041,0.959
2025-10-30 18:45:00,Aspect,Trine,Mars,Scorpio,"2°10'28.98""",Saturn,Pisces,"1°38'52.03""",120,119.4731,0.5269
2025-10-30 18:45:00,Aspect,Trine,Jupiter,Cancer,"0°41'22.75""",Saturn,Pisces,"1°38'52.03""",120,119.0419,0.9581
2025-10-30 19:00:00,Aspect,Trine,Mars,Scorpio,"2°10'55.66""",Saturn,Pisces,"1°38'50.24""",120,119.4652,0.5348
2025-10-30 19:00:00,Aspect,Trine,Jupiter,Cancer,"0°41'24.23""",Saturn,Pisces,"1°38'50.24""",120,119.0428,0.9572
2025-10-30 19:15:00,Aspect,Trine,Mars,Scorpio,"2°11'22.33""",Saturn,Pisces,"1°38'48.46""",120,119.4573,0.5427
2025-10-30 19:15:00,Aspect,Trine,Jupiter,Cancer,"0°41'25.71""",Saturn,Pisces,"1°38'48.46""",120,119.0437,0.9563
2025-10-30 19:30:00,Aspect,Trine,Mars,Scorpio,"2°11'49.00""",Saturn,Pisces,"1°38'46.67""",120,119.4494,0.5506
2025-10-30 19:30:00,Aspect,Trine,Jupiter,Cancer,"0°41'27.20""",Saturn,Pisces,"1°38'46.67""",120,119.0446,0.9554
2025-10-30 19:45:00,Aspect,Trine,Mars,Scorpio,"2°12'15.68""",Saturn,Pisces,"1°38'44.89""",120,119.4414,0.5586
2025-10-30 19:45:00,Aspect,Trine,Jupiter,Cancer,"0°41'28.68""",Saturn,Pisces,"1°38'44.89""",120,119.0455,0.9545
2025-10-30 20:00:00,Aspect,Trine,Mars,Scorpio,"2°12'42.35""",Saturn,Pisces,"1°38'43.10""",120,119.4335,0.5665
2025-10-30 20:00:00,Aspect,Trine,Jupiter,Cancer,"0°41'30.16""",Saturn,Pisces,"1°38'43.10""",120,119.0464,0.9536
2025-10-30 20:15:00,Aspect,Trine,Mars,Scorpio,"2°13'09.03""",Saturn,Pisces,"1°38'41.32""",120,119.4256,0.5744
2025-10-30 20:15:00,Aspect,Trine,Jupiter,Cancer,"0°41'31.64""",Saturn,Pisces,"1°38'41.32""",120,119.0473,0.9527
2025-10-30 20:30:00,Aspect,Trine,Mars,Scorpio,"2°13'35.70""",Saturn,Pisces,"1°38'39.54""",120,119.4177,0.5823
2025-10-30 20:30:00,Aspect,Trine,Jupiter,Cancer,"0°41'33.11""",Saturn,Pisces,"1°38'39.54""",120,119.0482,0.9518
2025-10-30 20:45:00,Aspect,Trine,Mars,Scorpio,"2°14'02.38""",Saturn,Pisces,"1°38'37.76""",120,119.4098,0.5902
2025-10-30 20:45:00,Aspect,Trine,Jupiter,Cancer,"0°41'34.59""",Saturn,Pisces,"1°38'37.76""",120,119.0491,0.9509
2025-10-30 21:00:00,Aspect,Trine,Mars,Scorpio,"2°14'29.06""",Saturn,Pisces,"1°38'35.98""",120,119.4019,0.5981
2025-10-30 21:00:00,Aspect,Trine,Jupiter,Cancer,"0°41'36.07""",Saturn,Pisces,"1°38'35.98""",120,119.05,0.95
2025-10-30 21:15:00,Aspect,Trine,Mars,Scorpio,"2°14'55.73""",Saturn,Pisces,"1°38'34.20""",120,119.394,0.606
2025-10-30 21:15:00,Aspect,Trine,Jupiter,Cancer,"0°41'37.54""",Saturn,Pisces,"1°38'34.20""",120,119.0509,0.9491
2025-10-30 21:30:00,Aspect,Trine,Mars,Scorpio,"2°15'22.41""",Saturn,Pisces,"1°38'32.42""",120,119.3861,0.6139
2025-10-30 21:30:00,Aspect,Trine,Jupiter,Cancer,"0°41'39.01""",Saturn,Pisces,"1°38'32.42""",120,119.0518,0.9482
2025-10-30 21:45:00,Aspect,Trine,Mars,Scorpio,"2°15'49.09""",Saturn,Pisces,"1°38'30.64""",120,119.3782,0.6218
2025-10-30 21:45:00,Aspect,Trine,Jupiter,Cancer,"0°41'40.48""",Saturn,Pisces,"1°38'30.64""",120,119.0527,0.9473
2025-10-30 22:00:00,Aspect,Trine,Mars,Scorpio,"2°16'15.76""",Saturn,Pisces,"1°38'28.86""",120,119.3703,0.6297
2025-10-30 22:00:00,Aspect,Trine,Jupiter,Cancer,"0°41'41.95""",Saturn,Pisces,"1°38'28.86""",120,119.0536,0.9464
2025-10-30 22:15:00,Aspect,Trine,Mars,Scorpio,"2°16'42.44""",Saturn,Pisces,"1°38'27.08""",120,119.3624,0.6376
2025-10-30 22:15:00,Aspect,Trine,Jupiter,Cancer,"0°41'43.42""",Saturn,Pisces,"1°38'27.08""",120,119.0545,0.9455
2025-10-30 22:30:00,Aspect,Trine,Mars,Scorpio,"2°17'09.12""",Saturn,Pisces,"1°38'25.30""",120,119.3545,0.6455
2025-10-30 22:30:00,Aspect,Trine,Jupiter,Cancer,"0°41'44.89""",Saturn,Pisces,"1°38'25.30""",120,119.0554,0.9446
2025-10-30 22:45:00,Aspect,Trine,Mars,Scorpio,"2°17'35.80""",Saturn,Pisces,"1°38'23.53""",120,119.3466,0.6534
2025-10-30 22:45:00,Aspect,Trine,Jupiter,Cancer,"0°41'46.36""",Saturn,Pisces,"1°38'23.53""",120,119.0563,0.9437
2025-10-30 23:00:00,Aspect,Trine,Mars,Scorpio,"2°18'02.48""",Saturn,Pisces,"1°38'21.75""",120,119.3387,0.6613
2025-10-30 23:00:00,Aspect,Trine,Jupiter,Cancer,"0°41'47.82""",Saturn,Pisces,"1°38'21.75""",120,119.0572,0.9428
2025-10-30 23:15:00,Aspect,Trine,Mars,Scorpio,"2°18'29.16""",Saturn,Pisces,"1°38'19.97""",120,119.3308,0.6692
2025-10-30 23:15:00,Aspect,Trine,Jupiter,Cancer,"0°41'49.29""",Saturn,Pisces,"1°38'19.97""",120,119.0581,0.9419
2025-10-30 23:30:00,Aspect,Trine,Mars,Scorpio,"2°18'55.84""",Saturn,Pisces,"1°38'18.20""",120,119.3229,0.6771
2025-10-30 23:30:00,Aspect,Trine,Jupiter,Cancer,"0°41'50.75""",Saturn,Pisces,"1°38'18.20""",120,119.059,0.941
2025-10-30 23:45:00,Aspect,Trine,Mars,Scorpio,"2°19'22.52""",Saturn,Pisces,"1°38'16.42""",120,119.315,0.685
2025-10-30 23:45:00,Aspect,Trine,Jupiter,Cancer,"0°41'52.21""",Saturn,Pisces,"1°38'16.42""",120,119.0599,0.9401
2025-10-31 00:00:00,Aspect,Trine,Mars,Scorpio,"2°19'49.20""",Saturn,Pisces,"1°38'14.65""",120,119.3071,0.6929
2025-10-31 00:00:00,Aspect,Trine,Jupiter,Cancer,"0°41'53.67""",Saturn,Pisces,"1°38'14.65""",120,119.0608,0.9392
2025-10-31 00:15:00,Aspect,Trine,Mars,Scorpio,"2°20'15.88""",Saturn,Pisces,"1°38'12.87""",120,119.2992,0.7008
2025-10-31 00:15:00,Aspect,Trine,Jupiter,Cancer,"0°41'55.13""",Saturn,Pisces,"1°38'12.87""",120,119.0617,0.9383
2025-10-31 00:30:00,Aspect,Trine,Mars,Scorpio,"2°20'42.56""",Saturn,Pisces,"1°38'11.10""",120,119.2913,0.7087
2025-10-31 00:30:00,Aspect,Trine,Jupiter,Cancer,"0°41'56.59""",Saturn,Pisces,"1°38'11.10""",120,119.0626,0.9374
2025-10-31 00:45:00,Aspect,Trine,Moon,Capricorn,"25°52'21.18""",Venus,Virgo,"26°46'13.89""",120,119.102,0.898
2025-10-31 00:45:00,Aspect,Trine,Mars,Scorpio,"2°21'09.24""",Saturn,Pisces,"1°38'09.33""",120,119.2834,0.7166
2025-10-31 00:45:00,Aspect,Trine,Jupiter,Cancer,"0°41'58.04""",Saturn,Pisces,"1°38'09.33""",120,119.0635,0.9365
2025-10-31 01:00:00,Aspect,Trine,Moon,Capricorn,"26°00'30.27""",Venus,Virgo,"26°47'00.74""",120,119.2249,0.7751
2025-10-31 01:00:00,Aspect,Trine,Mars,Scorpio,"2°21'35.93""",Saturn,Pisces,"1°38'07.56""",120,119.2755,0.7245
2025-10-31 01:00:00,Aspect,Trine,Jupiter,Cancer,"0°41'59.50""",Saturn,Pisces,"1°38'07.56""",120,119.0644,0.9356
2025-10-31 01:15:00,Aspect,Trine,Moon,Capricorn,"26°08'39.52""",Venus,Virgo,"26°47'47.60""",120,119.3478,0.6522
2025-10-31 01:15:00,Aspect,Trine,Mars,Scorpio,"2°22'02.61""",Saturn,Pisces,"1°38'05.78""",120,119.2675,0.7325
2025-10-31 01:15:00,Aspect,Trine,Jupiter,Cancer,"0°42'00.95""",Saturn,Pisces,"1°38'05.78""",120,119.0653,0.9347
2025-10-31 01:30:00,Aspect,Trine,Moon,Capricorn,"26°16'48.93""",Venus,Virgo,"26°48'34.45""",120,119.4707,0.5293
2025-10-31 01:30:00,Aspect,Trine,Mars,Scorpio,"2°22'29.29""",Saturn,Pisces,"1°38'04.01""",120,119.2596,0.7404
2025-10-31 01:30:00,Aspect,Trine,Jupiter,Cancer,"0°42'02.41""",Saturn,Pisces,"1°38'04.01""",120,119.0662,0.9338
2025-10-31 01:45:00,Aspect,Trine,Moon,Capricorn,"26°24'58.50""",Venus,Virgo,"26°49'21.30""",120,119.5937,0.4063
2025-10-31 01:45:00,Aspect,Trine,Mars,Scorpio,"2°22'55.97""",Saturn,Pisces,"1°38'02.24""",120,119.2517,0.7483
2025-10-31 01:45:00,Aspect,Trine,Jupiter,Cancer,"0°42'03.86""",Saturn,Pisces,"1°38'02.24""",120,119.0671,0.9329
2025-10-31 02:00:00,Aspect,Trine,Moon,Capricorn,"26°33'08.23""",Venus,Virgo,"26°50'08.15""",120,119.7167,0.2833
2025-10-31 02:00:00,Aspect,Trine,Mars,Scorpio,"2°23'22.66""",Saturn,Pisces,"1°38'00.47""",120,119.2438,0.7562
2025-10-31 02:00:00,Aspect,Trine,Jupiter,Cancer,"0°42'05.31""",Saturn,Pisces,"1°38'00.47""",120,119.068,0.932
2025-10-31 02:15:00,Aspect,Trine,Moon,Capricorn,"26°41'18.12""",Venus,Virgo,"26°50'55.00""",120,119.8398,0.1602
2025-10-31 02:15:00,Aspect,Trine,Mars,Scorpio,"2°23'49.34""",Saturn,Pisces,"1°37'58.70""",120,119.2359,0.7641
2025-10-31 02:15:00,Aspect,Trine,Jupiter,Cancer,"0°42'06.76""",Saturn,Pisces,"1°37'58.70""",120,119.0689,0.9311
2025-10-31 02:30:00,Aspect,Trine,Moon,Capricorn,"26°49'28.18""",Venus,Virgo,"26°51'41.86""",120,119.9629,0.0371
2025-10-31 02:30:00,Aspect,Trine,Mars,Scorpio,"2°24'16.03""",Saturn,Pisces,"1°37'56.93""",120,119.228,0.772
2025-10-31 02:30:00,Aspect,Trine,Jupiter,Cancer,"0°42'08.20""",Saturn,Pisces,"1°37'56.93""",120,119.0698,0.9302
2025-10-31 02:45:00,Aspect,Trine,Moon,Capricorn,"26°57'38.39""",Venus,Virgo,"26°52'28.71""",120,120.086,0.086
2025-10-31 02:45:00,Aspect,Trine,Mars,Scorpio,"2°24'42.71""",Saturn,Pisces,"1°37'55.17""",120,119.2201,0.7799
2025-10-31 02:45:00,Aspect,Trine,Jupiter,Cancer,"0°42'09.65""",Saturn,Pisces,"1°37'55.17""",120,119.0707,0.9293
2025-10-31 03:00:00,Aspect,Trine,Moon,Capricorn,"27°05'48.77""",Venus,Virgo,"26°53'15.56""",120,120.2092,0.2092
2025-10-31 03:00:00,Aspect,Trine,Mars,Scorpio,"2°25'09.40""",Saturn,Pisces,"1°37'53.40""",120,119.2122,0.7878
2025-10-31 03:00:00,Aspect,Trine,Jupiter,Cancer,"0°42'11.10""",Saturn,Pisces,"1°37'53.40""",120,119.0716,0.9284
2025-10-31 03:15:00,Aspect,Trine,Moon,Capricorn,"27°13'59.31""",Venus,Virgo,"26°54'02.41""",120,120.3325,0.3325
2025-10-31 03:15:00,Aspect,Trine,Mars,Scorpio,"2°25'36.08""",Saturn,Pisces,"1°37'51.63""",120,119.2043,0.7957
2025-10-31 03:15:00,Aspect,Trine,Jupiter,Cancer,"0°42'12.54""",Saturn,Pisces,"1°37'51.63""",120,119.0725,0.9275
2025-10-31 03:30:00,Aspect,Trine,Moon,Capricorn,"27°22'10.01""",Venus,Virgo,"26°54'49.27""",120,120.4558,0.4558
2025-10-31 03:30:00,Aspect,Trine,Mars,Scorpio,"2°26'02.77""",Saturn,Pisces,"1°37'49.86""",120,119.1964,0.8036
2025-10-31 03:30:00,Aspect,Trine,Jupiter,Cancer,"0°42'13.98""",Saturn,Pisces,"1°37'49.86""",120,119.0734,0.9266
2025-10-31 03:45:00,Aspect,Trine,Moon,Capricorn,"27°30'20.87""",Venus,Virgo,"26°55'36.12""",120,120.5791,0.5791
2025-10-31 03:45:00,Aspect,Trine,Mars,Scorpio,"2°26'29.46""",Saturn,Pisces,"1°37'48.10""",120,119.1885,0.8115
2025-10-31 03:45:00,Aspect,Trine,Jupiter,Cancer,"0°42'15.43""",Saturn,Pisces,"1°37'48.10""",120,119.0743,0.9257
2025-10-31 04:00:00,Aspect,Trine,Moon,Capricorn,"27°38'31.90""",Venus,Virgo,"26°56'22.97""",120,120.7025,0.7025
2025-10-31 04:00:00,Aspect,Trine,Mars,Scorpio,"2°26'56.14""",Saturn,Pisces,"1°37'46.33""",120,119.1806,0.8194
2025-10-31 04:00:00,Aspect,Trine,Jupiter,Cancer,"0°42'16.87""",Saturn,Pisces,"1°37'46.33""",120,119.0751,0.9249
2025-10-31 04:15:00,Aspect,Trine,Moon,Capricorn,"27°46'43.09""",Venus,Virgo,"26°57'09.83""",120,120.8259,0.8259
2025-10-31 04:15:00,Aspect,Trine,Mars,Scorpio,"2°27'22.83""",Saturn,Pisces,"1°37'44.57""",120,119.1727,0.8273
2025-10-31 04:15:00,Aspect,Trine,Jupiter,Cancer,"0°42'18.31""",Saturn,Pisces,"1°37'44.57""",120,119.076,0.924
2025-10-31 04:30:00,Aspect,Trine,Moon,Capricorn,"27°54'54.44""",Venus,Virgo,"26°57'56.68""",120,120.9494,0.9494
2025-10-31 04:30:00,Aspect,Trine,Mars,Scorpio,"2°27'49.52""",Saturn,Pisces,"1°37'42.80""",120,119.1648,0.8352
2025-10-31 04:30:00,Aspect,Trine,Jupiter,Cancer,"0°42'19.74""",Saturn,Pisces,"1°37'42.80""",120,119.0769,0.9231
2025-10-31 04:45:00,Aspect,Trine,Mars,Scorpio,"2°28'16.20""",Saturn,Pisces,"1°37'41.04""",120,119.1569,0.8431
2025-10-31 04:45:00,Aspect,Trine,Jupiter,Cancer,"0°42'21.18""",Saturn,Pisces,"1°37'41.04""",120,119.0778,0.9222
2025-10-31 05:00:00,Aspect,Trine,Mars,Scorpio,"2°28'42.89""",Saturn,Pisces,"1°37'39.28""",120,119.149,0.851
2025-10-31 05:00:00,Aspect,Trine,Jupiter,Cancer,"0°42'22.62""",Saturn,Pisces,"1°37'39.28""",120,119.0787,0.9213
2025-10-31 05:15:00,Aspect,Trine,Mars,Scorpio,"2°29'09.58""",Saturn,Pisces,"1°37'37.51""",120,119.1411,0.8589
2025-10-31 05:15:00,Aspect,Trine,Jupiter,Cancer,"0°42'24.05""",Saturn,Pisces,"1°37'37.51""",120,119.0796,0.9204
2025-10-31 05:30:00,Aspect,Trine,Mars,Scorpio,"2°29'36.27""",Saturn,Pisces,"1°37'35.75""",120,119.1332,0.8668
2025-10-31 05:30:00,Aspect,Trine,Jupiter,Cancer,"0°42'25.48""",Saturn,Pisces,"1°37'35.75""",120,119.0805,0.9195
2025-10-31 05:45:00,Aspect,Trine,Mars,Scorpio,"2°30'02.96""",Saturn,Pisces,"1°37'33.99""",120,119.1253,0.8747
2025-10-31 05:45:00,Aspect,Trine,Jupiter,Cancer,"0°42'26.91""",Saturn,Pisces,"1°37'33.99""",120,119.0814,0.9186
2025-10-31 06:00:00,Aspect,Trine,Mars,Scorpio,"2°30'29.65""",Saturn,Pisces,"1°37'32.23""",120,119.1174,0.8826
2025-10-31 06:00:00,Aspect,Trine,Jupiter,Cancer,"0°42'28.35""",Saturn,Pisces,"1°37'32.23""",120,119.0823,0.9177
2025-10-31 06:15:00,Aspect,Trine,Mars,Scorpio,"2°30'56.34""",Saturn,Pisces,"1°37'30.47""",120,119.1095,0.8905
2025-10-31 06:15:00,Aspect,Trine,Jupiter,Cancer,"0°42'29.77""",Saturn,Pisces,"1°37'30.47""",120,119.0831,0.9169
2025-10-31 06:30:00,Aspect,Trine,Mars,Scorpio,"2°31'23.03""",Saturn,Pisces,"1°37'28.71""",120,119.1016,0.8984
2025-10-31 06:30:00,Aspect,Trine,Jupiter,Cancer,"0°42'31.20""",Saturn,Pisces,"1°37'28.71""",120,119.084,0.916
2025-10-31 06:45:00,Aspect,Trine,Mars,Scorpio,"2°31'49.72""",Saturn,Pisces,"1°37'26.95""",120,119.0937,0.9063
2025-10-31 06:45:00,Aspect,Trine,Jupiter,Cancer,"0°42'32.63""",Saturn,Pisces,"1°37'26.95""",120,119.0849,0.9151
2025-10-31 07:00:00,Aspect,Trine,Mars,Scorpio,"2°32'16.41""",Saturn,Pisces,"1°37'25.19""",120,119.0858,0.9142
2025-10-31 07:00:00,Aspect,Trine,Jupiter,Cancer,"0°42'34.06""",Saturn,Pisces,"1°37'25.19""",120,119.0858,0.9142
2025-10-31 07:15:00,Aspect,Trine,Mars,Scorpio,"2°32'43.11""",Saturn,Pisces,"1°37'23.43""",120,119.0779,0.9221
2025-10-31 07:15:00,Aspect,Trine,Jupiter,Cancer,"0°42'35.48""",Saturn,Pisces,"1°37'23.43""",120,119.0867,0.9133
2025-10-31 07:30:00,Aspect,Trine,Mars,Scorpio,"2°33'09.80""",Saturn,Pisces,"1°37'21.68""",120,119.07,0.93
2025-10-31 07:30:00,Aspect,Trine,Jupiter,Cancer,"0°42'36.90""",Saturn,Pisces,"1°37'21.68""",120,119.0876,0.9124
2025-10-31 07:45:00,Aspect,Trine,Mars,Scorpio,"2°33'36.49""",Saturn,Pisces,"1°37'19.92""",120,119.0621,0.9379
2025-10-31 07:45:00,Aspect,Trine,Jupiter,Cancer,"0°42'38.32""",Saturn,Pisces,"1°37'19.92""",120,119.0884,0.9116
2025-10-31 08:00:00,Aspect,Trine,Mars,Scorpio,"2°34'03.18""",Saturn,Pisces,"1°37'18.16""",120,119.0542,0.9458
2025-10-31 08:00:00,Aspect,Trine,Jupiter,Cancer,"0°42'39.75""",Saturn,Pisces,"1°37'18.16""",120,119.0893,0.9107
2025-10-31 08:15:00,Aspect,Trine,Mars,Scorpio,"2°34'29.88""",Saturn,Pisces,"1°37'16.41""",120,119.0463,0.9537
2025-10-31 08:15:00,Aspect,Trine,Jupiter,Cancer,"0°42'41.16""",Saturn,Pisces,"1°37'16.41""",120,119.0902,0.9098
2025-10-31 08:30:00,Aspect,Trine,Mars,Scorpio,"2°34'56.57""",Saturn,Pisces,"1°37'14.65""",120,119.0384,0.9616
2025-10-31 08:30:00,Aspect,Trine,Jupiter,Cancer,"0°42'42.58""",Saturn,Pisces,"1°37'14.65""",120,119.0911,0.9089
2025-10-31 08:45:00,Aspect,Trine,Mars,Scorpio,"2°35'23.26""",Saturn,Pisces,"1°37'12.90""",120,119.0305,0.9695
2025-10-31 08:45:00,Aspect,Trine,Jupiter,Cancer,"0°42'44.00""",Saturn,Pisces,"1°37'12.90""",120,119.092,0.908
2025-10-31 09:00:00,Aspect,Trine,Mars,Scorpio,"2°35'49.96""",Saturn,Pisces,"1°37'11.14""",120,119.0226,0.9774
2025-10-31 09:00:00,Aspect,Trine,Jupiter,Cancer,"0°42'45.42""",Saturn,Pisces,"1°37'11.14""",120,119.0929,0.9071
2025-10-31 09:15:00,Aspect,Trine,Mars,Scorpio,"2°36'16.65""",Saturn,Pisces,"1°37'09.39""",120,119.0146,0.9854
2025-10-31 09:15:00,Aspect,Trine,Jupiter,Cancer,"0°42'46.83""",Saturn,Pisces,"1°37'09.39""",120,119.0937,0.9063
2025-10-31 09:30:00,Aspect,Trine,Mars,Scorpio,"2°36'43.35""",Saturn,Pisces,"1°37'07.63""",120,119.0067,0.9933
2025-10-31 09:30:00,Aspect,Trine,Jupiter,Cancer,"0°42'48.24""",Saturn,Pisces,"1°37'07.63""",120,119.0946,0.9054
2025-10-31 09:45:00,Aspect,Trine,Jupiter,Cancer,"0°42'49.65""",Saturn,Pisces,"1°37'05.88""",120,119.0955,0.9045
2025-10-31 10:00:00,Aspect,Trine,Jupiter,Cancer,"0°42'51.07""",Saturn,Pisces,"1°37'04.13""",120,119.0964,0.9036
2025-10-31 10:15:00,Aspect,Trine,Jupiter,Cancer,"0°42'52.48""",Saturn,Pisces,"1°37'02.38""",120,119.0972,0.9028
2025-10-31 10:30:00,Aspect,Trine,Jupiter,Cancer,"0°42'53.88""",Saturn,Pisces,"1°37'00.63""",120,119.0981,0.9019
2025-10-31 10:45:00,Aspect,Trine,Jupiter,Cancer,"0°42'55.29""",Saturn,Pisces,"1°36'58.88""",120,119.099,0.901
2025-10-31 11:00:00,Aspect,Trine,Jupiter,Cancer,"0°42'56.70""",Saturn,Pisces,"1°36'57.13""",120,119.0999,0.9001
2025-10-31 11:15:00,Aspect,Trine,Jupiter,Cancer,"0°42'58.10""",Saturn,Pisces,"1°36'55.38""",120,119.1008,0.8992
2025-10-31 11:30:00,Aspect,Square,Moon,Aquarius,"1°45'19.59""",Mars,Scorpio,"2°40'16.92""",90,89.0841,0.9159
2025-10-31 11:30:00,Aspect,Trine,Jupiter,Cancer,"0°42'59.50""",Saturn,Pisces,"1°36'53.63""",120,119.1016,0.8984
2025-10-31 11:45:00,Aspect,Square,Moon,Aquarius,"1°53'35.78""",Mars,Scorpio,"2°40'43.62""",90,89.2145,0.7855
2025-10-31 11:45:00,Aspect,Trine,Jupiter,Cancer,"0°43'00.91""",Saturn,Pisces,"1°36'51.88""",120,119.1025,0.8975
2025-10-31 12:00:00,Aspect,Square,Moon,Aquarius,"2°01'52.14""",Mars,Scorpio,"2°41'10.32""",90,89.345,0.655
2025-10-31 12:00:00,Aspect,Trine,Jupiter,Cancer,"0°43'02.31""",Saturn,Pisces,"1°36'50.13""",120,119.1034,0.8966
2025-10-31 12:15:00,Aspect,Square,Moon,Aquarius,"2°10'08.68""",Mars,Scorpio,"2°41'37.02""",90,89.4755,0.5245
2025-10-31 12:15:00,Aspect,Trine,Jupiter,Cancer,"0°43'03.71""",Saturn,Pisces,"1°36'48.39""",120,119.1043,0.8957
2025-10-31 12:30:00,Aspect,Square,Moon,Aquarius,"2°18'25.38""",Mars,Scorpio,"2°42'03.72""",90,89.606,0.394
2025-10-31 12:30:00,Aspect,Trine,Jupiter,Cancer,"0°43'05.10""",Saturn,Pisces,"1°36'46.64""",120,119.1051,0.8949
2025-10-31 12:45:00,Aspect,Square,Moon,Aquarius,"2°26'42.26""",Mars,Scorpio,"2°42'30.42""",90,89.7366,0.2634
2025-10-31 12:45:00,Aspect,Trine,Jupiter,Cancer,"0°43'06.50""",Saturn,Pisces,"1°36'44.89""",120,119.106,0.894
2025-10-31 13:00:00,Aspect,Square,Moon,Aquarius,"2°34'59.30""",Mars,Scorpio,"2°42'57.12""",90,89.8673,0.1327
2025-10-31 13:00:00,Aspect,Trine,Jupiter,Cancer,"0°43'07.90""",Saturn,Pisces,"1°36'43.15""",120,119.1069,0.8931
2025-10-31 13:15:00,Aspect,Square,Moon,Aquarius,"2°43'16.52""",Mars,Scorpio,"2°43'23.82""",90,89.998,0.002
2025-10-31 13:15:00,Aspect,Trine,Jupiter,Cancer,"0°43'09.29""",Saturn,Pisces,"1°36'41.40""",120,119.1077,0.8923
2025-10-31 13:30:00,Aspect,Square,Moon,Aquarius,"2°51'33.91""",Mars,Scorpio,"2°43'50.52""",90,90.1287,0.1287
2025-10-31 13:30:00,Aspect,Trine,Jupiter,Cancer,"0°43'10.69""",Saturn,Pisces,"1°36'39.66""",120,119.1086,0.8914
2025-10-31 13:45:00,Aspect,Square,Moon,Aquarius,"2°59'51.47""",Mars,Scorpio,"2°44'17.23""",90,90.2595,0.2595
2025-10-31 13:45:00,Aspect,Trine,Jupiter,Cancer,"0°43'12.08""",Saturn,Pisces,"1°36'37.92""",120,119.1095,0.8905
2025-10-31 14:00:00,Aspect,Square,Moon,Aquarius,"3°08'09.21""",Mars,Scorpio,"2°44'43.93""",90,90.3904,0.3904
2025-10-31 14:00:00,Aspect,Trine,Jupiter,Cancer,"0°43'13.47""",Saturn,Pisces,"1°36'36.17""",120,119.1104,0.8896
2025-10-31 14:15:00,Aspect,Square,Moon,Aquarius,"3°16'27.11""",Mars,Scorpio,"2°45'10.63""",90,90.5212,0.5212
2025-10-31 14:15:00,Aspect,Trine,Jupiter,Cancer,"0°43'14.86""",Saturn,Pisces,"1°36'34.43""",120,119.1112,0.8888
2025-10-31 14:30:00,Aspect,Square,Moon,Aquarius,"3°24'45.19""",Mars,Scorpio,"2°45'37.33""",90,90.6522,0.6522
2025-10-31 14:30:00,Aspect,Trine,Jupiter,Cancer,"0°43'16.25""",Saturn,Pisces,"1°36'32.69""",120,119.1121,0.8879
2025-10-31 14:45:00,Aspect,Square,Moon,Aquarius,"3°33'03.44""",Mars,Scorpio,"2°46'04.04""",90,90.7832,0.7832
2025-10-31 14:45:00,Aspect,Trine,Jupiter,Cancer,"0°43'17.63""",Saturn,Pisces,"1°36'30.95""",120,119.113,0.887
2025-10-31 15:00:00,Aspect,Square,Moon,Aquarius,"3°41'21.87""",Mars,Scorpio,"2°46'30.74""",90,90.9142,0.9142
2025-10-31 15:00:00,Aspect,Trine,Jupiter,Cancer,"0°43'19.02""",Saturn,Pisces,"1°36'29.21""",120,119.1138,0.8862
2025-10-31 15:15:00,Aspect,Trine,Jupiter,Cancer,"0°43'20.40""",Saturn,Pisces,"1°36'27.47""",120,119.1147,0.8853
2025-10-31 15:30:00,Aspect,Trine,Jupiter,Cancer,"0°43'21.79""",Saturn,Pisces,"1°36'25.73""",120,119.1156,0.8844
2025-10-31 15:45:00,Aspect,Trine,Jupiter,Cancer,"0°43'23.17""",Saturn,Pisces,"1°36'23.99""",120,119.1164,0.8836
2025-10-31 16:00:00,Aspect,Trine,Jupiter,Cancer,"0°43'24.55""",Saturn,Pisces,"1°36'22.25""",120,119.1173,0.8827
2025-10-31 16:15:00,Aspect,Trine,Jupiter,Cancer,"0°43'25.93""",Saturn,Pisces,"1°36'20.51""",120,119.1182,0.8818
2025-10-31 16:30:00,Aspect,Trine,Jupiter,Cancer,"0°43'27.31""",Saturn,Pisces,"1°36'18.77""",120,119.119,0.881
2025-10-31 16:45:00,Aspect,Trine,Jupiter,Cancer,"0°43'28.69""",Saturn,Pisces,"1°36'17.04""",120,119.1199,0.8801
2025-10-31 17:00:00,Aspect,Trine,Jupiter,Cancer,"0°43'30.06""",Saturn,Pisces,"1°36'15.30""",120,119.1208,0.8792
2025-10-31 17:15:00,Aspect,Trine,Jupiter,Cancer,"0°43'31.44""",Saturn,Pisces,"1°36'13.57""",120,119.1216,0.8784
2025-10-31 17:30:00,Aspect,Trine,Jupiter,Cancer,"0°43'32.81""",Saturn,Pisces,"1°36'11.83""",120,119.1225,0.8775
2025-10-31 17:45:00,Aspect,Trine,Jupiter,Cancer,"0°43'34.18""",Saturn,Pisces,"1°36'10.10""",120,119.1234,0.8766
2025-10-31 18:00:00,Aspect,Trine,Jupiter,Cancer,"0°43'35.55""",Saturn,Pisces,"1°36'08.36""",120,119.1242,0.8758
2025-10-31 18:15:00,Aspect,Trine,Jupiter,Cancer,"0°43'36.92""",Saturn,Pisces,"1°36'06.63""",120,119.1251,0.8749
2025-10-31 18:30:00,Aspect,Trine,Jupiter,Cancer,"0°43'38.29""",Saturn,Pisces,"1°36'04.90""",120,119.1259,0.8741
2025-10-31 18:45:00,Aspect,Trine,Jupiter,Cancer,"0°43'39.66""",Saturn,Pisces,"1°36'03.16""",120,119.1268,0.8732
2025-10-31 19:00:00,Aspect,Trine,Jupiter,Cancer,"0°43'41.03""",Saturn,Pisces,"1°36'01.43""",120,119.1277,0.8723
2025-10-31 19:15:00,Aspect,Trine,Jupiter,Cancer,"0°43'42.39""",Saturn,Pisces,"1°35'59.70""",120,119.1285,0.8715
2025-10-31 19:30:00,Aspect,Trine,Jupiter,Cancer,"0°43'43.75""",Saturn,Pisces,"1°35'57.97""",120,119.1294,0.8706
2025-10-31 19:45:00,Aspect,Trine,Jupiter,Cancer,"0°43'45.12""",Saturn,Pisces,"1°35'56.24""",120,119.1302,0.8698
2025-10-31 20:00:00,Aspect,Trine,Jupiter,Cancer,"0°43'46.48""",Saturn,Pisces,"1°35'54.51""",120,119.1311,0.8689
2025-10-31 20:15:00,Aspect,Trine,Jupiter,Cancer,"0°43'47.84""",Saturn,Pisces,"1°35'52.78""",120,119.132,0.868
2025-10-31 20:30:00,Aspect,Trine,Jupiter,Cancer,"0°43'49.20""",Saturn,Pisces,"1°35'51.05""",120,119.1328,0.8672
2025-10-31 20:45:00,Aspect,Square,Moon,Aquarius,"6°53'13.88""",Mercury,Scorpio,"7°49'11.02""",90,89.0675,0.9325
2025-10-31 20:45:00,Aspect,Trine,Jupiter,Cancer,"0°43'50.55""",Saturn,Pisces,"1°35'49.32""",120,119.1337,0.8663
2025-10-31 21:00:00,Aspect,Square,Moon,Aquarius,"7°01'36.52""",Mercury,Scorpio,"7°49'45.03""",90,89.1976,0.8024
2025-10-31 21:00:00,Aspect,Trine,Jupiter,Cancer,"0°43'51.91""",Saturn,Pisces,"1°35'47.60""",120,119.1345,0.8655
2025-10-31 21:15:00,Aspect,Square,Moon,Aquarius,"7°09'59.33""",Mercury,Scorpio,"7°50'19.03""",90,89.3279,0.6721
2025-10-31 21:15:00,Aspect,Trine,Jupiter,Cancer,"0°43'53.26""",Saturn,Pisces,"1°35'45.87""",120,119.1354,0.8646
2025-10-31 21:30:00,Aspect,Square,Moon,Aquarius,"7°18'22.33""",Mercury,Scorpio,"7°50'53.00""",90,89.4581,0.5419
2025-10-31 21:30:00,Aspect,Trine,Jupiter,Cancer,"0°43'54.62""",Saturn,Pisces,"1°35'44.14""",120,119.1362,0.8638
2025-10-31 21:45:00,Aspect,Square,Moon,Aquarius,"7°26'45.50""",Mercury,Scorpio,"7°51'26.95""",90,89.5885,0.4115
2025-10-31 21:45:00,Aspect,Trine,Jupiter,Cancer,"0°43'55.97""",Saturn,Pisces,"1°35'42.42""",120,119.1371,0.8629
2025-10-31 22:00:00,Aspect,Square,Moon,Aquarius,"7°35'08.86""",Mercury,Scorpio,"7°52'00.87""",90,89.7189,0.2811
2025-10-31 22:00:00,Aspect,Trine,Jupiter,Cancer,"0°43'57.32""",Saturn,Pisces,"1°35'40.69""",120,119.138,0.862
2025-10-31 22:15:00,Aspect,Square,Moon,Aquarius,"7°43'32.39""",Mercury,Scorpio,"7°52'34.77""",90,89.8493,0.1507
2025-10-31 22:15:00,Aspect,Trine,Jupiter,Cancer,"0°43'58.67""",Saturn,Pisces,"1°35'38.97""",120,119.1388,0.8612
2025-10-31 22:30:00,Aspect,Square,Moon,Aquarius,"7°51'56.10""",Mercury,Scorpio,"7°53'08.65""",90,89.9798,0.0202
2025-10-31 22:30:00,Aspect,Trine,Jupiter,Cancer,"0°44'00.02""",Saturn,Pisces,"1°35'37.25""",120,119.1397,0.8603
2025-10-31 22:45:00,Aspect,Square,Moon,Aquarius,"8°00'19.99""",Mercury,Scorpio,"7°53'42.51""",90,90.1104,0.1104
2025-10-31 22:45:00,Aspect,Trine,Jupiter,Cancer,"0°44'01.37""",Saturn,Pisces,"1°35'35.52""",120,119.1405,0.8595
2025-10-31 23:00:00,Aspect,Square,Moon,Aquarius,"8°08'44.06""",Mercury,Scorpio,"7°54'16.34""",90,90.241,0.241
2025-10-31 23:00:00,Aspect,Trine,Jupiter,Cancer,"0°44'02.71""",Saturn,Pisces,"1°35'33.80""",120,119.1414,0.8586
2025-10-31 23:15:00,Aspect,Square,Moon,Aquarius,"8°17'08.30""",Mercury,Scorpio,"7°54'50.16""",90,90.3717,0.3717
2025-10-31 23:15:00,Aspect,Trine,Jupiter,Cancer,"0°44'04.06""",Saturn,Pisces,"1°35'32.08""",120,119.1422,0.8578
2025-10-31 23:30:00,Aspect,Square,Moon,Aquarius,"8°25'32.73""",Mercury,Scorpio,"7°55'23.94""",90,90.5024,0.5024
2025-10-31 23:30:00,Aspect,Trine,Jupiter,Cancer,"0°44'05.40""",Saturn,Pisces,"1°35'30.36""",120,119.1431,0.8569
2025-10-31 23:45:00,Aspect,Square,Moon,Aquarius,"8°33'57.34""",Mercury,Scorpio,"7°55'57.71""",90,90.6332,0.6332
2025-10-31 23:45:00,Aspect,Trine,Jupiter,Cancer,"0°44'06.75""",Saturn,Pisces,"1°35'28.64""",120,119.1439,0.8561
