datetime,event,aspecting_planet,aspecting_sign,aspecting_sign_vi,aspecting_degree,aspecting_nakshatra,aspecting_nakshatra_lord,aspecting_pada,aspected_planet,aspected_sign,aspected_sign_vi,aspected_degree,aspected_nakshatra,aspected_nakshatra_lord,aspected_pada,aspect_type,aspect_house,target_angle,actual_angle,orb,strength
2026-01-14 01:45:00,Parashara_Drishti,Mercury,Sagittarius,Nhân Mã,"24°26'21.40""",Purva Ashadha,Venus,4,Jupiter,Gemini,Song Tử,"25°25'28.74""",Punarvasu,Jupiter,2,7th House,7,180,180.9854,0.9854,Standard
2026-01-14 01:45:00,Parashara_Drishti,Jupiter,Gemini,Song Tử,"25°25'28.74""",Punarvasu,Jupiter,2,Mercury,Sagittarius,Nhân Mã,"24°26'21.40""",Purva Ashadha,Venus,4,7th House,7,180,179.0146,0.9854,Weak
2026-01-14 02:00:00,Parashara_Drishti,Mercury,Sagittarius,Nhân Mã,"24°27'21.79""",Purva Ashadha,Venus,4,Jupiter,Gemini,Song Tử,"25°25'23.70""",Punarvasu,Jupiter,2,7th House,7,180,180.9672,0.9672,Standard
2026-01-14 02:00:00,Parashara_Drishti,Jupiter,Gemini,Song Tử,"25°25'23.70""",Punarvasu,Jupiter,2,Mercury,Sagittarius,Nhân Mã,"24°27'21.79""",Purva Ashadha,Venus,4,7th House,7,180,179.0328,0.9672,Weak
2026-01-14 02:15:00,Parashara_Drishti,Mercury,Sagittarius,Nhân Mã,"24°28'22.19""",Purva Ashadha,Venus,4,Jupiter,Gemini,Song Tử,"25°25'18.66""",Punarvasu,Jupiter,2,7th House,7,180,180.949,0.949,Standard
2026-01-14 02:15:00,Parashara_Drishti,Jupiter,Gemini,Song Tử,"25°25'18.66""",Punarvasu,Jupiter,2,Mercury,Sagittarius,Nhân Mã,"24°28'22.19""",Purva Ashadha,Venus,4,7th House,7,180,179.051,0.949,Weak
2026-01-14 02:30:00,Parashara_Drishti,Mercury,Sagittarius,Nhân Mã,"24°29'22.59""",Purva Ashadha,Venus,4,Jupiter,Gemini,Song Tử,"25°25'13.62""",Punarvasu,Jupiter,2,7th House,7,180,180.9308,0.9308,Standard
2026-01-14 02:30:00,Parashara_Drishti,Jupiter,Gemini,Song Tử,"25°25'13.62""",Punarvasu,Jupiter,2,Mercury,Sagittarius,Nhân Mã,"24°29'22.59""",Purva Ashadha,Venus,4,7th House,7,180,179.0692,0.9308,Weak
2026-01-14 02:45:00,Parashara_Drishti,Mercury,Sagittarius,Nhân Mã,"24°30'22.99""",Purva Ashadha,Venus,4,Jupiter,Gemini,Song Tử,"25°25'08.58""",Punarvasu,Jupiter,2,7th House,7,180,180.9127,0.9127,Standard
2026-01-14 02:45:00,Parashara_Drishti,Jupiter,Gemini,Song Tử,"25°25'08.58""",Punarvasu,Jupiter,2,Mercury,Sagittarius,Nhân Mã,"24°30'22.99""",Purva Ashadha,Venus,4,7th House,7,180,179.0873,0.9127,Weak
2026-01-14 03:00:00,Parashara_Drishti,Mercury,Sagittarius,Nhân Mã,"24°31'23.39""",Purva Ashadha,Venus,4,Jupiter,Gemini,Song Tử,"25°25'03.54""",Punarvasu,Jupiter,2,7th House,7,180,180.8945,0.8945,Standard
2026-01-14 03:00:00,Parashara_Drishti,Jupiter,Gemini,Song Tử,"25°25'03.54""",Punarvasu,Jupiter,2,Mercury,Sagittarius,Nhân Mã,"24°31'23.39""",Purva Ashadha,Venus,4,7th House,7,180,179.1055,0.8945,Weak
2026-01-14 03:15:00,Parashara_Drishti,Mercury,Sagittarius,Nhân Mã,"24°32'23.80""",Purva Ashadha,Venus,4,Jupiter,Gemini,Song Tử,"25°24'58.50""",Punarvasu,Jupiter,2,7th House,7,180,180.8763,0.8763,Standard
2026-01-14 03:15:00,Parashara_Drishti,Jupiter,Gemini,Song Tử,"25°24'58.50""",Punarvasu,Jupiter,2,Mercury,Sagittarius,Nhân Mã,"24°32'23.80""",Purva Ashadha,Venus,4,7th House,7,180,179.1237,0.8763,Weak
2026-01-14 03:30:00,Parashara_Drishti,Mercury,Sagittarius,Nhân Mã,"24°33'24.21""",Purva Ashadha,Venus,4,Jupiter,Gemini,Song Tử,"25°24'53.46""",Punarvasu,Jupiter,2,7th House,7,180,180.8581,0.8581,Standard
2026-01-14 03:30:00,Parashara_Drishti,Jupiter,Gemini,Song Tử,"25°24'53.46""",Punarvasu,Jupiter,2,Mercury,Sagittarius,Nhân Mã,"24°33'24.21""",Purva Ashadha,Venus,4,7th House,7,180,179.1419,0.8581,Weak
2026-01-14 03:45:00,Parashara_Drishti,Mercury,Sagittarius,Nhân Mã,"24°34'24.63""",Purva Ashadha,Venus,4,Jupiter,Gemini,Song Tử,"25°24'48.42""",Punarvasu,Jupiter,2,7th House,7,180,180.8399,0.8399,Standard
2026-01-14 03:45:00,Parashara_Drishti,Jupiter,Gemini,Song Tử,"25°24'48.42""",Punarvasu,Jupiter,2,Mercury,Sagittarius,Nhân Mã,"24°34'24.63""",Purva Ashadha,Venus,4,7th House,7,180,179.1601,0.8399,Weak
2026-01-14 04:00:00,Parashara_Drishti,Mercury,Sagittarius,Nhân Mã,"24°35'25.04""",Purva Ashadha,Venus,4,Jupiter,Gemini,Song Tử,"25°24'43.38""",Punarvasu,Jupiter,2,7th House,7,180,180.8218,0.8218,Standard
2026-01-14 04:00:00,Parashara_Drishti,Jupiter,Gemini,Song Tử,"25°24'43.38""",Punarvasu,Jupiter,2,Mercury,Sagittarius,Nhân Mã,"24°35'25.04""",Purva Ashadha,Venus,4,7th House,7,180,179.1782,0.8218,Weak
2026-01-14 04:15:00,Parashara_Drishti,Mercury,Sagittarius,Nhân Mã,"24°36'25.46""",Purva Ashadha,Venus,4,Jupiter,Gemini,Song Tử,"25°24'38.35""",Punarvasu,Jupiter,2,7th House,7,180,180.8036,0.8036,Standard
2026-01-14 04:15:00,Parashara_Drishti,Jupiter,Gemini,Song Tử,"25°24'38.35""",Punarvasu,Jupiter,2,Mercury,Sagittarius,Nhân Mã,"24°36'25.46""",Purva Ashadha,Venus,4,7th House,7,180,179.1964,0.8036,Weak
2026-01-14 04:30:00,Parashara_Drishti,Mercury,Sagittarius,Nhân Mã,"24°37'25.89""",Purva Ashadha,Venus,4,Jupiter,Gemini,Song Tử,"25°24'33.31""",Punarvasu,Jupiter,2,7th House,7,180,180.7854,0.7854,Standard
2026-01-14 04:30:00,Parashara_Drishti,Jupiter,Gemini,Song Tử,"25°24'33.31""",Punarvasu,Jupiter,2,Mercury,Sagittarius,Nhân Mã,"24°37'25.89""",Purva Ashadha,Venus,4,7th House,7,180,179.2146,0.7854,Weak
2026-01-14 04:45:00,Parashara_Drishti,Mercury,Sagittarius,Nhân Mã,"24°38'26.31""",Purva Ashadha,Venus,4,Jupiter,Gemini,Song Tử,"25°24'28.27""",Punarvasu,Jupiter,2,7th House,7,180,180.7672,0.7672,Standard
2026-01-14 04:45:00,Parashara_Drishti,Jupiter,Gemini,Song Tử,"25°24'28.27""",Punarvasu,Jupiter,2,Mercury,Sagittarius,Nhân Mã,"24°38'26.31""",Purva Ashadha,Venus,4,7th House,7,180,179.2328,0.7672,Weak
2026-01-14 05:00:00,Parashara_Drishti,Mercury,Sagittarius,Nhân Mã,"24°39'26.74""",Purva Ashadha,Venus,4,Jupiter,Gemini,Song Tử,"25°24'23.23""",Punarvasu,Jupiter,2,7th House,7,180,180.749,0.749,Standard
2026-01-14 05:00:00,Parashara_Drishti,Jupiter,Gemini,Song Tử,"25°24'23.23""",Punarvasu,Jupiter,2,Mercury,Sagittarius,Nhân Mã,"24°39'26.74""",Purva Ashadha,Venus,4,7th House,7,180,179.251,0.749,Weak
2026-01-14 05:15:00,Parashara_Drishti,Mercury,Sagittarius,Nhân Mã,"24°40'27.18""",Purva Ashadha,Venus,4,Jupiter,Gemini,Song Tử,"25°24'18.19""",Punarvasu,Jupiter,2,7th House,7,180,180.7308,0.7308,Standard
2026-01-14 05:15:00,Parashara_Drishti,Jupiter,Gemini,Song Tử,"25°24'18.19""",Punarvasu,Jupiter,2,Mercury,Sagittarius,Nhân Mã,"24°40'27.18""",Purva Ashadha,Venus,4,7th House,7,180,179.2692,0.7308,Weak
2026-01-14 05:30:00,Parashara_Drishti,Mercury,Sagittarius,Nhân Mã,"24°41'27.61""",Purva Ashadha,Venus,4,Jupiter,Gemini,Song Tử,"25°24'13.15""",Punarvasu,Jupiter,2,7th House,7,180,180.7126,0.7126,Standard
2026-01-14 05:30:00,Parashara_Drishti,Jupiter,Gemini,Song Tử,"25°24'13.15""",Punarvasu,Jupiter,2,Mercury,Sagittarius,Nhân Mã,"24°41'27.61""",Purva Ashadha,Venus,4,7th House,7,180,179.2874,0.7126,Weak
2026-01-14 05:45:00,Parashara_Drishti,Mercury,Sagittarius,Nhân Mã,"24°42'28.05""",Purva Ashadha,Venus,4,Jupiter,Gemini,Song Tử,"25°24'08.11""",Punarvasu,Jupiter,2,7th House,7,180,180.6945,0.6945,Standard
2026-01-14 05:45:00,Parashara_Drishti,Jupiter,Gemini,Song Tử,"25°24'08.11""",Punarvasu,Jupiter,2,Mercury,Sagittarius,Nhân Mã,"24°42'28.05""",Purva Ashadha,Venus,4,7th House,7,180,179.3055,0.6945,Weak
2026-01-14 06:00:00,Parashara_Drishti,Mercury,Sagittarius,Nhân Mã,"24°43'28.49""",Purva Ashadha,Venus,4,Jupiter,Gemini,Song Tử,"25°24'03.07""",Punarvasu,Jupiter,2,7th House,7,180,180.6763,0.6763,Standard
2026-01-14 06:00:00,Parashara_Drishti,Jupiter,Gemini,Song Tử,"25°24'03.07""",Punarvasu,Jupiter,2,Mercury,Sagittarius,Nhân Mã,"24°43'28.49""",Purva Ashadha,Venus,4,7th House,7,180,179.3237,0.6763,Weak
2026-01-14 06:15:00,Parashara_Drishti,Mercury,Sagittarius,Nhân Mã,"24°44'28.94""",Purva Ashadha,Venus,4,Jupiter,Gemini,Song Tử,"25°23'58.04""",Punarvasu,Jupiter,2,7th House,7,180,180.6581,0.6581,Standard
2026-01-14 06:15:00,Parashara_Drishti,Jupiter,Gemini,Song Tử,"25°23'58.04""",Punarvasu,Jupiter,2,Mercury,Sagittarius,Nhân Mã,"24°44'28.94""",Purva Ashadha,Venus,4,7th House,7,180,179.3419,0.6581,Weak
2026-01-14 06:30:00,Parashara_Drishti,Mercury,Sagittarius,Nhân Mã,"24°45'29.39""",Purva Ashadha,Venus,4,Jupiter,Gemini,Song Tử,"25°23'53.00""",Punarvasu,Jupiter,2,7th House,7,180,180.6399,0.6399,Standard
2026-01-14 06:30:00,Parashara_Drishti,Jupiter,Gemini,Song Tử,"25°23'53.00""",Punarvasu,Jupiter,2,Mercury,Sagittarius,Nhân Mã,"24°45'29.39""",Purva Ashadha,Venus,4,7th House,7,180,179.3601,0.6399,Weak
2026-01-14 06:45:00,Parashara_Drishti,Mercury,Sagittarius,Nhân Mã,"24°46'29.84""",Purva Ashadha,Venus,4,Jupiter,Gemini,Song Tử,"25°23'47.96""",Punarvasu,Jupiter,2,7th House,7,180,180.6217,0.6217,Standard
2026-01-14 06:45:00,Parashara_Drishti,Jupiter,Gemini,Song Tử,"25°23'47.96""",Punarvasu,Jupiter,2,Mercury,Sagittarius,Nhân Mã,"24°46'29.84""",Purva Ashadha,Venus,4,7th House,7,180,179.3783,0.6217,Weak
2026-01-14 07:00:00,Parashara_Drishti,Mercury,Sagittarius,Nhân Mã,"24°47'30.29""",Purva Ashadha,Venus,4,Jupiter,Gemini,Song Tử,"25°23'42.92""",Punarvasu,Jupiter,2,7th House,7,180,180.6035,0.6035,Standard
2026-01-14 07:00:00,Parashara_Drishti,Jupiter,Gemini,Song Tử,"25°23'42.92""",Punarvasu,Jupiter,2,Mercury,Sagittarius,Nhân Mã,"24°47'30.29""",Purva Ashadha,Venus,4,7th House,7,180,179.3965,0.6035,Weak
2026-01-14 07:15:00,Parashara_Drishti,Mercury,Sagittarius,Nhân Mã,"24°48'30.75""",Purva Ashadha,Venus,4,Jupiter,Gemini,Song Tử,"25°23'37.89""",Punarvasu,Jupiter,2,7th House,7,180,180.5853,0.5853,Standard
2026-01-14 07:15:00,Parashara_Drishti,Jupiter,Gemini,Song Tử,"25°23'37.89""",Punarvasu,Jupiter,2,Mercury,Sagittarius,Nhân Mã,"24°48'30.75""",Purva Ashadha,Venus,4,7th House,7,180,179.4147,0.5853,Weak
2026-01-14 07:30:00,Parashara_Drishti,Mercury,Sagittarius,Nhân Mã,"24°49'31.21""",Purva Ashadha,Venus,4,Jupiter,Gemini,Song Tử,"25°23'32.85""",Punarvasu,Jupiter,2,7th House,7,180,180.5671,0.5671,Standard
2026-01-14 07:30:00,Parashara_Drishti,Jupiter,Gemini,Song Tử,"25°23'32.85""",Punarvasu,Jupiter,2,Mercury,Sagittarius,Nhân Mã,"24°49'31.21""",Purva Ashadha,Venus,4,7th House,7,180,179.4329,0.5671,Weak
2026-01-14 07:45:00,Parashara_Drishti,Mercury,Sagittarius,Nhân Mã,"24°50'31.68""",Purva Ashadha,Venus,4,Jupiter,Gemini,Song Tử,"25°23'27.81""",Punarvasu,Jupiter,2,7th House,7,180,180.5489,0.5489,Standard
2026-01-14 07:45:00,Parashara_Drishti,Jupiter,Gemini,Song Tử,"25°23'27.81""",Punarvasu,Jupiter,2,Mercury,Sagittarius,Nhân Mã,"24°50'31.68""",Purva Ashadha,Venus,4,7th House,7,180,179.4511,0.5489,Weak
2026-01-14 08:00:00,Parashara_Drishti,Mercury,Sagittarius,Nhân Mã,"24°51'32.14""",Purva Ashadha,Venus,4,Jupiter,Gemini,Song Tử,"25°23'22.77""",Punarvasu,Jupiter,2,7th House,7,180,180.5307,0.5307,Standard
2026-01-14 08:00:00,Parashara_Drishti,Jupiter,Gemini,Song Tử,"25°23'22.77""",Punarvasu,Jupiter,2,Mercury,Sagittarius,Nhân Mã,"24°51'32.14""",Purva Ashadha,Venus,4,7th House,7,180,179.4693,0.5307,Weak
2026-01-14 08:15:00,Parashara_Drishti,Mercury,Sagittarius,Nhân Mã,"24°52'32.61""",Purva Ashadha,Venus,4,Jupiter,Gemini,Song Tử,"25°23'17.74""",Punarvasu,Jupiter,2,7th House,7,180,180.5125,0.5125,Standard
2026-01-14 08:15:00,Parashara_Drishti,Jupiter,Gemini,Song Tử,"25°23'17.74""",Punarvasu,Jupiter,2,Mercury,Sagittarius,Nhân Mã,"24°52'32.61""",Purva Ashadha,Venus,4,7th House,7,180,179.4875,0.5125,Weak
2026-01-14 08:30:00,Parashara_Drishti,Mercury,Sagittarius,Nhân Mã,"24°53'33.09""",Purva Ashadha,Venus,4,Jupiter,Gemini,Song Tử,"25°23'12.70""",Punarvasu,Jupiter,2,7th House,7,180,180.4943,0.4943,Standard
2026-01-14 08:30:00,Parashara_Drishti,Jupiter,Gemini,Song Tử,"25°23'12.70""",Punarvasu,Jupiter,2,Mercury,Sagittarius,Nhân Mã,"24°53'33.09""",Purva Ashadha,Venus,4,7th House,7,180,179.5057,0.4943,Weak
2026-01-14 08:45:00,Parashara_Drishti,Mercury,Sagittarius,Nhân Mã,"24°54'33.56""",Purva Ashadha,Venus,4,Jupiter,Gemini,Song Tử,"25°23'07.66""",Punarvasu,Jupiter,2,7th House,7,180,180.4761,0.4761,Standard
2026-01-14 08:45:00,Parashara_Drishti,Jupiter,Gemini,Song Tử,"25°23'07.66""",Punarvasu,Jupiter,2,Mercury,Sagittarius,Nhân Mã,"24°54'33.56""",Purva Ashadha,Venus,4,7th House,7,180,179.5239,0.4761,Weak
2026-01-14 09:00:00,Parashara_Drishti,Mercury,Sagittarius,Nhân Mã,"24°55'34.04""",Purva Ashadha,Venus,4,Jupiter,Gemini,Song Tử,"25°23'02.63""",Punarvasu,Jupiter,2,7th House,7,180,180.4579,0.4579,Standard
2026-01-14 09:00:00,Parashara_Drishti,Jupiter,Gemini,Song Tử,"25°23'02.63""",Punarvasu,Jupiter,2,Mercury,Sagittarius,Nhân Mã,"24°55'34.04""",Purva Ashadha,Venus,4,7th House,7,180,179.5421,0.4579,Weak
2026-01-14 09:15:00,Parashara_Drishti,Mercury,Sagittarius,Nhân Mã,"24°56'34.53""",Purva Ashadha,Venus,4,Jupiter,Gemini,Song Tử,"25°22'57.59""",Punarvasu,Jupiter,2,7th House,7,180,180.4397,0.4397,Standard
2026-01-14 09:15:00,Parashara_Drishti,Jupiter,Gemini,Song Tử,"25°22'57.59""",Punarvasu,Jupiter,2,Mercury,Sagittarius,Nhân Mã,"24°56'34.53""",Purva Ashadha,Venus,4,7th House,7,180,179.5603,0.4397,Weak
2026-01-14 09:30:00,Parashara_Drishti,Mercury,Sagittarius,Nhân Mã,"24°57'35.01""",Purva Ashadha,Venus,4,Jupiter,Gemini,Song Tử,"25°22'52.55""",Punarvasu,Jupiter,2,7th House,7,180,180.4215,0.4215,Standard
2026-01-14 09:30:00,Parashara_Drishti,Jupiter,Gemini,Song Tử,"25°22'52.55""",Punarvasu,Jupiter,2,Mercury,Sagittarius,Nhân Mã,"24°57'35.01""",Purva Ashadha,Venus,4,7th House,7,180,179.5785,0.4215,Weak
2026-01-14 09:45:00,Parashara_Drishti,Mercury,Sagittarius,Nhân Mã,"24°58'35.50""",Purva Ashadha,Venus,4,Jupiter,Gemini,Song Tử,"25°22'47.52""",Punarvasu,Jupiter,2,7th House,7,180,180.4033,0.4033,Standard
2026-01-14 09:45:00,Parashara_Drishti,Jupiter,Gemini,Song Tử,"25°22'47.52""",Punarvasu,Jupiter,2,Mercury,Sagittarius,Nhân Mã,"24°58'35.50""",Purva Ashadha,Venus,4,7th House,7,180,179.5967,0.4033,Weak
2026-01-14 10:00:00,Parashara_Drishti,Mercury,Sagittarius,Nhân Mã,"24°59'35.99""",Purva Ashadha,Venus,4,Jupiter,Gemini,Song Tử,"25°22'42.48""",Punarvasu,Jupiter,2,7th House,7,180,180.3851,0.3851,Standard
2026-01-14 10:00:00,Parashara_Drishti,Jupiter,Gemini,Song Tử,"25°22'42.48""",Punarvasu,Jupiter,2,Mercury,Sagittarius,Nhân Mã,"24°59'35.99""",Purva Ashadha,Venus,4,7th House,7,180,179.6149,0.3851,Weak
2026-01-14 10:15:00,Parashara_Drishti,Mercury,Sagittarius,Nhân Mã,"25°00'36.49""",Purva Ashadha,Venus,4,Jupiter,Gemini,Song Tử,"25°22'37.45""",Punarvasu,Jupiter,2,7th House,7,180,180.3669,0.3669,Standard
2026-01-14 10:15:00,Parashara_Drishti,Jupiter,Gemini,Song Tử,"25°22'37.45""",Punarvasu,Jupiter,2,Mercury,Sagittarius,Nhân Mã,"25°00'36.49""",Purva Ashadha,Venus,4,7th House,7,180,179.6331,0.3669,Weak
2026-01-14 10:30:00,Parashara_Drishti,Mercury,Sagittarius,Nhân Mã,"25°01'36.99""",Purva Ashadha,Venus,4,Jupiter,Gemini,Song Tử,"25°22'32.41""",Punarvasu,Jupiter,2,7th House,7,180,180.3487,0.3487,Standard
2026-01-14 10:30:00,Parashara_Drishti,Jupiter,Gemini,Song Tử,"25°22'32.41""",Punarvasu,Jupiter,2,Mercury,Sagittarius,Nhân Mã,"25°01'36.99""",Purva Ashadha,Venus,4,7th House,7,180,179.6513,0.3487,Weak
2026-01-14 10:45:00,Parashara_Drishti,Mercury,Sagittarius,Nhân Mã,"25°02'37.49""",Purva Ashadha,Venus,4,Jupiter,Gemini,Song Tử,"25°22'27.38""",Punarvasu,Jupiter,2,7th House,7,180,180.3305,0.3305,Standard
2026-01-14 10:45:00,Parashara_Drishti,Jupiter,Gemini,Song Tử,"25°22'27.38""",Punarvasu,Jupiter,2,Mercury,Sagittarius,Nhân Mã,"25°02'37.49""",Purva Ashadha,Venus,4,7th House,7,180,179.6695,0.3305,Weak
2026-01-14 11:00:00,Parashara_Drishti,Mercury,Sagittarius,Nhân Mã,"25°03'37.99""",Purva Ashadha,Venus,4,Jupiter,Gemini,Song Tử,"25°22'22.34""",Punarvasu,Jupiter,2,7th House,7,180,180.3123,0.3123,Standard
2026-01-14 11:00:00,Parashara_Drishti,Jupiter,Gemini,Song Tử,"25°22'22.34""",Punarvasu,Jupiter,2,Mercury,Sagittarius,Nhân Mã,"25°03'37.99""",Purva Ashadha,Venus,4,7th House,7,180,179.6877,0.3123,Weak
2026-01-14 11:15:00,Parashara_Drishti,Mercury,Sagittarius,Nhân Mã,"25°04'38.50""",Purva Ashadha,Venus,4,Jupiter,Gemini,Song Tử,"25°22'17.30""",Punarvasu,Jupiter,2,7th House,7,180,180.2941,0.2941,Standard
2026-01-14 11:15:00,Parashara_Drishti,Jupiter,Gemini,Song Tử,"25°22'17.30""",Punarvasu,Jupiter,2,Mercury,Sagittarius,Nhân Mã,"25°04'38.50""",Purva Ashadha,Venus,4,7th House,7,180,179.7059,0.2941,Weak
2026-01-14 11:30:00,Parashara_Drishti,Mercury,Sagittarius,Nhân Mã,"25°05'39.01""",Purva Ashadha,Venus,4,Jupiter,Gemini,Song Tử,"25°22'12.27""",Punarvasu,Jupiter,2,7th House,7,180,180.2759,0.2759,Standard
2026-01-14 11:30:00,Parashara_Drishti,Jupiter,Gemini,Song Tử,"25°22'12.27""",Punarvasu,Jupiter,2,Mercury,Sagittarius,Nhân Mã,"25°05'39.01""",Purva Ashadha,Venus,4,7th House,7,180,179.7241,0.2759,Weak
2026-01-14 11:45:00,Parashara_Drishti,Mercury,Sagittarius,Nhân Mã,"25°06'39.53""",Purva Ashadha,Venus,4,Jupiter,Gemini,Song Tử,"25°22'07.24""",Punarvasu,Jupiter,2,7th House,7,180,180.2577,0.2577,Standard
2026-01-14 11:45:00,Parashara_Drishti,Jupiter,Gemini,Song Tử,"25°22'07.24""",Punarvasu,Jupiter,2,Mercury,Sagittarius,Nhân Mã,"25°06'39.53""",Purva Ashadha,Venus,4,7th House,7,180,179.7423,0.2577,Weak
2026-01-14 12:00:00,Parashara_Drishti,Mercury,Sagittarius,Nhân Mã,"25°07'40.05""",Purva Ashadha,Venus,4,Jupiter,Gemini,Song Tử,"25°22'02.20""",Punarvasu,Jupiter,2,7th House,7,180,180.2395,0.2395,Standard
2026-01-14 12:00:00,Parashara_Drishti,Jupiter,Gemini,Song Tử,"25°22'02.20""",Punarvasu,Jupiter,2,Mercury,Sagittarius,Nhân Mã,"25°07'40.05""",Purva Ashadha,Venus,4,7th House,7,180,179.7605,0.2395,Weak
2026-01-14 12:15:00,Parashara_Drishti,Mercury,Sagittarius,Nhân Mã,"25°08'40.57""",Purva Ashadha,Venus,4,Jupiter,Gemini,Song Tử,"25°21'57.17""",Punarvasu,Jupiter,2,7th House,7,180,180.2213,0.2213,Standard
2026-01-14 12:15:00,Parashara_Drishti,Jupiter,Gemini,Song Tử,"25°21'57.17""",Punarvasu,Jupiter,2,Mercury,Sagittarius,Nhân Mã,"25°08'40.57""",Purva Ashadha,Venus,4,7th House,7,180,179.7787,0.2213,Weak
2026-01-14 12:30:00,Parashara_Drishti,Mercury,Sagittarius,Nhân Mã,"25°09'41.09""",Purva Ashadha,Venus,4,Jupiter,Gemini,Song Tử,"25°21'52.13""",Punarvasu,Jupiter,2,7th House,7,180,180.2031,0.2031,Standard
2026-01-14 12:30:00,Parashara_Drishti,Jupiter,Gemini,Song Tử,"25°21'52.13""",Punarvasu,Jupiter,2,Mercury,Sagittarius,Nhân Mã,"25°09'41.09""",Purva Ashadha,Venus,4,7th House,7,180,179.7969,0.2031,Weak
2026-01-14 12:45:00,Parashara_Drishti,Mercury,Sagittarius,Nhân Mã,"25°10'41.62""",Purva Ashadha,Venus,4,Jupiter,Gemini,Song Tử,"25°21'47.10""",Punarvasu,Jupiter,2,7th House,7,180,180.1849,0.1849,Standard
2026-01-14 12:45:00,Parashara_Drishti,Jupiter,Gemini,Song Tử,"25°21'47.10""",Punarvasu,Jupiter,2,Mercury,Sagittarius,Nhân Mã,"25°10'41.62""",Purva Ashadha,Venus,4,7th House,7,180,179.8151,0.1849,Weak
2026-01-14 13:00:00,Parashara_Drishti,Mercury,Sagittarius,Nhân Mã,"25°11'42.15""",Purva Ashadha,Venus,4,Jupiter,Gemini,Song Tử,"25°21'42.06""",Punarvasu,Jupiter,2,7th House,7,180,180.1666,0.1666,Standard
2026-01-14 13:00:00,Parashara_Drishti,Jupiter,Gemini,Song Tử,"25°21'42.06""",Punarvasu,Jupiter,2,Mercury,Sagittarius,Nhân Mã,"25°11'42.15""",Purva Ashadha,Venus,4,7th House,7,180,179.8334,0.1666,Weak
2026-01-14 13:15:00,Parashara_Drishti,Mercury,Sagittarius,Nhân Mã,"25°12'42.68""",Purva Ashadha,Venus,4,Jupiter,Gemini,Song Tử,"25°21'37.03""",Punarvasu,Jupiter,2,7th House,7,180,180.1484,0.1484,Standard
2026-01-14 13:15:00,Parashara_Drishti,Jupiter,Gemini,Song Tử,"25°21'37.03""",Punarvasu,Jupiter,2,Mercury,Sagittarius,Nhân Mã,"25°12'42.68""",Purva Ashadha,Venus,4,7th House,7,180,179.8516,0.1484,Weak
2026-01-14 13:30:00,Parashara_Drishti,Mercury,Sagittarius,Nhân Mã,"25°13'43.22""",Purva Ashadha,Venus,4,Jupiter,Gemini,Song Tử,"25°21'32.00""",Punarvasu,Jupiter,2,7th House,7,180,180.1302,0.1302,Standard
2026-01-14 13:30:00,Parashara_Drishti,Jupiter,Gemini,Song Tử,"25°21'32.00""",Punarvasu,Jupiter,2,Mercury,Sagittarius,Nhân Mã,"25°13'43.22""",Purva Ashadha,Venus,4,7th House,7,180,179.8698,0.1302,Weak
2026-01-14 13:45:00,Parashara_Drishti,Mercury,Sagittarius,Nhân Mã,"25°14'43.76""",Purva Ashadha,Venus,4,Jupiter,Gemini,Song Tử,"25°21'26.96""",Punarvasu,Jupiter,2,7th House,7,180,180.112,0.112,Standard
2026-01-14 13:45:00,Parashara_Drishti,Jupiter,Gemini,Song Tử,"25°21'26.96""",Punarvasu,Jupiter,2,Mercury,Sagittarius,Nhân Mã,"25°14'43.76""",Purva Ashadha,Venus,4,7th House,7,180,179.888,0.112,Weak
2026-01-14 14:00:00,Parashara_Drishti,Mercury,Sagittarius,Nhân Mã,"25°15'44.30""",Purva Ashadha,Venus,4,Jupiter,Gemini,Song Tử,"25°21'21.93""",Punarvasu,Jupiter,2,7th House,7,180,180.0938,0.0938,Standard
2026-01-14 14:00:00,Parashara_Drishti,Jupiter,Gemini,Song Tử,"25°21'21.93""",Punarvasu,Jupiter,2,Mercury,Sagittarius,Nhân Mã,"25°15'44.30""",Purva Ashadha,Venus,4,7th House,7,180,179.9062,0.0938,Weak
2026-01-14 14:15:00,Parashara_Drishti,Mercury,Sagittarius,Nhân Mã,"25°16'44.85""",Purva Ashadha,Venus,4,Jupiter,Gemini,Song Tử,"25°21'16.90""",Punarvasu,Jupiter,2,7th House,7,180,180.0756,0.0756,Standard
2026-01-14 14:15:00,Parashara_Drishti,Jupiter,Gemini,Song Tử,"25°21'16.90""",Punarvasu,Jupiter,2,Mercury,Sagittarius,Nhân Mã,"25°16'44.85""",Purva Ashadha,Venus,4,7th House,7,180,179.9244,0.0756,Weak
2026-01-14 14:30:00,Parashara_Drishti,Mercury,Sagittarius,Nhân Mã,"25°17'45.39""",Purva Ashadha,Venus,4,Jupiter,Gemini,Song Tử,"25°21'11.86""",Punarvasu,Jupiter,2,7th House,7,180,180.0574,0.0574,Standard
2026-01-14 14:30:00,Parashara_Drishti,Jupiter,Gemini,Song Tử,"25°21'11.86""",Punarvasu,Jupiter,2,Mercury,Sagittarius,Nhân Mã,"25°17'45.39""",Purva Ashadha,Venus,4,7th House,7,180,179.9426,0.0574,Weak
2026-01-14 14:45:00,Parashara_Drishti,Mercury,Sagittarius,Nhân Mã,"25°18'45.95""",Purva Ashadha,Venus,4,Jupiter,Gemini,Song Tử,"25°21'06.83""",Punarvasu,Jupiter,2,7th House,7,180,180.0391,0.0391,Standard
2026-01-14 14:45:00,Parashara_Drishti,Jupiter,Gemini,Song Tử,"25°21'06.83""",Punarvasu,Jupiter,2,Mercury,Sagittarius,Nhân Mã,"25°18'45.95""",Purva Ashadha,Venus,4,7th House,7,180,179.9609,0.0391,Weak
2026-01-14 15:00:00,Parashara_Drishti,Mercury,Sagittarius,Nhân Mã,"25°19'46.50""",Purva Ashadha,Venus,4,Jupiter,Gemini,Song Tử,"25°21'01.80""",Punarvasu,Jupiter,2,7th House,7,180,180.0209,0.0209,Standard
2026-01-14 15:00:00,Parashara_Drishti,Jupiter,Gemini,Song Tử,"25°21'01.80""",Punarvasu,Jupiter,2,Mercury,Sagittarius,Nhân Mã,"25°19'46.50""",Purva Ashadha,Venus,4,7th House,7,180,179.9791,0.0209,Weak
2026-01-14 15:15:00,Parashara_Drishti,Mercury,Sagittarius,Nhân Mã,"25°20'47.06""",Purva Ashadha,Venus,4,Jupiter,Gemini,Song Tử,"25°20'56.76""",Punarvasu,Jupiter,2,7th House,7,180,180.0027,0.0027,Standard
2026-01-14 15:15:00,Parashara_Drishti,Jupiter,Gemini,Song Tử,"25°20'56.76""",Punarvasu,Jupiter,2,Mercury,Sagittarius,Nhân Mã,"25°20'47.06""",Purva Ashadha,Venus,4,7th House,7,180,179.9973,0.0027,Weak
2026-01-14 15:30:00,Parashara_Drishti,Mercury,Sagittarius,Nhân Mã,"25°21'47.62""",Purva Ashadha,Venus,4,Jupiter,Gemini,Song Tử,"25°20'51.73""",Punarvasu,Jupiter,2,7th House,7,180,179.9845,0.0155,Standard
2026-01-14 15:30:00,Parashara_Drishti,Jupiter,Gemini,Song Tử,"25°20'51.73""",Punarvasu,Jupiter,2,Mercury,Sagittarius,Nhân Mã,"25°21'47.62""",Purva Ashadha,Venus,4,7th House,7,180,180.0155,0.0155,Weak
2026-01-14 15:45:00,Parashara_Drishti,Mercury,Sagittarius,Nhân Mã,"25°22'48.19""",Purva Ashadha,Venus,4,Jupiter,Gemini,Song Tử,"25°20'46.70""",Punarvasu,Jupiter,2,7th House,7,180,179.9663,0.0337,Standard
2026-01-14 15:45:00,Parashara_Drishti,Jupiter,Gemini,Song Tử,"25°20'46.70""",Punarvasu,Jupiter,2,Mercury,Sagittarius,Nhân Mã,"25°22'48.19""",Purva Ashadha,Venus,4,7th House,7,180,180.0337,0.0337,Weak
2026-01-14 16:00:00,Parashara_Drishti,Mercury,Sagittarius,Nhân Mã,"25°23'48.76""",Purva Ashadha,Venus,4,Jupiter,Gemini,Song Tử,"25°20'41.67""",Punarvasu,Jupiter,2,7th House,7,180,179.948,0.052,Standard
2026-01-14 16:00:00,Parashara_Drishti,Jupiter,Gemini,Song Tử,"25°20'41.67""",Punarvasu,Jupiter,2,Mercury,Sagittarius,Nhân Mã,"25°23'48.76""",Purva Ashadha,Venus,4,7th House,7,180,180.052,0.052,Weak
2026-01-14 16:15:00,Parashara_Drishti,Mercury,Sagittarius,Nhân Mã,"25°24'49.33""",Purva Ashadha,Venus,4,Jupiter,Gemini,Song Tử,"25°20'36.64""",Punarvasu,Jupiter,2,7th House,7,180,179.9298,0.0702,Standard
2026-01-14 16:15:00,Parashara_Drishti,Jupiter,Gemini,Song Tử,"25°20'36.64""",Punarvasu,Jupiter,2,Mercury,Sagittarius,Nhân Mã,"25°24'49.33""",Purva Ashadha,Venus,4,7th House,7,180,180.0702,0.0702,Weak
2026-01-14 16:30:00,Parashara_Drishti,Mercury,Sagittarius,Nhân Mã,"25°25'49.90""",Purva Ashadha,Venus,4,Jupiter,Gemini,Song Tử,"25°20'31.60""",Punarvasu,Jupiter,2,7th House,7,180,179.9116,0.0884,Standard
2026-01-14 16:30:00,Parashara_Drishti,Jupiter,Gemini,Song Tử,"25°20'31.60""",Punarvasu,Jupiter,2,Mercury,Sagittarius,Nhân Mã,"25°25'49.90""",Purva Ashadha,Venus,4,7th House,7,180,180.0884,0.0884,Weak
2026-01-14 16:45:00,Parashara_Drishti,Mercury,Sagittarius,Nhân Mã,"25°26'50.48""",Purva Ashadha,Venus,4,Jupiter,Gemini,Song Tử,"25°20'26.57""",Punarvasu,Jupiter,2,7th House,7,180,179.8934,0.1066,Standard
2026-01-14 16:45:00,Parashara_Drishti,Jupiter,Gemini,Song Tử,"25°20'26.57""",Punarvasu,Jupiter,2,Mercury,Sagittarius,Nhân Mã,"25°26'50.48""",Purva Ashadha,Venus,4,7th House,7,180,180.1066,0.1066,Weak
2026-01-14 17:00:00,Parashara_Drishti,Mercury,Sagittarius,Nhân Mã,"25°27'51.06""",Purva Ashadha,Venus,4,Jupiter,Gemini,Song Tử,"25°20'21.54""",Punarvasu,Jupiter,2,7th House,7,180,179.8751,0.1249,Standard
2026-01-14 17:00:00,Parashara_Drishti,Jupiter,Gemini,Song Tử,"25°20'21.54""",Punarvasu,Jupiter,2,Mercury,Sagittarius,Nhân Mã,"25°27'51.06""",Purva Ashadha,Venus,4,7th House,7,180,180.1249,0.1249,Weak
2026-01-14 17:15:00,Parashara_Drishti,Mercury,Sagittarius,Nhân Mã,"25°28'51.64""",Purva Ashadha,Venus,4,Jupiter,Gemini,Song Tử,"25°20'16.51""",Punarvasu,Jupiter,2,7th House,7,180,179.8569,0.1431,Standard
2026-01-14 17:15:00,Parashara_Drishti,Jupiter,Gemini,Song Tử,"25°20'16.51""",Punarvasu,Jupiter,2,Mercury,Sagittarius,Nhân Mã,"25°28'51.64""",Purva Ashadha,Venus,4,7th House,7,180,180.1431,0.1431,Weak
2026-01-14 17:30:00,Parashara_Drishti,Mercury,Sagittarius,Nhân Mã,"25°29'52.23""",Purva Ashadha,Venus,4,Jupiter,Gemini,Song Tử,"25°20'11.48""",Punarvasu,Jupiter,2,7th House,7,180,179.8387,0.1613,Standard
2026-01-14 17:30:00,Parashara_Drishti,Jupiter,Gemini,Song Tử,"25°20'11.48""",Punarvasu,Jupiter,2,Mercury,Sagittarius,Nhân Mã,"25°29'52.23""",Purva Ashadha,Venus,4,7th House,7,180,180.1613,0.1613,Weak
2026-01-14 17:45:00,Parashara_Drishti,Mercury,Sagittarius,Nhân Mã,"25°30'52.82""",Purva Ashadha,Venus,4,Jupiter,Gemini,Song Tử,"25°20'06.45""",Punarvasu,Jupiter,2,7th House,7,180,179.8205,0.1795,Standard
2026-01-14 17:45:00,Parashara_Drishti,Jupiter,Gemini,Song Tử,"25°20'06.45""",Punarvasu,Jupiter,2,Mercury,Sagittarius,Nhân Mã,"25°30'52.82""",Purva Ashadha,Venus,4,7th House,7,180,180.1795,0.1795,Weak
2026-01-14 18:00:00,Parashara_Drishti,Mercury,Sagittarius,Nhân Mã,"25°31'53.41""",Purva Ashadha,Venus,4,Jupiter,Gemini,Song Tử,"25°20'01.42""",Punarvasu,Jupiter,2,7th House,7,180,179.8022,0.1978,Standard
2026-01-14 18:00:00,Parashara_Drishti,Jupiter,Gemini,Song Tử,"25°20'01.42""",Punarvasu,Jupiter,2,Mercury,Sagittarius,Nhân Mã,"25°31'53.41""",Purva Ashadha,Venus,4,7th House,7,180,180.1978,0.1978,Weak
2026-01-14 18:15:00,Parashara_Drishti,Mercury,Sagittarius,Nhân Mã,"25°32'54.01""",Purva Ashadha,Venus,4,Jupiter,Gemini,Song Tử,"25°19'56.39""",Punarvasu,Jupiter,2,7th House,7,180,179.784,0.216,Standard
2026-01-14 18:15:00,Parashara_Drishti,Jupiter,Gemini,Song Tử,"25°19'56.39""",Punarvasu,Jupiter,2,Mercury,Sagittarius,Nhân Mã,"25°32'54.01""",Purva Ashadha,Venus,4,7th House,7,180,180.216,0.216,Weak
2026-01-14 18:30:00,Parashara_Drishti,Mercury,Sagittarius,Nhân Mã,"25°33'54.61""",Purva Ashadha,Venus,4,Jupiter,Gemini,Song Tử,"25°19'51.36""",Punarvasu,Jupiter,2,7th House,7,180,179.7658,0.2342,Standard
2026-01-14 18:30:00,Parashara_Drishti,Jupiter,Gemini,Song Tử,"25°19'51.36""",Punarvasu,Jupiter,2,Mercury,Sagittarius,Nhân Mã,"25°33'54.61""",Purva Ashadha,Venus,4,7th House,7,180,180.2342,0.2342,Weak
2026-01-14 18:45:00,Parashara_Drishti,Mercury,Sagittarius,Nhân Mã,"25°34'55.21""",Purva Ashadha,Venus,4,Jupiter,Gemini,Song Tử,"25°19'46.33""",Punarvasu,Jupiter,2,7th House,7,180,179.7475,0.2525,Standard
2026-01-14 18:45:00,Parashara_Drishti,Jupiter,Gemini,Song Tử,"25°19'46.33""",Punarvasu,Jupiter,2,Mercury,Sagittarius,Nhân Mã,"25°34'55.21""",Purva Ashadha,Venus,4,7th House,7,180,180.2525,0.2525,Weak
2026-01-14 19:00:00,Parashara_Drishti,Mercury,Sagittarius,Nhân Mã,"25°35'55.82""",Purva Ashadha,Venus,4,Jupiter,Gemini,Song Tử,"25°19'41.30""",Punarvasu,Jupiter,2,7th House,7,180,179.7293,0.2707,Standard
2026-01-14 19:00:00,Parashara_Drishti,Jupiter,Gemini,Song Tử,"25°19'41.30""",Punarvasu,Jupiter,2,Mercury,Sagittarius,Nhân Mã,"25°35'55.82""",Purva Ashadha,Venus,4,7th House,7,180,180.2707,0.2707,Weak
2026-01-14 19:15:00,Parashara_Drishti,Mercury,Sagittarius,Nhân Mã,"25°36'56.43""",Purva Ashadha,Venus,4,Jupiter,Gemini,Song Tử,"25°19'36.27""",Punarvasu,Jupiter,2,7th House,7,180,179.7111,0.2889,Standard
2026-01-14 19:15:00,Parashara_Drishti,Jupiter,Gemini,Song Tử,"25°19'36.27""",Punarvasu,Jupiter,2,Mercury,Sagittarius,Nhân Mã,"25°36'56.43""",Purva Ashadha,Venus,4,7th House,7,180,180.2889,0.2889,Weak
2026-01-14 19:30:00,Parashara_Drishti,Mercury,Sagittarius,Nhân Mã,"25°37'57.04""",Purva Ashadha,Venus,4,Jupiter,Gemini,Song Tử,"25°19'31.24""",Punarvasu,Jupiter,2,7th House,7,180,179.6928,0.3072,Standard
2026-01-14 19:30:00,Parashara_Drishti,Jupiter,Gemini,Song Tử,"25°19'31.24""",Punarvasu,Jupiter,2,Mercury,Sagittarius,Nhân Mã,"25°37'57.04""",Purva Ashadha,Venus,4,7th House,7,180,180.3072,0.3072,Weak
2026-01-14 19:45:00,Parashara_Drishti,Mercury,Sagittarius,Nhân Mã,"25°38'57.66""",Purva Ashadha,Venus,4,Jupiter,Gemini,Song Tử,"25°19'26.21""",Punarvasu,Jupiter,2,7th House,7,180,179.6746,0.3254,Standard
2026-01-14 19:45:00,Parashara_Drishti,Jupiter,Gemini,Song Tử,"25°19'26.21""",Punarvasu,Jupiter,2,Mercury,Sagittarius,Nhân Mã,"25°38'57.66""",Purva Ashadha,Venus,4,7th House,7,180,180.3254,0.3254,Weak
2026-01-14 20:00:00,Parashara_Drishti,Mercury,Sagittarius,Nhân Mã,"25°39'58.28""",Purva Ashadha,Venus,4,Jupiter,Gemini,Song Tử,"25°19'21.18""",Punarvasu,Jupiter,2,7th House,7,180,179.6564,0.3436,Standard
2026-01-14 20:00:00,Parashara_Drishti,Jupiter,Gemini,Song Tử,"25°19'21.18""",Punarvasu,Jupiter,2,Mercury,Sagittarius,Nhân Mã,"25°39'58.28""",Purva Ashadha,Venus,4,7th House,7,180,180.3436,0.3436,Weak
2026-01-14 20:15:00,Parashara_Drishti,Mercury,Sagittarius,Nhân Mã,"25°40'58.90""",Purva Ashadha,Venus,4,Jupiter,Gemini,Song Tử,"25°19'16.15""",Punarvasu,Jupiter,2,7th House,7,180,179.6381,0.3619,Standard
2026-01-14 20:15:00,Parashara_Drishti,Jupiter,Gemini,Song Tử,"25°19'16.15""",Punarvasu,Jupiter,2,Mercury,Sagittarius,Nhân Mã,"25°40'58.90""",Purva Ashadha,Venus,4,7th House,7,180,180.3619,0.3619,Weak
2026-01-14 20:30:00,Parashara_Drishti,Mercury,Sagittarius,Nhân Mã,"25°41'59.52""",Purva Ashadha,Venus,4,Jupiter,Gemini,Song Tử,"25°19'11.12""",Punarvasu,Jupiter,2,7th House,7,180,179.6199,0.3801,Standard
2026-01-14 20:30:00,Parashara_Drishti,Jupiter,Gemini,Song Tử,"25°19'11.12""",Punarvasu,Jupiter,2,Mercury,Sagittarius,Nhân Mã,"25°41'59.52""",Purva Ashadha,Venus,4,7th House,7,180,180.3801,0.3801,Weak
2026-01-14 20:45:00,Parashara_Drishti,Mercury,Sagittarius,Nhân Mã,"25°43'00.15""",Purva Ashadha,Venus,4,Jupiter,Gemini,Song Tử,"25°19'06.09""",Punarvasu,Jupiter,2,7th House,7,180,179.6016,0.3984,Standard
2026-01-14 20:45:00,Parashara_Drishti,Jupiter,Gemini,Song Tử,"25°19'06.09""",Punarvasu,Jupiter,2,Mercury,Sagittarius,Nhân Mã,"25°43'00.15""",Purva Ashadha,Venus,4,7th House,7,180,180.3984,0.3984,Weak
2026-01-14 21:00:00,Parashara_Drishti,Mercury,Sagittarius,Nhân Mã,"25°44'00.78""",Purva Ashadha,Venus,4,Jupiter,Gemini,Song Tử,"25°19'01.06""",Punarvasu,Jupiter,2,7th House,7,180,179.5834,0.4166,Standard
2026-01-14 21:00:00,Parashara_Drishti,Jupiter,Gemini,Song Tử,"25°19'01.06""",Punarvasu,Jupiter,2,Mercury,Sagittarius,Nhân Mã,"25°44'00.78""",Purva Ashadha,Venus,4,7th House,7,180,180.4166,0.4166,Weak
2026-01-14 21:15:00,Parashara_Drishti,Mercury,Sagittarius,Nhân Mã,"25°45'01.42""",Purva Ashadha,Venus,4,Jupiter,Gemini,Song Tử,"25°18'56.03""",Punarvasu,Jupiter,2,7th House,7,180,179.5652,0.4348,Standard
2026-01-14 21:15:00,Parashara_Drishti,Jupiter,Gemini,Song Tử,"25°18'56.03""",Punarvasu,Jupiter,2,Mercury,Sagittarius,Nhân Mã,"25°45'01.42""",Purva Ashadha,Venus,4,7th House,7,180,180.4348,0.4348,Weak
2026-01-14 21:30:00,Parashara_Drishti,Mercury,Sagittarius,Nhân Mã,"25°46'02.06""",Purva Ashadha,Venus,4,Jupiter,Gemini,Song Tử,"25°18'51.00""",Punarvasu,Jupiter,2,7th House,7,180,179.5469,0.4531,Standard
2026-01-14 21:30:00,Parashara_Drishti,Jupiter,Gemini,Song Tử,"25°18'51.00""",Punarvasu,Jupiter,2,Mercury,Sagittarius,Nhân Mã,"25°46'02.06""",Purva Ashadha,Venus,4,7th House,7,180,180.4531,0.4531,Weak
2026-01-14 21:45:00,Parashara_Drishti,Mercury,Sagittarius,Nhân Mã,"25°47'02.70""",Purva Ashadha,Venus,4,Jupiter,Gemini,Song Tử,"25°18'45.98""",Punarvasu,Jupiter,2,7th House,7,180,179.5287,0.4713,Standard
2026-01-14 21:45:00,Parashara_Drishti,Jupiter,Gemini,Song Tử,"25°18'45.98""",Punarvasu,Jupiter,2,Mercury,Sagittarius,Nhân Mã,"25°47'02.70""",Purva Ashadha,Venus,4,7th House,7,180,180.4713,0.4713,Weak
2026-01-14 22:00:00,Parashara_Drishti,Mercury,Sagittarius,Nhân Mã,"25°48'03.34""",Purva Ashadha,Venus,4,Jupiter,Gemini,Song Tử,"25°18'40.95""",Punarvasu,Jupiter,2,7th House,7,180,179.5104,0.4896,Standard
2026-01-14 22:00:00,Parashara_Drishti,Jupiter,Gemini,Song Tử,"25°18'40.95""",Punarvasu,Jupiter,2,Mercury,Sagittarius,Nhân Mã,"25°48'03.34""",Purva Ashadha,Venus,4,7th House,7,180,180.4896,0.4896,Weak
2026-01-14 22:15:00,Parashara_Drishti,Mercury,Sagittarius,Nhân Mã,"25°49'03.99""",Purva Ashadha,Venus,4,Jupiter,Gemini,Song Tử,"25°18'35.92""",Punarvasu,Jupiter,2,7th House,7,180,179.4922,0.5078,Standard
2026-01-14 22:15:00,Parashara_Drishti,Jupiter,Gemini,Song Tử,"25°18'35.92""",Punarvasu,Jupiter,2,Mercury,Sagittarius,Nhân Mã,"25°49'03.99""",Purva Ashadha,Venus,4,7th House,7,180,180.5078,0.5078,Weak
2026-01-14 22:30:00,Parashara_Drishti,Mercury,Sagittarius,Nhân Mã,"25°50'04.64""",Purva Ashadha,Venus,4,Jupiter,Gemini,Song Tử,"25°18'30.89""",Punarvasu,Jupiter,2,7th House,7,180,179.474,0.526,Standard
2026-01-14 22:30:00,Parashara_Drishti,Jupiter,Gemini,Song Tử,"25°18'30.89""",Punarvasu,Jupiter,2,Mercury,Sagittarius,Nhân Mã,"25°50'04.64""",Purva Ashadha,Venus,4,7th House,7,180,180.526,0.526,Weak
2026-01-14 22:45:00,Parashara_Drishti,Mercury,Sagittarius,Nhân Mã,"25°51'05.30""",Purva Ashadha,Venus,4,Jupiter,Gemini,Song Tử,"25°18'25.86""",Punarvasu,Jupiter,2,7th House,7,180,179.4557,0.5443,Standard
2026-01-14 22:45:00,Parashara_Drishti,Jupiter,Gemini,Song Tử,"25°18'25.86""",Punarvasu,Jupiter,2,Mercury,Sagittarius,Nhân Mã,"25°51'05.30""",Purva Ashadha,Venus,4,7th House,7,180,180.5443,0.5443,Weak
2026-01-14 23:00:00,Parashara_Drishti,Mercury,Sagittarius,Nhân Mã,"25°52'05.95""",Purva Ashadha,Venus,4,Jupiter,Gemini,Song Tử,"25°18'20.84""",Punarvasu,Jupiter,2,7th House,7,180,179.4375,0.5625,Standard
2026-01-14 23:00:00,Parashara_Drishti,Jupiter,Gemini,Song Tử,"25°18'20.84""",Punarvasu,Jupiter,2,Mercury,Sagittarius,Nhân Mã,"25°52'05.95""",Purva Ashadha,Venus,4,7th House,7,180,180.5625,0.5625,Weak
2026-01-14 23:15:00,Parashara_Drishti,Mercury,Sagittarius,Nhân Mã,"25°53'06.61""",Purva Ashadha,Venus,4,Jupiter,Gemini,Song Tử,"25°18'15.81""",Punarvasu,Jupiter,2,7th House,7,180,179.4192,0.5808,Standard
2026-01-14 23:15:00,Parashara_Drishti,Jupiter,Gemini,Song Tử,"25°18'15.81""",Punarvasu,Jupiter,2,Mercury,Sagittarius,Nhân Mã,"25°53'06.61""",Purva Ashadha,Venus,4,7th House,7,180,180.5808,0.5808,Weak
2026-01-14 23:30:00,Parashara_Drishti,Mercury,Sagittarius,Nhân Mã,"25°54'07.28""",Purva Ashadha,Venus,4,Jupiter,Gemini,Song Tử,"25°18'10.78""",Punarvasu,Jupiter,2,7th House,7,180,179.401,0.599,Standard
2026-01-14 23:30:00,Parashara_Drishti,Jupiter,Gemini,Song Tử,"25°18'10.78""",Punarvasu,Jupiter,2,Mercury,Sagittarius,Nhân Mã,"25°54'07.28""",Purva Ashadha,Venus,4,7th House,7,180,180.599,0.599,Weak
2026-01-14 23:45:00,Parashara_Drishti,Mercury,Sagittarius,Nhân Mã,"25°55'07.94""",Purva Ashadha,Venus,4,Jupiter,Gemini,Song Tử,"25°18'05.76""",Punarvasu,Jupiter,2,7th House,7,180,179.3827,0.6173,Standard
2026-01-14 23:45:00,Parashara_Drishti,Jupiter,Gemini,Song Tử,"25°18'05.76""",Punarvasu,Jupiter,2,Mercury,Sagittarius,Nhân Mã,"25°55'07.94""",Purva Ashadha,Venus,4,7th House,7,180,180.6173,0.6173,Weak
2026-01-15 00:00:00,Parashara_Drishti,Mercury,Sagittarius,Nhân Mã,"25°56'08.61""",Purva Ashadha,Venus,4,Jupiter,Gemini,Song Tử,"25°18'00.73""",Punarvasu,Jupiter,2,7th House,7,180,179.3645,0.6355,Standard
2026-01-15 00:00:00,Parashara_Drishti,Jupiter,Gemini,Song Tử,"25°18'00.73""",Punarvasu,Jupiter,2,Mercury,Sagittarius,Nhân Mã,"25°56'08.61""",Purva Ashadha,Venus,4,7th House,7,180,180.6355,0.6355,Weak
2026-01-15 00:15:00,Parashara_Drishti,Mercury,Sagittarius,Nhân Mã,"25°57'09.29""",Purva Ashadha,Venus,4,Jupiter,Gemini,Song Tử,"25°17'55.70""",Punarvasu,Jupiter,2,7th House,7,180,179.3462,0.6538,Standard
2026-01-15 00:15:00,Parashara_Drishti,Jupiter,Gemini,Song Tử,"25°17'55.70""",Punarvasu,Jupiter,2,Mercury,Sagittarius,Nhân Mã,"25°57'09.29""",Purva Ashadha,Venus,4,7th House,7,180,180.6538,0.6538,Weak
2026-01-15 00:30:00,Parashara_Drishti,Mercury,Sagittarius,Nhân Mã,"25°58'09.96""",Purva Ashadha,Venus,4,Jupiter,Gemini,Song Tử,"25°17'50.68""",Punarvasu,Jupiter,2,7th House,7,180,179.328,0.672,Standard
2026-01-15 00:30:00,Parashara_Drishti,Jupiter,Gemini,Song Tử,"25°17'50.68""",Punarvasu,Jupiter,2,Mercury,Sagittarius,Nhân Mã,"25°58'09.96""",Purva Ashadha,Venus,4,7th House,7,180,180.672,0.672,Weak
2026-01-15 00:45:00,Parashara_Drishti,Mercury,Sagittarius,Nhân Mã,"25°59'10.64""",Purva Ashadha,Venus,4,Jupiter,Gemini,Song Tử,"25°17'45.65""",Punarvasu,Jupiter,2,7th House,7,180,179.3097,0.6903,Standard
2026-01-15 00:45:00,Parashara_Drishti,Jupiter,Gemini,Song Tử,"25°17'45.65""",Punarvasu,Jupiter,2,Mercury,Sagittarius,Nhân Mã,"25°59'10.64""",Purva Ashadha,Venus,4,7th House,7,180,180.6903,0.6903,Weak
2026-01-15 01:00:00,Parashara_Drishti,Mercury,Sagittarius,Nhân Mã,"26°00'11.33""",Purva Ashadha,Venus,4,Jupiter,Gemini,Song Tử,"25°17'40.62""",Punarvasu,Jupiter,2,7th House,7,180,179.2915,0.7085,Standard
2026-01-15 01:00:00,Parashara_Drishti,Jupiter,Gemini,Song Tử,"25°17'40.62""",Punarvasu,Jupiter,2,Mercury,Sagittarius,Nhân Mã,"26°00'11.33""",Purva Ashadha,Venus,4,7th House,7,180,180.7085,0.7085,Weak
2026-01-15 01:15:00,Parashara_Drishti,Mercury,Sagittarius,Nhân Mã,"26°01'12.01""",Purva Ashadha,Venus,4,Jupiter,Gemini,Song Tử,"25°17'35.60""",Punarvasu,Jupiter,2,7th House,7,180,179.2732,0.7268,Standard
2026-01-15 01:15:00,Parashara_Drishti,Jupiter,Gemini,Song Tử,"25°17'35.60""",Punarvasu,Jupiter,2,Mercury,Sagittarius,Nhân Mã,"26°01'12.01""",Purva Ashadha,Venus,4,7th House,7,180,180.7268,0.7268,Weak
2026-01-15 01:30:00,Parashara_Drishti,Mercury,Sagittarius,Nhân Mã,"26°02'12.70""",Purva Ashadha,Venus,4,Jupiter,Gemini,Song Tử,"25°17'30.57""",Punarvasu,Jupiter,2,7th House,7,180,179.255,0.745,Standard
2026-01-15 01:30:00,Parashara_Drishti,Jupiter,Gemini,Song Tử,"25°17'30.57""",Punarvasu,Jupiter,2,Mercury,Sagittarius,Nhân Mã,"26°02'12.70""",Purva Ashadha,Venus,4,7th House,7,180,180.745,0.745,Weak
2026-01-15 01:45:00,Parashara_Drishti,Mercury,Sagittarius,Nhân Mã,"26°03'13.39""",Purva Ashadha,Venus,4,Jupiter,Gemini,Song Tử,"25°17'25.55""",Punarvasu,Jupiter,2,7th House,7,180,179.2367,0.7633,Standard
2026-01-15 01:45:00,Parashara_Drishti,Jupiter,Gemini,Song Tử,"25°17'25.55""",Punarvasu,Jupiter,2,Mercury,Sagittarius,Nhân Mã,"26°03'13.39""",Purva Ashadha,Venus,4,7th House,7,180,180.7633,0.7633,Weak
2026-01-15 02:00:00,Parashara_Drishti,Mercury,Sagittarius,Nhân Mã,"26°04'14.09""",Purva Ashadha,Venus,4,Jupiter,Gemini,Song Tử,"25°17'20.52""",Punarvasu,Jupiter,2,7th House,7,180,179.2185,0.7815,Standard
2026-01-15 02:00:00,Parashara_Drishti,Jupiter,Gemini,Song Tử,"25°17'20.52""",Punarvasu,Jupiter,2,Mercury,Sagittarius,Nhân Mã,"26°04'14.09""",Purva Ashadha,Venus,4,7th House,7,180,180.7815,0.7815,Weak
2026-01-15 02:15:00,Parashara_Drishti,Mercury,Sagittarius,Nhân Mã,"26°05'14.79""",Purva Ashadha,Venus,4,Jupiter,Gemini,Song Tử,"25°17'15.50""",Punarvasu,Jupiter,2,7th House,7,180,179.2002,0.7998,Standard
2026-01-15 02:15:00,Parashara_Drishti,Jupiter,Gemini,Song Tử,"25°17'15.50""",Punarvasu,Jupiter,2,Mercury,Sagittarius,Nhân Mã,"26°05'14.79""",Purva Ashadha,Venus,4,7th House,7,180,180.7998,0.7998,Weak
2026-01-15 02:30:00,Parashara_Drishti,Mercury,Sagittarius,Nhân Mã,"26°06'15.49""",Purva Ashadha,Venus,4,Jupiter,Gemini,Song Tử,"25°17'10.47""",Punarvasu,Jupiter,2,7th House,7,180,179.1819,0.8181,Standard
2026-01-15 02:30:00,Parashara_Drishti,Jupiter,Gemini,Song Tử,"25°17'10.47""",Punarvasu,Jupiter,2,Mercury,Sagittarius,Nhân Mã,"26°06'15.49""",Purva Ashadha,Venus,4,7th House,7,180,180.8181,0.8181,Weak
2026-01-15 02:45:00,Parashara_Drishti,Mercury,Sagittarius,Nhân Mã,"26°07'16.20""",Purva Ashadha,Venus,4,Jupiter,Gemini,Song Tử,"25°17'05.45""",Punarvasu,Jupiter,2,7th House,7,180,179.1637,0.8363,Standard
2026-01-15 02:45:00,Parashara_Drishti,Jupiter,Gemini,Song Tử,"25°17'05.45""",Punarvasu,Jupiter,2,Mercury,Sagittarius,Nhân Mã,"26°07'16.20""",Purva Ashadha,Venus,4,7th House,7,180,180.8363,0.8363,Weak
2026-01-15 03:00:00,Parashara_Drishti,Mercury,Sagittarius,Nhân Mã,"26°08'16.90""",Purva Ashadha,Venus,4,Jupiter,Gemini,Song Tử,"25°17'00.42""",Punarvasu,Jupiter,2,7th House,7,180,179.1454,0.8546,Standard
2026-01-15 03:00:00,Parashara_Drishti,Jupiter,Gemini,Song Tử,"25°17'00.42""",Punarvasu,Jupiter,2,Mercury,Sagittarius,Nhân Mã,"26°08'16.90""",Purva Ashadha,Venus,4,7th House,7,180,180.8546,0.8546,Weak
2026-01-15 03:15:00,Parashara_Drishti,Mercury,Sagittarius,Nhân Mã,"26°09'17.62""",Purva Ashadha,Venus,4,Jupiter,Gemini,Song Tử,"25°16'55.40""",Punarvasu,Jupiter,2,7th House,7,180,179.1272,0.8728,Standard
2026-01-15 03:15:00,Parashara_Drishti,Jupiter,Gemini,Song Tử,"25°16'55.40""",Punarvasu,Jupiter,2,Mercury,Sagittarius,Nhân Mã,"26°09'17.62""",Purva Ashadha,Venus,4,7th House,7,180,180.8728,0.8728,Weak
2026-01-15 03:30:00,Parashara_Drishti,Mercury,Sagittarius,Nhân Mã,"26°10'18.33""",Purva Ashadha,Venus,4,Jupiter,Gemini,Song Tử,"25°16'50.37""",Punarvasu,Jupiter,2,7th House,7,180,179.1089,0.8911,Standard
2026-01-15 03:30:00,Parashara_Drishti,Jupiter,Gemini,Song Tử,"25°16'50.37""",Punarvasu,Jupiter,2,Mercury,Sagittarius,Nhân Mã,"26°10'18.33""",Purva Ashadha,Venus,4,7th House,7,180,180.8911,0.8911,Weak
2026-01-15 03:45:00,Parashara_Drishti,Mercury,Sagittarius,Nhân Mã,"26°11'19.05""",Purva Ashadha,Venus,4,Jupiter,Gemini,Song Tử,"25°16'45.35""",Punarvasu,Jupiter,2,7th House,7,180,179.0906,0.9094,Standard
2026-01-15 03:45:00,Parashara_Drishti,Jupiter,Gemini,Song Tử,"25°16'45.35""",Punarvasu,Jupiter,2,Mercury,Sagittarius,Nhân Mã,"26°11'19.05""",Purva Ashadha,Venus,4,7th House,7,180,180.9094,0.9094,Weak
2026-01-15 04:00:00,Parashara_Drishti,Mercury,Sagittarius,Nhân Mã,"26°12'19.77""",Purva Ashadha,Venus,4,Jupiter,Gemini,Song Tử,"25°16'40.33""",Punarvasu,Jupiter,2,7th House,7,180,179.0724,0.9276,Standard
2026-01-15 04:00:00,Parashara_Drishti,Jupiter,Gemini,Song Tử,"25°16'40.33""",Punarvasu,Jupiter,2,Mercury,Sagittarius,Nhân Mã,"26°12'19.77""",Purva Ashadha,Venus,4,7th House,7,180,180.9276,0.9276,Weak
2026-01-15 04:15:00,Parashara_Drishti,Mercury,Sagittarius,Nhân Mã,"26°13'20.49""",Purva Ashadha,Venus,4,Jupiter,Gemini,Song Tử,"25°16'35.30""",Punarvasu,Jupiter,2,7th House,7,180,179.0541,0.9459,Standard
2026-01-15 04:15:00,Parashara_Drishti,Jupiter,Gemini,Song Tử,"25°16'35.30""",Punarvasu,Jupiter,2,Mercury,Sagittarius,Nhân Mã,"26°13'20.49""",Purva Ashadha,Venus,4,7th House,7,180,180.9459,0.9459,Weak
2026-01-15 04:30:00,Parashara_Drishti,Mercury,Sagittarius,Nhân Mã,"26°14'21.22""",Purva Ashadha,Venus,4,Jupiter,Gemini,Song Tử,"25°16'30.28""",Punarvasu,Jupiter,2,7th House,7,180,179.0358,0.9642,Standard
2026-01-15 04:30:00,Parashara_Drishti,Jupiter,Gemini,Song Tử,"25°16'30.28""",Punarvasu,Jupiter,2,Mercury,Sagittarius,Nhân Mã,"26°14'21.22""",Purva Ashadha,Venus,4,7th House,7,180,180.9642,0.9642,Weak
2026-01-15 04:45:00,Parashara_Drishti,Mercury,Sagittarius,Nhân Mã,"26°15'21.95""",Purva Ashadha,Venus,4,Jupiter,Gemini,Song Tử,"25°16'25.26""",Punarvasu,Jupiter,2,7th House,7,180,179.0176,0.9824,Standard
2026-01-15 04:45:00,Parashara_Drishti,Jupiter,Gemini,Song Tử,"25°16'25.26""",Punarvasu,Jupiter,2,Mercury,Sagittarius,Nhân Mã,"26°15'21.95""",Purva Ashadha,Venus,4,7th House,7,180,180.9824,0.9824,Weak
2026-01-17 11:15:00,Parashara_Drishti,Mercury,Sagittarius,Nhân Mã,"29°57'19.84""",Uttara Ashadha,Sun,1,Mars,Capricorn,Ma Kết,"0°56'47.58""",Uttara Ashadha,Sun,2,0th House,0,0,0.991,0.991,Standard
2026-01-17 11:15:00,Parashara_Drishti,Mars,Capricorn,Ma Kết,"0°56'47.58""",Uttara Ashadha,Sun,2,Mercury,Sagittarius,Nhân Mã,"29°57'19.84""",Uttara Ashadha,Sun,1,0th House,0,0,359.009,0.991,Standard
2026-01-17 11:30:00,Parashara_Drishti,Mercury,Sagittarius,Nhân Mã,"29°58'21.30""",Uttara Ashadha,Sun,1,Mars,Capricorn,Ma Kết,"0°57'16.69""",Uttara Ashadha,Sun,2,0th House,0,0,0.9821,0.9821,Standard
2026-01-17 11:30:00,Parashara_Drishti,Mars,Capricorn,Ma Kết,"0°57'16.69""",Uttara Ashadha,Sun,2,Mercury,Sagittarius,Nhân Mã,"29°58'21.30""",Uttara Ashadha,Sun,1,0th House,0,0,359.0179,0.9821,Standard
2026-01-17 11:45:00,Parashara_Drishti,Mercury,Sagittarius,Nhân Mã,"29°59'22.76""",Uttara Ashadha,Sun,1,Mars,Capricorn,Ma Kết,"0°57'45.80""",Uttara Ashadha,Sun,2,0th House,0,0,0.9731,0.9731,Standard
2026-01-17 11:45:00,Parashara_Drishti,Mars,Capricorn,Ma Kết,"0°57'45.80""",Uttara Ashadha,Sun,2,Mercury,Sagittarius,Nhân Mã,"29°59'22.76""",Uttara Ashadha,Sun,1,0th House,0,0,359.0269,0.9731,Standard
2026-01-17 12:00:00,Parashara_Drishti,Mercury,Capricorn,Ma Kết,"0°00'24.23""",Uttara Ashadha,Sun,2,Mars,Capricorn,Ma Kết,"0°58'14.92""",Uttara Ashadha,Sun,2,0th House,0,0,0.9641,0.9641,Standard
2026-01-17 12:00:00,Parashara_Drishti,Mars,Capricorn,Ma Kết,"0°58'14.92""",Uttara Ashadha,Sun,2,Mercury,Capricorn,Ma Kết,"0°00'24.23""",Uttara Ashadha,Sun,2,0th House,0,0,359.0359,0.9641,Standard
2026-01-17 12:15:00,Parashara_Drishti,Mercury,Capricorn,Ma Kết,"0°01'25.70""",Uttara Ashadha,Sun,2,Mars,Capricorn,Ma Kết,"0°58'44.03""",Uttara Ashadha,Sun,2,0th House,0,0,0.9551,0.9551,Standard
2026-01-17 12:15:00,Parashara_Drishti,Mars,Capricorn,Ma Kết,"0°58'44.03""",Uttara Ashadha,Sun,2,Mercury,Capricorn,Ma Kết,"0°01'25.70""",Uttara Ashadha,Sun,2,0th House,0,0,359.0449,0.9551,Standard
2026-01-17 12:30:00,Parashara_Drishti,Mercury,Capricorn,Ma Kết,"0°02'27.17""",Uttara Ashadha,Sun,2,Mars,Capricorn,Ma Kết,"0°59'13.15""",Uttara Ashadha,Sun,2,0th House,0,0,0.9461,0.9461,Standard
2026-01-17 12:30:00,Parashara_Drishti,Mars,Capricorn,Ma Kết,"0°59'13.15""",Uttara Ashadha,Sun,2,Mercury,Capricorn,Ma Kết,"0°02'27.17""",Uttara Ashadha,Sun,2,0th House,0,0,359.0539,0.9461,Standard
2026-01-17 12:45:00,Parashara_Drishti,Mercury,Capricorn,Ma Kết,"0°03'28.65""",Uttara Ashadha,Sun,2,Mars,Capricorn,Ma Kết,"0°59'42.26""",Uttara Ashadha,Sun,2,0th House,0,0,0.9371,0.9371,Standard
2026-01-17 12:45:00,Parashara_Drishti,Mars,Capricorn,Ma Kết,"0°59'42.26""",Uttara Ashadha,Sun,2,Mercury,Capricorn,Ma Kết,"0°03'28.65""",Uttara Ashadha,Sun,2,0th House,0,0,359.0629,0.9371,Standard
2026-01-17 13:00:00,Parashara_Drishti,Mercury,Capricorn,Ma Kết,"0°04'30.12""",Uttara Ashadha,Sun,2,Mars,Capricorn,Ma Kết,"1°00'11.37""",Uttara Ashadha,Sun,2,0th House,0,0,0.9281,0.9281,Standard
2026-01-17 13:00:00,Parashara_Drishti,Mars,Capricorn,Ma Kết,"1°00'11.37""",Uttara Ashadha,Sun,2,Mercury,Capricorn,Ma Kết,"0°04'30.12""",Uttara Ashadha,Sun,2,0th House,0,0,359.0719,0.9281,Standard
2026-01-17 13:15:00,Parashara_Drishti,Mercury,Capricorn,Ma Kết,"0°05'31.61""",Uttara Ashadha,Sun,2,Mars,Capricorn,Ma Kết,"1°00'40.49""",Uttara Ashadha,Sun,2,0th House,0,0,0.9191,0.9191,Standard
2026-01-17 13:15:00,Parashara_Drishti,Mars,Capricorn,Ma Kết,"1°00'40.49""",Uttara Ashadha,Sun,2,Mercury,Capricorn,Ma Kết,"0°05'31.61""",Uttara Ashadha,Sun,2,0th House,0,0,359.0809,0.9191,Standard
2026-01-17 13:30:00,Parashara_Drishti,Mercury,Capricorn,Ma Kết,"0°06'33.09""",Uttara Ashadha,Sun,2,Mars,Capricorn,Ma Kết,"1°01'09.60""",Uttara Ashadha,Sun,2,0th House,0,0,0.9101,0.9101,Standard
2026-01-17 13:30:00,Parashara_Drishti,Mars,Capricorn,Ma Kết,"1°01'09.60""",Uttara Ashadha,Sun,2,Mercury,Capricorn,Ma Kết,"0°06'33.09""",Uttara Ashadha,Sun,2,0th House,0,0,359.0899,0.9101,Standard
2026-01-17 13:45:00,Parashara_Drishti,Mercury,Capricorn,Ma Kết,"0°07'34.58""",Uttara Ashadha,Sun,2,Mars,Capricorn,Ma Kết,"1°01'38.72""",Uttara Ashadha,Sun,2,0th House,0,0,0.9011,0.9011,Standard
2026-01-17 13:45:00,Parashara_Drishti,Mars,Capricorn,Ma Kết,"1°01'38.72""",Uttara Ashadha,Sun,2,Mercury,Capricorn,Ma Kết,"0°07'34.58""",Uttara Ashadha,Sun,2,0th House,0,0,359.0989,0.9011,Standard
2026-01-17 14:00:00,Parashara_Drishti,Mercury,Capricorn,Ma Kết,"0°08'36.08""",Uttara Ashadha,Sun,2,Mars,Capricorn,Ma Kết,"1°02'07.83""",Uttara Ashadha,Sun,2,0th House,0,0,0.8922,0.8922,Standard
2026-01-17 14:00:00,Parashara_Drishti,Mars,Capricorn,Ma Kết,"1°02'07.83""",Uttara Ashadha,Sun,2,Mercury,Capricorn,Ma Kết,"0°08'36.08""",Uttara Ashadha,Sun,2,0th House,0,0,359.1078,0.8922,Standard
2026-01-17 14:15:00,Parashara_Drishti,Mercury,Capricorn,Ma Kết,"0°09'37.57""",Uttara Ashadha,Sun,2,Mars,Capricorn,Ma Kết,"1°02'36.95""",Uttara Ashadha,Sun,2,0th House,0,0,0.8832,0.8832,Standard
2026-01-17 14:15:00,Parashara_Drishti,Mars,Capricorn,Ma Kết,"1°02'36.95""",Uttara Ashadha,Sun,2,Mercury,Capricorn,Ma Kết,"0°09'37.57""",Uttara Ashadha,Sun,2,0th House,0,0,359.1168,0.8832,Standard
2026-01-17 14:30:00,Parashara_Drishti,Mercury,Capricorn,Ma Kết,"0°10'39.07""",Uttara Ashadha,Sun,2,Mars,Capricorn,Ma Kết,"1°03'06.07""",Uttara Ashadha,Sun,2,0th House,0,0,0.8742,0.8742,Standard
2026-01-17 14:30:00,Parashara_Drishti,Mars,Capricorn,Ma Kết,"1°03'06.07""",Uttara Ashadha,Sun,2,Mercury,Capricorn,Ma Kết,"0°10'39.07""",Uttara Ashadha,Sun,2,0th House,0,0,359.1258,0.8742,Standard
2026-01-17 14:45:00,Parashara_Drishti,Mercury,Capricorn,Ma Kết,"0°11'40.58""",Uttara Ashadha,Sun,2,Mars,Capricorn,Ma Kết,"1°03'35.18""",Uttara Ashadha,Sun,2,0th House,0,0,0.8652,0.8652,Standard
2026-01-17 14:45:00,Parashara_Drishti,Mars,Capricorn,Ma Kết,"1°03'35.18""",Uttara Ashadha,Sun,2,Mercury,Capricorn,Ma Kết,"0°11'40.58""",Uttara Ashadha,Sun,2,0th House,0,0,359.1348,0.8652,Standard
2026-01-17 15:00:00,Parashara_Drishti,Mercury,Capricorn,Ma Kết,"0°12'42.09""",Uttara Ashadha,Sun,2,Mars,Capricorn,Ma Kết,"1°04'04.30""",Uttara Ashadha,Sun,2,0th House,0,0,0.8562,0.8562,Standard
2026-01-17 15:00:00,Parashara_Drishti,Mars,Capricorn,Ma Kết,"1°04'04.30""",Uttara Ashadha,Sun,2,Mercury,Capricorn,Ma Kết,"0°12'42.09""",Uttara Ashadha,Sun,2,0th House,0,0,359.1438,0.8562,Standard
2026-01-17 15:15:00,Parashara_Drishti,Mercury,Capricorn,Ma Kết,"0°13'43.60""",Uttara Ashadha,Sun,2,Mars,Capricorn,Ma Kết,"1°04'33.42""",Uttara Ashadha,Sun,2,0th House,0,0,0.8472,0.8472,Standard
2026-01-17 15:15:00,Parashara_Drishti,Mars,Capricorn,Ma Kết,"1°04'33.42""",Uttara Ashadha,Sun,2,Mercury,Capricorn,Ma Kết,"0°13'43.60""",Uttara Ashadha,Sun,2,0th House,0,0,359.1528,0.8472,Standard
2026-01-17 15:30:00,Parashara_Drishti,Mercury,Capricorn,Ma Kết,"0°14'45.11""",Uttara Ashadha,Sun,2,Mars,Capricorn,Ma Kết,"1°05'02.53""",Uttara Ashadha,Sun,2,0th House,0,0,0.8382,0.8382,Standard
2026-01-17 15:30:00,Parashara_Drishti,Mars,Capricorn,Ma Kết,"1°05'02.53""",Uttara Ashadha,Sun,2,Mercury,Capricorn,Ma Kết,"0°14'45.11""",Uttara Ashadha,Sun,2,0th House,0,0,359.1618,0.8382,Standard
2026-01-17 15:45:00,Parashara_Drishti,Mercury,Capricorn,Ma Kết,"0°15'46.63""",Uttara Ashadha,Sun,2,Mars,Capricorn,Ma Kết,"1°05'31.65""",Uttara Ashadha,Sun,2,0th House,0,0,0.8292,0.8292,Standard
2026-01-17 15:45:00,Parashara_Drishti,Mars,Capricorn,Ma Kết,"1°05'31.65""",Uttara Ashadha,Sun,2,Mercury,Capricorn,Ma Kết,"0°15'46.63""",Uttara Ashadha,Sun,2,0th House,0,0,359.1708,0.8292,Standard
2026-01-17 16:00:00,Parashara_Drishti,Mercury,Capricorn,Ma Kết,"0°16'48.15""",Uttara Ashadha,Sun,2,Mars,Capricorn,Ma Kết,"1°06'00.77""",Uttara Ashadha,Sun,2,0th House,0,0,0.8202,0.8202,Standard
2026-01-17 16:00:00,Parashara_Drishti,Mars,Capricorn,Ma Kết,"1°06'00.77""",Uttara Ashadha,Sun,2,Mercury,Capricorn,Ma Kết,"0°16'48.15""",Uttara Ashadha,Sun,2,0th House,0,0,359.1798,0.8202,Standard
2026-01-17 16:15:00,Parashara_Drishti,Mercury,Capricorn,Ma Kết,"0°17'49.67""",Uttara Ashadha,Sun,2,Mars,Capricorn,Ma Kết,"1°06'29.88""",Uttara Ashadha,Sun,2,0th House,0,0,0.8112,0.8112,Standard
2026-01-17 16:15:00,Parashara_Drishti,Mars,Capricorn,Ma Kết,"1°06'29.88""",Uttara Ashadha,Sun,2,Mercury,Capricorn,Ma Kết,"0°17'49.67""",Uttara Ashadha,Sun,2,0th House,0,0,359.1888,0.8112,Standard
2026-01-17 16:30:00,Parashara_Drishti,Mercury,Capricorn,Ma Kết,"0°18'51.20""",Uttara Ashadha,Sun,2,Mars,Capricorn,Ma Kết,"1°06'59.00""",Uttara Ashadha,Sun,2,0th House,0,0,0.8022,0.8022,Standard
2026-01-17 16:30:00,Parashara_Drishti,Mars,Capricorn,Ma Kết,"1°06'59.00""",Uttara Ashadha,Sun,2,Mercury,Capricorn,Ma Kết,"0°18'51.20""",Uttara Ashadha,Sun,2,0th House,0,0,359.1978,0.8022,Standard
2026-01-17 16:45:00,Parashara_Drishti,Mercury,Capricorn,Ma Kết,"0°19'52.73""",Uttara Ashadha,Sun,2,Mars,Capricorn,Ma Kết,"1°07'28.12""",Uttara Ashadha,Sun,2,0th House,0,0,0.7932,0.7932,Standard
2026-01-17 16:45:00,Parashara_Drishti,Mars,Capricorn,Ma Kết,"1°07'28.12""",Uttara Ashadha,Sun,2,Mercury,Capricorn,Ma Kết,"0°19'52.73""",Uttara Ashadha,Sun,2,0th House,0,0,359.2068,0.7932,Standard
2026-01-17 17:00:00,Parashara_Drishti,Mercury,Capricorn,Ma Kết,"0°20'54.27""",Uttara Ashadha,Sun,2,Mars,Capricorn,Ma Kết,"1°07'57.24""",Uttara Ashadha,Sun,2,0th House,0,0,0.7842,0.7842,Standard
2026-01-17 17:00:00,Parashara_Drishti,Mars,Capricorn,Ma Kết,"1°07'57.24""",Uttara Ashadha,Sun,2,Mercury,Capricorn,Ma Kết,"0°20'54.27""",Uttara Ashadha,Sun,2,0th House,0,0,359.2158,0.7842,Standard
2026-01-17 17:15:00,Parashara_Drishti,Mercury,Capricorn,Ma Kết,"0°21'55.80""",Uttara Ashadha,Sun,2,Mars,Capricorn,Ma Kết,"1°08'26.36""",Uttara Ashadha,Sun,2,0th House,0,0,0.7752,0.7752,Standard
2026-01-17 17:15:00,Parashara_Drishti,Mars,Capricorn,Ma Kết,"1°08'26.36""",Uttara Ashadha,Sun,2,Mercury,Capricorn,Ma Kết,"0°21'55.80""",Uttara Ashadha,Sun,2,0th House,0,0,359.2248,0.7752,Standard
2026-01-17 17:30:00,Parashara_Drishti,Mercury,Capricorn,Ma Kết,"0°22'57.34""",Uttara Ashadha,Sun,2,Mars,Capricorn,Ma Kết,"1°08'55.47""",Uttara Ashadha,Sun,2,0th House,0,0,0.7661,0.7661,Standard
2026-01-17 17:30:00,Parashara_Drishti,Mars,Capricorn,Ma Kết,"1°08'55.47""",Uttara Ashadha,Sun,2,Mercury,Capricorn,Ma Kết,"0°22'57.34""",Uttara Ashadha,Sun,2,0th House,0,0,359.2339,0.7661,Standard
2026-01-17 17:45:00,Parashara_Drishti,Mercury,Capricorn,Ma Kết,"0°23'58.89""",Uttara Ashadha,Sun,2,Mars,Capricorn,Ma Kết,"1°09'24.59""",Uttara Ashadha,Sun,2,0th House,0,0,0.7571,0.7571,Standard
2026-01-17 17:45:00,Parashara_Drishti,Mars,Capricorn,Ma Kết,"1°09'24.59""",Uttara Ashadha,Sun,2,Mercury,Capricorn,Ma Kết,"0°23'58.89""",Uttara Ashadha,Sun,2,0th House,0,0,359.2429,0.7571,Standard
2026-01-17 18:00:00,Parashara_Drishti,Mercury,Capricorn,Ma Kết,"0°25'00.44""",Uttara Ashadha,Sun,2,Mars,Capricorn,Ma Kết,"1°09'53.71""",Uttara Ashadha,Sun,2,0th House,0,0,0.7481,0.7481,Standard
2026-01-17 18:00:00,Parashara_Drishti,Mars,Capricorn,Ma Kết,"1°09'53.71""",Uttara Ashadha,Sun,2,Mercury,Capricorn,Ma Kết,"0°25'00.44""",Uttara Ashadha,Sun,2,0th House,0,0,359.2519,0.7481,Standard
2026-01-17 18:15:00,Parashara_Drishti,Mercury,Capricorn,Ma Kết,"0°26'01.99""",Uttara Ashadha,Sun,2,Mars,Capricorn,Ma Kết,"1°10'22.83""",Uttara Ashadha,Sun,2,0th House,0,0,0.7391,0.7391,Standard
2026-01-17 18:15:00,Parashara_Drishti,Mars,Capricorn,Ma Kết,"1°10'22.83""",Uttara Ashadha,Sun,2,Mercury,Capricorn,Ma Kết,"0°26'01.99""",Uttara Ashadha,Sun,2,0th House,0,0,359.2609,0.7391,Standard
2026-01-17 18:30:00,Parashara_Drishti,Mercury,Capricorn,Ma Kết,"0°27'03.55""",Uttara Ashadha,Sun,2,Mars,Capricorn,Ma Kết,"1°10'51.95""",Uttara Ashadha,Sun,2,0th House,0,0,0.7301,0.7301,Standard
2026-01-17 18:30:00,Parashara_Drishti,Mars,Capricorn,Ma Kết,"1°10'51.95""",Uttara Ashadha,Sun,2,Mercury,Capricorn,Ma Kết,"0°27'03.55""",Uttara Ashadha,Sun,2,0th House,0,0,359.2699,0.7301,Standard
2026-01-17 18:45:00,Parashara_Drishti,Mercury,Capricorn,Ma Kết,"0°28'05.10""",Uttara Ashadha,Sun,2,Mars,Capricorn,Ma Kết,"1°11'21.07""",Uttara Ashadha,Sun,2,0th House,0,0,0.7211,0.7211,Standard
2026-01-17 18:45:00,Parashara_Drishti,Mars,Capricorn,Ma Kết,"1°11'21.07""",Uttara Ashadha,Sun,2,Mercury,Capricorn,Ma Kết,"0°28'05.10""",Uttara Ashadha,Sun,2,0th House,0,0,359.2789,0.7211,Standard
2026-01-17 19:00:00,Parashara_Drishti,Mercury,Capricorn,Ma Kết,"0°29'06.67""",Uttara Ashadha,Sun,2,Mars,Capricorn,Ma Kết,"1°11'50.19""",Uttara Ashadha,Sun,2,0th House,0,0,0.7121,0.7121,Standard
2026-01-17 19:00:00,Parashara_Drishti,Mars,Capricorn,Ma Kết,"1°11'50.19""",Uttara Ashadha,Sun,2,Mercury,Capricorn,Ma Kết,"0°29'06.67""",Uttara Ashadha,Sun,2,0th House,0,0,359.2879,0.7121,Standard
2026-01-17 19:15:00,Parashara_Drishti,Mercury,Capricorn,Ma Kết,"0°30'08.23""",Uttara Ashadha,Sun,2,Mars,Capricorn,Ma Kết,"1°12'19.31""",Uttara Ashadha,Sun,2,0th House,0,0,0.7031,0.7031,Standard
2026-01-17 19:15:00,Parashara_Drishti,Mars,Capricorn,Ma Kết,"1°12'19.31""",Uttara Ashadha,Sun,2,Mercury,Capricorn,Ma Kết,"0°30'08.23""",Uttara Ashadha,Sun,2,0th House,0,0,359.2969,0.7031,Standard
2026-01-17 19:30:00,Parashara_Drishti,Mercury,Capricorn,Ma Kết,"0°31'09.80""",Uttara Ashadha,Sun,2,Mars,Capricorn,Ma Kết,"1°12'48.43""",Uttara Ashadha,Sun,2,0th House,0,0,0.6941,0.6941,Standard
2026-01-17 19:30:00,Parashara_Drishti,Mars,Capricorn,Ma Kết,"1°12'48.43""",Uttara Ashadha,Sun,2,Mercury,Capricorn,Ma Kết,"0°31'09.80""",Uttara Ashadha,Sun,2,0th House,0,0,359.3059,0.6941,Standard
2026-01-17 19:45:00,Parashara_Drishti,Mercury,Capricorn,Ma Kết,"0°32'11.37""",Uttara Ashadha,Sun,2,Mars,Capricorn,Ma Kết,"1°13'17.55""",Uttara Ashadha,Sun,2,0th House,0,0,0.685,0.685,Standard
2026-01-17 19:45:00,Parashara_Drishti,Mars,Capricorn,Ma Kết,"1°13'17.55""",Uttara Ashadha,Sun,2,Mercury,Capricorn,Ma Kết,"0°32'11.37""",Uttara Ashadha,Sun,2,0th House,0,0,359.315,0.685,Standard
2026-01-17 20:00:00,Parashara_Drishti,Mercury,Capricorn,Ma Kết,"0°33'12.95""",Uttara Ashadha,Sun,2,Mars,Capricorn,Ma Kết,"1°13'46.67""",Uttara Ashadha,Sun,2,0th House,0,0,0.676,0.676,Standard
2026-01-17 20:00:00,Parashara_Drishti,Mars,Capricorn,Ma Kết,"1°13'46.67""",Uttara Ashadha,Sun,2,Mercury,Capricorn,Ma Kết,"0°33'12.95""",Uttara Ashadha,Sun,2,0th House,0,0,359.324,0.676,Standard
2026-01-17 20:15:00,Parashara_Drishti,Mercury,Capricorn,Ma Kết,"0°34'14.53""",Uttara Ashadha,Sun,2,Mars,Capricorn,Ma Kết,"1°14'15.79""",Uttara Ashadha,Sun,2,0th House,0,0,0.667,0.667,Standard
2026-01-17 20:15:00,Parashara_Drishti,Mars,Capricorn,Ma Kết,"1°14'15.79""",Uttara Ashadha,Sun,2,Mercury,Capricorn,Ma Kết,"0°34'14.53""",Uttara Ashadha,Sun,2,0th House,0,0,359.333,0.667,Standard
2026-01-17 20:30:00,Parashara_Drishti,Mercury,Capricorn,Ma Kết,"0°35'16.11""",Uttara Ashadha,Sun,2,Mars,Capricorn,Ma Kết,"1°14'44.91""",Uttara Ashadha,Sun,2,0th House,0,0,0.658,0.658,Standard
2026-01-17 20:30:00,Parashara_Drishti,Mars,Capricorn,Ma Kết,"1°14'44.91""",Uttara Ashadha,Sun,2,Mercury,Capricorn,Ma Kết,"0°35'16.11""",Uttara Ashadha,Sun,2,0th House,0,0,359.342,0.658,Standard
2026-01-17 20:45:00,Parashara_Drishti,Mercury,Capricorn,Ma Kết,"0°36'17.70""",Uttara Ashadha,Sun,2,Mars,Capricorn,Ma Kết,"1°15'14.03""",Uttara Ashadha,Sun,2,0th House,0,0,0.649,0.649,Standard
2026-01-17 20:45:00,Parashara_Drishti,Mars,Capricorn,Ma Kết,"1°15'14.03""",Uttara Ashadha,Sun,2,Mercury,Capricorn,Ma Kết,"0°36'17.70""",Uttara Ashadha,Sun,2,0th House,0,0,359.351,0.649,Standard
2026-01-17 21:00:00,Parashara_Drishti,Mercury,Capricorn,Ma Kết,"0°37'19.29""",Uttara Ashadha,Sun,2,Mars,Capricorn,Ma Kết,"1°15'43.15""",Uttara Ashadha,Sun,2,0th House,0,0,0.64,0.64,Standard
2026-01-17 21:00:00,Parashara_Drishti,Mars,Capricorn,Ma Kết,"1°15'43.15""",Uttara Ashadha,Sun,2,Mercury,Capricorn,Ma Kết,"0°37'19.29""",Uttara Ashadha,Sun,2,0th House,0,0,359.36,0.64,Standard
2026-01-17 21:15:00,Parashara_Drishti,Mercury,Capricorn,Ma Kết,"0°38'20.88""",Uttara Ashadha,Sun,2,Mars,Capricorn,Ma Kết,"1°16'12.27""",Uttara Ashadha,Sun,2,0th House,0,0,0.6309,0.6309,Standard
2026-01-17 21:15:00,Parashara_Drishti,Mars,Capricorn,Ma Kết,"1°16'12.27""",Uttara Ashadha,Sun,2,Mercury,Capricorn,Ma Kết,"0°38'20.88""",Uttara Ashadha,Sun,2,0th House,0,0,359.3691,0.6309,Standard
2026-01-17 21:30:00,Parashara_Drishti,Mercury,Capricorn,Ma Kết,"0°39'22.48""",Uttara Ashadha,Sun,2,Mars,Capricorn,Ma Kết,"1°16'41.40""",Uttara Ashadha,Sun,2,0th House,0,0,0.6219,0.6219,Standard
2026-01-17 21:30:00,Parashara_Drishti,Mars,Capricorn,Ma Kết,"1°16'41.40""",Uttara Ashadha,Sun,2,Mercury,Capricorn,Ma Kết,"0°39'22.48""",Uttara Ashadha,Sun,2,0th House,0,0,359.3781,0.6219,Standard
2026-01-17 21:45:00,Parashara_Drishti,Mercury,Capricorn,Ma Kết,"0°40'24.08""",Uttara Ashadha,Sun,2,Mars,Capricorn,Ma Kết,"1°17'10.52""",Uttara Ashadha,Sun,2,0th House,0,0,0.6129,0.6129,Standard
2026-01-17 21:45:00,Parashara_Drishti,Mars,Capricorn,Ma Kết,"1°17'10.52""",Uttara Ashadha,Sun,2,Mercury,Capricorn,Ma Kết,"0°40'24.08""",Uttara Ashadha,Sun,2,0th House,0,0,359.3871,0.6129,Standard
2026-01-17 22:00:00,Parashara_Drishti,Mercury,Capricorn,Ma Kết,"0°41'25.68""",Uttara Ashadha,Sun,2,Mars,Capricorn,Ma Kết,"1°17'39.64""",Uttara Ashadha,Sun,2,0th House,0,0,0.6039,0.6039,Standard
2026-01-17 22:00:00,Parashara_Drishti,Mars,Capricorn,Ma Kết,"1°17'39.64""",Uttara Ashadha,Sun,2,Mercury,Capricorn,Ma Kết,"0°41'25.68""",Uttara Ashadha,Sun,2,0th House,0,0,359.3961,0.6039,Standard
2026-01-17 22:15:00,Parashara_Drishti,Mercury,Capricorn,Ma Kết,"0°42'27.29""",Uttara Ashadha,Sun,2,Mars,Capricorn,Ma Kết,"1°18'08.76""",Uttara Ashadha,Sun,2,0th House,0,0,0.5949,0.5949,Standard
2026-01-17 22:15:00,Parashara_Drishti,Mars,Capricorn,Ma Kết,"1°18'08.76""",Uttara Ashadha,Sun,2,Mercury,Capricorn,Ma Kết,"0°42'27.29""",Uttara Ashadha,Sun,2,0th House,0,0,359.4051,0.5949,Standard
2026-01-17 22:30:00,Parashara_Drishti,Mercury,Capricorn,Ma Kết,"0°43'28.90""",Uttara Ashadha,Sun,2,Mars,Capricorn,Ma Kết,"1°18'37.89""",Uttara Ashadha,Sun,2,0th House,0,0,0.5858,0.5858,Standard
2026-01-17 22:30:00,Parashara_Drishti,Mars,Capricorn,Ma Kết,"1°18'37.89""",Uttara Ashadha,Sun,2,Mercury,Capricorn,Ma Kết,"0°43'28.90""",Uttara Ashadha,Sun,2,0th House,0,0,359.4142,0.5858,Standard
2026-01-17 22:45:00,Parashara_Drishti,Mercury,Capricorn,Ma Kết,"0°44'30.51""",Uttara Ashadha,Sun,2,Mars,Capricorn,Ma Kết,"1°19'07.01""",Uttara Ashadha,Sun,2,0th House,0,0,0.5768,0.5768,Standard
2026-01-17 22:45:00,Parashara_Drishti,Mars,Capricorn,Ma Kết,"1°19'07.01""",Uttara Ashadha,Sun,2,Mercury,Capricorn,Ma Kết,"0°44'30.51""",Uttara Ashadha,Sun,2,0th House,0,0,359.4232,0.5768,Standard
2026-01-17 23:00:00,Parashara_Drishti,Mercury,Capricorn,Ma Kết,"0°45'32.13""",Uttara Ashadha,Sun,2,Mars,Capricorn,Ma Kết,"1°19'36.13""",Uttara Ashadha,Sun,2,0th House,0,0,0.5678,0.5678,Standard
2026-01-17 23:00:00,Parashara_Drishti,Mars,Capricorn,Ma Kết,"1°19'36.13""",Uttara Ashadha,Sun,2,Mercury,Capricorn,Ma Kết,"0°45'32.13""",Uttara Ashadha,Sun,2,0th House,0,0,359.4322,0.5678,Standard
2026-01-17 23:15:00,Parashara_Drishti,Mercury,Capricorn,Ma Kết,"0°46'33.75""",Uttara Ashadha,Sun,2,Mars,Capricorn,Ma Kết,"1°20'05.25""",Uttara Ashadha,Sun,2,0th House,0,0,0.5588,0.5588,Standard
2026-01-17 23:15:00,Parashara_Drishti,Mars,Capricorn,Ma Kết,"1°20'05.25""",Uttara Ashadha,Sun,2,Mercury,Capricorn,Ma Kết,"0°46'33.75""",Uttara Ashadha,Sun,2,0th House,0,0,359.4412,0.5588,Standard
2026-01-17 23:30:00,Parashara_Drishti,Mercury,Capricorn,Ma Kết,"0°47'35.38""",Uttara Ashadha,Sun,2,Mars,Capricorn,Ma Kết,"1°20'34.38""",Uttara Ashadha,Sun,2,0th House,0,0,0.5497,0.5497,Standard
2026-01-17 23:30:00,Parashara_Drishti,Mars,Capricorn,Ma Kết,"1°20'34.38""",Uttara Ashadha,Sun,2,Mercury,Capricorn,Ma Kết,"0°47'35.38""",Uttara Ashadha,Sun,2,0th House,0,0,359.4503,0.5497,Standard
2026-01-17 23:45:00,Parashara_Drishti,Mercury,Capricorn,Ma Kết,"0°48'37.00""",Uttara Ashadha,Sun,2,Mars,Capricorn,Ma Kết,"1°21'03.50""",Uttara Ashadha,Sun,2,0th House,0,0,0.5407,0.5407,Standard
2026-01-17 23:45:00,Parashara_Drishti,Mars,Capricorn,Ma Kết,"1°21'03.50""",Uttara Ashadha,Sun,2,Mercury,Capricorn,Ma Kết,"0°48'37.00""",Uttara Ashadha,Sun,2,0th House,0,0,359.4593,0.5407,Standard
2026-01-18 00:00:00,Parashara_Drishti,Mercury,Capricorn,Ma Kết,"0°49'38.64""",Uttara Ashadha,Sun,2,Mars,Capricorn,Ma Kết,"1°21'32.62""",Uttara Ashadha,Sun,2,0th House,0,0,0.5317,0.5317,Standard
2026-01-18 00:00:00,Parashara_Drishti,Mars,Capricorn,Ma Kết,"1°21'32.62""",Uttara Ashadha,Sun,2,Mercury,Capricorn,Ma Kết,"0°49'38.64""",Uttara Ashadha,Sun,2,0th House,0,0,359.4683,0.5317,Standard
2026-01-18 00:15:00,Parashara_Drishti,Mercury,Capricorn,Ma Kết,"0°50'40.27""",Uttara Ashadha,Sun,2,Mars,Capricorn,Ma Kết,"1°22'01.75""",Uttara Ashadha,Sun,2,0th House,0,0,0.5226,0.5226,Standard
2026-01-18 00:15:00,Parashara_Drishti,Mars,Capricorn,Ma Kết,"1°22'01.75""",Uttara Ashadha,Sun,2,Mercury,Capricorn,Ma Kết,"0°50'40.27""",Uttara Ashadha,Sun,2,0th House,0,0,359.4774,0.5226,Standard
2026-01-18 00:30:00,Parashara_Drishti,Mercury,Capricorn,Ma Kết,"0°51'41.91""",Uttara Ashadha,Sun,2,Mars,Capricorn,Ma Kết,"1°22'30.87""",Uttara Ashadha,Sun,2,0th House,0,0,0.5136,0.5136,Standard
2026-01-18 00:30:00,Parashara_Drishti,Mars,Capricorn,Ma Kết,"1°22'30.87""",Uttara Ashadha,Sun,2,Mercury,Capricorn,Ma Kết,"0°51'41.91""",Uttara Ashadha,Sun,2,0th House,0,0,359.4864,0.5136,Standard
2026-01-18 00:45:00,Parashara_Drishti,Mercury,Capricorn,Ma Kết,"0°52'43.55""",Uttara Ashadha,Sun,2,Mars,Capricorn,Ma Kết,"1°23'00.00""",Uttara Ashadha,Sun,2,0th House,0,0,0.5046,0.5046,Standard
2026-01-18 00:45:00,Parashara_Drishti,Mars,Capricorn,Ma Kết,"1°23'00.00""",Uttara Ashadha,Sun,2,Mercury,Capricorn,Ma Kết,"0°52'43.55""",Uttara Ashadha,Sun,2,0th House,0,0,359.4954,0.5046,Standard
2026-01-18 01:00:00,Parashara_Drishti,Mercury,Capricorn,Ma Kết,"0°53'45.20""",Uttara Ashadha,Sun,2,Mars,Capricorn,Ma Kết,"1°23'29.12""",Uttara Ashadha,Sun,2,0th House,0,0,0.4955,0.4955,Standard
2026-01-18 01:00:00,Parashara_Drishti,Mars,Capricorn,Ma Kết,"1°23'29.12""",Uttara Ashadha,Sun,2,Mercury,Capricorn,Ma Kết,"0°53'45.20""",Uttara Ashadha,Sun,2,0th House,0,0,359.5045,0.4955,Standard
2026-01-18 01:15:00,Parashara_Drishti,Mercury,Capricorn,Ma Kết,"0°54'46.84""",Uttara Ashadha,Sun,2,Mars,Capricorn,Ma Kết,"1°23'58.25""",Uttara Ashadha,Sun,2,0th House,0,0,0.4865,0.4865,Standard
2026-01-18 01:15:00,Parashara_Drishti,Mars,Capricorn,Ma Kết,"1°23'58.25""",Uttara Ashadha,Sun,2,Mercury,Capricorn,Ma Kết,"0°54'46.84""",Uttara Ashadha,Sun,2,0th House,0,0,359.5135,0.4865,Standard
2026-01-18 01:30:00,Parashara_Drishti,Mercury,Capricorn,Ma Kết,"0°55'48.50""",Uttara Ashadha,Sun,2,Mars,Capricorn,Ma Kết,"1°24'27.37""",Uttara Ashadha,Sun,2,0th House,0,0,0.4775,0.4775,Standard
2026-01-18 01:30:00,Parashara_Drishti,Mars,Capricorn,Ma Kết,"1°24'27.37""",Uttara Ashadha,Sun,2,Mercury,Capricorn,Ma Kết,"0°55'48.50""",Uttara Ashadha,Sun,2,0th House,0,0,359.5225,0.4775,Standard
2026-01-18 01:45:00,Parashara_Drishti,Mercury,Capricorn,Ma Kết,"0°56'50.15""",Uttara Ashadha,Sun,2,Mars,Capricorn,Ma Kết,"1°24'56.50""",Uttara Ashadha,Sun,2,0th House,0,0,0.4684,0.4684,Standard
2026-01-18 01:45:00,Parashara_Drishti,Mars,Capricorn,Ma Kết,"1°24'56.50""",Uttara Ashadha,Sun,2,Mercury,Capricorn,Ma Kết,"0°56'50.15""",Uttara Ashadha,Sun,2,0th House,0,0,359.5316,0.4684,Standard
2026-01-18 02:00:00,Parashara_Drishti,Mercury,Capricorn,Ma Kết,"0°57'51.81""",Uttara Ashadha,Sun,2,Mars,Capricorn,Ma Kết,"1°25'25.62""",Uttara Ashadha,Sun,2,0th House,0,0,0.4594,0.4594,Standard
2026-01-18 02:00:00,Parashara_Drishti,Mars,Capricorn,Ma Kết,"1°25'25.62""",Uttara Ashadha,Sun,2,Mercury,Capricorn,Ma Kết,"0°57'51.81""",Uttara Ashadha,Sun,2,0th House,0,0,359.5406,0.4594,Standard
2026-01-18 02:15:00,Parashara_Drishti,Mercury,Capricorn,Ma Kết,"0°58'53.47""",Uttara Ashadha,Sun,2,Mars,Capricorn,Ma Kết,"1°25'54.75""",Uttara Ashadha,Sun,2,0th House,0,0,0.4504,0.4504,Standard
2026-01-18 02:15:00,Parashara_Drishti,Mars,Capricorn,Ma Kết,"1°25'54.75""",Uttara Ashadha,Sun,2,Mercury,Capricorn,Ma Kết,"0°58'53.47""",Uttara Ashadha,Sun,2,0th House,0,0,359.5496,0.4504,Standard
2026-01-18 02:30:00,Parashara_Drishti,Mercury,Capricorn,Ma Kết,"0°59'55.14""",Uttara Ashadha,Sun,2,Mars,Capricorn,Ma Kết,"1°26'23.87""",Uttara Ashadha,Sun,2,0th House,0,0,0.4413,0.4413,Standard
2026-01-18 02:30:00,Parashara_Drishti,Mars,Capricorn,Ma Kết,"1°26'23.87""",Uttara Ashadha,Sun,2,Mercury,Capricorn,Ma Kết,"0°59'55.14""",Uttara Ashadha,Sun,2,0th House,0,0,359.5587,0.4413,Standard
2026-01-18 02:45:00,Parashara_Drishti,Mercury,Capricorn,Ma Kết,"1°00'56.81""",Uttara Ashadha,Sun,2,Mars,Capricorn,Ma Kết,"1°26'53.00""",Uttara Ashadha,Sun,2,0th House,0,0,0.4323,0.4323,Standard
2026-01-18 02:45:00,Parashara_Drishti,Mars,Capricorn,Ma Kết,"1°26'53.00""",Uttara Ashadha,Sun,2,Mercury,Capricorn,Ma Kết,"1°00'56.81""",Uttara Ashadha,Sun,2,0th House,0,0,359.5677,0.4323,Standard
2026-01-18 03:00:00,Parashara_Drishti,Mercury,Capricorn,Ma Kết,"1°01'58.48""",Uttara Ashadha,Sun,2,Mars,Capricorn,Ma Kết,"1°27'22.13""",Uttara Ashadha,Sun,2,0th House,0,0,0.4232,0.4232,Standard
2026-01-18 03:00:00,Parashara_Drishti,Mars,Capricorn,Ma Kết,"1°27'22.13""",Uttara Ashadha,Sun,2,Mercury,Capricorn,Ma Kết,"1°01'58.48""",Uttara Ashadha,Sun,2,0th House,0,0,359.5768,0.4232,Standard
2026-01-18 03:15:00,Parashara_Drishti,Mercury,Capricorn,Ma Kết,"1°03'00.16""",Uttara Ashadha,Sun,2,Mars,Capricorn,Ma Kết,"1°27'51.25""",Uttara Ashadha,Sun,2,0th House,0,0,0.4142,0.4142,Standard
2026-01-18 03:15:00,Parashara_Drishti,Mars,Capricorn,Ma Kết,"1°27'51.25""",Uttara Ashadha,Sun,2,Mercury,Capricorn,Ma Kết,"1°03'00.16""",Uttara Ashadha,Sun,2,0th House,0,0,359.5858,0.4142,Standard
2026-01-18 03:30:00,Parashara_Drishti,Mercury,Capricorn,Ma Kết,"1°04'01.84""",Uttara Ashadha,Sun,2,Mars,Capricorn,Ma Kết,"1°28'20.38""",Uttara Ashadha,Sun,2,0th House,0,0,0.4051,0.4051,Standard
2026-01-18 03:30:00,Parashara_Drishti,Mars,Capricorn,Ma Kết,"1°28'20.38""",Uttara Ashadha,Sun,2,Mercury,Capricorn,Ma Kết,"1°04'01.84""",Uttara Ashadha,Sun,2,0th House,0,0,359.5949,0.4051,Standard
2026-01-18 03:45:00,Parashara_Drishti,Mercury,Capricorn,Ma Kết,"1°05'03.52""",Uttara Ashadha,Sun,2,Mars,Capricorn,Ma Kết,"1°28'49.51""",Uttara Ashadha,Sun,2,0th House,0,0,0.3961,0.3961,Standard
2026-01-18 03:45:00,Parashara_Drishti,Mars,Capricorn,Ma Kết,"1°28'49.51""",Uttara Ashadha,Sun,2,Mercury,Capricorn,Ma Kết,"1°05'03.52""",Uttara Ashadha,Sun,2,0th House,0,0,359.6039,0.3961,Standard
2026-01-18 04:00:00,Parashara_Drishti,Mercury,Capricorn,Ma Kết,"1°06'05.21""",Uttara Ashadha,Sun,2,Mars,Capricorn,Ma Kết,"1°29'18.63""",Uttara Ashadha,Sun,2,0th House,0,0,0.3871,0.3871,Standard
2026-01-18 04:00:00,Parashara_Drishti,Mars,Capricorn,Ma Kết,"1°29'18.63""",Uttara Ashadha,Sun,2,Mercury,Capricorn,Ma Kết,"1°06'05.21""",Uttara Ashadha,Sun,2,0th House,0,0,359.6129,0.3871,Standard
2026-01-18 04:15:00,Parashara_Drishti,Mercury,Capricorn,Ma Kết,"1°07'06.90""",Uttara Ashadha,Sun,2,Mars,Capricorn,Ma Kết,"1°29'47.76""",Uttara Ashadha,Sun,2,0th House,0,0,0.378,0.378,Standard
2026-01-18 04:15:00,Parashara_Drishti,Mars,Capricorn,Ma Kết,"1°29'47.76""",Uttara Ashadha,Sun,2,Mercury,Capricorn,Ma Kết,"1°07'06.90""",Uttara Ashadha,Sun,2,0th House,0,0,359.622,0.378,Standard
2026-01-18 04:30:00,Parashara_Drishti,Mercury,Capricorn,Ma Kết,"1°08'08.59""",Uttara Ashadha,Sun,2,Mars,Capricorn,Ma Kết,"1°30'16.89""",Uttara Ashadha,Sun,2,0th House,0,0,0.369,0.369,Standard
2026-01-18 04:30:00,Parashara_Drishti,Mars,Capricorn,Ma Kết,"1°30'16.89""",Uttara Ashadha,Sun,2,Mercury,Capricorn,Ma Kết,"1°08'08.59""",Uttara Ashadha,Sun,2,0th House,0,0,359.631,0.369,Standard
2026-01-18 04:45:00,Parashara_Drishti,Mercury,Capricorn,Ma Kết,"1°09'10.29""",Uttara Ashadha,Sun,2,Mars,Capricorn,Ma Kết,"1°30'46.02""",Uttara Ashadha,Sun,2,0th House,0,0,0.3599,0.3599,Standard
2026-01-18 04:45:00,Parashara_Drishti,Mars,Capricorn,Ma Kết,"1°30'46.02""",Uttara Ashadha,Sun,2,Mercury,Capricorn,Ma Kết,"1°09'10.29""",Uttara Ashadha,Sun,2,0th House,0,0,359.6401,0.3599,Standard
2026-01-18 05:00:00,Parashara_Drishti,Mercury,Capricorn,Ma Kết,"1°10'11.99""",Uttara Ashadha,Sun,2,Mars,Capricorn,Ma Kết,"1°31'15.14""",Uttara Ashadha,Sun,2,0th House,0,0,0.3509,0.3509,Standard
2026-01-18 05:00:00,Parashara_Drishti,Mars,Capricorn,Ma Kết,"1°31'15.14""",Uttara Ashadha,Sun,2,Mercury,Capricorn,Ma Kết,"1°10'11.99""",Uttara Ashadha,Sun,2,0th House,0,0,359.6491,0.3509,Standard
2026-01-18 05:15:00,Parashara_Drishti,Mercury,Capricorn,Ma Kết,"1°11'13.70""",Uttara Ashadha,Sun,2,Mars,Capricorn,Ma Kết,"1°31'44.27""",Uttara Ashadha,Sun,2,0th House,0,0,0.3418,0.3418,Standard
2026-01-18 05:15:00,Parashara_Drishti,Mars,Capricorn,Ma Kết,"1°31'44.27""",Uttara Ashadha,Sun,2,Mercury,Capricorn,Ma Kết,"1°11'13.70""",Uttara Ashadha,Sun,2,0th House,0,0,359.6582,0.3418,Standard
2026-01-18 05:30:00,Parashara_Drishti,Mercury,Capricorn,Ma Kết,"1°12'15.41""",Uttara Ashadha,Sun,2,Mars,Capricorn,Ma Kết,"1°32'13.40""",Uttara Ashadha,Sun,2,0th House,0,0,0.3328,0.3328,Standard
2026-01-18 05:30:00,Parashara_Drishti,Mars,Capricorn,Ma Kết,"1°32'13.40""",Uttara Ashadha,Sun,2,Mercury,Capricorn,Ma Kết,"1°12'15.41""",Uttara Ashadha,Sun,2,0th House,0,0,359.6672,0.3328,Standard
2026-01-18 05:45:00,Parashara_Drishti,Mercury,Capricorn,Ma Kết,"1°13'17.12""",Uttara Ashadha,Sun,2,Mars,Capricorn,Ma Kết,"1°32'42.53""",Uttara Ashadha,Sun,2,0th House,0,0,0.3237,0.3237,Standard
2026-01-18 05:45:00,Parashara_Drishti,Mars,Capricorn,Ma Kết,"1°32'42.53""",Uttara Ashadha,Sun,2,Mercury,Capricorn,Ma Kết,"1°13'17.12""",Uttara Ashadha,Sun,2,0th House,0,0,359.6763,0.3237,Standard
2026-01-18 06:00:00,Parashara_Drishti,Mercury,Capricorn,Ma Kết,"1°14'18.83""",Uttara Ashadha,Sun,2,Mars,Capricorn,Ma Kết,"1°33'11.66""",Uttara Ashadha,Sun,2,0th House,0,0,0.3147,0.3147,Standard
2026-01-18 06:00:00,Parashara_Drishti,Mars,Capricorn,Ma Kết,"1°33'11.66""",Uttara Ashadha,Sun,2,Mercury,Capricorn,Ma Kết,"1°14'18.83""",Uttara Ashadha,Sun,2,0th House,0,0,359.6853,0.3147,Standard
2026-01-18 06:15:00,Parashara_Drishti,Mercury,Capricorn,Ma Kết,"1°15'20.55""",Uttara Ashadha,Sun,2,Mars,Capricorn,Ma Kết,"1°33'40.79""",Uttara Ashadha,Sun,2,0th House,0,0,0.3056,0.3056,Standard
2026-01-18 06:15:00,Parashara_Drishti,Mars,Capricorn,Ma Kết,"1°33'40.79""",Uttara Ashadha,Sun,2,Mercury,Capricorn,Ma Kết,"1°15'20.55""",Uttara Ashadha,Sun,2,0th House,0,0,359.6944,0.3056,Standard
2026-01-18 06:30:00,Parashara_Drishti,Mercury,Capricorn,Ma Kết,"1°16'22.27""",Uttara Ashadha,Sun,2,Mars,Capricorn,Ma Kết,"1°34'09.91""",Uttara Ashadha,Sun,2,0th House,0,0,0.2966,0.2966,Standard
2026-01-18 06:30:00,Parashara_Drishti,Mars,Capricorn,Ma Kết,"1°34'09.91""",Uttara Ashadha,Sun,2,Mercury,Capricorn,Ma Kết,"1°16'22.27""",Uttara Ashadha,Sun,2,0th House,0,0,359.7034,0.2966,Standard
2026-01-18 06:45:00,Parashara_Drishti,Mercury,Capricorn,Ma Kết,"1°17'24.00""",Uttara Ashadha,Sun,2,Mars,Capricorn,Ma Kết,"1°34'39.04""",Uttara Ashadha,Sun,2,0th House,0,0,0.2875,0.2875,Standard
2026-01-18 06:45:00,Parashara_Drishti,Mars,Capricorn,Ma Kết,"1°34'39.04""",Uttara Ashadha,Sun,2,Mercury,Capricorn,Ma Kết,"1°17'24.00""",Uttara Ashadha,Sun,2,0th House,0,0,359.7125,0.2875,Standard
2026-01-18 07:00:00,Parashara_Drishti,Mercury,Capricorn,Ma Kết,"1°18'25.73""",Uttara Ashadha,Sun,2,Mars,Capricorn,Ma Kết,"1°35'08.17""",Uttara Ashadha,Sun,2,0th House,0,0,0.2785,0.2785,Standard
2026-01-18 07:00:00,Parashara_Drishti,Mars,Capricorn,Ma Kết,"1°35'08.17""",Uttara Ashadha,Sun,2,Mercury,Capricorn,Ma Kết,"1°18'25.73""",Uttara Ashadha,Sun,2,0th House,0,0,359.7215,0.2785,Standard
2026-01-18 07:15:00,Parashara_Drishti,Mercury,Capricorn,Ma Kết,"1°19'27.46""",Uttara Ashadha,Sun,2,Mars,Capricorn,Ma Kết,"1°35'37.30""",Uttara Ashadha,Sun,2,0th House,0,0,0.2694,0.2694,Standard
2026-01-18 07:15:00,Parashara_Drishti,Mars,Capricorn,Ma Kết,"1°35'37.30""",Uttara Ashadha,Sun,2,Mercury,Capricorn,Ma Kết,"1°19'27.46""",Uttara Ashadha,Sun,2,0th House,0,0,359.7306,0.2694,Standard
2026-01-18 07:30:00,Parashara_Drishti,Mercury,Capricorn,Ma Kết,"1°20'29.19""",Uttara Ashadha,Sun,2,Mars,Capricorn,Ma Kết,"1°36'06.43""",Uttara Ashadha,Sun,2,0th House,0,0,0.2603,0.2603,Standard
2026-01-18 07:30:00,Parashara_Drishti,Mars,Capricorn,Ma Kết,"1°36'06.43""",Uttara Ashadha,Sun,2,Mercury,Capricorn,Ma Kết,"1°20'29.19""",Uttara Ashadha,Sun,2,0th House,0,0,359.7397,0.2603,Standard
2026-01-18 07:45:00,Parashara_Drishti,Mercury,Capricorn,Ma Kết,"1°21'30.93""",Uttara Ashadha,Sun,2,Mars,Capricorn,Ma Kết,"1°36'35.56""",Uttara Ashadha,Sun,2,0th House,0,0,0.2513,0.2513,Standard
2026-01-18 07:45:00,Parashara_Drishti,Mars,Capricorn,Ma Kết,"1°36'35.56""",Uttara Ashadha,Sun,2,Mercury,Capricorn,Ma Kết,"1°21'30.93""",Uttara Ashadha,Sun,2,0th House,0,0,359.7487,0.2513,Standard
2026-01-18 08:00:00,Parashara_Drishti,Mercury,Capricorn,Ma Kết,"1°22'32.68""",Uttara Ashadha,Sun,2,Mars,Capricorn,Ma Kết,"1°37'04.69""",Uttara Ashadha,Sun,2,0th House,0,0,0.2422,0.2422,Standard
2026-01-18 08:00:00,Parashara_Drishti,Mars,Capricorn,Ma Kết,"1°37'04.69""",Uttara Ashadha,Sun,2,Mercury,Capricorn,Ma Kết,"1°22'32.68""",Uttara Ashadha,Sun,2,0th House,0,0,359.7578,0.2422,Standard
2026-01-18 08:15:00,Parashara_Drishti,Mercury,Capricorn,Ma Kết,"1°23'34.42""",Uttara Ashadha,Sun,2,Mars,Capricorn,Ma Kết,"1°37'33.82""",Uttara Ashadha,Sun,2,0th House,0,0,0.2332,0.2332,Standard
2026-01-18 08:15:00,Parashara_Drishti,Mars,Capricorn,Ma Kết,"1°37'33.82""",Uttara Ashadha,Sun,2,Mercury,Capricorn,Ma Kết,"1°23'34.42""",Uttara Ashadha,Sun,2,0th House,0,0,359.7668,0.2332,Standard
2026-01-18 08:30:00,Parashara_Drishti,Mercury,Capricorn,Ma Kết,"1°24'36.17""",Uttara Ashadha,Sun,2,Mars,Capricorn,Ma Kết,"1°38'02.95""",Uttara Ashadha,Sun,2,0th House,0,0,0.2241,0.2241,Standard
2026-01-18 08:30:00,Parashara_Drishti,Mars,Capricorn,Ma Kết,"1°38'02.95""",Uttara Ashadha,Sun,2,Mercury,Capricorn,Ma Kết,"1°24'36.17""",Uttara Ashadha,Sun,2,0th House,0,0,359.7759,0.2241,Standard
2026-01-18 08:45:00,Parashara_Drishti,Mercury,Capricorn,Ma Kết,"1°25'37.93""",Uttara Ashadha,Sun,2,Mars,Capricorn,Ma Kết,"1°38'32.09""",Uttara Ashadha,Sun,2,0th House,0,0,0.215,0.215,Standard
2026-01-18 08:45:00,Parashara_Drishti,Mars,Capricorn,Ma Kết,"1°38'32.09""",Uttara Ashadha,Sun,2,Mercury,Capricorn,Ma Kết,"1°25'37.93""",Uttara Ashadha,Sun,2,0th House,0,0,359.785,0.215,Standard
2026-01-18 09:00:00,Parashara_Drishti,Mercury,Capricorn,Ma Kết,"1°26'39.68""",Uttara Ashadha,Sun,2,Mars,Capricorn,Ma Kết,"1°39'01.22""",Uttara Ashadha,Sun,2,0th House,0,0,0.206,0.206,Standard
2026-01-18 09:00:00,Parashara_Drishti,Mars,Capricorn,Ma Kết,"1°39'01.22""",Uttara Ashadha,Sun,2,Mercury,Capricorn,Ma Kết,"1°26'39.68""",Uttara Ashadha,Sun,2,0th House,0,0,359.794,0.206,Standard
2026-01-18 09:15:00,Parashara_Drishti,Mercury,Capricorn,Ma Kết,"1°27'41.44""",Uttara Ashadha,Sun,2,Mars,Capricorn,Ma Kết,"1°39'30.35""",Uttara Ashadha,Sun,2,0th House,0,0,0.1969,0.1969,Standard
2026-01-18 09:15:00,Parashara_Drishti,Mars,Capricorn,Ma Kết,"1°39'30.35""",Uttara Ashadha,Sun,2,Mercury,Capricorn,Ma Kết,"1°27'41.44""",Uttara Ashadha,Sun,2,0th House,0,0,359.8031,0.1969,Standard
2026-01-18 09:30:00,Parashara_Drishti,Mercury,Capricorn,Ma Kết,"1°28'43.21""",Uttara Ashadha,Sun,2,Mars,Capricorn,Ma Kết,"1°39'59.48""",Uttara Ashadha,Sun,2,0th House,0,0,0.1879,0.1879,Standard
2026-01-18 09:30:00,Parashara_Drishti,Mars,Capricorn,Ma Kết,"1°39'59.48""",Uttara Ashadha,Sun,2,Mercury,Capricorn,Ma Kết,"1°28'43.21""",Uttara Ashadha,Sun,2,0th House,0,0,359.8121,0.1879,Standard
2026-01-18 09:45:00,Parashara_Drishti,Mercury,Capricorn,Ma Kết,"1°29'44.97""",Uttara Ashadha,Sun,2,Mars,Capricorn,Ma Kết,"1°40'28.61""",Uttara Ashadha,Sun,2,0th House,0,0,0.1788,0.1788,Standard
2026-01-18 09:45:00,Parashara_Drishti,Mars,Capricorn,Ma Kết,"1°40'28.61""",Uttara Ashadha,Sun,2,Mercury,Capricorn,Ma Kết,"1°29'44.97""",Uttara Ashadha,Sun,2,0th House,0,0,359.8212,0.1788,Standard
2026-01-18 10:00:00,Parashara_Drishti,Mercury,Capricorn,Ma Kết,"1°30'46.75""",Uttara Ashadha,Sun,2,Mars,Capricorn,Ma Kết,"1°40'57.74""",Uttara Ashadha,Sun,2,0th House,0,0,0.1697,0.1697,Standard
2026-01-18 10:00:00,Parashara_Drishti,Mars,Capricorn,Ma Kết,"1°40'57.74""",Uttara Ashadha,Sun,2,Mercury,Capricorn,Ma Kết,"1°30'46.75""",Uttara Ashadha,Sun,2,0th House,0,0,359.8303,0.1697,Standard
2026-01-18 10:15:00,Parashara_Drishti,Mercury,Capricorn,Ma Kết,"1°31'48.52""",Uttara Ashadha,Sun,2,Mars,Capricorn,Ma Kết,"1°41'26.87""",Uttara Ashadha,Sun,2,0th House,0,0,0.1607,0.1607,Standard
2026-01-18 10:15:00,Parashara_Drishti,Mars,Capricorn,Ma Kết,"1°41'26.87""",Uttara Ashadha,Sun,2,Mercury,Capricorn,Ma Kết,"1°31'48.52""",Uttara Ashadha,Sun,2,0th House,0,0,359.8393,0.1607,Standard
2026-01-18 10:30:00,Parashara_Drishti,Mercury,Capricorn,Ma Kết,"1°32'50.30""",Uttara Ashadha,Sun,2,Mars,Capricorn,Ma Kết,"1°41'56.01""",Uttara Ashadha,Sun,2,0th House,0,0,0.1516,0.1516,Standard
2026-01-18 10:30:00,Parashara_Drishti,Mars,Capricorn,Ma Kết,"1°41'56.01""",Uttara Ashadha,Sun,2,Mercury,Capricorn,Ma Kết,"1°32'50.30""",Uttara Ashadha,Sun,2,0th House,0,0,359.8484,0.1516,Standard
2026-01-18 10:45:00,Parashara_Drishti,Mercury,Capricorn,Ma Kết,"1°33'52.08""",Uttara Ashadha,Sun,2,Mars,Capricorn,Ma Kết,"1°42'25.14""",Uttara Ashadha,Sun,2,0th House,0,0,0.1425,0.1425,Standard
2026-01-18 10:45:00,Parashara_Drishti,Mars,Capricorn,Ma Kết,"1°42'25.14""",Uttara Ashadha,Sun,2,Mercury,Capricorn,Ma Kết,"1°33'52.08""",Uttara Ashadha,Sun,2,0th House,0,0,359.8575,0.1425,Standard
2026-01-18 11:00:00,Parashara_Drishti,Mercury,Capricorn,Ma Kết,"1°34'53.86""",Uttara Ashadha,Sun,2,Mars,Capricorn,Ma Kết,"1°42'54.27""",Uttara Ashadha,Sun,2,0th House,0,0,0.1334,0.1334,Standard
2026-01-18 11:00:00,Parashara_Drishti,Mars,Capricorn,Ma Kết,"1°42'54.27""",Uttara Ashadha,Sun,2,Mercury,Capricorn,Ma Kết,"1°34'53.86""",Uttara Ashadha,Sun,2,0th House,0,0,359.8666,0.1334,Standard
2026-01-18 11:15:00,Parashara_Drishti,Mercury,Capricorn,Ma Kết,"1°35'55.65""",Uttara Ashadha,Sun,2,Mars,Capricorn,Ma Kết,"1°43'23.41""",Uttara Ashadha,Sun,2,0th House,0,0,0.1244,0.1244,Standard
2026-01-18 11:15:00,Parashara_Drishti,Mars,Capricorn,Ma Kết,"1°43'23.41""",Uttara Ashadha,Sun,2,Mercury,Capricorn,Ma Kết,"1°35'55.65""",Uttara Ashadha,Sun,2,0th House,0,0,359.8756,0.1244,Standard
2026-01-18 11:30:00,Parashara_Drishti,Mercury,Capricorn,Ma Kết,"1°36'57.44""",Uttara Ashadha,Sun,2,Mars,Capricorn,Ma Kết,"1°43'52.54""",Uttara Ashadha,Sun,2,0th House,0,0,0.1153,0.1153,Standard
2026-01-18 11:30:00,Parashara_Drishti,Mars,Capricorn,Ma Kết,"1°43'52.54""",Uttara Ashadha,Sun,2,Mercury,Capricorn,Ma Kết,"1°36'57.44""",Uttara Ashadha,Sun,2,0th House,0,0,359.8847,0.1153,Standard
2026-01-18 11:45:00,Parashara_Drishti,Mercury,Capricorn,Ma Kết,"1°37'59.24""",Uttara Ashadha,Sun,2,Mars,Capricorn,Ma Kết,"1°44'21.67""",Uttara Ashadha,Sun,2,0th House,0,0,0.1062,0.1062,Standard
2026-01-18 11:45:00,Parashara_Drishti,Mars,Capricorn,Ma Kết,"1°44'21.67""",Uttara Ashadha,Sun,2,Mercury,Capricorn,Ma Kết,"1°37'59.24""",Uttara Ashadha,Sun,2,0th House,0,0,359.8938,0.1062,Standard
2026-01-18 12:00:00,Parashara_Drishti,Mercury,Capricorn,Ma Kết,"1°39'01.04""",Uttara Ashadha,Sun,2,Mars,Capricorn,Ma Kết,"1°44'50.81""",Uttara Ashadha,Sun,2,0th House,0,0,0.0972,0.0972,Standard
2026-01-18 12:00:00,Parashara_Drishti,Mars,Capricorn,Ma Kết,"1°44'50.81""",Uttara Ashadha,Sun,2,Mercury,Capricorn,Ma Kết,"1°39'01.04""",Uttara Ashadha,Sun,2,0th House,0,0,359.9028,0.0972,Standard
2026-01-18 12:15:00,Parashara_Drishti,Mercury,Capricorn,Ma Kết,"1°40'02.84""",Uttara Ashadha,Sun,2,Mars,Capricorn,Ma Kết,"1°45'19.94""",Uttara Ashadha,Sun,2,0th House,0,0,0.0881,0.0881,Standard
2026-01-18 12:15:00,Parashara_Drishti,Mars,Capricorn,Ma Kết,"1°45'19.94""",Uttara Ashadha,Sun,2,Mercury,Capricorn,Ma Kết,"1°40'02.84""",Uttara Ashadha,Sun,2,0th House,0,0,359.9119,0.0881,Standard
2026-01-18 12:30:00,Parashara_Drishti,Mercury,Capricorn,Ma Kết,"1°41'04.65""",Uttara Ashadha,Sun,2,Mars,Capricorn,Ma Kết,"1°45'49.07""",Uttara Ashadha,Sun,2,0th House,0,0,0.079,0.079,Standard
2026-01-18 12:30:00,Parashara_Drishti,Mars,Capricorn,Ma Kết,"1°45'49.07""",Uttara Ashadha,Sun,2,Mercury,Capricorn,Ma Kết,"1°41'04.65""",Uttara Ashadha,Sun,2,0th House,0,0,359.921,0.079,Standard
2026-01-18 12:45:00,Parashara_Drishti,Mercury,Capricorn,Ma Kết,"1°42'06.46""",Uttara Ashadha,Sun,2,Mars,Capricorn,Ma Kết,"1°46'18.21""",Uttara Ashadha,Sun,2,0th House,0,0,0.0699,0.0699,Standard
2026-01-18 12:45:00,Parashara_Drishti,Mars,Capricorn,Ma Kết,"1°46'18.21""",Uttara Ashadha,Sun,2,Mercury,Capricorn,Ma Kết,"1°42'06.46""",Uttara Ashadha,Sun,2,0th House,0,0,359.9301,0.0699,Standard
2026-01-18 13:00:00,Parashara_Drishti,Mercury,Capricorn,Ma Kết,"1°43'08.27""",Uttara Ashadha,Sun,2,Mars,Capricorn,Ma Kết,"1°46'47.34""",Uttara Ashadha,Sun,2,0th House,0,0,0.0609,0.0609,Standard
2026-01-18 13:00:00,Parashara_Drishti,Mars,Capricorn,Ma Kết,"1°46'47.34""",Uttara Ashadha,Sun,2,Mercury,Capricorn,Ma Kết,"1°43'08.27""",Uttara Ashadha,Sun,2,0th House,0,0,359.9391,0.0609,Standard
2026-01-18 13:15:00,Parashara_Drishti,Mercury,Capricorn,Ma Kết,"1°44'10.08""",Uttara Ashadha,Sun,2,Mars,Capricorn,Ma Kết,"1°47'16.48""",Uttara Ashadha,Sun,2,0th House,0,0,0.0518,0.0518,Standard
2026-01-18 13:15:00,Parashara_Drishti,Mars,Capricorn,Ma Kết,"1°47'16.48""",Uttara Ashadha,Sun,2,Mercury,Capricorn,Ma Kết,"1°44'10.08""",Uttara Ashadha,Sun,2,0th House,0,0,359.9482,0.0518,Standard
2026-01-18 13:30:00,Parashara_Drishti,Mercury,Capricorn,Ma Kết,"1°45'11.90""",Uttara Ashadha,Sun,2,Mars,Capricorn,Ma Kết,"1°47'45.61""",Uttara Ashadha,Sun,2,0th House,0,0,0.0427,0.0427,Standard
2026-01-18 13:30:00,Parashara_Drishti,Mars,Capricorn,Ma Kết,"1°47'45.61""",Uttara Ashadha,Sun,2,Mercury,Capricorn,Ma Kết,"1°45'11.90""",Uttara Ashadha,Sun,2,0th House,0,0,359.9573,0.0427,Standard
2026-01-18 13:45:00,Parashara_Drishti,Mercury,Capricorn,Ma Kết,"1°46'13.73""",Uttara Ashadha,Sun,2,Mars,Capricorn,Ma Kết,"1°48'14.75""",Uttara Ashadha,Sun,2,0th House,0,0,0.0336,0.0336,Standard
2026-01-18 13:45:00,Parashara_Drishti,Mars,Capricorn,Ma Kết,"1°48'14.75""",Uttara Ashadha,Sun,2,Mercury,Capricorn,Ma Kết,"1°46'13.73""",Uttara Ashadha,Sun,2,0th House,0,0,359.9664,0.0336,Standard
2026-01-18 14:00:00,Parashara_Drishti,Mercury,Capricorn,Ma Kết,"1°47'15.56""",Uttara Ashadha,Sun,2,Mars,Capricorn,Ma Kết,"1°48'43.88""",Uttara Ashadha,Sun,2,0th House,0,0,0.0245,0.0245,Standard
2026-01-18 14:00:00,Parashara_Drishti,Mars,Capricorn,Ma Kết,"1°48'43.88""",Uttara Ashadha,Sun,2,Mercury,Capricorn,Ma Kết,"1°47'15.56""",Uttara Ashadha,Sun,2,0th House,0,0,359.9755,0.0245,Standard
2026-01-18 14:15:00,Parashara_Drishti,Mercury,Capricorn,Ma Kết,"1°48'17.39""",Uttara Ashadha,Sun,2,Mars,Capricorn,Ma Kết,"1°49'13.02""",Uttara Ashadha,Sun,2,0th House,0,0,0.0155,0.0155,Standard
2026-01-18 14:15:00,Parashara_Drishti,Mars,Capricorn,Ma Kết,"1°49'13.02""",Uttara Ashadha,Sun,2,Mercury,Capricorn,Ma Kết,"1°48'17.39""",Uttara Ashadha,Sun,2,0th House,0,0,359.9845,0.0155,Standard
2026-01-18 14:30:00,Parashara_Drishti,Mercury,Capricorn,Ma Kết,"1°49'19.22""",Uttara Ashadha,Sun,2,Mars,Capricorn,Ma Kết,"1°49'42.15""",Uttara Ashadha,Sun,2,0th House,0,0,0.0064,0.0064,Standard
2026-01-18 14:30:00,Parashara_Drishti,Mars,Capricorn,Ma Kết,"1°49'42.15""",Uttara Ashadha,Sun,2,Mercury,Capricorn,Ma Kết,"1°49'19.22""",Uttara Ashadha,Sun,2,0th House,0,0,359.9936,0.0064,Standard
2026-01-18 14:45:00,Parashara_Drishti,Mercury,Capricorn,Ma Kết,"1°50'21.06""",Uttara Ashadha,Sun,2,Mars,Capricorn,Ma Kết,"1°50'11.29""",Uttara Ashadha,Sun,2,0th House,0,0,359.9973,0.0027,Standard
2026-01-18 14:45:00,Parashara_Drishti,Mars,Capricorn,Ma Kết,"1°50'11.29""",Uttara Ashadha,Sun,2,Mercury,Capricorn,Ma Kết,"1°50'21.06""",Uttara Ashadha,Sun,2,0th House,0,0,0.0027,0.0027,Standard
2026-01-18 15:00:00,Parashara_Drishti,Mercury,Capricorn,Ma Kết,"1°51'22.90""",Uttara Ashadha,Sun,2,Mars,Capricorn,Ma Kết,"1°50'40.42""",Uttara Ashadha,Sun,2,0th House,0,0,359.9882,0.0118,Standard
2026-01-18 15:00:00,Parashara_Drishti,Mars,Capricorn,Ma Kết,"1°50'40.42""",Uttara Ashadha,Sun,2,Mercury,Capricorn,Ma Kết,"1°51'22.90""",Uttara Ashadha,Sun,2,0th House,0,0,0.0118,0.0118,Standard
2026-01-18 15:15:00,Parashara_Drishti,Mercury,Capricorn,Ma Kết,"1°52'24.74""",Uttara Ashadha,Sun,2,Mars,Capricorn,Ma Kết,"1°51'09.56""",Uttara Ashadha,Sun,2,0th House,0,0,359.9791,0.0209,Standard
2026-01-18 15:15:00,Parashara_Drishti,Mars,Capricorn,Ma Kết,"1°51'09.56""",Uttara Ashadha,Sun,2,Mercury,Capricorn,Ma Kết,"1°52'24.74""",Uttara Ashadha,Sun,2,0th House,0,0,0.0209,0.0209,Standard
2026-01-18 15:30:00,Parashara_Drishti,Mercury,Capricorn,Ma Kết,"1°53'26.59""",Uttara Ashadha,Sun,2,Mars,Capricorn,Ma Kết,"1°51'38.70""",Uttara Ashadha,Sun,2,0th House,0,0,359.97,0.03,Standard
2026-01-18 15:30:00,Parashara_Drishti,Mars,Capricorn,Ma Kết,"1°51'38.70""",Uttara Ashadha,Sun,2,Mercury,Capricorn,Ma Kết,"1°53'26.59""",Uttara Ashadha,Sun,2,0th House,0,0,0.03,0.03,Standard
2026-01-18 15:45:00,Parashara_Drishti,Mercury,Capricorn,Ma Kết,"1°54'28.44""",Uttara Ashadha,Sun,2,Mars,Capricorn,Ma Kết,"1°52'07.83""",Uttara Ashadha,Sun,2,0th House,0,0,359.9609,0.0391,Standard
2026-01-18 15:45:00,Parashara_Drishti,Mars,Capricorn,Ma Kết,"1°52'07.83""",Uttara Ashadha,Sun,2,Mercury,Capricorn,Ma Kết,"1°54'28.44""",Uttara Ashadha,Sun,2,0th House,0,0,0.0391,0.0391,Standard
2026-01-18 16:00:00,Parashara_Drishti,Mercury,Capricorn,Ma Kết,"1°55'30.30""",Uttara Ashadha,Sun,2,Mars,Capricorn,Ma Kết,"1°52'36.97""",Uttara Ashadha,Sun,2,0th House,0,0,359.9519,0.0481,Standard
2026-01-18 16:00:00,Parashara_Drishti,Mars,Capricorn,Ma Kết,"1°52'36.97""",Uttara Ashadha,Sun,2,Mercury,Capricorn,Ma Kết,"1°55'30.30""",Uttara Ashadha,Sun,2,0th House,0,0,0.0481,0.0481,Standard
2026-01-18 16:15:00,Parashara_Drishti,Mercury,Capricorn,Ma Kết,"1°56'32.16""",Uttara Ashadha,Sun,2,Mars,Capricorn,Ma Kết,"1°53'06.11""",Uttara Ashadha,Sun,2,0th House,0,0,359.9428,0.0572,Standard
2026-01-18 16:15:00,Parashara_Drishti,Mars,Capricorn,Ma Kết,"1°53'06.11""",Uttara Ashadha,Sun,2,Mercury,Capricorn,Ma Kết,"1°56'32.16""",Uttara Ashadha,Sun,2,0th House,0,0,0.0572,0.0572,Standard
2026-01-18 16:30:00,Parashara_Drishti,Mercury,Capricorn,Ma Kết,"1°57'34.02""",Uttara Ashadha,Sun,2,Mars,Capricorn,Ma Kết,"1°53'35.24""",Uttara Ashadha,Sun,2,0th House,0,0,359.9337,0.0663,Standard
2026-01-18 16:30:00,Parashara_Drishti,Mars,Capricorn,Ma Kết,"1°53'35.24""",Uttara Ashadha,Sun,2,Mercury,Capricorn,Ma Kết,"1°57'34.02""",Uttara Ashadha,Sun,2,0th House,0,0,0.0663,0.0663,Standard
2026-01-18 16:45:00,Parashara_Drishti,Mercury,Capricorn,Ma Kết,"1°58'35.88""",Uttara Ashadha,Sun,2,Mars,Capricorn,Ma Kết,"1°54'04.38""",Uttara Ashadha,Sun,2,0th House,0,0,359.9246,0.0754,Standard
2026-01-18 16:45:00,Parashara_Drishti,Mars,Capricorn,Ma Kết,"1°54'04.38""",Uttara Ashadha,Sun,2,Mercury,Capricorn,Ma Kết,"1°58'35.88""",Uttara Ashadha,Sun,2,0th House,0,0,0.0754,0.0754,Standard
2026-01-18 17:00:00,Parashara_Drishti,Mercury,Capricorn,Ma Kết,"1°59'37.75""",Uttara Ashadha,Sun,2,Mars,Capricorn,Ma Kết,"1°54'33.52""",Uttara Ashadha,Sun,2,0th House,0,0,359.9155,0.0845,Standard
2026-01-18 17:00:00,Parashara_Drishti,Mars,Capricorn,Ma Kết,"1°54'33.52""",Uttara Ashadha,Sun,2,Mercury,Capricorn,Ma Kết,"1°59'37.75""",Uttara Ashadha,Sun,2,0th House,0,0,0.0845,0.0845,Standard
2026-01-18 17:15:00,Parashara_Drishti,Mercury,Capricorn,Ma Kết,"2°00'39.63""",Uttara Ashadha,Sun,2,Mars,Capricorn,Ma Kết,"1°55'02.66""",Uttara Ashadha,Sun,2,0th House,0,0,359.9064,0.0936,Standard
2026-01-18 17:15:00,Parashara_Drishti,Mars,Capricorn,Ma Kết,"1°55'02.66""",Uttara Ashadha,Sun,2,Mercury,Capricorn,Ma Kết,"2°00'39.63""",Uttara Ashadha,Sun,2,0th House,0,0,0.0936,0.0936,Standard
2026-01-18 17:30:00,Parashara_Drishti,Mercury,Capricorn,Ma Kết,"2°01'41.50""",Uttara Ashadha,Sun,2,Mars,Capricorn,Ma Kết,"1°55'31.79""",Uttara Ashadha,Sun,2,0th House,0,0,359.8973,0.1027,Standard
2026-01-18 17:30:00,Parashara_Drishti,Mars,Capricorn,Ma Kết,"1°55'31.79""",Uttara Ashadha,Sun,2,Mercury,Capricorn,Ma Kết,"2°01'41.50""",Uttara Ashadha,Sun,2,0th House,0,0,0.1027,0.1027,Standard
2026-01-18 17:45:00,Parashara_Drishti,Mercury,Capricorn,Ma Kết,"2°02'43.38""",Uttara Ashadha,Sun,2,Mars,Capricorn,Ma Kết,"1°56'00.93""",Uttara Ashadha,Sun,2,0th House,0,0,359.8882,0.1118,Standard
2026-01-18 17:45:00,Parashara_Drishti,Mars,Capricorn,Ma Kết,"1°56'00.93""",Uttara Ashadha,Sun,2,Mercury,Capricorn,Ma Kết,"2°02'43.38""",Uttara Ashadha,Sun,2,0th House,0,0,0.1118,0.1118,Standard
2026-01-18 18:00:00,Parashara_Drishti,Mercury,Capricorn,Ma Kết,"2°03'45.26""",Uttara Ashadha,Sun,2,Mars,Capricorn,Ma Kết,"1°56'30.07""",Uttara Ashadha,Sun,2,0th House,0,0,359.8791,0.1209,Standard
2026-01-18 18:00:00,Parashara_Drishti,Mars,Capricorn,Ma Kết,"1°56'30.07""",Uttara Ashadha,Sun,2,Mercury,Capricorn,Ma Kết,"2°03'45.26""",Uttara Ashadha,Sun,2,0th House,0,0,0.1209,0.1209,Standard
2026-01-18 18:15:00,Parashara_Drishti,Mercury,Capricorn,Ma Kết,"2°04'47.15""",Uttara Ashadha,Sun,2,Mars,Capricorn,Ma Kết,"1°56'59.21""",Uttara Ashadha,Sun,2,0th House,0,0,359.87,0.13,Standard
2026-01-18 18:15:00,Parashara_Drishti,Mars,Capricorn,Ma Kết,"1°56'59.21""",Uttara Ashadha,Sun,2,Mercury,Capricorn,Ma Kết,"2°04'47.15""",Uttara Ashadha,Sun,2,0th House,0,0,0.13,0.13,Standard
2026-01-18 18:30:00,Parashara_Drishti,Mercury,Capricorn,Ma Kết,"2°05'49.04""",Uttara Ashadha,Sun,2,Mars,Capricorn,Ma Kết,"1°57'28.35""",Uttara Ashadha,Sun,2,0th House,0,0,359.8609,0.1391,Standard
2026-01-18 18:30:00,Parashara_Drishti,Mars,Capricorn,Ma Kết,"1°57'28.35""",Uttara Ashadha,Sun,2,Mercury,Capricorn,Ma Kết,"2°05'49.04""",Uttara Ashadha,Sun,2,0th House,0,0,0.1391,0.1391,Standard
2026-01-18 18:45:00,Parashara_Drishti,Mercury,Capricorn,Ma Kết,"2°06'50.94""",Uttara Ashadha,Sun,2,Mars,Capricorn,Ma Kết,"1°57'57.49""",Uttara Ashadha,Sun,2,0th House,0,0,359.8518,0.1482,Standard
2026-01-18 18:45:00,Parashara_Drishti,Mars,Capricorn,Ma Kết,"1°57'57.49""",Uttara Ashadha,Sun,2,Mercury,Capricorn,Ma Kết,"2°06'50.94""",Uttara Ashadha,Sun,2,0th House,0,0,0.1482,0.1482,Standard
2026-01-18 19:00:00,Parashara_Drishti,Mercury,Capricorn,Ma Kết,"2°07'52.83""",Uttara Ashadha,Sun,2,Mars,Capricorn,Ma Kết,"1°58'26.63""",Uttara Ashadha,Sun,2,0th House,0,0,359.8427,0.1573,Standard
2026-01-18 19:00:00,Parashara_Drishti,Mars,Capricorn,Ma Kết,"1°58'26.63""",Uttara Ashadha,Sun,2,Mercury,Capricorn,Ma Kết,"2°07'52.83""",Uttara Ashadha,Sun,2,0th House,0,0,0.1573,0.1573,Standard
2026-01-18 19:15:00,Parashara_Drishti,Mercury,Capricorn,Ma Kết,"2°08'54.73""",Uttara Ashadha,Sun,2,Mars,Capricorn,Ma Kết,"1°58'55.77""",Uttara Ashadha,Sun,2,0th House,0,0,359.8336,0.1664,Standard
2026-01-18 19:15:00,Parashara_Drishti,Mars,Capricorn,Ma Kết,"1°58'55.77""",Uttara Ashadha,Sun,2,Mercury,Capricorn,Ma Kết,"2°08'54.73""",Uttara Ashadha,Sun,2,0th House,0,0,0.1664,0.1664,Standard
2026-01-18 19:30:00,Parashara_Drishti,Mercury,Capricorn,Ma Kết,"2°09'56.64""",Uttara Ashadha,Sun,2,Mars,Capricorn,Ma Kết,"1°59'24.91""",Uttara Ashadha,Sun,2,0th House,0,0,359.8245,0.1755,Standard
2026-01-18 19:30:00,Parashara_Drishti,Mars,Capricorn,Ma Kết,"1°59'24.91""",Uttara Ashadha,Sun,2,Mercury,Capricorn,Ma Kết,"2°09'56.64""",Uttara Ashadha,Sun,2,0th House,0,0,0.1755,0.1755,Standard
2026-01-18 19:45:00,Parashara_Drishti,Mercury,Capricorn,Ma Kết,"2°10'58.55""",Uttara Ashadha,Sun,2,Mars,Capricorn,Ma Kết,"1°59'54.04""",Uttara Ashadha,Sun,2,0th House,0,0,359.8154,0.1846,Standard
2026-01-18 19:45:00,Parashara_Drishti,Mars,Capricorn,Ma Kết,"1°59'54.04""",Uttara Ashadha,Sun,2,Mercury,Capricorn,Ma Kết,"2°10'58.55""",Uttara Ashadha,Sun,2,0th House,0,0,0.1846,0.1846,Standard
2026-01-18 20:00:00,Parashara_Drishti,Mercury,Capricorn,Ma Kết,"2°12'00.46""",Uttara Ashadha,Sun,2,Mars,Capricorn,Ma Kết,"2°00'23.18""",Uttara Ashadha,Sun,2,0th House,0,0,359.8063,0.1937,Standard
2026-01-18 20:00:00,Parashara_Drishti,Mars,Capricorn,Ma Kết,"2°00'23.18""",Uttara Ashadha,Sun,2,Mercury,Capricorn,Ma Kết,"2°12'00.46""",Uttara Ashadha,Sun,2,0th House,0,0,0.1937,0.1937,Standard
2026-01-18 20:15:00,Parashara_Drishti,Mercury,Capricorn,Ma Kết,"2°13'02.37""",Uttara Ashadha,Sun,2,Mars,Capricorn,Ma Kết,"2°00'52.33""",Uttara Ashadha,Sun,2,0th House,0,0,359.7972,0.2028,Standard
2026-01-18 20:15:00,Parashara_Drishti,Mars,Capricorn,Ma Kết,"2°00'52.33""",Uttara Ashadha,Sun,2,Mercury,Capricorn,Ma Kết,"2°13'02.37""",Uttara Ashadha,Sun,2,0th House,0,0,0.2028,0.2028,Standard
2026-01-18 20:30:00,Parashara_Drishti,Mercury,Capricorn,Ma Kết,"2°14'04.29""",Uttara Ashadha,Sun,2,Mars,Capricorn,Ma Kết,"2°01'21.47""",Uttara Ashadha,Sun,2,0th House,0,0,359.7881,0.2119,Standard
2026-01-18 20:30:00,Parashara_Drishti,Mars,Capricorn,Ma Kết,"2°01'21.47""",Uttara Ashadha,Sun,2,Mercury,Capricorn,Ma Kết,"2°14'04.29""",Uttara Ashadha,Sun,2,0th House,0,0,0.2119,0.2119,Standard
2026-01-18 20:45:00,Parashara_Drishti,Mercury,Capricorn,Ma Kết,"2°15'06.21""",Uttara Ashadha,Sun,2,Mars,Capricorn,Ma Kết,"2°01'50.61""",Uttara Ashadha,Sun,2,0th House,0,0,359.779,0.221,Standard
2026-01-18 20:45:00,Parashara_Drishti,Mars,Capricorn,Ma Kết,"2°01'50.61""",Uttara Ashadha,Sun,2,Mercury,Capricorn,Ma Kết,"2°15'06.21""",Uttara Ashadha,Sun,2,0th House,0,0,0.221,0.221,Standard
2026-01-18 21:00:00,Parashara_Drishti,Mercury,Capricorn,Ma Kết,"2°16'08.14""",Uttara Ashadha,Sun,2,Mars,Capricorn,Ma Kết,"2°02'19.75""",Uttara Ashadha,Sun,2,0th House,0,0,359.7699,0.2301,Standard
2026-01-18 21:00:00,Parashara_Drishti,Mars,Capricorn,Ma Kết,"2°02'19.75""",Uttara Ashadha,Sun,2,Mercury,Capricorn,Ma Kết,"2°16'08.14""",Uttara Ashadha,Sun,2,0th House,0,0,0.2301,0.2301,Standard
2026-01-18 21:15:00,Parashara_Drishti,Mercury,Capricorn,Ma Kết,"2°17'10.07""",Uttara Ashadha,Sun,2,Mars,Capricorn,Ma Kết,"2°02'48.89""",Uttara Ashadha,Sun,2,0th House,0,0,359.7608,0.2392,Standard
2026-01-18 21:15:00,Parashara_Drishti,Mars,Capricorn,Ma Kết,"2°02'48.89""",Uttara Ashadha,Sun,2,Mercury,Capricorn,Ma Kết,"2°17'10.07""",Uttara Ashadha,Sun,2,0th House,0,0,0.2392,0.2392,Standard
2026-01-18 21:30:00,Parashara_Drishti,Mercury,Capricorn,Ma Kết,"2°18'12.00""",Uttara Ashadha,Sun,2,Mars,Capricorn,Ma Kết,"2°03'18.03""",Uttara Ashadha,Sun,2,0th House,0,0,359.7517,0.2483,Standard
2026-01-18 21:30:00,Parashara_Drishti,Mars,Capricorn,Ma Kết,"2°03'18.03""",Uttara Ashadha,Sun,2,Mercury,Capricorn,Ma Kết,"2°18'12.00""",Uttara Ashadha,Sun,2,0th House,0,0,0.2483,0.2483,Standard
2026-01-18 21:45:00,Parashara_Drishti,Mercury,Capricorn,Ma Kết,"2°19'13.94""",Uttara Ashadha,Sun,2,Mars,Capricorn,Ma Kết,"2°03'47.17""",Uttara Ashadha,Sun,2,0th House,0,0,359.7426,0.2574,Standard
2026-01-18 21:45:00,Parashara_Drishti,Mars,Capricorn,Ma Kết,"2°03'47.17""",Uttara Ashadha,Sun,2,Mercury,Capricorn,Ma Kết,"2°19'13.94""",Uttara Ashadha,Sun,2,0th House,0,0,0.2574,0.2574,Standard
2026-01-18 22:00:00,Parashara_Drishti,Mercury,Capricorn,Ma Kết,"2°20'15.88""",Uttara Ashadha,Sun,2,Mars,Capricorn,Ma Kết,"2°04'16.31""",Uttara Ashadha,Sun,2,0th House,0,0,359.7335,0.2665,Standard
2026-01-18 22:00:00,Parashara_Drishti,Mars,Capricorn,Ma Kết,"2°04'16.31""",Uttara Ashadha,Sun,2,Mercury,Capricorn,Ma Kết,"2°20'15.88""",Uttara Ashadha,Sun,2,0th House,0,0,0.2665,0.2665,Standard
2026-01-18 22:15:00,Parashara_Drishti,Mercury,Capricorn,Ma Kết,"2°21'17.82""",Uttara Ashadha,Sun,2,Mars,Capricorn,Ma Kết,"2°04'45.45""",Uttara Ashadha,Sun,2,0th House,0,0,359.7243,0.2757,Standard
2026-01-18 22:15:00,Parashara_Drishti,Mars,Capricorn,Ma Kết,"2°04'45.45""",Uttara Ashadha,Sun,2,Mercury,Capricorn,Ma Kết,"2°21'17.82""",Uttara Ashadha,Sun,2,0th House,0,0,0.2757,0.2757,Standard
2026-01-18 22:30:00,Parashara_Drishti,Mercury,Capricorn,Ma Kết,"2°22'19.77""",Uttara Ashadha,Sun,2,Mars,Capricorn,Ma Kết,"2°05'14.60""",Uttara Ashadha,Sun,2,0th House,0,0,359.7152,0.2848,Standard
2026-01-18 22:30:00,Parashara_Drishti,Mars,Capricorn,Ma Kết,"2°05'14.60""",Uttara Ashadha,Sun,2,Mercury,Capricorn,Ma Kết,"2°22'19.77""",Uttara Ashadha,Sun,2,0th House,0,0,0.2848,0.2848,Standard
2026-01-18 22:45:00,Parashara_Drishti,Mercury,Capricorn,Ma Kết,"2°23'21.72""",Uttara Ashadha,Sun,2,Mars,Capricorn,Ma Kết,"2°05'43.74""",Uttara Ashadha,Sun,2,0th House,0,0,359.7061,0.2939,Standard
2026-01-18 22:45:00,Parashara_Drishti,Mars,Capricorn,Ma Kết,"2°05'43.74""",Uttara Ashadha,Sun,2,Mercury,Capricorn,Ma Kết,"2°23'21.72""",Uttara Ashadha,Sun,2,0th House,0,0,0.2939,0.2939,Standard
2026-01-18 23:00:00,Parashara_Drishti,Mercury,Capricorn,Ma Kết,"2°24'23.67""",Uttara Ashadha,Sun,2,Mars,Capricorn,Ma Kết,"2°06'12.88""",Uttara Ashadha,Sun,2,0th House,0,0,359.697,0.303,Standard
2026-01-18 23:00:00,Parashara_Drishti,Mars,Capricorn,Ma Kết,"2°06'12.88""",Uttara Ashadha,Sun,2,Mercury,Capricorn,Ma Kết,"2°24'23.67""",Uttara Ashadha,Sun,2,0th House,0,0,0.303,0.303,Standard
2026-01-18 23:15:00,Parashara_Drishti,Mercury,Capricorn,Ma Kết,"2°25'25.63""",Uttara Ashadha,Sun,2,Mars,Capricorn,Ma Kết,"2°06'42.02""",Uttara Ashadha,Sun,2,0th House,0,0,359.6879,0.3121,Standard
2026-01-18 23:15:00,Parashara_Drishti,Mars,Capricorn,Ma Kết,"2°06'42.02""",Uttara Ashadha,Sun,2,Mercury,Capricorn,Ma Kết,"2°25'25.63""",Uttara Ashadha,Sun,2,0th House,0,0,0.3121,0.3121,Standard
2026-01-18 23:30:00,Parashara_Drishti,Mercury,Capricorn,Ma Kết,"2°26'27.59""",Uttara Ashadha,Sun,2,Mars,Capricorn,Ma Kết,"2°07'11.17""",Uttara Ashadha,Sun,2,0th House,0,0,359.6788,0.3212,Standard
2026-01-18 23:30:00,Parashara_Drishti,Mars,Capricorn,Ma Kết,"2°07'11.17""",Uttara Ashadha,Sun,2,Mercury,Capricorn,Ma Kết,"2°26'27.59""",Uttara Ashadha,Sun,2,0th House,0,0,0.3212,0.3212,Standard
2026-01-18 23:45:00,Parashara_Drishti,Mercury,Capricorn,Ma Kết,"2°27'29.56""",Uttara Ashadha,Sun,2,Mars,Capricorn,Ma Kết,"2°07'40.31""",Uttara Ashadha,Sun,2,0th House,0,0,359.6697,0.3303,Standard
2026-01-18 23:45:00,Parashara_Drishti,Mars,Capricorn,Ma Kết,"2°07'40.31""",Uttara Ashadha,Sun,2,Mercury,Capricorn,Ma Kết,"2°27'29.56""",Uttara Ashadha,Sun,2,0th House,0,0,0.3303,0.3303,Standard
2026-01-19 00:00:00,Parashara_Drishti,Mercury,Capricorn,Ma Kết,"2°28'31.52""",Uttara Ashadha,Sun,2,Mars,Capricorn,Ma Kết,"2°08'09.45""",Uttara Ashadha,Sun,2,0th House,0,0,359.6605,0.3395,Standard
2026-01-19 00:00:00,Parashara_Drishti,Mars,Capricorn,Ma Kết,"2°08'09.45""",Uttara Ashadha,Sun,2,Mercury,Capricorn,Ma Kết,"2°28'31.52""",Uttara Ashadha,Sun,2,0th House,0,0,0.3395,0.3395,Standard
2026-01-19 00:15:00,Parashara_Drishti,Mercury,Capricorn,Ma Kết,"2°29'33.50""",Uttara Ashadha,Sun,2,Mars,Capricorn,Ma Kết,"2°08'38.59""",Uttara Ashadha,Sun,2,0th House,0,0,359.6514,0.3486,Standard
2026-01-19 00:15:00,Parashara_Drishti,Mars,Capricorn,Ma Kết,"2°08'38.59""",Uttara Ashadha,Sun,2,Mercury,Capricorn,Ma Kết,"2°29'33.50""",Uttara Ashadha,Sun,2,0th House,0,0,0.3486,0.3486,Standard
2026-01-19 00:30:00,Parashara_Drishti,Mercury,Capricorn,Ma Kết,"2°30'35.47""",Uttara Ashadha,Sun,2,Mars,Capricorn,Ma Kết,"2°09'07.74""",Uttara Ashadha,Sun,2,0th House,0,0,359.6423,0.3577,Standard
2026-01-19 00:30:00,Parashara_Drishti,Mars,Capricorn,Ma Kết,"2°09'07.74""",Uttara Ashadha,Sun,2,Mercury,Capricorn,Ma Kết,"2°30'35.47""",Uttara Ashadha,Sun,2,0th House,0,0,0.3577,0.3577,Standard
2026-01-19 00:45:00,Parashara_Drishti,Mercury,Capricorn,Ma Kết,"2°31'37.45""",Uttara Ashadha,Sun,2,Mars,Capricorn,Ma Kết,"2°09'36.88""",Uttara Ashadha,Sun,2,0th House,0,0,359.6332,0.3668,Standard
2026-01-19 00:45:00,Parashara_Drishti,Mars,Capricorn,Ma Kết,"2°09'36.88""",Uttara Ashadha,Sun,2,Mercury,Capricorn,Ma Kết,"2°31'37.45""",Uttara Ashadha,Sun,2,0th House,0,0,0.3668,0.3668,Standard
2026-01-19 01:00:00,Parashara_Drishti,Mercury,Capricorn,Ma Kết,"2°32'39.43""",Uttara Ashadha,Sun,2,Mars,Capricorn,Ma Kết,"2°10'06.03""",Uttara Ashadha,Sun,2,0th House,0,0,359.6241,0.3759,Standard
2026-01-19 01:00:00,Parashara_Drishti,Mars,Capricorn,Ma Kết,"2°10'06.03""",Uttara Ashadha,Sun,2,Mercury,Capricorn,Ma Kết,"2°32'39.43""",Uttara Ashadha,Sun,2,0th House,0,0,0.3759,0.3759,Standard
2026-01-19 01:15:00,Parashara_Drishti,Mercury,Capricorn,Ma Kết,"2°33'41.42""",Uttara Ashadha,Sun,2,Mars,Capricorn,Ma Kết,"2°10'35.17""",Uttara Ashadha,Sun,2,0th House,0,0,359.6149,0.3851,Standard
2026-01-19 01:15:00,Parashara_Drishti,Mars,Capricorn,Ma Kết,"2°10'35.17""",Uttara Ashadha,Sun,2,Mercury,Capricorn,Ma Kết,"2°33'41.42""",Uttara Ashadha,Sun,2,0th House,0,0,0.3851,0.3851,Standard
2026-01-19 01:30:00,Parashara_Drishti,Mercury,Capricorn,Ma Kết,"2°34'43.41""",Uttara Ashadha,Sun,2,Mars,Capricorn,Ma Kết,"2°11'04.31""",Uttara Ashadha,Sun,2,0th House,0,0,359.6058,0.3942,Standard
2026-01-19 01:30:00,Parashara_Drishti,Mars,Capricorn,Ma Kết,"2°11'04.31""",Uttara Ashadha,Sun,2,Mercury,Capricorn,Ma Kết,"2°34'43.41""",Uttara Ashadha,Sun,2,0th House,0,0,0.3942,0.3942,Standard
2026-01-19 01:45:00,Parashara_Drishti,Mercury,Capricorn,Ma Kết,"2°35'45.40""",Uttara Ashadha,Sun,2,Mars,Capricorn,Ma Kết,"2°11'33.46""",Uttara Ashadha,Sun,2,0th House,0,0,359.5967,0.4033,Standard
2026-01-19 01:45:00,Parashara_Drishti,Mars,Capricorn,Ma Kết,"2°11'33.46""",Uttara Ashadha,Sun,2,Mercury,Capricorn,Ma Kết,"2°35'45.40""",Uttara Ashadha,Sun,2,0th House,0,0,0.4033,0.4033,Standard
2026-01-19 02:00:00,Parashara_Drishti,Mercury,Capricorn,Ma Kết,"2°36'47.40""",Uttara Ashadha,Sun,2,Mars,Capricorn,Ma Kết,"2°12'02.60""",Uttara Ashadha,Sun,2,0th House,0,0,359.5876,0.4124,Standard
2026-01-19 02:00:00,Parashara_Drishti,Mars,Capricorn,Ma Kết,"2°12'02.60""",Uttara Ashadha,Sun,2,Mercury,Capricorn,Ma Kết,"2°36'47.40""",Uttara Ashadha,Sun,2,0th House,0,0,0.4124,0.4124,Standard
2026-01-19 02:15:00,Parashara_Drishti,Mercury,Capricorn,Ma Kết,"2°37'49.40""",Uttara Ashadha,Sun,2,Mars,Capricorn,Ma Kết,"2°12'31.75""",Uttara Ashadha,Sun,2,0th House,0,0,359.5784,0.4216,Standard
2026-01-19 02:15:00,Parashara_Drishti,Mars,Capricorn,Ma Kết,"2°12'31.75""",Uttara Ashadha,Sun,2,Mercury,Capricorn,Ma Kết,"2°37'49.40""",Uttara Ashadha,Sun,2,0th House,0,0,0.4216,0.4216,Standard
2026-01-19 02:30:00,Parashara_Drishti,Mercury,Capricorn,Ma Kết,"2°38'51.40""",Uttara Ashadha,Sun,2,Mars,Capricorn,Ma Kết,"2°13'00.89""",Uttara Ashadha,Sun,2,0th House,0,0,359.5693,0.4307,Standard
2026-01-19 02:30:00,Parashara_Drishti,Mars,Capricorn,Ma Kết,"2°13'00.89""",Uttara Ashadha,Sun,2,Mercury,Capricorn,Ma Kết,"2°38'51.40""",Uttara Ashadha,Sun,2,0th House,0,0,0.4307,0.4307,Standard
2026-01-19 02:45:00,Parashara_Drishti,Mercury,Capricorn,Ma Kết,"2°39'53.41""",Uttara Ashadha,Sun,2,Mars,Capricorn,Ma Kết,"2°13'30.04""",Uttara Ashadha,Sun,2,0th House,0,0,359.5602,0.4398,Standard
2026-01-19 02:45:00,Parashara_Drishti,Mars,Capricorn,Ma Kết,"2°13'30.04""",Uttara Ashadha,Sun,2,Mercury,Capricorn,Ma Kết,"2°39'53.41""",Uttara Ashadha,Sun,2,0th House,0,0,0.4398,0.4398,Standard
2026-01-19 03:00:00,Parashara_Drishti,Mercury,Capricorn,Ma Kết,"2°40'55.42""",Uttara Ashadha,Sun,2,Mars,Capricorn,Ma Kết,"2°13'59.18""",Uttara Ashadha,Sun,2,0th House,0,0,359.551,0.449,Standard
2026-01-19 03:00:00,Parashara_Drishti,Mars,Capricorn,Ma Kết,"2°13'59.18""",Uttara Ashadha,Sun,2,Mercury,Capricorn,Ma Kết,"2°40'55.42""",Uttara Ashadha,Sun,2,0th House,0,0,0.449,0.449,Standard
2026-01-19 03:15:00,Parashara_Drishti,Mercury,Capricorn,Ma Kết,"2°41'57.43""",Uttara Ashadha,Sun,2,Mars,Capricorn,Ma Kết,"2°14'28.33""",Uttara Ashadha,Sun,2,0th House,0,0,359.5419,0.4581,Standard
2026-01-19 03:15:00,Parashara_Drishti,Mars,Capricorn,Ma Kết,"2°14'28.33""",Uttara Ashadha,Sun,2,Mercury,Capricorn,Ma Kết,"2°41'57.43""",Uttara Ashadha,Sun,2,0th House,0,0,0.4581,0.4581,Standard
2026-01-19 03:30:00,Parashara_Drishti,Mercury,Capricorn,Ma Kết,"2°42'59.45""",Uttara Ashadha,Sun,2,Mars,Capricorn,Ma Kết,"2°14'57.48""",Uttara Ashadha,Sun,2,0th House,0,0,359.5328,0.4672,Standard
2026-01-19 03:30:00,Parashara_Drishti,Mars,Capricorn,Ma Kết,"2°14'57.48""",Uttara Ashadha,Sun,2,Mercury,Capricorn,Ma Kết,"2°42'59.45""",Uttara Ashadha,Sun,2,0th House,0,0,0.4672,0.4672,Standard
2026-01-19 03:45:00,Parashara_Drishti,Mercury,Capricorn,Ma Kết,"2°44'01.47""",Uttara Ashadha,Sun,2,Mars,Capricorn,Ma Kết,"2°15'26.62""",Uttara Ashadha,Sun,2,0th House,0,0,359.5237,0.4763,Standard
2026-01-19 03:45:00,Parashara_Drishti,Mars,Capricorn,Ma Kết,"2°15'26.62""",Uttara Ashadha,Sun,2,Mercury,Capricorn,Ma Kết,"2°44'01.47""",Uttara Ashadha,Sun,2,0th House,0,0,0.4763,0.4763,Standard
2026-01-19 04:00:00,Parashara_Drishti,Mercury,Capricorn,Ma Kết,"2°45'03.50""",Uttara Ashadha,Sun,2,Mars,Capricorn,Ma Kết,"2°15'55.77""",Uttara Ashadha,Sun,2,0th House,0,0,359.5145,0.4855,Standard
2026-01-19 04:00:00,Parashara_Drishti,Mars,Capricorn,Ma Kết,"2°15'55.77""",Uttara Ashadha,Sun,2,Mercury,Capricorn,Ma Kết,"2°45'03.50""",Uttara Ashadha,Sun,2,0th House,0,0,0.4855,0.4855,Standard
2026-01-19 04:15:00,Parashara_Drishti,Mercury,Capricorn,Ma Kết,"2°46'05.53""",Uttara Ashadha,Sun,2,Mars,Capricorn,Ma Kết,"2°16'24.92""",Uttara Ashadha,Sun,2,0th House,0,0,359.5054,0.4946,Standard
2026-01-19 04:15:00,Parashara_Drishti,Mars,Capricorn,Ma Kết,"2°16'24.92""",Uttara Ashadha,Sun,2,Mercury,Capricorn,Ma Kết,"2°46'05.53""",Uttara Ashadha,Sun,2,0th House,0,0,0.4946,0.4946,Standard
2026-01-19 04:30:00,Parashara_Drishti,Mercury,Capricorn,Ma Kết,"2°47'07.56""",Uttara Ashadha,Sun,2,Mars,Capricorn,Ma Kết,"2°16'54.06""",Uttara Ashadha,Sun,2,0th House,0,0,359.4963,0.5037,Standard
2026-01-19 04:30:00,Parashara_Drishti,Mars,Capricorn,Ma Kết,"2°16'54.06""",Uttara Ashadha,Sun,2,Mercury,Capricorn,Ma Kết,"2°47'07.56""",Uttara Ashadha,Sun,2,0th House,0,0,0.5037,0.5037,Standard
2026-01-19 04:45:00,Parashara_Drishti,Mercury,Capricorn,Ma Kết,"2°48'09.59""",Uttara Ashadha,Sun,2,Mars,Capricorn,Ma Kết,"2°17'23.21""",Uttara Ashadha,Sun,2,0th House,0,0,359.4871,0.5129,Standard
2026-01-19 04:45:00,Parashara_Drishti,Mars,Capricorn,Ma Kết,"2°17'23.21""",Uttara Ashadha,Sun,2,Mercury,Capricorn,Ma Kết,"2°48'09.59""",Uttara Ashadha,Sun,2,0th House,0,0,0.5129,0.5129,Standard
2026-01-19 05:00:00,Parashara_Drishti,Mercury,Capricorn,Ma Kết,"2°49'11.63""",Uttara Ashadha,Sun,2,Mars,Capricorn,Ma Kết,"2°17'52.36""",Uttara Ashadha,Sun,2,0th House,0,0,359.478,0.522,Standard
2026-01-19 05:00:00,Parashara_Drishti,Mars,Capricorn,Ma Kết,"2°17'52.36""",Uttara Ashadha,Sun,2,Mercury,Capricorn,Ma Kết,"2°49'11.63""",Uttara Ashadha,Sun,2,0th House,0,0,0.522,0.522,Standard
2026-01-19 05:15:00,Parashara_Drishti,Mercury,Capricorn,Ma Kết,"2°50'13.68""",Uttara Ashadha,Sun,2,Mars,Capricorn,Ma Kết,"2°18'21.50""",Uttara Ashadha,Sun,2,0th House,0,0,359.4688,0.5312,Standard
2026-01-19 05:15:00,Parashara_Drishti,Mars,Capricorn,Ma Kết,"2°18'21.50""",Uttara Ashadha,Sun,2,Mercury,Capricorn,Ma Kết,"2°50'13.68""",Uttara Ashadha,Sun,2,0th House,0,0,0.5312,0.5312,Standard
2026-01-19 05:30:00,Parashara_Drishti,Mercury,Capricorn,Ma Kết,"2°51'15.72""",Uttara Ashadha,Sun,2,Mars,Capricorn,Ma Kết,"2°18'50.65""",Uttara Ashadha,Sun,2,0th House,0,0,359.4597,0.5403,Standard
2026-01-19 05:30:00,Parashara_Drishti,Mars,Capricorn,Ma Kết,"2°18'50.65""",Uttara Ashadha,Sun,2,Mercury,Capricorn,Ma Kết,"2°51'15.72""",Uttara Ashadha,Sun,2,0th House,0,0,0.5403,0.5403,Standard
2026-01-19 05:45:00,Parashara_Drishti,Mercury,Capricorn,Ma Kết,"2°52'17.77""",Uttara Ashadha,Sun,2,Mars,Capricorn,Ma Kết,"2°19'19.80""",Uttara Ashadha,Sun,2,0th House,0,0,359.4506,0.5494,Standard
2026-01-19 05:45:00,Parashara_Drishti,Mars,Capricorn,Ma Kết,"2°19'19.80""",Uttara Ashadha,Sun,2,Mercury,Capricorn,Ma Kết,"2°52'17.77""",Uttara Ashadha,Sun,2,0th House,0,0,0.5494,0.5494,Standard
2026-01-19 06:00:00,Parashara_Drishti,Mercury,Capricorn,Ma Kết,"2°53'19.83""",Uttara Ashadha,Sun,2,Mars,Capricorn,Ma Kết,"2°19'48.95""",Uttara Ashadha,Sun,2,0th House,0,0,359.4414,0.5586,Standard
2026-01-19 06:00:00,Parashara_Drishti,Mars,Capricorn,Ma Kết,"2°19'48.95""",Uttara Ashadha,Sun,2,Mercury,Capricorn,Ma Kết,"2°53'19.83""",Uttara Ashadha,Sun,2,0th House,0,0,0.5586,0.5586,Standard
2026-01-19 06:15:00,Parashara_Drishti,Mercury,Capricorn,Ma Kết,"2°54'21.88""",Uttara Ashadha,Sun,2,Mars,Capricorn,Ma Kết,"2°20'18.09""",Uttara Ashadha,Sun,2,0th House,0,0,359.4323,0.5677,Standard
2026-01-19 06:15:00,Parashara_Drishti,Mars,Capricorn,Ma Kết,"2°20'18.09""",Uttara Ashadha,Sun,2,Mercury,Capricorn,Ma Kết,"2°54'21.88""",Uttara Ashadha,Sun,2,0th House,0,0,0.5677,0.5677,Standard
2026-01-19 06:30:00,Parashara_Drishti,Mercury,Capricorn,Ma Kết,"2°55'23.94""",Uttara Ashadha,Sun,2,Mars,Capricorn,Ma Kết,"2°20'47.24""",Uttara Ashadha,Sun,2,0th House,0,0,359.4231,0.5769,Standard
2026-01-19 06:30:00,Parashara_Drishti,Mars,Capricorn,Ma Kết,"2°20'47.24""",Uttara Ashadha,Sun,2,Mercury,Capricorn,Ma Kết,"2°55'23.94""",Uttara Ashadha,Sun,2,0th House,0,0,0.5769,0.5769,Standard
2026-01-19 06:45:00,Parashara_Drishti,Mercury,Capricorn,Ma Kết,"2°56'26.01""",Uttara Ashadha,Sun,2,Mars,Capricorn,Ma Kết,"2°21'16.39""",Uttara Ashadha,Sun,2,0th House,0,0,359.414,0.586,Standard
2026-01-19 06:45:00,Parashara_Drishti,Mars,Capricorn,Ma Kết,"2°21'16.39""",Uttara Ashadha,Sun,2,Mercury,Capricorn,Ma Kết,"2°56'26.01""",Uttara Ashadha,Sun,2,0th House,0,0,0.586,0.586,Standard
2026-01-19 07:00:00,Parashara_Drishti,Mercury,Capricorn,Ma Kết,"2°57'28.08""",Uttara Ashadha,Sun,2,Mars,Capricorn,Ma Kết,"2°21'45.54""",Uttara Ashadha,Sun,2,0th House,0,0,359.4049,0.5951,Standard
2026-01-19 07:00:00,Parashara_Drishti,Mars,Capricorn,Ma Kết,"2°21'45.54""",Uttara Ashadha,Sun,2,Mercury,Capricorn,Ma Kết,"2°57'28.08""",Uttara Ashadha,Sun,2,0th House,0,0,0.5951,0.5951,Standard
2026-01-19 07:15:00,Parashara_Drishti,Mercury,Capricorn,Ma Kết,"2°58'30.15""",Uttara Ashadha,Sun,2,Mars,Capricorn,Ma Kết,"2°22'14.69""",Uttara Ashadha,Sun,2,0th House,0,0,359.3957,0.6043,Standard
2026-01-19 07:15:00,Parashara_Drishti,Mars,Capricorn,Ma Kết,"2°22'14.69""",Uttara Ashadha,Sun,2,Mercury,Capricorn,Ma Kết,"2°58'30.15""",Uttara Ashadha,Sun,2,0th House,0,0,0.6043,0.6043,Standard
2026-01-19 07:30:00,Parashara_Drishti,Mercury,Capricorn,Ma Kết,"2°59'32.22""",Uttara Ashadha,Sun,2,Mars,Capricorn,Ma Kết,"2°22'43.84""",Uttara Ashadha,Sun,2,0th House,0,0,359.3866,0.6134,Standard
2026-01-19 07:30:00,Parashara_Drishti,Mars,Capricorn,Ma Kết,"2°22'43.84""",Uttara Ashadha,Sun,2,Mercury,Capricorn,Ma Kết,"2°59'32.22""",Uttara Ashadha,Sun,2,0th House,0,0,0.6134,0.6134,Standard
2026-01-19 07:45:00,Parashara_Drishti,Mercury,Capricorn,Ma Kết,"3°00'34.30""",Uttara Ashadha,Sun,2,Mars,Capricorn,Ma Kết,"2°23'12.99""",Uttara Ashadha,Sun,2,0th House,0,0,359.3774,0.6226,Standard
2026-01-19 07:45:00,Parashara_Drishti,Mars,Capricorn,Ma Kết,"2°23'12.99""",Uttara Ashadha,Sun,2,Mercury,Capricorn,Ma Kết,"3°00'34.30""",Uttara Ashadha,Sun,2,0th House,0,0,0.6226,0.6226,Standard
2026-01-19 08:00:00,Parashara_Drishti,Mercury,Capricorn,Ma Kết,"3°01'36.38""",Uttara Ashadha,Sun,2,Mars,Capricorn,Ma Kết,"2°23'42.14""",Uttara Ashadha,Sun,2,0th House,0,0,359.3683,0.6317,Standard
2026-01-19 08:00:00,Parashara_Drishti,Mars,Capricorn,Ma Kết,"2°23'42.14""",Uttara Ashadha,Sun,2,Mercury,Capricorn,Ma Kết,"3°01'36.38""",Uttara Ashadha,Sun,2,0th House,0,0,0.6317,0.6317,Standard
2026-01-19 08:15:00,Parashara_Drishti,Mercury,Capricorn,Ma Kết,"3°02'38.47""",Uttara Ashadha,Sun,2,Mars,Capricorn,Ma Kết,"2°24'11.29""",Uttara Ashadha,Sun,2,0th House,0,0,359.3591,0.6409,Standard
2026-01-19 08:15:00,Parashara_Drishti,Mars,Capricorn,Ma Kết,"2°24'11.29""",Uttara Ashadha,Sun,2,Mercury,Capricorn,Ma Kết,"3°02'38.47""",Uttara Ashadha,Sun,2,0th House,0,0,0.6409,0.6409,Standard
2026-01-19 08:30:00,Parashara_Drishti,Mercury,Capricorn,Ma Kết,"3°03'40.56""",Uttara Ashadha,Sun,2,Mars,Capricorn,Ma Kết,"2°24'40.44""",Uttara Ashadha,Sun,2,0th House,0,0,359.35,0.65,Standard
2026-01-19 08:30:00,Parashara_Drishti,Mars,Capricorn,Ma Kết,"2°24'40.44""",Uttara Ashadha,Sun,2,Mercury,Capricorn,Ma Kết,"3°03'40.56""",Uttara Ashadha,Sun,2,0th House,0,0,0.65,0.65,Standard
2026-01-19 08:45:00,Parashara_Drishti,Mercury,Capricorn,Ma Kết,"3°04'42.65""",Uttara Ashadha,Sun,2,Mars,Capricorn,Ma Kết,"2°25'09.59""",Uttara Ashadha,Sun,2,0th House,0,0,359.3408,0.6592,Standard
2026-01-19 08:45:00,Parashara_Drishti,Mars,Capricorn,Ma Kết,"2°25'09.59""",Uttara Ashadha,Sun,2,Mercury,Capricorn,Ma Kết,"3°04'42.65""",Uttara Ashadha,Sun,2,0th House,0,0,0.6592,0.6592,Standard
2026-01-19 09:00:00,Parashara_Drishti,Mercury,Capricorn,Ma Kết,"3°05'44.75""",Uttara Ashadha,Sun,2,Mars,Capricorn,Ma Kết,"2°25'38.74""",Uttara Ashadha,Sun,2,0th House,0,0,359.3317,0.6683,Standard
2026-01-19 09:00:00,Parashara_Drishti,Mars,Capricorn,Ma Kết,"2°25'38.74""",Uttara Ashadha,Sun,2,Mercury,Capricorn,Ma Kết,"3°05'44.75""",Uttara Ashadha,Sun,2,0th House,0,0,0.6683,0.6683,Standard
2026-01-19 09:15:00,Parashara_Drishti,Mercury,Capricorn,Ma Kết,"3°06'46.85""",Uttara Ashadha,Sun,2,Mars,Capricorn,Ma Kết,"2°26'07.89""",Uttara Ashadha,Sun,2,0th House,0,0,359.3225,0.6775,Standard
2026-01-19 09:15:00,Parashara_Drishti,Mars,Capricorn,Ma Kết,"2°26'07.89""",Uttara Ashadha,Sun,2,Mercury,Capricorn,Ma Kết,"3°06'46.85""",Uttara Ashadha,Sun,2,0th House,0,0,0.6775,0.6775,Standard
2026-01-19 09:30:00,Parashara_Drishti,Mercury,Capricorn,Ma Kết,"3°07'48.95""",Uttara Ashadha,Sun,2,Mars,Capricorn,Ma Kết,"2°26'37.04""",Uttara Ashadha,Sun,2,0th House,0,0,359.3134,0.6866,Standard
2026-01-19 09:30:00,Parashara_Drishti,Mars,Capricorn,Ma Kết,"2°26'37.04""",Uttara Ashadha,Sun,2,Mercury,Capricorn,Ma Kết,"3°07'48.95""",Uttara Ashadha,Sun,2,0th House,0,0,0.6866,0.6866,Standard
2026-01-19 09:45:00,Parashara_Drishti,Mercury,Capricorn,Ma Kết,"3°08'51.06""",Uttara Ashadha,Sun,2,Mars,Capricorn,Ma Kết,"2°27'06.19""",Uttara Ashadha,Sun,2,0th House,0,0,359.3042,0.6958,Standard
2026-01-19 09:45:00,Parashara_Drishti,Mars,Capricorn,Ma Kết,"2°27'06.19""",Uttara Ashadha,Sun,2,Mercury,Capricorn,Ma Kết,"3°08'51.06""",Uttara Ashadha,Sun,2,0th House,0,0,0.6958,0.6958,Standard
2026-01-19 10:00:00,Parashara_Drishti,Mercury,Capricorn,Ma Kết,"3°09'53.17""",Uttara Ashadha,Sun,2,Mars,Capricorn,Ma Kết,"2°27'35.34""",Uttara Ashadha,Sun,2,0th House,0,0,359.295,0.705,Standard
2026-01-19 10:00:00,Parashara_Drishti,Mars,Capricorn,Ma Kết,"2°27'35.34""",Uttara Ashadha,Sun,2,Mercury,Capricorn,Ma Kết,"3°09'53.17""",Uttara Ashadha,Sun,2,0th House,0,0,0.705,0.705,Standard
2026-01-19 10:15:00,Parashara_Drishti,Mercury,Capricorn,Ma Kết,"3°10'55.28""",Uttara Ashadha,Sun,2,Mars,Capricorn,Ma Kết,"2°28'04.49""",Uttara Ashadha,Sun,2,0th House,0,0,359.2859,0.7141,Standard
2026-01-19 10:15:00,Parashara_Drishti,Mars,Capricorn,Ma Kết,"2°28'04.49""",Uttara Ashadha,Sun,2,Mercury,Capricorn,Ma Kết,"3°10'55.28""",Uttara Ashadha,Sun,2,0th House,0,0,0.7141,0.7141,Standard
2026-01-19 10:30:00,Parashara_Drishti,Mercury,Capricorn,Ma Kết,"3°11'57.40""",Uttara Ashadha,Sun,2,Mars,Capricorn,Ma Kết,"2°28'33.64""",Uttara Ashadha,Sun,2,0th House,0,0,359.2767,0.7233,Standard
2026-01-19 10:30:00,Parashara_Drishti,Mars,Capricorn,Ma Kết,"2°28'33.64""",Uttara Ashadha,Sun,2,Mercury,Capricorn,Ma Kết,"3°11'57.40""",Uttara Ashadha,Sun,2,0th House,0,0,0.7233,0.7233,Standard
2026-01-19 10:45:00,Parashara_Drishti,Mercury,Capricorn,Ma Kết,"3°12'59.52""",Uttara Ashadha,Sun,2,Mars,Capricorn,Ma Kết,"2°29'02.79""",Uttara Ashadha,Sun,2,0th House,0,0,359.2676,0.7324,Standard
2026-01-19 10:45:00,Parashara_Drishti,Mars,Capricorn,Ma Kết,"2°29'02.79""",Uttara Ashadha,Sun,2,Mercury,Capricorn,Ma Kết,"3°12'59.52""",Uttara Ashadha,Sun,2,0th House,0,0,0.7324,0.7324,Standard
2026-01-19 11:00:00,Parashara_Drishti,Mercury,Capricorn,Ma Kết,"3°14'01.65""",Uttara Ashadha,Sun,2,Mars,Capricorn,Ma Kết,"2°29'31.95""",Uttara Ashadha,Sun,2,0th House,0,0,359.2584,0.7416,Standard
2026-01-19 11:00:00,Parashara_Drishti,Mars,Capricorn,Ma Kết,"2°29'31.95""",Uttara Ashadha,Sun,2,Mercury,Capricorn,Ma Kết,"3°14'01.65""",Uttara Ashadha,Sun,2,0th House,0,0,0.7416,0.7416,Standard
2026-01-19 11:15:00,Parashara_Drishti,Mercury,Capricorn,Ma Kết,"3°15'03.77""",Uttara Ashadha,Sun,2,Mars,Capricorn,Ma Kết,"2°30'01.10""",Uttara Ashadha,Sun,2,0th House,0,0,359.2493,0.7507,Standard
2026-01-19 11:15:00,Parashara_Drishti,Mars,Capricorn,Ma Kết,"2°30'01.10""",Uttara Ashadha,Sun,2,Mercury,Capricorn,Ma Kết,"3°15'03.77""",Uttara Ashadha,Sun,2,0th House,0,0,0.7507,0.7507,Standard
2026-01-19 11:30:00,Parashara_Drishti,Mercury,Capricorn,Ma Kết,"3°16'05.91""",Uttara Ashadha,Sun,2,Mars,Capricorn,Ma Kết,"2°30'30.25""",Uttara Ashadha,Sun,2,0th House,0,0,359.2401,0.7599,Standard
2026-01-19 11:30:00,Parashara_Drishti,Mars,Capricorn,Ma Kết,"2°30'30.25""",Uttara Ashadha,Sun,2,Mercury,Capricorn,Ma Kết,"3°16'05.91""",Uttara Ashadha,Sun,2,0th House,0,0,0.7599,0.7599,Standard
2026-01-19 11:45:00,Parashara_Drishti,Mercury,Capricorn,Ma Kết,"3°17'08.04""",Uttara Ashadha,Sun,2,Mars,Capricorn,Ma Kết,"2°30'59.40""",Uttara Ashadha,Sun,2,0th House,0,0,359.2309,0.7691,Standard
2026-01-19 11:45:00,Parashara_Drishti,Mars,Capricorn,Ma Kết,"2°30'59.40""",Uttara Ashadha,Sun,2,Mercury,Capricorn,Ma Kết,"3°17'08.04""",Uttara Ashadha,Sun,2,0th House,0,0,0.7691,0.7691,Standard
2026-01-19 12:00:00,Parashara_Drishti,Mercury,Capricorn,Ma Kết,"3°18'10.18""",Uttara Ashadha,Sun,2,Mars,Capricorn,Ma Kết,"2°31'28.55""",Uttara Ashadha,Sun,2,0th House,0,0,359.2218,0.7782,Standard
2026-01-19 12:00:00,Parashara_Drishti,Mars,Capricorn,Ma Kết,"2°31'28.55""",Uttara Ashadha,Sun,2,Mercury,Capricorn,Ma Kết,"3°18'10.18""",Uttara Ashadha,Sun,2,0th House,0,0,0.7782,0.7782,Standard
2026-01-19 12:15:00,Parashara_Drishti,Mercury,Capricorn,Ma Kết,"3°19'12.32""",Uttara Ashadha,Sun,2,Mars,Capricorn,Ma Kết,"2°31'57.71""",Uttara Ashadha,Sun,2,0th House,0,0,359.2126,0.7874,Standard
2026-01-19 12:15:00,Parashara_Drishti,Mars,Capricorn,Ma Kết,"2°31'57.71""",Uttara Ashadha,Sun,2,Mercury,Capricorn,Ma Kết,"3°19'12.32""",Uttara Ashadha,Sun,2,0th House,0,0,0.7874,0.7874,Standard
2026-01-19 12:30:00,Parashara_Drishti,Mercury,Capricorn,Ma Kết,"3°20'14.47""",Uttara Ashadha,Sun,3,Mars,Capricorn,Ma Kết,"2°32'26.86""",Uttara Ashadha,Sun,2,0th House,0,0,359.2034,0.7966,Standard
2026-01-19 12:30:00,Parashara_Drishti,Mars,Capricorn,Ma Kết,"2°32'26.86""",Uttara Ashadha,Sun,2,Mercury,Capricorn,Ma Kết,"3°20'14.47""",Uttara Ashadha,Sun,3,0th House,0,0,0.7966,0.7966,Standard
2026-01-19 12:45:00,Parashara_Drishti,Mercury,Capricorn,Ma Kết,"3°21'16.62""",Uttara Ashadha,Sun,3,Mars,Capricorn,Ma Kết,"2°32'56.01""",Uttara Ashadha,Sun,2,0th House,0,0,359.1943,0.8057,Standard
2026-01-19 12:45:00,Parashara_Drishti,Mars,Capricorn,Ma Kết,"2°32'56.01""",Uttara Ashadha,Sun,2,Mercury,Capricorn,Ma Kết,"3°21'16.62""",Uttara Ashadha,Sun,3,0th House,0,0,0.8057,0.8057,Standard
2026-01-19 13:00:00,Parashara_Drishti,Mercury,Capricorn,Ma Kết,"3°22'18.77""",Uttara Ashadha,Sun,3,Mars,Capricorn,Ma Kết,"2°33'25.17""",Uttara Ashadha,Sun,2,0th House,0,0,359.1851,0.8149,Standard
2026-01-19 13:00:00,Parashara_Drishti,Mars,Capricorn,Ma Kết,"2°33'25.17""",Uttara Ashadha,Sun,2,Mercury,Capricorn,Ma Kết,"3°22'18.77""",Uttara Ashadha,Sun,3,0th House,0,0,0.8149,0.8149,Standard
2026-01-19 13:15:00,Parashara_Drishti,Mercury,Capricorn,Ma Kết,"3°23'20.93""",Uttara Ashadha,Sun,3,Mars,Capricorn,Ma Kết,"2°33'54.32""",Uttara Ashadha,Sun,2,0th House,0,0,359.1759,0.8241,Standard
2026-01-19 13:15:00,Parashara_Drishti,Mars,Capricorn,Ma Kết,"2°33'54.32""",Uttara Ashadha,Sun,2,Mercury,Capricorn,Ma Kết,"3°23'20.93""",Uttara Ashadha,Sun,3,0th House,0,0,0.8241,0.8241,Standard
2026-01-19 13:30:00,Parashara_Drishti,Mercury,Capricorn,Ma Kết,"3°24'23.09""",Uttara Ashadha,Sun,3,Mars,Capricorn,Ma Kết,"2°34'23.47""",Uttara Ashadha,Sun,2,0th House,0,0,359.1668,0.8332,Standard
2026-01-19 13:30:00,Parashara_Drishti,Mars,Capricorn,Ma Kết,"2°34'23.47""",Uttara Ashadha,Sun,2,Mercury,Capricorn,Ma Kết,"3°24'23.09""",Uttara Ashadha,Sun,3,0th House,0,0,0.8332,0.8332,Standard
2026-01-19 13:45:00,Parashara_Drishti,Mercury,Capricorn,Ma Kết,"3°25'25.26""",Uttara Ashadha,Sun,3,Mars,Capricorn,Ma Kết,"2°34'52.63""",Uttara Ashadha,Sun,2,0th House,0,0,359.1576,0.8424,Standard
2026-01-19 13:45:00,Parashara_Drishti,Mars,Capricorn,Ma Kết,"2°34'52.63""",Uttara Ashadha,Sun,2,Mercury,Capricorn,Ma Kết,"3°25'25.26""",Uttara Ashadha,Sun,3,0th House,0,0,0.8424,0.8424,Standard
2026-01-19 14:00:00,Parashara_Drishti,Mercury,Capricorn,Ma Kết,"3°26'27.43""",Uttara Ashadha,Sun,3,Mars,Capricorn,Ma Kết,"2°35'21.78""",Uttara Ashadha,Sun,2,0th House,0,0,359.1484,0.8516,Standard
2026-01-19 14:00:00,Parashara_Drishti,Mars,Capricorn,Ma Kết,"2°35'21.78""",Uttara Ashadha,Sun,2,Mercury,Capricorn,Ma Kết,"3°26'27.43""",Uttara Ashadha,Sun,3,0th House,0,0,0.8516,0.8516,Standard
2026-01-19 14:15:00,Parashara_Drishti,Mercury,Capricorn,Ma Kết,"3°27'29.60""",Uttara Ashadha,Sun,3,Mars,Capricorn,Ma Kết,"2°35'50.94""",Uttara Ashadha,Sun,2,0th House,0,0,359.1393,0.8607,Standard
2026-01-19 14:15:00,Parashara_Drishti,Mars,Capricorn,Ma Kết,"2°35'50.94""",Uttara Ashadha,Sun,2,Mercury,Capricorn,Ma Kết,"3°27'29.60""",Uttara Ashadha,Sun,3,0th House,0,0,0.8607,0.8607,Standard
2026-01-19 14:30:00,Parashara_Drishti,Mercury,Capricorn,Ma Kết,"3°28'31.77""",Uttara Ashadha,Sun,3,Mars,Capricorn,Ma Kết,"2°36'20.09""",Uttara Ashadha,Sun,2,0th House,0,0,359.1301,0.8699,Standard
2026-01-19 14:30:00,Parashara_Drishti,Mars,Capricorn,Ma Kết,"2°36'20.09""",Uttara Ashadha,Sun,2,Mercury,Capricorn,Ma Kết,"3°28'31.77""",Uttara Ashadha,Sun,3,0th House,0,0,0.8699,0.8699,Standard
2026-01-19 14:45:00,Parashara_Drishti,Mercury,Capricorn,Ma Kết,"3°29'33.95""",Uttara Ashadha,Sun,3,Mars,Capricorn,Ma Kết,"2°36'49.25""",Uttara Ashadha,Sun,2,0th House,0,0,359.1209,0.8791,Standard
2026-01-19 14:45:00,Parashara_Drishti,Mars,Capricorn,Ma Kết,"2°36'49.25""",Uttara Ashadha,Sun,2,Mercury,Capricorn,Ma Kết,"3°29'33.95""",Uttara Ashadha,Sun,3,0th House,0,0,0.8791,0.8791,Standard
2026-01-19 15:00:00,Parashara_Drishti,Mercury,Capricorn,Ma Kết,"3°30'36.13""",Uttara Ashadha,Sun,3,Mars,Capricorn,Ma Kết,"2°37'18.40""",Uttara Ashadha,Sun,2,0th House,0,0,359.1117,0.8883,Standard
2026-01-19 15:00:00,Parashara_Drishti,Mars,Capricorn,Ma Kết,"2°37'18.40""",Uttara Ashadha,Sun,2,Mercury,Capricorn,Ma Kết,"3°30'36.13""",Uttara Ashadha,Sun,3,0th House,0,0,0.8883,0.8883,Standard
2026-01-19 15:15:00,Parashara_Drishti,Mercury,Capricorn,Ma Kết,"3°31'38.32""",Uttara Ashadha,Sun,3,Mars,Capricorn,Ma Kết,"2°37'47.56""",Uttara Ashadha,Sun,2,0th House,0,0,359.1026,0.8974,Standard
2026-01-19 15:15:00,Parashara_Drishti,Mars,Capricorn,Ma Kết,"2°37'47.56""",Uttara Ashadha,Sun,2,Mercury,Capricorn,Ma Kết,"3°31'38.32""",Uttara Ashadha,Sun,3,0th House,0,0,0.8974,0.8974,Standard
2026-01-19 15:30:00,Parashara_Drishti,Mercury,Capricorn,Ma Kết,"3°32'40.51""",Uttara Ashadha,Sun,3,Mars,Capricorn,Ma Kết,"2°38'16.71""",Uttara Ashadha,Sun,2,0th House,0,0,359.0934,0.9066,Standard
2026-01-19 15:30:00,Parashara_Drishti,Mars,Capricorn,Ma Kết,"2°38'16.71""",Uttara Ashadha,Sun,2,Mercury,Capricorn,Ma Kết,"3°32'40.51""",Uttara Ashadha,Sun,3,0th House,0,0,0.9066,0.9066,Standard
2026-01-19 15:45:00,Parashara_Drishti,Mercury,Capricorn,Ma Kết,"3°33'42.70""",Uttara Ashadha,Sun,3,Mars,Capricorn,Ma Kết,"2°38'45.87""",Uttara Ashadha,Sun,2,0th House,0,0,359.0842,0.9158,Standard
2026-01-19 15:45:00,Parashara_Drishti,Mars,Capricorn,Ma Kết,"2°38'45.87""",Uttara Ashadha,Sun,2,Mercury,Capricorn,Ma Kết,"3°33'42.70""",Uttara Ashadha,Sun,3,0th House,0,0,0.9158,0.9158,Standard
2026-01-19 16:00:00,Parashara_Drishti,Mercury,Capricorn,Ma Kết,"3°34'44.90""",Uttara Ashadha,Sun,3,Mars,Capricorn,Ma Kết,"2°39'15.02""",Uttara Ashadha,Sun,2,0th House,0,0,359.075,0.925,Standard
2026-01-19 16:00:00,Parashara_Drishti,Mars,Capricorn,Ma Kết,"2°39'15.02""",Uttara Ashadha,Sun,2,Mercury,Capricorn,Ma Kết,"3°34'44.90""",Uttara Ashadha,Sun,3,0th House,0,0,0.925,0.925,Standard
2026-01-19 16:15:00,Parashara_Drishti,Mercury,Capricorn,Ma Kết,"3°35'47.10""",Uttara Ashadha,Sun,3,Mars,Capricorn,Ma Kết,"2°39'44.18""",Uttara Ashadha,Sun,2,0th House,0,0,359.0659,0.9341,Standard
2026-01-19 16:15:00,Parashara_Drishti,Mars,Capricorn,Ma Kết,"2°39'44.18""",Uttara Ashadha,Sun,2,Mercury,Capricorn,Ma Kết,"3°35'47.10""",Uttara Ashadha,Sun,3,0th House,0,0,0.9341,0.9341,Standard
2026-01-19 16:30:00,Parashara_Drishti,Mercury,Capricorn,Ma Kết,"3°36'49.30""",Uttara Ashadha,Sun,3,Mars,Capricorn,Ma Kết,"2°40'13.34""",Uttara Ashadha,Sun,2,0th House,0,0,359.0567,0.9433,Standard
2026-01-19 16:30:00,Parashara_Drishti,Mars,Capricorn,Ma Kết,"2°40'13.34""",Uttara Ashadha,Sun,2,Mercury,Capricorn,Ma Kết,"3°36'49.30""",Uttara Ashadha,Sun,3,0th House,0,0,0.9433,0.9433,Standard
2026-01-19 16:45:00,Parashara_Drishti,Mercury,Capricorn,Ma Kết,"3°37'51.51""",Uttara Ashadha,Sun,3,Mars,Capricorn,Ma Kết,"2°40'42.49""",Uttara Ashadha,Sun,2,0th House,0,0,359.0475,0.9525,Standard
2026-01-19 16:45:00,Parashara_Drishti,Mars,Capricorn,Ma Kết,"2°40'42.49""",Uttara Ashadha,Sun,2,Mercury,Capricorn,Ma Kết,"3°37'51.51""",Uttara Ashadha,Sun,3,0th House,0,0,0.9525,0.9525,Standard
2026-01-19 17:00:00,Parashara_Drishti,Mercury,Capricorn,Ma Kết,"3°38'53.72""",Uttara Ashadha,Sun,3,Mars,Capricorn,Ma Kết,"2°41'11.65""",Uttara Ashadha,Sun,2,0th House,0,0,359.0383,0.9617,Standard
2026-01-19 17:00:00,Parashara_Drishti,Mars,Capricorn,Ma Kết,"2°41'11.65""",Uttara Ashadha,Sun,2,Mercury,Capricorn,Ma Kết,"3°38'53.72""",Uttara Ashadha,Sun,3,0th House,0,0,0.9617,0.9617,Standard
2026-01-19 17:15:00,Parashara_Drishti,Mercury,Capricorn,Ma Kết,"3°39'55.94""",Uttara Ashadha,Sun,3,Mars,Capricorn,Ma Kết,"2°41'40.80""",Uttara Ashadha,Sun,2,0th House,0,0,359.0291,0.9709,Standard
2026-01-19 17:15:00,Parashara_Drishti,Mars,Capricorn,Ma Kết,"2°41'40.80""",Uttara Ashadha,Sun,2,Mercury,Capricorn,Ma Kết,"3°39'55.94""",Uttara Ashadha,Sun,3,0th House,0,0,0.9709,0.9709,Standard
2026-01-19 17:30:00,Parashara_Drishti,Mercury,Capricorn,Ma Kết,"3°40'58.15""",Uttara Ashadha,Sun,3,Mars,Capricorn,Ma Kết,"2°42'09.96""",Uttara Ashadha,Sun,2,0th House,0,0,359.0199,0.9801,Standard
2026-01-19 17:30:00,Parashara_Drishti,Mars,Capricorn,Ma Kết,"2°42'09.96""",Uttara Ashadha,Sun,2,Mercury,Capricorn,Ma Kết,"3°40'58.15""",Uttara Ashadha,Sun,3,0th House,0,0,0.9801,0.9801,Standard
2026-01-19 17:45:00,Parashara_Drishti,Mercury,Capricorn,Ma Kết,"3°42'00.38""",Uttara Ashadha,Sun,3,Mars,Capricorn,Ma Kết,"2°42'39.12""",Uttara Ashadha,Sun,2,0th House,0,0,359.0108,0.9892,Standard
2026-01-19 17:45:00,Parashara_Drishti,Mars,Capricorn,Ma Kết,"2°42'39.12""",Uttara Ashadha,Sun,2,Mercury,Capricorn,Ma Kết,"3°42'00.38""",Uttara Ashadha,Sun,3,0th House,0,0,0.9892,0.9892,Standard
2026-01-19 18:00:00,Parashara_Drishti,Mercury,Capricorn,Ma Kết,"3°43'02.60""",Uttara Ashadha,Sun,3,Mars,Capricorn,Ma Kết,"2°43'08.28""",Uttara Ashadha,Sun,2,0th House,0,0,359.0016,0.9984,Standard
2026-01-19 18:00:00,Parashara_Drishti,Mars,Capricorn,Ma Kết,"2°43'08.28""",Uttara Ashadha,Sun,2,Mercury,Capricorn,Ma Kết,"3°43'02.60""",Uttara Ashadha,Sun,3,0th House,0,0,0.9984,0.9984,Standard
2026-01-20 10:15:00,Parashara_Drishti,Sun,Capricorn,Ma Kết,"5°50'26.71""",Uttara Ashadha,Sun,3,Mercury,Capricorn,Ma Kết,"4°50'35.00""",Uttara Ashadha,Sun,3,0th House,0,0,359.0023,0.9977,Combust
2026-01-20 10:15:00,Parashara_Drishti,Mercury,Capricorn,Ma Kết,"4°50'35.00""",Uttara Ashadha,Sun,3,Sun,Capricorn,Ma Kết,"5°50'26.71""",Uttara Ashadha,Sun,3,0th House,0,0,0.9977,0.9977,Standard
2026-01-20 10:30:00,Parashara_Drishti,Sun,Capricorn,Ma Kết,"5°51'04.88""",Uttara Ashadha,Sun,3,Mercury,Capricorn,Ma Kết,"4°51'37.47""",Uttara Ashadha,Sun,3,0th House,0,0,359.0091,0.9909,Combust
2026-01-20 10:30:00,Parashara_Drishti,Mercury,Capricorn,Ma Kết,"4°51'37.47""",Uttara Ashadha,Sun,3,Sun,Capricorn,Ma Kết,"5°51'04.88""",Uttara Ashadha,Sun,3,0th House,0,0,0.9909,0.9909,Standard
2026-01-20 10:45:00,Parashara_Drishti,Sun,Capricorn,Ma Kết,"5°51'43.06""",Uttara Ashadha,Sun,3,Mercury,Capricorn,Ma Kết,"4°52'39.94""",Uttara Ashadha,Sun,3,0th House,0,0,359.0158,0.9842,Combust
2026-01-20 10:45:00,Parashara_Drishti,Mercury,Capricorn,Ma Kết,"4°52'39.94""",Uttara Ashadha,Sun,3,Sun,Capricorn,Ma Kết,"5°51'43.06""",Uttara Ashadha,Sun,3,0th House,0,0,0.9842,0.9842,Standard
2026-01-20 11:00:00,Parashara_Drishti,Sun,Capricorn,Ma Kết,"5°52'21.24""",Uttara Ashadha,Sun,3,Mercury,Capricorn,Ma Kết,"4°53'42.41""",Uttara Ashadha,Sun,3,0th House,0,0,359.0225,0.9775,Combust
2026-01-20 11:00:00,Parashara_Drishti,Mercury,Capricorn,Ma Kết,"4°53'42.41""",Uttara Ashadha,Sun,3,Sun,Capricorn,Ma Kết,"5°52'21.24""",Uttara Ashadha,Sun,3,0th House,0,0,0.9775,0.9775,Standard
2026-01-20 11:15:00,Parashara_Drishti,Sun,Capricorn,Ma Kết,"5°52'59.42""",Uttara Ashadha,Sun,3,Mercury,Capricorn,Ma Kết,"4°54'44.88""",Uttara Ashadha,Sun,3,0th House,0,0,359.0293,0.9707,Combust
2026-01-20 11:15:00,Parashara_Drishti,Mercury,Capricorn,Ma Kết,"4°54'44.88""",Uttara Ashadha,Sun,3,Sun,Capricorn,Ma Kết,"5°52'59.42""",Uttara Ashadha,Sun,3,0th House,0,0,0.9707,0.9707,Standard
2026-01-20 11:30:00,Parashara_Drishti,Sun,Capricorn,Ma Kết,"5°53'37.60""",Uttara Ashadha,Sun,3,Mercury,Capricorn,Ma Kết,"4°55'47.36""",Uttara Ashadha,Sun,3,0th House,0,0,359.036,0.964,Combust
2026-01-20 11:30:00,Parashara_Drishti,Mercury,Capricorn,Ma Kết,"4°55'47.36""",Uttara Ashadha,Sun,3,Sun,Capricorn,Ma Kết,"5°53'37.60""",Uttara Ashadha,Sun,3,0th House,0,0,0.964,0.964,Standard
2026-01-20 11:45:00,Parashara_Drishti,Sun,Capricorn,Ma Kết,"5°54'15.78""",Uttara Ashadha,Sun,3,Mercury,Capricorn,Ma Kết,"4°56'49.84""",Uttara Ashadha,Sun,3,0th House,0,0,359.0428,0.9572,Combust
2026-01-20 11:45:00,Parashara_Drishti,Mercury,Capricorn,Ma Kết,"4°56'49.84""",Uttara Ashadha,Sun,3,Sun,Capricorn,Ma Kết,"5°54'15.78""",Uttara Ashadha,Sun,3,0th House,0,0,0.9572,0.9572,Standard
2026-01-20 12:00:00,Parashara_Drishti,Sun,Capricorn,Ma Kết,"5°54'53.96""",Uttara Ashadha,Sun,3,Mercury,Capricorn,Ma Kết,"4°57'52.33""",Uttara Ashadha,Sun,3,0th House,0,0,359.0495,0.9505,Combust
2026-01-20 12:00:00,Parashara_Drishti,Mercury,Capricorn,Ma Kết,"4°57'52.33""",Uttara Ashadha,Sun,3,Sun,Capricorn,Ma Kết,"5°54'53.96""",Uttara Ashadha,Sun,3,0th House,0,0,0.9505,0.9505,Standard
2026-01-20 12:15:00,Parashara_Drishti,Sun,Capricorn,Ma Kết,"5°55'32.14""",Uttara Ashadha,Sun,3,Mercury,Capricorn,Ma Kết,"4°58'54.82""",Uttara Ashadha,Sun,3,0th House,0,0,359.0563,0.9437,Combust
2026-01-20 12:15:00,Parashara_Drishti,Mercury,Capricorn,Ma Kết,"4°58'54.82""",Uttara Ashadha,Sun,3,Sun,Capricorn,Ma Kết,"5°55'32.14""",Uttara Ashadha,Sun,3,0th House,0,0,0.9437,0.9437,Standard
2026-01-20 12:30:00,Parashara_Drishti,Sun,Capricorn,Ma Kết,"5°56'10.32""",Uttara Ashadha,Sun,3,Mercury,Capricorn,Ma Kết,"4°59'57.31""",Uttara Ashadha,Sun,3,0th House,0,0,359.0631,0.9369,Combust
2026-01-20 12:30:00,Parashara_Drishti,Mercury,Capricorn,Ma Kết,"4°59'57.31""",Uttara Ashadha,Sun,3,Sun,Capricorn,Ma Kết,"5°56'10.32""",Uttara Ashadha,Sun,3,0th House,0,0,0.9369,0.9369,Standard
2026-01-20 12:45:00,Parashara_Drishti,Sun,Capricorn,Ma Kết,"5°56'48.50""",Uttara Ashadha,Sun,3,Mercury,Capricorn,Ma Kết,"5°00'59.81""",Uttara Ashadha,Sun,3,0th House,0,0,359.0698,0.9302,Combust
2026-01-20 12:45:00,Parashara_Drishti,Mercury,Capricorn,Ma Kết,"5°00'59.81""",Uttara Ashadha,Sun,3,Sun,Capricorn,Ma Kết,"5°56'48.50""",Uttara Ashadha,Sun,3,0th House,0,0,0.9302,0.9302,Standard
2026-01-20 13:00:00,Parashara_Drishti,Sun,Capricorn,Ma Kết,"5°57'26.68""",Uttara Ashadha,Sun,3,Mercury,Capricorn,Ma Kết,"5°02'02.31""",Uttara Ashadha,Sun,3,0th House,0,0,359.0766,0.9234,Combust
2026-01-20 13:00:00,Parashara_Drishti,Mercury,Capricorn,Ma Kết,"5°02'02.31""",Uttara Ashadha,Sun,3,Sun,Capricorn,Ma Kết,"5°57'26.68""",Uttara Ashadha,Sun,3,0th House,0,0,0.9234,0.9234,Standard
2026-01-20 13:15:00,Parashara_Drishti,Sun,Capricorn,Ma Kết,"5°58'04.85""",Uttara Ashadha,Sun,3,Mercury,Capricorn,Ma Kết,"5°03'04.82""",Uttara Ashadha,Sun,3,0th House,0,0,359.0833,0.9167,Combust
2026-01-20 13:15:00,Parashara_Drishti,Mercury,Capricorn,Ma Kết,"5°03'04.82""",Uttara Ashadha,Sun,3,Sun,Capricorn,Ma Kết,"5°58'04.85""",Uttara Ashadha,Sun,3,0th House,0,0,0.9167,0.9167,Standard
2026-01-20 13:30:00,Parashara_Drishti,Sun,Capricorn,Ma Kết,"5°58'43.03""",Uttara Ashadha,Sun,3,Mercury,Capricorn,Ma Kết,"5°04'07.32""",Uttara Ashadha,Sun,3,0th House,0,0,359.0901,0.9099,Combust
2026-01-20 13:30:00,Parashara_Drishti,Mercury,Capricorn,Ma Kết,"5°04'07.32""",Uttara Ashadha,Sun,3,Sun,Capricorn,Ma Kết,"5°58'43.03""",Uttara Ashadha,Sun,3,0th House,0,0,0.9099,0.9099,Standard
2026-01-20 13:45:00,Parashara_Drishti,Sun,Capricorn,Ma Kết,"5°59'21.21""",Uttara Ashadha,Sun,3,Mercury,Capricorn,Ma Kết,"5°05'09.84""",Uttara Ashadha,Sun,3,0th House,0,0,359.0968,0.9032,Combust
2026-01-20 13:45:00,Parashara_Drishti,Mercury,Capricorn,Ma Kết,"5°05'09.84""",Uttara Ashadha,Sun,3,Sun,Capricorn,Ma Kết,"5°59'21.21""",Uttara Ashadha,Sun,3,0th House,0,0,0.9032,0.9032,Standard
2026-01-20 14:00:00,Parashara_Drishti,Sun,Capricorn,Ma Kết,"5°59'59.39""",Uttara Ashadha,Sun,3,Mercury,Capricorn,Ma Kết,"5°06'12.35""",Uttara Ashadha,Sun,3,0th House,0,0,359.1036,0.8964,Combust
2026-01-20 14:00:00,Parashara_Drishti,Mercury,Capricorn,Ma Kết,"5°06'12.35""",Uttara Ashadha,Sun,3,Sun,Capricorn,Ma Kết,"5°59'59.39""",Uttara Ashadha,Sun,3,0th House,0,0,0.8964,0.8964,Standard
2026-01-20 14:15:00,Parashara_Drishti,Sun,Capricorn,Ma Kết,"6°00'37.57""",Uttara Ashadha,Sun,3,Mercury,Capricorn,Ma Kết,"5°07'14.87""",Uttara Ashadha,Sun,3,0th House,0,0,359.1104,0.8896,Combust
2026-01-20 14:15:00,Parashara_Drishti,Mercury,Capricorn,Ma Kết,"5°07'14.87""",Uttara Ashadha,Sun,3,Sun,Capricorn,Ma Kết,"6°00'37.57""",Uttara Ashadha,Sun,3,0th House,0,0,0.8896,0.8896,Standard
2026-01-20 14:30:00,Parashara_Drishti,Sun,Capricorn,Ma Kết,"6°01'15.75""",Uttara Ashadha,Sun,3,Mercury,Capricorn,Ma Kết,"5°08'17.39""",Uttara Ashadha,Sun,3,0th House,0,0,359.1171,0.8829,Combust
2026-01-20 14:30:00,Parashara_Drishti,Mercury,Capricorn,Ma Kết,"5°08'17.39""",Uttara Ashadha,Sun,3,Sun,Capricorn,Ma Kết,"6°01'15.75""",Uttara Ashadha,Sun,3,0th House,0,0,0.8829,0.8829,Standard
2026-01-20 14:45:00,Parashara_Drishti,Sun,Capricorn,Ma Kết,"6°01'53.92""",Uttara Ashadha,Sun,3,Mercury,Capricorn,Ma Kết,"5°09'19.92""",Uttara Ashadha,Sun,3,0th House,0,0,359.1239,0.8761,Combust
2026-01-20 14:45:00,Parashara_Drishti,Mercury,Capricorn,Ma Kết,"5°09'19.92""",Uttara Ashadha,Sun,3,Sun,Capricorn,Ma Kết,"6°01'53.92""",Uttara Ashadha,Sun,3,0th House,0,0,0.8761,0.8761,Standard
2026-01-20 15:00:00,Parashara_Drishti,Sun,Capricorn,Ma Kết,"6°02'32.10""",Uttara Ashadha,Sun,3,Mercury,Capricorn,Ma Kết,"5°10'22.45""",Uttara Ashadha,Sun,3,0th House,0,0,359.1307,0.8693,Combust
2026-01-20 15:00:00,Parashara_Drishti,Mercury,Capricorn,Ma Kết,"5°10'22.45""",Uttara Ashadha,Sun,3,Sun,Capricorn,Ma Kết,"6°02'32.10""",Uttara Ashadha,Sun,3,0th House,0,0,0.8693,0.8693,Standard
2026-01-20 15:15:00,Parashara_Drishti,Sun,Capricorn,Ma Kết,"6°03'10.28""",Uttara Ashadha,Sun,3,Mercury,Capricorn,Ma Kết,"5°11'24.98""",Uttara Ashadha,Sun,3,0th House,0,0,359.1374,0.8626,Combust
2026-01-20 15:15:00,Parashara_Drishti,Mercury,Capricorn,Ma Kết,"5°11'24.98""",Uttara Ashadha,Sun,3,Sun,Capricorn,Ma Kết,"6°03'10.28""",Uttara Ashadha,Sun,3,0th House,0,0,0.8626,0.8626,Standard
2026-01-20 15:30:00,Parashara_Drishti,Sun,Capricorn,Ma Kết,"6°03'48.46""",Uttara Ashadha,Sun,3,Mercury,Capricorn,Ma Kết,"5°12'27.52""",Uttara Ashadha,Sun,3,0th House,0,0,359.1442,0.8558,Combust
2026-01-20 15:30:00,Parashara_Drishti,Mercury,Capricorn,Ma Kết,"5°12'27.52""",Uttara Ashadha,Sun,3,Sun,Capricorn,Ma Kết,"6°03'48.46""",Uttara Ashadha,Sun,3,0th House,0,0,0.8558,0.8558,Standard
2026-01-20 15:45:00,Parashara_Drishti,Sun,Capricorn,Ma Kết,"6°04'26.64""",Uttara Ashadha,Sun,3,Mercury,Capricorn,Ma Kết,"5°13'30.06""",Uttara Ashadha,Sun,3,0th House,0,0,359.151,0.849,Combust
2026-01-20 15:45:00,Parashara_Drishti,Mercury,Capricorn,Ma Kết,"5°13'30.06""",Uttara Ashadha,Sun,3,Sun,Capricorn,Ma Kết,"6°04'26.64""",Uttara Ashadha,Sun,3,0th House,0,0,0.849,0.849,Standard
2026-01-20 16:00:00,Parashara_Drishti,Sun,Capricorn,Ma Kết,"6°05'04.81""",Uttara Ashadha,Sun,3,Mercury,Capricorn,Ma Kết,"5°14'32.61""",Uttara Ashadha,Sun,3,0th House,0,0,359.1577,0.8423,Combust
2026-01-20 16:00:00,Parashara_Drishti,Mercury,Capricorn,Ma Kết,"5°14'32.61""",Uttara Ashadha,Sun,3,Sun,Capricorn,Ma Kết,"6°05'04.81""",Uttara Ashadha,Sun,3,0th House,0,0,0.8423,0.8423,Standard
2026-01-20 16:15:00,Parashara_Drishti,Sun,Capricorn,Ma Kết,"6°05'42.99""",Uttara Ashadha,Sun,3,Mercury,Capricorn,Ma Kết,"5°15'35.15""",Uttara Ashadha,Sun,3,0th House,0,0,359.1645,0.8355,Combust
2026-01-20 16:15:00,Parashara_Drishti,Mercury,Capricorn,Ma Kết,"5°15'35.15""",Uttara Ashadha,Sun,3,Sun,Capricorn,Ma Kết,"6°05'42.99""",Uttara Ashadha,Sun,3,0th House,0,0,0.8355,0.8355,Standard
2026-01-20 16:30:00,Parashara_Drishti,Sun,Capricorn,Ma Kết,"6°06'21.17""",Uttara Ashadha,Sun,3,Mercury,Capricorn,Ma Kết,"5°16'37.71""",Uttara Ashadha,Sun,3,0th House,0,0,359.1713,0.8287,Combust
2026-01-20 16:30:00,Parashara_Drishti,Mercury,Capricorn,Ma Kết,"5°16'37.71""",Uttara Ashadha,Sun,3,Sun,Capricorn,Ma Kết,"6°06'21.17""",Uttara Ashadha,Sun,3,0th House,0,0,0.8287,0.8287,Standard
2026-01-20 16:45:00,Parashara_Drishti,Sun,Capricorn,Ma Kết,"6°06'59.35""",Uttara Ashadha,Sun,3,Mercury,Capricorn,Ma Kết,"5°17'40.26""",Uttara Ashadha,Sun,3,0th House,0,0,359.178,0.822,Combust
2026-01-20 16:45:00,Parashara_Drishti,Mercury,Capricorn,Ma Kết,"5°17'40.26""",Uttara Ashadha,Sun,3,Sun,Capricorn,Ma Kết,"6°06'59.35""",Uttara Ashadha,Sun,3,0th House,0,0,0.822,0.822,Standard
2026-01-20 17:00:00,Parashara_Drishti,Sun,Capricorn,Ma Kết,"6°07'37.52""",Uttara Ashadha,Sun,3,Mercury,Capricorn,Ma Kết,"5°18'42.82""",Uttara Ashadha,Sun,3,0th House,0,0,359.1848,0.8152,Combust
2026-01-20 17:00:00,Parashara_Drishti,Mercury,Capricorn,Ma Kết,"5°18'42.82""",Uttara Ashadha,Sun,3,Sun,Capricorn,Ma Kết,"6°07'37.52""",Uttara Ashadha,Sun,3,0th House,0,0,0.8152,0.8152,Standard
2026-01-20 17:15:00,Parashara_Drishti,Sun,Capricorn,Ma Kết,"6°08'15.70""",Uttara Ashadha,Sun,3,Mercury,Capricorn,Ma Kết,"5°19'45.38""",Uttara Ashadha,Sun,3,0th House,0,0,359.1916,0.8084,Combust
2026-01-20 17:15:00,Parashara_Drishti,Mercury,Capricorn,Ma Kết,"5°19'45.38""",Uttara Ashadha,Sun,3,Sun,Capricorn,Ma Kết,"6°08'15.70""",Uttara Ashadha,Sun,3,0th House,0,0,0.8084,0.8084,Standard
2026-01-20 17:30:00,Parashara_Drishti,Sun,Capricorn,Ma Kết,"6°08'53.88""",Uttara Ashadha,Sun,3,Mercury,Capricorn,Ma Kết,"5°20'47.95""",Uttara Ashadha,Sun,3,0th House,0,0,359.1984,0.8016,Combust
2026-01-20 17:30:00,Parashara_Drishti,Mercury,Capricorn,Ma Kết,"5°20'47.95""",Uttara Ashadha,Sun,3,Sun,Capricorn,Ma Kết,"6°08'53.88""",Uttara Ashadha,Sun,3,0th House,0,0,0.8016,0.8016,Standard
2026-01-20 17:45:00,Parashara_Drishti,Sun,Capricorn,Ma Kết,"6°09'32.06""",Uttara Ashadha,Sun,3,Mercury,Capricorn,Ma Kết,"5°21'50.52""",Uttara Ashadha,Sun,3,0th House,0,0,359.2051,0.7949,Combust
2026-01-20 17:45:00,Parashara_Drishti,Mercury,Capricorn,Ma Kết,"5°21'50.52""",Uttara Ashadha,Sun,3,Sun,Capricorn,Ma Kết,"6°09'32.06""",Uttara Ashadha,Sun,3,0th House,0,0,0.7949,0.7949,Standard
2026-01-20 18:00:00,Parashara_Drishti,Sun,Capricorn,Ma Kết,"6°10'10.23""",Uttara Ashadha,Sun,3,Mercury,Capricorn,Ma Kết,"5°22'53.09""",Uttara Ashadha,Sun,3,0th House,0,0,359.2119,0.7881,Combust
2026-01-20 18:00:00,Parashara_Drishti,Mercury,Capricorn,Ma Kết,"5°22'53.09""",Uttara Ashadha,Sun,3,Sun,Capricorn,Ma Kết,"6°10'10.23""",Uttara Ashadha,Sun,3,0th House,0,0,0.7881,0.7881,Standard
2026-01-20 18:15:00,Parashara_Drishti,Sun,Capricorn,Ma Kết,"6°10'48.41""",Uttara Ashadha,Sun,3,Mercury,Capricorn,Ma Kết,"5°23'55.67""",Uttara Ashadha,Sun,3,0th House,0,0,359.2187,0.7813,Combust
2026-01-20 18:15:00,Parashara_Drishti,Mercury,Capricorn,Ma Kết,"5°23'55.67""",Uttara Ashadha,Sun,3,Sun,Capricorn,Ma Kết,"6°10'48.41""",Uttara Ashadha,Sun,3,0th House,0,0,0.7813,0.7813,Standard
2026-01-20 18:30:00,Parashara_Drishti,Sun,Capricorn,Ma Kết,"6°11'26.59""",Uttara Ashadha,Sun,3,Mercury,Capricorn,Ma Kết,"5°24'58.25""",Uttara Ashadha,Sun,3,0th House,0,0,359.2255,0.7745,Combust
2026-01-20 18:30:00,Parashara_Drishti,Mercury,Capricorn,Ma Kết,"5°24'58.25""",Uttara Ashadha,Sun,3,Sun,Capricorn,Ma Kết,"6°11'26.59""",Uttara Ashadha,Sun,3,0th House,0,0,0.7745,0.7745,Standard
2026-01-20 18:45:00,Parashara_Drishti,Sun,Capricorn,Ma Kết,"6°12'04.76""",Uttara Ashadha,Sun,3,Mercury,Capricorn,Ma Kết,"5°26'00.84""",Uttara Ashadha,Sun,3,0th House,0,0,359.2322,0.7678,Combust
2026-01-20 18:45:00,Parashara_Drishti,Mercury,Capricorn,Ma Kết,"5°26'00.84""",Uttara Ashadha,Sun,3,Sun,Capricorn,Ma Kết,"6°12'04.76""",Uttara Ashadha,Sun,3,0th House,0,0,0.7678,0.7678,Standard
2026-01-20 19:00:00,Parashara_Drishti,Sun,Capricorn,Ma Kết,"6°12'42.94""",Uttara Ashadha,Sun,3,Mercury,Capricorn,Ma Kết,"5°27'03.43""",Uttara Ashadha,Sun,3,0th House,0,0,359.239,0.761,Combust
2026-01-20 19:00:00,Parashara_Drishti,Mercury,Capricorn,Ma Kết,"5°27'03.43""",Uttara Ashadha,Sun,3,Sun,Capricorn,Ma Kết,"6°12'42.94""",Uttara Ashadha,Sun,3,0th House,0,0,0.761,0.761,Standard
2026-01-20 19:15:00,Parashara_Drishti,Sun,Capricorn,Ma Kết,"6°13'21.12""",Uttara Ashadha,Sun,3,Mercury,Capricorn,Ma Kết,"5°28'06.02""",Uttara Ashadha,Sun,3,0th House,0,0,359.2458,0.7542,Combust
2026-01-20 19:15:00,Parashara_Drishti,Mercury,Capricorn,Ma Kết,"5°28'06.02""",Uttara Ashadha,Sun,3,Sun,Capricorn,Ma Kết,"6°13'21.12""",Uttara Ashadha,Sun,3,0th House,0,0,0.7542,0.7542,Standard
2026-01-20 19:30:00,Parashara_Drishti,Sun,Capricorn,Ma Kết,"6°13'59.30""",Uttara Ashadha,Sun,3,Mercury,Capricorn,Ma Kết,"5°29'08.61""",Uttara Ashadha,Sun,3,0th House,0,0,359.2526,0.7474,Combust
2026-01-20 19:30:00,Parashara_Drishti,Mercury,Capricorn,Ma Kết,"5°29'08.61""",Uttara Ashadha,Sun,3,Sun,Capricorn,Ma Kết,"6°13'59.30""",Uttara Ashadha,Sun,3,0th House,0,0,0.7474,0.7474,Standard
2026-01-20 19:45:00,Parashara_Drishti,Sun,Capricorn,Ma Kết,"6°14'37.47""",Uttara Ashadha,Sun,3,Mercury,Capricorn,Ma Kết,"5°30'11.21""",Uttara Ashadha,Sun,3,0th House,0,0,359.2594,0.7406,Combust
2026-01-20 19:45:00,Parashara_Drishti,Mercury,Capricorn,Ma Kết,"5°30'11.21""",Uttara Ashadha,Sun,3,Sun,Capricorn,Ma Kết,"6°14'37.47""",Uttara Ashadha,Sun,3,0th House,0,0,0.7406,0.7406,Standard
2026-01-20 20:00:00,Parashara_Drishti,Sun,Capricorn,Ma Kết,"6°15'15.65""",Uttara Ashadha,Sun,3,Mercury,Capricorn,Ma Kết,"5°31'13.82""",Uttara Ashadha,Sun,3,0th House,0,0,359.2662,0.7338,Combust
2026-01-20 20:00:00,Parashara_Drishti,Mercury,Capricorn,Ma Kết,"5°31'13.82""",Uttara Ashadha,Sun,3,Sun,Capricorn,Ma Kết,"6°15'15.65""",Uttara Ashadha,Sun,3,0th House,0,0,0.7338,0.7338,Standard
2026-01-20 20:15:00,Parashara_Drishti,Sun,Capricorn,Ma Kết,"6°15'53.82""",Uttara Ashadha,Sun,3,Mercury,Capricorn,Ma Kết,"5°32'16.42""",Uttara Ashadha,Sun,3,0th House,0,0,359.2729,0.7271,Combust
2026-01-20 20:15:00,Parashara_Drishti,Mercury,Capricorn,Ma Kết,"5°32'16.42""",Uttara Ashadha,Sun,3,Sun,Capricorn,Ma Kết,"6°15'53.82""",Uttara Ashadha,Sun,3,0th House,0,0,0.7271,0.7271,Standard
2026-01-20 20:30:00,Parashara_Drishti,Sun,Capricorn,Ma Kết,"6°16'32.00""",Uttara Ashadha,Sun,3,Mercury,Capricorn,Ma Kết,"5°33'19.03""",Uttara Ashadha,Sun,3,0th House,0,0,359.2797,0.7203,Combust
2026-01-20 20:30:00,Parashara_Drishti,Mercury,Capricorn,Ma Kết,"5°33'19.03""",Uttara Ashadha,Sun,3,Sun,Capricorn,Ma Kết,"6°16'32.00""",Uttara Ashadha,Sun,3,0th House,0,0,0.7203,0.7203,Standard
2026-01-20 20:45:00,Parashara_Drishti,Sun,Capricorn,Ma Kết,"6°17'10.18""",Uttara Ashadha,Sun,3,Mercury,Capricorn,Ma Kết,"5°34'21.65""",Uttara Ashadha,Sun,3,0th House,0,0,359.2865,0.7135,Combust
2026-01-20 20:45:00,Parashara_Drishti,Mercury,Capricorn,Ma Kết,"5°34'21.65""",Uttara Ashadha,Sun,3,Sun,Capricorn,Ma Kết,"6°17'10.18""",Uttara Ashadha,Sun,3,0th House,0,0,0.7135,0.7135,Standard
2026-01-20 21:00:00,Parashara_Drishti,Sun,Capricorn,Ma Kết,"6°17'48.35""",Uttara Ashadha,Sun,3,Mercury,Capricorn,Ma Kết,"5°35'24.26""",Uttara Ashadha,Sun,3,0th House,0,0,359.2933,0.7067,Combust
2026-01-20 21:00:00,Parashara_Drishti,Mercury,Capricorn,Ma Kết,"5°35'24.26""",Uttara Ashadha,Sun,3,Sun,Capricorn,Ma Kết,"6°17'48.35""",Uttara Ashadha,Sun,3,0th House,0,0,0.7067,0.7067,Standard
2026-01-20 21:15:00,Parashara_Drishti,Sun,Capricorn,Ma Kết,"6°18'26.53""",Uttara Ashadha,Sun,3,Mercury,Capricorn,Ma Kết,"5°36'26.89""",Uttara Ashadha,Sun,3,0th House,0,0,359.3001,0.6999,Combust
2026-01-20 21:15:00,Parashara_Drishti,Mercury,Capricorn,Ma Kết,"5°36'26.89""",Uttara Ashadha,Sun,3,Sun,Capricorn,Ma Kết,"6°18'26.53""",Uttara Ashadha,Sun,3,0th House,0,0,0.6999,0.6999,Standard
2026-01-20 21:30:00,Parashara_Drishti,Sun,Capricorn,Ma Kết,"6°19'04.71""",Uttara Ashadha,Sun,3,Mercury,Capricorn,Ma Kết,"5°37'29.51""",Uttara Ashadha,Sun,3,0th House,0,0,359.3069,0.6931,Combust
2026-01-20 21:30:00,Parashara_Drishti,Mercury,Capricorn,Ma Kết,"5°37'29.51""",Uttara Ashadha,Sun,3,Sun,Capricorn,Ma Kết,"6°19'04.71""",Uttara Ashadha,Sun,3,0th House,0,0,0.6931,0.6931,Standard
2026-01-20 21:45:00,Parashara_Drishti,Sun,Capricorn,Ma Kết,"6°19'42.88""",Uttara Ashadha,Sun,3,Mercury,Capricorn,Ma Kết,"5°38'32.14""",Uttara Ashadha,Sun,3,0th House,0,0,359.3137,0.6863,Combust
2026-01-20 21:45:00,Parashara_Drishti,Mercury,Capricorn,Ma Kết,"5°38'32.14""",Uttara Ashadha,Sun,3,Sun,Capricorn,Ma Kết,"6°19'42.88""",Uttara Ashadha,Sun,3,0th House,0,0,0.6863,0.6863,Standard
2026-01-20 22:00:00,Parashara_Drishti,Sun,Capricorn,Ma Kết,"6°20'21.06""",Uttara Ashadha,Sun,3,Mercury,Capricorn,Ma Kết,"5°39'34.77""",Uttara Ashadha,Sun,3,0th House,0,0,359.3205,0.6795,Combust
2026-01-20 22:00:00,Parashara_Drishti,Mercury,Capricorn,Ma Kết,"5°39'34.77""",Uttara Ashadha,Sun,3,Sun,Capricorn,Ma Kết,"6°20'21.06""",Uttara Ashadha,Sun,3,0th House,0,0,0.6795,0.6795,Standard
2026-01-20 22:15:00,Parashara_Drishti,Sun,Capricorn,Ma Kết,"6°20'59.23""",Uttara Ashadha,Sun,3,Mercury,Capricorn,Ma Kết,"5°40'37.41""",Uttara Ashadha,Sun,3,0th House,0,0,359.3273,0.6727,Combust
2026-01-20 22:15:00,Parashara_Drishti,Mercury,Capricorn,Ma Kết,"5°40'37.41""",Uttara Ashadha,Sun,3,Sun,Capricorn,Ma Kết,"6°20'59.23""",Uttara Ashadha,Sun,3,0th House,0,0,0.6727,0.6727,Standard
2026-01-20 22:30:00,Parashara_Drishti,Sun,Capricorn,Ma Kết,"6°21'37.41""",Uttara Ashadha,Sun,3,Mercury,Capricorn,Ma Kết,"5°41'40.05""",Uttara Ashadha,Sun,3,0th House,0,0,359.3341,0.6659,Combust
2026-01-20 22:30:00,Parashara_Drishti,Mercury,Capricorn,Ma Kết,"5°41'40.05""",Uttara Ashadha,Sun,3,Sun,Capricorn,Ma Kết,"6°21'37.41""",Uttara Ashadha,Sun,3,0th House,0,0,0.6659,0.6659,Standard
2026-01-20 22:45:00,Parashara_Drishti,Sun,Capricorn,Ma Kết,"6°22'15.59""",Uttara Ashadha,Sun,3,Mercury,Capricorn,Ma Kết,"5°42'42.69""",Uttara Ashadha,Sun,3,0th House,0,0,359.3409,0.6591,Combust
2026-01-20 22:45:00,Parashara_Drishti,Mercury,Capricorn,Ma Kết,"5°42'42.69""",Uttara Ashadha,Sun,3,Sun,Capricorn,Ma Kết,"6°22'15.59""",Uttara Ashadha,Sun,3,0th House,0,0,0.6591,0.6591,Standard
2026-01-20 23:00:00,Parashara_Drishti,Sun,Capricorn,Ma Kết,"6°22'53.76""",Uttara Ashadha,Sun,3,Mercury,Capricorn,Ma Kết,"5°43'45.34""",Uttara Ashadha,Sun,3,0th House,0,0,359.3477,0.6523,Combust
2026-01-20 23:00:00,Parashara_Drishti,Mercury,Capricorn,Ma Kết,"5°43'45.34""",Uttara Ashadha,Sun,3,Sun,Capricorn,Ma Kết,"6°22'53.76""",Uttara Ashadha,Sun,3,0th House,0,0,0.6523,0.6523,Standard
2026-01-20 23:15:00,Parashara_Drishti,Sun,Capricorn,Ma Kết,"6°23'31.94""",Uttara Ashadha,Sun,3,Mercury,Capricorn,Ma Kết,"5°44'47.99""",Uttara Ashadha,Sun,3,0th House,0,0,359.3545,0.6455,Combust
2026-01-20 23:15:00,Parashara_Drishti,Mercury,Capricorn,Ma Kết,"5°44'47.99""",Uttara Ashadha,Sun,3,Sun,Capricorn,Ma Kết,"6°23'31.94""",Uttara Ashadha,Sun,3,0th House,0,0,0.6455,0.6455,Standard
2026-01-20 23:30:00,Parashara_Drishti,Sun,Capricorn,Ma Kết,"6°24'10.11""",Uttara Ashadha,Sun,3,Mercury,Capricorn,Ma Kết,"5°45'50.64""",Uttara Ashadha,Sun,3,0th House,0,0,359.3613,0.6387,Combust
2026-01-20 23:30:00,Parashara_Drishti,Mercury,Capricorn,Ma Kết,"5°45'50.64""",Uttara Ashadha,Sun,3,Sun,Capricorn,Ma Kết,"6°24'10.11""",Uttara Ashadha,Sun,3,0th House,0,0,0.6387,0.6387,Standard
2026-01-20 23:45:00,Parashara_Drishti,Sun,Capricorn,Ma Kết,"6°24'48.29""",Uttara Ashadha,Sun,3,Mercury,Capricorn,Ma Kết,"5°46'53.30""",Uttara Ashadha,Sun,3,0th House,0,0,359.3681,0.6319,Combust
2026-01-20 23:45:00,Parashara_Drishti,Mercury,Capricorn,Ma Kết,"5°46'53.30""",Uttara Ashadha,Sun,3,Sun,Capricorn,Ma Kết,"6°24'48.29""",Uttara Ashadha,Sun,3,0th House,0,0,0.6319,0.6319,Standard
2026-01-21 00:00:00,Parashara_Drishti,Sun,Capricorn,Ma Kết,"6°25'26.46""",Uttara Ashadha,Sun,3,Mercury,Capricorn,Ma Kết,"5°47'55.96""",Uttara Ashadha,Sun,3,0th House,0,0,359.3749,0.6251,Combust
2026-01-21 00:00:00,Parashara_Drishti,Mercury,Capricorn,Ma Kết,"5°47'55.96""",Uttara Ashadha,Sun,3,Sun,Capricorn,Ma Kết,"6°25'26.46""",Uttara Ashadha,Sun,3,0th House,0,0,0.6251,0.6251,Standard
2026-01-21 00:15:00,Parashara_Drishti,Sun,Capricorn,Ma Kết,"6°26'04.64""",Uttara Ashadha,Sun,3,Mercury,Capricorn,Ma Kết,"5°48'58.63""",Uttara Ashadha,Sun,3,0th House,0,0,359.3817,0.6183,Combust
2026-01-21 00:15:00,Parashara_Drishti,Mercury,Capricorn,Ma Kết,"5°48'58.63""",Uttara Ashadha,Sun,3,Sun,Capricorn,Ma Kết,"6°26'04.64""",Uttara Ashadha,Sun,3,0th House,0,0,0.6183,0.6183,Standard
2026-01-21 00:30:00,Parashara_Drishti,Sun,Capricorn,Ma Kết,"6°26'42.81""",Uttara Ashadha,Sun,3,Mercury,Capricorn,Ma Kết,"5°50'01.30""",Uttara Ashadha,Sun,3,0th House,0,0,359.3885,0.6115,Combust
2026-01-21 00:30:00,Parashara_Drishti,Mercury,Capricorn,Ma Kết,"5°50'01.30""",Uttara Ashadha,Sun,3,Sun,Capricorn,Ma Kết,"6°26'42.81""",Uttara Ashadha,Sun,3,0th House,0,0,0.6115,0.6115,Standard
2026-01-21 00:45:00,Parashara_Drishti,Sun,Capricorn,Ma Kết,"6°27'20.99""",Uttara Ashadha,Sun,3,Mercury,Capricorn,Ma Kết,"5°51'03.97""",Uttara Ashadha,Sun,3,0th House,0,0,359.3953,0.6047,Combust
2026-01-21 00:45:00,Parashara_Drishti,Mercury,Capricorn,Ma Kết,"5°51'03.97""",Uttara Ashadha,Sun,3,Sun,Capricorn,Ma Kết,"6°27'20.99""",Uttara Ashadha,Sun,3,0th House,0,0,0.6047,0.6047,Standard
2026-01-21 01:00:00,Parashara_Drishti,Sun,Capricorn,Ma Kết,"6°27'59.16""",Uttara Ashadha,Sun,3,Mercury,Capricorn,Ma Kết,"5°52'06.65""",Uttara Ashadha,Sun,3,0th House,0,0,359.4021,0.5979,Combust
2026-01-21 01:00:00,Parashara_Drishti,Mercury,Capricorn,Ma Kết,"5°52'06.65""",Uttara Ashadha,Sun,3,Sun,Capricorn,Ma Kết,"6°27'59.16""",Uttara Ashadha,Sun,3,0th House,0,0,0.5979,0.5979,Standard
2026-01-21 01:15:00,Parashara_Drishti,Sun,Capricorn,Ma Kết,"6°28'37.34""",Uttara Ashadha,Sun,3,Mercury,Capricorn,Ma Kết,"5°53'09.33""",Uttara Ashadha,Sun,3,0th House,0,0,359.4089,0.5911,Combust
2026-01-21 01:15:00,Parashara_Drishti,Mercury,Capricorn,Ma Kết,"5°53'09.33""",Uttara Ashadha,Sun,3,Sun,Capricorn,Ma Kết,"6°28'37.34""",Uttara Ashadha,Sun,3,0th House,0,0,0.5911,0.5911,Standard
2026-01-21 01:30:00,Parashara_Drishti,Sun,Capricorn,Ma Kết,"6°29'15.51""",Uttara Ashadha,Sun,3,Mercury,Capricorn,Ma Kết,"5°54'12.01""",Uttara Ashadha,Sun,3,0th House,0,0,359.4157,0.5843,Combust
2026-01-21 01:30:00,Parashara_Drishti,Mercury,Capricorn,Ma Kết,"5°54'12.01""",Uttara Ashadha,Sun,3,Sun,Capricorn,Ma Kết,"6°29'15.51""",Uttara Ashadha,Sun,3,0th House,0,0,0.5843,0.5843,Standard
2026-01-21 01:45:00,Parashara_Drishti,Sun,Capricorn,Ma Kết,"6°29'53.69""",Uttara Ashadha,Sun,3,Mercury,Capricorn,Ma Kết,"5°55'14.70""",Uttara Ashadha,Sun,3,0th House,0,0,359.4225,0.5775,Combust
2026-01-21 01:45:00,Parashara_Drishti,Mercury,Capricorn,Ma Kết,"5°55'14.70""",Uttara Ashadha,Sun,3,Sun,Capricorn,Ma Kết,"6°29'53.69""",Uttara Ashadha,Sun,3,0th House,0,0,0.5775,0.5775,Standard
2026-01-21 02:00:00,Parashara_Drishti,Sun,Capricorn,Ma Kết,"6°30'31.86""",Uttara Ashadha,Sun,3,Mercury,Capricorn,Ma Kết,"5°56'17.39""",Uttara Ashadha,Sun,3,0th House,0,0,359.4293,0.5707,Combust
2026-01-21 02:00:00,Parashara_Drishti,Mercury,Capricorn,Ma Kết,"5°56'17.39""",Uttara Ashadha,Sun,3,Sun,Capricorn,Ma Kết,"6°30'31.86""",Uttara Ashadha,Sun,3,0th House,0,0,0.5707,0.5707,Standard
2026-01-21 02:15:00,Parashara_Drishti,Sun,Capricorn,Ma Kết,"6°31'10.04""",Uttara Ashadha,Sun,3,Mercury,Capricorn,Ma Kết,"5°57'20.08""",Uttara Ashadha,Sun,3,0th House,0,0,359.4361,0.5639,Combust
2026-01-21 02:15:00,Parashara_Drishti,Mercury,Capricorn,Ma Kết,"5°57'20.08""",Uttara Ashadha,Sun,3,Sun,Capricorn,Ma Kết,"6°31'10.04""",Uttara Ashadha,Sun,3,0th House,0,0,0.5639,0.5639,Standard
2026-01-21 02:30:00,Parashara_Drishti,Sun,Capricorn,Ma Kết,"6°31'48.21""",Uttara Ashadha,Sun,3,Mercury,Capricorn,Ma Kết,"5°58'22.78""",Uttara Ashadha,Sun,3,0th House,0,0,359.4429,0.5571,Combust
2026-01-21 02:30:00,Parashara_Drishti,Mercury,Capricorn,Ma Kết,"5°58'22.78""",Uttara Ashadha,Sun,3,Sun,Capricorn,Ma Kết,"6°31'48.21""",Uttara Ashadha,Sun,3,0th House,0,0,0.5571,0.5571,Standard
2026-01-21 02:45:00,Parashara_Drishti,Sun,Capricorn,Ma Kết,"6°32'26.39""",Uttara Ashadha,Sun,3,Mercury,Capricorn,Ma Kết,"5°59'25.48""",Uttara Ashadha,Sun,3,0th House,0,0,359.4497,0.5503,Combust
2026-01-21 02:45:00,Parashara_Drishti,Mercury,Capricorn,Ma Kết,"5°59'25.48""",Uttara Ashadha,Sun,3,Sun,Capricorn,Ma Kết,"6°32'26.39""",Uttara Ashadha,Sun,3,0th House,0,0,0.5503,0.5503,Standard
2026-01-21 03:00:00,Parashara_Drishti,Sun,Capricorn,Ma Kết,"6°33'04.56""",Uttara Ashadha,Sun,3,Mercury,Capricorn,Ma Kết,"6°00'28.19""",Uttara Ashadha,Sun,3,0th House,0,0,359.4566,0.5434,Combust
2026-01-21 03:00:00,Parashara_Drishti,Mercury,Capricorn,Ma Kết,"6°00'28.19""",Uttara Ashadha,Sun,3,Sun,Capricorn,Ma Kết,"6°33'04.56""",Uttara Ashadha,Sun,3,0th House,0,0,0.5434,0.5434,Standard
2026-01-21 03:15:00,Parashara_Drishti,Sun,Capricorn,Ma Kết,"6°33'42.73""",Uttara Ashadha,Sun,3,Mercury,Capricorn,Ma Kết,"6°01'30.90""",Uttara Ashadha,Sun,3,0th House,0,0,359.4634,0.5366,Combust
2026-01-21 03:15:00,Parashara_Drishti,Mercury,Capricorn,Ma Kết,"6°01'30.90""",Uttara Ashadha,Sun,3,Sun,Capricorn,Ma Kết,"6°33'42.73""",Uttara Ashadha,Sun,3,0th House,0,0,0.5366,0.5366,Standard
2026-01-21 03:30:00,Parashara_Drishti,Sun,Capricorn,Ma Kết,"6°34'20.91""",Uttara Ashadha,Sun,3,Mercury,Capricorn,Ma Kết,"6°02'33.61""",Uttara Ashadha,Sun,3,0th House,0,0,359.4702,0.5298,Combust
2026-01-21 03:30:00,Parashara_Drishti,Mercury,Capricorn,Ma Kết,"6°02'33.61""",Uttara Ashadha,Sun,3,Sun,Capricorn,Ma Kết,"6°34'20.91""",Uttara Ashadha,Sun,3,0th House,0,0,0.5298,0.5298,Standard
2026-01-21 03:45:00,Parashara_Drishti,Sun,Capricorn,Ma Kết,"6°34'59.08""",Uttara Ashadha,Sun,3,Mercury,Capricorn,Ma Kết,"6°03'36.33""",Uttara Ashadha,Sun,3,0th House,0,0,359.477,0.523,Combust
2026-01-21 03:45:00,Parashara_Drishti,Mercury,Capricorn,Ma Kết,"6°03'36.33""",Uttara Ashadha,Sun,3,Sun,Capricorn,Ma Kết,"6°34'59.08""",Uttara Ashadha,Sun,3,0th House,0,0,0.523,0.523,Standard
2026-01-21 04:00:00,Parashara_Drishti,Sun,Capricorn,Ma Kết,"6°35'37.26""",Uttara Ashadha,Sun,3,Mercury,Capricorn,Ma Kết,"6°04'39.05""",Uttara Ashadha,Sun,3,0th House,0,0,359.4838,0.5162,Combust
2026-01-21 04:00:00,Parashara_Drishti,Mercury,Capricorn,Ma Kết,"6°04'39.05""",Uttara Ashadha,Sun,3,Sun,Capricorn,Ma Kết,"6°35'37.26""",Uttara Ashadha,Sun,3,0th House,0,0,0.5162,0.5162,Standard
2026-01-21 04:15:00,Parashara_Drishti,Sun,Capricorn,Ma Kết,"6°36'15.43""",Uttara Ashadha,Sun,3,Mercury,Capricorn,Ma Kết,"6°05'41.77""",Uttara Ashadha,Sun,3,0th House,0,0,359.4907,0.5093,Combust
2026-01-21 04:15:00,Parashara_Drishti,Mercury,Capricorn,Ma Kết,"6°05'41.77""",Uttara Ashadha,Sun,3,Sun,Capricorn,Ma Kết,"6°36'15.43""",Uttara Ashadha,Sun,3,0th House,0,0,0.5093,0.5093,Standard
2026-01-21 04:30:00,Parashara_Drishti,Sun,Capricorn,Ma Kết,"6°36'53.60""",Uttara Ashadha,Sun,3,Mercury,Capricorn,Ma Kết,"6°06'44.50""",Uttara Ashadha,Sun,3,0th House,0,0,359.4975,0.5025,Combust
2026-01-21 04:30:00,Parashara_Drishti,Mercury,Capricorn,Ma Kết,"6°06'44.50""",Uttara Ashadha,Sun,3,Sun,Capricorn,Ma Kết,"6°36'53.60""",Uttara Ashadha,Sun,3,0th House,0,0,0.5025,0.5025,Standard
2026-01-21 04:45:00,Parashara_Drishti,Sun,Capricorn,Ma Kết,"6°37'31.78""",Uttara Ashadha,Sun,3,Mercury,Capricorn,Ma Kết,"6°07'47.23""",Uttara Ashadha,Sun,3,0th House,0,0,359.5043,0.4957,Combust
2026-01-21 04:45:00,Parashara_Drishti,Mercury,Capricorn,Ma Kết,"6°07'47.23""",Uttara Ashadha,Sun,3,Sun,Capricorn,Ma Kết,"6°37'31.78""",Uttara Ashadha,Sun,3,0th House,0,0,0.4957,0.4957,Standard
2026-01-21 05:00:00,Parashara_Drishti,Sun,Capricorn,Ma Kết,"6°38'09.95""",Uttara Ashadha,Sun,3,Mercury,Capricorn,Ma Kết,"6°08'49.97""",Uttara Ashadha,Sun,3,0th House,0,0,359.5111,0.4889,Combust
2026-01-21 05:00:00,Parashara_Drishti,Mercury,Capricorn,Ma Kết,"6°08'49.97""",Uttara Ashadha,Sun,3,Sun,Capricorn,Ma Kết,"6°38'09.95""",Uttara Ashadha,Sun,3,0th House,0,0,0.4889,0.4889,Standard
2026-01-21 05:15:00,Parashara_Drishti,Sun,Capricorn,Ma Kết,"6°38'48.12""",Uttara Ashadha,Sun,3,Mercury,Capricorn,Ma Kết,"6°09'52.71""",Uttara Ashadha,Sun,3,0th House,0,0,359.5179,0.4821,Combust
2026-01-21 05:15:00,Parashara_Drishti,Mercury,Capricorn,Ma Kết,"6°09'52.71""",Uttara Ashadha,Sun,3,Sun,Capricorn,Ma Kết,"6°38'48.12""",Uttara Ashadha,Sun,3,0th House,0,0,0.4821,0.4821,Standard
2026-01-21 05:30:00,Parashara_Drishti,Sun,Capricorn,Ma Kết,"6°39'26.30""",Uttara Ashadha,Sun,3,Mercury,Capricorn,Ma Kết,"6°10'55.45""",Uttara Ashadha,Sun,3,0th House,0,0,359.5248,0.4752,Combust
2026-01-21 05:30:00,Parashara_Drishti,Mercury,Capricorn,Ma Kết,"6°10'55.45""",Uttara Ashadha,Sun,3,Sun,Capricorn,Ma Kết,"6°39'26.30""",Uttara Ashadha,Sun,3,0th House,0,0,0.4752,0.4752,Standard
2026-01-21 05:45:00,Parashara_Drishti,Sun,Capricorn,Ma Kết,"6°40'04.47""",Uttara Ashadha,Sun,4,Mercury,Capricorn,Ma Kết,"6°11'58.20""",Uttara Ashadha,Sun,3,0th House,0,0,359.5316,0.4684,Combust
2026-01-21 05:45:00,Parashara_Drishti,Mercury,Capricorn,Ma Kết,"6°11'58.20""",Uttara Ashadha,Sun,3,Sun,Capricorn,Ma Kết,"6°40'04.47""",Uttara Ashadha,Sun,4,0th House,0,0,0.4684,0.4684,Standard
2026-01-21 06:00:00,Parashara_Drishti,Sun,Capricorn,Ma Kết,"6°40'42.65""",Uttara Ashadha,Sun,4,Mercury,Capricorn,Ma Kết,"6°13'00.95""",Uttara Ashadha,Sun,3,0th House,0,0,359.5384,0.4616,Combust
2026-01-21 06:00:00,Parashara_Drishti,Mercury,Capricorn,Ma Kết,"6°13'00.95""",Uttara Ashadha,Sun,3,Sun,Capricorn,Ma Kết,"6°40'42.65""",Uttara Ashadha,Sun,4,0th House,0,0,0.4616,0.4616,Standard
2026-01-21 06:15:00,Parashara_Drishti,Sun,Capricorn,Ma Kết,"6°41'20.82""",Uttara Ashadha,Sun,4,Mercury,Capricorn,Ma Kết,"6°14'03.70""",Uttara Ashadha,Sun,3,0th House,0,0,359.5452,0.4548,Combust
2026-01-21 06:15:00,Parashara_Drishti,Mercury,Capricorn,Ma Kết,"6°14'03.70""",Uttara Ashadha,Sun,3,Sun,Capricorn,Ma Kết,"6°41'20.82""",Uttara Ashadha,Sun,4,0th House,0,0,0.4548,0.4548,Standard
2026-01-21 06:30:00,Parashara_Drishti,Sun,Capricorn,Ma Kết,"6°41'58.99""",Uttara Ashadha,Sun,4,Mercury,Capricorn,Ma Kết,"6°15'06.46""",Uttara Ashadha,Sun,3,0th House,0,0,359.5521,0.4479,Combust
2026-01-21 06:30:00,Parashara_Drishti,Mercury,Capricorn,Ma Kết,"6°15'06.46""",Uttara Ashadha,Sun,3,Sun,Capricorn,Ma Kết,"6°41'58.99""",Uttara Ashadha,Sun,4,0th House,0,0,0.4479,0.4479,Standard
2026-01-21 06:45:00,Parashara_Drishti,Sun,Capricorn,Ma Kết,"6°42'37.16""",Uttara Ashadha,Sun,4,Mercury,Capricorn,Ma Kết,"6°16'09.22""",Uttara Ashadha,Sun,3,0th House,0,0,359.5589,0.4411,Combust
2026-01-21 06:45:00,Parashara_Drishti,Mercury,Capricorn,Ma Kết,"6°16'09.22""",Uttara Ashadha,Sun,3,Sun,Capricorn,Ma Kết,"6°42'37.16""",Uttara Ashadha,Sun,4,0th House,0,0,0.4411,0.4411,Standard
2026-01-21 07:00:00,Parashara_Drishti,Sun,Capricorn,Ma Kết,"6°43'15.34""",Uttara Ashadha,Sun,4,Mercury,Capricorn,Ma Kết,"6°17'11.98""",Uttara Ashadha,Sun,3,0th House,0,0,359.5657,0.4343,Combust
2026-01-21 07:00:00,Parashara_Drishti,Mercury,Capricorn,Ma Kết,"6°17'11.98""",Uttara Ashadha,Sun,3,Sun,Capricorn,Ma Kết,"6°43'15.34""",Uttara Ashadha,Sun,4,0th House,0,0,0.4343,0.4343,Standard
2026-01-21 07:15:00,Parashara_Drishti,Sun,Capricorn,Ma Kết,"6°43'53.51""",Uttara Ashadha,Sun,4,Mercury,Capricorn,Ma Kết,"6°18'14.75""",Uttara Ashadha,Sun,3,0th House,0,0,359.5726,0.4274,Combust
2026-01-21 07:15:00,Parashara_Drishti,Mercury,Capricorn,Ma Kết,"6°18'14.75""",Uttara Ashadha,Sun,3,Sun,Capricorn,Ma Kết,"6°43'53.51""",Uttara Ashadha,Sun,4,0th House,0,0,0.4274,0.4274,Standard
2026-01-21 07:30:00,Parashara_Drishti,Sun,Capricorn,Ma Kết,"6°44'31.68""",Uttara Ashadha,Sun,4,Mercury,Capricorn,Ma Kết,"6°19'17.52""",Uttara Ashadha,Sun,3,0th House,0,0,359.5794,0.4206,Combust
2026-01-21 07:30:00,Parashara_Drishti,Mercury,Capricorn,Ma Kết,"6°19'17.52""",Uttara Ashadha,Sun,3,Sun,Capricorn,Ma Kết,"6°44'31.68""",Uttara Ashadha,Sun,4,0th House,0,0,0.4206,0.4206,Standard
2026-01-21 07:45:00,Parashara_Drishti,Sun,Capricorn,Ma Kết,"6°45'09.86""",Uttara Ashadha,Sun,4,Mercury,Capricorn,Ma Kết,"6°20'20.30""",Uttara Ashadha,Sun,3,0th House,0,0,359.5862,0.4138,Combust
2026-01-21 07:45:00,Parashara_Drishti,Mercury,Capricorn,Ma Kết,"6°20'20.30""",Uttara Ashadha,Sun,3,Sun,Capricorn,Ma Kết,"6°45'09.86""",Uttara Ashadha,Sun,4,0th House,0,0,0.4138,0.4138,Standard
2026-01-21 08:00:00,Parashara_Drishti,Sun,Capricorn,Ma Kết,"6°45'48.03""",Uttara Ashadha,Sun,4,Mercury,Capricorn,Ma Kết,"6°21'23.08""",Uttara Ashadha,Sun,3,0th House,0,0,359.5931,0.4069,Combust
2026-01-21 08:00:00,Parashara_Drishti,Mercury,Capricorn,Ma Kết,"6°21'23.08""",Uttara Ashadha,Sun,3,Sun,Capricorn,Ma Kết,"6°45'48.03""",Uttara Ashadha,Sun,4,0th House,0,0,0.4069,0.4069,Standard
2026-01-21 08:15:00,Parashara_Drishti,Sun,Capricorn,Ma Kết,"6°46'26.20""",Uttara Ashadha,Sun,4,Mercury,Capricorn,Ma Kết,"6°22'25.86""",Uttara Ashadha,Sun,3,0th House,0,0,359.5999,0.4001,Combust
2026-01-21 08:15:00,Parashara_Drishti,Mercury,Capricorn,Ma Kết,"6°22'25.86""",Uttara Ashadha,Sun,3,Sun,Capricorn,Ma Kết,"6°46'26.20""",Uttara Ashadha,Sun,4,0th House,0,0,0.4001,0.4001,Standard
2026-01-21 08:30:00,Parashara_Drishti,Sun,Capricorn,Ma Kết,"6°47'04.37""",Uttara Ashadha,Sun,4,Mercury,Capricorn,Ma Kết,"6°23'28.65""",Uttara Ashadha,Sun,3,0th House,0,0,359.6067,0.3933,Combust
2026-01-21 08:30:00,Parashara_Drishti,Mercury,Capricorn,Ma Kết,"6°23'28.65""",Uttara Ashadha,Sun,3,Sun,Capricorn,Ma Kết,"6°47'04.37""",Uttara Ashadha,Sun,4,0th House,0,0,0.3933,0.3933,Standard
2026-01-21 08:45:00,Parashara_Drishti,Sun,Capricorn,Ma Kết,"6°47'42.55""",Uttara Ashadha,Sun,4,Mercury,Capricorn,Ma Kết,"6°24'31.44""",Uttara Ashadha,Sun,3,0th House,0,0,359.6136,0.3864,Combust
2026-01-21 08:45:00,Parashara_Drishti,Mercury,Capricorn,Ma Kết,"6°24'31.44""",Uttara Ashadha,Sun,3,Sun,Capricorn,Ma Kết,"6°47'42.55""",Uttara Ashadha,Sun,4,0th House,0,0,0.3864,0.3864,Standard
2026-01-21 09:00:00,Parashara_Drishti,Sun,Capricorn,Ma Kết,"6°48'20.72""",Uttara Ashadha,Sun,4,Mercury,Capricorn,Ma Kết,"6°25'34.23""",Uttara Ashadha,Sun,3,0th House,0,0,359.6204,0.3796,Combust
2026-01-21 09:00:00,Parashara_Drishti,Mercury,Capricorn,Ma Kết,"6°25'34.23""",Uttara Ashadha,Sun,3,Sun,Capricorn,Ma Kết,"6°48'20.72""",Uttara Ashadha,Sun,4,0th House,0,0,0.3796,0.3796,Standard
2026-01-21 09:15:00,Parashara_Drishti,Sun,Capricorn,Ma Kết,"6°48'58.89""",Uttara Ashadha,Sun,4,Mercury,Capricorn,Ma Kết,"6°26'37.03""",Uttara Ashadha,Sun,3,0th House,0,0,359.6273,0.3727,Combust
2026-01-21 09:15:00,Parashara_Drishti,Mercury,Capricorn,Ma Kết,"6°26'37.03""",Uttara Ashadha,Sun,3,Sun,Capricorn,Ma Kết,"6°48'58.89""",Uttara Ashadha,Sun,4,0th House,0,0,0.3727,0.3727,Standard
2026-01-21 09:30:00,Parashara_Drishti,Sun,Capricorn,Ma Kết,"6°49'37.06""",Uttara Ashadha,Sun,4,Mercury,Capricorn,Ma Kết,"6°27'39.83""",Uttara Ashadha,Sun,3,0th House,0,0,359.6341,0.3659,Combust
2026-01-21 09:30:00,Parashara_Drishti,Mercury,Capricorn,Ma Kết,"6°27'39.83""",Uttara Ashadha,Sun,3,Sun,Capricorn,Ma Kết,"6°49'37.06""",Uttara Ashadha,Sun,4,0th House,0,0,0.3659,0.3659,Standard
2026-01-21 09:45:00,Parashara_Drishti,Sun,Capricorn,Ma Kết,"6°50'15.24""",Uttara Ashadha,Sun,4,Mercury,Capricorn,Ma Kết,"6°28'42.64""",Uttara Ashadha,Sun,3,0th House,0,0,359.6409,0.3591,Combust
2026-01-21 09:45:00,Parashara_Drishti,Mercury,Capricorn,Ma Kết,"6°28'42.64""",Uttara Ashadha,Sun,3,Sun,Capricorn,Ma Kết,"6°50'15.24""",Uttara Ashadha,Sun,4,0th House,0,0,0.3591,0.3591,Standard
2026-01-21 10:00:00,Parashara_Drishti,Sun,Capricorn,Ma Kết,"6°50'53.41""",Uttara Ashadha,Sun,4,Mercury,Capricorn,Ma Kết,"6°29'45.45""",Uttara Ashadha,Sun,3,0th House,0,0,359.6478,0.3522,Combust
2026-01-21 10:00:00,Parashara_Drishti,Mercury,Capricorn,Ma Kết,"6°29'45.45""",Uttara Ashadha,Sun,3,Sun,Capricorn,Ma Kết,"6°50'53.41""",Uttara Ashadha,Sun,4,0th House,0,0,0.3522,0.3522,Standard
2026-01-21 10:15:00,Parashara_Drishti,Sun,Capricorn,Ma Kết,"6°51'31.58""",Uttara Ashadha,Sun,4,Mercury,Capricorn,Ma Kết,"6°30'48.26""",Uttara Ashadha,Sun,3,0th House,0,0,359.6546,0.3454,Combust
2026-01-21 10:15:00,Parashara_Drishti,Mercury,Capricorn,Ma Kết,"6°30'48.26""",Uttara Ashadha,Sun,3,Sun,Capricorn,Ma Kết,"6°51'31.58""",Uttara Ashadha,Sun,4,0th House,0,0,0.3454,0.3454,Standard
2026-01-21 10:30:00,Parashara_Drishti,Sun,Capricorn,Ma Kết,"6°52'09.75""",Uttara Ashadha,Sun,4,Mercury,Capricorn,Ma Kết,"6°31'51.08""",Uttara Ashadha,Sun,3,0th House,0,0,359.6615,0.3385,Combust
2026-01-21 10:30:00,Parashara_Drishti,Mercury,Capricorn,Ma Kết,"6°31'51.08""",Uttara Ashadha,Sun,3,Sun,Capricorn,Ma Kết,"6°52'09.75""",Uttara Ashadha,Sun,4,0th House,0,0,0.3385,0.3385,Standard
2026-01-21 10:45:00,Parashara_Drishti,Sun,Capricorn,Ma Kết,"6°52'47.92""",Uttara Ashadha,Sun,4,Mercury,Capricorn,Ma Kết,"6°32'53.90""",Uttara Ashadha,Sun,3,0th House,0,0,359.6683,0.3317,Combust
2026-01-21 10:45:00,Parashara_Drishti,Mercury,Capricorn,Ma Kết,"6°32'53.90""",Uttara Ashadha,Sun,3,Sun,Capricorn,Ma Kết,"6°52'47.92""",Uttara Ashadha,Sun,4,0th House,0,0,0.3317,0.3317,Standard
2026-01-21 11:00:00,Parashara_Drishti,Sun,Capricorn,Ma Kết,"6°53'26.09""",Uttara Ashadha,Sun,4,Mercury,Capricorn,Ma Kết,"6°33'56.72""",Uttara Ashadha,Sun,3,0th House,0,0,359.6752,0.3248,Combust
2026-01-21 11:00:00,Parashara_Drishti,Mercury,Capricorn,Ma Kết,"6°33'56.72""",Uttara Ashadha,Sun,3,Sun,Capricorn,Ma Kết,"6°53'26.09""",Uttara Ashadha,Sun,4,0th House,0,0,0.3248,0.3248,Standard
2026-01-21 11:15:00,Parashara_Drishti,Sun,Capricorn,Ma Kết,"6°54'04.27""",Uttara Ashadha,Sun,4,Mercury,Capricorn,Ma Kết,"6°34'59.55""",Uttara Ashadha,Sun,3,0th House,0,0,359.682,0.318,Combust
2026-01-21 11:15:00,Parashara_Drishti,Mercury,Capricorn,Ma Kết,"6°34'59.55""",Uttara Ashadha,Sun,3,Sun,Capricorn,Ma Kết,"6°54'04.27""",Uttara Ashadha,Sun,4,0th House,0,0,0.318,0.318,Standard
2026-01-21 11:30:00,Parashara_Drishti,Sun,Capricorn,Ma Kết,"6°54'42.44""",Uttara Ashadha,Sun,4,Mercury,Capricorn,Ma Kết,"6°36'02.38""",Uttara Ashadha,Sun,3,0th House,0,0,359.6889,0.3111,Combust
2026-01-21 11:30:00,Parashara_Drishti,Mercury,Capricorn,Ma Kết,"6°36'02.38""",Uttara Ashadha,Sun,3,Sun,Capricorn,Ma Kết,"6°54'42.44""",Uttara Ashadha,Sun,4,0th House,0,0,0.3111,0.3111,Standard
2026-01-21 11:45:00,Parashara_Drishti,Sun,Capricorn,Ma Kết,"6°55'20.61""",Uttara Ashadha,Sun,4,Mercury,Capricorn,Ma Kết,"6°37'05.21""",Uttara Ashadha,Sun,3,0th House,0,0,359.6957,0.3043,Combust
2026-01-21 11:45:00,Parashara_Drishti,Mercury,Capricorn,Ma Kết,"6°37'05.21""",Uttara Ashadha,Sun,3,Sun,Capricorn,Ma Kết,"6°55'20.61""",Uttara Ashadha,Sun,4,0th House,0,0,0.3043,0.3043,Standard
2026-01-21 12:00:00,Parashara_Drishti,Sun,Capricorn,Ma Kết,"6°55'58.78""",Uttara Ashadha,Sun,4,Mercury,Capricorn,Ma Kết,"6°38'08.05""",Uttara Ashadha,Sun,3,0th House,0,0,359.7026,0.2974,Combust
2026-01-21 12:00:00,Parashara_Drishti,Mercury,Capricorn,Ma Kết,"6°38'08.05""",Uttara Ashadha,Sun,3,Sun,Capricorn,Ma Kết,"6°55'58.78""",Uttara Ashadha,Sun,4,0th House,0,0,0.2974,0.2974,Standard
2026-01-21 12:15:00,Parashara_Drishti,Sun,Capricorn,Ma Kết,"6°56'36.95""",Uttara Ashadha,Sun,4,Mercury,Capricorn,Ma Kết,"6°39'10.89""",Uttara Ashadha,Sun,3,0th House,0,0,359.7094,0.2906,Combust
2026-01-21 12:15:00,Parashara_Drishti,Mercury,Capricorn,Ma Kết,"6°39'10.89""",Uttara Ashadha,Sun,3,Sun,Capricorn,Ma Kết,"6°56'36.95""",Uttara Ashadha,Sun,4,0th House,0,0,0.2906,0.2906,Standard
2026-01-21 12:30:00,Parashara_Drishti,Sun,Capricorn,Ma Kết,"6°57'15.12""",Uttara Ashadha,Sun,4,Mercury,Capricorn,Ma Kết,"6°40'13.74""",Uttara Ashadha,Sun,4,0th House,0,0,359.7163,0.2837,Combust
2026-01-21 12:30:00,Parashara_Drishti,Mercury,Capricorn,Ma Kết,"6°40'13.74""",Uttara Ashadha,Sun,4,Sun,Capricorn,Ma Kết,"6°57'15.12""",Uttara Ashadha,Sun,4,0th House,0,0,0.2837,0.2837,Standard
2026-01-21 12:45:00,Parashara_Drishti,Sun,Capricorn,Ma Kết,"6°57'53.29""",Uttara Ashadha,Sun,4,Mercury,Capricorn,Ma Kết,"6°41'16.59""",Uttara Ashadha,Sun,4,0th House,0,0,359.7231,0.2769,Combust
2026-01-21 12:45:00,Parashara_Drishti,Mercury,Capricorn,Ma Kết,"6°41'16.59""",Uttara Ashadha,Sun,4,Sun,Capricorn,Ma Kết,"6°57'53.29""",Uttara Ashadha,Sun,4,0th House,0,0,0.2769,0.2769,Standard
2026-01-21 13:00:00,Parashara_Drishti,Sun,Capricorn,Ma Kết,"6°58'31.46""",Uttara Ashadha,Sun,4,Mercury,Capricorn,Ma Kết,"6°42'19.44""",Uttara Ashadha,Sun,4,0th House,0,0,359.73,0.27,Combust
2026-01-21 13:00:00,Parashara_Drishti,Mercury,Capricorn,Ma Kết,"6°42'19.44""",Uttara Ashadha,Sun,4,Sun,Capricorn,Ma Kết,"6°58'31.46""",Uttara Ashadha,Sun,4,0th House,0,0,0.27,0.27,Standard
2026-01-21 13:15:00,Parashara_Drishti,Sun,Capricorn,Ma Kết,"6°59'09.64""",Uttara Ashadha,Sun,4,Mercury,Capricorn,Ma Kết,"6°43'22.30""",Uttara Ashadha,Sun,4,0th House,0,0,359.7369,0.2631,Combust
2026-01-21 13:15:00,Parashara_Drishti,Mercury,Capricorn,Ma Kết,"6°43'22.30""",Uttara Ashadha,Sun,4,Sun,Capricorn,Ma Kết,"6°59'09.64""",Uttara Ashadha,Sun,4,0th House,0,0,0.2631,0.2631,Standard
2026-01-21 13:30:00,Parashara_Drishti,Sun,Capricorn,Ma Kết,"6°59'47.81""",Uttara Ashadha,Sun,4,Mercury,Capricorn,Ma Kết,"6°44'25.16""",Uttara Ashadha,Sun,4,0th House,0,0,359.7437,0.2563,Combust
2026-01-21 13:30:00,Parashara_Drishti,Mercury,Capricorn,Ma Kết,"6°44'25.16""",Uttara Ashadha,Sun,4,Sun,Capricorn,Ma Kết,"6°59'47.81""",Uttara Ashadha,Sun,4,0th House,0,0,0.2563,0.2563,Standard
2026-01-21 13:45:00,Parashara_Drishti,Sun,Capricorn,Ma Kết,"7°00'25.98""",Uttara Ashadha,Sun,4,Mercury,Capricorn,Ma Kết,"6°45'28.02""",Uttara Ashadha,Sun,4,0th House,0,0,359.7506,0.2494,Combust
2026-01-21 13:45:00,Parashara_Drishti,Mercury,Capricorn,Ma Kết,"6°45'28.02""",Uttara Ashadha,Sun,4,Sun,Capricorn,Ma Kết,"7°00'25.98""",Uttara Ashadha,Sun,4,0th House,0,0,0.2494,0.2494,Standard
2026-01-21 14:00:00,Parashara_Drishti,Sun,Capricorn,Ma Kết,"7°01'04.15""",Uttara Ashadha,Sun,4,Mercury,Capricorn,Ma Kết,"6°46'30.89""",Uttara Ashadha,Sun,4,0th House,0,0,359.7574,0.2426,Combust
2026-01-21 14:00:00,Parashara_Drishti,Mercury,Capricorn,Ma Kết,"6°46'30.89""",Uttara Ashadha,Sun,4,Sun,Capricorn,Ma Kết,"7°01'04.15""",Uttara Ashadha,Sun,4,0th House,0,0,0.2426,0.2426,Standard
2026-01-21 14:15:00,Parashara_Drishti,Sun,Capricorn,Ma Kết,"7°01'42.32""",Uttara Ashadha,Sun,4,Mercury,Capricorn,Ma Kết,"6°47'33.76""",Uttara Ashadha,Sun,4,0th House,0,0,359.7643,0.2357,Combust
2026-01-21 14:15:00,Parashara_Drishti,Mercury,Capricorn,Ma Kết,"6°47'33.76""",Uttara Ashadha,Sun,4,Sun,Capricorn,Ma Kết,"7°01'42.32""",Uttara Ashadha,Sun,4,0th House,0,0,0.2357,0.2357,Standard
2026-01-21 14:30:00,Parashara_Drishti,Sun,Capricorn,Ma Kết,"7°02'20.49""",Uttara Ashadha,Sun,4,Mercury,Capricorn,Ma Kết,"6°48'36.64""",Uttara Ashadha,Sun,4,0th House,0,0,359.7712,0.2288,Combust
2026-01-21 14:30:00,Parashara_Drishti,Mercury,Capricorn,Ma Kết,"6°48'36.64""",Uttara Ashadha,Sun,4,Sun,Capricorn,Ma Kết,"7°02'20.49""",Uttara Ashadha,Sun,4,0th House,0,0,0.2288,0.2288,Standard
2026-01-21 14:45:00,Parashara_Drishti,Sun,Capricorn,Ma Kết,"7°02'58.66""",Uttara Ashadha,Sun,4,Mercury,Capricorn,Ma Kết,"6°49'39.52""",Uttara Ashadha,Sun,4,0th House,0,0,359.778,0.222,Combust
2026-01-21 14:45:00,Parashara_Drishti,Mercury,Capricorn,Ma Kết,"6°49'39.52""",Uttara Ashadha,Sun,4,Sun,Capricorn,Ma Kết,"7°02'58.66""",Uttara Ashadha,Sun,4,0th House,0,0,0.222,0.222,Standard
2026-01-21 15:00:00,Parashara_Drishti,Sun,Capricorn,Ma Kết,"7°03'36.83""",Uttara Ashadha,Sun,4,Mercury,Capricorn,Ma Kết,"6°50'42.40""",Uttara Ashadha,Sun,4,0th House,0,0,359.7849,0.2151,Combust
2026-01-21 15:00:00,Parashara_Drishti,Mercury,Capricorn,Ma Kết,"6°50'42.40""",Uttara Ashadha,Sun,4,Sun,Capricorn,Ma Kết,"7°03'36.83""",Uttara Ashadha,Sun,4,0th House,0,0,0.2151,0.2151,Standard
2026-01-21 15:15:00,Parashara_Drishti,Sun,Capricorn,Ma Kết,"7°04'15.00""",Uttara Ashadha,Sun,4,Mercury,Capricorn,Ma Kết,"6°51'45.29""",Uttara Ashadha,Sun,4,0th House,0,0,359.7917,0.2083,Combust
2026-01-21 15:15:00,Parashara_Drishti,Mercury,Capricorn,Ma Kết,"6°51'45.29""",Uttara Ashadha,Sun,4,Sun,Capricorn,Ma Kết,"7°04'15.00""",Uttara Ashadha,Sun,4,0th House,0,0,0.2083,0.2083,Standard
2026-01-21 15:30:00,Parashara_Drishti,Sun,Capricorn,Ma Kết,"7°04'53.17""",Uttara Ashadha,Sun,4,Mercury,Capricorn,Ma Kết,"6°52'48.18""",Uttara Ashadha,Sun,4,0th House,0,0,359.7986,0.2014,Combust
2026-01-21 15:30:00,Parashara_Drishti,Mercury,Capricorn,Ma Kết,"6°52'48.18""",Uttara Ashadha,Sun,4,Sun,Capricorn,Ma Kết,"7°04'53.17""",Uttara Ashadha,Sun,4,0th House,0,0,0.2014,0.2014,Standard
2026-01-21 15:45:00,Parashara_Drishti,Sun,Capricorn,Ma Kết,"7°05'31.34""",Uttara Ashadha,Sun,4,Mercury,Capricorn,Ma Kết,"6°53'51.07""",Uttara Ashadha,Sun,4,0th House,0,0,359.8055,0.1945,Combust
2026-01-21 15:45:00,Parashara_Drishti,Mercury,Capricorn,Ma Kết,"6°53'51.07""",Uttara Ashadha,Sun,4,Sun,Capricorn,Ma Kết,"7°05'31.34""",Uttara Ashadha,Sun,4,0th House,0,0,0.1945,0.1945,Standard
2026-01-21 16:00:00,Parashara_Drishti,Sun,Capricorn,Ma Kết,"7°06'09.51""",Uttara Ashadha,Sun,4,Mercury,Capricorn,Ma Kết,"6°54'53.97""",Uttara Ashadha,Sun,4,0th House,0,0,359.8123,0.1877,Combust
2026-01-21 16:00:00,Parashara_Drishti,Mercury,Capricorn,Ma Kết,"6°54'53.97""",Uttara Ashadha,Sun,4,Sun,Capricorn,Ma Kết,"7°06'09.51""",Uttara Ashadha,Sun,4,0th House,0,0,0.1877,0.1877,Standard
2026-01-21 16:15:00,Parashara_Drishti,Sun,Capricorn,Ma Kết,"7°06'47.68""",Uttara Ashadha,Sun,4,Mercury,Capricorn,Ma Kết,"6°55'56.87""",Uttara Ashadha,Sun,4,0th House,0,0,359.8192,0.1808,Combust
2026-01-21 16:15:00,Parashara_Drishti,Mercury,Capricorn,Ma Kết,"6°55'56.87""",Uttara Ashadha,Sun,4,Sun,Capricorn,Ma Kết,"7°06'47.68""",Uttara Ashadha,Sun,4,0th House,0,0,0.1808,0.1808,Standard
2026-01-21 16:30:00,Parashara_Drishti,Sun,Capricorn,Ma Kết,"7°07'25.85""",Uttara Ashadha,Sun,4,Mercury,Capricorn,Ma Kết,"6°56'59.77""",Uttara Ashadha,Sun,4,0th House,0,0,359.8261,0.1739,Combust
2026-01-21 16:30:00,Parashara_Drishti,Mercury,Capricorn,Ma Kết,"6°56'59.77""",Uttara Ashadha,Sun,4,Sun,Capricorn,Ma Kết,"7°07'25.85""",Uttara Ashadha,Sun,4,0th House,0,0,0.1739,0.1739,Standard
2026-01-21 16:45:00,Parashara_Drishti,Sun,Capricorn,Ma Kết,"7°08'04.02""",Uttara Ashadha,Sun,4,Mercury,Capricorn,Ma Kết,"6°58'02.68""",Uttara Ashadha,Sun,4,0th House,0,0,359.833,0.167,Combust
2026-01-21 16:45:00,Parashara_Drishti,Mercury,Capricorn,Ma Kết,"6°58'02.68""",Uttara Ashadha,Sun,4,Sun,Capricorn,Ma Kết,"7°08'04.02""",Uttara Ashadha,Sun,4,0th House,0,0,0.167,0.167,Standard
2026-01-21 17:00:00,Parashara_Drishti,Sun,Capricorn,Ma Kết,"7°08'42.19""",Uttara Ashadha,Sun,4,Mercury,Capricorn,Ma Kết,"6°59'05.59""",Uttara Ashadha,Sun,4,0th House,0,0,359.8398,0.1602,Combust
2026-01-21 17:00:00,Parashara_Drishti,Mercury,Capricorn,Ma Kết,"6°59'05.59""",Uttara Ashadha,Sun,4,Sun,Capricorn,Ma Kết,"7°08'42.19""",Uttara Ashadha,Sun,4,0th House,0,0,0.1602,0.1602,Standard
2026-01-21 17:15:00,Parashara_Drishti,Sun,Capricorn,Ma Kết,"7°09'20.36""",Uttara Ashadha,Sun,4,Mercury,Capricorn,Ma Kết,"7°00'08.51""",Uttara Ashadha,Sun,4,0th House,0,0,359.8467,0.1533,Combust
2026-01-21 17:15:00,Parashara_Drishti,Mercury,Capricorn,Ma Kết,"7°00'08.51""",Uttara Ashadha,Sun,4,Sun,Capricorn,Ma Kết,"7°09'20.36""",Uttara Ashadha,Sun,4,0th House,0,0,0.1533,0.1533,Standard
2026-01-21 17:30:00,Parashara_Drishti,Sun,Capricorn,Ma Kết,"7°09'58.53""",Uttara Ashadha,Sun,4,Mercury,Capricorn,Ma Kết,"7°01'11.43""",Uttara Ashadha,Sun,4,0th House,0,0,359.8536,0.1464,Combust
2026-01-21 17:30:00,Parashara_Drishti,Mercury,Capricorn,Ma Kết,"7°01'11.43""",Uttara Ashadha,Sun,4,Sun,Capricorn,Ma Kết,"7°09'58.53""",Uttara Ashadha,Sun,4,0th House,0,0,0.1464,0.1464,Standard
2026-01-21 17:45:00,Parashara_Drishti,Sun,Capricorn,Ma Kết,"7°10'36.70""",Uttara Ashadha,Sun,4,Mercury,Capricorn,Ma Kết,"7°02'14.35""",Uttara Ashadha,Sun,4,0th House,0,0,359.8605,0.1395,Combust
2026-01-21 17:45:00,Parashara_Drishti,Mercury,Capricorn,Ma Kết,"7°02'14.35""",Uttara Ashadha,Sun,4,Sun,Capricorn,Ma Kết,"7°10'36.70""",Uttara Ashadha,Sun,4,0th House,0,0,0.1395,0.1395,Standard
2026-01-21 18:00:00,Parashara_Drishti,Sun,Capricorn,Ma Kết,"7°11'14.87""",Uttara Ashadha,Sun,4,Mercury,Capricorn,Ma Kết,"7°03'17.28""",Uttara Ashadha,Sun,4,0th House,0,0,359.8673,0.1327,Combust
2026-01-21 18:00:00,Parashara_Drishti,Mercury,Capricorn,Ma Kết,"7°03'17.28""",Uttara Ashadha,Sun,4,Sun,Capricorn,Ma Kết,"7°11'14.87""",Uttara Ashadha,Sun,4,0th House,0,0,0.1327,0.1327,Standard
2026-01-21 18:15:00,Parashara_Drishti,Sun,Capricorn,Ma Kết,"7°11'53.03""",Uttara Ashadha,Sun,4,Mercury,Capricorn,Ma Kết,"7°04'20.21""",Uttara Ashadha,Sun,4,0th House,0,0,359.8742,0.1258,Combust
2026-01-21 18:15:00,Parashara_Drishti,Mercury,Capricorn,Ma Kết,"7°04'20.21""",Uttara Ashadha,Sun,4,Sun,Capricorn,Ma Kết,"7°11'53.03""",Uttara Ashadha,Sun,4,0th House,0,0,0.1258,0.1258,Standard
2026-01-21 18:30:00,Parashara_Drishti,Sun,Capricorn,Ma Kết,"7°12'31.20""",Uttara Ashadha,Sun,4,Mercury,Capricorn,Ma Kết,"7°05'23.15""",Uttara Ashadha,Sun,4,0th House,0,0,359.8811,0.1189,Combust
2026-01-21 18:30:00,Parashara_Drishti,Mercury,Capricorn,Ma Kết,"7°05'23.15""",Uttara Ashadha,Sun,4,Sun,Capricorn,Ma Kết,"7°12'31.20""",Uttara Ashadha,Sun,4,0th House,0,0,0.1189,0.1189,Standard
2026-01-21 18:45:00,Parashara_Drishti,Sun,Capricorn,Ma Kết,"7°13'09.37""",Uttara Ashadha,Sun,4,Mercury,Capricorn,Ma Kết,"7°06'26.08""",Uttara Ashadha,Sun,4,0th House,0,0,359.888,0.112,Combust
2026-01-21 18:45:00,Parashara_Drishti,Mercury,Capricorn,Ma Kết,"7°06'26.08""",Uttara Ashadha,Sun,4,Sun,Capricorn,Ma Kết,"7°13'09.37""",Uttara Ashadha,Sun,4,0th House,0,0,0.112,0.112,Standard
2026-01-21 19:00:00,Parashara_Drishti,Sun,Capricorn,Ma Kết,"7°13'47.54""",Uttara Ashadha,Sun,4,Mercury,Capricorn,Ma Kết,"7°07'29.03""",Uttara Ashadha,Sun,4,0th House,0,0,359.8949,0.1051,Combust
2026-01-21 19:00:00,Parashara_Drishti,Mercury,Capricorn,Ma Kết,"7°07'29.03""",Uttara Ashadha,Sun,4,Sun,Capricorn,Ma Kết,"7°13'47.54""",Uttara Ashadha,Sun,4,0th House,0,0,0.1051,0.1051,Standard
2026-01-21 19:15:00,Parashara_Drishti,Sun,Capricorn,Ma Kết,"7°14'25.71""",Uttara Ashadha,Sun,4,Mercury,Capricorn,Ma Kết,"7°08'31.97""",Uttara Ashadha,Sun,4,0th House,0,0,359.9017,0.0983,Combust
2026-01-21 19:15:00,Parashara_Drishti,Mercury,Capricorn,Ma Kết,"7°08'31.97""",Uttara Ashadha,Sun,4,Sun,Capricorn,Ma Kết,"7°14'25.71""",Uttara Ashadha,Sun,4,0th House,0,0,0.0983,0.0983,Standard
2026-01-21 19:30:00,Parashara_Drishti,Sun,Capricorn,Ma Kết,"7°15'03.88""",Uttara Ashadha,Sun,4,Mercury,Capricorn,Ma Kết,"7°09'34.92""",Uttara Ashadha,Sun,4,0th House,0,0,359.9086,0.0914,Combust
2026-01-21 19:30:00,Parashara_Drishti,Mercury,Capricorn,Ma Kết,"7°09'34.92""",Uttara Ashadha,Sun,4,Sun,Capricorn,Ma Kết,"7°15'03.88""",Uttara Ashadha,Sun,4,0th House,0,0,0.0914,0.0914,Standard
2026-01-21 19:45:00,Parashara_Drishti,Sun,Capricorn,Ma Kết,"7°15'42.05""",Uttara Ashadha,Sun,4,Mercury,Capricorn,Ma Kết,"7°10'37.87""",Uttara Ashadha,Sun,4,0th House,0,0,359.9155,0.0845,Combust
2026-01-21 19:45:00,Parashara_Drishti,Mercury,Capricorn,Ma Kết,"7°10'37.87""",Uttara Ashadha,Sun,4,Sun,Capricorn,Ma Kết,"7°15'42.05""",Uttara Ashadha,Sun,4,0th House,0,0,0.0845,0.0845,Standard
2026-01-21 20:00:00,Parashara_Drishti,Sun,Capricorn,Ma Kết,"7°16'20.22""",Uttara Ashadha,Sun,4,Mercury,Capricorn,Ma Kết,"7°11'40.83""",Uttara Ashadha,Sun,4,0th House,0,0,359.9224,0.0776,Combust
2026-01-21 20:00:00,Parashara_Drishti,Mercury,Capricorn,Ma Kết,"7°11'40.83""",Uttara Ashadha,Sun,4,Sun,Capricorn,Ma Kết,"7°16'20.22""",Uttara Ashadha,Sun,4,0th House,0,0,0.0776,0.0776,Standard
2026-01-21 20:15:00,Parashara_Drishti,Sun,Capricorn,Ma Kết,"7°16'58.38""",Uttara Ashadha,Sun,4,Mercury,Capricorn,Ma Kết,"7°12'43.79""",Uttara Ashadha,Sun,4,0th House,0,0,359.9293,0.0707,Combust
2026-01-21 20:15:00,Parashara_Drishti,Mercury,Capricorn,Ma Kết,"7°12'43.79""",Uttara Ashadha,Sun,4,Sun,Capricorn,Ma Kết,"7°16'58.38""",Uttara Ashadha,Sun,4,0th House,0,0,0.0707,0.0707,Standard
2026-01-21 20:30:00,Parashara_Drishti,Sun,Capricorn,Ma Kết,"7°17'36.55""",Uttara Ashadha,Sun,4,Mercury,Capricorn,Ma Kết,"7°13'46.75""",Uttara Ashadha,Sun,4,0th House,0,0,359.9362,0.0638,Combust
2026-01-21 20:30:00,Parashara_Drishti,Mercury,Capricorn,Ma Kết,"7°13'46.75""",Uttara Ashadha,Sun,4,Sun,Capricorn,Ma Kết,"7°17'36.55""",Uttara Ashadha,Sun,4,0th House,0,0,0.0638,0.0638,Standard
2026-01-21 20:45:00,Parashara_Drishti,Sun,Capricorn,Ma Kết,"7°18'14.72""",Uttara Ashadha,Sun,4,Mercury,Capricorn,Ma Kết,"7°14'49.72""",Uttara Ashadha,Sun,4,0th House,0,0,359.9431,0.0569,Combust
2026-01-21 20:45:00,Parashara_Drishti,Mercury,Capricorn,Ma Kết,"7°14'49.72""",Uttara Ashadha,Sun,4,Sun,Capricorn,Ma Kết,"7°18'14.72""",Uttara Ashadha,Sun,4,0th House,0,0,0.0569,0.0569,Standard
2026-01-21 21:00:00,Parashara_Drishti,Sun,Capricorn,Ma Kết,"7°18'52.89""",Uttara Ashadha,Sun,4,Mercury,Capricorn,Ma Kết,"7°15'52.69""",Uttara Ashadha,Sun,4,0th House,0,0,359.9499,0.0501,Combust
2026-01-21 21:00:00,Parashara_Drishti,Mercury,Capricorn,Ma Kết,"7°15'52.69""",Uttara Ashadha,Sun,4,Sun,Capricorn,Ma Kết,"7°18'52.89""",Uttara Ashadha,Sun,4,0th House,0,0,0.0501,0.0501,Standard
2026-01-21 21:15:00,Parashara_Drishti,Sun,Capricorn,Ma Kết,"7°19'31.06""",Uttara Ashadha,Sun,4,Mercury,Capricorn,Ma Kết,"7°16'55.67""",Uttara Ashadha,Sun,4,0th House,0,0,359.9568,0.0432,Combust
2026-01-21 21:15:00,Parashara_Drishti,Mercury,Capricorn,Ma Kết,"7°16'55.67""",Uttara Ashadha,Sun,4,Sun,Capricorn,Ma Kết,"7°19'31.06""",Uttara Ashadha,Sun,4,0th House,0,0,0.0432,0.0432,Standard
2026-01-21 21:30:00,Parashara_Drishti,Sun,Capricorn,Ma Kết,"7°20'09.23""",Uttara Ashadha,Sun,4,Mercury,Capricorn,Ma Kết,"7°17'58.65""",Uttara Ashadha,Sun,4,0th House,0,0,359.9637,0.0363,Combust
2026-01-21 21:30:00,Parashara_Drishti,Mercury,Capricorn,Ma Kết,"7°17'58.65""",Uttara Ashadha,Sun,4,Sun,Capricorn,Ma Kết,"7°20'09.23""",Uttara Ashadha,Sun,4,0th House,0,0,0.0363,0.0363,Standard
2026-01-21 21:45:00,Parashara_Drishti,Sun,Capricorn,Ma Kết,"7°20'47.39""",Uttara Ashadha,Sun,4,Mercury,Capricorn,Ma Kết,"7°19'01.63""",Uttara Ashadha,Sun,4,0th House,0,0,359.9706,0.0294,Combust
2026-01-21 21:45:00,Parashara_Drishti,Mercury,Capricorn,Ma Kết,"7°19'01.63""",Uttara Ashadha,Sun,4,Sun,Capricorn,Ma Kết,"7°20'47.39""",Uttara Ashadha,Sun,4,0th House,0,0,0.0294,0.0294,Standard
2026-01-21 22:00:00,Parashara_Drishti,Sun,Capricorn,Ma Kết,"7°21'25.56""",Uttara Ashadha,Sun,4,Mercury,Capricorn,Ma Kết,"7°20'04.62""",Uttara Ashadha,Sun,4,0th House,0,0,359.9775,0.0225,Combust
2026-01-21 22:00:00,Parashara_Drishti,Mercury,Capricorn,Ma Kết,"7°20'04.62""",Uttara Ashadha,Sun,4,Sun,Capricorn,Ma Kết,"7°21'25.56""",Uttara Ashadha,Sun,4,0th House,0,0,0.0225,0.0225,Standard
2026-01-21 22:15:00,Parashara_Drishti,Sun,Capricorn,Ma Kết,"7°22'03.73""",Uttara Ashadha,Sun,4,Mercury,Capricorn,Ma Kết,"7°21'07.61""",Uttara Ashadha,Sun,4,0th House,0,0,359.9844,0.0156,Combust
2026-01-21 22:15:00,Parashara_Drishti,Mercury,Capricorn,Ma Kết,"7°21'07.61""",Uttara Ashadha,Sun,4,Sun,Capricorn,Ma Kết,"7°22'03.73""",Uttara Ashadha,Sun,4,0th House,0,0,0.0156,0.0156,Standard
2026-01-21 22:30:00,Parashara_Drishti,Sun,Capricorn,Ma Kết,"7°22'41.90""",Uttara Ashadha,Sun,4,Mercury,Capricorn,Ma Kết,"7°22'10.60""",Uttara Ashadha,Sun,4,0th House,0,0,359.9913,0.0087,Combust
2026-01-21 22:30:00,Parashara_Drishti,Mercury,Capricorn,Ma Kết,"7°22'10.60""",Uttara Ashadha,Sun,4,Sun,Capricorn,Ma Kết,"7°22'41.90""",Uttara Ashadha,Sun,4,0th House,0,0,0.0087,0.0087,Standard
2026-01-21 22:45:00,Parashara_Drishti,Sun,Capricorn,Ma Kết,"7°23'20.06""",Uttara Ashadha,Sun,4,Mercury,Capricorn,Ma Kết,"7°23'13.60""",Uttara Ashadha,Sun,4,0th House,0,0,359.9982,0.0018,Combust
2026-01-21 22:45:00,Parashara_Drishti,Mercury,Capricorn,Ma Kết,"7°23'13.60""",Uttara Ashadha,Sun,4,Sun,Capricorn,Ma Kết,"7°23'20.06""",Uttara Ashadha,Sun,4,0th House,0,0,0.0018,0.0018,Standard
2026-01-21 23:00:00,Parashara_Drishti,Sun,Capricorn,Ma Kết,"7°23'58.23""",Uttara Ashadha,Sun,4,Mercury,Capricorn,Ma Kết,"7°24'16.60""",Uttara Ashadha,Sun,4,0th House,0,0,0.0051,0.0051,Combust
2026-01-21 23:00:00,Parashara_Drishti,Mercury,Capricorn,Ma Kết,"7°24'16.60""",Uttara Ashadha,Sun,4,Sun,Capricorn,Ma Kết,"7°23'58.23""",Uttara Ashadha,Sun,4,0th House,0,0,359.9949,0.0051,Standard
2026-01-21 23:15:00,Parashara_Drishti,Sun,Capricorn,Ma Kết,"7°24'36.40""",Uttara Ashadha,Sun,4,Mercury,Capricorn,Ma Kết,"7°25'19.60""",Uttara Ashadha,Sun,4,0th House,0,0,0.012,0.012,Combust
2026-01-21 23:15:00,Parashara_Drishti,Mercury,Capricorn,Ma Kết,"7°25'19.60""",Uttara Ashadha,Sun,4,Sun,Capricorn,Ma Kết,"7°24'36.40""",Uttara Ashadha,Sun,4,0th House,0,0,359.988,0.012,Standard
2026-01-21 23:30:00,Parashara_Drishti,Sun,Capricorn,Ma Kết,"7°25'14.57""",Uttara Ashadha,Sun,4,Mercury,Capricorn,Ma Kết,"7°26'22.61""",Uttara Ashadha,Sun,4,0th House,0,0,0.0189,0.0189,Combust
2026-01-21 23:30:00,Parashara_Drishti,Mercury,Capricorn,Ma Kết,"7°26'22.61""",Uttara Ashadha,Sun,4,Sun,Capricorn,Ma Kết,"7°25'14.57""",Uttara Ashadha,Sun,4,0th House,0,0,359.9811,0.0189,Standard
2026-01-21 23:45:00,Parashara_Drishti,Sun,Capricorn,Ma Kết,"7°25'52.73""",Uttara Ashadha,Sun,4,Mercury,Capricorn,Ma Kết,"7°27'25.62""",Uttara Ashadha,Sun,4,0th House,0,0,0.0258,0.0258,Combust
2026-01-21 23:45:00,Parashara_Drishti,Mercury,Capricorn,Ma Kết,"7°27'25.62""",Uttara Ashadha,Sun,4,Sun,Capricorn,Ma Kết,"7°25'52.73""",Uttara Ashadha,Sun,4,0th House,0,0,359.9742,0.0258,Standard
2026-01-22 00:00:00,Parashara_Drishti,Sun,Capricorn,Ma Kết,"7°26'30.90""",Uttara Ashadha,Sun,4,Mercury,Capricorn,Ma Kết,"7°28'28.64""",Uttara Ashadha,Sun,4,0th House,0,0,0.0327,0.0327,Combust
2026-01-22 00:00:00,Parashara_Drishti,Mercury,Capricorn,Ma Kết,"7°28'28.64""",Uttara Ashadha,Sun,4,Sun,Capricorn,Ma Kết,"7°26'30.90""",Uttara Ashadha,Sun,4,0th House,0,0,359.9673,0.0327,Standard
2026-01-22 00:15:00,Parashara_Drishti,Sun,Capricorn,Ma Kết,"7°27'09.07""",Uttara Ashadha,Sun,4,Mercury,Capricorn,Ma Kết,"7°29'31.66""",Uttara Ashadha,Sun,4,0th House,0,0,0.0396,0.0396,Combust
2026-01-22 00:15:00,Parashara_Drishti,Mercury,Capricorn,Ma Kết,"7°29'31.66""",Uttara Ashadha,Sun,4,Sun,Capricorn,Ma Kết,"7°27'09.07""",Uttara Ashadha,Sun,4,0th House,0,0,359.9604,0.0396,Standard
2026-01-22 00:30:00,Parashara_Drishti,Sun,Capricorn,Ma Kết,"7°27'47.23""",Uttara Ashadha,Sun,4,Mercury,Capricorn,Ma Kết,"7°30'34.68""",Uttara Ashadha,Sun,4,0th House,0,0,0.0465,0.0465,Combust
2026-01-22 00:30:00,Parashara_Drishti,Mercury,Capricorn,Ma Kết,"7°30'34.68""",Uttara Ashadha,Sun,4,Sun,Capricorn,Ma Kết,"7°27'47.23""",Uttara Ashadha,Sun,4,0th House,0,0,359.9535,0.0465,Standard
2026-01-22 00:45:00,Parashara_Drishti,Sun,Capricorn,Ma Kết,"7°28'25.40""",Uttara Ashadha,Sun,4,Mercury,Capricorn,Ma Kết,"7°31'37.71""",Uttara Ashadha,Sun,4,0th House,0,0,0.0534,0.0534,Combust
2026-01-22 00:45:00,Parashara_Drishti,Mercury,Capricorn,Ma Kết,"7°31'37.71""",Uttara Ashadha,Sun,4,Sun,Capricorn,Ma Kết,"7°28'25.40""",Uttara Ashadha,Sun,4,0th House,0,0,359.9466,0.0534,Standard
2026-01-22 01:00:00,Parashara_Drishti,Sun,Capricorn,Ma Kết,"7°29'03.57""",Uttara Ashadha,Sun,4,Mercury,Capricorn,Ma Kết,"7°32'40.74""",Uttara Ashadha,Sun,4,0th House,0,0,0.0603,0.0603,Combust
2026-01-22 01:00:00,Parashara_Drishti,Mercury,Capricorn,Ma Kết,"7°32'40.74""",Uttara Ashadha,Sun,4,Sun,Capricorn,Ma Kết,"7°29'03.57""",Uttara Ashadha,Sun,4,0th House,0,0,359.9397,0.0603,Standard
2026-01-22 01:15:00,Parashara_Drishti,Sun,Capricorn,Ma Kết,"7°29'41.73""",Uttara Ashadha,Sun,4,Mercury,Capricorn,Ma Kết,"7°33'43.78""",Uttara Ashadha,Sun,4,0th House,0,0,0.0672,0.0672,Combust
2026-01-22 01:15:00,Parashara_Drishti,Mercury,Capricorn,Ma Kết,"7°33'43.78""",Uttara Ashadha,Sun,4,Sun,Capricorn,Ma Kết,"7°29'41.73""",Uttara Ashadha,Sun,4,0th House,0,0,359.9328,0.0672,Standard
2026-01-22 01:30:00,Parashara_Drishti,Sun,Capricorn,Ma Kết,"7°30'19.90""",Uttara Ashadha,Sun,4,Mercury,Capricorn,Ma Kết,"7°34'46.81""",Uttara Ashadha,Sun,4,0th House,0,0,0.0741,0.0741,Combust
2026-01-22 01:30:00,Parashara_Drishti,Mercury,Capricorn,Ma Kết,"7°34'46.81""",Uttara Ashadha,Sun,4,Sun,Capricorn,Ma Kết,"7°30'19.90""",Uttara Ashadha,Sun,4,0th House,0,0,359.9259,0.0741,Standard
2026-01-22 01:45:00,Parashara_Drishti,Sun,Capricorn,Ma Kết,"7°30'58.07""",Uttara Ashadha,Sun,4,Mercury,Capricorn,Ma Kết,"7°35'49.86""",Uttara Ashadha,Sun,4,0th House,0,0,0.0811,0.0811,Combust
2026-01-22 01:45:00,Parashara_Drishti,Mercury,Capricorn,Ma Kết,"7°35'49.86""",Uttara Ashadha,Sun,4,Sun,Capricorn,Ma Kết,"7°30'58.07""",Uttara Ashadha,Sun,4,0th House,0,0,359.9189,0.0811,Standard
2026-01-22 02:00:00,Parashara_Drishti,Sun,Capricorn,Ma Kết,"7°31'36.23""",Uttara Ashadha,Sun,4,Mercury,Capricorn,Ma Kết,"7°36'52.90""",Uttara Ashadha,Sun,4,0th House,0,0,0.088,0.088,Combust
2026-01-22 02:00:00,Parashara_Drishti,Mercury,Capricorn,Ma Kết,"7°36'52.90""",Uttara Ashadha,Sun,4,Sun,Capricorn,Ma Kết,"7°31'36.23""",Uttara Ashadha,Sun,4,0th House,0,0,359.912,0.088,Standard
2026-01-22 02:15:00,Parashara_Drishti,Sun,Capricorn,Ma Kết,"7°32'14.40""",Uttara Ashadha,Sun,4,Mercury,Capricorn,Ma Kết,"7°37'55.95""",Uttara Ashadha,Sun,4,0th House,0,0,0.0949,0.0949,Combust
2026-01-22 02:15:00,Parashara_Drishti,Mercury,Capricorn,Ma Kết,"7°37'55.95""",Uttara Ashadha,Sun,4,Sun,Capricorn,Ma Kết,"7°32'14.40""",Uttara Ashadha,Sun,4,0th House,0,0,359.9051,0.0949,Standard
2026-01-22 02:30:00,Parashara_Drishti,Sun,Capricorn,Ma Kết,"7°32'52.57""",Uttara Ashadha,Sun,4,Mercury,Capricorn,Ma Kết,"7°38'59.00""",Uttara Ashadha,Sun,4,0th House,0,0,0.1018,0.1018,Combust
2026-01-22 02:30:00,Parashara_Drishti,Mercury,Capricorn,Ma Kết,"7°38'59.00""",Uttara Ashadha,Sun,4,Sun,Capricorn,Ma Kết,"7°32'52.57""",Uttara Ashadha,Sun,4,0th House,0,0,359.8982,0.1018,Standard
2026-01-22 02:45:00,Parashara_Drishti,Sun,Capricorn,Ma Kết,"7°33'30.73""",Uttara Ashadha,Sun,4,Mercury,Capricorn,Ma Kết,"7°40'02.06""",Uttara Ashadha,Sun,4,0th House,0,0,0.1087,0.1087,Combust
2026-01-22 02:45:00,Parashara_Drishti,Mercury,Capricorn,Ma Kết,"7°40'02.06""",Uttara Ashadha,Sun,4,Sun,Capricorn,Ma Kết,"7°33'30.73""",Uttara Ashadha,Sun,4,0th House,0,0,359.8913,0.1087,Standard
2026-01-22 03:00:00,Parashara_Drishti,Sun,Capricorn,Ma Kết,"7°34'08.90""",Uttara Ashadha,Sun,4,Mercury,Capricorn,Ma Kết,"7°41'05.12""",Uttara Ashadha,Sun,4,0th House,0,0,0.1156,0.1156,Combust
2026-01-22 03:00:00,Parashara_Drishti,Mercury,Capricorn,Ma Kết,"7°41'05.12""",Uttara Ashadha,Sun,4,Sun,Capricorn,Ma Kết,"7°34'08.90""",Uttara Ashadha,Sun,4,0th House,0,0,359.8844,0.1156,Standard
2026-01-22 03:15:00,Parashara_Drishti,Sun,Capricorn,Ma Kết,"7°34'47.06""",Uttara Ashadha,Sun,4,Mercury,Capricorn,Ma Kết,"7°42'08.19""",Uttara Ashadha,Sun,4,0th House,0,0,0.1225,0.1225,Combust
2026-01-22 03:15:00,Parashara_Drishti,Mercury,Capricorn,Ma Kết,"7°42'08.19""",Uttara Ashadha,Sun,4,Sun,Capricorn,Ma Kết,"7°34'47.06""",Uttara Ashadha,Sun,4,0th House,0,0,359.8775,0.1225,Standard
2026-01-22 03:30:00,Parashara_Drishti,Sun,Capricorn,Ma Kết,"7°35'25.23""",Uttara Ashadha,Sun,4,Mercury,Capricorn,Ma Kết,"7°43'11.25""",Uttara Ashadha,Sun,4,0th House,0,0,0.1295,0.1295,Combust
2026-01-22 03:30:00,Parashara_Drishti,Mercury,Capricorn,Ma Kết,"7°43'11.25""",Uttara Ashadha,Sun,4,Sun,Capricorn,Ma Kết,"7°35'25.23""",Uttara Ashadha,Sun,4,0th House,0,0,359.8705,0.1295,Standard
2026-01-22 03:45:00,Parashara_Drishti,Sun,Capricorn,Ma Kết,"7°36'03.40""",Uttara Ashadha,Sun,4,Mercury,Capricorn,Ma Kết,"7°44'14.33""",Uttara Ashadha,Sun,4,0th House,0,0,0.1364,0.1364,Combust
2026-01-22 03:45:00,Parashara_Drishti,Mercury,Capricorn,Ma Kết,"7°44'14.33""",Uttara Ashadha,Sun,4,Sun,Capricorn,Ma Kết,"7°36'03.40""",Uttara Ashadha,Sun,4,0th House,0,0,359.8636,0.1364,Standard
2026-01-22 04:00:00,Parashara_Drishti,Sun,Capricorn,Ma Kết,"7°36'41.56""",Uttara Ashadha,Sun,4,Mercury,Capricorn,Ma Kết,"7°45'17.40""",Uttara Ashadha,Sun,4,0th House,0,0,0.1433,0.1433,Combust
2026-01-22 04:00:00,Parashara_Drishti,Mercury,Capricorn,Ma Kết,"7°45'17.40""",Uttara Ashadha,Sun,4,Sun,Capricorn,Ma Kết,"7°36'41.56""",Uttara Ashadha,Sun,4,0th House,0,0,359.8567,0.1433,Standard
2026-01-22 04:15:00,Parashara_Drishti,Sun,Capricorn,Ma Kết,"7°37'19.73""",Uttara Ashadha,Sun,4,Mercury,Capricorn,Ma Kết,"7°46'20.48""",Uttara Ashadha,Sun,4,0th House,0,0,0.1502,0.1502,Combust
2026-01-22 04:15:00,Parashara_Drishti,Mercury,Capricorn,Ma Kết,"7°46'20.48""",Uttara Ashadha,Sun,4,Sun,Capricorn,Ma Kết,"7°37'19.73""",Uttara Ashadha,Sun,4,0th House,0,0,359.8498,0.1502,Standard
2026-01-22 04:30:00,Parashara_Drishti,Sun,Capricorn,Ma Kết,"7°37'57.89""",Uttara Ashadha,Sun,4,Mercury,Capricorn,Ma Kết,"7°47'23.56""",Uttara Ashadha,Sun,4,0th House,0,0,0.1571,0.1571,Combust
2026-01-22 04:30:00,Parashara_Drishti,Mercury,Capricorn,Ma Kết,"7°47'23.56""",Uttara Ashadha,Sun,4,Sun,Capricorn,Ma Kết,"7°37'57.89""",Uttara Ashadha,Sun,4,0th House,0,0,359.8429,0.1571,Standard
2026-01-22 04:45:00,Parashara_Drishti,Sun,Capricorn,Ma Kết,"7°38'36.06""",Uttara Ashadha,Sun,4,Mercury,Capricorn,Ma Kết,"7°48'26.65""",Uttara Ashadha,Sun,4,0th House,0,0,0.1641,0.1641,Combust
2026-01-22 04:45:00,Parashara_Drishti,Mercury,Capricorn,Ma Kết,"7°48'26.65""",Uttara Ashadha,Sun,4,Sun,Capricorn,Ma Kết,"7°38'36.06""",Uttara Ashadha,Sun,4,0th House,0,0,359.8359,0.1641,Standard
2026-01-22 05:00:00,Parashara_Drishti,Sun,Capricorn,Ma Kết,"7°39'14.22""",Uttara Ashadha,Sun,4,Mercury,Capricorn,Ma Kết,"7°49'29.74""",Uttara Ashadha,Sun,4,0th House,0,0,0.171,0.171,Combust
2026-01-22 05:00:00,Parashara_Drishti,Mercury,Capricorn,Ma Kết,"7°49'29.74""",Uttara Ashadha,Sun,4,Sun,Capricorn,Ma Kết,"7°39'14.22""",Uttara Ashadha,Sun,4,0th House,0,0,359.829,0.171,Standard
2026-01-22 05:15:00,Parashara_Drishti,Sun,Capricorn,Ma Kết,"7°39'52.39""",Uttara Ashadha,Sun,4,Mercury,Capricorn,Ma Kết,"7°50'32.83""",Uttara Ashadha,Sun,4,0th House,0,0,0.1779,0.1779,Combust
2026-01-22 05:15:00,Parashara_Drishti,Mercury,Capricorn,Ma Kết,"7°50'32.83""",Uttara Ashadha,Sun,4,Sun,Capricorn,Ma Kết,"7°39'52.39""",Uttara Ashadha,Sun,4,0th House,0,0,359.8221,0.1779,Standard
2026-01-22 05:30:00,Parashara_Drishti,Sun,Capricorn,Ma Kết,"7°40'30.55""",Uttara Ashadha,Sun,4,Mercury,Capricorn,Ma Kết,"7°51'35.93""",Uttara Ashadha,Sun,4,0th House,0,0,0.1848,0.1848,Combust
2026-01-22 05:30:00,Parashara_Drishti,Mercury,Capricorn,Ma Kết,"7°51'35.93""",Uttara Ashadha,Sun,4,Sun,Capricorn,Ma Kết,"7°40'30.55""",Uttara Ashadha,Sun,4,0th House,0,0,359.8152,0.1848,Standard
2026-01-22 05:45:00,Parashara_Drishti,Sun,Capricorn,Ma Kết,"7°41'08.72""",Uttara Ashadha,Sun,4,Mercury,Capricorn,Ma Kết,"7°52'39.03""",Uttara Ashadha,Sun,4,0th House,0,0,0.1918,0.1918,Combust
2026-01-22 05:45:00,Parashara_Drishti,Mercury,Capricorn,Ma Kết,"7°52'39.03""",Uttara Ashadha,Sun,4,Sun,Capricorn,Ma Kết,"7°41'08.72""",Uttara Ashadha,Sun,4,0th House,0,0,359.8082,0.1918,Standard
2026-01-22 06:00:00,Parashara_Drishti,Sun,Capricorn,Ma Kết,"7°41'46.88""",Uttara Ashadha,Sun,4,Mercury,Capricorn,Ma Kết,"7°53'42.14""",Uttara Ashadha,Sun,4,0th House,0,0,0.1987,0.1987,Combust
2026-01-22 06:00:00,Parashara_Drishti,Mercury,Capricorn,Ma Kết,"7°53'42.14""",Uttara Ashadha,Sun,4,Sun,Capricorn,Ma Kết,"7°41'46.88""",Uttara Ashadha,Sun,4,0th House,0,0,359.8013,0.1987,Standard
2026-01-22 06:15:00,Parashara_Drishti,Sun,Capricorn,Ma Kết,"7°42'25.05""",Uttara Ashadha,Sun,4,Mercury,Capricorn,Ma Kết,"7°54'45.25""",Uttara Ashadha,Sun,4,0th House,0,0,0.2056,0.2056,Combust
2026-01-22 06:15:00,Parashara_Drishti,Mercury,Capricorn,Ma Kết,"7°54'45.25""",Uttara Ashadha,Sun,4,Sun,Capricorn,Ma Kết,"7°42'25.05""",Uttara Ashadha,Sun,4,0th House,0,0,359.7944,0.2056,Standard
2026-01-22 06:30:00,Parashara_Drishti,Sun,Capricorn,Ma Kết,"7°43'03.21""",Uttara Ashadha,Sun,4,Mercury,Capricorn,Ma Kết,"7°55'48.36""",Uttara Ashadha,Sun,4,0th House,0,0,0.2125,0.2125,Combust
2026-01-22 06:30:00,Parashara_Drishti,Mercury,Capricorn,Ma Kết,"7°55'48.36""",Uttara Ashadha,Sun,4,Sun,Capricorn,Ma Kết,"7°43'03.21""",Uttara Ashadha,Sun,4,0th House,0,0,359.7875,0.2125,Standard
2026-01-22 06:45:00,Parashara_Drishti,Sun,Capricorn,Ma Kết,"7°43'41.38""",Uttara Ashadha,Sun,4,Mercury,Capricorn,Ma Kết,"7°56'51.47""",Uttara Ashadha,Sun,4,0th House,0,0,0.2195,0.2195,Combust
2026-01-22 06:45:00,Parashara_Drishti,Mercury,Capricorn,Ma Kết,"7°56'51.47""",Uttara Ashadha,Sun,4,Sun,Capricorn,Ma Kết,"7°43'41.38""",Uttara Ashadha,Sun,4,0th House,0,0,359.7805,0.2195,Standard
2026-01-22 07:00:00,Parashara_Drishti,Sun,Capricorn,Ma Kết,"7°44'19.54""",Uttara Ashadha,Sun,4,Mercury,Capricorn,Ma Kết,"7°57'54.59""",Uttara Ashadha,Sun,4,0th House,0,0,0.2264,0.2264,Combust
2026-01-22 07:00:00,Parashara_Drishti,Mercury,Capricorn,Ma Kết,"7°57'54.59""",Uttara Ashadha,Sun,4,Sun,Capricorn,Ma Kết,"7°44'19.54""",Uttara Ashadha,Sun,4,0th House,0,0,359.7736,0.2264,Standard
2026-01-22 07:15:00,Parashara_Drishti,Sun,Capricorn,Ma Kết,"7°44'57.71""",Uttara Ashadha,Sun,4,Mercury,Capricorn,Ma Kết,"7°58'57.72""",Uttara Ashadha,Sun,4,0th House,0,0,0.2333,0.2333,Combust
2026-01-22 07:15:00,Parashara_Drishti,Mercury,Capricorn,Ma Kết,"7°58'57.72""",Uttara Ashadha,Sun,4,Sun,Capricorn,Ma Kết,"7°44'57.71""",Uttara Ashadha,Sun,4,0th House,0,0,359.7667,0.2333,Standard
2026-01-22 07:30:00,Parashara_Drishti,Sun,Capricorn,Ma Kết,"7°45'35.87""",Uttara Ashadha,Sun,4,Mercury,Capricorn,Ma Kết,"8°00'00.85""",Uttara Ashadha,Sun,4,0th House,0,0,0.2403,0.2403,Combust
2026-01-22 07:30:00,Parashara_Drishti,Mercury,Capricorn,Ma Kết,"8°00'00.85""",Uttara Ashadha,Sun,4,Sun,Capricorn,Ma Kết,"7°45'35.87""",Uttara Ashadha,Sun,4,0th House,0,0,359.7597,0.2403,Standard
2026-01-22 07:45:00,Parashara_Drishti,Sun,Capricorn,Ma Kết,"7°46'14.03""",Uttara Ashadha,Sun,4,Mercury,Capricorn,Ma Kết,"8°01'03.98""",Uttara Ashadha,Sun,4,0th House,0,0,0.2472,0.2472,Combust
2026-01-22 07:45:00,Parashara_Drishti,Mercury,Capricorn,Ma Kết,"8°01'03.98""",Uttara Ashadha,Sun,4,Sun,Capricorn,Ma Kết,"7°46'14.03""",Uttara Ashadha,Sun,4,0th House,0,0,359.7528,0.2472,Standard
2026-01-22 08:00:00,Parashara_Drishti,Sun,Capricorn,Ma Kết,"7°46'52.20""",Uttara Ashadha,Sun,4,Mercury,Capricorn,Ma Kết,"8°02'07.11""",Uttara Ashadha,Sun,4,0th House,0,0,0.2541,0.2541,Combust
2026-01-22 08:00:00,Parashara_Drishti,Mercury,Capricorn,Ma Kết,"8°02'07.11""",Uttara Ashadha,Sun,4,Sun,Capricorn,Ma Kết,"7°46'52.20""",Uttara Ashadha,Sun,4,0th House,0,0,359.7459,0.2541,Standard
2026-01-22 08:15:00,Parashara_Drishti,Sun,Capricorn,Ma Kết,"7°47'30.36""",Uttara Ashadha,Sun,4,Mercury,Capricorn,Ma Kết,"8°03'10.25""",Uttara Ashadha,Sun,4,0th House,0,0,0.2611,0.2611,Combust
2026-01-22 08:15:00,Parashara_Drishti,Mercury,Capricorn,Ma Kết,"8°03'10.25""",Uttara Ashadha,Sun,4,Sun,Capricorn,Ma Kết,"7°47'30.36""",Uttara Ashadha,Sun,4,0th House,0,0,359.7389,0.2611,Standard
2026-01-22 08:30:00,Parashara_Drishti,Sun,Capricorn,Ma Kết,"7°48'08.53""",Uttara Ashadha,Sun,4,Mercury,Capricorn,Ma Kết,"8°04'13.39""",Uttara Ashadha,Sun,4,0th House,0,0,0.268,0.268,Combust
2026-01-22 08:30:00,Parashara_Drishti,Mercury,Capricorn,Ma Kết,"8°04'13.39""",Uttara Ashadha,Sun,4,Sun,Capricorn,Ma Kết,"7°48'08.53""",Uttara Ashadha,Sun,4,0th House,0,0,359.732,0.268,Standard
2026-01-22 08:45:00,Parashara_Drishti,Sun,Capricorn,Ma Kết,"7°48'46.69""",Uttara Ashadha,Sun,4,Mercury,Capricorn,Ma Kết,"8°05'16.54""",Uttara Ashadha,Sun,4,0th House,0,0,0.275,0.275,Combust
2026-01-22 08:45:00,Parashara_Drishti,Mercury,Capricorn,Ma Kết,"8°05'16.54""",Uttara Ashadha,Sun,4,Sun,Capricorn,Ma Kết,"7°48'46.69""",Uttara Ashadha,Sun,4,0th House,0,0,359.725,0.275,Standard
2026-01-22 09:00:00,Parashara_Drishti,Sun,Capricorn,Ma Kết,"7°49'24.85""",Uttara Ashadha,Sun,4,Mercury,Capricorn,Ma Kết,"8°06'19.69""",Uttara Ashadha,Sun,4,0th House,0,0,0.2819,0.2819,Combust
2026-01-22 09:00:00,Parashara_Drishti,Mercury,Capricorn,Ma Kết,"8°06'19.69""",Uttara Ashadha,Sun,4,Sun,Capricorn,Ma Kết,"7°49'24.85""",Uttara Ashadha,Sun,4,0th House,0,0,359.7181,0.2819,Standard
2026-01-22 09:15:00,Parashara_Drishti,Sun,Capricorn,Ma Kết,"7°50'03.02""",Uttara Ashadha,Sun,4,Mercury,Capricorn,Ma Kết,"8°07'22.84""",Uttara Ashadha,Sun,4,0th House,0,0,0.2888,0.2888,Combust
2026-01-22 09:15:00,Parashara_Drishti,Mercury,Capricorn,Ma Kết,"8°07'22.84""",Uttara Ashadha,Sun,4,Sun,Capricorn,Ma Kết,"7°50'03.02""",Uttara Ashadha,Sun,4,0th House,0,0,359.7112,0.2888,Standard
2026-01-22 09:30:00,Parashara_Drishti,Sun,Capricorn,Ma Kết,"7°50'41.18""",Uttara Ashadha,Sun,4,Mercury,Capricorn,Ma Kết,"8°08'26.00""",Uttara Ashadha,Sun,4,0th House,0,0,0.2958,0.2958,Combust
2026-01-22 09:30:00,Parashara_Drishti,Mercury,Capricorn,Ma Kết,"8°08'26.00""",Uttara Ashadha,Sun,4,Sun,Capricorn,Ma Kết,"7°50'41.18""",Uttara Ashadha,Sun,4,0th House,0,0,359.7042,0.2958,Standard
2026-01-22 09:45:00,Parashara_Drishti,Sun,Capricorn,Ma Kết,"7°51'19.35""",Uttara Ashadha,Sun,4,Mercury,Capricorn,Ma Kết,"8°09'29.16""",Uttara Ashadha,Sun,4,0th House,0,0,0.3027,0.3027,Combust
2026-01-22 09:45:00,Parashara_Drishti,Mercury,Capricorn,Ma Kết,"8°09'29.16""",Uttara Ashadha,Sun,4,Sun,Capricorn,Ma Kết,"7°51'19.35""",Uttara Ashadha,Sun,4,0th House,0,0,359.6973,0.3027,Standard
2026-01-22 10:00:00,Parashara_Drishti,Sun,Capricorn,Ma Kết,"7°51'57.51""",Uttara Ashadha,Sun,4,Mercury,Capricorn,Ma Kết,"8°10'32.32""",Uttara Ashadha,Sun,4,0th House,0,0,0.3097,0.3097,Combust
2026-01-22 10:00:00,Parashara_Drishti,Mercury,Capricorn,Ma Kết,"8°10'32.32""",Uttara Ashadha,Sun,4,Sun,Capricorn,Ma Kết,"7°51'57.51""",Uttara Ashadha,Sun,4,0th House,0,0,359.6903,0.3097,Standard
2026-01-22 10:15:00,Parashara_Drishti,Sun,Capricorn,Ma Kết,"7°52'35.67""",Uttara Ashadha,Sun,4,Mercury,Capricorn,Ma Kết,"8°11'35.49""",Uttara Ashadha,Sun,4,0th House,0,0,0.3166,0.3166,Combust
2026-01-22 10:15:00,Parashara_Drishti,Mercury,Capricorn,Ma Kết,"8°11'35.49""",Uttara Ashadha,Sun,4,Sun,Capricorn,Ma Kết,"7°52'35.67""",Uttara Ashadha,Sun,4,0th House,0,0,359.6834,0.3166,Standard
2026-01-22 10:30:00,Parashara_Drishti,Sun,Capricorn,Ma Kết,"7°53'13.84""",Uttara Ashadha,Sun,4,Mercury,Capricorn,Ma Kết,"8°12'38.66""",Uttara Ashadha,Sun,4,0th House,0,0,0.3236,0.3236,Combust
2026-01-22 10:30:00,Parashara_Drishti,Mercury,Capricorn,Ma Kết,"8°12'38.66""",Uttara Ashadha,Sun,4,Sun,Capricorn,Ma Kết,"7°53'13.84""",Uttara Ashadha,Sun,4,0th House,0,0,359.6764,0.3236,Standard
2026-01-22 10:45:00,Parashara_Drishti,Sun,Capricorn,Ma Kết,"7°53'52.00""",Uttara Ashadha,Sun,4,Mercury,Capricorn,Ma Kết,"8°13'41.84""",Uttara Ashadha,Sun,4,0th House,0,0,0.3305,0.3305,Combust
2026-01-22 10:45:00,Parashara_Drishti,Mercury,Capricorn,Ma Kết,"8°13'41.84""",Uttara Ashadha,Sun,4,Sun,Capricorn,Ma Kết,"7°53'52.00""",Uttara Ashadha,Sun,4,0th House,0,0,359.6695,0.3305,Standard
2026-01-22 11:00:00,Parashara_Drishti,Sun,Capricorn,Ma Kết,"7°54'30.16""",Uttara Ashadha,Sun,4,Mercury,Capricorn,Ma Kết,"8°14'45.02""",Uttara Ashadha,Sun,4,0th House,0,0,0.3375,0.3375,Combust
2026-01-22 11:00:00,Parashara_Drishti,Mercury,Capricorn,Ma Kết,"8°14'45.02""",Uttara Ashadha,Sun,4,Sun,Capricorn,Ma Kết,"7°54'30.16""",Uttara Ashadha,Sun,4,0th House,0,0,359.6625,0.3375,Standard
2026-01-22 11:15:00,Parashara_Drishti,Sun,Capricorn,Ma Kết,"7°55'08.32""",Uttara Ashadha,Sun,4,Mercury,Capricorn,Ma Kết,"8°15'48.20""",Uttara Ashadha,Sun,4,0th House,0,0,0.3444,0.3444,Combust
2026-01-22 11:15:00,Parashara_Drishti,Mercury,Capricorn,Ma Kết,"8°15'48.20""",Uttara Ashadha,Sun,4,Sun,Capricorn,Ma Kết,"7°55'08.32""",Uttara Ashadha,Sun,4,0th House,0,0,359.6556,0.3444,Standard
2026-01-22 11:30:00,Parashara_Drishti,Sun,Capricorn,Ma Kết,"7°55'46.49""",Uttara Ashadha,Sun,4,Mercury,Capricorn,Ma Kết,"8°16'51.39""",Uttara Ashadha,Sun,4,0th House,0,0,0.3514,0.3514,Combust
2026-01-22 11:30:00,Parashara_Drishti,Mercury,Capricorn,Ma Kết,"8°16'51.39""",Uttara Ashadha,Sun,4,Sun,Capricorn,Ma Kết,"7°55'46.49""",Uttara Ashadha,Sun,4,0th House,0,0,359.6486,0.3514,Standard
2026-01-22 11:45:00,Parashara_Drishti,Sun,Capricorn,Ma Kết,"7°56'24.65""",Uttara Ashadha,Sun,4,Mercury,Capricorn,Ma Kết,"8°17'54.58""",Uttara Ashadha,Sun,4,0th House,0,0,0.3583,0.3583,Combust
2026-01-22 11:45:00,Parashara_Drishti,Mercury,Capricorn,Ma Kết,"8°17'54.58""",Uttara Ashadha,Sun,4,Sun,Capricorn,Ma Kết,"7°56'24.65""",Uttara Ashadha,Sun,4,0th House,0,0,359.6417,0.3583,Standard
2026-01-22 12:00:00,Parashara_Drishti,Sun,Capricorn,Ma Kết,"7°57'02.81""",Uttara Ashadha,Sun,4,Mercury,Capricorn,Ma Kết,"8°18'57.77""",Uttara Ashadha,Sun,4,0th House,0,0,0.3653,0.3653,Combust
2026-01-22 12:00:00,Parashara_Drishti,Mercury,Capricorn,Ma Kết,"8°18'57.77""",Uttara Ashadha,Sun,4,Sun,Capricorn,Ma Kết,"7°57'02.81""",Uttara Ashadha,Sun,4,0th House,0,0,359.6347,0.3653,Standard
2026-01-22 12:15:00,Parashara_Drishti,Sun,Capricorn,Ma Kết,"7°57'40.97""",Uttara Ashadha,Sun,4,Mercury,Capricorn,Ma Kết,"8°20'00.97""",Uttara Ashadha,Sun,4,0th House,0,0,0.3722,0.3722,Combust
2026-01-22 12:15:00,Parashara_Drishti,Mercury,Capricorn,Ma Kết,"8°20'00.97""",Uttara Ashadha,Sun,4,Sun,Capricorn,Ma Kết,"7°57'40.97""",Uttara Ashadha,Sun,4,0th House,0,0,359.6278,0.3722,Standard
2026-01-22 12:30:00,Parashara_Drishti,Sun,Capricorn,Ma Kết,"7°58'19.14""",Uttara Ashadha,Sun,4,Mercury,Capricorn,Ma Kết,"8°21'04.17""",Uttara Ashadha,Sun,4,0th House,0,0,0.3792,0.3792,Combust
2026-01-22 12:30:00,Parashara_Drishti,Mercury,Capricorn,Ma Kết,"8°21'04.17""",Uttara Ashadha,Sun,4,Sun,Capricorn,Ma Kết,"7°58'19.14""",Uttara Ashadha,Sun,4,0th House,0,0,359.6208,0.3792,Standard
2026-01-22 12:45:00,Parashara_Drishti,Sun,Capricorn,Ma Kết,"7°58'57.30""",Uttara Ashadha,Sun,4,Mercury,Capricorn,Ma Kết,"8°22'07.38""",Uttara Ashadha,Sun,4,0th House,0,0,0.3861,0.3861,Combust
2026-01-22 12:45:00,Parashara_Drishti,Mercury,Capricorn,Ma Kết,"8°22'07.38""",Uttara Ashadha,Sun,4,Sun,Capricorn,Ma Kết,"7°58'57.30""",Uttara Ashadha,Sun,4,0th House,0,0,359.6139,0.3861,Standard
2026-01-22 13:00:00,Parashara_Drishti,Sun,Capricorn,Ma Kết,"7°59'35.46""",Uttara Ashadha,Sun,4,Mercury,Capricorn,Ma Kết,"8°23'10.59""",Uttara Ashadha,Sun,4,0th House,0,0,0.3931,0.3931,Combust
2026-01-22 13:00:00,Parashara_Drishti,Mercury,Capricorn,Ma Kết,"8°23'10.59""",Uttara Ashadha,Sun,4,Sun,Capricorn,Ma Kết,"7°59'35.46""",Uttara Ashadha,Sun,4,0th House,0,0,359.6069,0.3931,Standard
2026-01-22 13:15:00,Parashara_Drishti,Sun,Capricorn,Ma Kết,"8°00'13.62""",Uttara Ashadha,Sun,4,Mercury,Capricorn,Ma Kết,"8°24'13.80""",Uttara Ashadha,Sun,4,0th House,0,0,0.4,0.4,Combust
2026-01-22 13:15:00,Parashara_Drishti,Mercury,Capricorn,Ma Kết,"8°24'13.80""",Uttara Ashadha,Sun,4,Sun,Capricorn,Ma Kết,"8°00'13.62""",Uttara Ashadha,Sun,4,0th House,0,0,359.6,0.4,Standard
2026-01-22 13:30:00,Parashara_Drishti,Sun,Capricorn,Ma Kết,"8°00'51.79""",Uttara Ashadha,Sun,4,Mercury,Capricorn,Ma Kết,"8°25'17.02""",Uttara Ashadha,Sun,4,0th House,0,0,0.407,0.407,Combust
2026-01-22 13:30:00,Parashara_Drishti,Mercury,Capricorn,Ma Kết,"8°25'17.02""",Uttara Ashadha,Sun,4,Sun,Capricorn,Ma Kết,"8°00'51.79""",Uttara Ashadha,Sun,4,0th House,0,0,359.593,0.407,Standard
2026-01-22 13:45:00,Parashara_Drishti,Sun,Capricorn,Ma Kết,"8°01'29.95""",Uttara Ashadha,Sun,4,Mercury,Capricorn,Ma Kết,"8°26'20.24""",Uttara Ashadha,Sun,4,0th House,0,0,0.414,0.414,Combust
2026-01-22 13:45:00,Parashara_Drishti,Mercury,Capricorn,Ma Kết,"8°26'20.24""",Uttara Ashadha,Sun,4,Sun,Capricorn,Ma Kết,"8°01'29.95""",Uttara Ashadha,Sun,4,0th House,0,0,359.586,0.414,Standard
2026-01-22 14:00:00,Parashara_Drishti,Sun,Capricorn,Ma Kết,"8°02'08.11""",Uttara Ashadha,Sun,4,Mercury,Capricorn,Ma Kết,"8°27'23.46""",Uttara Ashadha,Sun,4,0th House,0,0,0.4209,0.4209,Combust
2026-01-22 14:00:00,Parashara_Drishti,Mercury,Capricorn,Ma Kết,"8°27'23.46""",Uttara Ashadha,Sun,4,Sun,Capricorn,Ma Kết,"8°02'08.11""",Uttara Ashadha,Sun,4,0th House,0,0,359.5791,0.4209,Standard
2026-01-22 14:15:00,Parashara_Drishti,Sun,Capricorn,Ma Kết,"8°02'46.27""",Uttara Ashadha,Sun,4,Mercury,Capricorn,Ma Kết,"8°28'26.69""",Uttara Ashadha,Sun,4,0th House,0,0,0.4279,0.4279,Combust
2026-01-22 14:15:00,Parashara_Drishti,Mercury,Capricorn,Ma Kết,"8°28'26.69""",Uttara Ashadha,Sun,4,Sun,Capricorn,Ma Kết,"8°02'46.27""",Uttara Ashadha,Sun,4,0th House,0,0,359.5721,0.4279,Standard
2026-01-22 14:30:00,Parashara_Drishti,Sun,Capricorn,Ma Kết,"8°03'24.43""",Uttara Ashadha,Sun,4,Mercury,Capricorn,Ma Kết,"8°29'29.92""",Uttara Ashadha,Sun,4,0th House,0,0,0.4349,0.4349,Combust
2026-01-22 14:30:00,Parashara_Drishti,Mercury,Capricorn,Ma Kết,"8°29'29.92""",Uttara Ashadha,Sun,4,Sun,Capricorn,Ma Kết,"8°03'24.43""",Uttara Ashadha,Sun,4,0th House,0,0,359.5651,0.4349,Standard
2026-01-22 14:45:00,Parashara_Drishti,Sun,Capricorn,Ma Kết,"8°04'02.59""",Uttara Ashadha,Sun,4,Mercury,Capricorn,Ma Kết,"8°30'33.16""",Uttara Ashadha,Sun,4,0th House,0,0,0.4418,0.4418,Combust
2026-01-22 14:45:00,Parashara_Drishti,Mercury,Capricorn,Ma Kết,"8°30'33.16""",Uttara Ashadha,Sun,4,Sun,Capricorn,Ma Kết,"8°04'02.59""",Uttara Ashadha,Sun,4,0th House,0,0,359.5582,0.4418,Standard
2026-01-22 15:00:00,Parashara_Drishti,Sun,Capricorn,Ma Kết,"8°04'40.76""",Uttara Ashadha,Sun,4,Mercury,Capricorn,Ma Kết,"8°31'36.39""",Uttara Ashadha,Sun,4,0th House,0,0,0.4488,0.4488,Combust
2026-01-22 15:00:00,Parashara_Drishti,Mercury,Capricorn,Ma Kết,"8°31'36.39""",Uttara Ashadha,Sun,4,Sun,Capricorn,Ma Kết,"8°04'40.76""",Uttara Ashadha,Sun,4,0th House,0,0,359.5512,0.4488,Standard
2026-01-22 15:15:00,Parashara_Drishti,Sun,Capricorn,Ma Kết,"8°05'18.92""",Uttara Ashadha,Sun,4,Mercury,Capricorn,Ma Kết,"8°32'39.64""",Uttara Ashadha,Sun,4,0th House,0,0,0.4558,0.4558,Combust
2026-01-22 15:15:00,Parashara_Drishti,Mercury,Capricorn,Ma Kết,"8°32'39.64""",Uttara Ashadha,Sun,4,Sun,Capricorn,Ma Kết,"8°05'18.92""",Uttara Ashadha,Sun,4,0th House,0,0,359.5442,0.4558,Standard
2026-01-22 15:30:00,Parashara_Drishti,Sun,Capricorn,Ma Kết,"8°05'57.08""",Uttara Ashadha,Sun,4,Mercury,Capricorn,Ma Kết,"8°33'42.88""",Uttara Ashadha,Sun,4,0th House,0,0,0.4627,0.4627,Combust
2026-01-22 15:30:00,Parashara_Drishti,Mercury,Capricorn,Ma Kết,"8°33'42.88""",Uttara Ashadha,Sun,4,Sun,Capricorn,Ma Kết,"8°05'57.08""",Uttara Ashadha,Sun,4,0th House,0,0,359.5373,0.4627,Standard
2026-01-22 15:45:00,Parashara_Drishti,Sun,Capricorn,Ma Kết,"8°06'35.24""",Uttara Ashadha,Sun,4,Mercury,Capricorn,Ma Kết,"8°34'46.13""",Uttara Ashadha,Sun,4,0th House,0,0,0.4697,0.4697,Combust
2026-01-22 15:45:00,Parashara_Drishti,Mercury,Capricorn,Ma Kết,"8°34'46.13""",Uttara Ashadha,Sun,4,Sun,Capricorn,Ma Kết,"8°06'35.24""",Uttara Ashadha,Sun,4,0th House,0,0,359.5303,0.4697,Standard
2026-01-22 16:00:00,Parashara_Drishti,Sun,Capricorn,Ma Kết,"8°07'13.40""",Uttara Ashadha,Sun,4,Mercury,Capricorn,Ma Kết,"8°35'49.39""",Uttara Ashadha,Sun,4,0th House,0,0,0.4767,0.4767,Combust
2026-01-22 16:00:00,Parashara_Drishti,Mercury,Capricorn,Ma Kết,"8°35'49.39""",Uttara Ashadha,Sun,4,Sun,Capricorn,Ma Kết,"8°07'13.40""",Uttara Ashadha,Sun,4,0th House,0,0,359.5233,0.4767,Standard
2026-01-22 16:15:00,Parashara_Drishti,Sun,Capricorn,Ma Kết,"8°07'51.56""",Uttara Ashadha,Sun,4,Mercury,Capricorn,Ma Kết,"8°36'52.64""",Uttara Ashadha,Sun,4,0th House,0,0,0.4836,0.4836,Combust
2026-01-22 16:15:00,Parashara_Drishti,Mercury,Capricorn,Ma Kết,"8°36'52.64""",Uttara Ashadha,Sun,4,Sun,Capricorn,Ma Kết,"8°07'51.56""",Uttara Ashadha,Sun,4,0th House,0,0,359.5164,0.4836,Standard
2026-01-22 16:30:00,Parashara_Drishti,Sun,Capricorn,Ma Kết,"8°08'29.72""",Uttara Ashadha,Sun,4,Mercury,Capricorn,Ma Kết,"8°37'55.91""",Uttara Ashadha,Sun,4,0th House,0,0,0.4906,0.4906,Combust
2026-01-22 16:30:00,Parashara_Drishti,Mercury,Capricorn,Ma Kết,"8°37'55.91""",Uttara Ashadha,Sun,4,Sun,Capricorn,Ma Kết,"8°08'29.72""",Uttara Ashadha,Sun,4,0th House,0,0,359.5094,0.4906,Standard
2026-01-22 16:45:00,Parashara_Drishti,Sun,Capricorn,Ma Kết,"8°09'07.88""",Uttara Ashadha,Sun,4,Mercury,Capricorn,Ma Kết,"8°38'59.17""",Uttara Ashadha,Sun,4,0th House,0,0,0.4976,0.4976,Combust
2026-01-22 16:45:00,Parashara_Drishti,Mercury,Capricorn,Ma Kết,"8°38'59.17""",Uttara Ashadha,Sun,4,Sun,Capricorn,Ma Kết,"8°09'07.88""",Uttara Ashadha,Sun,4,0th House,0,0,359.5024,0.4976,Standard
2026-01-22 17:00:00,Parashara_Drishti,Sun,Capricorn,Ma Kết,"8°09'46.04""",Uttara Ashadha,Sun,4,Mercury,Capricorn,Ma Kết,"8°40'02.44""",Uttara Ashadha,Sun,4,0th House,0,0,0.5046,0.5046,Combust
2026-01-22 17:00:00,Parashara_Drishti,Mercury,Capricorn,Ma Kết,"8°40'02.44""",Uttara Ashadha,Sun,4,Sun,Capricorn,Ma Kết,"8°09'46.04""",Uttara Ashadha,Sun,4,0th House,0,0,359.4954,0.5046,Standard
2026-01-22 17:15:00,Parashara_Drishti,Sun,Capricorn,Ma Kết,"8°10'24.21""",Uttara Ashadha,Sun,4,Mercury,Capricorn,Ma Kết,"8°41'05.71""",Uttara Ashadha,Sun,4,0th House,0,0,0.5115,0.5115,Combust
2026-01-22 17:15:00,Parashara_Drishti,Mercury,Capricorn,Ma Kết,"8°41'05.71""",Uttara Ashadha,Sun,4,Sun,Capricorn,Ma Kết,"8°10'24.21""",Uttara Ashadha,Sun,4,0th House,0,0,359.4885,0.5115,Standard
2026-01-22 17:30:00,Parashara_Drishti,Sun,Capricorn,Ma Kết,"8°11'02.37""",Uttara Ashadha,Sun,4,Mercury,Capricorn,Ma Kết,"8°42'08.99""",Uttara Ashadha,Sun,4,0th House,0,0,0.5185,0.5185,Combust
2026-01-22 17:30:00,Parashara_Drishti,Mercury,Capricorn,Ma Kết,"8°42'08.99""",Uttara Ashadha,Sun,4,Sun,Capricorn,Ma Kết,"8°11'02.37""",Uttara Ashadha,Sun,4,0th House,0,0,359.4815,0.5185,Standard
2026-01-22 17:45:00,Parashara_Drishti,Sun,Capricorn,Ma Kết,"8°11'40.53""",Uttara Ashadha,Sun,4,Mercury,Capricorn,Ma Kết,"8°43'12.27""",Uttara Ashadha,Sun,4,0th House,0,0,0.5255,0.5255,Combust
2026-01-22 17:45:00,Parashara_Drishti,Mercury,Capricorn,Ma Kết,"8°43'12.27""",Uttara Ashadha,Sun,4,Sun,Capricorn,Ma Kết,"8°11'40.53""",Uttara Ashadha,Sun,4,0th House,0,0,359.4745,0.5255,Standard
2026-01-22 18:00:00,Parashara_Drishti,Sun,Capricorn,Ma Kết,"8°12'18.69""",Uttara Ashadha,Sun,4,Mercury,Capricorn,Ma Kết,"8°44'15.55""",Uttara Ashadha,Sun,4,0th House,0,0,0.5325,0.5325,Combust
2026-01-22 18:00:00,Parashara_Drishti,Mercury,Capricorn,Ma Kết,"8°44'15.55""",Uttara Ashadha,Sun,4,Sun,Capricorn,Ma Kết,"8°12'18.69""",Uttara Ashadha,Sun,4,0th House,0,0,359.4675,0.5325,Standard
2026-01-22 18:15:00,Parashara_Drishti,Sun,Capricorn,Ma Kết,"8°12'56.85""",Uttara Ashadha,Sun,4,Mercury,Capricorn,Ma Kết,"8°45'18.84""",Uttara Ashadha,Sun,4,0th House,0,0,0.5394,0.5394,Combust
2026-01-22 18:15:00,Parashara_Drishti,Mercury,Capricorn,Ma Kết,"8°45'18.84""",Uttara Ashadha,Sun,4,Sun,Capricorn,Ma Kết,"8°12'56.85""",Uttara Ashadha,Sun,4,0th House,0,0,359.4606,0.5394,Standard
2026-01-22 18:30:00,Parashara_Drishti,Sun,Capricorn,Ma Kết,"8°13'35.01""",Uttara Ashadha,Sun,4,Mercury,Capricorn,Ma Kết,"8°46'22.13""",Uttara Ashadha,Sun,4,0th House,0,0,0.5464,0.5464,Combust
2026-01-22 18:30:00,Parashara_Drishti,Mercury,Capricorn,Ma Kết,"8°46'22.13""",Uttara Ashadha,Sun,4,Sun,Capricorn,Ma Kết,"8°13'35.01""",Uttara Ashadha,Sun,4,0th House,0,0,359.4536,0.5464,Standard
2026-01-22 18:45:00,Parashara_Drishti,Sun,Capricorn,Ma Kết,"8°14'13.17""",Uttara Ashadha,Sun,4,Mercury,Capricorn,Ma Kết,"8°47'25.42""",Uttara Ashadha,Sun,4,0th House,0,0,0.5534,0.5534,Combust
2026-01-22 18:45:00,Parashara_Drishti,Mercury,Capricorn,Ma Kết,"8°47'25.42""",Uttara Ashadha,Sun,4,Sun,Capricorn,Ma Kết,"8°14'13.17""",Uttara Ashadha,Sun,4,0th House,0,0,359.4466,0.5534,Standard
2026-01-22 19:00:00,Parashara_Drishti,Sun,Capricorn,Ma Kết,"8°14'51.33""",Uttara Ashadha,Sun,4,Mercury,Capricorn,Ma Kết,"8°48'28.72""",Uttara Ashadha,Sun,4,0th House,0,0,0.5604,0.5604,Combust
2026-01-22 19:00:00,Parashara_Drishti,Mercury,Capricorn,Ma Kết,"8°48'28.72""",Uttara Ashadha,Sun,4,Sun,Capricorn,Ma Kết,"8°14'51.33""",Uttara Ashadha,Sun,4,0th House,0,0,359.4396,0.5604,Standard
2026-01-22 19:15:00,Parashara_Drishti,Sun,Capricorn,Ma Kết,"8°15'29.49""",Uttara Ashadha,Sun,4,Mercury,Capricorn,Ma Kết,"8°49'32.03""",Uttara Ashadha,Sun,4,0th House,0,0,0.5674,0.5674,Combust
2026-01-22 19:15:00,Parashara_Drishti,Mercury,Capricorn,Ma Kết,"8°49'32.03""",Uttara Ashadha,Sun,4,Sun,Capricorn,Ma Kết,"8°15'29.49""",Uttara Ashadha,Sun,4,0th House,0,0,359.4326,0.5674,Standard
2026-01-22 19:30:00,Parashara_Drishti,Sun,Capricorn,Ma Kết,"8°16'07.65""",Uttara Ashadha,Sun,4,Mercury,Capricorn,Ma Kết,"8°50'35.33""",Uttara Ashadha,Sun,4,0th House,0,0,0.5744,0.5744,Combust
2026-01-22 19:30:00,Parashara_Drishti,Mercury,Capricorn,Ma Kết,"8°50'35.33""",Uttara Ashadha,Sun,4,Sun,Capricorn,Ma Kết,"8°16'07.65""",Uttara Ashadha,Sun,4,0th House,0,0,359.4256,0.5744,Standard
2026-01-22 19:45:00,Parashara_Drishti,Sun,Capricorn,Ma Kết,"8°16'45.81""",Uttara Ashadha,Sun,4,Mercury,Capricorn,Ma Kết,"8°51'38.64""",Uttara Ashadha,Sun,4,0th House,0,0,0.5813,0.5813,Combust
2026-01-22 19:45:00,Parashara_Drishti,Mercury,Capricorn,Ma Kết,"8°51'38.64""",Uttara Ashadha,Sun,4,Sun,Capricorn,Ma Kết,"8°16'45.81""",Uttara Ashadha,Sun,4,0th House,0,0,359.4187,0.5813,Standard
2026-01-22 20:00:00,Parashara_Drishti,Sun,Capricorn,Ma Kết,"8°17'23.97""",Uttara Ashadha,Sun,4,Mercury,Capricorn,Ma Kết,"8°52'41.95""",Uttara Ashadha,Sun,4,0th House,0,0,0.5883,0.5883,Combust
2026-01-22 20:00:00,Parashara_Drishti,Mercury,Capricorn,Ma Kết,"8°52'41.95""",Uttara Ashadha,Sun,4,Sun,Capricorn,Ma Kết,"8°17'23.97""",Uttara Ashadha,Sun,4,0th House,0,0,359.4117,0.5883,Standard
2026-01-22 20:15:00,Parashara_Drishti,Sun,Capricorn,Ma Kết,"8°18'02.13""",Uttara Ashadha,Sun,4,Mercury,Capricorn,Ma Kết,"8°53'45.27""",Uttara Ashadha,Sun,4,0th House,0,0,0.5953,0.5953,Combust
2026-01-22 20:15:00,Parashara_Drishti,Mercury,Capricorn,Ma Kết,"8°53'45.27""",Uttara Ashadha,Sun,4,Sun,Capricorn,Ma Kết,"8°18'02.13""",Uttara Ashadha,Sun,4,0th House,0,0,359.4047,0.5953,Standard
2026-01-22 20:30:00,Parashara_Drishti,Sun,Capricorn,Ma Kết,"8°18'40.28""",Uttara Ashadha,Sun,4,Mercury,Capricorn,Ma Kết,"8°54'48.59""",Uttara Ashadha,Sun,4,0th House,0,0,0.6023,0.6023,Combust
2026-01-22 20:30:00,Parashara_Drishti,Mercury,Capricorn,Ma Kết,"8°54'48.59""",Uttara Ashadha,Sun,4,Sun,Capricorn,Ma Kết,"8°18'40.28""",Uttara Ashadha,Sun,4,0th House,0,0,359.3977,0.6023,Standard
2026-01-22 20:45:00,Parashara_Drishti,Sun,Capricorn,Ma Kết,"8°19'18.44""",Uttara Ashadha,Sun,4,Mercury,Capricorn,Ma Kết,"8°55'51.92""",Uttara Ashadha,Sun,4,0th House,0,0,0.6093,0.6093,Combust
2026-01-22 20:45:00,Parashara_Drishti,Mercury,Capricorn,Ma Kết,"8°55'51.92""",Uttara Ashadha,Sun,4,Sun,Capricorn,Ma Kết,"8°19'18.44""",Uttara Ashadha,Sun,4,0th House,0,0,359.3907,0.6093,Standard
2026-01-22 21:00:00,Parashara_Drishti,Sun,Capricorn,Ma Kết,"8°19'56.60""",Uttara Ashadha,Sun,4,Mercury,Capricorn,Ma Kết,"8°56'55.24""",Uttara Ashadha,Sun,4,0th House,0,0,0.6163,0.6163,Combust
2026-01-22 21:00:00,Parashara_Drishti,Mercury,Capricorn,Ma Kết,"8°56'55.24""",Uttara Ashadha,Sun,4,Sun,Capricorn,Ma Kết,"8°19'56.60""",Uttara Ashadha,Sun,4,0th House,0,0,359.3837,0.6163,Standard
2026-01-22 21:15:00,Parashara_Drishti,Sun,Capricorn,Ma Kết,"8°20'34.76""",Uttara Ashadha,Sun,4,Mercury,Capricorn,Ma Kết,"8°57'58.58""",Uttara Ashadha,Sun,4,0th House,0,0,0.6233,0.6233,Combust
2026-01-22 21:15:00,Parashara_Drishti,Mercury,Capricorn,Ma Kết,"8°57'58.58""",Uttara Ashadha,Sun,4,Sun,Capricorn,Ma Kết,"8°20'34.76""",Uttara Ashadha,Sun,4,0th House,0,0,359.3767,0.6233,Standard
2026-01-22 21:30:00,Parashara_Drishti,Sun,Capricorn,Ma Kết,"8°21'12.92""",Uttara Ashadha,Sun,4,Mercury,Capricorn,Ma Kết,"8°59'01.91""",Uttara Ashadha,Sun,4,0th House,0,0,0.6303,0.6303,Combust
2026-01-22 21:30:00,Parashara_Drishti,Mercury,Capricorn,Ma Kết,"8°59'01.91""",Uttara Ashadha,Sun,4,Sun,Capricorn,Ma Kết,"8°21'12.92""",Uttara Ashadha,Sun,4,0th House,0,0,359.3697,0.6303,Standard
2026-01-22 21:45:00,Parashara_Drishti,Sun,Capricorn,Ma Kết,"8°21'51.08""",Uttara Ashadha,Sun,4,Mercury,Capricorn,Ma Kết,"9°00'05.25""",Uttara Ashadha,Sun,4,0th House,0,0,0.6373,0.6373,Combust
2026-01-22 21:45:00,Parashara_Drishti,Mercury,Capricorn,Ma Kết,"9°00'05.25""",Uttara Ashadha,Sun,4,Sun,Capricorn,Ma Kết,"8°21'51.08""",Uttara Ashadha,Sun,4,0th House,0,0,359.3627,0.6373,Standard
2026-01-22 22:00:00,Parashara_Drishti,Sun,Capricorn,Ma Kết,"8°22'29.24""",Uttara Ashadha,Sun,4,Mercury,Capricorn,Ma Kết,"9°01'08.60""",Uttara Ashadha,Sun,4,0th House,0,0,0.6443,0.6443,Combust
2026-01-22 22:00:00,Parashara_Drishti,Mercury,Capricorn,Ma Kết,"9°01'08.60""",Uttara Ashadha,Sun,4,Sun,Capricorn,Ma Kết,"8°22'29.24""",Uttara Ashadha,Sun,4,0th House,0,0,359.3557,0.6443,Standard
2026-01-22 22:15:00,Parashara_Drishti,Sun,Capricorn,Ma Kết,"8°23'07.40""",Uttara Ashadha,Sun,4,Mercury,Capricorn,Ma Kết,"9°02'11.94""",Uttara Ashadha,Sun,4,0th House,0,0,0.6513,0.6513,Combust
2026-01-22 22:15:00,Parashara_Drishti,Mercury,Capricorn,Ma Kết,"9°02'11.94""",Uttara Ashadha,Sun,4,Sun,Capricorn,Ma Kết,"8°23'07.40""",Uttara Ashadha,Sun,4,0th House,0,0,359.3487,0.6513,Standard
2026-01-22 22:30:00,Parashara_Drishti,Sun,Capricorn,Ma Kết,"8°23'45.56""",Uttara Ashadha,Sun,4,Mercury,Capricorn,Ma Kết,"9°03'15.29""",Uttara Ashadha,Sun,4,0th House,0,0,0.6583,0.6583,Combust
2026-01-22 22:30:00,Parashara_Drishti,Mercury,Capricorn,Ma Kết,"9°03'15.29""",Uttara Ashadha,Sun,4,Sun,Capricorn,Ma Kết,"8°23'45.56""",Uttara Ashadha,Sun,4,0th House,0,0,359.3417,0.6583,Standard
2026-01-22 22:45:00,Parashara_Drishti,Sun,Capricorn,Ma Kết,"8°24'23.71""",Uttara Ashadha,Sun,4,Mercury,Capricorn,Ma Kết,"9°04'18.65""",Uttara Ashadha,Sun,4,0th House,0,0,0.6653,0.6653,Combust
2026-01-22 22:45:00,Parashara_Drishti,Mercury,Capricorn,Ma Kết,"9°04'18.65""",Uttara Ashadha,Sun,4,Sun,Capricorn,Ma Kết,"8°24'23.71""",Uttara Ashadha,Sun,4,0th House,0,0,359.3347,0.6653,Standard
2026-01-22 23:00:00,Parashara_Drishti,Sun,Capricorn,Ma Kết,"8°25'01.87""",Uttara Ashadha,Sun,4,Mercury,Capricorn,Ma Kết,"9°05'22.01""",Uttara Ashadha,Sun,4,0th House,0,0,0.6723,0.6723,Combust
2026-01-22 23:00:00,Parashara_Drishti,Mercury,Capricorn,Ma Kết,"9°05'22.01""",Uttara Ashadha,Sun,4,Sun,Capricorn,Ma Kết,"8°25'01.87""",Uttara Ashadha,Sun,4,0th House,0,0,359.3277,0.6723,Standard
2026-01-22 23:15:00,Parashara_Drishti,Sun,Capricorn,Ma Kết,"8°25'40.03""",Uttara Ashadha,Sun,4,Mercury,Capricorn,Ma Kết,"9°06'25.37""",Uttara Ashadha,Sun,4,0th House,0,0,0.6793,0.6793,Combust
2026-01-22 23:15:00,Parashara_Drishti,Mercury,Capricorn,Ma Kết,"9°06'25.37""",Uttara Ashadha,Sun,4,Sun,Capricorn,Ma Kết,"8°25'40.03""",Uttara Ashadha,Sun,4,0th House,0,0,359.3207,0.6793,Standard
2026-01-22 23:30:00,Parashara_Drishti,Sun,Capricorn,Ma Kết,"8°26'18.19""",Uttara Ashadha,Sun,4,Mercury,Capricorn,Ma Kết,"9°07'28.73""",Uttara Ashadha,Sun,4,0th House,0,0,0.6863,0.6863,Combust
2026-01-22 23:30:00,Parashara_Drishti,Mercury,Capricorn,Ma Kết,"9°07'28.73""",Uttara Ashadha,Sun,4,Sun,Capricorn,Ma Kết,"8°26'18.19""",Uttara Ashadha,Sun,4,0th House,0,0,359.3137,0.6863,Standard
2026-01-22 23:45:00,Parashara_Drishti,Sun,Capricorn,Ma Kết,"8°26'56.35""",Uttara Ashadha,Sun,4,Mercury,Capricorn,Ma Kết,"9°08'32.10""",Uttara Ashadha,Sun,4,0th House,0,0,0.6933,0.6933,Combust
2026-01-22 23:45:00,Parashara_Drishti,Mercury,Capricorn,Ma Kết,"9°08'32.10""",Uttara Ashadha,Sun,4,Sun,Capricorn,Ma Kết,"8°26'56.35""",Uttara Ashadha,Sun,4,0th House,0,0,359.3067,0.6933,Standard
2026-01-23 00:00:00,Parashara_Drishti,Sun,Capricorn,Ma Kết,"8°27'34.50""",Uttara Ashadha,Sun,4,Mercury,Capricorn,Ma Kết,"9°09'35.47""",Uttara Ashadha,Sun,4,0th House,0,0,0.7003,0.7003,Combust
2026-01-23 00:00:00,Parashara_Drishti,Mercury,Capricorn,Ma Kết,"9°09'35.47""",Uttara Ashadha,Sun,4,Sun,Capricorn,Ma Kết,"8°27'34.50""",Uttara Ashadha,Sun,4,0th House,0,0,359.2997,0.7003,Standard
2026-01-23 00:15:00,Parashara_Drishti,Sun,Capricorn,Ma Kết,"8°28'12.66""",Uttara Ashadha,Sun,4,Mercury,Capricorn,Ma Kết,"9°10'38.85""",Uttara Ashadha,Sun,4,0th House,0,0,0.7073,0.7073,Combust
2026-01-23 00:15:00,Parashara_Drishti,Mercury,Capricorn,Ma Kết,"9°10'38.85""",Uttara Ashadha,Sun,4,Sun,Capricorn,Ma Kết,"8°28'12.66""",Uttara Ashadha,Sun,4,0th House,0,0,359.2927,0.7073,Standard
2026-01-23 00:30:00,Parashara_Drishti,Sun,Capricorn,Ma Kết,"8°28'50.82""",Uttara Ashadha,Sun,4,Mercury,Capricorn,Ma Kết,"9°11'42.23""",Uttara Ashadha,Sun,4,0th House,0,0,0.7143,0.7143,Combust
2026-01-23 00:30:00,Parashara_Drishti,Mercury,Capricorn,Ma Kết,"9°11'42.23""",Uttara Ashadha,Sun,4,Sun,Capricorn,Ma Kết,"8°28'50.82""",Uttara Ashadha,Sun,4,0th House,0,0,359.2857,0.7143,Standard
2026-01-23 00:45:00,Parashara_Drishti,Sun,Capricorn,Ma Kết,"8°29'28.98""",Uttara Ashadha,Sun,4,Mercury,Capricorn,Ma Kết,"9°12'45.62""",Uttara Ashadha,Sun,4,0th House,0,0,0.7213,0.7213,Combust
2026-01-23 00:45:00,Parashara_Drishti,Mercury,Capricorn,Ma Kết,"9°12'45.62""",Uttara Ashadha,Sun,4,Sun,Capricorn,Ma Kết,"8°29'28.98""",Uttara Ashadha,Sun,4,0th House,0,0,359.2787,0.7213,Standard
2026-01-23 01:00:00,Parashara_Drishti,Sun,Capricorn,Ma Kết,"8°30'07.14""",Uttara Ashadha,Sun,4,Mercury,Capricorn,Ma Kết,"9°13'49.00""",Uttara Ashadha,Sun,4,0th House,0,0,0.7283,0.7283,Combust
2026-01-23 01:00:00,Parashara_Drishti,Mercury,Capricorn,Ma Kết,"9°13'49.00""",Uttara Ashadha,Sun,4,Sun,Capricorn,Ma Kết,"8°30'07.14""",Uttara Ashadha,Sun,4,0th House,0,0,359.2717,0.7283,Standard
2026-01-23 01:15:00,Parashara_Drishti,Sun,Capricorn,Ma Kết,"8°30'45.29""",Uttara Ashadha,Sun,4,Mercury,Capricorn,Ma Kết,"9°14'52.40""",Uttara Ashadha,Sun,4,0th House,0,0,0.7353,0.7353,Combust
2026-01-23 01:15:00,Parashara_Drishti,Mercury,Capricorn,Ma Kết,"9°14'52.40""",Uttara Ashadha,Sun,4,Sun,Capricorn,Ma Kết,"8°30'45.29""",Uttara Ashadha,Sun,4,0th House,0,0,359.2647,0.7353,Standard
2026-01-23 01:30:00,Parashara_Drishti,Sun,Capricorn,Ma Kết,"8°31'23.45""",Uttara Ashadha,Sun,4,Mercury,Capricorn,Ma Kết,"9°15'55.79""",Uttara Ashadha,Sun,4,0th House,0,0,0.7423,0.7423,Combust
2026-01-23 01:30:00,Parashara_Drishti,Mercury,Capricorn,Ma Kết,"9°15'55.79""",Uttara Ashadha,Sun,4,Sun,Capricorn,Ma Kết,"8°31'23.45""",Uttara Ashadha,Sun,4,0th House,0,0,359.2577,0.7423,Standard
2026-01-23 01:45:00,Parashara_Drishti,Sun,Capricorn,Ma Kết,"8°32'01.61""",Uttara Ashadha,Sun,4,Mercury,Capricorn,Ma Kết,"9°16'59.19""",Uttara Ashadha,Sun,4,0th House,0,0,0.7493,0.7493,Combust
2026-01-23 01:45:00,Parashara_Drishti,Mercury,Capricorn,Ma Kết,"9°16'59.19""",Uttara Ashadha,Sun,4,Sun,Capricorn,Ma Kết,"8°32'01.61""",Uttara Ashadha,Sun,4,0th House,0,0,359.2507,0.7493,Standard
2026-01-23 02:00:00,Parashara_Drishti,Sun,Capricorn,Ma Kết,"8°32'39.76""",Uttara Ashadha,Sun,4,Mercury,Capricorn,Ma Kết,"9°18'02.59""",Uttara Ashadha,Sun,4,0th House,0,0,0.7563,0.7563,Combust
2026-01-23 02:00:00,Parashara_Drishti,Mercury,Capricorn,Ma Kết,"9°18'02.59""",Uttara Ashadha,Sun,4,Sun,Capricorn,Ma Kết,"8°32'39.76""",Uttara Ashadha,Sun,4,0th House,0,0,359.2437,0.7563,Standard
2026-01-23 02:15:00,Parashara_Drishti,Sun,Capricorn,Ma Kết,"8°33'17.92""",Uttara Ashadha,Sun,4,Mercury,Capricorn,Ma Kết,"9°19'06.00""",Uttara Ashadha,Sun,4,0th House,0,0,0.7634,0.7634,Combust
2026-01-23 02:15:00,Parashara_Drishti,Mercury,Capricorn,Ma Kết,"9°19'06.00""",Uttara Ashadha,Sun,4,Sun,Capricorn,Ma Kết,"8°33'17.92""",Uttara Ashadha,Sun,4,0th House,0,0,359.2366,0.7634,Standard
2026-01-23 02:30:00,Parashara_Drishti,Sun,Capricorn,Ma Kết,"8°33'56.08""",Uttara Ashadha,Sun,4,Mercury,Capricorn,Ma Kết,"9°20'09.41""",Uttara Ashadha,Sun,4,0th House,0,0,0.7704,0.7704,Combust
2026-01-23 02:30:00,Parashara_Drishti,Mercury,Capricorn,Ma Kết,"9°20'09.41""",Uttara Ashadha,Sun,4,Sun,Capricorn,Ma Kết,"8°33'56.08""",Uttara Ashadha,Sun,4,0th House,0,0,359.2296,0.7704,Standard
2026-01-23 02:45:00,Parashara_Drishti,Sun,Capricorn,Ma Kết,"8°34'34.24""",Uttara Ashadha,Sun,4,Mercury,Capricorn,Ma Kết,"9°21'12.82""",Uttara Ashadha,Sun,4,0th House,0,0,0.7774,0.7774,Combust
2026-01-23 02:45:00,Parashara_Drishti,Mercury,Capricorn,Ma Kết,"9°21'12.82""",Uttara Ashadha,Sun,4,Sun,Capricorn,Ma Kết,"8°34'34.24""",Uttara Ashadha,Sun,4,0th House,0,0,359.2226,0.7774,Standard
2026-01-23 03:00:00,Parashara_Drishti,Sun,Capricorn,Ma Kết,"8°35'12.39""",Uttara Ashadha,Sun,4,Mercury,Capricorn,Ma Kết,"9°22'16.24""",Uttara Ashadha,Sun,4,0th House,0,0,0.7844,0.7844,Combust
2026-01-23 03:00:00,Parashara_Drishti,Mercury,Capricorn,Ma Kết,"9°22'16.24""",Uttara Ashadha,Sun,4,Sun,Capricorn,Ma Kết,"8°35'12.39""",Uttara Ashadha,Sun,4,0th House,0,0,359.2156,0.7844,Standard
2026-01-23 03:15:00,Parashara_Drishti,Sun,Capricorn,Ma Kết,"8°35'50.55""",Uttara Ashadha,Sun,4,Mercury,Capricorn,Ma Kết,"9°23'19.66""",Uttara Ashadha,Sun,4,0th House,0,0,0.7914,0.7914,Combust
2026-01-23 03:15:00,Parashara_Drishti,Mercury,Capricorn,Ma Kết,"9°23'19.66""",Uttara Ashadha,Sun,4,Sun,Capricorn,Ma Kết,"8°35'50.55""",Uttara Ashadha,Sun,4,0th House,0,0,359.2086,0.7914,Standard
2026-01-23 03:30:00,Parashara_Drishti,Sun,Capricorn,Ma Kết,"8°36'28.71""",Uttara Ashadha,Sun,4,Mercury,Capricorn,Ma Kết,"9°24'23.09""",Uttara Ashadha,Sun,4,0th House,0,0,0.7984,0.7984,Combust
2026-01-23 03:30:00,Parashara_Drishti,Mercury,Capricorn,Ma Kết,"9°24'23.09""",Uttara Ashadha,Sun,4,Sun,Capricorn,Ma Kết,"8°36'28.71""",Uttara Ashadha,Sun,4,0th House,0,0,359.2016,0.7984,Standard
2026-01-23 03:45:00,Parashara_Drishti,Sun,Capricorn,Ma Kết,"8°37'06.86""",Uttara Ashadha,Sun,4,Mercury,Capricorn,Ma Kết,"9°25'26.52""",Uttara Ashadha,Sun,4,0th House,0,0,0.8055,0.8055,Combust
2026-01-23 03:45:00,Parashara_Drishti,Mercury,Capricorn,Ma Kết,"9°25'26.52""",Uttara Ashadha,Sun,4,Sun,Capricorn,Ma Kết,"8°37'06.86""",Uttara Ashadha,Sun,4,0th House,0,0,359.1945,0.8055,Standard
2026-01-23 04:00:00,Parashara_Drishti,Sun,Capricorn,Ma Kết,"8°37'45.02""",Uttara Ashadha,Sun,4,Mercury,Capricorn,Ma Kết,"9°26'29.95""",Uttara Ashadha,Sun,4,0th House,0,0,0.8125,0.8125,Combust
2026-01-23 04:00:00,Parashara_Drishti,Mercury,Capricorn,Ma Kết,"9°26'29.95""",Uttara Ashadha,Sun,4,Sun,Capricorn,Ma Kết,"8°37'45.02""",Uttara Ashadha,Sun,4,0th House,0,0,359.1875,0.8125,Standard
2026-01-23 04:15:00,Parashara_Drishti,Sun,Capricorn,Ma Kết,"8°38'23.17""",Uttara Ashadha,Sun,4,Mercury,Capricorn,Ma Kết,"9°27'33.39""",Uttara Ashadha,Sun,4,0th House,0,0,0.8195,0.8195,Combust
2026-01-23 04:15:00,Parashara_Drishti,Mercury,Capricorn,Ma Kết,"9°27'33.39""",Uttara Ashadha,Sun,4,Sun,Capricorn,Ma Kết,"8°38'23.17""",Uttara Ashadha,Sun,4,0th House,0,0,359.1805,0.8195,Standard
2026-01-23 04:30:00,Parashara_Drishti,Sun,Capricorn,Ma Kết,"8°39'01.33""",Uttara Ashadha,Sun,4,Mercury,Capricorn,Ma Kết,"9°28'36.83""",Uttara Ashadha,Sun,4,0th House,0,0,0.8265,0.8265,Combust
2026-01-23 04:30:00,Parashara_Drishti,Mercury,Capricorn,Ma Kết,"9°28'36.83""",Uttara Ashadha,Sun,4,Sun,Capricorn,Ma Kết,"8°39'01.33""",Uttara Ashadha,Sun,4,0th House,0,0,359.1735,0.8265,Standard
2026-01-23 04:45:00,Parashara_Drishti,Sun,Capricorn,Ma Kết,"8°39'39.49""",Uttara Ashadha,Sun,4,Mercury,Capricorn,Ma Kết,"9°29'40.27""",Uttara Ashadha,Sun,4,0th House,0,0,0.8336,0.8336,Combust
2026-01-23 04:45:00,Parashara_Drishti,Mercury,Capricorn,Ma Kết,"9°29'40.27""",Uttara Ashadha,Sun,4,Sun,Capricorn,Ma Kết,"8°39'39.49""",Uttara Ashadha,Sun,4,0th House,0,0,359.1664,0.8336,Standard
2026-01-23 05:00:00,Parashara_Drishti,Sun,Capricorn,Ma Kết,"8°40'17.64""",Uttara Ashadha,Sun,4,Mercury,Capricorn,Ma Kết,"9°30'43.72""",Uttara Ashadha,Sun,4,0th House,0,0,0.8406,0.8406,Combust
2026-01-23 05:00:00,Parashara_Drishti,Mercury,Capricorn,Ma Kết,"9°30'43.72""",Uttara Ashadha,Sun,4,Sun,Capricorn,Ma Kết,"8°40'17.64""",Uttara Ashadha,Sun,4,0th House,0,0,359.1594,0.8406,Standard
2026-01-23 05:15:00,Parashara_Drishti,Sun,Capricorn,Ma Kết,"8°40'55.80""",Uttara Ashadha,Sun,4,Mercury,Capricorn,Ma Kết,"9°31'47.17""",Uttara Ashadha,Sun,4,0th House,0,0,0.8476,0.8476,Combust
2026-01-23 05:15:00,Parashara_Drishti,Mercury,Capricorn,Ma Kết,"9°31'47.17""",Uttara Ashadha,Sun,4,Sun,Capricorn,Ma Kết,"8°40'55.80""",Uttara Ashadha,Sun,4,0th House,0,0,359.1524,0.8476,Standard
2026-01-23 05:30:00,Parashara_Drishti,Sun,Capricorn,Ma Kết,"8°41'33.95""",Uttara Ashadha,Sun,4,Mercury,Capricorn,Ma Kết,"9°32'50.62""",Uttara Ashadha,Sun,4,0th House,0,0,0.8546,0.8546,Combust
2026-01-23 05:30:00,Parashara_Drishti,Mercury,Capricorn,Ma Kết,"9°32'50.62""",Uttara Ashadha,Sun,4,Sun,Capricorn,Ma Kết,"8°41'33.95""",Uttara Ashadha,Sun,4,0th House,0,0,359.1454,0.8546,Standard
2026-01-23 05:45:00,Parashara_Drishti,Sun,Capricorn,Ma Kết,"8°42'12.11""",Uttara Ashadha,Sun,4,Mercury,Capricorn,Ma Kết,"9°33'54.08""",Uttara Ashadha,Sun,4,0th House,0,0,0.8617,0.8617,Combust
2026-01-23 05:45:00,Parashara_Drishti,Mercury,Capricorn,Ma Kết,"9°33'54.08""",Uttara Ashadha,Sun,4,Sun,Capricorn,Ma Kết,"8°42'12.11""",Uttara Ashadha,Sun,4,0th House,0,0,359.1383,0.8617,Standard
2026-01-23 06:00:00,Parashara_Drishti,Sun,Capricorn,Ma Kết,"8°42'50.27""",Uttara Ashadha,Sun,4,Mercury,Capricorn,Ma Kết,"9°34'57.55""",Uttara Ashadha,Sun,4,0th House,0,0,0.8687,0.8687,Combust
2026-01-23 06:00:00,Parashara_Drishti,Mercury,Capricorn,Ma Kết,"9°34'57.55""",Uttara Ashadha,Sun,4,Sun,Capricorn,Ma Kết,"8°42'50.27""",Uttara Ashadha,Sun,4,0th House,0,0,359.1313,0.8687,Standard
2026-01-23 06:15:00,Parashara_Drishti,Sun,Capricorn,Ma Kết,"8°43'28.42""",Uttara Ashadha,Sun,4,Mercury,Capricorn,Ma Kết,"9°36'01.01""",Uttara Ashadha,Sun,4,0th House,0,0,0.8757,0.8757,Combust
2026-01-23 06:15:00,Parashara_Drishti,Mercury,Capricorn,Ma Kết,"9°36'01.01""",Uttara Ashadha,Sun,4,Sun,Capricorn,Ma Kết,"8°43'28.42""",Uttara Ashadha,Sun,4,0th House,0,0,359.1243,0.8757,Standard
2026-01-23 06:30:00,Parashara_Drishti,Sun,Capricorn,Ma Kết,"8°44'06.58""",Uttara Ashadha,Sun,4,Mercury,Capricorn,Ma Kết,"9°37'04.48""",Uttara Ashadha,Sun,4,0th House,0,0,0.8828,0.8828,Combust
2026-01-23 06:30:00,Parashara_Drishti,Mercury,Capricorn,Ma Kết,"9°37'04.48""",Uttara Ashadha,Sun,4,Sun,Capricorn,Ma Kết,"8°44'06.58""",Uttara Ashadha,Sun,4,0th House,0,0,359.1172,0.8828,Standard
2026-01-23 06:45:00,Parashara_Drishti,Sun,Capricorn,Ma Kết,"8°44'44.73""",Uttara Ashadha,Sun,4,Mercury,Capricorn,Ma Kết,"9°38'07.96""",Uttara Ashadha,Sun,4,0th House,0,0,0.8898,0.8898,Combust
2026-01-23 06:45:00,Parashara_Drishti,Mercury,Capricorn,Ma Kết,"9°38'07.96""",Uttara Ashadha,Sun,4,Sun,Capricorn,Ma Kết,"8°44'44.73""",Uttara Ashadha,Sun,4,0th House,0,0,359.1102,0.8898,Standard
2026-01-23 07:00:00,Parashara_Drishti,Sun,Capricorn,Ma Kết,"8°45'22.89""",Uttara Ashadha,Sun,4,Mercury,Capricorn,Ma Kết,"9°39'11.43""",Uttara Ashadha,Sun,4,0th House,0,0,0.8968,0.8968,Combust
2026-01-23 07:00:00,Parashara_Drishti,Mercury,Capricorn,Ma Kết,"9°39'11.43""",Uttara Ashadha,Sun,4,Sun,Capricorn,Ma Kết,"8°45'22.89""",Uttara Ashadha,Sun,4,0th House,0,0,359.1032,0.8968,Standard
2026-01-23 07:15:00,Parashara_Drishti,Sun,Capricorn,Ma Kết,"8°46'01.04""",Uttara Ashadha,Sun,4,Mercury,Capricorn,Ma Kết,"9°40'14.91""",Uttara Ashadha,Sun,4,0th House,0,0,0.9039,0.9039,Combust
2026-01-23 07:15:00,Parashara_Drishti,Mercury,Capricorn,Ma Kết,"9°40'14.91""",Uttara Ashadha,Sun,4,Sun,Capricorn,Ma Kết,"8°46'01.04""",Uttara Ashadha,Sun,4,0th House,0,0,359.0961,0.9039,Standard
2026-01-23 07:30:00,Parashara_Drishti,Sun,Capricorn,Ma Kết,"8°46'39.20""",Uttara Ashadha,Sun,4,Mercury,Capricorn,Ma Kết,"9°41'18.40""",Uttara Ashadha,Sun,4,0th House,0,0,0.9109,0.9109,Combust
2026-01-23 07:30:00,Parashara_Drishti,Mercury,Capricorn,Ma Kết,"9°41'18.40""",Uttara Ashadha,Sun,4,Sun,Capricorn,Ma Kết,"8°46'39.20""",Uttara Ashadha,Sun,4,0th House,0,0,359.0891,0.9109,Standard
2026-01-23 07:45:00,Parashara_Drishti,Sun,Capricorn,Ma Kết,"8°47'17.35""",Uttara Ashadha,Sun,4,Mercury,Capricorn,Ma Kết,"9°42'21.89""",Uttara Ashadha,Sun,4,0th House,0,0,0.9179,0.9179,Combust
2026-01-23 07:45:00,Parashara_Drishti,Mercury,Capricorn,Ma Kết,"9°42'21.89""",Uttara Ashadha,Sun,4,Sun,Capricorn,Ma Kết,"8°47'17.35""",Uttara Ashadha,Sun,4,0th House,0,0,359.0821,0.9179,Standard
2026-01-23 08:00:00,Parashara_Drishti,Sun,Capricorn,Ma Kết,"8°47'55.51""",Uttara Ashadha,Sun,4,Mercury,Capricorn,Ma Kết,"9°43'25.38""",Uttara Ashadha,Sun,4,0th House,0,0,0.925,0.925,Combust
2026-01-23 08:00:00,Parashara_Drishti,Mercury,Capricorn,Ma Kết,"9°43'25.38""",Uttara Ashadha,Sun,4,Sun,Capricorn,Ma Kết,"8°47'55.51""",Uttara Ashadha,Sun,4,0th House,0,0,359.075,0.925,Standard
2026-01-23 08:15:00,Parashara_Drishti,Sun,Capricorn,Ma Kết,"8°48'33.66""",Uttara Ashadha,Sun,4,Mercury,Capricorn,Ma Kết,"9°44'28.88""",Uttara Ashadha,Sun,4,0th House,0,0,0.932,0.932,Combust
2026-01-23 08:15:00,Parashara_Drishti,Mercury,Capricorn,Ma Kết,"9°44'28.88""",Uttara Ashadha,Sun,4,Sun,Capricorn,Ma Kết,"8°48'33.66""",Uttara Ashadha,Sun,4,0th House,0,0,359.068,0.932,Standard
2026-01-23 08:30:00,Parashara_Drishti,Sun,Capricorn,Ma Kết,"8°49'11.82""",Uttara Ashadha,Sun,4,Mercury,Capricorn,Ma Kết,"9°45'32.38""",Uttara Ashadha,Sun,4,0th House,0,0,0.939,0.939,Combust
2026-01-23 08:30:00,Parashara_Drishti,Mercury,Capricorn,Ma Kết,"9°45'32.38""",Uttara Ashadha,Sun,4,Sun,Capricorn,Ma Kết,"8°49'11.82""",Uttara Ashadha,Sun,4,0th House,0,0,359.061,0.939,Standard
2026-01-23 08:45:00,Parashara_Drishti,Sun,Capricorn,Ma Kết,"8°49'49.97""",Uttara Ashadha,Sun,4,Mercury,Capricorn,Ma Kết,"9°46'35.88""",Uttara Ashadha,Sun,4,0th House,0,0,0.9461,0.9461,Combust
2026-01-23 08:45:00,Parashara_Drishti,Mercury,Capricorn,Ma Kết,"9°46'35.88""",Uttara Ashadha,Sun,4,Sun,Capricorn,Ma Kết,"8°49'49.97""",Uttara Ashadha,Sun,4,0th House,0,0,359.0539,0.9461,Standard
2026-01-23 09:00:00,Parashara_Drishti,Sun,Capricorn,Ma Kết,"8°50'28.12""",Uttara Ashadha,Sun,4,Mercury,Capricorn,Ma Kết,"9°47'39.39""",Uttara Ashadha,Sun,4,0th House,0,0,0.9531,0.9531,Combust
2026-01-23 09:00:00,Parashara_Drishti,Mercury,Capricorn,Ma Kết,"9°47'39.39""",Uttara Ashadha,Sun,4,Sun,Capricorn,Ma Kết,"8°50'28.12""",Uttara Ashadha,Sun,4,0th House,0,0,359.0469,0.9531,Standard
2026-01-23 09:15:00,Parashara_Drishti,Sun,Capricorn,Ma Kết,"8°51'06.28""",Uttara Ashadha,Sun,4,Mercury,Capricorn,Ma Kết,"9°48'42.90""",Uttara Ashadha,Sun,4,0th House,0,0,0.9602,0.9602,Combust
2026-01-23 09:15:00,Parashara_Drishti,Mercury,Capricorn,Ma Kết,"9°48'42.90""",Uttara Ashadha,Sun,4,Sun,Capricorn,Ma Kết,"8°51'06.28""",Uttara Ashadha,Sun,4,0th House,0,0,359.0398,0.9602,Standard
2026-01-23 09:30:00,Parashara_Drishti,Sun,Capricorn,Ma Kết,"8°51'44.43""",Uttara Ashadha,Sun,4,Mercury,Capricorn,Ma Kết,"9°49'46.41""",Uttara Ashadha,Sun,4,0th House,0,0,0.9672,0.9672,Combust
2026-01-23 09:30:00,Parashara_Drishti,Mercury,Capricorn,Ma Kết,"9°49'46.41""",Uttara Ashadha,Sun,4,Sun,Capricorn,Ma Kết,"8°51'44.43""",Uttara Ashadha,Sun,4,0th House,0,0,359.0328,0.9672,Standard
2026-01-23 09:45:00,Parashara_Drishti,Sun,Capricorn,Ma Kết,"8°52'22.59""",Uttara Ashadha,Sun,4,Mercury,Capricorn,Ma Kết,"9°50'49.93""",Uttara Ashadha,Sun,4,0th House,0,0,0.9743,0.9743,Combust
2026-01-23 09:45:00,Parashara_Drishti,Mercury,Capricorn,Ma Kết,"9°50'49.93""",Uttara Ashadha,Sun,4,Sun,Capricorn,Ma Kết,"8°52'22.59""",Uttara Ashadha,Sun,4,0th House,0,0,359.0257,0.9743,Standard
2026-01-23 10:00:00,Parashara_Drishti,Sun,Capricorn,Ma Kết,"8°53'00.74""",Uttara Ashadha,Sun,4,Mercury,Capricorn,Ma Kết,"9°51'53.45""",Uttara Ashadha,Sun,4,0th House,0,0,0.9813,0.9813,Combust
2026-01-23 10:00:00,Parashara_Drishti,Mercury,Capricorn,Ma Kết,"9°51'53.45""",Uttara Ashadha,Sun,4,Sun,Capricorn,Ma Kết,"8°53'00.74""",Uttara Ashadha,Sun,4,0th House,0,0,359.0187,0.9813,Standard
2026-01-23 10:15:00,Parashara_Drishti,Sun,Capricorn,Ma Kết,"8°53'38.89""",Uttara Ashadha,Sun,4,Mercury,Capricorn,Ma Kết,"9°52'56.98""",Uttara Ashadha,Sun,4,0th House,0,0,0.9884,0.9884,Combust
2026-01-23 10:15:00,Parashara_Drishti,Mercury,Capricorn,Ma Kết,"9°52'56.98""",Uttara Ashadha,Sun,4,Sun,Capricorn,Ma Kết,"8°53'38.89""",Uttara Ashadha,Sun,4,0th House,0,0,359.0116,0.9884,Standard
2026-01-23 10:30:00,Parashara_Drishti,Sun,Capricorn,Ma Kết,"8°54'17.05""",Uttara Ashadha,Sun,4,Mercury,Capricorn,Ma Kết,"9°54'00.51""",Uttara Ashadha,Sun,4,0th House,0,0,0.9954,0.9954,Combust
2026-01-23 10:30:00,Parashara_Drishti,Mercury,Capricorn,Ma Kết,"9°54'00.51""",Uttara Ashadha,Sun,4,Sun,Capricorn,Ma Kết,"8°54'17.05""",Uttara Ashadha,Sun,4,0th House,0,0,359.0046,0.9954,Standard
2026-01-27 16:00:00,Parashara_Drishti,Mercury,Capricorn,Ma Kết,"17°08'57.75""",Shravana,Moon,3,Venus,Capricorn,Ma Kết,"18°08'55.39""",Shravana,Moon,3,0th House,0,0,0.9993,0.9993,Standard
2026-01-27 16:00:00,Parashara_Drishti,Venus,Capricorn,Ma Kết,"18°08'55.39""",Shravana,Moon,3,Mercury,Capricorn,Ma Kết,"17°08'57.75""",Shravana,Moon,3,0th House,0,0,359.0007,0.9993,Standard
2026-01-27 16:15:00,Parashara_Drishti,Mercury,Capricorn,Ma Kết,"17°10'02.75""",Shravana,Moon,3,Venus,Capricorn,Ma Kết,"18°09'42.48""",Shravana,Moon,3,0th House,0,0,0.9944,0.9944,Standard
2026-01-27 16:15:00,Parashara_Drishti,Venus,Capricorn,Ma Kết,"18°09'42.48""",Shravana,Moon,3,Mercury,Capricorn,Ma Kết,"17°10'02.75""",Shravana,Moon,3,0th House,0,0,359.0056,0.9944,Standard
2026-01-27 16:30:00,Parashara_Drishti,Mercury,Capricorn,Ma Kết,"17°11'07.77""",Shravana,Moon,3,Venus,Capricorn,Ma Kết,"18°10'29.57""",Shravana,Moon,3,0th House,0,0,0.9894,0.9894,Standard
2026-01-27 16:30:00,Parashara_Drishti,Venus,Capricorn,Ma Kết,"18°10'29.57""",Shravana,Moon,3,Mercury,Capricorn,Ma Kết,"17°11'07.77""",Shravana,Moon,3,0th House,0,0,359.0106,0.9894,Standard
2026-01-27 16:45:00,Parashara_Drishti,Mercury,Capricorn,Ma Kết,"17°12'12.78""",Shravana,Moon,3,Venus,Capricorn,Ma Kết,"18°11'16.66""",Shravana,Moon,3,0th House,0,0,0.9844,0.9844,Standard
2026-01-27 16:45:00,Parashara_Drishti,Venus,Capricorn,Ma Kết,"18°11'16.66""",Shravana,Moon,3,Mercury,Capricorn,Ma Kết,"17°12'12.78""",Shravana,Moon,3,0th House,0,0,359.0156,0.9844,Standard
2026-01-27 17:00:00,Parashara_Drishti,Mercury,Capricorn,Ma Kết,"17°13'17.80""",Shravana,Moon,3,Venus,Capricorn,Ma Kết,"18°12'03.75""",Shravana,Moon,3,0th House,0,0,0.9794,0.9794,Standard
2026-01-27 17:00:00,Parashara_Drishti,Venus,Capricorn,Ma Kết,"18°12'03.75""",Shravana,Moon,3,Mercury,Capricorn,Ma Kết,"17°13'17.80""",Shravana,Moon,3,0th House,0,0,359.0206,0.9794,Standard
2026-01-27 17:15:00,Parashara_Drishti,Mercury,Capricorn,Ma Kết,"17°14'22.82""",Shravana,Moon,3,Venus,Capricorn,Ma Kết,"18°12'50.84""",Shravana,Moon,3,0th House,0,0,0.9744,0.9744,Standard
2026-01-27 17:15:00,Parashara_Drishti,Venus,Capricorn,Ma Kết,"18°12'50.84""",Shravana,Moon,3,Mercury,Capricorn,Ma Kết,"17°14'22.82""",Shravana,Moon,3,0th House,0,0,359.0256,0.9744,Standard
2026-01-27 17:30:00,Parashara_Drishti,Mercury,Capricorn,Ma Kết,"17°15'27.85""",Shravana,Moon,3,Venus,Capricorn,Ma Kết,"18°13'37.93""",Shravana,Moon,3,0th House,0,0,0.9695,0.9695,Standard
2026-01-27 17:30:00,Parashara_Drishti,Venus,Capricorn,Ma Kết,"18°13'37.93""",Shravana,Moon,3,Mercury,Capricorn,Ma Kết,"17°15'27.85""",Shravana,Moon,3,0th House,0,0,359.0305,0.9695,Standard
2026-01-27 17:45:00,Parashara_Drishti,Mercury,Capricorn,Ma Kết,"17°16'32.87""",Shravana,Moon,3,Venus,Capricorn,Ma Kết,"18°14'25.02""",Shravana,Moon,3,0th House,0,0,0.9645,0.9645,Standard
2026-01-27 17:45:00,Parashara_Drishti,Venus,Capricorn,Ma Kết,"18°14'25.02""",Shravana,Moon,3,Mercury,Capricorn,Ma Kết,"17°16'32.87""",Shravana,Moon,3,0th House,0,0,359.0355,0.9645,Standard
2026-01-27 18:00:00,Parashara_Drishti,Mercury,Capricorn,Ma Kết,"17°17'37.91""",Shravana,Moon,3,Venus,Capricorn,Ma Kết,"18°15'12.10""",Shravana,Moon,3,0th House,0,0,0.9595,0.9595,Standard
2026-01-27 18:00:00,Parashara_Drishti,Venus,Capricorn,Ma Kết,"18°15'12.10""",Shravana,Moon,3,Mercury,Capricorn,Ma Kết,"17°17'37.91""",Shravana,Moon,3,0th House,0,0,359.0405,0.9595,Standard
2026-01-27 18:15:00,Parashara_Drishti,Mercury,Capricorn,Ma Kết,"17°18'42.94""",Shravana,Moon,3,Venus,Capricorn,Ma Kết,"18°15'59.19""",Shravana,Moon,3,0th House,0,0,0.9545,0.9545,Standard
2026-01-27 18:15:00,Parashara_Drishti,Venus,Capricorn,Ma Kết,"18°15'59.19""",Shravana,Moon,3,Mercury,Capricorn,Ma Kết,"17°18'42.94""",Shravana,Moon,3,0th House,0,0,359.0455,0.9545,Standard
2026-01-27 18:30:00,Parashara_Drishti,Mercury,Capricorn,Ma Kết,"17°19'47.98""",Shravana,Moon,3,Venus,Capricorn,Ma Kết,"18°16'46.28""",Shravana,Moon,3,0th House,0,0,0.9495,0.9495,Standard
2026-01-27 18:30:00,Parashara_Drishti,Venus,Capricorn,Ma Kết,"18°16'46.28""",Shravana,Moon,3,Mercury,Capricorn,Ma Kết,"17°19'47.98""",Shravana,Moon,3,0th House,0,0,359.0505,0.9495,Standard
2026-01-27 18:45:00,Parashara_Drishti,Mercury,Capricorn,Ma Kết,"17°20'53.02""",Shravana,Moon,3,Venus,Capricorn,Ma Kết,"18°17'33.37""",Shravana,Moon,3,0th House,0,0,0.9445,0.9445,Standard
2026-01-27 18:45:00,Parashara_Drishti,Venus,Capricorn,Ma Kết,"18°17'33.37""",Shravana,Moon,3,Mercury,Capricorn,Ma Kết,"17°20'53.02""",Shravana,Moon,3,0th House,0,0,359.0555,0.9445,Standard
2026-01-27 19:00:00,Parashara_Drishti,Mercury,Capricorn,Ma Kết,"17°21'58.07""",Shravana,Moon,3,Venus,Capricorn,Ma Kết,"18°18'20.46""",Shravana,Moon,3,0th House,0,0,0.9396,0.9396,Standard
2026-01-27 19:00:00,Parashara_Drishti,Venus,Capricorn,Ma Kết,"18°18'20.46""",Shravana,Moon,3,Mercury,Capricorn,Ma Kết,"17°21'58.07""",Shravana,Moon,3,0th House,0,0,359.0604,0.9396,Standard
2026-01-27 19:15:00,Parashara_Drishti,Mercury,Capricorn,Ma Kết,"17°23'03.12""",Shravana,Moon,3,Venus,Capricorn,Ma Kết,"18°19'07.55""",Shravana,Moon,3,0th House,0,0,0.9346,0.9346,Standard
2026-01-27 19:15:00,Parashara_Drishti,Venus,Capricorn,Ma Kết,"18°19'07.55""",Shravana,Moon,3,Mercury,Capricorn,Ma Kết,"17°23'03.12""",Shravana,Moon,3,0th House,0,0,359.0654,0.9346,Standard
2026-01-27 19:30:00,Parashara_Drishti,Mercury,Capricorn,Ma Kết,"17°24'08.17""",Shravana,Moon,3,Venus,Capricorn,Ma Kết,"18°19'54.64""",Shravana,Moon,3,0th House,0,0,0.9296,0.9296,Standard
2026-01-27 19:30:00,Parashara_Drishti,Venus,Capricorn,Ma Kết,"18°19'54.64""",Shravana,Moon,3,Mercury,Capricorn,Ma Kết,"17°24'08.17""",Shravana,Moon,3,0th House,0,0,359.0704,0.9296,Standard
2026-01-27 19:45:00,Parashara_Drishti,Mercury,Capricorn,Ma Kết,"17°25'13.22""",Shravana,Moon,3,Venus,Capricorn,Ma Kết,"18°20'41.72""",Shravana,Moon,3,0th House,0,0,0.9246,0.9246,Standard
2026-01-27 19:45:00,Parashara_Drishti,Venus,Capricorn,Ma Kết,"18°20'41.72""",Shravana,Moon,3,Mercury,Capricorn,Ma Kết,"17°25'13.22""",Shravana,Moon,3,0th House,0,0,359.0754,0.9246,Standard
2026-01-27 20:00:00,Parashara_Drishti,Mercury,Capricorn,Ma Kết,"17°26'18.28""",Shravana,Moon,3,Venus,Capricorn,Ma Kết,"18°21'28.81""",Shravana,Moon,3,0th House,0,0,0.9196,0.9196,Standard
2026-01-27 20:00:00,Parashara_Drishti,Venus,Capricorn,Ma Kết,"18°21'28.81""",Shravana,Moon,3,Mercury,Capricorn,Ma Kết,"17°26'18.28""",Shravana,Moon,3,0th House,0,0,359.0804,0.9196,Standard
2026-01-27 20:15:00,Parashara_Drishti,Mercury,Capricorn,Ma Kết,"17°27'23.34""",Shravana,Moon,3,Venus,Capricorn,Ma Kết,"18°22'15.90""",Shravana,Moon,3,0th House,0,0,0.9146,0.9146,Standard
2026-01-27 20:15:00,Parashara_Drishti,Venus,Capricorn,Ma Kết,"18°22'15.90""",Shravana,Moon,3,Mercury,Capricorn,Ma Kết,"17°27'23.34""",Shravana,Moon,3,0th House,0,0,359.0854,0.9146,Standard
2026-01-27 20:30:00,Parashara_Drishti,Mercury,Capricorn,Ma Kết,"17°28'28.41""",Shravana,Moon,3,Venus,Capricorn,Ma Kết,"18°23'02.99""",Shravana,Moon,3,0th House,0,0,0.9096,0.9096,Standard
2026-01-27 20:30:00,Parashara_Drishti,Venus,Capricorn,Ma Kết,"18°23'02.99""",Shravana,Moon,3,Mercury,Capricorn,Ma Kết,"17°28'28.41""",Shravana,Moon,3,0th House,0,0,359.0904,0.9096,Standard
2026-01-27 20:45:00,Parashara_Drishti,Mercury,Capricorn,Ma Kết,"17°29'33.48""",Shravana,Moon,3,Venus,Capricorn,Ma Kết,"18°23'50.08""",Shravana,Moon,3,0th House,0,0,0.9046,0.9046,Standard
2026-01-27 20:45:00,Parashara_Drishti,Venus,Capricorn,Ma Kết,"18°23'50.08""",Shravana,Moon,3,Mercury,Capricorn,Ma Kết,"17°29'33.48""",Shravana,Moon,3,0th House,0,0,359.0954,0.9046,Standard
2026-01-27 21:00:00,Parashara_Drishti,Mercury,Capricorn,Ma Kết,"17°30'38.55""",Shravana,Moon,3,Venus,Capricorn,Ma Kết,"18°24'37.16""",Shravana,Moon,3,0th House,0,0,0.8996,0.8996,Standard
2026-01-27 21:00:00,Parashara_Drishti,Venus,Capricorn,Ma Kết,"18°24'37.16""",Shravana,Moon,3,Mercury,Capricorn,Ma Kết,"17°30'38.55""",Shravana,Moon,3,0th House,0,0,359.1004,0.8996,Standard
2026-01-27 21:15:00,Parashara_Drishti,Mercury,Capricorn,Ma Kết,"17°31'43.63""",Shravana,Moon,3,Venus,Capricorn,Ma Kết,"18°25'24.25""",Shravana,Moon,3,0th House,0,0,0.8946,0.8946,Standard
2026-01-27 21:15:00,Parashara_Drishti,Venus,Capricorn,Ma Kết,"18°25'24.25""",Shravana,Moon,3,Mercury,Capricorn,Ma Kết,"17°31'43.63""",Shravana,Moon,3,0th House,0,0,359.1054,0.8946,Standard
2026-01-27 21:30:00,Parashara_Drishti,Mercury,Capricorn,Ma Kết,"17°32'48.71""",Shravana,Moon,3,Venus,Capricorn,Ma Kết,"18°26'11.34""",Shravana,Moon,3,0th House,0,0,0.8896,0.8896,Standard
2026-01-27 21:30:00,Parashara_Drishti,Venus,Capricorn,Ma Kết,"18°26'11.34""",Shravana,Moon,3,Mercury,Capricorn,Ma Kết,"17°32'48.71""",Shravana,Moon,3,0th House,0,0,359.1104,0.8896,Standard
2026-01-27 21:45:00,Parashara_Drishti,Mercury,Capricorn,Ma Kết,"17°33'53.79""",Shravana,Moon,3,Venus,Capricorn,Ma Kết,"18°26'58.43""",Shravana,Moon,3,0th House,0,0,0.8846,0.8846,Standard
2026-01-27 21:45:00,Parashara_Drishti,Venus,Capricorn,Ma Kết,"18°26'58.43""",Shravana,Moon,3,Mercury,Capricorn,Ma Kết,"17°33'53.79""",Shravana,Moon,3,0th House,0,0,359.1154,0.8846,Standard
2026-01-27 22:00:00,Parashara_Drishti,Mercury,Capricorn,Ma Kết,"17°34'58.88""",Shravana,Moon,3,Venus,Capricorn,Ma Kết,"18°27'45.51""",Shravana,Moon,3,0th House,0,0,0.8796,0.8796,Standard
2026-01-27 22:00:00,Parashara_Drishti,Venus,Capricorn,Ma Kết,"18°27'45.51""",Shravana,Moon,3,Mercury,Capricorn,Ma Kết,"17°34'58.88""",Shravana,Moon,3,0th House,0,0,359.1204,0.8796,Standard
2026-01-27 22:15:00,Parashara_Drishti,Mercury,Capricorn,Ma Kết,"17°36'03.96""",Shravana,Moon,3,Venus,Capricorn,Ma Kết,"18°28'32.60""",Shravana,Moon,3,0th House,0,0,0.8746,0.8746,Standard
2026-01-27 22:15:00,Parashara_Drishti,Venus,Capricorn,Ma Kết,"18°28'32.60""",Shravana,Moon,3,Mercury,Capricorn,Ma Kết,"17°36'03.96""",Shravana,Moon,3,0th House,0,0,359.1254,0.8746,Standard
2026-01-27 22:30:00,Parashara_Drishti,Mercury,Capricorn,Ma Kết,"17°37'09.06""",Shravana,Moon,3,Venus,Capricorn,Ma Kết,"18°29'19.69""",Shravana,Moon,3,0th House,0,0,0.8696,0.8696,Standard
2026-01-27 22:30:00,Parashara_Drishti,Venus,Capricorn,Ma Kết,"18°29'19.69""",Shravana,Moon,3,Mercury,Capricorn,Ma Kết,"17°37'09.06""",Shravana,Moon,3,0th House,0,0,359.1304,0.8696,Standard
2026-01-27 22:45:00,Parashara_Drishti,Mercury,Capricorn,Ma Kết,"17°38'14.15""",Shravana,Moon,3,Venus,Capricorn,Ma Kết,"18°30'06.77""",Shravana,Moon,3,0th House,0,0,0.8646,0.8646,Standard
2026-01-27 22:45:00,Parashara_Drishti,Venus,Capricorn,Ma Kết,"18°30'06.77""",Shravana,Moon,3,Mercury,Capricorn,Ma Kết,"17°38'14.15""",Shravana,Moon,3,0th House,0,0,359.1354,0.8646,Standard
2026-01-27 23:00:00,Parashara_Drishti,Mercury,Capricorn,Ma Kết,"17°39'19.25""",Shravana,Moon,3,Venus,Capricorn,Ma Kết,"18°30'53.86""",Shravana,Moon,3,0th House,0,0,0.8596,0.8596,Standard
2026-01-27 23:00:00,Parashara_Drishti,Venus,Capricorn,Ma Kết,"18°30'53.86""",Shravana,Moon,3,Mercury,Capricorn,Ma Kết,"17°39'19.25""",Shravana,Moon,3,0th House,0,0,359.1404,0.8596,Standard
2026-01-27 23:15:00,Parashara_Drishti,Mercury,Capricorn,Ma Kết,"17°40'24.36""",Shravana,Moon,3,Venus,Capricorn,Ma Kết,"18°31'40.95""",Shravana,Moon,3,0th House,0,0,0.8546,0.8546,Standard
2026-01-27 23:15:00,Parashara_Drishti,Venus,Capricorn,Ma Kết,"18°31'40.95""",Shravana,Moon,3,Mercury,Capricorn,Ma Kết,"17°40'24.36""",Shravana,Moon,3,0th House,0,0,359.1454,0.8546,Standard
2026-01-27 23:30:00,Parashara_Drishti,Mercury,Capricorn,Ma Kết,"17°41'29.46""",Shravana,Moon,3,Venus,Capricorn,Ma Kết,"18°32'28.04""",Shravana,Moon,3,0th House,0,0,0.8496,0.8496,Standard
2026-01-27 23:30:00,Parashara_Drishti,Venus,Capricorn,Ma Kết,"18°32'28.04""",Shravana,Moon,3,Mercury,Capricorn,Ma Kết,"17°41'29.46""",Shravana,Moon,3,0th House,0,0,359.1504,0.8496,Standard
2026-01-27 23:45:00,Parashara_Drishti,Mercury,Capricorn,Ma Kết,"17°42'34.57""",Shravana,Moon,3,Venus,Capricorn,Ma Kết,"18°33'15.12""",Shravana,Moon,3,0th House,0,0,0.8446,0.8446,Standard
2026-01-27 23:45:00,Parashara_Drishti,Venus,Capricorn,Ma Kết,"18°33'15.12""",Shravana,Moon,3,Mercury,Capricorn,Ma Kết,"17°42'34.57""",Shravana,Moon,3,0th House,0,0,359.1554,0.8446,Standard
2026-01-28 00:00:00,Parashara_Drishti,Mercury,Capricorn,Ma Kết,"17°43'39.68""",Shravana,Moon,3,Venus,Capricorn,Ma Kết,"18°34'02.21""",Shravana,Moon,3,0th House,0,0,0.8396,0.8396,Standard
2026-01-28 00:00:00,Parashara_Drishti,Venus,Capricorn,Ma Kết,"18°34'02.21""",Shravana,Moon,3,Mercury,Capricorn,Ma Kết,"17°43'39.68""",Shravana,Moon,3,0th House,0,0,359.1604,0.8396,Standard
2026-01-28 00:15:00,Parashara_Drishti,Mercury,Capricorn,Ma Kết,"17°44'44.80""",Shravana,Moon,3,Venus,Capricorn,Ma Kết,"18°34'49.30""",Shravana,Moon,3,0th House,0,0,0.8346,0.8346,Standard
2026-01-28 00:15:00,Parashara_Drishti,Venus,Capricorn,Ma Kết,"18°34'49.30""",Shravana,Moon,3,Mercury,Capricorn,Ma Kết,"17°44'44.80""",Shravana,Moon,3,0th House,0,0,359.1654,0.8346,Standard
2026-01-28 00:30:00,Parashara_Drishti,Mercury,Capricorn,Ma Kết,"17°45'49.92""",Shravana,Moon,3,Venus,Capricorn,Ma Kết,"18°35'36.38""",Shravana,Moon,3,0th House,0,0,0.8296,0.8296,Standard
2026-01-28 00:30:00,Parashara_Drishti,Venus,Capricorn,Ma Kết,"18°35'36.38""",Shravana,Moon,3,Mercury,Capricorn,Ma Kết,"17°45'49.92""",Shravana,Moon,3,0th House,0,0,359.1704,0.8296,Standard
2026-01-28 00:45:00,Parashara_Drishti,Mercury,Capricorn,Ma Kết,"17°46'55.04""",Shravana,Moon,3,Venus,Capricorn,Ma Kết,"18°36'23.47""",Shravana,Moon,3,0th House,0,0,0.8246,0.8246,Standard
2026-01-28 00:45:00,Parashara_Drishti,Venus,Capricorn,Ma Kết,"18°36'23.47""",Shravana,Moon,3,Mercury,Capricorn,Ma Kết,"17°46'55.04""",Shravana,Moon,3,0th House,0,0,359.1754,0.8246,Standard
2026-01-28 01:00:00,Parashara_Drishti,Mercury,Capricorn,Ma Kết,"17°48'00.17""",Shravana,Moon,3,Venus,Capricorn,Ma Kết,"18°37'10.56""",Shravana,Moon,3,0th House,0,0,0.8196,0.8196,Standard
2026-01-28 01:00:00,Parashara_Drishti,Venus,Capricorn,Ma Kết,"18°37'10.56""",Shravana,Moon,3,Mercury,Capricorn,Ma Kết,"17°48'00.17""",Shravana,Moon,3,0th House,0,0,359.1804,0.8196,Standard
2026-01-28 01:15:00,Parashara_Drishti,Mercury,Capricorn,Ma Kết,"17°49'05.30""",Shravana,Moon,3,Venus,Capricorn,Ma Kết,"18°37'57.64""",Shravana,Moon,3,0th House,0,0,0.8145,0.8145,Standard
2026-01-28 01:15:00,Parashara_Drishti,Venus,Capricorn,Ma Kết,"18°37'57.64""",Shravana,Moon,3,Mercury,Capricorn,Ma Kết,"17°49'05.30""",Shravana,Moon,3,0th House,0,0,359.1855,0.8145,Standard
2026-01-28 01:30:00,Parashara_Drishti,Mercury,Capricorn,Ma Kết,"17°50'10.43""",Shravana,Moon,3,Venus,Capricorn,Ma Kết,"18°38'44.73""",Shravana,Moon,3,0th House,0,0,0.8095,0.8095,Standard
2026-01-28 01:30:00,Parashara_Drishti,Venus,Capricorn,Ma Kết,"18°38'44.73""",Shravana,Moon,3,Mercury,Capricorn,Ma Kết,"17°50'10.43""",Shravana,Moon,3,0th House,0,0,359.1905,0.8095,Standard
2026-01-28 01:45:00,Parashara_Drishti,Mercury,Capricorn,Ma Kết,"17°51'15.57""",Shravana,Moon,3,Venus,Capricorn,Ma Kết,"18°39'31.81""",Shravana,Moon,3,0th House,0,0,0.8045,0.8045,Standard
2026-01-28 01:45:00,Parashara_Drishti,Venus,Capricorn,Ma Kết,"18°39'31.81""",Shravana,Moon,3,Mercury,Capricorn,Ma Kết,"17°51'15.57""",Shravana,Moon,3,0th House,0,0,359.1955,0.8045,Standard
2026-01-28 02:00:00,Parashara_Drishti,Mercury,Capricorn,Ma Kết,"17°52'20.71""",Shravana,Moon,3,Venus,Capricorn,Ma Kết,"18°40'18.90""",Shravana,Moon,3,0th House,0,0,0.7995,0.7995,Standard
2026-01-28 02:00:00,Parashara_Drishti,Venus,Capricorn,Ma Kết,"18°40'18.90""",Shravana,Moon,3,Mercury,Capricorn,Ma Kết,"17°52'20.71""",Shravana,Moon,3,0th House,0,0,359.2005,0.7995,Standard
2026-01-28 02:15:00,Parashara_Drishti,Mercury,Capricorn,Ma Kết,"17°53'25.85""",Shravana,Moon,3,Venus,Capricorn,Ma Kết,"18°41'05.99""",Shravana,Moon,3,0th House,0,0,0.7945,0.7945,Standard
2026-01-28 02:15:00,Parashara_Drishti,Venus,Capricorn,Ma Kết,"18°41'05.99""",Shravana,Moon,3,Mercury,Capricorn,Ma Kết,"17°53'25.85""",Shravana,Moon,3,0th House,0,0,359.2055,0.7945,Standard
2026-01-28 02:30:00,Parashara_Drishti,Mercury,Capricorn,Ma Kết,"17°54'31.00""",Shravana,Moon,3,Venus,Capricorn,Ma Kết,"18°41'53.07""",Shravana,Moon,3,0th House,0,0,0.7895,0.7895,Standard
2026-01-28 02:30:00,Parashara_Drishti,Venus,Capricorn,Ma Kết,"18°41'53.07""",Shravana,Moon,3,Mercury,Capricorn,Ma Kết,"17°54'31.00""",Shravana,Moon,3,0th House,0,0,359.2105,0.7895,Standard
2026-01-28 02:45:00,Parashara_Drishti,Mercury,Capricorn,Ma Kết,"17°55'36.15""",Shravana,Moon,3,Venus,Capricorn,Ma Kết,"18°42'40.16""",Shravana,Moon,3,0th House,0,0,0.7844,0.7844,Standard
2026-01-28 02:45:00,Parashara_Drishti,Venus,Capricorn,Ma Kết,"18°42'40.16""",Shravana,Moon,3,Mercury,Capricorn,Ma Kết,"17°55'36.15""",Shravana,Moon,3,0th House,0,0,359.2156,0.7844,Standard
2026-01-28 03:00:00,Parashara_Drishti,Mercury,Capricorn,Ma Kết,"17°56'41.30""",Shravana,Moon,3,Venus,Capricorn,Ma Kết,"18°43'27.24""",Shravana,Moon,3,0th House,0,0,0.7794,0.7794,Standard
2026-01-28 03:00:00,Parashara_Drishti,Venus,Capricorn,Ma Kết,"18°43'27.24""",Shravana,Moon,3,Mercury,Capricorn,Ma Kết,"17°56'41.30""",Shravana,Moon,3,0th House,0,0,359.2206,0.7794,Standard
2026-01-28 03:15:00,Parashara_Drishti,Mercury,Capricorn,Ma Kết,"17°57'46.46""",Shravana,Moon,3,Venus,Capricorn,Ma Kết,"18°44'14.33""",Shravana,Moon,3,0th House,0,0,0.7744,0.7744,Standard
2026-01-28 03:15:00,Parashara_Drishti,Venus,Capricorn,Ma Kết,"18°44'14.33""",Shravana,Moon,3,Mercury,Capricorn,Ma Kết,"17°57'46.46""",Shravana,Moon,3,0th House,0,0,359.2256,0.7744,Standard
2026-01-28 03:30:00,Parashara_Drishti,Mercury,Capricorn,Ma Kết,"17°58'51.62""",Shravana,Moon,3,Venus,Capricorn,Ma Kết,"18°45'01.41""",Shravana,Moon,3,0th House,0,0,0.7694,0.7694,Standard
2026-01-28 03:30:00,Parashara_Drishti,Venus,Capricorn,Ma Kết,"18°45'01.41""",Shravana,Moon,3,Mercury,Capricorn,Ma Kết,"17°58'51.62""",Shravana,Moon,3,0th House,0,0,359.2306,0.7694,Standard
2026-01-28 03:45:00,Parashara_Drishti,Mercury,Capricorn,Ma Kết,"17°59'56.78""",Shravana,Moon,3,Venus,Capricorn,Ma Kết,"18°45'48.50""",Shravana,Moon,3,0th House,0,0,0.7644,0.7644,Standard
2026-01-28 03:45:00,Parashara_Drishti,Venus,Capricorn,Ma Kết,"18°45'48.50""",Shravana,Moon,3,Mercury,Capricorn,Ma Kết,"17°59'56.78""",Shravana,Moon,3,0th House,0,0,359.2356,0.7644,Standard
2026-01-28 04:00:00,Parashara_Drishti,Mercury,Capricorn,Ma Kết,"18°01'01.95""",Shravana,Moon,3,Venus,Capricorn,Ma Kết,"18°46'35.58""",Shravana,Moon,3,0th House,0,0,0.7593,0.7593,Standard
2026-01-28 04:00:00,Parashara_Drishti,Venus,Capricorn,Ma Kết,"18°46'35.58""",Shravana,Moon,3,Mercury,Capricorn,Ma Kết,"18°01'01.95""",Shravana,Moon,3,0th House,0,0,359.2407,0.7593,Standard
2026-01-28 04:15:00,Parashara_Drishti,Mercury,Capricorn,Ma Kết,"18°02'07.12""",Shravana,Moon,3,Venus,Capricorn,Ma Kết,"18°47'22.67""",Shravana,Moon,3,0th House,0,0,0.7543,0.7543,Standard
2026-01-28 04:15:00,Parashara_Drishti,Venus,Capricorn,Ma Kết,"18°47'22.67""",Shravana,Moon,3,Mercury,Capricorn,Ma Kết,"18°02'07.12""",Shravana,Moon,3,0th House,0,0,359.2457,0.7543,Standard
2026-01-28 04:30:00,Parashara_Drishti,Mercury,Capricorn,Ma Kết,"18°03'12.29""",Shravana,Moon,3,Venus,Capricorn,Ma Kết,"18°48'09.75""",Shravana,Moon,3,0th House,0,0,0.7493,0.7493,Standard
2026-01-28 04:30:00,Parashara_Drishti,Venus,Capricorn,Ma Kết,"18°48'09.75""",Shravana,Moon,3,Mercury,Capricorn,Ma Kết,"18°03'12.29""",Shravana,Moon,3,0th House,0,0,359.2507,0.7493,Standard
2026-01-28 04:45:00,Parashara_Drishti,Mercury,Capricorn,Ma Kết,"18°04'17.47""",Shravana,Moon,3,Venus,Capricorn,Ma Kết,"18°48'56.84""",Shravana,Moon,3,0th House,0,0,0.7443,0.7443,Standard
2026-01-28 04:45:00,Parashara_Drishti,Venus,Capricorn,Ma Kết,"18°48'56.84""",Shravana,Moon,3,Mercury,Capricorn,Ma Kết,"18°04'17.47""",Shravana,Moon,3,0th House,0,0,359.2557,0.7443,Standard
2026-01-28 05:00:00,Parashara_Drishti,Mercury,Capricorn,Ma Kết,"18°05'22.65""",Shravana,Moon,3,Venus,Capricorn,Ma Kết,"18°49'43.92""",Shravana,Moon,3,0th House,0,0,0.7392,0.7392,Standard
2026-01-28 05:00:00,Parashara_Drishti,Venus,Capricorn,Ma Kết,"18°49'43.92""",Shravana,Moon,3,Mercury,Capricorn,Ma Kết,"18°05'22.65""",Shravana,Moon,3,0th House,0,0,359.2608,0.7392,Standard
2026-01-28 05:15:00,Parashara_Drishti,Mercury,Capricorn,Ma Kết,"18°06'27.83""",Shravana,Moon,3,Venus,Capricorn,Ma Kết,"18°50'31.01""",Shravana,Moon,3,0th House,0,0,0.7342,0.7342,Standard
2026-01-28 05:15:00,Parashara_Drishti,Venus,Capricorn,Ma Kết,"18°50'31.01""",Shravana,Moon,3,Mercury,Capricorn,Ma Kết,"18°06'27.83""",Shravana,Moon,3,0th House,0,0,359.2658,0.7342,Standard
2026-01-28 05:30:00,Parashara_Drishti,Mercury,Capricorn,Ma Kết,"18°07'33.02""",Shravana,Moon,3,Venus,Capricorn,Ma Kết,"18°51'18.09""",Shravana,Moon,3,0th House,0,0,0.7292,0.7292,Standard
2026-01-28 05:30:00,Parashara_Drishti,Venus,Capricorn,Ma Kết,"18°51'18.09""",Shravana,Moon,3,Mercury,Capricorn,Ma Kết,"18°07'33.02""",Shravana,Moon,3,0th House,0,0,359.2708,0.7292,Standard
2026-01-28 05:45:00,Parashara_Drishti,Mercury,Capricorn,Ma Kết,"18°08'38.21""",Shravana,Moon,3,Venus,Capricorn,Ma Kết,"18°52'05.18""",Shravana,Moon,3,0th House,0,0,0.7242,0.7242,Standard
2026-01-28 05:45:00,Parashara_Drishti,Venus,Capricorn,Ma Kết,"18°52'05.18""",Shravana,Moon,3,Mercury,Capricorn,Ma Kết,"18°08'38.21""",Shravana,Moon,3,0th House,0,0,359.2758,0.7242,Standard
2026-01-28 06:00:00,Parashara_Drishti,Mercury,Capricorn,Ma Kết,"18°09'43.40""",Shravana,Moon,3,Venus,Capricorn,Ma Kết,"18°52'52.26""",Shravana,Moon,3,0th House,0,0,0.7191,0.7191,Standard
2026-01-28 06:00:00,Parashara_Drishti,Venus,Capricorn,Ma Kết,"18°52'52.26""",Shravana,Moon,3,Mercury,Capricorn,Ma Kết,"18°09'43.40""",Shravana,Moon,3,0th House,0,0,359.2809,0.7191,Standard
2026-01-28 06:15:00,Parashara_Drishti,Mercury,Capricorn,Ma Kết,"18°10'48.60""",Shravana,Moon,3,Venus,Capricorn,Ma Kết,"18°53'39.35""",Shravana,Moon,3,0th House,0,0,0.7141,0.7141,Standard
2026-01-28 06:15:00,Parashara_Drishti,Venus,Capricorn,Ma Kết,"18°53'39.35""",Shravana,Moon,3,Mercury,Capricorn,Ma Kết,"18°10'48.60""",Shravana,Moon,3,0th House,0,0,359.2859,0.7141,Standard
2026-01-28 06:30:00,Parashara_Drishti,Mercury,Capricorn,Ma Kết,"18°11'53.80""",Shravana,Moon,3,Venus,Capricorn,Ma Kết,"18°54'26.43""",Shravana,Moon,3,0th House,0,0,0.7091,0.7091,Standard
2026-01-28 06:30:00,Parashara_Drishti,Venus,Capricorn,Ma Kết,"18°54'26.43""",Shravana,Moon,3,Mercury,Capricorn,Ma Kết,"18°11'53.80""",Shravana,Moon,3,0th House,0,0,359.2909,0.7091,Standard
2026-01-28 06:45:00,Parashara_Drishti,Mercury,Capricorn,Ma Kết,"18°12'59.00""",Shravana,Moon,3,Venus,Capricorn,Ma Kết,"18°55'13.52""",Shravana,Moon,3,0th House,0,0,0.704,0.704,Standard
2026-01-28 06:45:00,Parashara_Drishti,Venus,Capricorn,Ma Kết,"18°55'13.52""",Shravana,Moon,3,Mercury,Capricorn,Ma Kết,"18°12'59.00""",Shravana,Moon,3,0th House,0,0,359.296,0.704,Standard
2026-01-28 07:00:00,Parashara_Drishti,Mercury,Capricorn,Ma Kết,"18°14'04.21""",Shravana,Moon,3,Venus,Capricorn,Ma Kết,"18°56'00.60""",Shravana,Moon,3,0th House,0,0,0.699,0.699,Standard
2026-01-28 07:00:00,Parashara_Drishti,Venus,Capricorn,Ma Kết,"18°56'00.60""",Shravana,Moon,3,Mercury,Capricorn,Ma Kết,"18°14'04.21""",Shravana,Moon,3,0th House,0,0,359.301,0.699,Standard
2026-01-28 07:15:00,Parashara_Drishti,Mercury,Capricorn,Ma Kết,"18°15'09.42""",Shravana,Moon,3,Venus,Capricorn,Ma Kết,"18°56'47.69""",Shravana,Moon,3,0th House,0,0,0.694,0.694,Standard
2026-01-28 07:15:00,Parashara_Drishti,Venus,Capricorn,Ma Kết,"18°56'47.69""",Shravana,Moon,3,Mercury,Capricorn,Ma Kết,"18°15'09.42""",Shravana,Moon,3,0th House,0,0,359.306,0.694,Standard
2026-01-28 07:30:00,Parashara_Drishti,Mercury,Capricorn,Ma Kết,"18°16'14.63""",Shravana,Moon,3,Venus,Capricorn,Ma Kết,"18°57'34.77""",Shravana,Moon,3,0th House,0,0,0.6889,0.6889,Standard
2026-01-28 07:30:00,Parashara_Drishti,Venus,Capricorn,Ma Kết,"18°57'34.77""",Shravana,Moon,3,Mercury,Capricorn,Ma Kết,"18°16'14.63""",Shravana,Moon,3,0th House,0,0,359.3111,0.6889,Standard
2026-01-28 07:45:00,Parashara_Drishti,Mercury,Capricorn,Ma Kết,"18°17'19.85""",Shravana,Moon,3,Venus,Capricorn,Ma Kết,"18°58'21.85""",Shravana,Moon,3,0th House,0,0,0.6839,0.6839,Standard
2026-01-28 07:45:00,Parashara_Drishti,Venus,Capricorn,Ma Kết,"18°58'21.85""",Shravana,Moon,3,Mercury,Capricorn,Ma Kết,"18°17'19.85""",Shravana,Moon,3,0th House,0,0,359.3161,0.6839,Standard
2026-01-28 08:00:00,Parashara_Drishti,Mercury,Capricorn,Ma Kết,"18°18'25.06""",Shravana,Moon,3,Venus,Capricorn,Ma Kết,"18°59'08.94""",Shravana,Moon,3,0th House,0,0,0.6789,0.6789,Standard
2026-01-28 08:00:00,Parashara_Drishti,Venus,Capricorn,Ma Kết,"18°59'08.94""",Shravana,Moon,3,Mercury,Capricorn,Ma Kết,"18°18'25.06""",Shravana,Moon,3,0th House,0,0,359.3211,0.6789,Standard
2026-01-28 08:15:00,Parashara_Drishti,Mercury,Capricorn,Ma Kết,"18°19'30.29""",Shravana,Moon,3,Venus,Capricorn,Ma Kết,"18°59'56.02""",Shravana,Moon,3,0th House,0,0,0.6738,0.6738,Standard
2026-01-28 08:15:00,Parashara_Drishti,Venus,Capricorn,Ma Kết,"18°59'56.02""",Shravana,Moon,3,Mercury,Capricorn,Ma Kết,"18°19'30.29""",Shravana,Moon,3,0th House,0,0,359.3262,0.6738,Standard
2026-01-28 08:30:00,Parashara_Drishti,Mercury,Capricorn,Ma Kết,"18°20'35.51""",Shravana,Moon,3,Venus,Capricorn,Ma Kết,"19°00'43.11""",Shravana,Moon,3,0th House,0,0,0.6688,0.6688,Standard
2026-01-28 08:30:00,Parashara_Drishti,Venus,Capricorn,Ma Kết,"19°00'43.11""",Shravana,Moon,3,Mercury,Capricorn,Ma Kết,"18°20'35.51""",Shravana,Moon,3,0th House,0,0,359.3312,0.6688,Standard
2026-01-28 08:45:00,Parashara_Drishti,Mercury,Capricorn,Ma Kết,"18°21'40.74""",Shravana,Moon,3,Venus,Capricorn,Ma Kết,"19°01'30.19""",Shravana,Moon,3,0th House,0,0,0.6637,0.6637,Standard
2026-01-28 08:45:00,Parashara_Drishti,Venus,Capricorn,Ma Kết,"19°01'30.19""",Shravana,Moon,3,Mercury,Capricorn,Ma Kết,"18°21'40.74""",Shravana,Moon,3,0th House,0,0,359.3363,0.6637,Standard
2026-01-28 09:00:00,Parashara_Drishti,Mercury,Capricorn,Ma Kết,"18°22'45.98""",Shravana,Moon,3,Venus,Capricorn,Ma Kết,"19°02'17.27""",Shravana,Moon,3,0th House,0,0,0.6587,0.6587,Standard
2026-01-28 09:00:00,Parashara_Drishti,Venus,Capricorn,Ma Kết,"19°02'17.27""",Shravana,Moon,3,Mercury,Capricorn,Ma Kết,"18°22'45.98""",Shravana,Moon,3,0th House,0,0,359.3413,0.6587,Standard
2026-01-28 09:15:00,Parashara_Drishti,Mercury,Capricorn,Ma Kết,"18°23'51.21""",Shravana,Moon,3,Venus,Capricorn,Ma Kết,"19°03'04.36""",Shravana,Moon,3,0th House,0,0,0.6537,0.6537,Standard
2026-01-28 09:15:00,Parashara_Drishti,Venus,Capricorn,Ma Kết,"19°03'04.36""",Shravana,Moon,3,Mercury,Capricorn,Ma Kết,"18°23'51.21""",Shravana,Moon,3,0th House,0,0,359.3463,0.6537,Standard
2026-01-28 09:30:00,Parashara_Drishti,Mercury,Capricorn,Ma Kết,"18°24'56.45""",Shravana,Moon,3,Venus,Capricorn,Ma Kết,"19°03'51.44""",Shravana,Moon,3,0th House,0,0,0.6486,0.6486,Standard
2026-01-28 09:30:00,Parashara_Drishti,Venus,Capricorn,Ma Kết,"19°03'51.44""",Shravana,Moon,3,Mercury,Capricorn,Ma Kết,"18°24'56.45""",Shravana,Moon,3,0th House,0,0,359.3514,0.6486,Standard
2026-01-28 09:45:00,Parashara_Drishti,Mercury,Capricorn,Ma Kết,"18°26'01.69""",Shravana,Moon,3,Venus,Capricorn,Ma Kết,"19°04'38.52""",Shravana,Moon,3,0th House,0,0,0.6436,0.6436,Standard
2026-01-28 09:45:00,Parashara_Drishti,Venus,Capricorn,Ma Kết,"19°04'38.52""",Shravana,Moon,3,Mercury,Capricorn,Ma Kết,"18°26'01.69""",Shravana,Moon,3,0th House,0,0,359.3564,0.6436,Standard
2026-01-28 10:00:00,Parashara_Drishti,Mercury,Capricorn,Ma Kết,"18°27'06.94""",Shravana,Moon,3,Venus,Capricorn,Ma Kết,"19°05'25.61""",Shravana,Moon,3,0th House,0,0,0.6385,0.6385,Standard
2026-01-28 10:00:00,Parashara_Drishti,Venus,Capricorn,Ma Kết,"19°05'25.61""",Shravana,Moon,3,Mercury,Capricorn,Ma Kết,"18°27'06.94""",Shravana,Moon,3,0th House,0,0,359.3615,0.6385,Standard
2026-01-28 10:15:00,Parashara_Drishti,Mercury,Capricorn,Ma Kết,"18°28'12.19""",Shravana,Moon,3,Venus,Capricorn,Ma Kết,"19°06'12.69""",Shravana,Moon,3,0th House,0,0,0.6335,0.6335,Standard
2026-01-28 10:15:00,Parashara_Drishti,Venus,Capricorn,Ma Kết,"19°06'12.69""",Shravana,Moon,3,Mercury,Capricorn,Ma Kết,"18°28'12.19""",Shravana,Moon,3,0th House,0,0,359.3665,0.6335,Standard
2026-01-28 10:30:00,Parashara_Drishti,Mercury,Capricorn,Ma Kết,"18°29'17.44""",Shravana,Moon,3,Venus,Capricorn,Ma Kết,"19°06'59.77""",Shravana,Moon,3,0th House,0,0,0.6284,0.6284,Standard
2026-01-28 10:30:00,Parashara_Drishti,Venus,Capricorn,Ma Kết,"19°06'59.77""",Shravana,Moon,3,Mercury,Capricorn,Ma Kết,"18°29'17.44""",Shravana,Moon,3,0th House,0,0,359.3716,0.6284,Standard
2026-01-28 10:45:00,Parashara_Drishti,Mercury,Capricorn,Ma Kết,"18°30'22.70""",Shravana,Moon,3,Venus,Capricorn,Ma Kết,"19°07'46.86""",Shravana,Moon,3,0th House,0,0,0.6234,0.6234,Standard
2026-01-28 10:45:00,Parashara_Drishti,Venus,Capricorn,Ma Kết,"19°07'46.86""",Shravana,Moon,3,Mercury,Capricorn,Ma Kết,"18°30'22.70""",Shravana,Moon,3,0th House,0,0,359.3766,0.6234,Standard
2026-01-28 11:00:00,Parashara_Drishti,Mercury,Capricorn,Ma Kết,"18°31'27.96""",Shravana,Moon,3,Venus,Capricorn,Ma Kết,"19°08'33.94""",Shravana,Moon,3,0th House,0,0,0.6183,0.6183,Standard
2026-01-28 11:00:00,Parashara_Drishti,Venus,Capricorn,Ma Kết,"19°08'33.94""",Shravana,Moon,3,Mercury,Capricorn,Ma Kết,"18°31'27.96""",Shravana,Moon,3,0th House,0,0,359.3817,0.6183,Standard
2026-01-28 11:15:00,Parashara_Drishti,Mercury,Capricorn,Ma Kết,"18°32'33.22""",Shravana,Moon,3,Venus,Capricorn,Ma Kết,"19°09'21.02""",Shravana,Moon,3,0th House,0,0,0.6133,0.6133,Standard
2026-01-28 11:15:00,Parashara_Drishti,Venus,Capricorn,Ma Kết,"19°09'21.02""",Shravana,Moon,3,Mercury,Capricorn,Ma Kết,"18°32'33.22""",Shravana,Moon,3,0th House,0,0,359.3867,0.6133,Standard
2026-01-28 11:30:00,Parashara_Drishti,Mercury,Capricorn,Ma Kết,"18°33'38.48""",Shravana,Moon,3,Venus,Capricorn,Ma Kết,"19°10'08.10""",Shravana,Moon,3,0th House,0,0,0.6082,0.6082,Standard
2026-01-28 11:30:00,Parashara_Drishti,Venus,Capricorn,Ma Kết,"19°10'08.10""",Shravana,Moon,3,Mercury,Capricorn,Ma Kết,"18°33'38.48""",Shravana,Moon,3,0th House,0,0,359.3918,0.6082,Standard
2026-01-28 11:45:00,Parashara_Drishti,Mercury,Capricorn,Ma Kết,"18°34'43.75""",Shravana,Moon,3,Venus,Capricorn,Ma Kết,"19°10'55.19""",Shravana,Moon,3,0th House,0,0,0.6032,0.6032,Standard
2026-01-28 11:45:00,Parashara_Drishti,Venus,Capricorn,Ma Kết,"19°10'55.19""",Shravana,Moon,3,Mercury,Capricorn,Ma Kết,"18°34'43.75""",Shravana,Moon,3,0th House,0,0,359.3968,0.6032,Standard
2026-01-28 12:00:00,Parashara_Drishti,Mercury,Capricorn,Ma Kết,"18°35'49.03""",Shravana,Moon,3,Venus,Capricorn,Ma Kết,"19°11'42.27""",Shravana,Moon,3,0th House,0,0,0.5981,0.5981,Standard
2026-01-28 12:00:00,Parashara_Drishti,Venus,Capricorn,Ma Kết,"19°11'42.27""",Shravana,Moon,3,Mercury,Capricorn,Ma Kết,"18°35'49.03""",Shravana,Moon,3,0th House,0,0,359.4019,0.5981,Standard
2026-01-28 12:15:00,Parashara_Drishti,Mercury,Capricorn,Ma Kết,"18°36'54.30""",Shravana,Moon,3,Venus,Capricorn,Ma Kết,"19°12'29.35""",Shravana,Moon,3,0th House,0,0,0.5931,0.5931,Standard
2026-01-28 12:15:00,Parashara_Drishti,Venus,Capricorn,Ma Kết,"19°12'29.35""",Shravana,Moon,3,Mercury,Capricorn,Ma Kết,"18°36'54.30""",Shravana,Moon,3,0th House,0,0,359.4069,0.5931,Standard
2026-01-28 12:30:00,Parashara_Drishti,Mercury,Capricorn,Ma Kết,"18°37'59.58""",Shravana,Moon,3,Venus,Capricorn,Ma Kết,"19°13'16.43""",Shravana,Moon,3,0th House,0,0,0.588,0.588,Standard
2026-01-28 12:30:00,Parashara_Drishti,Venus,Capricorn,Ma Kết,"19°13'16.43""",Shravana,Moon,3,Mercury,Capricorn,Ma Kết,"18°37'59.58""",Shravana,Moon,3,0th House,0,0,359.412,0.588,Standard
2026-01-28 12:45:00,Parashara_Drishti,Mercury,Capricorn,Ma Kết,"18°39'04.86""",Shravana,Moon,3,Venus,Capricorn,Ma Kết,"19°14'03.52""",Shravana,Moon,3,0th House,0,0,0.583,0.583,Standard
2026-01-28 12:45:00,Parashara_Drishti,Venus,Capricorn,Ma Kết,"19°14'03.52""",Shravana,Moon,3,Mercury,Capricorn,Ma Kết,"18°39'04.86""",Shravana,Moon,3,0th House,0,0,359.417,0.583,Standard
2026-01-28 13:00:00,Parashara_Drishti,Mercury,Capricorn,Ma Kết,"18°40'10.15""",Shravana,Moon,3,Venus,Capricorn,Ma Kết,"19°14'50.60""",Shravana,Moon,3,0th House,0,0,0.5779,0.5779,Standard
2026-01-28 13:00:00,Parashara_Drishti,Venus,Capricorn,Ma Kết,"19°14'50.60""",Shravana,Moon,3,Mercury,Capricorn,Ma Kết,"18°40'10.15""",Shravana,Moon,3,0th House,0,0,359.4221,0.5779,Standard
2026-01-28 13:15:00,Parashara_Drishti,Mercury,Capricorn,Ma Kết,"18°41'15.43""",Shravana,Moon,3,Venus,Capricorn,Ma Kết,"19°15'37.68""",Shravana,Moon,3,0th House,0,0,0.5728,0.5728,Standard
2026-01-28 13:15:00,Parashara_Drishti,Venus,Capricorn,Ma Kết,"19°15'37.68""",Shravana,Moon,3,Mercury,Capricorn,Ma Kết,"18°41'15.43""",Shravana,Moon,3,0th House,0,0,359.4272,0.5728,Standard
2026-01-28 13:30:00,Parashara_Drishti,Mercury,Capricorn,Ma Kết,"18°42'20.73""",Shravana,Moon,3,Venus,Capricorn,Ma Kết,"19°16'24.76""",Shravana,Moon,3,0th House,0,0,0.5678,0.5678,Standard
2026-01-28 13:30:00,Parashara_Drishti,Venus,Capricorn,Ma Kết,"19°16'24.76""",Shravana,Moon,3,Mercury,Capricorn,Ma Kết,"18°42'20.73""",Shravana,Moon,3,0th House,0,0,359.4322,0.5678,Standard
2026-01-28 13:45:00,Parashara_Drishti,Mercury,Capricorn,Ma Kết,"18°43'26.02""",Shravana,Moon,3,Venus,Capricorn,Ma Kết,"19°17'11.84""",Shravana,Moon,3,0th House,0,0,0.5627,0.5627,Standard
2026-01-28 13:45:00,Parashara_Drishti,Venus,Capricorn,Ma Kết,"19°17'11.84""",Shravana,Moon,3,Mercury,Capricorn,Ma Kết,"18°43'26.02""",Shravana,Moon,3,0th House,0,0,359.4373,0.5627,Standard
2026-01-28 14:00:00,Parashara_Drishti,Mercury,Capricorn,Ma Kết,"18°44'31.32""",Shravana,Moon,3,Venus,Capricorn,Ma Kết,"19°17'58.93""",Shravana,Moon,3,0th House,0,0,0.5577,0.5577,Standard
2026-01-28 14:00:00,Parashara_Drishti,Venus,Capricorn,Ma Kết,"19°17'58.93""",Shravana,Moon,3,Mercury,Capricorn,Ma Kết,"18°44'31.32""",Shravana,Moon,3,0th House,0,0,359.4423,0.5577,Standard
2026-01-28 14:15:00,Parashara_Drishti,Mercury,Capricorn,Ma Kết,"18°45'36.62""",Shravana,Moon,3,Venus,Capricorn,Ma Kết,"19°18'46.01""",Shravana,Moon,3,0th House,0,0,0.5526,0.5526,Standard
2026-01-28 14:15:00,Parashara_Drishti,Venus,Capricorn,Ma Kết,"19°18'46.01""",Shravana,Moon,3,Mercury,Capricorn,Ma Kết,"18°45'36.62""",Shravana,Moon,3,0th House,0,0,359.4474,0.5526,Standard
2026-01-28 14:30:00,Parashara_Drishti,Mercury,Capricorn,Ma Kết,"18°46'41.93""",Shravana,Moon,3,Venus,Capricorn,Ma Kết,"19°19'33.09""",Shravana,Moon,3,0th House,0,0,0.5475,0.5475,Standard
2026-01-28 14:30:00,Parashara_Drishti,Venus,Capricorn,Ma Kết,"19°19'33.09""",Shravana,Moon,3,Mercury,Capricorn,Ma Kết,"18°46'41.93""",Shravana,Moon,3,0th House,0,0,359.4525,0.5475,Standard
2026-01-28 14:45:00,Parashara_Drishti,Mercury,Capricorn,Ma Kết,"18°47'47.23""",Shravana,Moon,3,Venus,Capricorn,Ma Kết,"19°20'20.17""",Shravana,Moon,3,0th House,0,0,0.5425,0.5425,Standard
2026-01-28 14:45:00,Parashara_Drishti,Venus,Capricorn,Ma Kết,"19°20'20.17""",Shravana,Moon,3,Mercury,Capricorn,Ma Kết,"18°47'47.23""",Shravana,Moon,3,0th House,0,0,359.4575,0.5425,Standard
2026-01-28 15:00:00,Parashara_Drishti,Mercury,Capricorn,Ma Kết,"18°48'52.54""",Shravana,Moon,3,Venus,Capricorn,Ma Kết,"19°21'07.25""",Shravana,Moon,3,0th House,0,0,0.5374,0.5374,Standard
2026-01-28 15:00:00,Parashara_Drishti,Venus,Capricorn,Ma Kết,"19°21'07.25""",Shravana,Moon,3,Mercury,Capricorn,Ma Kết,"18°48'52.54""",Shravana,Moon,3,0th House,0,0,359.4626,0.5374,Standard
2026-01-28 15:15:00,Parashara_Drishti,Mercury,Capricorn,Ma Kết,"18°49'57.86""",Shravana,Moon,3,Venus,Capricorn,Ma Kết,"19°21'54.33""",Shravana,Moon,3,0th House,0,0,0.5324,0.5324,Standard
2026-01-28 15:15:00,Parashara_Drishti,Venus,Capricorn,Ma Kết,"19°21'54.33""",Shravana,Moon,3,Mercury,Capricorn,Ma Kết,"18°49'57.86""",Shravana,Moon,3,0th House,0,0,359.4676,0.5324,Standard
2026-01-28 15:30:00,Parashara_Drishti,Mercury,Capricorn,Ma Kết,"18°51'03.18""",Shravana,Moon,3,Venus,Capricorn,Ma Kết,"19°22'41.41""",Shravana,Moon,3,0th House,0,0,0.5273,0.5273,Standard
2026-01-28 15:30:00,Parashara_Drishti,Venus,Capricorn,Ma Kết,"19°22'41.41""",Shravana,Moon,3,Mercury,Capricorn,Ma Kết,"18°51'03.18""",Shravana,Moon,3,0th House,0,0,359.4727,0.5273,Standard
2026-01-28 15:45:00,Parashara_Drishti,Mercury,Capricorn,Ma Kết,"18°52'08.50""",Shravana,Moon,3,Venus,Capricorn,Ma Kết,"19°23'28.50""",Shravana,Moon,3,0th House,0,0,0.5222,0.5222,Standard
2026-01-28 15:45:00,Parashara_Drishti,Venus,Capricorn,Ma Kết,"19°23'28.50""",Shravana,Moon,3,Mercury,Capricorn,Ma Kết,"18°52'08.50""",Shravana,Moon,3,0th House,0,0,359.4778,0.5222,Standard
2026-01-28 16:00:00,Parashara_Drishti,Mercury,Capricorn,Ma Kết,"18°53'13.82""",Shravana,Moon,3,Venus,Capricorn,Ma Kết,"19°24'15.58""",Shravana,Moon,3,0th House,0,0,0.5172,0.5172,Standard
2026-01-28 16:00:00,Parashara_Drishti,Venus,Capricorn,Ma Kết,"19°24'15.58""",Shravana,Moon,3,Mercury,Capricorn,Ma Kết,"18°53'13.82""",Shravana,Moon,3,0th House,0,0,359.4828,0.5172,Standard
2026-01-28 16:15:00,Parashara_Drishti,Mercury,Capricorn,Ma Kết,"18°54'19.15""",Shravana,Moon,3,Venus,Capricorn,Ma Kết,"19°25'02.66""",Shravana,Moon,3,0th House,0,0,0.5121,0.5121,Standard
2026-01-28 16:15:00,Parashara_Drishti,Venus,Capricorn,Ma Kết,"19°25'02.66""",Shravana,Moon,3,Mercury,Capricorn,Ma Kết,"18°54'19.15""",Shravana,Moon,3,0th House,0,0,359.4879,0.5121,Standard
2026-01-28 16:30:00,Parashara_Drishti,Mercury,Capricorn,Ma Kết,"18°55'24.48""",Shravana,Moon,3,Venus,Capricorn,Ma Kết,"19°25'49.74""",Shravana,Moon,3,0th House,0,0,0.507,0.507,Standard
2026-01-28 16:30:00,Parashara_Drishti,Venus,Capricorn,Ma Kết,"19°25'49.74""",Shravana,Moon,3,Mercury,Capricorn,Ma Kết,"18°55'24.48""",Shravana,Moon,3,0th House,0,0,359.493,0.507,Standard
2026-01-28 16:45:00,Parashara_Drishti,Mercury,Capricorn,Ma Kết,"18°56'29.81""",Shravana,Moon,3,Venus,Capricorn,Ma Kết,"19°26'36.82""",Shravana,Moon,3,0th House,0,0,0.5019,0.5019,Standard
2026-01-28 16:45:00,Parashara_Drishti,Venus,Capricorn,Ma Kết,"19°26'36.82""",Shravana,Moon,3,Mercury,Capricorn,Ma Kết,"18°56'29.81""",Shravana,Moon,3,0th House,0,0,359.4981,0.5019,Standard
2026-01-28 17:00:00,Parashara_Drishti,Mercury,Capricorn,Ma Kết,"18°57'35.15""",Shravana,Moon,3,Venus,Capricorn,Ma Kết,"19°27'23.90""",Shravana,Moon,3,0th House,0,0,0.4969,0.4969,Standard
2026-01-28 17:00:00,Parashara_Drishti,Venus,Capricorn,Ma Kết,"19°27'23.90""",Shravana,Moon,3,Mercury,Capricorn,Ma Kết,"18°57'35.15""",Shravana,Moon,3,0th House,0,0,359.5031,0.4969,Standard
2026-01-28 17:15:00,Parashara_Drishti,Mercury,Capricorn,Ma Kết,"18°58'40.49""",Shravana,Moon,3,Venus,Capricorn,Ma Kết,"19°28'10.98""",Shravana,Moon,3,0th House,0,0,0.4918,0.4918,Standard
2026-01-28 17:15:00,Parashara_Drishti,Venus,Capricorn,Ma Kết,"19°28'10.98""",Shravana,Moon,3,Mercury,Capricorn,Ma Kết,"18°58'40.49""",Shravana,Moon,3,0th House,0,0,359.5082,0.4918,Standard
2026-01-28 17:30:00,Parashara_Drishti,Mercury,Capricorn,Ma Kết,"18°59'45.83""",Shravana,Moon,3,Venus,Capricorn,Ma Kết,"19°28'58.06""",Shravana,Moon,3,0th House,0,0,0.4867,0.4867,Standard
2026-01-28 17:30:00,Parashara_Drishti,Venus,Capricorn,Ma Kết,"19°28'58.06""",Shravana,Moon,3,Mercury,Capricorn,Ma Kết,"18°59'45.83""",Shravana,Moon,3,0th House,0,0,359.5133,0.4867,Standard
2026-01-28 17:45:00,Parashara_Drishti,Mercury,Capricorn,Ma Kết,"19°00'51.18""",Shravana,Moon,3,Venus,Capricorn,Ma Kết,"19°29'45.14""",Shravana,Moon,3,0th House,0,0,0.4817,0.4817,Standard
2026-01-28 17:45:00,Parashara_Drishti,Venus,Capricorn,Ma Kết,"19°29'45.14""",Shravana,Moon,3,Mercury,Capricorn,Ma Kết,"19°00'51.18""",Shravana,Moon,3,0th House,0,0,359.5183,0.4817,Standard
2026-01-28 18:00:00,Parashara_Drishti,Mercury,Capricorn,Ma Kết,"19°01'56.53""",Shravana,Moon,3,Venus,Capricorn,Ma Kết,"19°30'32.22""",Shravana,Moon,3,0th House,0,0,0.4766,0.4766,Standard
2026-01-28 18:00:00,Parashara_Drishti,Venus,Capricorn,Ma Kết,"19°30'32.22""",Shravana,Moon,3,Mercury,Capricorn,Ma Kết,"19°01'56.53""",Shravana,Moon,3,0th House,0,0,359.5234,0.4766,Standard
2026-01-28 18:15:00,Parashara_Drishti,Mercury,Capricorn,Ma Kết,"19°03'01.88""",Shravana,Moon,3,Venus,Capricorn,Ma Kết,"19°31'19.30""",Shravana,Moon,3,0th House,0,0,0.4715,0.4715,Standard
2026-01-28 18:15:00,Parashara_Drishti,Venus,Capricorn,Ma Kết,"19°31'19.30""",Shravana,Moon,3,Mercury,Capricorn,Ma Kết,"19°03'01.88""",Shravana,Moon,3,0th House,0,0,359.5285,0.4715,Standard
2026-01-28 18:30:00,Parashara_Drishti,Mercury,Capricorn,Ma Kết,"19°04'07.24""",Shravana,Moon,3,Venus,Capricorn,Ma Kết,"19°32'06.38""",Shravana,Moon,3,0th House,0,0,0.4664,0.4664,Standard
2026-01-28 18:30:00,Parashara_Drishti,Venus,Capricorn,Ma Kết,"19°32'06.38""",Shravana,Moon,3,Mercury,Capricorn,Ma Kết,"19°04'07.24""",Shravana,Moon,3,0th House,0,0,359.5336,0.4664,Standard
2026-01-28 18:45:00,Parashara_Drishti,Mercury,Capricorn,Ma Kết,"19°05'12.60""",Shravana,Moon,3,Venus,Capricorn,Ma Kết,"19°32'53.46""",Shravana,Moon,3,0th House,0,0,0.4614,0.4614,Standard
2026-01-28 18:45:00,Parashara_Drishti,Venus,Capricorn,Ma Kết,"19°32'53.46""",Shravana,Moon,3,Mercury,Capricorn,Ma Kết,"19°05'12.60""",Shravana,Moon,3,0th House,0,0,359.5386,0.4614,Standard
2026-01-28 19:00:00,Parashara_Drishti,Mercury,Capricorn,Ma Kết,"19°06'17.96""",Shravana,Moon,3,Venus,Capricorn,Ma Kết,"19°33'40.54""",Shravana,Moon,3,0th House,0,0,0.4563,0.4563,Standard
2026-01-28 19:00:00,Parashara_Drishti,Venus,Capricorn,Ma Kết,"19°33'40.54""",Shravana,Moon,3,Mercury,Capricorn,Ma Kết,"19°06'17.96""",Shravana,Moon,3,0th House,0,0,359.5437,0.4563,Standard
2026-01-28 19:15:00,Parashara_Drishti,Mercury,Capricorn,Ma Kết,"19°07'23.33""",Shravana,Moon,3,Venus,Capricorn,Ma Kết,"19°34'27.62""",Shravana,Moon,3,0th House,0,0,0.4512,0.4512,Standard
2026-01-28 19:15:00,Parashara_Drishti,Venus,Capricorn,Ma Kết,"19°34'27.62""",Shravana,Moon,3,Mercury,Capricorn,Ma Kết,"19°07'23.33""",Shravana,Moon,3,0th House,0,0,359.5488,0.4512,Standard
2026-01-28 19:30:00,Parashara_Drishti,Mercury,Capricorn,Ma Kết,"19°08'28.69""",Shravana,Moon,3,Venus,Capricorn,Ma Kết,"19°35'14.70""",Shravana,Moon,3,0th House,0,0,0.4461,0.4461,Standard
2026-01-28 19:30:00,Parashara_Drishti,Venus,Capricorn,Ma Kết,"19°35'14.70""",Shravana,Moon,3,Mercury,Capricorn,Ma Kết,"19°08'28.69""",Shravana,Moon,3,0th House,0,0,359.5539,0.4461,Standard
2026-01-28 19:45:00,Parashara_Drishti,Mercury,Capricorn,Ma Kết,"19°09'34.07""",Shravana,Moon,3,Venus,Capricorn,Ma Kết,"19°36'01.78""",Shravana,Moon,3,0th House,0,0,0.441,0.441,Standard
2026-01-28 19:45:00,Parashara_Drishti,Venus,Capricorn,Ma Kết,"19°36'01.78""",Shravana,Moon,3,Mercury,Capricorn,Ma Kết,"19°09'34.07""",Shravana,Moon,3,0th House,0,0,359.559,0.441,Standard
2026-01-28 20:00:00,Parashara_Drishti,Mercury,Capricorn,Ma Kết,"19°10'39.44""",Shravana,Moon,3,Venus,Capricorn,Ma Kết,"19°36'48.86""",Shravana,Moon,3,0th House,0,0,0.436,0.436,Standard
2026-01-28 20:00:00,Parashara_Drishti,Venus,Capricorn,Ma Kết,"19°36'48.86""",Shravana,Moon,3,Mercury,Capricorn,Ma Kết,"19°10'39.44""",Shravana,Moon,3,0th House,0,0,359.564,0.436,Standard
2026-01-28 20:15:00,Parashara_Drishti,Mercury,Capricorn,Ma Kết,"19°11'44.82""",Shravana,Moon,3,Venus,Capricorn,Ma Kết,"19°37'35.94""",Shravana,Moon,3,0th House,0,0,0.4309,0.4309,Standard
2026-01-28 20:15:00,Parashara_Drishti,Venus,Capricorn,Ma Kết,"19°37'35.94""",Shravana,Moon,3,Mercury,Capricorn,Ma Kết,"19°11'44.82""",Shravana,Moon,3,0th House,0,0,359.5691,0.4309,Standard
2026-01-28 20:30:00,Parashara_Drishti,Mercury,Capricorn,Ma Kết,"19°12'50.20""",Shravana,Moon,3,Venus,Capricorn,Ma Kết,"19°38'23.02""",Shravana,Moon,3,0th House,0,0,0.4258,0.4258,Standard
2026-01-28 20:30:00,Parashara_Drishti,Venus,Capricorn,Ma Kết,"19°38'23.02""",Shravana,Moon,3,Mercury,Capricorn,Ma Kết,"19°12'50.20""",Shravana,Moon,3,0th House,0,0,359.5742,0.4258,Standard
2026-01-28 20:45:00,Parashara_Drishti,Mercury,Capricorn,Ma Kết,"19°13'55.59""",Shravana,Moon,3,Venus,Capricorn,Ma Kết,"19°39'10.10""",Shravana,Moon,3,0th House,0,0,0.4207,0.4207,Standard
2026-01-28 20:45:00,Parashara_Drishti,Venus,Capricorn,Ma Kết,"19°39'10.10""",Shravana,Moon,3,Mercury,Capricorn,Ma Kết,"19°13'55.59""",Shravana,Moon,3,0th House,0,0,359.5793,0.4207,Standard
2026-01-28 21:00:00,Parashara_Drishti,Mercury,Capricorn,Ma Kết,"19°15'00.98""",Shravana,Moon,3,Venus,Capricorn,Ma Kết,"19°39'57.18""",Shravana,Moon,3,0th House,0,0,0.4156,0.4156,Standard
2026-01-28 21:00:00,Parashara_Drishti,Venus,Capricorn,Ma Kết,"19°39'57.18""",Shravana,Moon,3,Mercury,Capricorn,Ma Kết,"19°15'00.98""",Shravana,Moon,3,0th House,0,0,359.5844,0.4156,Standard
2026-01-28 21:15:00,Parashara_Drishti,Mercury,Capricorn,Ma Kết,"19°16'06.37""",Shravana,Moon,3,Venus,Capricorn,Ma Kết,"19°40'44.26""",Shravana,Moon,3,0th House,0,0,0.4105,0.4105,Standard
2026-01-28 21:15:00,Parashara_Drishti,Venus,Capricorn,Ma Kết,"19°40'44.26""",Shravana,Moon,3,Mercury,Capricorn,Ma Kết,"19°16'06.37""",Shravana,Moon,3,0th House,0,0,359.5895,0.4105,Standard
2026-01-28 21:30:00,Parashara_Drishti,Mercury,Capricorn,Ma Kết,"19°17'11.76""",Shravana,Moon,3,Venus,Capricorn,Ma Kết,"19°41'31.34""",Shravana,Moon,3,0th House,0,0,0.4054,0.4054,Standard
2026-01-28 21:30:00,Parashara_Drishti,Venus,Capricorn,Ma Kết,"19°41'31.34""",Shravana,Moon,3,Mercury,Capricorn,Ma Kết,"19°17'11.76""",Shravana,Moon,3,0th House,0,0,359.5946,0.4054,Standard
2026-01-28 21:45:00,Parashara_Drishti,Mercury,Capricorn,Ma Kết,"19°18'17.16""",Shravana,Moon,3,Venus,Capricorn,Ma Kết,"19°42'18.42""",Shravana,Moon,3,0th House,0,0,0.4004,0.4004,Standard
2026-01-28 21:45:00,Parashara_Drishti,Venus,Capricorn,Ma Kết,"19°42'18.42""",Shravana,Moon,3,Mercury,Capricorn,Ma Kết,"19°18'17.16""",Shravana,Moon,3,0th House,0,0,359.5996,0.4004,Standard
2026-01-28 22:00:00,Parashara_Drishti,Mercury,Capricorn,Ma Kết,"19°19'22.56""",Shravana,Moon,3,Venus,Capricorn,Ma Kết,"19°43'05.50""",Shravana,Moon,3,0th House,0,0,0.3953,0.3953,Standard
2026-01-28 22:00:00,Parashara_Drishti,Venus,Capricorn,Ma Kết,"19°43'05.50""",Shravana,Moon,3,Mercury,Capricorn,Ma Kết,"19°19'22.56""",Shravana,Moon,3,0th House,0,0,359.6047,0.3953,Standard
2026-01-28 22:15:00,Parashara_Drishti,Mercury,Capricorn,Ma Kết,"19°20'27.96""",Shravana,Moon,3,Venus,Capricorn,Ma Kết,"19°43'52.58""",Shravana,Moon,3,0th House,0,0,0.3902,0.3902,Standard
2026-01-28 22:15:00,Parashara_Drishti,Venus,Capricorn,Ma Kết,"19°43'52.58""",Shravana,Moon,3,Mercury,Capricorn,Ma Kết,"19°20'27.96""",Shravana,Moon,3,0th House,0,0,359.6098,0.3902,Standard
2026-01-28 22:30:00,Parashara_Drishti,Mercury,Capricorn,Ma Kết,"19°21'33.37""",Shravana,Moon,3,Venus,Capricorn,Ma Kết,"19°44'39.66""",Shravana,Moon,3,0th House,0,0,0.3851,0.3851,Standard
2026-01-28 22:30:00,Parashara_Drishti,Venus,Capricorn,Ma Kết,"19°44'39.66""",Shravana,Moon,3,Mercury,Capricorn,Ma Kết,"19°21'33.37""",Shravana,Moon,3,0th House,0,0,359.6149,0.3851,Standard
2026-01-28 22:45:00,Parashara_Drishti,Mercury,Capricorn,Ma Kết,"19°22'38.78""",Shravana,Moon,3,Venus,Capricorn,Ma Kết,"19°45'26.74""",Shravana,Moon,3,0th House,0,0,0.38,0.38,Standard
2026-01-28 22:45:00,Parashara_Drishti,Venus,Capricorn,Ma Kết,"19°45'26.74""",Shravana,Moon,3,Mercury,Capricorn,Ma Kết,"19°22'38.78""",Shravana,Moon,3,0th House,0,0,359.62,0.38,Standard
2026-01-28 23:00:00,Parashara_Drishti,Mercury,Capricorn,Ma Kết,"19°23'44.19""",Shravana,Moon,3,Venus,Capricorn,Ma Kết,"19°46'13.81""",Shravana,Moon,3,0th House,0,0,0.3749,0.3749,Standard
2026-01-28 23:00:00,Parashara_Drishti,Venus,Capricorn,Ma Kết,"19°46'13.81""",Shravana,Moon,3,Mercury,Capricorn,Ma Kết,"19°23'44.19""",Shravana,Moon,3,0th House,0,0,359.6251,0.3749,Standard
2026-01-28 23:15:00,Parashara_Drishti,Mercury,Capricorn,Ma Kết,"19°24'49.61""",Shravana,Moon,3,Venus,Capricorn,Ma Kết,"19°47'00.89""",Shravana,Moon,3,0th House,0,0,0.3698,0.3698,Standard
2026-01-28 23:15:00,Parashara_Drishti,Venus,Capricorn,Ma Kết,"19°47'00.89""",Shravana,Moon,3,Mercury,Capricorn,Ma Kết,"19°24'49.61""",Shravana,Moon,3,0th House,0,0,359.6302,0.3698,Standard
2026-01-28 23:30:00,Parashara_Drishti,Mercury,Capricorn,Ma Kết,"19°25'55.03""",Shravana,Moon,3,Venus,Capricorn,Ma Kết,"19°47'47.97""",Shravana,Moon,3,0th House,0,0,0.3647,0.3647,Standard
2026-01-28 23:30:00,Parashara_Drishti,Venus,Capricorn,Ma Kết,"19°47'47.97""",Shravana,Moon,3,Mercury,Capricorn,Ma Kết,"19°25'55.03""",Shravana,Moon,3,0th House,0,0,359.6353,0.3647,Standard
2026-01-28 23:45:00,Parashara_Drishti,Mercury,Capricorn,Ma Kết,"19°27'00.45""",Shravana,Moon,3,Venus,Capricorn,Ma Kết,"19°48'35.05""",Shravana,Moon,3,0th House,0,0,0.3596,0.3596,Standard
2026-01-28 23:45:00,Parashara_Drishti,Venus,Capricorn,Ma Kết,"19°48'35.05""",Shravana,Moon,3,Mercury,Capricorn,Ma Kết,"19°27'00.45""",Shravana,Moon,3,0th House,0,0,359.6404,0.3596,Standard
2026-01-29 00:00:00,Parashara_Drishti,Mercury,Capricorn,Ma Kết,"19°28'05.88""",Shravana,Moon,3,Venus,Capricorn,Ma Kết,"19°49'22.13""",Shravana,Moon,3,0th House,0,0,0.3545,0.3545,Standard
2026-01-29 00:00:00,Parashara_Drishti,Venus,Capricorn,Ma Kết,"19°49'22.13""",Shravana,Moon,3,Mercury,Capricorn,Ma Kết,"19°28'05.88""",Shravana,Moon,3,0th House,0,0,359.6455,0.3545,Standard
2026-01-29 00:15:00,Parashara_Drishti,Mercury,Capricorn,Ma Kết,"19°29'11.31""",Shravana,Moon,3,Venus,Capricorn,Ma Kết,"19°50'09.21""",Shravana,Moon,3,0th House,0,0,0.3494,0.3494,Standard
2026-01-29 00:15:00,Parashara_Drishti,Venus,Capricorn,Ma Kết,"19°50'09.21""",Shravana,Moon,3,Mercury,Capricorn,Ma Kết,"19°29'11.31""",Shravana,Moon,3,0th House,0,0,359.6506,0.3494,Standard
2026-01-29 00:30:00,Parashara_Drishti,Mercury,Capricorn,Ma Kết,"19°30'16.74""",Shravana,Moon,3,Venus,Capricorn,Ma Kết,"19°50'56.28""",Shravana,Moon,3,0th House,0,0,0.3443,0.3443,Standard
2026-01-29 00:30:00,Parashara_Drishti,Venus,Capricorn,Ma Kết,"19°50'56.28""",Shravana,Moon,3,Mercury,Capricorn,Ma Kết,"19°30'16.74""",Shravana,Moon,3,0th House,0,0,359.6557,0.3443,Standard
2026-01-29 00:45:00,Parashara_Drishti,Mercury,Capricorn,Ma Kết,"19°31'22.18""",Shravana,Moon,3,Venus,Capricorn,Ma Kết,"19°51'43.36""",Shravana,Moon,3,0th House,0,0,0.3392,0.3392,Standard
2026-01-29 00:45:00,Parashara_Drishti,Venus,Capricorn,Ma Kết,"19°51'43.36""",Shravana,Moon,3,Mercury,Capricorn,Ma Kết,"19°31'22.18""",Shravana,Moon,3,0th House,0,0,359.6608,0.3392,Standard
2026-01-29 01:00:00,Parashara_Drishti,Mercury,Capricorn,Ma Kết,"19°32'27.61""",Shravana,Moon,3,Venus,Capricorn,Ma Kết,"19°52'30.44""",Shravana,Moon,3,0th House,0,0,0.3341,0.3341,Standard
2026-01-29 01:00:00,Parashara_Drishti,Venus,Capricorn,Ma Kết,"19°52'30.44""",Shravana,Moon,3,Mercury,Capricorn,Ma Kết,"19°32'27.61""",Shravana,Moon,3,0th House,0,0,359.6659,0.3341,Standard
2026-01-29 01:15:00,Parashara_Drishti,Mercury,Capricorn,Ma Kết,"19°33'33.06""",Shravana,Moon,3,Venus,Capricorn,Ma Kết,"19°53'17.52""",Shravana,Moon,3,0th House,0,0,0.329,0.329,Standard
2026-01-29 01:15:00,Parashara_Drishti,Venus,Capricorn,Ma Kết,"19°53'17.52""",Shravana,Moon,3,Mercury,Capricorn,Ma Kết,"19°33'33.06""",Shravana,Moon,3,0th House,0,0,359.671,0.329,Standard
2026-01-29 01:30:00,Parashara_Drishti,Mercury,Capricorn,Ma Kết,"19°34'38.50""",Shravana,Moon,3,Venus,Capricorn,Ma Kết,"19°54'04.60""",Shravana,Moon,3,0th House,0,0,0.3239,0.3239,Standard
2026-01-29 01:30:00,Parashara_Drishti,Venus,Capricorn,Ma Kết,"19°54'04.60""",Shravana,Moon,3,Mercury,Capricorn,Ma Kết,"19°34'38.50""",Shravana,Moon,3,0th House,0,0,359.6761,0.3239,Standard
2026-01-29 01:45:00,Parashara_Drishti,Mercury,Capricorn,Ma Kết,"19°35'43.95""",Shravana,Moon,3,Venus,Capricorn,Ma Kết,"19°54'51.67""",Shravana,Moon,3,0th House,0,0,0.3188,0.3188,Standard
2026-01-29 01:45:00,Parashara_Drishti,Venus,Capricorn,Ma Kết,"19°54'51.67""",Shravana,Moon,3,Mercury,Capricorn,Ma Kết,"19°35'43.95""",Shravana,Moon,3,0th House,0,0,359.6812,0.3188,Standard
2026-01-29 02:00:00,Parashara_Drishti,Mercury,Capricorn,Ma Kết,"19°36'49.40""",Shravana,Moon,3,Venus,Capricorn,Ma Kết,"19°55'38.75""",Shravana,Moon,3,0th House,0,0,0.3137,0.3137,Standard
2026-01-29 02:00:00,Parashara_Drishti,Venus,Capricorn,Ma Kết,"19°55'38.75""",Shravana,Moon,3,Mercury,Capricorn,Ma Kết,"19°36'49.40""",Shravana,Moon,3,0th House,0,0,359.6863,0.3137,Standard
2026-01-29 02:15:00,Parashara_Drishti,Mercury,Capricorn,Ma Kết,"19°37'54.85""",Shravana,Moon,3,Venus,Capricorn,Ma Kết,"19°56'25.83""",Shravana,Moon,3,0th House,0,0,0.3086,0.3086,Standard
2026-01-29 02:15:00,Parashara_Drishti,Venus,Capricorn,Ma Kết,"19°56'25.83""",Shravana,Moon,3,Mercury,Capricorn,Ma Kết,"19°37'54.85""",Shravana,Moon,3,0th House,0,0,359.6914,0.3086,Standard
2026-01-29 02:30:00,Parashara_Drishti,Mercury,Capricorn,Ma Kết,"19°39'00.31""",Shravana,Moon,3,Venus,Capricorn,Ma Kết,"19°57'12.91""",Shravana,Moon,3,0th House,0,0,0.3035,0.3035,Standard
2026-01-29 02:30:00,Parashara_Drishti,Venus,Capricorn,Ma Kết,"19°57'12.91""",Shravana,Moon,3,Mercury,Capricorn,Ma Kết,"19°39'00.31""",Shravana,Moon,3,0th House,0,0,359.6965,0.3035,Standard
2026-01-29 02:45:00,Parashara_Drishti,Mercury,Capricorn,Ma Kết,"19°40'05.77""",Shravana,Moon,3,Venus,Capricorn,Ma Kết,"19°57'59.98""",Shravana,Moon,3,0th House,0,0,0.2984,0.2984,Standard
2026-01-29 02:45:00,Parashara_Drishti,Venus,Capricorn,Ma Kết,"19°57'59.98""",Shravana,Moon,3,Mercury,Capricorn,Ma Kết,"19°40'05.77""",Shravana,Moon,3,0th House,0,0,359.7016,0.2984,Standard
2026-01-29 03:00:00,Parashara_Drishti,Mercury,Capricorn,Ma Kết,"19°41'11.24""",Shravana,Moon,3,Venus,Capricorn,Ma Kết,"19°58'47.06""",Shravana,Moon,3,0th House,0,0,0.2933,0.2933,Standard
2026-01-29 03:00:00,Parashara_Drishti,Venus,Capricorn,Ma Kết,"19°58'47.06""",Shravana,Moon,3,Mercury,Capricorn,Ma Kết,"19°41'11.24""",Shravana,Moon,3,0th House,0,0,359.7067,0.2933,Standard
2026-01-29 03:15:00,Parashara_Drishti,Mercury,Capricorn,Ma Kết,"19°42'16.70""",Shravana,Moon,3,Venus,Capricorn,Ma Kết,"19°59'34.14""",Shravana,Moon,3,0th House,0,0,0.2882,0.2882,Standard
2026-01-29 03:15:00,Parashara_Drishti,Venus,Capricorn,Ma Kết,"19°59'34.14""",Shravana,Moon,3,Mercury,Capricorn,Ma Kết,"19°42'16.70""",Shravana,Moon,3,0th House,0,0,359.7118,0.2882,Standard
2026-01-29 03:30:00,Parashara_Drishti,Mercury,Capricorn,Ma Kết,"19°43'22.17""",Shravana,Moon,3,Venus,Capricorn,Ma Kết,"20°00'21.22""",Shravana,Moon,4,0th House,0,0,0.2831,0.2831,Standard
2026-01-29 03:30:00,Parashara_Drishti,Venus,Capricorn,Ma Kết,"20°00'21.22""",Shravana,Moon,4,Mercury,Capricorn,Ma Kết,"19°43'22.17""",Shravana,Moon,3,0th House,0,0,359.7169,0.2831,Standard
2026-01-29 03:45:00,Parashara_Drishti,Mercury,Capricorn,Ma Kết,"19°44'27.65""",Shravana,Moon,3,Venus,Capricorn,Ma Kết,"20°01'08.29""",Shravana,Moon,4,0th House,0,0,0.278,0.278,Standard
2026-01-29 03:45:00,Parashara_Drishti,Venus,Capricorn,Ma Kết,"20°01'08.29""",Shravana,Moon,4,Mercury,Capricorn,Ma Kết,"19°44'27.65""",Shravana,Moon,3,0th House,0,0,359.722,0.278,Standard
2026-01-29 04:00:00,Parashara_Drishti,Mercury,Capricorn,Ma Kết,"19°45'33.12""",Shravana,Moon,3,Venus,Capricorn,Ma Kết,"20°01'55.37""",Shravana,Moon,4,0th House,0,0,0.2728,0.2728,Standard
2026-01-29 04:00:00,Parashara_Drishti,Venus,Capricorn,Ma Kết,"20°01'55.37""",Shravana,Moon,4,Mercury,Capricorn,Ma Kết,"19°45'33.12""",Shravana,Moon,3,0th House,0,0,359.7272,0.2728,Standard
2026-01-29 04:15:00,Parashara_Drishti,Mercury,Capricorn,Ma Kết,"19°46'38.60""",Shravana,Moon,3,Venus,Capricorn,Ma Kết,"20°02'42.45""",Shravana,Moon,4,0th House,0,0,0.2677,0.2677,Standard
2026-01-29 04:15:00,Parashara_Drishti,Venus,Capricorn,Ma Kết,"20°02'42.45""",Shravana,Moon,4,Mercury,Capricorn,Ma Kết,"19°46'38.60""",Shravana,Moon,3,0th House,0,0,359.7323,0.2677,Standard
2026-01-29 04:30:00,Parashara_Drishti,Mercury,Capricorn,Ma Kết,"19°47'44.08""",Shravana,Moon,3,Venus,Capricorn,Ma Kết,"20°03'29.52""",Shravana,Moon,4,0th House,0,0,0.2626,0.2626,Standard
2026-01-29 04:30:00,Parashara_Drishti,Venus,Capricorn,Ma Kết,"20°03'29.52""",Shravana,Moon,4,Mercury,Capricorn,Ma Kết,"19°47'44.08""",Shravana,Moon,3,0th House,0,0,359.7374,0.2626,Standard
2026-01-29 04:45:00,Parashara_Drishti,Mercury,Capricorn,Ma Kết,"19°48'49.57""",Shravana,Moon,3,Venus,Capricorn,Ma Kết,"20°04'16.60""",Shravana,Moon,4,0th House,0,0,0.2575,0.2575,Standard
2026-01-29 04:45:00,Parashara_Drishti,Venus,Capricorn,Ma Kết,"20°04'16.60""",Shravana,Moon,4,Mercury,Capricorn,Ma Kết,"19°48'49.57""",Shravana,Moon,3,0th House,0,0,359.7425,0.2575,Standard
2026-01-29 05:00:00,Parashara_Drishti,Mercury,Capricorn,Ma Kết,"19°49'55.06""",Shravana,Moon,3,Venus,Capricorn,Ma Kết,"20°05'03.68""",Shravana,Moon,4,0th House,0,0,0.2524,0.2524,Standard
2026-01-29 05:00:00,Parashara_Drishti,Venus,Capricorn,Ma Kết,"20°05'03.68""",Shravana,Moon,4,Mercury,Capricorn,Ma Kết,"19°49'55.06""",Shravana,Moon,3,0th House,0,0,359.7476,0.2524,Standard
2026-01-29 05:15:00,Parashara_Drishti,Mercury,Capricorn,Ma Kết,"19°51'00.55""",Shravana,Moon,3,Venus,Capricorn,Ma Kết,"20°05'50.75""",Shravana,Moon,4,0th House,0,0,0.2473,0.2473,Standard
2026-01-29 05:15:00,Parashara_Drishti,Venus,Capricorn,Ma Kết,"20°05'50.75""",Shravana,Moon,4,Mercury,Capricorn,Ma Kết,"19°51'00.55""",Shravana,Moon,3,0th House,0,0,359.7527,0.2473,Standard
2026-01-29 05:30:00,Parashara_Drishti,Mercury,Capricorn,Ma Kết,"19°52'06.04""",Shravana,Moon,3,Venus,Capricorn,Ma Kết,"20°06'37.83""",Shravana,Moon,4,0th House,0,0,0.2422,0.2422,Standard
2026-01-29 05:30:00,Parashara_Drishti,Venus,Capricorn,Ma Kết,"20°06'37.83""",Shravana,Moon,4,Mercury,Capricorn,Ma Kết,"19°52'06.04""",Shravana,Moon,3,0th House,0,0,359.7578,0.2422,Standard
2026-01-29 05:45:00,Parashara_Drishti,Mercury,Capricorn,Ma Kết,"19°53'11.54""",Shravana,Moon,3,Venus,Capricorn,Ma Kết,"20°07'24.91""",Shravana,Moon,4,0th House,0,0,0.237,0.237,Standard
2026-01-29 05:45:00,Parashara_Drishti,Venus,Capricorn,Ma Kết,"20°07'24.91""",Shravana,Moon,4,Mercury,Capricorn,Ma Kết,"19°53'11.54""",Shravana,Moon,3,0th House,0,0,359.763,0.237,Standard
2026-01-29 06:00:00,Parashara_Drishti,Mercury,Capricorn,Ma Kết,"19°54'17.04""",Shravana,Moon,3,Venus,Capricorn,Ma Kết,"20°08'11.98""",Shravana,Moon,4,0th House,0,0,0.2319,0.2319,Standard
2026-01-29 06:00:00,Parashara_Drishti,Venus,Capricorn,Ma Kết,"20°08'11.98""",Shravana,Moon,4,Mercury,Capricorn,Ma Kết,"19°54'17.04""",Shravana,Moon,3,0th House,0,0,359.7681,0.2319,Standard
2026-01-29 06:15:00,Parashara_Drishti,Mercury,Capricorn,Ma Kết,"19°55'22.55""",Shravana,Moon,3,Venus,Capricorn,Ma Kết,"20°08'59.06""",Shravana,Moon,4,0th House,0,0,0.2268,0.2268,Standard
2026-01-29 06:15:00,Parashara_Drishti,Venus,Capricorn,Ma Kết,"20°08'59.06""",Shravana,Moon,4,Mercury,Capricorn,Ma Kết,"19°55'22.55""",Shravana,Moon,3,0th House,0,0,359.7732,0.2268,Standard
2026-01-29 06:30:00,Parashara_Drishti,Mercury,Capricorn,Ma Kết,"19°56'28.05""",Shravana,Moon,3,Venus,Capricorn,Ma Kết,"20°09'46.13""",Shravana,Moon,4,0th House,0,0,0.2217,0.2217,Standard
2026-01-29 06:30:00,Parashara_Drishti,Venus,Capricorn,Ma Kết,"20°09'46.13""",Shravana,Moon,4,Mercury,Capricorn,Ma Kết,"19°56'28.05""",Shravana,Moon,3,0th House,0,0,359.7783,0.2217,Standard
2026-01-29 06:45:00,Parashara_Drishti,Mercury,Capricorn,Ma Kết,"19°57'33.56""",Shravana,Moon,3,Venus,Capricorn,Ma Kết,"20°10'33.21""",Shravana,Moon,4,0th House,0,0,0.2166,0.2166,Standard
2026-01-29 06:45:00,Parashara_Drishti,Venus,Capricorn,Ma Kết,"20°10'33.21""",Shravana,Moon,4,Mercury,Capricorn,Ma Kết,"19°57'33.56""",Shravana,Moon,3,0th House,0,0,359.7834,0.2166,Standard
2026-01-29 07:00:00,Parashara_Drishti,Mercury,Capricorn,Ma Kết,"19°58'39.08""",Shravana,Moon,3,Venus,Capricorn,Ma Kết,"20°11'20.29""",Shravana,Moon,4,0th House,0,0,0.2114,0.2114,Standard
2026-01-29 07:00:00,Parashara_Drishti,Venus,Capricorn,Ma Kết,"20°11'20.29""",Shravana,Moon,4,Mercury,Capricorn,Ma Kết,"19°58'39.08""",Shravana,Moon,3,0th House,0,0,359.7886,0.2114,Standard
2026-01-29 07:15:00,Parashara_Drishti,Mercury,Capricorn,Ma Kết,"19°59'44.59""",Shravana,Moon,3,Venus,Capricorn,Ma Kết,"20°12'07.36""",Shravana,Moon,4,0th House,0,0,0.2063,0.2063,Standard
2026-01-29 07:15:00,Parashara_Drishti,Venus,Capricorn,Ma Kết,"20°12'07.36""",Shravana,Moon,4,Mercury,Capricorn,Ma Kết,"19°59'44.59""",Shravana,Moon,3,0th House,0,0,359.7937,0.2063,Standard
2026-01-29 07:30:00,Parashara_Drishti,Mercury,Capricorn,Ma Kết,"20°00'50.11""",Shravana,Moon,4,Venus,Capricorn,Ma Kết,"20°12'54.44""",Shravana,Moon,4,0th House,0,0,0.2012,0.2012,Standard
2026-01-29 07:30:00,Parashara_Drishti,Venus,Capricorn,Ma Kết,"20°12'54.44""",Shravana,Moon,4,Mercury,Capricorn,Ma Kết,"20°00'50.11""",Shravana,Moon,4,0th House,0,0,359.7988,0.2012,Standard
2026-01-29 07:45:00,Parashara_Drishti,Mercury,Capricorn,Ma Kết,"20°01'55.63""",Shravana,Moon,4,Venus,Capricorn,Ma Kết,"20°13'41.51""",Shravana,Moon,4,0th House,0,0,0.1961,0.1961,Standard
2026-01-29 07:45:00,Parashara_Drishti,Venus,Capricorn,Ma Kết,"20°13'41.51""",Shravana,Moon,4,Mercury,Capricorn,Ma Kết,"20°01'55.63""",Shravana,Moon,4,0th House,0,0,359.8039,0.1961,Standard
2026-01-29 08:00:00,Parashara_Drishti,Mercury,Capricorn,Ma Kết,"20°03'01.16""",Shravana,Moon,4,Venus,Capricorn,Ma Kết,"20°14'28.59""",Shravana,Moon,4,0th House,0,0,0.191,0.191,Standard
2026-01-29 08:00:00,Parashara_Drishti,Venus,Capricorn,Ma Kết,"20°14'28.59""",Shravana,Moon,4,Mercury,Capricorn,Ma Kết,"20°03'01.16""",Shravana,Moon,4,0th House,0,0,359.809,0.191,Standard
2026-01-29 08:15:00,Parashara_Drishti,Mercury,Capricorn,Ma Kết,"20°04'06.69""",Shravana,Moon,4,Venus,Capricorn,Ma Kết,"20°15'15.66""",Shravana,Moon,4,0th House,0,0,0.1858,0.1858,Standard
2026-01-29 08:15:00,Parashara_Drishti,Venus,Capricorn,Ma Kết,"20°15'15.66""",Shravana,Moon,4,Mercury,Capricorn,Ma Kết,"20°04'06.69""",Shravana,Moon,4,0th House,0,0,359.8142,0.1858,Standard
2026-01-29 08:30:00,Parashara_Drishti,Mercury,Capricorn,Ma Kết,"20°05'12.22""",Shravana,Moon,4,Venus,Capricorn,Ma Kết,"20°16'02.74""",Shravana,Moon,4,0th House,0,0,0.1807,0.1807,Standard
2026-01-29 08:30:00,Parashara_Drishti,Venus,Capricorn,Ma Kết,"20°16'02.74""",Shravana,Moon,4,Mercury,Capricorn,Ma Kết,"20°05'12.22""",Shravana,Moon,4,0th House,0,0,359.8193,0.1807,Standard
2026-01-29 08:45:00,Parashara_Drishti,Mercury,Capricorn,Ma Kết,"20°06'17.75""",Shravana,Moon,4,Venus,Capricorn,Ma Kết,"20°16'49.82""",Shravana,Moon,4,0th House,0,0,0.1756,0.1756,Standard
2026-01-29 08:45:00,Parashara_Drishti,Venus,Capricorn,Ma Kết,"20°16'49.82""",Shravana,Moon,4,Mercury,Capricorn,Ma Kết,"20°06'17.75""",Shravana,Moon,4,0th House,0,0,359.8244,0.1756,Standard
2026-01-29 09:00:00,Parashara_Drishti,Mercury,Capricorn,Ma Kết,"20°07'23.29""",Shravana,Moon,4,Venus,Capricorn,Ma Kết,"20°17'36.89""",Shravana,Moon,4,0th House,0,0,0.1704,0.1704,Standard
2026-01-29 09:00:00,Parashara_Drishti,Venus,Capricorn,Ma Kết,"20°17'36.89""",Shravana,Moon,4,Mercury,Capricorn,Ma Kết,"20°07'23.29""",Shravana,Moon,4,0th House,0,0,359.8296,0.1704,Standard
2026-01-29 09:15:00,Parashara_Drishti,Mercury,Capricorn,Ma Kết,"20°08'28.83""",Shravana,Moon,4,Venus,Capricorn,Ma Kết,"20°18'23.97""",Shravana,Moon,4,0th House,0,0,0.1653,0.1653,Standard
2026-01-29 09:15:00,Parashara_Drishti,Venus,Capricorn,Ma Kết,"20°18'23.97""",Shravana,Moon,4,Mercury,Capricorn,Ma Kết,"20°08'28.83""",Shravana,Moon,4,0th House,0,0,359.8347,0.1653,Standard
2026-01-29 09:30:00,Parashara_Drishti,Mercury,Capricorn,Ma Kết,"20°09'34.38""",Shravana,Moon,4,Venus,Capricorn,Ma Kết,"20°19'11.04""",Shravana,Moon,4,0th House,0,0,0.1602,0.1602,Standard
2026-01-29 09:30:00,Parashara_Drishti,Venus,Capricorn,Ma Kết,"20°19'11.04""",Shravana,Moon,4,Mercury,Capricorn,Ma Kết,"20°09'34.38""",Shravana,Moon,4,0th House,0,0,359.8398,0.1602,Standard
2026-01-29 09:45:00,Parashara_Drishti,Mercury,Capricorn,Ma Kết,"20°10'39.92""",Shravana,Moon,4,Venus,Capricorn,Ma Kết,"20°19'58.12""",Shravana,Moon,4,0th House,0,0,0.1551,0.1551,Standard
2026-01-29 09:45:00,Parashara_Drishti,Venus,Capricorn,Ma Kết,"20°19'58.12""",Shravana,Moon,4,Mercury,Capricorn,Ma Kết,"20°10'39.92""",Shravana,Moon,4,0th House,0,0,359.8449,0.1551,Standard
2026-01-29 10:00:00,Parashara_Drishti,Mercury,Capricorn,Ma Kết,"20°11'45.47""",Shravana,Moon,4,Venus,Capricorn,Ma Kết,"20°20'45.19""",Shravana,Moon,4,0th House,0,0,0.1499,0.1499,Standard
2026-01-29 10:00:00,Parashara_Drishti,Venus,Capricorn,Ma Kết,"20°20'45.19""",Shravana,Moon,4,Mercury,Capricorn,Ma Kết,"20°11'45.47""",Shravana,Moon,4,0th House,0,0,359.8501,0.1499,Standard
2026-01-29 10:15:00,Parashara_Drishti,Mercury,Capricorn,Ma Kết,"20°12'51.02""",Shravana,Moon,4,Venus,Capricorn,Ma Kết,"20°21'32.27""",Shravana,Moon,4,0th House,0,0,0.1448,0.1448,Standard
2026-01-29 10:15:00,Parashara_Drishti,Venus,Capricorn,Ma Kết,"20°21'32.27""",Shravana,Moon,4,Mercury,Capricorn,Ma Kết,"20°12'51.02""",Shravana,Moon,4,0th House,0,0,359.8552,0.1448,Standard
2026-01-29 10:30:00,Parashara_Drishti,Mercury,Capricorn,Ma Kết,"20°13'56.58""",Shravana,Moon,4,Venus,Capricorn,Ma Kết,"20°22'19.34""",Shravana,Moon,4,0th House,0,0,0.1397,0.1397,Standard
2026-01-29 10:30:00,Parashara_Drishti,Venus,Capricorn,Ma Kết,"20°22'19.34""",Shravana,Moon,4,Mercury,Capricorn,Ma Kết,"20°13'56.58""",Shravana,Moon,4,0th House,0,0,359.8603,0.1397,Standard
2026-01-29 10:45:00,Parashara_Drishti,Mercury,Capricorn,Ma Kết,"20°15'02.14""",Shravana,Moon,4,Venus,Capricorn,Ma Kết,"20°23'06.41""",Shravana,Moon,4,0th House,0,0,0.1345,0.1345,Standard
2026-01-29 10:45:00,Parashara_Drishti,Venus,Capricorn,Ma Kết,"20°23'06.41""",Shravana,Moon,4,Mercury,Capricorn,Ma Kết,"20°15'02.14""",Shravana,Moon,4,0th House,0,0,359.8655,0.1345,Standard
2026-01-29 11:00:00,Parashara_Drishti,Mercury,Capricorn,Ma Kết,"20°16'07.70""",Shravana,Moon,4,Venus,Capricorn,Ma Kết,"20°23'53.49""",Shravana,Moon,4,0th House,0,0,0.1294,0.1294,Standard
2026-01-29 11:00:00,Parashara_Drishti,Venus,Capricorn,Ma Kết,"20°23'53.49""",Shravana,Moon,4,Mercury,Capricorn,Ma Kết,"20°16'07.70""",Shravana,Moon,4,0th House,0,0,359.8706,0.1294,Standard
2026-01-29 11:15:00,Parashara_Drishti,Mercury,Capricorn,Ma Kết,"20°17'13.27""",Shravana,Moon,4,Venus,Capricorn,Ma Kết,"20°24'40.56""",Shravana,Moon,4,0th House,0,0,0.1242,0.1242,Standard
2026-01-29 11:15:00,Parashara_Drishti,Venus,Capricorn,Ma Kết,"20°24'40.56""",Shravana,Moon,4,Mercury,Capricorn,Ma Kết,"20°17'13.27""",Shravana,Moon,4,0th House,0,0,359.8758,0.1242,Standard
2026-01-29 11:30:00,Parashara_Drishti,Mercury,Capricorn,Ma Kết,"20°18'18.83""",Shravana,Moon,4,Venus,Capricorn,Ma Kết,"20°25'27.64""",Shravana,Moon,4,0th House,0,0,0.1191,0.1191,Standard
2026-01-29 11:30:00,Parashara_Drishti,Venus,Capricorn,Ma Kết,"20°25'27.64""",Shravana,Moon,4,Mercury,Capricorn,Ma Kết,"20°18'18.83""",Shravana,Moon,4,0th House,0,0,359.8809,0.1191,Standard
2026-01-29 11:45:00,Parashara_Drishti,Mercury,Capricorn,Ma Kết,"20°19'24.41""",Shravana,Moon,4,Venus,Capricorn,Ma Kết,"20°26'14.71""",Shravana,Moon,4,0th House,0,0,0.114,0.114,Standard
2026-01-29 11:45:00,Parashara_Drishti,Venus,Capricorn,Ma Kết,"20°26'14.71""",Shravana,Moon,4,Mercury,Capricorn,Ma Kết,"20°19'24.41""",Shravana,Moon,4,0th House,0,0,359.886,0.114,Standard
2026-01-29 12:00:00,Parashara_Drishti,Mercury,Capricorn,Ma Kết,"20°20'29.98""",Shravana,Moon,4,Venus,Capricorn,Ma Kết,"20°27'01.79""",Shravana,Moon,4,0th House,0,0,0.1088,0.1088,Standard
2026-01-29 12:00:00,Parashara_Drishti,Venus,Capricorn,Ma Kết,"20°27'01.79""",Shravana,Moon,4,Mercury,Capricorn,Ma Kết,"20°20'29.98""",Shravana,Moon,4,0th House,0,0,359.8912,0.1088,Standard
2026-01-29 12:15:00,Parashara_Drishti,Mercury,Capricorn,Ma Kết,"20°21'35.56""",Shravana,Moon,4,Venus,Capricorn,Ma Kết,"20°27'48.86""",Shravana,Moon,4,0th House,0,0,0.1037,0.1037,Standard
2026-01-29 12:15:00,Parashara_Drishti,Venus,Capricorn,Ma Kết,"20°27'48.86""",Shravana,Moon,4,Mercury,Capricorn,Ma Kết,"20°21'35.56""",Shravana,Moon,4,0th House,0,0,359.8963,0.1037,Standard
2026-01-29 12:30:00,Parashara_Drishti,Mercury,Capricorn,Ma Kết,"20°22'41.14""",Shravana,Moon,4,Venus,Capricorn,Ma Kết,"20°28'35.93""",Shravana,Moon,4,0th House,0,0,0.0986,0.0986,Standard
2026-01-29 12:30:00,Parashara_Drishti,Venus,Capricorn,Ma Kết,"20°28'35.93""",Shravana,Moon,4,Mercury,Capricorn,Ma Kết,"20°22'41.14""",Shravana,Moon,4,0th House,0,0,359.9014,0.0986,Standard
2026-01-29 12:45:00,Parashara_Drishti,Mercury,Capricorn,Ma Kết,"20°23'46.72""",Shravana,Moon,4,Venus,Capricorn,Ma Kết,"20°29'23.01""",Shravana,Moon,4,0th House,0,0,0.0934,0.0934,Standard
2026-01-29 12:45:00,Parashara_Drishti,Venus,Capricorn,Ma Kết,"20°29'23.01""",Shravana,Moon,4,Mercury,Capricorn,Ma Kết,"20°23'46.72""",Shravana,Moon,4,0th House,0,0,359.9066,0.0934,Standard
2026-01-29 13:00:00,Parashara_Drishti,Mercury,Capricorn,Ma Kết,"20°24'52.31""",Shravana,Moon,4,Venus,Capricorn,Ma Kết,"20°30'10.08""",Shravana,Moon,4,0th House,0,0,0.0883,0.0883,Standard
2026-01-29 13:00:00,Parashara_Drishti,Venus,Capricorn,Ma Kết,"20°30'10.08""",Shravana,Moon,4,Mercury,Capricorn,Ma Kết,"20°24'52.31""",Shravana,Moon,4,0th House,0,0,359.9117,0.0883,Standard
2026-01-29 13:15:00,Parashara_Drishti,Mercury,Capricorn,Ma Kết,"20°25'57.89""",Shravana,Moon,4,Venus,Capricorn,Ma Kết,"20°30'57.16""",Shravana,Moon,4,0th House,0,0,0.0831,0.0831,Standard
2026-01-29 13:15:00,Parashara_Drishti,Venus,Capricorn,Ma Kết,"20°30'57.16""",Shravana,Moon,4,Mercury,Capricorn,Ma Kết,"20°25'57.89""",Shravana,Moon,4,0th House,0,0,359.9169,0.0831,Standard
2026-01-29 13:30:00,Parashara_Drishti,Mercury,Capricorn,Ma Kết,"20°27'03.49""",Shravana,Moon,4,Venus,Capricorn,Ma Kết,"20°31'44.23""",Shravana,Moon,4,0th House,0,0,0.078,0.078,Standard
2026-01-29 13:30:00,Parashara_Drishti,Venus,Capricorn,Ma Kết,"20°31'44.23""",Shravana,Moon,4,Mercury,Capricorn,Ma Kết,"20°27'03.49""",Shravana,Moon,4,0th House,0,0,359.922,0.078,Standard
2026-01-29 13:45:00,Parashara_Drishti,Mercury,Capricorn,Ma Kết,"20°28'09.08""",Shravana,Moon,4,Venus,Capricorn,Ma Kết,"20°32'31.30""",Shravana,Moon,4,0th House,0,0,0.0728,0.0728,Standard
2026-01-29 13:45:00,Parashara_Drishti,Venus,Capricorn,Ma Kết,"20°32'31.30""",Shravana,Moon,4,Mercury,Capricorn,Ma Kết,"20°28'09.08""",Shravana,Moon,4,0th House,0,0,359.9272,0.0728,Standard
2026-01-29 14:00:00,Parashara_Drishti,Mercury,Capricorn,Ma Kết,"20°29'14.68""",Shravana,Moon,4,Venus,Capricorn,Ma Kết,"20°33'18.38""",Shravana,Moon,4,0th House,0,0,0.0677,0.0677,Standard
2026-01-29 14:00:00,Parashara_Drishti,Venus,Capricorn,Ma Kết,"20°33'18.38""",Shravana,Moon,4,Mercury,Capricorn,Ma Kết,"20°29'14.68""",Shravana,Moon,4,0th House,0,0,359.9323,0.0677,Standard
2026-01-29 14:15:00,Parashara_Drishti,Mercury,Capricorn,Ma Kết,"20°30'20.28""",Shravana,Moon,4,Venus,Capricorn,Ma Kết,"20°34'05.45""",Shravana,Moon,4,0th House,0,0,0.0625,0.0625,Standard
2026-01-29 14:15:00,Parashara_Drishti,Venus,Capricorn,Ma Kết,"20°34'05.45""",Shravana,Moon,4,Mercury,Capricorn,Ma Kết,"20°30'20.28""",Shravana,Moon,4,0th House,0,0,359.9375,0.0625,Standard
2026-01-29 14:30:00,Parashara_Drishti,Mercury,Capricorn,Ma Kết,"20°31'25.88""",Shravana,Moon,4,Venus,Capricorn,Ma Kết,"20°34'52.52""",Shravana,Moon,4,0th House,0,0,0.0574,0.0574,Standard
2026-01-29 14:30:00,Parashara_Drishti,Venus,Capricorn,Ma Kết,"20°34'52.52""",Shravana,Moon,4,Mercury,Capricorn,Ma Kết,"20°31'25.88""",Shravana,Moon,4,0th House,0,0,359.9426,0.0574,Standard
2026-01-29 14:45:00,Parashara_Drishti,Mercury,Capricorn,Ma Kết,"20°32'31.49""",Shravana,Moon,4,Venus,Capricorn,Ma Kết,"20°35'39.60""",Shravana,Moon,4,0th House,0,0,0.0523,0.0523,Standard
2026-01-29 14:45:00,Parashara_Drishti,Venus,Capricorn,Ma Kết,"20°35'39.60""",Shravana,Moon,4,Mercury,Capricorn,Ma Kết,"20°32'31.49""",Shravana,Moon,4,0th House,0,0,359.9477,0.0523,Standard
2026-01-29 15:00:00,Parashara_Drishti,Mercury,Capricorn,Ma Kết,"20°33'37.10""",Shravana,Moon,4,Venus,Capricorn,Ma Kết,"20°36'26.67""",Shravana,Moon,4,0th House,0,0,0.0471,0.0471,Standard
2026-01-29 15:00:00,Parashara_Drishti,Venus,Capricorn,Ma Kết,"20°36'26.67""",Shravana,Moon,4,Mercury,Capricorn,Ma Kết,"20°33'37.10""",Shravana,Moon,4,0th House,0,0,359.9529,0.0471,Standard
2026-01-29 15:15:00,Parashara_Drishti,Mercury,Capricorn,Ma Kết,"20°34'42.71""",Shravana,Moon,4,Venus,Capricorn,Ma Kết,"20°37'13.74""",Shravana,Moon,4,0th House,0,0,0.042,0.042,Standard
2026-01-29 15:15:00,Parashara_Drishti,Venus,Capricorn,Ma Kết,"20°37'13.74""",Shravana,Moon,4,Mercury,Capricorn,Ma Kết,"20°34'42.71""",Shravana,Moon,4,0th House,0,0,359.958,0.042,Standard
2026-01-29 15:30:00,Parashara_Drishti,Mercury,Capricorn,Ma Kết,"20°35'48.33""",Shravana,Moon,4,Venus,Capricorn,Ma Kết,"20°38'00.82""",Shravana,Moon,4,0th House,0,0,0.0368,0.0368,Standard
2026-01-29 15:30:00,Parashara_Drishti,Venus,Capricorn,Ma Kết,"20°38'00.82""",Shravana,Moon,4,Mercury,Capricorn,Ma Kết,"20°35'48.33""",Shravana,Moon,4,0th House,0,0,359.9632,0.0368,Standard
2026-01-29 15:45:00,Parashara_Drishti,Mercury,Capricorn,Ma Kết,"20°36'53.95""",Shravana,Moon,4,Venus,Capricorn,Ma Kết,"20°38'47.89""",Shravana,Moon,4,0th House,0,0,0.0316,0.0316,Standard
2026-01-29 15:45:00,Parashara_Drishti,Venus,Capricorn,Ma Kết,"20°38'47.89""",Shravana,Moon,4,Mercury,Capricorn,Ma Kết,"20°36'53.95""",Shravana,Moon,4,0th House,0,0,359.9684,0.0316,Standard
2026-01-29 16:00:00,Parashara_Drishti,Mercury,Capricorn,Ma Kết,"20°37'59.57""",Shravana,Moon,4,Venus,Capricorn,Ma Kết,"20°39'34.96""",Shravana,Moon,4,0th House,0,0,0.0265,0.0265,Standard
2026-01-29 16:00:00,Parashara_Drishti,Venus,Capricorn,Ma Kết,"20°39'34.96""",Shravana,Moon,4,Mercury,Capricorn,Ma Kết,"20°37'59.57""",Shravana,Moon,4,0th House,0,0,359.9735,0.0265,Standard
2026-01-29 16:15:00,Parashara_Drishti,Mercury,Capricorn,Ma Kết,"20°39'05.20""",Shravana,Moon,4,Venus,Capricorn,Ma Kết,"20°40'22.03""",Shravana,Moon,4,0th House,0,0,0.0213,0.0213,Standard
2026-01-29 16:15:00,Parashara_Drishti,Venus,Capricorn,Ma Kết,"20°40'22.03""",Shravana,Moon,4,Mercury,Capricorn,Ma Kết,"20°39'05.20""",Shravana,Moon,4,0th House,0,0,359.9787,0.0213,Standard
2026-01-29 16:30:00,Parashara_Drishti,Mercury,Capricorn,Ma Kết,"20°40'10.82""",Shravana,Moon,4,Venus,Capricorn,Ma Kết,"20°41'09.11""",Shravana,Moon,4,0th House,0,0,0.0162,0.0162,Standard
2026-01-29 16:30:00,Parashara_Drishti,Venus,Capricorn,Ma Kết,"20°41'09.11""",Shravana,Moon,4,Mercury,Capricorn,Ma Kết,"20°40'10.82""",Shravana,Moon,4,0th House,0,0,359.9838,0.0162,Standard
2026-01-29 16:45:00,Parashara_Drishti,Mercury,Capricorn,Ma Kết,"20°41'16.45""",Shravana,Moon,4,Venus,Capricorn,Ma Kết,"20°41'56.18""",Shravana,Moon,4,0th House,0,0,0.011,0.011,Standard
2026-01-29 16:45:00,Parashara_Drishti,Venus,Capricorn,Ma Kết,"20°41'56.18""",Shravana,Moon,4,Mercury,Capricorn,Ma Kết,"20°41'16.45""",Shravana,Moon,4,0th House,0,0,359.989,0.011,Standard
2026-01-29 17:00:00,Parashara_Drishti,Mercury,Capricorn,Ma Kết,"20°42'22.09""",Shravana,Moon,4,Venus,Capricorn,Ma Kết,"20°42'43.25""",Shravana,Moon,4,0th House,0,0,0.0059,0.0059,Standard
2026-01-29 17:00:00,Parashara_Drishti,Venus,Capricorn,Ma Kết,"20°42'43.25""",Shravana,Moon,4,Mercury,Capricorn,Ma Kết,"20°42'22.09""",Shravana,Moon,4,0th House,0,0,359.9941,0.0059,Standard
2026-01-29 17:15:00,Parashara_Drishti,Mercury,Capricorn,Ma Kết,"20°43'27.72""",Shravana,Moon,4,Venus,Capricorn,Ma Kết,"20°43'30.32""",Shravana,Moon,4,0th House,0,0,0.0007,0.0007,Standard
2026-01-29 17:15:00,Parashara_Drishti,Venus,Capricorn,Ma Kết,"20°43'30.32""",Shravana,Moon,4,Mercury,Capricorn,Ma Kết,"20°43'27.72""",Shravana,Moon,4,0th House,0,0,359.9993,0.0007,Standard
2026-01-29 17:30:00,Parashara_Drishti,Mercury,Capricorn,Ma Kết,"20°44'33.36""",Shravana,Moon,4,Venus,Capricorn,Ma Kết,"20°44'17.40""",Shravana,Moon,4,0th House,0,0,359.9956,0.0044,Standard
2026-01-29 17:30:00,Parashara_Drishti,Venus,Capricorn,Ma Kết,"20°44'17.40""",Shravana,Moon,4,Mercury,Capricorn,Ma Kết,"20°44'33.36""",Shravana,Moon,4,0th House,0,0,0.0044,0.0044,Standard
2026-01-29 17:45:00,Parashara_Drishti,Mercury,Capricorn,Ma Kết,"20°45'39.01""",Shravana,Moon,4,Venus,Capricorn,Ma Kết,"20°45'04.47""",Shravana,Moon,4,0th House,0,0,359.9904,0.0096,Standard
2026-01-29 17:45:00,Parashara_Drishti,Venus,Capricorn,Ma Kết,"20°45'04.47""",Shravana,Moon,4,Mercury,Capricorn,Ma Kết,"20°45'39.01""",Shravana,Moon,4,0th House,0,0,0.0096,0.0096,Standard
2026-01-29 18:00:00,Parashara_Drishti,Mercury,Capricorn,Ma Kết,"20°46'44.65""",Shravana,Moon,4,Venus,Capricorn,Ma Kết,"20°45'51.54""",Shravana,Moon,4,0th House,0,0,359.9852,0.0148,Standard
2026-01-29 18:00:00,Parashara_Drishti,Venus,Capricorn,Ma Kết,"20°45'51.54""",Shravana,Moon,4,Mercury,Capricorn,Ma Kết,"20°46'44.65""",Shravana,Moon,4,0th House,0,0,0.0148,0.0148,Standard
2026-01-29 18:15:00,Parashara_Drishti,Mercury,Capricorn,Ma Kết,"20°47'50.30""",Shravana,Moon,4,Venus,Capricorn,Ma Kết,"20°46'38.61""",Shravana,Moon,4,0th House,0,0,359.9801,0.0199,Standard
2026-01-29 18:15:00,Parashara_Drishti,Venus,Capricorn,Ma Kết,"20°46'38.61""",Shravana,Moon,4,Mercury,Capricorn,Ma Kết,"20°47'50.30""",Shravana,Moon,4,0th House,0,0,0.0199,0.0199,Standard
2026-01-29 18:30:00,Parashara_Drishti,Mercury,Capricorn,Ma Kết,"20°48'55.95""",Shravana,Moon,4,Venus,Capricorn,Ma Kết,"20°47'25.68""",Shravana,Moon,4,0th House,0,0,359.9749,0.0251,Standard
2026-01-29 18:30:00,Parashara_Drishti,Venus,Capricorn,Ma Kết,"20°47'25.68""",Shravana,Moon,4,Mercury,Capricorn,Ma Kết,"20°48'55.95""",Shravana,Moon,4,0th House,0,0,0.0251,0.0251,Standard
2026-01-29 18:45:00,Parashara_Drishti,Mercury,Capricorn,Ma Kết,"20°50'01.61""",Shravana,Moon,4,Venus,Capricorn,Ma Kết,"20°48'12.76""",Shravana,Moon,4,0th House,0,0,359.9698,0.0302,Standard
2026-01-29 18:45:00,Parashara_Drishti,Venus,Capricorn,Ma Kết,"20°48'12.76""",Shravana,Moon,4,Mercury,Capricorn,Ma Kết,"20°50'01.61""",Shravana,Moon,4,0th House,0,0,0.0302,0.0302,Standard
2026-01-29 19:00:00,Parashara_Drishti,Mercury,Capricorn,Ma Kết,"20°51'07.26""",Shravana,Moon,4,Venus,Capricorn,Ma Kết,"20°48'59.83""",Shravana,Moon,4,0th House,0,0,359.9646,0.0354,Standard
2026-01-29 19:00:00,Parashara_Drishti,Venus,Capricorn,Ma Kết,"20°48'59.83""",Shravana,Moon,4,Mercury,Capricorn,Ma Kết,"20°51'07.26""",Shravana,Moon,4,0th House,0,0,0.0354,0.0354,Standard
2026-01-29 19:15:00,Parashara_Drishti,Mercury,Capricorn,Ma Kết,"20°52'12.92""",Shravana,Moon,4,Venus,Capricorn,Ma Kết,"20°49'46.90""",Shravana,Moon,4,0th House,0,0,359.9594,0.0406,Standard
2026-01-29 19:15:00,Parashara_Drishti,Venus,Capricorn,Ma Kết,"20°49'46.90""",Shravana,Moon,4,Mercury,Capricorn,Ma Kết,"20°52'12.92""",Shravana,Moon,4,0th House,0,0,0.0406,0.0406,Standard
2026-01-29 19:30:00,Parashara_Drishti,Mercury,Capricorn,Ma Kết,"20°53'18.59""",Shravana,Moon,4,Venus,Capricorn,Ma Kết,"20°50'33.97""",Shravana,Moon,4,0th House,0,0,359.9543,0.0457,Standard
2026-01-29 19:30:00,Parashara_Drishti,Venus,Capricorn,Ma Kết,"20°50'33.97""",Shravana,Moon,4,Mercury,Capricorn,Ma Kết,"20°53'18.59""",Shravana,Moon,4,0th House,0,0,0.0457,0.0457,Standard
2026-01-29 19:45:00,Parashara_Drishti,Mercury,Capricorn,Ma Kết,"20°54'24.25""",Shravana,Moon,4,Venus,Capricorn,Ma Kết,"20°51'21.04""",Shravana,Moon,4,0th House,0,0,359.9491,0.0509,Standard
2026-01-29 19:45:00,Parashara_Drishti,Venus,Capricorn,Ma Kết,"20°51'21.04""",Shravana,Moon,4,Mercury,Capricorn,Ma Kết,"20°54'24.25""",Shravana,Moon,4,0th House,0,0,0.0509,0.0509,Standard
2026-01-29 20:00:00,Parashara_Drishti,Mercury,Capricorn,Ma Kết,"20°55'29.92""",Shravana,Moon,4,Venus,Capricorn,Ma Kết,"20°52'08.11""",Shravana,Moon,4,0th House,0,0,359.9439,0.0561,Standard
2026-01-29 20:00:00,Parashara_Drishti,Venus,Capricorn,Ma Kết,"20°52'08.11""",Shravana,Moon,4,Mercury,Capricorn,Ma Kết,"20°55'29.92""",Shravana,Moon,4,0th House,0,0,0.0561,0.0561,Standard
2026-01-29 20:15:00,Parashara_Drishti,Mercury,Capricorn,Ma Kết,"20°56'35.59""",Shravana,Moon,4,Venus,Capricorn,Ma Kết,"20°52'55.19""",Shravana,Moon,4,0th House,0,0,359.9388,0.0612,Standard
2026-01-29 20:15:00,Parashara_Drishti,Venus,Capricorn,Ma Kết,"20°52'55.19""",Shravana,Moon,4,Mercury,Capricorn,Ma Kết,"20°56'35.59""",Shravana,Moon,4,0th House,0,0,0.0612,0.0612,Standard
2026-01-29 20:30:00,Parashara_Drishti,Mercury,Capricorn,Ma Kết,"20°57'41.27""",Shravana,Moon,4,Venus,Capricorn,Ma Kết,"20°53'42.26""",Shravana,Moon,4,0th House,0,0,359.9336,0.0664,Standard
2026-01-29 20:30:00,Parashara_Drishti,Venus,Capricorn,Ma Kết,"20°53'42.26""",Shravana,Moon,4,Mercury,Capricorn,Ma Kết,"20°57'41.27""",Shravana,Moon,4,0th House,0,0,0.0664,0.0664,Standard
2026-01-29 20:45:00,Parashara_Drishti,Mercury,Capricorn,Ma Kết,"20°58'46.95""",Shravana,Moon,4,Venus,Capricorn,Ma Kết,"20°54'29.33""",Shravana,Moon,4,0th House,0,0,359.9284,0.0716,Standard
2026-01-29 20:45:00,Parashara_Drishti,Venus,Capricorn,Ma Kết,"20°54'29.33""",Shravana,Moon,4,Mercury,Capricorn,Ma Kết,"20°58'46.95""",Shravana,Moon,4,0th House,0,0,0.0716,0.0716,Standard
2026-01-29 21:00:00,Parashara_Drishti,Mercury,Capricorn,Ma Kết,"20°59'52.63""",Shravana,Moon,4,Venus,Capricorn,Ma Kết,"20°55'16.40""",Shravana,Moon,4,0th House,0,0,359.9233,0.0767,Standard
2026-01-29 21:00:00,Parashara_Drishti,Venus,Capricorn,Ma Kết,"20°55'16.40""",Shravana,Moon,4,Mercury,Capricorn,Ma Kết,"20°59'52.63""",Shravana,Moon,4,0th House,0,0,0.0767,0.0767,Standard
2026-01-29 21:15:00,Parashara_Drishti,Mercury,Capricorn,Ma Kết,"21°00'58.31""",Shravana,Moon,4,Venus,Capricorn,Ma Kết,"20°56'03.47""",Shravana,Moon,4,0th House,0,0,359.9181,0.0819,Standard
2026-01-29 21:15:00,Parashara_Drishti,Venus,Capricorn,Ma Kết,"20°56'03.47""",Shravana,Moon,4,Mercury,Capricorn,Ma Kết,"21°00'58.31""",Shravana,Moon,4,0th House,0,0,0.0819,0.0819,Standard
2026-01-29 21:30:00,Parashara_Drishti,Mercury,Capricorn,Ma Kết,"21°02'04.00""",Shravana,Moon,4,Venus,Capricorn,Ma Kết,"20°56'50.54""",Shravana,Moon,4,0th House,0,0,359.9129,0.0871,Standard
2026-01-29 21:30:00,Parashara_Drishti,Venus,Capricorn,Ma Kết,"20°56'50.54""",Shravana,Moon,4,Mercury,Capricorn,Ma Kết,"21°02'04.00""",Shravana,Moon,4,0th House,0,0,0.0871,0.0871,Standard
2026-01-29 21:45:00,Parashara_Drishti,Mercury,Capricorn,Ma Kết,"21°03'09.68""",Shravana,Moon,4,Venus,Capricorn,Ma Kết,"20°57'37.61""",Shravana,Moon,4,0th House,0,0,359.9078,0.0922,Standard
2026-01-29 21:45:00,Parashara_Drishti,Venus,Capricorn,Ma Kết,"20°57'37.61""",Shravana,Moon,4,Mercury,Capricorn,Ma Kết,"21°03'09.68""",Shravana,Moon,4,0th House,0,0,0.0922,0.0922,Standard
2026-01-29 22:00:00,Parashara_Drishti,Mercury,Capricorn,Ma Kết,"21°04'15.38""",Shravana,Moon,4,Venus,Capricorn,Ma Kết,"20°58'24.68""",Shravana,Moon,4,0th House,0,0,359.9026,0.0974,Standard
2026-01-29 22:00:00,Parashara_Drishti,Venus,Capricorn,Ma Kết,"20°58'24.68""",Shravana,Moon,4,Mercury,Capricorn,Ma Kết,"21°04'15.38""",Shravana,Moon,4,0th House,0,0,0.0974,0.0974,Standard
2026-01-29 22:15:00,Parashara_Drishti,Mercury,Capricorn,Ma Kết,"21°05'21.07""",Shravana,Moon,4,Venus,Capricorn,Ma Kết,"20°59'11.75""",Shravana,Moon,4,0th House,0,0,359.8974,0.1026,Standard
2026-01-29 22:15:00,Parashara_Drishti,Venus,Capricorn,Ma Kết,"20°59'11.75""",Shravana,Moon,4,Mercury,Capricorn,Ma Kết,"21°05'21.07""",Shravana,Moon,4,0th House,0,0,0.1026,0.1026,Standard
2026-01-29 22:30:00,Parashara_Drishti,Mercury,Capricorn,Ma Kết,"21°06'26.77""",Shravana,Moon,4,Venus,Capricorn,Ma Kết,"20°59'58.82""",Shravana,Moon,4,0th House,0,0,359.8922,0.1078,Standard
2026-01-29 22:30:00,Parashara_Drishti,Venus,Capricorn,Ma Kết,"20°59'58.82""",Shravana,Moon,4,Mercury,Capricorn,Ma Kết,"21°06'26.77""",Shravana,Moon,4,0th House,0,0,0.1078,0.1078,Standard
2026-01-29 22:45:00,Parashara_Drishti,Mercury,Capricorn,Ma Kết,"21°07'32.47""",Shravana,Moon,4,Venus,Capricorn,Ma Kết,"21°00'45.89""",Shravana,Moon,4,0th House,0,0,359.8871,0.1129,Standard
2026-01-29 22:45:00,Parashara_Drishti,Venus,Capricorn,Ma Kết,"21°00'45.89""",Shravana,Moon,4,Mercury,Capricorn,Ma Kết,"21°07'32.47""",Shravana,Moon,4,0th House,0,0,0.1129,0.1129,Standard
2026-01-29 23:00:00,Parashara_Drishti,Mercury,Capricorn,Ma Kết,"21°08'38.17""",Shravana,Moon,4,Venus,Capricorn,Ma Kết,"21°01'32.96""",Shravana,Moon,4,0th House,0,0,359.8819,0.1181,Standard
2026-01-29 23:00:00,Parashara_Drishti,Venus,Capricorn,Ma Kết,"21°01'32.96""",Shravana,Moon,4,Mercury,Capricorn,Ma Kết,"21°08'38.17""",Shravana,Moon,4,0th House,0,0,0.1181,0.1181,Standard
2026-01-29 23:15:00,Parashara_Drishti,Mercury,Capricorn,Ma Kết,"21°09'43.88""",Shravana,Moon,4,Venus,Capricorn,Ma Kết,"21°02'20.03""",Shravana,Moon,4,0th House,0,0,359.8767,0.1233,Standard
2026-01-29 23:15:00,Parashara_Drishti,Venus,Capricorn,Ma Kết,"21°02'20.03""",Shravana,Moon,4,Mercury,Capricorn,Ma Kết,"21°09'43.88""",Shravana,Moon,4,0th House,0,0,0.1233,0.1233,Standard
2026-01-29 23:30:00,Parashara_Drishti,Mercury,Capricorn,Ma Kết,"21°10'49.59""",Shravana,Moon,4,Venus,Capricorn,Ma Kết,"21°03'07.10""",Shravana,Moon,4,0th House,0,0,359.8715,0.1285,Standard
2026-01-29 23:30:00,Parashara_Drishti,Venus,Capricorn,Ma Kết,"21°03'07.10""",Shravana,Moon,4,Mercury,Capricorn,Ma Kết,"21°10'49.59""",Shravana,Moon,4,0th House,0,0,0.1285,0.1285,Standard
2026-01-29 23:45:00,Parashara_Drishti,Mercury,Capricorn,Ma Kết,"21°11'55.30""",Shravana,Moon,4,Venus,Capricorn,Ma Kết,"21°03'54.17""",Shravana,Moon,4,0th House,0,0,359.8664,0.1336,Standard
2026-01-29 23:45:00,Parashara_Drishti,Venus,Capricorn,Ma Kết,"21°03'54.17""",Shravana,Moon,4,Mercury,Capricorn,Ma Kết,"21°11'55.30""",Shravana,Moon,4,0th House,0,0,0.1336,0.1336,Standard
2026-01-30 00:00:00,Parashara_Drishti,Mercury,Capricorn,Ma Kết,"21°13'01.02""",Shravana,Moon,4,Venus,Capricorn,Ma Kết,"21°04'41.24""",Shravana,Moon,4,0th House,0,0,359.8612,0.1388,Standard
2026-01-30 00:00:00,Parashara_Drishti,Venus,Capricorn,Ma Kết,"21°04'41.24""",Shravana,Moon,4,Mercury,Capricorn,Ma Kết,"21°13'01.02""",Shravana,Moon,4,0th House,0,0,0.1388,0.1388,Standard
2026-01-30 00:15:00,Parashara_Drishti,Mercury,Capricorn,Ma Kết,"21°14'06.74""",Shravana,Moon,4,Venus,Capricorn,Ma Kết,"21°05'28.31""",Shravana,Moon,4,0th House,0,0,359.856,0.144,Standard
2026-01-30 00:15:00,Parashara_Drishti,Venus,Capricorn,Ma Kết,"21°05'28.31""",Shravana,Moon,4,Mercury,Capricorn,Ma Kết,"21°14'06.74""",Shravana,Moon,4,0th House,0,0,0.144,0.144,Standard
2026-01-30 00:30:00,Parashara_Drishti,Mercury,Capricorn,Ma Kết,"21°15'12.46""",Shravana,Moon,4,Venus,Capricorn,Ma Kết,"21°06'15.38""",Shravana,Moon,4,0th House,0,0,359.8508,0.1492,Standard
2026-01-30 00:30:00,Parashara_Drishti,Venus,Capricorn,Ma Kết,"21°06'15.38""",Shravana,Moon,4,Mercury,Capricorn,Ma Kết,"21°15'12.46""",Shravana,Moon,4,0th House,0,0,0.1492,0.1492,Standard
2026-01-30 00:45:00,Parashara_Drishti,Mercury,Capricorn,Ma Kết,"21°16'18.18""",Shravana,Moon,4,Venus,Capricorn,Ma Kết,"21°07'02.45""",Shravana,Moon,4,0th House,0,0,359.8456,0.1544,Standard
2026-01-30 00:45:00,Parashara_Drishti,Venus,Capricorn,Ma Kết,"21°07'02.45""",Shravana,Moon,4,Mercury,Capricorn,Ma Kết,"21°16'18.18""",Shravana,Moon,4,0th House,0,0,0.1544,0.1544,Standard
2026-01-30 01:00:00,Parashara_Drishti,Mercury,Capricorn,Ma Kết,"21°17'23.91""",Shravana,Moon,4,Venus,Capricorn,Ma Kết,"21°07'49.52""",Shravana,Moon,4,0th House,0,0,359.8404,0.1596,Standard
2026-01-30 01:00:00,Parashara_Drishti,Venus,Capricorn,Ma Kết,"21°07'49.52""",Shravana,Moon,4,Mercury,Capricorn,Ma Kết,"21°17'23.91""",Shravana,Moon,4,0th House,0,0,0.1596,0.1596,Standard
2026-01-30 01:15:00,Parashara_Drishti,Mercury,Capricorn,Ma Kết,"21°18'29.64""",Shravana,Moon,4,Venus,Capricorn,Ma Kết,"21°08'36.59""",Shravana,Moon,4,0th House,0,0,359.8353,0.1647,Standard
2026-01-30 01:15:00,Parashara_Drishti,Venus,Capricorn,Ma Kết,"21°08'36.59""",Shravana,Moon,4,Mercury,Capricorn,Ma Kết,"21°18'29.64""",Shravana,Moon,4,0th House,0,0,0.1647,0.1647,Standard
2026-01-30 01:30:00,Parashara_Drishti,Mercury,Capricorn,Ma Kết,"21°19'35.37""",Shravana,Moon,4,Venus,Capricorn,Ma Kết,"21°09'23.66""",Shravana,Moon,4,0th House,0,0,359.8301,0.1699,Standard
2026-01-30 01:30:00,Parashara_Drishti,Venus,Capricorn,Ma Kết,"21°09'23.66""",Shravana,Moon,4,Mercury,Capricorn,Ma Kết,"21°19'35.37""",Shravana,Moon,4,0th House,0,0,0.1699,0.1699,Standard
2026-01-30 01:45:00,Parashara_Drishti,Mercury,Capricorn,Ma Kết,"21°20'41.10""",Shravana,Moon,4,Venus,Capricorn,Ma Kết,"21°10'10.73""",Shravana,Moon,4,0th House,0,0,359.8249,0.1751,Standard
2026-01-30 01:45:00,Parashara_Drishti,Venus,Capricorn,Ma Kết,"21°10'10.73""",Shravana,Moon,4,Mercury,Capricorn,Ma Kết,"21°20'41.10""",Shravana,Moon,4,0th House,0,0,0.1751,0.1751,Standard
2026-01-30 02:00:00,Parashara_Drishti,Mercury,Capricorn,Ma Kết,"21°21'46.84""",Shravana,Moon,4,Venus,Capricorn,Ma Kết,"21°10'57.80""",Shravana,Moon,4,0th House,0,0,359.8197,0.1803,Standard
2026-01-30 02:00:00,Parashara_Drishti,Venus,Capricorn,Ma Kết,"21°10'57.80""",Shravana,Moon,4,Mercury,Capricorn,Ma Kết,"21°21'46.84""",Shravana,Moon,4,0th House,0,0,0.1803,0.1803,Standard
2026-01-30 02:15:00,Parashara_Drishti,Mercury,Capricorn,Ma Kết,"21°22'52.58""",Shravana,Moon,4,Venus,Capricorn,Ma Kết,"21°11'44.87""",Shravana,Moon,4,0th House,0,0,359.8145,0.1855,Standard
2026-01-30 02:15:00,Parashara_Drishti,Venus,Capricorn,Ma Kết,"21°11'44.87""",Shravana,Moon,4,Mercury,Capricorn,Ma Kết,"21°22'52.58""",Shravana,Moon,4,0th House,0,0,0.1855,0.1855,Standard
2026-01-30 02:30:00,Parashara_Drishti,Mercury,Capricorn,Ma Kết,"21°23'58.33""",Shravana,Moon,4,Venus,Capricorn,Ma Kết,"21°12'31.94""",Shravana,Moon,4,0th House,0,0,359.8093,0.1907,Standard
2026-01-30 02:30:00,Parashara_Drishti,Venus,Capricorn,Ma Kết,"21°12'31.94""",Shravana,Moon,4,Mercury,Capricorn,Ma Kết,"21°23'58.33""",Shravana,Moon,4,0th House,0,0,0.1907,0.1907,Standard
2026-01-30 02:45:00,Parashara_Drishti,Mercury,Capricorn,Ma Kết,"21°25'04.07""",Shravana,Moon,4,Venus,Capricorn,Ma Kết,"21°13'19.01""",Shravana,Moon,4,0th House,0,0,359.8041,0.1959,Standard
2026-01-30 02:45:00,Parashara_Drishti,Venus,Capricorn,Ma Kết,"21°13'19.01""",Shravana,Moon,4,Mercury,Capricorn,Ma Kết,"21°25'04.07""",Shravana,Moon,4,0th House,0,0,0.1959,0.1959,Standard
2026-01-30 03:00:00,Parashara_Drishti,Mercury,Capricorn,Ma Kết,"21°26'09.82""",Shravana,Moon,4,Venus,Capricorn,Ma Kết,"21°14'06.08""",Shravana,Moon,4,0th House,0,0,359.799,0.201,Standard
2026-01-30 03:00:00,Parashara_Drishti,Venus,Capricorn,Ma Kết,"21°14'06.08""",Shravana,Moon,4,Mercury,Capricorn,Ma Kết,"21°26'09.82""",Shravana,Moon,4,0th House,0,0,0.201,0.201,Standard
2026-01-30 03:15:00,Parashara_Drishti,Mercury,Capricorn,Ma Kết,"21°27'15.57""",Shravana,Moon,4,Venus,Capricorn,Ma Kết,"21°14'53.15""",Shravana,Moon,4,0th House,0,0,359.7938,0.2062,Standard
2026-01-30 03:15:00,Parashara_Drishti,Venus,Capricorn,Ma Kết,"21°14'53.15""",Shravana,Moon,4,Mercury,Capricorn,Ma Kết,"21°27'15.57""",Shravana,Moon,4,0th House,0,0,0.2062,0.2062,Standard
2026-01-30 03:30:00,Parashara_Drishti,Mercury,Capricorn,Ma Kết,"21°28'21.33""",Shravana,Moon,4,Venus,Capricorn,Ma Kết,"21°15'40.21""",Shravana,Moon,4,0th House,0,0,359.7886,0.2114,Standard
2026-01-30 03:30:00,Parashara_Drishti,Venus,Capricorn,Ma Kết,"21°15'40.21""",Shravana,Moon,4,Mercury,Capricorn,Ma Kết,"21°28'21.33""",Shravana,Moon,4,0th House,0,0,0.2114,0.2114,Standard
2026-01-30 03:45:00,Parashara_Drishti,Mercury,Capricorn,Ma Kết,"21°29'27.09""",Shravana,Moon,4,Venus,Capricorn,Ma Kết,"21°16'27.28""",Shravana,Moon,4,0th House,0,0,359.7834,0.2166,Standard
2026-01-30 03:45:00,Parashara_Drishti,Venus,Capricorn,Ma Kết,"21°16'27.28""",Shravana,Moon,4,Mercury,Capricorn,Ma Kết,"21°29'27.09""",Shravana,Moon,4,0th House,0,0,0.2166,0.2166,Standard
2026-01-30 04:00:00,Parashara_Drishti,Mercury,Capricorn,Ma Kết,"21°30'32.85""",Shravana,Moon,4,Venus,Capricorn,Ma Kết,"21°17'14.35""",Shravana,Moon,4,0th House,0,0,359.7782,0.2218,Standard
2026-01-30 04:00:00,Parashara_Drishti,Venus,Capricorn,Ma Kết,"21°17'14.35""",Shravana,Moon,4,Mercury,Capricorn,Ma Kết,"21°30'32.85""",Shravana,Moon,4,0th House,0,0,0.2218,0.2218,Standard
2026-01-30 04:15:00,Parashara_Drishti,Mercury,Capricorn,Ma Kết,"21°31'38.61""",Shravana,Moon,4,Venus,Capricorn,Ma Kết,"21°18'01.42""",Shravana,Moon,4,0th House,0,0,359.773,0.227,Standard
2026-01-30 04:15:00,Parashara_Drishti,Venus,Capricorn,Ma Kết,"21°18'01.42""",Shravana,Moon,4,Mercury,Capricorn,Ma Kết,"21°31'38.61""",Shravana,Moon,4,0th House,0,0,0.227,0.227,Standard
2026-01-30 04:30:00,Parashara_Drishti,Mercury,Capricorn,Ma Kết,"21°32'44.38""",Shravana,Moon,4,Venus,Capricorn,Ma Kết,"21°18'48.49""",Shravana,Moon,4,0th House,0,0,359.7678,0.2322,Standard
2026-01-30 04:30:00,Parashara_Drishti,Venus,Capricorn,Ma Kết,"21°18'48.49""",Shravana,Moon,4,Mercury,Capricorn,Ma Kết,"21°32'44.38""",Shravana,Moon,4,0th House,0,0,0.2322,0.2322,Standard
2026-01-30 04:45:00,Parashara_Drishti,Mercury,Capricorn,Ma Kết,"21°33'50.14""",Shravana,Moon,4,Venus,Capricorn,Ma Kết,"21°19'35.56""",Shravana,Moon,4,0th House,0,0,359.7626,0.2374,Standard
2026-01-30 04:45:00,Parashara_Drishti,Venus,Capricorn,Ma Kết,"21°19'35.56""",Shravana,Moon,4,Mercury,Capricorn,Ma Kết,"21°33'50.14""",Shravana,Moon,4,0th House,0,0,0.2374,0.2374,Standard
2026-01-30 05:00:00,Parashara_Drishti,Mercury,Capricorn,Ma Kết,"21°34'55.92""",Shravana,Moon,4,Venus,Capricorn,Ma Kết,"21°20'22.63""",Shravana,Moon,4,0th House,0,0,359.7574,0.2426,Standard
2026-01-30 05:00:00,Parashara_Drishti,Venus,Capricorn,Ma Kết,"21°20'22.63""",Shravana,Moon,4,Mercury,Capricorn,Ma Kết,"21°34'55.92""",Shravana,Moon,4,0th House,0,0,0.2426,0.2426,Standard
2026-01-30 05:15:00,Parashara_Drishti,Mercury,Capricorn,Ma Kết,"21°36'01.69""",Shravana,Moon,4,Venus,Capricorn,Ma Kết,"21°21'09.69""",Shravana,Moon,4,0th House,0,0,359.7522,0.2478,Standard
2026-01-30 05:15:00,Parashara_Drishti,Venus,Capricorn,Ma Kết,"21°21'09.69""",Shravana,Moon,4,Mercury,Capricorn,Ma Kết,"21°36'01.69""",Shravana,Moon,4,0th House,0,0,0.2478,0.2478,Standard
2026-01-30 05:30:00,Parashara_Drishti,Mercury,Capricorn,Ma Kết,"21°37'07.47""",Shravana,Moon,4,Venus,Capricorn,Ma Kết,"21°21'56.76""",Shravana,Moon,4,0th House,0,0,359.747,0.253,Standard
2026-01-30 05:30:00,Parashara_Drishti,Venus,Capricorn,Ma Kết,"21°21'56.76""",Shravana,Moon,4,Mercury,Capricorn,Ma Kết,"21°37'07.47""",Shravana,Moon,4,0th House,0,0,0.253,0.253,Standard
2026-01-30 05:45:00,Parashara_Drishti,Mercury,Capricorn,Ma Kết,"21°38'13.25""",Shravana,Moon,4,Venus,Capricorn,Ma Kết,"21°22'43.83""",Shravana,Moon,4,0th House,0,0,359.7418,0.2582,Standard
2026-01-30 05:45:00,Parashara_Drishti,Venus,Capricorn,Ma Kết,"21°22'43.83""",Shravana,Moon,4,Mercury,Capricorn,Ma Kết,"21°38'13.25""",Shravana,Moon,4,0th House,0,0,0.2582,0.2582,Standard
2026-01-30 06:00:00,Parashara_Drishti,Mercury,Capricorn,Ma Kết,"21°39'19.03""",Shravana,Moon,4,Venus,Capricorn,Ma Kết,"21°23'30.90""",Shravana,Moon,4,0th House,0,0,359.7366,0.2634,Standard
2026-01-30 06:00:00,Parashara_Drishti,Venus,Capricorn,Ma Kết,"21°23'30.90""",Shravana,Moon,4,Mercury,Capricorn,Ma Kết,"21°39'19.03""",Shravana,Moon,4,0th House,0,0,0.2634,0.2634,Standard
2026-01-30 06:15:00,Parashara_Drishti,Mercury,Capricorn,Ma Kết,"21°40'24.82""",Shravana,Moon,4,Venus,Capricorn,Ma Kết,"21°24'17.97""",Shravana,Moon,4,0th House,0,0,359.7314,0.2686,Standard
2026-01-30 06:15:00,Parashara_Drishti,Venus,Capricorn,Ma Kết,"21°24'17.97""",Shravana,Moon,4,Mercury,Capricorn,Ma Kết,"21°40'24.82""",Shravana,Moon,4,0th House,0,0,0.2686,0.2686,Standard
2026-01-30 06:30:00,Parashara_Drishti,Mercury,Capricorn,Ma Kết,"21°41'30.60""",Shravana,Moon,4,Venus,Capricorn,Ma Kết,"21°25'05.03""",Shravana,Moon,4,0th House,0,0,359.7262,0.2738,Standard
2026-01-30 06:30:00,Parashara_Drishti,Venus,Capricorn,Ma Kết,"21°25'05.03""",Shravana,Moon,4,Mercury,Capricorn,Ma Kết,"21°41'30.60""",Shravana,Moon,4,0th House,0,0,0.2738,0.2738,Standard
2026-01-30 06:45:00,Parashara_Drishti,Mercury,Capricorn,Ma Kết,"21°42'36.40""",Shravana,Moon,4,Venus,Capricorn,Ma Kết,"21°25'52.10""",Shravana,Moon,4,0th House,0,0,359.721,0.279,Standard
2026-01-30 06:45:00,Parashara_Drishti,Venus,Capricorn,Ma Kết,"21°25'52.10""",Shravana,Moon,4,Mercury,Capricorn,Ma Kết,"21°42'36.40""",Shravana,Moon,4,0th House,0,0,0.279,0.279,Standard
2026-01-30 07:00:00,Parashara_Drishti,Mercury,Capricorn,Ma Kết,"21°43'42.19""",Shravana,Moon,4,Venus,Capricorn,Ma Kết,"21°26'39.17""",Shravana,Moon,4,0th House,0,0,359.7158,0.2842,Standard
2026-01-30 07:00:00,Parashara_Drishti,Venus,Capricorn,Ma Kết,"21°26'39.17""",Shravana,Moon,4,Mercury,Capricorn,Ma Kết,"21°43'42.19""",Shravana,Moon,4,0th House,0,0,0.2842,0.2842,Standard
2026-01-30 07:15:00,Parashara_Drishti,Mercury,Capricorn,Ma Kết,"21°44'47.99""",Shravana,Moon,4,Venus,Capricorn,Ma Kết,"21°27'26.24""",Shravana,Moon,4,0th House,0,0,359.7106,0.2894,Standard
2026-01-30 07:15:00,Parashara_Drishti,Venus,Capricorn,Ma Kết,"21°27'26.24""",Shravana,Moon,4,Mercury,Capricorn,Ma Kết,"21°44'47.99""",Shravana,Moon,4,0th House,0,0,0.2894,0.2894,Standard
2026-01-30 07:30:00,Parashara_Drishti,Mercury,Capricorn,Ma Kết,"21°45'53.79""",Shravana,Moon,4,Venus,Capricorn,Ma Kết,"21°28'13.30""",Shravana,Moon,4,0th House,0,0,359.7054,0.2946,Standard
2026-01-30 07:30:00,Parashara_Drishti,Venus,Capricorn,Ma Kết,"21°28'13.30""",Shravana,Moon,4,Mercury,Capricorn,Ma Kết,"21°45'53.79""",Shravana,Moon,4,0th House,0,0,0.2946,0.2946,Standard
2026-01-30 07:45:00,Parashara_Drishti,Mercury,Capricorn,Ma Kết,"21°46'59.59""",Shravana,Moon,4,Venus,Capricorn,Ma Kết,"21°29'00.37""",Shravana,Moon,4,0th House,0,0,359.7002,0.2998,Standard
2026-01-30 07:45:00,Parashara_Drishti,Venus,Capricorn,Ma Kết,"21°29'00.37""",Shravana,Moon,4,Mercury,Capricorn,Ma Kết,"21°46'59.59""",Shravana,Moon,4,0th House,0,0,0.2998,0.2998,Standard
2026-01-30 08:00:00,Parashara_Drishti,Mercury,Capricorn,Ma Kết,"21°48'05.39""",Shravana,Moon,4,Venus,Capricorn,Ma Kết,"21°29'47.44""",Shravana,Moon,4,0th House,0,0,359.695,0.305,Standard
2026-01-30 08:00:00,Parashara_Drishti,Venus,Capricorn,Ma Kết,"21°29'47.44""",Shravana,Moon,4,Mercury,Capricorn,Ma Kết,"21°48'05.39""",Shravana,Moon,4,0th House,0,0,0.305,0.305,Standard
2026-01-30 08:15:00,Parashara_Drishti,Mercury,Capricorn,Ma Kết,"21°49'11.20""",Shravana,Moon,4,Venus,Capricorn,Ma Kết,"21°30'34.50""",Shravana,Moon,4,0th House,0,0,359.6898,0.3102,Standard
2026-01-30 08:15:00,Parashara_Drishti,Venus,Capricorn,Ma Kết,"21°30'34.50""",Shravana,Moon,4,Mercury,Capricorn,Ma Kết,"21°49'11.20""",Shravana,Moon,4,0th House,0,0,0.3102,0.3102,Standard
2026-01-30 08:30:00,Parashara_Drishti,Mercury,Capricorn,Ma Kết,"21°50'17.01""",Shravana,Moon,4,Venus,Capricorn,Ma Kết,"21°31'21.57""",Shravana,Moon,4,0th House,0,0,359.6846,0.3154,Standard
2026-01-30 08:30:00,Parashara_Drishti,Venus,Capricorn,Ma Kết,"21°31'21.57""",Shravana,Moon,4,Mercury,Capricorn,Ma Kết,"21°50'17.01""",Shravana,Moon,4,0th House,0,0,0.3154,0.3154,Standard
2026-01-30 08:45:00,Parashara_Drishti,Mercury,Capricorn,Ma Kết,"21°51'22.82""",Shravana,Moon,4,Venus,Capricorn,Ma Kết,"21°32'08.64""",Shravana,Moon,4,0th House,0,0,359.6794,0.3206,Standard
2026-01-30 08:45:00,Parashara_Drishti,Venus,Capricorn,Ma Kết,"21°32'08.64""",Shravana,Moon,4,Mercury,Capricorn,Ma Kết,"21°51'22.82""",Shravana,Moon,4,0th House,0,0,0.3206,0.3206,Standard
2026-01-30 09:00:00,Parashara_Drishti,Mercury,Capricorn,Ma Kết,"21°52'28.64""",Shravana,Moon,4,Venus,Capricorn,Ma Kết,"21°32'55.71""",Shravana,Moon,4,0th House,0,0,359.6742,0.3258,Standard
2026-01-30 09:00:00,Parashara_Drishti,Venus,Capricorn,Ma Kết,"21°32'55.71""",Shravana,Moon,4,Mercury,Capricorn,Ma Kết,"21°52'28.64""",Shravana,Moon,4,0th House,0,0,0.3258,0.3258,Standard
2026-01-30 09:15:00,Parashara_Drishti,Mercury,Capricorn,Ma Kết,"21°53'34.46""",Shravana,Moon,4,Venus,Capricorn,Ma Kết,"21°33'42.77""",Shravana,Moon,4,0th House,0,0,359.669,0.331,Standard
2026-01-30 09:15:00,Parashara_Drishti,Venus,Capricorn,Ma Kết,"21°33'42.77""",Shravana,Moon,4,Mercury,Capricorn,Ma Kết,"21°53'34.46""",Shravana,Moon,4,0th House,0,0,0.331,0.331,Standard
2026-01-30 09:30:00,Parashara_Drishti,Mercury,Capricorn,Ma Kết,"21°54'40.28""",Shravana,Moon,4,Venus,Capricorn,Ma Kết,"21°34'29.84""",Shravana,Moon,4,0th House,0,0,359.6638,0.3362,Standard
2026-01-30 09:30:00,Parashara_Drishti,Venus,Capricorn,Ma Kết,"21°34'29.84""",Shravana,Moon,4,Mercury,Capricorn,Ma Kết,"21°54'40.28""",Shravana,Moon,4,0th House,0,0,0.3362,0.3362,Standard
2026-01-30 09:45:00,Parashara_Drishti,Mercury,Capricorn,Ma Kết,"21°55'46.10""",Shravana,Moon,4,Venus,Capricorn,Ma Kết,"21°35'16.91""",Shravana,Moon,4,0th House,0,0,359.6586,0.3414,Standard
2026-01-30 09:45:00,Parashara_Drishti,Venus,Capricorn,Ma Kết,"21°35'16.91""",Shravana,Moon,4,Mercury,Capricorn,Ma Kết,"21°55'46.10""",Shravana,Moon,4,0th House,0,0,0.3414,0.3414,Standard
2026-01-30 10:00:00,Parashara_Drishti,Mercury,Capricorn,Ma Kết,"21°56'51.93""",Shravana,Moon,4,Venus,Capricorn,Ma Kết,"21°36'03.97""",Shravana,Moon,4,0th House,0,0,359.6533,0.3467,Standard
2026-01-30 10:00:00,Parashara_Drishti,Venus,Capricorn,Ma Kết,"21°36'03.97""",Shravana,Moon,4,Mercury,Capricorn,Ma Kết,"21°56'51.93""",Shravana,Moon,4,0th House,0,0,0.3467,0.3467,Standard
2026-01-30 10:15:00,Parashara_Drishti,Mercury,Capricorn,Ma Kết,"21°57'57.76""",Shravana,Moon,4,Venus,Capricorn,Ma Kết,"21°36'51.04""",Shravana,Moon,4,0th House,0,0,359.6481,0.3519,Standard
2026-01-30 10:15:00,Parashara_Drishti,Venus,Capricorn,Ma Kết,"21°36'51.04""",Shravana,Moon,4,Mercury,Capricorn,Ma Kết,"21°57'57.76""",Shravana,Moon,4,0th House,0,0,0.3519,0.3519,Standard
2026-01-30 10:30:00,Parashara_Drishti,Mercury,Capricorn,Ma Kết,"21°59'03.59""",Shravana,Moon,4,Venus,Capricorn,Ma Kết,"21°37'38.11""",Shravana,Moon,4,0th House,0,0,359.6429,0.3571,Standard
2026-01-30 10:30:00,Parashara_Drishti,Venus,Capricorn,Ma Kết,"21°37'38.11""",Shravana,Moon,4,Mercury,Capricorn,Ma Kết,"21°59'03.59""",Shravana,Moon,4,0th House,0,0,0.3571,0.3571,Standard
2026-01-30 10:45:00,Parashara_Drishti,Mercury,Capricorn,Ma Kết,"22°00'09.43""",Shravana,Moon,4,Venus,Capricorn,Ma Kết,"21°38'25.17""",Shravana,Moon,4,0th House,0,0,359.6377,0.3623,Standard
2026-01-30 10:45:00,Parashara_Drishti,Venus,Capricorn,Ma Kết,"21°38'25.17""",Shravana,Moon,4,Mercury,Capricorn,Ma Kết,"22°00'09.43""",Shravana,Moon,4,0th House,0,0,0.3623,0.3623,Standard
2026-01-30 11:00:00,Parashara_Drishti,Mercury,Capricorn,Ma Kết,"22°01'15.26""",Shravana,Moon,4,Venus,Capricorn,Ma Kết,"21°39'12.24""",Shravana,Moon,4,0th House,0,0,359.6325,0.3675,Standard
2026-01-30 11:00:00,Parashara_Drishti,Venus,Capricorn,Ma Kết,"21°39'12.24""",Shravana,Moon,4,Mercury,Capricorn,Ma Kết,"22°01'15.26""",Shravana,Moon,4,0th House,0,0,0.3675,0.3675,Standard
2026-01-30 11:15:00,Parashara_Drishti,Mercury,Capricorn,Ma Kết,"22°02'21.10""",Shravana,Moon,4,Venus,Capricorn,Ma Kết,"21°39'59.30""",Shravana,Moon,4,0th House,0,0,359.6273,0.3727,Standard
2026-01-30 11:15:00,Parashara_Drishti,Venus,Capricorn,Ma Kết,"21°39'59.30""",Shravana,Moon,4,Mercury,Capricorn,Ma Kết,"22°02'21.10""",Shravana,Moon,4,0th House,0,0,0.3727,0.3727,Standard
2026-01-30 11:30:00,Parashara_Drishti,Mercury,Capricorn,Ma Kết,"22°03'26.95""",Shravana,Moon,4,Venus,Capricorn,Ma Kết,"21°40'46.37""",Shravana,Moon,4,0th House,0,0,359.6221,0.3779,Standard
2026-01-30 11:30:00,Parashara_Drishti,Venus,Capricorn,Ma Kết,"21°40'46.37""",Shravana,Moon,4,Mercury,Capricorn,Ma Kết,"22°03'26.95""",Shravana,Moon,4,0th House,0,0,0.3779,0.3779,Standard
2026-01-30 11:45:00,Parashara_Drishti,Mercury,Capricorn,Ma Kết,"22°04'32.79""",Shravana,Moon,4,Venus,Capricorn,Ma Kết,"21°41'33.44""",Shravana,Moon,4,0th House,0,0,359.6168,0.3832,Standard
2026-01-30 11:45:00,Parashara_Drishti,Venus,Capricorn,Ma Kết,"21°41'33.44""",Shravana,Moon,4,Mercury,Capricorn,Ma Kết,"22°04'32.79""",Shravana,Moon,4,0th House,0,0,0.3832,0.3832,Standard
2026-01-30 12:00:00,Parashara_Drishti,Mercury,Capricorn,Ma Kết,"22°05'38.64""",Shravana,Moon,4,Venus,Capricorn,Ma Kết,"21°42'20.50""",Shravana,Moon,4,0th House,0,0,359.6116,0.3884,Standard
2026-01-30 12:00:00,Parashara_Drishti,Venus,Capricorn,Ma Kết,"21°42'20.50""",Shravana,Moon,4,Mercury,Capricorn,Ma Kết,"22°05'38.64""",Shravana,Moon,4,0th House,0,0,0.3884,0.3884,Standard
2026-01-30 12:15:00,Parashara_Drishti,Mercury,Capricorn,Ma Kết,"22°06'44.49""",Shravana,Moon,4,Venus,Capricorn,Ma Kết,"21°43'07.57""",Shravana,Moon,4,0th House,0,0,359.6064,0.3936,Standard
2026-01-30 12:15:00,Parashara_Drishti,Venus,Capricorn,Ma Kết,"21°43'07.57""",Shravana,Moon,4,Mercury,Capricorn,Ma Kết,"22°06'44.49""",Shravana,Moon,4,0th House,0,0,0.3936,0.3936,Standard
2026-01-30 12:30:00,Parashara_Drishti,Mercury,Capricorn,Ma Kết,"22°07'50.35""",Shravana,Moon,4,Venus,Capricorn,Ma Kết,"21°43'54.63""",Shravana,Moon,4,0th House,0,0,359.6012,0.3988,Standard
2026-01-30 12:30:00,Parashara_Drishti,Venus,Capricorn,Ma Kết,"21°43'54.63""",Shravana,Moon,4,Mercury,Capricorn,Ma Kết,"22°07'50.35""",Shravana,Moon,4,0th House,0,0,0.3988,0.3988,Standard
2026-01-30 12:45:00,Parashara_Drishti,Mercury,Capricorn,Ma Kết,"22°08'56.20""",Shravana,Moon,4,Venus,Capricorn,Ma Kết,"21°44'41.70""",Shravana,Moon,4,0th House,0,0,359.596,0.404,Standard
2026-01-30 12:45:00,Parashara_Drishti,Venus,Capricorn,Ma Kết,"21°44'41.70""",Shravana,Moon,4,Mercury,Capricorn,Ma Kết,"22°08'56.20""",Shravana,Moon,4,0th House,0,0,0.404,0.404,Standard
2026-01-30 13:00:00,Parashara_Drishti,Mercury,Capricorn,Ma Kết,"22°10'02.06""",Shravana,Moon,4,Venus,Capricorn,Ma Kết,"21°45'28.76""",Shravana,Moon,4,0th House,0,0,359.5908,0.4092,Standard
2026-01-30 13:00:00,Parashara_Drishti,Venus,Capricorn,Ma Kết,"21°45'28.76""",Shravana,Moon,4,Mercury,Capricorn,Ma Kết,"22°10'02.06""",Shravana,Moon,4,0th House,0,0,0.4092,0.4092,Standard
2026-01-30 13:15:00,Parashara_Drishti,Mercury,Capricorn,Ma Kết,"22°11'07.92""",Shravana,Moon,4,Venus,Capricorn,Ma Kết,"21°46'15.83""",Shravana,Moon,4,0th House,0,0,359.5855,0.4145,Standard
2026-01-30 13:15:00,Parashara_Drishti,Venus,Capricorn,Ma Kết,"21°46'15.83""",Shravana,Moon,4,Mercury,Capricorn,Ma Kết,"22°11'07.92""",Shravana,Moon,4,0th House,0,0,0.4145,0.4145,Standard
2026-01-30 13:30:00,Parashara_Drishti,Mercury,Capricorn,Ma Kết,"22°12'13.79""",Shravana,Moon,4,Venus,Capricorn,Ma Kết,"21°47'02.89""",Shravana,Moon,4,0th House,0,0,359.5803,0.4197,Standard
2026-01-30 13:30:00,Parashara_Drishti,Venus,Capricorn,Ma Kết,"21°47'02.89""",Shravana,Moon,4,Mercury,Capricorn,Ma Kết,"22°12'13.79""",Shravana,Moon,4,0th House,0,0,0.4197,0.4197,Standard
2026-01-30 13:45:00,Parashara_Drishti,Mercury,Capricorn,Ma Kết,"22°13'19.66""",Shravana,Moon,4,Venus,Capricorn,Ma Kết,"21°47'49.96""",Shravana,Moon,4,0th House,0,0,359.5751,0.4249,Standard
2026-01-30 13:45:00,Parashara_Drishti,Venus,Capricorn,Ma Kết,"21°47'49.96""",Shravana,Moon,4,Mercury,Capricorn,Ma Kết,"22°13'19.66""",Shravana,Moon,4,0th House,0,0,0.4249,0.4249,Standard
2026-01-30 14:00:00,Parashara_Drishti,Mercury,Capricorn,Ma Kết,"22°14'25.53""",Shravana,Moon,4,Venus,Capricorn,Ma Kết,"21°48'37.02""",Shravana,Moon,4,0th House,0,0,359.5699,0.4301,Standard
2026-01-30 14:00:00,Parashara_Drishti,Venus,Capricorn,Ma Kết,"21°48'37.02""",Shravana,Moon,4,Mercury,Capricorn,Ma Kết,"22°14'25.53""",Shravana,Moon,4,0th House,0,0,0.4301,0.4301,Standard
2026-01-30 14:15:00,Parashara_Drishti,Mercury,Capricorn,Ma Kết,"22°15'31.40""",Shravana,Moon,4,Venus,Capricorn,Ma Kết,"21°49'24.09""",Shravana,Moon,4,0th House,0,0,359.5646,0.4354,Standard
2026-01-30 14:15:00,Parashara_Drishti,Venus,Capricorn,Ma Kết,"21°49'24.09""",Shravana,Moon,4,Mercury,Capricorn,Ma Kết,"22°15'31.40""",Shravana,Moon,4,0th House,0,0,0.4354,0.4354,Standard
2026-01-30 14:30:00,Parashara_Drishti,Mercury,Capricorn,Ma Kết,"22°16'37.27""",Shravana,Moon,4,Venus,Capricorn,Ma Kết,"21°50'11.15""",Shravana,Moon,4,0th House,0,0,359.5594,0.4406,Standard
2026-01-30 14:30:00,Parashara_Drishti,Venus,Capricorn,Ma Kết,"21°50'11.15""",Shravana,Moon,4,Mercury,Capricorn,Ma Kết,"22°16'37.27""",Shravana,Moon,4,0th House,0,0,0.4406,0.4406,Standard
2026-01-30 14:45:00,Parashara_Drishti,Mercury,Capricorn,Ma Kết,"22°17'43.15""",Shravana,Moon,4,Venus,Capricorn,Ma Kết,"21°50'58.22""",Shravana,Moon,4,0th House,0,0,359.5542,0.4458,Standard
2026-01-30 14:45:00,Parashara_Drishti,Venus,Capricorn,Ma Kết,"21°50'58.22""",Shravana,Moon,4,Mercury,Capricorn,Ma Kết,"22°17'43.15""",Shravana,Moon,4,0th House,0,0,0.4458,0.4458,Standard
2026-01-30 15:00:00,Parashara_Drishti,Mercury,Capricorn,Ma Kết,"22°18'49.03""",Shravana,Moon,4,Venus,Capricorn,Ma Kết,"21°51'45.28""",Shravana,Moon,4,0th House,0,0,359.549,0.451,Standard
2026-01-30 15:00:00,Parashara_Drishti,Venus,Capricorn,Ma Kết,"21°51'45.28""",Shravana,Moon,4,Mercury,Capricorn,Ma Kết,"22°18'49.03""",Shravana,Moon,4,0th House,0,0,0.451,0.451,Standard
2026-01-30 15:15:00,Parashara_Drishti,Mercury,Capricorn,Ma Kết,"22°19'54.91""",Shravana,Moon,4,Venus,Capricorn,Ma Kết,"21°52'32.35""",Shravana,Moon,4,0th House,0,0,359.5437,0.4563,Standard
2026-01-30 15:15:00,Parashara_Drishti,Venus,Capricorn,Ma Kết,"21°52'32.35""",Shravana,Moon,4,Mercury,Capricorn,Ma Kết,"22°19'54.91""",Shravana,Moon,4,0th House,0,0,0.4563,0.4563,Standard
2026-01-30 15:30:00,Parashara_Drishti,Mercury,Capricorn,Ma Kết,"22°21'00.80""",Shravana,Moon,4,Venus,Capricorn,Ma Kết,"21°53'19.41""",Shravana,Moon,4,0th House,0,0,359.5385,0.4615,Standard
2026-01-30 15:30:00,Parashara_Drishti,Venus,Capricorn,Ma Kết,"21°53'19.41""",Shravana,Moon,4,Mercury,Capricorn,Ma Kết,"22°21'00.80""",Shravana,Moon,4,0th House,0,0,0.4615,0.4615,Standard
2026-01-30 15:45:00,Parashara_Drishti,Mercury,Capricorn,Ma Kết,"22°22'06.69""",Shravana,Moon,4,Venus,Capricorn,Ma Kết,"21°54'06.48""",Shravana,Moon,4,0th House,0,0,359.5333,0.4667,Standard
2026-01-30 15:45:00,Parashara_Drishti,Venus,Capricorn,Ma Kết,"21°54'06.48""",Shravana,Moon,4,Mercury,Capricorn,Ma Kết,"22°22'06.69""",Shravana,Moon,4,0th House,0,0,0.4667,0.4667,Standard
2026-01-30 16:00:00,Parashara_Drishti,Mercury,Capricorn,Ma Kết,"22°23'12.58""",Shravana,Moon,4,Venus,Capricorn,Ma Kết,"21°54'53.54""",Shravana,Moon,4,0th House,0,0,359.528,0.472,Standard
2026-01-30 16:00:00,Parashara_Drishti,Venus,Capricorn,Ma Kết,"21°54'53.54""",Shravana,Moon,4,Mercury,Capricorn,Ma Kết,"22°23'12.58""",Shravana,Moon,4,0th House,0,0,0.472,0.472,Standard
2026-01-30 16:15:00,Parashara_Drishti,Mercury,Capricorn,Ma Kết,"22°24'18.47""",Shravana,Moon,4,Venus,Capricorn,Ma Kết,"21°55'40.61""",Shravana,Moon,4,0th House,0,0,359.5228,0.4772,Standard
2026-01-30 16:15:00,Parashara_Drishti,Venus,Capricorn,Ma Kết,"21°55'40.61""",Shravana,Moon,4,Mercury,Capricorn,Ma Kết,"22°24'18.47""",Shravana,Moon,4,0th House,0,0,0.4772,0.4772,Standard
2026-01-30 16:30:00,Parashara_Drishti,Mercury,Capricorn,Ma Kết,"22°25'24.37""",Shravana,Moon,4,Venus,Capricorn,Ma Kết,"21°56'27.67""",Shravana,Moon,4,0th House,0,0,359.5176,0.4824,Standard
2026-01-30 16:30:00,Parashara_Drishti,Venus,Capricorn,Ma Kết,"21°56'27.67""",Shravana,Moon,4,Mercury,Capricorn,Ma Kết,"22°25'24.37""",Shravana,Moon,4,0th House,0,0,0.4824,0.4824,Standard
2026-01-30 16:45:00,Parashara_Drishti,Mercury,Capricorn,Ma Kết,"22°26'30.27""",Shravana,Moon,4,Venus,Capricorn,Ma Kết,"21°57'14.74""",Shravana,Moon,4,0th House,0,0,359.5124,0.4876,Standard
2026-01-30 16:45:00,Parashara_Drishti,Venus,Capricorn,Ma Kết,"21°57'14.74""",Shravana,Moon,4,Mercury,Capricorn,Ma Kết,"22°26'30.27""",Shravana,Moon,4,0th House,0,0,0.4876,0.4876,Standard
2026-01-30 17:00:00,Parashara_Drishti,Mercury,Capricorn,Ma Kết,"22°27'36.17""",Shravana,Moon,4,Venus,Capricorn,Ma Kết,"21°58'01.80""",Shravana,Moon,4,0th House,0,0,359.5071,0.4929,Standard
2026-01-30 17:00:00,Parashara_Drishti,Venus,Capricorn,Ma Kết,"21°58'01.80""",Shravana,Moon,4,Mercury,Capricorn,Ma Kết,"22°27'36.17""",Shravana,Moon,4,0th House,0,0,0.4929,0.4929,Standard
2026-01-30 17:15:00,Parashara_Drishti,Mercury,Capricorn,Ma Kết,"22°28'42.07""",Shravana,Moon,4,Venus,Capricorn,Ma Kết,"21°58'48.86""",Shravana,Moon,4,0th House,0,0,359.5019,0.4981,Standard
2026-01-30 17:15:00,Parashara_Drishti,Venus,Capricorn,Ma Kết,"21°58'48.86""",Shravana,Moon,4,Mercury,Capricorn,Ma Kết,"22°28'42.07""",Shravana,Moon,4,0th House,0,0,0.4981,0.4981,Standard
2026-01-30 17:30:00,Parashara_Drishti,Mercury,Capricorn,Ma Kết,"22°29'47.98""",Shravana,Moon,4,Venus,Capricorn,Ma Kết,"21°59'35.93""",Shravana,Moon,4,0th House,0,0,359.4967,0.5033,Standard
2026-01-30 17:30:00,Parashara_Drishti,Venus,Capricorn,Ma Kết,"21°59'35.93""",Shravana,Moon,4,Mercury,Capricorn,Ma Kết,"22°29'47.98""",Shravana,Moon,4,0th House,0,0,0.5033,0.5033,Standard
2026-01-30 17:45:00,Parashara_Drishti,Mercury,Capricorn,Ma Kết,"22°30'53.89""",Shravana,Moon,4,Venus,Capricorn,Ma Kết,"22°00'22.99""",Shravana,Moon,4,0th House,0,0,359.4914,0.5086,Standard
2026-01-30 17:45:00,Parashara_Drishti,Venus,Capricorn,Ma Kết,"22°00'22.99""",Shravana,Moon,4,Mercury,Capricorn,Ma Kết,"22°30'53.89""",Shravana,Moon,4,0th House,0,0,0.5086,0.5086,Standard
2026-01-30 18:00:00,Parashara_Drishti,Mercury,Capricorn,Ma Kết,"22°31'59.80""",Shravana,Moon,4,Venus,Capricorn,Ma Kết,"22°01'10.06""",Shravana,Moon,4,0th House,0,0,359.4862,0.5138,Standard
2026-01-30 18:00:00,Parashara_Drishti,Venus,Capricorn,Ma Kết,"22°01'10.06""",Shravana,Moon,4,Mercury,Capricorn,Ma Kết,"22°31'59.80""",Shravana,Moon,4,0th House,0,0,0.5138,0.5138,Standard
2026-01-30 18:15:00,Parashara_Drishti,Mercury,Capricorn,Ma Kết,"22°33'05.72""",Shravana,Moon,4,Venus,Capricorn,Ma Kết,"22°01'57.12""",Shravana,Moon,4,0th House,0,0,359.4809,0.5191,Standard
2026-01-30 18:15:00,Parashara_Drishti,Venus,Capricorn,Ma Kết,"22°01'57.12""",Shravana,Moon,4,Mercury,Capricorn,Ma Kết,"22°33'05.72""",Shravana,Moon,4,0th House,0,0,0.5191,0.5191,Standard
2026-01-30 18:30:00,Parashara_Drishti,Mercury,Capricorn,Ma Kết,"22°34'11.63""",Shravana,Moon,4,Venus,Capricorn,Ma Kết,"22°02'44.18""",Shravana,Moon,4,0th House,0,0,359.4757,0.5243,Standard
2026-01-30 18:30:00,Parashara_Drishti,Venus,Capricorn,Ma Kết,"22°02'44.18""",Shravana,Moon,4,Mercury,Capricorn,Ma Kết,"22°34'11.63""",Shravana,Moon,4,0th House,0,0,0.5243,0.5243,Standard
2026-01-30 18:45:00,Parashara_Drishti,Mercury,Capricorn,Ma Kết,"22°35'17.55""",Shravana,Moon,4,Venus,Capricorn,Ma Kết,"22°03'31.25""",Shravana,Moon,4,0th House,0,0,359.4705,0.5295,Standard
2026-01-30 18:45:00,Parashara_Drishti,Venus,Capricorn,Ma Kết,"22°03'31.25""",Shravana,Moon,4,Mercury,Capricorn,Ma Kết,"22°35'17.55""",Shravana,Moon,4,0th House,0,0,0.5295,0.5295,Standard
2026-01-30 19:00:00,Parashara_Drishti,Mercury,Capricorn,Ma Kết,"22°36'23.47""",Shravana,Moon,4,Venus,Capricorn,Ma Kết,"22°04'18.31""",Shravana,Moon,4,0th House,0,0,359.4652,0.5348,Standard
2026-01-30 19:00:00,Parashara_Drishti,Venus,Capricorn,Ma Kết,"22°04'18.31""",Shravana,Moon,4,Mercury,Capricorn,Ma Kết,"22°36'23.47""",Shravana,Moon,4,0th House,0,0,0.5348,0.5348,Standard
2026-01-30 19:15:00,Parashara_Drishti,Mercury,Capricorn,Ma Kết,"22°37'29.40""",Shravana,Moon,4,Venus,Capricorn,Ma Kết,"22°05'05.37""",Shravana,Moon,4,0th House,0,0,359.46,0.54,Standard
2026-01-30 19:15:00,Parashara_Drishti,Venus,Capricorn,Ma Kết,"22°05'05.37""",Shravana,Moon,4,Mercury,Capricorn,Ma Kết,"22°37'29.40""",Shravana,Moon,4,0th House,0,0,0.54,0.54,Standard
2026-01-30 19:30:00,Parashara_Drishti,Mercury,Capricorn,Ma Kết,"22°38'35.33""",Shravana,Moon,4,Venus,Capricorn,Ma Kết,"22°05'52.44""",Shravana,Moon,4,0th House,0,0,359.4548,0.5452,Standard
2026-01-30 19:30:00,Parashara_Drishti,Venus,Capricorn,Ma Kết,"22°05'52.44""",Shravana,Moon,4,Mercury,Capricorn,Ma Kết,"22°38'35.33""",Shravana,Moon,4,0th House,0,0,0.5452,0.5452,Standard
2026-01-30 19:45:00,Parashara_Drishti,Mercury,Capricorn,Ma Kết,"22°39'41.26""",Shravana,Moon,4,Venus,Capricorn,Ma Kết,"22°06'39.50""",Shravana,Moon,4,0th House,0,0,359.4495,0.5505,Standard
2026-01-30 19:45:00,Parashara_Drishti,Venus,Capricorn,Ma Kết,"22°06'39.50""",Shravana,Moon,4,Mercury,Capricorn,Ma Kết,"22°39'41.26""",Shravana,Moon,4,0th House,0,0,0.5505,0.5505,Standard
2026-01-30 20:00:00,Parashara_Drishti,Mercury,Capricorn,Ma Kết,"22°40'47.19""",Shravana,Moon,4,Venus,Capricorn,Ma Kết,"22°07'26.56""",Shravana,Moon,4,0th House,0,0,359.4443,0.5557,Standard
2026-01-30 20:00:00,Parashara_Drishti,Venus,Capricorn,Ma Kết,"22°07'26.56""",Shravana,Moon,4,Mercury,Capricorn,Ma Kết,"22°40'47.19""",Shravana,Moon,4,0th House,0,0,0.5557,0.5557,Standard
2026-01-30 20:15:00,Parashara_Drishti,Mercury,Capricorn,Ma Kết,"22°41'53.12""",Shravana,Moon,4,Venus,Capricorn,Ma Kết,"22°08'13.62""",Shravana,Moon,4,0th House,0,0,359.439,0.561,Standard
2026-01-30 20:15:00,Parashara_Drishti,Venus,Capricorn,Ma Kết,"22°08'13.62""",Shravana,Moon,4,Mercury,Capricorn,Ma Kết,"22°41'53.12""",Shravana,Moon,4,0th House,0,0,0.561,0.561,Standard
2026-01-30 20:30:00,Parashara_Drishti,Mercury,Capricorn,Ma Kết,"22°42'59.06""",Shravana,Moon,4,Venus,Capricorn,Ma Kết,"22°09'00.69""",Shravana,Moon,4,0th House,0,0,359.4338,0.5662,Standard
2026-01-30 20:30:00,Parashara_Drishti,Venus,Capricorn,Ma Kết,"22°09'00.69""",Shravana,Moon,4,Mercury,Capricorn,Ma Kết,"22°42'59.06""",Shravana,Moon,4,0th House,0,0,0.5662,0.5662,Standard
2026-01-30 20:45:00,Parashara_Drishti,Mercury,Capricorn,Ma Kết,"22°44'05.00""",Shravana,Moon,4,Venus,Capricorn,Ma Kết,"22°09'47.75""",Shravana,Moon,4,0th House,0,0,359.4285,0.5715,Standard
2026-01-30 20:45:00,Parashara_Drishti,Venus,Capricorn,Ma Kết,"22°09'47.75""",Shravana,Moon,4,Mercury,Capricorn,Ma Kết,"22°44'05.00""",Shravana,Moon,4,0th House,0,0,0.5715,0.5715,Standard
2026-01-30 21:00:00,Parashara_Drishti,Mercury,Capricorn,Ma Kết,"22°45'10.94""",Shravana,Moon,4,Venus,Capricorn,Ma Kết,"22°10'34.81""",Shravana,Moon,4,0th House,0,0,359.4233,0.5767,Standard
2026-01-30 21:00:00,Parashara_Drishti,Venus,Capricorn,Ma Kết,"22°10'34.81""",Shravana,Moon,4,Mercury,Capricorn,Ma Kết,"22°45'10.94""",Shravana,Moon,4,0th House,0,0,0.5767,0.5767,Standard
2026-01-30 21:15:00,Parashara_Drishti,Mercury,Capricorn,Ma Kết,"22°46'16.89""",Shravana,Moon,4,Venus,Capricorn,Ma Kết,"22°11'21.88""",Shravana,Moon,4,0th House,0,0,359.4181,0.5819,Standard
2026-01-30 21:15:00,Parashara_Drishti,Venus,Capricorn,Ma Kết,"22°11'21.88""",Shravana,Moon,4,Mercury,Capricorn,Ma Kết,"22°46'16.89""",Shravana,Moon,4,0th House,0,0,0.5819,0.5819,Standard
2026-01-30 21:30:00,Parashara_Drishti,Mercury,Capricorn,Ma Kết,"22°47'22.84""",Shravana,Moon,4,Venus,Capricorn,Ma Kết,"22°12'08.94""",Shravana,Moon,4,0th House,0,0,359.4128,0.5872,Standard
2026-01-30 21:30:00,Parashara_Drishti,Venus,Capricorn,Ma Kết,"22°12'08.94""",Shravana,Moon,4,Mercury,Capricorn,Ma Kết,"22°47'22.84""",Shravana,Moon,4,0th House,0,0,0.5872,0.5872,Standard
2026-01-30 21:45:00,Parashara_Drishti,Mercury,Capricorn,Ma Kết,"22°48'28.79""",Shravana,Moon,4,Venus,Capricorn,Ma Kết,"22°12'56.00""",Shravana,Moon,4,0th House,0,0,359.4076,0.5924,Standard
2026-01-30 21:45:00,Parashara_Drishti,Venus,Capricorn,Ma Kết,"22°12'56.00""",Shravana,Moon,4,Mercury,Capricorn,Ma Kết,"22°48'28.79""",Shravana,Moon,4,0th House,0,0,0.5924,0.5924,Standard
2026-01-30 22:00:00,Parashara_Drishti,Mercury,Capricorn,Ma Kết,"22°49'34.74""",Shravana,Moon,4,Venus,Capricorn,Ma Kết,"22°13'43.06""",Shravana,Moon,4,0th House,0,0,359.4023,0.5977,Standard
2026-01-30 22:00:00,Parashara_Drishti,Venus,Capricorn,Ma Kết,"22°13'43.06""",Shravana,Moon,4,Mercury,Capricorn,Ma Kết,"22°49'34.74""",Shravana,Moon,4,0th House,0,0,0.5977,0.5977,Standard
2026-01-30 22:15:00,Parashara_Drishti,Mercury,Capricorn,Ma Kết,"22°50'40.70""",Shravana,Moon,4,Venus,Capricorn,Ma Kết,"22°14'30.13""",Shravana,Moon,4,0th House,0,0,359.3971,0.6029,Standard
2026-01-30 22:15:00,Parashara_Drishti,Venus,Capricorn,Ma Kết,"22°14'30.13""",Shravana,Moon,4,Mercury,Capricorn,Ma Kết,"22°50'40.70""",Shravana,Moon,4,0th House,0,0,0.6029,0.6029,Standard
2026-01-30 22:30:00,Parashara_Drishti,Mercury,Capricorn,Ma Kết,"22°51'46.65""",Shravana,Moon,4,Venus,Capricorn,Ma Kết,"22°15'17.19""",Shravana,Moon,4,0th House,0,0,359.3918,0.6082,Standard
2026-01-30 22:30:00,Parashara_Drishti,Venus,Capricorn,Ma Kết,"22°15'17.19""",Shravana,Moon,4,Mercury,Capricorn,Ma Kết,"22°51'46.65""",Shravana,Moon,4,0th House,0,0,0.6082,0.6082,Standard
2026-01-30 22:45:00,Parashara_Drishti,Mercury,Capricorn,Ma Kết,"22°52'52.61""",Shravana,Moon,4,Venus,Capricorn,Ma Kết,"22°16'04.25""",Shravana,Moon,4,0th House,0,0,359.3866,0.6134,Standard
2026-01-30 22:45:00,Parashara_Drishti,Venus,Capricorn,Ma Kết,"22°16'04.25""",Shravana,Moon,4,Mercury,Capricorn,Ma Kết,"22°52'52.61""",Shravana,Moon,4,0th House,0,0,0.6134,0.6134,Standard
2026-01-30 23:00:00,Parashara_Drishti,Mercury,Capricorn,Ma Kết,"22°53'58.58""",Shravana,Moon,4,Venus,Capricorn,Ma Kết,"22°16'51.31""",Shravana,Moon,4,0th House,0,0,359.3813,0.6187,Standard
2026-01-30 23:00:00,Parashara_Drishti,Venus,Capricorn,Ma Kết,"22°16'51.31""",Shravana,Moon,4,Mercury,Capricorn,Ma Kết,"22°53'58.58""",Shravana,Moon,4,0th House,0,0,0.6187,0.6187,Standard
2026-01-30 23:15:00,Parashara_Drishti,Mercury,Capricorn,Ma Kết,"22°55'04.54""",Shravana,Moon,4,Venus,Capricorn,Ma Kết,"22°17'38.37""",Shravana,Moon,4,0th House,0,0,359.3761,0.6239,Standard
2026-01-30 23:15:00,Parashara_Drishti,Venus,Capricorn,Ma Kết,"22°17'38.37""",Shravana,Moon,4,Mercury,Capricorn,Ma Kết,"22°55'04.54""",Shravana,Moon,4,0th House,0,0,0.6239,0.6239,Standard
2026-01-30 23:30:00,Parashara_Drishti,Mercury,Capricorn,Ma Kết,"22°56'10.51""",Shravana,Moon,4,Venus,Capricorn,Ma Kết,"22°18'25.44""",Shravana,Moon,4,0th House,0,0,359.3708,0.6292,Standard
2026-01-30 23:30:00,Parashara_Drishti,Venus,Capricorn,Ma Kết,"22°18'25.44""",Shravana,Moon,4,Mercury,Capricorn,Ma Kết,"22°56'10.51""",Shravana,Moon,4,0th House,0,0,0.6292,0.6292,Standard
2026-01-30 23:45:00,Parashara_Drishti,Mercury,Capricorn,Ma Kết,"22°57'16.48""",Shravana,Moon,4,Venus,Capricorn,Ma Kết,"22°19'12.50""",Shravana,Moon,4,0th House,0,0,359.3656,0.6344,Standard
2026-01-30 23:45:00,Parashara_Drishti,Venus,Capricorn,Ma Kết,"22°19'12.50""",Shravana,Moon,4,Mercury,Capricorn,Ma Kết,"22°57'16.48""",Shravana,Moon,4,0th House,0,0,0.6344,0.6344,Standard
2026-01-31 00:00:00,Parashara_Drishti,Mercury,Capricorn,Ma Kết,"22°58'22.45""",Shravana,Moon,4,Venus,Capricorn,Ma Kết,"22°19'59.56""",Shravana,Moon,4,0th House,0,0,359.3603,0.6397,Standard
2026-01-31 00:00:00,Parashara_Drishti,Venus,Capricorn,Ma Kết,"22°19'59.56""",Shravana,Moon,4,Mercury,Capricorn,Ma Kết,"22°58'22.45""",Shravana,Moon,4,0th House,0,0,0.6397,0.6397,Standard
2026-01-31 00:15:00,Parashara_Drishti,Mercury,Capricorn,Ma Kết,"22°59'28.43""",Shravana,Moon,4,Venus,Capricorn,Ma Kết,"22°20'46.62""",Shravana,Moon,4,0th House,0,0,359.3551,0.6449,Standard
2026-01-31 00:15:00,Parashara_Drishti,Venus,Capricorn,Ma Kết,"22°20'46.62""",Shravana,Moon,4,Mercury,Capricorn,Ma Kết,"22°59'28.43""",Shravana,Moon,4,0th House,0,0,0.6449,0.6449,Standard
2026-01-31 00:30:00,Parashara_Drishti,Mercury,Capricorn,Ma Kết,"23°00'34.41""",Shravana,Moon,4,Venus,Capricorn,Ma Kết,"22°21'33.68""",Shravana,Moon,4,0th House,0,0,359.3498,0.6502,Standard
2026-01-31 00:30:00,Parashara_Drishti,Venus,Capricorn,Ma Kết,"22°21'33.68""",Shravana,Moon,4,Mercury,Capricorn,Ma Kết,"23°00'34.41""",Shravana,Moon,4,0th House,0,0,0.6502,0.6502,Standard
2026-01-31 00:45:00,Parashara_Drishti,Mercury,Capricorn,Ma Kết,"23°01'40.39""",Shravana,Moon,4,Venus,Capricorn,Ma Kết,"22°22'20.74""",Shravana,Moon,4,0th House,0,0,359.3445,0.6555,Standard
2026-01-31 00:45:00,Parashara_Drishti,Venus,Capricorn,Ma Kết,"22°22'20.74""",Shravana,Moon,4,Mercury,Capricorn,Ma Kết,"23°01'40.39""",Shravana,Moon,4,0th House,0,0,0.6555,0.6555,Standard
2026-01-31 01:00:00,Parashara_Drishti,Mercury,Capricorn,Ma Kết,"23°02'46.37""",Shravana,Moon,4,Venus,Capricorn,Ma Kết,"22°23'07.81""",Shravana,Moon,4,0th House,0,0,359.3393,0.6607,Standard
2026-01-31 01:00:00,Parashara_Drishti,Venus,Capricorn,Ma Kết,"22°23'07.81""",Shravana,Moon,4,Mercury,Capricorn,Ma Kết,"23°02'46.37""",Shravana,Moon,4,0th House,0,0,0.6607,0.6607,Standard
2026-01-31 01:15:00,Parashara_Drishti,Mercury,Capricorn,Ma Kết,"23°03'52.35""",Shravana,Moon,4,Venus,Capricorn,Ma Kết,"22°23'54.87""",Shravana,Moon,4,0th House,0,0,359.334,0.666,Standard
2026-01-31 01:15:00,Parashara_Drishti,Venus,Capricorn,Ma Kết,"22°23'54.87""",Shravana,Moon,4,Mercury,Capricorn,Ma Kết,"23°03'52.35""",Shravana,Moon,4,0th House,0,0,0.666,0.666,Standard
2026-01-31 01:30:00,Parashara_Drishti,Mercury,Capricorn,Ma Kết,"23°04'58.34""",Shravana,Moon,4,Venus,Capricorn,Ma Kết,"22°24'41.93""",Shravana,Moon,4,0th House,0,0,359.3288,0.6712,Standard
2026-01-31 01:30:00,Parashara_Drishti,Venus,Capricorn,Ma Kết,"22°24'41.93""",Shravana,Moon,4,Mercury,Capricorn,Ma Kết,"23°04'58.34""",Shravana,Moon,4,0th House,0,0,0.6712,0.6712,Standard
2026-01-31 01:45:00,Parashara_Drishti,Mercury,Capricorn,Ma Kết,"23°06'04.33""",Shravana,Moon,4,Venus,Capricorn,Ma Kết,"22°25'28.99""",Shravana,Moon,4,0th House,0,0,359.3235,0.6765,Standard
2026-01-31 01:45:00,Parashara_Drishti,Venus,Capricorn,Ma Kết,"22°25'28.99""",Shravana,Moon,4,Mercury,Capricorn,Ma Kết,"23°06'04.33""",Shravana,Moon,4,0th House,0,0,0.6765,0.6765,Standard
2026-01-31 02:00:00,Parashara_Drishti,Mercury,Capricorn,Ma Kết,"23°07'10.33""",Shravana,Moon,4,Venus,Capricorn,Ma Kết,"22°26'16.05""",Shravana,Moon,4,0th House,0,0,359.3183,0.6817,Standard
2026-01-31 02:00:00,Parashara_Drishti,Venus,Capricorn,Ma Kết,"22°26'16.05""",Shravana,Moon,4,Mercury,Capricorn,Ma Kết,"23°07'10.33""",Shravana,Moon,4,0th House,0,0,0.6817,0.6817,Standard
2026-01-31 02:15:00,Parashara_Drishti,Mercury,Capricorn,Ma Kết,"23°08'16.32""",Shravana,Moon,4,Venus,Capricorn,Ma Kết,"22°27'03.11""",Shravana,Moon,4,0th House,0,0,359.313,0.687,Standard
2026-01-31 02:15:00,Parashara_Drishti,Venus,Capricorn,Ma Kết,"22°27'03.11""",Shravana,Moon,4,Mercury,Capricorn,Ma Kết,"23°08'16.32""",Shravana,Moon,4,0th House,0,0,0.687,0.687,Standard
2026-01-31 02:30:00,Parashara_Drishti,Mercury,Capricorn,Ma Kết,"23°09'22.32""",Shravana,Moon,4,Venus,Capricorn,Ma Kết,"22°27'50.17""",Shravana,Moon,4,0th House,0,0,359.3077,0.6923,Standard
2026-01-31 02:30:00,Parashara_Drishti,Venus,Capricorn,Ma Kết,"22°27'50.17""",Shravana,Moon,4,Mercury,Capricorn,Ma Kết,"23°09'22.32""",Shravana,Moon,4,0th House,0,0,0.6923,0.6923,Standard
2026-01-31 02:45:00,Parashara_Drishti,Mercury,Capricorn,Ma Kết,"23°10'28.32""",Shravana,Moon,4,Venus,Capricorn,Ma Kết,"22°28'37.23""",Shravana,Moon,4,0th House,0,0,359.3025,0.6975,Standard
2026-01-31 02:45:00,Parashara_Drishti,Venus,Capricorn,Ma Kết,"22°28'37.23""",Shravana,Moon,4,Mercury,Capricorn,Ma Kết,"23°10'28.32""",Shravana,Moon,4,0th House,0,0,0.6975,0.6975,Standard
2026-01-31 03:00:00,Parashara_Drishti,Mercury,Capricorn,Ma Kết,"23°11'34.32""",Shravana,Moon,4,Venus,Capricorn,Ma Kết,"22°29'24.29""",Shravana,Moon,4,0th House,0,0,359.2972,0.7028,Standard
2026-01-31 03:00:00,Parashara_Drishti,Venus,Capricorn,Ma Kết,"22°29'24.29""",Shravana,Moon,4,Mercury,Capricorn,Ma Kết,"23°11'34.32""",Shravana,Moon,4,0th House,0,0,0.7028,0.7028,Standard
2026-01-31 03:15:00,Parashara_Drishti,Mercury,Capricorn,Ma Kết,"23°12'40.33""",Shravana,Moon,4,Venus,Capricorn,Ma Kết,"22°30'11.35""",Shravana,Moon,4,0th House,0,0,359.292,0.708,Standard
2026-01-31 03:15:00,Parashara_Drishti,Venus,Capricorn,Ma Kết,"22°30'11.35""",Shravana,Moon,4,Mercury,Capricorn,Ma Kết,"23°12'40.33""",Shravana,Moon,4,0th House,0,0,0.708,0.708,Standard
2026-01-31 03:30:00,Parashara_Drishti,Mercury,Capricorn,Ma Kết,"23°13'46.33""",Shravana,Moon,4,Venus,Capricorn,Ma Kết,"22°30'58.41""",Shravana,Moon,4,0th House,0,0,359.2867,0.7133,Standard
2026-01-31 03:30:00,Parashara_Drishti,Venus,Capricorn,Ma Kết,"22°30'58.41""",Shravana,Moon,4,Mercury,Capricorn,Ma Kết,"23°13'46.33""",Shravana,Moon,4,0th House,0,0,0.7133,0.7133,Standard
2026-01-31 03:45:00,Parashara_Drishti,Mercury,Capricorn,Ma Kết,"23°14'52.34""",Shravana,Moon,4,Venus,Capricorn,Ma Kết,"22°31'45.47""",Shravana,Moon,4,0th House,0,0,359.2814,0.7186,Standard
2026-01-31 03:45:00,Parashara_Drishti,Venus,Capricorn,Ma Kết,"22°31'45.47""",Shravana,Moon,4,Mercury,Capricorn,Ma Kết,"23°14'52.34""",Shravana,Moon,4,0th House,0,0,0.7186,0.7186,Standard
2026-01-31 04:00:00,Parashara_Drishti,Mercury,Capricorn,Ma Kết,"23°15'58.36""",Shravana,Moon,4,Venus,Capricorn,Ma Kết,"22°32'32.53""",Shravana,Moon,4,0th House,0,0,359.2762,0.7238,Standard
2026-01-31 04:00:00,Parashara_Drishti,Venus,Capricorn,Ma Kết,"22°32'32.53""",Shravana,Moon,4,Mercury,Capricorn,Ma Kết,"23°15'58.36""",Shravana,Moon,4,0th House,0,0,0.7238,0.7238,Standard
2026-01-31 04:15:00,Parashara_Drishti,Mercury,Capricorn,Ma Kết,"23°17'04.37""",Shravana,Moon,4,Venus,Capricorn,Ma Kết,"22°33'19.59""",Shravana,Moon,4,0th House,0,0,359.2709,0.7291,Standard
2026-01-31 04:15:00,Parashara_Drishti,Venus,Capricorn,Ma Kết,"22°33'19.59""",Shravana,Moon,4,Mercury,Capricorn,Ma Kết,"23°17'04.37""",Shravana,Moon,4,0th House,0,0,0.7291,0.7291,Standard
2026-01-31 04:30:00,Parashara_Drishti,Mercury,Capricorn,Ma Kết,"23°18'10.39""",Shravana,Moon,4,Venus,Capricorn,Ma Kết,"22°34'06.65""",Shravana,Moon,4,0th House,0,0,359.2656,0.7344,Standard
2026-01-31 04:30:00,Parashara_Drishti,Venus,Capricorn,Ma Kết,"22°34'06.65""",Shravana,Moon,4,Mercury,Capricorn,Ma Kết,"23°18'10.39""",Shravana,Moon,4,0th House,0,0,0.7344,0.7344,Standard
2026-01-31 04:45:00,Parashara_Drishti,Mercury,Capricorn,Ma Kết,"23°19'16.41""",Shravana,Moon,4,Venus,Capricorn,Ma Kết,"22°34'53.71""",Shravana,Moon,4,0th House,0,0,359.2604,0.7396,Standard
2026-01-31 04:45:00,Parashara_Drishti,Venus,Capricorn,Ma Kết,"22°34'53.71""",Shravana,Moon,4,Mercury,Capricorn,Ma Kết,"23°19'16.41""",Shravana,Moon,4,0th House,0,0,0.7396,0.7396,Standard
2026-01-31 05:00:00,Parashara_Drishti,Mercury,Capricorn,Ma Kết,"23°20'22.43""",Dhanishta,Mars,1,Venus,Capricorn,Ma Kết,"22°35'40.77""",Shravana,Moon,4,0th House,0,0,359.2551,0.7449,Standard
2026-01-31 05:00:00,Parashara_Drishti,Venus,Capricorn,Ma Kết,"22°35'40.77""",Shravana,Moon,4,Mercury,Capricorn,Ma Kết,"23°20'22.43""",Dhanishta,Mars,1,0th House,0,0,0.7449,0.7449,Standard
2026-01-31 05:15:00,Parashara_Drishti,Mercury,Capricorn,Ma Kết,"23°21'28.45""",Dhanishta,Mars,1,Venus,Capricorn,Ma Kết,"22°36'27.83""",Shravana,Moon,4,0th House,0,0,359.2498,0.7502,Standard
2026-01-31 05:15:00,Parashara_Drishti,Venus,Capricorn,Ma Kết,"22°36'27.83""",Shravana,Moon,4,Mercury,Capricorn,Ma Kết,"23°21'28.45""",Dhanishta,Mars,1,0th House,0,0,0.7502,0.7502,Standard
2026-01-31 05:30:00,Parashara_Drishti,Mercury,Capricorn,Ma Kết,"23°22'34.48""",Dhanishta,Mars,1,Venus,Capricorn,Ma Kết,"22°37'14.89""",Shravana,Moon,4,0th House,0,0,359.2446,0.7554,Standard
2026-01-31 05:30:00,Parashara_Drishti,Venus,Capricorn,Ma Kết,"22°37'14.89""",Shravana,Moon,4,Mercury,Capricorn,Ma Kết,"23°22'34.48""",Dhanishta,Mars,1,0th House,0,0,0.7554,0.7554,Standard
2026-01-31 05:45:00,Parashara_Drishti,Mercury,Capricorn,Ma Kết,"23°23'40.51""",Dhanishta,Mars,1,Venus,Capricorn,Ma Kết,"22°38'01.95""",Shravana,Moon,4,0th House,0,0,359.2393,0.7607,Standard
2026-01-31 05:45:00,Parashara_Drishti,Venus,Capricorn,Ma Kết,"22°38'01.95""",Shravana,Moon,4,Mercury,Capricorn,Ma Kết,"23°23'40.51""",Dhanishta,Mars,1,0th House,0,0,0.7607,0.7607,Standard
2026-01-31 06:00:00,Parashara_Drishti,Mercury,Capricorn,Ma Kết,"23°24'46.54""",Dhanishta,Mars,1,Venus,Capricorn,Ma Kết,"22°38'49.01""",Shravana,Moon,4,0th House,0,0,359.234,0.766,Standard
2026-01-31 06:00:00,Parashara_Drishti,Venus,Capricorn,Ma Kết,"22°38'49.01""",Shravana,Moon,4,Mercury,Capricorn,Ma Kết,"23°24'46.54""",Dhanishta,Mars,1,0th House,0,0,0.766,0.766,Standard
2026-01-31 06:15:00,Parashara_Drishti,Mercury,Capricorn,Ma Kết,"23°25'52.57""",Dhanishta,Mars,1,Venus,Capricorn,Ma Kết,"22°39'36.07""",Shravana,Moon,4,0th House,0,0,359.2287,0.7713,Standard
2026-01-31 06:15:00,Parashara_Drishti,Venus,Capricorn,Ma Kết,"22°39'36.07""",Shravana,Moon,4,Mercury,Capricorn,Ma Kết,"23°25'52.57""",Dhanishta,Mars,1,0th House,0,0,0.7713,0.7713,Standard
2026-01-31 06:30:00,Parashara_Drishti,Mercury,Capricorn,Ma Kết,"23°26'58.61""",Dhanishta,Mars,1,Venus,Capricorn,Ma Kết,"22°40'23.13""",Shravana,Moon,4,0th House,0,0,359.2235,0.7765,Standard
2026-01-31 06:30:00,Parashara_Drishti,Venus,Capricorn,Ma Kết,"22°40'23.13""",Shravana,Moon,4,Mercury,Capricorn,Ma Kết,"23°26'58.61""",Dhanishta,Mars,1,0th House,0,0,0.7765,0.7765,Standard
2026-01-31 06:45:00,Parashara_Drishti,Mercury,Capricorn,Ma Kết,"23°28'04.65""",Dhanishta,Mars,1,Venus,Capricorn,Ma Kết,"22°41'10.19""",Shravana,Moon,4,0th House,0,0,359.2182,0.7818,Standard
2026-01-31 06:45:00,Parashara_Drishti,Venus,Capricorn,Ma Kết,"22°41'10.19""",Shravana,Moon,4,Mercury,Capricorn,Ma Kết,"23°28'04.65""",Dhanishta,Mars,1,0th House,0,0,0.7818,0.7818,Standard
2026-01-31 07:00:00,Parashara_Drishti,Mercury,Capricorn,Ma Kết,"23°29'10.69""",Dhanishta,Mars,1,Venus,Capricorn,Ma Kết,"22°41'57.25""",Shravana,Moon,4,0th House,0,0,359.2129,0.7871,Standard
2026-01-31 07:00:00,Parashara_Drishti,Venus,Capricorn,Ma Kết,"22°41'57.25""",Shravana,Moon,4,Mercury,Capricorn,Ma Kết,"23°29'10.69""",Dhanishta,Mars,1,0th House,0,0,0.7871,0.7871,Standard
2026-01-31 07:15:00,Parashara_Drishti,Mercury,Capricorn,Ma Kết,"23°30'16.73""",Dhanishta,Mars,1,Venus,Capricorn,Ma Kết,"22°42'44.31""",Shravana,Moon,4,0th House,0,0,359.2077,0.7923,Standard
2026-01-31 07:15:00,Parashara_Drishti,Venus,Capricorn,Ma Kết,"22°42'44.31""",Shravana,Moon,4,Mercury,Capricorn,Ma Kết,"23°30'16.73""",Dhanishta,Mars,1,0th House,0,0,0.7923,0.7923,Standard
2026-01-31 07:30:00,Parashara_Drishti,Mercury,Capricorn,Ma Kết,"23°31'22.78""",Dhanishta,Mars,1,Venus,Capricorn,Ma Kết,"22°43'31.37""",Shravana,Moon,4,0th House,0,0,359.2024,0.7976,Standard
2026-01-31 07:30:00,Parashara_Drishti,Venus,Capricorn,Ma Kết,"22°43'31.37""",Shravana,Moon,4,Mercury,Capricorn,Ma Kết,"23°31'22.78""",Dhanishta,Mars,1,0th House,0,0,0.7976,0.7976,Standard
2026-01-31 07:45:00,Parashara_Drishti,Mercury,Capricorn,Ma Kết,"23°32'28.83""",Dhanishta,Mars,1,Venus,Capricorn,Ma Kết,"22°44'18.43""",Shravana,Moon,4,0th House,0,0,359.1971,0.8029,Standard
2026-01-31 07:45:00,Parashara_Drishti,Venus,Capricorn,Ma Kết,"22°44'18.43""",Shravana,Moon,4,Mercury,Capricorn,Ma Kết,"23°32'28.83""",Dhanishta,Mars,1,0th House,0,0,0.8029,0.8029,Standard
2026-01-31 08:00:00,Parashara_Drishti,Mercury,Capricorn,Ma Kết,"23°33'34.88""",Dhanishta,Mars,1,Venus,Capricorn,Ma Kết,"22°45'05.49""",Shravana,Moon,4,0th House,0,0,359.1918,0.8082,Standard
2026-01-31 08:00:00,Parashara_Drishti,Venus,Capricorn,Ma Kết,"22°45'05.49""",Shravana,Moon,4,Mercury,Capricorn,Ma Kết,"23°33'34.88""",Dhanishta,Mars,1,0th House,0,0,0.8082,0.8082,Standard
2026-01-31 08:15:00,Parashara_Drishti,Mercury,Capricorn,Ma Kết,"23°34'40.93""",Dhanishta,Mars,1,Venus,Capricorn,Ma Kết,"22°45'52.55""",Shravana,Moon,4,0th House,0,0,359.1866,0.8134,Standard
2026-01-31 08:15:00,Parashara_Drishti,Venus,Capricorn,Ma Kết,"22°45'52.55""",Shravana,Moon,4,Mercury,Capricorn,Ma Kết,"23°34'40.93""",Dhanishta,Mars,1,0th House,0,0,0.8134,0.8134,Standard
2026-01-31 08:30:00,Parashara_Drishti,Mercury,Capricorn,Ma Kết,"23°35'46.98""",Dhanishta,Mars,1,Venus,Capricorn,Ma Kết,"22°46'39.61""",Shravana,Moon,4,0th House,0,0,359.1813,0.8187,Standard
2026-01-31 08:30:00,Parashara_Drishti,Venus,Capricorn,Ma Kết,"22°46'39.61""",Shravana,Moon,4,Mercury,Capricorn,Ma Kết,"23°35'46.98""",Dhanishta,Mars,1,0th House,0,0,0.8187,0.8187,Standard
2026-01-31 08:45:00,Parashara_Drishti,Mercury,Capricorn,Ma Kết,"23°36'53.04""",Dhanishta,Mars,1,Venus,Capricorn,Ma Kết,"22°47'26.66""",Shravana,Moon,4,0th House,0,0,359.176,0.824,Standard
2026-01-31 08:45:00,Parashara_Drishti,Venus,Capricorn,Ma Kết,"22°47'26.66""",Shravana,Moon,4,Mercury,Capricorn,Ma Kết,"23°36'53.04""",Dhanishta,Mars,1,0th House,0,0,0.824,0.824,Standard
2026-01-31 09:00:00,Parashara_Drishti,Mercury,Capricorn,Ma Kết,"23°37'59.10""",Dhanishta,Mars,1,Venus,Capricorn,Ma Kết,"22°48'13.72""",Shravana,Moon,4,0th House,0,0,359.1707,0.8293,Standard
2026-01-31 09:00:00,Parashara_Drishti,Venus,Capricorn,Ma Kết,"22°48'13.72""",Shravana,Moon,4,Mercury,Capricorn,Ma Kết,"23°37'59.10""",Dhanishta,Mars,1,0th House,0,0,0.8293,0.8293,Standard
2026-01-31 09:15:00,Parashara_Drishti,Mercury,Capricorn,Ma Kết,"23°39'05.16""",Dhanishta,Mars,1,Venus,Capricorn,Ma Kết,"22°49'00.78""",Shravana,Moon,4,0th House,0,0,359.1654,0.8346,Standard
2026-01-31 09:15:00,Parashara_Drishti,Venus,Capricorn,Ma Kết,"22°49'00.78""",Shravana,Moon,4,Mercury,Capricorn,Ma Kết,"23°39'05.16""",Dhanishta,Mars,1,0th House,0,0,0.8346,0.8346,Standard
2026-01-31 09:30:00,Parashara_Drishti,Mercury,Capricorn,Ma Kết,"23°40'11.23""",Dhanishta,Mars,1,Venus,Capricorn,Ma Kết,"22°49'47.84""",Shravana,Moon,4,0th House,0,0,359.1602,0.8398,Standard
2026-01-31 09:30:00,Parashara_Drishti,Venus,Capricorn,Ma Kết,"22°49'47.84""",Shravana,Moon,4,Mercury,Capricorn,Ma Kết,"23°40'11.23""",Dhanishta,Mars,1,0th House,0,0,0.8398,0.8398,Standard
2026-01-31 09:45:00,Parashara_Drishti,Mercury,Capricorn,Ma Kết,"23°41'17.30""",Dhanishta,Mars,1,Venus,Capricorn,Ma Kết,"22°50'34.90""",Shravana,Moon,4,0th House,0,0,359.1549,0.8451,Standard
2026-01-31 09:45:00,Parashara_Drishti,Venus,Capricorn,Ma Kết,"22°50'34.90""",Shravana,Moon,4,Mercury,Capricorn,Ma Kết,"23°41'17.30""",Dhanishta,Mars,1,0th House,0,0,0.8451,0.8451,Standard
2026-01-31 10:00:00,Parashara_Drishti,Mercury,Capricorn,Ma Kết,"23°42'23.36""",Dhanishta,Mars,1,Venus,Capricorn,Ma Kết,"22°51'21.96""",Shravana,Moon,4,0th House,0,0,359.1496,0.8504,Standard
2026-01-31 10:00:00,Parashara_Drishti,Venus,Capricorn,Ma Kết,"22°51'21.96""",Shravana,Moon,4,Mercury,Capricorn,Ma Kết,"23°42'23.36""",Dhanishta,Mars,1,0th House,0,0,0.8504,0.8504,Standard
2026-01-31 10:15:00,Parashara_Drishti,Mercury,Capricorn,Ma Kết,"23°43'29.44""",Dhanishta,Mars,1,Venus,Capricorn,Ma Kết,"22°52'09.01""",Shravana,Moon,4,0th House,0,0,359.1443,0.8557,Standard
2026-01-31 10:15:00,Parashara_Drishti,Venus,Capricorn,Ma Kết,"22°52'09.01""",Shravana,Moon,4,Mercury,Capricorn,Ma Kết,"23°43'29.44""",Dhanishta,Mars,1,0th House,0,0,0.8557,0.8557,Standard
2026-01-31 10:30:00,Parashara_Drishti,Mercury,Capricorn,Ma Kết,"23°44'35.51""",Dhanishta,Mars,1,Venus,Capricorn,Ma Kết,"22°52'56.07""",Shravana,Moon,4,0th House,0,0,359.139,0.861,Standard
2026-01-31 10:30:00,Parashara_Drishti,Venus,Capricorn,Ma Kết,"22°52'56.07""",Shravana,Moon,4,Mercury,Capricorn,Ma Kết,"23°44'35.51""",Dhanishta,Mars,1,0th House,0,0,0.861,0.861,Standard
2026-01-31 10:45:00,Parashara_Drishti,Mercury,Capricorn,Ma Kết,"23°45'41.59""",Dhanishta,Mars,1,Venus,Capricorn,Ma Kết,"22°53'43.13""",Shravana,Moon,4,0th House,0,0,359.1338,0.8662,Standard
2026-01-31 10:45:00,Parashara_Drishti,Venus,Capricorn,Ma Kết,"22°53'43.13""",Shravana,Moon,4,Mercury,Capricorn,Ma Kết,"23°45'41.59""",Dhanishta,Mars,1,0th House,0,0,0.8662,0.8662,Standard
2026-01-31 11:00:00,Parashara_Drishti,Mercury,Capricorn,Ma Kết,"23°46'47.66""",Dhanishta,Mars,1,Venus,Capricorn,Ma Kết,"22°54'30.19""",Shravana,Moon,4,0th House,0,0,359.1285,0.8715,Standard
2026-01-31 11:00:00,Parashara_Drishti,Venus,Capricorn,Ma Kết,"22°54'30.19""",Shravana,Moon,4,Mercury,Capricorn,Ma Kết,"23°46'47.66""",Dhanishta,Mars,1,0th House,0,0,0.8715,0.8715,Standard
2026-01-31 11:15:00,Parashara_Drishti,Mercury,Capricorn,Ma Kết,"23°47'53.74""",Dhanishta,Mars,1,Venus,Capricorn,Ma Kết,"22°55'17.25""",Shravana,Moon,4,0th House,0,0,359.1232,0.8768,Standard
2026-01-31 11:15:00,Parashara_Drishti,Venus,Capricorn,Ma Kết,"22°55'17.25""",Shravana,Moon,4,Mercury,Capricorn,Ma Kết,"23°47'53.74""",Dhanishta,Mars,1,0th House,0,0,0.8768,0.8768,Standard
2026-01-31 11:30:00,Parashara_Drishti,Mercury,Capricorn,Ma Kết,"23°48'59.83""",Dhanishta,Mars,1,Venus,Capricorn,Ma Kết,"22°56'04.30""",Shravana,Moon,4,0th House,0,0,359.1179,0.8821,Standard
2026-01-31 11:30:00,Parashara_Drishti,Venus,Capricorn,Ma Kết,"22°56'04.30""",Shravana,Moon,4,Mercury,Capricorn,Ma Kết,"23°48'59.83""",Dhanishta,Mars,1,0th House,0,0,0.8821,0.8821,Standard
2026-01-31 11:45:00,Parashara_Drishti,Mercury,Capricorn,Ma Kết,"23°50'05.91""",Dhanishta,Mars,1,Venus,Capricorn,Ma Kết,"22°56'51.36""",Shravana,Moon,4,0th House,0,0,359.1126,0.8874,Standard
2026-01-31 11:45:00,Parashara_Drishti,Venus,Capricorn,Ma Kết,"22°56'51.36""",Shravana,Moon,4,Mercury,Capricorn,Ma Kết,"23°50'05.91""",Dhanishta,Mars,1,0th House,0,0,0.8874,0.8874,Standard
2026-01-31 12:00:00,Parashara_Drishti,Mercury,Capricorn,Ma Kết,"23°51'12.00""",Dhanishta,Mars,1,Venus,Capricorn,Ma Kết,"22°57'38.42""",Shravana,Moon,4,0th House,0,0,359.1073,0.8927,Standard
2026-01-31 12:00:00,Parashara_Drishti,Venus,Capricorn,Ma Kết,"22°57'38.42""",Shravana,Moon,4,Mercury,Capricorn,Ma Kết,"23°51'12.00""",Dhanishta,Mars,1,0th House,0,0,0.8927,0.8927,Standard
2026-01-31 12:15:00,Parashara_Drishti,Mercury,Capricorn,Ma Kết,"23°52'18.09""",Dhanishta,Mars,1,Venus,Capricorn,Ma Kết,"22°58'25.48""",Shravana,Moon,4,0th House,0,0,359.1021,0.8979,Standard
2026-01-31 12:15:00,Parashara_Drishti,Venus,Capricorn,Ma Kết,"22°58'25.48""",Shravana,Moon,4,Mercury,Capricorn,Ma Kết,"23°52'18.09""",Dhanishta,Mars,1,0th House,0,0,0.8979,0.8979,Standard
2026-01-31 12:30:00,Parashara_Drishti,Mercury,Capricorn,Ma Kết,"23°53'24.18""",Dhanishta,Mars,1,Venus,Capricorn,Ma Kết,"22°59'12.53""",Shravana,Moon,4,0th House,0,0,359.0968,0.9032,Standard
2026-01-31 12:30:00,Parashara_Drishti,Venus,Capricorn,Ma Kết,"22°59'12.53""",Shravana,Moon,4,Mercury,Capricorn,Ma Kết,"23°53'24.18""",Dhanishta,Mars,1,0th House,0,0,0.9032,0.9032,Standard
2026-01-31 12:45:00,Parashara_Drishti,Mercury,Capricorn,Ma Kết,"23°54'30.28""",Dhanishta,Mars,1,Venus,Capricorn,Ma Kết,"22°59'59.59""",Shravana,Moon,4,0th House,0,0,359.0915,0.9085,Standard
2026-01-31 12:45:00,Parashara_Drishti,Venus,Capricorn,Ma Kết,"22°59'59.59""",Shravana,Moon,4,Mercury,Capricorn,Ma Kết,"23°54'30.28""",Dhanishta,Mars,1,0th House,0,0,0.9085,0.9085,Standard
2026-01-31 13:00:00,Parashara_Drishti,Mercury,Capricorn,Ma Kết,"23°55'36.37""",Dhanishta,Mars,1,Venus,Capricorn,Ma Kết,"23°00'46.65""",Shravana,Moon,4,0th House,0,0,359.0862,0.9138,Standard
2026-01-31 13:00:00,Parashara_Drishti,Venus,Capricorn,Ma Kết,"23°00'46.65""",Shravana,Moon,4,Mercury,Capricorn,Ma Kết,"23°55'36.37""",Dhanishta,Mars,1,0th House,0,0,0.9138,0.9138,Standard
2026-01-31 13:15:00,Parashara_Drishti,Mercury,Capricorn,Ma Kết,"23°56'42.47""",Dhanishta,Mars,1,Venus,Capricorn,Ma Kết,"23°01'33.71""",Shravana,Moon,4,0th House,0,0,359.0809,0.9191,Standard
2026-01-31 13:15:00,Parashara_Drishti,Venus,Capricorn,Ma Kết,"23°01'33.71""",Shravana,Moon,4,Mercury,Capricorn,Ma Kết,"23°56'42.47""",Dhanishta,Mars,1,0th House,0,0,0.9191,0.9191,Standard
2026-01-31 13:30:00,Parashara_Drishti,Mercury,Capricorn,Ma Kết,"23°57'48.57""",Dhanishta,Mars,1,Venus,Capricorn,Ma Kết,"23°02'20.76""",Shravana,Moon,4,0th House,0,0,359.0756,0.9244,Standard
2026-01-31 13:30:00,Parashara_Drishti,Venus,Capricorn,Ma Kết,"23°02'20.76""",Shravana,Moon,4,Mercury,Capricorn,Ma Kết,"23°57'48.57""",Dhanishta,Mars,1,0th House,0,0,0.9244,0.9244,Standard
2026-01-31 13:45:00,Parashara_Drishti,Mercury,Capricorn,Ma Kết,"23°58'54.67""",Dhanishta,Mars,1,Venus,Capricorn,Ma Kết,"23°03'07.82""",Shravana,Moon,4,0th House,0,0,359.0703,0.9297,Standard
2026-01-31 13:45:00,Parashara_Drishti,Venus,Capricorn,Ma Kết,"23°03'07.82""",Shravana,Moon,4,Mercury,Capricorn,Ma Kết,"23°58'54.67""",Dhanishta,Mars,1,0th House,0,0,0.9297,0.9297,Standard
2026-01-31 14:00:00,Parashara_Drishti,Mercury,Capricorn,Ma Kết,"24°00'00.78""",Dhanishta,Mars,1,Venus,Capricorn,Ma Kết,"23°03'54.88""",Shravana,Moon,4,0th House,0,0,359.065,0.935,Standard
2026-01-31 14:00:00,Parashara_Drishti,Venus,Capricorn,Ma Kết,"23°03'54.88""",Shravana,Moon,4,Mercury,Capricorn,Ma Kết,"24°00'00.78""",Dhanishta,Mars,1,0th House,0,0,0.935,0.935,Standard
2026-01-31 14:15:00,Parashara_Drishti,Mercury,Capricorn,Ma Kết,"24°01'06.89""",Dhanishta,Mars,1,Venus,Capricorn,Ma Kết,"23°04'41.93""",Shravana,Moon,4,0th House,0,0,359.0597,0.9403,Standard
2026-01-31 14:15:00,Parashara_Drishti,Venus,Capricorn,Ma Kết,"23°04'41.93""",Shravana,Moon,4,Mercury,Capricorn,Ma Kết,"24°01'06.89""",Dhanishta,Mars,1,0th House,0,0,0.9403,0.9403,Standard
2026-01-31 14:30:00,Parashara_Drishti,Mercury,Capricorn,Ma Kết,"24°02'13.00""",Dhanishta,Mars,1,Venus,Capricorn,Ma Kết,"23°05'28.99""",Shravana,Moon,4,0th House,0,0,359.0544,0.9456,Standard
2026-01-31 14:30:00,Parashara_Drishti,Venus,Capricorn,Ma Kết,"23°05'28.99""",Shravana,Moon,4,Mercury,Capricorn,Ma Kết,"24°02'13.00""",Dhanishta,Mars,1,0th House,0,0,0.9456,0.9456,Standard
2026-01-31 14:45:00,Parashara_Drishti,Mercury,Capricorn,Ma Kết,"24°03'19.11""",Dhanishta,Mars,1,Venus,Capricorn,Ma Kết,"23°06'16.05""",Shravana,Moon,4,0th House,0,0,359.0491,0.9509,Standard
2026-01-31 14:45:00,Parashara_Drishti,Venus,Capricorn,Ma Kết,"23°06'16.05""",Shravana,Moon,4,Mercury,Capricorn,Ma Kết,"24°03'19.11""",Dhanishta,Mars,1,0th House,0,0,0.9509,0.9509,Standard
2026-01-31 15:00:00,Parashara_Drishti,Mercury,Capricorn,Ma Kết,"24°04'25.22""",Dhanishta,Mars,1,Venus,Capricorn,Ma Kết,"23°07'03.10""",Shravana,Moon,4,0th House,0,0,359.0439,0.9561,Standard
2026-01-31 15:00:00,Parashara_Drishti,Venus,Capricorn,Ma Kết,"23°07'03.10""",Shravana,Moon,4,Mercury,Capricorn,Ma Kết,"24°04'25.22""",Dhanishta,Mars,1,0th House,0,0,0.9561,0.9561,Standard
2026-01-31 15:15:00,Parashara_Drishti,Mercury,Capricorn,Ma Kết,"24°05'31.34""",Dhanishta,Mars,1,Venus,Capricorn,Ma Kết,"23°07'50.16""",Shravana,Moon,4,0th House,0,0,359.0386,0.9614,Standard
2026-01-31 15:15:00,Parashara_Drishti,Venus,Capricorn,Ma Kết,"23°07'50.16""",Shravana,Moon,4,Mercury,Capricorn,Ma Kết,"24°05'31.34""",Dhanishta,Mars,1,0th House,0,0,0.9614,0.9614,Standard
2026-01-31 15:30:00,Parashara_Drishti,Mercury,Capricorn,Ma Kết,"24°06'37.46""",Dhanishta,Mars,1,Venus,Capricorn,Ma Kết,"23°08'37.22""",Shravana,Moon,4,0th House,0,0,359.0333,0.9667,Standard
2026-01-31 15:30:00,Parashara_Drishti,Venus,Capricorn,Ma Kết,"23°08'37.22""",Shravana,Moon,4,Mercury,Capricorn,Ma Kết,"24°06'37.46""",Dhanishta,Mars,1,0th House,0,0,0.9667,0.9667,Standard
2026-01-31 15:45:00,Parashara_Drishti,Mercury,Capricorn,Ma Kết,"24°07'43.58""",Dhanishta,Mars,1,Venus,Capricorn,Ma Kết,"23°09'24.27""",Shravana,Moon,4,0th House,0,0,359.028,0.972,Standard
2026-01-31 15:45:00,Parashara_Drishti,Venus,Capricorn,Ma Kết,"23°09'24.27""",Shravana,Moon,4,Mercury,Capricorn,Ma Kết,"24°07'43.58""",Dhanishta,Mars,1,0th House,0,0,0.972,0.972,Standard
2026-01-31 16:00:00,Parashara_Drishti,Mercury,Capricorn,Ma Kết,"24°08'49.70""",Dhanishta,Mars,1,Venus,Capricorn,Ma Kết,"23°10'11.33""",Shravana,Moon,4,0th House,0,0,359.0227,0.9773,Standard
2026-01-31 16:00:00,Parashara_Drishti,Venus,Capricorn,Ma Kết,"23°10'11.33""",Shravana,Moon,4,Mercury,Capricorn,Ma Kết,"24°08'49.70""",Dhanishta,Mars,1,0th House,0,0,0.9773,0.9773,Standard
2026-01-31 16:15:00,Parashara_Drishti,Mercury,Capricorn,Ma Kết,"24°09'55.83""",Dhanishta,Mars,1,Venus,Capricorn,Ma Kết,"23°10'58.38""",Shravana,Moon,4,0th House,0,0,359.0174,0.9826,Standard
2026-01-31 16:15:00,Parashara_Drishti,Venus,Capricorn,Ma Kết,"23°10'58.38""",Shravana,Moon,4,Mercury,Capricorn,Ma Kết,"24°09'55.83""",Dhanishta,Mars,1,0th House,0,0,0.9826,0.9826,Standard
2026-01-31 16:30:00,Parashara_Drishti,Mercury,Capricorn,Ma Kết,"24°11'01.96""",Dhanishta,Mars,1,Venus,Capricorn,Ma Kết,"23°11'45.44""",Shravana,Moon,4,0th House,0,0,359.0121,0.9879,Standard
2026-01-31 16:30:00,Parashara_Drishti,Venus,Capricorn,Ma Kết,"23°11'45.44""",Shravana,Moon,4,Mercury,Capricorn,Ma Kết,"24°11'01.96""",Dhanishta,Mars,1,0th House,0,0,0.9879,0.9879,Standard
2026-01-31 16:45:00,Parashara_Drishti,Mercury,Capricorn,Ma Kết,"24°12'08.09""",Dhanishta,Mars,1,Venus,Capricorn,Ma Kết,"23°12'32.50""",Shravana,Moon,4,0th House,0,0,359.0068,0.9932,Standard
2026-01-31 16:45:00,Parashara_Drishti,Venus,Capricorn,Ma Kết,"23°12'32.50""",Shravana,Moon,4,Mercury,Capricorn,Ma Kết,"24°12'08.09""",Dhanishta,Mars,1,0th House,0,0,0.9932,0.9932,Standard
2026-01-31 17:00:00,Parashara_Drishti,Mercury,Capricorn,Ma Kết,"24°13'14.22""",Dhanishta,Mars,1,Venus,Capricorn,Ma Kết,"23°13'19.55""",Shravana,Moon,4,0th House,0,0,359.0015,0.9985,Standard
2026-01-31 17:00:00,Parashara_Drishti,Venus,Capricorn,Ma Kết,"23°13'19.55""",Shravana,Moon,4,Mercury,Capricorn,Ma Kết,"24°13'14.22""",Dhanishta,Mars,1,0th House,0,0,0.9985,0.9985,Standard
