datetime,event,type,planet1,planet1_sign,planet1_degree,planet1_nakshatra,planet1_nakshatra_lord,planet1_pada,planet2,planet2_sign,planet2_degree,planet2_nakshatra,planet2_nakshatra_lord,planet2_pada,exact_angle,difference,orb
2025-12-01 00:00:00,Aspect,Trine,Jupiter,Cancer,"0°19'57.82""",Punarvasu,Jupiter,4,Saturn,Pisces,"0°56'35.94""",Purva Bhadrapada,Jupiter,4,120,119.3894,0.6106
2025-12-01 00:15:00,Aspect,Trine,Jupiter,Cancer,"0°19'55.48""",Punarvasu,Jupiter,4,Saturn,Pisces,"0°56'36.11""",Purva Bhadrapada,Jupiter,4,120,119.3887,0.6113
2025-12-01 00:30:00,Aspect,Trine,Jupiter,Cancer,"0°19'53.14""",Punarvasu,Jupiter,4,Saturn,Pisces,"0°56'36.28""",Purva Bhadrapada,Jupiter,4,120,119.388,0.612
2025-12-01 00:45:00,Aspect,Trine,Jupiter,Cancer,"0°19'50.81""",Punarvasu,Jupiter,4,Saturn,Pisces,"0°56'36.45""",Purva Bhadrapada,Jupiter,4,120,119.3873,0.6127
2025-12-01 01:00:00,Aspect,Trine,Jupiter,Cancer,"0°19'48.47""",Punarvasu,Jupiter,4,Saturn,Pisces,"0°56'36.63""",Purva Bhadrapada,Jupiter,4,120,119.3866,0.6134
2025-12-01 01:15:00,Aspect,Trine,Jupiter,Cancer,"0°19'46.13""",Punarvasu,Jupiter,4,Saturn,Pisces,"0°56'36.80""",Purva Bhadrapada,Jupiter,4,120,119.3859,0.6141
2025-12-01 01:30:00,Aspect,Trine,Jupiter,Cancer,"0°19'43.78""",Punarvasu,Jupiter,4,Saturn,Pisces,"0°56'36.98""",Purva Bhadrapada,Jupiter,4,120,119.3852,0.6148
2025-12-01 01:45:00,Aspect,Trine,Jupiter,Cancer,"0°19'41.44""",Punarvasu,Jupiter,4,Saturn,Pisces,"0°56'37.15""",Purva Bhadrapada,Jupiter,4,120,119.3845,0.6155
2025-12-01 02:00:00,Aspect,Trine,Jupiter,Cancer,"0°19'39.10""",Punarvasu,Jupiter,4,Saturn,Pisces,"0°56'37.33""",Purva Bhadrapada,Jupiter,4,120,119.3838,0.6162
2025-12-01 02:15:00,Aspect,Trine,Jupiter,Cancer,"0°19'36.75""",Punarvasu,Jupiter,4,Saturn,Pisces,"0°56'37.50""",Purva Bhadrapada,Jupiter,4,120,119.3831,0.6169
2025-12-01 02:30:00,Aspect,Trine,Jupiter,Cancer,"0°19'34.40""",Punarvasu,Jupiter,4,Saturn,Pisces,"0°56'37.68""",Purva Bhadrapada,Jupiter,4,120,119.3824,0.6176
2025-12-01 02:45:00,Aspect,Trine,Jupiter,Cancer,"0°19'32.06""",Punarvasu,Jupiter,4,Saturn,Pisces,"0°56'37.86""",Purva Bhadrapada,Jupiter,4,120,119.3817,0.6183
2025-12-01 03:00:00,Aspect,Trine,Jupiter,Cancer,"0°19'29.71""",Punarvasu,Jupiter,4,Saturn,Pisces,"0°56'38.04""",Purva Bhadrapada,Jupiter,4,120,119.381,0.619
2025-12-01 03:15:00,Aspect,Trine,Jupiter,Cancer,"0°19'27.36""",Punarvasu,Jupiter,4,Saturn,Pisces,"0°56'38.22""",Purva Bhadrapada,Jupiter,4,120,119.3803,0.6197
2025-12-01 03:30:00,Aspect,Trine,Jupiter,Cancer,"0°19'25.01""",Punarvasu,Jupiter,4,Saturn,Pisces,"0°56'38.40""",Purva Bhadrapada,Jupiter,4,120,119.3796,0.6204
2025-12-01 03:45:00,Aspect,Trine,Jupiter,Cancer,"0°19'22.65""",Punarvasu,Jupiter,4,Saturn,Pisces,"0°56'38.58""",Purva Bhadrapada,Jupiter,4,120,119.3789,0.6211
2025-12-01 04:00:00,Aspect,Trine,Jupiter,Cancer,"0°19'20.30""",Punarvasu,Jupiter,4,Saturn,Pisces,"0°56'38.76""",Purva Bhadrapada,Jupiter,4,120,119.3782,0.6218
2025-12-01 04:15:00,Aspect,Trine,Jupiter,Cancer,"0°19'17.94""",Punarvasu,Jupiter,4,Saturn,Pisces,"0°56'38.94""",Purva Bhadrapada,Jupiter,4,120,119.3775,0.6225
2025-12-01 04:30:00,Aspect,Trine,Jupiter,Cancer,"0°19'15.59""",Punarvasu,Jupiter,4,Saturn,Pisces,"0°56'39.13""",Purva Bhadrapada,Jupiter,4,120,119.3768,0.6232
2025-12-01 04:45:00,Aspect,Trine,Jupiter,Cancer,"0°19'13.23""",Punarvasu,Jupiter,4,Saturn,Pisces,"0°56'39.31""",Purva Bhadrapada,Jupiter,4,120,119.3761,0.6239
2025-12-01 05:00:00,Aspect,Trine,Jupiter,Cancer,"0°19'10.87""",Punarvasu,Jupiter,4,Saturn,Pisces,"0°56'39.49""",Purva Bhadrapada,Jupiter,4,120,119.3754,0.6246
2025-12-01 05:15:00,Aspect,Trine,Jupiter,Cancer,"0°19'08.51""",Punarvasu,Jupiter,4,Saturn,Pisces,"0°56'39.68""",Purva Bhadrapada,Jupiter,4,120,119.3747,0.6253
2025-12-01 05:30:00,Aspect,Trine,Jupiter,Cancer,"0°19'06.15""",Punarvasu,Jupiter,4,Saturn,Pisces,"0°56'39.86""",Purva Bhadrapada,Jupiter,4,120,119.374,0.626
2025-12-01 05:45:00,Aspect,Trine,Jupiter,Cancer,"0°19'03.79""",Punarvasu,Jupiter,4,Saturn,Pisces,"0°56'40.05""",Purva Bhadrapada,Jupiter,4,120,119.3733,0.6267
2025-12-01 06:00:00,Aspect,Trine,Jupiter,Cancer,"0°19'01.42""",Punarvasu,Jupiter,4,Saturn,Pisces,"0°56'40.24""",Purva Bhadrapada,Jupiter,4,120,119.3726,0.6274
2025-12-01 06:15:00,Aspect,Trine,Jupiter,Cancer,"0°18'59.06""",Punarvasu,Jupiter,4,Saturn,Pisces,"0°56'40.43""",Purva Bhadrapada,Jupiter,4,120,119.3718,0.6282
2025-12-01 06:30:00,Aspect,Trine,Jupiter,Cancer,"0°18'56.69""",Punarvasu,Jupiter,4,Saturn,Pisces,"0°56'40.62""",Purva Bhadrapada,Jupiter,4,120,119.3711,0.6289
2025-12-01 06:45:00,Aspect,Trine,Jupiter,Cancer,"0°18'54.33""",Punarvasu,Jupiter,4,Saturn,Pisces,"0°56'40.80""",Purva Bhadrapada,Jupiter,4,120,119.3704,0.6296
2025-12-01 07:00:00,Aspect,Trine,Jupiter,Cancer,"0°18'51.96""",Punarvasu,Jupiter,4,Saturn,Pisces,"0°56'40.99""",Purva Bhadrapada,Jupiter,4,120,119.3697,0.6303
2025-12-01 07:15:00,Aspect,Trine,Jupiter,Cancer,"0°18'49.59""",Punarvasu,Jupiter,4,Saturn,Pisces,"0°56'41.19""",Purva Bhadrapada,Jupiter,4,120,119.369,0.631
2025-12-01 07:30:00,Aspect,Trine,Jupiter,Cancer,"0°18'47.22""",Punarvasu,Jupiter,4,Saturn,Pisces,"0°56'41.38""",Purva Bhadrapada,Jupiter,4,120,119.3683,0.6317
2025-12-01 07:45:00,Aspect,Trine,Jupiter,Cancer,"0°18'44.85""",Punarvasu,Jupiter,4,Saturn,Pisces,"0°56'41.57""",Purva Bhadrapada,Jupiter,4,120,119.3676,0.6324
2025-12-01 08:00:00,Aspect,Trine,Jupiter,Cancer,"0°18'42.47""",Punarvasu,Jupiter,4,Saturn,Pisces,"0°56'41.76""",Purva Bhadrapada,Jupiter,4,120,119.3669,0.6331
2025-12-01 08:15:00,Aspect,Trine,Jupiter,Cancer,"0°18'40.10""",Punarvasu,Jupiter,4,Saturn,Pisces,"0°56'41.96""",Purva Bhadrapada,Jupiter,4,120,119.3662,0.6338
2025-12-01 08:30:00,Aspect,Trine,Jupiter,Cancer,"0°18'37.72""",Punarvasu,Jupiter,4,Saturn,Pisces,"0°56'42.15""",Purva Bhadrapada,Jupiter,4,120,119.3654,0.6346
2025-12-01 08:45:00,Aspect,Trine,Jupiter,Cancer,"0°18'35.35""",Punarvasu,Jupiter,4,Saturn,Pisces,"0°56'42.34""",Purva Bhadrapada,Jupiter,4,120,119.3647,0.6353
2025-12-01 09:00:00,Aspect,Trine,Jupiter,Cancer,"0°18'32.97""",Punarvasu,Jupiter,4,Saturn,Pisces,"0°56'42.54""",Purva Bhadrapada,Jupiter,4,120,119.364,0.636
2025-12-01 09:15:00,Aspect,Trine,Jupiter,Cancer,"0°18'30.59""",Punarvasu,Jupiter,4,Saturn,Pisces,"0°56'42.74""",Purva Bhadrapada,Jupiter,4,120,119.3633,0.6367
2025-12-01 09:30:00,Aspect,Trine,Jupiter,Cancer,"0°18'28.21""",Punarvasu,Jupiter,4,Saturn,Pisces,"0°56'42.93""",Purva Bhadrapada,Jupiter,4,120,119.3626,0.6374
2025-12-01 09:45:00,Aspect,Trine,Jupiter,Cancer,"0°18'25.83""",Punarvasu,Jupiter,4,Saturn,Pisces,"0°56'43.13""",Purva Bhadrapada,Jupiter,4,120,119.3619,0.6381
2025-12-01 10:00:00,Aspect,Trine,Jupiter,Cancer,"0°18'23.45""",Punarvasu,Jupiter,4,Saturn,Pisces,"0°56'43.33""",Purva Bhadrapada,Jupiter,4,120,119.3611,0.6389
2025-12-01 10:15:00,Aspect,Trine,Jupiter,Cancer,"0°18'21.06""",Punarvasu,Jupiter,4,Saturn,Pisces,"0°56'43.53""",Purva Bhadrapada,Jupiter,4,120,119.3604,0.6396
2025-12-01 10:30:00,Aspect,Trine,Jupiter,Cancer,"0°18'18.68""",Punarvasu,Jupiter,4,Saturn,Pisces,"0°56'43.73""",Purva Bhadrapada,Jupiter,4,120,119.3597,0.6403
2025-12-01 10:45:00,Aspect,Trine,Jupiter,Cancer,"0°18'16.29""",Punarvasu,Jupiter,4,Saturn,Pisces,"0°56'43.93""",Purva Bhadrapada,Jupiter,4,120,119.359,0.641
2025-12-01 11:00:00,Aspect,Trine,Jupiter,Cancer,"0°18'13.91""",Punarvasu,Jupiter,4,Saturn,Pisces,"0°56'44.13""",Purva Bhadrapada,Jupiter,4,120,119.3583,0.6417
2025-12-01 11:15:00,Aspect,Trine,Jupiter,Cancer,"0°18'11.52""",Punarvasu,Jupiter,4,Saturn,Pisces,"0°56'44.33""",Purva Bhadrapada,Jupiter,4,120,119.3576,0.6424
2025-12-01 11:30:00,Aspect,Trine,Jupiter,Cancer,"0°18'09.13""",Punarvasu,Jupiter,4,Saturn,Pisces,"0°56'44.54""",Purva Bhadrapada,Jupiter,4,120,119.3568,0.6432
2025-12-01 11:45:00,Aspect,Trine,Jupiter,Cancer,"0°18'06.74""",Punarvasu,Jupiter,4,Saturn,Pisces,"0°56'44.74""",Purva Bhadrapada,Jupiter,4,120,119.3561,0.6439
2025-12-01 12:00:00,Aspect,Trine,Jupiter,Cancer,"0°18'04.34""",Punarvasu,Jupiter,4,Saturn,Pisces,"0°56'44.94""",Purva Bhadrapada,Jupiter,4,120,119.3554,0.6446
2025-12-01 12:15:00,Aspect,Trine,Jupiter,Cancer,"0°18'01.95""",Punarvasu,Jupiter,4,Saturn,Pisces,"0°56'45.15""",Purva Bhadrapada,Jupiter,4,120,119.3547,0.6453
2025-12-01 12:30:00,Aspect,Trine,Jupiter,Cancer,"0°17'59.56""",Punarvasu,Jupiter,4,Saturn,Pisces,"0°56'45.35""",Purva Bhadrapada,Jupiter,4,120,119.3539,0.6461
2025-12-01 12:45:00,Aspect,Trine,Jupiter,Cancer,"0°17'57.16""",Punarvasu,Jupiter,4,Saturn,Pisces,"0°56'45.56""",Purva Bhadrapada,Jupiter,4,120,119.3532,0.6468
2025-12-01 13:00:00,Aspect,Trine,Jupiter,Cancer,"0°17'54.76""",Punarvasu,Jupiter,4,Saturn,Pisces,"0°56'45.77""",Purva Bhadrapada,Jupiter,4,120,119.3525,0.6475
2025-12-01 13:15:00,Aspect,Trine,Jupiter,Cancer,"0°17'52.37""",Punarvasu,Jupiter,4,Saturn,Pisces,"0°56'45.97""",Purva Bhadrapada,Jupiter,4,120,119.3518,0.6482
2025-12-01 13:30:00,Aspect,Trine,Jupiter,Cancer,"0°17'49.97""",Punarvasu,Jupiter,4,Saturn,Pisces,"0°56'46.18""",Purva Bhadrapada,Jupiter,4,120,119.3511,0.6489
2025-12-01 13:45:00,Aspect,Trine,Jupiter,Cancer,"0°17'47.57""",Punarvasu,Jupiter,4,Saturn,Pisces,"0°56'46.39""",Purva Bhadrapada,Jupiter,4,120,119.3503,0.6497
2025-12-01 14:00:00,Aspect,Trine,Jupiter,Cancer,"0°17'45.16""",Punarvasu,Jupiter,4,Saturn,Pisces,"0°56'46.60""",Purva Bhadrapada,Jupiter,4,120,119.3496,0.6504
2025-12-01 14:15:00,Aspect,Trine,Jupiter,Cancer,"0°17'42.76""",Punarvasu,Jupiter,4,Saturn,Pisces,"0°56'46.81""",Purva Bhadrapada,Jupiter,4,120,119.3489,0.6511
2025-12-01 14:30:00,Aspect,Trine,Jupiter,Cancer,"0°17'40.36""",Punarvasu,Jupiter,4,Saturn,Pisces,"0°56'47.02""",Purva Bhadrapada,Jupiter,4,120,119.3481,0.6519
2025-12-01 14:45:00,Aspect,Trine,Jupiter,Cancer,"0°17'37.95""",Punarvasu,Jupiter,4,Saturn,Pisces,"0°56'47.24""",Purva Bhadrapada,Jupiter,4,120,119.3474,0.6526
2025-12-01 15:00:00,Aspect,Trine,Jupiter,Cancer,"0°17'35.55""",Punarvasu,Jupiter,4,Saturn,Pisces,"0°56'47.45""",Purva Bhadrapada,Jupiter,4,120,119.3467,0.6533
2025-12-01 15:15:00,Aspect,Trine,Jupiter,Cancer,"0°17'33.14""",Punarvasu,Jupiter,4,Saturn,Pisces,"0°56'47.66""",Purva Bhadrapada,Jupiter,4,120,119.346,0.654
2025-12-01 15:30:00,Aspect,Trine,Jupiter,Cancer,"0°17'30.73""",Punarvasu,Jupiter,4,Saturn,Pisces,"0°56'47.87""",Purva Bhadrapada,Jupiter,4,120,119.3452,0.6548
2025-12-01 15:45:00,Aspect,Trine,Jupiter,Cancer,"0°17'28.32""",Punarvasu,Jupiter,4,Saturn,Pisces,"0°56'48.09""",Purva Bhadrapada,Jupiter,4,120,119.3445,0.6555
2025-12-01 16:00:00,Aspect,Trine,Jupiter,Cancer,"0°17'25.91""",Punarvasu,Jupiter,4,Saturn,Pisces,"0°56'48.30""",Purva Bhadrapada,Jupiter,4,120,119.3438,0.6562
2025-12-01 16:15:00,Aspect,Trine,Jupiter,Cancer,"0°17'23.50""",Punarvasu,Jupiter,4,Saturn,Pisces,"0°56'48.52""",Purva Bhadrapada,Jupiter,4,120,119.343,0.657
2025-12-01 16:30:00,Aspect,Trine,Jupiter,Cancer,"0°17'21.08""",Punarvasu,Jupiter,4,Saturn,Pisces,"0°56'48.74""",Purva Bhadrapada,Jupiter,4,120,119.3423,0.6577
2025-12-01 16:45:00,Aspect,Trine,Jupiter,Cancer,"0°17'18.67""",Punarvasu,Jupiter,4,Saturn,Pisces,"0°56'48.96""",Purva Bhadrapada,Jupiter,4,120,119.3416,0.6584
2025-12-01 17:00:00,Aspect,Trine,Jupiter,Cancer,"0°17'16.25""",Punarvasu,Jupiter,4,Saturn,Pisces,"0°56'49.17""",Purva Bhadrapada,Jupiter,4,120,119.3409,0.6591
2025-12-01 17:15:00,Aspect,Trine,Jupiter,Cancer,"0°17'13.84""",Punarvasu,Jupiter,4,Saturn,Pisces,"0°56'49.39""",Purva Bhadrapada,Jupiter,4,120,119.3401,0.6599
2025-12-01 17:30:00,Aspect,Trine,Jupiter,Cancer,"0°17'11.42""",Punarvasu,Jupiter,4,Saturn,Pisces,"0°56'49.61""",Purva Bhadrapada,Jupiter,4,120,119.3394,0.6606
2025-12-01 17:45:00,Aspect,Trine,Jupiter,Cancer,"0°17'09.00""",Punarvasu,Jupiter,4,Saturn,Pisces,"0°56'49.83""",Purva Bhadrapada,Jupiter,4,120,119.3387,0.6613
2025-12-01 18:00:00,Aspect,Trine,Jupiter,Cancer,"0°17'06.58""",Punarvasu,Jupiter,4,Saturn,Pisces,"0°56'50.05""",Purva Bhadrapada,Jupiter,4,120,119.3379,0.6621
2025-12-01 18:15:00,Aspect,Trine,Jupiter,Cancer,"0°17'04.16""",Punarvasu,Jupiter,4,Saturn,Pisces,"0°56'50.27""",Purva Bhadrapada,Jupiter,4,120,119.3372,0.6628
2025-12-01 18:30:00,Aspect,Trine,Jupiter,Cancer,"0°17'01.73""",Punarvasu,Jupiter,4,Saturn,Pisces,"0°56'50.50""",Purva Bhadrapada,Jupiter,4,120,119.3365,0.6635
2025-12-01 18:45:00,Aspect,Trine,Jupiter,Cancer,"0°16'59.31""",Punarvasu,Jupiter,4,Saturn,Pisces,"0°56'50.72""",Purva Bhadrapada,Jupiter,4,120,119.3357,0.6643
2025-12-01 19:00:00,Aspect,Trine,Jupiter,Cancer,"0°16'56.88""",Punarvasu,Jupiter,4,Saturn,Pisces,"0°56'50.94""",Purva Bhadrapada,Jupiter,4,120,119.335,0.665
2025-12-01 19:15:00,Aspect,Trine,Jupiter,Cancer,"0°16'54.46""",Punarvasu,Jupiter,4,Saturn,Pisces,"0°56'51.17""",Purva Bhadrapada,Jupiter,4,120,119.3342,0.6658
2025-12-01 19:30:00,Aspect,Trine,Jupiter,Cancer,"0°16'52.03""",Punarvasu,Jupiter,4,Saturn,Pisces,"0°56'51.39""",Purva Bhadrapada,Jupiter,4,120,119.3335,0.6665
2025-12-01 19:45:00,Aspect,Trine,Jupiter,Cancer,"0°16'49.60""",Punarvasu,Jupiter,4,Saturn,Pisces,"0°56'51.62""",Purva Bhadrapada,Jupiter,4,120,119.3328,0.6672
2025-12-01 20:00:00,Aspect,Trine,Jupiter,Cancer,"0°16'47.17""",Punarvasu,Jupiter,4,Saturn,Pisces,"0°56'51.85""",Purva Bhadrapada,Jupiter,4,120,119.332,0.668
2025-12-01 20:15:00,Aspect,Trine,Jupiter,Cancer,"0°16'44.74""",Punarvasu,Jupiter,4,Saturn,Pisces,"0°56'52.07""",Purva Bhadrapada,Jupiter,4,120,119.3313,0.6687
2025-12-01 20:30:00,Aspect,Trine,Jupiter,Cancer,"0°16'42.31""",Punarvasu,Jupiter,4,Saturn,Pisces,"0°56'52.30""",Purva Bhadrapada,Jupiter,4,120,119.3306,0.6694
2025-12-01 20:45:00,Aspect,Trine,Jupiter,Cancer,"0°16'39.87""",Punarvasu,Jupiter,4,Saturn,Pisces,"0°56'52.53""",Purva Bhadrapada,Jupiter,4,120,119.3298,0.6702
2025-12-01 21:00:00,Aspect,Trine,Jupiter,Cancer,"0°16'37.44""",Punarvasu,Jupiter,4,Saturn,Pisces,"0°56'52.76""",Purva Bhadrapada,Jupiter,4,120,119.3291,0.6709
2025-12-01 21:15:00,Aspect,Trine,Jupiter,Cancer,"0°16'35.00""",Punarvasu,Jupiter,4,Saturn,Pisces,"0°56'52.99""",Purva Bhadrapada,Jupiter,4,120,119.3283,0.6717
2025-12-01 21:30:00,Aspect,Trine,Jupiter,Cancer,"0°16'32.56""",Punarvasu,Jupiter,4,Saturn,Pisces,"0°56'53.22""",Purva Bhadrapada,Jupiter,4,120,119.3276,0.6724
2025-12-01 21:45:00,Aspect,Trine,Jupiter,Cancer,"0°16'30.13""",Punarvasu,Jupiter,4,Saturn,Pisces,"0°56'53.45""",Purva Bhadrapada,Jupiter,4,120,119.3269,0.6731
2025-12-01 22:00:00,Aspect,Trine,Jupiter,Cancer,"0°16'27.69""",Punarvasu,Jupiter,4,Saturn,Pisces,"0°56'53.68""",Purva Bhadrapada,Jupiter,4,120,119.3261,0.6739
2025-12-01 22:15:00,Aspect,Trine,Jupiter,Cancer,"0°16'25.25""",Punarvasu,Jupiter,4,Saturn,Pisces,"0°56'53.92""",Purva Bhadrapada,Jupiter,4,120,119.3254,0.6746
2025-12-01 22:30:00,Aspect,Trine,Jupiter,Cancer,"0°16'22.80""",Punarvasu,Jupiter,4,Saturn,Pisces,"0°56'54.15""",Purva Bhadrapada,Jupiter,4,120,119.3246,0.6754
2025-12-01 22:45:00,Aspect,Trine,Jupiter,Cancer,"0°16'20.36""",Punarvasu,Jupiter,4,Saturn,Pisces,"0°56'54.38""",Purva Bhadrapada,Jupiter,4,120,119.3239,0.6761
2025-12-01 23:00:00,Aspect,Trine,Jupiter,Cancer,"0°16'17.92""",Punarvasu,Jupiter,4,Saturn,Pisces,"0°56'54.62""",Purva Bhadrapada,Jupiter,4,120,119.3231,0.6769
2025-12-01 23:15:00,Aspect,Trine,Jupiter,Cancer,"0°16'15.47""",Punarvasu,Jupiter,4,Saturn,Pisces,"0°56'54.86""",Purva Bhadrapada,Jupiter,4,120,119.3224,0.6776
2025-12-01 23:30:00,Aspect,Trine,Jupiter,Cancer,"0°16'13.02""",Punarvasu,Jupiter,4,Saturn,Pisces,"0°56'55.09""",Purva Bhadrapada,Jupiter,4,120,119.3216,0.6784
2025-12-01 23:45:00,Aspect,Trine,Jupiter,Cancer,"0°16'10.58""",Punarvasu,Jupiter,4,Saturn,Pisces,"0°56'55.33""",Purva Bhadrapada,Jupiter,4,120,119.3209,0.6791
2025-12-02 00:00:00,Aspect,Trine,Jupiter,Cancer,"0°16'08.13""",Punarvasu,Jupiter,4,Saturn,Pisces,"0°56'55.57""",Purva Bhadrapada,Jupiter,4,120,119.3202,0.6798
2025-12-02 00:15:00,Aspect,Trine,Jupiter,Cancer,"0°16'05.68""",Punarvasu,Jupiter,4,Saturn,Pisces,"0°56'55.80""",Purva Bhadrapada,Jupiter,4,120,119.3194,0.6806
2025-12-02 00:30:00,Aspect,Trine,Jupiter,Cancer,"0°16'03.23""",Punarvasu,Jupiter,4,Saturn,Pisces,"0°56'56.04""",Purva Bhadrapada,Jupiter,4,120,119.3187,0.6813
2025-12-02 00:45:00,Aspect,Trine,Jupiter,Cancer,"0°16'00.77""",Punarvasu,Jupiter,4,Saturn,Pisces,"0°56'56.28""",Purva Bhadrapada,Jupiter,4,120,119.3179,0.6821
2025-12-02 01:00:00,Aspect,Trine,Jupiter,Cancer,"0°15'58.32""",Punarvasu,Jupiter,4,Saturn,Pisces,"0°56'56.52""",Purva Bhadrapada,Jupiter,4,120,119.3172,0.6828
2025-12-02 01:15:00,Aspect,Trine,Jupiter,Cancer,"0°15'55.86""",Punarvasu,Jupiter,4,Saturn,Pisces,"0°56'56.77""",Purva Bhadrapada,Jupiter,4,120,119.3164,0.6836
2025-12-02 01:30:00,Aspect,Trine,Jupiter,Cancer,"0°15'53.41""",Punarvasu,Jupiter,4,Saturn,Pisces,"0°56'57.01""",Purva Bhadrapada,Jupiter,4,120,119.3157,0.6843
2025-12-02 01:45:00,Aspect,Trine,Jupiter,Cancer,"0°15'50.95""",Punarvasu,Jupiter,4,Saturn,Pisces,"0°56'57.25""",Purva Bhadrapada,Jupiter,4,120,119.3149,0.6851
2025-12-02 02:00:00,Aspect,Trine,Jupiter,Cancer,"0°15'48.49""",Punarvasu,Jupiter,4,Saturn,Pisces,"0°56'57.49""",Purva Bhadrapada,Jupiter,4,120,119.3142,0.6858
2025-12-02 02:15:00,Aspect,Trine,Jupiter,Cancer,"0°15'46.03""",Punarvasu,Jupiter,4,Saturn,Pisces,"0°56'57.74""",Purva Bhadrapada,Jupiter,4,120,119.3134,0.6866
2025-12-02 02:30:00,Aspect,Trine,Jupiter,Cancer,"0°15'43.57""",Punarvasu,Jupiter,4,Saturn,Pisces,"0°56'57.98""",Purva Bhadrapada,Jupiter,4,120,119.3127,0.6873
2025-12-02 02:45:00,Aspect,Trine,Jupiter,Cancer,"0°15'41.11""",Punarvasu,Jupiter,4,Saturn,Pisces,"0°56'58.23""",Purva Bhadrapada,Jupiter,4,120,119.3119,0.6881
2025-12-02 03:00:00,Aspect,Trine,Jupiter,Cancer,"0°15'38.65""",Punarvasu,Jupiter,4,Saturn,Pisces,"0°56'58.47""",Purva Bhadrapada,Jupiter,4,120,119.3112,0.6888
2025-12-02 03:15:00,Aspect,Trine,Jupiter,Cancer,"0°15'36.18""",Punarvasu,Jupiter,4,Saturn,Pisces,"0°56'58.72""",Purva Bhadrapada,Jupiter,4,120,119.3104,0.6896
2025-12-02 03:30:00,Aspect,Trine,Jupiter,Cancer,"0°15'33.72""",Punarvasu,Jupiter,4,Saturn,Pisces,"0°56'58.97""",Purva Bhadrapada,Jupiter,4,120,119.3097,0.6903
2025-12-02 03:45:00,Aspect,Trine,Jupiter,Cancer,"0°15'31.25""",Punarvasu,Jupiter,4,Saturn,Pisces,"0°56'59.22""",Purva Bhadrapada,Jupiter,4,120,119.3089,0.6911
2025-12-02 04:00:00,Aspect,Trine,Jupiter,Cancer,"0°15'28.78""",Punarvasu,Jupiter,4,Saturn,Pisces,"0°56'59.47""",Purva Bhadrapada,Jupiter,4,120,119.3081,0.6919
2025-12-02 04:15:00,Aspect,Trine,Jupiter,Cancer,"0°15'26.31""",Punarvasu,Jupiter,4,Saturn,Pisces,"0°56'59.72""",Purva Bhadrapada,Jupiter,4,120,119.3074,0.6926
2025-12-02 04:30:00,Aspect,Trine,Jupiter,Cancer,"0°15'23.84""",Punarvasu,Jupiter,4,Saturn,Pisces,"0°56'59.97""",Purva Bhadrapada,Jupiter,4,120,119.3066,0.6934
2025-12-02 04:45:00,Aspect,Trine,Jupiter,Cancer,"0°15'21.37""",Punarvasu,Jupiter,4,Saturn,Pisces,"0°57'00.22""",Purva Bhadrapada,Jupiter,4,120,119.3059,0.6941
2025-12-02 05:00:00,Aspect,Trine,Jupiter,Cancer,"0°15'18.90""",Punarvasu,Jupiter,4,Saturn,Pisces,"0°57'00.47""",Purva Bhadrapada,Jupiter,4,120,119.3051,0.6949
2025-12-02 05:15:00,Aspect,Trine,Jupiter,Cancer,"0°15'16.42""",Punarvasu,Jupiter,4,Saturn,Pisces,"0°57'00.72""",Purva Bhadrapada,Jupiter,4,120,119.3044,0.6956
2025-12-02 05:30:00,Aspect,Trine,Jupiter,Cancer,"0°15'13.95""",Punarvasu,Jupiter,4,Saturn,Pisces,"0°57'00.97""",Purva Bhadrapada,Jupiter,4,120,119.3036,0.6964
2025-12-02 05:45:00,Aspect,Trine,Jupiter,Cancer,"0°15'11.47""",Punarvasu,Jupiter,4,Saturn,Pisces,"0°57'01.23""",Purva Bhadrapada,Jupiter,4,120,119.3028,0.6972
2025-12-02 06:00:00,Aspect,Trine,Jupiter,Cancer,"0°15'08.99""",Punarvasu,Jupiter,4,Saturn,Pisces,"0°57'01.48""",Purva Bhadrapada,Jupiter,4,120,119.3021,0.6979
2025-12-02 06:15:00,Aspect,Trine,Jupiter,Cancer,"0°15'06.52""",Punarvasu,Jupiter,4,Saturn,Pisces,"0°57'01.74""",Purva Bhadrapada,Jupiter,4,120,119.3013,0.6987
2025-12-02 06:30:00,Aspect,Trine,Jupiter,Cancer,"0°15'04.04""",Punarvasu,Jupiter,4,Saturn,Pisces,"0°57'01.99""",Purva Bhadrapada,Jupiter,4,120,119.3006,0.6994
2025-12-02 06:45:00,Aspect,Trine,Jupiter,Cancer,"0°15'01.55""",Punarvasu,Jupiter,4,Saturn,Pisces,"0°57'02.25""",Purva Bhadrapada,Jupiter,4,120,119.2998,0.7002
2025-12-02 07:00:00,Aspect,Trine,Jupiter,Cancer,"0°14'59.07""",Punarvasu,Jupiter,4,Saturn,Pisces,"0°57'02.51""",Purva Bhadrapada,Jupiter,4,120,119.299,0.701
2025-12-02 07:15:00,Aspect,Trine,Jupiter,Cancer,"0°14'56.59""",Punarvasu,Jupiter,4,Saturn,Pisces,"0°57'02.77""",Purva Bhadrapada,Jupiter,4,120,119.2983,0.7017
2025-12-02 07:30:00,Aspect,Trine,Jupiter,Cancer,"0°14'54.10""",Punarvasu,Jupiter,4,Saturn,Pisces,"0°57'03.03""",Purva Bhadrapada,Jupiter,4,120,119.2975,0.7025
2025-12-02 07:45:00,Aspect,Trine,Jupiter,Cancer,"0°14'51.62""",Punarvasu,Jupiter,4,Saturn,Pisces,"0°57'03.29""",Purva Bhadrapada,Jupiter,4,120,119.2968,0.7032
2025-12-02 08:00:00,Aspect,Trine,Jupiter,Cancer,"0°14'49.13""",Punarvasu,Jupiter,4,Saturn,Pisces,"0°57'03.55""",Purva Bhadrapada,Jupiter,4,120,119.296,0.704
2025-12-02 08:15:00,Aspect,Trine,Jupiter,Cancer,"0°14'46.64""",Punarvasu,Jupiter,4,Saturn,Pisces,"0°57'03.81""",Purva Bhadrapada,Jupiter,4,120,119.2952,0.7048
2025-12-02 08:30:00,Aspect,Trine,Jupiter,Cancer,"0°14'44.15""",Punarvasu,Jupiter,4,Saturn,Pisces,"0°57'04.07""",Purva Bhadrapada,Jupiter,4,120,119.2945,0.7055
2025-12-02 08:45:00,Aspect,Trine,Jupiter,Cancer,"0°14'41.66""",Punarvasu,Jupiter,4,Saturn,Pisces,"0°57'04.33""",Purva Bhadrapada,Jupiter,4,120,119.2937,0.7063
2025-12-02 09:00:00,Aspect,Trine,Jupiter,Cancer,"0°14'39.17""",Punarvasu,Jupiter,4,Saturn,Pisces,"0°57'04.59""",Purva Bhadrapada,Jupiter,4,120,119.2929,0.7071
2025-12-02 09:15:00,Aspect,Trine,Jupiter,Cancer,"0°14'36.68""",Punarvasu,Jupiter,4,Saturn,Pisces,"0°57'04.86""",Purva Bhadrapada,Jupiter,4,120,119.2922,0.7078
2025-12-02 09:30:00,Aspect,Trine,Jupiter,Cancer,"0°14'34.19""",Punarvasu,Jupiter,4,Saturn,Pisces,"0°57'05.12""",Purva Bhadrapada,Jupiter,4,120,119.2914,0.7086
2025-12-02 09:45:00,Aspect,Trine,Jupiter,Cancer,"0°14'31.69""",Punarvasu,Jupiter,4,Saturn,Pisces,"0°57'05.39""",Purva Bhadrapada,Jupiter,4,120,119.2906,0.7094
2025-12-02 10:00:00,Aspect,Trine,Jupiter,Cancer,"0°14'29.19""",Punarvasu,Jupiter,4,Saturn,Pisces,"0°57'05.65""",Purva Bhadrapada,Jupiter,4,120,119.2899,0.7101
2025-12-02 10:15:00,Aspect,Trine,Jupiter,Cancer,"0°14'26.70""",Punarvasu,Jupiter,4,Saturn,Pisces,"0°57'05.92""",Purva Bhadrapada,Jupiter,4,120,119.2891,0.7109
2025-12-02 10:30:00,Aspect,Trine,Jupiter,Cancer,"0°14'24.20""",Punarvasu,Jupiter,4,Saturn,Pisces,"0°57'06.19""",Purva Bhadrapada,Jupiter,4,120,119.2883,0.7117
2025-12-02 10:45:00,Aspect,Trine,Jupiter,Cancer,"0°14'21.70""",Punarvasu,Jupiter,4,Saturn,Pisces,"0°57'06.45""",Purva Bhadrapada,Jupiter,4,120,119.2876,0.7124
2025-12-02 11:00:00,Aspect,Trine,Jupiter,Cancer,"0°14'19.20""",Punarvasu,Jupiter,4,Saturn,Pisces,"0°57'06.72""",Purva Bhadrapada,Jupiter,4,120,119.2868,0.7132
2025-12-02 11:15:00,Aspect,Trine,Jupiter,Cancer,"0°14'16.70""",Punarvasu,Jupiter,4,Saturn,Pisces,"0°57'06.99""",Purva Bhadrapada,Jupiter,4,120,119.286,0.714
2025-12-02 11:30:00,Aspect,Trine,Jupiter,Cancer,"0°14'14.19""",Punarvasu,Jupiter,4,Saturn,Pisces,"0°57'07.26""",Purva Bhadrapada,Jupiter,4,120,119.2853,0.7147
2025-12-02 11:45:00,Aspect,Trine,Jupiter,Cancer,"0°14'11.69""",Punarvasu,Jupiter,4,Saturn,Pisces,"0°57'07.53""",Purva Bhadrapada,Jupiter,4,120,119.2845,0.7155
2025-12-02 12:00:00,Aspect,Trine,Jupiter,Cancer,"0°14'09.18""",Punarvasu,Jupiter,4,Saturn,Pisces,"0°57'07.80""",Purva Bhadrapada,Jupiter,4,120,119.2837,0.7163
2025-12-02 12:15:00,Aspect,Trine,Jupiter,Cancer,"0°14'06.67""",Punarvasu,Jupiter,4,Saturn,Pisces,"0°57'08.08""",Purva Bhadrapada,Jupiter,4,120,119.2829,0.7171
2025-12-02 12:30:00,Aspect,Trine,Jupiter,Cancer,"0°14'04.17""",Punarvasu,Jupiter,4,Saturn,Pisces,"0°57'08.35""",Purva Bhadrapada,Jupiter,4,120,119.2822,0.7178
2025-12-02 12:45:00,Aspect,Trine,Jupiter,Cancer,"0°14'01.66""",Punarvasu,Jupiter,4,Saturn,Pisces,"0°57'08.62""",Purva Bhadrapada,Jupiter,4,120,119.2814,0.7186
2025-12-02 13:00:00,Aspect,Trine,Jupiter,Cancer,"0°13'59.15""",Punarvasu,Jupiter,4,Saturn,Pisces,"0°57'08.90""",Purva Bhadrapada,Jupiter,4,120,119.2806,0.7194
2025-12-02 13:15:00,Aspect,Trine,Jupiter,Cancer,"0°13'56.64""",Punarvasu,Jupiter,4,Saturn,Pisces,"0°57'09.17""",Purva Bhadrapada,Jupiter,4,120,119.2799,0.7201
2025-12-02 13:30:00,Aspect,Trine,Jupiter,Cancer,"0°13'54.12""",Punarvasu,Jupiter,4,Saturn,Pisces,"0°57'09.45""",Purva Bhadrapada,Jupiter,4,120,119.2791,0.7209
2025-12-02 13:45:00,Aspect,Trine,Jupiter,Cancer,"0°13'51.61""",Punarvasu,Jupiter,4,Saturn,Pisces,"0°57'09.72""",Purva Bhadrapada,Jupiter,4,120,119.2783,0.7217
2025-12-02 14:00:00,Aspect,Trine,Jupiter,Cancer,"0°13'49.09""",Punarvasu,Jupiter,4,Saturn,Pisces,"0°57'10.00""",Purva Bhadrapada,Jupiter,4,120,119.2775,0.7225
2025-12-02 14:15:00,Aspect,Trine,Jupiter,Cancer,"0°13'46.58""",Punarvasu,Jupiter,4,Saturn,Pisces,"0°57'10.28""",Purva Bhadrapada,Jupiter,4,120,119.2767,0.7233
2025-12-02 14:30:00,Aspect,Trine,Jupiter,Cancer,"0°13'44.06""",Punarvasu,Jupiter,4,Saturn,Pisces,"0°57'10.56""",Purva Bhadrapada,Jupiter,4,120,119.276,0.724
2025-12-02 14:45:00,Aspect,Trine,Jupiter,Cancer,"0°13'41.54""",Punarvasu,Jupiter,4,Saturn,Pisces,"0°57'10.84""",Purva Bhadrapada,Jupiter,4,120,119.2752,0.7248
2025-12-02 15:00:00,Aspect,Trine,Jupiter,Cancer,"0°13'39.02""",Punarvasu,Jupiter,4,Saturn,Pisces,"0°57'11.12""",Purva Bhadrapada,Jupiter,4,120,119.2744,0.7256
2025-12-02 15:15:00,Aspect,Trine,Jupiter,Cancer,"0°13'36.50""",Punarvasu,Jupiter,4,Saturn,Pisces,"0°57'11.40""",Purva Bhadrapada,Jupiter,4,120,119.2736,0.7264
2025-12-02 15:30:00,Aspect,Trine,Jupiter,Cancer,"0°13'33.98""",Punarvasu,Jupiter,4,Saturn,Pisces,"0°57'11.68""",Purva Bhadrapada,Jupiter,4,120,119.2729,0.7271
2025-12-02 15:45:00,Aspect,Trine,Jupiter,Cancer,"0°13'31.45""",Punarvasu,Jupiter,4,Saturn,Pisces,"0°57'11.96""",Purva Bhadrapada,Jupiter,4,120,119.2721,0.7279
2025-12-02 16:00:00,Aspect,Trine,Jupiter,Cancer,"0°13'28.93""",Punarvasu,Jupiter,4,Saturn,Pisces,"0°57'12.24""",Purva Bhadrapada,Jupiter,4,120,119.2713,0.7287
2025-12-02 16:15:00,Aspect,Trine,Jupiter,Cancer,"0°13'26.40""",Punarvasu,Jupiter,4,Saturn,Pisces,"0°57'12.53""",Purva Bhadrapada,Jupiter,4,120,119.2705,0.7295
2025-12-02 16:30:00,Aspect,Trine,Jupiter,Cancer,"0°13'23.88""",Punarvasu,Jupiter,4,Saturn,Pisces,"0°57'12.81""",Purva Bhadrapada,Jupiter,4,120,119.2697,0.7303
2025-12-02 16:45:00,Aspect,Trine,Jupiter,Cancer,"0°13'21.35""",Punarvasu,Jupiter,4,Saturn,Pisces,"0°57'13.09""",Purva Bhadrapada,Jupiter,4,120,119.269,0.731
2025-12-02 17:00:00,Aspect,Trine,Jupiter,Cancer,"0°13'18.82""",Punarvasu,Jupiter,4,Saturn,Pisces,"0°57'13.38""",Purva Bhadrapada,Jupiter,4,120,119.2682,0.7318
2025-12-02 17:15:00,Aspect,Trine,Jupiter,Cancer,"0°13'16.29""",Punarvasu,Jupiter,4,Saturn,Pisces,"0°57'13.67""",Purva Bhadrapada,Jupiter,4,120,119.2674,0.7326
2025-12-02 17:30:00,Aspect,Trine,Jupiter,Cancer,"0°13'13.76""",Punarvasu,Jupiter,4,Saturn,Pisces,"0°57'13.95""",Purva Bhadrapada,Jupiter,4,120,119.2666,0.7334
2025-12-02 17:45:00,Aspect,Trine,Jupiter,Cancer,"0°13'11.23""",Punarvasu,Jupiter,4,Saturn,Pisces,"0°57'14.24""",Purva Bhadrapada,Jupiter,4,120,119.2658,0.7342
2025-12-02 18:00:00,Aspect,Trine,Jupiter,Cancer,"0°13'08.69""",Punarvasu,Jupiter,4,Saturn,Pisces,"0°57'14.53""",Purva Bhadrapada,Jupiter,4,120,119.265,0.735
2025-12-02 18:15:00,Aspect,Trine,Jupiter,Cancer,"0°13'06.16""",Punarvasu,Jupiter,4,Saturn,Pisces,"0°57'14.82""",Purva Bhadrapada,Jupiter,4,120,119.2643,0.7357
2025-12-02 18:30:00,Aspect,Trine,Jupiter,Cancer,"0°13'03.62""",Punarvasu,Jupiter,4,Saturn,Pisces,"0°57'15.11""",Purva Bhadrapada,Jupiter,4,120,119.2635,0.7365
2025-12-02 18:45:00,Aspect,Trine,Jupiter,Cancer,"0°13'01.08""",Punarvasu,Jupiter,4,Saturn,Pisces,"0°57'15.40""",Purva Bhadrapada,Jupiter,4,120,119.2627,0.7373
2025-12-02 19:00:00,Aspect,Trine,Jupiter,Cancer,"0°12'58.54""",Punarvasu,Jupiter,4,Saturn,Pisces,"0°57'15.69""",Purva Bhadrapada,Jupiter,4,120,119.2619,0.7381
2025-12-02 19:15:00,Aspect,Trine,Jupiter,Cancer,"0°12'56.00""",Punarvasu,Jupiter,4,Saturn,Pisces,"0°57'15.98""",Purva Bhadrapada,Jupiter,4,120,119.2611,0.7389
2025-12-02 19:30:00,Aspect,Trine,Jupiter,Cancer,"0°12'53.46""",Punarvasu,Jupiter,4,Saturn,Pisces,"0°57'16.27""",Purva Bhadrapada,Jupiter,4,120,119.2603,0.7397
2025-12-02 19:45:00,Aspect,Trine,Jupiter,Cancer,"0°12'50.92""",Punarvasu,Jupiter,4,Saturn,Pisces,"0°57'16.57""",Purva Bhadrapada,Jupiter,4,120,119.2595,0.7405
2025-12-02 20:00:00,Aspect,Trine,Jupiter,Cancer,"0°12'48.38""",Punarvasu,Jupiter,4,Saturn,Pisces,"0°57'16.86""",Purva Bhadrapada,Jupiter,4,120,119.2588,0.7412
2025-12-02 20:15:00,Aspect,Trine,Jupiter,Cancer,"0°12'45.83""",Punarvasu,Jupiter,4,Saturn,Pisces,"0°57'17.15""",Purva Bhadrapada,Jupiter,4,120,119.258,0.742
2025-12-02 20:30:00,Aspect,Trine,Jupiter,Cancer,"0°12'43.29""",Punarvasu,Jupiter,4,Saturn,Pisces,"0°57'17.45""",Purva Bhadrapada,Jupiter,4,120,119.2572,0.7428
2025-12-02 20:45:00,Aspect,Trine,Jupiter,Cancer,"0°12'40.74""",Punarvasu,Jupiter,4,Saturn,Pisces,"0°57'17.75""",Purva Bhadrapada,Jupiter,4,120,119.2564,0.7436
2025-12-02 21:00:00,Aspect,Trine,Jupiter,Cancer,"0°12'38.19""",Punarvasu,Jupiter,4,Saturn,Pisces,"0°57'18.04""",Purva Bhadrapada,Jupiter,4,120,119.2556,0.7444
2025-12-02 21:15:00,Aspect,Trine,Jupiter,Cancer,"0°12'35.64""",Punarvasu,Jupiter,4,Saturn,Pisces,"0°57'18.34""",Purva Bhadrapada,Jupiter,4,120,119.2548,0.7452
2025-12-02 21:30:00,Aspect,Trine,Jupiter,Cancer,"0°12'33.09""",Punarvasu,Jupiter,4,Saturn,Pisces,"0°57'18.64""",Purva Bhadrapada,Jupiter,4,120,119.254,0.746
2025-12-02 21:45:00,Aspect,Trine,Jupiter,Cancer,"0°12'30.54""",Punarvasu,Jupiter,4,Saturn,Pisces,"0°57'18.94""",Purva Bhadrapada,Jupiter,4,120,119.2532,0.7468
2025-12-02 22:00:00,Aspect,Trine,Jupiter,Cancer,"0°12'27.99""",Punarvasu,Jupiter,4,Saturn,Pisces,"0°57'19.24""",Purva Bhadrapada,Jupiter,4,120,119.2524,0.7476
2025-12-02 22:15:00,Aspect,Trine,Jupiter,Cancer,"0°12'25.44""",Punarvasu,Jupiter,4,Saturn,Pisces,"0°57'19.54""",Purva Bhadrapada,Jupiter,4,120,119.2516,0.7484
2025-12-02 22:30:00,Aspect,Trine,Jupiter,Cancer,"0°12'22.88""",Punarvasu,Jupiter,4,Saturn,Pisces,"0°57'19.84""",Purva Bhadrapada,Jupiter,4,120,119.2508,0.7492
2025-12-02 22:45:00,Aspect,Trine,Jupiter,Cancer,"0°12'20.32""",Punarvasu,Jupiter,4,Saturn,Pisces,"0°57'20.14""",Purva Bhadrapada,Jupiter,4,120,119.2501,0.7499
2025-12-02 23:00:00,Aspect,Trine,Jupiter,Cancer,"0°12'17.77""",Punarvasu,Jupiter,4,Saturn,Pisces,"0°57'20.44""",Purva Bhadrapada,Jupiter,4,120,119.2493,0.7507
2025-12-02 23:15:00,Aspect,Trine,Jupiter,Cancer,"0°12'15.21""",Punarvasu,Jupiter,4,Saturn,Pisces,"0°57'20.74""",Purva Bhadrapada,Jupiter,4,120,119.2485,0.7515
2025-12-02 23:30:00,Aspect,Trine,Jupiter,Cancer,"0°12'12.65""",Punarvasu,Jupiter,4,Saturn,Pisces,"0°57'21.05""",Purva Bhadrapada,Jupiter,4,120,119.2477,0.7523
2025-12-02 23:45:00,Aspect,Trine,Jupiter,Cancer,"0°12'10.09""",Punarvasu,Jupiter,4,Saturn,Pisces,"0°57'21.35""",Purva Bhadrapada,Jupiter,4,120,119.2469,0.7531
2025-12-03 00:00:00,Aspect,Trine,Jupiter,Cancer,"0°12'07.53""",Punarvasu,Jupiter,4,Saturn,Pisces,"0°57'21.66""",Purva Bhadrapada,Jupiter,4,120,119.2461,0.7539
2025-12-03 00:15:00,Aspect,Trine,Jupiter,Cancer,"0°12'04.96""",Punarvasu,Jupiter,4,Saturn,Pisces,"0°57'21.96""",Purva Bhadrapada,Jupiter,4,120,119.2453,0.7547
2025-12-03 00:30:00,Aspect,Trine,Jupiter,Cancer,"0°12'02.40""",Punarvasu,Jupiter,4,Saturn,Pisces,"0°57'22.27""",Purva Bhadrapada,Jupiter,4,120,119.2445,0.7555
2025-12-03 00:45:00,Aspect,Trine,Jupiter,Cancer,"0°11'59.83""",Punarvasu,Jupiter,4,Saturn,Pisces,"0°57'22.58""",Purva Bhadrapada,Jupiter,4,120,119.2437,0.7563
2025-12-03 01:00:00,Aspect,Trine,Jupiter,Cancer,"0°11'57.27""",Punarvasu,Jupiter,4,Saturn,Pisces,"0°57'22.88""",Purva Bhadrapada,Jupiter,4,120,119.2429,0.7571
2025-12-03 01:15:00,Aspect,Trine,Jupiter,Cancer,"0°11'54.70""",Punarvasu,Jupiter,4,Saturn,Pisces,"0°57'23.19""",Purva Bhadrapada,Jupiter,4,120,119.2421,0.7579
2025-12-03 01:30:00,Aspect,Trine,Jupiter,Cancer,"0°11'52.13""",Punarvasu,Jupiter,4,Saturn,Pisces,"0°57'23.50""",Purva Bhadrapada,Jupiter,4,120,119.2413,0.7587
2025-12-03 01:45:00,Aspect,Trine,Jupiter,Cancer,"0°11'49.56""",Punarvasu,Jupiter,4,Saturn,Pisces,"0°57'23.81""",Purva Bhadrapada,Jupiter,4,120,119.2405,0.7595
2025-12-03 02:00:00,Aspect,Trine,Jupiter,Cancer,"0°11'46.99""",Punarvasu,Jupiter,4,Saturn,Pisces,"0°57'24.12""",Purva Bhadrapada,Jupiter,4,120,119.2397,0.7603
2025-12-03 02:15:00,Aspect,Trine,Jupiter,Cancer,"0°11'44.41""",Punarvasu,Jupiter,4,Saturn,Pisces,"0°57'24.43""",Purva Bhadrapada,Jupiter,4,120,119.2389,0.7611
2025-12-03 02:30:00,Aspect,Trine,Jupiter,Cancer,"0°11'41.84""",Punarvasu,Jupiter,4,Saturn,Pisces,"0°57'24.75""",Purva Bhadrapada,Jupiter,4,120,119.2381,0.7619
2025-12-03 02:45:00,Aspect,Trine,Jupiter,Cancer,"0°11'39.27""",Punarvasu,Jupiter,4,Saturn,Pisces,"0°57'25.06""",Purva Bhadrapada,Jupiter,4,120,119.2373,0.7627
2025-12-03 03:00:00,Aspect,Trine,Jupiter,Cancer,"0°11'36.69""",Punarvasu,Jupiter,4,Saturn,Pisces,"0°57'25.37""",Purva Bhadrapada,Jupiter,4,120,119.2365,0.7635
2025-12-03 03:15:00,Aspect,Trine,Jupiter,Cancer,"0°11'34.11""",Punarvasu,Jupiter,4,Saturn,Pisces,"0°57'25.69""",Purva Bhadrapada,Jupiter,4,120,119.2357,0.7643
2025-12-03 03:30:00,Aspect,Trine,Jupiter,Cancer,"0°11'31.53""",Punarvasu,Jupiter,4,Saturn,Pisces,"0°57'26.00""",Purva Bhadrapada,Jupiter,4,120,119.2349,0.7651
2025-12-03 03:45:00,Aspect,Trine,Jupiter,Cancer,"0°11'28.95""",Punarvasu,Jupiter,4,Saturn,Pisces,"0°57'26.32""",Purva Bhadrapada,Jupiter,4,120,119.2341,0.7659
2025-12-03 04:00:00,Aspect,Trine,Jupiter,Cancer,"0°11'26.37""",Punarvasu,Jupiter,4,Saturn,Pisces,"0°57'26.63""",Purva Bhadrapada,Jupiter,4,120,119.2333,0.7667
2025-12-03 04:15:00,Aspect,Trine,Jupiter,Cancer,"0°11'23.79""",Punarvasu,Jupiter,4,Saturn,Pisces,"0°57'26.95""",Purva Bhadrapada,Jupiter,4,120,119.2325,0.7675
2025-12-03 04:30:00,Aspect,Trine,Jupiter,Cancer,"0°11'21.21""",Punarvasu,Jupiter,4,Saturn,Pisces,"0°57'27.27""",Purva Bhadrapada,Jupiter,4,120,119.2317,0.7683
2025-12-03 04:45:00,Aspect,Trine,Jupiter,Cancer,"0°11'18.62""",Punarvasu,Jupiter,4,Saturn,Pisces,"0°57'27.59""",Purva Bhadrapada,Jupiter,4,120,119.2308,0.7692
2025-12-03 05:00:00,Aspect,Trine,Jupiter,Cancer,"0°11'16.04""",Punarvasu,Jupiter,4,Saturn,Pisces,"0°57'27.90""",Purva Bhadrapada,Jupiter,4,120,119.23,0.77
2025-12-03 05:15:00,Aspect,Trine,Jupiter,Cancer,"0°11'13.45""",Punarvasu,Jupiter,4,Saturn,Pisces,"0°57'28.22""",Purva Bhadrapada,Jupiter,4,120,119.2292,0.7708
2025-12-03 05:30:00,Aspect,Trine,Jupiter,Cancer,"0°11'10.86""",Punarvasu,Jupiter,4,Saturn,Pisces,"0°57'28.54""",Purva Bhadrapada,Jupiter,4,120,119.2284,0.7716
2025-12-03 05:45:00,Aspect,Trine,Jupiter,Cancer,"0°11'08.28""",Punarvasu,Jupiter,4,Saturn,Pisces,"0°57'28.87""",Purva Bhadrapada,Jupiter,4,120,119.2276,0.7724
2025-12-03 06:00:00,Aspect,Trine,Jupiter,Cancer,"0°11'05.69""",Punarvasu,Jupiter,4,Saturn,Pisces,"0°57'29.19""",Purva Bhadrapada,Jupiter,4,120,119.2268,0.7732
2025-12-03 06:15:00,Aspect,Trine,Jupiter,Cancer,"0°11'03.09""",Punarvasu,Jupiter,4,Saturn,Pisces,"0°57'29.51""",Purva Bhadrapada,Jupiter,4,120,119.226,0.774
2025-12-03 06:30:00,Aspect,Trine,Jupiter,Cancer,"0°11'00.50""",Punarvasu,Jupiter,4,Saturn,Pisces,"0°57'29.83""",Purva Bhadrapada,Jupiter,4,120,119.2252,0.7748
2025-12-03 06:45:00,Aspect,Trine,Jupiter,Cancer,"0°10'57.91""",Punarvasu,Jupiter,4,Saturn,Pisces,"0°57'30.16""",Purva Bhadrapada,Jupiter,4,120,119.2244,0.7756
2025-12-03 07:00:00,Aspect,Trine,Jupiter,Cancer,"0°10'55.31""",Punarvasu,Jupiter,4,Saturn,Pisces,"0°57'30.48""",Purva Bhadrapada,Jupiter,4,120,119.2236,0.7764
2025-12-03 07:15:00,Aspect,Trine,Jupiter,Cancer,"0°10'52.72""",Punarvasu,Jupiter,4,Saturn,Pisces,"0°57'30.81""",Purva Bhadrapada,Jupiter,4,120,119.2228,0.7772
2025-12-03 07:30:00,Aspect,Trine,Jupiter,Cancer,"0°10'50.12""",Punarvasu,Jupiter,4,Saturn,Pisces,"0°57'31.13""",Purva Bhadrapada,Jupiter,4,120,119.2219,0.7781
2025-12-03 07:45:00,Aspect,Trine,Jupiter,Cancer,"0°10'47.52""",Punarvasu,Jupiter,4,Saturn,Pisces,"0°57'31.46""",Purva Bhadrapada,Jupiter,4,120,119.2211,0.7789
2025-12-03 08:00:00,Aspect,Trine,Jupiter,Cancer,"0°10'44.92""",Punarvasu,Jupiter,4,Saturn,Pisces,"0°57'31.79""",Purva Bhadrapada,Jupiter,4,120,119.2203,0.7797
2025-12-03 08:15:00,Aspect,Trine,Jupiter,Cancer,"0°10'42.32""",Punarvasu,Jupiter,4,Saturn,Pisces,"0°57'32.12""",Purva Bhadrapada,Jupiter,4,120,119.2195,0.7805
2025-12-03 08:30:00,Aspect,Trine,Jupiter,Cancer,"0°10'39.72""",Punarvasu,Jupiter,4,Saturn,Pisces,"0°57'32.44""",Purva Bhadrapada,Jupiter,4,120,119.2187,0.7813
2025-12-03 08:45:00,Aspect,Trine,Jupiter,Cancer,"0°10'37.12""",Punarvasu,Jupiter,4,Saturn,Pisces,"0°57'32.77""",Purva Bhadrapada,Jupiter,4,120,119.2179,0.7821
2025-12-03 09:00:00,Aspect,Trine,Jupiter,Cancer,"0°10'34.51""",Punarvasu,Jupiter,4,Saturn,Pisces,"0°57'33.10""",Purva Bhadrapada,Jupiter,4,120,119.2171,0.7829
2025-12-03 09:15:00,Aspect,Trine,Jupiter,Cancer,"0°10'31.91""",Punarvasu,Jupiter,4,Saturn,Pisces,"0°57'33.44""",Purva Bhadrapada,Jupiter,4,120,119.2162,0.7838
2025-12-03 09:30:00,Aspect,Trine,Jupiter,Cancer,"0°10'29.30""",Punarvasu,Jupiter,4,Saturn,Pisces,"0°57'33.77""",Purva Bhadrapada,Jupiter,4,120,119.2154,0.7846
2025-12-03 09:45:00,Aspect,Trine,Jupiter,Cancer,"0°10'26.69""",Punarvasu,Jupiter,4,Saturn,Pisces,"0°57'34.10""",Purva Bhadrapada,Jupiter,4,120,119.2146,0.7854
2025-12-03 10:00:00,Aspect,Trine,Jupiter,Cancer,"0°10'24.09""",Punarvasu,Jupiter,4,Saturn,Pisces,"0°57'34.43""",Purva Bhadrapada,Jupiter,4,120,119.2138,0.7862
2025-12-03 10:15:00,Aspect,Trine,Jupiter,Cancer,"0°10'21.48""",Punarvasu,Jupiter,4,Saturn,Pisces,"0°57'34.77""",Purva Bhadrapada,Jupiter,4,120,119.213,0.787
2025-12-03 10:30:00,Aspect,Trine,Jupiter,Cancer,"0°10'18.86""",Punarvasu,Jupiter,4,Saturn,Pisces,"0°57'35.10""",Purva Bhadrapada,Jupiter,4,120,119.2122,0.7878
2025-12-03 10:45:00,Aspect,Trine,Jupiter,Cancer,"0°10'16.25""",Punarvasu,Jupiter,4,Saturn,Pisces,"0°57'35.44""",Purva Bhadrapada,Jupiter,4,120,119.2113,0.7887
2025-12-03 11:00:00,Aspect,Trine,Jupiter,Cancer,"0°10'13.64""",Punarvasu,Jupiter,4,Saturn,Pisces,"0°57'35.77""",Purva Bhadrapada,Jupiter,4,120,119.2105,0.7895
2025-12-03 11:15:00,Aspect,Trine,Jupiter,Cancer,"0°10'11.02""",Punarvasu,Jupiter,4,Saturn,Pisces,"0°57'36.11""",Purva Bhadrapada,Jupiter,4,120,119.2097,0.7903
2025-12-03 11:30:00,Aspect,Trine,Jupiter,Cancer,"0°10'08.41""",Punarvasu,Jupiter,4,Saturn,Pisces,"0°57'36.45""",Purva Bhadrapada,Jupiter,4,120,119.2089,0.7911
2025-12-03 11:45:00,Aspect,Trine,Jupiter,Cancer,"0°10'05.79""",Punarvasu,Jupiter,4,Saturn,Pisces,"0°57'36.78""",Purva Bhadrapada,Jupiter,4,120,119.2081,0.7919
2025-12-03 12:00:00,Aspect,Trine,Jupiter,Cancer,"0°10'03.17""",Punarvasu,Jupiter,4,Saturn,Pisces,"0°57'37.12""",Purva Bhadrapada,Jupiter,4,120,119.2072,0.7928
2025-12-03 12:15:00,Aspect,Trine,Jupiter,Cancer,"0°10'00.55""",Punarvasu,Jupiter,4,Saturn,Pisces,"0°57'37.46""",Purva Bhadrapada,Jupiter,4,120,119.2064,0.7936
2025-12-03 12:30:00,Aspect,Trine,Jupiter,Cancer,"0°09'57.93""",Punarvasu,Jupiter,4,Saturn,Pisces,"0°57'37.80""",Purva Bhadrapada,Jupiter,4,120,119.2056,0.7944
2025-12-03 12:45:00,Aspect,Trine,Jupiter,Cancer,"0°09'55.31""",Punarvasu,Jupiter,4,Saturn,Pisces,"0°57'38.14""",Purva Bhadrapada,Jupiter,4,120,119.2048,0.7952
2025-12-03 13:00:00,Aspect,Trine,Jupiter,Cancer,"0°09'52.69""",Punarvasu,Jupiter,4,Saturn,Pisces,"0°57'38.48""",Purva Bhadrapada,Jupiter,4,120,119.2039,0.7961
2025-12-03 13:15:00,Aspect,Trine,Jupiter,Cancer,"0°09'50.07""",Punarvasu,Jupiter,4,Saturn,Pisces,"0°57'38.83""",Purva Bhadrapada,Jupiter,4,120,119.2031,0.7969
2025-12-03 13:30:00,Aspect,Trine,Jupiter,Cancer,"0°09'47.44""",Punarvasu,Jupiter,4,Saturn,Pisces,"0°57'39.17""",Purva Bhadrapada,Jupiter,4,120,119.2023,0.7977
2025-12-03 13:45:00,Aspect,Trine,Jupiter,Cancer,"0°09'44.81""",Punarvasu,Jupiter,4,Saturn,Pisces,"0°57'39.51""",Purva Bhadrapada,Jupiter,4,120,119.2015,0.7985
2025-12-03 14:00:00,Aspect,Trine,Jupiter,Cancer,"0°09'42.19""",Punarvasu,Jupiter,4,Saturn,Pisces,"0°57'39.86""",Purva Bhadrapada,Jupiter,4,120,119.2006,0.7994
2025-12-03 14:15:00,Aspect,Trine,Jupiter,Cancer,"0°09'39.56""",Punarvasu,Jupiter,4,Saturn,Pisces,"0°57'40.20""",Purva Bhadrapada,Jupiter,4,120,119.1998,0.8002
2025-12-03 14:30:00,Aspect,Trine,Jupiter,Cancer,"0°09'36.93""",Punarvasu,Jupiter,4,Saturn,Pisces,"0°57'40.55""",Purva Bhadrapada,Jupiter,4,120,119.199,0.801
2025-12-03 14:45:00,Aspect,Trine,Jupiter,Cancer,"0°09'34.30""",Punarvasu,Jupiter,4,Saturn,Pisces,"0°57'40.89""",Purva Bhadrapada,Jupiter,4,120,119.1982,0.8018
2025-12-03 15:00:00,Aspect,Trine,Jupiter,Cancer,"0°09'31.67""",Punarvasu,Jupiter,4,Saturn,Pisces,"0°57'41.24""",Purva Bhadrapada,Jupiter,4,120,119.1973,0.8027
2025-12-03 15:15:00,Aspect,Trine,Jupiter,Cancer,"0°09'29.03""",Punarvasu,Jupiter,4,Saturn,Pisces,"0°57'41.59""",Purva Bhadrapada,Jupiter,4,120,119.1965,0.8035
2025-12-03 15:30:00,Aspect,Trine,Jupiter,Cancer,"0°09'26.40""",Punarvasu,Jupiter,4,Saturn,Pisces,"0°57'41.94""",Purva Bhadrapada,Jupiter,4,120,119.1957,0.8043
2025-12-03 15:45:00,Aspect,Trine,Jupiter,Cancer,"0°09'23.76""",Punarvasu,Jupiter,4,Saturn,Pisces,"0°57'42.29""",Purva Bhadrapada,Jupiter,4,120,119.1949,0.8051
2025-12-03 16:00:00,Aspect,Trine,Jupiter,Cancer,"0°09'21.13""",Punarvasu,Jupiter,4,Saturn,Pisces,"0°57'42.64""",Purva Bhadrapada,Jupiter,4,120,119.194,0.806
2025-12-03 16:15:00,Aspect,Trine,Jupiter,Cancer,"0°09'18.49""",Punarvasu,Jupiter,4,Saturn,Pisces,"0°57'42.99""",Purva Bhadrapada,Jupiter,4,120,119.1932,0.8068
2025-12-03 16:30:00,Aspect,Trine,Jupiter,Cancer,"0°09'15.85""",Punarvasu,Jupiter,4,Saturn,Pisces,"0°57'43.34""",Purva Bhadrapada,Jupiter,4,120,119.1924,0.8076
2025-12-03 16:45:00,Aspect,Trine,Jupiter,Cancer,"0°09'13.21""",Punarvasu,Jupiter,4,Saturn,Pisces,"0°57'43.69""",Purva Bhadrapada,Jupiter,4,120,119.1915,0.8085
2025-12-03 17:00:00,Aspect,Trine,Jupiter,Cancer,"0°09'10.57""",Punarvasu,Jupiter,4,Saturn,Pisces,"0°57'44.04""",Purva Bhadrapada,Jupiter,4,120,119.1907,0.8093
2025-12-03 17:15:00,Aspect,Trine,Jupiter,Cancer,"0°09'07.93""",Punarvasu,Jupiter,4,Saturn,Pisces,"0°57'44.40""",Purva Bhadrapada,Jupiter,4,120,119.1899,0.8101
2025-12-03 17:30:00,Aspect,Trine,Jupiter,Cancer,"0°09'05.28""",Punarvasu,Jupiter,4,Saturn,Pisces,"0°57'44.75""",Purva Bhadrapada,Jupiter,4,120,119.189,0.811
2025-12-03 17:45:00,Aspect,Trine,Jupiter,Cancer,"0°09'02.64""",Punarvasu,Jupiter,4,Saturn,Pisces,"0°57'45.10""",Purva Bhadrapada,Jupiter,4,120,119.1882,0.8118
2025-12-03 18:00:00,Aspect,Trine,Jupiter,Cancer,"0°08'59.99""",Punarvasu,Jupiter,4,Saturn,Pisces,"0°57'45.46""",Purva Bhadrapada,Jupiter,4,120,119.1874,0.8126
2025-12-03 18:15:00,Aspect,Trine,Jupiter,Cancer,"0°08'57.34""",Punarvasu,Jupiter,4,Saturn,Pisces,"0°57'45.82""",Purva Bhadrapada,Jupiter,4,120,119.1865,0.8135
2025-12-03 18:30:00,Aspect,Trine,Jupiter,Cancer,"0°08'54.70""",Punarvasu,Jupiter,4,Saturn,Pisces,"0°57'46.17""",Purva Bhadrapada,Jupiter,4,120,119.1857,0.8143
2025-12-03 18:45:00,Aspect,Trine,Jupiter,Cancer,"0°08'52.05""",Punarvasu,Jupiter,4,Saturn,Pisces,"0°57'46.53""",Purva Bhadrapada,Jupiter,4,120,119.1849,0.8151
2025-12-03 19:00:00,Aspect,Trine,Jupiter,Cancer,"0°08'49.40""",Punarvasu,Jupiter,4,Saturn,Pisces,"0°57'46.89""",Purva Bhadrapada,Jupiter,4,120,119.184,0.816
2025-12-03 19:15:00,Aspect,Trine,Jupiter,Cancer,"0°08'46.74""",Punarvasu,Jupiter,4,Saturn,Pisces,"0°57'47.25""",Purva Bhadrapada,Jupiter,4,120,119.1832,0.8168
2025-12-03 19:30:00,Aspect,Trine,Jupiter,Cancer,"0°08'44.09""",Punarvasu,Jupiter,4,Saturn,Pisces,"0°57'47.61""",Purva Bhadrapada,Jupiter,4,120,119.1824,0.8176
2025-12-03 19:45:00,Aspect,Trine,Jupiter,Cancer,"0°08'41.44""",Punarvasu,Jupiter,4,Saturn,Pisces,"0°57'47.97""",Purva Bhadrapada,Jupiter,4,120,119.1815,0.8185
2025-12-03 20:00:00,Aspect,Trine,Jupiter,Cancer,"0°08'38.78""",Punarvasu,Jupiter,4,Saturn,Pisces,"0°57'48.33""",Purva Bhadrapada,Jupiter,4,120,119.1807,0.8193
2025-12-03 20:15:00,Aspect,Trine,Jupiter,Cancer,"0°08'36.13""",Punarvasu,Jupiter,4,Saturn,Pisces,"0°57'48.69""",Purva Bhadrapada,Jupiter,4,120,119.1798,0.8202
2025-12-03 20:30:00,Aspect,Trine,Jupiter,Cancer,"0°08'33.47""",Punarvasu,Jupiter,4,Saturn,Pisces,"0°57'49.05""",Purva Bhadrapada,Jupiter,4,120,119.179,0.821
2025-12-03 20:45:00,Aspect,Trine,Jupiter,Cancer,"0°08'30.81""",Punarvasu,Jupiter,4,Saturn,Pisces,"0°57'49.42""",Purva Bhadrapada,Jupiter,4,120,119.1782,0.8218
2025-12-03 21:00:00,Aspect,Trine,Jupiter,Cancer,"0°08'28.15""",Punarvasu,Jupiter,4,Saturn,Pisces,"0°57'49.78""",Purva Bhadrapada,Jupiter,4,120,119.1773,0.8227
2025-12-03 21:15:00,Aspect,Trine,Jupiter,Cancer,"0°08'25.49""",Punarvasu,Jupiter,4,Saturn,Pisces,"0°57'50.14""",Purva Bhadrapada,Jupiter,4,120,119.1765,0.8235
2025-12-03 21:30:00,Aspect,Trine,Jupiter,Cancer,"0°08'22.83""",Punarvasu,Jupiter,4,Saturn,Pisces,"0°57'50.51""",Purva Bhadrapada,Jupiter,4,120,119.1756,0.8244
2025-12-03 21:45:00,Aspect,Trine,Jupiter,Cancer,"0°08'20.16""",Punarvasu,Jupiter,4,Saturn,Pisces,"0°57'50.87""",Purva Bhadrapada,Jupiter,4,120,119.1748,0.8252
2025-12-03 22:00:00,Aspect,Trine,Jupiter,Cancer,"0°08'17.50""",Punarvasu,Jupiter,4,Saturn,Pisces,"0°57'51.24""",Purva Bhadrapada,Jupiter,4,120,119.174,0.826
2025-12-03 22:15:00,Aspect,Trine,Jupiter,Cancer,"0°08'14.83""",Punarvasu,Jupiter,4,Saturn,Pisces,"0°57'51.61""",Purva Bhadrapada,Jupiter,4,120,119.1731,0.8269
2025-12-03 22:30:00,Aspect,Trine,Jupiter,Cancer,"0°08'12.17""",Punarvasu,Jupiter,4,Saturn,Pisces,"0°57'51.98""",Purva Bhadrapada,Jupiter,4,120,119.1723,0.8277
2025-12-03 22:45:00,Aspect,Trine,Jupiter,Cancer,"0°08'09.50""",Punarvasu,Jupiter,4,Saturn,Pisces,"0°57'52.35""",Purva Bhadrapada,Jupiter,4,120,119.1714,0.8286
2025-12-03 23:00:00,Aspect,Trine,Jupiter,Cancer,"0°08'06.83""",Punarvasu,Jupiter,4,Saturn,Pisces,"0°57'52.71""",Purva Bhadrapada,Jupiter,4,120,119.1706,0.8294
2025-12-03 23:15:00,Aspect,Trine,Jupiter,Cancer,"0°08'04.16""",Punarvasu,Jupiter,4,Saturn,Pisces,"0°57'53.08""",Purva Bhadrapada,Jupiter,4,120,119.1697,0.8303
2025-12-03 23:30:00,Aspect,Trine,Jupiter,Cancer,"0°08'01.49""",Punarvasu,Jupiter,4,Saturn,Pisces,"0°57'53.46""",Purva Bhadrapada,Jupiter,4,120,119.1689,0.8311
2025-12-03 23:45:00,Aspect,Trine,Jupiter,Cancer,"0°07'58.82""",Punarvasu,Jupiter,4,Saturn,Pisces,"0°57'53.83""",Purva Bhadrapada,Jupiter,4,120,119.1681,0.8319
2025-12-04 00:00:00,Aspect,Trine,Jupiter,Cancer,"0°07'56.14""",Punarvasu,Jupiter,4,Saturn,Pisces,"0°57'54.20""",Purva Bhadrapada,Jupiter,4,120,119.1672,0.8328
2025-12-04 00:15:00,Aspect,Trine,Jupiter,Cancer,"0°07'53.47""",Punarvasu,Jupiter,4,Saturn,Pisces,"0°57'54.57""",Purva Bhadrapada,Jupiter,4,120,119.1664,0.8336
2025-12-04 00:30:00,Aspect,Trine,Jupiter,Cancer,"0°07'50.79""",Punarvasu,Jupiter,4,Saturn,Pisces,"0°57'54.95""",Purva Bhadrapada,Jupiter,4,120,119.1655,0.8345
2025-12-04 00:45:00,Aspect,Trine,Jupiter,Cancer,"0°07'48.11""",Punarvasu,Jupiter,4,Saturn,Pisces,"0°57'55.32""",Purva Bhadrapada,Jupiter,4,120,119.1647,0.8353
2025-12-04 01:00:00,Aspect,Trine,Jupiter,Cancer,"0°07'45.44""",Punarvasu,Jupiter,4,Saturn,Pisces,"0°57'55.69""",Purva Bhadrapada,Jupiter,4,120,119.1638,0.8362
2025-12-04 01:15:00,Aspect,Trine,Jupiter,Cancer,"0°07'42.76""",Punarvasu,Jupiter,4,Saturn,Pisces,"0°57'56.07""",Purva Bhadrapada,Jupiter,4,120,119.163,0.837
2025-12-04 01:30:00,Aspect,Trine,Jupiter,Cancer,"0°07'40.08""",Punarvasu,Jupiter,4,Saturn,Pisces,"0°57'56.45""",Purva Bhadrapada,Jupiter,4,120,119.1621,0.8379
2025-12-04 01:45:00,Aspect,Trine,Jupiter,Cancer,"0°07'37.39""",Punarvasu,Jupiter,4,Saturn,Pisces,"0°57'56.82""",Purva Bhadrapada,Jupiter,4,120,119.1613,0.8387
2025-12-04 02:00:00,Aspect,Trine,Jupiter,Cancer,"0°07'34.71""",Punarvasu,Jupiter,4,Saturn,Pisces,"0°57'57.20""",Purva Bhadrapada,Jupiter,4,120,119.1604,0.8396
2025-12-04 02:15:00,Aspect,Trine,Jupiter,Cancer,"0°07'32.03""",Punarvasu,Jupiter,4,Saturn,Pisces,"0°57'57.58""",Purva Bhadrapada,Jupiter,4,120,119.1596,0.8404
2025-12-04 02:30:00,Aspect,Trine,Jupiter,Cancer,"0°07'29.34""",Punarvasu,Jupiter,4,Saturn,Pisces,"0°57'57.96""",Purva Bhadrapada,Jupiter,4,120,119.1587,0.8413
2025-12-04 02:45:00,Aspect,Trine,Jupiter,Cancer,"0°07'26.66""",Punarvasu,Jupiter,4,Saturn,Pisces,"0°57'58.34""",Purva Bhadrapada,Jupiter,4,120,119.1579,0.8421
2025-12-04 03:00:00,Aspect,Trine,Jupiter,Cancer,"0°07'23.97""",Punarvasu,Jupiter,4,Saturn,Pisces,"0°57'58.72""",Purva Bhadrapada,Jupiter,4,120,119.157,0.843
2025-12-04 03:15:00,Aspect,Trine,Jupiter,Cancer,"0°07'21.28""",Punarvasu,Jupiter,4,Saturn,Pisces,"0°57'59.10""",Purva Bhadrapada,Jupiter,4,120,119.1562,0.8438
2025-12-04 03:30:00,Aspect,Trine,Jupiter,Cancer,"0°07'18.59""",Punarvasu,Jupiter,4,Saturn,Pisces,"0°57'59.48""",Purva Bhadrapada,Jupiter,4,120,119.1553,0.8447
2025-12-04 03:45:00,Aspect,Trine,Jupiter,Cancer,"0°07'15.90""",Punarvasu,Jupiter,4,Saturn,Pisces,"0°57'59.87""",Purva Bhadrapada,Jupiter,4,120,119.1545,0.8455
2025-12-04 04:00:00,Aspect,Trine,Jupiter,Cancer,"0°07'13.21""",Punarvasu,Jupiter,4,Saturn,Pisces,"0°58'00.25""",Purva Bhadrapada,Jupiter,4,120,119.1536,0.8464
2025-12-04 04:15:00,Aspect,Trine,Jupiter,Cancer,"0°07'10.51""",Punarvasu,Jupiter,4,Saturn,Pisces,"0°58'00.63""",Purva Bhadrapada,Jupiter,4,120,119.1527,0.8473
2025-12-04 04:30:00,Aspect,Trine,Jupiter,Cancer,"0°07'07.82""",Punarvasu,Jupiter,4,Saturn,Pisces,"0°58'01.02""",Purva Bhadrapada,Jupiter,4,120,119.1519,0.8481
2025-12-04 04:45:00,Aspect,Trine,Jupiter,Cancer,"0°07'05.12""",Punarvasu,Jupiter,4,Saturn,Pisces,"0°58'01.40""",Purva Bhadrapada,Jupiter,4,120,119.151,0.849
2025-12-04 05:00:00,Aspect,Trine,Jupiter,Cancer,"0°07'02.43""",Punarvasu,Jupiter,4,Saturn,Pisces,"0°58'01.79""",Purva Bhadrapada,Jupiter,4,120,119.1502,0.8498
2025-12-04 05:15:00,Aspect,Trine,Jupiter,Cancer,"0°06'59.73""",Punarvasu,Jupiter,4,Saturn,Pisces,"0°58'02.18""",Purva Bhadrapada,Jupiter,4,120,119.1493,0.8507
2025-12-04 05:30:00,Aspect,Trine,Jupiter,Cancer,"0°06'57.03""",Punarvasu,Jupiter,4,Saturn,Pisces,"0°58'02.56""",Purva Bhadrapada,Jupiter,4,120,119.1485,0.8515
2025-12-04 05:45:00,Aspect,Trine,Jupiter,Cancer,"0°06'54.33""",Punarvasu,Jupiter,4,Saturn,Pisces,"0°58'02.95""",Purva Bhadrapada,Jupiter,4,120,119.1476,0.8524
2025-12-04 06:00:00,Aspect,Trine,Jupiter,Cancer,"0°06'51.63""",Punarvasu,Jupiter,4,Saturn,Pisces,"0°58'03.34""",Purva Bhadrapada,Jupiter,4,120,119.1467,0.8533
2025-12-04 06:15:00,Aspect,Trine,Jupiter,Cancer,"0°06'48.93""",Punarvasu,Jupiter,4,Saturn,Pisces,"0°58'03.73""",Purva Bhadrapada,Jupiter,4,120,119.1459,0.8541
2025-12-04 06:30:00,Aspect,Trine,Jupiter,Cancer,"0°06'46.22""",Punarvasu,Jupiter,4,Saturn,Pisces,"0°58'04.12""",Purva Bhadrapada,Jupiter,4,120,119.145,0.855
2025-12-04 06:45:00,Aspect,Trine,Jupiter,Cancer,"0°06'43.52""",Punarvasu,Jupiter,4,Saturn,Pisces,"0°58'04.51""",Purva Bhadrapada,Jupiter,4,120,119.1442,0.8558
2025-12-04 07:00:00,Aspect,Trine,Jupiter,Cancer,"0°06'40.81""",Punarvasu,Jupiter,4,Saturn,Pisces,"0°58'04.90""",Purva Bhadrapada,Jupiter,4,120,119.1433,0.8567
2025-12-04 07:15:00,Aspect,Trine,Jupiter,Cancer,"0°06'38.10""",Punarvasu,Jupiter,4,Saturn,Pisces,"0°58'05.30""",Purva Bhadrapada,Jupiter,4,120,119.1424,0.8576
2025-12-04 07:30:00,Aspect,Trine,Jupiter,Cancer,"0°06'35.40""",Punarvasu,Jupiter,4,Saturn,Pisces,"0°58'05.69""",Purva Bhadrapada,Jupiter,4,120,119.1416,0.8584
2025-12-04 07:45:00,Aspect,Trine,Jupiter,Cancer,"0°06'32.69""",Punarvasu,Jupiter,4,Saturn,Pisces,"0°58'06.08""",Purva Bhadrapada,Jupiter,4,120,119.1407,0.8593
2025-12-04 08:00:00,Aspect,Trine,Jupiter,Cancer,"0°06'29.98""",Punarvasu,Jupiter,4,Saturn,Pisces,"0°58'06.48""",Purva Bhadrapada,Jupiter,4,120,119.1399,0.8601
2025-12-04 08:15:00,Aspect,Trine,Jupiter,Cancer,"0°06'27.26""",Punarvasu,Jupiter,4,Saturn,Pisces,"0°58'06.87""",Purva Bhadrapada,Jupiter,4,120,119.139,0.861
2025-12-04 08:30:00,Aspect,Trine,Jupiter,Cancer,"0°06'24.55""",Punarvasu,Jupiter,4,Saturn,Pisces,"0°58'07.27""",Purva Bhadrapada,Jupiter,4,120,119.1381,0.8619
2025-12-04 08:45:00,Aspect,Trine,Jupiter,Cancer,"0°06'21.84""",Punarvasu,Jupiter,4,Saturn,Pisces,"0°58'07.67""",Purva Bhadrapada,Jupiter,4,120,119.1373,0.8627
2025-12-04 09:00:00,Aspect,Trine,Jupiter,Cancer,"0°06'19.12""",Punarvasu,Jupiter,4,Saturn,Pisces,"0°58'08.06""",Purva Bhadrapada,Jupiter,4,120,119.1364,0.8636
2025-12-04 09:15:00,Aspect,Trine,Jupiter,Cancer,"0°06'16.41""",Punarvasu,Jupiter,4,Saturn,Pisces,"0°58'08.46""",Purva Bhadrapada,Jupiter,4,120,119.1355,0.8645
2025-12-04 09:30:00,Aspect,Trine,Jupiter,Cancer,"0°06'13.69""",Punarvasu,Jupiter,4,Saturn,Pisces,"0°58'08.86""",Purva Bhadrapada,Jupiter,4,120,119.1347,0.8653
2025-12-04 09:45:00,Aspect,Trine,Jupiter,Cancer,"0°06'10.97""",Punarvasu,Jupiter,4,Saturn,Pisces,"0°58'09.26""",Purva Bhadrapada,Jupiter,4,120,119.1338,0.8662
2025-12-04 10:00:00,Aspect,Trine,Jupiter,Cancer,"0°06'08.25""",Punarvasu,Jupiter,4,Saturn,Pisces,"0°58'09.66""",Purva Bhadrapada,Jupiter,4,120,119.1329,0.8671
2025-12-04 10:15:00,Aspect,Trine,Jupiter,Cancer,"0°06'05.53""",Punarvasu,Jupiter,4,Saturn,Pisces,"0°58'10.06""",Purva Bhadrapada,Jupiter,4,120,119.1321,0.8679
2025-12-04 10:30:00,Aspect,Trine,Jupiter,Cancer,"0°06'02.81""",Punarvasu,Jupiter,4,Saturn,Pisces,"0°58'10.46""",Purva Bhadrapada,Jupiter,4,120,119.1312,0.8688
2025-12-04 10:45:00,Aspect,Trine,Jupiter,Cancer,"0°06'00.08""",Punarvasu,Jupiter,4,Saturn,Pisces,"0°58'10.86""",Purva Bhadrapada,Jupiter,4,120,119.1303,0.8697
2025-12-04 11:00:00,Aspect,Trine,Jupiter,Cancer,"0°05'57.36""",Punarvasu,Jupiter,4,Saturn,Pisces,"0°58'11.27""",Purva Bhadrapada,Jupiter,4,120,119.1295,0.8705
2025-12-04 11:15:00,Aspect,Trine,Jupiter,Cancer,"0°05'54.63""",Punarvasu,Jupiter,4,Saturn,Pisces,"0°58'11.67""",Purva Bhadrapada,Jupiter,4,120,119.1286,0.8714
2025-12-04 11:30:00,Aspect,Trine,Jupiter,Cancer,"0°05'51.91""",Punarvasu,Jupiter,4,Saturn,Pisces,"0°58'12.08""",Purva Bhadrapada,Jupiter,4,120,119.1277,0.8723
2025-12-04 11:45:00,Aspect,Trine,Jupiter,Cancer,"0°05'49.18""",Punarvasu,Jupiter,4,Saturn,Pisces,"0°58'12.48""",Purva Bhadrapada,Jupiter,4,120,119.1269,0.8731
2025-12-04 12:00:00,Aspect,Trine,Jupiter,Cancer,"0°05'46.45""",Punarvasu,Jupiter,4,Saturn,Pisces,"0°58'12.89""",Purva Bhadrapada,Jupiter,4,120,119.126,0.874
2025-12-04 12:15:00,Aspect,Trine,Jupiter,Cancer,"0°05'43.72""",Punarvasu,Jupiter,4,Saturn,Pisces,"0°58'13.29""",Purva Bhadrapada,Jupiter,4,120,119.1251,0.8749
2025-12-04 12:30:00,Aspect,Trine,Jupiter,Cancer,"0°05'40.99""",Punarvasu,Jupiter,4,Saturn,Pisces,"0°58'13.70""",Purva Bhadrapada,Jupiter,4,120,119.1242,0.8758
2025-12-04 12:45:00,Aspect,Trine,Jupiter,Cancer,"0°05'38.26""",Punarvasu,Jupiter,4,Saturn,Pisces,"0°58'14.11""",Purva Bhadrapada,Jupiter,4,120,119.1234,0.8766
2025-12-04 13:00:00,Aspect,Trine,Jupiter,Cancer,"0°05'35.52""",Punarvasu,Jupiter,4,Saturn,Pisces,"0°58'14.52""",Purva Bhadrapada,Jupiter,4,120,119.1225,0.8775
2025-12-04 13:15:00,Aspect,Trine,Jupiter,Cancer,"0°05'32.79""",Punarvasu,Jupiter,4,Saturn,Pisces,"0°58'14.93""",Purva Bhadrapada,Jupiter,4,120,119.1216,0.8784
2025-12-04 13:30:00,Aspect,Trine,Jupiter,Cancer,"0°05'30.05""",Punarvasu,Jupiter,4,Saturn,Pisces,"0°58'15.34""",Purva Bhadrapada,Jupiter,4,120,119.1208,0.8792
2025-12-04 13:45:00,Aspect,Trine,Jupiter,Cancer,"0°05'27.32""",Punarvasu,Jupiter,4,Saturn,Pisces,"0°58'15.75""",Purva Bhadrapada,Jupiter,4,120,119.1199,0.8801
2025-12-04 14:00:00,Aspect,Trine,Jupiter,Cancer,"0°05'24.58""",Punarvasu,Jupiter,4,Saturn,Pisces,"0°58'16.16""",Purva Bhadrapada,Jupiter,4,120,119.119,0.881
2025-12-04 14:15:00,Aspect,Trine,Jupiter,Cancer,"0°05'21.84""",Punarvasu,Jupiter,4,Saturn,Pisces,"0°58'16.57""",Purva Bhadrapada,Jupiter,4,120,119.1181,0.8819
2025-12-04 14:30:00,Aspect,Trine,Jupiter,Cancer,"0°05'19.10""",Punarvasu,Jupiter,4,Saturn,Pisces,"0°58'16.98""",Purva Bhadrapada,Jupiter,4,120,119.1173,0.8827
2025-12-04 14:45:00,Aspect,Trine,Jupiter,Cancer,"0°05'16.36""",Punarvasu,Jupiter,4,Saturn,Pisces,"0°58'17.40""",Purva Bhadrapada,Jupiter,4,120,119.1164,0.8836
2025-12-04 15:00:00,Aspect,Trine,Jupiter,Cancer,"0°05'13.61""",Punarvasu,Jupiter,4,Saturn,Pisces,"0°58'17.81""",Purva Bhadrapada,Jupiter,4,120,119.1155,0.8845
2025-12-04 15:15:00,Aspect,Trine,Jupiter,Cancer,"0°05'10.87""",Punarvasu,Jupiter,4,Saturn,Pisces,"0°58'18.22""",Purva Bhadrapada,Jupiter,4,120,119.1146,0.8854
2025-12-04 15:30:00,Aspect,Trine,Jupiter,Cancer,"0°05'08.12""",Punarvasu,Jupiter,4,Saturn,Pisces,"0°58'18.64""",Purva Bhadrapada,Jupiter,4,120,119.1137,0.8863
2025-12-04 15:45:00,Aspect,Trine,Jupiter,Cancer,"0°05'05.38""",Punarvasu,Jupiter,4,Saturn,Pisces,"0°58'19.06""",Purva Bhadrapada,Jupiter,4,120,119.1129,0.8871
2025-12-04 16:00:00,Aspect,Trine,Jupiter,Cancer,"0°05'02.63""",Punarvasu,Jupiter,4,Saturn,Pisces,"0°58'19.47""",Purva Bhadrapada,Jupiter,4,120,119.112,0.888
2025-12-04 16:15:00,Aspect,Trine,Jupiter,Cancer,"0°04'59.88""",Punarvasu,Jupiter,4,Saturn,Pisces,"0°58'19.89""",Purva Bhadrapada,Jupiter,4,120,119.1111,0.8889
2025-12-04 16:30:00,Aspect,Trine,Jupiter,Cancer,"0°04'57.13""",Punarvasu,Jupiter,4,Saturn,Pisces,"0°58'20.31""",Purva Bhadrapada,Jupiter,4,120,119.1102,0.8898
2025-12-04 16:45:00,Aspect,Trine,Jupiter,Cancer,"0°04'54.38""",Punarvasu,Jupiter,4,Saturn,Pisces,"0°58'20.73""",Purva Bhadrapada,Jupiter,4,120,119.1093,0.8907
2025-12-04 17:00:00,Aspect,Trine,Jupiter,Cancer,"0°04'51.63""",Punarvasu,Jupiter,4,Saturn,Pisces,"0°58'21.15""",Purva Bhadrapada,Jupiter,4,120,119.1085,0.8915
2025-12-04 17:15:00,Aspect,Trine,Jupiter,Cancer,"0°04'48.88""",Punarvasu,Jupiter,4,Saturn,Pisces,"0°58'21.57""",Purva Bhadrapada,Jupiter,4,120,119.1076,0.8924
2025-12-04 17:30:00,Aspect,Trine,Jupiter,Cancer,"0°04'46.12""",Punarvasu,Jupiter,4,Saturn,Pisces,"0°58'21.99""",Purva Bhadrapada,Jupiter,4,120,119.1067,0.8933
2025-12-04 17:45:00,Aspect,Trine,Jupiter,Cancer,"0°04'43.37""",Punarvasu,Jupiter,4,Saturn,Pisces,"0°58'22.41""",Purva Bhadrapada,Jupiter,4,120,119.1058,0.8942
2025-12-04 18:00:00,Aspect,Trine,Jupiter,Cancer,"0°04'40.61""",Punarvasu,Jupiter,4,Saturn,Pisces,"0°58'22.83""",Purva Bhadrapada,Jupiter,4,120,119.1049,0.8951
2025-12-04 18:15:00,Aspect,Trine,Jupiter,Cancer,"0°04'37.85""",Punarvasu,Jupiter,4,Saturn,Pisces,"0°58'23.26""",Purva Bhadrapada,Jupiter,4,120,119.1041,0.8959
2025-12-04 18:30:00,Aspect,Trine,Jupiter,Cancer,"0°04'35.09""",Punarvasu,Jupiter,4,Saturn,Pisces,"0°58'23.68""",Purva Bhadrapada,Jupiter,4,120,119.1032,0.8968
2025-12-04 18:45:00,Aspect,Trine,Jupiter,Cancer,"0°04'32.33""",Punarvasu,Jupiter,4,Saturn,Pisces,"0°58'24.10""",Purva Bhadrapada,Jupiter,4,120,119.1023,0.8977
2025-12-04 19:00:00,Aspect,Trine,Jupiter,Cancer,"0°04'29.57""",Punarvasu,Jupiter,4,Saturn,Pisces,"0°58'24.53""",Purva Bhadrapada,Jupiter,4,120,119.1014,0.8986
2025-12-04 19:15:00,Aspect,Trine,Jupiter,Cancer,"0°04'26.81""",Punarvasu,Jupiter,4,Saturn,Pisces,"0°58'24.96""",Purva Bhadrapada,Jupiter,4,120,119.1005,0.8995
2025-12-04 19:30:00,Aspect,Trine,Jupiter,Cancer,"0°04'24.05""",Punarvasu,Jupiter,4,Saturn,Pisces,"0°58'25.38""",Purva Bhadrapada,Jupiter,4,120,119.0996,0.9004
2025-12-04 19:45:00,Aspect,Trine,Jupiter,Cancer,"0°04'21.28""",Punarvasu,Jupiter,4,Saturn,Pisces,"0°58'25.81""",Purva Bhadrapada,Jupiter,4,120,119.0987,0.9013
2025-12-04 20:00:00,Aspect,Trine,Jupiter,Cancer,"0°04'18.52""",Punarvasu,Jupiter,4,Saturn,Pisces,"0°58'26.24""",Purva Bhadrapada,Jupiter,4,120,119.0979,0.9021
2025-12-04 20:15:00,Aspect,Trine,Jupiter,Cancer,"0°04'15.75""",Punarvasu,Jupiter,4,Saturn,Pisces,"0°58'26.67""",Purva Bhadrapada,Jupiter,4,120,119.097,0.903
2025-12-04 20:30:00,Aspect,Trine,Jupiter,Cancer,"0°04'12.98""",Punarvasu,Jupiter,4,Saturn,Pisces,"0°58'27.10""",Purva Bhadrapada,Jupiter,4,120,119.0961,0.9039
2025-12-04 20:45:00,Aspect,Trine,Jupiter,Cancer,"0°04'10.21""",Punarvasu,Jupiter,4,Saturn,Pisces,"0°58'27.53""",Purva Bhadrapada,Jupiter,4,120,119.0952,0.9048
2025-12-04 21:00:00,Aspect,Trine,Jupiter,Cancer,"0°04'07.44""",Punarvasu,Jupiter,4,Saturn,Pisces,"0°58'27.96""",Purva Bhadrapada,Jupiter,4,120,119.0943,0.9057
2025-12-04 21:15:00,Aspect,Trine,Jupiter,Cancer,"0°04'04.67""",Punarvasu,Jupiter,4,Saturn,Pisces,"0°58'28.39""",Purva Bhadrapada,Jupiter,4,120,119.0934,0.9066
2025-12-04 21:30:00,Aspect,Trine,Jupiter,Cancer,"0°04'01.90""",Punarvasu,Jupiter,4,Saturn,Pisces,"0°58'28.82""",Purva Bhadrapada,Jupiter,4,120,119.0925,0.9075
2025-12-04 21:45:00,Aspect,Trine,Jupiter,Cancer,"0°03'59.13""",Punarvasu,Jupiter,4,Saturn,Pisces,"0°58'29.25""",Purva Bhadrapada,Jupiter,4,120,119.0916,0.9084
2025-12-04 22:00:00,Aspect,Trine,Jupiter,Cancer,"0°03'56.35""",Punarvasu,Jupiter,4,Saturn,Pisces,"0°58'29.69""",Purva Bhadrapada,Jupiter,4,120,119.0907,0.9093
2025-12-04 22:15:00,Aspect,Trine,Jupiter,Cancer,"0°03'53.58""",Punarvasu,Jupiter,4,Saturn,Pisces,"0°58'30.12""",Purva Bhadrapada,Jupiter,4,120,119.0898,0.9102
2025-12-04 22:30:00,Aspect,Trine,Jupiter,Cancer,"0°03'50.80""",Punarvasu,Jupiter,4,Saturn,Pisces,"0°58'30.56""",Purva Bhadrapada,Jupiter,4,120,119.089,0.911
2025-12-04 22:45:00,Aspect,Trine,Jupiter,Cancer,"0°03'48.02""",Punarvasu,Jupiter,4,Saturn,Pisces,"0°58'30.99""",Purva Bhadrapada,Jupiter,4,120,119.0881,0.9119
2025-12-04 23:00:00,Aspect,Trine,Jupiter,Cancer,"0°03'45.24""",Punarvasu,Jupiter,4,Saturn,Pisces,"0°58'31.43""",Purva Bhadrapada,Jupiter,4,120,119.0872,0.9128
2025-12-04 23:15:00,Aspect,Trine,Jupiter,Cancer,"0°03'42.46""",Punarvasu,Jupiter,4,Saturn,Pisces,"0°58'31.87""",Purva Bhadrapada,Jupiter,4,120,119.0863,0.9137
2025-12-04 23:30:00,Aspect,Trine,Jupiter,Cancer,"0°03'39.68""",Punarvasu,Jupiter,4,Saturn,Pisces,"0°58'32.30""",Purva Bhadrapada,Jupiter,4,120,119.0854,0.9146
2025-12-04 23:45:00,Aspect,Trine,Jupiter,Cancer,"0°03'36.90""",Punarvasu,Jupiter,4,Saturn,Pisces,"0°58'32.74""",Purva Bhadrapada,Jupiter,4,120,119.0845,0.9155
2025-12-05 00:00:00,Aspect,Trine,Jupiter,Cancer,"0°03'34.11""",Punarvasu,Jupiter,4,Saturn,Pisces,"0°58'33.18""",Purva Bhadrapada,Jupiter,4,120,119.0836,0.9164
2025-12-05 00:15:00,Aspect,Trine,Jupiter,Cancer,"0°03'31.33""",Punarvasu,Jupiter,4,Saturn,Pisces,"0°58'33.62""",Purva Bhadrapada,Jupiter,4,120,119.0827,0.9173
2025-12-05 00:30:00,Aspect,Trine,Jupiter,Cancer,"0°03'28.54""",Punarvasu,Jupiter,4,Saturn,Pisces,"0°58'34.06""",Purva Bhadrapada,Jupiter,4,120,119.0818,0.9182
2025-12-05 00:45:00,Aspect,Trine,Jupiter,Cancer,"0°03'25.75""",Punarvasu,Jupiter,4,Saturn,Pisces,"0°58'34.50""",Purva Bhadrapada,Jupiter,4,120,119.0809,0.9191
2025-12-05 01:00:00,Aspect,Trine,Jupiter,Cancer,"0°03'22.97""",Punarvasu,Jupiter,4,Saturn,Pisces,"0°58'34.95""",Purva Bhadrapada,Jupiter,4,120,119.08,0.92
2025-12-05 01:15:00,Aspect,Trine,Jupiter,Cancer,"0°03'20.18""",Punarvasu,Jupiter,4,Saturn,Pisces,"0°58'35.39""",Purva Bhadrapada,Jupiter,4,120,119.0791,0.9209
2025-12-05 01:30:00,Aspect,Trine,Jupiter,Cancer,"0°03'17.38""",Punarvasu,Jupiter,4,Saturn,Pisces,"0°58'35.83""",Purva Bhadrapada,Jupiter,4,120,119.0782,0.9218
2025-12-05 01:45:00,Aspect,Trine,Jupiter,Cancer,"0°03'14.59""",Punarvasu,Jupiter,4,Saturn,Pisces,"0°58'36.28""",Purva Bhadrapada,Jupiter,4,120,119.0773,0.9227
2025-12-05 02:00:00,Aspect,Trine,Jupiter,Cancer,"0°03'11.80""",Punarvasu,Jupiter,4,Saturn,Pisces,"0°58'36.72""",Purva Bhadrapada,Jupiter,4,120,119.0764,0.9236
2025-12-05 02:15:00,Aspect,Trine,Jupiter,Cancer,"0°03'09.01""",Punarvasu,Jupiter,4,Saturn,Pisces,"0°58'37.17""",Purva Bhadrapada,Jupiter,4,120,119.0755,0.9245
2025-12-05 02:30:00,Aspect,Trine,Jupiter,Cancer,"0°03'06.21""",Punarvasu,Jupiter,4,Saturn,Pisces,"0°58'37.61""",Purva Bhadrapada,Jupiter,4,120,119.0746,0.9254
2025-12-05 02:45:00,Aspect,Trine,Jupiter,Cancer,"0°03'03.41""",Punarvasu,Jupiter,4,Saturn,Pisces,"0°58'38.06""",Purva Bhadrapada,Jupiter,4,120,119.0737,0.9263
2025-12-05 03:00:00,Aspect,Trine,Jupiter,Cancer,"0°03'00.62""",Punarvasu,Jupiter,4,Saturn,Pisces,"0°58'38.51""",Purva Bhadrapada,Jupiter,4,120,119.0728,0.9272
2025-12-05 03:15:00,Aspect,Trine,Jupiter,Cancer,"0°02'57.82""",Punarvasu,Jupiter,4,Saturn,Pisces,"0°58'38.96""",Purva Bhadrapada,Jupiter,4,120,119.0719,0.9281
2025-12-05 03:30:00,Aspect,Trine,Jupiter,Cancer,"0°02'55.02""",Punarvasu,Jupiter,4,Saturn,Pisces,"0°58'39.40""",Purva Bhadrapada,Jupiter,4,120,119.071,0.929
2025-12-05 03:45:00,Aspect,Trine,Jupiter,Cancer,"0°02'52.22""",Punarvasu,Jupiter,4,Saturn,Pisces,"0°58'39.85""",Purva Bhadrapada,Jupiter,4,120,119.0701,0.9299
2025-12-05 04:00:00,Aspect,Trine,Jupiter,Cancer,"0°02'49.41""",Punarvasu,Jupiter,4,Saturn,Pisces,"0°58'40.31""",Purva Bhadrapada,Jupiter,4,120,119.0692,0.9308
2025-12-05 04:15:00,Aspect,Trine,Jupiter,Cancer,"0°02'46.61""",Punarvasu,Jupiter,4,Saturn,Pisces,"0°58'40.76""",Purva Bhadrapada,Jupiter,4,120,119.0683,0.9317
2025-12-05 04:30:00,Aspect,Trine,Jupiter,Cancer,"0°02'43.81""",Punarvasu,Jupiter,4,Saturn,Pisces,"0°58'41.21""",Purva Bhadrapada,Jupiter,4,120,119.0674,0.9326
2025-12-05 04:45:00,Aspect,Trine,Jupiter,Cancer,"0°02'41.00""",Punarvasu,Jupiter,4,Saturn,Pisces,"0°58'41.66""",Purva Bhadrapada,Jupiter,4,120,119.0665,0.9335
2025-12-05 05:00:00,Aspect,Trine,Jupiter,Cancer,"0°02'38.19""",Punarvasu,Jupiter,4,Saturn,Pisces,"0°58'42.11""",Purva Bhadrapada,Jupiter,4,120,119.0656,0.9344
2025-12-05 05:15:00,Aspect,Trine,Jupiter,Cancer,"0°02'35.39""",Punarvasu,Jupiter,4,Saturn,Pisces,"0°58'42.57""",Purva Bhadrapada,Jupiter,4,120,119.0647,0.9353
2025-12-05 05:30:00,Aspect,Trine,Jupiter,Cancer,"0°02'32.58""",Punarvasu,Jupiter,4,Saturn,Pisces,"0°58'43.02""",Purva Bhadrapada,Jupiter,4,120,119.0638,0.9362
2025-12-05 05:45:00,Aspect,Trine,Jupiter,Cancer,"0°02'29.77""",Punarvasu,Jupiter,4,Saturn,Pisces,"0°58'43.48""",Purva Bhadrapada,Jupiter,4,120,119.0629,0.9371
2025-12-05 06:00:00,Aspect,Trine,Jupiter,Cancer,"0°02'26.96""",Punarvasu,Jupiter,4,Saturn,Pisces,"0°58'43.93""",Purva Bhadrapada,Jupiter,4,120,119.062,0.938
2025-12-05 06:15:00,Aspect,Trine,Jupiter,Cancer,"0°02'24.14""",Punarvasu,Jupiter,4,Saturn,Pisces,"0°58'44.39""",Purva Bhadrapada,Jupiter,4,120,119.061,0.939
2025-12-05 06:30:00,Aspect,Trine,Jupiter,Cancer,"0°02'21.33""",Punarvasu,Jupiter,4,Saturn,Pisces,"0°58'44.85""",Purva Bhadrapada,Jupiter,4,120,119.0601,0.9399
2025-12-05 06:45:00,Aspect,Trine,Jupiter,Cancer,"0°02'18.52""",Punarvasu,Jupiter,4,Saturn,Pisces,"0°58'45.31""",Purva Bhadrapada,Jupiter,4,120,119.0592,0.9408
2025-12-05 07:00:00,Aspect,Trine,Jupiter,Cancer,"0°02'15.70""",Punarvasu,Jupiter,4,Saturn,Pisces,"0°58'45.76""",Purva Bhadrapada,Jupiter,4,120,119.0583,0.9417
2025-12-05 07:15:00,Aspect,Trine,Jupiter,Cancer,"0°02'12.88""",Punarvasu,Jupiter,4,Saturn,Pisces,"0°58'46.22""",Purva Bhadrapada,Jupiter,4,120,119.0574,0.9426
2025-12-05 07:30:00,Aspect,Trine,Jupiter,Cancer,"0°02'10.06""",Punarvasu,Jupiter,4,Saturn,Pisces,"0°58'46.68""",Purva Bhadrapada,Jupiter,4,120,119.0565,0.9435
2025-12-05 07:45:00,Aspect,Trine,Jupiter,Cancer,"0°02'07.25""",Punarvasu,Jupiter,4,Saturn,Pisces,"0°58'47.14""",Purva Bhadrapada,Jupiter,4,120,119.0556,0.9444
2025-12-05 08:00:00,Aspect,Trine,Jupiter,Cancer,"0°02'04.43""",Punarvasu,Jupiter,4,Saturn,Pisces,"0°58'47.61""",Purva Bhadrapada,Jupiter,4,120,119.0547,0.9453
2025-12-05 08:15:00,Aspect,Trine,Jupiter,Cancer,"0°02'01.60""",Punarvasu,Jupiter,4,Saturn,Pisces,"0°58'48.07""",Purva Bhadrapada,Jupiter,4,120,119.0538,0.9462
2025-12-05 08:30:00,Aspect,Trine,Jupiter,Cancer,"0°01'58.78""",Punarvasu,Jupiter,4,Saturn,Pisces,"0°58'48.53""",Purva Bhadrapada,Jupiter,4,120,119.0528,0.9472
2025-12-05 08:45:00,Aspect,Trine,Jupiter,Cancer,"0°01'55.96""",Punarvasu,Jupiter,4,Saturn,Pisces,"0°58'49.00""",Purva Bhadrapada,Jupiter,4,120,119.0519,0.9481
2025-12-05 09:00:00,Aspect,Trine,Jupiter,Cancer,"0°01'53.13""",Punarvasu,Jupiter,4,Saturn,Pisces,"0°58'49.46""",Purva Bhadrapada,Jupiter,4,120,119.051,0.949
2025-12-05 09:15:00,Aspect,Trine,Jupiter,Cancer,"0°01'50.31""",Punarvasu,Jupiter,4,Saturn,Pisces,"0°58'49.92""",Purva Bhadrapada,Jupiter,4,120,119.0501,0.9499
2025-12-05 09:30:00,Aspect,Trine,Jupiter,Cancer,"0°01'47.48""",Punarvasu,Jupiter,4,Saturn,Pisces,"0°58'50.39""",Purva Bhadrapada,Jupiter,4,120,119.0492,0.9508
2025-12-05 09:45:00,Aspect,Trine,Jupiter,Cancer,"0°01'44.65""",Punarvasu,Jupiter,4,Saturn,Pisces,"0°58'50.86""",Purva Bhadrapada,Jupiter,4,120,119.0483,0.9517
2025-12-05 10:00:00,Aspect,Trine,Jupiter,Cancer,"0°01'41.82""",Punarvasu,Jupiter,4,Saturn,Pisces,"0°58'51.32""",Purva Bhadrapada,Jupiter,4,120,119.0474,0.9526
2025-12-05 10:15:00,Aspect,Trine,Jupiter,Cancer,"0°01'38.99""",Punarvasu,Jupiter,4,Saturn,Pisces,"0°58'51.79""",Purva Bhadrapada,Jupiter,4,120,119.0464,0.9536
2025-12-05 10:30:00,Aspect,Trine,Jupiter,Cancer,"0°01'36.16""",Punarvasu,Jupiter,4,Saturn,Pisces,"0°58'52.26""",Purva Bhadrapada,Jupiter,4,120,119.0455,0.9545
2025-12-05 10:45:00,Aspect,Trine,Jupiter,Cancer,"0°01'33.33""",Punarvasu,Jupiter,4,Saturn,Pisces,"0°58'52.73""",Purva Bhadrapada,Jupiter,4,120,119.0446,0.9554
2025-12-05 11:00:00,Aspect,Trine,Jupiter,Cancer,"0°01'30.49""",Punarvasu,Jupiter,4,Saturn,Pisces,"0°58'53.20""",Purva Bhadrapada,Jupiter,4,120,119.0437,0.9563
2025-12-05 11:15:00,Aspect,Trine,Jupiter,Cancer,"0°01'27.66""",Punarvasu,Jupiter,4,Saturn,Pisces,"0°58'53.67""",Purva Bhadrapada,Jupiter,4,120,119.0428,0.9572
2025-12-05 11:30:00,Aspect,Trine,Jupiter,Cancer,"0°01'24.82""",Punarvasu,Jupiter,4,Saturn,Pisces,"0°58'54.14""",Purva Bhadrapada,Jupiter,4,120,119.0419,0.9581
2025-12-05 11:45:00,Aspect,Trine,Jupiter,Cancer,"0°01'21.98""",Punarvasu,Jupiter,4,Saturn,Pisces,"0°58'54.61""",Purva Bhadrapada,Jupiter,4,120,119.0409,0.9591
2025-12-05 12:00:00,Aspect,Trine,Jupiter,Cancer,"0°01'19.15""",Punarvasu,Jupiter,4,Saturn,Pisces,"0°58'55.09""",Purva Bhadrapada,Jupiter,4,120,119.04,0.96
2025-12-05 12:15:00,Aspect,Trine,Jupiter,Cancer,"0°01'16.31""",Punarvasu,Jupiter,4,Saturn,Pisces,"0°58'55.56""",Purva Bhadrapada,Jupiter,4,120,119.0391,0.9609
2025-12-05 12:30:00,Aspect,Trine,Jupiter,Cancer,"0°01'13.47""",Punarvasu,Jupiter,4,Saturn,Pisces,"0°58'56.03""",Purva Bhadrapada,Jupiter,4,120,119.0382,0.9618
2025-12-05 12:45:00,Aspect,Trine,Jupiter,Cancer,"0°01'10.62""",Punarvasu,Jupiter,4,Saturn,Pisces,"0°58'56.51""",Purva Bhadrapada,Jupiter,4,120,119.0373,0.9627
2025-12-05 13:00:00,Aspect,Trine,Jupiter,Cancer,"0°01'07.78""",Punarvasu,Jupiter,4,Saturn,Pisces,"0°58'56.98""",Purva Bhadrapada,Jupiter,4,120,119.0363,0.9637
2025-12-05 13:15:00,Aspect,Trine,Jupiter,Cancer,"0°01'04.94""",Punarvasu,Jupiter,4,Saturn,Pisces,"0°58'57.46""",Purva Bhadrapada,Jupiter,4,120,119.0354,0.9646
2025-12-05 13:30:00,Aspect,Trine,Jupiter,Cancer,"0°01'02.09""",Punarvasu,Jupiter,4,Saturn,Pisces,"0°58'57.94""",Purva Bhadrapada,Jupiter,4,120,119.0345,0.9655
2025-12-05 13:45:00,Aspect,Trine,Jupiter,Cancer,"0°00'59.24""",Punarvasu,Jupiter,4,Saturn,Pisces,"0°58'58.41""",Purva Bhadrapada,Jupiter,4,120,119.0336,0.9664
2025-12-05 14:00:00,Aspect,Trine,Jupiter,Cancer,"0°00'56.40""",Punarvasu,Jupiter,4,Saturn,Pisces,"0°58'58.89""",Purva Bhadrapada,Jupiter,4,120,119.0326,0.9674
2025-12-05 14:15:00,Aspect,Trine,Jupiter,Cancer,"0°00'53.55""",Punarvasu,Jupiter,4,Saturn,Pisces,"0°58'59.37""",Purva Bhadrapada,Jupiter,4,120,119.0317,0.9683
2025-12-05 14:30:00,Aspect,Trine,Jupiter,Cancer,"0°00'50.70""",Punarvasu,Jupiter,4,Saturn,Pisces,"0°58'59.85""",Purva Bhadrapada,Jupiter,4,120,119.0308,0.9692
2025-12-05 14:45:00,Aspect,Trine,Jupiter,Cancer,"0°00'47.85""",Punarvasu,Jupiter,4,Saturn,Pisces,"0°59'00.33""",Purva Bhadrapada,Jupiter,4,120,119.0299,0.9701
2025-12-05 15:00:00,Aspect,Trine,Jupiter,Cancer,"0°00'45.00""",Punarvasu,Jupiter,4,Saturn,Pisces,"0°59'00.81""",Purva Bhadrapada,Jupiter,4,120,119.0289,0.9711
2025-12-05 15:15:00,Aspect,Trine,Jupiter,Cancer,"0°00'42.14""",Punarvasu,Jupiter,4,Saturn,Pisces,"0°59'01.29""",Purva Bhadrapada,Jupiter,4,120,119.028,0.972
2025-12-05 15:30:00,Aspect,Trine,Jupiter,Cancer,"0°00'39.29""",Punarvasu,Jupiter,4,Saturn,Pisces,"0°59'01.78""",Purva Bhadrapada,Jupiter,4,120,119.0271,0.9729
2025-12-05 15:45:00,Aspect,Trine,Jupiter,Cancer,"0°00'36.43""",Punarvasu,Jupiter,4,Saturn,Pisces,"0°59'02.26""",Purva Bhadrapada,Jupiter,4,120,119.0262,0.9738
2025-12-05 16:00:00,Aspect,Trine,Jupiter,Cancer,"0°00'33.58""",Punarvasu,Jupiter,4,Saturn,Pisces,"0°59'02.74""",Purva Bhadrapada,Jupiter,4,120,119.0252,0.9748
2025-12-05 16:15:00,Aspect,Trine,Jupiter,Cancer,"0°00'30.72""",Punarvasu,Jupiter,4,Saturn,Pisces,"0°59'03.23""",Purva Bhadrapada,Jupiter,4,120,119.0243,0.9757
2025-12-05 16:30:00,Aspect,Trine,Jupiter,Cancer,"0°00'27.86""",Punarvasu,Jupiter,4,Saturn,Pisces,"0°59'03.71""",Purva Bhadrapada,Jupiter,4,120,119.0234,0.9766
2025-12-05 16:45:00,Aspect,Trine,Jupiter,Cancer,"0°00'25.00""",Punarvasu,Jupiter,4,Saturn,Pisces,"0°59'04.20""",Purva Bhadrapada,Jupiter,4,120,119.0224,0.9776
2025-12-05 17:00:00,Aspect,Trine,Jupiter,Cancer,"0°00'22.14""",Punarvasu,Jupiter,4,Saturn,Pisces,"0°59'04.69""",Purva Bhadrapada,Jupiter,4,120,119.0215,0.9785
2025-12-05 17:15:00,Aspect,Trine,Jupiter,Cancer,"0°00'19.28""",Punarvasu,Jupiter,4,Saturn,Pisces,"0°59'05.17""",Purva Bhadrapada,Jupiter,4,120,119.0206,0.9794
2025-12-05 17:30:00,Aspect,Trine,Jupiter,Cancer,"0°00'16.41""",Punarvasu,Jupiter,4,Saturn,Pisces,"0°59'05.66""",Purva Bhadrapada,Jupiter,4,120,119.0197,0.9803
2025-12-05 17:45:00,Aspect,Trine,Jupiter,Cancer,"0°00'13.55""",Punarvasu,Jupiter,4,Saturn,Pisces,"0°59'06.15""",Purva Bhadrapada,Jupiter,4,120,119.0187,0.9813
2025-12-05 18:00:00,Aspect,Trine,Jupiter,Cancer,"0°00'10.68""",Punarvasu,Jupiter,4,Saturn,Pisces,"0°59'06.64""",Purva Bhadrapada,Jupiter,4,120,119.0178,0.9822
2025-12-05 18:15:00,Aspect,Trine,Jupiter,Cancer,"0°00'07.82""",Punarvasu,Jupiter,4,Saturn,Pisces,"0°59'07.13""",Purva Bhadrapada,Jupiter,4,120,119.0169,0.9831
2025-12-05 18:30:00,Aspect,Trine,Jupiter,Cancer,"0°00'04.95""",Punarvasu,Jupiter,4,Saturn,Pisces,"0°59'07.62""",Purva Bhadrapada,Jupiter,4,120,119.0159,0.9841
2025-12-05 18:45:00,Aspect,Trine,Jupiter,Cancer,"0°00'02.08""",Punarvasu,Jupiter,4,Saturn,Pisces,"0°59'08.11""",Purva Bhadrapada,Jupiter,4,120,119.015,0.985
2025-12-05 19:00:00,Aspect,Trine,Jupiter,Gemini,"29°59'59.21""",Punarvasu,Jupiter,3,Saturn,Pisces,"0°59'08.61""",Purva Bhadrapada,Jupiter,4,120,119.0141,0.9859
2025-12-05 19:15:00,Aspect,Trine,Jupiter,Gemini,"29°59'56.34""",Punarvasu,Jupiter,3,Saturn,Pisces,"0°59'09.10""",Purva Bhadrapada,Jupiter,4,120,119.0131,0.9869
2025-12-05 19:30:00,Aspect,Trine,Jupiter,Gemini,"29°59'53.46""",Punarvasu,Jupiter,3,Saturn,Pisces,"0°59'09.59""",Purva Bhadrapada,Jupiter,4,120,119.0122,0.9878
2025-12-05 19:45:00,Aspect,Trine,Jupiter,Gemini,"29°59'50.59""",Punarvasu,Jupiter,3,Saturn,Pisces,"0°59'10.09""",Purva Bhadrapada,Jupiter,4,120,119.0113,0.9887
2025-12-05 20:00:00,Aspect,Trine,Jupiter,Gemini,"29°59'47.72""",Punarvasu,Jupiter,3,Saturn,Pisces,"0°59'10.58""",Purva Bhadrapada,Jupiter,4,120,119.0103,0.9897
2025-12-05 20:15:00,Aspect,Trine,Jupiter,Gemini,"29°59'44.84""",Punarvasu,Jupiter,3,Saturn,Pisces,"0°59'11.08""",Purva Bhadrapada,Jupiter,4,120,119.0094,0.9906
2025-12-05 20:30:00,Aspect,Trine,Jupiter,Gemini,"29°59'41.96""",Punarvasu,Jupiter,3,Saturn,Pisces,"0°59'11.57""",Purva Bhadrapada,Jupiter,4,120,119.0084,0.9916
2025-12-05 20:45:00,Aspect,Trine,Jupiter,Gemini,"29°59'39.09""",Punarvasu,Jupiter,3,Saturn,Pisces,"0°59'12.07""",Purva Bhadrapada,Jupiter,4,120,119.0075,0.9925
2025-12-05 21:00:00,Aspect,Trine,Jupiter,Gemini,"29°59'36.21""",Punarvasu,Jupiter,3,Saturn,Pisces,"0°59'12.57""",Purva Bhadrapada,Jupiter,4,120,119.0066,0.9934
2025-12-05 21:15:00,Aspect,Trine,Jupiter,Gemini,"29°59'33.33""",Punarvasu,Jupiter,3,Saturn,Pisces,"0°59'13.07""",Purva Bhadrapada,Jupiter,4,120,119.0056,0.9944
2025-12-05 21:30:00,Aspect,Trine,Jupiter,Gemini,"29°59'30.44""",Punarvasu,Jupiter,3,Saturn,Pisces,"0°59'13.57""",Purva Bhadrapada,Jupiter,4,120,119.0047,0.9953
2025-12-05 21:45:00,Aspect,Trine,Jupiter,Gemini,"29°59'27.56""",Punarvasu,Jupiter,3,Saturn,Pisces,"0°59'14.07""",Purva Bhadrapada,Jupiter,4,120,119.0037,0.9963
2025-12-05 22:00:00,Aspect,Trine,Jupiter,Gemini,"29°59'24.68""",Punarvasu,Jupiter,3,Saturn,Pisces,"0°59'14.57""",Purva Bhadrapada,Jupiter,4,120,119.0028,0.9972
2025-12-05 22:15:00,Aspect,Trine,Jupiter,Gemini,"29°59'21.79""",Punarvasu,Jupiter,3,Saturn,Pisces,"0°59'15.07""",Purva Bhadrapada,Jupiter,4,120,119.0019,0.9981
2025-12-05 22:30:00,Aspect,Trine,Jupiter,Gemini,"29°59'18.91""",Punarvasu,Jupiter,3,Saturn,Pisces,"0°59'15.57""",Purva Bhadrapada,Jupiter,4,120,119.0009,0.9991
2025-12-06 22:30:00,Aspect,Trine,Mercury,Scorpio,"0°00'33.08""",Vishakha,Jupiter,4,Saturn,Pisces,"1°00'07.00""",Purva Bhadrapada,Jupiter,4,120,120.9928,0.9928
2025-12-06 22:45:00,Aspect,Trine,Mercury,Scorpio,"0°01'07.17""",Vishakha,Jupiter,4,Saturn,Pisces,"1°00'07.57""",Purva Bhadrapada,Jupiter,4,120,120.9834,0.9834
2025-12-06 23:00:00,Aspect,Trine,Mercury,Scorpio,"0°01'41.29""",Vishakha,Jupiter,4,Saturn,Pisces,"1°00'08.14""",Purva Bhadrapada,Jupiter,4,120,120.9741,0.9741
2025-12-06 23:15:00,Aspect,Trine,Mercury,Scorpio,"0°02'15.45""",Vishakha,Jupiter,4,Saturn,Pisces,"1°00'08.71""",Purva Bhadrapada,Jupiter,4,120,120.9648,0.9648
2025-12-06 23:30:00,Aspect,Trine,Mercury,Scorpio,"0°02'49.64""",Vishakha,Jupiter,4,Saturn,Pisces,"1°00'09.29""",Purva Bhadrapada,Jupiter,4,120,120.9555,0.9555
2025-12-06 23:45:00,Aspect,Trine,Mercury,Scorpio,"0°03'23.86""",Vishakha,Jupiter,4,Saturn,Pisces,"1°00'09.86""",Purva Bhadrapada,Jupiter,4,120,120.9461,0.9461
2025-12-07 00:00:00,Aspect,Trine,Mercury,Scorpio,"0°03'58.11""",Vishakha,Jupiter,4,Saturn,Pisces,"1°00'10.43""",Purva Bhadrapada,Jupiter,4,120,120.9368,0.9368
2025-12-07 00:15:00,Aspect,Trine,Mercury,Scorpio,"0°04'32.40""",Vishakha,Jupiter,4,Saturn,Pisces,"1°00'11.01""",Purva Bhadrapada,Jupiter,4,120,120.9274,0.9274
2025-12-07 00:30:00,Aspect,Trine,Mercury,Scorpio,"0°05'06.72""",Vishakha,Jupiter,4,Saturn,Pisces,"1°00'11.58""",Purva Bhadrapada,Jupiter,4,120,120.918,0.918
2025-12-07 00:45:00,Aspect,Trine,Mercury,Scorpio,"0°05'41.08""",Vishakha,Jupiter,4,Saturn,Pisces,"1°00'12.15""",Purva Bhadrapada,Jupiter,4,120,120.9086,0.9086
2025-12-07 01:00:00,Aspect,Trine,Mercury,Scorpio,"0°06'15.46""",Vishakha,Jupiter,4,Saturn,Pisces,"1°00'12.73""",Purva Bhadrapada,Jupiter,4,120,120.8992,0.8992
2025-12-07 01:15:00,Aspect,Trine,Mercury,Scorpio,"0°06'49.88""",Vishakha,Jupiter,4,Saturn,Pisces,"1°00'13.31""",Purva Bhadrapada,Jupiter,4,120,120.8898,0.8898
2025-12-07 01:30:00,Aspect,Trine,Mercury,Scorpio,"0°07'24.34""",Vishakha,Jupiter,4,Saturn,Pisces,"1°00'13.88""",Purva Bhadrapada,Jupiter,4,120,120.8804,0.8804
2025-12-07 01:45:00,Aspect,Trine,Mercury,Scorpio,"0°07'58.82""",Vishakha,Jupiter,4,Saturn,Pisces,"1°00'14.46""",Purva Bhadrapada,Jupiter,4,120,120.871,0.871
2025-12-07 02:00:00,Aspect,Trine,Mercury,Scorpio,"0°08'33.34""",Vishakha,Jupiter,4,Saturn,Pisces,"1°00'15.04""",Purva Bhadrapada,Jupiter,4,120,120.8616,0.8616
2025-12-07 02:15:00,Aspect,Trine,Mercury,Scorpio,"0°09'07.89""",Vishakha,Jupiter,4,Saturn,Pisces,"1°00'15.62""",Purva Bhadrapada,Jupiter,4,120,120.8521,0.8521
2025-12-07 02:30:00,Aspect,Trine,Mercury,Scorpio,"0°09'42.48""",Vishakha,Jupiter,4,Saturn,Pisces,"1°00'16.20""",Purva Bhadrapada,Jupiter,4,120,120.8427,0.8427
2025-12-07 02:45:00,Aspect,Trine,Mercury,Scorpio,"0°10'17.09""",Vishakha,Jupiter,4,Saturn,Pisces,"1°00'16.78""",Purva Bhadrapada,Jupiter,4,120,120.8332,0.8332
2025-12-07 03:00:00,Aspect,Trine,Mercury,Scorpio,"0°10'51.74""",Vishakha,Jupiter,4,Saturn,Pisces,"1°00'17.36""",Purva Bhadrapada,Jupiter,4,120,120.8238,0.8238
2025-12-07 03:15:00,Aspect,Trine,Mercury,Scorpio,"0°11'26.42""",Vishakha,Jupiter,4,Saturn,Pisces,"1°00'17.94""",Purva Bhadrapada,Jupiter,4,120,120.8143,0.8143
2025-12-07 03:30:00,Aspect,Trine,Mercury,Scorpio,"0°12'01.14""",Vishakha,Jupiter,4,Saturn,Pisces,"1°00'18.53""",Purva Bhadrapada,Jupiter,4,120,120.8048,0.8048
2025-12-07 03:45:00,Aspect,Trine,Mercury,Scorpio,"0°12'35.88""",Vishakha,Jupiter,4,Saturn,Pisces,"1°00'19.11""",Purva Bhadrapada,Jupiter,4,120,120.7953,0.7953
2025-12-07 04:00:00,Aspect,Trine,Mercury,Scorpio,"0°13'10.66""",Vishakha,Jupiter,4,Saturn,Pisces,"1°00'19.69""",Purva Bhadrapada,Jupiter,4,120,120.7858,0.7858
2025-12-07 04:15:00,Aspect,Trine,Mercury,Scorpio,"0°13'45.48""",Vishakha,Jupiter,4,Saturn,Pisces,"1°00'20.28""",Purva Bhadrapada,Jupiter,4,120,120.7763,0.7763
2025-12-07 04:30:00,Aspect,Trine,Mercury,Scorpio,"0°14'20.32""",Vishakha,Jupiter,4,Saturn,Pisces,"1°00'20.86""",Purva Bhadrapada,Jupiter,4,120,120.7668,0.7668
2025-12-07 04:45:00,Aspect,Trine,Mercury,Scorpio,"0°14'55.20""",Vishakha,Jupiter,4,Saturn,Pisces,"1°00'21.45""",Purva Bhadrapada,Jupiter,4,120,120.7573,0.7573
2025-12-07 05:00:00,Aspect,Trine,Mercury,Scorpio,"0°15'30.10""",Vishakha,Jupiter,4,Saturn,Pisces,"1°00'22.04""",Purva Bhadrapada,Jupiter,4,120,120.7478,0.7478
2025-12-07 05:15:00,Aspect,Trine,Mercury,Scorpio,"0°16'05.04""",Vishakha,Jupiter,4,Saturn,Pisces,"1°00'22.63""",Purva Bhadrapada,Jupiter,4,120,120.7382,0.7382
2025-12-07 05:30:00,Aspect,Trine,Mercury,Scorpio,"0°16'40.02""",Vishakha,Jupiter,4,Saturn,Pisces,"1°00'23.21""",Purva Bhadrapada,Jupiter,4,120,120.7287,0.7287
2025-12-07 05:45:00,Aspect,Trine,Mercury,Scorpio,"0°17'15.02""",Vishakha,Jupiter,4,Saturn,Pisces,"1°00'23.80""",Purva Bhadrapada,Jupiter,4,120,120.7191,0.7191
2025-12-07 06:00:00,Aspect,Trine,Mercury,Scorpio,"0°17'50.06""",Vishakha,Jupiter,4,Saturn,Pisces,"1°00'24.39""",Purva Bhadrapada,Jupiter,4,120,120.7095,0.7095
2025-12-07 06:15:00,Aspect,Trine,Mercury,Scorpio,"0°18'25.13""",Vishakha,Jupiter,4,Saturn,Pisces,"1°00'24.98""",Purva Bhadrapada,Jupiter,4,120,120.7,0.7
2025-12-07 06:30:00,Aspect,Trine,Mercury,Scorpio,"0°19'00.23""",Vishakha,Jupiter,4,Saturn,Pisces,"1°00'25.57""",Purva Bhadrapada,Jupiter,4,120,120.6904,0.6904
2025-12-07 06:45:00,Aspect,Trine,Mercury,Scorpio,"0°19'35.36""",Vishakha,Jupiter,4,Saturn,Pisces,"1°00'26.17""",Purva Bhadrapada,Jupiter,4,120,120.6808,0.6808
2025-12-07 07:00:00,Aspect,Trine,Mercury,Scorpio,"0°20'10.53""",Vishakha,Jupiter,4,Saturn,Pisces,"1°00'26.76""",Purva Bhadrapada,Jupiter,4,120,120.6712,0.6712
2025-12-07 07:15:00,Aspect,Trine,Mercury,Scorpio,"0°20'45.72""",Vishakha,Jupiter,4,Saturn,Pisces,"1°00'27.35""",Purva Bhadrapada,Jupiter,4,120,120.6616,0.6616
2025-12-07 07:30:00,Aspect,Trine,Mercury,Scorpio,"0°21'20.95""",Vishakha,Jupiter,4,Saturn,Pisces,"1°00'27.95""",Purva Bhadrapada,Jupiter,4,120,120.6519,0.6519
2025-12-07 07:45:00,Aspect,Trine,Mercury,Scorpio,"0°21'56.21""",Vishakha,Jupiter,4,Saturn,Pisces,"1°00'28.54""",Purva Bhadrapada,Jupiter,4,120,120.6423,0.6423
2025-12-07 08:00:00,Aspect,Trine,Mercury,Scorpio,"0°22'31.51""",Vishakha,Jupiter,4,Saturn,Pisces,"1°00'29.14""",Purva Bhadrapada,Jupiter,4,120,120.6327,0.6327
2025-12-07 08:15:00,Aspect,Trine,Mercury,Scorpio,"0°23'06.83""",Vishakha,Jupiter,4,Saturn,Pisces,"1°00'29.73""",Purva Bhadrapada,Jupiter,4,120,120.623,0.623
2025-12-07 08:30:00,Aspect,Trine,Mercury,Scorpio,"0°23'42.18""",Vishakha,Jupiter,4,Saturn,Pisces,"1°00'30.33""",Purva Bhadrapada,Jupiter,4,120,120.6134,0.6134
2025-12-07 08:45:00,Aspect,Trine,Mercury,Scorpio,"0°24'17.57""",Vishakha,Jupiter,4,Saturn,Pisces,"1°00'30.93""",Purva Bhadrapada,Jupiter,4,120,120.6037,0.6037
2025-12-07 09:00:00,Aspect,Trine,Mercury,Scorpio,"0°24'52.99""",Vishakha,Jupiter,4,Saturn,Pisces,"1°00'31.52""",Purva Bhadrapada,Jupiter,4,120,120.594,0.594
2025-12-07 09:15:00,Aspect,Trine,Mercury,Scorpio,"0°25'28.44""",Vishakha,Jupiter,4,Saturn,Pisces,"1°00'32.12""",Purva Bhadrapada,Jupiter,4,120,120.5844,0.5844
2025-12-07 09:30:00,Aspect,Trine,Mercury,Scorpio,"0°26'03.92""",Vishakha,Jupiter,4,Saturn,Pisces,"1°00'32.72""",Purva Bhadrapada,Jupiter,4,120,120.5747,0.5747
2025-12-07 09:45:00,Aspect,Trine,Mercury,Scorpio,"0°26'39.43""",Vishakha,Jupiter,4,Saturn,Pisces,"1°00'33.32""",Purva Bhadrapada,Jupiter,4,120,120.565,0.565
2025-12-07 10:00:00,Aspect,Trine,Mercury,Scorpio,"0°27'14.98""",Vishakha,Jupiter,4,Saturn,Pisces,"1°00'33.92""",Purva Bhadrapada,Jupiter,4,120,120.5553,0.5553
2025-12-07 10:15:00,Aspect,Trine,Mercury,Scorpio,"0°27'50.55""",Vishakha,Jupiter,4,Saturn,Pisces,"1°00'34.52""",Purva Bhadrapada,Jupiter,4,120,120.5455,0.5455
2025-12-07 10:30:00,Aspect,Trine,Mercury,Scorpio,"0°28'26.16""",Vishakha,Jupiter,4,Saturn,Pisces,"1°00'35.13""",Purva Bhadrapada,Jupiter,4,120,120.5358,0.5358
2025-12-07 10:45:00,Aspect,Trine,Mercury,Scorpio,"0°29'01.80""",Vishakha,Jupiter,4,Saturn,Pisces,"1°00'35.73""",Purva Bhadrapada,Jupiter,4,120,120.5261,0.5261
2025-12-07 11:00:00,Aspect,Trine,Mercury,Scorpio,"0°29'37.47""",Vishakha,Jupiter,4,Saturn,Pisces,"1°00'36.33""",Purva Bhadrapada,Jupiter,4,120,120.5164,0.5164
2025-12-07 11:15:00,Aspect,Trine,Mercury,Scorpio,"0°30'13.17""",Vishakha,Jupiter,4,Saturn,Pisces,"1°00'36.94""",Purva Bhadrapada,Jupiter,4,120,120.5066,0.5066
2025-12-07 11:30:00,Aspect,Trine,Mercury,Scorpio,"0°30'48.90""",Vishakha,Jupiter,4,Saturn,Pisces,"1°00'37.54""",Purva Bhadrapada,Jupiter,4,120,120.4968,0.4968
2025-12-07 11:45:00,Aspect,Trine,Mercury,Scorpio,"0°31'24.66""",Vishakha,Jupiter,4,Saturn,Pisces,"1°00'38.15""",Purva Bhadrapada,Jupiter,4,120,120.4871,0.4871
2025-12-07 12:00:00,Aspect,Trine,Mercury,Scorpio,"0°32'00.45""",Vishakha,Jupiter,4,Saturn,Pisces,"1°00'38.75""",Purva Bhadrapada,Jupiter,4,120,120.4773,0.4773
2025-12-07 12:15:00,Aspect,Trine,Mercury,Scorpio,"0°32'36.28""",Vishakha,Jupiter,4,Saturn,Pisces,"1°00'39.36""",Purva Bhadrapada,Jupiter,4,120,120.4675,0.4675
2025-12-07 12:30:00,Aspect,Trine,Mercury,Scorpio,"0°33'12.13""",Vishakha,Jupiter,4,Saturn,Pisces,"1°00'39.97""",Purva Bhadrapada,Jupiter,4,120,120.4577,0.4577
2025-12-07 12:45:00,Aspect,Trine,Mercury,Scorpio,"0°33'48.02""",Vishakha,Jupiter,4,Saturn,Pisces,"1°00'40.58""",Purva Bhadrapada,Jupiter,4,120,120.4479,0.4479
2025-12-07 13:00:00,Aspect,Trine,Mercury,Scorpio,"0°34'23.94""",Vishakha,Jupiter,4,Saturn,Pisces,"1°00'41.19""",Purva Bhadrapada,Jupiter,4,120,120.4381,0.4381
2025-12-07 13:15:00,Aspect,Trine,Mercury,Scorpio,"0°34'59.88""",Vishakha,Jupiter,4,Saturn,Pisces,"1°00'41.80""",Purva Bhadrapada,Jupiter,4,120,120.4283,0.4283
2025-12-07 13:30:00,Aspect,Trine,Mercury,Scorpio,"0°35'35.86""",Vishakha,Jupiter,4,Saturn,Pisces,"1°00'42.41""",Purva Bhadrapada,Jupiter,4,120,120.4185,0.4185
2025-12-07 13:45:00,Aspect,Trine,Mercury,Scorpio,"0°36'11.87""",Vishakha,Jupiter,4,Saturn,Pisces,"1°00'43.02""",Purva Bhadrapada,Jupiter,4,120,120.4087,0.4087
2025-12-07 14:00:00,Aspect,Trine,Mercury,Scorpio,"0°36'47.91""",Vishakha,Jupiter,4,Saturn,Pisces,"1°00'43.63""",Purva Bhadrapada,Jupiter,4,120,120.3988,0.3988
2025-12-07 14:15:00,Aspect,Trine,Mercury,Scorpio,"0°37'23.98""",Vishakha,Jupiter,4,Saturn,Pisces,"1°00'44.24""",Purva Bhadrapada,Jupiter,4,120,120.389,0.389
2025-12-07 14:30:00,Aspect,Trine,Mercury,Scorpio,"0°38'00.08""",Vishakha,Jupiter,4,Saturn,Pisces,"1°00'44.86""",Purva Bhadrapada,Jupiter,4,120,120.3791,0.3791
2025-12-07 14:45:00,Aspect,Trine,Mercury,Scorpio,"0°38'36.22""",Vishakha,Jupiter,4,Saturn,Pisces,"1°00'45.47""",Purva Bhadrapada,Jupiter,4,120,120.3692,0.3692
2025-12-07 15:00:00,Aspect,Trine,Mercury,Scorpio,"0°39'12.38""",Vishakha,Jupiter,4,Saturn,Pisces,"1°00'46.09""",Purva Bhadrapada,Jupiter,4,120,120.3594,0.3594
2025-12-07 15:15:00,Aspect,Trine,Mercury,Scorpio,"0°39'48.57""",Vishakha,Jupiter,4,Saturn,Pisces,"1°00'46.70""",Purva Bhadrapada,Jupiter,4,120,120.3495,0.3495
2025-12-07 15:30:00,Aspect,Trine,Mercury,Scorpio,"0°40'24.79""",Vishakha,Jupiter,4,Saturn,Pisces,"1°00'47.32""",Purva Bhadrapada,Jupiter,4,120,120.3396,0.3396
2025-12-07 15:45:00,Aspect,Trine,Mercury,Scorpio,"0°41'01.05""",Vishakha,Jupiter,4,Saturn,Pisces,"1°00'47.93""",Purva Bhadrapada,Jupiter,4,120,120.3297,0.3297
2025-12-07 16:00:00,Aspect,Trine,Mercury,Scorpio,"0°41'37.33""",Vishakha,Jupiter,4,Saturn,Pisces,"1°00'48.55""",Purva Bhadrapada,Jupiter,4,120,120.3198,0.3198
2025-12-07 16:15:00,Aspect,Trine,Mercury,Scorpio,"0°42'13.64""",Vishakha,Jupiter,4,Saturn,Pisces,"1°00'49.17""",Purva Bhadrapada,Jupiter,4,120,120.3099,0.3099
2025-12-07 16:30:00,Aspect,Trine,Mercury,Scorpio,"0°42'49.99""",Vishakha,Jupiter,4,Saturn,Pisces,"1°00'49.79""",Purva Bhadrapada,Jupiter,4,120,120.2999,0.2999
2025-12-07 16:45:00,Aspect,Trine,Mercury,Scorpio,"0°43'26.36""",Vishakha,Jupiter,4,Saturn,Pisces,"1°00'50.41""",Purva Bhadrapada,Jupiter,4,120,120.29,0.29
2025-12-07 17:00:00,Aspect,Trine,Mercury,Scorpio,"0°44'02.77""",Vishakha,Jupiter,4,Saturn,Pisces,"1°00'51.03""",Purva Bhadrapada,Jupiter,4,120,120.2801,0.2801
2025-12-07 17:15:00,Aspect,Trine,Mercury,Scorpio,"0°44'39.20""",Vishakha,Jupiter,4,Saturn,Pisces,"1°00'51.65""",Purva Bhadrapada,Jupiter,4,120,120.2701,0.2701
2025-12-07 17:30:00,Aspect,Trine,Mercury,Scorpio,"0°45'15.67""",Vishakha,Jupiter,4,Saturn,Pisces,"1°00'52.27""",Purva Bhadrapada,Jupiter,4,120,120.2602,0.2602
2025-12-07 17:45:00,Aspect,Trine,Mercury,Scorpio,"0°45'52.16""",Vishakha,Jupiter,4,Saturn,Pisces,"1°00'52.89""",Purva Bhadrapada,Jupiter,4,120,120.2502,0.2502
2025-12-07 18:00:00,Aspect,Trine,Mercury,Scorpio,"0°46'28.69""",Vishakha,Jupiter,4,Saturn,Pisces,"1°00'53.52""",Purva Bhadrapada,Jupiter,4,120,120.2402,0.2402
2025-12-07 18:15:00,Aspect,Trine,Mercury,Scorpio,"0°47'05.24""",Vishakha,Jupiter,4,Saturn,Pisces,"1°00'54.14""",Purva Bhadrapada,Jupiter,4,120,120.2302,0.2302
2025-12-07 18:30:00,Aspect,Trine,Mercury,Scorpio,"0°47'41.83""",Vishakha,Jupiter,4,Saturn,Pisces,"1°00'54.76""",Purva Bhadrapada,Jupiter,4,120,120.2203,0.2203
2025-12-07 18:45:00,Aspect,Trine,Mercury,Scorpio,"0°48'18.44""",Vishakha,Jupiter,4,Saturn,Pisces,"1°00'55.39""",Purva Bhadrapada,Jupiter,4,120,120.2103,0.2103
2025-12-07 19:00:00,Aspect,Trine,Mercury,Scorpio,"0°48'55.08""",Vishakha,Jupiter,4,Saturn,Pisces,"1°00'56.02""",Purva Bhadrapada,Jupiter,4,120,120.2003,0.2003
2025-12-07 19:15:00,Aspect,Trine,Mercury,Scorpio,"0°49'31.76""",Vishakha,Jupiter,4,Saturn,Pisces,"1°00'56.64""",Purva Bhadrapada,Jupiter,4,120,120.1902,0.1902
2025-12-07 19:30:00,Aspect,Trine,Mercury,Scorpio,"0°50'08.46""",Vishakha,Jupiter,4,Saturn,Pisces,"1°00'57.27""",Purva Bhadrapada,Jupiter,4,120,120.1802,0.1802
2025-12-07 19:45:00,Aspect,Trine,Mercury,Scorpio,"0°50'45.19""",Vishakha,Jupiter,4,Saturn,Pisces,"1°00'57.90""",Purva Bhadrapada,Jupiter,4,120,120.1702,0.1702
2025-12-07 20:00:00,Aspect,Trine,Mercury,Scorpio,"0°51'21.96""",Vishakha,Jupiter,4,Saturn,Pisces,"1°00'58.53""",Purva Bhadrapada,Jupiter,4,120,120.1602,0.1602
2025-12-07 20:15:00,Aspect,Trine,Mercury,Scorpio,"0°51'58.75""",Vishakha,Jupiter,4,Saturn,Pisces,"1°00'59.16""",Purva Bhadrapada,Jupiter,4,120,120.1501,0.1501
2025-12-07 20:30:00,Aspect,Trine,Mercury,Scorpio,"0°52'35.57""",Vishakha,Jupiter,4,Saturn,Pisces,"1°00'59.79""",Purva Bhadrapada,Jupiter,4,120,120.1401,0.1401
2025-12-07 20:45:00,Aspect,Trine,Mercury,Scorpio,"0°53'12.42""",Vishakha,Jupiter,4,Saturn,Pisces,"1°01'00.42""",Purva Bhadrapada,Jupiter,4,120,120.13,0.13
2025-12-07 21:00:00,Aspect,Trine,Mercury,Scorpio,"0°53'49.30""",Vishakha,Jupiter,4,Saturn,Pisces,"1°01'01.05""",Purva Bhadrapada,Jupiter,4,120,120.1199,0.1199
2025-12-07 21:15:00,Aspect,Trine,Mercury,Scorpio,"0°54'26.22""",Vishakha,Jupiter,4,Saturn,Pisces,"1°01'01.68""",Purva Bhadrapada,Jupiter,4,120,120.1099,0.1099
2025-12-07 21:30:00,Aspect,Trine,Mercury,Scorpio,"0°55'03.16""",Vishakha,Jupiter,4,Saturn,Pisces,"1°01'02.31""",Purva Bhadrapada,Jupiter,4,120,120.0998,0.0998
2025-12-07 21:45:00,Aspect,Trine,Mercury,Scorpio,"0°55'40.12""",Vishakha,Jupiter,4,Saturn,Pisces,"1°01'02.95""",Purva Bhadrapada,Jupiter,4,120,120.0897,0.0897
2025-12-07 22:00:00,Aspect,Trine,Mercury,Scorpio,"0°56'17.12""",Vishakha,Jupiter,4,Saturn,Pisces,"1°01'03.58""",Purva Bhadrapada,Jupiter,4,120,120.0796,0.0796
2025-12-07 22:15:00,Aspect,Trine,Mercury,Scorpio,"0°56'54.15""",Vishakha,Jupiter,4,Saturn,Pisces,"1°01'04.22""",Purva Bhadrapada,Jupiter,4,120,120.0695,0.0695
2025-12-07 22:30:00,Aspect,Trine,Mercury,Scorpio,"0°57'31.21""",Vishakha,Jupiter,4,Saturn,Pisces,"1°01'04.85""",Purva Bhadrapada,Jupiter,4,120,120.0593,0.0593
2025-12-07 22:30:00,Aspect,Square,Mars,Sagittarius,"0°01'18.82""",Mula,Ketu,1,Saturn,Pisces,"1°01'04.85""",Purva Bhadrapada,Jupiter,4,90,90.9961,0.9961
2025-12-07 22:45:00,Aspect,Trine,Mercury,Scorpio,"0°58'08.29""",Vishakha,Jupiter,4,Saturn,Pisces,"1°01'05.49""",Purva Bhadrapada,Jupiter,4,120,120.0492,0.0492
2025-12-07 22:45:00,Aspect,Square,Mars,Sagittarius,"0°01'46.84""",Mula,Ketu,1,Saturn,Pisces,"1°01'05.49""",Purva Bhadrapada,Jupiter,4,90,90.9885,0.9885
2025-12-07 23:00:00,Aspect,Trine,Mercury,Scorpio,"0°58'45.41""",Vishakha,Jupiter,4,Saturn,Pisces,"1°01'06.12""",Purva Bhadrapada,Jupiter,4,120,120.0391,0.0391
2025-12-07 23:00:00,Aspect,Square,Mars,Sagittarius,"0°02'14.87""",Mula,Ketu,1,Saturn,Pisces,"1°01'06.12""",Purva Bhadrapada,Jupiter,4,90,90.9809,0.9809
2025-12-07 23:15:00,Aspect,Trine,Mercury,Scorpio,"0°59'22.55""",Vishakha,Jupiter,4,Saturn,Pisces,"1°01'06.76""",Purva Bhadrapada,Jupiter,4,120,120.0289,0.0289
2025-12-07 23:15:00,Aspect,Square,Mars,Sagittarius,"0°02'42.89""",Mula,Ketu,1,Saturn,Pisces,"1°01'06.76""",Purva Bhadrapada,Jupiter,4,90,90.9733,0.9733
2025-12-07 23:30:00,Aspect,Trine,Mercury,Scorpio,"0°59'59.73""",Vishakha,Jupiter,4,Saturn,Pisces,"1°01'07.40""",Purva Bhadrapada,Jupiter,4,120,120.0188,0.0188
2025-12-07 23:30:00,Aspect,Square,Mars,Sagittarius,"0°03'10.92""",Mula,Ketu,1,Saturn,Pisces,"1°01'07.40""",Purva Bhadrapada,Jupiter,4,90,90.9657,0.9657
2025-12-07 23:45:00,Aspect,Trine,Mercury,Scorpio,"1°00'36.93""",Vishakha,Jupiter,4,Saturn,Pisces,"1°01'08.04""",Purva Bhadrapada,Jupiter,4,120,120.0086,0.0086
2025-12-07 23:45:00,Aspect,Square,Mars,Sagittarius,"0°03'38.95""",Mula,Ketu,1,Saturn,Pisces,"1°01'08.04""",Purva Bhadrapada,Jupiter,4,90,90.9581,0.9581
2025-12-08 00:00:00,Aspect,Trine,Mercury,Scorpio,"1°01'14.16""",Vishakha,Jupiter,4,Saturn,Pisces,"1°01'08.68""",Purva Bhadrapada,Jupiter,4,120,119.9985,0.0015
2025-12-08 00:00:00,Aspect,Square,Mars,Sagittarius,"0°04'06.97""",Mula,Ketu,1,Saturn,Pisces,"1°01'08.68""",Purva Bhadrapada,Jupiter,4,90,90.9505,0.9505
2025-12-08 00:15:00,Aspect,Trine,Mercury,Scorpio,"1°01'51.42""",Vishakha,Jupiter,4,Saturn,Pisces,"1°01'09.32""",Purva Bhadrapada,Jupiter,4,120,119.9883,0.0117
2025-12-08 00:15:00,Aspect,Square,Mars,Sagittarius,"0°04'35.00""",Mula,Ketu,1,Saturn,Pisces,"1°01'09.32""",Purva Bhadrapada,Jupiter,4,90,90.9429,0.9429
2025-12-08 00:30:00,Aspect,Trine,Mercury,Scorpio,"1°02'28.71""",Vishakha,Jupiter,4,Saturn,Pisces,"1°01'09.96""",Purva Bhadrapada,Jupiter,4,120,119.9781,0.0219
2025-12-08 00:30:00,Aspect,Square,Mars,Sagittarius,"0°05'03.03""",Mula,Ketu,1,Saturn,Pisces,"1°01'09.96""",Purva Bhadrapada,Jupiter,4,90,90.9353,0.9353
2025-12-08 00:45:00,Aspect,Trine,Mercury,Scorpio,"1°03'06.03""",Vishakha,Jupiter,4,Saturn,Pisces,"1°01'10.60""",Purva Bhadrapada,Jupiter,4,120,119.9679,0.0321
2025-12-08 00:45:00,Aspect,Square,Mars,Sagittarius,"0°05'31.05""",Mula,Ketu,1,Saturn,Pisces,"1°01'10.60""",Purva Bhadrapada,Jupiter,4,90,90.9277,0.9277
2025-12-08 01:00:00,Aspect,Trine,Mercury,Scorpio,"1°03'43.38""",Vishakha,Jupiter,4,Saturn,Pisces,"1°01'11.25""",Purva Bhadrapada,Jupiter,4,120,119.9577,0.0423
2025-12-08 01:00:00,Aspect,Square,Mars,Sagittarius,"0°05'59.08""",Mula,Ketu,1,Saturn,Pisces,"1°01'11.25""",Purva Bhadrapada,Jupiter,4,90,90.92,0.92
2025-12-08 01:15:00,Aspect,Trine,Mercury,Scorpio,"1°04'20.75""",Vishakha,Jupiter,4,Saturn,Pisces,"1°01'11.89""",Purva Bhadrapada,Jupiter,4,120,119.9475,0.0525
2025-12-08 01:15:00,Aspect,Square,Mars,Sagittarius,"0°06'27.11""",Mula,Ketu,1,Saturn,Pisces,"1°01'11.89""",Purva Bhadrapada,Jupiter,4,90,90.9124,0.9124
2025-12-08 01:30:00,Aspect,Trine,Mercury,Scorpio,"1°04'58.16""",Vishakha,Jupiter,4,Saturn,Pisces,"1°01'12.53""",Purva Bhadrapada,Jupiter,4,120,119.9373,0.0627
2025-12-08 01:30:00,Aspect,Square,Mars,Sagittarius,"0°06'55.14""",Mula,Ketu,1,Saturn,Pisces,"1°01'12.53""",Purva Bhadrapada,Jupiter,4,90,90.9048,0.9048
2025-12-08 01:45:00,Aspect,Trine,Mercury,Scorpio,"1°05'35.59""",Vishakha,Jupiter,4,Saturn,Pisces,"1°01'13.18""",Purva Bhadrapada,Jupiter,4,120,119.9271,0.0729
2025-12-08 01:45:00,Aspect,Square,Mars,Sagittarius,"0°07'23.17""",Mula,Ketu,1,Saturn,Pisces,"1°01'13.18""",Purva Bhadrapada,Jupiter,4,90,90.8972,0.8972
2025-12-08 02:00:00,Aspect,Trine,Mercury,Scorpio,"1°06'13.05""",Vishakha,Jupiter,4,Saturn,Pisces,"1°01'13.82""",Purva Bhadrapada,Jupiter,4,120,119.9169,0.0831
2025-12-08 02:00:00,Aspect,Square,Mars,Sagittarius,"0°07'51.20""",Mula,Ketu,1,Saturn,Pisces,"1°01'13.82""",Purva Bhadrapada,Jupiter,4,90,90.8896,0.8896
2025-12-08 02:15:00,Aspect,Trine,Mercury,Scorpio,"1°06'50.54""",Vishakha,Jupiter,4,Saturn,Pisces,"1°01'14.47""",Purva Bhadrapada,Jupiter,4,120,119.9066,0.0934
2025-12-08 02:15:00,Aspect,Square,Mars,Sagittarius,"0°08'19.23""",Mula,Ketu,1,Saturn,Pisces,"1°01'14.47""",Purva Bhadrapada,Jupiter,4,90,90.882,0.882
2025-12-08 02:30:00,Aspect,Trine,Mercury,Scorpio,"1°07'28.06""",Vishakha,Jupiter,4,Saturn,Pisces,"1°01'15.12""",Purva Bhadrapada,Jupiter,4,120,119.8964,0.1036
2025-12-08 02:30:00,Aspect,Square,Mars,Sagittarius,"0°08'47.26""",Mula,Ketu,1,Saturn,Pisces,"1°01'15.12""",Purva Bhadrapada,Jupiter,4,90,90.8744,0.8744
2025-12-08 02:45:00,Aspect,Trine,Mercury,Scorpio,"1°08'05.61""",Vishakha,Jupiter,4,Saturn,Pisces,"1°01'15.76""",Purva Bhadrapada,Jupiter,4,120,119.8862,0.1138
2025-12-08 02:45:00,Aspect,Square,Mars,Sagittarius,"0°09'15.29""",Mula,Ketu,1,Saturn,Pisces,"1°01'15.76""",Purva Bhadrapada,Jupiter,4,90,90.8668,0.8668
2025-12-08 03:00:00,Aspect,Trine,Mercury,Scorpio,"1°08'43.18""",Vishakha,Jupiter,4,Saturn,Pisces,"1°01'16.41""",Purva Bhadrapada,Jupiter,4,120,119.8759,0.1241
2025-12-08 03:00:00,Aspect,Square,Mars,Sagittarius,"0°09'43.32""",Mula,Ketu,1,Saturn,Pisces,"1°01'16.41""",Purva Bhadrapada,Jupiter,4,90,90.8592,0.8592
2025-12-08 03:15:00,Aspect,Trine,Mercury,Scorpio,"1°09'20.79""",Vishakha,Jupiter,4,Saturn,Pisces,"1°01'17.06""",Purva Bhadrapada,Jupiter,4,120,119.8656,0.1344
2025-12-08 03:15:00,Aspect,Square,Mars,Sagittarius,"0°10'11.35""",Mula,Ketu,1,Saturn,Pisces,"1°01'17.06""",Purva Bhadrapada,Jupiter,4,90,90.8516,0.8516
2025-12-08 03:30:00,Aspect,Trine,Mercury,Scorpio,"1°09'58.42""",Vishakha,Jupiter,4,Saturn,Pisces,"1°01'17.71""",Purva Bhadrapada,Jupiter,4,120,119.8554,0.1446
2025-12-08 03:30:00,Aspect,Square,Mars,Sagittarius,"0°10'39.38""",Mula,Ketu,1,Saturn,Pisces,"1°01'17.71""",Purva Bhadrapada,Jupiter,4,90,90.844,0.844
2025-12-08 03:45:00,Aspect,Trine,Mercury,Scorpio,"1°10'36.08""",Vishakha,Jupiter,4,Saturn,Pisces,"1°01'18.36""",Purva Bhadrapada,Jupiter,4,120,119.8451,0.1549
2025-12-08 03:45:00,Aspect,Square,Mars,Sagittarius,"0°11'07.41""",Mula,Ketu,1,Saturn,Pisces,"1°01'18.36""",Purva Bhadrapada,Jupiter,4,90,90.8364,0.8364
2025-12-08 04:00:00,Aspect,Trine,Mercury,Scorpio,"1°11'13.77""",Vishakha,Jupiter,4,Saturn,Pisces,"1°01'19.01""",Purva Bhadrapada,Jupiter,4,120,119.8348,0.1652
2025-12-08 04:00:00,Aspect,Square,Mars,Sagittarius,"0°11'35.45""",Mula,Ketu,1,Saturn,Pisces,"1°01'19.01""",Purva Bhadrapada,Jupiter,4,90,90.8288,0.8288
2025-12-08 04:15:00,Aspect,Trine,Mercury,Scorpio,"1°11'51.49""",Vishakha,Jupiter,4,Saturn,Pisces,"1°01'19.66""",Purva Bhadrapada,Jupiter,4,120,119.8245,0.1755
2025-12-08 04:15:00,Aspect,Square,Mars,Sagittarius,"0°12'03.48""",Mula,Ketu,1,Saturn,Pisces,"1°01'19.66""",Purva Bhadrapada,Jupiter,4,90,90.8212,0.8212
2025-12-08 04:30:00,Aspect,Trine,Mercury,Scorpio,"1°12'29.24""",Vishakha,Jupiter,4,Saturn,Pisces,"1°01'20.31""",Purva Bhadrapada,Jupiter,4,120,119.8142,0.1858
2025-12-08 04:30:00,Aspect,Square,Mars,Sagittarius,"0°12'31.51""",Mula,Ketu,1,Saturn,Pisces,"1°01'20.31""",Purva Bhadrapada,Jupiter,4,90,90.8136,0.8136
2025-12-08 04:45:00,Aspect,Trine,Mercury,Scorpio,"1°13'07.01""",Vishakha,Jupiter,4,Saturn,Pisces,"1°01'20.97""",Purva Bhadrapada,Jupiter,4,120,119.8039,0.1961
2025-12-08 04:45:00,Aspect,Square,Mars,Sagittarius,"0°12'59.55""",Mula,Ketu,1,Saturn,Pisces,"1°01'20.97""",Purva Bhadrapada,Jupiter,4,90,90.806,0.806
2025-12-08 05:00:00,Aspect,Trine,Mercury,Scorpio,"1°13'44.81""",Vishakha,Jupiter,4,Saturn,Pisces,"1°01'21.62""",Purva Bhadrapada,Jupiter,4,120,119.7936,0.2064
2025-12-08 05:00:00,Aspect,Square,Mars,Sagittarius,"0°13'27.58""",Mula,Ketu,1,Saturn,Pisces,"1°01'21.62""",Purva Bhadrapada,Jupiter,4,90,90.7983,0.7983
2025-12-08 05:15:00,Aspect,Trine,Mercury,Scorpio,"1°14'22.64""",Vishakha,Jupiter,4,Saturn,Pisces,"1°01'22.28""",Purva Bhadrapada,Jupiter,4,120,119.7832,0.2168
2025-12-08 05:15:00,Aspect,Square,Mars,Sagittarius,"0°13'55.61""",Mula,Ketu,1,Saturn,Pisces,"1°01'22.28""",Purva Bhadrapada,Jupiter,4,90,90.7907,0.7907
2025-12-08 05:30:00,Aspect,Trine,Mercury,Scorpio,"1°15'00.50""",Vishakha,Jupiter,4,Saturn,Pisces,"1°01'22.93""",Purva Bhadrapada,Jupiter,4,120,119.7729,0.2271
2025-12-08 05:30:00,Aspect,Square,Mars,Sagittarius,"0°14'23.65""",Mula,Ketu,1,Saturn,Pisces,"1°01'22.93""",Purva Bhadrapada,Jupiter,4,90,90.7831,0.7831
2025-12-08 05:45:00,Aspect,Trine,Mercury,Scorpio,"1°15'38.39""",Vishakha,Jupiter,4,Saturn,Pisces,"1°01'23.59""",Purva Bhadrapada,Jupiter,4,120,119.7626,0.2374
2025-12-08 05:45:00,Aspect,Square,Mars,Sagittarius,"0°14'51.68""",Mula,Ketu,1,Saturn,Pisces,"1°01'23.59""",Purva Bhadrapada,Jupiter,4,90,90.7755,0.7755
2025-12-08 06:00:00,Aspect,Trine,Mercury,Scorpio,"1°16'16.30""",Vishakha,Jupiter,4,Saturn,Pisces,"1°01'24.24""",Purva Bhadrapada,Jupiter,4,120,119.7522,0.2478
2025-12-08 06:00:00,Aspect,Square,Mars,Sagittarius,"0°15'19.72""",Mula,Ketu,1,Saturn,Pisces,"1°01'24.24""",Purva Bhadrapada,Jupiter,4,90,90.7679,0.7679
2025-12-08 06:15:00,Aspect,Trine,Mercury,Scorpio,"1°16'54.25""",Vishakha,Jupiter,4,Saturn,Pisces,"1°01'24.90""",Purva Bhadrapada,Jupiter,4,120,119.7418,0.2582
2025-12-08 06:15:00,Aspect,Square,Mars,Sagittarius,"0°15'47.75""",Mula,Ketu,1,Saturn,Pisces,"1°01'24.90""",Purva Bhadrapada,Jupiter,4,90,90.7603,0.7603
2025-12-08 06:30:00,Aspect,Trine,Mercury,Scorpio,"1°17'32.22""",Vishakha,Jupiter,4,Saturn,Pisces,"1°01'25.56""",Purva Bhadrapada,Jupiter,4,120,119.7315,0.2685
2025-12-08 06:30:00,Aspect,Square,Mars,Sagittarius,"0°16'15.79""",Mula,Ketu,1,Saturn,Pisces,"1°01'25.56""",Purva Bhadrapada,Jupiter,4,90,90.7527,0.7527
2025-12-08 06:45:00,Aspect,Trine,Mercury,Scorpio,"1°18'10.22""",Vishakha,Jupiter,4,Saturn,Pisces,"1°01'26.22""",Purva Bhadrapada,Jupiter,4,120,119.7211,0.2789
2025-12-08 06:45:00,Aspect,Square,Mars,Sagittarius,"0°16'43.82""",Mula,Ketu,1,Saturn,Pisces,"1°01'26.22""",Purva Bhadrapada,Jupiter,4,90,90.7451,0.7451
2025-12-08 07:00:00,Aspect,Trine,Mercury,Scorpio,"1°18'48.24""",Vishakha,Jupiter,4,Saturn,Pisces,"1°01'26.88""",Purva Bhadrapada,Jupiter,4,120,119.7107,0.2893
2025-12-08 07:00:00,Aspect,Square,Mars,Sagittarius,"0°17'11.86""",Mula,Ketu,1,Saturn,Pisces,"1°01'26.88""",Purva Bhadrapada,Jupiter,4,90,90.7375,0.7375
2025-12-08 07:15:00,Aspect,Trine,Mercury,Scorpio,"1°19'26.30""",Vishakha,Jupiter,4,Saturn,Pisces,"1°01'27.54""",Purva Bhadrapada,Jupiter,4,120,119.7003,0.2997
2025-12-08 07:15:00,Aspect,Square,Mars,Sagittarius,"0°17'39.90""",Mula,Ketu,1,Saturn,Pisces,"1°01'27.54""",Purva Bhadrapada,Jupiter,4,90,90.7299,0.7299
2025-12-08 07:30:00,Aspect,Trine,Mercury,Scorpio,"1°20'04.38""",Vishakha,Jupiter,4,Saturn,Pisces,"1°01'28.20""",Purva Bhadrapada,Jupiter,4,120,119.6899,0.3101
2025-12-08 07:30:00,Aspect,Square,Mars,Sagittarius,"0°18'07.93""",Mula,Ketu,1,Saturn,Pisces,"1°01'28.20""",Purva Bhadrapada,Jupiter,4,90,90.7223,0.7223
2025-12-08 07:45:00,Aspect,Trine,Mercury,Scorpio,"1°20'42.49""",Vishakha,Jupiter,4,Saturn,Pisces,"1°01'28.86""",Purva Bhadrapada,Jupiter,4,120,119.6795,0.3205
2025-12-08 07:45:00,Aspect,Square,Mars,Sagittarius,"0°18'35.97""",Mula,Ketu,1,Saturn,Pisces,"1°01'28.86""",Purva Bhadrapada,Jupiter,4,90,90.7147,0.7147
2025-12-08 08:00:00,Aspect,Trine,Mercury,Scorpio,"1°21'20.62""",Vishakha,Jupiter,4,Saturn,Pisces,"1°01'29.52""",Purva Bhadrapada,Jupiter,4,120,119.6691,0.3309
2025-12-08 08:00:00,Aspect,Square,Mars,Sagittarius,"0°19'04.01""",Mula,Ketu,1,Saturn,Pisces,"1°01'29.52""",Purva Bhadrapada,Jupiter,4,90,90.7071,0.7071
2025-12-08 08:15:00,Aspect,Trine,Mercury,Scorpio,"1°21'58.79""",Vishakha,Jupiter,4,Saturn,Pisces,"1°01'30.18""",Purva Bhadrapada,Jupiter,4,120,119.6587,0.3413
2025-12-08 08:15:00,Aspect,Square,Mars,Sagittarius,"0°19'32.05""",Mula,Ketu,1,Saturn,Pisces,"1°01'30.18""",Purva Bhadrapada,Jupiter,4,90,90.6995,0.6995
2025-12-08 08:30:00,Aspect,Trine,Mercury,Scorpio,"1°22'36.98""",Vishakha,Jupiter,4,Saturn,Pisces,"1°01'30.85""",Purva Bhadrapada,Jupiter,4,120,119.6483,0.3517
2025-12-08 08:30:00,Aspect,Square,Mars,Sagittarius,"0°20'00.09""",Mula,Ketu,1,Saturn,Pisces,"1°01'30.85""",Purva Bhadrapada,Jupiter,4,90,90.6919,0.6919
2025-12-08 08:45:00,Aspect,Trine,Mercury,Scorpio,"1°23'15.20""",Vishakha,Jupiter,4,Saturn,Pisces,"1°01'31.51""",Purva Bhadrapada,Jupiter,4,120,119.6379,0.3621
2025-12-08 08:45:00,Aspect,Square,Mars,Sagittarius,"0°20'28.12""",Mula,Ketu,1,Saturn,Pisces,"1°01'31.51""",Purva Bhadrapada,Jupiter,4,90,90.6843,0.6843
2025-12-08 09:00:00,Aspect,Trine,Mercury,Scorpio,"1°23'53.45""",Vishakha,Jupiter,4,Saturn,Pisces,"1°01'32.17""",Purva Bhadrapada,Jupiter,4,120,119.6274,0.3726
2025-12-08 09:00:00,Aspect,Square,Mars,Sagittarius,"0°20'56.16""",Mula,Ketu,1,Saturn,Pisces,"1°01'32.17""",Purva Bhadrapada,Jupiter,4,90,90.6767,0.6767
2025-12-08 09:15:00,Aspect,Trine,Mercury,Scorpio,"1°24'31.73""",Vishakha,Jupiter,4,Saturn,Pisces,"1°01'32.84""",Purva Bhadrapada,Jupiter,4,120,119.617,0.383
2025-12-08 09:15:00,Aspect,Square,Mars,Sagittarius,"0°21'24.20""",Mula,Ketu,1,Saturn,Pisces,"1°01'32.84""",Purva Bhadrapada,Jupiter,4,90,90.6691,0.6691
2025-12-08 09:30:00,Aspect,Trine,Mercury,Scorpio,"1°25'10.03""",Vishakha,Jupiter,4,Saturn,Pisces,"1°01'33.51""",Purva Bhadrapada,Jupiter,4,120,119.6065,0.3935
2025-12-08 09:30:00,Aspect,Square,Mars,Sagittarius,"0°21'52.24""",Mula,Ketu,1,Saturn,Pisces,"1°01'33.51""",Purva Bhadrapada,Jupiter,4,90,90.6615,0.6615
2025-12-08 09:45:00,Aspect,Trine,Mercury,Scorpio,"1°25'48.36""",Vishakha,Jupiter,4,Saturn,Pisces,"1°01'34.17""",Purva Bhadrapada,Jupiter,4,120,119.5961,0.4039
2025-12-08 09:45:00,Aspect,Square,Mars,Sagittarius,"0°22'20.28""",Mula,Ketu,1,Saturn,Pisces,"1°01'34.17""",Purva Bhadrapada,Jupiter,4,90,90.6539,0.6539
2025-12-08 10:00:00,Aspect,Trine,Mercury,Scorpio,"1°26'26.71""",Vishakha,Jupiter,4,Saturn,Pisces,"1°01'34.84""",Purva Bhadrapada,Jupiter,4,120,119.5856,0.4144
2025-12-08 10:00:00,Aspect,Square,Mars,Sagittarius,"0°22'48.32""",Mula,Ketu,1,Saturn,Pisces,"1°01'34.84""",Purva Bhadrapada,Jupiter,4,90,90.6463,0.6463
2025-12-08 10:15:00,Aspect,Trine,Mercury,Scorpio,"1°27'05.10""",Vishakha,Jupiter,4,Saturn,Pisces,"1°01'35.51""",Purva Bhadrapada,Jupiter,4,120,119.5751,0.4249
2025-12-08 10:15:00,Aspect,Square,Mars,Sagittarius,"0°23'16.36""",Mula,Ketu,1,Saturn,Pisces,"1°01'35.51""",Purva Bhadrapada,Jupiter,4,90,90.6387,0.6387
2025-12-08 10:30:00,Aspect,Trine,Mercury,Scorpio,"1°27'43.51""",Vishakha,Jupiter,4,Saturn,Pisces,"1°01'36.18""",Purva Bhadrapada,Jupiter,4,120,119.5646,0.4354
2025-12-08 10:30:00,Aspect,Square,Mars,Sagittarius,"0°23'44.41""",Mula,Ketu,1,Saturn,Pisces,"1°01'36.18""",Purva Bhadrapada,Jupiter,4,90,90.631,0.631
2025-12-08 10:45:00,Aspect,Trine,Mercury,Scorpio,"1°28'21.95""",Vishakha,Jupiter,4,Saturn,Pisces,"1°01'36.85""",Purva Bhadrapada,Jupiter,4,120,119.5541,0.4459
2025-12-08 10:45:00,Aspect,Square,Mars,Sagittarius,"0°24'12.45""",Mula,Ketu,1,Saturn,Pisces,"1°01'36.85""",Purva Bhadrapada,Jupiter,4,90,90.6234,0.6234
2025-12-08 11:00:00,Aspect,Trine,Mercury,Scorpio,"1°29'00.42""",Vishakha,Jupiter,4,Saturn,Pisces,"1°01'37.52""",Purva Bhadrapada,Jupiter,4,120,119.5436,0.4564
2025-12-08 11:00:00,Aspect,Square,Mars,Sagittarius,"0°24'40.49""",Mula,Ketu,1,Saturn,Pisces,"1°01'37.52""",Purva Bhadrapada,Jupiter,4,90,90.6158,0.6158
2025-12-08 11:15:00,Aspect,Trine,Mercury,Scorpio,"1°29'38.91""",Vishakha,Jupiter,4,Saturn,Pisces,"1°01'38.19""",Purva Bhadrapada,Jupiter,4,120,119.5331,0.4669
2025-12-08 11:15:00,Aspect,Square,Mars,Sagittarius,"0°25'08.53""",Mula,Ketu,1,Saturn,Pisces,"1°01'38.19""",Purva Bhadrapada,Jupiter,4,90,90.6082,0.6082
2025-12-08 11:30:00,Aspect,Trine,Mercury,Scorpio,"1°30'17.43""",Vishakha,Jupiter,4,Saturn,Pisces,"1°01'38.86""",Purva Bhadrapada,Jupiter,4,120,119.5226,0.4774
2025-12-08 11:30:00,Aspect,Square,Mars,Sagittarius,"0°25'36.57""",Mula,Ketu,1,Saturn,Pisces,"1°01'38.86""",Purva Bhadrapada,Jupiter,4,90,90.6006,0.6006
2025-12-08 11:45:00,Aspect,Trine,Mercury,Scorpio,"1°30'55.98""",Vishakha,Jupiter,4,Saturn,Pisces,"1°01'39.53""",Purva Bhadrapada,Jupiter,4,120,119.5121,0.4879
2025-12-08 11:45:00,Aspect,Square,Mars,Sagittarius,"0°26'04.62""",Mula,Ketu,1,Saturn,Pisces,"1°01'39.53""",Purva Bhadrapada,Jupiter,4,90,90.593,0.593
2025-12-08 12:00:00,Aspect,Trine,Mercury,Scorpio,"1°31'34.55""",Vishakha,Jupiter,4,Saturn,Pisces,"1°01'40.21""",Purva Bhadrapada,Jupiter,4,120,119.5016,0.4984
2025-12-08 12:00:00,Aspect,Square,Mars,Sagittarius,"0°26'32.66""",Mula,Ketu,1,Saturn,Pisces,"1°01'40.21""",Purva Bhadrapada,Jupiter,4,90,90.5854,0.5854
2025-12-08 12:15:00,Aspect,Trine,Mercury,Scorpio,"1°32'13.16""",Vishakha,Jupiter,4,Saturn,Pisces,"1°01'40.88""",Purva Bhadrapada,Jupiter,4,120,119.491,0.509
2025-12-08 12:15:00,Aspect,Square,Mars,Sagittarius,"0°27'00.70""",Mula,Ketu,1,Saturn,Pisces,"1°01'40.88""",Purva Bhadrapada,Jupiter,4,90,90.5778,0.5778
2025-12-08 12:30:00,Aspect,Trine,Mercury,Scorpio,"1°32'51.78""",Vishakha,Jupiter,4,Saturn,Pisces,"1°01'41.55""",Purva Bhadrapada,Jupiter,4,120,119.4805,0.5195
2025-12-08 12:30:00,Aspect,Square,Mars,Sagittarius,"0°27'28.75""",Mula,Ketu,1,Saturn,Pisces,"1°01'41.55""",Purva Bhadrapada,Jupiter,4,90,90.5702,0.5702
2025-12-08 12:45:00,Aspect,Trine,Mercury,Scorpio,"1°33'30.44""",Vishakha,Jupiter,4,Saturn,Pisces,"1°01'42.23""",Purva Bhadrapada,Jupiter,4,120,119.4699,0.5301
2025-12-08 12:45:00,Aspect,Square,Mars,Sagittarius,"0°27'56.79""",Mula,Ketu,1,Saturn,Pisces,"1°01'42.23""",Purva Bhadrapada,Jupiter,4,90,90.5626,0.5626
2025-12-08 13:00:00,Aspect,Trine,Mercury,Scorpio,"1°34'09.12""",Vishakha,Jupiter,4,Saturn,Pisces,"1°01'42.91""",Purva Bhadrapada,Jupiter,4,120,119.4594,0.5406
2025-12-08 13:00:00,Aspect,Square,Mars,Sagittarius,"0°28'24.84""",Mula,Ketu,1,Saturn,Pisces,"1°01'42.91""",Purva Bhadrapada,Jupiter,4,90,90.555,0.555
2025-12-08 13:15:00,Aspect,Trine,Mercury,Scorpio,"1°34'47.83""",Vishakha,Jupiter,4,Saturn,Pisces,"1°01'43.58""",Purva Bhadrapada,Jupiter,4,120,119.4488,0.5512
2025-12-08 13:15:00,Aspect,Square,Mars,Sagittarius,"0°28'52.88""",Mula,Ketu,1,Saturn,Pisces,"1°01'43.58""",Purva Bhadrapada,Jupiter,4,90,90.5474,0.5474
2025-12-08 13:30:00,Aspect,Trine,Mercury,Scorpio,"1°35'26.57""",Vishakha,Jupiter,4,Saturn,Pisces,"1°01'44.26""",Purva Bhadrapada,Jupiter,4,120,119.4382,0.5618
2025-12-08 13:30:00,Aspect,Square,Mars,Sagittarius,"0°29'20.93""",Mula,Ketu,1,Saturn,Pisces,"1°01'44.26""",Purva Bhadrapada,Jupiter,4,90,90.5398,0.5398
2025-12-08 13:45:00,Aspect,Trine,Mercury,Scorpio,"1°36'05.33""",Vishakha,Jupiter,4,Saturn,Pisces,"1°01'44.94""",Purva Bhadrapada,Jupiter,4,120,119.4277,0.5723
2025-12-08 13:45:00,Aspect,Square,Mars,Sagittarius,"0°29'48.97""",Mula,Ketu,1,Saturn,Pisces,"1°01'44.94""",Purva Bhadrapada,Jupiter,4,90,90.5322,0.5322
2025-12-08 14:00:00,Aspect,Trine,Mercury,Scorpio,"1°36'44.12""",Vishakha,Jupiter,4,Saturn,Pisces,"1°01'45.62""",Purva Bhadrapada,Jupiter,4,120,119.4171,0.5829
2025-12-08 14:00:00,Aspect,Square,Mars,Sagittarius,"0°30'17.02""",Mula,Ketu,1,Saturn,Pisces,"1°01'45.62""",Purva Bhadrapada,Jupiter,4,90,90.5246,0.5246
2025-12-08 14:15:00,Aspect,Trine,Mercury,Scorpio,"1°37'22.94""",Vishakha,Jupiter,4,Saturn,Pisces,"1°01'46.30""",Purva Bhadrapada,Jupiter,4,120,119.4065,0.5935
2025-12-08 14:15:00,Aspect,Square,Mars,Sagittarius,"0°30'45.06""",Mula,Ketu,1,Saturn,Pisces,"1°01'46.30""",Purva Bhadrapada,Jupiter,4,90,90.517,0.517
2025-12-08 14:30:00,Aspect,Trine,Mercury,Scorpio,"1°38'01.78""",Vishakha,Jupiter,4,Saturn,Pisces,"1°01'46.98""",Purva Bhadrapada,Jupiter,4,120,119.3959,0.6041
2025-12-08 14:30:00,Aspect,Square,Mars,Sagittarius,"0°31'13.11""",Mula,Ketu,1,Saturn,Pisces,"1°01'46.98""",Purva Bhadrapada,Jupiter,4,90,90.5094,0.5094
2025-12-08 14:45:00,Aspect,Trine,Mercury,Scorpio,"1°38'40.65""",Vishakha,Jupiter,4,Saturn,Pisces,"1°01'47.66""",Purva Bhadrapada,Jupiter,4,120,119.3853,0.6147
2025-12-08 14:45:00,Aspect,Square,Mars,Sagittarius,"0°31'41.16""",Mula,Ketu,1,Saturn,Pisces,"1°01'47.66""",Purva Bhadrapada,Jupiter,4,90,90.5018,0.5018
2025-12-08 15:00:00,Aspect,Trine,Mercury,Scorpio,"1°39'19.55""",Vishakha,Jupiter,4,Saturn,Pisces,"1°01'48.34""",Purva Bhadrapada,Jupiter,4,120,119.3747,0.6253
2025-12-08 15:00:00,Aspect,Square,Mars,Sagittarius,"0°32'09.20""",Mula,Ketu,1,Saturn,Pisces,"1°01'48.34""",Purva Bhadrapada,Jupiter,4,90,90.4942,0.4942
2025-12-08 15:15:00,Aspect,Trine,Mercury,Scorpio,"1°39'58.47""",Vishakha,Jupiter,4,Saturn,Pisces,"1°01'49.02""",Purva Bhadrapada,Jupiter,4,120,119.364,0.636
2025-12-08 15:15:00,Aspect,Square,Mars,Sagittarius,"0°32'37.25""",Mula,Ketu,1,Saturn,Pisces,"1°01'49.02""",Purva Bhadrapada,Jupiter,4,90,90.4866,0.4866
2025-12-08 15:30:00,Aspect,Trine,Mercury,Scorpio,"1°40'37.42""",Vishakha,Jupiter,4,Saturn,Pisces,"1°01'49.70""",Purva Bhadrapada,Jupiter,4,120,119.3534,0.6466
2025-12-08 15:30:00,Aspect,Square,Mars,Sagittarius,"0°33'05.30""",Mula,Ketu,1,Saturn,Pisces,"1°01'49.70""",Purva Bhadrapada,Jupiter,4,90,90.479,0.479
2025-12-08 15:45:00,Aspect,Trine,Mercury,Scorpio,"1°41'16.40""",Vishakha,Jupiter,4,Saturn,Pisces,"1°01'50.39""",Purva Bhadrapada,Jupiter,4,120,119.3428,0.6572
2025-12-08 15:45:00,Aspect,Square,Mars,Sagittarius,"0°33'33.35""",Mula,Ketu,1,Saturn,Pisces,"1°01'50.39""",Purva Bhadrapada,Jupiter,4,90,90.4714,0.4714
2025-12-08 16:00:00,Aspect,Trine,Mercury,Scorpio,"1°41'55.40""",Vishakha,Jupiter,4,Saturn,Pisces,"1°01'51.07""",Purva Bhadrapada,Jupiter,4,120,119.3321,0.6679
2025-12-08 16:00:00,Aspect,Square,Mars,Sagittarius,"0°34'01.40""",Mula,Ketu,1,Saturn,Pisces,"1°01'51.07""",Purva Bhadrapada,Jupiter,4,90,90.4638,0.4638
2025-12-08 16:15:00,Aspect,Trine,Mercury,Scorpio,"1°42'34.43""",Vishakha,Jupiter,4,Saturn,Pisces,"1°01'51.76""",Purva Bhadrapada,Jupiter,4,120,119.3215,0.6785
2025-12-08 16:15:00,Aspect,Square,Mars,Sagittarius,"0°34'29.45""",Mula,Ketu,1,Saturn,Pisces,"1°01'51.76""",Purva Bhadrapada,Jupiter,4,90,90.4562,0.4562
2025-12-08 16:30:00,Aspect,Trine,Mercury,Scorpio,"1°43'13.48""",Vishakha,Jupiter,4,Saturn,Pisces,"1°01'52.44""",Purva Bhadrapada,Jupiter,4,120,119.3108,0.6892
2025-12-08 16:30:00,Aspect,Square,Mars,Sagittarius,"0°34'57.50""",Mula,Ketu,1,Saturn,Pisces,"1°01'52.44""",Purva Bhadrapada,Jupiter,4,90,90.4486,0.4486
2025-12-08 16:45:00,Aspect,Trine,Mercury,Scorpio,"1°43'52.56""",Vishakha,Jupiter,4,Saturn,Pisces,"1°01'53.13""",Purva Bhadrapada,Jupiter,4,120,119.3002,0.6998
2025-12-08 16:45:00,Aspect,Square,Mars,Sagittarius,"0°35'25.55""",Mula,Ketu,1,Saturn,Pisces,"1°01'53.13""",Purva Bhadrapada,Jupiter,4,90,90.441,0.441
2025-12-08 17:00:00,Aspect,Trine,Mercury,Scorpio,"1°44'31.67""",Vishakha,Jupiter,4,Saturn,Pisces,"1°01'53.81""",Purva Bhadrapada,Jupiter,4,120,119.2895,0.7105
2025-12-08 17:00:00,Aspect,Square,Mars,Sagittarius,"0°35'53.60""",Mula,Ketu,1,Saturn,Pisces,"1°01'53.81""",Purva Bhadrapada,Jupiter,4,90,90.4334,0.4334
2025-12-08 17:15:00,Aspect,Trine,Mercury,Scorpio,"1°45'10.81""",Vishakha,Jupiter,4,Saturn,Pisces,"1°01'54.50""",Purva Bhadrapada,Jupiter,4,120,119.2788,0.7212
2025-12-08 17:15:00,Aspect,Square,Mars,Sagittarius,"0°36'21.65""",Mula,Ketu,1,Saturn,Pisces,"1°01'54.50""",Purva Bhadrapada,Jupiter,4,90,90.4258,0.4258
2025-12-08 17:30:00,Aspect,Trine,Mercury,Scorpio,"1°45'49.97""",Vishakha,Jupiter,4,Saturn,Pisces,"1°01'55.19""",Purva Bhadrapada,Jupiter,4,120,119.2681,0.7319
2025-12-08 17:30:00,Aspect,Square,Mars,Sagittarius,"0°36'49.70""",Mula,Ketu,1,Saturn,Pisces,"1°01'55.19""",Purva Bhadrapada,Jupiter,4,90,90.4182,0.4182
2025-12-08 17:45:00,Aspect,Trine,Mercury,Scorpio,"1°46'29.15""",Vishakha,Jupiter,4,Saturn,Pisces,"1°01'55.88""",Purva Bhadrapada,Jupiter,4,120,119.2574,0.7426
2025-12-08 17:45:00,Aspect,Square,Mars,Sagittarius,"0°37'17.75""",Mula,Ketu,1,Saturn,Pisces,"1°01'55.88""",Purva Bhadrapada,Jupiter,4,90,90.4106,0.4106
2025-12-08 18:00:00,Aspect,Trine,Mercury,Scorpio,"1°47'08.36""",Vishakha,Jupiter,4,Saturn,Pisces,"1°01'56.57""",Purva Bhadrapada,Jupiter,4,120,119.2467,0.7533
2025-12-08 18:00:00,Aspect,Square,Mars,Sagittarius,"0°37'45.80""",Mula,Ketu,1,Saturn,Pisces,"1°01'56.57""",Purva Bhadrapada,Jupiter,4,90,90.403,0.403
2025-12-08 18:15:00,Aspect,Trine,Mercury,Scorpio,"1°47'47.60""",Vishakha,Jupiter,4,Saturn,Pisces,"1°01'57.26""",Purva Bhadrapada,Jupiter,4,120,119.236,0.764
2025-12-08 18:15:00,Aspect,Square,Mars,Sagittarius,"0°38'13.85""",Mula,Ketu,1,Saturn,Pisces,"1°01'57.26""",Purva Bhadrapada,Jupiter,4,90,90.3954,0.3954
2025-12-08 18:30:00,Aspect,Trine,Mercury,Scorpio,"1°48'26.87""",Vishakha,Jupiter,4,Saturn,Pisces,"1°01'57.95""",Purva Bhadrapada,Jupiter,4,120,119.2253,0.7747
2025-12-08 18:30:00,Aspect,Square,Mars,Sagittarius,"0°38'41.90""",Mula,Ketu,1,Saturn,Pisces,"1°01'57.95""",Purva Bhadrapada,Jupiter,4,90,90.3878,0.3878
2025-12-08 18:45:00,Aspect,Trine,Mercury,Scorpio,"1°49'06.16""",Vishakha,Jupiter,4,Saturn,Pisces,"1°01'58.64""",Purva Bhadrapada,Jupiter,4,120,119.2146,0.7854
2025-12-08 18:45:00,Aspect,Square,Mars,Sagittarius,"0°39'09.96""",Mula,Ketu,1,Saturn,Pisces,"1°01'58.64""",Purva Bhadrapada,Jupiter,4,90,90.3802,0.3802
2025-12-08 19:00:00,Aspect,Trine,Mercury,Scorpio,"1°49'45.48""",Vishakha,Jupiter,4,Saturn,Pisces,"1°01'59.34""",Purva Bhadrapada,Jupiter,4,120,119.2038,0.7962
2025-12-08 19:00:00,Aspect,Square,Mars,Sagittarius,"0°39'38.01""",Mula,Ketu,1,Saturn,Pisces,"1°01'59.34""",Purva Bhadrapada,Jupiter,4,90,90.3726,0.3726
2025-12-08 19:15:00,Aspect,Trine,Mercury,Scorpio,"1°50'24.82""",Vishakha,Jupiter,4,Saturn,Pisces,"1°02'00.03""",Purva Bhadrapada,Jupiter,4,120,119.1931,0.8069
2025-12-08 19:15:00,Aspect,Square,Mars,Sagittarius,"0°40'06.06""",Mula,Ketu,1,Saturn,Pisces,"1°02'00.03""",Purva Bhadrapada,Jupiter,4,90,90.365,0.365
2025-12-08 19:30:00,Aspect,Trine,Mercury,Scorpio,"1°51'04.19""",Vishakha,Jupiter,4,Saturn,Pisces,"1°02'00.72""",Purva Bhadrapada,Jupiter,4,120,119.1824,0.8176
2025-12-08 19:30:00,Aspect,Square,Mars,Sagittarius,"0°40'34.12""",Mula,Ketu,1,Saturn,Pisces,"1°02'00.72""",Purva Bhadrapada,Jupiter,4,90,90.3574,0.3574
2025-12-08 19:45:00,Aspect,Trine,Mercury,Scorpio,"1°51'43.58""",Vishakha,Jupiter,4,Saturn,Pisces,"1°02'01.42""",Purva Bhadrapada,Jupiter,4,120,119.1716,0.8284
2025-12-08 19:45:00,Aspect,Square,Mars,Sagittarius,"0°41'02.17""",Mula,Ketu,1,Saturn,Pisces,"1°02'01.42""",Purva Bhadrapada,Jupiter,4,90,90.3498,0.3498
2025-12-08 20:00:00,Aspect,Trine,Mercury,Scorpio,"1°52'23.00""",Vishakha,Jupiter,4,Saturn,Pisces,"1°02'02.11""",Purva Bhadrapada,Jupiter,4,120,119.1609,0.8391
2025-12-08 20:00:00,Aspect,Square,Mars,Sagittarius,"0°41'30.22""",Mula,Ketu,1,Saturn,Pisces,"1°02'02.11""",Purva Bhadrapada,Jupiter,4,90,90.3422,0.3422
2025-12-08 20:15:00,Aspect,Trine,Mercury,Scorpio,"1°53'02.45""",Vishakha,Jupiter,4,Saturn,Pisces,"1°02'02.81""",Purva Bhadrapada,Jupiter,4,120,119.1501,0.8499
2025-12-08 20:15:00,Aspect,Square,Mars,Sagittarius,"0°41'58.28""",Mula,Ketu,1,Saturn,Pisces,"1°02'02.81""",Purva Bhadrapada,Jupiter,4,90,90.3346,0.3346
2025-12-08 20:30:00,Aspect,Trine,Mercury,Scorpio,"1°53'41.92""",Vishakha,Jupiter,4,Saturn,Pisces,"1°02'03.51""",Purva Bhadrapada,Jupiter,4,120,119.1393,0.8607
2025-12-08 20:30:00,Aspect,Square,Mars,Sagittarius,"0°42'26.33""",Mula,Ketu,1,Saturn,Pisces,"1°02'03.51""",Purva Bhadrapada,Jupiter,4,90,90.327,0.327
2025-12-08 20:45:00,Aspect,Trine,Mercury,Scorpio,"1°54'21.42""",Vishakha,Jupiter,4,Saturn,Pisces,"1°02'04.20""",Purva Bhadrapada,Jupiter,4,120,119.1286,0.8714
2025-12-08 20:45:00,Aspect,Square,Mars,Sagittarius,"0°42'54.39""",Mula,Ketu,1,Saturn,Pisces,"1°02'04.20""",Purva Bhadrapada,Jupiter,4,90,90.3194,0.3194
2025-12-08 21:00:00,Aspect,Trine,Mercury,Scorpio,"1°55'00.94""",Vishakha,Jupiter,4,Saturn,Pisces,"1°02'04.90""",Purva Bhadrapada,Jupiter,4,120,119.1178,0.8822
2025-12-08 21:00:00,Aspect,Square,Mars,Sagittarius,"0°43'22.44""",Mula,Ketu,1,Saturn,Pisces,"1°02'04.90""",Purva Bhadrapada,Jupiter,4,90,90.3118,0.3118
2025-12-08 21:15:00,Aspect,Trine,Mercury,Scorpio,"1°55'40.49""",Vishakha,Jupiter,4,Saturn,Pisces,"1°02'05.60""",Purva Bhadrapada,Jupiter,4,120,119.107,0.893
2025-12-08 21:15:00,Aspect,Square,Mars,Sagittarius,"0°43'50.50""",Mula,Ketu,1,Saturn,Pisces,"1°02'05.60""",Purva Bhadrapada,Jupiter,4,90,90.3042,0.3042
2025-12-08 21:30:00,Aspect,Trine,Mercury,Scorpio,"1°56'20.06""",Vishakha,Jupiter,4,Saturn,Pisces,"1°02'06.30""",Purva Bhadrapada,Jupiter,4,120,119.0962,0.9038
2025-12-08 21:30:00,Aspect,Square,Mars,Sagittarius,"0°44'18.56""",Mula,Ketu,1,Saturn,Pisces,"1°02'06.30""",Purva Bhadrapada,Jupiter,4,90,90.2966,0.2966
2025-12-08 21:45:00,Aspect,Trine,Mercury,Scorpio,"1°56'59.66""",Vishakha,Jupiter,4,Saturn,Pisces,"1°02'07.00""",Purva Bhadrapada,Jupiter,4,120,119.0854,0.9146
2025-12-08 21:45:00,Aspect,Square,Mars,Sagittarius,"0°44'46.61""",Mula,Ketu,1,Saturn,Pisces,"1°02'07.00""",Purva Bhadrapada,Jupiter,4,90,90.289,0.289
2025-12-08 22:00:00,Aspect,Trine,Mercury,Scorpio,"1°57'39.29""",Vishakha,Jupiter,4,Saturn,Pisces,"1°02'07.70""",Purva Bhadrapada,Jupiter,4,120,119.0746,0.9254
2025-12-08 22:00:00,Aspect,Square,Mars,Sagittarius,"0°45'14.67""",Mula,Ketu,1,Saturn,Pisces,"1°02'07.70""",Purva Bhadrapada,Jupiter,4,90,90.2814,0.2814
2025-12-08 22:15:00,Aspect,Trine,Mercury,Scorpio,"1°58'18.94""",Vishakha,Jupiter,4,Saturn,Pisces,"1°02'08.40""",Purva Bhadrapada,Jupiter,4,120,119.0637,0.9363
2025-12-08 22:15:00,Aspect,Square,Mars,Sagittarius,"0°45'42.73""",Mula,Ketu,1,Saturn,Pisces,"1°02'08.40""",Purva Bhadrapada,Jupiter,4,90,90.2738,0.2738
2025-12-08 22:30:00,Aspect,Trine,Mercury,Scorpio,"1°58'58.62""",Vishakha,Jupiter,4,Saturn,Pisces,"1°02'09.10""",Purva Bhadrapada,Jupiter,4,120,119.0529,0.9471
2025-12-08 22:30:00,Aspect,Square,Mars,Sagittarius,"0°46'10.79""",Mula,Ketu,1,Saturn,Pisces,"1°02'09.10""",Purva Bhadrapada,Jupiter,4,90,90.2662,0.2662
2025-12-08 22:45:00,Aspect,Trine,Mercury,Scorpio,"1°59'38.32""",Vishakha,Jupiter,4,Saturn,Pisces,"1°02'09.81""",Purva Bhadrapada,Jupiter,4,120,119.0421,0.9579
2025-12-08 22:45:00,Aspect,Square,Mars,Sagittarius,"0°46'38.84""",Mula,Ketu,1,Saturn,Pisces,"1°02'09.81""",Purva Bhadrapada,Jupiter,4,90,90.2586,0.2586
2025-12-08 23:00:00,Aspect,Trine,Mercury,Scorpio,"2°00'18.05""",Vishakha,Jupiter,4,Saturn,Pisces,"1°02'10.51""",Purva Bhadrapada,Jupiter,4,120,119.0312,0.9688
2025-12-08 23:00:00,Aspect,Square,Mars,Sagittarius,"0°47'06.90""",Mula,Ketu,1,Saturn,Pisces,"1°02'10.51""",Purva Bhadrapada,Jupiter,4,90,90.251,0.251
2025-12-08 23:15:00,Aspect,Trine,Mercury,Scorpio,"2°00'57.80""",Vishakha,Jupiter,4,Saturn,Pisces,"1°02'11.22""",Purva Bhadrapada,Jupiter,4,120,119.0204,0.9796
2025-12-08 23:15:00,Aspect,Square,Mars,Sagittarius,"0°47'34.96""",Mula,Ketu,1,Saturn,Pisces,"1°02'11.22""",Purva Bhadrapada,Jupiter,4,90,90.2434,0.2434
2025-12-08 23:30:00,Aspect,Trine,Mercury,Scorpio,"2°01'37.58""",Vishakha,Jupiter,4,Saturn,Pisces,"1°02'11.92""",Purva Bhadrapada,Jupiter,4,120,119.0095,0.9905
2025-12-08 23:30:00,Aspect,Square,Mars,Sagittarius,"0°48'03.02""",Mula,Ketu,1,Saturn,Pisces,"1°02'11.92""",Purva Bhadrapada,Jupiter,4,90,90.2358,0.2358
2025-12-08 23:45:00,Aspect,Square,Mars,Sagittarius,"0°48'31.08""",Mula,Ketu,1,Saturn,Pisces,"1°02'12.63""",Purva Bhadrapada,Jupiter,4,90,90.2282,0.2282
2025-12-09 00:00:00,Aspect,Square,Mars,Sagittarius,"0°48'59.14""",Mula,Ketu,1,Saturn,Pisces,"1°02'13.33""",Purva Bhadrapada,Jupiter,4,90,90.2206,0.2206
2025-12-09 00:15:00,Aspect,Square,Mars,Sagittarius,"0°49'27.20""",Mula,Ketu,1,Saturn,Pisces,"1°02'14.04""",Purva Bhadrapada,Jupiter,4,90,90.213,0.213
2025-12-09 00:30:00,Aspect,Square,Mars,Sagittarius,"0°49'55.26""",Mula,Ketu,1,Saturn,Pisces,"1°02'14.75""",Purva Bhadrapada,Jupiter,4,90,90.2054,0.2054
2025-12-09 00:45:00,Aspect,Square,Mars,Sagittarius,"0°50'23.32""",Mula,Ketu,1,Saturn,Pisces,"1°02'15.46""",Purva Bhadrapada,Jupiter,4,90,90.1978,0.1978
2025-12-09 01:00:00,Aspect,Square,Mars,Sagittarius,"0°50'51.38""",Mula,Ketu,1,Saturn,Pisces,"1°02'16.17""",Purva Bhadrapada,Jupiter,4,90,90.1902,0.1902
2025-12-09 01:15:00,Aspect,Square,Mars,Sagittarius,"0°51'19.44""",Mula,Ketu,1,Saturn,Pisces,"1°02'16.88""",Purva Bhadrapada,Jupiter,4,90,90.1826,0.1826
2025-12-09 01:30:00,Aspect,Square,Mars,Sagittarius,"0°51'47.50""",Mula,Ketu,1,Saturn,Pisces,"1°02'17.59""",Purva Bhadrapada,Jupiter,4,90,90.175,0.175
2025-12-09 01:45:00,Aspect,Square,Mars,Sagittarius,"0°52'15.57""",Mula,Ketu,1,Saturn,Pisces,"1°02'18.30""",Purva Bhadrapada,Jupiter,4,90,90.1674,0.1674
2025-12-09 02:00:00,Aspect,Square,Mars,Sagittarius,"0°52'43.63""",Mula,Ketu,1,Saturn,Pisces,"1°02'19.01""",Purva Bhadrapada,Jupiter,4,90,90.1598,0.1598
2025-12-09 02:15:00,Aspect,Square,Mars,Sagittarius,"0°53'11.69""",Mula,Ketu,1,Saturn,Pisces,"1°02'19.72""",Purva Bhadrapada,Jupiter,4,90,90.1522,0.1522
2025-12-09 02:30:00,Aspect,Square,Mars,Sagittarius,"0°53'39.76""",Mula,Ketu,1,Saturn,Pisces,"1°02'20.44""",Purva Bhadrapada,Jupiter,4,90,90.1446,0.1446
2025-12-09 02:45:00,Aspect,Square,Mars,Sagittarius,"0°54'07.82""",Mula,Ketu,1,Saturn,Pisces,"1°02'21.15""",Purva Bhadrapada,Jupiter,4,90,90.137,0.137
2025-12-09 03:00:00,Aspect,Square,Mars,Sagittarius,"0°54'35.88""",Mula,Ketu,1,Saturn,Pisces,"1°02'21.86""",Purva Bhadrapada,Jupiter,4,90,90.1294,0.1294
2025-12-09 03:15:00,Aspect,Square,Mars,Sagittarius,"0°55'03.95""",Mula,Ketu,1,Saturn,Pisces,"1°02'22.58""",Purva Bhadrapada,Jupiter,4,90,90.1218,0.1218
2025-12-09 03:30:00,Aspect,Square,Mars,Sagittarius,"0°55'32.01""",Mula,Ketu,1,Saturn,Pisces,"1°02'23.30""",Purva Bhadrapada,Jupiter,4,90,90.1142,0.1142
2025-12-09 03:45:00,Aspect,Square,Mars,Sagittarius,"0°56'00.08""",Mula,Ketu,1,Saturn,Pisces,"1°02'24.01""",Purva Bhadrapada,Jupiter,4,90,90.1066,0.1066
2025-12-09 04:00:00,Aspect,Square,Mars,Sagittarius,"0°56'28.14""",Mula,Ketu,1,Saturn,Pisces,"1°02'24.73""",Purva Bhadrapada,Jupiter,4,90,90.0991,0.0991
2025-12-09 04:15:00,Aspect,Square,Mars,Sagittarius,"0°56'56.21""",Mula,Ketu,1,Saturn,Pisces,"1°02'25.45""",Purva Bhadrapada,Jupiter,4,90,90.0915,0.0915
2025-12-09 04:30:00,Aspect,Square,Mars,Sagittarius,"0°57'24.27""",Mula,Ketu,1,Saturn,Pisces,"1°02'26.17""",Purva Bhadrapada,Jupiter,4,90,90.0839,0.0839
2025-12-09 04:45:00,Aspect,Square,Mars,Sagittarius,"0°57'52.34""",Mula,Ketu,1,Saturn,Pisces,"1°02'26.89""",Purva Bhadrapada,Jupiter,4,90,90.0763,0.0763
2025-12-09 05:00:00,Aspect,Square,Mars,Sagittarius,"0°58'20.41""",Mula,Ketu,1,Saturn,Pisces,"1°02'27.61""",Purva Bhadrapada,Jupiter,4,90,90.0687,0.0687
2025-12-09 05:15:00,Aspect,Square,Mars,Sagittarius,"0°58'48.47""",Mula,Ketu,1,Saturn,Pisces,"1°02'28.33""",Purva Bhadrapada,Jupiter,4,90,90.0611,0.0611
2025-12-09 05:30:00,Aspect,Square,Mars,Sagittarius,"0°59'16.54""",Mula,Ketu,1,Saturn,Pisces,"1°02'29.05""",Purva Bhadrapada,Jupiter,4,90,90.0535,0.0535
2025-12-09 05:45:00,Aspect,Square,Mars,Sagittarius,"0°59'44.61""",Mula,Ketu,1,Saturn,Pisces,"1°02'29.77""",Purva Bhadrapada,Jupiter,4,90,90.0459,0.0459
2025-12-09 06:00:00,Aspect,Square,Mars,Sagittarius,"1°00'12.68""",Mula,Ketu,1,Saturn,Pisces,"1°02'30.50""",Purva Bhadrapada,Jupiter,4,90,90.0383,0.0383
2025-12-09 06:15:00,Aspect,Square,Mars,Sagittarius,"1°00'40.74""",Mula,Ketu,1,Saturn,Pisces,"1°02'31.22""",Purva Bhadrapada,Jupiter,4,90,90.0307,0.0307
2025-12-09 06:30:00,Aspect,Square,Mars,Sagittarius,"1°01'08.81""",Mula,Ketu,1,Saturn,Pisces,"1°02'31.94""",Purva Bhadrapada,Jupiter,4,90,90.0231,0.0231
2025-12-09 06:45:00,Aspect,Square,Mars,Sagittarius,"1°01'36.88""",Mula,Ketu,1,Saturn,Pisces,"1°02'32.67""",Purva Bhadrapada,Jupiter,4,90,90.0155,0.0155
2025-12-09 07:00:00,Aspect,Square,Mars,Sagittarius,"1°02'04.95""",Mula,Ketu,1,Saturn,Pisces,"1°02'33.40""",Purva Bhadrapada,Jupiter,4,90,90.0079,0.0079
2025-12-09 07:15:00,Aspect,Square,Mars,Sagittarius,"1°02'33.02""",Mula,Ketu,1,Saturn,Pisces,"1°02'34.12""",Purva Bhadrapada,Jupiter,4,90,90.0003,0.0003
2025-12-09 07:30:00,Aspect,Square,Mars,Sagittarius,"1°03'01.09""",Mula,Ketu,1,Saturn,Pisces,"1°02'34.85""",Purva Bhadrapada,Jupiter,4,90,89.9927,0.0073
2025-12-09 07:45:00,Aspect,Square,Mars,Sagittarius,"1°03'29.16""",Mula,Ketu,1,Saturn,Pisces,"1°02'35.58""",Purva Bhadrapada,Jupiter,4,90,89.9851,0.0149
2025-12-09 08:00:00,Aspect,Square,Mars,Sagittarius,"1°03'57.23""",Mula,Ketu,1,Saturn,Pisces,"1°02'36.31""",Purva Bhadrapada,Jupiter,4,90,89.9775,0.0225
2025-12-09 08:15:00,Aspect,Square,Mars,Sagittarius,"1°04'25.30""",Mula,Ketu,1,Saturn,Pisces,"1°02'37.04""",Purva Bhadrapada,Jupiter,4,90,89.9699,0.0301
2025-12-09 08:30:00,Aspect,Square,Mars,Sagittarius,"1°04'53.38""",Mula,Ketu,1,Saturn,Pisces,"1°02'37.77""",Purva Bhadrapada,Jupiter,4,90,89.9623,0.0377
2025-12-09 08:45:00,Aspect,Square,Mars,Sagittarius,"1°05'21.45""",Mula,Ketu,1,Saturn,Pisces,"1°02'38.50""",Purva Bhadrapada,Jupiter,4,90,89.9547,0.0453
2025-12-09 09:00:00,Aspect,Square,Mars,Sagittarius,"1°05'49.52""",Mula,Ketu,1,Saturn,Pisces,"1°02'39.23""",Purva Bhadrapada,Jupiter,4,90,89.9471,0.0529
2025-12-09 09:15:00,Aspect,Square,Mars,Sagittarius,"1°06'17.59""",Mula,Ketu,1,Saturn,Pisces,"1°02'39.96""",Purva Bhadrapada,Jupiter,4,90,89.9395,0.0605
2025-12-09 09:30:00,Aspect,Square,Mars,Sagittarius,"1°06'45.66""",Mula,Ketu,1,Saturn,Pisces,"1°02'40.69""",Purva Bhadrapada,Jupiter,4,90,89.932,0.068
2025-12-09 09:45:00,Aspect,Square,Mars,Sagittarius,"1°07'13.74""",Mula,Ketu,1,Saturn,Pisces,"1°02'41.43""",Purva Bhadrapada,Jupiter,4,90,89.9244,0.0756
2025-12-09 10:00:00,Aspect,Square,Mars,Sagittarius,"1°07'41.81""",Mula,Ketu,1,Saturn,Pisces,"1°02'42.16""",Purva Bhadrapada,Jupiter,4,90,89.9168,0.0832
2025-12-09 10:15:00,Aspect,Square,Mars,Sagittarius,"1°08'09.88""",Mula,Ketu,1,Saturn,Pisces,"1°02'42.89""",Purva Bhadrapada,Jupiter,4,90,89.9092,0.0908
2025-12-09 10:30:00,Aspect,Square,Mars,Sagittarius,"1°08'37.96""",Mula,Ketu,1,Saturn,Pisces,"1°02'43.63""",Purva Bhadrapada,Jupiter,4,90,89.9016,0.0984
2025-12-09 10:45:00,Aspect,Square,Mars,Sagittarius,"1°09'06.03""",Mula,Ketu,1,Saturn,Pisces,"1°02'44.37""",Purva Bhadrapada,Jupiter,4,90,89.894,0.106
2025-12-09 11:00:00,Aspect,Square,Mars,Sagittarius,"1°09'34.11""",Mula,Ketu,1,Saturn,Pisces,"1°02'45.10""",Purva Bhadrapada,Jupiter,4,90,89.8864,0.1136
2025-12-09 11:15:00,Aspect,Square,Mars,Sagittarius,"1°10'02.18""",Mula,Ketu,1,Saturn,Pisces,"1°02'45.84""",Purva Bhadrapada,Jupiter,4,90,89.8788,0.1212
2025-12-09 11:30:00,Aspect,Square,Mars,Sagittarius,"1°10'30.26""",Mula,Ketu,1,Saturn,Pisces,"1°02'46.58""",Purva Bhadrapada,Jupiter,4,90,89.8712,0.1288
2025-12-09 11:45:00,Aspect,Square,Mars,Sagittarius,"1°10'58.34""",Mula,Ketu,1,Saturn,Pisces,"1°02'47.32""",Purva Bhadrapada,Jupiter,4,90,89.8636,0.1364
2025-12-09 12:00:00,Aspect,Square,Mars,Sagittarius,"1°11'26.41""",Mula,Ketu,1,Saturn,Pisces,"1°02'48.06""",Purva Bhadrapada,Jupiter,4,90,89.856,0.144
2025-12-09 12:15:00,Aspect,Square,Mars,Sagittarius,"1°11'54.49""",Mula,Ketu,1,Saturn,Pisces,"1°02'48.80""",Purva Bhadrapada,Jupiter,4,90,89.8484,0.1516
2025-12-09 12:30:00,Aspect,Square,Mars,Sagittarius,"1°12'22.56""",Mula,Ketu,1,Saturn,Pisces,"1°02'49.54""",Purva Bhadrapada,Jupiter,4,90,89.8408,0.1592
2025-12-09 12:45:00,Aspect,Square,Mars,Sagittarius,"1°12'50.64""",Mula,Ketu,1,Saturn,Pisces,"1°02'50.28""",Purva Bhadrapada,Jupiter,4,90,89.8332,0.1668
2025-12-09 13:00:00,Aspect,Square,Mars,Sagittarius,"1°13'18.72""",Mula,Ketu,1,Saturn,Pisces,"1°02'51.02""",Purva Bhadrapada,Jupiter,4,90,89.8256,0.1744
2025-12-09 13:15:00,Aspect,Square,Mars,Sagittarius,"1°13'46.80""",Mula,Ketu,1,Saturn,Pisces,"1°02'51.77""",Purva Bhadrapada,Jupiter,4,90,89.818,0.182
2025-12-09 13:30:00,Aspect,Square,Mars,Sagittarius,"1°14'14.88""",Mula,Ketu,1,Saturn,Pisces,"1°02'52.51""",Purva Bhadrapada,Jupiter,4,90,89.8105,0.1895
2025-12-09 13:45:00,Aspect,Square,Mars,Sagittarius,"1°14'42.95""",Mula,Ketu,1,Saturn,Pisces,"1°02'53.26""",Purva Bhadrapada,Jupiter,4,90,89.8029,0.1971
2025-12-09 14:00:00,Aspect,Square,Mars,Sagittarius,"1°15'11.03""",Mula,Ketu,1,Saturn,Pisces,"1°02'54.00""",Purva Bhadrapada,Jupiter,4,90,89.7953,0.2047
2025-12-09 14:15:00,Aspect,Square,Mars,Sagittarius,"1°15'39.11""",Mula,Ketu,1,Saturn,Pisces,"1°02'54.75""",Purva Bhadrapada,Jupiter,4,90,89.7877,0.2123
2025-12-09 14:30:00,Aspect,Square,Mars,Sagittarius,"1°16'07.19""",Mula,Ketu,1,Saturn,Pisces,"1°02'55.49""",Purva Bhadrapada,Jupiter,4,90,89.7801,0.2199
2025-12-09 14:45:00,Aspect,Square,Mars,Sagittarius,"1°16'35.27""",Mula,Ketu,1,Saturn,Pisces,"1°02'56.24""",Purva Bhadrapada,Jupiter,4,90,89.7725,0.2275
2025-12-09 15:00:00,Aspect,Square,Mars,Sagittarius,"1°17'03.35""",Mula,Ketu,1,Saturn,Pisces,"1°02'56.99""",Purva Bhadrapada,Jupiter,4,90,89.7649,0.2351
2025-12-09 15:15:00,Aspect,Square,Mars,Sagittarius,"1°17'31.43""",Mula,Ketu,1,Saturn,Pisces,"1°02'57.74""",Purva Bhadrapada,Jupiter,4,90,89.7573,0.2427
2025-12-09 15:30:00,Aspect,Square,Mars,Sagittarius,"1°17'59.52""",Mula,Ketu,1,Saturn,Pisces,"1°02'58.49""",Purva Bhadrapada,Jupiter,4,90,89.7497,0.2503
2025-12-09 15:45:00,Aspect,Square,Mars,Sagittarius,"1°18'27.60""",Mula,Ketu,1,Saturn,Pisces,"1°02'59.24""",Purva Bhadrapada,Jupiter,4,90,89.7421,0.2579
2025-12-09 16:00:00,Aspect,Square,Mars,Sagittarius,"1°18'55.68""",Mula,Ketu,1,Saturn,Pisces,"1°02'59.99""",Purva Bhadrapada,Jupiter,4,90,89.7345,0.2655
2025-12-09 16:15:00,Aspect,Square,Mars,Sagittarius,"1°19'23.76""",Mula,Ketu,1,Saturn,Pisces,"1°03'00.74""",Purva Bhadrapada,Jupiter,4,90,89.7269,0.2731
2025-12-09 16:30:00,Aspect,Square,Mars,Sagittarius,"1°19'51.84""",Mula,Ketu,1,Saturn,Pisces,"1°03'01.49""",Purva Bhadrapada,Jupiter,4,90,89.7193,0.2807
2025-12-09 16:45:00,Aspect,Square,Mars,Sagittarius,"1°20'19.93""",Mula,Ketu,1,Saturn,Pisces,"1°03'02.25""",Purva Bhadrapada,Jupiter,4,90,89.7118,0.2882
2025-12-09 17:00:00,Aspect,Square,Mars,Sagittarius,"1°20'48.01""",Mula,Ketu,1,Saturn,Pisces,"1°03'03.00""",Purva Bhadrapada,Jupiter,4,90,89.7042,0.2958
2025-12-09 17:15:00,Aspect,Square,Mars,Sagittarius,"1°21'16.09""",Mula,Ketu,1,Saturn,Pisces,"1°03'03.75""",Purva Bhadrapada,Jupiter,4,90,89.6966,0.3034
2025-12-09 17:30:00,Aspect,Square,Mars,Sagittarius,"1°21'44.18""",Mula,Ketu,1,Saturn,Pisces,"1°03'04.51""",Purva Bhadrapada,Jupiter,4,90,89.689,0.311
2025-12-09 17:45:00,Aspect,Square,Mars,Sagittarius,"1°22'12.26""",Mula,Ketu,1,Saturn,Pisces,"1°03'05.26""",Purva Bhadrapada,Jupiter,4,90,89.6814,0.3186
2025-12-09 18:00:00,Aspect,Square,Mars,Sagittarius,"1°22'40.34""",Mula,Ketu,1,Saturn,Pisces,"1°03'06.02""",Purva Bhadrapada,Jupiter,4,90,89.6738,0.3262
2025-12-09 18:15:00,Aspect,Square,Mars,Sagittarius,"1°23'08.43""",Mula,Ketu,1,Saturn,Pisces,"1°03'06.78""",Purva Bhadrapada,Jupiter,4,90,89.6662,0.3338
2025-12-09 18:30:00,Aspect,Square,Mars,Sagittarius,"1°23'36.51""",Mula,Ketu,1,Saturn,Pisces,"1°03'07.54""",Purva Bhadrapada,Jupiter,4,90,89.6586,0.3414
2025-12-09 18:45:00,Aspect,Square,Mars,Sagittarius,"1°24'04.60""",Mula,Ketu,1,Saturn,Pisces,"1°03'08.29""",Purva Bhadrapada,Jupiter,4,90,89.651,0.349
2025-12-09 19:00:00,Aspect,Square,Mars,Sagittarius,"1°24'32.69""",Mula,Ketu,1,Saturn,Pisces,"1°03'09.05""",Purva Bhadrapada,Jupiter,4,90,89.6434,0.3566
2025-12-09 19:15:00,Aspect,Square,Mars,Sagittarius,"1°25'00.77""",Mula,Ketu,1,Saturn,Pisces,"1°03'09.81""",Purva Bhadrapada,Jupiter,4,90,89.6358,0.3642
2025-12-09 19:30:00,Aspect,Square,Mars,Sagittarius,"1°25'28.86""",Mula,Ketu,1,Saturn,Pisces,"1°03'10.57""",Purva Bhadrapada,Jupiter,4,90,89.6283,0.3717
2025-12-09 19:45:00,Aspect,Square,Mars,Sagittarius,"1°25'56.95""",Mula,Ketu,1,Saturn,Pisces,"1°03'11.34""",Purva Bhadrapada,Jupiter,4,90,89.6207,0.3793
2025-12-09 20:00:00,Aspect,Square,Mars,Sagittarius,"1°26'25.03""",Mula,Ketu,1,Saturn,Pisces,"1°03'12.10""",Purva Bhadrapada,Jupiter,4,90,89.6131,0.3869
2025-12-09 20:15:00,Aspect,Square,Mars,Sagittarius,"1°26'53.12""",Mula,Ketu,1,Saturn,Pisces,"1°03'12.86""",Purva Bhadrapada,Jupiter,4,90,89.6055,0.3945
2025-12-09 20:30:00,Aspect,Square,Mars,Sagittarius,"1°27'21.21""",Mula,Ketu,1,Saturn,Pisces,"1°03'13.62""",Purva Bhadrapada,Jupiter,4,90,89.5979,0.4021
2025-12-09 20:45:00,Aspect,Square,Mars,Sagittarius,"1°27'49.30""",Mula,Ketu,1,Saturn,Pisces,"1°03'14.39""",Purva Bhadrapada,Jupiter,4,90,89.5903,0.4097
2025-12-09 21:00:00,Aspect,Square,Mars,Sagittarius,"1°28'17.39""",Mula,Ketu,1,Saturn,Pisces,"1°03'15.15""",Purva Bhadrapada,Jupiter,4,90,89.5827,0.4173
2025-12-09 21:15:00,Aspect,Square,Mars,Sagittarius,"1°28'45.47""",Mula,Ketu,1,Saturn,Pisces,"1°03'15.92""",Purva Bhadrapada,Jupiter,4,90,89.5751,0.4249
2025-12-09 21:30:00,Aspect,Square,Mars,Sagittarius,"1°29'13.56""",Mula,Ketu,1,Saturn,Pisces,"1°03'16.68""",Purva Bhadrapada,Jupiter,4,90,89.5675,0.4325
2025-12-09 21:45:00,Aspect,Square,Mars,Sagittarius,"1°29'41.65""",Mula,Ketu,1,Saturn,Pisces,"1°03'17.45""",Purva Bhadrapada,Jupiter,4,90,89.5599,0.4401
2025-12-09 22:00:00,Aspect,Square,Mars,Sagittarius,"1°30'09.74""",Mula,Ketu,1,Saturn,Pisces,"1°03'18.22""",Purva Bhadrapada,Jupiter,4,90,89.5524,0.4476
2025-12-09 22:15:00,Aspect,Square,Mars,Sagittarius,"1°30'37.83""",Mula,Ketu,1,Saturn,Pisces,"1°03'18.99""",Purva Bhadrapada,Jupiter,4,90,89.5448,0.4552
2025-12-09 22:30:00,Aspect,Square,Mars,Sagittarius,"1°31'05.92""",Mula,Ketu,1,Saturn,Pisces,"1°03'19.76""",Purva Bhadrapada,Jupiter,4,90,89.5372,0.4628
2025-12-09 22:45:00,Aspect,Square,Mars,Sagittarius,"1°31'34.02""",Mula,Ketu,1,Saturn,Pisces,"1°03'20.52""",Purva Bhadrapada,Jupiter,4,90,89.5296,0.4704
2025-12-09 23:00:00,Aspect,Square,Mars,Sagittarius,"1°32'02.11""",Mula,Ketu,1,Saturn,Pisces,"1°03'21.29""",Purva Bhadrapada,Jupiter,4,90,89.522,0.478
2025-12-09 23:15:00,Aspect,Square,Mars,Sagittarius,"1°32'30.20""",Mula,Ketu,1,Saturn,Pisces,"1°03'22.07""",Purva Bhadrapada,Jupiter,4,90,89.5144,0.4856
2025-12-09 23:30:00,Aspect,Square,Mars,Sagittarius,"1°32'58.29""",Mula,Ketu,1,Saturn,Pisces,"1°03'22.84""",Purva Bhadrapada,Jupiter,4,90,89.5068,0.4932
2025-12-09 23:45:00,Aspect,Square,Mars,Sagittarius,"1°33'26.38""",Mula,Ketu,1,Saturn,Pisces,"1°03'23.61""",Purva Bhadrapada,Jupiter,4,90,89.4992,0.5008
2025-12-10 00:00:00,Aspect,Square,Mars,Sagittarius,"1°33'54.48""",Mula,Ketu,1,Saturn,Pisces,"1°03'24.38""",Purva Bhadrapada,Jupiter,4,90,89.4916,0.5084
2025-12-10 00:15:00,Aspect,Square,Mars,Sagittarius,"1°34'22.57""",Mula,Ketu,1,Saturn,Pisces,"1°03'25.16""",Purva Bhadrapada,Jupiter,4,90,89.4841,0.5159
2025-12-10 00:30:00,Aspect,Square,Mars,Sagittarius,"1°34'50.66""",Mula,Ketu,1,Saturn,Pisces,"1°03'25.93""",Purva Bhadrapada,Jupiter,4,90,89.4765,0.5235
2025-12-10 00:45:00,Aspect,Square,Mars,Sagittarius,"1°35'18.76""",Mula,Ketu,1,Saturn,Pisces,"1°03'26.71""",Purva Bhadrapada,Jupiter,4,90,89.4689,0.5311
2025-12-10 01:00:00,Aspect,Square,Mars,Sagittarius,"1°35'46.85""",Mula,Ketu,1,Saturn,Pisces,"1°03'27.48""",Purva Bhadrapada,Jupiter,4,90,89.4613,0.5387
2025-12-10 01:15:00,Aspect,Square,Mars,Sagittarius,"1°36'14.94""",Mula,Ketu,1,Saturn,Pisces,"1°03'28.26""",Purva Bhadrapada,Jupiter,4,90,89.4537,0.5463
2025-12-10 01:30:00,Aspect,Square,Mars,Sagittarius,"1°36'43.04""",Mula,Ketu,1,Saturn,Pisces,"1°03'29.04""",Purva Bhadrapada,Jupiter,4,90,89.4461,0.5539
2025-12-10 01:45:00,Aspect,Square,Mars,Sagittarius,"1°37'11.13""",Mula,Ketu,1,Saturn,Pisces,"1°03'29.81""",Purva Bhadrapada,Jupiter,4,90,89.4385,0.5615
2025-12-10 02:00:00,Aspect,Square,Mars,Sagittarius,"1°37'39.23""",Mula,Ketu,1,Saturn,Pisces,"1°03'30.59""",Purva Bhadrapada,Jupiter,4,90,89.4309,0.5691
2025-12-10 02:15:00,Aspect,Square,Mars,Sagittarius,"1°38'07.33""",Mula,Ketu,1,Saturn,Pisces,"1°03'31.37""",Purva Bhadrapada,Jupiter,4,90,89.4233,0.5767
2025-12-10 02:30:00,Aspect,Square,Mars,Sagittarius,"1°38'35.42""",Mula,Ketu,1,Saturn,Pisces,"1°03'32.15""",Purva Bhadrapada,Jupiter,4,90,89.4158,0.5842
2025-12-10 02:45:00,Aspect,Square,Mars,Sagittarius,"1°39'03.52""",Mula,Ketu,1,Saturn,Pisces,"1°03'32.93""",Purva Bhadrapada,Jupiter,4,90,89.4082,0.5918
2025-12-10 03:00:00,Aspect,Square,Mars,Sagittarius,"1°39'31.62""",Mula,Ketu,1,Saturn,Pisces,"1°03'33.71""",Purva Bhadrapada,Jupiter,4,90,89.4006,0.5994
2025-12-10 03:15:00,Aspect,Square,Mars,Sagittarius,"1°39'59.71""",Mula,Ketu,1,Saturn,Pisces,"1°03'34.50""",Purva Bhadrapada,Jupiter,4,90,89.393,0.607
2025-12-10 03:30:00,Aspect,Square,Mars,Sagittarius,"1°40'27.81""",Mula,Ketu,1,Saturn,Pisces,"1°03'35.28""",Purva Bhadrapada,Jupiter,4,90,89.3854,0.6146
2025-12-10 03:45:00,Aspect,Square,Mars,Sagittarius,"1°40'55.91""",Mula,Ketu,1,Saturn,Pisces,"1°03'36.06""",Purva Bhadrapada,Jupiter,4,90,89.3778,0.6222
2025-12-10 04:00:00,Aspect,Square,Mars,Sagittarius,"1°41'24.01""",Mula,Ketu,1,Saturn,Pisces,"1°03'36.85""",Purva Bhadrapada,Jupiter,4,90,89.3702,0.6298
2025-12-10 04:15:00,Aspect,Square,Mars,Sagittarius,"1°41'52.11""",Mula,Ketu,1,Saturn,Pisces,"1°03'37.63""",Purva Bhadrapada,Jupiter,4,90,89.3626,0.6374
2025-12-10 04:30:00,Aspect,Square,Mars,Sagittarius,"1°42'20.20""",Mula,Ketu,1,Saturn,Pisces,"1°03'38.42""",Purva Bhadrapada,Jupiter,4,90,89.3551,0.6449
2025-12-10 04:45:00,Aspect,Square,Mars,Sagittarius,"1°42'48.30""",Mula,Ketu,1,Saturn,Pisces,"1°03'39.20""",Purva Bhadrapada,Jupiter,4,90,89.3475,0.6525
2025-12-10 05:00:00,Aspect,Square,Mars,Sagittarius,"1°43'16.40""",Mula,Ketu,1,Saturn,Pisces,"1°03'39.99""",Purva Bhadrapada,Jupiter,4,90,89.3399,0.6601
2025-12-10 05:15:00,Aspect,Square,Mars,Sagittarius,"1°43'44.50""",Mula,Ketu,1,Saturn,Pisces,"1°03'40.78""",Purva Bhadrapada,Jupiter,4,90,89.3323,0.6677
2025-12-10 05:30:00,Aspect,Square,Mars,Sagittarius,"1°44'12.60""",Mula,Ketu,1,Saturn,Pisces,"1°03'41.57""",Purva Bhadrapada,Jupiter,4,90,89.3247,0.6753
2025-12-10 05:45:00,Aspect,Square,Mars,Sagittarius,"1°44'40.70""",Mula,Ketu,1,Saturn,Pisces,"1°03'42.35""",Purva Bhadrapada,Jupiter,4,90,89.3171,0.6829
2025-12-10 06:00:00,Aspect,Square,Mars,Sagittarius,"1°45'08.81""",Mula,Ketu,1,Saturn,Pisces,"1°03'43.14""",Purva Bhadrapada,Jupiter,4,90,89.3095,0.6905
2025-12-10 06:15:00,Aspect,Square,Mars,Sagittarius,"1°45'36.91""",Mula,Ketu,1,Saturn,Pisces,"1°03'43.93""",Purva Bhadrapada,Jupiter,4,90,89.302,0.698
2025-12-10 06:30:00,Aspect,Square,Mars,Sagittarius,"1°46'05.01""",Mula,Ketu,1,Saturn,Pisces,"1°03'44.73""",Purva Bhadrapada,Jupiter,4,90,89.2944,0.7056
2025-12-10 06:45:00,Aspect,Square,Mars,Sagittarius,"1°46'33.11""",Mula,Ketu,1,Saturn,Pisces,"1°03'45.52""",Purva Bhadrapada,Jupiter,4,90,89.2868,0.7132
2025-12-10 07:00:00,Aspect,Square,Mars,Sagittarius,"1°47'01.21""",Mula,Ketu,1,Saturn,Pisces,"1°03'46.31""",Purva Bhadrapada,Jupiter,4,90,89.2792,0.7208
2025-12-10 07:15:00,Aspect,Square,Mars,Sagittarius,"1°47'29.32""",Mula,Ketu,1,Saturn,Pisces,"1°03'47.10""",Purva Bhadrapada,Jupiter,4,90,89.2716,0.7284
2025-12-10 07:30:00,Aspect,Square,Mars,Sagittarius,"1°47'57.42""",Mula,Ketu,1,Saturn,Pisces,"1°03'47.90""",Purva Bhadrapada,Jupiter,4,90,89.264,0.736
2025-12-10 07:45:00,Aspect,Square,Mars,Sagittarius,"1°48'25.52""",Mula,Ketu,1,Saturn,Pisces,"1°03'48.69""",Purva Bhadrapada,Jupiter,4,90,89.2564,0.7436
2025-12-10 08:00:00,Aspect,Square,Mars,Sagittarius,"1°48'53.63""",Mula,Ketu,1,Saturn,Pisces,"1°03'49.49""",Purva Bhadrapada,Jupiter,4,90,89.2489,0.7511
2025-12-10 08:15:00,Aspect,Square,Mars,Sagittarius,"1°49'21.73""",Mula,Ketu,1,Saturn,Pisces,"1°03'50.28""",Purva Bhadrapada,Jupiter,4,90,89.2413,0.7587
2025-12-10 08:30:00,Aspect,Square,Mars,Sagittarius,"1°49'49.83""",Mula,Ketu,1,Saturn,Pisces,"1°03'51.08""",Purva Bhadrapada,Jupiter,4,90,89.2337,0.7663
2025-12-10 08:45:00,Aspect,Square,Mars,Sagittarius,"1°50'17.94""",Mula,Ketu,1,Saturn,Pisces,"1°03'51.88""",Purva Bhadrapada,Jupiter,4,90,89.2261,0.7739
2025-12-10 09:00:00,Aspect,Square,Mars,Sagittarius,"1°50'46.04""",Mula,Ketu,1,Saturn,Pisces,"1°03'52.67""",Purva Bhadrapada,Jupiter,4,90,89.2185,0.7815
2025-12-10 09:15:00,Aspect,Square,Mars,Sagittarius,"1°51'14.15""",Mula,Ketu,1,Saturn,Pisces,"1°03'53.47""",Purva Bhadrapada,Jupiter,4,90,89.2109,0.7891
2025-12-10 09:30:00,Aspect,Square,Mars,Sagittarius,"1°51'42.25""",Mula,Ketu,1,Saturn,Pisces,"1°03'54.27""",Purva Bhadrapada,Jupiter,4,90,89.2033,0.7967
2025-12-10 09:45:00,Aspect,Square,Mars,Sagittarius,"1°52'10.36""",Mula,Ketu,1,Saturn,Pisces,"1°03'55.07""",Purva Bhadrapada,Jupiter,4,90,89.1958,0.8042
2025-12-10 10:00:00,Aspect,Square,Mars,Sagittarius,"1°52'38.47""",Mula,Ketu,1,Saturn,Pisces,"1°03'55.87""",Purva Bhadrapada,Jupiter,4,90,89.1882,0.8118
2025-12-10 10:15:00,Aspect,Square,Mars,Sagittarius,"1°53'06.57""",Mula,Ketu,1,Saturn,Pisces,"1°03'56.67""",Purva Bhadrapada,Jupiter,4,90,89.1806,0.8194
2025-12-10 10:30:00,Aspect,Square,Mars,Sagittarius,"1°53'34.68""",Mula,Ketu,1,Saturn,Pisces,"1°03'57.48""",Purva Bhadrapada,Jupiter,4,90,89.173,0.827
2025-12-10 10:45:00,Aspect,Square,Mars,Sagittarius,"1°54'02.79""",Mula,Ketu,1,Saturn,Pisces,"1°03'58.28""",Purva Bhadrapada,Jupiter,4,90,89.1654,0.8346
2025-12-10 11:00:00,Aspect,Square,Mars,Sagittarius,"1°54'30.90""",Mula,Ketu,1,Saturn,Pisces,"1°03'59.08""",Purva Bhadrapada,Jupiter,4,90,89.1578,0.8422
2025-12-10 11:15:00,Aspect,Square,Mars,Sagittarius,"1°54'59.01""",Mula,Ketu,1,Saturn,Pisces,"1°03'59.89""",Purva Bhadrapada,Jupiter,4,90,89.1502,0.8498
2025-12-10 11:30:00,Aspect,Square,Mars,Sagittarius,"1°55'27.11""",Mula,Ketu,1,Saturn,Pisces,"1°04'00.69""",Purva Bhadrapada,Jupiter,4,90,89.1427,0.8573
2025-12-10 11:45:00,Aspect,Square,Mars,Sagittarius,"1°55'55.22""",Mula,Ketu,1,Saturn,Pisces,"1°04'01.50""",Purva Bhadrapada,Jupiter,4,90,89.1351,0.8649
2025-12-10 12:00:00,Aspect,Square,Mars,Sagittarius,"1°56'23.33""",Mula,Ketu,1,Saturn,Pisces,"1°04'02.30""",Purva Bhadrapada,Jupiter,4,90,89.1275,0.8725
2025-12-10 12:15:00,Aspect,Square,Mars,Sagittarius,"1°56'51.44""",Mula,Ketu,1,Saturn,Pisces,"1°04'03.11""",Purva Bhadrapada,Jupiter,4,90,89.1199,0.8801
2025-12-10 12:30:00,Aspect,Square,Mars,Sagittarius,"1°57'19.55""",Mula,Ketu,1,Saturn,Pisces,"1°04'03.92""",Purva Bhadrapada,Jupiter,4,90,89.1123,0.8877
2025-12-10 12:45:00,Aspect,Square,Mars,Sagittarius,"1°57'47.66""",Mula,Ketu,1,Saturn,Pisces,"1°04'04.73""",Purva Bhadrapada,Jupiter,4,90,89.1047,0.8953
2025-12-10 13:00:00,Aspect,Square,Mars,Sagittarius,"1°58'15.77""",Mula,Ketu,1,Saturn,Pisces,"1°04'05.54""",Purva Bhadrapada,Jupiter,4,90,89.0972,0.9028
2025-12-10 13:15:00,Aspect,Square,Mars,Sagittarius,"1°58'43.88""",Mula,Ketu,1,Saturn,Pisces,"1°04'06.35""",Purva Bhadrapada,Jupiter,4,90,89.0896,0.9104
2025-12-10 13:30:00,Aspect,Square,Mars,Sagittarius,"1°59'11.99""",Mula,Ketu,1,Saturn,Pisces,"1°04'07.16""",Purva Bhadrapada,Jupiter,4,90,89.082,0.918
2025-12-10 13:45:00,Aspect,Square,Mars,Sagittarius,"1°59'40.11""",Mula,Ketu,1,Saturn,Pisces,"1°04'07.97""",Purva Bhadrapada,Jupiter,4,90,89.0744,0.9256
2025-12-10 14:00:00,Aspect,Square,Mars,Sagittarius,"2°00'08.22""",Mula,Ketu,1,Saturn,Pisces,"1°04'08.78""",Purva Bhadrapada,Jupiter,4,90,89.0668,0.9332
2025-12-10 14:15:00,Aspect,Square,Mars,Sagittarius,"2°00'36.33""",Mula,Ketu,1,Saturn,Pisces,"1°04'09.59""",Purva Bhadrapada,Jupiter,4,90,89.0592,0.9408
2025-12-10 14:30:00,Aspect,Square,Mars,Sagittarius,"2°01'04.44""",Mula,Ketu,1,Saturn,Pisces,"1°04'10.41""",Purva Bhadrapada,Jupiter,4,90,89.0517,0.9483
2025-12-10 14:45:00,Aspect,Square,Mars,Sagittarius,"2°01'32.56""",Mula,Ketu,1,Saturn,Pisces,"1°04'11.22""",Purva Bhadrapada,Jupiter,4,90,89.0441,0.9559
2025-12-10 15:00:00,Aspect,Square,Mars,Sagittarius,"2°02'00.67""",Mula,Ketu,1,Saturn,Pisces,"1°04'12.03""",Purva Bhadrapada,Jupiter,4,90,89.0365,0.9635
2025-12-10 15:15:00,Aspect,Square,Mars,Sagittarius,"2°02'28.78""",Mula,Ketu,1,Saturn,Pisces,"1°04'12.85""",Purva Bhadrapada,Jupiter,4,90,89.0289,0.9711
2025-12-10 15:30:00,Aspect,Square,Mars,Sagittarius,"2°02'56.90""",Mula,Ketu,1,Saturn,Pisces,"1°04'13.67""",Purva Bhadrapada,Jupiter,4,90,89.0213,0.9787
2025-12-10 15:45:00,Aspect,Square,Mars,Sagittarius,"2°03'25.01""",Mula,Ketu,1,Saturn,Pisces,"1°04'14.48""",Purva Bhadrapada,Jupiter,4,90,89.0137,0.9863
2025-12-10 16:00:00,Aspect,Square,Mars,Sagittarius,"2°03'53.13""",Mula,Ketu,1,Saturn,Pisces,"1°04'15.30""",Purva Bhadrapada,Jupiter,4,90,89.0062,0.9938
2025-12-16 11:15:00,Aspect,Square,Sun,Sagittarius,"0°13'46.54""",Mula,Ketu,1,Saturn,Pisces,"1°13'37.74""",Purva Bhadrapada,Jupiter,4,90,90.9976,0.9976
2025-12-16 11:30:00,Aspect,Square,Sun,Sagittarius,"0°14'24.70""",Mula,Ketu,1,Saturn,Pisces,"1°13'38.94""",Purva Bhadrapada,Jupiter,4,90,90.9873,0.9873
2025-12-16 11:45:00,Aspect,Square,Sun,Sagittarius,"0°15'02.86""",Mula,Ketu,1,Saturn,Pisces,"1°13'40.14""",Purva Bhadrapada,Jupiter,4,90,90.977,0.977
2025-12-16 12:00:00,Aspect,Square,Sun,Sagittarius,"0°15'41.02""",Mula,Ketu,1,Saturn,Pisces,"1°13'41.35""",Purva Bhadrapada,Jupiter,4,90,90.9668,0.9668
2025-12-16 12:15:00,Aspect,Square,Sun,Sagittarius,"0°16'19.18""",Mula,Ketu,1,Saturn,Pisces,"1°13'42.55""",Purva Bhadrapada,Jupiter,4,90,90.9565,0.9565
2025-12-16 12:30:00,Aspect,Square,Sun,Sagittarius,"0°16'57.34""",Mula,Ketu,1,Saturn,Pisces,"1°13'43.75""",Purva Bhadrapada,Jupiter,4,90,90.9462,0.9462
2025-12-16 12:45:00,Aspect,Square,Sun,Sagittarius,"0°17'35.50""",Mula,Ketu,1,Saturn,Pisces,"1°13'44.96""",Purva Bhadrapada,Jupiter,4,90,90.936,0.936
2025-12-16 13:00:00,Aspect,Square,Sun,Sagittarius,"0°18'13.66""",Mula,Ketu,1,Saturn,Pisces,"1°13'46.16""",Purva Bhadrapada,Jupiter,4,90,90.9257,0.9257
2025-12-16 13:15:00,Aspect,Square,Sun,Sagittarius,"0°18'51.83""",Mula,Ketu,1,Saturn,Pisces,"1°13'47.37""",Purva Bhadrapada,Jupiter,4,90,90.9154,0.9154
2025-12-16 13:30:00,Aspect,Square,Sun,Sagittarius,"0°19'29.99""",Mula,Ketu,1,Saturn,Pisces,"1°13'48.58""",Purva Bhadrapada,Jupiter,4,90,90.9052,0.9052
2025-12-16 13:45:00,Aspect,Square,Sun,Sagittarius,"0°20'08.15""",Mula,Ketu,1,Saturn,Pisces,"1°13'49.78""",Purva Bhadrapada,Jupiter,4,90,90.8949,0.8949
2025-12-16 14:00:00,Aspect,Square,Sun,Sagittarius,"0°20'46.31""",Mula,Ketu,1,Saturn,Pisces,"1°13'50.99""",Purva Bhadrapada,Jupiter,4,90,90.8846,0.8846
2025-12-16 14:15:00,Aspect,Square,Sun,Sagittarius,"0°21'24.47""",Mula,Ketu,1,Saturn,Pisces,"1°13'52.20""",Purva Bhadrapada,Jupiter,4,90,90.8744,0.8744
2025-12-16 14:30:00,Aspect,Square,Sun,Sagittarius,"0°22'02.63""",Mula,Ketu,1,Saturn,Pisces,"1°13'53.41""",Purva Bhadrapada,Jupiter,4,90,90.8641,0.8641
2025-12-16 14:45:00,Aspect,Square,Sun,Sagittarius,"0°22'40.80""",Mula,Ketu,1,Saturn,Pisces,"1°13'54.62""",Purva Bhadrapada,Jupiter,4,90,90.8538,0.8538
2025-12-16 15:00:00,Aspect,Square,Sun,Sagittarius,"0°23'18.96""",Mula,Ketu,1,Saturn,Pisces,"1°13'55.83""",Purva Bhadrapada,Jupiter,4,90,90.8436,0.8436
2025-12-16 15:15:00,Aspect,Square,Sun,Sagittarius,"0°23'57.12""",Mula,Ketu,1,Saturn,Pisces,"1°13'57.04""",Purva Bhadrapada,Jupiter,4,90,90.8333,0.8333
2025-12-16 15:30:00,Aspect,Square,Sun,Sagittarius,"0°24'35.28""",Mula,Ketu,1,Saturn,Pisces,"1°13'58.25""",Purva Bhadrapada,Jupiter,4,90,90.823,0.823
2025-12-16 15:45:00,Aspect,Square,Sun,Sagittarius,"0°25'13.45""",Mula,Ketu,1,Saturn,Pisces,"1°13'59.46""",Purva Bhadrapada,Jupiter,4,90,90.8128,0.8128
2025-12-16 16:00:00,Aspect,Square,Sun,Sagittarius,"0°25'51.61""",Mula,Ketu,1,Saturn,Pisces,"1°14'00.68""",Purva Bhadrapada,Jupiter,4,90,90.8025,0.8025
2025-12-16 16:15:00,Aspect,Square,Sun,Sagittarius,"0°26'29.77""",Mula,Ketu,1,Saturn,Pisces,"1°14'01.89""",Purva Bhadrapada,Jupiter,4,90,90.7923,0.7923
2025-12-16 16:30:00,Aspect,Square,Sun,Sagittarius,"0°27'07.93""",Mula,Ketu,1,Saturn,Pisces,"1°14'03.11""",Purva Bhadrapada,Jupiter,4,90,90.782,0.782
2025-12-16 16:45:00,Aspect,Square,Sun,Sagittarius,"0°27'46.10""",Mula,Ketu,1,Saturn,Pisces,"1°14'04.32""",Purva Bhadrapada,Jupiter,4,90,90.7717,0.7717
2025-12-16 17:00:00,Aspect,Square,Sun,Sagittarius,"0°28'24.26""",Mula,Ketu,1,Saturn,Pisces,"1°14'05.54""",Purva Bhadrapada,Jupiter,4,90,90.7615,0.7615
2025-12-16 17:15:00,Aspect,Square,Sun,Sagittarius,"0°29'02.42""",Mula,Ketu,1,Saturn,Pisces,"1°14'06.76""",Purva Bhadrapada,Jupiter,4,90,90.7512,0.7512
2025-12-16 17:30:00,Aspect,Square,Sun,Sagittarius,"0°29'40.58""",Mula,Ketu,1,Saturn,Pisces,"1°14'07.97""",Purva Bhadrapada,Jupiter,4,90,90.7409,0.7409
2025-12-16 17:45:00,Aspect,Square,Sun,Sagittarius,"0°30'18.75""",Mula,Ketu,1,Saturn,Pisces,"1°14'09.19""",Purva Bhadrapada,Jupiter,4,90,90.7307,0.7307
2025-12-16 18:00:00,Aspect,Square,Sun,Sagittarius,"0°30'56.91""",Mula,Ketu,1,Saturn,Pisces,"1°14'10.41""",Purva Bhadrapada,Jupiter,4,90,90.7204,0.7204
2025-12-16 18:15:00,Aspect,Square,Sun,Sagittarius,"0°31'35.07""",Mula,Ketu,1,Saturn,Pisces,"1°14'11.63""",Purva Bhadrapada,Jupiter,4,90,90.7102,0.7102
2025-12-16 18:30:00,Aspect,Square,Sun,Sagittarius,"0°32'13.24""",Mula,Ketu,1,Saturn,Pisces,"1°14'12.85""",Purva Bhadrapada,Jupiter,4,90,90.6999,0.6999
2025-12-16 18:45:00,Aspect,Square,Sun,Sagittarius,"0°32'51.40""",Mula,Ketu,1,Saturn,Pisces,"1°14'14.07""",Purva Bhadrapada,Jupiter,4,90,90.6896,0.6896
2025-12-16 19:00:00,Aspect,Square,Sun,Sagittarius,"0°33'29.56""",Mula,Ketu,1,Saturn,Pisces,"1°14'15.29""",Purva Bhadrapada,Jupiter,4,90,90.6794,0.6794
2025-12-16 19:15:00,Aspect,Square,Sun,Sagittarius,"0°34'07.73""",Mula,Ketu,1,Saturn,Pisces,"1°14'16.51""",Purva Bhadrapada,Jupiter,4,90,90.6691,0.6691
2025-12-16 19:30:00,Aspect,Square,Sun,Sagittarius,"0°34'45.89""",Mula,Ketu,1,Saturn,Pisces,"1°14'17.74""",Purva Bhadrapada,Jupiter,4,90,90.6588,0.6588
2025-12-16 19:45:00,Aspect,Square,Sun,Sagittarius,"0°35'24.06""",Mula,Ketu,1,Saturn,Pisces,"1°14'18.96""",Purva Bhadrapada,Jupiter,4,90,90.6486,0.6486
2025-12-16 20:00:00,Aspect,Square,Sun,Sagittarius,"0°36'02.22""",Mula,Ketu,1,Saturn,Pisces,"1°14'20.18""",Purva Bhadrapada,Jupiter,4,90,90.6383,0.6383
2025-12-16 20:15:00,Aspect,Square,Sun,Sagittarius,"0°36'40.38""",Mula,Ketu,1,Saturn,Pisces,"1°14'21.41""",Purva Bhadrapada,Jupiter,4,90,90.6281,0.6281
2025-12-16 20:30:00,Aspect,Square,Sun,Sagittarius,"0°37'18.55""",Mula,Ketu,1,Saturn,Pisces,"1°14'22.63""",Purva Bhadrapada,Jupiter,4,90,90.6178,0.6178
2025-12-16 20:45:00,Aspect,Square,Sun,Sagittarius,"0°37'56.71""",Mula,Ketu,1,Saturn,Pisces,"1°14'23.86""",Purva Bhadrapada,Jupiter,4,90,90.6075,0.6075
2025-12-16 21:00:00,Aspect,Square,Sun,Sagittarius,"0°38'34.88""",Mula,Ketu,1,Saturn,Pisces,"1°14'25.09""",Purva Bhadrapada,Jupiter,4,90,90.5973,0.5973
2025-12-16 21:15:00,Aspect,Square,Sun,Sagittarius,"0°39'13.04""",Mula,Ketu,1,Saturn,Pisces,"1°14'26.32""",Purva Bhadrapada,Jupiter,4,90,90.587,0.587
2025-12-16 21:30:00,Aspect,Square,Sun,Sagittarius,"0°39'51.21""",Mula,Ketu,1,Saturn,Pisces,"1°14'27.54""",Purva Bhadrapada,Jupiter,4,90,90.5768,0.5768
2025-12-16 21:45:00,Aspect,Square,Sun,Sagittarius,"0°40'29.37""",Mula,Ketu,1,Saturn,Pisces,"1°14'28.77""",Purva Bhadrapada,Jupiter,4,90,90.5665,0.5665
2025-12-16 22:00:00,Aspect,Square,Sun,Sagittarius,"0°41'07.53""",Mula,Ketu,1,Saturn,Pisces,"1°14'30.00""",Purva Bhadrapada,Jupiter,4,90,90.5562,0.5562
2025-12-16 22:15:00,Aspect,Square,Sun,Sagittarius,"0°41'45.70""",Mula,Ketu,1,Saturn,Pisces,"1°14'31.23""",Purva Bhadrapada,Jupiter,4,90,90.546,0.546
2025-12-16 22:30:00,Aspect,Square,Sun,Sagittarius,"0°42'23.86""",Mula,Ketu,1,Saturn,Pisces,"1°14'32.46""",Purva Bhadrapada,Jupiter,4,90,90.5357,0.5357
2025-12-16 22:45:00,Aspect,Square,Sun,Sagittarius,"0°43'02.03""",Mula,Ketu,1,Saturn,Pisces,"1°14'33.70""",Purva Bhadrapada,Jupiter,4,90,90.5255,0.5255
2025-12-16 23:00:00,Aspect,Square,Sun,Sagittarius,"0°43'40.19""",Mula,Ketu,1,Saturn,Pisces,"1°14'34.93""",Purva Bhadrapada,Jupiter,4,90,90.5152,0.5152
2025-12-16 23:15:00,Aspect,Square,Sun,Sagittarius,"0°44'18.36""",Mula,Ketu,1,Saturn,Pisces,"1°14'36.16""",Purva Bhadrapada,Jupiter,4,90,90.5049,0.5049
2025-12-16 23:30:00,Aspect,Square,Sun,Sagittarius,"0°44'56.52""",Mula,Ketu,1,Saturn,Pisces,"1°14'37.40""",Purva Bhadrapada,Jupiter,4,90,90.4947,0.4947
2025-12-16 23:45:00,Aspect,Square,Sun,Sagittarius,"0°45'34.69""",Mula,Ketu,1,Saturn,Pisces,"1°14'38.63""",Purva Bhadrapada,Jupiter,4,90,90.4844,0.4844
2025-12-17 00:00:00,Aspect,Square,Sun,Sagittarius,"0°46'12.85""",Mula,Ketu,1,Saturn,Pisces,"1°14'39.86""",Purva Bhadrapada,Jupiter,4,90,90.4742,0.4742
2025-12-17 00:15:00,Aspect,Square,Sun,Sagittarius,"0°46'51.02""",Mula,Ketu,1,Saturn,Pisces,"1°14'41.10""",Purva Bhadrapada,Jupiter,4,90,90.4639,0.4639
2025-12-17 00:30:00,Aspect,Square,Sun,Sagittarius,"0°47'29.19""",Mula,Ketu,1,Saturn,Pisces,"1°14'42.34""",Purva Bhadrapada,Jupiter,4,90,90.4537,0.4537
2025-12-17 00:45:00,Aspect,Square,Sun,Sagittarius,"0°48'07.35""",Mula,Ketu,1,Saturn,Pisces,"1°14'43.57""",Purva Bhadrapada,Jupiter,4,90,90.4434,0.4434
2025-12-17 01:00:00,Aspect,Square,Sun,Sagittarius,"0°48'45.52""",Mula,Ketu,1,Saturn,Pisces,"1°14'44.81""",Purva Bhadrapada,Jupiter,4,90,90.4331,0.4331
2025-12-17 01:15:00,Aspect,Square,Sun,Sagittarius,"0°49'23.68""",Mula,Ketu,1,Saturn,Pisces,"1°14'46.05""",Purva Bhadrapada,Jupiter,4,90,90.4229,0.4229
2025-12-17 01:30:00,Aspect,Square,Sun,Sagittarius,"0°50'01.85""",Mula,Ketu,1,Saturn,Pisces,"1°14'47.29""",Purva Bhadrapada,Jupiter,4,90,90.4126,0.4126
2025-12-17 01:45:00,Aspect,Square,Sun,Sagittarius,"0°50'40.02""",Mula,Ketu,1,Saturn,Pisces,"1°14'48.53""",Purva Bhadrapada,Jupiter,4,90,90.4024,0.4024
2025-12-17 02:00:00,Aspect,Square,Sun,Sagittarius,"0°51'18.18""",Mula,Ketu,1,Saturn,Pisces,"1°14'49.77""",Purva Bhadrapada,Jupiter,4,90,90.3921,0.3921
2025-12-17 02:15:00,Aspect,Square,Sun,Sagittarius,"0°51'56.35""",Mula,Ketu,1,Saturn,Pisces,"1°14'51.01""",Purva Bhadrapada,Jupiter,4,90,90.3819,0.3819
2025-12-17 02:30:00,Aspect,Square,Sun,Sagittarius,"0°52'34.51""",Mula,Ketu,1,Saturn,Pisces,"1°14'52.25""",Purva Bhadrapada,Jupiter,4,90,90.3716,0.3716
2025-12-17 02:45:00,Aspect,Square,Sun,Sagittarius,"0°53'12.68""",Mula,Ketu,1,Saturn,Pisces,"1°14'53.50""",Purva Bhadrapada,Jupiter,4,90,90.3613,0.3613
2025-12-17 03:00:00,Aspect,Square,Sun,Sagittarius,"0°53'50.85""",Mula,Ketu,1,Saturn,Pisces,"1°14'54.74""",Purva Bhadrapada,Jupiter,4,90,90.3511,0.3511
2025-12-17 03:15:00,Aspect,Square,Sun,Sagittarius,"0°54'29.01""",Mula,Ketu,1,Saturn,Pisces,"1°14'55.98""",Purva Bhadrapada,Jupiter,4,90,90.3408,0.3408
2025-12-17 03:30:00,Aspect,Square,Sun,Sagittarius,"0°55'07.18""",Mula,Ketu,1,Saturn,Pisces,"1°14'57.23""",Purva Bhadrapada,Jupiter,4,90,90.3306,0.3306
2025-12-17 03:45:00,Aspect,Square,Sun,Sagittarius,"0°55'45.35""",Mula,Ketu,1,Saturn,Pisces,"1°14'58.47""",Purva Bhadrapada,Jupiter,4,90,90.3203,0.3203
2025-12-17 04:00:00,Aspect,Square,Sun,Sagittarius,"0°56'23.51""",Mula,Ketu,1,Saturn,Pisces,"1°14'59.72""",Purva Bhadrapada,Jupiter,4,90,90.3101,0.3101
2025-12-17 04:15:00,Aspect,Square,Sun,Sagittarius,"0°57'01.68""",Mula,Ketu,1,Saturn,Pisces,"1°15'00.97""",Purva Bhadrapada,Jupiter,4,90,90.2998,0.2998
2025-12-17 04:30:00,Aspect,Square,Sun,Sagittarius,"0°57'39.85""",Mula,Ketu,1,Saturn,Pisces,"1°15'02.21""",Purva Bhadrapada,Jupiter,4,90,90.2895,0.2895
2025-12-17 04:45:00,Aspect,Square,Sun,Sagittarius,"0°58'18.01""",Mula,Ketu,1,Saturn,Pisces,"1°15'03.46""",Purva Bhadrapada,Jupiter,4,90,90.2793,0.2793
2025-12-17 05:00:00,Aspect,Square,Sun,Sagittarius,"0°58'56.18""",Mula,Ketu,1,Saturn,Pisces,"1°15'04.71""",Purva Bhadrapada,Jupiter,4,90,90.269,0.269
2025-12-17 05:15:00,Aspect,Square,Sun,Sagittarius,"0°59'34.35""",Mula,Ketu,1,Saturn,Pisces,"1°15'05.96""",Purva Bhadrapada,Jupiter,4,90,90.2588,0.2588
2025-12-17 05:30:00,Aspect,Square,Sun,Sagittarius,"1°00'12.52""",Mula,Ketu,1,Saturn,Pisces,"1°15'07.21""",Purva Bhadrapada,Jupiter,4,90,90.2485,0.2485
2025-12-17 05:45:00,Aspect,Square,Sun,Sagittarius,"1°00'50.68""",Mula,Ketu,1,Saturn,Pisces,"1°15'08.46""",Purva Bhadrapada,Jupiter,4,90,90.2383,0.2383
2025-12-17 06:00:00,Aspect,Square,Sun,Sagittarius,"1°01'28.85""",Mula,Ketu,1,Saturn,Pisces,"1°15'09.71""",Purva Bhadrapada,Jupiter,4,90,90.228,0.228
2025-12-17 06:15:00,Aspect,Square,Sun,Sagittarius,"1°02'07.02""",Mula,Ketu,1,Saturn,Pisces,"1°15'10.96""",Purva Bhadrapada,Jupiter,4,90,90.2178,0.2178
2025-12-17 06:30:00,Aspect,Square,Sun,Sagittarius,"1°02'45.19""",Mula,Ketu,1,Saturn,Pisces,"1°15'12.22""",Purva Bhadrapada,Jupiter,4,90,90.2075,0.2075
2025-12-17 06:45:00,Aspect,Square,Sun,Sagittarius,"1°03'23.35""",Mula,Ketu,1,Saturn,Pisces,"1°15'13.47""",Purva Bhadrapada,Jupiter,4,90,90.1973,0.1973
2025-12-17 07:00:00,Aspect,Square,Sun,Sagittarius,"1°04'01.52""",Mula,Ketu,1,Saturn,Pisces,"1°15'14.72""",Purva Bhadrapada,Jupiter,4,90,90.187,0.187
2025-12-17 07:15:00,Aspect,Square,Sun,Sagittarius,"1°04'39.69""",Mula,Ketu,1,Saturn,Pisces,"1°15'15.98""",Purva Bhadrapada,Jupiter,4,90,90.1767,0.1767
2025-12-17 07:30:00,Aspect,Square,Sun,Sagittarius,"1°05'17.86""",Mula,Ketu,1,Saturn,Pisces,"1°15'17.23""",Purva Bhadrapada,Jupiter,4,90,90.1665,0.1665
2025-12-17 07:45:00,Aspect,Square,Sun,Sagittarius,"1°05'56.03""",Mula,Ketu,1,Saturn,Pisces,"1°15'18.49""",Purva Bhadrapada,Jupiter,4,90,90.1562,0.1562
2025-12-17 08:00:00,Aspect,Square,Sun,Sagittarius,"1°06'34.19""",Mula,Ketu,1,Saturn,Pisces,"1°15'19.75""",Purva Bhadrapada,Jupiter,4,90,90.146,0.146
2025-12-17 08:15:00,Aspect,Square,Sun,Sagittarius,"1°07'12.36""",Mula,Ketu,1,Saturn,Pisces,"1°15'21.00""",Purva Bhadrapada,Jupiter,4,90,90.1357,0.1357
2025-12-17 08:30:00,Aspect,Square,Sun,Sagittarius,"1°07'50.53""",Mula,Ketu,1,Saturn,Pisces,"1°15'22.26""",Purva Bhadrapada,Jupiter,4,90,90.1255,0.1255
2025-12-17 08:45:00,Aspect,Square,Sun,Sagittarius,"1°08'28.70""",Mula,Ketu,1,Saturn,Pisces,"1°15'23.52""",Purva Bhadrapada,Jupiter,4,90,90.1152,0.1152
2025-12-17 09:00:00,Aspect,Square,Sun,Sagittarius,"1°09'06.87""",Mula,Ketu,1,Saturn,Pisces,"1°15'24.78""",Purva Bhadrapada,Jupiter,4,90,90.105,0.105
2025-12-17 09:15:00,Aspect,Square,Sun,Sagittarius,"1°09'45.04""",Mula,Ketu,1,Saturn,Pisces,"1°15'26.04""",Purva Bhadrapada,Jupiter,4,90,90.0947,0.0947
2025-12-17 09:30:00,Aspect,Square,Sun,Sagittarius,"1°10'23.21""",Mula,Ketu,1,Saturn,Pisces,"1°15'27.30""",Purva Bhadrapada,Jupiter,4,90,90.0845,0.0845
2025-12-17 09:45:00,Aspect,Square,Sun,Sagittarius,"1°11'01.38""",Mula,Ketu,1,Saturn,Pisces,"1°15'28.56""",Purva Bhadrapada,Jupiter,4,90,90.0742,0.0742
2025-12-17 10:00:00,Aspect,Square,Sun,Sagittarius,"1°11'39.54""",Mula,Ketu,1,Saturn,Pisces,"1°15'29.83""",Purva Bhadrapada,Jupiter,4,90,90.064,0.064
2025-12-17 10:15:00,Aspect,Square,Sun,Sagittarius,"1°12'17.71""",Mula,Ketu,1,Saturn,Pisces,"1°15'31.09""",Purva Bhadrapada,Jupiter,4,90,90.0537,0.0537
2025-12-17 10:30:00,Aspect,Square,Sun,Sagittarius,"1°12'55.88""",Mula,Ketu,1,Saturn,Pisces,"1°15'32.35""",Purva Bhadrapada,Jupiter,4,90,90.0435,0.0435
2025-12-17 10:45:00,Aspect,Square,Sun,Sagittarius,"1°13'34.05""",Mula,Ketu,1,Saturn,Pisces,"1°15'33.62""",Purva Bhadrapada,Jupiter,4,90,90.0332,0.0332
2025-12-17 11:00:00,Aspect,Square,Sun,Sagittarius,"1°14'12.22""",Mula,Ketu,1,Saturn,Pisces,"1°15'34.88""",Purva Bhadrapada,Jupiter,4,90,90.023,0.023
2025-12-17 11:15:00,Aspect,Square,Sun,Sagittarius,"1°14'50.39""",Mula,Ketu,1,Saturn,Pisces,"1°15'36.15""",Purva Bhadrapada,Jupiter,4,90,90.0127,0.0127
2025-12-17 11:30:00,Aspect,Square,Sun,Sagittarius,"1°15'28.56""",Mula,Ketu,1,Saturn,Pisces,"1°15'37.41""",Purva Bhadrapada,Jupiter,4,90,90.0025,0.0025
2025-12-17 11:45:00,Aspect,Square,Sun,Sagittarius,"1°16'06.73""",Mula,Ketu,1,Saturn,Pisces,"1°15'38.68""",Purva Bhadrapada,Jupiter,4,90,89.9922,0.0078
2025-12-17 12:00:00,Aspect,Square,Sun,Sagittarius,"1°16'44.90""",Mula,Ketu,1,Saturn,Pisces,"1°15'39.95""",Purva Bhadrapada,Jupiter,4,90,89.982,0.018
2025-12-17 12:15:00,Aspect,Square,Sun,Sagittarius,"1°17'23.07""",Mula,Ketu,1,Saturn,Pisces,"1°15'41.22""",Purva Bhadrapada,Jupiter,4,90,89.9717,0.0283
2025-12-17 12:30:00,Aspect,Square,Sun,Sagittarius,"1°18'01.24""",Mula,Ketu,1,Saturn,Pisces,"1°15'42.49""",Purva Bhadrapada,Jupiter,4,90,89.9615,0.0385
2025-12-17 12:45:00,Aspect,Square,Sun,Sagittarius,"1°18'39.41""",Mula,Ketu,1,Saturn,Pisces,"1°15'43.76""",Purva Bhadrapada,Jupiter,4,90,89.9512,0.0488
2025-12-17 13:00:00,Aspect,Square,Sun,Sagittarius,"1°19'17.58""",Mula,Ketu,1,Saturn,Pisces,"1°15'45.03""",Purva Bhadrapada,Jupiter,4,90,89.941,0.059
2025-12-17 13:15:00,Aspect,Square,Sun,Sagittarius,"1°19'55.75""",Mula,Ketu,1,Saturn,Pisces,"1°15'46.30""",Purva Bhadrapada,Jupiter,4,90,89.9307,0.0693
2025-12-17 13:30:00,Aspect,Square,Sun,Sagittarius,"1°20'33.92""",Mula,Ketu,1,Saturn,Pisces,"1°15'47.57""",Purva Bhadrapada,Jupiter,4,90,89.9205,0.0795
2025-12-17 13:45:00,Aspect,Square,Sun,Sagittarius,"1°21'12.09""",Mula,Ketu,1,Saturn,Pisces,"1°15'48.84""",Purva Bhadrapada,Jupiter,4,90,89.9102,0.0898
2025-12-17 14:00:00,Aspect,Square,Sun,Sagittarius,"1°21'50.26""",Mula,Ketu,1,Saturn,Pisces,"1°15'50.11""",Purva Bhadrapada,Jupiter,4,90,89.9,0.1
2025-12-17 14:15:00,Aspect,Square,Sun,Sagittarius,"1°22'28.43""",Mula,Ketu,1,Saturn,Pisces,"1°15'51.39""",Purva Bhadrapada,Jupiter,4,90,89.8897,0.1103
2025-12-17 14:30:00,Aspect,Square,Sun,Sagittarius,"1°23'06.60""",Mula,Ketu,1,Saturn,Pisces,"1°15'52.66""",Purva Bhadrapada,Jupiter,4,90,89.8795,0.1205
2025-12-17 14:45:00,Aspect,Square,Sun,Sagittarius,"1°23'44.77""",Mula,Ketu,1,Saturn,Pisces,"1°15'53.94""",Purva Bhadrapada,Jupiter,4,90,89.8692,0.1308
2025-12-17 15:00:00,Aspect,Square,Sun,Sagittarius,"1°24'22.94""",Mula,Ketu,1,Saturn,Pisces,"1°15'55.21""",Purva Bhadrapada,Jupiter,4,90,89.859,0.141
2025-12-17 15:15:00,Aspect,Square,Sun,Sagittarius,"1°25'01.11""",Mula,Ketu,1,Saturn,Pisces,"1°15'56.49""",Purva Bhadrapada,Jupiter,4,90,89.8487,0.1513
2025-12-17 15:30:00,Aspect,Square,Sun,Sagittarius,"1°25'39.28""",Mula,Ketu,1,Saturn,Pisces,"1°15'57.77""",Purva Bhadrapada,Jupiter,4,90,89.8385,0.1615
2025-12-17 15:45:00,Aspect,Square,Sun,Sagittarius,"1°26'17.45""",Mula,Ketu,1,Saturn,Pisces,"1°15'59.05""",Purva Bhadrapada,Jupiter,4,90,89.8282,0.1718
2025-12-17 16:00:00,Aspect,Square,Sun,Sagittarius,"1°26'55.62""",Mula,Ketu,1,Saturn,Pisces,"1°16'00.32""",Purva Bhadrapada,Jupiter,4,90,89.818,0.182
2025-12-17 16:15:00,Aspect,Square,Sun,Sagittarius,"1°27'33.80""",Mula,Ketu,1,Saturn,Pisces,"1°16'01.60""",Purva Bhadrapada,Jupiter,4,90,89.8077,0.1923
2025-12-17 16:30:00,Aspect,Square,Sun,Sagittarius,"1°28'11.97""",Mula,Ketu,1,Saturn,Pisces,"1°16'02.88""",Purva Bhadrapada,Jupiter,4,90,89.7975,0.2025
2025-12-17 16:45:00,Aspect,Square,Sun,Sagittarius,"1°28'50.14""",Mula,Ketu,1,Saturn,Pisces,"1°16'04.16""",Purva Bhadrapada,Jupiter,4,90,89.7872,0.2128
2025-12-17 17:00:00,Aspect,Square,Sun,Sagittarius,"1°29'28.31""",Mula,Ketu,1,Saturn,Pisces,"1°16'05.45""",Purva Bhadrapada,Jupiter,4,90,89.777,0.223
2025-12-17 17:15:00,Aspect,Square,Sun,Sagittarius,"1°30'06.48""",Mula,Ketu,1,Saturn,Pisces,"1°16'06.73""",Purva Bhadrapada,Jupiter,4,90,89.7667,0.2333
2025-12-17 17:30:00,Aspect,Square,Sun,Sagittarius,"1°30'44.65""",Mula,Ketu,1,Saturn,Pisces,"1°16'08.01""",Purva Bhadrapada,Jupiter,4,90,89.7565,0.2435
2025-12-17 17:45:00,Aspect,Square,Sun,Sagittarius,"1°31'22.82""",Mula,Ketu,1,Saturn,Pisces,"1°16'09.29""",Purva Bhadrapada,Jupiter,4,90,89.7462,0.2538
2025-12-17 18:00:00,Aspect,Square,Sun,Sagittarius,"1°32'01.00""",Mula,Ketu,1,Saturn,Pisces,"1°16'10.58""",Purva Bhadrapada,Jupiter,4,90,89.736,0.264
2025-12-17 18:15:00,Aspect,Square,Sun,Sagittarius,"1°32'39.17""",Mula,Ketu,1,Saturn,Pisces,"1°16'11.86""",Purva Bhadrapada,Jupiter,4,90,89.7257,0.2743
2025-12-17 18:30:00,Aspect,Square,Sun,Sagittarius,"1°33'17.34""",Mula,Ketu,1,Saturn,Pisces,"1°16'13.15""",Purva Bhadrapada,Jupiter,4,90,89.7155,0.2845
2025-12-17 18:45:00,Aspect,Square,Sun,Sagittarius,"1°33'55.51""",Mula,Ketu,1,Saturn,Pisces,"1°16'14.43""",Purva Bhadrapada,Jupiter,4,90,89.7053,0.2947
2025-12-17 19:00:00,Aspect,Square,Sun,Sagittarius,"1°34'33.68""",Mula,Ketu,1,Saturn,Pisces,"1°16'15.72""",Purva Bhadrapada,Jupiter,4,90,89.695,0.305
2025-12-17 19:15:00,Aspect,Square,Sun,Sagittarius,"1°35'11.86""",Mula,Ketu,1,Saturn,Pisces,"1°16'17.01""",Purva Bhadrapada,Jupiter,4,90,89.6848,0.3152
2025-12-17 19:30:00,Aspect,Square,Sun,Sagittarius,"1°35'50.03""",Mula,Ketu,1,Saturn,Pisces,"1°16'18.30""",Purva Bhadrapada,Jupiter,4,90,89.6745,0.3255
2025-12-17 19:45:00,Aspect,Square,Sun,Sagittarius,"1°36'28.20""",Mula,Ketu,1,Saturn,Pisces,"1°16'19.58""",Purva Bhadrapada,Jupiter,4,90,89.6643,0.3357
2025-12-17 20:00:00,Aspect,Square,Sun,Sagittarius,"1°37'06.37""",Mula,Ketu,1,Saturn,Pisces,"1°16'20.87""",Purva Bhadrapada,Jupiter,4,90,89.654,0.346
2025-12-17 20:15:00,Aspect,Square,Sun,Sagittarius,"1°37'44.54""",Mula,Ketu,1,Saturn,Pisces,"1°16'22.16""",Purva Bhadrapada,Jupiter,4,90,89.6438,0.3562
2025-12-17 20:30:00,Aspect,Square,Sun,Sagittarius,"1°38'22.72""",Mula,Ketu,1,Saturn,Pisces,"1°16'23.45""",Purva Bhadrapada,Jupiter,4,90,89.6335,0.3665
2025-12-17 20:45:00,Aspect,Square,Sun,Sagittarius,"1°39'00.89""",Mula,Ketu,1,Saturn,Pisces,"1°16'24.75""",Purva Bhadrapada,Jupiter,4,90,89.6233,0.3767
2025-12-17 21:00:00,Aspect,Square,Sun,Sagittarius,"1°39'39.06""",Mula,Ketu,1,Saturn,Pisces,"1°16'26.04""",Purva Bhadrapada,Jupiter,4,90,89.613,0.387
2025-12-17 21:15:00,Aspect,Square,Sun,Sagittarius,"1°40'17.24""",Mula,Ketu,1,Saturn,Pisces,"1°16'27.33""",Purva Bhadrapada,Jupiter,4,90,89.6028,0.3972
2025-12-17 21:30:00,Aspect,Square,Sun,Sagittarius,"1°40'55.41""",Mula,Ketu,1,Saturn,Pisces,"1°16'28.62""",Purva Bhadrapada,Jupiter,4,90,89.5926,0.4074
2025-12-17 21:45:00,Aspect,Square,Sun,Sagittarius,"1°41'33.58""",Mula,Ketu,1,Saturn,Pisces,"1°16'29.92""",Purva Bhadrapada,Jupiter,4,90,89.5823,0.4177
2025-12-17 22:00:00,Aspect,Square,Sun,Sagittarius,"1°42'11.75""",Mula,Ketu,1,Saturn,Pisces,"1°16'31.21""",Purva Bhadrapada,Jupiter,4,90,89.5721,0.4279
2025-12-17 22:15:00,Aspect,Square,Sun,Sagittarius,"1°42'49.93""",Mula,Ketu,1,Saturn,Pisces,"1°16'32.51""",Purva Bhadrapada,Jupiter,4,90,89.5618,0.4382
2025-12-17 22:30:00,Aspect,Square,Sun,Sagittarius,"1°43'28.10""",Mula,Ketu,1,Saturn,Pisces,"1°16'33.80""",Purva Bhadrapada,Jupiter,4,90,89.5516,0.4484
2025-12-17 22:45:00,Aspect,Square,Sun,Sagittarius,"1°44'06.27""",Mula,Ketu,1,Saturn,Pisces,"1°16'35.10""",Purva Bhadrapada,Jupiter,4,90,89.5413,0.4587
2025-12-17 23:00:00,Aspect,Square,Sun,Sagittarius,"1°44'44.45""",Mula,Ketu,1,Saturn,Pisces,"1°16'36.40""",Purva Bhadrapada,Jupiter,4,90,89.5311,0.4689
2025-12-17 23:15:00,Aspect,Square,Sun,Sagittarius,"1°45'22.62""",Mula,Ketu,1,Saturn,Pisces,"1°16'37.70""",Purva Bhadrapada,Jupiter,4,90,89.5209,0.4791
2025-12-17 23:30:00,Aspect,Square,Sun,Sagittarius,"1°46'00.79""",Mula,Ketu,1,Saturn,Pisces,"1°16'39.00""",Purva Bhadrapada,Jupiter,4,90,89.5106,0.4894
2025-12-17 23:45:00,Aspect,Square,Sun,Sagittarius,"1°46'38.97""",Mula,Ketu,1,Saturn,Pisces,"1°16'40.30""",Purva Bhadrapada,Jupiter,4,90,89.5004,0.4996
2025-12-18 00:00:00,Aspect,Square,Sun,Sagittarius,"1°47'17.14""",Mula,Ketu,1,Saturn,Pisces,"1°16'41.60""",Purva Bhadrapada,Jupiter,4,90,89.4901,0.5099
2025-12-18 00:15:00,Aspect,Square,Sun,Sagittarius,"1°47'55.32""",Mula,Ketu,1,Saturn,Pisces,"1°16'42.90""",Purva Bhadrapada,Jupiter,4,90,89.4799,0.5201
2025-12-18 00:30:00,Aspect,Square,Sun,Sagittarius,"1°48'33.49""",Mula,Ketu,1,Saturn,Pisces,"1°16'44.20""",Purva Bhadrapada,Jupiter,4,90,89.4696,0.5304
2025-12-18 00:45:00,Aspect,Square,Sun,Sagittarius,"1°49'11.66""",Mula,Ketu,1,Saturn,Pisces,"1°16'45.50""",Purva Bhadrapada,Jupiter,4,90,89.4594,0.5406
2025-12-18 01:00:00,Aspect,Square,Sun,Sagittarius,"1°49'49.84""",Mula,Ketu,1,Saturn,Pisces,"1°16'46.80""",Purva Bhadrapada,Jupiter,4,90,89.4492,0.5508
2025-12-18 01:15:00,Aspect,Square,Sun,Sagittarius,"1°50'28.01""",Mula,Ketu,1,Saturn,Pisces,"1°16'48.11""",Purva Bhadrapada,Jupiter,4,90,89.4389,0.5611
2025-12-18 01:30:00,Aspect,Square,Sun,Sagittarius,"1°51'06.19""",Mula,Ketu,1,Saturn,Pisces,"1°16'49.41""",Purva Bhadrapada,Jupiter,4,90,89.4287,0.5713
2025-12-18 01:45:00,Aspect,Square,Sun,Sagittarius,"1°51'44.36""",Mula,Ketu,1,Saturn,Pisces,"1°16'50.72""",Purva Bhadrapada,Jupiter,4,90,89.4184,0.5816
2025-12-18 02:00:00,Aspect,Square,Sun,Sagittarius,"1°52'22.53""",Mula,Ketu,1,Saturn,Pisces,"1°16'52.02""",Purva Bhadrapada,Jupiter,4,90,89.4082,0.5918
2025-12-18 02:15:00,Aspect,Square,Sun,Sagittarius,"1°53'00.71""",Mula,Ketu,1,Saturn,Pisces,"1°16'53.33""",Purva Bhadrapada,Jupiter,4,90,89.3979,0.6021
2025-12-18 02:30:00,Aspect,Square,Sun,Sagittarius,"1°53'38.88""",Mula,Ketu,1,Saturn,Pisces,"1°16'54.63""",Purva Bhadrapada,Jupiter,4,90,89.3877,0.6123
2025-12-18 02:45:00,Aspect,Square,Sun,Sagittarius,"1°54'17.06""",Mula,Ketu,1,Saturn,Pisces,"1°16'55.94""",Purva Bhadrapada,Jupiter,4,90,89.3775,0.6225
2025-12-18 03:00:00,Aspect,Square,Sun,Sagittarius,"1°54'55.23""",Mula,Ketu,1,Saturn,Pisces,"1°16'57.25""",Purva Bhadrapada,Jupiter,4,90,89.3672,0.6328
2025-12-18 03:15:00,Aspect,Square,Sun,Sagittarius,"1°55'33.41""",Mula,Ketu,1,Saturn,Pisces,"1°16'58.56""",Purva Bhadrapada,Jupiter,4,90,89.357,0.643
2025-12-18 03:30:00,Aspect,Square,Sun,Sagittarius,"1°56'11.58""",Mula,Ketu,1,Saturn,Pisces,"1°16'59.87""",Purva Bhadrapada,Jupiter,4,90,89.3467,0.6533
2025-12-18 03:45:00,Aspect,Square,Sun,Sagittarius,"1°56'49.76""",Mula,Ketu,1,Saturn,Pisces,"1°17'01.18""",Purva Bhadrapada,Jupiter,4,90,89.3365,0.6635
2025-12-18 04:00:00,Aspect,Square,Sun,Sagittarius,"1°57'27.93""",Mula,Ketu,1,Saturn,Pisces,"1°17'02.49""",Purva Bhadrapada,Jupiter,4,90,89.3263,0.6737
2025-12-18 04:15:00,Aspect,Square,Sun,Sagittarius,"1°58'06.11""",Mula,Ketu,1,Saturn,Pisces,"1°17'03.80""",Purva Bhadrapada,Jupiter,4,90,89.316,0.684
2025-12-18 04:30:00,Aspect,Square,Sun,Sagittarius,"1°58'44.28""",Mula,Ketu,1,Saturn,Pisces,"1°17'05.12""",Purva Bhadrapada,Jupiter,4,90,89.3058,0.6942
2025-12-18 04:45:00,Aspect,Square,Sun,Sagittarius,"1°59'22.46""",Mula,Ketu,1,Saturn,Pisces,"1°17'06.43""",Purva Bhadrapada,Jupiter,4,90,89.2955,0.7045
2025-12-18 05:00:00,Aspect,Square,Sun,Sagittarius,"2°00'00.63""",Mula,Ketu,1,Saturn,Pisces,"1°17'07.74""",Purva Bhadrapada,Jupiter,4,90,89.2853,0.7147
2025-12-18 05:15:00,Aspect,Square,Sun,Sagittarius,"2°00'38.81""",Mula,Ketu,1,Saturn,Pisces,"1°17'09.06""",Purva Bhadrapada,Jupiter,4,90,89.2751,0.7249
2025-12-18 05:30:00,Aspect,Square,Sun,Sagittarius,"2°01'16.98""",Mula,Ketu,1,Saturn,Pisces,"1°17'10.37""",Purva Bhadrapada,Jupiter,4,90,89.2648,0.7352
2025-12-18 05:45:00,Aspect,Square,Sun,Sagittarius,"2°01'55.16""",Mula,Ketu,1,Saturn,Pisces,"1°17'11.69""",Purva Bhadrapada,Jupiter,4,90,89.2546,0.7454
2025-12-18 06:00:00,Aspect,Square,Sun,Sagittarius,"2°02'33.33""",Mula,Ketu,1,Saturn,Pisces,"1°17'13.00""",Purva Bhadrapada,Jupiter,4,90,89.2444,0.7556
2025-12-18 06:15:00,Aspect,Square,Sun,Sagittarius,"2°03'11.51""",Mula,Ketu,1,Saturn,Pisces,"1°17'14.32""",Purva Bhadrapada,Jupiter,4,90,89.2341,0.7659
2025-12-18 06:30:00,Aspect,Square,Sun,Sagittarius,"2°03'49.69""",Mula,Ketu,1,Saturn,Pisces,"1°17'15.64""",Purva Bhadrapada,Jupiter,4,90,89.2239,0.7761
2025-12-18 06:45:00,Aspect,Square,Sun,Sagittarius,"2°04'27.86""",Mula,Ketu,1,Saturn,Pisces,"1°17'16.96""",Purva Bhadrapada,Jupiter,4,90,89.2136,0.7864
2025-12-18 07:00:00,Aspect,Square,Sun,Sagittarius,"2°05'06.04""",Mula,Ketu,1,Saturn,Pisces,"1°17'18.28""",Purva Bhadrapada,Jupiter,4,90,89.2034,0.7966
2025-12-18 07:15:00,Aspect,Square,Sun,Sagittarius,"2°05'44.21""",Mula,Ketu,1,Saturn,Pisces,"1°17'19.60""",Purva Bhadrapada,Jupiter,4,90,89.1932,0.8068
2025-12-18 07:30:00,Aspect,Square,Sun,Sagittarius,"2°06'22.39""",Mula,Ketu,1,Saturn,Pisces,"1°17'20.92""",Purva Bhadrapada,Jupiter,4,90,89.1829,0.8171
2025-12-18 07:45:00,Aspect,Square,Sun,Sagittarius,"2°07'00.57""",Mula,Ketu,1,Saturn,Pisces,"1°17'22.24""",Purva Bhadrapada,Jupiter,4,90,89.1727,0.8273
2025-12-18 08:00:00,Aspect,Square,Sun,Sagittarius,"2°07'38.74""",Mula,Ketu,1,Saturn,Pisces,"1°17'23.56""",Purva Bhadrapada,Jupiter,4,90,89.1624,0.8376
2025-12-18 08:15:00,Aspect,Square,Sun,Sagittarius,"2°08'16.92""",Mula,Ketu,1,Saturn,Pisces,"1°17'24.88""",Purva Bhadrapada,Jupiter,4,90,89.1522,0.8478
2025-12-18 08:30:00,Aspect,Square,Sun,Sagittarius,"2°08'55.09""",Mula,Ketu,1,Saturn,Pisces,"1°17'26.21""",Purva Bhadrapada,Jupiter,4,90,89.142,0.858
2025-12-18 08:45:00,Aspect,Square,Sun,Sagittarius,"2°09'33.27""",Mula,Ketu,1,Saturn,Pisces,"1°17'27.53""",Purva Bhadrapada,Jupiter,4,90,89.1317,0.8683
2025-12-18 09:00:00,Aspect,Square,Sun,Sagittarius,"2°10'11.45""",Mula,Ketu,1,Saturn,Pisces,"1°17'28.85""",Purva Bhadrapada,Jupiter,4,90,89.1215,0.8785
2025-12-18 09:15:00,Aspect,Square,Sun,Sagittarius,"2°10'49.62""",Mula,Ketu,1,Saturn,Pisces,"1°17'30.18""",Purva Bhadrapada,Jupiter,4,90,89.1113,0.8887
2025-12-18 09:30:00,Aspect,Square,Sun,Sagittarius,"2°11'27.80""",Mula,Ketu,1,Saturn,Pisces,"1°17'31.50""",Purva Bhadrapada,Jupiter,4,90,89.101,0.899
2025-12-18 09:45:00,Aspect,Square,Sun,Sagittarius,"2°12'05.98""",Mula,Ketu,1,Saturn,Pisces,"1°17'32.83""",Purva Bhadrapada,Jupiter,4,90,89.0908,0.9092
2025-12-18 10:00:00,Aspect,Square,Sun,Sagittarius,"2°12'44.15""",Mula,Ketu,1,Saturn,Pisces,"1°17'34.16""",Purva Bhadrapada,Jupiter,4,90,89.0806,0.9194
2025-12-18 10:15:00,Aspect,Square,Sun,Sagittarius,"2°13'22.33""",Mula,Ketu,1,Saturn,Pisces,"1°17'35.49""",Purva Bhadrapada,Jupiter,4,90,89.0703,0.9297
2025-12-18 10:30:00,Aspect,Square,Sun,Sagittarius,"2°14'00.51""",Mula,Ketu,1,Saturn,Pisces,"1°17'36.82""",Purva Bhadrapada,Jupiter,4,90,89.0601,0.9399
2025-12-18 10:45:00,Aspect,Square,Sun,Sagittarius,"2°14'38.69""",Mula,Ketu,1,Saturn,Pisces,"1°17'38.14""",Purva Bhadrapada,Jupiter,4,90,89.0498,0.9502
2025-12-18 11:00:00,Aspect,Square,Sun,Sagittarius,"2°15'16.86""",Mula,Ketu,1,Saturn,Pisces,"1°17'39.47""",Purva Bhadrapada,Jupiter,4,90,89.0396,0.9604
2025-12-18 11:15:00,Aspect,Square,Sun,Sagittarius,"2°15'55.04""",Mula,Ketu,1,Saturn,Pisces,"1°17'40.81""",Purva Bhadrapada,Jupiter,4,90,89.0294,0.9706
2025-12-18 11:30:00,Aspect,Square,Sun,Sagittarius,"2°16'33.22""",Mula,Ketu,1,Saturn,Pisces,"1°17'42.14""",Purva Bhadrapada,Jupiter,4,90,89.0191,0.9809
2025-12-18 11:45:00,Aspect,Square,Sun,Sagittarius,"2°17'11.40""",Mula,Ketu,1,Saturn,Pisces,"1°17'43.47""",Purva Bhadrapada,Jupiter,4,90,89.0089,0.9911
2025-12-20 16:30:00,Aspect,Square,Venus,Sagittarius,"0°22'47.44""",Mula,Ketu,1,Saturn,Pisces,"1°22'39.56""",Purva Bhadrapada,Jupiter,4,90,90.9978,0.9978
2025-12-20 16:45:00,Aspect,Square,Venus,Sagittarius,"0°23'34.65""",Mula,Ketu,1,Saturn,Pisces,"1°22'41.03""",Purva Bhadrapada,Jupiter,4,90,90.9851,0.9851
2025-12-20 17:00:00,Aspect,Square,Venus,Sagittarius,"0°24'21.85""",Mula,Ketu,1,Saturn,Pisces,"1°22'42.51""",Purva Bhadrapada,Jupiter,4,90,90.9724,0.9724
2025-12-20 17:15:00,Aspect,Square,Venus,Sagittarius,"0°25'09.06""",Mula,Ketu,1,Saturn,Pisces,"1°22'43.98""",Purva Bhadrapada,Jupiter,4,90,90.9597,0.9597
2025-12-20 17:30:00,Aspect,Square,Venus,Sagittarius,"0°25'56.26""",Mula,Ketu,1,Saturn,Pisces,"1°22'45.46""",Purva Bhadrapada,Jupiter,4,90,90.947,0.947
2025-12-20 17:45:00,Aspect,Square,Venus,Sagittarius,"0°26'43.47""",Mula,Ketu,1,Saturn,Pisces,"1°22'46.94""",Purva Bhadrapada,Jupiter,4,90,90.9343,0.9343
2025-12-20 18:00:00,Aspect,Square,Venus,Sagittarius,"0°27'30.67""",Mula,Ketu,1,Saturn,Pisces,"1°22'48.41""",Purva Bhadrapada,Jupiter,4,90,90.9216,0.9216
2025-12-20 18:15:00,Aspect,Square,Venus,Sagittarius,"0°28'17.88""",Mula,Ketu,1,Saturn,Pisces,"1°22'49.89""",Purva Bhadrapada,Jupiter,4,90,90.9089,0.9089
2025-12-20 18:30:00,Aspect,Square,Venus,Sagittarius,"0°29'05.08""",Mula,Ketu,1,Saturn,Pisces,"1°22'51.37""",Purva Bhadrapada,Jupiter,4,90,90.8962,0.8962
2025-12-20 18:45:00,Aspect,Square,Venus,Sagittarius,"0°29'52.28""",Mula,Ketu,1,Saturn,Pisces,"1°22'52.85""",Purva Bhadrapada,Jupiter,4,90,90.8835,0.8835
2025-12-20 19:00:00,Aspect,Square,Venus,Sagittarius,"0°30'39.49""",Mula,Ketu,1,Saturn,Pisces,"1°22'54.33""",Purva Bhadrapada,Jupiter,4,90,90.8708,0.8708
2025-12-20 19:15:00,Aspect,Square,Venus,Sagittarius,"0°31'26.69""",Mula,Ketu,1,Saturn,Pisces,"1°22'55.81""",Purva Bhadrapada,Jupiter,4,90,90.8581,0.8581
2025-12-20 19:30:00,Aspect,Square,Venus,Sagittarius,"0°32'13.90""",Mula,Ketu,1,Saturn,Pisces,"1°22'57.29""",Purva Bhadrapada,Jupiter,4,90,90.8454,0.8454
2025-12-20 19:45:00,Aspect,Square,Venus,Sagittarius,"0°33'01.10""",Mula,Ketu,1,Saturn,Pisces,"1°22'58.77""",Purva Bhadrapada,Jupiter,4,90,90.8327,0.8327
2025-12-20 20:00:00,Aspect,Square,Venus,Sagittarius,"0°33'48.31""",Mula,Ketu,1,Saturn,Pisces,"1°23'00.26""",Purva Bhadrapada,Jupiter,4,90,90.82,0.82
2025-12-20 20:15:00,Aspect,Square,Venus,Sagittarius,"0°34'35.51""",Mula,Ketu,1,Saturn,Pisces,"1°23'01.74""",Purva Bhadrapada,Jupiter,4,90,90.8073,0.8073
2025-12-20 20:30:00,Aspect,Square,Venus,Sagittarius,"0°35'22.72""",Mula,Ketu,1,Saturn,Pisces,"1°23'03.23""",Purva Bhadrapada,Jupiter,4,90,90.7946,0.7946
2025-12-20 20:45:00,Aspect,Square,Venus,Sagittarius,"0°36'09.92""",Mula,Ketu,1,Saturn,Pisces,"1°23'04.71""",Purva Bhadrapada,Jupiter,4,90,90.7819,0.7819
2025-12-20 21:00:00,Aspect,Square,Venus,Sagittarius,"0°36'57.12""",Mula,Ketu,1,Saturn,Pisces,"1°23'06.20""",Purva Bhadrapada,Jupiter,4,90,90.7692,0.7692
2025-12-20 21:15:00,Aspect,Square,Venus,Sagittarius,"0°37'44.33""",Mula,Ketu,1,Saturn,Pisces,"1°23'07.68""",Purva Bhadrapada,Jupiter,4,90,90.7565,0.7565
2025-12-20 21:30:00,Aspect,Square,Venus,Sagittarius,"0°38'31.53""",Mula,Ketu,1,Saturn,Pisces,"1°23'09.17""",Purva Bhadrapada,Jupiter,4,90,90.7438,0.7438
2025-12-20 21:45:00,Aspect,Square,Venus,Sagittarius,"0°39'18.74""",Mula,Ketu,1,Saturn,Pisces,"1°23'10.66""",Purva Bhadrapada,Jupiter,4,90,90.7311,0.7311
2025-12-20 22:00:00,Aspect,Square,Venus,Sagittarius,"0°40'05.94""",Mula,Ketu,1,Saturn,Pisces,"1°23'12.15""",Purva Bhadrapada,Jupiter,4,90,90.7184,0.7184
2025-12-20 22:15:00,Aspect,Square,Venus,Sagittarius,"0°40'53.15""",Mula,Ketu,1,Saturn,Pisces,"1°23'13.63""",Purva Bhadrapada,Jupiter,4,90,90.7057,0.7057
2025-12-20 22:30:00,Aspect,Square,Venus,Sagittarius,"0°41'40.35""",Mula,Ketu,1,Saturn,Pisces,"1°23'15.12""",Purva Bhadrapada,Jupiter,4,90,90.693,0.693
2025-12-20 22:45:00,Aspect,Square,Venus,Sagittarius,"0°42'27.56""",Mula,Ketu,1,Saturn,Pisces,"1°23'16.61""",Purva Bhadrapada,Jupiter,4,90,90.6803,0.6803
2025-12-20 23:00:00,Aspect,Square,Venus,Sagittarius,"0°43'14.76""",Mula,Ketu,1,Saturn,Pisces,"1°23'18.10""",Purva Bhadrapada,Jupiter,4,90,90.6676,0.6676
2025-12-20 23:15:00,Aspect,Square,Venus,Sagittarius,"0°44'01.97""",Mula,Ketu,1,Saturn,Pisces,"1°23'19.60""",Purva Bhadrapada,Jupiter,4,90,90.6549,0.6549
2025-12-20 23:30:00,Aspect,Square,Venus,Sagittarius,"0°44'49.17""",Mula,Ketu,1,Saturn,Pisces,"1°23'21.09""",Purva Bhadrapada,Jupiter,4,90,90.6422,0.6422
2025-12-20 23:45:00,Aspect,Square,Venus,Sagittarius,"0°45'36.37""",Mula,Ketu,1,Saturn,Pisces,"1°23'22.58""",Purva Bhadrapada,Jupiter,4,90,90.6295,0.6295
2025-12-21 00:00:00,Aspect,Square,Venus,Sagittarius,"0°46'23.58""",Mula,Ketu,1,Saturn,Pisces,"1°23'24.08""",Purva Bhadrapada,Jupiter,4,90,90.6168,0.6168
2025-12-21 00:15:00,Aspect,Square,Venus,Sagittarius,"0°47'10.78""",Mula,Ketu,1,Saturn,Pisces,"1°23'25.57""",Purva Bhadrapada,Jupiter,4,90,90.6041,0.6041
2025-12-21 00:30:00,Aspect,Square,Venus,Sagittarius,"0°47'57.99""",Mula,Ketu,1,Saturn,Pisces,"1°23'27.06""",Purva Bhadrapada,Jupiter,4,90,90.5914,0.5914
2025-12-21 00:45:00,Aspect,Square,Venus,Sagittarius,"0°48'45.19""",Mula,Ketu,1,Saturn,Pisces,"1°23'28.56""",Purva Bhadrapada,Jupiter,4,90,90.5787,0.5787
2025-12-21 01:00:00,Aspect,Square,Venus,Sagittarius,"0°49'32.40""",Mula,Ketu,1,Saturn,Pisces,"1°23'30.06""",Purva Bhadrapada,Jupiter,4,90,90.566,0.566
2025-12-21 01:15:00,Aspect,Square,Venus,Sagittarius,"0°50'19.60""",Mula,Ketu,1,Saturn,Pisces,"1°23'31.55""",Purva Bhadrapada,Jupiter,4,90,90.5533,0.5533
2025-12-21 01:30:00,Aspect,Square,Venus,Sagittarius,"0°51'06.81""",Mula,Ketu,1,Saturn,Pisces,"1°23'33.05""",Purva Bhadrapada,Jupiter,4,90,90.5406,0.5406
2025-12-21 01:45:00,Aspect,Square,Venus,Sagittarius,"0°51'54.01""",Mula,Ketu,1,Saturn,Pisces,"1°23'34.55""",Purva Bhadrapada,Jupiter,4,90,90.5279,0.5279
2025-12-21 02:00:00,Aspect,Square,Venus,Sagittarius,"0°52'41.22""",Mula,Ketu,1,Saturn,Pisces,"1°23'36.05""",Purva Bhadrapada,Jupiter,4,90,90.5152,0.5152
2025-12-21 02:15:00,Aspect,Square,Venus,Sagittarius,"0°53'28.42""",Mula,Ketu,1,Saturn,Pisces,"1°23'37.55""",Purva Bhadrapada,Jupiter,4,90,90.5025,0.5025
2025-12-21 02:30:00,Aspect,Square,Venus,Sagittarius,"0°54'15.62""",Mula,Ketu,1,Saturn,Pisces,"1°23'39.05""",Purva Bhadrapada,Jupiter,4,90,90.4898,0.4898
2025-12-21 02:45:00,Aspect,Square,Venus,Sagittarius,"0°55'02.83""",Mula,Ketu,1,Saturn,Pisces,"1°23'40.55""",Purva Bhadrapada,Jupiter,4,90,90.4771,0.4771
2025-12-21 03:00:00,Aspect,Square,Venus,Sagittarius,"0°55'50.03""",Mula,Ketu,1,Saturn,Pisces,"1°23'42.05""",Purva Bhadrapada,Jupiter,4,90,90.4644,0.4644
2025-12-21 03:15:00,Aspect,Square,Venus,Sagittarius,"0°56'37.24""",Mula,Ketu,1,Saturn,Pisces,"1°23'43.55""",Purva Bhadrapada,Jupiter,4,90,90.4518,0.4518
2025-12-21 03:30:00,Aspect,Square,Venus,Sagittarius,"0°57'24.44""",Mula,Ketu,1,Saturn,Pisces,"1°23'45.06""",Purva Bhadrapada,Jupiter,4,90,90.4391,0.4391
2025-12-21 03:45:00,Aspect,Square,Venus,Sagittarius,"0°58'11.65""",Mula,Ketu,1,Saturn,Pisces,"1°23'46.56""",Purva Bhadrapada,Jupiter,4,90,90.4264,0.4264
2025-12-21 04:00:00,Aspect,Square,Venus,Sagittarius,"0°58'58.85""",Mula,Ketu,1,Saturn,Pisces,"1°23'48.06""",Purva Bhadrapada,Jupiter,4,90,90.4137,0.4137
2025-12-21 04:15:00,Aspect,Square,Venus,Sagittarius,"0°59'46.06""",Mula,Ketu,1,Saturn,Pisces,"1°23'49.57""",Purva Bhadrapada,Jupiter,4,90,90.401,0.401
2025-12-21 04:30:00,Aspect,Square,Venus,Sagittarius,"1°00'33.26""",Mula,Ketu,1,Saturn,Pisces,"1°23'51.07""",Purva Bhadrapada,Jupiter,4,90,90.3883,0.3883
2025-12-21 04:45:00,Aspect,Square,Venus,Sagittarius,"1°01'20.47""",Mula,Ketu,1,Saturn,Pisces,"1°23'52.58""",Purva Bhadrapada,Jupiter,4,90,90.3756,0.3756
2025-12-21 05:00:00,Aspect,Square,Venus,Sagittarius,"1°02'07.67""",Mula,Ketu,1,Saturn,Pisces,"1°23'54.09""",Purva Bhadrapada,Jupiter,4,90,90.3629,0.3629
2025-12-21 05:15:00,Aspect,Square,Venus,Sagittarius,"1°02'54.87""",Mula,Ketu,1,Saturn,Pisces,"1°23'55.59""",Purva Bhadrapada,Jupiter,4,90,90.3502,0.3502
2025-12-21 05:30:00,Aspect,Square,Venus,Sagittarius,"1°03'42.08""",Mula,Ketu,1,Saturn,Pisces,"1°23'57.10""",Purva Bhadrapada,Jupiter,4,90,90.3375,0.3375
2025-12-21 05:45:00,Aspect,Square,Venus,Sagittarius,"1°04'29.28""",Mula,Ketu,1,Saturn,Pisces,"1°23'58.61""",Purva Bhadrapada,Jupiter,4,90,90.3248,0.3248
2025-12-21 06:00:00,Aspect,Square,Venus,Sagittarius,"1°05'16.49""",Mula,Ketu,1,Saturn,Pisces,"1°24'00.12""",Purva Bhadrapada,Jupiter,4,90,90.3121,0.3121
2025-12-21 06:15:00,Aspect,Square,Venus,Sagittarius,"1°06'03.69""",Mula,Ketu,1,Saturn,Pisces,"1°24'01.63""",Purva Bhadrapada,Jupiter,4,90,90.2994,0.2994
2025-12-21 06:30:00,Aspect,Square,Venus,Sagittarius,"1°06'50.90""",Mula,Ketu,1,Saturn,Pisces,"1°24'03.14""",Purva Bhadrapada,Jupiter,4,90,90.2867,0.2867
2025-12-21 06:45:00,Aspect,Square,Venus,Sagittarius,"1°07'38.10""",Mula,Ketu,1,Saturn,Pisces,"1°24'04.65""",Purva Bhadrapada,Jupiter,4,90,90.274,0.274
2025-12-21 07:00:00,Aspect,Square,Venus,Sagittarius,"1°08'25.31""",Mula,Ketu,1,Saturn,Pisces,"1°24'06.17""",Purva Bhadrapada,Jupiter,4,90,90.2613,0.2613
2025-12-21 07:15:00,Aspect,Square,Venus,Sagittarius,"1°09'12.51""",Mula,Ketu,1,Saturn,Pisces,"1°24'07.68""",Purva Bhadrapada,Jupiter,4,90,90.2487,0.2487
2025-12-21 07:30:00,Aspect,Square,Venus,Sagittarius,"1°09'59.72""",Mula,Ketu,1,Saturn,Pisces,"1°24'09.19""",Purva Bhadrapada,Jupiter,4,90,90.236,0.236
2025-12-21 07:45:00,Aspect,Square,Venus,Sagittarius,"1°10'46.92""",Mula,Ketu,1,Saturn,Pisces,"1°24'10.71""",Purva Bhadrapada,Jupiter,4,90,90.2233,0.2233
2025-12-21 08:00:00,Aspect,Square,Venus,Sagittarius,"1°11'34.12""",Mula,Ketu,1,Saturn,Pisces,"1°24'12.22""",Purva Bhadrapada,Jupiter,4,90,90.2106,0.2106
2025-12-21 08:15:00,Aspect,Square,Venus,Sagittarius,"1°12'21.33""",Mula,Ketu,1,Saturn,Pisces,"1°24'13.74""",Purva Bhadrapada,Jupiter,4,90,90.1979,0.1979
2025-12-21 08:30:00,Aspect,Square,Venus,Sagittarius,"1°13'08.53""",Mula,Ketu,1,Saturn,Pisces,"1°24'15.25""",Purva Bhadrapada,Jupiter,4,90,90.1852,0.1852
2025-12-21 08:45:00,Aspect,Square,Venus,Sagittarius,"1°13'55.74""",Mula,Ketu,1,Saturn,Pisces,"1°24'16.77""",Purva Bhadrapada,Jupiter,4,90,90.1725,0.1725
2025-12-21 09:00:00,Aspect,Square,Venus,Sagittarius,"1°14'42.94""",Mula,Ketu,1,Saturn,Pisces,"1°24'18.29""",Purva Bhadrapada,Jupiter,4,90,90.1598,0.1598
2025-12-21 09:15:00,Aspect,Square,Venus,Sagittarius,"1°15'30.15""",Mula,Ketu,1,Saturn,Pisces,"1°24'19.81""",Purva Bhadrapada,Jupiter,4,90,90.1471,0.1471
2025-12-21 09:30:00,Aspect,Square,Venus,Sagittarius,"1°16'17.35""",Mula,Ketu,1,Saturn,Pisces,"1°24'21.32""",Purva Bhadrapada,Jupiter,4,90,90.1344,0.1344
2025-12-21 09:45:00,Aspect,Square,Venus,Sagittarius,"1°17'04.56""",Mula,Ketu,1,Saturn,Pisces,"1°24'22.84""",Purva Bhadrapada,Jupiter,4,90,90.1217,0.1217
2025-12-21 10:00:00,Aspect,Square,Venus,Sagittarius,"1°17'51.76""",Mula,Ketu,1,Saturn,Pisces,"1°24'24.36""",Purva Bhadrapada,Jupiter,4,90,90.1091,0.1091
2025-12-21 10:15:00,Aspect,Square,Venus,Sagittarius,"1°18'38.97""",Mula,Ketu,1,Saturn,Pisces,"1°24'25.88""",Purva Bhadrapada,Jupiter,4,90,90.0964,0.0964
2025-12-21 10:30:00,Aspect,Square,Venus,Sagittarius,"1°19'26.17""",Mula,Ketu,1,Saturn,Pisces,"1°24'27.41""",Purva Bhadrapada,Jupiter,4,90,90.0837,0.0837
2025-12-21 10:45:00,Aspect,Square,Venus,Sagittarius,"1°20'13.37""",Mula,Ketu,1,Saturn,Pisces,"1°24'28.93""",Purva Bhadrapada,Jupiter,4,90,90.071,0.071
2025-12-21 11:00:00,Aspect,Square,Venus,Sagittarius,"1°21'00.58""",Mula,Ketu,1,Saturn,Pisces,"1°24'30.45""",Purva Bhadrapada,Jupiter,4,90,90.0583,0.0583
2025-12-21 11:15:00,Aspect,Square,Venus,Sagittarius,"1°21'47.78""",Mula,Ketu,1,Saturn,Pisces,"1°24'31.97""",Purva Bhadrapada,Jupiter,4,90,90.0456,0.0456
2025-12-21 11:30:00,Aspect,Square,Venus,Sagittarius,"1°22'34.99""",Mula,Ketu,1,Saturn,Pisces,"1°24'33.50""",Purva Bhadrapada,Jupiter,4,90,90.0329,0.0329
2025-12-21 11:45:00,Aspect,Square,Venus,Sagittarius,"1°23'22.19""",Mula,Ketu,1,Saturn,Pisces,"1°24'35.02""",Purva Bhadrapada,Jupiter,4,90,90.0202,0.0202
2025-12-21 12:00:00,Aspect,Square,Venus,Sagittarius,"1°24'09.40""",Mula,Ketu,1,Saturn,Pisces,"1°24'36.55""",Purva Bhadrapada,Jupiter,4,90,90.0075,0.0075
2025-12-21 12:15:00,Aspect,Square,Venus,Sagittarius,"1°24'56.60""",Mula,Ketu,1,Saturn,Pisces,"1°24'38.08""",Purva Bhadrapada,Jupiter,4,90,89.9949,0.0051
2025-12-21 12:30:00,Aspect,Square,Venus,Sagittarius,"1°25'43.81""",Mula,Ketu,1,Saturn,Pisces,"1°24'39.60""",Purva Bhadrapada,Jupiter,4,90,89.9822,0.0178
2025-12-21 12:45:00,Aspect,Square,Venus,Sagittarius,"1°26'31.01""",Mula,Ketu,1,Saturn,Pisces,"1°24'41.13""",Purva Bhadrapada,Jupiter,4,90,89.9695,0.0305
2025-12-21 13:00:00,Aspect,Square,Venus,Sagittarius,"1°27'18.22""",Mula,Ketu,1,Saturn,Pisces,"1°24'42.66""",Purva Bhadrapada,Jupiter,4,90,89.9568,0.0432
2025-12-21 13:15:00,Aspect,Square,Venus,Sagittarius,"1°28'05.42""",Mula,Ketu,1,Saturn,Pisces,"1°24'44.19""",Purva Bhadrapada,Jupiter,4,90,89.9441,0.0559
2025-12-21 13:30:00,Aspect,Square,Venus,Sagittarius,"1°28'52.62""",Mula,Ketu,1,Saturn,Pisces,"1°24'45.72""",Purva Bhadrapada,Jupiter,4,90,89.9314,0.0686
2025-12-21 13:45:00,Aspect,Square,Venus,Sagittarius,"1°29'39.83""",Mula,Ketu,1,Saturn,Pisces,"1°24'47.25""",Purva Bhadrapada,Jupiter,4,90,89.9187,0.0813
2025-12-21 14:00:00,Aspect,Square,Venus,Sagittarius,"1°30'27.03""",Mula,Ketu,1,Saturn,Pisces,"1°24'48.78""",Purva Bhadrapada,Jupiter,4,90,89.906,0.094
2025-12-21 14:15:00,Aspect,Square,Venus,Sagittarius,"1°31'14.24""",Mula,Ketu,1,Saturn,Pisces,"1°24'50.31""",Purva Bhadrapada,Jupiter,4,90,89.8934,0.1066
2025-12-21 14:30:00,Aspect,Square,Venus,Sagittarius,"1°32'01.44""",Mula,Ketu,1,Saturn,Pisces,"1°24'51.84""",Purva Bhadrapada,Jupiter,4,90,89.8807,0.1193
2025-12-21 14:45:00,Aspect,Square,Venus,Sagittarius,"1°32'48.65""",Mula,Ketu,1,Saturn,Pisces,"1°24'53.37""",Purva Bhadrapada,Jupiter,4,90,89.868,0.132
2025-12-21 15:00:00,Aspect,Square,Venus,Sagittarius,"1°33'35.85""",Mula,Ketu,1,Saturn,Pisces,"1°24'54.91""",Purva Bhadrapada,Jupiter,4,90,89.8553,0.1447
2025-12-21 15:15:00,Aspect,Square,Venus,Sagittarius,"1°34'23.06""",Mula,Ketu,1,Saturn,Pisces,"1°24'56.44""",Purva Bhadrapada,Jupiter,4,90,89.8426,0.1574
2025-12-21 15:30:00,Aspect,Square,Venus,Sagittarius,"1°35'10.26""",Mula,Ketu,1,Saturn,Pisces,"1°24'57.98""",Purva Bhadrapada,Jupiter,4,90,89.8299,0.1701
2025-12-21 15:45:00,Aspect,Square,Venus,Sagittarius,"1°35'57.47""",Mula,Ketu,1,Saturn,Pisces,"1°24'59.51""",Purva Bhadrapada,Jupiter,4,90,89.8172,0.1828
2025-12-21 16:00:00,Aspect,Square,Venus,Sagittarius,"1°36'44.67""",Mula,Ketu,1,Saturn,Pisces,"1°25'01.05""",Purva Bhadrapada,Jupiter,4,90,89.8045,0.1955
2025-12-21 16:15:00,Aspect,Square,Venus,Sagittarius,"1°37'31.87""",Mula,Ketu,1,Saturn,Pisces,"1°25'02.58""",Purva Bhadrapada,Jupiter,4,90,89.7919,0.2081
2025-12-21 16:30:00,Aspect,Square,Venus,Sagittarius,"1°38'19.08""",Mula,Ketu,1,Saturn,Pisces,"1°25'04.12""",Purva Bhadrapada,Jupiter,4,90,89.7792,0.2208
2025-12-21 16:45:00,Aspect,Square,Venus,Sagittarius,"1°39'06.28""",Mula,Ketu,1,Saturn,Pisces,"1°25'05.66""",Purva Bhadrapada,Jupiter,4,90,89.7665,0.2335
2025-12-21 17:00:00,Aspect,Square,Venus,Sagittarius,"1°39'53.49""",Mula,Ketu,1,Saturn,Pisces,"1°25'07.20""",Purva Bhadrapada,Jupiter,4,90,89.7538,0.2462
2025-12-21 17:15:00,Aspect,Square,Venus,Sagittarius,"1°40'40.69""",Mula,Ketu,1,Saturn,Pisces,"1°25'08.74""",Purva Bhadrapada,Jupiter,4,90,89.7411,0.2589
2025-12-21 17:30:00,Aspect,Square,Venus,Sagittarius,"1°41'27.90""",Mula,Ketu,1,Saturn,Pisces,"1°25'10.28""",Purva Bhadrapada,Jupiter,4,90,89.7284,0.2716
2025-12-21 17:45:00,Aspect,Square,Venus,Sagittarius,"1°42'15.10""",Mula,Ketu,1,Saturn,Pisces,"1°25'11.82""",Purva Bhadrapada,Jupiter,4,90,89.7158,0.2842
2025-12-21 18:00:00,Aspect,Square,Venus,Sagittarius,"1°43'02.31""",Mula,Ketu,1,Saturn,Pisces,"1°25'13.36""",Purva Bhadrapada,Jupiter,4,90,89.7031,0.2969
2025-12-21 18:15:00,Aspect,Square,Venus,Sagittarius,"1°43'49.51""",Mula,Ketu,1,Saturn,Pisces,"1°25'14.90""",Purva Bhadrapada,Jupiter,4,90,89.6904,0.3096
2025-12-21 18:30:00,Aspect,Square,Venus,Sagittarius,"1°44'36.71""",Mula,Ketu,1,Saturn,Pisces,"1°25'16.44""",Purva Bhadrapada,Jupiter,4,90,89.6777,0.3223
2025-12-21 18:45:00,Aspect,Square,Venus,Sagittarius,"1°45'23.92""",Mula,Ketu,1,Saturn,Pisces,"1°25'17.99""",Purva Bhadrapada,Jupiter,4,90,89.665,0.335
2025-12-21 19:00:00,Aspect,Square,Venus,Sagittarius,"1°46'11.12""",Mula,Ketu,1,Saturn,Pisces,"1°25'19.53""",Purva Bhadrapada,Jupiter,4,90,89.6523,0.3477
2025-12-21 19:15:00,Aspect,Square,Venus,Sagittarius,"1°46'58.33""",Mula,Ketu,1,Saturn,Pisces,"1°25'21.08""",Purva Bhadrapada,Jupiter,4,90,89.6397,0.3603
2025-12-21 19:30:00,Aspect,Square,Venus,Sagittarius,"1°47'45.53""",Mula,Ketu,1,Saturn,Pisces,"1°25'22.62""",Purva Bhadrapada,Jupiter,4,90,89.627,0.373
2025-12-21 19:45:00,Aspect,Square,Venus,Sagittarius,"1°48'32.74""",Mula,Ketu,1,Saturn,Pisces,"1°25'24.17""",Purva Bhadrapada,Jupiter,4,90,89.6143,0.3857
2025-12-21 20:00:00,Aspect,Square,Venus,Sagittarius,"1°49'19.94""",Mula,Ketu,1,Saturn,Pisces,"1°25'25.71""",Purva Bhadrapada,Jupiter,4,90,89.6016,0.3984
2025-12-21 20:15:00,Aspect,Square,Venus,Sagittarius,"1°50'07.15""",Mula,Ketu,1,Saturn,Pisces,"1°25'27.26""",Purva Bhadrapada,Jupiter,4,90,89.5889,0.4111
2025-12-21 20:30:00,Aspect,Square,Venus,Sagittarius,"1°50'54.35""",Mula,Ketu,1,Saturn,Pisces,"1°25'28.81""",Purva Bhadrapada,Jupiter,4,90,89.5762,0.4238
2025-12-21 20:45:00,Aspect,Square,Venus,Sagittarius,"1°51'41.56""",Mula,Ketu,1,Saturn,Pisces,"1°25'30.36""",Purva Bhadrapada,Jupiter,4,90,89.5636,0.4364
2025-12-21 21:00:00,Aspect,Square,Venus,Sagittarius,"1°52'28.76""",Mula,Ketu,1,Saturn,Pisces,"1°25'31.91""",Purva Bhadrapada,Jupiter,4,90,89.5509,0.4491
2025-12-21 21:15:00,Aspect,Square,Venus,Sagittarius,"1°53'15.96""",Mula,Ketu,1,Saturn,Pisces,"1°25'33.46""",Purva Bhadrapada,Jupiter,4,90,89.5382,0.4618
2025-12-21 21:30:00,Aspect,Square,Venus,Sagittarius,"1°54'03.17""",Mula,Ketu,1,Saturn,Pisces,"1°25'35.01""",Purva Bhadrapada,Jupiter,4,90,89.5255,0.4745
2025-12-21 21:45:00,Aspect,Square,Venus,Sagittarius,"1°54'50.37""",Mula,Ketu,1,Saturn,Pisces,"1°25'36.56""",Purva Bhadrapada,Jupiter,4,90,89.5128,0.4872
2025-12-21 22:00:00,Aspect,Square,Venus,Sagittarius,"1°55'37.58""",Mula,Ketu,1,Saturn,Pisces,"1°25'38.11""",Purva Bhadrapada,Jupiter,4,90,89.5001,0.4999
2025-12-21 22:15:00,Aspect,Square,Venus,Sagittarius,"1°56'24.78""",Mula,Ketu,1,Saturn,Pisces,"1°25'39.66""",Purva Bhadrapada,Jupiter,4,90,89.4875,0.5125
2025-12-21 22:30:00,Aspect,Square,Venus,Sagittarius,"1°57'11.99""",Mula,Ketu,1,Saturn,Pisces,"1°25'41.22""",Purva Bhadrapada,Jupiter,4,90,89.4748,0.5252
2025-12-21 22:45:00,Aspect,Square,Venus,Sagittarius,"1°57'59.19""",Mula,Ketu,1,Saturn,Pisces,"1°25'42.77""",Purva Bhadrapada,Jupiter,4,90,89.4621,0.5379
2025-12-21 23:00:00,Aspect,Square,Venus,Sagittarius,"1°58'46.40""",Mula,Ketu,1,Saturn,Pisces,"1°25'44.33""",Purva Bhadrapada,Jupiter,4,90,89.4494,0.5506
2025-12-21 23:15:00,Aspect,Square,Venus,Sagittarius,"1°59'33.60""",Mula,Ketu,1,Saturn,Pisces,"1°25'45.88""",Purva Bhadrapada,Jupiter,4,90,89.4367,0.5633
2025-12-21 23:30:00,Aspect,Square,Venus,Sagittarius,"2°00'20.80""",Mula,Ketu,1,Saturn,Pisces,"1°25'47.44""",Purva Bhadrapada,Jupiter,4,90,89.4241,0.5759
2025-12-21 23:45:00,Aspect,Square,Venus,Sagittarius,"2°01'08.01""",Mula,Ketu,1,Saturn,Pisces,"1°25'48.99""",Purva Bhadrapada,Jupiter,4,90,89.4114,0.5886
2025-12-22 00:00:00,Aspect,Square,Venus,Sagittarius,"2°01'55.21""",Mula,Ketu,1,Saturn,Pisces,"1°25'50.55""",Purva Bhadrapada,Jupiter,4,90,89.3987,0.6013
2025-12-22 00:15:00,Aspect,Square,Venus,Sagittarius,"2°02'42.42""",Mula,Ketu,1,Saturn,Pisces,"1°25'52.11""",Purva Bhadrapada,Jupiter,4,90,89.386,0.614
2025-12-22 00:30:00,Aspect,Square,Venus,Sagittarius,"2°03'29.62""",Mula,Ketu,1,Saturn,Pisces,"1°25'53.67""",Purva Bhadrapada,Jupiter,4,90,89.3733,0.6267
2025-12-22 00:45:00,Aspect,Square,Venus,Sagittarius,"2°04'16.83""",Mula,Ketu,1,Saturn,Pisces,"1°25'55.23""",Purva Bhadrapada,Jupiter,4,90,89.3607,0.6393
2025-12-22 01:00:00,Aspect,Square,Venus,Sagittarius,"2°05'04.03""",Mula,Ketu,1,Saturn,Pisces,"1°25'56.79""",Purva Bhadrapada,Jupiter,4,90,89.348,0.652
2025-12-22 01:15:00,Aspect,Square,Venus,Sagittarius,"2°05'51.23""",Mula,Ketu,1,Saturn,Pisces,"1°25'58.35""",Purva Bhadrapada,Jupiter,4,90,89.3353,0.6647
2025-12-22 01:30:00,Aspect,Square,Venus,Sagittarius,"2°06'38.44""",Mula,Ketu,1,Saturn,Pisces,"1°25'59.91""",Purva Bhadrapada,Jupiter,4,90,89.3226,0.6774
2025-12-22 01:45:00,Aspect,Square,Venus,Sagittarius,"2°07'25.64""",Mula,Ketu,1,Saturn,Pisces,"1°26'01.47""",Purva Bhadrapada,Jupiter,4,90,89.31,0.69
2025-12-22 02:00:00,Aspect,Square,Venus,Sagittarius,"2°08'12.85""",Mula,Ketu,1,Saturn,Pisces,"1°26'03.03""",Purva Bhadrapada,Jupiter,4,90,89.2973,0.7027
2025-12-22 02:15:00,Aspect,Square,Venus,Sagittarius,"2°09'00.05""",Mula,Ketu,1,Saturn,Pisces,"1°26'04.60""",Purva Bhadrapada,Jupiter,4,90,89.2846,0.7154
2025-12-22 02:30:00,Aspect,Square,Venus,Sagittarius,"2°09'47.26""",Mula,Ketu,1,Saturn,Pisces,"1°26'06.16""",Purva Bhadrapada,Jupiter,4,90,89.2719,0.7281
2025-12-22 02:45:00,Aspect,Square,Venus,Sagittarius,"2°10'34.46""",Mula,Ketu,1,Saturn,Pisces,"1°26'07.73""",Purva Bhadrapada,Jupiter,4,90,89.2592,0.7408
2025-12-22 03:00:00,Aspect,Square,Venus,Sagittarius,"2°11'21.67""",Mula,Ketu,1,Saturn,Pisces,"1°26'09.29""",Purva Bhadrapada,Jupiter,4,90,89.2466,0.7534
2025-12-22 03:15:00,Aspect,Square,Venus,Sagittarius,"2°12'08.87""",Mula,Ketu,1,Saturn,Pisces,"1°26'10.86""",Purva Bhadrapada,Jupiter,4,90,89.2339,0.7661
2025-12-22 03:30:00,Aspect,Square,Venus,Sagittarius,"2°12'56.07""",Mula,Ketu,1,Saturn,Pisces,"1°26'12.42""",Purva Bhadrapada,Jupiter,4,90,89.2212,0.7788
2025-12-22 03:45:00,Aspect,Square,Venus,Sagittarius,"2°13'43.28""",Mula,Ketu,1,Saturn,Pisces,"1°26'13.99""",Purva Bhadrapada,Jupiter,4,90,89.2085,0.7915
2025-12-22 04:00:00,Aspect,Square,Venus,Sagittarius,"2°14'30.48""",Mula,Ketu,1,Saturn,Pisces,"1°26'15.56""",Purva Bhadrapada,Jupiter,4,90,89.1959,0.8041
2025-12-22 04:15:00,Aspect,Square,Venus,Sagittarius,"2°15'17.69""",Mula,Ketu,1,Saturn,Pisces,"1°26'17.13""",Purva Bhadrapada,Jupiter,4,90,89.1832,0.8168
2025-12-22 04:30:00,Aspect,Square,Venus,Sagittarius,"2°16'04.89""",Mula,Ketu,1,Saturn,Pisces,"1°26'18.70""",Purva Bhadrapada,Jupiter,4,90,89.1705,0.8295
2025-12-22 04:45:00,Aspect,Square,Venus,Sagittarius,"2°16'52.10""",Mula,Ketu,1,Saturn,Pisces,"1°26'20.27""",Purva Bhadrapada,Jupiter,4,90,89.1578,0.8422
2025-12-22 05:00:00,Aspect,Square,Venus,Sagittarius,"2°17'39.30""",Mula,Ketu,1,Saturn,Pisces,"1°26'21.84""",Purva Bhadrapada,Jupiter,4,90,89.1451,0.8549
2025-12-22 05:15:00,Aspect,Square,Venus,Sagittarius,"2°18'26.50""",Mula,Ketu,1,Saturn,Pisces,"1°26'23.41""",Purva Bhadrapada,Jupiter,4,90,89.1325,0.8675
2025-12-22 05:30:00,Aspect,Square,Venus,Sagittarius,"2°19'13.71""",Mula,Ketu,1,Saturn,Pisces,"1°26'24.98""",Purva Bhadrapada,Jupiter,4,90,89.1198,0.8802
2025-12-22 05:45:00,Aspect,Square,Venus,Sagittarius,"2°20'00.91""",Mula,Ketu,1,Saturn,Pisces,"1°26'26.55""",Purva Bhadrapada,Jupiter,4,90,89.1071,0.8929
2025-12-22 06:00:00,Aspect,Square,Venus,Sagittarius,"2°20'48.12""",Mula,Ketu,1,Saturn,Pisces,"1°26'28.12""",Purva Bhadrapada,Jupiter,4,90,89.0944,0.9056
2025-12-22 06:15:00,Aspect,Square,Venus,Sagittarius,"2°21'35.32""",Mula,Ketu,1,Saturn,Pisces,"1°26'29.70""",Purva Bhadrapada,Jupiter,4,90,89.0818,0.9182
2025-12-22 06:30:00,Aspect,Square,Venus,Sagittarius,"2°22'22.53""",Mula,Ketu,1,Saturn,Pisces,"1°26'31.27""",Purva Bhadrapada,Jupiter,4,90,89.0691,0.9309
2025-12-22 06:45:00,Aspect,Square,Venus,Sagittarius,"2°23'09.73""",Mula,Ketu,1,Saturn,Pisces,"1°26'32.85""",Purva Bhadrapada,Jupiter,4,90,89.0564,0.9436
2025-12-22 07:00:00,Aspect,Square,Venus,Sagittarius,"2°23'56.94""",Mula,Ketu,1,Saturn,Pisces,"1°26'34.42""",Purva Bhadrapada,Jupiter,4,90,89.0437,0.9563
2025-12-22 07:15:00,Aspect,Square,Venus,Sagittarius,"2°24'44.14""",Mula,Ketu,1,Saturn,Pisces,"1°26'36.00""",Purva Bhadrapada,Jupiter,4,90,89.0311,0.9689
2025-12-22 07:30:00,Aspect,Square,Venus,Sagittarius,"2°25'31.34""",Mula,Ketu,1,Saturn,Pisces,"1°26'37.58""",Purva Bhadrapada,Jupiter,4,90,89.0184,0.9816
2025-12-22 07:45:00,Aspect,Square,Venus,Sagittarius,"2°26'18.55""",Mula,Ketu,1,Saturn,Pisces,"1°26'39.15""",Purva Bhadrapada,Jupiter,4,90,89.0057,0.9943
2025-12-29 22:00:00,Aspect,Square,Mercury,Sagittarius,"0°49'26.19""",Mula,Ketu,1,Saturn,Pisces,"1°48'41.52""",Purva Bhadrapada,Jupiter,4,90,90.9876,0.9876
2025-12-29 22:15:00,Aspect,Square,Mercury,Sagittarius,"0°50'22.86""",Mula,Ketu,1,Saturn,Pisces,"1°48'43.56""",Purva Bhadrapada,Jupiter,4,90,90.9724,0.9724
2025-12-29 22:30:00,Aspect,Square,Mercury,Sagittarius,"0°51'19.53""",Mula,Ketu,1,Saturn,Pisces,"1°48'45.61""",Purva Bhadrapada,Jupiter,4,90,90.9572,0.9572
2025-12-29 22:45:00,Aspect,Square,Mercury,Sagittarius,"0°52'16.20""",Mula,Ketu,1,Saturn,Pisces,"1°48'47.65""",Purva Bhadrapada,Jupiter,4,90,90.9421,0.9421
2025-12-29 23:00:00,Aspect,Square,Mercury,Sagittarius,"0°53'12.87""",Mula,Ketu,1,Saturn,Pisces,"1°48'49.70""",Purva Bhadrapada,Jupiter,4,90,90.9269,0.9269
2025-12-29 23:15:00,Aspect,Square,Mercury,Sagittarius,"0°54'09.55""",Mula,Ketu,1,Saturn,Pisces,"1°48'51.75""",Purva Bhadrapada,Jupiter,4,90,90.9117,0.9117
2025-12-29 23:30:00,Aspect,Square,Mercury,Sagittarius,"0°55'06.23""",Mula,Ketu,1,Saturn,Pisces,"1°48'53.80""",Purva Bhadrapada,Jupiter,4,90,90.8965,0.8965
2025-12-29 23:45:00,Aspect,Square,Mercury,Sagittarius,"0°56'02.91""",Mula,Ketu,1,Saturn,Pisces,"1°48'55.85""",Purva Bhadrapada,Jupiter,4,90,90.8814,0.8814
2025-12-30 00:00:00,Aspect,Square,Mercury,Sagittarius,"0°56'59.59""",Mula,Ketu,1,Saturn,Pisces,"1°48'57.90""",Purva Bhadrapada,Jupiter,4,90,90.8662,0.8662
2025-12-30 00:15:00,Aspect,Square,Mercury,Sagittarius,"0°57'56.28""",Mula,Ketu,1,Saturn,Pisces,"1°48'59.94""",Purva Bhadrapada,Jupiter,4,90,90.851,0.851
2025-12-30 00:30:00,Aspect,Square,Mercury,Sagittarius,"0°58'52.97""",Mula,Ketu,1,Saturn,Pisces,"1°49'02.00""",Purva Bhadrapada,Jupiter,4,90,90.8358,0.8358
2025-12-30 00:45:00,Aspect,Square,Mercury,Sagittarius,"0°59'49.66""",Mula,Ketu,1,Saturn,Pisces,"1°49'04.05""",Purva Bhadrapada,Jupiter,4,90,90.8207,0.8207
2025-12-30 01:00:00,Aspect,Square,Mercury,Sagittarius,"1°00'46.35""",Mula,Ketu,1,Saturn,Pisces,"1°49'06.10""",Purva Bhadrapada,Jupiter,4,90,90.8055,0.8055
2025-12-30 01:15:00,Aspect,Square,Mercury,Sagittarius,"1°01'43.05""",Mula,Ketu,1,Saturn,Pisces,"1°49'08.15""",Purva Bhadrapada,Jupiter,4,90,90.7903,0.7903
2025-12-30 01:30:00,Aspect,Square,Mercury,Sagittarius,"1°02'39.75""",Mula,Ketu,1,Saturn,Pisces,"1°49'10.20""",Purva Bhadrapada,Jupiter,4,90,90.7751,0.7751
2025-12-30 01:45:00,Aspect,Square,Mercury,Sagittarius,"1°03'36.45""",Mula,Ketu,1,Saturn,Pisces,"1°49'12.26""",Purva Bhadrapada,Jupiter,4,90,90.7599,0.7599
2025-12-30 02:00:00,Aspect,Square,Mercury,Sagittarius,"1°04'33.15""",Mula,Ketu,1,Saturn,Pisces,"1°49'14.31""",Purva Bhadrapada,Jupiter,4,90,90.7448,0.7448
2025-12-30 02:15:00,Aspect,Square,Mercury,Sagittarius,"1°05'29.86""",Mula,Ketu,1,Saturn,Pisces,"1°49'16.37""",Purva Bhadrapada,Jupiter,4,90,90.7296,0.7296
2025-12-30 02:30:00,Aspect,Square,Mercury,Sagittarius,"1°06'26.57""",Mula,Ketu,1,Saturn,Pisces,"1°49'18.42""",Purva Bhadrapada,Jupiter,4,90,90.7144,0.7144
2025-12-30 02:45:00,Aspect,Square,Mercury,Sagittarius,"1°07'23.28""",Mula,Ketu,1,Saturn,Pisces,"1°49'20.48""",Purva Bhadrapada,Jupiter,4,90,90.6992,0.6992
2025-12-30 03:00:00,Aspect,Square,Mercury,Sagittarius,"1°08'19.99""",Mula,Ketu,1,Saturn,Pisces,"1°49'22.53""",Purva Bhadrapada,Jupiter,4,90,90.684,0.684
2025-12-30 03:15:00,Aspect,Square,Mercury,Sagittarius,"1°09'16.70""",Mula,Ketu,1,Saturn,Pisces,"1°49'24.59""",Purva Bhadrapada,Jupiter,4,90,90.6689,0.6689
2025-12-30 03:30:00,Aspect,Square,Mercury,Sagittarius,"1°10'13.42""",Mula,Ketu,1,Saturn,Pisces,"1°49'26.65""",Purva Bhadrapada,Jupiter,4,90,90.6537,0.6537
2025-12-30 03:45:00,Aspect,Square,Mercury,Sagittarius,"1°11'10.14""",Mula,Ketu,1,Saturn,Pisces,"1°49'28.71""",Purva Bhadrapada,Jupiter,4,90,90.6385,0.6385
2025-12-30 04:00:00,Aspect,Square,Mercury,Sagittarius,"1°12'06.86""",Mula,Ketu,1,Saturn,Pisces,"1°49'30.77""",Purva Bhadrapada,Jupiter,4,90,90.6233,0.6233
2025-12-30 04:15:00,Aspect,Square,Mercury,Sagittarius,"1°13'03.59""",Mula,Ketu,1,Saturn,Pisces,"1°49'32.83""",Purva Bhadrapada,Jupiter,4,90,90.6081,0.6081
2025-12-30 04:30:00,Aspect,Square,Mercury,Sagittarius,"1°14'00.32""",Mula,Ketu,1,Saturn,Pisces,"1°49'34.89""",Purva Bhadrapada,Jupiter,4,90,90.5929,0.5929
2025-12-30 04:45:00,Aspect,Square,Mercury,Sagittarius,"1°14'57.05""",Mula,Ketu,1,Saturn,Pisces,"1°49'36.95""",Purva Bhadrapada,Jupiter,4,90,90.5778,0.5778
2025-12-30 05:00:00,Aspect,Square,Mercury,Sagittarius,"1°15'53.78""",Mula,Ketu,1,Saturn,Pisces,"1°49'39.01""",Purva Bhadrapada,Jupiter,4,90,90.5626,0.5626
2025-12-30 05:15:00,Aspect,Square,Mercury,Sagittarius,"1°16'50.51""",Mula,Ketu,1,Saturn,Pisces,"1°49'41.07""",Purva Bhadrapada,Jupiter,4,90,90.5474,0.5474
2025-12-30 05:30:00,Aspect,Square,Mercury,Sagittarius,"1°17'47.25""",Mula,Ketu,1,Saturn,Pisces,"1°49'43.14""",Purva Bhadrapada,Jupiter,4,90,90.5322,0.5322
2025-12-30 05:45:00,Aspect,Square,Mercury,Sagittarius,"1°18'43.99""",Mula,Ketu,1,Saturn,Pisces,"1°49'45.20""",Purva Bhadrapada,Jupiter,4,90,90.517,0.517
2025-12-30 06:00:00,Aspect,Square,Mercury,Sagittarius,"1°19'40.73""",Mula,Ketu,1,Saturn,Pisces,"1°49'47.26""",Purva Bhadrapada,Jupiter,4,90,90.5018,0.5018
2025-12-30 06:15:00,Aspect,Square,Mercury,Sagittarius,"1°20'37.47""",Mula,Ketu,1,Saturn,Pisces,"1°49'49.33""",Purva Bhadrapada,Jupiter,4,90,90.4866,0.4866
2025-12-30 06:30:00,Aspect,Square,Mercury,Sagittarius,"1°21'34.22""",Mula,Ketu,1,Saturn,Pisces,"1°49'51.39""",Purva Bhadrapada,Jupiter,4,90,90.4714,0.4714
2025-12-30 06:45:00,Aspect,Square,Mercury,Sagittarius,"1°22'30.97""",Mula,Ketu,1,Saturn,Pisces,"1°49'53.46""",Purva Bhadrapada,Jupiter,4,90,90.4562,0.4562
2025-12-30 07:00:00,Aspect,Square,Mercury,Sagittarius,"1°23'27.72""",Mula,Ketu,1,Saturn,Pisces,"1°49'55.53""",Purva Bhadrapada,Jupiter,4,90,90.4411,0.4411
2025-12-30 07:15:00,Aspect,Square,Mercury,Sagittarius,"1°24'24.47""",Mula,Ketu,1,Saturn,Pisces,"1°49'57.59""",Purva Bhadrapada,Jupiter,4,90,90.4259,0.4259
2025-12-30 07:30:00,Aspect,Square,Mercury,Sagittarius,"1°25'21.23""",Mula,Ketu,1,Saturn,Pisces,"1°49'59.66""",Purva Bhadrapada,Jupiter,4,90,90.4107,0.4107
2025-12-30 07:45:00,Aspect,Square,Mercury,Sagittarius,"1°26'17.98""",Mula,Ketu,1,Saturn,Pisces,"1°50'01.73""",Purva Bhadrapada,Jupiter,4,90,90.3955,0.3955
2025-12-30 08:00:00,Aspect,Square,Mercury,Sagittarius,"1°27'14.74""",Mula,Ketu,1,Saturn,Pisces,"1°50'03.80""",Purva Bhadrapada,Jupiter,4,90,90.3803,0.3803
2025-12-30 08:15:00,Aspect,Square,Mercury,Sagittarius,"1°28'11.51""",Mula,Ketu,1,Saturn,Pisces,"1°50'05.87""",Purva Bhadrapada,Jupiter,4,90,90.3651,0.3651
2025-12-30 08:30:00,Aspect,Square,Mercury,Sagittarius,"1°29'08.27""",Mula,Ketu,1,Saturn,Pisces,"1°50'07.94""",Purva Bhadrapada,Jupiter,4,90,90.3499,0.3499
2025-12-30 08:45:00,Aspect,Square,Mercury,Sagittarius,"1°30'05.04""",Mula,Ketu,1,Saturn,Pisces,"1°50'10.01""",Purva Bhadrapada,Jupiter,4,90,90.3347,0.3347
2025-12-30 09:00:00,Aspect,Square,Mercury,Sagittarius,"1°31'01.81""",Mula,Ketu,1,Saturn,Pisces,"1°50'12.08""",Purva Bhadrapada,Jupiter,4,90,90.3195,0.3195
2025-12-30 09:15:00,Aspect,Square,Mercury,Sagittarius,"1°31'58.58""",Mula,Ketu,1,Saturn,Pisces,"1°50'14.15""",Purva Bhadrapada,Jupiter,4,90,90.3043,0.3043
2025-12-30 09:30:00,Aspect,Square,Mercury,Sagittarius,"1°32'55.36""",Mula,Ketu,1,Saturn,Pisces,"1°50'16.23""",Purva Bhadrapada,Jupiter,4,90,90.2891,0.2891
2025-12-30 09:45:00,Aspect,Square,Mercury,Sagittarius,"1°33'52.13""",Mula,Ketu,1,Saturn,Pisces,"1°50'18.30""",Purva Bhadrapada,Jupiter,4,90,90.2739,0.2739
2025-12-30 10:00:00,Aspect,Square,Mercury,Sagittarius,"1°34'48.91""",Mula,Ketu,1,Saturn,Pisces,"1°50'20.37""",Purva Bhadrapada,Jupiter,4,90,90.2587,0.2587
2025-12-30 10:15:00,Aspect,Square,Mercury,Sagittarius,"1°35'45.69""",Mula,Ketu,1,Saturn,Pisces,"1°50'22.45""",Purva Bhadrapada,Jupiter,4,90,90.2435,0.2435
2025-12-30 10:30:00,Aspect,Square,Mercury,Sagittarius,"1°36'42.48""",Mula,Ketu,1,Saturn,Pisces,"1°50'24.52""",Purva Bhadrapada,Jupiter,4,90,90.2283,0.2283
2025-12-30 10:45:00,Aspect,Square,Mercury,Sagittarius,"1°37'39.26""",Mula,Ketu,1,Saturn,Pisces,"1°50'26.60""",Purva Bhadrapada,Jupiter,4,90,90.2131,0.2131
2025-12-30 11:00:00,Aspect,Square,Mercury,Sagittarius,"1°38'36.05""",Mula,Ketu,1,Saturn,Pisces,"1°50'28.67""",Purva Bhadrapada,Jupiter,4,90,90.198,0.198
2025-12-30 11:15:00,Aspect,Square,Mercury,Sagittarius,"1°39'32.84""",Mula,Ketu,1,Saturn,Pisces,"1°50'30.75""",Purva Bhadrapada,Jupiter,4,90,90.1828,0.1828
2025-12-30 11:30:00,Aspect,Square,Mercury,Sagittarius,"1°40'29.64""",Mula,Ketu,1,Saturn,Pisces,"1°50'32.83""",Purva Bhadrapada,Jupiter,4,90,90.1676,0.1676
2025-12-30 11:45:00,Aspect,Square,Mercury,Sagittarius,"1°41'26.43""",Mula,Ketu,1,Saturn,Pisces,"1°50'34.91""",Purva Bhadrapada,Jupiter,4,90,90.1524,0.1524
2025-12-30 12:00:00,Aspect,Square,Mercury,Sagittarius,"1°42'23.23""",Mula,Ketu,1,Saturn,Pisces,"1°50'36.99""",Purva Bhadrapada,Jupiter,4,90,90.1372,0.1372
2025-12-30 12:15:00,Aspect,Square,Mercury,Sagittarius,"1°43'20.03""",Mula,Ketu,1,Saturn,Pisces,"1°50'39.07""",Purva Bhadrapada,Jupiter,4,90,90.122,0.122
2025-12-30 12:30:00,Aspect,Square,Mercury,Sagittarius,"1°44'16.83""",Mula,Ketu,1,Saturn,Pisces,"1°50'41.15""",Purva Bhadrapada,Jupiter,4,90,90.1068,0.1068
2025-12-30 12:45:00,Aspect,Square,Mercury,Sagittarius,"1°45'13.64""",Mula,Ketu,1,Saturn,Pisces,"1°50'43.23""",Purva Bhadrapada,Jupiter,4,90,90.0916,0.0916
2025-12-30 13:00:00,Aspect,Square,Mercury,Sagittarius,"1°46'10.45""",Mula,Ketu,1,Saturn,Pisces,"1°50'45.31""",Purva Bhadrapada,Jupiter,4,90,90.0763,0.0763
2025-12-30 13:15:00,Aspect,Square,Mercury,Sagittarius,"1°47'07.26""",Mula,Ketu,1,Saturn,Pisces,"1°50'47.39""",Purva Bhadrapada,Jupiter,4,90,90.0611,0.0611
2025-12-30 13:30:00,Aspect,Square,Mercury,Sagittarius,"1°48'04.07""",Mula,Ketu,1,Saturn,Pisces,"1°50'49.47""",Purva Bhadrapada,Jupiter,4,90,90.0459,0.0459
2025-12-30 13:45:00,Aspect,Square,Mercury,Sagittarius,"1°49'00.89""",Mula,Ketu,1,Saturn,Pisces,"1°50'51.56""",Purva Bhadrapada,Jupiter,4,90,90.0307,0.0307
2025-12-30 14:00:00,Aspect,Square,Mercury,Sagittarius,"1°49'57.70""",Mula,Ketu,1,Saturn,Pisces,"1°50'53.64""",Purva Bhadrapada,Jupiter,4,90,90.0155,0.0155
2025-12-30 14:15:00,Aspect,Square,Mercury,Sagittarius,"1°50'54.52""",Mula,Ketu,1,Saturn,Pisces,"1°50'55.72""",Purva Bhadrapada,Jupiter,4,90,90.0003,0.0003
2025-12-30 14:30:00,Aspect,Square,Mercury,Sagittarius,"1°51'51.34""",Mula,Ketu,1,Saturn,Pisces,"1°50'57.81""",Purva Bhadrapada,Jupiter,4,90,89.9851,0.0149
2025-12-30 14:45:00,Aspect,Square,Mercury,Sagittarius,"1°52'48.17""",Mula,Ketu,1,Saturn,Pisces,"1°50'59.89""",Purva Bhadrapada,Jupiter,4,90,89.9699,0.0301
2025-12-30 15:00:00,Aspect,Square,Mercury,Sagittarius,"1°53'44.99""",Mula,Ketu,1,Saturn,Pisces,"1°51'01.98""",Purva Bhadrapada,Jupiter,4,90,89.9547,0.0453
2025-12-30 15:15:00,Aspect,Square,Mercury,Sagittarius,"1°54'41.82""",Mula,Ketu,1,Saturn,Pisces,"1°51'04.07""",Purva Bhadrapada,Jupiter,4,90,89.9395,0.0605
2025-12-30 15:30:00,Aspect,Square,Mercury,Sagittarius,"1°55'38.65""",Mula,Ketu,1,Saturn,Pisces,"1°51'06.15""",Purva Bhadrapada,Jupiter,4,90,89.9243,0.0757
2025-12-30 15:45:00,Aspect,Square,Mercury,Sagittarius,"1°56'35.49""",Mula,Ketu,1,Saturn,Pisces,"1°51'08.24""",Purva Bhadrapada,Jupiter,4,90,89.9091,0.0909
2025-12-30 16:00:00,Aspect,Square,Mercury,Sagittarius,"1°57'32.32""",Mula,Ketu,1,Saturn,Pisces,"1°51'10.33""",Purva Bhadrapada,Jupiter,4,90,89.8939,0.1061
2025-12-30 16:15:00,Aspect,Square,Mercury,Sagittarius,"1°58'29.16""",Mula,Ketu,1,Saturn,Pisces,"1°51'12.42""",Purva Bhadrapada,Jupiter,4,90,89.8787,0.1213
2025-12-30 16:30:00,Aspect,Square,Mercury,Sagittarius,"1°59'26.00""",Mula,Ketu,1,Saturn,Pisces,"1°51'14.51""",Purva Bhadrapada,Jupiter,4,90,89.8635,0.1365
2025-12-30 16:45:00,Aspect,Square,Mercury,Sagittarius,"2°00'22.85""",Mula,Ketu,1,Saturn,Pisces,"1°51'16.60""",Purva Bhadrapada,Jupiter,4,90,89.8483,0.1517
2025-12-30 17:00:00,Aspect,Square,Mercury,Sagittarius,"2°01'19.69""",Mula,Ketu,1,Saturn,Pisces,"1°51'18.69""",Purva Bhadrapada,Jupiter,4,90,89.8331,0.1669
2025-12-30 17:15:00,Aspect,Square,Mercury,Sagittarius,"2°02'16.54""",Mula,Ketu,1,Saturn,Pisces,"1°51'20.78""",Purva Bhadrapada,Jupiter,4,90,89.8178,0.1822
2025-12-30 17:30:00,Aspect,Square,Mercury,Sagittarius,"2°03'13.39""",Mula,Ketu,1,Saturn,Pisces,"1°51'22.88""",Purva Bhadrapada,Jupiter,4,90,89.8026,0.1974
2025-12-30 17:45:00,Aspect,Square,Mercury,Sagittarius,"2°04'10.24""",Mula,Ketu,1,Saturn,Pisces,"1°51'24.97""",Purva Bhadrapada,Jupiter,4,90,89.7874,0.2126
2025-12-30 18:00:00,Aspect,Square,Mercury,Sagittarius,"2°05'07.10""",Mula,Ketu,1,Saturn,Pisces,"1°51'27.06""",Purva Bhadrapada,Jupiter,4,90,89.7722,0.2278
2025-12-30 18:15:00,Aspect,Square,Mercury,Sagittarius,"2°06'03.95""",Mula,Ketu,1,Saturn,Pisces,"1°51'29.16""",Purva Bhadrapada,Jupiter,4,90,89.757,0.243
2025-12-30 18:30:00,Aspect,Square,Mercury,Sagittarius,"2°07'00.81""",Mula,Ketu,1,Saturn,Pisces,"1°51'31.25""",Purva Bhadrapada,Jupiter,4,90,89.7418,0.2582
2025-12-30 18:45:00,Aspect,Square,Mercury,Sagittarius,"2°07'57.68""",Mula,Ketu,1,Saturn,Pisces,"1°51'33.35""",Purva Bhadrapada,Jupiter,4,90,89.7266,0.2734
2025-12-30 19:00:00,Aspect,Square,Mercury,Sagittarius,"2°08'54.54""",Mula,Ketu,1,Saturn,Pisces,"1°51'35.44""",Purva Bhadrapada,Jupiter,4,90,89.7114,0.2886
2025-12-30 19:15:00,Aspect,Square,Mercury,Sagittarius,"2°09'51.41""",Mula,Ketu,1,Saturn,Pisces,"1°51'37.54""",Purva Bhadrapada,Jupiter,4,90,89.6961,0.3039
2025-12-30 19:30:00,Aspect,Square,Mercury,Sagittarius,"2°10'48.27""",Mula,Ketu,1,Saturn,Pisces,"1°51'39.64""",Purva Bhadrapada,Jupiter,4,90,89.6809,0.3191
2025-12-30 19:45:00,Aspect,Square,Mercury,Sagittarius,"2°11'45.15""",Mula,Ketu,1,Saturn,Pisces,"1°51'41.73""",Purva Bhadrapada,Jupiter,4,90,89.6657,0.3343
2025-12-30 20:00:00,Aspect,Square,Mercury,Sagittarius,"2°12'42.02""",Mula,Ketu,1,Saturn,Pisces,"1°51'43.83""",Purva Bhadrapada,Jupiter,4,90,89.6505,0.3495
2025-12-30 20:15:00,Aspect,Square,Mercury,Sagittarius,"2°13'38.90""",Mula,Ketu,1,Saturn,Pisces,"1°51'45.93""",Purva Bhadrapada,Jupiter,4,90,89.6353,0.3647
2025-12-30 20:30:00,Aspect,Square,Mercury,Sagittarius,"2°14'35.77""",Mula,Ketu,1,Saturn,Pisces,"1°51'48.03""",Purva Bhadrapada,Jupiter,4,90,89.6201,0.3799
2025-12-30 20:45:00,Aspect,Square,Mercury,Sagittarius,"2°15'32.65""",Mula,Ketu,1,Saturn,Pisces,"1°51'50.13""",Purva Bhadrapada,Jupiter,4,90,89.6049,0.3951
2025-12-30 21:00:00,Aspect,Square,Mercury,Sagittarius,"2°16'29.54""",Mula,Ketu,1,Saturn,Pisces,"1°51'52.23""",Purva Bhadrapada,Jupiter,4,90,89.5896,0.4104
2025-12-30 21:15:00,Aspect,Square,Mercury,Sagittarius,"2°17'26.42""",Mula,Ketu,1,Saturn,Pisces,"1°51'54.34""",Purva Bhadrapada,Jupiter,4,90,89.5744,0.4256
2025-12-30 21:30:00,Aspect,Square,Mercury,Sagittarius,"2°18'23.31""",Mula,Ketu,1,Saturn,Pisces,"1°51'56.44""",Purva Bhadrapada,Jupiter,4,90,89.5592,0.4408
2025-12-30 21:45:00,Aspect,Square,Mercury,Sagittarius,"2°19'20.20""",Mula,Ketu,1,Saturn,Pisces,"1°51'58.54""",Purva Bhadrapada,Jupiter,4,90,89.544,0.456
2025-12-30 22:00:00,Aspect,Square,Mercury,Sagittarius,"2°20'17.09""",Mula,Ketu,1,Saturn,Pisces,"1°52'00.64""",Purva Bhadrapada,Jupiter,4,90,89.5288,0.4712
2025-12-30 22:15:00,Aspect,Square,Mercury,Sagittarius,"2°21'13.99""",Mula,Ketu,1,Saturn,Pisces,"1°52'02.75""",Purva Bhadrapada,Jupiter,4,90,89.5135,0.4865
2025-12-30 22:30:00,Aspect,Square,Mercury,Sagittarius,"2°22'10.88""",Mula,Ketu,1,Saturn,Pisces,"1°52'04.85""",Purva Bhadrapada,Jupiter,4,90,89.4983,0.5017
2025-12-30 22:45:00,Aspect,Square,Mercury,Sagittarius,"2°23'07.78""",Mula,Ketu,1,Saturn,Pisces,"1°52'06.96""",Purva Bhadrapada,Jupiter,4,90,89.4831,0.5169
2025-12-30 23:00:00,Aspect,Square,Mercury,Sagittarius,"2°24'04.69""",Mula,Ketu,1,Saturn,Pisces,"1°52'09.06""",Purva Bhadrapada,Jupiter,4,90,89.4679,0.5321
2025-12-30 23:15:00,Aspect,Square,Mercury,Sagittarius,"2°25'01.59""",Mula,Ketu,1,Saturn,Pisces,"1°52'11.17""",Purva Bhadrapada,Jupiter,4,90,89.4527,0.5473
2025-12-30 23:30:00,Aspect,Square,Mercury,Sagittarius,"2°25'58.50""",Mula,Ketu,1,Saturn,Pisces,"1°52'13.28""",Purva Bhadrapada,Jupiter,4,90,89.4374,0.5626
2025-12-30 23:45:00,Aspect,Square,Mercury,Sagittarius,"2°26'55.41""",Mula,Ketu,1,Saturn,Pisces,"1°52'15.38""",Purva Bhadrapada,Jupiter,4,90,89.4222,0.5778
2025-12-31 00:00:00,Aspect,Square,Mercury,Sagittarius,"2°27'52.32""",Mula,Ketu,1,Saturn,Pisces,"1°52'17.49""",Purva Bhadrapada,Jupiter,4,90,89.407,0.593
2025-12-31 00:15:00,Aspect,Square,Mercury,Sagittarius,"2°28'49.23""",Mula,Ketu,1,Saturn,Pisces,"1°52'19.60""",Purva Bhadrapada,Jupiter,4,90,89.3918,0.6082
2025-12-31 00:30:00,Aspect,Square,Mercury,Sagittarius,"2°29'46.15""",Mula,Ketu,1,Saturn,Pisces,"1°52'21.71""",Purva Bhadrapada,Jupiter,4,90,89.3765,0.6235
2025-12-31 00:45:00,Aspect,Square,Mercury,Sagittarius,"2°30'43.06""",Mula,Ketu,1,Saturn,Pisces,"1°52'23.82""",Purva Bhadrapada,Jupiter,4,90,89.3613,0.6387
2025-12-31 01:00:00,Aspect,Square,Mercury,Sagittarius,"2°31'39.98""",Mula,Ketu,1,Saturn,Pisces,"1°52'25.93""",Purva Bhadrapada,Jupiter,4,90,89.3461,0.6539
2025-12-31 01:15:00,Aspect,Square,Mercury,Sagittarius,"2°32'36.91""",Mula,Ketu,1,Saturn,Pisces,"1°52'28.04""",Purva Bhadrapada,Jupiter,4,90,89.3309,0.6691
2025-12-31 01:30:00,Aspect,Square,Mercury,Sagittarius,"2°33'33.83""",Mula,Ketu,1,Saturn,Pisces,"1°52'30.15""",Purva Bhadrapada,Jupiter,4,90,89.3156,0.6844
2025-12-31 01:45:00,Aspect,Square,Mercury,Sagittarius,"2°34'30.76""",Mula,Ketu,1,Saturn,Pisces,"1°52'32.27""",Purva Bhadrapada,Jupiter,4,90,89.3004,0.6996
2025-12-31 02:00:00,Aspect,Square,Mercury,Sagittarius,"2°35'27.69""",Mula,Ketu,1,Saturn,Pisces,"1°52'34.38""",Purva Bhadrapada,Jupiter,4,90,89.2852,0.7148
2025-12-31 02:15:00,Aspect,Square,Mercury,Sagittarius,"2°36'24.62""",Mula,Ketu,1,Saturn,Pisces,"1°52'36.49""",Purva Bhadrapada,Jupiter,4,90,89.27,0.73
2025-12-31 02:30:00,Aspect,Square,Mercury,Sagittarius,"2°37'21.56""",Mula,Ketu,1,Saturn,Pisces,"1°52'38.61""",Purva Bhadrapada,Jupiter,4,90,89.2547,0.7453
2025-12-31 02:45:00,Aspect,Square,Mercury,Sagittarius,"2°38'18.49""",Mula,Ketu,1,Saturn,Pisces,"1°52'40.72""",Purva Bhadrapada,Jupiter,4,90,89.2395,0.7605
2025-12-31 03:00:00,Aspect,Square,Mercury,Sagittarius,"2°39'15.43""",Mula,Ketu,1,Saturn,Pisces,"1°52'42.84""",Purva Bhadrapada,Jupiter,4,90,89.2243,0.7757
2025-12-31 03:15:00,Aspect,Square,Mercury,Sagittarius,"2°40'12.37""",Mula,Ketu,1,Saturn,Pisces,"1°52'44.96""",Purva Bhadrapada,Jupiter,4,90,89.2091,0.7909
2025-12-31 03:30:00,Aspect,Square,Mercury,Sagittarius,"2°41'09.32""",Mula,Ketu,1,Saturn,Pisces,"1°52'47.07""",Purva Bhadrapada,Jupiter,4,90,89.1938,0.8062
2025-12-31 03:45:00,Aspect,Square,Mercury,Sagittarius,"2°42'06.26""",Mula,Ketu,1,Saturn,Pisces,"1°52'49.19""",Purva Bhadrapada,Jupiter,4,90,89.1786,0.8214
2025-12-31 04:00:00,Aspect,Square,Mercury,Sagittarius,"2°43'03.21""",Mula,Ketu,1,Saturn,Pisces,"1°52'51.31""",Purva Bhadrapada,Jupiter,4,90,89.1634,0.8366
2025-12-31 04:15:00,Aspect,Square,Mercury,Sagittarius,"2°44'00.16""",Mula,Ketu,1,Saturn,Pisces,"1°52'53.43""",Purva Bhadrapada,Jupiter,4,90,89.1481,0.8519
2025-12-31 04:30:00,Aspect,Square,Mercury,Sagittarius,"2°44'57.12""",Mula,Ketu,1,Saturn,Pisces,"1°52'55.55""",Purva Bhadrapada,Jupiter,4,90,89.1329,0.8671
2025-12-31 04:45:00,Aspect,Square,Mercury,Sagittarius,"2°45'54.07""",Mula,Ketu,1,Saturn,Pisces,"1°52'57.67""",Purva Bhadrapada,Jupiter,4,90,89.1177,0.8823
2025-12-31 05:00:00,Aspect,Square,Mercury,Sagittarius,"2°46'51.03""",Mula,Ketu,1,Saturn,Pisces,"1°52'59.79""",Purva Bhadrapada,Jupiter,4,90,89.1024,0.8976
2025-12-31 05:15:00,Aspect,Square,Mercury,Sagittarius,"2°47'47.99""",Mula,Ketu,1,Saturn,Pisces,"1°53'01.91""",Purva Bhadrapada,Jupiter,4,90,89.0872,0.9128
2025-12-31 05:30:00,Aspect,Square,Mercury,Sagittarius,"2°48'44.95""",Mula,Ketu,1,Saturn,Pisces,"1°53'04.03""",Purva Bhadrapada,Jupiter,4,90,89.072,0.928
2025-12-31 05:45:00,Aspect,Square,Mercury,Sagittarius,"2°49'41.92""",Mula,Ketu,1,Saturn,Pisces,"1°53'06.15""",Purva Bhadrapada,Jupiter,4,90,89.0567,0.9433
2025-12-31 06:00:00,Aspect,Square,Mercury,Sagittarius,"2°50'38.88""",Mula,Ketu,1,Saturn,Pisces,"1°53'08.27""",Purva Bhadrapada,Jupiter,4,90,89.0415,0.9585
2025-12-31 06:15:00,Aspect,Square,Mercury,Sagittarius,"2°51'35.85""",Mula,Ketu,1,Saturn,Pisces,"1°53'10.40""",Purva Bhadrapada,Jupiter,4,90,89.0263,0.9737
2025-12-31 06:30:00,Aspect,Square,Mercury,Sagittarius,"2°52'32.82""",Mula,Ketu,1,Saturn,Pisces,"1°53'12.52""",Purva Bhadrapada,Jupiter,4,90,89.011,0.989
