datetime,event,type,planet1,planet1_sign,planet1_degree,planet2,planet2_sign,planet2_degree,exact_angle,difference,orb
2026-01-02 19:00:00,Aspect,Sextitle,Venus,Sagittarius,"16°52'19.00""",Rahu,Aquarius,"17°52'09.91""",60,60.9975,0.9975
2026-01-02 19:00:00,Aspect,Trine,Venus,Sagittarius,"16°52'19.00""",Ketu,Leo,"17°52'09.91""",120,119.0025,0.9975
2026-01-02 19:15:00,Aspect,Sextitle,Venus,Sagittarius,"16°53'06.18""",Rahu,Aquarius,"17°52'07.92""",60,60.9838,0.9838
2026-01-02 19:15:00,Aspect,Trine,Venus,Sagittarius,"16°53'06.18""",Ketu,Leo,"17°52'07.92""",120,119.0162,0.9838
2026-01-02 19:30:00,Aspect,Conjunction,Sun,Sagittarius,"17°53'46.13""",Venus,Sagittarius,"16°53'53.36""",0,0.998,0.998
2026-01-02 19:30:00,Aspect,Sextitle,Venus,Sagittarius,"16°53'53.36""",Rahu,Aquarius,"17°52'05.93""",60,60.9702,0.9702
2026-01-02 19:30:00,Aspect,Trine,Venus,Sagittarius,"16°53'53.36""",Ketu,Leo,"17°52'05.93""",120,119.0298,0.9702
2026-01-02 19:45:00,Aspect,Conjunction,Sun,Sagittarius,"17°54'24.33""",Venus,Sagittarius,"16°54'40.54""",0,0.9955,0.9955
2026-01-02 19:45:00,Aspect,Sextitle,Venus,Sagittarius,"16°54'40.54""",Rahu,Aquarius,"17°52'03.95""",60,60.9565,0.9565
2026-01-02 19:45:00,Aspect,Trine,Venus,Sagittarius,"16°54'40.54""",Ketu,Leo,"17°52'03.95""",120,119.0435,0.9565
2026-01-02 20:00:00,Aspect,Conjunction,Sun,Sagittarius,"17°55'02.54""",Venus,Sagittarius,"16°55'27.72""",0,0.993,0.993
2026-01-02 20:00:00,Aspect,Sextitle,Venus,Sagittarius,"16°55'27.72""",Rahu,Aquarius,"17°52'01.96""",60,60.9428,0.9428
2026-01-02 20:00:00,Aspect,Trine,Venus,Sagittarius,"16°55'27.72""",Ketu,Leo,"17°52'01.96""",120,119.0572,0.9428
2026-01-02 20:15:00,Aspect,Conjunction,Sun,Sagittarius,"17°55'40.74""",Venus,Sagittarius,"16°56'14.90""",0,0.9905,0.9905
2026-01-02 20:15:00,Aspect,Sextitle,Venus,Sagittarius,"16°56'14.90""",Rahu,Aquarius,"17°51'59.97""",60,60.9292,0.9292
2026-01-02 20:15:00,Aspect,Trine,Venus,Sagittarius,"16°56'14.90""",Ketu,Leo,"17°51'59.97""",120,119.0708,0.9292
2026-01-02 20:30:00,Aspect,Conjunction,Sun,Sagittarius,"17°56'18.94""",Venus,Sagittarius,"16°57'02.08""",0,0.988,0.988
2026-01-02 20:30:00,Aspect,Sextitle,Venus,Sagittarius,"16°57'02.08""",Rahu,Aquarius,"17°51'57.98""",60,60.9155,0.9155
2026-01-02 20:30:00,Aspect,Trine,Venus,Sagittarius,"16°57'02.08""",Ketu,Leo,"17°51'57.98""",120,119.0845,0.9155
2026-01-02 20:45:00,Aspect,Conjunction,Sun,Sagittarius,"17°56'57.15""",Venus,Sagittarius,"16°57'49.26""",0,0.9855,0.9855
2026-01-02 20:45:00,Aspect,Sextitle,Venus,Sagittarius,"16°57'49.26""",Rahu,Aquarius,"17°51'56.00""",60,60.9019,0.9019
2026-01-02 20:45:00,Aspect,Trine,Venus,Sagittarius,"16°57'49.26""",Ketu,Leo,"17°51'56.00""",120,119.0981,0.9019
2026-01-02 21:00:00,Aspect,Conjunction,Sun,Sagittarius,"17°57'35.35""",Venus,Sagittarius,"16°58'36.44""",0,0.983,0.983
2026-01-02 21:00:00,Aspect,Sextitle,Venus,Sagittarius,"16°58'36.44""",Rahu,Aquarius,"17°51'54.01""",60,60.8882,0.8882
2026-01-02 21:00:00,Aspect,Trine,Venus,Sagittarius,"16°58'36.44""",Ketu,Leo,"17°51'54.01""",120,119.1118,0.8882
2026-01-02 21:15:00,Aspect,Conjunction,Sun,Sagittarius,"17°58'13.55""",Venus,Sagittarius,"16°59'23.62""",0,0.9805,0.9805
2026-01-02 21:15:00,Aspect,Sextitle,Venus,Sagittarius,"16°59'23.62""",Rahu,Aquarius,"17°51'52.02""",60,60.8746,0.8746
2026-01-02 21:15:00,Aspect,Trine,Venus,Sagittarius,"16°59'23.62""",Ketu,Leo,"17°51'52.02""",120,119.1254,0.8746
2026-01-02 21:30:00,Aspect,Conjunction,Sun,Sagittarius,"17°58'51.76""",Venus,Sagittarius,"17°00'10.80""",0,0.978,0.978
2026-01-02 21:30:00,Aspect,Sextitle,Venus,Sagittarius,"17°00'10.80""",Rahu,Aquarius,"17°51'50.04""",60,60.8609,0.8609
2026-01-02 21:30:00,Aspect,Trine,Venus,Sagittarius,"17°00'10.80""",Ketu,Leo,"17°51'50.04""",120,119.1391,0.8609
2026-01-02 21:45:00,Aspect,Conjunction,Sun,Sagittarius,"17°59'29.96""",Venus,Sagittarius,"17°00'57.98""",0,0.9756,0.9756
2026-01-02 21:45:00,Aspect,Sextitle,Venus,Sagittarius,"17°00'57.98""",Rahu,Aquarius,"17°51'48.05""",60,60.8472,0.8472
2026-01-02 21:45:00,Aspect,Trine,Venus,Sagittarius,"17°00'57.98""",Ketu,Leo,"17°51'48.05""",120,119.1528,0.8472
2026-01-02 22:00:00,Aspect,Conjunction,Sun,Sagittarius,"18°00'08.16""",Venus,Sagittarius,"17°01'45.16""",0,0.9731,0.9731
2026-01-02 22:00:00,Aspect,Sextitle,Venus,Sagittarius,"17°01'45.16""",Rahu,Aquarius,"17°51'46.06""",60,60.8336,0.8336
2026-01-02 22:00:00,Aspect,Trine,Venus,Sagittarius,"17°01'45.16""",Ketu,Leo,"17°51'46.06""",120,119.1664,0.8336
2026-01-02 22:15:00,Aspect,Conjunction,Sun,Sagittarius,"18°00'46.37""",Venus,Sagittarius,"17°02'32.34""",0,0.9706,0.9706
2026-01-02 22:15:00,Aspect,Sextitle,Venus,Sagittarius,"17°02'32.34""",Rahu,Aquarius,"17°51'44.07""",60,60.8199,0.8199
2026-01-02 22:15:00,Aspect,Trine,Venus,Sagittarius,"17°02'32.34""",Ketu,Leo,"17°51'44.07""",120,119.1801,0.8199
2026-01-02 22:30:00,Aspect,Conjunction,Sun,Sagittarius,"18°01'24.57""",Venus,Sagittarius,"17°03'19.52""",0,0.9681,0.9681
2026-01-02 22:30:00,Aspect,Sextitle,Venus,Sagittarius,"17°03'19.52""",Rahu,Aquarius,"17°51'42.09""",60,60.8063,0.8063
2026-01-02 22:30:00,Aspect,Trine,Venus,Sagittarius,"17°03'19.52""",Ketu,Leo,"17°51'42.09""",120,119.1937,0.8063
2026-01-02 22:45:00,Aspect,Conjunction,Sun,Sagittarius,"18°02'02.77""",Venus,Sagittarius,"17°04'06.70""",0,0.9656,0.9656
2026-01-02 22:45:00,Aspect,Sextitle,Venus,Sagittarius,"17°04'06.70""",Rahu,Aquarius,"17°51'40.10""",60,60.7926,0.7926
2026-01-02 22:45:00,Aspect,Trine,Venus,Sagittarius,"17°04'06.70""",Ketu,Leo,"17°51'40.10""",120,119.2074,0.7926
2026-01-02 23:00:00,Aspect,Conjunction,Sun,Sagittarius,"18°02'40.98""",Venus,Sagittarius,"17°04'53.88""",0,0.9631,0.9631
2026-01-02 23:00:00,Aspect,Sextitle,Venus,Sagittarius,"17°04'53.88""",Rahu,Aquarius,"17°51'38.11""",60,60.779,0.779
2026-01-02 23:00:00,Aspect,Trine,Venus,Sagittarius,"17°04'53.88""",Ketu,Leo,"17°51'38.11""",120,119.221,0.779
2026-01-02 23:15:00,Aspect,Conjunction,Sun,Sagittarius,"18°03'19.18""",Venus,Sagittarius,"17°05'41.06""",0,0.9606,0.9606
2026-01-02 23:15:00,Aspect,Sextitle,Venus,Sagittarius,"17°05'41.06""",Rahu,Aquarius,"17°51'36.13""",60,60.7653,0.7653
2026-01-02 23:15:00,Aspect,Trine,Venus,Sagittarius,"17°05'41.06""",Ketu,Leo,"17°51'36.13""",120,119.2347,0.7653
2026-01-02 23:30:00,Aspect,Conjunction,Sun,Sagittarius,"18°03'57.38""",Venus,Sagittarius,"17°06'28.24""",0,0.9581,0.9581
2026-01-02 23:30:00,Aspect,Sextitle,Venus,Sagittarius,"17°06'28.24""",Rahu,Aquarius,"17°51'34.14""",60,60.7516,0.7516
2026-01-02 23:30:00,Aspect,Trine,Venus,Sagittarius,"17°06'28.24""",Ketu,Leo,"17°51'34.14""",120,119.2484,0.7516
2026-01-02 23:45:00,Aspect,Conjunction,Sun,Sagittarius,"18°04'35.59""",Venus,Sagittarius,"17°07'15.42""",0,0.9556,0.9556
2026-01-02 23:45:00,Aspect,Sextitle,Venus,Sagittarius,"17°07'15.42""",Rahu,Aquarius,"17°51'32.15""",60,60.738,0.738
2026-01-02 23:45:00,Aspect,Trine,Venus,Sagittarius,"17°07'15.42""",Ketu,Leo,"17°51'32.15""",120,119.262,0.738
2026-01-03 00:00:00,Aspect,Conjunction,Sun,Sagittarius,"18°05'13.79""",Venus,Sagittarius,"17°08'02.60""",0,0.9531,0.9531
2026-01-03 00:00:00,Aspect,Sextitle,Venus,Sagittarius,"17°08'02.60""",Rahu,Aquarius,"17°51'30.16""",60,60.7243,0.7243
2026-01-03 00:00:00,Aspect,Trine,Venus,Sagittarius,"17°08'02.60""",Ketu,Leo,"17°51'30.16""",120,119.2757,0.7243
2026-01-03 00:15:00,Aspect,Conjunction,Sun,Sagittarius,"18°05'51.99""",Venus,Sagittarius,"17°08'49.78""",0,0.9506,0.9506
2026-01-03 00:15:00,Aspect,Sextitle,Venus,Sagittarius,"17°08'49.78""",Rahu,Aquarius,"17°51'28.18""",60,60.7107,0.7107
2026-01-03 00:15:00,Aspect,Trine,Venus,Sagittarius,"17°08'49.78""",Ketu,Leo,"17°51'28.18""",120,119.2893,0.7107
2026-01-03 00:30:00,Aspect,Conjunction,Sun,Sagittarius,"18°06'30.20""",Venus,Sagittarius,"17°09'36.96""",0,0.9481,0.9481
2026-01-03 00:30:00,Aspect,Sextitle,Venus,Sagittarius,"17°09'36.96""",Rahu,Aquarius,"17°51'26.19""",60,60.697,0.697
2026-01-03 00:30:00,Aspect,Trine,Venus,Sagittarius,"17°09'36.96""",Ketu,Leo,"17°51'26.19""",120,119.303,0.697
2026-01-03 00:45:00,Aspect,Conjunction,Sun,Sagittarius,"18°07'08.40""",Venus,Sagittarius,"17°10'24.14""",0,0.9456,0.9456
2026-01-03 00:45:00,Aspect,Sextitle,Venus,Sagittarius,"17°10'24.14""",Rahu,Aquarius,"17°51'24.20""",60,60.6834,0.6834
2026-01-03 00:45:00,Aspect,Trine,Venus,Sagittarius,"17°10'24.14""",Ketu,Leo,"17°51'24.20""",120,119.3166,0.6834
2026-01-03 01:00:00,Aspect,Conjunction,Sun,Sagittarius,"18°07'46.60""",Venus,Sagittarius,"17°11'11.32""",0,0.9431,0.9431
2026-01-03 01:00:00,Aspect,Sextitle,Venus,Sagittarius,"17°11'11.32""",Rahu,Aquarius,"17°51'22.22""",60,60.6697,0.6697
2026-01-03 01:00:00,Aspect,Trine,Venus,Sagittarius,"17°11'11.32""",Ketu,Leo,"17°51'22.22""",120,119.3303,0.6697
2026-01-03 01:15:00,Aspect,Conjunction,Sun,Sagittarius,"18°08'24.81""",Venus,Sagittarius,"17°11'58.50""",0,0.9406,0.9406
2026-01-03 01:15:00,Aspect,Sextitle,Venus,Sagittarius,"17°11'58.50""",Rahu,Aquarius,"17°51'20.23""",60,60.656,0.656
2026-01-03 01:15:00,Aspect,Trine,Venus,Sagittarius,"17°11'58.50""",Ketu,Leo,"17°51'20.23""",120,119.344,0.656
2026-01-03 01:30:00,Aspect,Conjunction,Sun,Sagittarius,"18°09'03.01""",Venus,Sagittarius,"17°12'45.67""",0,0.9381,0.9381
2026-01-03 01:30:00,Aspect,Sextitle,Venus,Sagittarius,"17°12'45.67""",Rahu,Aquarius,"17°51'18.24""",60,60.6424,0.6424
2026-01-03 01:30:00,Aspect,Trine,Venus,Sagittarius,"17°12'45.67""",Ketu,Leo,"17°51'18.24""",120,119.3576,0.6424
2026-01-03 01:45:00,Aspect,Conjunction,Sun,Sagittarius,"18°09'41.21""",Venus,Sagittarius,"17°13'32.85""",0,0.9357,0.9357
2026-01-03 01:45:00,Aspect,Sextitle,Venus,Sagittarius,"17°13'32.85""",Rahu,Aquarius,"17°51'16.25""",60,60.6287,0.6287
2026-01-03 01:45:00,Aspect,Trine,Venus,Sagittarius,"17°13'32.85""",Ketu,Leo,"17°51'16.25""",120,119.3713,0.6287
2026-01-03 02:00:00,Aspect,Conjunction,Sun,Sagittarius,"18°10'19.42""",Venus,Sagittarius,"17°14'20.03""",0,0.9332,0.9332
2026-01-03 02:00:00,Aspect,Sextitle,Venus,Sagittarius,"17°14'20.03""",Rahu,Aquarius,"17°51'14.27""",60,60.6151,0.6151
2026-01-03 02:00:00,Aspect,Trine,Venus,Sagittarius,"17°14'20.03""",Ketu,Leo,"17°51'14.27""",120,119.3849,0.6151
2026-01-03 02:15:00,Aspect,Conjunction,Sun,Sagittarius,"18°10'57.62""",Venus,Sagittarius,"17°15'07.21""",0,0.9307,0.9307
2026-01-03 02:15:00,Aspect,Sextitle,Venus,Sagittarius,"17°15'07.21""",Rahu,Aquarius,"17°51'12.28""",60,60.6014,0.6014
2026-01-03 02:15:00,Aspect,Trine,Venus,Sagittarius,"17°15'07.21""",Ketu,Leo,"17°51'12.28""",120,119.3986,0.6014
2026-01-03 02:30:00,Aspect,Conjunction,Sun,Sagittarius,"18°11'35.82""",Venus,Sagittarius,"17°15'54.39""",0,0.9282,0.9282
2026-01-03 02:30:00,Aspect,Sextitle,Venus,Sagittarius,"17°15'54.39""",Rahu,Aquarius,"17°51'10.29""",60,60.5877,0.5877
2026-01-03 02:30:00,Aspect,Trine,Venus,Sagittarius,"17°15'54.39""",Ketu,Leo,"17°51'10.29""",120,119.4123,0.5877
2026-01-03 02:45:00,Aspect,Conjunction,Sun,Sagittarius,"18°12'14.03""",Venus,Sagittarius,"17°16'41.57""",0,0.9257,0.9257
2026-01-03 02:45:00,Aspect,Sextitle,Venus,Sagittarius,"17°16'41.57""",Rahu,Aquarius,"17°51'08.30""",60,60.5741,0.5741
2026-01-03 02:45:00,Aspect,Trine,Venus,Sagittarius,"17°16'41.57""",Ketu,Leo,"17°51'08.30""",120,119.4259,0.5741
2026-01-03 03:00:00,Aspect,Conjunction,Sun,Sagittarius,"18°12'52.23""",Venus,Sagittarius,"17°17'28.75""",0,0.9232,0.9232
2026-01-03 03:00:00,Aspect,Sextitle,Venus,Sagittarius,"17°17'28.75""",Rahu,Aquarius,"17°51'06.32""",60,60.5604,0.5604
2026-01-03 03:00:00,Aspect,Trine,Venus,Sagittarius,"17°17'28.75""",Ketu,Leo,"17°51'06.32""",120,119.4396,0.5604
2026-01-03 03:15:00,Aspect,Conjunction,Sun,Sagittarius,"18°13'30.43""",Venus,Sagittarius,"17°18'15.93""",0,0.9207,0.9207
2026-01-03 03:15:00,Aspect,Sextitle,Venus,Sagittarius,"17°18'15.93""",Rahu,Aquarius,"17°51'04.33""",60,60.5468,0.5468
2026-01-03 03:15:00,Aspect,Trine,Venus,Sagittarius,"17°18'15.93""",Ketu,Leo,"17°51'04.33""",120,119.4532,0.5468
2026-01-03 03:30:00,Aspect,Conjunction,Sun,Sagittarius,"18°14'08.64""",Venus,Sagittarius,"17°19'03.11""",0,0.9182,0.9182
2026-01-03 03:30:00,Aspect,Sextitle,Venus,Sagittarius,"17°19'03.11""",Rahu,Aquarius,"17°51'02.34""",60,60.5331,0.5331
2026-01-03 03:30:00,Aspect,Trine,Venus,Sagittarius,"17°19'03.11""",Ketu,Leo,"17°51'02.34""",120,119.4669,0.5331
2026-01-03 03:45:00,Aspect,Conjunction,Sun,Sagittarius,"18°14'46.84""",Venus,Sagittarius,"17°19'50.29""",0,0.9157,0.9157
2026-01-03 03:45:00,Aspect,Sextitle,Venus,Sagittarius,"17°19'50.29""",Rahu,Aquarius,"17°51'00.36""",60,60.5195,0.5195
2026-01-03 03:45:00,Aspect,Trine,Venus,Sagittarius,"17°19'50.29""",Ketu,Leo,"17°51'00.36""",120,119.4805,0.5195
2026-01-03 04:00:00,Aspect,Conjunction,Sun,Sagittarius,"18°15'25.04""",Venus,Sagittarius,"17°20'37.47""",0,0.9132,0.9132
2026-01-03 04:00:00,Aspect,Sextitle,Venus,Sagittarius,"17°20'37.47""",Rahu,Aquarius,"17°50'58.37""",60,60.5058,0.5058
2026-01-03 04:00:00,Aspect,Trine,Venus,Sagittarius,"17°20'37.47""",Ketu,Leo,"17°50'58.37""",120,119.4942,0.5058
2026-01-03 04:15:00,Aspect,Conjunction,Sun,Sagittarius,"18°16'03.25""",Venus,Sagittarius,"17°21'24.65""",0,0.9107,0.9107
2026-01-03 04:15:00,Aspect,Sextitle,Venus,Sagittarius,"17°21'24.65""",Rahu,Aquarius,"17°50'56.38""",60,60.4921,0.4921
2026-01-03 04:15:00,Aspect,Trine,Venus,Sagittarius,"17°21'24.65""",Ketu,Leo,"17°50'56.38""",120,119.5079,0.4921
2026-01-03 04:30:00,Aspect,Conjunction,Sun,Sagittarius,"18°16'41.45""",Venus,Sagittarius,"17°22'11.83""",0,0.9082,0.9082
2026-01-03 04:30:00,Aspect,Sextitle,Venus,Sagittarius,"17°22'11.83""",Rahu,Aquarius,"17°50'54.39""",60,60.4785,0.4785
2026-01-03 04:30:00,Aspect,Trine,Venus,Sagittarius,"17°22'11.83""",Ketu,Leo,"17°50'54.39""",120,119.5215,0.4785
2026-01-03 04:45:00,Aspect,Conjunction,Sun,Sagittarius,"18°17'19.65""",Venus,Sagittarius,"17°22'59.01""",0,0.9057,0.9057
2026-01-03 04:45:00,Aspect,Sextitle,Venus,Sagittarius,"17°22'59.01""",Rahu,Aquarius,"17°50'52.41""",60,60.4648,0.4648
2026-01-03 04:45:00,Aspect,Trine,Venus,Sagittarius,"17°22'59.01""",Ketu,Leo,"17°50'52.41""",120,119.5352,0.4648
2026-01-03 05:00:00,Aspect,Conjunction,Sun,Sagittarius,"18°17'57.86""",Venus,Sagittarius,"17°23'46.18""",0,0.9032,0.9032
2026-01-03 05:00:00,Aspect,Sextitle,Venus,Sagittarius,"17°23'46.18""",Rahu,Aquarius,"17°50'50.42""",60,60.4512,0.4512
2026-01-03 05:00:00,Aspect,Trine,Venus,Sagittarius,"17°23'46.18""",Ketu,Leo,"17°50'50.42""",120,119.5488,0.4512
2026-01-03 05:15:00,Aspect,Conjunction,Sun,Sagittarius,"18°18'36.06""",Venus,Sagittarius,"17°24'33.36""",0,0.9007,0.9007
2026-01-03 05:15:00,Aspect,Sextitle,Venus,Sagittarius,"17°24'33.36""",Rahu,Aquarius,"17°50'48.43""",60,60.4375,0.4375
2026-01-03 05:15:00,Aspect,Trine,Venus,Sagittarius,"17°24'33.36""",Ketu,Leo,"17°50'48.43""",120,119.5625,0.4375
2026-01-03 05:30:00,Aspect,Conjunction,Sun,Sagittarius,"18°19'14.26""",Venus,Sagittarius,"17°25'20.54""",0,0.8983,0.8983
2026-01-03 05:30:00,Aspect,Sextitle,Venus,Sagittarius,"17°25'20.54""",Rahu,Aquarius,"17°50'46.45""",60,60.4239,0.4239
2026-01-03 05:30:00,Aspect,Trine,Venus,Sagittarius,"17°25'20.54""",Ketu,Leo,"17°50'46.45""",120,119.5761,0.4239
2026-01-03 05:45:00,Aspect,Conjunction,Sun,Sagittarius,"18°19'52.47""",Venus,Sagittarius,"17°26'07.72""",0,0.8958,0.8958
2026-01-03 05:45:00,Aspect,Sextitle,Venus,Sagittarius,"17°26'07.72""",Rahu,Aquarius,"17°50'44.46""",60,60.4102,0.4102
2026-01-03 05:45:00,Aspect,Trine,Venus,Sagittarius,"17°26'07.72""",Ketu,Leo,"17°50'44.46""",120,119.5898,0.4102
2026-01-03 06:00:00,Aspect,Conjunction,Sun,Sagittarius,"18°20'30.67""",Venus,Sagittarius,"17°26'54.90""",0,0.8933,0.8933
2026-01-03 06:00:00,Aspect,Sextitle,Venus,Sagittarius,"17°26'54.90""",Rahu,Aquarius,"17°50'42.47""",60,60.3965,0.3965
2026-01-03 06:00:00,Aspect,Trine,Venus,Sagittarius,"17°26'54.90""",Ketu,Leo,"17°50'42.47""",120,119.6035,0.3965
2026-01-03 06:15:00,Aspect,Conjunction,Sun,Sagittarius,"18°21'08.87""",Venus,Sagittarius,"17°27'42.08""",0,0.8908,0.8908
2026-01-03 06:15:00,Aspect,Sextitle,Venus,Sagittarius,"17°27'42.08""",Rahu,Aquarius,"17°50'40.48""",60,60.3829,0.3829
2026-01-03 06:15:00,Aspect,Trine,Venus,Sagittarius,"17°27'42.08""",Ketu,Leo,"17°50'40.48""",120,119.6171,0.3829
2026-01-03 06:30:00,Aspect,Conjunction,Sun,Sagittarius,"18°21'47.08""",Venus,Sagittarius,"17°28'29.26""",0,0.8883,0.8883
2026-01-03 06:30:00,Aspect,Sextitle,Venus,Sagittarius,"17°28'29.26""",Rahu,Aquarius,"17°50'38.50""",60,60.3692,0.3692
2026-01-03 06:30:00,Aspect,Trine,Venus,Sagittarius,"17°28'29.26""",Ketu,Leo,"17°50'38.50""",120,119.6308,0.3692
2026-01-03 06:45:00,Aspect,Conjunction,Sun,Sagittarius,"18°22'25.28""",Venus,Sagittarius,"17°29'16.44""",0,0.8858,0.8858
2026-01-03 06:45:00,Aspect,Sextitle,Venus,Sagittarius,"17°29'16.44""",Rahu,Aquarius,"17°50'36.51""",60,60.3556,0.3556
2026-01-03 06:45:00,Aspect,Trine,Venus,Sagittarius,"17°29'16.44""",Ketu,Leo,"17°50'36.51""",120,119.6444,0.3556
2026-01-03 07:00:00,Aspect,Conjunction,Sun,Sagittarius,"18°23'03.48""",Venus,Sagittarius,"17°30'03.62""",0,0.8833,0.8833
2026-01-03 07:00:00,Aspect,Sextitle,Venus,Sagittarius,"17°30'03.62""",Rahu,Aquarius,"17°50'34.52""",60,60.3419,0.3419
2026-01-03 07:00:00,Aspect,Trine,Venus,Sagittarius,"17°30'03.62""",Ketu,Leo,"17°50'34.52""",120,119.6581,0.3419
2026-01-03 07:15:00,Aspect,Conjunction,Sun,Sagittarius,"18°23'41.68""",Venus,Sagittarius,"17°30'50.80""",0,0.8808,0.8808
2026-01-03 07:15:00,Aspect,Sextitle,Venus,Sagittarius,"17°30'50.80""",Rahu,Aquarius,"17°50'32.54""",60,60.3283,0.3283
2026-01-03 07:15:00,Aspect,Trine,Venus,Sagittarius,"17°30'50.80""",Ketu,Leo,"17°50'32.54""",120,119.6717,0.3283
2026-01-03 07:30:00,Aspect,Conjunction,Sun,Sagittarius,"18°24'19.89""",Venus,Sagittarius,"17°31'37.98""",0,0.8783,0.8783
2026-01-03 07:30:00,Aspect,Sextitle,Venus,Sagittarius,"17°31'37.98""",Rahu,Aquarius,"17°50'30.55""",60,60.3146,0.3146
2026-01-03 07:30:00,Aspect,Trine,Venus,Sagittarius,"17°31'37.98""",Ketu,Leo,"17°50'30.55""",120,119.6854,0.3146
2026-01-03 07:45:00,Aspect,Conjunction,Sun,Sagittarius,"18°24'58.09""",Venus,Sagittarius,"17°32'25.15""",0,0.8758,0.8758
2026-01-03 07:45:00,Aspect,Sextitle,Venus,Sagittarius,"17°32'25.15""",Rahu,Aquarius,"17°50'28.56""",60,60.3009,0.3009
2026-01-03 07:45:00,Aspect,Trine,Venus,Sagittarius,"17°32'25.15""",Ketu,Leo,"17°50'28.56""",120,119.6991,0.3009
2026-01-03 08:00:00,Aspect,Conjunction,Sun,Sagittarius,"18°25'36.29""",Venus,Sagittarius,"17°33'12.33""",0,0.8733,0.8733
2026-01-03 08:00:00,Aspect,Sextitle,Venus,Sagittarius,"17°33'12.33""",Rahu,Aquarius,"17°50'26.57""",60,60.2873,0.2873
2026-01-03 08:00:00,Aspect,Trine,Venus,Sagittarius,"17°33'12.33""",Ketu,Leo,"17°50'26.57""",120,119.7127,0.2873
2026-01-03 08:15:00,Aspect,Conjunction,Sun,Sagittarius,"18°26'14.50""",Venus,Sagittarius,"17°33'59.51""",0,0.8708,0.8708
2026-01-03 08:15:00,Aspect,Sextitle,Venus,Sagittarius,"17°33'59.51""",Rahu,Aquarius,"17°50'24.59""",60,60.2736,0.2736
2026-01-03 08:15:00,Aspect,Trine,Venus,Sagittarius,"17°33'59.51""",Ketu,Leo,"17°50'24.59""",120,119.7264,0.2736
2026-01-03 08:30:00,Aspect,Conjunction,Sun,Sagittarius,"18°26'52.70""",Venus,Sagittarius,"17°34'46.69""",0,0.8683,0.8683
2026-01-03 08:30:00,Aspect,Sextitle,Venus,Sagittarius,"17°34'46.69""",Rahu,Aquarius,"17°50'22.60""",60,60.26,0.26
2026-01-03 08:30:00,Aspect,Trine,Venus,Sagittarius,"17°34'46.69""",Ketu,Leo,"17°50'22.60""",120,119.74,0.26
2026-01-03 08:45:00,Aspect,Conjunction,Sun,Sagittarius,"18°27'30.90""",Venus,Sagittarius,"17°35'33.87""",0,0.8658,0.8658
2026-01-03 08:45:00,Aspect,Sextitle,Venus,Sagittarius,"17°35'33.87""",Rahu,Aquarius,"17°50'20.61""",60,60.2463,0.2463
2026-01-03 08:45:00,Aspect,Trine,Venus,Sagittarius,"17°35'33.87""",Ketu,Leo,"17°50'20.61""",120,119.7537,0.2463
2026-01-03 09:00:00,Aspect,Conjunction,Sun,Sagittarius,"18°28'09.11""",Venus,Sagittarius,"17°36'21.05""",0,0.8633,0.8633
2026-01-03 09:00:00,Aspect,Sextitle,Venus,Sagittarius,"17°36'21.05""",Rahu,Aquarius,"17°50'18.62""",60,60.2327,0.2327
2026-01-03 09:00:00,Aspect,Trine,Venus,Sagittarius,"17°36'21.05""",Ketu,Leo,"17°50'18.62""",120,119.7673,0.2327
2026-01-03 09:15:00,Aspect,Conjunction,Sun,Sagittarius,"18°28'47.31""",Venus,Sagittarius,"17°37'08.23""",0,0.8609,0.8609
2026-01-03 09:15:00,Aspect,Sextitle,Venus,Sagittarius,"17°37'08.23""",Rahu,Aquarius,"17°50'16.64""",60,60.219,0.219
2026-01-03 09:15:00,Aspect,Trine,Venus,Sagittarius,"17°37'08.23""",Ketu,Leo,"17°50'16.64""",120,119.781,0.219
2026-01-03 09:30:00,Aspect,Conjunction,Sun,Sagittarius,"18°29'25.51""",Venus,Sagittarius,"17°37'55.41""",0,0.8584,0.8584
2026-01-03 09:30:00,Aspect,Sextitle,Venus,Sagittarius,"17°37'55.41""",Rahu,Aquarius,"17°50'14.65""",60,60.2053,0.2053
2026-01-03 09:30:00,Aspect,Trine,Venus,Sagittarius,"17°37'55.41""",Ketu,Leo,"17°50'14.65""",120,119.7947,0.2053
2026-01-03 09:45:00,Aspect,Conjunction,Sun,Sagittarius,"18°30'03.72""",Venus,Sagittarius,"17°38'42.59""",0,0.8559,0.8559
2026-01-03 09:45:00,Aspect,Sextitle,Venus,Sagittarius,"17°38'42.59""",Rahu,Aquarius,"17°50'12.66""",60,60.1917,0.1917
2026-01-03 09:45:00,Aspect,Trine,Venus,Sagittarius,"17°38'42.59""",Ketu,Leo,"17°50'12.66""",120,119.8083,0.1917
2026-01-03 10:00:00,Aspect,Conjunction,Sun,Sagittarius,"18°30'41.92""",Venus,Sagittarius,"17°39'29.76""",0,0.8534,0.8534
2026-01-03 10:00:00,Aspect,Sextitle,Venus,Sagittarius,"17°39'29.76""",Rahu,Aquarius,"17°50'10.68""",60,60.178,0.178
2026-01-03 10:00:00,Aspect,Trine,Venus,Sagittarius,"17°39'29.76""",Ketu,Leo,"17°50'10.68""",120,119.822,0.178
2026-01-03 10:15:00,Aspect,Conjunction,Sun,Sagittarius,"18°31'20.12""",Venus,Sagittarius,"17°40'16.94""",0,0.8509,0.8509
2026-01-03 10:15:00,Aspect,Sextitle,Venus,Sagittarius,"17°40'16.94""",Rahu,Aquarius,"17°50'08.69""",60,60.1644,0.1644
2026-01-03 10:15:00,Aspect,Trine,Venus,Sagittarius,"17°40'16.94""",Ketu,Leo,"17°50'08.69""",120,119.8356,0.1644
2026-01-03 10:30:00,Aspect,Conjunction,Sun,Sagittarius,"18°31'58.33""",Venus,Sagittarius,"17°41'04.12""",0,0.8484,0.8484
2026-01-03 10:30:00,Aspect,Sextitle,Venus,Sagittarius,"17°41'04.12""",Rahu,Aquarius,"17°50'06.70""",60,60.1507,0.1507
2026-01-03 10:30:00,Aspect,Trine,Venus,Sagittarius,"17°41'04.12""",Ketu,Leo,"17°50'06.70""",120,119.8493,0.1507
2026-01-03 10:45:00,Aspect,Conjunction,Sun,Sagittarius,"18°32'36.53""",Venus,Sagittarius,"17°41'51.30""",0,0.8459,0.8459
2026-01-03 10:45:00,Aspect,Sextitle,Venus,Sagittarius,"17°41'51.30""",Rahu,Aquarius,"17°50'04.71""",60,60.1371,0.1371
2026-01-03 10:45:00,Aspect,Trine,Venus,Sagittarius,"17°41'51.30""",Ketu,Leo,"17°50'04.71""",120,119.8629,0.1371
2026-01-03 11:00:00,Aspect,Conjunction,Sun,Sagittarius,"18°33'14.73""",Venus,Sagittarius,"17°42'38.48""",0,0.8434,0.8434
2026-01-03 11:00:00,Aspect,Sextitle,Venus,Sagittarius,"17°42'38.48""",Rahu,Aquarius,"17°50'02.73""",60,60.1234,0.1234
2026-01-03 11:00:00,Aspect,Trine,Venus,Sagittarius,"17°42'38.48""",Ketu,Leo,"17°50'02.73""",120,119.8766,0.1234
2026-01-03 11:15:00,Aspect,Conjunction,Sun,Sagittarius,"18°33'52.94""",Venus,Sagittarius,"17°43'25.66""",0,0.8409,0.8409
2026-01-03 11:15:00,Aspect,Sextitle,Venus,Sagittarius,"17°43'25.66""",Rahu,Aquarius,"17°50'00.74""",60,60.1097,0.1097
2026-01-03 11:15:00,Aspect,Trine,Venus,Sagittarius,"17°43'25.66""",Ketu,Leo,"17°50'00.74""",120,119.8903,0.1097
2026-01-03 11:30:00,Aspect,Conjunction,Sun,Sagittarius,"18°34'31.14""",Venus,Sagittarius,"17°44'12.84""",0,0.8384,0.8384
2026-01-03 11:30:00,Aspect,Sextitle,Venus,Sagittarius,"17°44'12.84""",Rahu,Aquarius,"17°49'58.75""",60,60.0961,0.0961
2026-01-03 11:30:00,Aspect,Trine,Venus,Sagittarius,"17°44'12.84""",Ketu,Leo,"17°49'58.75""",120,119.9039,0.0961
2026-01-03 11:45:00,Aspect,Conjunction,Sun,Sagittarius,"18°35'09.34""",Venus,Sagittarius,"17°45'00.02""",0,0.8359,0.8359
2026-01-03 11:45:00,Aspect,Sextitle,Venus,Sagittarius,"17°45'00.02""",Rahu,Aquarius,"17°49'56.77""",60,60.0824,0.0824
2026-01-03 11:45:00,Aspect,Trine,Venus,Sagittarius,"17°45'00.02""",Ketu,Leo,"17°49'56.77""",120,119.9176,0.0824
2026-01-03 12:00:00,Aspect,Conjunction,Sun,Sagittarius,"18°35'47.55""",Venus,Sagittarius,"17°45'47.19""",0,0.8334,0.8334
2026-01-03 12:00:00,Aspect,Sextitle,Venus,Sagittarius,"17°45'47.19""",Rahu,Aquarius,"17°49'54.78""",60,60.0688,0.0688
2026-01-03 12:00:00,Aspect,Trine,Venus,Sagittarius,"17°45'47.19""",Ketu,Leo,"17°49'54.78""",120,119.9312,0.0688
2026-01-03 12:15:00,Aspect,Conjunction,Sun,Sagittarius,"18°36'25.75""",Venus,Sagittarius,"17°46'34.37""",0,0.8309,0.8309
2026-01-03 12:15:00,Aspect,Sextitle,Venus,Sagittarius,"17°46'34.37""",Rahu,Aquarius,"17°49'52.79""",60,60.0551,0.0551
2026-01-03 12:15:00,Aspect,Trine,Venus,Sagittarius,"17°46'34.37""",Ketu,Leo,"17°49'52.79""",120,119.9449,0.0551
2026-01-03 12:30:00,Aspect,Conjunction,Sun,Sagittarius,"18°37'03.95""",Venus,Sagittarius,"17°47'21.55""",0,0.8284,0.8284
2026-01-03 12:30:00,Aspect,Sextitle,Venus,Sagittarius,"17°47'21.55""",Rahu,Aquarius,"17°49'50.80""",60,60.0415,0.0415
2026-01-03 12:30:00,Aspect,Trine,Venus,Sagittarius,"17°47'21.55""",Ketu,Leo,"17°49'50.80""",120,119.9585,0.0415
2026-01-03 12:45:00,Aspect,Conjunction,Sun,Sagittarius,"18°37'42.16""",Venus,Sagittarius,"17°48'08.73""",0,0.826,0.826
2026-01-03 12:45:00,Aspect,Sextitle,Venus,Sagittarius,"17°48'08.73""",Rahu,Aquarius,"17°49'48.82""",60,60.0278,0.0278
2026-01-03 12:45:00,Aspect,Trine,Venus,Sagittarius,"17°48'08.73""",Ketu,Leo,"17°49'48.82""",120,119.9722,0.0278
2026-01-03 13:00:00,Aspect,Conjunction,Sun,Sagittarius,"18°38'20.36""",Venus,Sagittarius,"17°48'55.91""",0,0.8235,0.8235
2026-01-03 13:00:00,Aspect,Sextitle,Venus,Sagittarius,"17°48'55.91""",Rahu,Aquarius,"17°49'46.83""",60,60.0141,0.0141
2026-01-03 13:00:00,Aspect,Trine,Venus,Sagittarius,"17°48'55.91""",Ketu,Leo,"17°49'46.83""",120,119.9859,0.0141
2026-01-03 13:15:00,Aspect,Conjunction,Sun,Sagittarius,"18°38'58.56""",Venus,Sagittarius,"17°49'43.09""",0,0.821,0.821
2026-01-03 13:15:00,Aspect,Sextitle,Venus,Sagittarius,"17°49'43.09""",Rahu,Aquarius,"17°49'44.84""",60,60.0005,0.0005
2026-01-03 13:15:00,Aspect,Trine,Venus,Sagittarius,"17°49'43.09""",Ketu,Leo,"17°49'44.84""",120,119.9995,0.0005
2026-01-03 13:30:00,Aspect,Conjunction,Sun,Sagittarius,"18°39'36.77""",Venus,Sagittarius,"17°50'30.27""",0,0.8185,0.8185
2026-01-03 13:30:00,Aspect,Sextitle,Venus,Sagittarius,"17°50'30.27""",Rahu,Aquarius,"17°49'42.86""",60,59.9868,0.0132
2026-01-03 13:30:00,Aspect,Trine,Venus,Sagittarius,"17°50'30.27""",Ketu,Leo,"17°49'42.86""",120,120.0132,0.0132
2026-01-03 13:45:00,Aspect,Conjunction,Sun,Sagittarius,"18°40'14.97""",Venus,Sagittarius,"17°51'17.44""",0,0.816,0.816
2026-01-03 13:45:00,Aspect,Sextitle,Venus,Sagittarius,"17°51'17.44""",Rahu,Aquarius,"17°49'40.87""",60,59.9732,0.0268
2026-01-03 13:45:00,Aspect,Trine,Venus,Sagittarius,"17°51'17.44""",Ketu,Leo,"17°49'40.87""",120,120.0268,0.0268
2026-01-03 14:00:00,Aspect,Conjunction,Sun,Sagittarius,"18°40'53.17""",Venus,Sagittarius,"17°52'04.62""",0,0.8135,0.8135
2026-01-03 14:00:00,Aspect,Sextitle,Venus,Sagittarius,"17°52'04.62""",Rahu,Aquarius,"17°49'38.88""",60,59.9595,0.0405
2026-01-03 14:00:00,Aspect,Trine,Venus,Sagittarius,"17°52'04.62""",Ketu,Leo,"17°49'38.88""",120,120.0405,0.0405
2026-01-03 14:15:00,Aspect,Conjunction,Sun,Sagittarius,"18°41'31.38""",Venus,Sagittarius,"17°52'51.80""",0,0.811,0.811
2026-01-03 14:15:00,Aspect,Sextitle,Venus,Sagittarius,"17°52'51.80""",Rahu,Aquarius,"17°49'36.89""",60,59.9459,0.0541
2026-01-03 14:15:00,Aspect,Trine,Venus,Sagittarius,"17°52'51.80""",Ketu,Leo,"17°49'36.89""",120,120.0541,0.0541
2026-01-03 14:30:00,Aspect,Conjunction,Sun,Sagittarius,"18°42'09.58""",Venus,Sagittarius,"17°53'38.98""",0,0.8085,0.8085
2026-01-03 14:30:00,Aspect,Sextitle,Venus,Sagittarius,"17°53'38.98""",Rahu,Aquarius,"17°49'34.91""",60,59.9322,0.0678
2026-01-03 14:30:00,Aspect,Trine,Venus,Sagittarius,"17°53'38.98""",Ketu,Leo,"17°49'34.91""",120,120.0678,0.0678
2026-01-03 14:45:00,Aspect,Conjunction,Sun,Sagittarius,"18°42'47.78""",Venus,Sagittarius,"17°54'26.16""",0,0.806,0.806
2026-01-03 14:45:00,Aspect,Sextitle,Venus,Sagittarius,"17°54'26.16""",Rahu,Aquarius,"17°49'32.92""",60,59.9185,0.0815
2026-01-03 14:45:00,Aspect,Trine,Venus,Sagittarius,"17°54'26.16""",Ketu,Leo,"17°49'32.92""",120,120.0815,0.0815
2026-01-03 15:00:00,Aspect,Conjunction,Sun,Sagittarius,"18°43'25.99""",Venus,Sagittarius,"17°55'13.34""",0,0.8035,0.8035
2026-01-03 15:00:00,Aspect,Sextitle,Venus,Sagittarius,"17°55'13.34""",Rahu,Aquarius,"17°49'30.93""",60,59.9049,0.0951
2026-01-03 15:00:00,Aspect,Trine,Venus,Sagittarius,"17°55'13.34""",Ketu,Leo,"17°49'30.93""",120,120.0951,0.0951
2026-01-03 15:15:00,Aspect,Conjunction,Sun,Sagittarius,"18°44'04.19""",Venus,Sagittarius,"17°56'00.52""",0,0.801,0.801
2026-01-03 15:15:00,Aspect,Sextitle,Venus,Sagittarius,"17°56'00.52""",Rahu,Aquarius,"17°49'28.94""",60,59.8912,0.1088
2026-01-03 15:15:00,Aspect,Trine,Venus,Sagittarius,"17°56'00.52""",Ketu,Leo,"17°49'28.94""",120,120.1088,0.1088
2026-01-03 15:30:00,Aspect,Conjunction,Sun,Sagittarius,"18°44'42.39""",Venus,Sagittarius,"17°56'47.69""",0,0.7985,0.7985
2026-01-03 15:30:00,Aspect,Sextitle,Venus,Sagittarius,"17°56'47.69""",Rahu,Aquarius,"17°49'26.96""",60,59.8776,0.1224
2026-01-03 15:30:00,Aspect,Trine,Venus,Sagittarius,"17°56'47.69""",Ketu,Leo,"17°49'26.96""",120,120.1224,0.1224
2026-01-03 15:45:00,Aspect,Conjunction,Sun,Sagittarius,"18°45'20.59""",Venus,Sagittarius,"17°57'34.87""",0,0.796,0.796
2026-01-03 15:45:00,Aspect,Sextitle,Venus,Sagittarius,"17°57'34.87""",Rahu,Aquarius,"17°49'24.97""",60,59.8639,0.1361
2026-01-03 15:45:00,Aspect,Trine,Venus,Sagittarius,"17°57'34.87""",Ketu,Leo,"17°49'24.97""",120,120.1361,0.1361
2026-01-03 16:00:00,Aspect,Conjunction,Sun,Sagittarius,"18°45'58.80""",Venus,Sagittarius,"17°58'22.05""",0,0.7935,0.7935
2026-01-03 16:00:00,Aspect,Sextitle,Venus,Sagittarius,"17°58'22.05""",Rahu,Aquarius,"17°49'22.98""",60,59.8503,0.1497
2026-01-03 16:00:00,Aspect,Trine,Venus,Sagittarius,"17°58'22.05""",Ketu,Leo,"17°49'22.98""",120,120.1497,0.1497
2026-01-03 16:15:00,Aspect,Conjunction,Sun,Sagittarius,"18°46'37.00""",Venus,Sagittarius,"17°59'09.23""",0,0.791,0.791
2026-01-03 16:15:00,Aspect,Sextitle,Venus,Sagittarius,"17°59'09.23""",Rahu,Aquarius,"17°49'21.00""",60,59.8366,0.1634
2026-01-03 16:15:00,Aspect,Trine,Venus,Sagittarius,"17°59'09.23""",Ketu,Leo,"17°49'21.00""",120,120.1634,0.1634
2026-01-03 16:30:00,Aspect,Conjunction,Sun,Sagittarius,"18°47'15.20""",Venus,Sagittarius,"17°59'56.41""",0,0.7886,0.7886
2026-01-03 16:30:00,Aspect,Sextitle,Venus,Sagittarius,"17°59'56.41""",Rahu,Aquarius,"17°49'19.01""",60,59.8229,0.1771
2026-01-03 16:30:00,Aspect,Trine,Venus,Sagittarius,"17°59'56.41""",Ketu,Leo,"17°49'19.01""",120,120.1771,0.1771
2026-01-03 16:45:00,Aspect,Conjunction,Sun,Sagittarius,"18°47'53.41""",Venus,Sagittarius,"18°00'43.59""",0,0.7861,0.7861
2026-01-03 16:45:00,Aspect,Sextitle,Venus,Sagittarius,"18°00'43.59""",Rahu,Aquarius,"17°49'17.02""",60,59.8093,0.1907
2026-01-03 16:45:00,Aspect,Trine,Venus,Sagittarius,"18°00'43.59""",Ketu,Leo,"17°49'17.02""",120,120.1907,0.1907
2026-01-03 17:00:00,Aspect,Conjunction,Sun,Sagittarius,"18°48'31.61""",Venus,Sagittarius,"18°01'30.76""",0,0.7836,0.7836
2026-01-03 17:00:00,Aspect,Sextitle,Venus,Sagittarius,"18°01'30.76""",Rahu,Aquarius,"17°49'15.03""",60,59.7956,0.2044
2026-01-03 17:00:00,Aspect,Trine,Venus,Sagittarius,"18°01'30.76""",Ketu,Leo,"17°49'15.03""",120,120.2044,0.2044
2026-01-03 17:15:00,Aspect,Conjunction,Sun,Sagittarius,"18°49'09.81""",Venus,Sagittarius,"18°02'17.94""",0,0.7811,0.7811
2026-01-03 17:15:00,Aspect,Sextitle,Venus,Sagittarius,"18°02'17.94""",Rahu,Aquarius,"17°49'13.05""",60,59.782,0.218
2026-01-03 17:15:00,Aspect,Trine,Venus,Sagittarius,"18°02'17.94""",Ketu,Leo,"17°49'13.05""",120,120.218,0.218
2026-01-03 17:30:00,Aspect,Conjunction,Sun,Sagittarius,"18°49'48.02""",Venus,Sagittarius,"18°03'05.12""",0,0.7786,0.7786
2026-01-03 17:30:00,Aspect,Sextitle,Venus,Sagittarius,"18°03'05.12""",Rahu,Aquarius,"17°49'11.06""",60,59.7683,0.2317
2026-01-03 17:30:00,Aspect,Trine,Venus,Sagittarius,"18°03'05.12""",Ketu,Leo,"17°49'11.06""",120,120.2317,0.2317
2026-01-03 17:45:00,Aspect,Conjunction,Sun,Sagittarius,"18°50'26.22""",Venus,Sagittarius,"18°03'52.30""",0,0.7761,0.7761
2026-01-03 17:45:00,Aspect,Sextitle,Venus,Sagittarius,"18°03'52.30""",Rahu,Aquarius,"17°49'09.07""",60,59.7547,0.2453
2026-01-03 17:45:00,Aspect,Trine,Venus,Sagittarius,"18°03'52.30""",Ketu,Leo,"17°49'09.07""",120,120.2453,0.2453
2026-01-03 18:00:00,Aspect,Conjunction,Sun,Sagittarius,"18°51'04.42""",Venus,Sagittarius,"18°04'39.48""",0,0.7736,0.7736
2026-01-03 18:00:00,Aspect,Sextitle,Venus,Sagittarius,"18°04'39.48""",Rahu,Aquarius,"17°49'07.09""",60,59.741,0.259
2026-01-03 18:00:00,Aspect,Trine,Venus,Sagittarius,"18°04'39.48""",Ketu,Leo,"17°49'07.09""",120,120.259,0.259
2026-01-03 18:15:00,Aspect,Conjunction,Sun,Sagittarius,"18°51'42.63""",Venus,Sagittarius,"18°05'26.65""",0,0.7711,0.7711
2026-01-03 18:15:00,Aspect,Sextitle,Venus,Sagittarius,"18°05'26.65""",Rahu,Aquarius,"17°49'05.10""",60,59.7273,0.2727
2026-01-03 18:15:00,Aspect,Trine,Venus,Sagittarius,"18°05'26.65""",Ketu,Leo,"17°49'05.10""",120,120.2727,0.2727
2026-01-03 18:30:00,Aspect,Conjunction,Sun,Sagittarius,"18°52'20.83""",Venus,Sagittarius,"18°06'13.83""",0,0.7686,0.7686
2026-01-03 18:30:00,Aspect,Sextitle,Venus,Sagittarius,"18°06'13.83""",Rahu,Aquarius,"17°49'03.11""",60,59.7137,0.2863
2026-01-03 18:30:00,Aspect,Trine,Venus,Sagittarius,"18°06'13.83""",Ketu,Leo,"17°49'03.11""",120,120.2863,0.2863
2026-01-03 18:45:00,Aspect,Conjunction,Sun,Sagittarius,"18°52'59.03""",Venus,Sagittarius,"18°07'01.01""",0,0.7661,0.7661
2026-01-03 18:45:00,Aspect,Sextitle,Venus,Sagittarius,"18°07'01.01""",Rahu,Aquarius,"17°49'01.12""",60,59.7,0.3
2026-01-03 18:45:00,Aspect,Trine,Venus,Sagittarius,"18°07'01.01""",Ketu,Leo,"17°49'01.12""",120,120.3,0.3
2026-01-03 19:00:00,Aspect,Conjunction,Sun,Sagittarius,"18°53'37.24""",Venus,Sagittarius,"18°07'48.19""",0,0.7636,0.7636
2026-01-03 19:00:00,Aspect,Sextitle,Venus,Sagittarius,"18°07'48.19""",Rahu,Aquarius,"17°48'59.14""",60,59.6864,0.3136
2026-01-03 19:00:00,Aspect,Trine,Venus,Sagittarius,"18°07'48.19""",Ketu,Leo,"17°48'59.14""",120,120.3136,0.3136
2026-01-03 19:15:00,Aspect,Conjunction,Sun,Sagittarius,"18°54'15.44""",Venus,Sagittarius,"18°08'35.37""",0,0.7611,0.7611
2026-01-03 19:15:00,Aspect,Sextitle,Venus,Sagittarius,"18°08'35.37""",Rahu,Aquarius,"17°48'57.15""",60,59.6727,0.3273
2026-01-03 19:15:00,Aspect,Trine,Venus,Sagittarius,"18°08'35.37""",Ketu,Leo,"17°48'57.15""",120,120.3273,0.3273
2026-01-03 19:30:00,Aspect,Conjunction,Sun,Sagittarius,"18°54'53.64""",Venus,Sagittarius,"18°09'22.55""",0,0.7586,0.7586
2026-01-03 19:30:00,Aspect,Sextitle,Venus,Sagittarius,"18°09'22.55""",Rahu,Aquarius,"17°48'55.16""",60,59.6591,0.3409
2026-01-03 19:30:00,Aspect,Trine,Venus,Sagittarius,"18°09'22.55""",Ketu,Leo,"17°48'55.16""",120,120.3409,0.3409
2026-01-03 19:45:00,Aspect,Conjunction,Sun,Sagittarius,"18°55'31.85""",Venus,Sagittarius,"18°10'09.72""",0,0.7561,0.7561
2026-01-03 19:45:00,Aspect,Sextitle,Venus,Sagittarius,"18°10'09.72""",Rahu,Aquarius,"17°48'53.18""",60,59.6454,0.3546
2026-01-03 19:45:00,Aspect,Trine,Venus,Sagittarius,"18°10'09.72""",Ketu,Leo,"17°48'53.18""",120,120.3546,0.3546
2026-01-03 20:00:00,Aspect,Conjunction,Sun,Sagittarius,"18°56'10.05""",Venus,Sagittarius,"18°10'56.90""",0,0.7537,0.7537
2026-01-03 20:00:00,Aspect,Sextitle,Venus,Sagittarius,"18°10'56.90""",Rahu,Aquarius,"17°48'51.19""",60,59.6317,0.3683
2026-01-03 20:00:00,Aspect,Trine,Venus,Sagittarius,"18°10'56.90""",Ketu,Leo,"17°48'51.19""",120,120.3683,0.3683
2026-01-03 20:15:00,Aspect,Conjunction,Sun,Sagittarius,"18°56'48.25""",Venus,Sagittarius,"18°11'44.08""",0,0.7512,0.7512
2026-01-03 20:15:00,Aspect,Sextitle,Venus,Sagittarius,"18°11'44.08""",Rahu,Aquarius,"17°48'49.20""",60,59.6181,0.3819
2026-01-03 20:15:00,Aspect,Trine,Venus,Sagittarius,"18°11'44.08""",Ketu,Leo,"17°48'49.20""",120,120.3819,0.3819
2026-01-03 20:30:00,Aspect,Conjunction,Sun,Sagittarius,"18°57'26.46""",Venus,Sagittarius,"18°12'31.26""",0,0.7487,0.7487
2026-01-03 20:30:00,Aspect,Sextitle,Venus,Sagittarius,"18°12'31.26""",Rahu,Aquarius,"17°48'47.21""",60,59.6044,0.3956
2026-01-03 20:30:00,Aspect,Trine,Venus,Sagittarius,"18°12'31.26""",Ketu,Leo,"17°48'47.21""",120,120.3956,0.3956
2026-01-03 20:45:00,Aspect,Conjunction,Sun,Sagittarius,"18°58'04.66""",Venus,Sagittarius,"18°13'18.44""",0,0.7462,0.7462
2026-01-03 20:45:00,Aspect,Sextitle,Venus,Sagittarius,"18°13'18.44""",Rahu,Aquarius,"17°48'45.23""",60,59.5908,0.4092
2026-01-03 20:45:00,Aspect,Trine,Venus,Sagittarius,"18°13'18.44""",Ketu,Leo,"17°48'45.23""",120,120.4092,0.4092
2026-01-03 21:00:00,Aspect,Conjunction,Sun,Sagittarius,"18°58'42.86""",Venus,Sagittarius,"18°14'05.61""",0,0.7437,0.7437
2026-01-03 21:00:00,Aspect,Sextitle,Venus,Sagittarius,"18°14'05.61""",Rahu,Aquarius,"17°48'43.24""",60,59.5771,0.4229
2026-01-03 21:00:00,Aspect,Trine,Venus,Sagittarius,"18°14'05.61""",Ketu,Leo,"17°48'43.24""",120,120.4229,0.4229
2026-01-03 21:15:00,Aspect,Conjunction,Sun,Sagittarius,"18°59'21.07""",Venus,Sagittarius,"18°14'52.79""",0,0.7412,0.7412
2026-01-03 21:15:00,Aspect,Sextitle,Venus,Sagittarius,"18°14'52.79""",Rahu,Aquarius,"17°48'41.25""",60,59.5635,0.4365
2026-01-03 21:15:00,Aspect,Trine,Venus,Sagittarius,"18°14'52.79""",Ketu,Leo,"17°48'41.25""",120,120.4365,0.4365
2026-01-03 21:30:00,Aspect,Conjunction,Sun,Sagittarius,"18°59'59.27""",Venus,Sagittarius,"18°15'39.97""",0,0.7387,0.7387
2026-01-03 21:30:00,Aspect,Sextitle,Venus,Sagittarius,"18°15'39.97""",Rahu,Aquarius,"17°48'39.26""",60,59.5498,0.4502
2026-01-03 21:30:00,Aspect,Trine,Venus,Sagittarius,"18°15'39.97""",Ketu,Leo,"17°48'39.26""",120,120.4502,0.4502
2026-01-03 21:45:00,Aspect,Conjunction,Sun,Sagittarius,"19°00'37.47""",Venus,Sagittarius,"18°16'27.15""",0,0.7362,0.7362
2026-01-03 21:45:00,Aspect,Sextitle,Venus,Sagittarius,"18°16'27.15""",Rahu,Aquarius,"17°48'37.28""",60,59.5361,0.4639
2026-01-03 21:45:00,Aspect,Trine,Venus,Sagittarius,"18°16'27.15""",Ketu,Leo,"17°48'37.28""",120,120.4639,0.4639
2026-01-03 22:00:00,Aspect,Conjunction,Sun,Sagittarius,"19°01'15.68""",Venus,Sagittarius,"18°17'14.33""",0,0.7337,0.7337
2026-01-03 22:00:00,Aspect,Sextitle,Venus,Sagittarius,"18°17'14.33""",Rahu,Aquarius,"17°48'35.29""",60,59.5225,0.4775
2026-01-03 22:00:00,Aspect,Trine,Venus,Sagittarius,"18°17'14.33""",Ketu,Leo,"17°48'35.29""",120,120.4775,0.4775
2026-01-03 22:15:00,Aspect,Conjunction,Sun,Sagittarius,"19°01'53.88""",Venus,Sagittarius,"18°18'01.50""",0,0.7312,0.7312
2026-01-03 22:15:00,Aspect,Sextitle,Venus,Sagittarius,"18°18'01.50""",Rahu,Aquarius,"17°48'33.30""",60,59.5088,0.4912
2026-01-03 22:15:00,Aspect,Trine,Venus,Sagittarius,"18°18'01.50""",Ketu,Leo,"17°48'33.30""",120,120.4912,0.4912
2026-01-03 22:30:00,Aspect,Conjunction,Sun,Sagittarius,"19°02'32.08""",Venus,Sagittarius,"18°18'48.68""",0,0.7287,0.7287
2026-01-03 22:30:00,Aspect,Sextitle,Venus,Sagittarius,"18°18'48.68""",Rahu,Aquarius,"17°48'31.32""",60,59.4952,0.5048
2026-01-03 22:30:00,Aspect,Trine,Venus,Sagittarius,"18°18'48.68""",Ketu,Leo,"17°48'31.32""",120,120.5048,0.5048
2026-01-03 22:45:00,Aspect,Conjunction,Sun,Sagittarius,"19°03'10.29""",Venus,Sagittarius,"18°19'35.86""",0,0.7262,0.7262
2026-01-03 22:45:00,Aspect,Sextitle,Venus,Sagittarius,"18°19'35.86""",Rahu,Aquarius,"17°48'29.33""",60,59.4815,0.5185
2026-01-03 22:45:00,Aspect,Trine,Venus,Sagittarius,"18°19'35.86""",Ketu,Leo,"17°48'29.33""",120,120.5185,0.5185
2026-01-03 23:00:00,Aspect,Conjunction,Sun,Sagittarius,"19°03'48.49""",Venus,Sagittarius,"18°20'23.04""",0,0.7237,0.7237
2026-01-03 23:00:00,Aspect,Sextitle,Venus,Sagittarius,"18°20'23.04""",Rahu,Aquarius,"17°48'27.34""",60,59.4679,0.5321
2026-01-03 23:00:00,Aspect,Trine,Venus,Sagittarius,"18°20'23.04""",Ketu,Leo,"17°48'27.34""",120,120.5321,0.5321
2026-01-03 23:15:00,Aspect,Conjunction,Sun,Sagittarius,"19°04'26.69""",Venus,Sagittarius,"18°21'10.22""",0,0.7212,0.7212
2026-01-03 23:15:00,Aspect,Sextitle,Venus,Sagittarius,"18°21'10.22""",Rahu,Aquarius,"17°48'25.35""",60,59.4542,0.5458
2026-01-03 23:15:00,Aspect,Trine,Venus,Sagittarius,"18°21'10.22""",Ketu,Leo,"17°48'25.35""",120,120.5458,0.5458
2026-01-03 23:30:00,Aspect,Conjunction,Sun,Sagittarius,"19°05'04.90""",Venus,Sagittarius,"18°21'57.39""",0,0.7188,0.7188
2026-01-03 23:30:00,Aspect,Sextitle,Venus,Sagittarius,"18°21'57.39""",Rahu,Aquarius,"17°48'23.37""",60,59.4405,0.5595
2026-01-03 23:30:00,Aspect,Trine,Venus,Sagittarius,"18°21'57.39""",Ketu,Leo,"17°48'23.37""",120,120.5595,0.5595
2026-01-03 23:45:00,Aspect,Conjunction,Sun,Sagittarius,"19°05'43.10""",Venus,Sagittarius,"18°22'44.57""",0,0.7163,0.7163
2026-01-03 23:45:00,Aspect,Sextitle,Venus,Sagittarius,"18°22'44.57""",Rahu,Aquarius,"17°48'21.38""",60,59.4269,0.5731
2026-01-03 23:45:00,Aspect,Trine,Venus,Sagittarius,"18°22'44.57""",Ketu,Leo,"17°48'21.38""",120,120.5731,0.5731
2026-01-04 00:00:00,Aspect,Conjunction,Sun,Sagittarius,"19°06'21.30""",Venus,Sagittarius,"18°23'31.75""",0,0.7138,0.7138
2026-01-04 00:00:00,Aspect,Sextitle,Venus,Sagittarius,"18°23'31.75""",Rahu,Aquarius,"17°48'19.39""",60,59.4132,0.5868
2026-01-04 00:00:00,Aspect,Trine,Venus,Sagittarius,"18°23'31.75""",Ketu,Leo,"17°48'19.39""",120,120.5868,0.5868
2026-01-04 00:15:00,Aspect,Conjunction,Sun,Sagittarius,"19°06'59.51""",Venus,Sagittarius,"18°24'18.93""",0,0.7113,0.7113
2026-01-04 00:15:00,Aspect,Sextitle,Venus,Sagittarius,"18°24'18.93""",Rahu,Aquarius,"17°48'17.41""",60,59.3996,0.6004
2026-01-04 00:15:00,Aspect,Trine,Venus,Sagittarius,"18°24'18.93""",Ketu,Leo,"17°48'17.41""",120,120.6004,0.6004
2026-01-04 00:30:00,Aspect,Conjunction,Sun,Sagittarius,"19°07'37.71""",Venus,Sagittarius,"18°25'06.10""",0,0.7088,0.7088
2026-01-04 00:30:00,Aspect,Sextitle,Venus,Sagittarius,"18°25'06.10""",Rahu,Aquarius,"17°48'15.42""",60,59.3859,0.6141
2026-01-04 00:30:00,Aspect,Trine,Venus,Sagittarius,"18°25'06.10""",Ketu,Leo,"17°48'15.42""",120,120.6141,0.6141
2026-01-04 00:45:00,Aspect,Conjunction,Sun,Sagittarius,"19°08'15.91""",Venus,Sagittarius,"18°25'53.28""",0,0.7063,0.7063
2026-01-04 00:45:00,Aspect,Sextitle,Venus,Sagittarius,"18°25'53.28""",Rahu,Aquarius,"17°48'13.43""",60,59.3723,0.6277
2026-01-04 00:45:00,Aspect,Trine,Venus,Sagittarius,"18°25'53.28""",Ketu,Leo,"17°48'13.43""",120,120.6277,0.6277
2026-01-04 01:00:00,Aspect,Conjunction,Sun,Sagittarius,"19°08'54.12""",Venus,Sagittarius,"18°26'40.46""",0,0.7038,0.7038
2026-01-04 01:00:00,Aspect,Sextitle,Venus,Sagittarius,"18°26'40.46""",Rahu,Aquarius,"17°48'11.44""",60,59.3586,0.6414
2026-01-04 01:00:00,Aspect,Trine,Venus,Sagittarius,"18°26'40.46""",Ketu,Leo,"17°48'11.44""",120,120.6414,0.6414
2026-01-04 01:15:00,Aspect,Conjunction,Sun,Sagittarius,"19°09'32.32""",Venus,Sagittarius,"18°27'27.64""",0,0.7013,0.7013
2026-01-04 01:15:00,Aspect,Sextitle,Venus,Sagittarius,"18°27'27.64""",Rahu,Aquarius,"17°48'09.46""",60,59.3449,0.6551
2026-01-04 01:15:00,Aspect,Trine,Venus,Sagittarius,"18°27'27.64""",Ketu,Leo,"17°48'09.46""",120,120.6551,0.6551
2026-01-04 01:30:00,Aspect,Conjunction,Sun,Sagittarius,"19°10'10.52""",Venus,Sagittarius,"18°28'14.82""",0,0.6988,0.6988
2026-01-04 01:30:00,Aspect,Sextitle,Venus,Sagittarius,"18°28'14.82""",Rahu,Aquarius,"17°48'07.47""",60,59.3313,0.6687
2026-01-04 01:30:00,Aspect,Trine,Venus,Sagittarius,"18°28'14.82""",Ketu,Leo,"17°48'07.47""",120,120.6687,0.6687
2026-01-04 01:45:00,Aspect,Conjunction,Sun,Sagittarius,"19°10'48.73""",Venus,Sagittarius,"18°29'01.99""",0,0.6963,0.6963
2026-01-04 01:45:00,Aspect,Sextitle,Venus,Sagittarius,"18°29'01.99""",Rahu,Aquarius,"17°48'05.48""",60,59.3176,0.6824
2026-01-04 01:45:00,Aspect,Trine,Venus,Sagittarius,"18°29'01.99""",Ketu,Leo,"17°48'05.48""",120,120.6824,0.6824
2026-01-04 02:00:00,Aspect,Conjunction,Sun,Sagittarius,"19°11'26.93""",Venus,Sagittarius,"18°29'49.17""",0,0.6938,0.6938
2026-01-04 02:00:00,Aspect,Sextitle,Venus,Sagittarius,"18°29'49.17""",Rahu,Aquarius,"17°48'03.50""",60,59.304,0.696
2026-01-04 02:00:00,Aspect,Trine,Venus,Sagittarius,"18°29'49.17""",Ketu,Leo,"17°48'03.50""",120,120.696,0.696
2026-01-04 02:15:00,Aspect,Conjunction,Sun,Sagittarius,"19°12'05.13""",Venus,Sagittarius,"18°30'36.35""",0,0.6913,0.6913
2026-01-04 02:15:00,Aspect,Sextitle,Venus,Sagittarius,"18°30'36.35""",Rahu,Aquarius,"17°48'01.51""",60,59.2903,0.7097
2026-01-04 02:15:00,Aspect,Trine,Venus,Sagittarius,"18°30'36.35""",Ketu,Leo,"17°48'01.51""",120,120.7097,0.7097
2026-01-04 02:30:00,Aspect,Conjunction,Sun,Sagittarius,"19°12'43.34""",Venus,Sagittarius,"18°31'23.53""",0,0.6888,0.6888
2026-01-04 02:30:00,Aspect,Sextitle,Venus,Sagittarius,"18°31'23.53""",Rahu,Aquarius,"17°47'59.52""",60,59.2767,0.7233
2026-01-04 02:30:00,Aspect,Trine,Venus,Sagittarius,"18°31'23.53""",Ketu,Leo,"17°47'59.52""",120,120.7233,0.7233
2026-01-04 02:45:00,Aspect,Conjunction,Sun,Sagittarius,"19°13'21.54""",Venus,Sagittarius,"18°32'10.70""",0,0.6863,0.6863
2026-01-04 02:45:00,Aspect,Sextitle,Venus,Sagittarius,"18°32'10.70""",Rahu,Aquarius,"17°47'57.53""",60,59.263,0.737
2026-01-04 02:45:00,Aspect,Trine,Venus,Sagittarius,"18°32'10.70""",Ketu,Leo,"17°47'57.53""",120,120.737,0.737
2026-01-04 03:00:00,Aspect,Conjunction,Sun,Sagittarius,"19°13'59.74""",Venus,Sagittarius,"18°32'57.88""",0,0.6839,0.6839
2026-01-04 03:00:00,Aspect,Sextitle,Venus,Sagittarius,"18°32'57.88""",Rahu,Aquarius,"17°47'55.55""",60,59.2494,0.7506
2026-01-04 03:00:00,Aspect,Trine,Venus,Sagittarius,"18°32'57.88""",Ketu,Leo,"17°47'55.55""",120,120.7506,0.7506
2026-01-04 03:15:00,Aspect,Conjunction,Sun,Sagittarius,"19°14'37.95""",Venus,Sagittarius,"18°33'45.06""",0,0.6814,0.6814
2026-01-04 03:15:00,Aspect,Sextitle,Venus,Sagittarius,"18°33'45.06""",Rahu,Aquarius,"17°47'53.56""",60,59.2357,0.7643
2026-01-04 03:15:00,Aspect,Trine,Venus,Sagittarius,"18°33'45.06""",Ketu,Leo,"17°47'53.56""",120,120.7643,0.7643
2026-01-04 03:30:00,Aspect,Conjunction,Sun,Sagittarius,"19°15'16.15""",Venus,Sagittarius,"18°34'32.24""",0,0.6789,0.6789
2026-01-04 03:30:00,Aspect,Sextitle,Venus,Sagittarius,"18°34'32.24""",Rahu,Aquarius,"17°47'51.57""",60,59.222,0.778
2026-01-04 03:30:00,Aspect,Trine,Venus,Sagittarius,"18°34'32.24""",Ketu,Leo,"17°47'51.57""",120,120.778,0.778
2026-01-04 03:45:00,Aspect,Conjunction,Sun,Sagittarius,"19°15'54.35""",Venus,Sagittarius,"18°35'19.42""",0,0.6764,0.6764
2026-01-04 03:45:00,Aspect,Sextitle,Venus,Sagittarius,"18°35'19.42""",Rahu,Aquarius,"17°47'49.58""",60,59.2084,0.7916
2026-01-04 03:45:00,Aspect,Trine,Venus,Sagittarius,"18°35'19.42""",Ketu,Leo,"17°47'49.58""",120,120.7916,0.7916
2026-01-04 04:00:00,Aspect,Conjunction,Sun,Sagittarius,"19°16'32.56""",Venus,Sagittarius,"18°36'06.59""",0,0.6739,0.6739
2026-01-04 04:00:00,Aspect,Sextitle,Venus,Sagittarius,"18°36'06.59""",Rahu,Aquarius,"17°47'47.60""",60,59.1947,0.8053
2026-01-04 04:00:00,Aspect,Trine,Venus,Sagittarius,"18°36'06.59""",Ketu,Leo,"17°47'47.60""",120,120.8053,0.8053
2026-01-04 04:15:00,Aspect,Conjunction,Sun,Sagittarius,"19°17'10.76""",Venus,Sagittarius,"18°36'53.77""",0,0.6714,0.6714
2026-01-04 04:15:00,Aspect,Sextitle,Venus,Sagittarius,"18°36'53.77""",Rahu,Aquarius,"17°47'45.61""",60,59.1811,0.8189
2026-01-04 04:15:00,Aspect,Trine,Venus,Sagittarius,"18°36'53.77""",Ketu,Leo,"17°47'45.61""",120,120.8189,0.8189
2026-01-04 04:30:00,Aspect,Conjunction,Sun,Sagittarius,"19°17'48.96""",Venus,Sagittarius,"18°37'40.95""",0,0.6689,0.6689
2026-01-04 04:30:00,Aspect,Sextitle,Venus,Sagittarius,"18°37'40.95""",Rahu,Aquarius,"17°47'43.62""",60,59.1674,0.8326
2026-01-04 04:30:00,Aspect,Trine,Venus,Sagittarius,"18°37'40.95""",Ketu,Leo,"17°47'43.62""",120,120.8326,0.8326
2026-01-04 04:45:00,Aspect,Conjunction,Sun,Sagittarius,"19°18'27.17""",Venus,Sagittarius,"18°38'28.13""",0,0.6664,0.6664
2026-01-04 04:45:00,Aspect,Sextitle,Venus,Sagittarius,"18°38'28.13""",Rahu,Aquarius,"17°47'41.64""",60,59.1538,0.8462
2026-01-04 04:45:00,Aspect,Trine,Venus,Sagittarius,"18°38'28.13""",Ketu,Leo,"17°47'41.64""",120,120.8462,0.8462
2026-01-04 05:00:00,Aspect,Conjunction,Sun,Sagittarius,"19°19'05.37""",Venus,Sagittarius,"18°39'15.30""",0,0.6639,0.6639
2026-01-04 05:00:00,Aspect,Sextitle,Venus,Sagittarius,"18°39'15.30""",Rahu,Aquarius,"17°47'39.65""",60,59.1401,0.8599
2026-01-04 05:00:00,Aspect,Trine,Venus,Sagittarius,"18°39'15.30""",Ketu,Leo,"17°47'39.65""",120,120.8599,0.8599
2026-01-04 05:15:00,Aspect,Conjunction,Sun,Sagittarius,"19°19'43.57""",Venus,Sagittarius,"18°40'02.48""",0,0.6614,0.6614
2026-01-04 05:15:00,Aspect,Sextitle,Venus,Sagittarius,"18°40'02.48""",Rahu,Aquarius,"17°47'37.66""",60,59.1264,0.8736
2026-01-04 05:15:00,Aspect,Trine,Venus,Sagittarius,"18°40'02.48""",Ketu,Leo,"17°47'37.66""",120,120.8736,0.8736
2026-01-04 05:30:00,Aspect,Conjunction,Sun,Sagittarius,"19°20'21.78""",Venus,Sagittarius,"18°40'49.66""",0,0.6589,0.6589
2026-01-04 05:30:00,Aspect,Sextitle,Venus,Sagittarius,"18°40'49.66""",Rahu,Aquarius,"17°47'35.67""",60,59.1128,0.8872
2026-01-04 05:30:00,Aspect,Trine,Venus,Sagittarius,"18°40'49.66""",Ketu,Leo,"17°47'35.67""",120,120.8872,0.8872
2026-01-04 05:45:00,Aspect,Conjunction,Sun,Sagittarius,"19°20'59.98""",Venus,Sagittarius,"18°41'36.84""",0,0.6564,0.6564
2026-01-04 05:45:00,Aspect,Sextitle,Venus,Sagittarius,"18°41'36.84""",Rahu,Aquarius,"17°47'33.69""",60,59.0991,0.9009
2026-01-04 05:45:00,Aspect,Trine,Venus,Sagittarius,"18°41'36.84""",Ketu,Leo,"17°47'33.69""",120,120.9009,0.9009
2026-01-04 06:00:00,Aspect,Conjunction,Sun,Sagittarius,"19°21'38.18""",Venus,Sagittarius,"18°42'24.01""",0,0.6539,0.6539
2026-01-04 06:00:00,Aspect,Sextitle,Venus,Sagittarius,"18°42'24.01""",Rahu,Aquarius,"17°47'31.70""",60,59.0855,0.9145
2026-01-04 06:00:00,Aspect,Trine,Venus,Sagittarius,"18°42'24.01""",Ketu,Leo,"17°47'31.70""",120,120.9145,0.9145
2026-01-04 06:15:00,Aspect,Conjunction,Sun,Sagittarius,"19°22'16.39""",Venus,Sagittarius,"18°43'11.19""",0,0.6514,0.6514
2026-01-04 06:15:00,Aspect,Sextitle,Venus,Sagittarius,"18°43'11.19""",Rahu,Aquarius,"17°47'29.71""",60,59.0718,0.9282
2026-01-04 06:15:00,Aspect,Trine,Venus,Sagittarius,"18°43'11.19""",Ketu,Leo,"17°47'29.71""",120,120.9282,0.9282
2026-01-04 06:30:00,Aspect,Conjunction,Sun,Sagittarius,"19°22'54.59""",Venus,Sagittarius,"18°43'58.37""",0,0.649,0.649
2026-01-04 06:30:00,Aspect,Sextitle,Venus,Sagittarius,"18°43'58.37""",Rahu,Aquarius,"17°47'27.73""",60,59.0582,0.9418
2026-01-04 06:30:00,Aspect,Trine,Venus,Sagittarius,"18°43'58.37""",Ketu,Leo,"17°47'27.73""",120,120.9418,0.9418
2026-01-04 06:45:00,Aspect,Conjunction,Sun,Sagittarius,"19°23'32.79""",Venus,Sagittarius,"18°44'45.55""",0,0.6465,0.6465
2026-01-04 06:45:00,Aspect,Sextitle,Venus,Sagittarius,"18°44'45.55""",Rahu,Aquarius,"17°47'25.74""",60,59.0445,0.9555
2026-01-04 06:45:00,Aspect,Trine,Venus,Sagittarius,"18°44'45.55""",Ketu,Leo,"17°47'25.74""",120,120.9555,0.9555
2026-01-04 07:00:00,Aspect,Conjunction,Sun,Sagittarius,"19°24'11.00""",Venus,Sagittarius,"18°45'32.72""",0,0.644,0.644
2026-01-04 07:00:00,Aspect,Sextitle,Venus,Sagittarius,"18°45'32.72""",Rahu,Aquarius,"17°47'23.75""",60,59.0308,0.9692
2026-01-04 07:00:00,Aspect,Trine,Venus,Sagittarius,"18°45'32.72""",Ketu,Leo,"17°47'23.75""",120,120.9692,0.9692
2026-01-04 07:15:00,Aspect,Conjunction,Sun,Sagittarius,"19°24'49.20""",Venus,Sagittarius,"18°46'19.90""",0,0.6415,0.6415
2026-01-04 07:15:00,Aspect,Sextitle,Venus,Sagittarius,"18°46'19.90""",Rahu,Aquarius,"17°47'21.76""",60,59.0172,0.9828
2026-01-04 07:15:00,Aspect,Trine,Venus,Sagittarius,"18°46'19.90""",Ketu,Leo,"17°47'21.76""",120,120.9828,0.9828
2026-01-04 07:30:00,Aspect,Conjunction,Sun,Sagittarius,"19°25'27.40""",Venus,Sagittarius,"18°47'07.08""",0,0.639,0.639
2026-01-04 07:30:00,Aspect,Sextitle,Venus,Sagittarius,"18°47'07.08""",Rahu,Aquarius,"17°47'19.78""",60,59.0035,0.9965
2026-01-04 07:30:00,Aspect,Trine,Venus,Sagittarius,"18°47'07.08""",Ketu,Leo,"17°47'19.78""",120,120.9965,0.9965
2026-01-04 07:45:00,Aspect,Conjunction,Sun,Sagittarius,"19°26'05.61""",Venus,Sagittarius,"18°47'54.25""",0,0.6365,0.6365
2026-01-04 08:00:00,Aspect,Conjunction,Sun,Sagittarius,"19°26'43.81""",Venus,Sagittarius,"18°48'41.43""",0,0.634,0.634
2026-01-04 08:15:00,Aspect,Conjunction,Sun,Sagittarius,"19°27'22.01""",Venus,Sagittarius,"18°49'28.61""",0,0.6315,0.6315
2026-01-04 08:30:00,Aspect,Conjunction,Sun,Sagittarius,"19°28'00.22""",Venus,Sagittarius,"18°50'15.79""",0,0.629,0.629
2026-01-04 08:45:00,Aspect,Conjunction,Sun,Sagittarius,"19°28'38.42""",Venus,Sagittarius,"18°51'02.96""",0,0.6265,0.6265
2026-01-04 09:00:00,Aspect,Conjunction,Sun,Sagittarius,"19°29'16.62""",Venus,Sagittarius,"18°51'50.14""",0,0.624,0.624
2026-01-04 09:15:00,Aspect,Conjunction,Sun,Sagittarius,"19°29'54.83""",Venus,Sagittarius,"18°52'37.32""",0,0.6215,0.6215
2026-01-04 09:30:00,Aspect,Conjunction,Sun,Sagittarius,"19°30'33.03""",Venus,Sagittarius,"18°53'24.50""",0,0.619,0.619
2026-01-04 09:45:00,Aspect,Conjunction,Sun,Sagittarius,"19°31'11.23""",Venus,Sagittarius,"18°54'11.67""",0,0.6165,0.6165
2026-01-04 10:00:00,Aspect,Conjunction,Sun,Sagittarius,"19°31'49.44""",Venus,Sagittarius,"18°54'58.85""",0,0.6141,0.6141
2026-01-04 10:15:00,Aspect,Conjunction,Sun,Sagittarius,"19°32'27.64""",Venus,Sagittarius,"18°55'46.03""",0,0.6116,0.6116
2026-01-04 10:30:00,Aspect,Conjunction,Sun,Sagittarius,"19°33'05.85""",Venus,Sagittarius,"18°56'33.21""",0,0.6091,0.6091
2026-01-04 10:45:00,Aspect,Conjunction,Sun,Sagittarius,"19°33'44.05""",Venus,Sagittarius,"18°57'20.38""",0,0.6066,0.6066
2026-01-04 11:00:00,Aspect,Conjunction,Sun,Sagittarius,"19°34'22.25""",Venus,Sagittarius,"18°58'07.56""",0,0.6041,0.6041
2026-01-04 11:15:00,Aspect,Conjunction,Sun,Sagittarius,"19°35'00.46""",Venus,Sagittarius,"18°58'54.74""",0,0.6016,0.6016
2026-01-04 11:30:00,Aspect,Conjunction,Sun,Sagittarius,"19°35'38.66""",Venus,Sagittarius,"18°59'41.91""",0,0.5991,0.5991
2026-01-04 11:45:00,Aspect,Conjunction,Sun,Sagittarius,"19°36'16.86""",Venus,Sagittarius,"19°00'29.09""",0,0.5966,0.5966
2026-01-04 12:00:00,Aspect,Conjunction,Sun,Sagittarius,"19°36'55.07""",Venus,Sagittarius,"19°01'16.27""",0,0.5941,0.5941
2026-01-04 12:15:00,Aspect,Conjunction,Sun,Sagittarius,"19°37'33.27""",Venus,Sagittarius,"19°02'03.45""",0,0.5916,0.5916
2026-01-04 12:30:00,Aspect,Conjunction,Sun,Sagittarius,"19°38'11.47""",Venus,Sagittarius,"19°02'50.62""",0,0.5891,0.5891
2026-01-04 12:45:00,Aspect,Conjunction,Sun,Sagittarius,"19°38'49.68""",Venus,Sagittarius,"19°03'37.80""",0,0.5866,0.5866
2026-01-04 13:00:00,Aspect,Conjunction,Sun,Sagittarius,"19°39'27.88""",Venus,Sagittarius,"19°04'24.98""",0,0.5841,0.5841
2026-01-04 13:15:00,Aspect,Conjunction,Sun,Sagittarius,"19°40'06.08""",Venus,Sagittarius,"19°05'12.15""",0,0.5816,0.5816
2026-01-04 13:30:00,Aspect,Conjunction,Sun,Sagittarius,"19°40'44.29""",Venus,Sagittarius,"19°05'59.33""",0,0.5792,0.5792
2026-01-04 13:45:00,Aspect,Conjunction,Sun,Sagittarius,"19°41'22.49""",Venus,Sagittarius,"19°06'46.51""",0,0.5767,0.5767
2026-01-04 14:00:00,Aspect,Conjunction,Sun,Sagittarius,"19°42'00.69""",Venus,Sagittarius,"19°07'33.68""",0,0.5742,0.5742
2026-01-04 14:15:00,Aspect,Conjunction,Sun,Sagittarius,"19°42'38.90""",Venus,Sagittarius,"19°08'20.86""",0,0.5717,0.5717
2026-01-04 14:30:00,Aspect,Conjunction,Sun,Sagittarius,"19°43'17.10""",Venus,Sagittarius,"19°09'08.04""",0,0.5692,0.5692
2026-01-04 14:45:00,Aspect,Conjunction,Sun,Sagittarius,"19°43'55.31""",Venus,Sagittarius,"19°09'55.22""",0,0.5667,0.5667
2026-01-04 15:00:00,Aspect,Conjunction,Sun,Sagittarius,"19°44'33.51""",Venus,Sagittarius,"19°10'42.39""",0,0.5642,0.5642
2026-01-04 15:15:00,Aspect,Conjunction,Sun,Sagittarius,"19°45'11.71""",Venus,Sagittarius,"19°11'29.57""",0,0.5617,0.5617
2026-01-04 15:30:00,Aspect,Conjunction,Sun,Sagittarius,"19°45'49.92""",Venus,Sagittarius,"19°12'16.75""",0,0.5592,0.5592
2026-01-04 15:45:00,Aspect,Conjunction,Sun,Sagittarius,"19°46'28.12""",Venus,Sagittarius,"19°13'03.92""",0,0.5567,0.5567
2026-01-04 16:00:00,Aspect,Conjunction,Sun,Sagittarius,"19°47'06.32""",Venus,Sagittarius,"19°13'51.10""",0,0.5542,0.5542
2026-01-04 16:15:00,Aspect,Conjunction,Sun,Sagittarius,"19°47'44.53""",Venus,Sagittarius,"19°14'38.28""",0,0.5517,0.5517
2026-01-04 16:30:00,Aspect,Conjunction,Sun,Sagittarius,"19°48'22.73""",Venus,Sagittarius,"19°15'25.45""",0,0.5492,0.5492
2026-01-04 16:45:00,Aspect,Conjunction,Sun,Sagittarius,"19°49'00.93""",Venus,Sagittarius,"19°16'12.63""",0,0.5468,0.5468
2026-01-04 17:00:00,Aspect,Conjunction,Sun,Sagittarius,"19°49'39.14""",Venus,Sagittarius,"19°16'59.81""",0,0.5443,0.5443
2026-01-04 17:15:00,Aspect,Conjunction,Sun,Sagittarius,"19°50'17.34""",Venus,Sagittarius,"19°17'46.99""",0,0.5418,0.5418
2026-01-04 17:30:00,Aspect,Conjunction,Sun,Sagittarius,"19°50'55.54""",Venus,Sagittarius,"19°18'34.16""",0,0.5393,0.5393
2026-01-04 17:45:00,Aspect,Conjunction,Sun,Sagittarius,"19°51'33.75""",Venus,Sagittarius,"19°19'21.34""",0,0.5368,0.5368
2026-01-04 18:00:00,Aspect,Conjunction,Sun,Sagittarius,"19°52'11.95""",Venus,Sagittarius,"19°20'08.52""",0,0.5343,0.5343
2026-01-04 18:15:00,Aspect,Conjunction,Sun,Sagittarius,"19°52'50.16""",Venus,Sagittarius,"19°20'55.69""",0,0.5318,0.5318
2026-01-04 18:30:00,Aspect,Conjunction,Sun,Sagittarius,"19°53'28.36""",Venus,Sagittarius,"19°21'42.87""",0,0.5293,0.5293
2026-01-04 18:45:00,Aspect,Conjunction,Sun,Sagittarius,"19°54'06.56""",Venus,Sagittarius,"19°22'30.05""",0,0.5268,0.5268
2026-01-04 19:00:00,Aspect,Conjunction,Sun,Sagittarius,"19°54'44.77""",Venus,Sagittarius,"19°23'17.22""",0,0.5243,0.5243
2026-01-04 19:15:00,Aspect,Conjunction,Sun,Sagittarius,"19°55'22.97""",Venus,Sagittarius,"19°24'04.40""",0,0.5218,0.5218
2026-01-04 19:30:00,Aspect,Conjunction,Sun,Sagittarius,"19°56'01.17""",Venus,Sagittarius,"19°24'51.58""",0,0.5193,0.5193
2026-01-04 19:45:00,Aspect,Conjunction,Sun,Sagittarius,"19°56'39.38""",Venus,Sagittarius,"19°25'38.75""",0,0.5168,0.5168
2026-01-04 20:00:00,Aspect,Conjunction,Sun,Sagittarius,"19°57'17.58""",Venus,Sagittarius,"19°26'25.93""",0,0.5143,0.5143
2026-01-04 20:15:00,Aspect,Conjunction,Sun,Sagittarius,"19°57'55.78""",Venus,Sagittarius,"19°27'13.11""",0,0.5119,0.5119
2026-01-04 20:30:00,Aspect,Conjunction,Sun,Sagittarius,"19°58'33.99""",Venus,Sagittarius,"19°28'00.28""",0,0.5094,0.5094
2026-01-04 20:45:00,Aspect,Conjunction,Sun,Sagittarius,"19°59'12.19""",Venus,Sagittarius,"19°28'47.46""",0,0.5069,0.5069
2026-01-04 21:00:00,Aspect,Conjunction,Sun,Sagittarius,"19°59'50.40""",Venus,Sagittarius,"19°29'34.64""",0,0.5044,0.5044
2026-01-04 21:15:00,Aspect,Conjunction,Sun,Sagittarius,"20°00'28.60""",Venus,Sagittarius,"19°30'21.81""",0,0.5019,0.5019
2026-01-04 21:30:00,Aspect,Conjunction,Sun,Sagittarius,"20°01'06.80""",Venus,Sagittarius,"19°31'08.99""",0,0.4994,0.4994
2026-01-04 21:45:00,Aspect,Conjunction,Sun,Sagittarius,"20°01'45.01""",Venus,Sagittarius,"19°31'56.17""",0,0.4969,0.4969
2026-01-04 22:00:00,Aspect,Conjunction,Sun,Sagittarius,"20°02'23.21""",Venus,Sagittarius,"19°32'43.34""",0,0.4944,0.4944
2026-01-04 22:15:00,Aspect,Conjunction,Sun,Sagittarius,"20°03'01.41""",Venus,Sagittarius,"19°33'30.52""",0,0.4919,0.4919
2026-01-04 22:30:00,Aspect,Conjunction,Sun,Sagittarius,"20°03'39.62""",Venus,Sagittarius,"19°34'17.70""",0,0.4894,0.4894
2026-01-04 22:45:00,Aspect,Conjunction,Sun,Sagittarius,"20°04'17.82""",Venus,Sagittarius,"19°35'04.87""",0,0.4869,0.4869
2026-01-04 23:00:00,Aspect,Conjunction,Sun,Sagittarius,"20°04'56.03""",Venus,Sagittarius,"19°35'52.05""",0,0.4844,0.4844
2026-01-04 23:15:00,Aspect,Conjunction,Sun,Sagittarius,"20°05'34.23""",Venus,Sagittarius,"19°36'39.23""",0,0.4819,0.4819
2026-01-04 23:30:00,Aspect,Conjunction,Sun,Sagittarius,"20°06'12.43""",Venus,Sagittarius,"19°37'26.40""",0,0.4795,0.4795
2026-01-04 23:45:00,Aspect,Conjunction,Sun,Sagittarius,"20°06'50.64""",Venus,Sagittarius,"19°38'13.58""",0,0.477,0.477
2026-01-05 00:00:00,Aspect,Conjunction,Sun,Sagittarius,"20°07'28.84""",Venus,Sagittarius,"19°39'00.76""",0,0.4745,0.4745
2026-01-05 00:15:00,Aspect,Conjunction,Sun,Sagittarius,"20°08'07.04""",Venus,Sagittarius,"19°39'47.93""",0,0.472,0.472
2026-01-05 00:30:00,Aspect,Conjunction,Sun,Sagittarius,"20°08'45.25""",Venus,Sagittarius,"19°40'35.11""",0,0.4695,0.4695
2026-01-05 00:45:00,Aspect,Conjunction,Sun,Sagittarius,"20°09'23.45""",Venus,Sagittarius,"19°41'22.29""",0,0.467,0.467
2026-01-05 01:00:00,Aspect,Conjunction,Sun,Sagittarius,"20°10'01.66""",Venus,Sagittarius,"19°42'09.46""",0,0.4645,0.4645
2026-01-05 01:15:00,Aspect,Conjunction,Sun,Sagittarius,"20°10'39.86""",Venus,Sagittarius,"19°42'56.64""",0,0.462,0.462
2026-01-05 01:30:00,Aspect,Conjunction,Sun,Sagittarius,"20°11'18.06""",Venus,Sagittarius,"19°43'43.82""",0,0.4595,0.4595
2026-01-05 01:45:00,Aspect,Conjunction,Sun,Sagittarius,"20°11'56.27""",Venus,Sagittarius,"19°44'30.99""",0,0.457,0.457
2026-01-05 02:00:00,Aspect,Conjunction,Sun,Sagittarius,"20°12'34.47""",Venus,Sagittarius,"19°45'18.17""",0,0.4545,0.4545
2026-01-05 02:15:00,Aspect,Conjunction,Sun,Sagittarius,"20°13'12.68""",Venus,Sagittarius,"19°46'05.35""",0,0.452,0.452
2026-01-05 02:30:00,Aspect,Conjunction,Sun,Sagittarius,"20°13'50.88""",Venus,Sagittarius,"19°46'52.52""",0,0.4495,0.4495
2026-01-05 02:45:00,Aspect,Conjunction,Sun,Sagittarius,"20°14'29.08""",Venus,Sagittarius,"19°47'39.70""",0,0.4471,0.4471
2026-01-05 03:00:00,Aspect,Conjunction,Sun,Sagittarius,"20°15'07.29""",Venus,Sagittarius,"19°48'26.88""",0,0.4446,0.4446
2026-01-05 03:15:00,Aspect,Conjunction,Sun,Sagittarius,"20°15'45.49""",Venus,Sagittarius,"19°49'14.05""",0,0.4421,0.4421
2026-01-05 03:30:00,Aspect,Conjunction,Sun,Sagittarius,"20°16'23.69""",Venus,Sagittarius,"19°50'01.23""",0,0.4396,0.4396
2026-01-05 03:45:00,Aspect,Conjunction,Sun,Sagittarius,"20°17'01.90""",Venus,Sagittarius,"19°50'48.40""",0,0.4371,0.4371
2026-01-05 04:00:00,Aspect,Conjunction,Sun,Sagittarius,"20°17'40.10""",Venus,Sagittarius,"19°51'35.58""",0,0.4346,0.4346
2026-01-05 04:15:00,Aspect,Conjunction,Sun,Sagittarius,"20°18'18.31""",Venus,Sagittarius,"19°52'22.76""",0,0.4321,0.4321
2026-01-05 04:30:00,Aspect,Conjunction,Sun,Sagittarius,"20°18'56.51""",Venus,Sagittarius,"19°53'09.93""",0,0.4296,0.4296
2026-01-05 04:45:00,Aspect,Conjunction,Sun,Sagittarius,"20°19'34.71""",Venus,Sagittarius,"19°53'57.11""",0,0.4271,0.4271
2026-01-05 05:00:00,Aspect,Conjunction,Sun,Sagittarius,"20°20'12.92""",Venus,Sagittarius,"19°54'44.29""",0,0.4246,0.4246
2026-01-05 05:15:00,Aspect,Conjunction,Sun,Sagittarius,"20°20'51.12""",Venus,Sagittarius,"19°55'31.46""",0,0.4221,0.4221
2026-01-05 05:30:00,Aspect,Conjunction,Sun,Sagittarius,"20°21'29.33""",Venus,Sagittarius,"19°56'18.64""",0,0.4196,0.4196
2026-01-05 05:45:00,Aspect,Conjunction,Sun,Sagittarius,"20°22'07.53""",Venus,Sagittarius,"19°57'05.82""",0,0.4171,0.4171
2026-01-05 06:00:00,Aspect,Conjunction,Sun,Sagittarius,"20°22'45.73""",Venus,Sagittarius,"19°57'52.99""",0,0.4147,0.4147
2026-01-05 06:15:00,Aspect,Conjunction,Sun,Sagittarius,"20°23'23.94""",Venus,Sagittarius,"19°58'40.17""",0,0.4122,0.4122
2026-01-05 06:30:00,Aspect,Conjunction,Sun,Sagittarius,"20°24'02.14""",Venus,Sagittarius,"19°59'27.35""",0,0.4097,0.4097
2026-01-05 06:45:00,Aspect,Conjunction,Sun,Sagittarius,"20°24'40.35""",Venus,Sagittarius,"20°00'14.52""",0,0.4072,0.4072
2026-01-05 07:00:00,Aspect,Conjunction,Sun,Sagittarius,"20°25'18.55""",Venus,Sagittarius,"20°01'01.70""",0,0.4047,0.4047
2026-01-05 07:15:00,Aspect,Conjunction,Sun,Sagittarius,"20°25'56.75""",Venus,Sagittarius,"20°01'48.87""",0,0.4022,0.4022
2026-01-05 07:30:00,Aspect,Conjunction,Sun,Sagittarius,"20°26'34.96""",Venus,Sagittarius,"20°02'36.05""",0,0.3997,0.3997
2026-01-05 07:45:00,Aspect,Conjunction,Sun,Sagittarius,"20°27'13.16""",Venus,Sagittarius,"20°03'23.23""",0,0.3972,0.3972
2026-01-05 08:00:00,Aspect,Conjunction,Sun,Sagittarius,"20°27'51.37""",Venus,Sagittarius,"20°04'10.40""",0,0.3947,0.3947
2026-01-05 08:15:00,Aspect,Conjunction,Sun,Sagittarius,"20°28'29.57""",Venus,Sagittarius,"20°04'57.58""",0,0.3922,0.3922
2026-01-05 08:30:00,Aspect,Conjunction,Sun,Sagittarius,"20°29'07.77""",Venus,Sagittarius,"20°05'44.76""",0,0.3897,0.3897
2026-01-05 08:45:00,Aspect,Conjunction,Sun,Sagittarius,"20°29'45.98""",Venus,Sagittarius,"20°06'31.93""",0,0.3872,0.3872
2026-01-05 09:00:00,Aspect,Conjunction,Sun,Sagittarius,"20°30'24.18""",Venus,Sagittarius,"20°07'19.11""",0,0.3847,0.3847
2026-01-05 09:15:00,Aspect,Conjunction,Sun,Sagittarius,"20°31'02.39""",Venus,Sagittarius,"20°08'06.28""",0,0.3823,0.3823
2026-01-05 09:30:00,Aspect,Conjunction,Sun,Sagittarius,"20°31'40.59""",Venus,Sagittarius,"20°08'53.46""",0,0.3798,0.3798
2026-01-05 09:45:00,Aspect,Conjunction,Sun,Sagittarius,"20°32'18.79""",Venus,Sagittarius,"20°09'40.64""",0,0.3773,0.3773
2026-01-05 10:00:00,Aspect,Conjunction,Sun,Sagittarius,"20°32'57.00""",Venus,Sagittarius,"20°10'27.81""",0,0.3748,0.3748
2026-01-05 10:15:00,Aspect,Conjunction,Sun,Sagittarius,"20°33'35.20""",Venus,Sagittarius,"20°11'14.99""",0,0.3723,0.3723
2026-01-05 10:30:00,Aspect,Conjunction,Sun,Sagittarius,"20°34'13.41""",Venus,Sagittarius,"20°12'02.17""",0,0.3698,0.3698
2026-01-05 10:45:00,Aspect,Conjunction,Sun,Sagittarius,"20°34'51.61""",Venus,Sagittarius,"20°12'49.34""",0,0.3673,0.3673
2026-01-05 11:00:00,Aspect,Conjunction,Sun,Sagittarius,"20°35'29.82""",Venus,Sagittarius,"20°13'36.52""",0,0.3648,0.3648
2026-01-05 11:15:00,Aspect,Conjunction,Sun,Sagittarius,"20°36'08.02""",Venus,Sagittarius,"20°14'23.69""",0,0.3623,0.3623
2026-01-05 11:30:00,Aspect,Conjunction,Sun,Sagittarius,"20°36'46.22""",Venus,Sagittarius,"20°15'10.87""",0,0.3598,0.3598
2026-01-05 11:45:00,Aspect,Conjunction,Sun,Sagittarius,"20°37'24.43""",Venus,Sagittarius,"20°15'58.05""",0,0.3573,0.3573
2026-01-05 12:00:00,Aspect,Conjunction,Sun,Sagittarius,"20°38'02.63""",Venus,Sagittarius,"20°16'45.22""",0,0.3548,0.3548
2026-01-05 12:15:00,Aspect,Conjunction,Sun,Sagittarius,"20°38'40.84""",Venus,Sagittarius,"20°17'32.40""",0,0.3523,0.3523
2026-01-05 12:30:00,Aspect,Conjunction,Sun,Sagittarius,"20°39'19.04""",Venus,Sagittarius,"20°18'19.57""",0,0.3499,0.3499
2026-01-05 12:45:00,Aspect,Conjunction,Sun,Sagittarius,"20°39'57.24""",Venus,Sagittarius,"20°19'06.75""",0,0.3474,0.3474
2026-01-05 13:00:00,Aspect,Conjunction,Sun,Sagittarius,"20°40'35.45""",Venus,Sagittarius,"20°19'53.93""",0,0.3449,0.3449
2026-01-05 13:15:00,Aspect,Conjunction,Sun,Sagittarius,"20°41'13.65""",Venus,Sagittarius,"20°20'41.10""",0,0.3424,0.3424
2026-01-05 13:30:00,Aspect,Conjunction,Sun,Sagittarius,"20°41'51.86""",Venus,Sagittarius,"20°21'28.28""",0,0.3399,0.3399
2026-01-05 13:45:00,Aspect,Conjunction,Sun,Sagittarius,"20°42'30.06""",Venus,Sagittarius,"20°22'15.46""",0,0.3374,0.3374
2026-01-05 14:00:00,Aspect,Conjunction,Sun,Sagittarius,"20°43'08.27""",Venus,Sagittarius,"20°23'02.63""",0,0.3349,0.3349
2026-01-05 14:15:00,Aspect,Conjunction,Sun,Sagittarius,"20°43'46.47""",Venus,Sagittarius,"20°23'49.81""",0,0.3324,0.3324
2026-01-05 14:30:00,Aspect,Conjunction,Sun,Sagittarius,"20°44'24.67""",Venus,Sagittarius,"20°24'36.98""",0,0.3299,0.3299
2026-01-05 14:45:00,Aspect,Conjunction,Sun,Sagittarius,"20°45'02.88""",Venus,Sagittarius,"20°25'24.16""",0,0.3274,0.3274
2026-01-05 15:00:00,Aspect,Conjunction,Sun,Sagittarius,"20°45'41.08""",Venus,Sagittarius,"20°26'11.34""",0,0.3249,0.3249
2026-01-05 15:15:00,Aspect,Conjunction,Sun,Sagittarius,"20°46'19.29""",Venus,Sagittarius,"20°26'58.51""",0,0.3224,0.3224
2026-01-05 15:30:00,Aspect,Conjunction,Sun,Sagittarius,"20°46'57.49""",Venus,Sagittarius,"20°27'45.69""",0,0.3199,0.3199
2026-01-05 15:45:00,Aspect,Conjunction,Sun,Sagittarius,"20°47'35.70""",Venus,Sagittarius,"20°28'32.86""",0,0.3175,0.3175
2026-01-05 16:00:00,Aspect,Conjunction,Sun,Sagittarius,"20°48'13.90""",Venus,Sagittarius,"20°29'20.04""",0,0.315,0.315
2026-01-05 16:15:00,Aspect,Conjunction,Sun,Sagittarius,"20°48'52.10""",Venus,Sagittarius,"20°30'07.22""",0,0.3125,0.3125
2026-01-05 16:30:00,Aspect,Conjunction,Sun,Sagittarius,"20°49'30.31""",Venus,Sagittarius,"20°30'54.39""",0,0.31,0.31
2026-01-05 16:45:00,Aspect,Conjunction,Sun,Sagittarius,"20°50'08.51""",Venus,Sagittarius,"20°31'41.57""",0,0.3075,0.3075
2026-01-05 17:00:00,Aspect,Conjunction,Sun,Sagittarius,"20°50'46.72""",Venus,Sagittarius,"20°32'28.74""",0,0.305,0.305
2026-01-05 17:15:00,Aspect,Conjunction,Sun,Sagittarius,"20°51'24.92""",Venus,Sagittarius,"20°33'15.92""",0,0.3025,0.3025
2026-01-05 17:30:00,Aspect,Conjunction,Sun,Sagittarius,"20°52'03.13""",Venus,Sagittarius,"20°34'03.10""",0,0.3,0.3
2026-01-05 17:45:00,Aspect,Conjunction,Sun,Sagittarius,"20°52'41.33""",Venus,Sagittarius,"20°34'50.27""",0,0.2975,0.2975
2026-01-05 18:00:00,Aspect,Conjunction,Sun,Sagittarius,"20°53'19.53""",Venus,Sagittarius,"20°35'37.45""",0,0.295,0.295
2026-01-05 18:15:00,Aspect,Conjunction,Sun,Sagittarius,"20°53'57.74""",Venus,Sagittarius,"20°36'24.62""",0,0.2925,0.2925
2026-01-05 18:30:00,Aspect,Conjunction,Sun,Sagittarius,"20°54'35.94""",Venus,Sagittarius,"20°37'11.80""",0,0.29,0.29
2026-01-05 18:45:00,Aspect,Conjunction,Sun,Sagittarius,"20°55'14.15""",Venus,Sagittarius,"20°37'58.98""",0,0.2875,0.2875
2026-01-05 19:00:00,Aspect,Conjunction,Sun,Sagittarius,"20°55'52.35""",Venus,Sagittarius,"20°38'46.15""",0,0.2851,0.2851
2026-01-05 19:15:00,Aspect,Conjunction,Sun,Sagittarius,"20°56'30.56""",Venus,Sagittarius,"20°39'33.33""",0,0.2826,0.2826
2026-01-05 19:30:00,Aspect,Conjunction,Sun,Sagittarius,"20°57'08.76""",Venus,Sagittarius,"20°40'20.50""",0,0.2801,0.2801
2026-01-05 19:45:00,Aspect,Conjunction,Sun,Sagittarius,"20°57'46.97""",Venus,Sagittarius,"20°41'07.68""",0,0.2776,0.2776
2026-01-05 20:00:00,Aspect,Conjunction,Sun,Sagittarius,"20°58'25.17""",Venus,Sagittarius,"20°41'54.86""",0,0.2751,0.2751
2026-01-05 20:15:00,Aspect,Conjunction,Sun,Sagittarius,"20°59'03.37""",Venus,Sagittarius,"20°42'42.03""",0,0.2726,0.2726
2026-01-05 20:30:00,Aspect,Conjunction,Sun,Sagittarius,"20°59'41.58""",Venus,Sagittarius,"20°43'29.21""",0,0.2701,0.2701
2026-01-05 20:45:00,Aspect,Conjunction,Sun,Sagittarius,"21°00'19.78""",Venus,Sagittarius,"20°44'16.38""",0,0.2676,0.2676
2026-01-05 21:00:00,Aspect,Conjunction,Sun,Sagittarius,"21°00'57.99""",Venus,Sagittarius,"20°45'03.56""",0,0.2651,0.2651
2026-01-05 21:15:00,Aspect,Conjunction,Sun,Sagittarius,"21°01'36.19""",Venus,Sagittarius,"20°45'50.73""",0,0.2626,0.2626
2026-01-05 21:30:00,Aspect,Conjunction,Sun,Sagittarius,"21°02'14.40""",Venus,Sagittarius,"20°46'37.91""",0,0.2601,0.2601
2026-01-05 21:45:00,Aspect,Conjunction,Sun,Sagittarius,"21°02'52.60""",Venus,Sagittarius,"20°47'25.09""",0,0.2576,0.2576
2026-01-05 22:00:00,Aspect,Conjunction,Sun,Sagittarius,"21°03'30.81""",Venus,Sagittarius,"20°48'12.26""",0,0.2552,0.2552
2026-01-05 22:15:00,Aspect,Conjunction,Sun,Sagittarius,"21°04'09.01""",Venus,Sagittarius,"20°48'59.44""",0,0.2527,0.2527
2026-01-05 22:30:00,Aspect,Conjunction,Sun,Sagittarius,"21°04'47.21""",Venus,Sagittarius,"20°49'46.61""",0,0.2502,0.2502
2026-01-05 22:45:00,Aspect,Conjunction,Sun,Sagittarius,"21°05'25.42""",Venus,Sagittarius,"20°50'33.79""",0,0.2477,0.2477
2026-01-05 23:00:00,Aspect,Conjunction,Sun,Sagittarius,"21°06'03.62""",Venus,Sagittarius,"20°51'20.97""",0,0.2452,0.2452
2026-01-05 23:15:00,Aspect,Conjunction,Sun,Sagittarius,"21°06'41.83""",Venus,Sagittarius,"20°52'08.14""",0,0.2427,0.2427
2026-01-05 23:30:00,Aspect,Conjunction,Sun,Sagittarius,"21°07'20.03""",Venus,Sagittarius,"20°52'55.32""",0,0.2402,0.2402
2026-01-05 23:45:00,Aspect,Conjunction,Sun,Sagittarius,"21°07'58.24""",Venus,Sagittarius,"20°53'42.49""",0,0.2377,0.2377
2026-01-06 00:00:00,Aspect,Conjunction,Sun,Sagittarius,"21°08'36.44""",Venus,Sagittarius,"20°54'29.67""",0,0.2352,0.2352
2026-01-06 00:15:00,Aspect,Conjunction,Sun,Sagittarius,"21°09'14.65""",Venus,Sagittarius,"20°55'16.84""",0,0.2327,0.2327
2026-01-06 00:30:00,Aspect,Conjunction,Sun,Sagittarius,"21°09'52.85""",Venus,Sagittarius,"20°56'04.02""",0,0.2302,0.2302
2026-01-06 00:45:00,Aspect,Conjunction,Sun,Sagittarius,"21°10'31.06""",Venus,Sagittarius,"20°56'51.20""",0,0.2277,0.2277
2026-01-06 01:00:00,Aspect,Conjunction,Sun,Sagittarius,"21°11'09.26""",Venus,Sagittarius,"20°57'38.37""",0,0.2252,0.2252
2026-01-06 01:15:00,Aspect,Conjunction,Sun,Sagittarius,"21°11'47.47""",Venus,Sagittarius,"20°58'25.55""",0,0.2228,0.2228
2026-01-06 01:30:00,Aspect,Conjunction,Sun,Sagittarius,"21°12'25.67""",Venus,Sagittarius,"20°59'12.72""",0,0.2203,0.2203
2026-01-06 01:45:00,Aspect,Conjunction,Sun,Sagittarius,"21°13'03.88""",Venus,Sagittarius,"20°59'59.90""",0,0.2178,0.2178
2026-01-06 02:00:00,Aspect,Conjunction,Sun,Sagittarius,"21°13'42.08""",Venus,Sagittarius,"21°00'47.07""",0,0.2153,0.2153
2026-01-06 02:15:00,Aspect,Conjunction,Sun,Sagittarius,"21°14'20.28""",Venus,Sagittarius,"21°01'34.25""",0,0.2128,0.2128
2026-01-06 02:30:00,Aspect,Conjunction,Sun,Sagittarius,"21°14'58.49""",Venus,Sagittarius,"21°02'21.43""",0,0.2103,0.2103
2026-01-06 02:45:00,Aspect,Conjunction,Sun,Sagittarius,"21°15'36.69""",Venus,Sagittarius,"21°03'08.60""",0,0.2078,0.2078
2026-01-06 03:00:00,Aspect,Conjunction,Sun,Sagittarius,"21°16'14.90""",Venus,Sagittarius,"21°03'55.78""",0,0.2053,0.2053
2026-01-06 03:15:00,Aspect,Conjunction,Sun,Sagittarius,"21°16'53.10""",Venus,Sagittarius,"21°04'42.95""",0,0.2028,0.2028
2026-01-06 03:30:00,Aspect,Conjunction,Sun,Sagittarius,"21°17'31.31""",Venus,Sagittarius,"21°05'30.13""",0,0.2003,0.2003
2026-01-06 03:45:00,Aspect,Conjunction,Sun,Sagittarius,"21°18'09.51""",Venus,Sagittarius,"21°06'17.30""",0,0.1978,0.1978
2026-01-06 04:00:00,Aspect,Conjunction,Sun,Sagittarius,"21°18'47.72""",Venus,Sagittarius,"21°07'04.48""",0,0.1953,0.1953
2026-01-06 04:15:00,Aspect,Conjunction,Sun,Sagittarius,"21°19'25.92""",Venus,Sagittarius,"21°07'51.65""",0,0.1929,0.1929
2026-01-06 04:30:00,Aspect,Conjunction,Sun,Sagittarius,"21°20'04.13""",Venus,Sagittarius,"21°08'38.83""",0,0.1904,0.1904
2026-01-06 04:45:00,Aspect,Conjunction,Sun,Sagittarius,"21°20'42.33""",Venus,Sagittarius,"21°09'26.01""",0,0.1879,0.1879
2026-01-06 05:00:00,Aspect,Conjunction,Sun,Sagittarius,"21°21'20.54""",Venus,Sagittarius,"21°10'13.18""",0,0.1854,0.1854
2026-01-06 05:15:00,Aspect,Conjunction,Sun,Sagittarius,"21°21'58.74""",Venus,Sagittarius,"21°11'00.36""",0,0.1829,0.1829
2026-01-06 05:30:00,Aspect,Conjunction,Sun,Sagittarius,"21°22'36.95""",Venus,Sagittarius,"21°11'47.53""",0,0.1804,0.1804
2026-01-06 05:45:00,Aspect,Conjunction,Sun,Sagittarius,"21°23'15.15""",Venus,Sagittarius,"21°12'34.71""",0,0.1779,0.1779
2026-01-06 06:00:00,Aspect,Conjunction,Sun,Sagittarius,"21°23'53.36""",Venus,Sagittarius,"21°13'21.88""",0,0.1754,0.1754
2026-01-06 06:15:00,Aspect,Conjunction,Sun,Sagittarius,"21°24'31.56""",Venus,Sagittarius,"21°14'09.06""",0,0.1729,0.1729
2026-01-06 06:30:00,Aspect,Conjunction,Sun,Sagittarius,"21°25'09.77""",Venus,Sagittarius,"21°14'56.23""",0,0.1704,0.1704
2026-01-06 06:45:00,Aspect,Conjunction,Sun,Sagittarius,"21°25'47.97""",Venus,Sagittarius,"21°15'43.41""",0,0.1679,0.1679
2026-01-06 07:00:00,Aspect,Conjunction,Sun,Sagittarius,"21°26'26.18""",Venus,Sagittarius,"21°16'30.59""",0,0.1654,0.1654
2026-01-06 07:15:00,Aspect,Conjunction,Sun,Sagittarius,"21°27'04.38""",Venus,Sagittarius,"21°17'17.76""",0,0.1629,0.1629
2026-01-06 07:30:00,Aspect,Conjunction,Sun,Sagittarius,"21°27'42.59""",Venus,Sagittarius,"21°18'04.94""",0,0.1605,0.1605
2026-01-06 07:45:00,Aspect,Conjunction,Sun,Sagittarius,"21°28'20.79""",Venus,Sagittarius,"21°18'52.11""",0,0.158,0.158
2026-01-06 08:00:00,Aspect,Conjunction,Sun,Sagittarius,"21°28'59.00""",Venus,Sagittarius,"21°19'39.29""",0,0.1555,0.1555
2026-01-06 08:15:00,Aspect,Conjunction,Sun,Sagittarius,"21°29'37.20""",Venus,Sagittarius,"21°20'26.46""",0,0.153,0.153
2026-01-06 08:30:00,Aspect,Conjunction,Sun,Sagittarius,"21°30'15.41""",Venus,Sagittarius,"21°21'13.64""",0,0.1505,0.1505
2026-01-06 08:45:00,Aspect,Conjunction,Sun,Sagittarius,"21°30'53.61""",Venus,Sagittarius,"21°22'00.81""",0,0.148,0.148
2026-01-06 08:45:00,Aspect,Conjunction,Venus,Sagittarius,"21°22'00.81""",Mars,Sagittarius,"22°21'43.37""",0,0.9952,0.9952
2026-01-06 09:00:00,Aspect,Conjunction,Sun,Sagittarius,"21°31'31.82""",Venus,Sagittarius,"21°22'47.99""",0,0.1455,0.1455
2026-01-06 09:00:00,Aspect,Conjunction,Venus,Sagittarius,"21°22'47.99""",Mars,Sagittarius,"22°22'12.23""",0,0.9901,0.9901
2026-01-06 09:15:00,Aspect,Conjunction,Sun,Sagittarius,"21°32'10.02""",Venus,Sagittarius,"21°23'35.16""",0,0.143,0.143
2026-01-06 09:15:00,Aspect,Conjunction,Venus,Sagittarius,"21°23'35.16""",Mars,Sagittarius,"22°22'41.09""",0,0.985,0.985
2026-01-06 09:30:00,Aspect,Conjunction,Sun,Sagittarius,"21°32'48.23""",Venus,Sagittarius,"21°24'22.34""",0,0.1405,0.1405
2026-01-06 09:30:00,Aspect,Conjunction,Venus,Sagittarius,"21°24'22.34""",Mars,Sagittarius,"22°23'09.95""",0,0.9799,0.9799
2026-01-06 09:45:00,Aspect,Conjunction,Sun,Sagittarius,"21°33'26.43""",Venus,Sagittarius,"21°25'09.52""",0,0.138,0.138
2026-01-06 09:45:00,Aspect,Conjunction,Venus,Sagittarius,"21°25'09.52""",Mars,Sagittarius,"22°23'38.81""",0,0.9748,0.9748
2026-01-06 10:00:00,Aspect,Conjunction,Sun,Sagittarius,"21°34'04.64""",Venus,Sagittarius,"21°25'56.69""",0,0.1355,0.1355
2026-01-06 10:00:00,Aspect,Conjunction,Venus,Sagittarius,"21°25'56.69""",Mars,Sagittarius,"22°24'07.67""",0,0.9697,0.9697
2026-01-06 10:15:00,Aspect,Conjunction,Sun,Sagittarius,"21°34'42.84""",Venus,Sagittarius,"21°26'43.87""",0,0.133,0.133
2026-01-06 10:15:00,Aspect,Conjunction,Venus,Sagittarius,"21°26'43.87""",Mars,Sagittarius,"22°24'36.53""",0,0.9646,0.9646
2026-01-06 10:30:00,Aspect,Conjunction,Sun,Sagittarius,"21°35'21.05""",Venus,Sagittarius,"21°27'31.04""",0,0.1306,0.1306
2026-01-06 10:30:00,Aspect,Conjunction,Venus,Sagittarius,"21°27'31.04""",Mars,Sagittarius,"22°25'05.39""",0,0.9595,0.9595
2026-01-06 10:45:00,Aspect,Conjunction,Sun,Sagittarius,"21°35'59.25""",Venus,Sagittarius,"21°28'18.22""",0,0.1281,0.1281
2026-01-06 10:45:00,Aspect,Conjunction,Venus,Sagittarius,"21°28'18.22""",Mars,Sagittarius,"22°25'34.26""",0,0.9545,0.9545
2026-01-06 11:00:00,Aspect,Conjunction,Sun,Sagittarius,"21°36'37.46""",Venus,Sagittarius,"21°29'05.39""",0,0.1256,0.1256
2026-01-06 11:00:00,Aspect,Conjunction,Venus,Sagittarius,"21°29'05.39""",Mars,Sagittarius,"22°26'03.12""",0,0.9494,0.9494
2026-01-06 11:15:00,Aspect,Conjunction,Sun,Sagittarius,"21°37'15.66""",Venus,Sagittarius,"21°29'52.57""",0,0.1231,0.1231
2026-01-06 11:15:00,Aspect,Conjunction,Venus,Sagittarius,"21°29'52.57""",Mars,Sagittarius,"22°26'31.98""",0,0.9443,0.9443
2026-01-06 11:30:00,Aspect,Conjunction,Sun,Sagittarius,"21°37'53.87""",Venus,Sagittarius,"21°30'39.74""",0,0.1206,0.1206
2026-01-06 11:30:00,Aspect,Conjunction,Venus,Sagittarius,"21°30'39.74""",Mars,Sagittarius,"22°27'00.84""",0,0.9392,0.9392
2026-01-06 11:45:00,Aspect,Conjunction,Sun,Sagittarius,"21°38'32.07""",Venus,Sagittarius,"21°31'26.92""",0,0.1181,0.1181
2026-01-06 11:45:00,Aspect,Conjunction,Venus,Sagittarius,"21°31'26.92""",Mars,Sagittarius,"22°27'29.71""",0,0.9341,0.9341
2026-01-06 12:00:00,Aspect,Conjunction,Sun,Sagittarius,"21°39'10.28""",Venus,Sagittarius,"21°32'14.09""",0,0.1156,0.1156
2026-01-06 12:00:00,Aspect,Conjunction,Venus,Sagittarius,"21°32'14.09""",Mars,Sagittarius,"22°27'58.57""",0,0.929,0.929
2026-01-06 12:15:00,Aspect,Conjunction,Sun,Sagittarius,"21°39'48.48""",Venus,Sagittarius,"21°33'01.27""",0,0.1131,0.1131
2026-01-06 12:15:00,Aspect,Conjunction,Venus,Sagittarius,"21°33'01.27""",Mars,Sagittarius,"22°28'27.43""",0,0.9239,0.9239
2026-01-06 12:30:00,Aspect,Conjunction,Sun,Sagittarius,"21°40'26.69""",Venus,Sagittarius,"21°33'48.44""",0,0.1106,0.1106
2026-01-06 12:30:00,Aspect,Conjunction,Venus,Sagittarius,"21°33'48.44""",Mars,Sagittarius,"22°28'56.30""",0,0.9188,0.9188
2026-01-06 12:45:00,Aspect,Conjunction,Sun,Sagittarius,"21°41'04.89""",Venus,Sagittarius,"21°34'35.62""",0,0.1081,0.1081
2026-01-06 12:45:00,Aspect,Conjunction,Venus,Sagittarius,"21°34'35.62""",Mars,Sagittarius,"22°29'25.16""",0,0.9138,0.9138
2026-01-06 13:00:00,Aspect,Conjunction,Sun,Sagittarius,"21°41'43.10""",Venus,Sagittarius,"21°35'22.79""",0,0.1056,0.1056
2026-01-06 13:00:00,Aspect,Conjunction,Venus,Sagittarius,"21°35'22.79""",Mars,Sagittarius,"22°29'54.03""",0,0.9087,0.9087
2026-01-06 13:15:00,Aspect,Conjunction,Sun,Sagittarius,"21°42'21.30""",Venus,Sagittarius,"21°36'09.97""",0,0.1031,0.1031
2026-01-06 13:15:00,Aspect,Conjunction,Venus,Sagittarius,"21°36'09.97""",Mars,Sagittarius,"22°30'22.89""",0,0.9036,0.9036
2026-01-06 13:30:00,Aspect,Conjunction,Sun,Sagittarius,"21°42'59.51""",Venus,Sagittarius,"21°36'57.14""",0,0.1007,0.1007
2026-01-06 13:30:00,Aspect,Conjunction,Venus,Sagittarius,"21°36'57.14""",Mars,Sagittarius,"22°30'51.76""",0,0.8985,0.8985
2026-01-06 13:45:00,Aspect,Conjunction,Sun,Sagittarius,"21°43'37.71""",Venus,Sagittarius,"21°37'44.32""",0,0.0982,0.0982
2026-01-06 13:45:00,Aspect,Conjunction,Venus,Sagittarius,"21°37'44.32""",Mars,Sagittarius,"22°31'20.62""",0,0.8934,0.8934
2026-01-06 14:00:00,Aspect,Conjunction,Sun,Sagittarius,"21°44'15.92""",Venus,Sagittarius,"21°38'31.50""",0,0.0957,0.0957
2026-01-06 14:00:00,Aspect,Conjunction,Venus,Sagittarius,"21°38'31.50""",Mars,Sagittarius,"22°31'49.49""",0,0.8883,0.8883
2026-01-06 14:15:00,Aspect,Conjunction,Sun,Sagittarius,"21°44'54.12""",Venus,Sagittarius,"21°39'18.67""",0,0.0932,0.0932
2026-01-06 14:15:00,Aspect,Conjunction,Venus,Sagittarius,"21°39'18.67""",Mars,Sagittarius,"22°32'18.35""",0,0.8832,0.8832
2026-01-06 14:30:00,Aspect,Conjunction,Sun,Sagittarius,"21°45'32.33""",Venus,Sagittarius,"21°40'05.85""",0,0.0907,0.0907
2026-01-06 14:30:00,Aspect,Conjunction,Venus,Sagittarius,"21°40'05.85""",Mars,Sagittarius,"22°32'47.22""",0,0.8782,0.8782
2026-01-06 14:45:00,Aspect,Conjunction,Sun,Sagittarius,"21°46'10.53""",Venus,Sagittarius,"21°40'53.02""",0,0.0882,0.0882
2026-01-06 14:45:00,Aspect,Conjunction,Venus,Sagittarius,"21°40'53.02""",Mars,Sagittarius,"22°33'16.08""",0,0.8731,0.8731
2026-01-06 15:00:00,Aspect,Conjunction,Sun,Sagittarius,"21°46'48.74""",Venus,Sagittarius,"21°41'40.20""",0,0.0857,0.0857
2026-01-06 15:00:00,Aspect,Conjunction,Venus,Sagittarius,"21°41'40.20""",Mars,Sagittarius,"22°33'44.95""",0,0.868,0.868
2026-01-06 15:15:00,Aspect,Conjunction,Sun,Sagittarius,"21°47'26.94""",Venus,Sagittarius,"21°42'27.37""",0,0.0832,0.0832
2026-01-06 15:15:00,Aspect,Conjunction,Venus,Sagittarius,"21°42'27.37""",Mars,Sagittarius,"22°34'13.82""",0,0.8629,0.8629
2026-01-06 15:30:00,Aspect,Conjunction,Sun,Sagittarius,"21°48'05.15""",Venus,Sagittarius,"21°43'14.55""",0,0.0807,0.0807
2026-01-06 15:30:00,Aspect,Conjunction,Venus,Sagittarius,"21°43'14.55""",Mars,Sagittarius,"22°34'42.68""",0,0.8578,0.8578
2026-01-06 15:45:00,Aspect,Conjunction,Sun,Sagittarius,"21°48'43.35""",Venus,Sagittarius,"21°44'01.72""",0,0.0782,0.0782
2026-01-06 15:45:00,Aspect,Conjunction,Venus,Sagittarius,"21°44'01.72""",Mars,Sagittarius,"22°35'11.55""",0,0.8527,0.8527
2026-01-06 16:00:00,Aspect,Conjunction,Sun,Sagittarius,"21°49'21.56""",Venus,Sagittarius,"21°44'48.90""",0,0.0757,0.0757
2026-01-06 16:00:00,Aspect,Conjunction,Venus,Sagittarius,"21°44'48.90""",Mars,Sagittarius,"22°35'40.42""",0,0.8476,0.8476
2026-01-06 16:15:00,Aspect,Conjunction,Sun,Sagittarius,"21°49'59.76""",Venus,Sagittarius,"21°45'36.07""",0,0.0732,0.0732
2026-01-06 16:15:00,Aspect,Conjunction,Venus,Sagittarius,"21°45'36.07""",Mars,Sagittarius,"22°36'09.29""",0,0.8426,0.8426
2026-01-06 16:30:00,Aspect,Conjunction,Sun,Sagittarius,"21°50'37.97""",Venus,Sagittarius,"21°46'23.25""",0,0.0708,0.0708
2026-01-06 16:30:00,Aspect,Conjunction,Venus,Sagittarius,"21°46'23.25""",Mars,Sagittarius,"22°36'38.15""",0,0.8375,0.8375
2026-01-06 16:45:00,Aspect,Conjunction,Sun,Sagittarius,"21°51'16.18""",Venus,Sagittarius,"21°47'10.42""",0,0.0683,0.0683
2026-01-06 16:45:00,Aspect,Conjunction,Venus,Sagittarius,"21°47'10.42""",Mars,Sagittarius,"22°37'07.02""",0,0.8324,0.8324
2026-01-06 17:00:00,Aspect,Conjunction,Sun,Sagittarius,"21°51'54.38""",Venus,Sagittarius,"21°47'57.60""",0,0.0658,0.0658
2026-01-06 17:00:00,Aspect,Conjunction,Venus,Sagittarius,"21°47'57.60""",Mars,Sagittarius,"22°37'35.89""",0,0.8273,0.8273
2026-01-06 17:15:00,Aspect,Conjunction,Sun,Sagittarius,"21°52'32.59""",Venus,Sagittarius,"21°48'44.77""",0,0.0633,0.0633
2026-01-06 17:15:00,Aspect,Conjunction,Venus,Sagittarius,"21°48'44.77""",Mars,Sagittarius,"22°38'04.76""",0,0.8222,0.8222
2026-01-06 17:30:00,Aspect,Conjunction,Sun,Sagittarius,"21°53'10.79""",Venus,Sagittarius,"21°49'31.95""",0,0.0608,0.0608
2026-01-06 17:30:00,Aspect,Conjunction,Venus,Sagittarius,"21°49'31.95""",Mars,Sagittarius,"22°38'33.63""",0,0.8171,0.8171
2026-01-06 17:45:00,Aspect,Conjunction,Sun,Sagittarius,"21°53'49.00""",Venus,Sagittarius,"21°50'19.12""",0,0.0583,0.0583
2026-01-06 17:45:00,Aspect,Conjunction,Venus,Sagittarius,"21°50'19.12""",Mars,Sagittarius,"22°39'02.50""",0,0.812,0.812
2026-01-06 18:00:00,Aspect,Conjunction,Sun,Sagittarius,"21°54'27.20""",Venus,Sagittarius,"21°51'06.30""",0,0.0558,0.0558
2026-01-06 18:00:00,Aspect,Conjunction,Venus,Sagittarius,"21°51'06.30""",Mars,Sagittarius,"22°39'31.37""",0,0.807,0.807
2026-01-06 18:15:00,Aspect,Conjunction,Sun,Sagittarius,"21°55'05.41""",Venus,Sagittarius,"21°51'53.47""",0,0.0533,0.0533
2026-01-06 18:15:00,Aspect,Conjunction,Venus,Sagittarius,"21°51'53.47""",Mars,Sagittarius,"22°40'00.24""",0,0.8019,0.8019
2026-01-06 18:30:00,Aspect,Conjunction,Sun,Sagittarius,"21°55'43.61""",Venus,Sagittarius,"21°52'40.65""",0,0.0508,0.0508
2026-01-06 18:30:00,Aspect,Conjunction,Venus,Sagittarius,"21°52'40.65""",Mars,Sagittarius,"22°40'29.11""",0,0.7968,0.7968
2026-01-06 18:45:00,Aspect,Conjunction,Sun,Sagittarius,"21°56'21.82""",Venus,Sagittarius,"21°53'27.82""",0,0.0483,0.0483
2026-01-06 18:45:00,Aspect,Conjunction,Venus,Sagittarius,"21°53'27.82""",Mars,Sagittarius,"22°40'57.98""",0,0.7917,0.7917
2026-01-06 19:00:00,Aspect,Conjunction,Sun,Sagittarius,"21°57'00.02""",Venus,Sagittarius,"21°54'15.00""",0,0.0458,0.0458
2026-01-06 19:00:00,Aspect,Conjunction,Venus,Sagittarius,"21°54'15.00""",Mars,Sagittarius,"22°41'26.85""",0,0.7866,0.7866
2026-01-06 19:15:00,Aspect,Conjunction,Sun,Sagittarius,"21°57'38.23""",Venus,Sagittarius,"21°55'02.17""",0,0.0433,0.0433
2026-01-06 19:15:00,Aspect,Conjunction,Venus,Sagittarius,"21°55'02.17""",Mars,Sagittarius,"22°41'55.72""",0,0.7815,0.7815
2026-01-06 19:30:00,Aspect,Conjunction,Sun,Sagittarius,"21°58'16.43""",Venus,Sagittarius,"21°55'49.35""",0,0.0409,0.0409
2026-01-06 19:30:00,Aspect,Conjunction,Venus,Sagittarius,"21°55'49.35""",Mars,Sagittarius,"22°42'24.59""",0,0.7765,0.7765
2026-01-06 19:45:00,Aspect,Conjunction,Sun,Sagittarius,"21°58'54.64""",Venus,Sagittarius,"21°56'36.52""",0,0.0384,0.0384
2026-01-06 19:45:00,Aspect,Conjunction,Venus,Sagittarius,"21°56'36.52""",Mars,Sagittarius,"22°42'53.46""",0,0.7714,0.7714
2026-01-06 20:00:00,Aspect,Conjunction,Sun,Sagittarius,"21°59'32.85""",Venus,Sagittarius,"21°57'23.70""",0,0.0359,0.0359
2026-01-06 20:00:00,Aspect,Conjunction,Venus,Sagittarius,"21°57'23.70""",Mars,Sagittarius,"22°43'22.33""",0,0.7663,0.7663
2026-01-06 20:15:00,Aspect,Conjunction,Sun,Sagittarius,"22°00'11.05""",Venus,Sagittarius,"21°58'10.87""",0,0.0334,0.0334
2026-01-06 20:15:00,Aspect,Conjunction,Venus,Sagittarius,"21°58'10.87""",Mars,Sagittarius,"22°43'51.20""",0,0.7612,0.7612
2026-01-06 20:30:00,Aspect,Conjunction,Sun,Sagittarius,"22°00'49.26""",Venus,Sagittarius,"21°58'58.05""",0,0.0309,0.0309
2026-01-06 20:30:00,Aspect,Conjunction,Venus,Sagittarius,"21°58'58.05""",Mars,Sagittarius,"22°44'20.08""",0,0.7561,0.7561
2026-01-06 20:45:00,Aspect,Conjunction,Sun,Sagittarius,"22°01'27.46""",Venus,Sagittarius,"21°59'45.22""",0,0.0284,0.0284
2026-01-06 20:45:00,Aspect,Conjunction,Venus,Sagittarius,"21°59'45.22""",Mars,Sagittarius,"22°44'48.95""",0,0.751,0.751
2026-01-06 21:00:00,Aspect,Conjunction,Sun,Sagittarius,"22°02'05.67""",Venus,Sagittarius,"22°00'32.40""",0,0.0259,0.0259
2026-01-06 21:00:00,Aspect,Conjunction,Venus,Sagittarius,"22°00'32.40""",Mars,Sagittarius,"22°45'17.82""",0,0.746,0.746
2026-01-06 21:15:00,Aspect,Conjunction,Sun,Sagittarius,"22°02'43.87""",Venus,Sagittarius,"22°01'19.57""",0,0.0234,0.0234
2026-01-06 21:15:00,Aspect,Conjunction,Venus,Sagittarius,"22°01'19.57""",Mars,Sagittarius,"22°45'46.69""",0,0.7409,0.7409
2026-01-06 21:30:00,Aspect,Conjunction,Sun,Sagittarius,"22°03'22.08""",Venus,Sagittarius,"22°02'06.75""",0,0.0209,0.0209
2026-01-06 21:30:00,Aspect,Conjunction,Venus,Sagittarius,"22°02'06.75""",Mars,Sagittarius,"22°46'15.57""",0,0.7358,0.7358
2026-01-06 21:45:00,Aspect,Conjunction,Sun,Sagittarius,"22°04'00.28""",Venus,Sagittarius,"22°02'53.92""",0,0.0184,0.0184
2026-01-06 21:45:00,Aspect,Conjunction,Venus,Sagittarius,"22°02'53.92""",Mars,Sagittarius,"22°46'44.44""",0,0.7307,0.7307
2026-01-06 22:00:00,Aspect,Conjunction,Sun,Sagittarius,"22°04'38.49""",Venus,Sagittarius,"22°03'41.10""",0,0.0159,0.0159
2026-01-06 22:00:00,Aspect,Conjunction,Venus,Sagittarius,"22°03'41.10""",Mars,Sagittarius,"22°47'13.31""",0,0.7256,0.7256
2026-01-06 22:15:00,Aspect,Conjunction,Sun,Sagittarius,"22°05'16.69""",Venus,Sagittarius,"22°04'28.27""",0,0.0135,0.0135
2026-01-06 22:15:00,Aspect,Conjunction,Venus,Sagittarius,"22°04'28.27""",Mars,Sagittarius,"22°47'42.19""",0,0.7205,0.7205
2026-01-06 22:30:00,Aspect,Conjunction,Sun,Sagittarius,"22°05'54.90""",Venus,Sagittarius,"22°05'15.44""",0,0.011,0.011
2026-01-06 22:30:00,Aspect,Conjunction,Venus,Sagittarius,"22°05'15.44""",Mars,Sagittarius,"22°48'11.06""",0,0.7154,0.7154
2026-01-06 22:45:00,Aspect,Conjunction,Sun,Sagittarius,"22°06'33.11""",Venus,Sagittarius,"22°06'02.62""",0,0.0085,0.0085
2026-01-06 22:45:00,Aspect,Conjunction,Venus,Sagittarius,"22°06'02.62""",Mars,Sagittarius,"22°48'39.94""",0,0.7104,0.7104
2026-01-06 23:00:00,Aspect,Conjunction,Sun,Sagittarius,"22°07'11.31""",Venus,Sagittarius,"22°06'49.79""",0,0.006,0.006
2026-01-06 23:00:00,Aspect,Conjunction,Venus,Sagittarius,"22°06'49.79""",Mars,Sagittarius,"22°49'08.81""",0,0.7053,0.7053
2026-01-06 23:15:00,Aspect,Conjunction,Sun,Sagittarius,"22°07'49.52""",Venus,Sagittarius,"22°07'36.97""",0,0.0035,0.0035
2026-01-06 23:15:00,Aspect,Conjunction,Venus,Sagittarius,"22°07'36.97""",Mars,Sagittarius,"22°49'37.69""",0,0.7002,0.7002
2026-01-06 23:30:00,Aspect,Conjunction,Sun,Sagittarius,"22°08'27.72""",Venus,Sagittarius,"22°08'24.14""",0,0.001,0.001
2026-01-06 23:30:00,Aspect,Conjunction,Venus,Sagittarius,"22°08'24.14""",Mars,Sagittarius,"22°50'06.56""",0,0.6951,0.6951
2026-01-06 23:45:00,Aspect,Conjunction,Sun,Sagittarius,"22°09'05.93""",Venus,Sagittarius,"22°09'11.32""",0,0.0015,0.0015
2026-01-06 23:45:00,Aspect,Conjunction,Venus,Sagittarius,"22°09'11.32""",Mars,Sagittarius,"22°50'35.44""",0,0.69,0.69
2026-01-07 00:00:00,Aspect,Conjunction,Sun,Sagittarius,"22°09'44.13""",Venus,Sagittarius,"22°09'58.49""",0,0.004,0.004
2026-01-07 00:00:00,Aspect,Conjunction,Venus,Sagittarius,"22°09'58.49""",Mars,Sagittarius,"22°51'04.31""",0,0.6849,0.6849
2026-01-07 00:15:00,Aspect,Conjunction,Sun,Sagittarius,"22°10'22.34""",Venus,Sagittarius,"22°10'45.67""",0,0.0065,0.0065
2026-01-07 00:15:00,Aspect,Conjunction,Venus,Sagittarius,"22°10'45.67""",Mars,Sagittarius,"22°51'33.19""",0,0.6799,0.6799
2026-01-07 00:30:00,Aspect,Conjunction,Sun,Sagittarius,"22°11'00.55""",Venus,Sagittarius,"22°11'32.84""",0,0.009,0.009
2026-01-07 00:30:00,Aspect,Conjunction,Venus,Sagittarius,"22°11'32.84""",Mars,Sagittarius,"22°52'02.06""",0,0.6748,0.6748
2026-01-07 00:45:00,Aspect,Conjunction,Sun,Sagittarius,"22°11'38.75""",Venus,Sagittarius,"22°12'20.02""",0,0.0115,0.0115
2026-01-07 00:45:00,Aspect,Conjunction,Venus,Sagittarius,"22°12'20.02""",Mars,Sagittarius,"22°52'30.94""",0,0.6697,0.6697
2026-01-07 01:00:00,Aspect,Conjunction,Sun,Sagittarius,"22°12'16.96""",Venus,Sagittarius,"22°13'07.19""",0,0.014,0.014
2026-01-07 01:00:00,Aspect,Conjunction,Venus,Sagittarius,"22°13'07.19""",Mars,Sagittarius,"22°52'59.82""",0,0.6646,0.6646
2026-01-07 01:15:00,Aspect,Conjunction,Sun,Sagittarius,"22°12'55.16""",Venus,Sagittarius,"22°13'54.37""",0,0.0164,0.0164
2026-01-07 01:15:00,Aspect,Conjunction,Venus,Sagittarius,"22°13'54.37""",Mars,Sagittarius,"22°53'28.69""",0,0.6595,0.6595
2026-01-07 01:30:00,Aspect,Conjunction,Sun,Sagittarius,"22°13'33.37""",Venus,Sagittarius,"22°14'41.54""",0,0.0189,0.0189
2026-01-07 01:30:00,Aspect,Conjunction,Venus,Sagittarius,"22°14'41.54""",Mars,Sagittarius,"22°53'57.57""",0,0.6545,0.6545
2026-01-07 01:45:00,Aspect,Conjunction,Sun,Sagittarius,"22°14'11.57""",Venus,Sagittarius,"22°15'28.72""",0,0.0214,0.0214
2026-01-07 01:45:00,Aspect,Conjunction,Venus,Sagittarius,"22°15'28.72""",Mars,Sagittarius,"22°54'26.45""",0,0.6494,0.6494
2026-01-07 02:00:00,Aspect,Conjunction,Sun,Sagittarius,"22°14'49.78""",Venus,Sagittarius,"22°16'15.89""",0,0.0239,0.0239
2026-01-07 02:00:00,Aspect,Conjunction,Venus,Sagittarius,"22°16'15.89""",Mars,Sagittarius,"22°54'55.33""",0,0.6443,0.6443
2026-01-07 02:15:00,Aspect,Conjunction,Sun,Sagittarius,"22°15'27.99""",Venus,Sagittarius,"22°17'03.06""",0,0.0264,0.0264
2026-01-07 02:15:00,Aspect,Conjunction,Venus,Sagittarius,"22°17'03.06""",Mars,Sagittarius,"22°55'24.20""",0,0.6392,0.6392
2026-01-07 02:30:00,Aspect,Conjunction,Sun,Sagittarius,"22°16'06.19""",Venus,Sagittarius,"22°17'50.24""",0,0.0289,0.0289
2026-01-07 02:30:00,Aspect,Conjunction,Venus,Sagittarius,"22°17'50.24""",Mars,Sagittarius,"22°55'53.08""",0,0.6341,0.6341
2026-01-07 02:45:00,Aspect,Conjunction,Sun,Sagittarius,"22°16'44.40""",Venus,Sagittarius,"22°18'37.41""",0,0.0314,0.0314
2026-01-07 02:45:00,Aspect,Conjunction,Venus,Sagittarius,"22°18'37.41""",Mars,Sagittarius,"22°56'21.96""",0,0.629,0.629
2026-01-07 03:00:00,Aspect,Conjunction,Sun,Sagittarius,"22°17'22.60""",Venus,Sagittarius,"22°19'24.59""",0,0.0339,0.0339
2026-01-07 03:00:00,Aspect,Conjunction,Venus,Sagittarius,"22°19'24.59""",Mars,Sagittarius,"22°56'50.84""",0,0.624,0.624
2026-01-07 03:15:00,Aspect,Conjunction,Sun,Sagittarius,"22°18'00.81""",Venus,Sagittarius,"22°20'11.76""",0,0.0364,0.0364
2026-01-07 03:15:00,Aspect,Conjunction,Venus,Sagittarius,"22°20'11.76""",Mars,Sagittarius,"22°57'19.72""",0,0.6189,0.6189
2026-01-07 03:30:00,Aspect,Conjunction,Sun,Sagittarius,"22°18'39.01""",Venus,Sagittarius,"22°20'58.94""",0,0.0389,0.0389
2026-01-07 03:30:00,Aspect,Conjunction,Venus,Sagittarius,"22°20'58.94""",Mars,Sagittarius,"22°57'48.60""",0,0.6138,0.6138
2026-01-07 03:45:00,Aspect,Conjunction,Sun,Sagittarius,"22°19'17.22""",Venus,Sagittarius,"22°21'46.11""",0,0.0414,0.0414
2026-01-07 03:45:00,Aspect,Conjunction,Venus,Sagittarius,"22°21'46.11""",Mars,Sagittarius,"22°58'17.48""",0,0.6087,0.6087
2026-01-07 04:00:00,Aspect,Conjunction,Sun,Sagittarius,"22°19'55.43""",Venus,Sagittarius,"22°22'33.29""",0,0.0439,0.0439
2026-01-07 04:00:00,Aspect,Conjunction,Venus,Sagittarius,"22°22'33.29""",Mars,Sagittarius,"22°58'46.36""",0,0.6036,0.6036
2026-01-07 04:15:00,Aspect,Conjunction,Sun,Sagittarius,"22°20'33.63""",Venus,Sagittarius,"22°23'20.46""",0,0.0463,0.0463
2026-01-07 04:15:00,Aspect,Conjunction,Venus,Sagittarius,"22°23'20.46""",Mars,Sagittarius,"22°59'15.24""",0,0.5985,0.5985
2026-01-07 04:30:00,Aspect,Conjunction,Sun,Sagittarius,"22°21'11.84""",Venus,Sagittarius,"22°24'07.63""",0,0.0488,0.0488
2026-01-07 04:30:00,Aspect,Conjunction,Venus,Sagittarius,"22°24'07.63""",Mars,Sagittarius,"22°59'44.12""",0,0.5935,0.5935
2026-01-07 04:45:00,Aspect,Conjunction,Sun,Sagittarius,"22°21'50.04""",Venus,Sagittarius,"22°24'54.81""",0,0.0513,0.0513
2026-01-07 04:45:00,Aspect,Conjunction,Venus,Sagittarius,"22°24'54.81""",Mars,Sagittarius,"23°00'13.00""",0,0.5884,0.5884
2026-01-07 05:00:00,Aspect,Conjunction,Sun,Sagittarius,"22°22'28.25""",Venus,Sagittarius,"22°25'41.98""",0,0.0538,0.0538
2026-01-07 05:00:00,Aspect,Conjunction,Venus,Sagittarius,"22°25'41.98""",Mars,Sagittarius,"23°00'41.88""",0,0.5833,0.5833
2026-01-07 05:15:00,Aspect,Conjunction,Sun,Sagittarius,"22°23'06.45""",Venus,Sagittarius,"22°26'29.16""",0,0.0563,0.0563
2026-01-07 05:15:00,Aspect,Conjunction,Venus,Sagittarius,"22°26'29.16""",Mars,Sagittarius,"23°01'10.76""",0,0.5782,0.5782
2026-01-07 05:30:00,Aspect,Conjunction,Sun,Sagittarius,"22°23'44.66""",Venus,Sagittarius,"22°27'16.33""",0,0.0588,0.0588
2026-01-07 05:30:00,Aspect,Conjunction,Venus,Sagittarius,"22°27'16.33""",Mars,Sagittarius,"23°01'39.64""",0,0.5731,0.5731
2026-01-07 05:45:00,Aspect,Conjunction,Sun,Sagittarius,"22°24'22.87""",Venus,Sagittarius,"22°28'03.51""",0,0.0613,0.0613
2026-01-07 05:45:00,Aspect,Conjunction,Venus,Sagittarius,"22°28'03.51""",Mars,Sagittarius,"23°02'08.52""",0,0.5681,0.5681
2026-01-07 06:00:00,Aspect,Conjunction,Sun,Sagittarius,"22°25'01.07""",Venus,Sagittarius,"22°28'50.68""",0,0.0638,0.0638
2026-01-07 06:00:00,Aspect,Conjunction,Venus,Sagittarius,"22°28'50.68""",Mars,Sagittarius,"23°02'37.40""",0,0.563,0.563
2026-01-07 06:15:00,Aspect,Conjunction,Sun,Sagittarius,"22°25'39.28""",Venus,Sagittarius,"22°29'37.86""",0,0.0663,0.0663
2026-01-07 06:15:00,Aspect,Conjunction,Venus,Sagittarius,"22°29'37.86""",Mars,Sagittarius,"23°03'06.28""",0,0.5579,0.5579
2026-01-07 06:30:00,Aspect,Conjunction,Sun,Sagittarius,"22°26'17.48""",Venus,Sagittarius,"22°30'25.03""",0,0.0688,0.0688
2026-01-07 06:30:00,Aspect,Conjunction,Venus,Sagittarius,"22°30'25.03""",Mars,Sagittarius,"23°03'35.17""",0,0.5528,0.5528
2026-01-07 06:45:00,Aspect,Conjunction,Sun,Sagittarius,"22°26'55.69""",Venus,Sagittarius,"22°31'12.20""",0,0.0713,0.0713
2026-01-07 06:45:00,Aspect,Conjunction,Venus,Sagittarius,"22°31'12.20""",Mars,Sagittarius,"23°04'04.05""",0,0.5477,0.5477
2026-01-07 07:00:00,Aspect,Conjunction,Sun,Sagittarius,"22°27'33.90""",Venus,Sagittarius,"22°31'59.38""",0,0.0737,0.0737
2026-01-07 07:00:00,Aspect,Conjunction,Venus,Sagittarius,"22°31'59.38""",Mars,Sagittarius,"23°04'32.93""",0,0.5427,0.5427
2026-01-07 07:15:00,Aspect,Conjunction,Sun,Sagittarius,"22°28'12.10""",Venus,Sagittarius,"22°32'46.55""",0,0.0762,0.0762
2026-01-07 07:15:00,Aspect,Conjunction,Venus,Sagittarius,"22°32'46.55""",Mars,Sagittarius,"23°05'01.81""",0,0.5376,0.5376
2026-01-07 07:30:00,Aspect,Conjunction,Sun,Sagittarius,"22°28'50.31""",Venus,Sagittarius,"22°33'33.73""",0,0.0787,0.0787
2026-01-07 07:30:00,Aspect,Conjunction,Venus,Sagittarius,"22°33'33.73""",Mars,Sagittarius,"23°05'30.70""",0,0.5325,0.5325
2026-01-07 07:45:00,Aspect,Conjunction,Sun,Sagittarius,"22°29'28.51""",Venus,Sagittarius,"22°34'20.90""",0,0.0812,0.0812
2026-01-07 07:45:00,Aspect,Conjunction,Venus,Sagittarius,"22°34'20.90""",Mars,Sagittarius,"23°05'59.58""",0,0.5274,0.5274
2026-01-07 08:00:00,Aspect,Conjunction,Sun,Sagittarius,"22°30'06.72""",Venus,Sagittarius,"22°35'08.08""",0,0.0837,0.0837
2026-01-07 08:00:00,Aspect,Conjunction,Venus,Sagittarius,"22°35'08.08""",Mars,Sagittarius,"23°06'28.46""",0,0.5223,0.5223
2026-01-07 08:15:00,Aspect,Conjunction,Sun,Sagittarius,"22°30'44.93""",Venus,Sagittarius,"22°35'55.25""",0,0.0862,0.0862
2026-01-07 08:15:00,Aspect,Conjunction,Venus,Sagittarius,"22°35'55.25""",Mars,Sagittarius,"23°06'57.35""",0,0.5172,0.5172
2026-01-07 08:30:00,Aspect,Conjunction,Sun,Sagittarius,"22°31'23.13""",Venus,Sagittarius,"22°36'42.42""",0,0.0887,0.0887
2026-01-07 08:30:00,Aspect,Conjunction,Venus,Sagittarius,"22°36'42.42""",Mars,Sagittarius,"23°07'26.23""",0,0.5122,0.5122
2026-01-07 08:45:00,Aspect,Conjunction,Sun,Sagittarius,"22°32'01.34""",Venus,Sagittarius,"22°37'29.60""",0,0.0912,0.0912
2026-01-07 08:45:00,Aspect,Conjunction,Venus,Sagittarius,"22°37'29.60""",Mars,Sagittarius,"23°07'55.12""",0,0.5071,0.5071
2026-01-07 09:00:00,Aspect,Conjunction,Sun,Sagittarius,"22°32'39.54""",Venus,Sagittarius,"22°38'16.77""",0,0.0937,0.0937
2026-01-07 09:00:00,Aspect,Conjunction,Venus,Sagittarius,"22°38'16.77""",Mars,Sagittarius,"23°08'24.00""",0,0.502,0.502
2026-01-07 09:15:00,Aspect,Conjunction,Sun,Sagittarius,"22°33'17.75""",Venus,Sagittarius,"22°39'03.95""",0,0.0962,0.0962
2026-01-07 09:15:00,Aspect,Conjunction,Venus,Sagittarius,"22°39'03.95""",Mars,Sagittarius,"23°08'52.89""",0,0.4969,0.4969
2026-01-07 09:30:00,Aspect,Conjunction,Sun,Sagittarius,"22°33'55.96""",Venus,Sagittarius,"22°39'51.12""",0,0.0987,0.0987
2026-01-07 09:30:00,Aspect,Conjunction,Venus,Sagittarius,"22°39'51.12""",Mars,Sagittarius,"23°09'21.77""",0,0.4918,0.4918
2026-01-07 09:45:00,Aspect,Conjunction,Sun,Sagittarius,"22°34'34.16""",Venus,Sagittarius,"22°40'38.29""",0,0.1011,0.1011
2026-01-07 09:45:00,Aspect,Conjunction,Venus,Sagittarius,"22°40'38.29""",Mars,Sagittarius,"23°09'50.66""",0,0.4868,0.4868
2026-01-07 10:00:00,Aspect,Conjunction,Sun,Sagittarius,"22°35'12.37""",Venus,Sagittarius,"22°41'25.47""",0,0.1036,0.1036
2026-01-07 10:00:00,Aspect,Conjunction,Venus,Sagittarius,"22°41'25.47""",Mars,Sagittarius,"23°10'19.54""",0,0.4817,0.4817
2026-01-07 10:15:00,Aspect,Conjunction,Sun,Sagittarius,"22°35'50.57""",Venus,Sagittarius,"22°42'12.64""",0,0.1061,0.1061
2026-01-07 10:15:00,Aspect,Conjunction,Venus,Sagittarius,"22°42'12.64""",Mars,Sagittarius,"23°10'48.43""",0,0.4766,0.4766
2026-01-07 10:30:00,Aspect,Conjunction,Sun,Sagittarius,"22°36'28.78""",Venus,Sagittarius,"22°42'59.82""",0,0.1086,0.1086
2026-01-07 10:30:00,Aspect,Conjunction,Venus,Sagittarius,"22°42'59.82""",Mars,Sagittarius,"23°11'17.32""",0,0.4715,0.4715
2026-01-07 10:45:00,Aspect,Conjunction,Sun,Sagittarius,"22°37'06.99""",Venus,Sagittarius,"22°43'46.99""",0,0.1111,0.1111
2026-01-07 10:45:00,Aspect,Conjunction,Venus,Sagittarius,"22°43'46.99""",Mars,Sagittarius,"23°11'46.20""",0,0.4664,0.4664
2026-01-07 11:00:00,Aspect,Conjunction,Sun,Sagittarius,"22°37'45.19""",Venus,Sagittarius,"22°44'34.16""",0,0.1136,0.1136
2026-01-07 11:00:00,Aspect,Conjunction,Venus,Sagittarius,"22°44'34.16""",Mars,Sagittarius,"23°12'15.09""",0,0.4614,0.4614
2026-01-07 11:15:00,Aspect,Conjunction,Sun,Sagittarius,"22°38'23.40""",Venus,Sagittarius,"22°45'21.34""",0,0.1161,0.1161
2026-01-07 11:15:00,Aspect,Conjunction,Venus,Sagittarius,"22°45'21.34""",Mars,Sagittarius,"23°12'43.98""",0,0.4563,0.4563
2026-01-07 11:30:00,Aspect,Conjunction,Sun,Sagittarius,"22°39'01.61""",Venus,Sagittarius,"22°46'08.51""",0,0.1186,0.1186
2026-01-07 11:30:00,Aspect,Conjunction,Venus,Sagittarius,"22°46'08.51""",Mars,Sagittarius,"23°13'12.86""",0,0.4512,0.4512
2026-01-07 11:45:00,Aspect,Conjunction,Sun,Sagittarius,"22°39'39.81""",Venus,Sagittarius,"22°46'55.69""",0,0.1211,0.1211
2026-01-07 11:45:00,Aspect,Conjunction,Venus,Sagittarius,"22°46'55.69""",Mars,Sagittarius,"23°13'41.75""",0,0.4461,0.4461
2026-01-07 12:00:00,Aspect,Conjunction,Sun,Sagittarius,"22°40'18.02""",Venus,Sagittarius,"22°47'42.86""",0,0.1236,0.1236
2026-01-07 12:00:00,Aspect,Conjunction,Venus,Sagittarius,"22°47'42.86""",Mars,Sagittarius,"23°14'10.64""",0,0.441,0.441
2026-01-07 12:15:00,Aspect,Conjunction,Sun,Sagittarius,"22°40'56.22""",Venus,Sagittarius,"22°48'30.03""",0,0.1261,0.1261
2026-01-07 12:15:00,Aspect,Conjunction,Venus,Sagittarius,"22°48'30.03""",Mars,Sagittarius,"23°14'39.53""",0,0.436,0.436
2026-01-07 12:30:00,Aspect,Conjunction,Sun,Sagittarius,"22°41'34.43""",Venus,Sagittarius,"22°49'17.21""",0,0.1285,0.1285
2026-01-07 12:30:00,Aspect,Conjunction,Venus,Sagittarius,"22°49'17.21""",Mars,Sagittarius,"23°15'08.41""",0,0.4309,0.4309
2026-01-07 12:45:00,Aspect,Conjunction,Sun,Sagittarius,"22°42'12.64""",Venus,Sagittarius,"22°50'04.38""",0,0.131,0.131
2026-01-07 12:45:00,Aspect,Conjunction,Venus,Sagittarius,"22°50'04.38""",Mars,Sagittarius,"23°15'37.30""",0,0.4258,0.4258
2026-01-07 13:00:00,Aspect,Conjunction,Sun,Sagittarius,"22°42'50.84""",Venus,Sagittarius,"22°50'51.56""",0,0.1335,0.1335
2026-01-07 13:00:00,Aspect,Conjunction,Venus,Sagittarius,"22°50'51.56""",Mars,Sagittarius,"23°16'06.19""",0,0.4207,0.4207
2026-01-07 13:15:00,Aspect,Conjunction,Sun,Sagittarius,"22°43'29.05""",Venus,Sagittarius,"22°51'38.73""",0,0.136,0.136
2026-01-07 13:15:00,Aspect,Conjunction,Venus,Sagittarius,"22°51'38.73""",Mars,Sagittarius,"23°16'35.08""",0,0.4157,0.4157
2026-01-07 13:30:00,Aspect,Conjunction,Sun,Sagittarius,"22°44'07.25""",Venus,Sagittarius,"22°52'25.90""",0,0.1385,0.1385
2026-01-07 13:30:00,Aspect,Conjunction,Venus,Sagittarius,"22°52'25.90""",Mars,Sagittarius,"23°17'03.97""",0,0.4106,0.4106
2026-01-07 13:45:00,Aspect,Conjunction,Sun,Sagittarius,"22°44'45.46""",Venus,Sagittarius,"22°53'13.08""",0,0.141,0.141
2026-01-07 13:45:00,Aspect,Conjunction,Venus,Sagittarius,"22°53'13.08""",Mars,Sagittarius,"23°17'32.86""",0,0.4055,0.4055
2026-01-07 14:00:00,Aspect,Conjunction,Sun,Sagittarius,"22°45'23.67""",Venus,Sagittarius,"22°54'00.25""",0,0.1435,0.1435
2026-01-07 14:00:00,Aspect,Conjunction,Venus,Sagittarius,"22°54'00.25""",Mars,Sagittarius,"23°18'01.75""",0,0.4004,0.4004
2026-01-07 14:15:00,Aspect,Conjunction,Sun,Sagittarius,"22°46'01.87""",Venus,Sagittarius,"22°54'47.42""",0,0.146,0.146
2026-01-07 14:15:00,Aspect,Conjunction,Venus,Sagittarius,"22°54'47.42""",Mars,Sagittarius,"23°18'30.64""",0,0.3953,0.3953
2026-01-07 14:30:00,Aspect,Conjunction,Sun,Sagittarius,"22°46'40.08""",Venus,Sagittarius,"22°55'34.60""",0,0.1485,0.1485
2026-01-07 14:30:00,Aspect,Conjunction,Venus,Sagittarius,"22°55'34.60""",Mars,Sagittarius,"23°18'59.53""",0,0.3903,0.3903
2026-01-07 14:45:00,Aspect,Conjunction,Sun,Sagittarius,"22°47'18.29""",Venus,Sagittarius,"22°56'21.77""",0,0.151,0.151
2026-01-07 14:45:00,Aspect,Conjunction,Venus,Sagittarius,"22°56'21.77""",Mars,Sagittarius,"23°19'28.42""",0,0.3852,0.3852
2026-01-07 15:00:00,Aspect,Conjunction,Sun,Sagittarius,"22°47'56.49""",Venus,Sagittarius,"22°57'08.95""",0,0.1535,0.1535
2026-01-07 15:00:00,Aspect,Conjunction,Venus,Sagittarius,"22°57'08.95""",Mars,Sagittarius,"23°19'57.31""",0,0.3801,0.3801
2026-01-07 15:15:00,Aspect,Conjunction,Sun,Sagittarius,"22°48'34.70""",Venus,Sagittarius,"22°57'56.12""",0,0.156,0.156
2026-01-07 15:15:00,Aspect,Conjunction,Venus,Sagittarius,"22°57'56.12""",Mars,Sagittarius,"23°20'26.20""",0,0.375,0.375
2026-01-07 15:30:00,Aspect,Conjunction,Sun,Sagittarius,"22°49'12.91""",Venus,Sagittarius,"22°58'43.29""",0,0.1584,0.1584
2026-01-07 15:30:00,Aspect,Conjunction,Venus,Sagittarius,"22°58'43.29""",Mars,Sagittarius,"23°20'55.09""",0,0.3699,0.3699
2026-01-07 15:45:00,Aspect,Conjunction,Sun,Sagittarius,"22°49'51.11""",Venus,Sagittarius,"22°59'30.47""",0,0.1609,0.1609
2026-01-07 15:45:00,Aspect,Conjunction,Venus,Sagittarius,"22°59'30.47""",Mars,Sagittarius,"23°21'23.98""",0,0.3649,0.3649
2026-01-07 16:00:00,Aspect,Conjunction,Sun,Sagittarius,"22°50'29.32""",Venus,Sagittarius,"23°00'17.64""",0,0.1634,0.1634
2026-01-07 16:00:00,Aspect,Conjunction,Venus,Sagittarius,"23°00'17.64""",Mars,Sagittarius,"23°21'52.88""",0,0.3598,0.3598
2026-01-07 16:15:00,Aspect,Conjunction,Sun,Sagittarius,"22°51'07.52""",Venus,Sagittarius,"23°01'04.81""",0,0.1659,0.1659
2026-01-07 16:15:00,Aspect,Conjunction,Venus,Sagittarius,"23°01'04.81""",Mars,Sagittarius,"23°22'21.77""",0,0.3547,0.3547
2026-01-07 16:30:00,Aspect,Conjunction,Sun,Sagittarius,"22°51'45.73""",Venus,Sagittarius,"23°01'51.99""",0,0.1684,0.1684
2026-01-07 16:30:00,Aspect,Conjunction,Venus,Sagittarius,"23°01'51.99""",Mars,Sagittarius,"23°22'50.66""",0,0.3496,0.3496
2026-01-07 16:45:00,Aspect,Conjunction,Sun,Sagittarius,"22°52'23.94""",Venus,Sagittarius,"23°02'39.16""",0,0.1709,0.1709
2026-01-07 16:45:00,Aspect,Conjunction,Venus,Sagittarius,"23°02'39.16""",Mars,Sagittarius,"23°23'19.55""",0,0.3446,0.3446
2026-01-07 17:00:00,Aspect,Conjunction,Sun,Sagittarius,"22°53'02.14""",Venus,Sagittarius,"23°03'26.34""",0,0.1734,0.1734
2026-01-07 17:00:00,Aspect,Conjunction,Venus,Sagittarius,"23°03'26.34""",Mars,Sagittarius,"23°23'48.44""",0,0.3395,0.3395
2026-01-07 17:15:00,Aspect,Conjunction,Sun,Sagittarius,"22°53'40.35""",Venus,Sagittarius,"23°04'13.51""",0,0.1759,0.1759
2026-01-07 17:15:00,Aspect,Conjunction,Venus,Sagittarius,"23°04'13.51""",Mars,Sagittarius,"23°24'17.34""",0,0.3344,0.3344
2026-01-07 17:30:00,Aspect,Conjunction,Sun,Sagittarius,"22°54'18.56""",Venus,Sagittarius,"23°05'00.68""",0,0.1784,0.1784
2026-01-07 17:30:00,Aspect,Conjunction,Venus,Sagittarius,"23°05'00.68""",Mars,Sagittarius,"23°24'46.23""",0,0.3293,0.3293
2026-01-07 17:45:00,Aspect,Conjunction,Sun,Sagittarius,"22°54'56.76""",Venus,Sagittarius,"23°05'47.86""",0,0.1809,0.1809
2026-01-07 17:45:00,Aspect,Conjunction,Venus,Sagittarius,"23°05'47.86""",Mars,Sagittarius,"23°25'15.12""",0,0.3242,0.3242
2026-01-07 18:00:00,Aspect,Conjunction,Sun,Sagittarius,"22°55'34.97""",Venus,Sagittarius,"23°06'35.03""",0,0.1834,0.1834
2026-01-07 18:00:00,Aspect,Conjunction,Venus,Sagittarius,"23°06'35.03""",Mars,Sagittarius,"23°25'44.02""",0,0.3192,0.3192
2026-01-07 18:15:00,Aspect,Conjunction,Sun,Sagittarius,"22°56'13.18""",Venus,Sagittarius,"23°07'22.20""",0,0.1858,0.1858
2026-01-07 18:15:00,Aspect,Conjunction,Venus,Sagittarius,"23°07'22.20""",Mars,Sagittarius,"23°26'12.91""",0,0.3141,0.3141
2026-01-07 18:30:00,Aspect,Conjunction,Sun,Sagittarius,"22°56'51.38""",Venus,Sagittarius,"23°08'09.38""",0,0.1883,0.1883
2026-01-07 18:30:00,Aspect,Conjunction,Venus,Sagittarius,"23°08'09.38""",Mars,Sagittarius,"23°26'41.81""",0,0.309,0.309
2026-01-07 18:45:00,Aspect,Conjunction,Sun,Sagittarius,"22°57'29.59""",Venus,Sagittarius,"23°08'56.55""",0,0.1908,0.1908
2026-01-07 18:45:00,Aspect,Conjunction,Venus,Sagittarius,"23°08'56.55""",Mars,Sagittarius,"23°27'10.70""",0,0.3039,0.3039
2026-01-07 19:00:00,Aspect,Conjunction,Sun,Sagittarius,"22°58'07.80""",Venus,Sagittarius,"23°09'43.72""",0,0.1933,0.1933
2026-01-07 19:00:00,Aspect,Conjunction,Venus,Sagittarius,"23°09'43.72""",Mars,Sagittarius,"23°27'39.60""",0,0.2989,0.2989
2026-01-07 19:15:00,Aspect,Conjunction,Sun,Sagittarius,"22°58'46.00""",Venus,Sagittarius,"23°10'30.90""",0,0.1958,0.1958
2026-01-07 19:15:00,Aspect,Conjunction,Venus,Sagittarius,"23°10'30.90""",Mars,Sagittarius,"23°28'08.49""",0,0.2938,0.2938
2026-01-07 19:30:00,Aspect,Conjunction,Sun,Sagittarius,"22°59'24.21""",Venus,Sagittarius,"23°11'18.07""",0,0.1983,0.1983
2026-01-07 19:30:00,Aspect,Conjunction,Venus,Sagittarius,"23°11'18.07""",Mars,Sagittarius,"23°28'37.39""",0,0.2887,0.2887
2026-01-07 19:45:00,Aspect,Conjunction,Sun,Sagittarius,"23°00'02.41""",Venus,Sagittarius,"23°12'05.24""",0,0.2008,0.2008
2026-01-07 19:45:00,Aspect,Conjunction,Venus,Sagittarius,"23°12'05.24""",Mars,Sagittarius,"23°29'06.28""",0,0.2836,0.2836
2026-01-07 20:00:00,Aspect,Conjunction,Sun,Sagittarius,"23°00'40.62""",Venus,Sagittarius,"23°12'52.42""",0,0.2033,0.2033
2026-01-07 20:00:00,Aspect,Conjunction,Venus,Sagittarius,"23°12'52.42""",Mars,Sagittarius,"23°29'35.18""",0,0.2785,0.2785
2026-01-07 20:15:00,Aspect,Conjunction,Sun,Sagittarius,"23°01'18.83""",Venus,Sagittarius,"23°13'39.59""",0,0.2058,0.2058
2026-01-07 20:15:00,Aspect,Conjunction,Venus,Sagittarius,"23°13'39.59""",Mars,Sagittarius,"23°30'04.07""",0,0.2735,0.2735
2026-01-07 20:30:00,Aspect,Conjunction,Sun,Sagittarius,"23°01'57.03""",Venus,Sagittarius,"23°14'26.76""",0,0.2083,0.2083
2026-01-07 20:30:00,Aspect,Conjunction,Venus,Sagittarius,"23°14'26.76""",Mars,Sagittarius,"23°30'32.97""",0,0.2684,0.2684
2026-01-07 20:45:00,Aspect,Conjunction,Sun,Sagittarius,"23°02'35.24""",Venus,Sagittarius,"23°15'13.94""",0,0.2107,0.2107
2026-01-07 20:45:00,Aspect,Conjunction,Venus,Sagittarius,"23°15'13.94""",Mars,Sagittarius,"23°31'01.87""",0,0.2633,0.2633
2026-01-07 21:00:00,Aspect,Conjunction,Sun,Sagittarius,"23°03'13.45""",Venus,Sagittarius,"23°16'01.11""",0,0.2132,0.2132
2026-01-07 21:00:00,Aspect,Conjunction,Venus,Sagittarius,"23°16'01.11""",Mars,Sagittarius,"23°31'30.76""",0,0.2582,0.2582
2026-01-07 21:15:00,Aspect,Conjunction,Sun,Sagittarius,"23°03'51.65""",Venus,Sagittarius,"23°16'48.28""",0,0.2157,0.2157
2026-01-07 21:15:00,Aspect,Conjunction,Venus,Sagittarius,"23°16'48.28""",Mars,Sagittarius,"23°31'59.66""",0,0.2532,0.2532
2026-01-07 21:30:00,Aspect,Conjunction,Sun,Sagittarius,"23°04'29.86""",Venus,Sagittarius,"23°17'35.46""",0,0.2182,0.2182
2026-01-07 21:30:00,Aspect,Conjunction,Venus,Sagittarius,"23°17'35.46""",Mars,Sagittarius,"23°32'28.56""",0,0.2481,0.2481
2026-01-07 21:45:00,Aspect,Conjunction,Sun,Sagittarius,"23°05'08.07""",Venus,Sagittarius,"23°18'22.63""",0,0.2207,0.2207
2026-01-07 21:45:00,Aspect,Conjunction,Venus,Sagittarius,"23°18'22.63""",Mars,Sagittarius,"23°32'57.45""",0,0.243,0.243
2026-01-07 22:00:00,Aspect,Conjunction,Sun,Sagittarius,"23°05'46.27""",Venus,Sagittarius,"23°19'09.80""",0,0.2232,0.2232
2026-01-07 22:00:00,Aspect,Conjunction,Venus,Sagittarius,"23°19'09.80""",Mars,Sagittarius,"23°33'26.35""",0,0.2379,0.2379
2026-01-07 22:15:00,Aspect,Conjunction,Sun,Sagittarius,"23°06'24.48""",Venus,Sagittarius,"23°19'56.98""",0,0.2257,0.2257
2026-01-07 22:15:00,Aspect,Conjunction,Venus,Sagittarius,"23°19'56.98""",Mars,Sagittarius,"23°33'55.25""",0,0.2329,0.2329
2026-01-07 22:30:00,Aspect,Conjunction,Sun,Sagittarius,"23°07'02.69""",Venus,Sagittarius,"23°20'44.15""",0,0.2282,0.2282
2026-01-07 22:30:00,Aspect,Conjunction,Venus,Sagittarius,"23°20'44.15""",Mars,Sagittarius,"23°34'24.15""",0,0.2278,0.2278
2026-01-07 22:45:00,Aspect,Conjunction,Sun,Sagittarius,"23°07'40.89""",Venus,Sagittarius,"23°21'31.32""",0,0.2307,0.2307
2026-01-07 22:45:00,Aspect,Conjunction,Venus,Sagittarius,"23°21'31.32""",Mars,Sagittarius,"23°34'53.05""",0,0.2227,0.2227
2026-01-07 23:00:00,Aspect,Conjunction,Sun,Sagittarius,"23°08'19.10""",Venus,Sagittarius,"23°22'18.50""",0,0.2332,0.2332
2026-01-07 23:00:00,Aspect,Conjunction,Venus,Sagittarius,"23°22'18.50""",Mars,Sagittarius,"23°35'21.95""",0,0.2176,0.2176
2026-01-07 23:15:00,Aspect,Conjunction,Sun,Sagittarius,"23°08'57.31""",Venus,Sagittarius,"23°23'05.67""",0,0.2357,0.2357
2026-01-07 23:15:00,Aspect,Conjunction,Venus,Sagittarius,"23°23'05.67""",Mars,Sagittarius,"23°35'50.84""",0,0.2125,0.2125
2026-01-07 23:30:00,Aspect,Conjunction,Sun,Sagittarius,"23°09'35.51""",Venus,Sagittarius,"23°23'52.84""",0,0.2381,0.2381
2026-01-07 23:30:00,Aspect,Conjunction,Venus,Sagittarius,"23°23'52.84""",Mars,Sagittarius,"23°36'19.74""",0,0.2075,0.2075
2026-01-07 23:45:00,Aspect,Conjunction,Sun,Sagittarius,"23°10'13.72""",Venus,Sagittarius,"23°24'40.02""",0,0.2406,0.2406
2026-01-07 23:45:00,Aspect,Conjunction,Venus,Sagittarius,"23°24'40.02""",Mars,Sagittarius,"23°36'48.64""",0,0.2024,0.2024
2026-01-08 00:00:00,Aspect,Conjunction,Sun,Sagittarius,"23°10'51.93""",Venus,Sagittarius,"23°25'27.19""",0,0.2431,0.2431
2026-01-08 00:00:00,Aspect,Conjunction,Venus,Sagittarius,"23°25'27.19""",Mars,Sagittarius,"23°37'17.54""",0,0.1973,0.1973
2026-01-08 00:15:00,Aspect,Conjunction,Sun,Sagittarius,"23°11'30.13""",Venus,Sagittarius,"23°26'14.36""",0,0.2456,0.2456
2026-01-08 00:15:00,Aspect,Conjunction,Venus,Sagittarius,"23°26'14.36""",Mars,Sagittarius,"23°37'46.44""",0,0.1922,0.1922
2026-01-08 00:30:00,Aspect,Conjunction,Sun,Sagittarius,"23°12'08.34""",Venus,Sagittarius,"23°27'01.54""",0,0.2481,0.2481
2026-01-08 00:30:00,Aspect,Conjunction,Venus,Sagittarius,"23°27'01.54""",Mars,Sagittarius,"23°38'15.34""",0,0.1872,0.1872
2026-01-08 00:45:00,Aspect,Conjunction,Sun,Sagittarius,"23°12'46.55""",Venus,Sagittarius,"23°27'48.71""",0,0.2506,0.2506
2026-01-08 00:45:00,Aspect,Conjunction,Venus,Sagittarius,"23°27'48.71""",Mars,Sagittarius,"23°38'44.24""",0,0.1821,0.1821
2026-01-08 01:00:00,Aspect,Conjunction,Sun,Sagittarius,"23°13'24.75""",Venus,Sagittarius,"23°28'35.88""",0,0.2531,0.2531
2026-01-08 01:00:00,Aspect,Conjunction,Venus,Sagittarius,"23°28'35.88""",Mars,Sagittarius,"23°39'13.14""",0,0.177,0.177
2026-01-08 01:15:00,Aspect,Conjunction,Sun,Sagittarius,"23°14'02.96""",Venus,Sagittarius,"23°29'23.06""",0,0.2556,0.2556
2026-01-08 01:15:00,Aspect,Conjunction,Venus,Sagittarius,"23°29'23.06""",Mars,Sagittarius,"23°39'42.05""",0,0.1719,0.1719
2026-01-08 01:30:00,Aspect,Conjunction,Sun,Sagittarius,"23°14'41.17""",Venus,Sagittarius,"23°30'10.23""",0,0.2581,0.2581
2026-01-08 01:30:00,Aspect,Conjunction,Venus,Sagittarius,"23°30'10.23""",Mars,Sagittarius,"23°40'10.95""",0,0.1669,0.1669
2026-01-08 01:45:00,Aspect,Conjunction,Sun,Sagittarius,"23°15'19.37""",Venus,Sagittarius,"23°30'57.40""",0,0.2606,0.2606
2026-01-08 01:45:00,Aspect,Conjunction,Venus,Sagittarius,"23°30'57.40""",Mars,Sagittarius,"23°40'39.85""",0,0.1618,0.1618
2026-01-08 02:00:00,Aspect,Conjunction,Sun,Sagittarius,"23°15'57.58""",Venus,Sagittarius,"23°31'44.57""",0,0.2631,0.2631
2026-01-08 02:00:00,Aspect,Conjunction,Venus,Sagittarius,"23°31'44.57""",Mars,Sagittarius,"23°41'08.75""",0,0.1567,0.1567
2026-01-08 02:15:00,Aspect,Conjunction,Sun,Sagittarius,"23°16'35.79""",Venus,Sagittarius,"23°32'31.75""",0,0.2655,0.2655
2026-01-08 02:15:00,Aspect,Conjunction,Venus,Sagittarius,"23°32'31.75""",Mars,Sagittarius,"23°41'37.65""",0,0.1516,0.1516
2026-01-08 02:30:00,Aspect,Conjunction,Sun,Sagittarius,"23°17'13.99""",Venus,Sagittarius,"23°33'18.92""",0,0.268,0.268
2026-01-08 02:30:00,Aspect,Conjunction,Venus,Sagittarius,"23°33'18.92""",Mars,Sagittarius,"23°42'06.55""",0,0.1466,0.1466
2026-01-08 02:45:00,Aspect,Conjunction,Sun,Sagittarius,"23°17'52.20""",Venus,Sagittarius,"23°34'06.09""",0,0.2705,0.2705
2026-01-08 02:45:00,Aspect,Conjunction,Venus,Sagittarius,"23°34'06.09""",Mars,Sagittarius,"23°42'35.46""",0,0.1415,0.1415
2026-01-08 03:00:00,Aspect,Conjunction,Sun,Sagittarius,"23°18'30.41""",Venus,Sagittarius,"23°34'53.27""",0,0.273,0.273
2026-01-08 03:00:00,Aspect,Conjunction,Venus,Sagittarius,"23°34'53.27""",Mars,Sagittarius,"23°43'04.36""",0,0.1364,0.1364
2026-01-08 03:15:00,Aspect,Conjunction,Sun,Sagittarius,"23°19'08.62""",Venus,Sagittarius,"23°35'40.44""",0,0.2755,0.2755
2026-01-08 03:15:00,Aspect,Conjunction,Venus,Sagittarius,"23°35'40.44""",Mars,Sagittarius,"23°43'33.26""",0,0.1313,0.1313
2026-01-08 03:30:00,Aspect,Conjunction,Sun,Sagittarius,"23°19'46.82""",Venus,Sagittarius,"23°36'27.61""",0,0.278,0.278
2026-01-08 03:30:00,Aspect,Conjunction,Venus,Sagittarius,"23°36'27.61""",Mars,Sagittarius,"23°44'02.17""",0,0.1263,0.1263
2026-01-08 03:45:00,Aspect,Conjunction,Sun,Sagittarius,"23°20'25.03""",Venus,Sagittarius,"23°37'14.79""",0,0.2805,0.2805
2026-01-08 03:45:00,Aspect,Conjunction,Venus,Sagittarius,"23°37'14.79""",Mars,Sagittarius,"23°44'31.07""",0,0.1212,0.1212
2026-01-08 04:00:00,Aspect,Conjunction,Sun,Sagittarius,"23°21'03.24""",Venus,Sagittarius,"23°38'01.96""",0,0.283,0.283
2026-01-08 04:00:00,Aspect,Conjunction,Venus,Sagittarius,"23°38'01.96""",Mars,Sagittarius,"23°44'59.97""",0,0.1161,0.1161
2026-01-08 04:15:00,Aspect,Conjunction,Sun,Sagittarius,"23°21'41.44""",Venus,Sagittarius,"23°38'49.13""",0,0.2855,0.2855
2026-01-08 04:15:00,Aspect,Conjunction,Venus,Sagittarius,"23°38'49.13""",Mars,Sagittarius,"23°45'28.88""",0,0.111,0.111
2026-01-08 04:30:00,Aspect,Conjunction,Sun,Sagittarius,"23°22'19.65""",Venus,Sagittarius,"23°39'36.30""",0,0.288,0.288
2026-01-08 04:30:00,Aspect,Conjunction,Venus,Sagittarius,"23°39'36.30""",Mars,Sagittarius,"23°45'57.78""",0,0.106,0.106
2026-01-08 04:45:00,Aspect,Conjunction,Sun,Sagittarius,"23°22'57.86""",Venus,Sagittarius,"23°40'23.48""",0,0.2905,0.2905
2026-01-08 04:45:00,Aspect,Conjunction,Venus,Sagittarius,"23°40'23.48""",Mars,Sagittarius,"23°46'26.69""",0,0.1009,0.1009
2026-01-08 05:00:00,Aspect,Conjunction,Sun,Sagittarius,"23°23'36.06""",Venus,Sagittarius,"23°41'10.65""",0,0.2929,0.2929
2026-01-08 05:00:00,Aspect,Conjunction,Venus,Sagittarius,"23°41'10.65""",Mars,Sagittarius,"23°46'55.59""",0,0.0958,0.0958
2026-01-08 05:15:00,Aspect,Conjunction,Sun,Sagittarius,"23°24'14.27""",Venus,Sagittarius,"23°41'57.82""",0,0.2954,0.2954
2026-01-08 05:15:00,Aspect,Conjunction,Venus,Sagittarius,"23°41'57.82""",Mars,Sagittarius,"23°47'24.50""",0,0.0907,0.0907
2026-01-08 05:30:00,Aspect,Conjunction,Sun,Sagittarius,"23°24'52.48""",Venus,Sagittarius,"23°42'45.00""",0,0.2979,0.2979
2026-01-08 05:30:00,Aspect,Conjunction,Venus,Sagittarius,"23°42'45.00""",Mars,Sagittarius,"23°47'53.40""",0,0.0857,0.0857
2026-01-08 05:45:00,Aspect,Conjunction,Sun,Sagittarius,"23°25'30.68""",Venus,Sagittarius,"23°43'32.17""",0,0.3004,0.3004
2026-01-08 05:45:00,Aspect,Conjunction,Venus,Sagittarius,"23°43'32.17""",Mars,Sagittarius,"23°48'22.31""",0,0.0806,0.0806
2026-01-08 06:00:00,Aspect,Conjunction,Sun,Sagittarius,"23°26'08.89""",Venus,Sagittarius,"23°44'19.34""",0,0.3029,0.3029
2026-01-08 06:00:00,Aspect,Conjunction,Venus,Sagittarius,"23°44'19.34""",Mars,Sagittarius,"23°48'51.21""",0,0.0755,0.0755
2026-01-08 06:15:00,Aspect,Conjunction,Sun,Sagittarius,"23°26'47.10""",Venus,Sagittarius,"23°45'06.51""",0,0.3054,0.3054
2026-01-08 06:15:00,Aspect,Conjunction,Venus,Sagittarius,"23°45'06.51""",Mars,Sagittarius,"23°49'20.12""",0,0.0704,0.0704
2026-01-08 06:30:00,Aspect,Conjunction,Sun,Sagittarius,"23°27'25.31""",Venus,Sagittarius,"23°45'53.69""",0,0.3079,0.3079
2026-01-08 06:30:00,Aspect,Conjunction,Venus,Sagittarius,"23°45'53.69""",Mars,Sagittarius,"23°49'49.02""",0,0.0654,0.0654
2026-01-08 06:45:00,Aspect,Conjunction,Sun,Sagittarius,"23°28'03.51""",Venus,Sagittarius,"23°46'40.86""",0,0.3104,0.3104
2026-01-08 06:45:00,Aspect,Conjunction,Venus,Sagittarius,"23°46'40.86""",Mars,Sagittarius,"23°50'17.93""",0,0.0603,0.0603
2026-01-08 07:00:00,Aspect,Conjunction,Sun,Sagittarius,"23°28'41.72""",Venus,Sagittarius,"23°47'28.03""",0,0.3129,0.3129
2026-01-08 07:00:00,Aspect,Conjunction,Venus,Sagittarius,"23°47'28.03""",Mars,Sagittarius,"23°50'46.84""",0,0.0552,0.0552
2026-01-08 07:15:00,Aspect,Conjunction,Sun,Sagittarius,"23°29'19.93""",Venus,Sagittarius,"23°48'15.20""",0,0.3154,0.3154
2026-01-08 07:15:00,Aspect,Conjunction,Venus,Sagittarius,"23°48'15.20""",Mars,Sagittarius,"23°51'15.74""",0,0.0502,0.0502
2026-01-08 07:30:00,Aspect,Conjunction,Sun,Sagittarius,"23°29'58.13""",Venus,Sagittarius,"23°49'02.38""",0,0.3178,0.3178
2026-01-08 07:30:00,Aspect,Conjunction,Venus,Sagittarius,"23°49'02.38""",Mars,Sagittarius,"23°51'44.65""",0,0.0451,0.0451
2026-01-08 07:45:00,Aspect,Conjunction,Sun,Sagittarius,"23°30'36.34""",Venus,Sagittarius,"23°49'49.55""",0,0.3203,0.3203
2026-01-08 07:45:00,Aspect,Conjunction,Venus,Sagittarius,"23°49'49.55""",Mars,Sagittarius,"23°52'13.56""",0,0.04,0.04
2026-01-08 08:00:00,Aspect,Conjunction,Sun,Sagittarius,"23°31'14.55""",Venus,Sagittarius,"23°50'36.72""",0,0.3228,0.3228
2026-01-08 08:00:00,Aspect,Conjunction,Venus,Sagittarius,"23°50'36.72""",Mars,Sagittarius,"23°52'42.47""",0,0.0349,0.0349
2026-01-08 08:15:00,Aspect,Conjunction,Sun,Sagittarius,"23°31'52.75""",Venus,Sagittarius,"23°51'23.89""",0,0.3253,0.3253
2026-01-08 08:15:00,Aspect,Conjunction,Venus,Sagittarius,"23°51'23.89""",Mars,Sagittarius,"23°53'11.38""",0,0.0299,0.0299
2026-01-08 08:30:00,Aspect,Conjunction,Sun,Sagittarius,"23°32'30.96""",Venus,Sagittarius,"23°52'11.07""",0,0.3278,0.3278
2026-01-08 08:30:00,Aspect,Conjunction,Venus,Sagittarius,"23°52'11.07""",Mars,Sagittarius,"23°53'40.28""",0,0.0248,0.0248
2026-01-08 08:45:00,Aspect,Conjunction,Sun,Sagittarius,"23°33'09.17""",Venus,Sagittarius,"23°52'58.24""",0,0.3303,0.3303
2026-01-08 08:45:00,Aspect,Conjunction,Venus,Sagittarius,"23°52'58.24""",Mars,Sagittarius,"23°54'09.19""",0,0.0197,0.0197
2026-01-08 09:00:00,Aspect,Conjunction,Sun,Sagittarius,"23°33'47.38""",Venus,Sagittarius,"23°53'45.41""",0,0.3328,0.3328
2026-01-08 09:00:00,Aspect,Conjunction,Venus,Sagittarius,"23°53'45.41""",Mars,Sagittarius,"23°54'38.10""",0,0.0146,0.0146
2026-01-08 09:15:00,Aspect,Conjunction,Sun,Sagittarius,"23°34'25.58""",Venus,Sagittarius,"23°54'32.58""",0,0.3353,0.3353
2026-01-08 09:15:00,Aspect,Conjunction,Venus,Sagittarius,"23°54'32.58""",Mars,Sagittarius,"23°55'07.01""",0,0.0096,0.0096
2026-01-08 09:30:00,Aspect,Conjunction,Sun,Sagittarius,"23°35'03.79""",Venus,Sagittarius,"23°55'19.76""",0,0.3378,0.3378
2026-01-08 09:30:00,Aspect,Conjunction,Venus,Sagittarius,"23°55'19.76""",Mars,Sagittarius,"23°55'35.92""",0,0.0045,0.0045
2026-01-08 09:45:00,Aspect,Conjunction,Sun,Sagittarius,"23°35'42.00""",Venus,Sagittarius,"23°56'06.93""",0,0.3403,0.3403
2026-01-08 09:45:00,Aspect,Conjunction,Venus,Sagittarius,"23°56'06.93""",Mars,Sagittarius,"23°56'04.83""",0,0.0006,0.0006
2026-01-08 10:00:00,Aspect,Conjunction,Sun,Sagittarius,"23°36'20.20""",Venus,Sagittarius,"23°56'54.10""",0,0.3427,0.3427
2026-01-08 10:00:00,Aspect,Conjunction,Venus,Sagittarius,"23°56'54.10""",Mars,Sagittarius,"23°56'33.74""",0,0.0057,0.0057
2026-01-08 10:15:00,Aspect,Conjunction,Sun,Sagittarius,"23°36'58.41""",Venus,Sagittarius,"23°57'41.27""",0,0.3452,0.3452
2026-01-08 10:15:00,Aspect,Conjunction,Venus,Sagittarius,"23°57'41.27""",Mars,Sagittarius,"23°57'02.65""",0,0.0107,0.0107
2026-01-08 10:30:00,Aspect,Conjunction,Sun,Sagittarius,"23°37'36.62""",Venus,Sagittarius,"23°58'28.45""",0,0.3477,0.3477
2026-01-08 10:30:00,Aspect,Conjunction,Venus,Sagittarius,"23°58'28.45""",Mars,Sagittarius,"23°57'31.56""",0,0.0158,0.0158
2026-01-08 10:45:00,Aspect,Conjunction,Sun,Sagittarius,"23°38'14.83""",Venus,Sagittarius,"23°59'15.62""",0,0.3502,0.3502
2026-01-08 10:45:00,Aspect,Conjunction,Venus,Sagittarius,"23°59'15.62""",Mars,Sagittarius,"23°58'00.47""",0,0.0209,0.0209
2026-01-08 11:00:00,Aspect,Conjunction,Sun,Sagittarius,"23°38'53.03""",Venus,Sagittarius,"24°00'02.79""",0,0.3527,0.3527
2026-01-08 11:00:00,Aspect,Conjunction,Venus,Sagittarius,"24°00'02.79""",Mars,Sagittarius,"23°58'29.38""",0,0.0259,0.0259
2026-01-08 11:15:00,Aspect,Conjunction,Sun,Sagittarius,"23°39'31.24""",Venus,Sagittarius,"24°00'49.96""",0,0.3552,0.3552
2026-01-08 11:15:00,Aspect,Conjunction,Venus,Sagittarius,"24°00'49.96""",Mars,Sagittarius,"23°58'58.29""",0,0.031,0.031
2026-01-08 11:30:00,Aspect,Conjunction,Sun,Sagittarius,"23°40'09.45""",Venus,Sagittarius,"24°01'37.14""",0,0.3577,0.3577
2026-01-08 11:30:00,Aspect,Conjunction,Venus,Sagittarius,"24°01'37.14""",Mars,Sagittarius,"23°59'27.20""",0,0.0361,0.0361
2026-01-08 11:45:00,Aspect,Conjunction,Sun,Sagittarius,"23°40'47.65""",Venus,Sagittarius,"24°02'24.31""",0,0.3602,0.3602
2026-01-08 11:45:00,Aspect,Conjunction,Venus,Sagittarius,"24°02'24.31""",Mars,Sagittarius,"23°59'56.11""",0,0.0412,0.0412
2026-01-08 12:00:00,Aspect,Conjunction,Sun,Sagittarius,"23°41'25.86""",Venus,Sagittarius,"24°03'11.48""",0,0.3627,0.3627
2026-01-08 12:00:00,Aspect,Conjunction,Venus,Sagittarius,"24°03'11.48""",Mars,Sagittarius,"24°00'25.03""",0,0.0462,0.0462
2026-01-08 12:15:00,Aspect,Conjunction,Sun,Sagittarius,"23°42'04.07""",Venus,Sagittarius,"24°03'58.65""",0,0.3652,0.3652
2026-01-08 12:15:00,Aspect,Conjunction,Venus,Sagittarius,"24°03'58.65""",Mars,Sagittarius,"24°00'53.94""",0,0.0513,0.0513
2026-01-08 12:30:00,Aspect,Conjunction,Sun,Sagittarius,"23°42'42.28""",Venus,Sagittarius,"24°04'45.83""",0,0.3677,0.3677
2026-01-08 12:30:00,Aspect,Conjunction,Venus,Sagittarius,"24°04'45.83""",Mars,Sagittarius,"24°01'22.85""",0,0.0564,0.0564
2026-01-08 12:45:00,Aspect,Conjunction,Sun,Sagittarius,"23°43'20.48""",Venus,Sagittarius,"24°05'33.00""",0,0.3701,0.3701
2026-01-08 12:45:00,Aspect,Conjunction,Venus,Sagittarius,"24°05'33.00""",Mars,Sagittarius,"24°01'51.76""",0,0.0615,0.0615
2026-01-08 13:00:00,Aspect,Conjunction,Sun,Sagittarius,"23°43'58.69""",Venus,Sagittarius,"24°06'20.17""",0,0.3726,0.3726
2026-01-08 13:00:00,Aspect,Conjunction,Venus,Sagittarius,"24°06'20.17""",Mars,Sagittarius,"24°02'20.67""",0,0.0665,0.0665
2026-01-08 13:15:00,Aspect,Conjunction,Sun,Sagittarius,"23°44'36.90""",Venus,Sagittarius,"24°07'07.34""",0,0.3751,0.3751
2026-01-08 13:15:00,Aspect,Conjunction,Venus,Sagittarius,"24°07'07.34""",Mars,Sagittarius,"24°02'49.59""",0,0.0716,0.0716
2026-01-08 13:30:00,Aspect,Conjunction,Sun,Sagittarius,"23°45'15.10""",Venus,Sagittarius,"24°07'54.52""",0,0.3776,0.3776
2026-01-08 13:30:00,Aspect,Conjunction,Venus,Sagittarius,"24°07'54.52""",Mars,Sagittarius,"24°03'18.50""",0,0.0767,0.0767
2026-01-08 13:45:00,Aspect,Conjunction,Sun,Sagittarius,"23°45'53.31""",Venus,Sagittarius,"24°08'41.69""",0,0.3801,0.3801
2026-01-08 13:45:00,Aspect,Conjunction,Venus,Sagittarius,"24°08'41.69""",Mars,Sagittarius,"24°03'47.41""",0,0.0817,0.0817
2026-01-08 14:00:00,Aspect,Conjunction,Sun,Sagittarius,"23°46'31.52""",Venus,Sagittarius,"24°09'28.86""",0,0.3826,0.3826
2026-01-08 14:00:00,Aspect,Conjunction,Venus,Sagittarius,"24°09'28.86""",Mars,Sagittarius,"24°04'16.33""",0,0.0868,0.0868
2026-01-08 14:15:00,Aspect,Conjunction,Sun,Sagittarius,"23°47'09.73""",Venus,Sagittarius,"24°10'16.03""",0,0.3851,0.3851
2026-01-08 14:15:00,Aspect,Conjunction,Venus,Sagittarius,"24°10'16.03""",Mars,Sagittarius,"24°04'45.24""",0,0.0919,0.0919
2026-01-08 14:30:00,Aspect,Conjunction,Sun,Sagittarius,"23°47'47.93""",Venus,Sagittarius,"24°11'03.20""",0,0.3876,0.3876
2026-01-08 14:30:00,Aspect,Conjunction,Venus,Sagittarius,"24°11'03.20""",Mars,Sagittarius,"24°05'14.16""",0,0.097,0.097
2026-01-08 14:45:00,Aspect,Conjunction,Sun,Sagittarius,"23°48'26.14""",Venus,Sagittarius,"24°11'50.38""",0,0.3901,0.3901
2026-01-08 14:45:00,Aspect,Conjunction,Venus,Sagittarius,"24°11'50.38""",Mars,Sagittarius,"24°05'43.07""",0,0.102,0.102
2026-01-08 15:00:00,Aspect,Conjunction,Sun,Sagittarius,"23°49'04.35""",Venus,Sagittarius,"24°12'37.55""",0,0.3926,0.3926
2026-01-08 15:00:00,Aspect,Conjunction,Venus,Sagittarius,"24°12'37.55""",Mars,Sagittarius,"24°06'11.99""",0,0.1071,0.1071
2026-01-08 15:15:00,Aspect,Conjunction,Sun,Sagittarius,"23°49'42.56""",Venus,Sagittarius,"24°13'24.72""",0,0.395,0.395
2026-01-08 15:15:00,Aspect,Conjunction,Venus,Sagittarius,"24°13'24.72""",Mars,Sagittarius,"24°06'40.90""",0,0.1122,0.1122
2026-01-08 15:30:00,Aspect,Conjunction,Sun,Sagittarius,"23°50'20.76""",Venus,Sagittarius,"24°14'11.89""",0,0.3975,0.3975
2026-01-08 15:30:00,Aspect,Conjunction,Venus,Sagittarius,"24°14'11.89""",Mars,Sagittarius,"24°07'09.82""",0,0.1172,0.1172
2026-01-08 15:45:00,Aspect,Conjunction,Sun,Sagittarius,"23°50'58.97""",Venus,Sagittarius,"24°14'59.06""",0,0.4,0.4
2026-01-08 15:45:00,Aspect,Conjunction,Venus,Sagittarius,"24°14'59.06""",Mars,Sagittarius,"24°07'38.73""",0,0.1223,0.1223
2026-01-08 16:00:00,Aspect,Conjunction,Sun,Sagittarius,"23°51'37.18""",Venus,Sagittarius,"24°15'46.24""",0,0.4025,0.4025
2026-01-08 16:00:00,Aspect,Conjunction,Venus,Sagittarius,"24°15'46.24""",Mars,Sagittarius,"24°08'07.65""",0,0.1274,0.1274
2026-01-08 16:15:00,Aspect,Conjunction,Sun,Sagittarius,"23°52'15.39""",Venus,Sagittarius,"24°16'33.41""",0,0.405,0.405
2026-01-08 16:15:00,Aspect,Conjunction,Venus,Sagittarius,"24°16'33.41""",Mars,Sagittarius,"24°08'36.56""",0,0.1325,0.1325
2026-01-08 16:30:00,Aspect,Conjunction,Sun,Sagittarius,"23°52'53.59""",Venus,Sagittarius,"24°17'20.58""",0,0.4075,0.4075
2026-01-08 16:30:00,Aspect,Conjunction,Venus,Sagittarius,"24°17'20.58""",Mars,Sagittarius,"24°09'05.48""",0,0.1375,0.1375
2026-01-08 16:45:00,Aspect,Conjunction,Sun,Sagittarius,"23°53'31.80""",Venus,Sagittarius,"24°18'07.75""",0,0.41,0.41
2026-01-08 16:45:00,Aspect,Conjunction,Venus,Sagittarius,"24°18'07.75""",Mars,Sagittarius,"24°09'34.40""",0,0.1426,0.1426
2026-01-08 17:00:00,Aspect,Conjunction,Sun,Sagittarius,"23°54'10.01""",Venus,Sagittarius,"24°18'54.93""",0,0.4125,0.4125
2026-01-08 17:00:00,Aspect,Conjunction,Venus,Sagittarius,"24°18'54.93""",Mars,Sagittarius,"24°10'03.31""",0,0.1477,0.1477
2026-01-08 17:15:00,Aspect,Conjunction,Sun,Sagittarius,"23°54'48.21""",Venus,Sagittarius,"24°19'42.10""",0,0.415,0.415
2026-01-08 17:15:00,Aspect,Conjunction,Venus,Sagittarius,"24°19'42.10""",Mars,Sagittarius,"24°10'32.23""",0,0.1527,0.1527
2026-01-08 17:30:00,Aspect,Conjunction,Sun,Sagittarius,"23°55'26.42""",Venus,Sagittarius,"24°20'29.27""",0,0.4175,0.4175
2026-01-08 17:30:00,Aspect,Conjunction,Venus,Sagittarius,"24°20'29.27""",Mars,Sagittarius,"24°11'01.15""",0,0.1578,0.1578
2026-01-08 17:45:00,Aspect,Conjunction,Sun,Sagittarius,"23°56'04.63""",Venus,Sagittarius,"24°21'16.44""",0,0.4199,0.4199
2026-01-08 17:45:00,Aspect,Conjunction,Venus,Sagittarius,"24°21'16.44""",Mars,Sagittarius,"24°11'30.06""",0,0.1629,0.1629
2026-01-08 18:00:00,Aspect,Conjunction,Sun,Sagittarius,"23°56'42.84""",Venus,Sagittarius,"24°22'03.61""",0,0.4224,0.4224
2026-01-08 18:00:00,Aspect,Conjunction,Venus,Sagittarius,"24°22'03.61""",Mars,Sagittarius,"24°11'58.98""",0,0.168,0.168
2026-01-08 18:15:00,Aspect,Conjunction,Sun,Sagittarius,"23°57'21.04""",Venus,Sagittarius,"24°22'50.79""",0,0.4249,0.4249
2026-01-08 18:15:00,Aspect,Conjunction,Venus,Sagittarius,"24°22'50.79""",Mars,Sagittarius,"24°12'27.90""",0,0.173,0.173
2026-01-08 18:30:00,Aspect,Conjunction,Sun,Sagittarius,"23°57'59.25""",Venus,Sagittarius,"24°23'37.96""",0,0.4274,0.4274
2026-01-08 18:30:00,Aspect,Conjunction,Venus,Sagittarius,"24°23'37.96""",Mars,Sagittarius,"24°12'56.82""",0,0.1781,0.1781
2026-01-08 18:45:00,Aspect,Conjunction,Sun,Sagittarius,"23°58'37.46""",Venus,Sagittarius,"24°24'25.13""",0,0.4299,0.4299
2026-01-08 18:45:00,Aspect,Conjunction,Venus,Sagittarius,"24°24'25.13""",Mars,Sagittarius,"24°13'25.74""",0,0.1832,0.1832
2026-01-08 19:00:00,Aspect,Conjunction,Sun,Sagittarius,"23°59'15.67""",Venus,Sagittarius,"24°25'12.30""",0,0.4324,0.4324
2026-01-08 19:00:00,Aspect,Conjunction,Venus,Sagittarius,"24°25'12.30""",Mars,Sagittarius,"24°13'54.66""",0,0.1882,0.1882
2026-01-08 19:15:00,Aspect,Conjunction,Sun,Sagittarius,"23°59'53.87""",Venus,Sagittarius,"24°25'59.47""",0,0.4349,0.4349
2026-01-08 19:15:00,Aspect,Conjunction,Venus,Sagittarius,"24°25'59.47""",Mars,Sagittarius,"24°14'23.57""",0,0.1933,0.1933
2026-01-08 19:30:00,Aspect,Conjunction,Sun,Sagittarius,"24°00'32.08""",Venus,Sagittarius,"24°26'46.64""",0,0.4374,0.4374
2026-01-08 19:30:00,Aspect,Conjunction,Venus,Sagittarius,"24°26'46.64""",Mars,Sagittarius,"24°14'52.49""",0,0.1984,0.1984
2026-01-08 19:45:00,Aspect,Conjunction,Sun,Sagittarius,"24°01'10.29""",Venus,Sagittarius,"24°27'33.82""",0,0.4399,0.4399
2026-01-08 19:45:00,Aspect,Conjunction,Venus,Sagittarius,"24°27'33.82""",Mars,Sagittarius,"24°15'21.41""",0,0.2034,0.2034
2026-01-08 20:00:00,Aspect,Conjunction,Sun,Sagittarius,"24°01'48.50""",Venus,Sagittarius,"24°28'20.99""",0,0.4424,0.4424
2026-01-08 20:00:00,Aspect,Conjunction,Venus,Sagittarius,"24°28'20.99""",Mars,Sagittarius,"24°15'50.33""",0,0.2085,0.2085
2026-01-08 20:15:00,Aspect,Conjunction,Sun,Sagittarius,"24°02'26.70""",Venus,Sagittarius,"24°29'08.16""",0,0.4448,0.4448
2026-01-08 20:15:00,Aspect,Conjunction,Venus,Sagittarius,"24°29'08.16""",Mars,Sagittarius,"24°16'19.25""",0,0.2136,0.2136
2026-01-08 20:30:00,Aspect,Conjunction,Sun,Sagittarius,"24°03'04.91""",Venus,Sagittarius,"24°29'55.33""",0,0.4473,0.4473
2026-01-08 20:30:00,Aspect,Conjunction,Venus,Sagittarius,"24°29'55.33""",Mars,Sagittarius,"24°16'48.17""",0,0.2187,0.2187
2026-01-08 20:45:00,Aspect,Conjunction,Sun,Sagittarius,"24°03'43.12""",Venus,Sagittarius,"24°30'42.50""",0,0.4498,0.4498
2026-01-08 20:45:00,Aspect,Conjunction,Venus,Sagittarius,"24°30'42.50""",Mars,Sagittarius,"24°17'17.09""",0,0.2237,0.2237
2026-01-08 21:00:00,Aspect,Conjunction,Sun,Sagittarius,"24°04'21.33""",Venus,Sagittarius,"24°31'29.68""",0,0.4523,0.4523
2026-01-08 21:00:00,Aspect,Conjunction,Venus,Sagittarius,"24°31'29.68""",Mars,Sagittarius,"24°17'46.01""",0,0.2288,0.2288
2026-01-08 21:15:00,Aspect,Conjunction,Sun,Sagittarius,"24°04'59.53""",Venus,Sagittarius,"24°32'16.85""",0,0.4548,0.4548
2026-01-08 21:15:00,Aspect,Conjunction,Venus,Sagittarius,"24°32'16.85""",Mars,Sagittarius,"24°18'14.93""",0,0.2339,0.2339
2026-01-08 21:30:00,Aspect,Conjunction,Sun,Sagittarius,"24°05'37.74""",Venus,Sagittarius,"24°33'04.02""",0,0.4573,0.4573
2026-01-08 21:30:00,Aspect,Conjunction,Venus,Sagittarius,"24°33'04.02""",Mars,Sagittarius,"24°18'43.86""",0,0.2389,0.2389
2026-01-08 21:45:00,Aspect,Conjunction,Sun,Sagittarius,"24°06'15.95""",Venus,Sagittarius,"24°33'51.19""",0,0.4598,0.4598
2026-01-08 21:45:00,Aspect,Conjunction,Venus,Sagittarius,"24°33'51.19""",Mars,Sagittarius,"24°19'12.78""",0,0.244,0.244
2026-01-08 22:00:00,Aspect,Conjunction,Sun,Sagittarius,"24°06'54.16""",Venus,Sagittarius,"24°34'38.36""",0,0.4623,0.4623
2026-01-08 22:00:00,Aspect,Conjunction,Venus,Sagittarius,"24°34'38.36""",Mars,Sagittarius,"24°19'41.70""",0,0.2491,0.2491
2026-01-08 22:15:00,Aspect,Conjunction,Sun,Sagittarius,"24°07'32.36""",Venus,Sagittarius,"24°35'25.53""",0,0.4648,0.4648
2026-01-08 22:15:00,Aspect,Conjunction,Venus,Sagittarius,"24°35'25.53""",Mars,Sagittarius,"24°20'10.62""",0,0.2541,0.2541
2026-01-08 22:30:00,Aspect,Conjunction,Sun,Sagittarius,"24°08'10.57""",Venus,Sagittarius,"24°36'12.71""",0,0.4673,0.4673
2026-01-08 22:30:00,Aspect,Conjunction,Venus,Sagittarius,"24°36'12.71""",Mars,Sagittarius,"24°20'39.54""",0,0.2592,0.2592
2026-01-08 22:45:00,Aspect,Conjunction,Sun,Sagittarius,"24°08'48.78""",Venus,Sagittarius,"24°36'59.88""",0,0.4697,0.4697
2026-01-08 22:45:00,Aspect,Conjunction,Venus,Sagittarius,"24°36'59.88""",Mars,Sagittarius,"24°21'08.47""",0,0.2643,0.2643
2026-01-08 23:00:00,Aspect,Conjunction,Sun,Sagittarius,"24°09'26.99""",Venus,Sagittarius,"24°37'47.05""",0,0.4722,0.4722
2026-01-08 23:00:00,Aspect,Conjunction,Venus,Sagittarius,"24°37'47.05""",Mars,Sagittarius,"24°21'37.39""",0,0.2694,0.2694
2026-01-08 23:15:00,Aspect,Conjunction,Sun,Sagittarius,"24°10'05.20""",Venus,Sagittarius,"24°38'34.22""",0,0.4747,0.4747
2026-01-08 23:15:00,Aspect,Conjunction,Venus,Sagittarius,"24°38'34.22""",Mars,Sagittarius,"24°22'06.31""",0,0.2744,0.2744
2026-01-08 23:30:00,Aspect,Conjunction,Sun,Sagittarius,"24°10'43.40""",Venus,Sagittarius,"24°39'21.39""",0,0.4772,0.4772
2026-01-08 23:30:00,Aspect,Conjunction,Venus,Sagittarius,"24°39'21.39""",Mars,Sagittarius,"24°22'35.23""",0,0.2795,0.2795
2026-01-08 23:45:00,Aspect,Conjunction,Sun,Sagittarius,"24°11'21.61""",Venus,Sagittarius,"24°40'08.56""",0,0.4797,0.4797
2026-01-08 23:45:00,Aspect,Conjunction,Venus,Sagittarius,"24°40'08.56""",Mars,Sagittarius,"24°23'04.16""",0,0.2846,0.2846
2026-01-09 00:00:00,Aspect,Conjunction,Sun,Sagittarius,"24°11'59.82""",Venus,Sagittarius,"24°40'55.74""",0,0.4822,0.4822
2026-01-09 00:00:00,Aspect,Conjunction,Venus,Sagittarius,"24°40'55.74""",Mars,Sagittarius,"24°23'33.08""",0,0.2896,0.2896
2026-01-09 00:15:00,Aspect,Conjunction,Sun,Sagittarius,"24°12'38.03""",Venus,Sagittarius,"24°41'42.91""",0,0.4847,0.4847
2026-01-09 00:15:00,Aspect,Conjunction,Venus,Sagittarius,"24°41'42.91""",Mars,Sagittarius,"24°24'02.01""",0,0.2947,0.2947
2026-01-09 00:30:00,Aspect,Conjunction,Sun,Sagittarius,"24°13'16.23""",Venus,Sagittarius,"24°42'30.08""",0,0.4872,0.4872
2026-01-09 00:30:00,Aspect,Conjunction,Venus,Sagittarius,"24°42'30.08""",Mars,Sagittarius,"24°24'30.93""",0,0.2998,0.2998
2026-01-09 00:45:00,Aspect,Conjunction,Sun,Sagittarius,"24°13'54.44""",Venus,Sagittarius,"24°43'17.25""",0,0.4897,0.4897
2026-01-09 00:45:00,Aspect,Conjunction,Venus,Sagittarius,"24°43'17.25""",Mars,Sagittarius,"24°24'59.85""",0,0.3048,0.3048
2026-01-09 01:00:00,Aspect,Conjunction,Sun,Sagittarius,"24°14'32.65""",Venus,Sagittarius,"24°44'04.42""",0,0.4922,0.4922
2026-01-09 01:00:00,Aspect,Conjunction,Venus,Sagittarius,"24°44'04.42""",Mars,Sagittarius,"24°25'28.78""",0,0.3099,0.3099
2026-01-09 01:15:00,Aspect,Conjunction,Sun,Sagittarius,"24°15'10.86""",Venus,Sagittarius,"24°44'51.59""",0,0.4946,0.4946
2026-01-09 01:15:00,Aspect,Conjunction,Venus,Sagittarius,"24°44'51.59""",Mars,Sagittarius,"24°25'57.70""",0,0.315,0.315
2026-01-09 01:30:00,Aspect,Conjunction,Sun,Sagittarius,"24°15'49.06""",Venus,Sagittarius,"24°45'38.76""",0,0.4971,0.4971
2026-01-09 01:30:00,Aspect,Conjunction,Venus,Sagittarius,"24°45'38.76""",Mars,Sagittarius,"24°26'26.63""",0,0.32,0.32
2026-01-09 01:45:00,Aspect,Conjunction,Sun,Sagittarius,"24°16'27.27""",Venus,Sagittarius,"24°46'25.94""",0,0.4996,0.4996
2026-01-09 01:45:00,Aspect,Conjunction,Venus,Sagittarius,"24°46'25.94""",Mars,Sagittarius,"24°26'55.55""",0,0.3251,0.3251
2026-01-09 02:00:00,Aspect,Conjunction,Sun,Sagittarius,"24°17'05.48""",Venus,Sagittarius,"24°47'13.11""",0,0.5021,0.5021
2026-01-09 02:00:00,Aspect,Conjunction,Venus,Sagittarius,"24°47'13.11""",Mars,Sagittarius,"24°27'24.48""",0,0.3302,0.3302
2026-01-09 02:15:00,Aspect,Conjunction,Sun,Sagittarius,"24°17'43.69""",Venus,Sagittarius,"24°48'00.28""",0,0.5046,0.5046
2026-01-09 02:15:00,Aspect,Conjunction,Venus,Sagittarius,"24°48'00.28""",Mars,Sagittarius,"24°27'53.41""",0,0.3352,0.3352
2026-01-09 02:30:00,Aspect,Conjunction,Sun,Sagittarius,"24°18'21.90""",Venus,Sagittarius,"24°48'47.45""",0,0.5071,0.5071
2026-01-09 02:30:00,Aspect,Conjunction,Venus,Sagittarius,"24°48'47.45""",Mars,Sagittarius,"24°28'22.33""",0,0.3403,0.3403
2026-01-09 02:45:00,Aspect,Conjunction,Sun,Sagittarius,"24°19'00.10""",Venus,Sagittarius,"24°49'34.62""",0,0.5096,0.5096
2026-01-09 02:45:00,Aspect,Conjunction,Venus,Sagittarius,"24°49'34.62""",Mars,Sagittarius,"24°28'51.26""",0,0.3454,0.3454
2026-01-09 03:00:00,Aspect,Conjunction,Sun,Sagittarius,"24°19'38.31""",Venus,Sagittarius,"24°50'21.79""",0,0.5121,0.5121
2026-01-09 03:00:00,Aspect,Conjunction,Venus,Sagittarius,"24°50'21.79""",Mars,Sagittarius,"24°29'20.18""",0,0.3504,0.3504
2026-01-09 03:15:00,Aspect,Conjunction,Sun,Sagittarius,"24°20'16.52""",Venus,Sagittarius,"24°51'08.96""",0,0.5146,0.5146
2026-01-09 03:15:00,Aspect,Conjunction,Venus,Sagittarius,"24°51'08.96""",Mars,Sagittarius,"24°29'49.11""",0,0.3555,0.3555
2026-01-09 03:30:00,Aspect,Conjunction,Sun,Sagittarius,"24°20'54.73""",Venus,Sagittarius,"24°51'56.14""",0,0.5171,0.5171
2026-01-09 03:30:00,Aspect,Conjunction,Venus,Sagittarius,"24°51'56.14""",Mars,Sagittarius,"24°30'18.04""",0,0.3606,0.3606
2026-01-09 03:45:00,Aspect,Conjunction,Sun,Sagittarius,"24°21'32.93""",Venus,Sagittarius,"24°52'43.31""",0,0.5195,0.5195
2026-01-09 03:45:00,Aspect,Conjunction,Venus,Sagittarius,"24°52'43.31""",Mars,Sagittarius,"24°30'46.97""",0,0.3657,0.3657
2026-01-09 04:00:00,Aspect,Conjunction,Sun,Sagittarius,"24°22'11.14""",Venus,Sagittarius,"24°53'30.48""",0,0.522,0.522
2026-01-09 04:00:00,Aspect,Conjunction,Venus,Sagittarius,"24°53'30.48""",Mars,Sagittarius,"24°31'15.89""",0,0.3707,0.3707
2026-01-09 04:15:00,Aspect,Conjunction,Sun,Sagittarius,"24°22'49.35""",Venus,Sagittarius,"24°54'17.65""",0,0.5245,0.5245
2026-01-09 04:15:00,Aspect,Conjunction,Venus,Sagittarius,"24°54'17.65""",Mars,Sagittarius,"24°31'44.82""",0,0.3758,0.3758
2026-01-09 04:30:00,Aspect,Conjunction,Sun,Sagittarius,"24°23'27.56""",Venus,Sagittarius,"24°55'04.82""",0,0.527,0.527
2026-01-09 04:30:00,Aspect,Conjunction,Venus,Sagittarius,"24°55'04.82""",Mars,Sagittarius,"24°32'13.75""",0,0.3809,0.3809
2026-01-09 04:45:00,Aspect,Conjunction,Sun,Sagittarius,"24°24'05.77""",Venus,Sagittarius,"24°55'51.99""",0,0.5295,0.5295
2026-01-09 04:45:00,Aspect,Conjunction,Venus,Sagittarius,"24°55'51.99""",Mars,Sagittarius,"24°32'42.68""",0,0.3859,0.3859
2026-01-09 05:00:00,Aspect,Conjunction,Sun,Sagittarius,"24°24'43.97""",Venus,Sagittarius,"24°56'39.16""",0,0.532,0.532
2026-01-09 05:00:00,Aspect,Conjunction,Venus,Sagittarius,"24°56'39.16""",Mars,Sagittarius,"24°33'11.61""",0,0.391,0.391
2026-01-09 05:15:00,Aspect,Conjunction,Sun,Sagittarius,"24°25'22.18""",Venus,Sagittarius,"24°57'26.34""",0,0.5345,0.5345
2026-01-09 05:15:00,Aspect,Conjunction,Venus,Sagittarius,"24°57'26.34""",Mars,Sagittarius,"24°33'40.54""",0,0.3961,0.3961
2026-01-09 05:30:00,Aspect,Conjunction,Sun,Sagittarius,"24°26'00.39""",Venus,Sagittarius,"24°58'13.51""",0,0.537,0.537
2026-01-09 05:30:00,Aspect,Conjunction,Venus,Sagittarius,"24°58'13.51""",Mars,Sagittarius,"24°34'09.47""",0,0.4011,0.4011
2026-01-09 05:45:00,Aspect,Conjunction,Sun,Sagittarius,"24°26'38.60""",Venus,Sagittarius,"24°59'00.68""",0,0.5395,0.5395
2026-01-09 05:45:00,Aspect,Conjunction,Venus,Sagittarius,"24°59'00.68""",Mars,Sagittarius,"24°34'38.39""",0,0.4062,0.4062
2026-01-09 06:00:00,Aspect,Conjunction,Sun,Sagittarius,"24°27'16.80""",Venus,Sagittarius,"24°59'47.85""",0,0.542,0.542
2026-01-09 06:00:00,Aspect,Conjunction,Venus,Sagittarius,"24°59'47.85""",Mars,Sagittarius,"24°35'07.32""",0,0.4113,0.4113
2026-01-09 06:15:00,Aspect,Conjunction,Sun,Sagittarius,"24°27'55.01""",Venus,Sagittarius,"25°00'35.02""",0,0.5444,0.5444
2026-01-09 06:15:00,Aspect,Conjunction,Venus,Sagittarius,"25°00'35.02""",Mars,Sagittarius,"24°35'36.25""",0,0.4163,0.4163
2026-01-09 06:30:00,Aspect,Conjunction,Sun,Sagittarius,"24°28'33.22""",Venus,Sagittarius,"25°01'22.19""",0,0.5469,0.5469
2026-01-09 06:30:00,Aspect,Conjunction,Venus,Sagittarius,"25°01'22.19""",Mars,Sagittarius,"24°36'05.18""",0,0.4214,0.4214
2026-01-09 06:45:00,Aspect,Conjunction,Sun,Sagittarius,"24°29'11.43""",Venus,Sagittarius,"25°02'09.36""",0,0.5494,0.5494
2026-01-09 06:45:00,Aspect,Conjunction,Venus,Sagittarius,"25°02'09.36""",Mars,Sagittarius,"24°36'34.11""",0,0.4265,0.4265
2026-01-09 07:00:00,Aspect,Conjunction,Sun,Sagittarius,"24°29'49.64""",Venus,Sagittarius,"25°02'56.53""",0,0.5519,0.5519
2026-01-09 07:00:00,Aspect,Conjunction,Venus,Sagittarius,"25°02'56.53""",Mars,Sagittarius,"24°37'03.05""",0,0.4315,0.4315
2026-01-09 07:15:00,Aspect,Conjunction,Sun,Sagittarius,"24°30'27.84""",Venus,Sagittarius,"25°03'43.70""",0,0.5544,0.5544
2026-01-09 07:15:00,Aspect,Conjunction,Venus,Sagittarius,"25°03'43.70""",Mars,Sagittarius,"24°37'31.98""",0,0.4366,0.4366
2026-01-09 07:30:00,Aspect,Conjunction,Sun,Sagittarius,"24°31'06.05""",Venus,Sagittarius,"25°04'30.88""",0,0.5569,0.5569
2026-01-09 07:30:00,Aspect,Conjunction,Venus,Sagittarius,"25°04'30.88""",Mars,Sagittarius,"24°38'00.91""",0,0.4417,0.4417
2026-01-09 07:30:00,Aspect,Opposition,Venus,Sagittarius,"25°04'30.88""",Jupiter,Gemini,"26°04'00.01""",180,179.0086,0.9914
2026-01-09 07:45:00,Aspect,Conjunction,Sun,Sagittarius,"24°31'44.26""",Venus,Sagittarius,"25°05'18.05""",0,0.5594,0.5594
2026-01-09 07:45:00,Aspect,Conjunction,Venus,Sagittarius,"25°05'18.05""",Mars,Sagittarius,"24°38'29.84""",0,0.4467,0.4467
2026-01-09 07:45:00,Aspect,Opposition,Venus,Sagittarius,"25°05'18.05""",Jupiter,Gemini,"26°03'54.95""",180,179.0231,0.9769
2026-01-09 08:00:00,Aspect,Conjunction,Sun,Sagittarius,"24°32'22.47""",Venus,Sagittarius,"25°06'05.22""",0,0.5619,0.5619
2026-01-09 08:00:00,Aspect,Conjunction,Venus,Sagittarius,"25°06'05.22""",Mars,Sagittarius,"24°38'58.77""",0,0.4518,0.4518
2026-01-09 08:00:00,Aspect,Opposition,Venus,Sagittarius,"25°06'05.22""",Jupiter,Gemini,"26°03'49.89""",180,179.0376,0.9624
2026-01-09 08:15:00,Aspect,Conjunction,Sun,Sagittarius,"24°33'00.68""",Venus,Sagittarius,"25°06'52.39""",0,0.5644,0.5644
2026-01-09 08:15:00,Aspect,Conjunction,Venus,Sagittarius,"25°06'52.39""",Mars,Sagittarius,"24°39'27.70""",0,0.4569,0.4569
2026-01-09 08:15:00,Aspect,Opposition,Venus,Sagittarius,"25°06'52.39""",Jupiter,Gemini,"26°03'44.83""",180,179.0521,0.9479
2026-01-09 08:30:00,Aspect,Conjunction,Sun,Sagittarius,"24°33'38.88""",Venus,Sagittarius,"25°07'39.56""",0,0.5669,0.5669
2026-01-09 08:30:00,Aspect,Conjunction,Venus,Sagittarius,"25°07'39.56""",Mars,Sagittarius,"24°39'56.63""",0,0.4619,0.4619
2026-01-09 08:30:00,Aspect,Opposition,Venus,Sagittarius,"25°07'39.56""",Jupiter,Gemini,"26°03'39.77""",180,179.0666,0.9334
2026-01-09 08:45:00,Aspect,Conjunction,Sun,Sagittarius,"24°34'17.09""",Venus,Sagittarius,"25°08'26.73""",0,0.5693,0.5693
2026-01-09 08:45:00,Aspect,Conjunction,Venus,Sagittarius,"25°08'26.73""",Mars,Sagittarius,"24°40'25.57""",0,0.467,0.467
2026-01-09 08:45:00,Aspect,Opposition,Venus,Sagittarius,"25°08'26.73""",Jupiter,Gemini,"26°03'34.71""",180,179.0811,0.9189
2026-01-09 09:00:00,Aspect,Conjunction,Sun,Sagittarius,"24°34'55.30""",Venus,Sagittarius,"25°09'13.90""",0,0.5718,0.5718
2026-01-09 09:00:00,Aspect,Conjunction,Venus,Sagittarius,"25°09'13.90""",Mars,Sagittarius,"24°40'54.50""",0,0.4721,0.4721
2026-01-09 09:00:00,Aspect,Opposition,Venus,Sagittarius,"25°09'13.90""",Jupiter,Gemini,"26°03'29.65""",180,179.0956,0.9044
2026-01-09 09:15:00,Aspect,Conjunction,Sun,Sagittarius,"24°35'33.51""",Venus,Sagittarius,"25°10'01.07""",0,0.5743,0.5743
2026-01-09 09:15:00,Aspect,Conjunction,Venus,Sagittarius,"25°10'01.07""",Mars,Sagittarius,"24°41'23.43""",0,0.4771,0.4771
2026-01-09 09:15:00,Aspect,Opposition,Venus,Sagittarius,"25°10'01.07""",Jupiter,Gemini,"26°03'24.59""",180,179.1101,0.8899
2026-01-09 09:30:00,Aspect,Conjunction,Sun,Sagittarius,"24°36'11.72""",Venus,Sagittarius,"25°10'48.24""",0,0.5768,0.5768
2026-01-09 09:30:00,Aspect,Conjunction,Venus,Sagittarius,"25°10'48.24""",Mars,Sagittarius,"24°41'52.37""",0,0.4822,0.4822
2026-01-09 09:30:00,Aspect,Opposition,Venus,Sagittarius,"25°10'48.24""",Jupiter,Gemini,"26°03'19.53""",180,179.1246,0.8754
2026-01-09 09:45:00,Aspect,Conjunction,Sun,Sagittarius,"24°36'49.92""",Venus,Sagittarius,"25°11'35.42""",0,0.5793,0.5793
2026-01-09 09:45:00,Aspect,Conjunction,Venus,Sagittarius,"25°11'35.42""",Mars,Sagittarius,"24°42'21.30""",0,0.4873,0.4873
2026-01-09 09:45:00,Aspect,Opposition,Venus,Sagittarius,"25°11'35.42""",Jupiter,Gemini,"26°03'14.47""",180,179.1392,0.8608
2026-01-09 10:00:00,Aspect,Conjunction,Sun,Sagittarius,"24°37'28.13""",Venus,Sagittarius,"25°12'22.59""",0,0.5818,0.5818
2026-01-09 10:00:00,Aspect,Conjunction,Venus,Sagittarius,"25°12'22.59""",Mars,Sagittarius,"24°42'50.23""",0,0.4923,0.4923
2026-01-09 10:00:00,Aspect,Opposition,Venus,Sagittarius,"25°12'22.59""",Jupiter,Gemini,"26°03'09.41""",180,179.1537,0.8463
2026-01-09 10:15:00,Aspect,Conjunction,Sun,Sagittarius,"24°38'06.34""",Venus,Sagittarius,"25°13'09.76""",0,0.5843,0.5843
2026-01-09 10:15:00,Aspect,Conjunction,Venus,Sagittarius,"25°13'09.76""",Mars,Sagittarius,"24°43'19.17""",0,0.4974,0.4974
2026-01-09 10:15:00,Aspect,Opposition,Venus,Sagittarius,"25°13'09.76""",Jupiter,Gemini,"26°03'04.35""",180,179.1682,0.8318
2026-01-09 10:30:00,Aspect,Conjunction,Sun,Sagittarius,"24°38'44.55""",Venus,Sagittarius,"25°13'56.93""",0,0.5868,0.5868
2026-01-09 10:30:00,Aspect,Conjunction,Venus,Sagittarius,"25°13'56.93""",Mars,Sagittarius,"24°43'48.10""",0,0.5025,0.5025
2026-01-09 10:30:00,Aspect,Opposition,Venus,Sagittarius,"25°13'56.93""",Jupiter,Gemini,"26°02'59.29""",180,179.1827,0.8173
2026-01-09 10:45:00,Aspect,Conjunction,Sun,Sagittarius,"24°39'22.75""",Venus,Sagittarius,"25°14'44.10""",0,0.5893,0.5893
2026-01-09 10:45:00,Aspect,Conjunction,Venus,Sagittarius,"25°14'44.10""",Mars,Sagittarius,"24°44'17.03""",0,0.5075,0.5075
2026-01-09 10:45:00,Aspect,Opposition,Venus,Sagittarius,"25°14'44.10""",Jupiter,Gemini,"26°02'54.23""",180,179.1972,0.8028
2026-01-09 11:00:00,Aspect,Conjunction,Sun,Sagittarius,"24°40'00.96""",Venus,Sagittarius,"25°15'31.27""",0,0.5918,0.5918
2026-01-09 11:00:00,Aspect,Conjunction,Venus,Sagittarius,"25°15'31.27""",Mars,Sagittarius,"24°44'45.97""",0,0.5126,0.5126
2026-01-09 11:00:00,Aspect,Opposition,Venus,Sagittarius,"25°15'31.27""",Jupiter,Gemini,"26°02'49.17""",180,179.2117,0.7883
2026-01-09 11:15:00,Aspect,Conjunction,Sun,Sagittarius,"24°40'39.17""",Venus,Sagittarius,"25°16'18.44""",0,0.5942,0.5942
2026-01-09 11:15:00,Aspect,Conjunction,Venus,Sagittarius,"25°16'18.44""",Mars,Sagittarius,"24°45'14.90""",0,0.5176,0.5176
2026-01-09 11:15:00,Aspect,Opposition,Venus,Sagittarius,"25°16'18.44""",Jupiter,Gemini,"26°02'44.11""",180,179.2262,0.7738
2026-01-09 11:30:00,Aspect,Conjunction,Sun,Sagittarius,"24°41'17.38""",Venus,Sagittarius,"25°17'05.61""",0,0.5967,0.5967
2026-01-09 11:30:00,Aspect,Conjunction,Venus,Sagittarius,"25°17'05.61""",Mars,Sagittarius,"24°45'43.84""",0,0.5227,0.5227
2026-01-09 11:30:00,Aspect,Opposition,Venus,Sagittarius,"25°17'05.61""",Jupiter,Gemini,"26°02'39.05""",180,179.2407,0.7593
2026-01-09 11:45:00,Aspect,Conjunction,Sun,Sagittarius,"24°41'55.59""",Venus,Sagittarius,"25°17'52.78""",0,0.5992,0.5992
2026-01-09 11:45:00,Aspect,Conjunction,Venus,Sagittarius,"25°17'52.78""",Mars,Sagittarius,"24°46'12.77""",0,0.5278,0.5278
2026-01-09 11:45:00,Aspect,Opposition,Venus,Sagittarius,"25°17'52.78""",Jupiter,Gemini,"26°02'33.99""",180,179.2552,0.7448
2026-01-09 12:00:00,Aspect,Conjunction,Sun,Sagittarius,"24°42'33.80""",Venus,Sagittarius,"25°18'39.95""",0,0.6017,0.6017
2026-01-09 12:00:00,Aspect,Conjunction,Venus,Sagittarius,"25°18'39.95""",Mars,Sagittarius,"24°46'41.71""",0,0.5328,0.5328
2026-01-09 12:00:00,Aspect,Opposition,Venus,Sagittarius,"25°18'39.95""",Jupiter,Gemini,"26°02'28.93""",180,179.2697,0.7303
2026-01-09 12:15:00,Aspect,Conjunction,Sun,Sagittarius,"24°43'12.00""",Venus,Sagittarius,"25°19'27.12""",0,0.6042,0.6042
2026-01-09 12:15:00,Aspect,Conjunction,Venus,Sagittarius,"25°19'27.12""",Mars,Sagittarius,"24°47'10.65""",0,0.5379,0.5379
2026-01-09 12:15:00,Aspect,Opposition,Venus,Sagittarius,"25°19'27.12""",Jupiter,Gemini,"26°02'23.87""",180,179.2842,0.7158
2026-01-09 12:30:00,Aspect,Conjunction,Sun,Sagittarius,"24°43'50.21""",Venus,Sagittarius,"25°20'14.30""",0,0.6067,0.6067
2026-01-09 12:30:00,Aspect,Conjunction,Venus,Sagittarius,"25°20'14.30""",Mars,Sagittarius,"24°47'39.58""",0,0.543,0.543
2026-01-09 12:30:00,Aspect,Opposition,Venus,Sagittarius,"25°20'14.30""",Jupiter,Gemini,"26°02'18.81""",180,179.2987,0.7013
2026-01-09 12:45:00,Aspect,Conjunction,Sun,Sagittarius,"24°44'28.42""",Venus,Sagittarius,"25°21'01.47""",0,0.6092,0.6092
2026-01-09 12:45:00,Aspect,Conjunction,Venus,Sagittarius,"25°21'01.47""",Mars,Sagittarius,"24°48'08.52""",0,0.548,0.548
2026-01-09 12:45:00,Aspect,Opposition,Venus,Sagittarius,"25°21'01.47""",Jupiter,Gemini,"26°02'13.75""",180,179.3133,0.6867
2026-01-09 13:00:00,Aspect,Conjunction,Sun,Sagittarius,"24°45'06.63""",Venus,Sagittarius,"25°21'48.64""",0,0.6117,0.6117
2026-01-09 13:00:00,Aspect,Conjunction,Venus,Sagittarius,"25°21'48.64""",Mars,Sagittarius,"24°48'37.45""",0,0.5531,0.5531
2026-01-09 13:00:00,Aspect,Opposition,Venus,Sagittarius,"25°21'48.64""",Jupiter,Gemini,"26°02'08.69""",180,179.3278,0.6722
2026-01-09 13:15:00,Aspect,Conjunction,Sun,Sagittarius,"24°45'44.84""",Venus,Sagittarius,"25°22'35.81""",0,0.6142,0.6142
2026-01-09 13:15:00,Aspect,Conjunction,Venus,Sagittarius,"25°22'35.81""",Mars,Sagittarius,"24°49'06.39""",0,0.5582,0.5582
2026-01-09 13:15:00,Aspect,Opposition,Venus,Sagittarius,"25°22'35.81""",Jupiter,Gemini,"26°02'03.63""",180,179.3423,0.6577
2026-01-09 13:30:00,Aspect,Conjunction,Sun,Sagittarius,"24°46'23.04""",Venus,Sagittarius,"25°23'22.98""",0,0.6166,0.6166
2026-01-09 13:30:00,Aspect,Conjunction,Venus,Sagittarius,"25°23'22.98""",Mars,Sagittarius,"24°49'35.33""",0,0.5632,0.5632
2026-01-09 13:30:00,Aspect,Opposition,Venus,Sagittarius,"25°23'22.98""",Jupiter,Gemini,"26°01'58.57""",180,179.3568,0.6432
2026-01-09 13:45:00,Aspect,Conjunction,Sun,Sagittarius,"24°47'01.25""",Venus,Sagittarius,"25°24'10.15""",0,0.6191,0.6191
2026-01-09 13:45:00,Aspect,Conjunction,Venus,Sagittarius,"25°24'10.15""",Mars,Sagittarius,"24°50'04.27""",0,0.5683,0.5683
2026-01-09 13:45:00,Aspect,Opposition,Venus,Sagittarius,"25°24'10.15""",Jupiter,Gemini,"26°01'53.51""",180,179.3713,0.6287
2026-01-09 14:00:00,Aspect,Conjunction,Sun,Sagittarius,"24°47'39.46""",Venus,Sagittarius,"25°24'57.32""",0,0.6216,0.6216
2026-01-09 14:00:00,Aspect,Conjunction,Venus,Sagittarius,"25°24'57.32""",Mars,Sagittarius,"24°50'33.20""",0,0.5734,0.5734
2026-01-09 14:00:00,Aspect,Opposition,Venus,Sagittarius,"25°24'57.32""",Jupiter,Gemini,"26°01'48.45""",180,179.3858,0.6142
2026-01-09 14:15:00,Aspect,Conjunction,Sun,Sagittarius,"24°48'17.67""",Venus,Sagittarius,"25°25'44.49""",0,0.6241,0.6241
2026-01-09 14:15:00,Aspect,Conjunction,Venus,Sagittarius,"25°25'44.49""",Mars,Sagittarius,"24°51'02.14""",0,0.5784,0.5784
2026-01-09 14:15:00,Aspect,Opposition,Venus,Sagittarius,"25°25'44.49""",Jupiter,Gemini,"26°01'43.38""",180,179.4003,0.5997
2026-01-09 14:30:00,Aspect,Conjunction,Sun,Sagittarius,"24°48'55.88""",Venus,Sagittarius,"25°26'31.66""",0,0.6266,0.6266
2026-01-09 14:30:00,Aspect,Conjunction,Venus,Sagittarius,"25°26'31.66""",Mars,Sagittarius,"24°51'31.08""",0,0.5835,0.5835
2026-01-09 14:30:00,Aspect,Opposition,Venus,Sagittarius,"25°26'31.66""",Jupiter,Gemini,"26°01'38.32""",180,179.4148,0.5852
2026-01-09 14:45:00,Aspect,Conjunction,Sun,Sagittarius,"24°49'34.08""",Venus,Sagittarius,"25°27'18.83""",0,0.6291,0.6291
2026-01-09 14:45:00,Aspect,Conjunction,Venus,Sagittarius,"25°27'18.83""",Mars,Sagittarius,"24°52'00.02""",0,0.5886,0.5886
2026-01-09 14:45:00,Aspect,Opposition,Venus,Sagittarius,"25°27'18.83""",Jupiter,Gemini,"26°01'33.26""",180,179.4293,0.5707
2026-01-09 15:00:00,Aspect,Conjunction,Sun,Sagittarius,"24°50'12.29""",Venus,Sagittarius,"25°28'06.00""",0,0.6316,0.6316
2026-01-09 15:00:00,Aspect,Conjunction,Venus,Sagittarius,"25°28'06.00""",Mars,Sagittarius,"24°52'28.96""",0,0.5936,0.5936
2026-01-09 15:00:00,Aspect,Opposition,Venus,Sagittarius,"25°28'06.00""",Jupiter,Gemini,"26°01'28.20""",180,179.4438,0.5562
2026-01-09 15:15:00,Aspect,Conjunction,Sun,Sagittarius,"24°50'50.50""",Venus,Sagittarius,"25°28'53.17""",0,0.6341,0.6341
2026-01-09 15:15:00,Aspect,Conjunction,Venus,Sagittarius,"25°28'53.17""",Mars,Sagittarius,"24°52'57.90""",0,0.5987,0.5987
2026-01-09 15:15:00,Aspect,Opposition,Venus,Sagittarius,"25°28'53.17""",Jupiter,Gemini,"26°01'23.14""",180,179.4583,0.5417
2026-01-09 15:30:00,Aspect,Conjunction,Sun,Sagittarius,"24°51'28.71""",Venus,Sagittarius,"25°29'40.34""",0,0.6366,0.6366
2026-01-09 15:30:00,Aspect,Conjunction,Venus,Sagittarius,"25°29'40.34""",Mars,Sagittarius,"24°53'26.83""",0,0.6038,0.6038
2026-01-09 15:30:00,Aspect,Opposition,Venus,Sagittarius,"25°29'40.34""",Jupiter,Gemini,"26°01'18.08""",180,179.4729,0.5271
2026-01-09 15:45:00,Aspect,Conjunction,Sun,Sagittarius,"24°52'06.92""",Venus,Sagittarius,"25°30'27.51""",0,0.6391,0.6391
2026-01-09 15:45:00,Aspect,Conjunction,Venus,Sagittarius,"25°30'27.51""",Mars,Sagittarius,"24°53'55.77""",0,0.6088,0.6088
2026-01-09 15:45:00,Aspect,Opposition,Venus,Sagittarius,"25°30'27.51""",Jupiter,Gemini,"26°01'13.02""",180,179.4874,0.5126
2026-01-09 16:00:00,Aspect,Conjunction,Sun,Sagittarius,"24°52'45.12""",Venus,Sagittarius,"25°31'14.69""",0,0.6415,0.6415
2026-01-09 16:00:00,Aspect,Conjunction,Venus,Sagittarius,"25°31'14.69""",Mars,Sagittarius,"24°54'24.71""",0,0.6139,0.6139
2026-01-09 16:00:00,Aspect,Opposition,Venus,Sagittarius,"25°31'14.69""",Jupiter,Gemini,"26°01'07.96""",180,179.5019,0.4981
2026-01-09 16:15:00,Aspect,Conjunction,Sun,Sagittarius,"24°53'23.33""",Venus,Sagittarius,"25°32'01.86""",0,0.644,0.644
2026-01-09 16:15:00,Aspect,Conjunction,Venus,Sagittarius,"25°32'01.86""",Mars,Sagittarius,"24°54'53.65""",0,0.6189,0.6189
2026-01-09 16:15:00,Aspect,Opposition,Venus,Sagittarius,"25°32'01.86""",Jupiter,Gemini,"26°01'02.90""",180,179.5164,0.4836
2026-01-09 16:30:00,Aspect,Conjunction,Sun,Sagittarius,"24°54'01.54""",Venus,Sagittarius,"25°32'49.03""",0,0.6465,0.6465
2026-01-09 16:30:00,Aspect,Conjunction,Venus,Sagittarius,"25°32'49.03""",Mars,Sagittarius,"24°55'22.59""",0,0.624,0.624
2026-01-09 16:30:00,Aspect,Opposition,Venus,Sagittarius,"25°32'49.03""",Jupiter,Gemini,"26°00'57.83""",180,179.5309,0.4691
2026-01-09 16:45:00,Aspect,Conjunction,Sun,Sagittarius,"24°54'39.75""",Venus,Sagittarius,"25°33'36.20""",0,0.649,0.649
2026-01-09 16:45:00,Aspect,Conjunction,Venus,Sagittarius,"25°33'36.20""",Mars,Sagittarius,"24°55'51.53""",0,0.6291,0.6291
2026-01-09 16:45:00,Aspect,Opposition,Venus,Sagittarius,"25°33'36.20""",Jupiter,Gemini,"26°00'52.77""",180,179.5454,0.4546
2026-01-09 17:00:00,Aspect,Conjunction,Sun,Sagittarius,"24°55'17.96""",Venus,Sagittarius,"25°34'23.37""",0,0.6515,0.6515
2026-01-09 17:00:00,Aspect,Conjunction,Venus,Sagittarius,"25°34'23.37""",Mars,Sagittarius,"24°56'20.47""",0,0.6341,0.6341
2026-01-09 17:00:00,Aspect,Opposition,Venus,Sagittarius,"25°34'23.37""",Jupiter,Gemini,"26°00'47.71""",180,179.5599,0.4401
2026-01-09 17:15:00,Aspect,Conjunction,Sun,Sagittarius,"24°55'56.17""",Venus,Sagittarius,"25°35'10.54""",0,0.654,0.654
2026-01-09 17:15:00,Aspect,Conjunction,Venus,Sagittarius,"25°35'10.54""",Mars,Sagittarius,"24°56'49.41""",0,0.6392,0.6392
2026-01-09 17:15:00,Aspect,Opposition,Venus,Sagittarius,"25°35'10.54""",Jupiter,Gemini,"26°00'42.65""",180,179.5744,0.4256
2026-01-09 17:30:00,Aspect,Conjunction,Sun,Sagittarius,"24°56'34.37""",Venus,Sagittarius,"25°35'57.71""",0,0.6565,0.6565
2026-01-09 17:30:00,Aspect,Conjunction,Venus,Sagittarius,"25°35'57.71""",Mars,Sagittarius,"24°57'18.36""",0,0.6443,0.6443
2026-01-09 17:30:00,Aspect,Opposition,Venus,Sagittarius,"25°35'57.71""",Jupiter,Gemini,"26°00'37.59""",180,179.5889,0.4111
2026-01-09 17:45:00,Aspect,Conjunction,Sun,Sagittarius,"24°57'12.58""",Venus,Sagittarius,"25°36'44.88""",0,0.659,0.659
2026-01-09 17:45:00,Aspect,Conjunction,Venus,Sagittarius,"25°36'44.88""",Mars,Sagittarius,"24°57'47.30""",0,0.6493,0.6493
2026-01-09 17:45:00,Aspect,Opposition,Venus,Sagittarius,"25°36'44.88""",Jupiter,Gemini,"26°00'32.53""",180,179.6034,0.3966
2026-01-09 18:00:00,Aspect,Conjunction,Sun,Sagittarius,"24°57'50.79""",Venus,Sagittarius,"25°37'32.05""",0,0.6615,0.6615
2026-01-09 18:00:00,Aspect,Conjunction,Venus,Sagittarius,"25°37'32.05""",Mars,Sagittarius,"24°58'16.24""",0,0.6544,0.6544
2026-01-09 18:00:00,Aspect,Opposition,Venus,Sagittarius,"25°37'32.05""",Jupiter,Gemini,"26°00'27.47""",180,179.6179,0.3821
2026-01-09 18:15:00,Aspect,Conjunction,Sun,Sagittarius,"24°58'29.00""",Venus,Sagittarius,"25°38'19.22""",0,0.664,0.664
2026-01-09 18:15:00,Aspect,Conjunction,Venus,Sagittarius,"25°38'19.22""",Mars,Sagittarius,"24°58'45.18""",0,0.6595,0.6595
2026-01-09 18:15:00,Aspect,Opposition,Venus,Sagittarius,"25°38'19.22""",Jupiter,Gemini,"26°00'22.40""",180,179.6324,0.3676
2026-01-09 18:30:00,Aspect,Conjunction,Sun,Sagittarius,"24°59'07.21""",Venus,Sagittarius,"25°39'06.39""",0,0.6664,0.6664
2026-01-09 18:30:00,Aspect,Conjunction,Venus,Sagittarius,"25°39'06.39""",Mars,Sagittarius,"24°59'14.12""",0,0.6645,0.6645
2026-01-09 18:30:00,Aspect,Opposition,Venus,Sagittarius,"25°39'06.39""",Jupiter,Gemini,"26°00'17.34""",180,179.647,0.353
2026-01-09 18:45:00,Aspect,Conjunction,Sun,Sagittarius,"24°59'45.41""",Venus,Sagittarius,"25°39'53.56""",0,0.6689,0.6689
2026-01-09 18:45:00,Aspect,Conjunction,Venus,Sagittarius,"25°39'53.56""",Mars,Sagittarius,"24°59'43.07""",0,0.6696,0.6696
2026-01-09 18:45:00,Aspect,Opposition,Venus,Sagittarius,"25°39'53.56""",Jupiter,Gemini,"26°00'12.28""",180,179.6615,0.3385
2026-01-09 19:00:00,Aspect,Conjunction,Sun,Sagittarius,"25°00'23.62""",Venus,Sagittarius,"25°40'40.73""",0,0.6714,0.6714
2026-01-09 19:00:00,Aspect,Conjunction,Venus,Sagittarius,"25°40'40.73""",Mars,Sagittarius,"25°00'12.01""",0,0.6746,0.6746
2026-01-09 19:00:00,Aspect,Opposition,Venus,Sagittarius,"25°40'40.73""",Jupiter,Gemini,"26°00'07.22""",180,179.676,0.324
2026-01-09 19:15:00,Aspect,Conjunction,Sun,Sagittarius,"25°01'01.83""",Venus,Sagittarius,"25°41'27.90""",0,0.6739,0.6739
2026-01-09 19:15:00,Aspect,Conjunction,Venus,Sagittarius,"25°41'27.90""",Mars,Sagittarius,"25°00'40.95""",0,0.6797,0.6797
2026-01-09 19:15:00,Aspect,Opposition,Venus,Sagittarius,"25°41'27.90""",Jupiter,Gemini,"26°00'02.16""",180,179.6905,0.3095
2026-01-09 19:30:00,Aspect,Conjunction,Sun,Sagittarius,"25°01'40.04""",Venus,Sagittarius,"25°42'15.07""",0,0.6764,0.6764
2026-01-09 19:30:00,Aspect,Conjunction,Venus,Sagittarius,"25°42'15.07""",Mars,Sagittarius,"25°01'09.89""",0,0.6848,0.6848
2026-01-09 19:30:00,Aspect,Opposition,Venus,Sagittarius,"25°42'15.07""",Jupiter,Gemini,"25°59'57.10""",180,179.705,0.295
2026-01-09 19:45:00,Aspect,Conjunction,Sun,Sagittarius,"25°02'18.25""",Venus,Sagittarius,"25°43'02.24""",0,0.6789,0.6789
2026-01-09 19:45:00,Aspect,Conjunction,Venus,Sagittarius,"25°43'02.24""",Mars,Sagittarius,"25°01'38.84""",0,0.6898,0.6898
2026-01-09 19:45:00,Aspect,Opposition,Venus,Sagittarius,"25°43'02.24""",Jupiter,Gemini,"25°59'52.03""",180,179.7195,0.2805
2026-01-09 20:00:00,Aspect,Conjunction,Sun,Sagittarius,"25°02'56.46""",Venus,Sagittarius,"25°43'49.41""",0,0.6814,0.6814
2026-01-09 20:00:00,Aspect,Conjunction,Venus,Sagittarius,"25°43'49.41""",Mars,Sagittarius,"25°02'07.78""",0,0.6949,0.6949
2026-01-09 20:00:00,Aspect,Opposition,Venus,Sagittarius,"25°43'49.41""",Jupiter,Gemini,"25°59'46.97""",180,179.734,0.266
2026-01-09 20:15:00,Aspect,Conjunction,Sun,Sagittarius,"25°03'34.66""",Venus,Sagittarius,"25°44'36.58""",0,0.6839,0.6839
2026-01-09 20:15:00,Aspect,Conjunction,Venus,Sagittarius,"25°44'36.58""",Mars,Sagittarius,"25°02'36.72""",0,0.7,0.7
2026-01-09 20:15:00,Aspect,Opposition,Venus,Sagittarius,"25°44'36.58""",Jupiter,Gemini,"25°59'41.91""",180,179.7485,0.2515
2026-01-09 20:30:00,Aspect,Conjunction,Sun,Sagittarius,"25°04'12.87""",Venus,Sagittarius,"25°45'23.75""",0,0.6864,0.6864
2026-01-09 20:30:00,Aspect,Conjunction,Venus,Sagittarius,"25°45'23.75""",Mars,Sagittarius,"25°03'05.67""",0,0.705,0.705
2026-01-09 20:30:00,Aspect,Opposition,Venus,Sagittarius,"25°45'23.75""",Jupiter,Gemini,"25°59'36.85""",180,179.763,0.237
2026-01-09 20:45:00,Aspect,Conjunction,Sun,Sagittarius,"25°04'51.08""",Venus,Sagittarius,"25°46'10.92""",0,0.6888,0.6888
2026-01-09 20:45:00,Aspect,Conjunction,Venus,Sagittarius,"25°46'10.92""",Mars,Sagittarius,"25°03'34.61""",0,0.7101,0.7101
2026-01-09 20:45:00,Aspect,Opposition,Venus,Sagittarius,"25°46'10.92""",Jupiter,Gemini,"25°59'31.79""",180,179.7775,0.2225
2026-01-09 21:00:00,Aspect,Conjunction,Sun,Sagittarius,"25°05'29.29""",Venus,Sagittarius,"25°46'58.09""",0,0.6913,0.6913
2026-01-09 21:00:00,Aspect,Conjunction,Venus,Sagittarius,"25°46'58.09""",Mars,Sagittarius,"25°04'03.56""",0,0.7151,0.7151
2026-01-09 21:00:00,Aspect,Opposition,Venus,Sagittarius,"25°46'58.09""",Jupiter,Gemini,"25°59'26.72""",180,179.792,0.208
2026-01-09 21:15:00,Aspect,Conjunction,Sun,Sagittarius,"25°06'07.50""",Venus,Sagittarius,"25°47'45.26""",0,0.6938,0.6938
2026-01-09 21:15:00,Aspect,Conjunction,Venus,Sagittarius,"25°47'45.26""",Mars,Sagittarius,"25°04'32.50""",0,0.7202,0.7202
2026-01-09 21:15:00,Aspect,Opposition,Venus,Sagittarius,"25°47'45.26""",Jupiter,Gemini,"25°59'21.66""",180,179.8066,0.1934
2026-01-09 21:30:00,Aspect,Conjunction,Sun,Sagittarius,"25°06'45.71""",Venus,Sagittarius,"25°48'32.44""",0,0.6963,0.6963
2026-01-09 21:30:00,Aspect,Conjunction,Venus,Sagittarius,"25°48'32.44""",Mars,Sagittarius,"25°05'01.45""",0,0.7253,0.7253
2026-01-09 21:30:00,Aspect,Opposition,Venus,Sagittarius,"25°48'32.44""",Jupiter,Gemini,"25°59'16.60""",180,179.8211,0.1789
2026-01-09 21:45:00,Aspect,Conjunction,Sun,Sagittarius,"25°07'23.91""",Venus,Sagittarius,"25°49'19.61""",0,0.6988,0.6988
2026-01-09 21:45:00,Aspect,Conjunction,Venus,Sagittarius,"25°49'19.61""",Mars,Sagittarius,"25°05'30.39""",0,0.7303,0.7303
2026-01-09 21:45:00,Aspect,Opposition,Venus,Sagittarius,"25°49'19.61""",Jupiter,Gemini,"25°59'11.54""",180,179.8356,0.1644
2026-01-09 22:00:00,Aspect,Conjunction,Sun,Sagittarius,"25°08'02.12""",Venus,Sagittarius,"25°50'06.78""",0,0.7013,0.7013
2026-01-09 22:00:00,Aspect,Conjunction,Venus,Sagittarius,"25°50'06.78""",Mars,Sagittarius,"25°05'59.34""",0,0.7354,0.7354
2026-01-09 22:00:00,Aspect,Opposition,Venus,Sagittarius,"25°50'06.78""",Jupiter,Gemini,"25°59'06.48""",180,179.8501,0.1499
2026-01-09 22:15:00,Aspect,Conjunction,Sun,Sagittarius,"25°08'40.33""",Venus,Sagittarius,"25°50'53.95""",0,0.7038,0.7038
2026-01-09 22:15:00,Aspect,Conjunction,Venus,Sagittarius,"25°50'53.95""",Mars,Sagittarius,"25°06'28.28""",0,0.7405,0.7405
2026-01-09 22:15:00,Aspect,Opposition,Venus,Sagittarius,"25°50'53.95""",Jupiter,Gemini,"25°59'01.41""",180,179.8646,0.1354
2026-01-09 22:30:00,Aspect,Conjunction,Sun,Sagittarius,"25°09'18.54""",Venus,Sagittarius,"25°51'41.12""",0,0.7063,0.7063
2026-01-09 22:30:00,Aspect,Conjunction,Venus,Sagittarius,"25°51'41.12""",Mars,Sagittarius,"25°06'57.23""",0,0.7455,0.7455
2026-01-09 22:30:00,Aspect,Opposition,Venus,Sagittarius,"25°51'41.12""",Jupiter,Gemini,"25°58'56.35""",180,179.8791,0.1209
2026-01-09 22:45:00,Aspect,Conjunction,Sun,Sagittarius,"25°09'56.75""",Venus,Sagittarius,"25°52'28.29""",0,0.7088,0.7088
2026-01-09 22:45:00,Aspect,Conjunction,Venus,Sagittarius,"25°52'28.29""",Mars,Sagittarius,"25°07'26.18""",0,0.7506,0.7506
2026-01-09 22:45:00,Aspect,Opposition,Venus,Sagittarius,"25°52'28.29""",Jupiter,Gemini,"25°58'51.29""",180,179.8936,0.1064
2026-01-09 23:00:00,Aspect,Conjunction,Sun,Sagittarius,"25°10'34.96""",Venus,Sagittarius,"25°53'15.46""",0,0.7113,0.7113
2026-01-09 23:00:00,Aspect,Conjunction,Venus,Sagittarius,"25°53'15.46""",Mars,Sagittarius,"25°07'55.12""",0,0.7556,0.7556
2026-01-09 23:00:00,Aspect,Opposition,Venus,Sagittarius,"25°53'15.46""",Jupiter,Gemini,"25°58'46.23""",180,179.9081,0.0919
2026-01-09 23:15:00,Aspect,Conjunction,Sun,Sagittarius,"25°11'13.16""",Venus,Sagittarius,"25°54'02.63""",0,0.7137,0.7137
2026-01-09 23:15:00,Aspect,Conjunction,Venus,Sagittarius,"25°54'02.63""",Mars,Sagittarius,"25°08'24.07""",0,0.7607,0.7607
2026-01-09 23:15:00,Aspect,Opposition,Venus,Sagittarius,"25°54'02.63""",Jupiter,Gemini,"25°58'41.17""",180,179.9226,0.0774
2026-01-09 23:30:00,Aspect,Conjunction,Sun,Sagittarius,"25°11'51.37""",Venus,Sagittarius,"25°54'49.80""",0,0.7162,0.7162
2026-01-09 23:30:00,Aspect,Conjunction,Venus,Sagittarius,"25°54'49.80""",Mars,Sagittarius,"25°08'53.02""",0,0.7658,0.7658
2026-01-09 23:30:00,Aspect,Opposition,Venus,Sagittarius,"25°54'49.80""",Jupiter,Gemini,"25°58'36.10""",180,179.9371,0.0629
2026-01-09 23:45:00,Aspect,Conjunction,Sun,Sagittarius,"25°12'29.58""",Venus,Sagittarius,"25°55'36.97""",0,0.7187,0.7187
2026-01-09 23:45:00,Aspect,Conjunction,Venus,Sagittarius,"25°55'36.97""",Mars,Sagittarius,"25°09'21.96""",0,0.7708,0.7708
2026-01-09 23:45:00,Aspect,Opposition,Venus,Sagittarius,"25°55'36.97""",Jupiter,Gemini,"25°58'31.04""",180,179.9516,0.0484
2026-01-10 00:00:00,Aspect,Conjunction,Sun,Sagittarius,"25°13'07.79""",Venus,Sagittarius,"25°56'24.14""",0,0.7212,0.7212
2026-01-10 00:00:00,Aspect,Conjunction,Venus,Sagittarius,"25°56'24.14""",Mars,Sagittarius,"25°09'50.91""",0,0.7759,0.7759
2026-01-10 00:00:00,Aspect,Opposition,Venus,Sagittarius,"25°56'24.14""",Jupiter,Gemini,"25°58'25.98""",180,179.9662,0.0338
2026-01-10 00:15:00,Aspect,Conjunction,Sun,Sagittarius,"25°13'46.00""",Venus,Sagittarius,"25°57'11.31""",0,0.7237,0.7237
2026-01-10 00:15:00,Aspect,Conjunction,Venus,Sagittarius,"25°57'11.31""",Mars,Sagittarius,"25°10'19.86""",0,0.781,0.781
2026-01-10 00:15:00,Aspect,Opposition,Venus,Sagittarius,"25°57'11.31""",Jupiter,Gemini,"25°58'20.92""",180,179.9807,0.0193
2026-01-10 00:30:00,Aspect,Conjunction,Sun,Sagittarius,"25°14'24.21""",Venus,Sagittarius,"25°57'58.48""",0,0.7262,0.7262
2026-01-10 00:30:00,Aspect,Conjunction,Venus,Sagittarius,"25°57'58.48""",Mars,Sagittarius,"25°10'48.81""",0,0.786,0.786
2026-01-10 00:30:00,Aspect,Opposition,Venus,Sagittarius,"25°57'58.48""",Jupiter,Gemini,"25°58'15.85""",180,179.9952,0.0048
2026-01-10 00:45:00,Aspect,Conjunction,Sun,Sagittarius,"25°15'02.41""",Venus,Sagittarius,"25°58'45.65""",0,0.7287,0.7287
2026-01-10 00:45:00,Aspect,Conjunction,Venus,Sagittarius,"25°58'45.65""",Mars,Sagittarius,"25°11'17.75""",0,0.7911,0.7911
2026-01-10 00:45:00,Aspect,Opposition,Venus,Sagittarius,"25°58'45.65""",Jupiter,Gemini,"25°58'10.79""",180,179.9903,0.0097
2026-01-10 01:00:00,Aspect,Conjunction,Sun,Sagittarius,"25°15'40.62""",Venus,Sagittarius,"25°59'32.82""",0,0.7312,0.7312
2026-01-10 01:00:00,Aspect,Conjunction,Venus,Sagittarius,"25°59'32.82""",Mars,Sagittarius,"25°11'46.70""",0,0.7961,0.7961
2026-01-10 01:00:00,Aspect,Opposition,Venus,Sagittarius,"25°59'32.82""",Jupiter,Gemini,"25°58'05.73""",180,179.9758,0.0242
2026-01-10 01:15:00,Aspect,Conjunction,Sun,Sagittarius,"25°16'18.83""",Venus,Sagittarius,"26°00'19.99""",0,0.7337,0.7337
2026-01-10 01:15:00,Aspect,Conjunction,Venus,Sagittarius,"26°00'19.99""",Mars,Sagittarius,"25°12'15.65""",0,0.8012,0.8012
2026-01-10 01:15:00,Aspect,Opposition,Venus,Sagittarius,"26°00'19.99""",Jupiter,Gemini,"25°58'00.67""",180,179.9613,0.0387
2026-01-10 01:30:00,Aspect,Conjunction,Sun,Sagittarius,"25°16'57.04""",Venus,Sagittarius,"26°01'07.16""",0,0.7361,0.7361
2026-01-10 01:30:00,Aspect,Conjunction,Venus,Sagittarius,"26°01'07.16""",Mars,Sagittarius,"25°12'44.60""",0,0.8063,0.8063
2026-01-10 01:30:00,Aspect,Opposition,Venus,Sagittarius,"26°01'07.16""",Jupiter,Gemini,"25°57'55.60""",180,179.9468,0.0532
2026-01-10 01:45:00,Aspect,Conjunction,Sun,Sagittarius,"25°17'35.25""",Venus,Sagittarius,"26°01'54.33""",0,0.7386,0.7386
2026-01-10 01:45:00,Aspect,Conjunction,Venus,Sagittarius,"26°01'54.33""",Mars,Sagittarius,"25°13'13.55""",0,0.8113,0.8113
2026-01-10 01:45:00,Aspect,Opposition,Venus,Sagittarius,"26°01'54.33""",Jupiter,Gemini,"25°57'50.54""",180,179.9323,0.0677
2026-01-10 02:00:00,Aspect,Conjunction,Sun,Sagittarius,"25°18'13.46""",Venus,Sagittarius,"26°02'41.50""",0,0.7411,0.7411
2026-01-10 02:00:00,Aspect,Conjunction,Venus,Sagittarius,"26°02'41.50""",Mars,Sagittarius,"25°13'42.50""",0,0.8164,0.8164
2026-01-10 02:00:00,Aspect,Opposition,Venus,Sagittarius,"26°02'41.50""",Jupiter,Gemini,"25°57'45.48""",180,179.9178,0.0822
2026-01-10 02:15:00,Aspect,Conjunction,Sun,Sagittarius,"25°18'51.66""",Venus,Sagittarius,"26°03'28.67""",0,0.7436,0.7436
2026-01-10 02:15:00,Aspect,Conjunction,Venus,Sagittarius,"26°03'28.67""",Mars,Sagittarius,"25°14'11.45""",0,0.8214,0.8214
2026-01-10 02:15:00,Aspect,Opposition,Venus,Sagittarius,"26°03'28.67""",Jupiter,Gemini,"25°57'40.42""",180,179.9033,0.0967
2026-01-10 02:30:00,Aspect,Conjunction,Sun,Sagittarius,"25°19'29.87""",Venus,Sagittarius,"26°04'15.84""",0,0.7461,0.7461
2026-01-10 02:30:00,Aspect,Conjunction,Venus,Sagittarius,"26°04'15.84""",Mars,Sagittarius,"25°14'40.40""",0,0.8265,0.8265
2026-01-10 02:30:00,Aspect,Opposition,Venus,Sagittarius,"26°04'15.84""",Jupiter,Gemini,"25°57'35.35""",180,179.8888,0.1112
2026-01-10 02:45:00,Aspect,Conjunction,Sun,Sagittarius,"25°20'08.08""",Venus,Sagittarius,"26°05'03.01""",0,0.7486,0.7486
2026-01-10 02:45:00,Aspect,Conjunction,Venus,Sagittarius,"26°05'03.01""",Mars,Sagittarius,"25°15'09.35""",0,0.8316,0.8316
2026-01-10 02:45:00,Aspect,Opposition,Venus,Sagittarius,"26°05'03.01""",Jupiter,Gemini,"25°57'30.29""",180,179.8742,0.1258
2026-01-10 03:00:00,Aspect,Conjunction,Sun,Sagittarius,"25°20'46.29""",Venus,Sagittarius,"26°05'50.18""",0,0.7511,0.7511
2026-01-10 03:00:00,Aspect,Conjunction,Venus,Sagittarius,"26°05'50.18""",Mars,Sagittarius,"25°15'38.30""",0,0.8366,0.8366
2026-01-10 03:00:00,Aspect,Opposition,Venus,Sagittarius,"26°05'50.18""",Jupiter,Gemini,"25°57'25.23""",180,179.8597,0.1403
2026-01-10 03:15:00,Aspect,Conjunction,Sun,Sagittarius,"25°21'24.50""",Venus,Sagittarius,"26°06'37.35""",0,0.7536,0.7536
2026-01-10 03:15:00,Aspect,Conjunction,Venus,Sagittarius,"26°06'37.35""",Mars,Sagittarius,"25°16'07.25""",0,0.8417,0.8417
2026-01-10 03:15:00,Aspect,Opposition,Venus,Sagittarius,"26°06'37.35""",Jupiter,Gemini,"25°57'20.17""",180,179.8452,0.1548
2026-01-10 03:30:00,Aspect,Conjunction,Sun,Sagittarius,"25°22'02.71""",Venus,Sagittarius,"26°07'24.52""",0,0.7561,0.7561
2026-01-10 03:30:00,Aspect,Conjunction,Venus,Sagittarius,"26°07'24.52""",Mars,Sagittarius,"25°16'36.20""",0,0.8468,0.8468
2026-01-10 03:30:00,Aspect,Opposition,Venus,Sagittarius,"26°07'24.52""",Jupiter,Gemini,"25°57'15.10""",180,179.8307,0.1693
2026-01-10 03:45:00,Aspect,Conjunction,Sun,Sagittarius,"25°22'40.91""",Venus,Sagittarius,"26°08'11.69""",0,0.7585,0.7585
2026-01-10 03:45:00,Aspect,Conjunction,Venus,Sagittarius,"26°08'11.69""",Mars,Sagittarius,"25°17'05.15""",0,0.8518,0.8518
2026-01-10 03:45:00,Aspect,Opposition,Venus,Sagittarius,"26°08'11.69""",Jupiter,Gemini,"25°57'10.04""",180,179.8162,0.1838
2026-01-10 04:00:00,Aspect,Conjunction,Sun,Sagittarius,"25°23'19.12""",Venus,Sagittarius,"26°08'58.86""",0,0.761,0.761
2026-01-10 04:00:00,Aspect,Conjunction,Venus,Sagittarius,"26°08'58.86""",Mars,Sagittarius,"25°17'34.10""",0,0.8569,0.8569
2026-01-10 04:00:00,Aspect,Opposition,Venus,Sagittarius,"26°08'58.86""",Jupiter,Gemini,"25°57'04.98""",180,179.8017,0.1983
2026-01-10 04:15:00,Aspect,Conjunction,Sun,Sagittarius,"25°23'57.33""",Venus,Sagittarius,"26°09'46.03""",0,0.7635,0.7635
2026-01-10 04:15:00,Aspect,Conjunction,Venus,Sagittarius,"26°09'46.03""",Mars,Sagittarius,"25°18'03.06""",0,0.8619,0.8619
2026-01-10 04:15:00,Aspect,Opposition,Venus,Sagittarius,"26°09'46.03""",Jupiter,Gemini,"25°56'59.92""",180,179.7872,0.2128
2026-01-10 04:30:00,Aspect,Conjunction,Sun,Sagittarius,"25°24'35.54""",Venus,Sagittarius,"26°10'33.20""",0,0.766,0.766
2026-01-10 04:30:00,Aspect,Conjunction,Venus,Sagittarius,"26°10'33.20""",Mars,Sagittarius,"25°18'32.01""",0,0.867,0.867
2026-01-10 04:30:00,Aspect,Opposition,Venus,Sagittarius,"26°10'33.20""",Jupiter,Gemini,"25°56'54.85""",180,179.7727,0.2273
2026-01-10 04:45:00,Aspect,Conjunction,Sun,Sagittarius,"25°25'13.75""",Venus,Sagittarius,"26°11'20.37""",0,0.7685,0.7685
2026-01-10 04:45:00,Aspect,Conjunction,Venus,Sagittarius,"26°11'20.37""",Mars,Sagittarius,"25°19'00.96""",0,0.8721,0.8721
2026-01-10 04:45:00,Aspect,Opposition,Venus,Sagittarius,"26°11'20.37""",Jupiter,Gemini,"25°56'49.79""",180,179.7582,0.2418
2026-01-10 05:00:00,Aspect,Conjunction,Sun,Sagittarius,"25°25'51.96""",Venus,Sagittarius,"26°12'07.54""",0,0.771,0.771
2026-01-10 05:00:00,Aspect,Conjunction,Venus,Sagittarius,"26°12'07.54""",Mars,Sagittarius,"25°19'29.91""",0,0.8771,0.8771
2026-01-10 05:00:00,Aspect,Opposition,Venus,Sagittarius,"26°12'07.54""",Jupiter,Gemini,"25°56'44.73""",180,179.7437,0.2563
2026-01-10 05:15:00,Aspect,Conjunction,Sun,Sagittarius,"25°26'30.17""",Venus,Sagittarius,"26°12'54.71""",0,0.7735,0.7735
2026-01-10 05:15:00,Aspect,Conjunction,Venus,Sagittarius,"26°12'54.71""",Mars,Sagittarius,"25°19'58.87""",0,0.8822,0.8822
2026-01-10 05:15:00,Aspect,Opposition,Venus,Sagittarius,"26°12'54.71""",Jupiter,Gemini,"25°56'39.66""",180,179.7292,0.2708
2026-01-10 05:30:00,Aspect,Conjunction,Sun,Sagittarius,"25°27'08.37""",Venus,Sagittarius,"26°13'41.88""",0,0.776,0.776
2026-01-10 05:30:00,Aspect,Conjunction,Venus,Sagittarius,"26°13'41.88""",Mars,Sagittarius,"25°20'27.82""",0,0.8872,0.8872
2026-01-10 05:30:00,Aspect,Opposition,Venus,Sagittarius,"26°13'41.88""",Jupiter,Gemini,"25°56'34.60""",180,179.7146,0.2854
2026-01-10 05:45:00,Aspect,Conjunction,Sun,Sagittarius,"25°27'46.58""",Venus,Sagittarius,"26°14'29.05""",0,0.7785,0.7785
2026-01-10 05:45:00,Aspect,Conjunction,Venus,Sagittarius,"26°14'29.05""",Mars,Sagittarius,"25°20'56.77""",0,0.8923,0.8923
2026-01-10 05:45:00,Aspect,Opposition,Venus,Sagittarius,"26°14'29.05""",Jupiter,Gemini,"25°56'29.54""",180,179.7001,0.2999
2026-01-10 06:00:00,Aspect,Conjunction,Sun,Sagittarius,"25°28'24.79""",Venus,Sagittarius,"26°15'16.22""",0,0.781,0.781
2026-01-10 06:00:00,Aspect,Conjunction,Venus,Sagittarius,"26°15'16.22""",Mars,Sagittarius,"25°21'25.73""",0,0.8974,0.8974
2026-01-10 06:00:00,Aspect,Opposition,Venus,Sagittarius,"26°15'16.22""",Jupiter,Gemini,"25°56'24.48""",180,179.6856,0.3144
2026-01-10 06:15:00,Aspect,Conjunction,Sun,Sagittarius,"25°29'03.00""",Venus,Sagittarius,"26°16'03.39""",0,0.7834,0.7834
2026-01-10 06:15:00,Aspect,Conjunction,Venus,Sagittarius,"26°16'03.39""",Mars,Sagittarius,"25°21'54.68""",0,0.9024,0.9024
2026-01-10 06:15:00,Aspect,Opposition,Venus,Sagittarius,"26°16'03.39""",Jupiter,Gemini,"25°56'19.41""",180,179.6711,0.3289
2026-01-10 06:30:00,Aspect,Conjunction,Sun,Sagittarius,"25°29'41.21""",Venus,Sagittarius,"26°16'50.56""",0,0.7859,0.7859
2026-01-10 06:30:00,Aspect,Conjunction,Venus,Sagittarius,"26°16'50.56""",Mars,Sagittarius,"25°22'23.63""",0,0.9075,0.9075
2026-01-10 06:30:00,Aspect,Opposition,Venus,Sagittarius,"26°16'50.56""",Jupiter,Gemini,"25°56'14.35""",180,179.6566,0.3434
2026-01-10 06:45:00,Aspect,Conjunction,Sun,Sagittarius,"25°30'19.42""",Venus,Sagittarius,"26°17'37.72""",0,0.7884,0.7884
2026-01-10 06:45:00,Aspect,Conjunction,Venus,Sagittarius,"26°17'37.72""",Mars,Sagittarius,"25°22'52.59""",0,0.9125,0.9125
2026-01-10 06:45:00,Aspect,Opposition,Venus,Sagittarius,"26°17'37.72""",Jupiter,Gemini,"25°56'09.29""",180,179.6421,0.3579
2026-01-10 07:00:00,Aspect,Conjunction,Sun,Sagittarius,"25°30'57.62""",Venus,Sagittarius,"26°18'24.89""",0,0.7909,0.7909
2026-01-10 07:00:00,Aspect,Conjunction,Venus,Sagittarius,"26°18'24.89""",Mars,Sagittarius,"25°23'21.54""",0,0.9176,0.9176
2026-01-10 07:00:00,Aspect,Opposition,Venus,Sagittarius,"26°18'24.89""",Jupiter,Gemini,"25°56'04.22""",180,179.6276,0.3724
2026-01-10 07:15:00,Aspect,Conjunction,Sun,Sagittarius,"25°31'35.83""",Venus,Sagittarius,"26°19'12.06""",0,0.7934,0.7934
2026-01-10 07:15:00,Aspect,Conjunction,Venus,Sagittarius,"26°19'12.06""",Mars,Sagittarius,"25°23'50.50""",0,0.9227,0.9227
2026-01-10 07:15:00,Aspect,Opposition,Venus,Sagittarius,"26°19'12.06""",Jupiter,Gemini,"25°55'59.16""",180,179.6131,0.3869
2026-01-10 07:30:00,Aspect,Conjunction,Sun,Sagittarius,"25°32'14.04""",Venus,Sagittarius,"26°19'59.23""",0,0.7959,0.7959
2026-01-10 07:30:00,Aspect,Conjunction,Venus,Sagittarius,"26°19'59.23""",Mars,Sagittarius,"25°24'19.45""",0,0.9277,0.9277
2026-01-10 07:30:00,Aspect,Opposition,Venus,Sagittarius,"26°19'59.23""",Jupiter,Gemini,"25°55'54.10""",180,179.5986,0.4014
2026-01-10 07:45:00,Aspect,Conjunction,Sun,Sagittarius,"25°32'52.25""",Venus,Sagittarius,"26°20'46.40""",0,0.7984,0.7984
2026-01-10 07:45:00,Aspect,Conjunction,Venus,Sagittarius,"26°20'46.40""",Mars,Sagittarius,"25°24'48.41""",0,0.9328,0.9328
2026-01-10 07:45:00,Aspect,Opposition,Venus,Sagittarius,"26°20'46.40""",Jupiter,Gemini,"25°55'49.04""",180,179.5841,0.4159
2026-01-10 08:00:00,Aspect,Conjunction,Sun,Sagittarius,"25°33'30.46""",Venus,Sagittarius,"26°21'33.57""",0,0.8009,0.8009
2026-01-10 08:00:00,Aspect,Conjunction,Venus,Sagittarius,"26°21'33.57""",Mars,Sagittarius,"25°25'17.36""",0,0.9378,0.9378
2026-01-10 08:00:00,Aspect,Opposition,Venus,Sagittarius,"26°21'33.57""",Jupiter,Gemini,"25°55'43.97""",180,179.5696,0.4304
2026-01-10 08:15:00,Aspect,Conjunction,Sun,Sagittarius,"25°34'08.67""",Venus,Sagittarius,"26°22'20.74""",0,0.8034,0.8034
2026-01-10 08:15:00,Aspect,Conjunction,Venus,Sagittarius,"26°22'20.74""",Mars,Sagittarius,"25°25'46.32""",0,0.9429,0.9429
2026-01-10 08:15:00,Aspect,Opposition,Venus,Sagittarius,"26°22'20.74""",Jupiter,Gemini,"25°55'38.91""",180,179.555,0.445
2026-01-10 08:30:00,Aspect,Conjunction,Sun,Sagittarius,"25°34'46.88""",Venus,Sagittarius,"26°23'07.91""",0,0.8058,0.8058
2026-01-10 08:30:00,Aspect,Conjunction,Venus,Sagittarius,"26°23'07.91""",Mars,Sagittarius,"25°26'15.27""",0,0.948,0.948
2026-01-10 08:30:00,Aspect,Opposition,Venus,Sagittarius,"26°23'07.91""",Jupiter,Gemini,"25°55'33.85""",180,179.5405,0.4595
2026-01-10 08:45:00,Aspect,Conjunction,Sun,Sagittarius,"25°35'25.08""",Venus,Sagittarius,"26°23'55.08""",0,0.8083,0.8083
2026-01-10 08:45:00,Aspect,Conjunction,Venus,Sagittarius,"26°23'55.08""",Mars,Sagittarius,"25°26'44.23""",0,0.953,0.953
2026-01-10 08:45:00,Aspect,Opposition,Venus,Sagittarius,"26°23'55.08""",Jupiter,Gemini,"25°55'28.78""",180,179.526,0.474
2026-01-10 09:00:00,Aspect,Conjunction,Sun,Sagittarius,"25°36'03.29""",Venus,Sagittarius,"26°24'42.25""",0,0.8108,0.8108
2026-01-10 09:00:00,Aspect,Conjunction,Venus,Sagittarius,"26°24'42.25""",Mars,Sagittarius,"25°27'13.19""",0,0.9581,0.9581
2026-01-10 09:00:00,Aspect,Opposition,Venus,Sagittarius,"26°24'42.25""",Jupiter,Gemini,"25°55'23.72""",180,179.5115,0.4885
2026-01-10 09:15:00,Aspect,Conjunction,Sun,Sagittarius,"25°36'41.50""",Venus,Sagittarius,"26°25'29.42""",0,0.8133,0.8133
2026-01-10 09:15:00,Aspect,Conjunction,Venus,Sagittarius,"26°25'29.42""",Mars,Sagittarius,"25°27'42.14""",0,0.9631,0.9631
2026-01-10 09:15:00,Aspect,Opposition,Venus,Sagittarius,"26°25'29.42""",Jupiter,Gemini,"25°55'18.66""",180,179.497,0.503
2026-01-10 09:30:00,Aspect,Conjunction,Sun,Sagittarius,"25°37'19.71""",Venus,Sagittarius,"26°26'16.59""",0,0.8158,0.8158
2026-01-10 09:30:00,Aspect,Conjunction,Venus,Sagittarius,"26°26'16.59""",Mars,Sagittarius,"25°28'11.10""",0,0.9682,0.9682
2026-01-10 09:30:00,Aspect,Opposition,Venus,Sagittarius,"26°26'16.59""",Jupiter,Gemini,"25°55'13.60""",180,179.4825,0.5175
2026-01-10 09:45:00,Aspect,Conjunction,Sun,Sagittarius,"25°37'57.92""",Venus,Sagittarius,"26°27'03.76""",0,0.8183,0.8183
2026-01-10 09:45:00,Aspect,Conjunction,Venus,Sagittarius,"26°27'03.76""",Mars,Sagittarius,"25°28'40.06""",0,0.9733,0.9733
2026-01-10 09:45:00,Aspect,Opposition,Venus,Sagittarius,"26°27'03.76""",Jupiter,Gemini,"25°55'08.53""",180,179.468,0.532
2026-01-10 10:00:00,Aspect,Conjunction,Sun,Sagittarius,"25°38'36.13""",Venus,Sagittarius,"26°27'50.93""",0,0.8208,0.8208
2026-01-10 10:00:00,Aspect,Conjunction,Venus,Sagittarius,"26°27'50.93""",Mars,Sagittarius,"25°29'09.02""",0,0.9783,0.9783
2026-01-10 10:00:00,Aspect,Opposition,Venus,Sagittarius,"26°27'50.93""",Jupiter,Gemini,"25°55'03.47""",180,179.4535,0.5465
2026-01-10 10:15:00,Aspect,Conjunction,Sun,Sagittarius,"25°39'14.34""",Venus,Sagittarius,"26°28'38.10""",0,0.8233,0.8233
2026-01-10 10:15:00,Aspect,Conjunction,Venus,Sagittarius,"26°28'38.10""",Mars,Sagittarius,"25°29'37.97""",0,0.9834,0.9834
2026-01-10 10:15:00,Aspect,Opposition,Venus,Sagittarius,"26°28'38.10""",Jupiter,Gemini,"25°54'58.41""",180,179.439,0.561
2026-01-10 10:30:00,Aspect,Conjunction,Sun,Sagittarius,"25°39'52.54""",Venus,Sagittarius,"26°29'25.27""",0,0.8258,0.8258
2026-01-10 10:30:00,Aspect,Conjunction,Venus,Sagittarius,"26°29'25.27""",Mars,Sagittarius,"25°30'06.93""",0,0.9884,0.9884
2026-01-10 10:30:00,Aspect,Opposition,Venus,Sagittarius,"26°29'25.27""",Jupiter,Gemini,"25°54'53.34""",180,179.4245,0.5755
2026-01-10 10:45:00,Aspect,Conjunction,Sun,Sagittarius,"25°40'30.75""",Venus,Sagittarius,"26°30'12.44""",0,0.8282,0.8282
2026-01-10 10:45:00,Aspect,Conjunction,Venus,Sagittarius,"26°30'12.44""",Mars,Sagittarius,"25°30'35.89""",0,0.9935,0.9935
2026-01-10 10:45:00,Aspect,Opposition,Venus,Sagittarius,"26°30'12.44""",Jupiter,Gemini,"25°54'48.28""",180,179.41,0.59
2026-01-10 11:00:00,Aspect,Conjunction,Sun,Sagittarius,"25°41'08.96""",Venus,Sagittarius,"26°30'59.61""",0,0.8307,0.8307
2026-01-10 11:00:00,Aspect,Conjunction,Venus,Sagittarius,"26°30'59.61""",Mars,Sagittarius,"25°31'04.85""",0,0.9985,0.9985
2026-01-10 11:00:00,Aspect,Opposition,Venus,Sagittarius,"26°30'59.61""",Jupiter,Gemini,"25°54'43.22""",180,179.3954,0.6046
2026-01-10 11:15:00,Aspect,Conjunction,Sun,Sagittarius,"25°41'47.17""",Venus,Sagittarius,"26°31'46.78""",0,0.8332,0.8332
2026-01-10 11:15:00,Aspect,Opposition,Venus,Sagittarius,"26°31'46.78""",Jupiter,Gemini,"25°54'38.15""",180,179.3809,0.6191
2026-01-10 11:30:00,Aspect,Conjunction,Sun,Sagittarius,"25°42'25.38""",Venus,Sagittarius,"26°32'33.95""",0,0.8357,0.8357
2026-01-10 11:30:00,Aspect,Opposition,Venus,Sagittarius,"26°32'33.95""",Jupiter,Gemini,"25°54'33.09""",180,179.3664,0.6336
2026-01-10 11:45:00,Aspect,Conjunction,Sun,Sagittarius,"25°43'03.59""",Venus,Sagittarius,"26°33'21.12""",0,0.8382,0.8382
2026-01-10 11:45:00,Aspect,Opposition,Venus,Sagittarius,"26°33'21.12""",Jupiter,Gemini,"25°54'28.03""",180,179.3519,0.6481
2026-01-10 12:00:00,Aspect,Conjunction,Sun,Sagittarius,"25°43'41.80""",Venus,Sagittarius,"26°34'08.29""",0,0.8407,0.8407
2026-01-10 12:00:00,Aspect,Opposition,Venus,Sagittarius,"26°34'08.29""",Jupiter,Gemini,"25°54'22.96""",180,179.3374,0.6626
2026-01-10 12:15:00,Aspect,Conjunction,Sun,Sagittarius,"25°44'20.00""",Venus,Sagittarius,"26°34'55.46""",0,0.8432,0.8432
2026-01-10 12:15:00,Aspect,Opposition,Venus,Sagittarius,"26°34'55.46""",Jupiter,Gemini,"25°54'17.90""",180,179.3229,0.6771
2026-01-10 12:30:00,Aspect,Conjunction,Sun,Sagittarius,"25°44'58.21""",Venus,Sagittarius,"26°35'42.62""",0,0.8457,0.8457
2026-01-10 12:30:00,Aspect,Opposition,Venus,Sagittarius,"26°35'42.62""",Jupiter,Gemini,"25°54'12.84""",180,179.3084,0.6916
2026-01-10 12:45:00,Aspect,Conjunction,Sun,Sagittarius,"25°45'36.42""",Venus,Sagittarius,"26°36'29.79""",0,0.8482,0.8482
2026-01-10 12:45:00,Aspect,Opposition,Venus,Sagittarius,"26°36'29.79""",Jupiter,Gemini,"25°54'07.77""",180,179.2939,0.7061
2026-01-10 13:00:00,Aspect,Conjunction,Sun,Sagittarius,"25°46'14.63""",Venus,Sagittarius,"26°37'16.96""",0,0.8506,0.8506
2026-01-10 13:00:00,Aspect,Opposition,Venus,Sagittarius,"26°37'16.96""",Jupiter,Gemini,"25°54'02.71""",180,179.2794,0.7206
2026-01-10 13:15:00,Aspect,Conjunction,Sun,Sagittarius,"25°46'52.84""",Venus,Sagittarius,"26°38'04.13""",0,0.8531,0.8531
2026-01-10 13:15:00,Aspect,Opposition,Venus,Sagittarius,"26°38'04.13""",Jupiter,Gemini,"25°53'57.65""",180,179.2649,0.7351
2026-01-10 13:30:00,Aspect,Conjunction,Sun,Sagittarius,"25°47'31.05""",Venus,Sagittarius,"26°38'51.30""",0,0.8556,0.8556
2026-01-10 13:30:00,Aspect,Opposition,Venus,Sagittarius,"26°38'51.30""",Jupiter,Gemini,"25°53'52.59""",180,179.2504,0.7496
2026-01-10 13:45:00,Aspect,Conjunction,Sun,Sagittarius,"25°48'09.26""",Venus,Sagittarius,"26°39'38.47""",0,0.8581,0.8581
2026-01-10 13:45:00,Aspect,Opposition,Venus,Sagittarius,"26°39'38.47""",Jupiter,Gemini,"25°53'47.52""",180,179.2358,0.7642
2026-01-10 14:00:00,Aspect,Conjunction,Sun,Sagittarius,"25°48'47.46""",Venus,Sagittarius,"26°40'25.64""",0,0.8606,0.8606
2026-01-10 14:00:00,Aspect,Opposition,Venus,Sagittarius,"26°40'25.64""",Jupiter,Gemini,"25°53'42.46""",180,179.2213,0.7787
2026-01-10 14:15:00,Aspect,Conjunction,Sun,Sagittarius,"25°49'25.67""",Venus,Sagittarius,"26°41'12.81""",0,0.8631,0.8631
2026-01-10 14:15:00,Aspect,Opposition,Venus,Sagittarius,"26°41'12.81""",Jupiter,Gemini,"25°53'37.40""",180,179.2068,0.7932
2026-01-10 14:30:00,Aspect,Conjunction,Sun,Sagittarius,"25°50'03.88""",Venus,Sagittarius,"26°41'59.98""",0,0.8656,0.8656
2026-01-10 14:30:00,Aspect,Opposition,Venus,Sagittarius,"26°41'59.98""",Jupiter,Gemini,"25°53'32.33""",180,179.1923,0.8077
2026-01-10 14:45:00,Aspect,Conjunction,Sun,Sagittarius,"25°50'42.09""",Venus,Sagittarius,"26°42'47.15""",0,0.8681,0.8681
2026-01-10 14:45:00,Aspect,Opposition,Venus,Sagittarius,"26°42'47.15""",Jupiter,Gemini,"25°53'27.27""",180,179.1778,0.8222
2026-01-10 15:00:00,Aspect,Conjunction,Sun,Sagittarius,"25°51'20.30""",Venus,Sagittarius,"26°43'34.32""",0,0.8706,0.8706
2026-01-10 15:00:00,Aspect,Opposition,Venus,Sagittarius,"26°43'34.32""",Jupiter,Gemini,"25°53'22.21""",180,179.1633,0.8367
2026-01-10 15:15:00,Aspect,Conjunction,Sun,Sagittarius,"25°51'58.51""",Venus,Sagittarius,"26°44'21.49""",0,0.873,0.873
2026-01-10 15:15:00,Aspect,Opposition,Venus,Sagittarius,"26°44'21.49""",Jupiter,Gemini,"25°53'17.14""",180,179.1488,0.8512
2026-01-10 15:30:00,Aspect,Conjunction,Sun,Sagittarius,"25°52'36.72""",Venus,Sagittarius,"26°45'08.66""",0,0.8755,0.8755
2026-01-10 15:30:00,Aspect,Opposition,Venus,Sagittarius,"26°45'08.66""",Jupiter,Gemini,"25°53'12.08""",180,179.1343,0.8657
2026-01-10 15:45:00,Aspect,Conjunction,Sun,Sagittarius,"25°53'14.92""",Venus,Sagittarius,"26°45'55.82""",0,0.878,0.878
2026-01-10 15:45:00,Aspect,Opposition,Venus,Sagittarius,"26°45'55.82""",Jupiter,Gemini,"25°53'07.02""",180,179.1198,0.8802
2026-01-10 16:00:00,Aspect,Conjunction,Sun,Sagittarius,"25°53'53.13""",Venus,Sagittarius,"26°46'42.99""",0,0.8805,0.8805
2026-01-10 16:00:00,Aspect,Opposition,Venus,Sagittarius,"26°46'42.99""",Jupiter,Gemini,"25°53'01.95""",180,179.1053,0.8947
2026-01-10 16:15:00,Aspect,Conjunction,Sun,Sagittarius,"25°54'31.34""",Venus,Sagittarius,"26°47'30.16""",0,0.883,0.883
2026-01-10 16:15:00,Aspect,Opposition,Venus,Sagittarius,"26°47'30.16""",Jupiter,Gemini,"25°52'56.89""",180,179.0908,0.9092
2026-01-10 16:30:00,Aspect,Conjunction,Sun,Sagittarius,"25°55'09.55""",Venus,Sagittarius,"26°48'17.33""",0,0.8855,0.8855
2026-01-10 16:30:00,Aspect,Opposition,Venus,Sagittarius,"26°48'17.33""",Jupiter,Gemini,"25°52'51.83""",180,179.0762,0.9238
2026-01-10 16:45:00,Aspect,Conjunction,Sun,Sagittarius,"25°55'47.76""",Venus,Sagittarius,"26°49'04.50""",0,0.888,0.888
2026-01-10 16:45:00,Aspect,Opposition,Venus,Sagittarius,"26°49'04.50""",Jupiter,Gemini,"25°52'46.76""",180,179.0617,0.9383
2026-01-10 17:00:00,Aspect,Conjunction,Sun,Sagittarius,"25°56'25.97""",Venus,Sagittarius,"26°49'51.67""",0,0.8905,0.8905
2026-01-10 17:00:00,Aspect,Opposition,Venus,Sagittarius,"26°49'51.67""",Jupiter,Gemini,"25°52'41.70""",180,179.0472,0.9528
2026-01-10 17:15:00,Aspect,Conjunction,Sun,Sagittarius,"25°57'04.18""",Venus,Sagittarius,"26°50'38.84""",0,0.893,0.893
2026-01-10 17:15:00,Aspect,Opposition,Venus,Sagittarius,"26°50'38.84""",Jupiter,Gemini,"25°52'36.64""",180,179.0327,0.9673
2026-01-10 17:30:00,Aspect,Conjunction,Sun,Sagittarius,"25°57'42.38""",Venus,Sagittarius,"26°51'26.01""",0,0.8955,0.8955
2026-01-10 17:30:00,Aspect,Opposition,Venus,Sagittarius,"26°51'26.01""",Jupiter,Gemini,"25°52'31.57""",180,179.0182,0.9818
2026-01-10 17:45:00,Aspect,Conjunction,Sun,Sagittarius,"25°58'20.59""",Venus,Sagittarius,"26°52'13.18""",0,0.8979,0.8979
2026-01-10 17:45:00,Aspect,Opposition,Venus,Sagittarius,"26°52'13.18""",Jupiter,Gemini,"25°52'26.51""",180,179.0037,0.9963
2026-01-10 18:00:00,Aspect,Conjunction,Sun,Sagittarius,"25°58'58.80""",Venus,Sagittarius,"26°53'00.35""",0,0.9004,0.9004
2026-01-10 18:15:00,Aspect,Conjunction,Sun,Sagittarius,"25°59'37.01""",Venus,Sagittarius,"26°53'47.52""",0,0.9029,0.9029
2026-01-10 18:30:00,Aspect,Conjunction,Sun,Sagittarius,"26°00'15.22""",Venus,Sagittarius,"26°54'34.68""",0,0.9054,0.9054
2026-01-10 18:45:00,Aspect,Conjunction,Sun,Sagittarius,"26°00'53.43""",Venus,Sagittarius,"26°55'21.85""",0,0.9079,0.9079
2026-01-10 19:00:00,Aspect,Conjunction,Sun,Sagittarius,"26°01'31.64""",Venus,Sagittarius,"26°56'09.02""",0,0.9104,0.9104
2026-01-10 19:15:00,Aspect,Conjunction,Sun,Sagittarius,"26°02'09.84""",Venus,Sagittarius,"26°56'56.19""",0,0.9129,0.9129
2026-01-10 19:30:00,Aspect,Conjunction,Sun,Sagittarius,"26°02'48.05""",Venus,Sagittarius,"26°57'43.36""",0,0.9154,0.9154
2026-01-10 19:45:00,Aspect,Conjunction,Sun,Sagittarius,"26°03'26.26""",Venus,Sagittarius,"26°58'30.53""",0,0.9179,0.9179
2026-01-10 20:00:00,Aspect,Conjunction,Sun,Sagittarius,"26°04'04.47""",Venus,Sagittarius,"26°59'17.70""",0,0.9203,0.9203
2026-01-10 20:15:00,Aspect,Conjunction,Sun,Sagittarius,"26°04'42.68""",Venus,Sagittarius,"27°00'04.87""",0,0.9228,0.9228
2026-01-10 20:30:00,Aspect,Conjunction,Sun,Sagittarius,"26°05'20.89""",Venus,Sagittarius,"27°00'52.04""",0,0.9253,0.9253
2026-01-10 20:45:00,Aspect,Conjunction,Sun,Sagittarius,"26°05'59.10""",Venus,Sagittarius,"27°01'39.20""",0,0.9278,0.9278
2026-01-10 21:00:00,Aspect,Conjunction,Sun,Sagittarius,"26°06'37.31""",Venus,Sagittarius,"27°02'26.37""",0,0.9303,0.9303
2026-01-10 21:15:00,Aspect,Conjunction,Sun,Sagittarius,"26°07'15.51""",Venus,Sagittarius,"27°03'13.54""",0,0.9328,0.9328
2026-01-10 21:30:00,Aspect,Conjunction,Sun,Sagittarius,"26°07'53.72""",Venus,Sagittarius,"27°04'00.71""",0,0.9353,0.9353
2026-01-10 21:45:00,Aspect,Conjunction,Sun,Sagittarius,"26°08'31.93""",Venus,Sagittarius,"27°04'47.88""",0,0.9378,0.9378
2026-01-10 22:00:00,Aspect,Conjunction,Sun,Sagittarius,"26°09'10.14""",Venus,Sagittarius,"27°05'35.05""",0,0.9403,0.9403
2026-01-10 22:15:00,Aspect,Conjunction,Sun,Sagittarius,"26°09'48.35""",Venus,Sagittarius,"27°06'22.22""",0,0.9427,0.9427
2026-01-10 22:30:00,Aspect,Conjunction,Sun,Sagittarius,"26°10'26.56""",Venus,Sagittarius,"27°07'09.39""",0,0.9452,0.9452
2026-01-10 22:45:00,Aspect,Conjunction,Sun,Sagittarius,"26°11'04.77""",Venus,Sagittarius,"27°07'56.56""",0,0.9477,0.9477
2026-01-10 23:00:00,Aspect,Conjunction,Sun,Sagittarius,"26°11'42.97""",Venus,Sagittarius,"27°08'43.72""",0,0.9502,0.9502
2026-01-10 23:15:00,Aspect,Conjunction,Sun,Sagittarius,"26°12'21.18""",Venus,Sagittarius,"27°09'30.89""",0,0.9527,0.9527
2026-01-10 23:30:00,Aspect,Conjunction,Sun,Sagittarius,"26°12'59.39""",Venus,Sagittarius,"27°10'18.06""",0,0.9552,0.9552
2026-01-10 23:45:00,Aspect,Conjunction,Sun,Sagittarius,"26°13'37.60""",Venus,Sagittarius,"27°11'05.23""",0,0.9577,0.9577
2026-01-11 00:00:00,Aspect,Conjunction,Sun,Sagittarius,"26°14'15.81""",Venus,Sagittarius,"27°11'52.40""",0,0.9602,0.9602
2026-01-11 00:15:00,Aspect,Conjunction,Sun,Sagittarius,"26°14'54.02""",Venus,Sagittarius,"27°12'39.57""",0,0.9627,0.9627
2026-01-11 00:30:00,Aspect,Conjunction,Sun,Sagittarius,"26°15'32.23""",Venus,Sagittarius,"27°13'26.74""",0,0.9651,0.9651
2026-01-11 00:45:00,Aspect,Conjunction,Sun,Sagittarius,"26°16'10.44""",Venus,Sagittarius,"27°14'13.90""",0,0.9676,0.9676
2026-01-11 01:00:00,Aspect,Conjunction,Sun,Sagittarius,"26°16'48.64""",Venus,Sagittarius,"27°15'01.07""",0,0.9701,0.9701
2026-01-11 01:15:00,Aspect,Conjunction,Sun,Sagittarius,"26°17'26.85""",Venus,Sagittarius,"27°15'48.24""",0,0.9726,0.9726
2026-01-11 01:30:00,Aspect,Conjunction,Sun,Sagittarius,"26°18'05.06""",Venus,Sagittarius,"27°16'35.41""",0,0.9751,0.9751
2026-01-11 01:45:00,Aspect,Conjunction,Sun,Sagittarius,"26°18'43.27""",Venus,Sagittarius,"27°17'22.58""",0,0.9776,0.9776
2026-01-11 02:00:00,Aspect,Conjunction,Sun,Sagittarius,"26°19'21.48""",Venus,Sagittarius,"27°18'09.75""",0,0.9801,0.9801
2026-01-11 02:15:00,Aspect,Conjunction,Sun,Sagittarius,"26°19'59.69""",Venus,Sagittarius,"27°18'56.92""",0,0.9826,0.9826
2026-01-11 02:30:00,Aspect,Conjunction,Sun,Sagittarius,"26°20'37.90""",Venus,Sagittarius,"27°19'44.08""",0,0.9851,0.9851
2026-01-11 02:45:00,Aspect,Conjunction,Sun,Sagittarius,"26°21'16.10""",Venus,Sagittarius,"27°20'31.25""",0,0.9875,0.9875
2026-01-11 03:00:00,Aspect,Conjunction,Sun,Sagittarius,"26°21'54.31""",Venus,Sagittarius,"27°21'18.42""",0,0.99,0.99
2026-01-11 03:15:00,Aspect,Conjunction,Sun,Sagittarius,"26°22'32.52""",Venus,Sagittarius,"27°22'05.59""",0,0.9925,0.9925
2026-01-11 03:30:00,Aspect,Conjunction,Sun,Sagittarius,"26°23'10.73""",Venus,Sagittarius,"27°22'52.76""",0,0.995,0.995
2026-01-11 03:45:00,Aspect,Conjunction,Sun,Sagittarius,"26°23'48.94""",Venus,Sagittarius,"27°23'39.93""",0,0.9975,0.9975
2026-01-11 04:00:00,Aspect,Conjunction,Sun,Sagittarius,"26°24'27.15""",Venus,Sagittarius,"27°24'27.09""",0,1.0,1.0
2026-01-14 17:00:00,Aspect,Sextitle,Venus,Capricorn,"1°51'43.23""",Saturn,Pisces,"2°51'36.27""",60,60.9981,0.9981
2026-01-14 17:15:00,Aspect,Sextitle,Venus,Capricorn,"1°52'30.39""",Saturn,Pisces,"2°51'39.18""",60,60.9858,0.9858
2026-01-14 17:30:00,Aspect,Sextitle,Venus,Capricorn,"1°53'17.55""",Saturn,Pisces,"2°51'42.10""",60,60.9735,0.9735
2026-01-14 17:45:00,Aspect,Sextitle,Venus,Capricorn,"1°54'04.72""",Saturn,Pisces,"2°51'45.01""",60,60.9612,0.9612
2026-01-14 18:00:00,Aspect,Sextitle,Venus,Capricorn,"1°54'51.88""",Saturn,Pisces,"2°51'47.93""",60,60.9489,0.9489
2026-01-14 18:15:00,Aspect,Sextitle,Venus,Capricorn,"1°55'39.04""",Saturn,Pisces,"2°51'50.84""",60,60.9366,0.9366
2026-01-14 18:30:00,Aspect,Sextitle,Venus,Capricorn,"1°56'26.20""",Saturn,Pisces,"2°51'53.76""",60,60.9243,0.9243
2026-01-14 18:45:00,Aspect,Sextitle,Venus,Capricorn,"1°57'13.36""",Saturn,Pisces,"2°51'56.67""",60,60.912,0.912
2026-01-14 19:00:00,Aspect,Sextitle,Venus,Capricorn,"1°58'00.52""",Saturn,Pisces,"2°51'59.59""",60,60.8997,0.8997
2026-01-14 19:15:00,Aspect,Sextitle,Venus,Capricorn,"1°58'47.68""",Saturn,Pisces,"2°52'02.51""",60,60.8875,0.8875
2026-01-14 19:30:00,Aspect,Sextitle,Venus,Capricorn,"1°59'34.84""",Saturn,Pisces,"2°52'05.43""",60,60.8752,0.8752
2026-01-14 19:45:00,Aspect,Sextitle,Venus,Capricorn,"2°00'22.00""",Saturn,Pisces,"2°52'08.34""",60,60.8629,0.8629
2026-01-14 20:00:00,Aspect,Sextitle,Venus,Capricorn,"2°01'09.16""",Saturn,Pisces,"2°52'11.26""",60,60.8506,0.8506
2026-01-14 20:15:00,Aspect,Sextitle,Venus,Capricorn,"2°01'56.33""",Saturn,Pisces,"2°52'14.18""",60,60.8383,0.8383
2026-01-14 20:30:00,Aspect,Sextitle,Venus,Capricorn,"2°02'43.49""",Saturn,Pisces,"2°52'17.10""",60,60.826,0.826
2026-01-14 20:45:00,Aspect,Sextitle,Venus,Capricorn,"2°03'30.65""",Saturn,Pisces,"2°52'20.02""",60,60.8137,0.8137
2026-01-14 21:00:00,Aspect,Sextitle,Venus,Capricorn,"2°04'17.81""",Saturn,Pisces,"2°52'22.94""",60,60.8014,0.8014
2026-01-14 21:15:00,Aspect,Sextitle,Venus,Capricorn,"2°05'04.97""",Saturn,Pisces,"2°52'25.86""",60,60.7891,0.7891
2026-01-14 21:30:00,Aspect,Sextitle,Venus,Capricorn,"2°05'52.13""",Saturn,Pisces,"2°52'28.79""",60,60.7768,0.7768
2026-01-14 21:45:00,Aspect,Sextitle,Venus,Capricorn,"2°06'39.29""",Saturn,Pisces,"2°52'31.71""",60,60.7646,0.7646
2026-01-14 22:00:00,Aspect,Sextitle,Venus,Capricorn,"2°07'26.45""",Saturn,Pisces,"2°52'34.63""",60,60.7523,0.7523
2026-01-14 22:15:00,Aspect,Sextitle,Venus,Capricorn,"2°08'13.61""",Saturn,Pisces,"2°52'37.56""",60,60.74,0.74
2026-01-14 22:30:00,Aspect,Sextitle,Venus,Capricorn,"2°09'00.77""",Saturn,Pisces,"2°52'40.48""",60,60.7277,0.7277
2026-01-14 22:45:00,Aspect,Sextitle,Venus,Capricorn,"2°09'47.93""",Saturn,Pisces,"2°52'43.40""",60,60.7154,0.7154
2026-01-14 23:00:00,Aspect,Sextitle,Venus,Capricorn,"2°10'35.09""",Saturn,Pisces,"2°52'46.33""",60,60.7031,0.7031
2026-01-14 23:15:00,Aspect,Sextitle,Venus,Capricorn,"2°11'22.25""",Saturn,Pisces,"2°52'49.25""",60,60.6908,0.6908
2026-01-14 23:30:00,Aspect,Sextitle,Venus,Capricorn,"2°12'09.42""",Saturn,Pisces,"2°52'52.18""",60,60.6785,0.6785
2026-01-14 23:45:00,Aspect,Sextitle,Venus,Capricorn,"2°12'56.58""",Saturn,Pisces,"2°52'55.11""",60,60.6663,0.6663
2026-01-15 00:00:00,Aspect,Sextitle,Venus,Capricorn,"2°13'43.74""",Saturn,Pisces,"2°52'58.03""",60,60.654,0.654
2026-01-15 00:15:00,Aspect,Sextitle,Venus,Capricorn,"2°14'30.90""",Saturn,Pisces,"2°53'00.96""",60,60.6417,0.6417
2026-01-15 00:30:00,Aspect,Sextitle,Venus,Capricorn,"2°15'18.06""",Saturn,Pisces,"2°53'03.89""",60,60.6294,0.6294
2026-01-15 00:45:00,Aspect,Sextitle,Venus,Capricorn,"2°16'05.22""",Saturn,Pisces,"2°53'06.82""",60,60.6171,0.6171
2026-01-15 01:00:00,Aspect,Sextitle,Venus,Capricorn,"2°16'52.38""",Saturn,Pisces,"2°53'09.75""",60,60.6048,0.6048
2026-01-15 01:15:00,Aspect,Sextitle,Venus,Capricorn,"2°17'39.54""",Saturn,Pisces,"2°53'12.68""",60,60.5925,0.5925
2026-01-15 01:30:00,Aspect,Sextitle,Venus,Capricorn,"2°18'26.70""",Saturn,Pisces,"2°53'15.61""",60,60.5803,0.5803
2026-01-15 01:45:00,Aspect,Sextitle,Venus,Capricorn,"2°19'13.86""",Saturn,Pisces,"2°53'18.54""",60,60.568,0.568
2026-01-15 02:00:00,Aspect,Sextitle,Venus,Capricorn,"2°20'01.02""",Saturn,Pisces,"2°53'21.47""",60,60.5557,0.5557
2026-01-15 02:15:00,Aspect,Sextitle,Venus,Capricorn,"2°20'48.18""",Saturn,Pisces,"2°53'24.40""",60,60.5434,0.5434
2026-01-15 02:30:00,Aspect,Sextitle,Venus,Capricorn,"2°21'35.34""",Saturn,Pisces,"2°53'27.34""",60,60.5311,0.5311
2026-01-15 02:45:00,Aspect,Sextitle,Venus,Capricorn,"2°22'22.50""",Saturn,Pisces,"2°53'30.27""",60,60.5188,0.5188
2026-01-15 03:00:00,Aspect,Sextitle,Venus,Capricorn,"2°23'09.66""",Saturn,Pisces,"2°53'33.20""",60,60.5065,0.5065
2026-01-15 03:15:00,Aspect,Sextitle,Venus,Capricorn,"2°23'56.82""",Saturn,Pisces,"2°53'36.14""",60,60.4943,0.4943
2026-01-15 03:30:00,Aspect,Sextitle,Venus,Capricorn,"2°24'43.98""",Saturn,Pisces,"2°53'39.07""",60,60.482,0.482
2026-01-15 03:45:00,Aspect,Sextitle,Venus,Capricorn,"2°25'31.14""",Saturn,Pisces,"2°53'42.01""",60,60.4697,0.4697
2026-01-15 04:00:00,Aspect,Sextitle,Venus,Capricorn,"2°26'18.30""",Saturn,Pisces,"2°53'44.94""",60,60.4574,0.4574
2026-01-15 04:15:00,Aspect,Sextitle,Venus,Capricorn,"2°27'05.46""",Saturn,Pisces,"2°53'47.88""",60,60.4451,0.4451
2026-01-15 04:30:00,Aspect,Sextitle,Venus,Capricorn,"2°27'52.62""",Saturn,Pisces,"2°53'50.81""",60,60.4328,0.4328
2026-01-15 04:45:00,Aspect,Sextitle,Venus,Capricorn,"2°28'39.78""",Saturn,Pisces,"2°53'53.75""",60,60.4205,0.4205
2026-01-15 05:00:00,Aspect,Sextitle,Venus,Capricorn,"2°29'26.94""",Saturn,Pisces,"2°53'56.69""",60,60.4083,0.4083
2026-01-15 05:15:00,Aspect,Sextitle,Venus,Capricorn,"2°30'14.10""",Saturn,Pisces,"2°53'59.63""",60,60.396,0.396
2026-01-15 05:30:00,Aspect,Sextitle,Venus,Capricorn,"2°31'01.26""",Saturn,Pisces,"2°54'02.57""",60,60.3837,0.3837
2026-01-15 05:45:00,Aspect,Sextitle,Venus,Capricorn,"2°31'48.42""",Saturn,Pisces,"2°54'05.51""",60,60.3714,0.3714
2026-01-15 06:00:00,Aspect,Sextitle,Venus,Capricorn,"2°32'35.58""",Saturn,Pisces,"2°54'08.44""",60,60.3591,0.3591
2026-01-15 06:15:00,Aspect,Sextitle,Venus,Capricorn,"2°33'22.74""",Saturn,Pisces,"2°54'11.39""",60,60.3468,0.3468
2026-01-15 06:30:00,Aspect,Sextitle,Venus,Capricorn,"2°34'09.90""",Saturn,Pisces,"2°54'14.33""",60,60.3346,0.3346
2026-01-15 06:45:00,Aspect,Sextitle,Venus,Capricorn,"2°34'57.06""",Saturn,Pisces,"2°54'17.27""",60,60.3223,0.3223
2026-01-15 07:00:00,Aspect,Sextitle,Venus,Capricorn,"2°35'44.22""",Saturn,Pisces,"2°54'20.21""",60,60.31,0.31
2026-01-15 07:15:00,Aspect,Sextitle,Venus,Capricorn,"2°36'31.38""",Saturn,Pisces,"2°54'23.15""",60,60.2977,0.2977
2026-01-15 07:30:00,Aspect,Sextitle,Venus,Capricorn,"2°37'18.54""",Saturn,Pisces,"2°54'26.09""",60,60.2854,0.2854
2026-01-15 07:45:00,Aspect,Sextitle,Venus,Capricorn,"2°38'05.70""",Saturn,Pisces,"2°54'29.04""",60,60.2732,0.2732
2026-01-15 08:00:00,Aspect,Sextitle,Venus,Capricorn,"2°38'52.86""",Saturn,Pisces,"2°54'31.98""",60,60.2609,0.2609
2026-01-15 08:15:00,Aspect,Sextitle,Venus,Capricorn,"2°39'40.02""",Saturn,Pisces,"2°54'34.93""",60,60.2486,0.2486
2026-01-15 08:30:00,Aspect,Sextitle,Venus,Capricorn,"2°40'27.18""",Saturn,Pisces,"2°54'37.87""",60,60.2363,0.2363
2026-01-15 08:45:00,Aspect,Sextitle,Venus,Capricorn,"2°41'14.34""",Saturn,Pisces,"2°54'40.82""",60,60.224,0.224
2026-01-15 09:00:00,Aspect,Sextitle,Venus,Capricorn,"2°42'01.50""",Saturn,Pisces,"2°54'43.76""",60,60.2117,0.2117
2026-01-15 09:15:00,Aspect,Sextitle,Venus,Capricorn,"2°42'48.66""",Saturn,Pisces,"2°54'46.71""",60,60.1995,0.1995
2026-01-15 09:30:00,Aspect,Sextitle,Venus,Capricorn,"2°43'35.81""",Saturn,Pisces,"2°54'49.66""",60,60.1872,0.1872
2026-01-15 09:45:00,Aspect,Sextitle,Venus,Capricorn,"2°44'22.97""",Saturn,Pisces,"2°54'52.60""",60,60.1749,0.1749
2026-01-15 10:00:00,Aspect,Sextitle,Venus,Capricorn,"2°45'10.13""",Saturn,Pisces,"2°54'55.55""",60,60.1626,0.1626
2026-01-15 10:15:00,Aspect,Sextitle,Venus,Capricorn,"2°45'57.29""",Saturn,Pisces,"2°54'58.50""",60,60.1503,0.1503
2026-01-15 10:30:00,Aspect,Sextitle,Venus,Capricorn,"2°46'44.45""",Saturn,Pisces,"2°55'01.45""",60,60.1381,0.1381
2026-01-15 10:45:00,Aspect,Sextitle,Venus,Capricorn,"2°47'31.61""",Saturn,Pisces,"2°55'04.40""",60,60.1258,0.1258
2026-01-15 11:00:00,Aspect,Sextitle,Venus,Capricorn,"2°48'18.77""",Saturn,Pisces,"2°55'07.35""",60,60.1135,0.1135
2026-01-15 11:15:00,Aspect,Sextitle,Venus,Capricorn,"2°49'05.93""",Saturn,Pisces,"2°55'10.30""",60,60.1012,0.1012
2026-01-15 11:30:00,Aspect,Sextitle,Venus,Capricorn,"2°49'53.09""",Saturn,Pisces,"2°55'13.25""",60,60.0889,0.0889
2026-01-15 11:45:00,Aspect,Sextitle,Venus,Capricorn,"2°50'40.25""",Saturn,Pisces,"2°55'16.20""",60,60.0767,0.0767
2026-01-15 12:00:00,Aspect,Sextitle,Venus,Capricorn,"2°51'27.41""",Saturn,Pisces,"2°55'19.16""",60,60.0644,0.0644
2026-01-15 12:15:00,Aspect,Sextitle,Venus,Capricorn,"2°52'14.57""",Saturn,Pisces,"2°55'22.11""",60,60.0521,0.0521
2026-01-15 12:30:00,Aspect,Sextitle,Venus,Capricorn,"2°53'01.73""",Saturn,Pisces,"2°55'25.06""",60,60.0398,0.0398
2026-01-15 12:45:00,Aspect,Sextitle,Venus,Capricorn,"2°53'48.88""",Saturn,Pisces,"2°55'28.02""",60,60.0275,0.0275
2026-01-15 13:00:00,Aspect,Sextitle,Venus,Capricorn,"2°54'36.04""",Saturn,Pisces,"2°55'30.97""",60,60.0153,0.0153
2026-01-15 13:15:00,Aspect,Sextitle,Venus,Capricorn,"2°55'23.20""",Saturn,Pisces,"2°55'33.93""",60,60.003,0.003
2026-01-15 13:30:00,Aspect,Sextitle,Venus,Capricorn,"2°56'10.36""",Saturn,Pisces,"2°55'36.88""",60,59.9907,0.0093
2026-01-15 13:45:00,Aspect,Sextitle,Venus,Capricorn,"2°56'57.52""",Saturn,Pisces,"2°55'39.84""",60,59.9784,0.0216
2026-01-15 14:00:00,Aspect,Sextitle,Venus,Capricorn,"2°57'44.68""",Saturn,Pisces,"2°55'42.79""",60,59.9661,0.0339
2026-01-15 14:15:00,Aspect,Sextitle,Venus,Capricorn,"2°58'31.84""",Saturn,Pisces,"2°55'45.75""",60,59.9539,0.0461
2026-01-15 14:30:00,Aspect,Sextitle,Venus,Capricorn,"2°59'19.00""",Saturn,Pisces,"2°55'48.71""",60,59.9416,0.0584
2026-01-15 14:45:00,Aspect,Sextitle,Venus,Capricorn,"3°00'06.16""",Saturn,Pisces,"2°55'51.67""",60,59.9293,0.0707
2026-01-15 15:00:00,Aspect,Sextitle,Venus,Capricorn,"3°00'53.31""",Saturn,Pisces,"2°55'54.62""",60,59.917,0.083
2026-01-15 15:15:00,Aspect,Sextitle,Venus,Capricorn,"3°01'40.47""",Saturn,Pisces,"2°55'57.58""",60,59.9048,0.0952
2026-01-15 15:30:00,Aspect,Sextitle,Venus,Capricorn,"3°02'27.63""",Saturn,Pisces,"2°56'00.54""",60,59.8925,0.1075
2026-01-15 15:45:00,Aspect,Sextitle,Venus,Capricorn,"3°03'14.79""",Saturn,Pisces,"2°56'03.50""",60,59.8802,0.1198
2026-01-15 16:00:00,Aspect,Sextitle,Venus,Capricorn,"3°04'01.95""",Saturn,Pisces,"2°56'06.46""",60,59.8679,0.1321
2026-01-15 16:15:00,Aspect,Sextitle,Venus,Capricorn,"3°04'49.11""",Saturn,Pisces,"2°56'09.43""",60,59.8556,0.1444
2026-01-15 16:30:00,Aspect,Sextitle,Venus,Capricorn,"3°05'36.27""",Saturn,Pisces,"2°56'12.39""",60,59.8434,0.1566
2026-01-15 16:45:00,Aspect,Sextitle,Venus,Capricorn,"3°06'23.42""",Saturn,Pisces,"2°56'15.35""",60,59.8311,0.1689
2026-01-15 17:00:00,Aspect,Sextitle,Venus,Capricorn,"3°07'10.58""",Saturn,Pisces,"2°56'18.31""",60,59.8188,0.1812
2026-01-15 17:15:00,Aspect,Sextitle,Venus,Capricorn,"3°07'57.74""",Saturn,Pisces,"2°56'21.27""",60,59.8065,0.1935
2026-01-15 17:30:00,Aspect,Sextitle,Venus,Capricorn,"3°08'44.90""",Saturn,Pisces,"2°56'24.24""",60,59.7943,0.2057
2026-01-15 17:45:00,Aspect,Sextitle,Venus,Capricorn,"3°09'32.06""",Saturn,Pisces,"2°56'27.20""",60,59.782,0.218
2026-01-15 18:00:00,Aspect,Sextitle,Venus,Capricorn,"3°10'19.22""",Saturn,Pisces,"2°56'30.17""",60,59.7697,0.2303
2026-01-15 18:15:00,Aspect,Sextitle,Venus,Capricorn,"3°11'06.38""",Saturn,Pisces,"2°56'33.13""",60,59.7574,0.2426
2026-01-15 18:30:00,Aspect,Sextitle,Venus,Capricorn,"3°11'53.53""",Saturn,Pisces,"2°56'36.10""",60,59.7452,0.2548
2026-01-15 18:45:00,Aspect,Sextitle,Venus,Capricorn,"3°12'40.69""",Saturn,Pisces,"2°56'39.07""",60,59.7329,0.2671
2026-01-15 19:00:00,Aspect,Sextitle,Venus,Capricorn,"3°13'27.85""",Saturn,Pisces,"2°56'42.03""",60,59.7206,0.2794
2026-01-15 19:15:00,Aspect,Sextitle,Venus,Capricorn,"3°14'15.01""",Saturn,Pisces,"2°56'45.00""",60,59.7083,0.2917
2026-01-15 19:30:00,Aspect,Sextitle,Venus,Capricorn,"3°15'02.17""",Saturn,Pisces,"2°56'47.97""",60,59.6961,0.3039
2026-01-15 19:45:00,Aspect,Sextitle,Venus,Capricorn,"3°15'49.33""",Saturn,Pisces,"2°56'50.94""",60,59.6838,0.3162
2026-01-15 20:00:00,Aspect,Sextitle,Venus,Capricorn,"3°16'36.48""",Saturn,Pisces,"2°56'53.90""",60,59.6715,0.3285
2026-01-15 20:15:00,Aspect,Sextitle,Venus,Capricorn,"3°17'23.64""",Saturn,Pisces,"2°56'56.87""",60,59.6592,0.3408
2026-01-15 20:30:00,Aspect,Sextitle,Venus,Capricorn,"3°18'10.80""",Saturn,Pisces,"2°56'59.84""",60,59.647,0.353
2026-01-15 20:45:00,Aspect,Sextitle,Venus,Capricorn,"3°18'57.96""",Saturn,Pisces,"2°57'02.81""",60,59.6347,0.3653
2026-01-15 21:00:00,Aspect,Sextitle,Venus,Capricorn,"3°19'45.12""",Saturn,Pisces,"2°57'05.79""",60,59.6224,0.3776
2026-01-15 21:15:00,Aspect,Sextitle,Venus,Capricorn,"3°20'32.27""",Saturn,Pisces,"2°57'08.76""",60,59.6101,0.3899
2026-01-15 21:30:00,Aspect,Sextitle,Venus,Capricorn,"3°21'19.43""",Saturn,Pisces,"2°57'11.73""",60,59.5979,0.4021
2026-01-15 21:45:00,Aspect,Sextitle,Venus,Capricorn,"3°22'06.59""",Saturn,Pisces,"2°57'14.70""",60,59.5856,0.4144
2026-01-15 22:00:00,Aspect,Sextitle,Venus,Capricorn,"3°22'53.75""",Saturn,Pisces,"2°57'17.68""",60,59.5733,0.4267
2026-01-15 22:15:00,Aspect,Sextitle,Venus,Capricorn,"3°23'40.91""",Saturn,Pisces,"2°57'20.65""",60,59.561,0.439
2026-01-15 22:30:00,Aspect,Sextitle,Venus,Capricorn,"3°24'28.06""",Saturn,Pisces,"2°57'23.62""",60,59.5488,0.4512
2026-01-15 22:45:00,Aspect,Sextitle,Venus,Capricorn,"3°25'15.22""",Saturn,Pisces,"2°57'26.60""",60,59.5365,0.4635
2026-01-15 23:00:00,Aspect,Sextitle,Venus,Capricorn,"3°26'02.38""",Saturn,Pisces,"2°57'29.57""",60,59.5242,0.4758
2026-01-15 23:15:00,Aspect,Sextitle,Venus,Capricorn,"3°26'49.54""",Saturn,Pisces,"2°57'32.55""",60,59.5119,0.4881
2026-01-15 23:30:00,Aspect,Sextitle,Venus,Capricorn,"3°27'36.69""",Saturn,Pisces,"2°57'35.52""",60,59.4997,0.5003
2026-01-15 23:45:00,Aspect,Sextitle,Venus,Capricorn,"3°28'23.85""",Saturn,Pisces,"2°57'38.50""",60,59.4874,0.5126
2026-01-16 00:00:00,Aspect,Sextitle,Venus,Capricorn,"3°29'11.01""",Saturn,Pisces,"2°57'41.48""",60,59.4751,0.5249
2026-01-16 00:15:00,Aspect,Sextitle,Venus,Capricorn,"3°29'58.17""",Saturn,Pisces,"2°57'44.46""",60,59.4629,0.5371
2026-01-16 00:30:00,Aspect,Sextitle,Venus,Capricorn,"3°30'45.32""",Saturn,Pisces,"2°57'47.43""",60,59.4506,0.5494
2026-01-16 00:45:00,Aspect,Sextitle,Venus,Capricorn,"3°31'32.48""",Saturn,Pisces,"2°57'50.41""",60,59.4383,0.5617
2026-01-16 01:00:00,Aspect,Sextitle,Venus,Capricorn,"3°32'19.64""",Saturn,Pisces,"2°57'53.39""",60,59.426,0.574
2026-01-16 01:15:00,Aspect,Sextitle,Venus,Capricorn,"3°33'06.80""",Saturn,Pisces,"2°57'56.37""",60,59.4138,0.5862
2026-01-16 01:30:00,Aspect,Sextitle,Venus,Capricorn,"3°33'53.95""",Saturn,Pisces,"2°57'59.35""",60,59.4015,0.5985
2026-01-16 01:45:00,Aspect,Sextitle,Venus,Capricorn,"3°34'41.11""",Saturn,Pisces,"2°58'02.33""",60,59.3892,0.6108
2026-01-16 02:00:00,Aspect,Sextitle,Venus,Capricorn,"3°35'28.27""",Saturn,Pisces,"2°58'05.32""",60,59.377,0.623
2026-01-16 02:15:00,Aspect,Sextitle,Venus,Capricorn,"3°36'15.43""",Saturn,Pisces,"2°58'08.30""",60,59.3647,0.6353
2026-01-16 02:30:00,Aspect,Sextitle,Venus,Capricorn,"3°37'02.58""",Saturn,Pisces,"2°58'11.28""",60,59.3524,0.6476
2026-01-16 02:45:00,Aspect,Sextitle,Venus,Capricorn,"3°37'49.74""",Saturn,Pisces,"2°58'14.26""",60,59.3401,0.6599
2026-01-16 03:00:00,Aspect,Sextitle,Venus,Capricorn,"3°38'36.90""",Saturn,Pisces,"2°58'17.25""",60,59.3279,0.6721
2026-01-16 03:15:00,Aspect,Sextitle,Venus,Capricorn,"3°39'24.06""",Saturn,Pisces,"2°58'20.23""",60,59.3156,0.6844
2026-01-16 03:30:00,Aspect,Sextitle,Venus,Capricorn,"3°40'11.21""",Saturn,Pisces,"2°58'23.21""",60,59.3033,0.6967
2026-01-16 03:45:00,Aspect,Sextitle,Venus,Capricorn,"3°40'58.37""",Saturn,Pisces,"2°58'26.20""",60,59.2911,0.7089
2026-01-16 04:00:00,Aspect,Sextitle,Venus,Capricorn,"3°41'45.53""",Saturn,Pisces,"2°58'29.18""",60,59.2788,0.7212
2026-01-16 04:15:00,Aspect,Sextitle,Venus,Capricorn,"3°42'32.68""",Saturn,Pisces,"2°58'32.17""",60,59.2665,0.7335
2026-01-16 04:30:00,Aspect,Sextitle,Venus,Capricorn,"3°43'19.84""",Saturn,Pisces,"2°58'35.16""",60,59.2543,0.7457
2026-01-16 04:45:00,Aspect,Sextitle,Venus,Capricorn,"3°44'07.00""",Saturn,Pisces,"2°58'38.14""",60,59.242,0.758
2026-01-16 05:00:00,Aspect,Sextitle,Venus,Capricorn,"3°44'54.16""",Saturn,Pisces,"2°58'41.13""",60,59.2297,0.7703
2026-01-16 05:15:00,Aspect,Sextitle,Venus,Capricorn,"3°45'41.31""",Saturn,Pisces,"2°58'44.12""",60,59.2174,0.7826
2026-01-16 05:30:00,Aspect,Sextitle,Venus,Capricorn,"3°46'28.47""",Saturn,Pisces,"2°58'47.11""",60,59.2052,0.7948
2026-01-16 05:45:00,Aspect,Sextitle,Venus,Capricorn,"3°47'15.63""",Saturn,Pisces,"2°58'50.10""",60,59.1929,0.8071
2026-01-16 06:00:00,Aspect,Sextitle,Venus,Capricorn,"3°48'02.78""",Saturn,Pisces,"2°58'53.09""",60,59.1806,0.8194
2026-01-16 06:15:00,Aspect,Sextitle,Venus,Capricorn,"3°48'49.94""",Saturn,Pisces,"2°58'56.08""",60,59.1684,0.8316
2026-01-16 06:30:00,Aspect,Sextitle,Venus,Capricorn,"3°49'37.10""",Saturn,Pisces,"2°58'59.07""",60,59.1561,0.8439
2026-01-16 06:45:00,Aspect,Sextitle,Venus,Capricorn,"3°50'24.25""",Saturn,Pisces,"2°59'02.06""",60,59.1438,0.8562
2026-01-16 07:00:00,Aspect,Sextitle,Venus,Capricorn,"3°51'11.41""",Saturn,Pisces,"2°59'05.05""",60,59.1316,0.8684
2026-01-16 07:15:00,Aspect,Sextitle,Venus,Capricorn,"3°51'58.57""",Saturn,Pisces,"2°59'08.04""",60,59.1193,0.8807
2026-01-16 07:30:00,Aspect,Sextitle,Venus,Capricorn,"3°52'45.72""",Saturn,Pisces,"2°59'11.04""",60,59.107,0.893
2026-01-16 07:45:00,Aspect,Sextitle,Venus,Capricorn,"3°53'32.88""",Saturn,Pisces,"2°59'14.03""",60,59.0948,0.9052
2026-01-16 08:00:00,Aspect,Sextitle,Venus,Capricorn,"3°54'20.04""",Saturn,Pisces,"2°59'17.02""",60,59.0825,0.9175
2026-01-16 08:15:00,Aspect,Sextitle,Venus,Capricorn,"3°55'07.19""",Saturn,Pisces,"2°59'20.02""",60,59.0702,0.9298
2026-01-16 08:30:00,Aspect,Sextitle,Venus,Capricorn,"3°55'54.35""",Saturn,Pisces,"2°59'23.01""",60,59.058,0.942
2026-01-16 08:45:00,Aspect,Sextitle,Venus,Capricorn,"3°56'41.51""",Saturn,Pisces,"2°59'26.01""",60,59.0457,0.9543
2026-01-16 09:00:00,Aspect,Sextitle,Venus,Capricorn,"3°57'28.66""",Saturn,Pisces,"2°59'29.00""",60,59.0334,0.9666
2026-01-16 09:15:00,Aspect,Sextitle,Venus,Capricorn,"3°58'15.82""",Saturn,Pisces,"2°59'32.00""",60,59.0212,0.9788
2026-01-16 09:30:00,Aspect,Sextitle,Venus,Capricorn,"3°59'02.98""",Saturn,Pisces,"2°59'35.00""",60,59.0089,0.9911
2026-01-27 16:00:00,Aspect,Conjunction,Mercury,Capricorn,"17°08'57.75""",Venus,Capricorn,"18°08'55.39""",0,0.9993,0.9993
2026-01-27 16:15:00,Aspect,Conjunction,Mercury,Capricorn,"17°10'02.75""",Venus,Capricorn,"18°09'42.48""",0,0.9944,0.9944
2026-01-27 16:30:00,Aspect,Conjunction,Mercury,Capricorn,"17°11'07.77""",Venus,Capricorn,"18°10'29.57""",0,0.9894,0.9894
2026-01-27 16:45:00,Aspect,Conjunction,Mercury,Capricorn,"17°12'12.78""",Venus,Capricorn,"18°11'16.66""",0,0.9844,0.9844
2026-01-27 17:00:00,Aspect,Conjunction,Mercury,Capricorn,"17°13'17.80""",Venus,Capricorn,"18°12'03.75""",0,0.9794,0.9794
2026-01-27 17:15:00,Aspect,Conjunction,Mercury,Capricorn,"17°14'22.82""",Venus,Capricorn,"18°12'50.84""",0,0.9744,0.9744
2026-01-27 17:30:00,Aspect,Conjunction,Mercury,Capricorn,"17°15'27.85""",Venus,Capricorn,"18°13'37.93""",0,0.9695,0.9695
2026-01-27 17:45:00,Aspect,Conjunction,Mercury,Capricorn,"17°16'32.87""",Venus,Capricorn,"18°14'25.02""",0,0.9645,0.9645
2026-01-27 18:00:00,Aspect,Conjunction,Mercury,Capricorn,"17°17'37.91""",Venus,Capricorn,"18°15'12.10""",0,0.9595,0.9595
2026-01-27 18:15:00,Aspect,Conjunction,Mercury,Capricorn,"17°18'42.94""",Venus,Capricorn,"18°15'59.19""",0,0.9545,0.9545
2026-01-27 18:30:00,Aspect,Conjunction,Mercury,Capricorn,"17°19'47.98""",Venus,Capricorn,"18°16'46.28""",0,0.9495,0.9495
2026-01-27 18:45:00,Aspect,Conjunction,Mercury,Capricorn,"17°20'53.02""",Venus,Capricorn,"18°17'33.37""",0,0.9445,0.9445
2026-01-27 19:00:00,Aspect,Conjunction,Mercury,Capricorn,"17°21'58.07""",Venus,Capricorn,"18°18'20.46""",0,0.9396,0.9396
2026-01-27 19:15:00,Aspect,Conjunction,Mercury,Capricorn,"17°23'03.12""",Venus,Capricorn,"18°19'07.55""",0,0.9346,0.9346
2026-01-27 19:30:00,Aspect,Conjunction,Mercury,Capricorn,"17°24'08.17""",Venus,Capricorn,"18°19'54.64""",0,0.9296,0.9296
2026-01-27 19:45:00,Aspect,Conjunction,Mercury,Capricorn,"17°25'13.22""",Venus,Capricorn,"18°20'41.72""",0,0.9246,0.9246
2026-01-27 20:00:00,Aspect,Conjunction,Mercury,Capricorn,"17°26'18.28""",Venus,Capricorn,"18°21'28.81""",0,0.9196,0.9196
2026-01-27 20:15:00,Aspect,Conjunction,Mercury,Capricorn,"17°27'23.34""",Venus,Capricorn,"18°22'15.90""",0,0.9146,0.9146
2026-01-27 20:30:00,Aspect,Conjunction,Mercury,Capricorn,"17°28'28.41""",Venus,Capricorn,"18°23'02.99""",0,0.9096,0.9096
2026-01-27 20:45:00,Aspect,Conjunction,Mercury,Capricorn,"17°29'33.48""",Venus,Capricorn,"18°23'50.08""",0,0.9046,0.9046
2026-01-27 21:00:00,Aspect,Conjunction,Mercury,Capricorn,"17°30'38.55""",Venus,Capricorn,"18°24'37.16""",0,0.8996,0.8996
2026-01-27 21:15:00,Aspect,Conjunction,Mercury,Capricorn,"17°31'43.63""",Venus,Capricorn,"18°25'24.25""",0,0.8946,0.8946
2026-01-27 21:30:00,Aspect,Conjunction,Mercury,Capricorn,"17°32'48.71""",Venus,Capricorn,"18°26'11.34""",0,0.8896,0.8896
2026-01-27 21:45:00,Aspect,Conjunction,Mercury,Capricorn,"17°33'53.79""",Venus,Capricorn,"18°26'58.43""",0,0.8846,0.8846
2026-01-27 22:00:00,Aspect,Conjunction,Mercury,Capricorn,"17°34'58.88""",Venus,Capricorn,"18°27'45.51""",0,0.8796,0.8796
2026-01-27 22:15:00,Aspect,Conjunction,Mercury,Capricorn,"17°36'03.96""",Venus,Capricorn,"18°28'32.60""",0,0.8746,0.8746
2026-01-27 22:30:00,Aspect,Conjunction,Mercury,Capricorn,"17°37'09.06""",Venus,Capricorn,"18°29'19.69""",0,0.8696,0.8696
2026-01-27 22:45:00,Aspect,Conjunction,Mercury,Capricorn,"17°38'14.15""",Venus,Capricorn,"18°30'06.77""",0,0.8646,0.8646
2026-01-27 23:00:00,Aspect,Conjunction,Mercury,Capricorn,"17°39'19.25""",Venus,Capricorn,"18°30'53.86""",0,0.8596,0.8596
2026-01-27 23:15:00,Aspect,Conjunction,Mercury,Capricorn,"17°40'24.36""",Venus,Capricorn,"18°31'40.95""",0,0.8546,0.8546
2026-01-27 23:30:00,Aspect,Conjunction,Mercury,Capricorn,"17°41'29.46""",Venus,Capricorn,"18°32'28.04""",0,0.8496,0.8496
2026-01-27 23:45:00,Aspect,Conjunction,Mercury,Capricorn,"17°42'34.57""",Venus,Capricorn,"18°33'15.12""",0,0.8446,0.8446
2026-01-28 00:00:00,Aspect,Conjunction,Mercury,Capricorn,"17°43'39.68""",Venus,Capricorn,"18°34'02.21""",0,0.8396,0.8396
2026-01-28 00:15:00,Aspect,Conjunction,Mercury,Capricorn,"17°44'44.80""",Venus,Capricorn,"18°34'49.30""",0,0.8346,0.8346
2026-01-28 00:30:00,Aspect,Conjunction,Mercury,Capricorn,"17°45'49.92""",Venus,Capricorn,"18°35'36.38""",0,0.8296,0.8296
2026-01-28 00:45:00,Aspect,Conjunction,Mercury,Capricorn,"17°46'55.04""",Venus,Capricorn,"18°36'23.47""",0,0.8246,0.8246
2026-01-28 01:00:00,Aspect,Conjunction,Mercury,Capricorn,"17°48'00.17""",Venus,Capricorn,"18°37'10.56""",0,0.8196,0.8196
2026-01-28 01:15:00,Aspect,Conjunction,Mercury,Capricorn,"17°49'05.30""",Venus,Capricorn,"18°37'57.64""",0,0.8145,0.8145
2026-01-28 01:30:00,Aspect,Conjunction,Mercury,Capricorn,"17°50'10.43""",Venus,Capricorn,"18°38'44.73""",0,0.8095,0.8095
2026-01-28 01:45:00,Aspect,Conjunction,Mercury,Capricorn,"17°51'15.57""",Venus,Capricorn,"18°39'31.81""",0,0.8045,0.8045
2026-01-28 02:00:00,Aspect,Conjunction,Mercury,Capricorn,"17°52'20.71""",Venus,Capricorn,"18°40'18.90""",0,0.7995,0.7995
2026-01-28 02:15:00,Aspect,Conjunction,Mercury,Capricorn,"17°53'25.85""",Venus,Capricorn,"18°41'05.99""",0,0.7945,0.7945
2026-01-28 02:30:00,Aspect,Conjunction,Mercury,Capricorn,"17°54'31.00""",Venus,Capricorn,"18°41'53.07""",0,0.7895,0.7895
2026-01-28 02:45:00,Aspect,Conjunction,Mercury,Capricorn,"17°55'36.15""",Venus,Capricorn,"18°42'40.16""",0,0.7844,0.7844
2026-01-28 03:00:00,Aspect,Conjunction,Mercury,Capricorn,"17°56'41.30""",Venus,Capricorn,"18°43'27.24""",0,0.7794,0.7794
2026-01-28 03:15:00,Aspect,Conjunction,Mercury,Capricorn,"17°57'46.46""",Venus,Capricorn,"18°44'14.33""",0,0.7744,0.7744
2026-01-28 03:30:00,Aspect,Conjunction,Mercury,Capricorn,"17°58'51.62""",Venus,Capricorn,"18°45'01.41""",0,0.7694,0.7694
2026-01-28 03:45:00,Aspect,Conjunction,Mercury,Capricorn,"17°59'56.78""",Venus,Capricorn,"18°45'48.50""",0,0.7644,0.7644
2026-01-28 04:00:00,Aspect,Conjunction,Mercury,Capricorn,"18°01'01.95""",Venus,Capricorn,"18°46'35.58""",0,0.7593,0.7593
2026-01-28 04:15:00,Aspect,Conjunction,Mercury,Capricorn,"18°02'07.12""",Venus,Capricorn,"18°47'22.67""",0,0.7543,0.7543
2026-01-28 04:30:00,Aspect,Conjunction,Mercury,Capricorn,"18°03'12.29""",Venus,Capricorn,"18°48'09.75""",0,0.7493,0.7493
2026-01-28 04:45:00,Aspect,Conjunction,Mercury,Capricorn,"18°04'17.47""",Venus,Capricorn,"18°48'56.84""",0,0.7443,0.7443
2026-01-28 05:00:00,Aspect,Conjunction,Mercury,Capricorn,"18°05'22.65""",Venus,Capricorn,"18°49'43.92""",0,0.7392,0.7392
2026-01-28 05:15:00,Aspect,Conjunction,Mercury,Capricorn,"18°06'27.83""",Venus,Capricorn,"18°50'31.01""",0,0.7342,0.7342
2026-01-28 05:30:00,Aspect,Conjunction,Mercury,Capricorn,"18°07'33.02""",Venus,Capricorn,"18°51'18.09""",0,0.7292,0.7292
2026-01-28 05:45:00,Aspect,Conjunction,Mercury,Capricorn,"18°08'38.21""",Venus,Capricorn,"18°52'05.18""",0,0.7242,0.7242
2026-01-28 06:00:00,Aspect,Conjunction,Mercury,Capricorn,"18°09'43.40""",Venus,Capricorn,"18°52'52.26""",0,0.7191,0.7191
2026-01-28 06:15:00,Aspect,Conjunction,Mercury,Capricorn,"18°10'48.60""",Venus,Capricorn,"18°53'39.35""",0,0.7141,0.7141
2026-01-28 06:30:00,Aspect,Conjunction,Mercury,Capricorn,"18°11'53.80""",Venus,Capricorn,"18°54'26.43""",0,0.7091,0.7091
2026-01-28 06:45:00,Aspect,Conjunction,Mercury,Capricorn,"18°12'59.00""",Venus,Capricorn,"18°55'13.52""",0,0.704,0.704
2026-01-28 07:00:00,Aspect,Conjunction,Mercury,Capricorn,"18°14'04.21""",Venus,Capricorn,"18°56'00.60""",0,0.699,0.699
2026-01-28 07:15:00,Aspect,Conjunction,Mercury,Capricorn,"18°15'09.42""",Venus,Capricorn,"18°56'47.69""",0,0.694,0.694
2026-01-28 07:30:00,Aspect,Conjunction,Mercury,Capricorn,"18°16'14.63""",Venus,Capricorn,"18°57'34.77""",0,0.6889,0.6889
2026-01-28 07:45:00,Aspect,Conjunction,Mercury,Capricorn,"18°17'19.85""",Venus,Capricorn,"18°58'21.85""",0,0.6839,0.6839
2026-01-28 08:00:00,Aspect,Conjunction,Mercury,Capricorn,"18°18'25.06""",Venus,Capricorn,"18°59'08.94""",0,0.6789,0.6789
2026-01-28 08:15:00,Aspect,Conjunction,Mercury,Capricorn,"18°19'30.29""",Venus,Capricorn,"18°59'56.02""",0,0.6738,0.6738
2026-01-28 08:30:00,Aspect,Conjunction,Mercury,Capricorn,"18°20'35.51""",Venus,Capricorn,"19°00'43.11""",0,0.6688,0.6688
2026-01-28 08:45:00,Aspect,Conjunction,Mercury,Capricorn,"18°21'40.74""",Venus,Capricorn,"19°01'30.19""",0,0.6637,0.6637
2026-01-28 09:00:00,Aspect,Conjunction,Mercury,Capricorn,"18°22'45.98""",Venus,Capricorn,"19°02'17.27""",0,0.6587,0.6587
2026-01-28 09:15:00,Aspect,Conjunction,Mercury,Capricorn,"18°23'51.21""",Venus,Capricorn,"19°03'04.36""",0,0.6537,0.6537
2026-01-28 09:30:00,Aspect,Conjunction,Mercury,Capricorn,"18°24'56.45""",Venus,Capricorn,"19°03'51.44""",0,0.6486,0.6486
2026-01-28 09:45:00,Aspect,Conjunction,Mercury,Capricorn,"18°26'01.69""",Venus,Capricorn,"19°04'38.52""",0,0.6436,0.6436
2026-01-28 10:00:00,Aspect,Conjunction,Mercury,Capricorn,"18°27'06.94""",Venus,Capricorn,"19°05'25.61""",0,0.6385,0.6385
2026-01-28 10:15:00,Aspect,Conjunction,Mercury,Capricorn,"18°28'12.19""",Venus,Capricorn,"19°06'12.69""",0,0.6335,0.6335
2026-01-28 10:30:00,Aspect,Conjunction,Mercury,Capricorn,"18°29'17.44""",Venus,Capricorn,"19°06'59.77""",0,0.6284,0.6284
2026-01-28 10:45:00,Aspect,Conjunction,Mercury,Capricorn,"18°30'22.70""",Venus,Capricorn,"19°07'46.86""",0,0.6234,0.6234
2026-01-28 11:00:00,Aspect,Conjunction,Mercury,Capricorn,"18°31'27.96""",Venus,Capricorn,"19°08'33.94""",0,0.6183,0.6183
2026-01-28 11:15:00,Aspect,Conjunction,Mercury,Capricorn,"18°32'33.22""",Venus,Capricorn,"19°09'21.02""",0,0.6133,0.6133
2026-01-28 11:30:00,Aspect,Conjunction,Mercury,Capricorn,"18°33'38.48""",Venus,Capricorn,"19°10'08.10""",0,0.6082,0.6082
2026-01-28 11:45:00,Aspect,Conjunction,Mercury,Capricorn,"18°34'43.75""",Venus,Capricorn,"19°10'55.19""",0,0.6032,0.6032
2026-01-28 12:00:00,Aspect,Conjunction,Mercury,Capricorn,"18°35'49.03""",Venus,Capricorn,"19°11'42.27""",0,0.5981,0.5981
2026-01-28 12:15:00,Aspect,Conjunction,Mercury,Capricorn,"18°36'54.30""",Venus,Capricorn,"19°12'29.35""",0,0.5931,0.5931
2026-01-28 12:30:00,Aspect,Conjunction,Mercury,Capricorn,"18°37'59.58""",Venus,Capricorn,"19°13'16.43""",0,0.588,0.588
2026-01-28 12:45:00,Aspect,Conjunction,Mercury,Capricorn,"18°39'04.86""",Venus,Capricorn,"19°14'03.52""",0,0.583,0.583
2026-01-28 13:00:00,Aspect,Conjunction,Mercury,Capricorn,"18°40'10.15""",Venus,Capricorn,"19°14'50.60""",0,0.5779,0.5779
2026-01-28 13:15:00,Aspect,Conjunction,Mercury,Capricorn,"18°41'15.43""",Venus,Capricorn,"19°15'37.68""",0,0.5728,0.5728
2026-01-28 13:30:00,Aspect,Conjunction,Mercury,Capricorn,"18°42'20.73""",Venus,Capricorn,"19°16'24.76""",0,0.5678,0.5678
2026-01-28 13:45:00,Aspect,Conjunction,Mercury,Capricorn,"18°43'26.02""",Venus,Capricorn,"19°17'11.84""",0,0.5627,0.5627
2026-01-28 14:00:00,Aspect,Conjunction,Mercury,Capricorn,"18°44'31.32""",Venus,Capricorn,"19°17'58.93""",0,0.5577,0.5577
2026-01-28 14:15:00,Aspect,Conjunction,Mercury,Capricorn,"18°45'36.62""",Venus,Capricorn,"19°18'46.01""",0,0.5526,0.5526
2026-01-28 14:30:00,Aspect,Conjunction,Mercury,Capricorn,"18°46'41.93""",Venus,Capricorn,"19°19'33.09""",0,0.5475,0.5475
2026-01-28 14:45:00,Aspect,Conjunction,Mercury,Capricorn,"18°47'47.23""",Venus,Capricorn,"19°20'20.17""",0,0.5425,0.5425
2026-01-28 15:00:00,Aspect,Conjunction,Mercury,Capricorn,"18°48'52.54""",Venus,Capricorn,"19°21'07.25""",0,0.5374,0.5374
2026-01-28 15:15:00,Aspect,Conjunction,Mercury,Capricorn,"18°49'57.86""",Venus,Capricorn,"19°21'54.33""",0,0.5324,0.5324
2026-01-28 15:30:00,Aspect,Conjunction,Mercury,Capricorn,"18°51'03.18""",Venus,Capricorn,"19°22'41.41""",0,0.5273,0.5273
2026-01-28 15:45:00,Aspect,Conjunction,Mercury,Capricorn,"18°52'08.50""",Venus,Capricorn,"19°23'28.50""",0,0.5222,0.5222
2026-01-28 16:00:00,Aspect,Conjunction,Mercury,Capricorn,"18°53'13.82""",Venus,Capricorn,"19°24'15.58""",0,0.5172,0.5172
2026-01-28 16:15:00,Aspect,Conjunction,Mercury,Capricorn,"18°54'19.15""",Venus,Capricorn,"19°25'02.66""",0,0.5121,0.5121
2026-01-28 16:30:00,Aspect,Conjunction,Mercury,Capricorn,"18°55'24.48""",Venus,Capricorn,"19°25'49.74""",0,0.507,0.507
2026-01-28 16:45:00,Aspect,Conjunction,Mercury,Capricorn,"18°56'29.81""",Venus,Capricorn,"19°26'36.82""",0,0.5019,0.5019
2026-01-28 17:00:00,Aspect,Conjunction,Mercury,Capricorn,"18°57'35.15""",Venus,Capricorn,"19°27'23.90""",0,0.4969,0.4969
2026-01-28 17:15:00,Aspect,Conjunction,Mercury,Capricorn,"18°58'40.49""",Venus,Capricorn,"19°28'10.98""",0,0.4918,0.4918
2026-01-28 17:30:00,Aspect,Conjunction,Mercury,Capricorn,"18°59'45.83""",Venus,Capricorn,"19°28'58.06""",0,0.4867,0.4867
2026-01-28 17:45:00,Aspect,Conjunction,Mercury,Capricorn,"19°00'51.18""",Venus,Capricorn,"19°29'45.14""",0,0.4817,0.4817
2026-01-28 18:00:00,Aspect,Conjunction,Mercury,Capricorn,"19°01'56.53""",Venus,Capricorn,"19°30'32.22""",0,0.4766,0.4766
2026-01-28 18:15:00,Aspect,Conjunction,Mercury,Capricorn,"19°03'01.88""",Venus,Capricorn,"19°31'19.30""",0,0.4715,0.4715
2026-01-28 18:30:00,Aspect,Conjunction,Mercury,Capricorn,"19°04'07.24""",Venus,Capricorn,"19°32'06.38""",0,0.4664,0.4664
2026-01-28 18:45:00,Aspect,Conjunction,Mercury,Capricorn,"19°05'12.60""",Venus,Capricorn,"19°32'53.46""",0,0.4614,0.4614
2026-01-28 19:00:00,Aspect,Conjunction,Mercury,Capricorn,"19°06'17.96""",Venus,Capricorn,"19°33'40.54""",0,0.4563,0.4563
2026-01-28 19:15:00,Aspect,Conjunction,Mercury,Capricorn,"19°07'23.33""",Venus,Capricorn,"19°34'27.62""",0,0.4512,0.4512
2026-01-28 19:30:00,Aspect,Conjunction,Mercury,Capricorn,"19°08'28.69""",Venus,Capricorn,"19°35'14.70""",0,0.4461,0.4461
2026-01-28 19:45:00,Aspect,Conjunction,Mercury,Capricorn,"19°09'34.07""",Venus,Capricorn,"19°36'01.78""",0,0.441,0.441
2026-01-28 20:00:00,Aspect,Conjunction,Mercury,Capricorn,"19°10'39.44""",Venus,Capricorn,"19°36'48.86""",0,0.436,0.436
2026-01-28 20:15:00,Aspect,Conjunction,Mercury,Capricorn,"19°11'44.82""",Venus,Capricorn,"19°37'35.94""",0,0.4309,0.4309
2026-01-28 20:30:00,Aspect,Conjunction,Mercury,Capricorn,"19°12'50.20""",Venus,Capricorn,"19°38'23.02""",0,0.4258,0.4258
2026-01-28 20:45:00,Aspect,Conjunction,Mercury,Capricorn,"19°13'55.59""",Venus,Capricorn,"19°39'10.10""",0,0.4207,0.4207
2026-01-28 21:00:00,Aspect,Conjunction,Mercury,Capricorn,"19°15'00.98""",Venus,Capricorn,"19°39'57.18""",0,0.4156,0.4156
2026-01-28 21:15:00,Aspect,Conjunction,Mercury,Capricorn,"19°16'06.37""",Venus,Capricorn,"19°40'44.26""",0,0.4105,0.4105
2026-01-28 21:30:00,Aspect,Conjunction,Mercury,Capricorn,"19°17'11.76""",Venus,Capricorn,"19°41'31.34""",0,0.4054,0.4054
2026-01-28 21:45:00,Aspect,Conjunction,Mercury,Capricorn,"19°18'17.16""",Venus,Capricorn,"19°42'18.42""",0,0.4004,0.4004
2026-01-28 22:00:00,Aspect,Conjunction,Mercury,Capricorn,"19°19'22.56""",Venus,Capricorn,"19°43'05.50""",0,0.3953,0.3953
2026-01-28 22:15:00,Aspect,Conjunction,Mercury,Capricorn,"19°20'27.96""",Venus,Capricorn,"19°43'52.58""",0,0.3902,0.3902
2026-01-28 22:30:00,Aspect,Conjunction,Mercury,Capricorn,"19°21'33.37""",Venus,Capricorn,"19°44'39.66""",0,0.3851,0.3851
2026-01-28 22:45:00,Aspect,Conjunction,Mercury,Capricorn,"19°22'38.78""",Venus,Capricorn,"19°45'26.74""",0,0.38,0.38
2026-01-28 23:00:00,Aspect,Conjunction,Mercury,Capricorn,"19°23'44.19""",Venus,Capricorn,"19°46'13.81""",0,0.3749,0.3749
2026-01-28 23:15:00,Aspect,Conjunction,Mercury,Capricorn,"19°24'49.61""",Venus,Capricorn,"19°47'00.89""",0,0.3698,0.3698
2026-01-28 23:30:00,Aspect,Conjunction,Mercury,Capricorn,"19°25'55.03""",Venus,Capricorn,"19°47'47.97""",0,0.3647,0.3647
2026-01-28 23:45:00,Aspect,Conjunction,Mercury,Capricorn,"19°27'00.45""",Venus,Capricorn,"19°48'35.05""",0,0.3596,0.3596
2026-01-29 00:00:00,Aspect,Conjunction,Mercury,Capricorn,"19°28'05.88""",Venus,Capricorn,"19°49'22.13""",0,0.3545,0.3545
2026-01-29 00:15:00,Aspect,Conjunction,Mercury,Capricorn,"19°29'11.31""",Venus,Capricorn,"19°50'09.21""",0,0.3494,0.3494
2026-01-29 00:30:00,Aspect,Conjunction,Mercury,Capricorn,"19°30'16.74""",Venus,Capricorn,"19°50'56.28""",0,0.3443,0.3443
2026-01-29 00:45:00,Aspect,Conjunction,Mercury,Capricorn,"19°31'22.18""",Venus,Capricorn,"19°51'43.36""",0,0.3392,0.3392
2026-01-29 01:00:00,Aspect,Conjunction,Mercury,Capricorn,"19°32'27.61""",Venus,Capricorn,"19°52'30.44""",0,0.3341,0.3341
2026-01-29 01:15:00,Aspect,Conjunction,Mercury,Capricorn,"19°33'33.06""",Venus,Capricorn,"19°53'17.52""",0,0.329,0.329
2026-01-29 01:30:00,Aspect,Conjunction,Mercury,Capricorn,"19°34'38.50""",Venus,Capricorn,"19°54'04.60""",0,0.3239,0.3239
2026-01-29 01:45:00,Aspect,Conjunction,Mercury,Capricorn,"19°35'43.95""",Venus,Capricorn,"19°54'51.67""",0,0.3188,0.3188
2026-01-29 02:00:00,Aspect,Conjunction,Mercury,Capricorn,"19°36'49.40""",Venus,Capricorn,"19°55'38.75""",0,0.3137,0.3137
2026-01-29 02:15:00,Aspect,Conjunction,Mercury,Capricorn,"19°37'54.85""",Venus,Capricorn,"19°56'25.83""",0,0.3086,0.3086
2026-01-29 02:30:00,Aspect,Conjunction,Mercury,Capricorn,"19°39'00.31""",Venus,Capricorn,"19°57'12.91""",0,0.3035,0.3035
2026-01-29 02:45:00,Aspect,Conjunction,Mercury,Capricorn,"19°40'05.77""",Venus,Capricorn,"19°57'59.98""",0,0.2984,0.2984
2026-01-29 03:00:00,Aspect,Conjunction,Mercury,Capricorn,"19°41'11.24""",Venus,Capricorn,"19°58'47.06""",0,0.2933,0.2933
2026-01-29 03:15:00,Aspect,Conjunction,Mercury,Capricorn,"19°42'16.70""",Venus,Capricorn,"19°59'34.14""",0,0.2882,0.2882
2026-01-29 03:30:00,Aspect,Conjunction,Mercury,Capricorn,"19°43'22.17""",Venus,Capricorn,"20°00'21.22""",0,0.2831,0.2831
2026-01-29 03:45:00,Aspect,Conjunction,Mercury,Capricorn,"19°44'27.65""",Venus,Capricorn,"20°01'08.29""",0,0.278,0.278
2026-01-29 04:00:00,Aspect,Conjunction,Mercury,Capricorn,"19°45'33.12""",Venus,Capricorn,"20°01'55.37""",0,0.2728,0.2728
2026-01-29 04:15:00,Aspect,Conjunction,Mercury,Capricorn,"19°46'38.60""",Venus,Capricorn,"20°02'42.45""",0,0.2677,0.2677
2026-01-29 04:30:00,Aspect,Conjunction,Mercury,Capricorn,"19°47'44.08""",Venus,Capricorn,"20°03'29.52""",0,0.2626,0.2626
2026-01-29 04:45:00,Aspect,Conjunction,Mercury,Capricorn,"19°48'49.57""",Venus,Capricorn,"20°04'16.60""",0,0.2575,0.2575
2026-01-29 05:00:00,Aspect,Conjunction,Mercury,Capricorn,"19°49'55.06""",Venus,Capricorn,"20°05'03.68""",0,0.2524,0.2524
2026-01-29 05:15:00,Aspect,Conjunction,Mercury,Capricorn,"19°51'00.55""",Venus,Capricorn,"20°05'50.75""",0,0.2473,0.2473
2026-01-29 05:30:00,Aspect,Conjunction,Mercury,Capricorn,"19°52'06.04""",Venus,Capricorn,"20°06'37.83""",0,0.2422,0.2422
2026-01-29 05:45:00,Aspect,Conjunction,Mercury,Capricorn,"19°53'11.54""",Venus,Capricorn,"20°07'24.91""",0,0.237,0.237
2026-01-29 06:00:00,Aspect,Conjunction,Mercury,Capricorn,"19°54'17.04""",Venus,Capricorn,"20°08'11.98""",0,0.2319,0.2319
2026-01-29 06:15:00,Aspect,Conjunction,Mercury,Capricorn,"19°55'22.55""",Venus,Capricorn,"20°08'59.06""",0,0.2268,0.2268
2026-01-29 06:30:00,Aspect,Conjunction,Mercury,Capricorn,"19°56'28.05""",Venus,Capricorn,"20°09'46.13""",0,0.2217,0.2217
2026-01-29 06:45:00,Aspect,Conjunction,Mercury,Capricorn,"19°57'33.56""",Venus,Capricorn,"20°10'33.21""",0,0.2166,0.2166
2026-01-29 07:00:00,Aspect,Conjunction,Mercury,Capricorn,"19°58'39.08""",Venus,Capricorn,"20°11'20.29""",0,0.2114,0.2114
2026-01-29 07:15:00,Aspect,Conjunction,Mercury,Capricorn,"19°59'44.59""",Venus,Capricorn,"20°12'07.36""",0,0.2063,0.2063
2026-01-29 07:30:00,Aspect,Conjunction,Mercury,Capricorn,"20°00'50.11""",Venus,Capricorn,"20°12'54.44""",0,0.2012,0.2012
2026-01-29 07:45:00,Aspect,Conjunction,Mercury,Capricorn,"20°01'55.63""",Venus,Capricorn,"20°13'41.51""",0,0.1961,0.1961
2026-01-29 08:00:00,Aspect,Conjunction,Mercury,Capricorn,"20°03'01.16""",Venus,Capricorn,"20°14'28.59""",0,0.191,0.191
2026-01-29 08:15:00,Aspect,Conjunction,Mercury,Capricorn,"20°04'06.69""",Venus,Capricorn,"20°15'15.66""",0,0.1858,0.1858
2026-01-29 08:30:00,Aspect,Conjunction,Mercury,Capricorn,"20°05'12.22""",Venus,Capricorn,"20°16'02.74""",0,0.1807,0.1807
2026-01-29 08:45:00,Aspect,Conjunction,Mercury,Capricorn,"20°06'17.75""",Venus,Capricorn,"20°16'49.82""",0,0.1756,0.1756
2026-01-29 09:00:00,Aspect,Conjunction,Mercury,Capricorn,"20°07'23.29""",Venus,Capricorn,"20°17'36.89""",0,0.1704,0.1704
2026-01-29 09:15:00,Aspect,Conjunction,Mercury,Capricorn,"20°08'28.83""",Venus,Capricorn,"20°18'23.97""",0,0.1653,0.1653
2026-01-29 09:30:00,Aspect,Conjunction,Mercury,Capricorn,"20°09'34.38""",Venus,Capricorn,"20°19'11.04""",0,0.1602,0.1602
2026-01-29 09:45:00,Aspect,Conjunction,Mercury,Capricorn,"20°10'39.92""",Venus,Capricorn,"20°19'58.12""",0,0.1551,0.1551
2026-01-29 10:00:00,Aspect,Conjunction,Mercury,Capricorn,"20°11'45.47""",Venus,Capricorn,"20°20'45.19""",0,0.1499,0.1499
2026-01-29 10:15:00,Aspect,Conjunction,Mercury,Capricorn,"20°12'51.02""",Venus,Capricorn,"20°21'32.27""",0,0.1448,0.1448
2026-01-29 10:30:00,Aspect,Conjunction,Mercury,Capricorn,"20°13'56.58""",Venus,Capricorn,"20°22'19.34""",0,0.1397,0.1397
2026-01-29 10:45:00,Aspect,Conjunction,Mercury,Capricorn,"20°15'02.14""",Venus,Capricorn,"20°23'06.41""",0,0.1345,0.1345
2026-01-29 11:00:00,Aspect,Conjunction,Mercury,Capricorn,"20°16'07.70""",Venus,Capricorn,"20°23'53.49""",0,0.1294,0.1294
2026-01-29 11:15:00,Aspect,Conjunction,Mercury,Capricorn,"20°17'13.27""",Venus,Capricorn,"20°24'40.56""",0,0.1242,0.1242
2026-01-29 11:30:00,Aspect,Conjunction,Mercury,Capricorn,"20°18'18.83""",Venus,Capricorn,"20°25'27.64""",0,0.1191,0.1191
2026-01-29 11:45:00,Aspect,Conjunction,Mercury,Capricorn,"20°19'24.41""",Venus,Capricorn,"20°26'14.71""",0,0.114,0.114
2026-01-29 12:00:00,Aspect,Conjunction,Mercury,Capricorn,"20°20'29.98""",Venus,Capricorn,"20°27'01.79""",0,0.1088,0.1088
2026-01-29 12:15:00,Aspect,Conjunction,Mercury,Capricorn,"20°21'35.56""",Venus,Capricorn,"20°27'48.86""",0,0.1037,0.1037
2026-01-29 12:30:00,Aspect,Conjunction,Mercury,Capricorn,"20°22'41.14""",Venus,Capricorn,"20°28'35.93""",0,0.0986,0.0986
2026-01-29 12:45:00,Aspect,Conjunction,Mercury,Capricorn,"20°23'46.72""",Venus,Capricorn,"20°29'23.01""",0,0.0934,0.0934
2026-01-29 13:00:00,Aspect,Conjunction,Mercury,Capricorn,"20°24'52.31""",Venus,Capricorn,"20°30'10.08""",0,0.0883,0.0883
2026-01-29 13:15:00,Aspect,Conjunction,Mercury,Capricorn,"20°25'57.89""",Venus,Capricorn,"20°30'57.16""",0,0.0831,0.0831
2026-01-29 13:30:00,Aspect,Conjunction,Mercury,Capricorn,"20°27'03.49""",Venus,Capricorn,"20°31'44.23""",0,0.078,0.078
2026-01-29 13:45:00,Aspect,Conjunction,Mercury,Capricorn,"20°28'09.08""",Venus,Capricorn,"20°32'31.30""",0,0.0728,0.0728
2026-01-29 14:00:00,Aspect,Conjunction,Mercury,Capricorn,"20°29'14.68""",Venus,Capricorn,"20°33'18.38""",0,0.0677,0.0677
2026-01-29 14:15:00,Aspect,Conjunction,Mercury,Capricorn,"20°30'20.28""",Venus,Capricorn,"20°34'05.45""",0,0.0625,0.0625
2026-01-29 14:30:00,Aspect,Conjunction,Mercury,Capricorn,"20°31'25.88""",Venus,Capricorn,"20°34'52.52""",0,0.0574,0.0574
2026-01-29 14:45:00,Aspect,Conjunction,Mercury,Capricorn,"20°32'31.49""",Venus,Capricorn,"20°35'39.60""",0,0.0523,0.0523
2026-01-29 15:00:00,Aspect,Conjunction,Mercury,Capricorn,"20°33'37.10""",Venus,Capricorn,"20°36'26.67""",0,0.0471,0.0471
2026-01-29 15:15:00,Aspect,Conjunction,Mercury,Capricorn,"20°34'42.71""",Venus,Capricorn,"20°37'13.74""",0,0.042,0.042
2026-01-29 15:30:00,Aspect,Conjunction,Mercury,Capricorn,"20°35'48.33""",Venus,Capricorn,"20°38'00.82""",0,0.0368,0.0368
2026-01-29 15:45:00,Aspect,Conjunction,Mercury,Capricorn,"20°36'53.95""",Venus,Capricorn,"20°38'47.89""",0,0.0316,0.0316
2026-01-29 16:00:00,Aspect,Conjunction,Mercury,Capricorn,"20°37'59.57""",Venus,Capricorn,"20°39'34.96""",0,0.0265,0.0265
2026-01-29 16:15:00,Aspect,Conjunction,Mercury,Capricorn,"20°39'05.20""",Venus,Capricorn,"20°40'22.03""",0,0.0213,0.0213
2026-01-29 16:30:00,Aspect,Conjunction,Mercury,Capricorn,"20°40'10.82""",Venus,Capricorn,"20°41'09.11""",0,0.0162,0.0162
2026-01-29 16:45:00,Aspect,Conjunction,Mercury,Capricorn,"20°41'16.45""",Venus,Capricorn,"20°41'56.18""",0,0.011,0.011
2026-01-29 17:00:00,Aspect,Conjunction,Mercury,Capricorn,"20°42'22.09""",Venus,Capricorn,"20°42'43.25""",0,0.0059,0.0059
2026-01-29 17:15:00,Aspect,Conjunction,Mercury,Capricorn,"20°43'27.72""",Venus,Capricorn,"20°43'30.32""",0,0.0007,0.0007
2026-01-29 17:30:00,Aspect,Conjunction,Mercury,Capricorn,"20°44'33.36""",Venus,Capricorn,"20°44'17.40""",0,0.0044,0.0044
2026-01-29 17:45:00,Aspect,Conjunction,Mercury,Capricorn,"20°45'39.01""",Venus,Capricorn,"20°45'04.47""",0,0.0096,0.0096
2026-01-29 18:00:00,Aspect,Conjunction,Mercury,Capricorn,"20°46'44.65""",Venus,Capricorn,"20°45'51.54""",0,0.0148,0.0148
2026-01-29 18:15:00,Aspect,Conjunction,Mercury,Capricorn,"20°47'50.30""",Venus,Capricorn,"20°46'38.61""",0,0.0199,0.0199
2026-01-29 18:30:00,Aspect,Conjunction,Mercury,Capricorn,"20°48'55.95""",Venus,Capricorn,"20°47'25.68""",0,0.0251,0.0251
2026-01-29 18:45:00,Aspect,Conjunction,Mercury,Capricorn,"20°50'01.61""",Venus,Capricorn,"20°48'12.76""",0,0.0302,0.0302
2026-01-29 19:00:00,Aspect,Conjunction,Mercury,Capricorn,"20°51'07.26""",Venus,Capricorn,"20°48'59.83""",0,0.0354,0.0354
2026-01-29 19:15:00,Aspect,Conjunction,Mercury,Capricorn,"20°52'12.92""",Venus,Capricorn,"20°49'46.90""",0,0.0406,0.0406
2026-01-29 19:30:00,Aspect,Conjunction,Mercury,Capricorn,"20°53'18.59""",Venus,Capricorn,"20°50'33.97""",0,0.0457,0.0457
2026-01-29 19:45:00,Aspect,Conjunction,Mercury,Capricorn,"20°54'24.25""",Venus,Capricorn,"20°51'21.04""",0,0.0509,0.0509
2026-01-29 20:00:00,Aspect,Conjunction,Mercury,Capricorn,"20°55'29.92""",Venus,Capricorn,"20°52'08.11""",0,0.0561,0.0561
2026-01-29 20:15:00,Aspect,Conjunction,Mercury,Capricorn,"20°56'35.59""",Venus,Capricorn,"20°52'55.19""",0,0.0612,0.0612
2026-01-29 20:30:00,Aspect,Conjunction,Mercury,Capricorn,"20°57'41.27""",Venus,Capricorn,"20°53'42.26""",0,0.0664,0.0664
2026-01-29 20:45:00,Aspect,Conjunction,Mercury,Capricorn,"20°58'46.95""",Venus,Capricorn,"20°54'29.33""",0,0.0716,0.0716
2026-01-29 21:00:00,Aspect,Conjunction,Mercury,Capricorn,"20°59'52.63""",Venus,Capricorn,"20°55'16.40""",0,0.0767,0.0767
2026-01-29 21:15:00,Aspect,Conjunction,Mercury,Capricorn,"21°00'58.31""",Venus,Capricorn,"20°56'03.47""",0,0.0819,0.0819
2026-01-29 21:30:00,Aspect,Conjunction,Mercury,Capricorn,"21°02'04.00""",Venus,Capricorn,"20°56'50.54""",0,0.0871,0.0871
2026-01-29 21:45:00,Aspect,Conjunction,Mercury,Capricorn,"21°03'09.68""",Venus,Capricorn,"20°57'37.61""",0,0.0922,0.0922
2026-01-29 22:00:00,Aspect,Conjunction,Mercury,Capricorn,"21°04'15.38""",Venus,Capricorn,"20°58'24.68""",0,0.0974,0.0974
2026-01-29 22:15:00,Aspect,Conjunction,Mercury,Capricorn,"21°05'21.07""",Venus,Capricorn,"20°59'11.75""",0,0.1026,0.1026
2026-01-29 22:30:00,Aspect,Conjunction,Mercury,Capricorn,"21°06'26.77""",Venus,Capricorn,"20°59'58.82""",0,0.1078,0.1078
2026-01-29 22:45:00,Aspect,Conjunction,Mercury,Capricorn,"21°07'32.47""",Venus,Capricorn,"21°00'45.89""",0,0.1129,0.1129
2026-01-29 23:00:00,Aspect,Conjunction,Mercury,Capricorn,"21°08'38.17""",Venus,Capricorn,"21°01'32.96""",0,0.1181,0.1181
2026-01-29 23:15:00,Aspect,Conjunction,Mercury,Capricorn,"21°09'43.88""",Venus,Capricorn,"21°02'20.03""",0,0.1233,0.1233
2026-01-29 23:30:00,Aspect,Conjunction,Mercury,Capricorn,"21°10'49.59""",Venus,Capricorn,"21°03'07.10""",0,0.1285,0.1285
2026-01-29 23:45:00,Aspect,Conjunction,Mercury,Capricorn,"21°11'55.30""",Venus,Capricorn,"21°03'54.17""",0,0.1336,0.1336
2026-01-30 00:00:00,Aspect,Conjunction,Mercury,Capricorn,"21°13'01.02""",Venus,Capricorn,"21°04'41.24""",0,0.1388,0.1388
2026-01-30 00:15:00,Aspect,Conjunction,Mercury,Capricorn,"21°14'06.74""",Venus,Capricorn,"21°05'28.31""",0,0.144,0.144
2026-01-30 00:30:00,Aspect,Conjunction,Mercury,Capricorn,"21°15'12.46""",Venus,Capricorn,"21°06'15.38""",0,0.1492,0.1492
2026-01-30 00:45:00,Aspect,Conjunction,Mercury,Capricorn,"21°16'18.18""",Venus,Capricorn,"21°07'02.45""",0,0.1544,0.1544
2026-01-30 01:00:00,Aspect,Conjunction,Mercury,Capricorn,"21°17'23.91""",Venus,Capricorn,"21°07'49.52""",0,0.1596,0.1596
2026-01-30 01:15:00,Aspect,Conjunction,Mercury,Capricorn,"21°18'29.64""",Venus,Capricorn,"21°08'36.59""",0,0.1647,0.1647
2026-01-30 01:30:00,Aspect,Conjunction,Mercury,Capricorn,"21°19'35.37""",Venus,Capricorn,"21°09'23.66""",0,0.1699,0.1699
2026-01-30 01:45:00,Aspect,Conjunction,Mercury,Capricorn,"21°20'41.10""",Venus,Capricorn,"21°10'10.73""",0,0.1751,0.1751
2026-01-30 02:00:00,Aspect,Conjunction,Mercury,Capricorn,"21°21'46.84""",Venus,Capricorn,"21°10'57.80""",0,0.1803,0.1803
2026-01-30 02:15:00,Aspect,Conjunction,Mercury,Capricorn,"21°22'52.58""",Venus,Capricorn,"21°11'44.87""",0,0.1855,0.1855
2026-01-30 02:30:00,Aspect,Conjunction,Mercury,Capricorn,"21°23'58.33""",Venus,Capricorn,"21°12'31.94""",0,0.1907,0.1907
2026-01-30 02:45:00,Aspect,Conjunction,Mercury,Capricorn,"21°25'04.07""",Venus,Capricorn,"21°13'19.01""",0,0.1959,0.1959
2026-01-30 03:00:00,Aspect,Conjunction,Mercury,Capricorn,"21°26'09.82""",Venus,Capricorn,"21°14'06.08""",0,0.201,0.201
2026-01-30 03:15:00,Aspect,Conjunction,Mercury,Capricorn,"21°27'15.57""",Venus,Capricorn,"21°14'53.15""",0,0.2062,0.2062
2026-01-30 03:30:00,Aspect,Conjunction,Mercury,Capricorn,"21°28'21.33""",Venus,Capricorn,"21°15'40.21""",0,0.2114,0.2114
2026-01-30 03:45:00,Aspect,Conjunction,Mercury,Capricorn,"21°29'27.09""",Venus,Capricorn,"21°16'27.28""",0,0.2166,0.2166
2026-01-30 04:00:00,Aspect,Conjunction,Mercury,Capricorn,"21°30'32.85""",Venus,Capricorn,"21°17'14.35""",0,0.2218,0.2218
2026-01-30 04:15:00,Aspect,Conjunction,Mercury,Capricorn,"21°31'38.61""",Venus,Capricorn,"21°18'01.42""",0,0.227,0.227
2026-01-30 04:30:00,Aspect,Conjunction,Mercury,Capricorn,"21°32'44.38""",Venus,Capricorn,"21°18'48.49""",0,0.2322,0.2322
2026-01-30 04:45:00,Aspect,Conjunction,Mercury,Capricorn,"21°33'50.14""",Venus,Capricorn,"21°19'35.56""",0,0.2374,0.2374
2026-01-30 05:00:00,Aspect,Conjunction,Mercury,Capricorn,"21°34'55.92""",Venus,Capricorn,"21°20'22.63""",0,0.2426,0.2426
2026-01-30 05:15:00,Aspect,Conjunction,Mercury,Capricorn,"21°36'01.69""",Venus,Capricorn,"21°21'09.69""",0,0.2478,0.2478
2026-01-30 05:30:00,Aspect,Conjunction,Mercury,Capricorn,"21°37'07.47""",Venus,Capricorn,"21°21'56.76""",0,0.253,0.253
2026-01-30 05:45:00,Aspect,Conjunction,Mercury,Capricorn,"21°38'13.25""",Venus,Capricorn,"21°22'43.83""",0,0.2582,0.2582
2026-01-30 06:00:00,Aspect,Conjunction,Mercury,Capricorn,"21°39'19.03""",Venus,Capricorn,"21°23'30.90""",0,0.2634,0.2634
2026-01-30 06:15:00,Aspect,Conjunction,Mercury,Capricorn,"21°40'24.82""",Venus,Capricorn,"21°24'17.97""",0,0.2686,0.2686
2026-01-30 06:30:00,Aspect,Conjunction,Mercury,Capricorn,"21°41'30.60""",Venus,Capricorn,"21°25'05.03""",0,0.2738,0.2738
2026-01-30 06:45:00,Aspect,Conjunction,Mercury,Capricorn,"21°42'36.40""",Venus,Capricorn,"21°25'52.10""",0,0.279,0.279
2026-01-30 07:00:00,Aspect,Conjunction,Mercury,Capricorn,"21°43'42.19""",Venus,Capricorn,"21°26'39.17""",0,0.2842,0.2842
2026-01-30 07:15:00,Aspect,Conjunction,Mercury,Capricorn,"21°44'47.99""",Venus,Capricorn,"21°27'26.24""",0,0.2894,0.2894
2026-01-30 07:30:00,Aspect,Conjunction,Mercury,Capricorn,"21°45'53.79""",Venus,Capricorn,"21°28'13.30""",0,0.2946,0.2946
2026-01-30 07:45:00,Aspect,Conjunction,Mercury,Capricorn,"21°46'59.59""",Venus,Capricorn,"21°29'00.37""",0,0.2998,0.2998
2026-01-30 08:00:00,Aspect,Conjunction,Mercury,Capricorn,"21°48'05.39""",Venus,Capricorn,"21°29'47.44""",0,0.305,0.305
2026-01-30 08:15:00,Aspect,Conjunction,Mercury,Capricorn,"21°49'11.20""",Venus,Capricorn,"21°30'34.50""",0,0.3102,0.3102
2026-01-30 08:30:00,Aspect,Conjunction,Mercury,Capricorn,"21°50'17.01""",Venus,Capricorn,"21°31'21.57""",0,0.3154,0.3154
2026-01-30 08:45:00,Aspect,Conjunction,Mercury,Capricorn,"21°51'22.82""",Venus,Capricorn,"21°32'08.64""",0,0.3206,0.3206
2026-01-30 09:00:00,Aspect,Conjunction,Mercury,Capricorn,"21°52'28.64""",Venus,Capricorn,"21°32'55.71""",0,0.3258,0.3258
2026-01-30 09:15:00,Aspect,Conjunction,Mercury,Capricorn,"21°53'34.46""",Venus,Capricorn,"21°33'42.77""",0,0.331,0.331
2026-01-30 09:30:00,Aspect,Conjunction,Mercury,Capricorn,"21°54'40.28""",Venus,Capricorn,"21°34'29.84""",0,0.3362,0.3362
2026-01-30 09:45:00,Aspect,Conjunction,Mercury,Capricorn,"21°55'46.10""",Venus,Capricorn,"21°35'16.91""",0,0.3414,0.3414
2026-01-30 10:00:00,Aspect,Conjunction,Mercury,Capricorn,"21°56'51.93""",Venus,Capricorn,"21°36'03.97""",0,0.3467,0.3467
2026-01-30 10:15:00,Aspect,Conjunction,Mercury,Capricorn,"21°57'57.76""",Venus,Capricorn,"21°36'51.04""",0,0.3519,0.3519
2026-01-30 10:30:00,Aspect,Conjunction,Mercury,Capricorn,"21°59'03.59""",Venus,Capricorn,"21°37'38.11""",0,0.3571,0.3571
2026-01-30 10:45:00,Aspect,Conjunction,Mercury,Capricorn,"22°00'09.43""",Venus,Capricorn,"21°38'25.17""",0,0.3623,0.3623
2026-01-30 11:00:00,Aspect,Conjunction,Mercury,Capricorn,"22°01'15.26""",Venus,Capricorn,"21°39'12.24""",0,0.3675,0.3675
2026-01-30 11:15:00,Aspect,Conjunction,Mercury,Capricorn,"22°02'21.10""",Venus,Capricorn,"21°39'59.30""",0,0.3727,0.3727
2026-01-30 11:30:00,Aspect,Conjunction,Mercury,Capricorn,"22°03'26.95""",Venus,Capricorn,"21°40'46.37""",0,0.3779,0.3779
2026-01-30 11:45:00,Aspect,Conjunction,Mercury,Capricorn,"22°04'32.79""",Venus,Capricorn,"21°41'33.44""",0,0.3832,0.3832
2026-01-30 12:00:00,Aspect,Conjunction,Mercury,Capricorn,"22°05'38.64""",Venus,Capricorn,"21°42'20.50""",0,0.3884,0.3884
2026-01-30 12:15:00,Aspect,Conjunction,Mercury,Capricorn,"22°06'44.49""",Venus,Capricorn,"21°43'07.57""",0,0.3936,0.3936
2026-01-30 12:30:00,Aspect,Conjunction,Mercury,Capricorn,"22°07'50.35""",Venus,Capricorn,"21°43'54.63""",0,0.3988,0.3988
2026-01-30 12:45:00,Aspect,Conjunction,Mercury,Capricorn,"22°08'56.20""",Venus,Capricorn,"21°44'41.70""",0,0.404,0.404
2026-01-30 13:00:00,Aspect,Conjunction,Mercury,Capricorn,"22°10'02.06""",Venus,Capricorn,"21°45'28.76""",0,0.4092,0.4092
2026-01-30 13:15:00,Aspect,Conjunction,Mercury,Capricorn,"22°11'07.92""",Venus,Capricorn,"21°46'15.83""",0,0.4145,0.4145
2026-01-30 13:30:00,Aspect,Conjunction,Mercury,Capricorn,"22°12'13.79""",Venus,Capricorn,"21°47'02.89""",0,0.4197,0.4197
2026-01-30 13:45:00,Aspect,Conjunction,Mercury,Capricorn,"22°13'19.66""",Venus,Capricorn,"21°47'49.96""",0,0.4249,0.4249
2026-01-30 14:00:00,Aspect,Conjunction,Mercury,Capricorn,"22°14'25.53""",Venus,Capricorn,"21°48'37.02""",0,0.4301,0.4301
2026-01-30 14:15:00,Aspect,Conjunction,Mercury,Capricorn,"22°15'31.40""",Venus,Capricorn,"21°49'24.09""",0,0.4354,0.4354
2026-01-30 14:30:00,Aspect,Conjunction,Mercury,Capricorn,"22°16'37.27""",Venus,Capricorn,"21°50'11.15""",0,0.4406,0.4406
2026-01-30 14:45:00,Aspect,Conjunction,Mercury,Capricorn,"22°17'43.15""",Venus,Capricorn,"21°50'58.22""",0,0.4458,0.4458
2026-01-30 15:00:00,Aspect,Conjunction,Mercury,Capricorn,"22°18'49.03""",Venus,Capricorn,"21°51'45.28""",0,0.451,0.451
2026-01-30 15:15:00,Aspect,Conjunction,Mercury,Capricorn,"22°19'54.91""",Venus,Capricorn,"21°52'32.35""",0,0.4563,0.4563
2026-01-30 15:30:00,Aspect,Conjunction,Mercury,Capricorn,"22°21'00.80""",Venus,Capricorn,"21°53'19.41""",0,0.4615,0.4615
2026-01-30 15:45:00,Aspect,Conjunction,Mercury,Capricorn,"22°22'06.69""",Venus,Capricorn,"21°54'06.48""",0,0.4667,0.4667
2026-01-30 16:00:00,Aspect,Conjunction,Mercury,Capricorn,"22°23'12.58""",Venus,Capricorn,"21°54'53.54""",0,0.472,0.472
2026-01-30 16:15:00,Aspect,Conjunction,Mercury,Capricorn,"22°24'18.47""",Venus,Capricorn,"21°55'40.61""",0,0.4772,0.4772
2026-01-30 16:30:00,Aspect,Conjunction,Mercury,Capricorn,"22°25'24.37""",Venus,Capricorn,"21°56'27.67""",0,0.4824,0.4824
2026-01-30 16:45:00,Aspect,Conjunction,Mercury,Capricorn,"22°26'30.27""",Venus,Capricorn,"21°57'14.74""",0,0.4876,0.4876
2026-01-30 17:00:00,Aspect,Conjunction,Mercury,Capricorn,"22°27'36.17""",Venus,Capricorn,"21°58'01.80""",0,0.4929,0.4929
2026-01-30 17:15:00,Aspect,Conjunction,Mercury,Capricorn,"22°28'42.07""",Venus,Capricorn,"21°58'48.86""",0,0.4981,0.4981
2026-01-30 17:30:00,Aspect,Conjunction,Mercury,Capricorn,"22°29'47.98""",Venus,Capricorn,"21°59'35.93""",0,0.5033,0.5033
2026-01-30 17:45:00,Aspect,Conjunction,Mercury,Capricorn,"22°30'53.89""",Venus,Capricorn,"22°00'22.99""",0,0.5086,0.5086
2026-01-30 18:00:00,Aspect,Conjunction,Mercury,Capricorn,"22°31'59.80""",Venus,Capricorn,"22°01'10.06""",0,0.5138,0.5138
2026-01-30 18:15:00,Aspect,Conjunction,Mercury,Capricorn,"22°33'05.72""",Venus,Capricorn,"22°01'57.12""",0,0.5191,0.5191
2026-01-30 18:30:00,Aspect,Conjunction,Mercury,Capricorn,"22°34'11.63""",Venus,Capricorn,"22°02'44.18""",0,0.5243,0.5243
2026-01-30 18:45:00,Aspect,Conjunction,Mercury,Capricorn,"22°35'17.55""",Venus,Capricorn,"22°03'31.25""",0,0.5295,0.5295
2026-01-30 19:00:00,Aspect,Conjunction,Mercury,Capricorn,"22°36'23.47""",Venus,Capricorn,"22°04'18.31""",0,0.5348,0.5348
2026-01-30 19:15:00,Aspect,Conjunction,Mercury,Capricorn,"22°37'29.40""",Venus,Capricorn,"22°05'05.37""",0,0.54,0.54
2026-01-30 19:30:00,Aspect,Conjunction,Mercury,Capricorn,"22°38'35.33""",Venus,Capricorn,"22°05'52.44""",0,0.5452,0.5452
2026-01-30 19:45:00,Aspect,Conjunction,Mercury,Capricorn,"22°39'41.26""",Venus,Capricorn,"22°06'39.50""",0,0.5505,0.5505
2026-01-30 20:00:00,Aspect,Conjunction,Mercury,Capricorn,"22°40'47.19""",Venus,Capricorn,"22°07'26.56""",0,0.5557,0.5557
2026-01-30 20:15:00,Aspect,Conjunction,Mercury,Capricorn,"22°41'53.12""",Venus,Capricorn,"22°08'13.62""",0,0.561,0.561
2026-01-30 20:30:00,Aspect,Conjunction,Mercury,Capricorn,"22°42'59.06""",Venus,Capricorn,"22°09'00.69""",0,0.5662,0.5662
2026-01-30 20:45:00,Aspect,Conjunction,Mercury,Capricorn,"22°44'05.00""",Venus,Capricorn,"22°09'47.75""",0,0.5715,0.5715
2026-01-30 21:00:00,Aspect,Conjunction,Mercury,Capricorn,"22°45'10.94""",Venus,Capricorn,"22°10'34.81""",0,0.5767,0.5767
2026-01-30 21:15:00,Aspect,Conjunction,Mercury,Capricorn,"22°46'16.89""",Venus,Capricorn,"22°11'21.88""",0,0.5819,0.5819
2026-01-30 21:30:00,Aspect,Conjunction,Mercury,Capricorn,"22°47'22.84""",Venus,Capricorn,"22°12'08.94""",0,0.5872,0.5872
2026-01-30 21:45:00,Aspect,Conjunction,Mercury,Capricorn,"22°48'28.79""",Venus,Capricorn,"22°12'56.00""",0,0.5924,0.5924
2026-01-30 22:00:00,Aspect,Conjunction,Mercury,Capricorn,"22°49'34.74""",Venus,Capricorn,"22°13'43.06""",0,0.5977,0.5977
2026-01-30 22:15:00,Aspect,Conjunction,Mercury,Capricorn,"22°50'40.70""",Venus,Capricorn,"22°14'30.13""",0,0.6029,0.6029
2026-01-30 22:30:00,Aspect,Conjunction,Mercury,Capricorn,"22°51'46.65""",Venus,Capricorn,"22°15'17.19""",0,0.6082,0.6082
2026-01-30 22:45:00,Aspect,Conjunction,Mercury,Capricorn,"22°52'52.61""",Venus,Capricorn,"22°16'04.25""",0,0.6134,0.6134
2026-01-30 23:00:00,Aspect,Conjunction,Mercury,Capricorn,"22°53'58.58""",Venus,Capricorn,"22°16'51.31""",0,0.6187,0.6187
2026-01-30 23:15:00,Aspect,Conjunction,Mercury,Capricorn,"22°55'04.54""",Venus,Capricorn,"22°17'38.37""",0,0.6239,0.6239
2026-01-30 23:30:00,Aspect,Conjunction,Mercury,Capricorn,"22°56'10.51""",Venus,Capricorn,"22°18'25.44""",0,0.6292,0.6292
2026-01-30 23:45:00,Aspect,Conjunction,Mercury,Capricorn,"22°57'16.48""",Venus,Capricorn,"22°19'12.50""",0,0.6344,0.6344
2026-01-31 00:00:00,Aspect,Conjunction,Mercury,Capricorn,"22°58'22.45""",Venus,Capricorn,"22°19'59.56""",0,0.6397,0.6397
2026-01-31 00:15:00,Aspect,Conjunction,Mercury,Capricorn,"22°59'28.43""",Venus,Capricorn,"22°20'46.62""",0,0.6449,0.6449
2026-01-31 00:30:00,Aspect,Conjunction,Mercury,Capricorn,"23°00'34.41""",Venus,Capricorn,"22°21'33.68""",0,0.6502,0.6502
2026-01-31 00:45:00,Aspect,Conjunction,Mercury,Capricorn,"23°01'40.39""",Venus,Capricorn,"22°22'20.74""",0,0.6555,0.6555
2026-01-31 01:00:00,Aspect,Conjunction,Mercury,Capricorn,"23°02'46.37""",Venus,Capricorn,"22°23'07.81""",0,0.6607,0.6607
2026-01-31 01:15:00,Aspect,Conjunction,Mercury,Capricorn,"23°03'52.35""",Venus,Capricorn,"22°23'54.87""",0,0.666,0.666
2026-01-31 01:30:00,Aspect,Conjunction,Mercury,Capricorn,"23°04'58.34""",Venus,Capricorn,"22°24'41.93""",0,0.6712,0.6712
2026-01-31 01:45:00,Aspect,Conjunction,Mercury,Capricorn,"23°06'04.33""",Venus,Capricorn,"22°25'28.99""",0,0.6765,0.6765
2026-01-31 02:00:00,Aspect,Conjunction,Mercury,Capricorn,"23°07'10.33""",Venus,Capricorn,"22°26'16.05""",0,0.6817,0.6817
2026-01-31 02:15:00,Aspect,Conjunction,Mercury,Capricorn,"23°08'16.32""",Venus,Capricorn,"22°27'03.11""",0,0.687,0.687
2026-01-31 02:30:00,Aspect,Conjunction,Mercury,Capricorn,"23°09'22.32""",Venus,Capricorn,"22°27'50.17""",0,0.6923,0.6923
2026-01-31 02:45:00,Aspect,Conjunction,Mercury,Capricorn,"23°10'28.32""",Venus,Capricorn,"22°28'37.23""",0,0.6975,0.6975
2026-01-31 03:00:00,Aspect,Conjunction,Mercury,Capricorn,"23°11'34.32""",Venus,Capricorn,"22°29'24.29""",0,0.7028,0.7028
2026-01-31 03:15:00,Aspect,Conjunction,Mercury,Capricorn,"23°12'40.33""",Venus,Capricorn,"22°30'11.35""",0,0.708,0.708
2026-01-31 03:30:00,Aspect,Conjunction,Mercury,Capricorn,"23°13'46.33""",Venus,Capricorn,"22°30'58.41""",0,0.7133,0.7133
2026-01-31 03:45:00,Aspect,Conjunction,Mercury,Capricorn,"23°14'52.34""",Venus,Capricorn,"22°31'45.47""",0,0.7186,0.7186
2026-01-31 04:00:00,Aspect,Conjunction,Mercury,Capricorn,"23°15'58.36""",Venus,Capricorn,"22°32'32.53""",0,0.7238,0.7238
2026-01-31 04:15:00,Aspect,Conjunction,Mercury,Capricorn,"23°17'04.37""",Venus,Capricorn,"22°33'19.59""",0,0.7291,0.7291
2026-01-31 04:30:00,Aspect,Conjunction,Mercury,Capricorn,"23°18'10.39""",Venus,Capricorn,"22°34'06.65""",0,0.7344,0.7344
2026-01-31 04:45:00,Aspect,Conjunction,Mercury,Capricorn,"23°19'16.41""",Venus,Capricorn,"22°34'53.71""",0,0.7396,0.7396
2026-01-31 05:00:00,Aspect,Conjunction,Mercury,Capricorn,"23°20'22.43""",Venus,Capricorn,"22°35'40.77""",0,0.7449,0.7449
2026-01-31 05:15:00,Aspect,Conjunction,Mercury,Capricorn,"23°21'28.45""",Venus,Capricorn,"22°36'27.83""",0,0.7502,0.7502
2026-01-31 05:30:00,Aspect,Conjunction,Mercury,Capricorn,"23°22'34.48""",Venus,Capricorn,"22°37'14.89""",0,0.7554,0.7554
2026-01-31 05:45:00,Aspect,Conjunction,Mercury,Capricorn,"23°23'40.51""",Venus,Capricorn,"22°38'01.95""",0,0.7607,0.7607
2026-01-31 06:00:00,Aspect,Conjunction,Mercury,Capricorn,"23°24'46.54""",Venus,Capricorn,"22°38'49.01""",0,0.766,0.766
2026-01-31 06:15:00,Aspect,Conjunction,Mercury,Capricorn,"23°25'52.57""",Venus,Capricorn,"22°39'36.07""",0,0.7713,0.7713
2026-01-31 06:30:00,Aspect,Conjunction,Mercury,Capricorn,"23°26'58.61""",Venus,Capricorn,"22°40'23.13""",0,0.7765,0.7765
2026-01-31 06:45:00,Aspect,Conjunction,Mercury,Capricorn,"23°28'04.65""",Venus,Capricorn,"22°41'10.19""",0,0.7818,0.7818
2026-01-31 07:00:00,Aspect,Conjunction,Mercury,Capricorn,"23°29'10.69""",Venus,Capricorn,"22°41'57.25""",0,0.7871,0.7871
2026-01-31 07:15:00,Aspect,Conjunction,Mercury,Capricorn,"23°30'16.73""",Venus,Capricorn,"22°42'44.31""",0,0.7923,0.7923
2026-01-31 07:30:00,Aspect,Conjunction,Mercury,Capricorn,"23°31'22.78""",Venus,Capricorn,"22°43'31.37""",0,0.7976,0.7976
2026-01-31 07:45:00,Aspect,Conjunction,Mercury,Capricorn,"23°32'28.83""",Venus,Capricorn,"22°44'18.43""",0,0.8029,0.8029
2026-01-31 08:00:00,Aspect,Conjunction,Mercury,Capricorn,"23°33'34.88""",Venus,Capricorn,"22°45'05.49""",0,0.8082,0.8082
2026-01-31 08:15:00,Aspect,Conjunction,Mercury,Capricorn,"23°34'40.93""",Venus,Capricorn,"22°45'52.55""",0,0.8134,0.8134
2026-01-31 08:30:00,Aspect,Conjunction,Mercury,Capricorn,"23°35'46.98""",Venus,Capricorn,"22°46'39.61""",0,0.8187,0.8187
2026-01-31 08:45:00,Aspect,Conjunction,Mercury,Capricorn,"23°36'53.04""",Venus,Capricorn,"22°47'26.66""",0,0.824,0.824
2026-01-31 09:00:00,Aspect,Conjunction,Mercury,Capricorn,"23°37'59.10""",Venus,Capricorn,"22°48'13.72""",0,0.8293,0.8293
2026-01-31 09:15:00,Aspect,Conjunction,Mercury,Capricorn,"23°39'05.16""",Venus,Capricorn,"22°49'00.78""",0,0.8346,0.8346
2026-01-31 09:30:00,Aspect,Conjunction,Mercury,Capricorn,"23°40'11.23""",Venus,Capricorn,"22°49'47.84""",0,0.8398,0.8398
2026-01-31 09:45:00,Aspect,Conjunction,Mercury,Capricorn,"23°41'17.30""",Venus,Capricorn,"22°50'34.90""",0,0.8451,0.8451
2026-01-31 10:00:00,Aspect,Conjunction,Mercury,Capricorn,"23°42'23.36""",Venus,Capricorn,"22°51'21.96""",0,0.8504,0.8504
2026-01-31 10:15:00,Aspect,Conjunction,Mercury,Capricorn,"23°43'29.44""",Venus,Capricorn,"22°52'09.01""",0,0.8557,0.8557
2026-01-31 10:30:00,Aspect,Conjunction,Mercury,Capricorn,"23°44'35.51""",Venus,Capricorn,"22°52'56.07""",0,0.861,0.861
2026-01-31 10:45:00,Aspect,Conjunction,Mercury,Capricorn,"23°45'41.59""",Venus,Capricorn,"22°53'43.13""",0,0.8662,0.8662
2026-01-31 11:00:00,Aspect,Conjunction,Mercury,Capricorn,"23°46'47.66""",Venus,Capricorn,"22°54'30.19""",0,0.8715,0.8715
2026-01-31 11:15:00,Aspect,Conjunction,Mercury,Capricorn,"23°47'53.74""",Venus,Capricorn,"22°55'17.25""",0,0.8768,0.8768
2026-01-31 11:30:00,Aspect,Conjunction,Mercury,Capricorn,"23°48'59.83""",Venus,Capricorn,"22°56'04.30""",0,0.8821,0.8821
2026-01-31 11:45:00,Aspect,Conjunction,Mercury,Capricorn,"23°50'05.91""",Venus,Capricorn,"22°56'51.36""",0,0.8874,0.8874
2026-01-31 12:00:00,Aspect,Conjunction,Mercury,Capricorn,"23°51'12.00""",Venus,Capricorn,"22°57'38.42""",0,0.8927,0.8927
2026-01-31 12:15:00,Aspect,Conjunction,Mercury,Capricorn,"23°52'18.09""",Venus,Capricorn,"22°58'25.48""",0,0.8979,0.8979
2026-01-31 12:30:00,Aspect,Conjunction,Mercury,Capricorn,"23°53'24.18""",Venus,Capricorn,"22°59'12.53""",0,0.9032,0.9032
2026-01-31 12:45:00,Aspect,Conjunction,Mercury,Capricorn,"23°54'30.28""",Venus,Capricorn,"22°59'59.59""",0,0.9085,0.9085
2026-01-31 13:00:00,Aspect,Conjunction,Mercury,Capricorn,"23°55'36.37""",Venus,Capricorn,"23°00'46.65""",0,0.9138,0.9138
2026-01-31 13:15:00,Aspect,Conjunction,Mercury,Capricorn,"23°56'42.47""",Venus,Capricorn,"23°01'33.71""",0,0.9191,0.9191
2026-01-31 13:30:00,Aspect,Conjunction,Mercury,Capricorn,"23°57'48.57""",Venus,Capricorn,"23°02'20.76""",0,0.9244,0.9244
2026-01-31 13:45:00,Aspect,Conjunction,Mercury,Capricorn,"23°58'54.67""",Venus,Capricorn,"23°03'07.82""",0,0.9297,0.9297
2026-01-31 14:00:00,Aspect,Conjunction,Mercury,Capricorn,"24°00'00.78""",Venus,Capricorn,"23°03'54.88""",0,0.935,0.935
2026-01-31 14:15:00,Aspect,Conjunction,Mercury,Capricorn,"24°01'06.89""",Venus,Capricorn,"23°04'41.93""",0,0.9403,0.9403
2026-01-31 14:30:00,Aspect,Conjunction,Mercury,Capricorn,"24°02'13.00""",Venus,Capricorn,"23°05'28.99""",0,0.9456,0.9456
2026-01-31 14:45:00,Aspect,Conjunction,Mercury,Capricorn,"24°03'19.11""",Venus,Capricorn,"23°06'16.05""",0,0.9509,0.9509
2026-01-31 15:00:00,Aspect,Conjunction,Mercury,Capricorn,"24°04'25.22""",Venus,Capricorn,"23°07'03.10""",0,0.9561,0.9561
2026-01-31 15:15:00,Aspect,Conjunction,Mercury,Capricorn,"24°05'31.34""",Venus,Capricorn,"23°07'50.16""",0,0.9614,0.9614
2026-01-31 15:30:00,Aspect,Conjunction,Mercury,Capricorn,"24°06'37.46""",Venus,Capricorn,"23°08'37.22""",0,0.9667,0.9667
2026-01-31 15:45:00,Aspect,Conjunction,Mercury,Capricorn,"24°07'43.58""",Venus,Capricorn,"23°09'24.27""",0,0.972,0.972
2026-01-31 16:00:00,Aspect,Conjunction,Mercury,Capricorn,"24°08'49.70""",Venus,Capricorn,"23°10'11.33""",0,0.9773,0.9773
2026-01-31 16:15:00,Aspect,Conjunction,Mercury,Capricorn,"24°09'55.83""",Venus,Capricorn,"23°10'58.38""",0,0.9826,0.9826
2026-01-31 16:30:00,Aspect,Conjunction,Mercury,Capricorn,"24°11'01.96""",Venus,Capricorn,"23°11'45.44""",0,0.9879,0.9879
2026-01-31 16:45:00,Aspect,Conjunction,Mercury,Capricorn,"24°12'08.09""",Venus,Capricorn,"23°12'32.50""",0,0.9932,0.9932
2026-01-31 17:00:00,Aspect,Conjunction,Mercury,Capricorn,"24°13'14.22""",Venus,Capricorn,"23°13'19.55""",0,0.9985,0.9985
