datetime,event,type,planet1,planet1_sign,planet1_degree,planet2,planet2_sign,planet2_degree,exact_angle,difference,orb
2026-01-01 00:00:00,Aspect,Sextitle,Mars,Sagittarius,"18°14'34.37""",Rahu,Aquarius,"17°57'51.71""",60,59.7215,0.2785
2026-01-01 00:00:00,Aspect,Trine,Mars,Sagittarius,"18°14'34.37""",Ketu,Leo,"17°57'51.71""",120,120.2785,0.2785
2026-01-01 00:15:00,Aspect,Sextitle,Mars,Sagittarius,"18°15'03.10""",Rahu,Aquarius,"17°57'49.72""",60,59.7129,0.2871
2026-01-01 00:15:00,Aspect,Trine,Mars,Sagittarius,"18°15'03.10""",Ketu,Leo,"17°57'49.72""",120,120.2871,0.2871
2026-01-01 00:30:00,Aspect,Sextitle,Mars,Sagittarius,"18°15'31.83""",Rahu,Aquarius,"17°57'47.73""",60,59.7044,0.2956
2026-01-01 00:30:00,Aspect,Trine,Mars,Sagittarius,"18°15'31.83""",Ketu,Leo,"17°57'47.73""",120,120.2956,0.2956
2026-01-01 00:45:00,Aspect,Sextitle,Mars,Sagittarius,"18°16'00.56""",Rahu,Aquarius,"17°57'45.74""",60,59.6959,0.3041
2026-01-01 00:45:00,Aspect,Trine,Mars,Sagittarius,"18°16'00.56""",Ketu,Leo,"17°57'45.74""",120,120.3041,0.3041
2026-01-01 01:00:00,Aspect,Sextitle,Mars,Sagittarius,"18°16'29.29""",Rahu,Aquarius,"17°57'43.76""",60,59.6874,0.3126
2026-01-01 01:00:00,Aspect,Trine,Mars,Sagittarius,"18°16'29.29""",Ketu,Leo,"17°57'43.76""",120,120.3126,0.3126
2026-01-01 01:15:00,Aspect,Sextitle,Mars,Sagittarius,"18°16'58.02""",Rahu,Aquarius,"17°57'41.77""",60,59.6788,0.3212
2026-01-01 01:15:00,Aspect,Trine,Mars,Sagittarius,"18°16'58.02""",Ketu,Leo,"17°57'41.77""",120,120.3212,0.3212
2026-01-01 01:30:00,Aspect,Sextitle,Mars,Sagittarius,"18°17'26.74""",Rahu,Aquarius,"17°57'39.78""",60,59.6703,0.3297
2026-01-01 01:30:00,Aspect,Trine,Mars,Sagittarius,"18°17'26.74""",Ketu,Leo,"17°57'39.78""",120,120.3297,0.3297
2026-01-01 01:45:00,Aspect,Sextitle,Mars,Sagittarius,"18°17'55.47""",Rahu,Aquarius,"17°57'37.80""",60,59.6618,0.3382
2026-01-01 01:45:00,Aspect,Trine,Mars,Sagittarius,"18°17'55.47""",Ketu,Leo,"17°57'37.80""",120,120.3382,0.3382
2026-01-01 02:00:00,Aspect,Sextitle,Mars,Sagittarius,"18°18'24.20""",Rahu,Aquarius,"17°57'35.81""",60,59.6532,0.3468
2026-01-01 02:00:00,Aspect,Trine,Mars,Sagittarius,"18°18'24.20""",Ketu,Leo,"17°57'35.81""",120,120.3468,0.3468
2026-01-01 02:15:00,Aspect,Sextitle,Mars,Sagittarius,"18°18'52.93""",Rahu,Aquarius,"17°57'33.82""",60,59.6447,0.3553
2026-01-01 02:15:00,Aspect,Trine,Mars,Sagittarius,"18°18'52.93""",Ketu,Leo,"17°57'33.82""",120,120.3553,0.3553
2026-01-01 02:30:00,Aspect,Sextitle,Mars,Sagittarius,"18°19'21.66""",Rahu,Aquarius,"17°57'31.83""",60,59.6362,0.3638
2026-01-01 02:30:00,Aspect,Trine,Mars,Sagittarius,"18°19'21.66""",Ketu,Leo,"17°57'31.83""",120,120.3638,0.3638
2026-01-01 02:45:00,Aspect,Sextitle,Mars,Sagittarius,"18°19'50.40""",Rahu,Aquarius,"17°57'29.85""",60,59.6276,0.3724
2026-01-01 02:45:00,Aspect,Trine,Mars,Sagittarius,"18°19'50.40""",Ketu,Leo,"17°57'29.85""",120,120.3724,0.3724
2026-01-01 03:00:00,Aspect,Sextitle,Mars,Sagittarius,"18°20'19.13""",Rahu,Aquarius,"17°57'27.86""",60,59.6191,0.3809
2026-01-01 03:00:00,Aspect,Trine,Mars,Sagittarius,"18°20'19.13""",Ketu,Leo,"17°57'27.86""",120,120.3809,0.3809
2026-01-01 03:15:00,Aspect,Sextitle,Mars,Sagittarius,"18°20'47.86""",Rahu,Aquarius,"17°57'25.87""",60,59.6106,0.3894
2026-01-01 03:15:00,Aspect,Trine,Mars,Sagittarius,"18°20'47.86""",Ketu,Leo,"17°57'25.87""",120,120.3894,0.3894
2026-01-01 03:30:00,Aspect,Sextitle,Mars,Sagittarius,"18°21'16.59""",Rahu,Aquarius,"17°57'23.89""",60,59.602,0.398
2026-01-01 03:30:00,Aspect,Trine,Mars,Sagittarius,"18°21'16.59""",Ketu,Leo,"17°57'23.89""",120,120.398,0.398
2026-01-01 03:45:00,Aspect,Sextitle,Mars,Sagittarius,"18°21'45.32""",Rahu,Aquarius,"17°57'21.90""",60,59.5935,0.4065
2026-01-01 03:45:00,Aspect,Trine,Mars,Sagittarius,"18°21'45.32""",Ketu,Leo,"17°57'21.90""",120,120.4065,0.4065
2026-01-01 04:00:00,Aspect,Sextitle,Mars,Sagittarius,"18°22'14.05""",Rahu,Aquarius,"17°57'19.91""",60,59.585,0.415
2026-01-01 04:00:00,Aspect,Trine,Mars,Sagittarius,"18°22'14.05""",Ketu,Leo,"17°57'19.91""",120,120.415,0.415
2026-01-01 04:15:00,Aspect,Sextitle,Mars,Sagittarius,"18°22'42.78""",Rahu,Aquarius,"17°57'17.92""",60,59.5764,0.4236
2026-01-01 04:15:00,Aspect,Trine,Mars,Sagittarius,"18°22'42.78""",Ketu,Leo,"17°57'17.92""",120,120.4236,0.4236
2026-01-01 04:30:00,Aspect,Sextitle,Mars,Sagittarius,"18°23'11.52""",Rahu,Aquarius,"17°57'15.94""",60,59.5679,0.4321
2026-01-01 04:30:00,Aspect,Trine,Mars,Sagittarius,"18°23'11.52""",Ketu,Leo,"17°57'15.94""",120,120.4321,0.4321
2026-01-01 04:45:00,Aspect,Sextitle,Mars,Sagittarius,"18°23'40.25""",Rahu,Aquarius,"17°57'13.95""",60,59.5594,0.4406
2026-01-01 04:45:00,Aspect,Trine,Mars,Sagittarius,"18°23'40.25""",Ketu,Leo,"17°57'13.95""",120,120.4406,0.4406
2026-01-01 05:00:00,Aspect,Sextitle,Mars,Sagittarius,"18°24'08.98""",Rahu,Aquarius,"17°57'11.96""",60,59.5508,0.4492
2026-01-01 05:00:00,Aspect,Trine,Mars,Sagittarius,"18°24'08.98""",Ketu,Leo,"17°57'11.96""",120,120.4492,0.4492
2026-01-01 05:15:00,Aspect,Sextitle,Mars,Sagittarius,"18°24'37.72""",Rahu,Aquarius,"17°57'09.98""",60,59.5423,0.4577
2026-01-01 05:15:00,Aspect,Trine,Mars,Sagittarius,"18°24'37.72""",Ketu,Leo,"17°57'09.98""",120,120.4577,0.4577
2026-01-01 05:30:00,Aspect,Sextitle,Mars,Sagittarius,"18°25'06.45""",Rahu,Aquarius,"17°57'07.99""",60,59.5338,0.4662
2026-01-01 05:30:00,Aspect,Trine,Mars,Sagittarius,"18°25'06.45""",Ketu,Leo,"17°57'07.99""",120,120.4662,0.4662
2026-01-01 05:45:00,Aspect,Sextitle,Mars,Sagittarius,"18°25'35.18""",Rahu,Aquarius,"17°57'06.00""",60,59.5252,0.4748
2026-01-01 05:45:00,Aspect,Trine,Mars,Sagittarius,"18°25'35.18""",Ketu,Leo,"17°57'06.00""",120,120.4748,0.4748
2026-01-01 06:00:00,Aspect,Sextitle,Mars,Sagittarius,"18°26'03.92""",Rahu,Aquarius,"17°57'04.01""",60,59.5167,0.4833
2026-01-01 06:00:00,Aspect,Trine,Mars,Sagittarius,"18°26'03.92""",Ketu,Leo,"17°57'04.01""",120,120.4833,0.4833
2026-01-01 06:15:00,Aspect,Sextitle,Mars,Sagittarius,"18°26'32.65""",Rahu,Aquarius,"17°57'02.03""",60,59.5082,0.4918
2026-01-01 06:15:00,Aspect,Trine,Mars,Sagittarius,"18°26'32.65""",Ketu,Leo,"17°57'02.03""",120,120.4918,0.4918
2026-01-01 06:30:00,Aspect,Sextitle,Mars,Sagittarius,"18°27'01.39""",Rahu,Aquarius,"17°57'00.04""",60,59.4996,0.5004
2026-01-01 06:30:00,Aspect,Trine,Mars,Sagittarius,"18°27'01.39""",Ketu,Leo,"17°57'00.04""",120,120.5004,0.5004
2026-01-01 06:45:00,Aspect,Sextitle,Mars,Sagittarius,"18°27'30.12""",Rahu,Aquarius,"17°56'58.05""",60,59.4911,0.5089
2026-01-01 06:45:00,Aspect,Trine,Mars,Sagittarius,"18°27'30.12""",Ketu,Leo,"17°56'58.05""",120,120.5089,0.5089
2026-01-01 07:00:00,Aspect,Sextitle,Mars,Sagittarius,"18°27'58.86""",Rahu,Aquarius,"17°56'56.06""",60,59.4826,0.5174
2026-01-01 07:00:00,Aspect,Trine,Mars,Sagittarius,"18°27'58.86""",Ketu,Leo,"17°56'56.06""",120,120.5174,0.5174
2026-01-01 07:15:00,Aspect,Sextitle,Mars,Sagittarius,"18°28'27.59""",Rahu,Aquarius,"17°56'54.08""",60,59.474,0.526
2026-01-01 07:15:00,Aspect,Trine,Mars,Sagittarius,"18°28'27.59""",Ketu,Leo,"17°56'54.08""",120,120.526,0.526
2026-01-01 07:30:00,Aspect,Sextitle,Mars,Sagittarius,"18°28'56.33""",Rahu,Aquarius,"17°56'52.09""",60,59.4655,0.5345
2026-01-01 07:30:00,Aspect,Trine,Mars,Sagittarius,"18°28'56.33""",Ketu,Leo,"17°56'52.09""",120,120.5345,0.5345
2026-01-01 07:45:00,Aspect,Sextitle,Mars,Sagittarius,"18°29'25.06""",Rahu,Aquarius,"17°56'50.10""",60,59.457,0.543
2026-01-01 07:45:00,Aspect,Trine,Mars,Sagittarius,"18°29'25.06""",Ketu,Leo,"17°56'50.10""",120,120.543,0.543
2026-01-01 08:00:00,Aspect,Sextitle,Mars,Sagittarius,"18°29'53.80""",Rahu,Aquarius,"17°56'48.12""",60,59.4484,0.5516
2026-01-01 08:00:00,Aspect,Trine,Mars,Sagittarius,"18°29'53.80""",Ketu,Leo,"17°56'48.12""",120,120.5516,0.5516
2026-01-01 08:15:00,Aspect,Sextitle,Mars,Sagittarius,"18°30'22.54""",Rahu,Aquarius,"17°56'46.13""",60,59.4399,0.5601
2026-01-01 08:15:00,Aspect,Trine,Mars,Sagittarius,"18°30'22.54""",Ketu,Leo,"17°56'46.13""",120,120.5601,0.5601
2026-01-01 08:30:00,Aspect,Sextitle,Mars,Sagittarius,"18°30'51.27""",Rahu,Aquarius,"17°56'44.14""",60,59.4314,0.5686
2026-01-01 08:30:00,Aspect,Trine,Mars,Sagittarius,"18°30'51.27""",Ketu,Leo,"17°56'44.14""",120,120.5686,0.5686
2026-01-01 08:45:00,Aspect,Sextitle,Mars,Sagittarius,"18°31'20.01""",Rahu,Aquarius,"17°56'42.15""",60,59.4228,0.5772
2026-01-01 08:45:00,Aspect,Trine,Mars,Sagittarius,"18°31'20.01""",Ketu,Leo,"17°56'42.15""",120,120.5772,0.5772
2026-01-01 09:00:00,Aspect,Sextitle,Mars,Sagittarius,"18°31'48.75""",Rahu,Aquarius,"17°56'40.17""",60,59.4143,0.5857
2026-01-01 09:00:00,Aspect,Trine,Mars,Sagittarius,"18°31'48.75""",Ketu,Leo,"17°56'40.17""",120,120.5857,0.5857
2026-01-01 09:15:00,Aspect,Sextitle,Mars,Sagittarius,"18°32'17.48""",Rahu,Aquarius,"17°56'38.18""",60,59.4057,0.5943
2026-01-01 09:15:00,Aspect,Trine,Mars,Sagittarius,"18°32'17.48""",Ketu,Leo,"17°56'38.18""",120,120.5943,0.5943
2026-01-01 09:30:00,Aspect,Sextitle,Mars,Sagittarius,"18°32'46.22""",Rahu,Aquarius,"17°56'36.19""",60,59.3972,0.6028
2026-01-01 09:30:00,Aspect,Trine,Mars,Sagittarius,"18°32'46.22""",Ketu,Leo,"17°56'36.19""",120,120.6028,0.6028
2026-01-01 09:45:00,Aspect,Sextitle,Mars,Sagittarius,"18°33'14.96""",Rahu,Aquarius,"17°56'34.21""",60,59.3887,0.6113
2026-01-01 09:45:00,Aspect,Trine,Mars,Sagittarius,"18°33'14.96""",Ketu,Leo,"17°56'34.21""",120,120.6113,0.6113
2026-01-01 10:00:00,Aspect,Sextitle,Mars,Sagittarius,"18°33'43.70""",Rahu,Aquarius,"17°56'32.22""",60,59.3801,0.6199
2026-01-01 10:00:00,Aspect,Trine,Mars,Sagittarius,"18°33'43.70""",Ketu,Leo,"17°56'32.22""",120,120.6199,0.6199
2026-01-01 10:15:00,Aspect,Sextitle,Mars,Sagittarius,"18°34'12.44""",Rahu,Aquarius,"17°56'30.23""",60,59.3716,0.6284
2026-01-01 10:15:00,Aspect,Trine,Mars,Sagittarius,"18°34'12.44""",Ketu,Leo,"17°56'30.23""",120,120.6284,0.6284
2026-01-01 10:30:00,Aspect,Sextitle,Mars,Sagittarius,"18°34'41.17""",Rahu,Aquarius,"17°56'28.24""",60,59.3631,0.6369
2026-01-01 10:30:00,Aspect,Trine,Mars,Sagittarius,"18°34'41.17""",Ketu,Leo,"17°56'28.24""",120,120.6369,0.6369
2026-01-01 10:45:00,Aspect,Sextitle,Mars,Sagittarius,"18°35'09.91""",Rahu,Aquarius,"17°56'26.26""",60,59.3545,0.6455
2026-01-01 10:45:00,Aspect,Trine,Mars,Sagittarius,"18°35'09.91""",Ketu,Leo,"17°56'26.26""",120,120.6455,0.6455
2026-01-01 11:00:00,Aspect,Sextitle,Mars,Sagittarius,"18°35'38.65""",Rahu,Aquarius,"17°56'24.27""",60,59.346,0.654
2026-01-01 11:00:00,Aspect,Trine,Mars,Sagittarius,"18°35'38.65""",Ketu,Leo,"17°56'24.27""",120,120.654,0.654
2026-01-01 11:15:00,Aspect,Sextitle,Mars,Sagittarius,"18°36'07.39""",Rahu,Aquarius,"17°56'22.28""",60,59.3375,0.6625
2026-01-01 11:15:00,Aspect,Trine,Mars,Sagittarius,"18°36'07.39""",Ketu,Leo,"17°56'22.28""",120,120.6625,0.6625
2026-01-01 11:30:00,Aspect,Sextitle,Mars,Sagittarius,"18°36'36.13""",Rahu,Aquarius,"17°56'20.30""",60,59.3289,0.6711
2026-01-01 11:30:00,Aspect,Trine,Mars,Sagittarius,"18°36'36.13""",Ketu,Leo,"17°56'20.30""",120,120.6711,0.6711
2026-01-01 11:45:00,Aspect,Sextitle,Mars,Sagittarius,"18°37'04.87""",Rahu,Aquarius,"17°56'18.31""",60,59.3204,0.6796
2026-01-01 11:45:00,Aspect,Trine,Mars,Sagittarius,"18°37'04.87""",Ketu,Leo,"17°56'18.31""",120,120.6796,0.6796
2026-01-01 12:00:00,Aspect,Sextitle,Mars,Sagittarius,"18°37'33.61""",Rahu,Aquarius,"17°56'16.32""",60,59.3119,0.6881
2026-01-01 12:00:00,Aspect,Trine,Mars,Sagittarius,"18°37'33.61""",Ketu,Leo,"17°56'16.32""",120,120.6881,0.6881
2026-01-01 12:15:00,Aspect,Sextitle,Mars,Sagittarius,"18°38'02.35""",Rahu,Aquarius,"17°56'14.33""",60,59.3033,0.6967
2026-01-01 12:15:00,Aspect,Trine,Mars,Sagittarius,"18°38'02.35""",Ketu,Leo,"17°56'14.33""",120,120.6967,0.6967
2026-01-01 12:30:00,Aspect,Sextitle,Mars,Sagittarius,"18°38'31.09""",Rahu,Aquarius,"17°56'12.35""",60,59.2948,0.7052
2026-01-01 12:30:00,Aspect,Trine,Mars,Sagittarius,"18°38'31.09""",Ketu,Leo,"17°56'12.35""",120,120.7052,0.7052
2026-01-01 12:45:00,Aspect,Sextitle,Mars,Sagittarius,"18°38'59.83""",Rahu,Aquarius,"17°56'10.36""",60,59.2863,0.7137
2026-01-01 12:45:00,Aspect,Trine,Mars,Sagittarius,"18°38'59.83""",Ketu,Leo,"17°56'10.36""",120,120.7137,0.7137
2026-01-01 13:00:00,Aspect,Sextitle,Mars,Sagittarius,"18°39'28.57""",Rahu,Aquarius,"17°56'08.37""",60,59.2777,0.7223
2026-01-01 13:00:00,Aspect,Trine,Mars,Sagittarius,"18°39'28.57""",Ketu,Leo,"17°56'08.37""",120,120.7223,0.7223
2026-01-01 13:15:00,Aspect,Sextitle,Mars,Sagittarius,"18°39'57.32""",Rahu,Aquarius,"17°56'06.38""",60,59.2692,0.7308
2026-01-01 13:15:00,Aspect,Trine,Mars,Sagittarius,"18°39'57.32""",Ketu,Leo,"17°56'06.38""",120,120.7308,0.7308
2026-01-01 13:30:00,Aspect,Sextitle,Mars,Sagittarius,"18°40'26.06""",Rahu,Aquarius,"17°56'04.40""",60,59.2606,0.7394
2026-01-01 13:30:00,Aspect,Trine,Mars,Sagittarius,"18°40'26.06""",Ketu,Leo,"17°56'04.40""",120,120.7394,0.7394
2026-01-01 13:45:00,Aspect,Sextitle,Mars,Sagittarius,"18°40'54.80""",Rahu,Aquarius,"17°56'02.41""",60,59.2521,0.7479
2026-01-01 13:45:00,Aspect,Trine,Mars,Sagittarius,"18°40'54.80""",Ketu,Leo,"17°56'02.41""",120,120.7479,0.7479
2026-01-01 14:00:00,Aspect,Sextitle,Mars,Sagittarius,"18°41'23.54""",Rahu,Aquarius,"17°56'00.42""",60,59.2436,0.7564
2026-01-01 14:00:00,Aspect,Trine,Mars,Sagittarius,"18°41'23.54""",Ketu,Leo,"17°56'00.42""",120,120.7564,0.7564
2026-01-01 14:15:00,Aspect,Square,Moon,Taurus,"17°01'39.68""",Rahu,Aquarius,"17°55'58.44""",90,89.0948,0.9052
2026-01-01 14:15:00,Aspect,Square,Moon,Taurus,"17°01'39.68""",Ketu,Leo,"17°55'58.44""",90,90.9052,0.9052
2026-01-01 14:15:00,Aspect,Sextitle,Mars,Sagittarius,"18°41'52.28""",Rahu,Aquarius,"17°55'58.44""",60,59.235,0.765
2026-01-01 14:15:00,Aspect,Trine,Mars,Sagittarius,"18°41'52.28""",Ketu,Leo,"17°55'58.44""",120,120.765,0.765
2026-01-01 14:30:00,Aspect,Square,Moon,Taurus,"17°11'03.19""",Rahu,Aquarius,"17°55'56.45""",90,89.2519,0.7481
2026-01-01 14:30:00,Aspect,Square,Moon,Taurus,"17°11'03.19""",Ketu,Leo,"17°55'56.45""",90,90.7481,0.7481
2026-01-01 14:30:00,Aspect,Sextitle,Mars,Sagittarius,"18°42'21.03""",Rahu,Aquarius,"17°55'56.45""",60,59.2265,0.7735
2026-01-01 14:30:00,Aspect,Trine,Mars,Sagittarius,"18°42'21.03""",Ketu,Leo,"17°55'56.45""",120,120.7735,0.7735
2026-01-01 14:45:00,Aspect,Square,Moon,Taurus,"17°20'26.75""",Rahu,Aquarius,"17°55'54.46""",90,89.409,0.591
2026-01-01 14:45:00,Aspect,Square,Moon,Taurus,"17°20'26.75""",Ketu,Leo,"17°55'54.46""",90,90.591,0.591
2026-01-01 14:45:00,Aspect,Sextitle,Mars,Sagittarius,"18°42'49.77""",Rahu,Aquarius,"17°55'54.46""",60,59.218,0.782
2026-01-01 14:45:00,Aspect,Trine,Mars,Sagittarius,"18°42'49.77""",Ketu,Leo,"17°55'54.46""",120,120.782,0.782
2026-01-01 15:00:00,Aspect,Square,Moon,Taurus,"17°29'50.34""",Rahu,Aquarius,"17°55'52.47""",90,89.5661,0.4339
2026-01-01 15:00:00,Aspect,Square,Moon,Taurus,"17°29'50.34""",Ketu,Leo,"17°55'52.47""",90,90.4339,0.4339
2026-01-01 15:00:00,Aspect,Sextitle,Mars,Sagittarius,"18°43'18.51""",Rahu,Aquarius,"17°55'52.47""",60,59.2094,0.7906
2026-01-01 15:00:00,Aspect,Trine,Mars,Sagittarius,"18°43'18.51""",Ketu,Leo,"17°55'52.47""",120,120.7906,0.7906
2026-01-01 15:15:00,Aspect,Square,Moon,Taurus,"17°39'13.98""",Rahu,Aquarius,"17°55'50.49""",90,89.7232,0.2768
2026-01-01 15:15:00,Aspect,Square,Moon,Taurus,"17°39'13.98""",Ketu,Leo,"17°55'50.49""",90,90.2768,0.2768
2026-01-01 15:15:00,Aspect,Sextitle,Mars,Sagittarius,"18°43'47.26""",Rahu,Aquarius,"17°55'50.49""",60,59.2009,0.7991
2026-01-01 15:15:00,Aspect,Trine,Mars,Sagittarius,"18°43'47.26""",Ketu,Leo,"17°55'50.49""",120,120.7991,0.7991
2026-01-01 15:30:00,Aspect,Square,Moon,Taurus,"17°48'37.65""",Rahu,Aquarius,"17°55'48.50""",90,89.8803,0.1197
2026-01-01 15:30:00,Aspect,Square,Moon,Taurus,"17°48'37.65""",Ketu,Leo,"17°55'48.50""",90,90.1197,0.1197
2026-01-01 15:30:00,Aspect,Sextitle,Mars,Sagittarius,"18°44'16.00""",Rahu,Aquarius,"17°55'48.50""",60,59.1924,0.8076
2026-01-01 15:30:00,Aspect,Trine,Mars,Sagittarius,"18°44'16.00""",Ketu,Leo,"17°55'48.50""",120,120.8076,0.8076
2026-01-01 15:45:00,Aspect,Square,Moon,Taurus,"17°58'01.36""",Rahu,Aquarius,"17°55'46.51""",90,90.0375,0.0375
2026-01-01 15:45:00,Aspect,Square,Moon,Taurus,"17°58'01.36""",Ketu,Leo,"17°55'46.51""",90,89.9625,0.0375
2026-01-01 15:45:00,Aspect,Sextitle,Mars,Sagittarius,"18°44'44.75""",Rahu,Aquarius,"17°55'46.51""",60,59.1838,0.8162
2026-01-01 15:45:00,Aspect,Trine,Mars,Sagittarius,"18°44'44.75""",Ketu,Leo,"17°55'46.51""",120,120.8162,0.8162
2026-01-01 16:00:00,Aspect,Square,Moon,Taurus,"18°07'25.11""",Rahu,Aquarius,"17°55'44.53""",90,90.1946,0.1946
2026-01-01 16:00:00,Aspect,Square,Moon,Taurus,"18°07'25.11""",Ketu,Leo,"17°55'44.53""",90,89.8054,0.1946
2026-01-01 16:00:00,Aspect,Sextitle,Mars,Sagittarius,"18°45'13.49""",Rahu,Aquarius,"17°55'44.53""",60,59.1753,0.8247
2026-01-01 16:00:00,Aspect,Trine,Mars,Sagittarius,"18°45'13.49""",Ketu,Leo,"17°55'44.53""",120,120.8247,0.8247
2026-01-01 16:15:00,Aspect,Square,Moon,Taurus,"18°16'48.89""",Rahu,Aquarius,"17°55'42.54""",90,90.3518,0.3518
2026-01-01 16:15:00,Aspect,Square,Moon,Taurus,"18°16'48.89""",Ketu,Leo,"17°55'42.54""",90,89.6482,0.3518
2026-01-01 16:15:00,Aspect,Sextitle,Mars,Sagittarius,"18°45'42.23""",Rahu,Aquarius,"17°55'42.54""",60,59.1668,0.8332
2026-01-01 16:15:00,Aspect,Trine,Mars,Sagittarius,"18°45'42.23""",Ketu,Leo,"17°55'42.54""",120,120.8332,0.8332
2026-01-01 16:30:00,Aspect,Square,Moon,Taurus,"18°26'12.72""",Rahu,Aquarius,"17°55'40.55""",90,90.5089,0.5089
2026-01-01 16:30:00,Aspect,Square,Moon,Taurus,"18°26'12.72""",Ketu,Leo,"17°55'40.55""",90,89.4911,0.5089
2026-01-01 16:30:00,Aspect,Sextitle,Mars,Sagittarius,"18°46'10.98""",Rahu,Aquarius,"17°55'40.55""",60,59.1582,0.8418
2026-01-01 16:30:00,Aspect,Trine,Mars,Sagittarius,"18°46'10.98""",Ketu,Leo,"17°55'40.55""",120,120.8418,0.8418
2026-01-01 16:45:00,Aspect,Square,Moon,Taurus,"18°35'36.57""",Rahu,Aquarius,"17°55'38.56""",90,90.6661,0.6661
2026-01-01 16:45:00,Aspect,Square,Moon,Taurus,"18°35'36.57""",Ketu,Leo,"17°55'38.56""",90,89.3339,0.6661
2026-01-01 16:45:00,Aspect,Sextitle,Mars,Sagittarius,"18°46'39.72""",Rahu,Aquarius,"17°55'38.56""",60,59.1497,0.8503
2026-01-01 16:45:00,Aspect,Trine,Mars,Sagittarius,"18°46'39.72""",Ketu,Leo,"17°55'38.56""",120,120.8503,0.8503
2026-01-01 17:00:00,Aspect,Square,Moon,Taurus,"18°45'00.46""",Rahu,Aquarius,"17°55'36.58""",90,90.8233,0.8233
2026-01-01 17:00:00,Aspect,Square,Moon,Taurus,"18°45'00.46""",Ketu,Leo,"17°55'36.58""",90,89.1767,0.8233
2026-01-01 17:00:00,Aspect,Sextitle,Mars,Sagittarius,"18°47'08.47""",Rahu,Aquarius,"17°55'36.58""",60,59.1411,0.8589
2026-01-01 17:00:00,Aspect,Trine,Mars,Sagittarius,"18°47'08.47""",Ketu,Leo,"17°55'36.58""",120,120.8589,0.8589
2026-01-01 17:15:00,Aspect,Square,Moon,Taurus,"18°54'24.39""",Rahu,Aquarius,"17°55'34.59""",90,90.9805,0.9805
2026-01-01 17:15:00,Aspect,Square,Moon,Taurus,"18°54'24.39""",Ketu,Leo,"17°55'34.59""",90,89.0195,0.9805
2026-01-01 17:15:00,Aspect,Sextitle,Mars,Sagittarius,"18°47'37.22""",Rahu,Aquarius,"17°55'34.59""",60,59.1326,0.8674
2026-01-01 17:15:00,Aspect,Trine,Mars,Sagittarius,"18°47'37.22""",Ketu,Leo,"17°55'34.59""",120,120.8674,0.8674
2026-01-01 17:30:00,Aspect,Sextitle,Mars,Sagittarius,"18°48'05.96""",Rahu,Aquarius,"17°55'32.60""",60,59.1241,0.8759
2026-01-01 17:30:00,Aspect,Trine,Mars,Sagittarius,"18°48'05.96""",Ketu,Leo,"17°55'32.60""",120,120.8759,0.8759
2026-01-01 17:45:00,Aspect,Sextitle,Mars,Sagittarius,"18°48'34.71""",Rahu,Aquarius,"17°55'30.62""",60,59.1155,0.8845
2026-01-01 17:45:00,Aspect,Trine,Mars,Sagittarius,"18°48'34.71""",Ketu,Leo,"17°55'30.62""",120,120.8845,0.8845
2026-01-01 18:00:00,Aspect,Sextitle,Mars,Sagittarius,"18°49'03.45""",Rahu,Aquarius,"17°55'28.63""",60,59.107,0.893
2026-01-01 18:00:00,Aspect,Trine,Mars,Sagittarius,"18°49'03.45""",Ketu,Leo,"17°55'28.63""",120,120.893,0.893
2026-01-01 18:15:00,Aspect,Sextitle,Mars,Sagittarius,"18°49'32.20""",Rahu,Aquarius,"17°55'26.64""",60,59.0985,0.9015
2026-01-01 18:15:00,Aspect,Trine,Mars,Sagittarius,"18°49'32.20""",Ketu,Leo,"17°55'26.64""",120,120.9015,0.9015
2026-01-01 18:30:00,Aspect,Sextitle,Mars,Sagittarius,"18°50'00.95""",Rahu,Aquarius,"17°55'24.65""",60,59.0899,0.9101
2026-01-01 18:30:00,Aspect,Trine,Mars,Sagittarius,"18°50'00.95""",Ketu,Leo,"17°55'24.65""",120,120.9101,0.9101
2026-01-01 18:45:00,Aspect,Sextitle,Mars,Sagittarius,"18°50'29.69""",Rahu,Aquarius,"17°55'22.67""",60,59.0814,0.9186
2026-01-01 18:45:00,Aspect,Trine,Mars,Sagittarius,"18°50'29.69""",Ketu,Leo,"17°55'22.67""",120,120.9186,0.9186
2026-01-01 19:00:00,Aspect,Sextitle,Mars,Sagittarius,"18°50'58.44""",Rahu,Aquarius,"17°55'20.68""",60,59.0728,0.9272
2026-01-01 19:00:00,Aspect,Trine,Mars,Sagittarius,"18°50'58.44""",Ketu,Leo,"17°55'20.68""",120,120.9272,0.9272
2026-01-01 19:15:00,Aspect,Sextitle,Mars,Sagittarius,"18°51'27.19""",Rahu,Aquarius,"17°55'18.69""",60,59.0643,0.9357
2026-01-01 19:15:00,Aspect,Trine,Mars,Sagittarius,"18°51'27.19""",Ketu,Leo,"17°55'18.69""",120,120.9357,0.9357
2026-01-01 19:30:00,Aspect,Sextitle,Mars,Sagittarius,"18°51'55.94""",Rahu,Aquarius,"17°55'16.70""",60,59.0558,0.9442
2026-01-01 19:30:00,Aspect,Trine,Mars,Sagittarius,"18°51'55.94""",Ketu,Leo,"17°55'16.70""",120,120.9442,0.9442
2026-01-01 19:45:00,Aspect,Sextitle,Mars,Sagittarius,"18°52'24.69""",Rahu,Aquarius,"17°55'14.72""",60,59.0472,0.9528
2026-01-01 19:45:00,Aspect,Trine,Mars,Sagittarius,"18°52'24.69""",Ketu,Leo,"17°55'14.72""",120,120.9528,0.9528
2026-01-01 20:00:00,Aspect,Sextitle,Mars,Sagittarius,"18°52'53.43""",Rahu,Aquarius,"17°55'12.73""",60,59.0387,0.9613
2026-01-01 20:00:00,Aspect,Trine,Mars,Sagittarius,"18°52'53.43""",Ketu,Leo,"17°55'12.73""",120,120.9613,0.9613
2026-01-01 20:15:00,Aspect,Sextitle,Mars,Sagittarius,"18°53'22.18""",Rahu,Aquarius,"17°55'10.74""",60,59.0302,0.9698
2026-01-01 20:15:00,Aspect,Trine,Mars,Sagittarius,"18°53'22.18""",Ketu,Leo,"17°55'10.74""",120,120.9698,0.9698
2026-01-01 20:30:00,Aspect,Sextitle,Sun,Sagittarius,"16°55'11.41""",Rahu,Aquarius,"17°55'08.76""",60,60.9993,0.9993
2026-01-01 20:30:00,Aspect,Trine,Sun,Sagittarius,"16°55'11.41""",Ketu,Leo,"17°55'08.76""",120,119.0007,0.9993
2026-01-01 20:30:00,Aspect,Sextitle,Mars,Sagittarius,"18°53'50.93""",Rahu,Aquarius,"17°55'08.76""",60,59.0216,0.9784
2026-01-01 20:30:00,Aspect,Trine,Mars,Sagittarius,"18°53'50.93""",Ketu,Leo,"17°55'08.76""",120,120.9784,0.9784
2026-01-01 20:45:00,Aspect,Sextitle,Sun,Sagittarius,"16°55'49.61""",Rahu,Aquarius,"17°55'06.77""",60,60.9881,0.9881
2026-01-01 20:45:00,Aspect,Trine,Sun,Sagittarius,"16°55'49.61""",Ketu,Leo,"17°55'06.77""",120,119.0119,0.9881
2026-01-01 20:45:00,Aspect,Sextitle,Mars,Sagittarius,"18°54'19.68""",Rahu,Aquarius,"17°55'06.77""",60,59.0131,0.9869
2026-01-01 20:45:00,Aspect,Trine,Mars,Sagittarius,"18°54'19.68""",Ketu,Leo,"17°55'06.77""",120,120.9869,0.9869
2026-01-01 21:00:00,Aspect,Sextitle,Sun,Sagittarius,"16°56'27.82""",Rahu,Aquarius,"17°55'04.78""",60,60.9769,0.9769
2026-01-01 21:00:00,Aspect,Trine,Sun,Sagittarius,"16°56'27.82""",Ketu,Leo,"17°55'04.78""",120,119.0231,0.9769
2026-01-01 21:00:00,Aspect,Sextitle,Mars,Sagittarius,"18°54'48.43""",Rahu,Aquarius,"17°55'04.78""",60,59.0045,0.9955
2026-01-01 21:00:00,Aspect,Trine,Mars,Sagittarius,"18°54'48.43""",Ketu,Leo,"17°55'04.78""",120,120.9955,0.9955
2026-01-01 21:15:00,Aspect,Sextitle,Sun,Sagittarius,"16°57'06.02""",Rahu,Aquarius,"17°55'02.79""",60,60.9658,0.9658
2026-01-01 21:15:00,Aspect,Trine,Sun,Sagittarius,"16°57'06.02""",Ketu,Leo,"17°55'02.79""",120,119.0342,0.9658
2026-01-01 21:30:00,Aspect,Sextitle,Sun,Sagittarius,"16°57'44.22""",Rahu,Aquarius,"17°55'00.81""",60,60.9546,0.9546
2026-01-01 21:30:00,Aspect,Trine,Sun,Sagittarius,"16°57'44.22""",Ketu,Leo,"17°55'00.81""",120,119.0454,0.9546
2026-01-01 21:45:00,Aspect,Sextitle,Sun,Sagittarius,"16°58'22.43""",Rahu,Aquarius,"17°54'58.82""",60,60.9434,0.9434
2026-01-01 21:45:00,Aspect,Trine,Sun,Sagittarius,"16°58'22.43""",Ketu,Leo,"17°54'58.82""",120,119.0566,0.9434
2026-01-01 22:00:00,Aspect,Sextitle,Sun,Sagittarius,"16°59'00.63""",Rahu,Aquarius,"17°54'56.83""",60,60.9323,0.9323
2026-01-01 22:00:00,Aspect,Trine,Sun,Sagittarius,"16°59'00.63""",Ketu,Leo,"17°54'56.83""",120,119.0677,0.9323
2026-01-01 22:15:00,Aspect,Sextitle,Sun,Sagittarius,"16°59'38.84""",Rahu,Aquarius,"17°54'54.85""",60,60.9211,0.9211
2026-01-01 22:15:00,Aspect,Trine,Sun,Sagittarius,"16°59'38.84""",Ketu,Leo,"17°54'54.85""",120,119.0789,0.9211
2026-01-01 22:30:00,Aspect,Sextitle,Sun,Sagittarius,"17°00'17.04""",Rahu,Aquarius,"17°54'52.86""",60,60.9099,0.9099
2026-01-01 22:30:00,Aspect,Trine,Sun,Sagittarius,"17°00'17.04""",Ketu,Leo,"17°54'52.86""",120,119.0901,0.9099
2026-01-01 22:45:00,Aspect,Sextitle,Sun,Sagittarius,"17°00'55.24""",Rahu,Aquarius,"17°54'50.87""",60,60.8988,0.8988
2026-01-01 22:45:00,Aspect,Trine,Sun,Sagittarius,"17°00'55.24""",Ketu,Leo,"17°54'50.87""",120,119.1012,0.8988
2026-01-01 23:00:00,Aspect,Sextitle,Sun,Sagittarius,"17°01'33.45""",Rahu,Aquarius,"17°54'48.88""",60,60.8876,0.8876
2026-01-01 23:00:00,Aspect,Trine,Sun,Sagittarius,"17°01'33.45""",Ketu,Leo,"17°54'48.88""",120,119.1124,0.8876
2026-01-01 23:15:00,Aspect,Sextitle,Sun,Sagittarius,"17°02'11.65""",Rahu,Aquarius,"17°54'46.90""",60,60.8765,0.8765
2026-01-01 23:15:00,Aspect,Trine,Sun,Sagittarius,"17°02'11.65""",Ketu,Leo,"17°54'46.90""",120,119.1235,0.8765
2026-01-01 23:30:00,Aspect,Sextitle,Sun,Sagittarius,"17°02'49.85""",Rahu,Aquarius,"17°54'44.91""",60,60.8653,0.8653
2026-01-01 23:30:00,Aspect,Trine,Sun,Sagittarius,"17°02'49.85""",Ketu,Leo,"17°54'44.91""",120,119.1347,0.8653
2026-01-01 23:45:00,Aspect,Sextitle,Sun,Sagittarius,"17°03'28.06""",Rahu,Aquarius,"17°54'42.92""",60,60.8541,0.8541
2026-01-01 23:45:00,Aspect,Trine,Sun,Sagittarius,"17°03'28.06""",Ketu,Leo,"17°54'42.92""",120,119.1459,0.8541
2026-01-02 00:00:00,Aspect,Sextitle,Sun,Sagittarius,"17°04'06.26""",Rahu,Aquarius,"17°54'40.94""",60,60.843,0.843
2026-01-02 00:00:00,Aspect,Trine,Sun,Sagittarius,"17°04'06.26""",Ketu,Leo,"17°54'40.94""",120,119.157,0.843
2026-01-02 00:15:00,Aspect,Sextitle,Sun,Sagittarius,"17°04'44.46""",Rahu,Aquarius,"17°54'38.95""",60,60.8318,0.8318
2026-01-02 00:15:00,Aspect,Trine,Sun,Sagittarius,"17°04'44.46""",Ketu,Leo,"17°54'38.95""",120,119.1682,0.8318
2026-01-02 00:30:00,Aspect,Sextitle,Sun,Sagittarius,"17°05'22.67""",Rahu,Aquarius,"17°54'36.96""",60,60.8206,0.8206
2026-01-02 00:30:00,Aspect,Trine,Sun,Sagittarius,"17°05'22.67""",Ketu,Leo,"17°54'36.96""",120,119.1794,0.8206
2026-01-02 00:45:00,Aspect,Sextitle,Sun,Sagittarius,"17°06'00.87""",Rahu,Aquarius,"17°54'34.97""",60,60.8095,0.8095
2026-01-02 00:45:00,Aspect,Trine,Sun,Sagittarius,"17°06'00.87""",Ketu,Leo,"17°54'34.97""",120,119.1905,0.8095
2026-01-02 01:00:00,Aspect,Sextitle,Sun,Sagittarius,"17°06'39.08""",Rahu,Aquarius,"17°54'32.99""",60,60.7983,0.7983
2026-01-02 01:00:00,Aspect,Trine,Sun,Sagittarius,"17°06'39.08""",Ketu,Leo,"17°54'32.99""",120,119.2017,0.7983
2026-01-02 01:15:00,Aspect,Sextitle,Sun,Sagittarius,"17°07'17.28""",Rahu,Aquarius,"17°54'31.00""",60,60.7871,0.7871
2026-01-02 01:15:00,Aspect,Trine,Sun,Sagittarius,"17°07'17.28""",Ketu,Leo,"17°54'31.00""",120,119.2129,0.7871
2026-01-02 01:30:00,Aspect,Sextitle,Sun,Sagittarius,"17°07'55.48""",Rahu,Aquarius,"17°54'29.01""",60,60.776,0.776
2026-01-02 01:30:00,Aspect,Trine,Sun,Sagittarius,"17°07'55.48""",Ketu,Leo,"17°54'29.01""",120,119.224,0.776
2026-01-02 01:45:00,Aspect,Sextitle,Sun,Sagittarius,"17°08'33.69""",Rahu,Aquarius,"17°54'27.02""",60,60.7648,0.7648
2026-01-02 01:45:00,Aspect,Trine,Sun,Sagittarius,"17°08'33.69""",Ketu,Leo,"17°54'27.02""",120,119.2352,0.7648
2026-01-02 02:00:00,Aspect,Sextitle,Sun,Sagittarius,"17°09'11.89""",Rahu,Aquarius,"17°54'25.04""",60,60.7537,0.7537
2026-01-02 02:00:00,Aspect,Trine,Sun,Sagittarius,"17°09'11.89""",Ketu,Leo,"17°54'25.04""",120,119.2463,0.7537
2026-01-02 02:15:00,Aspect,Sextitle,Sun,Sagittarius,"17°09'50.09""",Rahu,Aquarius,"17°54'23.05""",60,60.7425,0.7425
2026-01-02 02:15:00,Aspect,Trine,Sun,Sagittarius,"17°09'50.09""",Ketu,Leo,"17°54'23.05""",120,119.2575,0.7425
2026-01-02 02:30:00,Aspect,Sextitle,Sun,Sagittarius,"17°10'28.30""",Rahu,Aquarius,"17°54'21.06""",60,60.7313,0.7313
2026-01-02 02:30:00,Aspect,Trine,Sun,Sagittarius,"17°10'28.30""",Ketu,Leo,"17°54'21.06""",120,119.2687,0.7313
2026-01-02 02:45:00,Aspect,Sextitle,Sun,Sagittarius,"17°11'06.50""",Rahu,Aquarius,"17°54'19.08""",60,60.7202,0.7202
2026-01-02 02:45:00,Aspect,Trine,Sun,Sagittarius,"17°11'06.50""",Ketu,Leo,"17°54'19.08""",120,119.2798,0.7202
2026-01-02 03:00:00,Aspect,Sextitle,Sun,Sagittarius,"17°11'44.70""",Rahu,Aquarius,"17°54'17.09""",60,60.709,0.709
2026-01-02 03:00:00,Aspect,Trine,Sun,Sagittarius,"17°11'44.70""",Ketu,Leo,"17°54'17.09""",120,119.291,0.709
2026-01-02 03:15:00,Aspect,Sextitle,Sun,Sagittarius,"17°12'22.91""",Rahu,Aquarius,"17°54'15.10""",60,60.6978,0.6978
2026-01-02 03:15:00,Aspect,Trine,Sun,Sagittarius,"17°12'22.91""",Ketu,Leo,"17°54'15.10""",120,119.3022,0.6978
2026-01-02 03:30:00,Aspect,Sextitle,Sun,Sagittarius,"17°13'01.11""",Rahu,Aquarius,"17°54'13.11""",60,60.6867,0.6867
2026-01-02 03:30:00,Aspect,Trine,Sun,Sagittarius,"17°13'01.11""",Ketu,Leo,"17°54'13.11""",120,119.3133,0.6867
2026-01-02 03:45:00,Aspect,Sextitle,Sun,Sagittarius,"17°13'39.32""",Rahu,Aquarius,"17°54'11.13""",60,60.6755,0.6755
2026-01-02 03:45:00,Aspect,Trine,Sun,Sagittarius,"17°13'39.32""",Ketu,Leo,"17°54'11.13""",120,119.3245,0.6755
2026-01-02 04:00:00,Aspect,Sextitle,Sun,Sagittarius,"17°14'17.52""",Rahu,Aquarius,"17°54'09.14""",60,60.6643,0.6643
2026-01-02 04:00:00,Aspect,Trine,Sun,Sagittarius,"17°14'17.52""",Ketu,Leo,"17°54'09.14""",120,119.3357,0.6643
2026-01-02 04:15:00,Aspect,Sextitle,Sun,Sagittarius,"17°14'55.72""",Rahu,Aquarius,"17°54'07.15""",60,60.6532,0.6532
2026-01-02 04:15:00,Aspect,Trine,Sun,Sagittarius,"17°14'55.72""",Ketu,Leo,"17°54'07.15""",120,119.3468,0.6532
2026-01-02 04:30:00,Aspect,Sextitle,Sun,Sagittarius,"17°15'33.93""",Rahu,Aquarius,"17°54'05.17""",60,60.642,0.642
2026-01-02 04:30:00,Aspect,Trine,Sun,Sagittarius,"17°15'33.93""",Ketu,Leo,"17°54'05.17""",120,119.358,0.642
2026-01-02 04:45:00,Aspect,Sextitle,Sun,Sagittarius,"17°16'12.13""",Rahu,Aquarius,"17°54'03.18""",60,60.6308,0.6308
2026-01-02 04:45:00,Aspect,Trine,Sun,Sagittarius,"17°16'12.13""",Ketu,Leo,"17°54'03.18""",120,119.3692,0.6308
2026-01-02 05:00:00,Aspect,Sextitle,Sun,Sagittarius,"17°16'50.33""",Rahu,Aquarius,"17°54'01.19""",60,60.6197,0.6197
2026-01-02 05:00:00,Aspect,Trine,Sun,Sagittarius,"17°16'50.33""",Ketu,Leo,"17°54'01.19""",120,119.3803,0.6197
2026-01-02 05:15:00,Aspect,Sextitle,Sun,Sagittarius,"17°17'28.54""",Rahu,Aquarius,"17°53'59.20""",60,60.6085,0.6085
2026-01-02 05:15:00,Aspect,Trine,Sun,Sagittarius,"17°17'28.54""",Ketu,Leo,"17°53'59.20""",120,119.3915,0.6085
2026-01-02 05:30:00,Aspect,Sextitle,Sun,Sagittarius,"17°18'06.74""",Rahu,Aquarius,"17°53'57.22""",60,60.5974,0.5974
2026-01-02 05:30:00,Aspect,Trine,Sun,Sagittarius,"17°18'06.74""",Ketu,Leo,"17°53'57.22""",120,119.4026,0.5974
2026-01-02 05:45:00,Aspect,Sextitle,Sun,Sagittarius,"17°18'44.94""",Rahu,Aquarius,"17°53'55.23""",60,60.5862,0.5862
2026-01-02 05:45:00,Aspect,Trine,Sun,Sagittarius,"17°18'44.94""",Ketu,Leo,"17°53'55.23""",120,119.4138,0.5862
2026-01-02 06:00:00,Aspect,Sextitle,Sun,Sagittarius,"17°19'23.15""",Rahu,Aquarius,"17°53'53.24""",60,60.575,0.575
2026-01-02 06:00:00,Aspect,Trine,Sun,Sagittarius,"17°19'23.15""",Ketu,Leo,"17°53'53.24""",120,119.425,0.575
2026-01-02 06:15:00,Aspect,Sextitle,Sun,Sagittarius,"17°20'01.35""",Rahu,Aquarius,"17°53'51.26""",60,60.5639,0.5639
2026-01-02 06:15:00,Aspect,Trine,Sun,Sagittarius,"17°20'01.35""",Ketu,Leo,"17°53'51.26""",120,119.4361,0.5639
2026-01-02 06:30:00,Aspect,Sextitle,Sun,Sagittarius,"17°20'39.55""",Rahu,Aquarius,"17°53'49.27""",60,60.5527,0.5527
2026-01-02 06:30:00,Aspect,Trine,Sun,Sagittarius,"17°20'39.55""",Ketu,Leo,"17°53'49.27""",120,119.4473,0.5527
2026-01-02 06:45:00,Aspect,Sextitle,Sun,Sagittarius,"17°21'17.76""",Rahu,Aquarius,"17°53'47.28""",60,60.5415,0.5415
2026-01-02 06:45:00,Aspect,Trine,Sun,Sagittarius,"17°21'17.76""",Ketu,Leo,"17°53'47.28""",120,119.4585,0.5415
2026-01-02 07:00:00,Aspect,Sextitle,Sun,Sagittarius,"17°21'55.96""",Rahu,Aquarius,"17°53'45.29""",60,60.5304,0.5304
2026-01-02 07:00:00,Aspect,Trine,Sun,Sagittarius,"17°21'55.96""",Ketu,Leo,"17°53'45.29""",120,119.4696,0.5304
2026-01-02 07:15:00,Aspect,Sextitle,Sun,Sagittarius,"17°22'34.17""",Rahu,Aquarius,"17°53'43.31""",60,60.5192,0.5192
2026-01-02 07:15:00,Aspect,Trine,Sun,Sagittarius,"17°22'34.17""",Ketu,Leo,"17°53'43.31""",120,119.4808,0.5192
2026-01-02 07:30:00,Aspect,Sextitle,Sun,Sagittarius,"17°23'12.37""",Rahu,Aquarius,"17°53'41.32""",60,60.508,0.508
2026-01-02 07:30:00,Aspect,Trine,Sun,Sagittarius,"17°23'12.37""",Ketu,Leo,"17°53'41.32""",120,119.492,0.508
2026-01-02 07:45:00,Aspect,Sextitle,Sun,Sagittarius,"17°23'50.57""",Rahu,Aquarius,"17°53'39.33""",60,60.4969,0.4969
2026-01-02 07:45:00,Aspect,Trine,Sun,Sagittarius,"17°23'50.57""",Ketu,Leo,"17°53'39.33""",120,119.5031,0.4969
2026-01-02 08:00:00,Aspect,Sextitle,Sun,Sagittarius,"17°24'28.78""",Rahu,Aquarius,"17°53'37.34""",60,60.4857,0.4857
2026-01-02 08:00:00,Aspect,Trine,Sun,Sagittarius,"17°24'28.78""",Ketu,Leo,"17°53'37.34""",120,119.5143,0.4857
2026-01-02 08:15:00,Aspect,Sextitle,Sun,Sagittarius,"17°25'06.98""",Rahu,Aquarius,"17°53'35.36""",60,60.4745,0.4745
2026-01-02 08:15:00,Aspect,Trine,Sun,Sagittarius,"17°25'06.98""",Ketu,Leo,"17°53'35.36""",120,119.5255,0.4745
2026-01-02 08:30:00,Aspect,Sextitle,Sun,Sagittarius,"17°25'45.18""",Rahu,Aquarius,"17°53'33.37""",60,60.4634,0.4634
2026-01-02 08:30:00,Aspect,Trine,Sun,Sagittarius,"17°25'45.18""",Ketu,Leo,"17°53'33.37""",120,119.5366,0.4634
2026-01-02 08:45:00,Aspect,Sextitle,Sun,Sagittarius,"17°26'23.39""",Rahu,Aquarius,"17°53'31.38""",60,60.4522,0.4522
2026-01-02 08:45:00,Aspect,Trine,Sun,Sagittarius,"17°26'23.39""",Ketu,Leo,"17°53'31.38""",120,119.5478,0.4522
2026-01-02 09:00:00,Aspect,Sextitle,Sun,Sagittarius,"17°27'01.59""",Rahu,Aquarius,"17°53'29.40""",60,60.4411,0.4411
2026-01-02 09:00:00,Aspect,Trine,Sun,Sagittarius,"17°27'01.59""",Ketu,Leo,"17°53'29.40""",120,119.5589,0.4411
2026-01-02 09:15:00,Aspect,Sextitle,Sun,Sagittarius,"17°27'39.79""",Rahu,Aquarius,"17°53'27.41""",60,60.4299,0.4299
2026-01-02 09:15:00,Aspect,Trine,Sun,Sagittarius,"17°27'39.79""",Ketu,Leo,"17°53'27.41""",120,119.5701,0.4299
2026-01-02 09:30:00,Aspect,Sextitle,Sun,Sagittarius,"17°28'18.00""",Rahu,Aquarius,"17°53'25.42""",60,60.4187,0.4187
2026-01-02 09:30:00,Aspect,Trine,Sun,Sagittarius,"17°28'18.00""",Ketu,Leo,"17°53'25.42""",120,119.5813,0.4187
2026-01-02 09:45:00,Aspect,Sextitle,Sun,Sagittarius,"17°28'56.20""",Rahu,Aquarius,"17°53'23.43""",60,60.4076,0.4076
2026-01-02 09:45:00,Aspect,Trine,Sun,Sagittarius,"17°28'56.20""",Ketu,Leo,"17°53'23.43""",120,119.5924,0.4076
2026-01-02 10:00:00,Aspect,Sextitle,Sun,Sagittarius,"17°29'34.40""",Rahu,Aquarius,"17°53'21.45""",60,60.3964,0.3964
2026-01-02 10:00:00,Aspect,Trine,Sun,Sagittarius,"17°29'34.40""",Ketu,Leo,"17°53'21.45""",120,119.6036,0.3964
2026-01-02 10:15:00,Aspect,Sextitle,Sun,Sagittarius,"17°30'12.61""",Rahu,Aquarius,"17°53'19.46""",60,60.3852,0.3852
2026-01-02 10:15:00,Aspect,Trine,Sun,Sagittarius,"17°30'12.61""",Ketu,Leo,"17°53'19.46""",120,119.6148,0.3852
2026-01-02 10:30:00,Aspect,Sextitle,Sun,Sagittarius,"17°30'50.81""",Rahu,Aquarius,"17°53'17.47""",60,60.3741,0.3741
2026-01-02 10:30:00,Aspect,Trine,Sun,Sagittarius,"17°30'50.81""",Ketu,Leo,"17°53'17.47""",120,119.6259,0.3741
2026-01-02 10:45:00,Aspect,Sextitle,Sun,Sagittarius,"17°31'29.01""",Rahu,Aquarius,"17°53'15.49""",60,60.3629,0.3629
2026-01-02 10:45:00,Aspect,Trine,Sun,Sagittarius,"17°31'29.01""",Ketu,Leo,"17°53'15.49""",120,119.6371,0.3629
2026-01-02 11:00:00,Aspect,Sextitle,Sun,Sagittarius,"17°32'07.22""",Rahu,Aquarius,"17°53'13.50""",60,60.3517,0.3517
2026-01-02 11:00:00,Aspect,Trine,Sun,Sagittarius,"17°32'07.22""",Ketu,Leo,"17°53'13.50""",120,119.6483,0.3517
2026-01-02 11:15:00,Aspect,Sextitle,Sun,Sagittarius,"17°32'45.42""",Rahu,Aquarius,"17°53'11.51""",60,60.3406,0.3406
2026-01-02 11:15:00,Aspect,Trine,Sun,Sagittarius,"17°32'45.42""",Ketu,Leo,"17°53'11.51""",120,119.6594,0.3406
2026-01-02 11:30:00,Aspect,Sextitle,Sun,Sagittarius,"17°33'23.62""",Rahu,Aquarius,"17°53'09.52""",60,60.3294,0.3294
2026-01-02 11:30:00,Aspect,Trine,Sun,Sagittarius,"17°33'23.62""",Ketu,Leo,"17°53'09.52""",120,119.6706,0.3294
2026-01-02 11:45:00,Aspect,Sextitle,Sun,Sagittarius,"17°34'01.83""",Rahu,Aquarius,"17°53'07.54""",60,60.3183,0.3183
2026-01-02 11:45:00,Aspect,Trine,Sun,Sagittarius,"17°34'01.83""",Ketu,Leo,"17°53'07.54""",120,119.6817,0.3183
2026-01-02 12:00:00,Aspect,Sextitle,Sun,Sagittarius,"17°34'40.03""",Rahu,Aquarius,"17°53'05.55""",60,60.3071,0.3071
2026-01-02 12:00:00,Aspect,Trine,Sun,Sagittarius,"17°34'40.03""",Ketu,Leo,"17°53'05.55""",120,119.6929,0.3071
2026-01-02 12:15:00,Aspect,Sextitle,Sun,Sagittarius,"17°35'18.23""",Rahu,Aquarius,"17°53'03.56""",60,60.2959,0.2959
2026-01-02 12:15:00,Aspect,Trine,Sun,Sagittarius,"17°35'18.23""",Ketu,Leo,"17°53'03.56""",120,119.7041,0.2959
2026-01-02 12:30:00,Aspect,Sextitle,Sun,Sagittarius,"17°35'56.44""",Rahu,Aquarius,"17°53'01.58""",60,60.2848,0.2848
2026-01-02 12:30:00,Aspect,Trine,Sun,Sagittarius,"17°35'56.44""",Ketu,Leo,"17°53'01.58""",120,119.7152,0.2848
2026-01-02 12:45:00,Aspect,Sextitle,Sun,Sagittarius,"17°36'34.64""",Rahu,Aquarius,"17°52'59.59""",60,60.2736,0.2736
2026-01-02 12:45:00,Aspect,Trine,Sun,Sagittarius,"17°36'34.64""",Ketu,Leo,"17°52'59.59""",120,119.7264,0.2736
2026-01-02 12:45:00,Aspect,Square,Moon,Gemini,"1°08'21.76""",Saturn,Pisces,"2°01'07.77""",90,89.1206,0.8794
2026-01-02 13:00:00,Aspect,Sextitle,Sun,Sagittarius,"17°37'12.84""",Rahu,Aquarius,"17°52'57.60""",60,60.2624,0.2624
2026-01-02 13:00:00,Aspect,Trine,Sun,Sagittarius,"17°37'12.84""",Ketu,Leo,"17°52'57.60""",120,119.7376,0.2624
2026-01-02 13:00:00,Aspect,Square,Moon,Gemini,"1°17'46.28""",Saturn,Pisces,"2°01'10.03""",90,89.2767,0.7233
2026-01-02 13:15:00,Aspect,Sextitle,Sun,Sagittarius,"17°37'51.05""",Rahu,Aquarius,"17°52'55.61""",60,60.2513,0.2513
2026-01-02 13:15:00,Aspect,Trine,Sun,Sagittarius,"17°37'51.05""",Ketu,Leo,"17°52'55.61""",120,119.7487,0.2513
2026-01-02 13:15:00,Aspect,Square,Moon,Gemini,"1°27'10.79""",Saturn,Pisces,"2°01'12.28""",90,89.4329,0.5671
2026-01-02 13:30:00,Aspect,Sextitle,Sun,Sagittarius,"17°38'29.25""",Rahu,Aquarius,"17°52'53.63""",60,60.2401,0.2401
2026-01-02 13:30:00,Aspect,Trine,Sun,Sagittarius,"17°38'29.25""",Ketu,Leo,"17°52'53.63""",120,119.7599,0.2401
2026-01-02 13:30:00,Aspect,Square,Moon,Gemini,"1°36'35.28""",Saturn,Pisces,"2°01'14.54""",90,89.5891,0.4109
2026-01-02 13:45:00,Aspect,Sextitle,Sun,Sagittarius,"17°39'07.45""",Rahu,Aquarius,"17°52'51.64""",60,60.2289,0.2289
2026-01-02 13:45:00,Aspect,Trine,Sun,Sagittarius,"17°39'07.45""",Ketu,Leo,"17°52'51.64""",120,119.7711,0.2289
2026-01-02 13:45:00,Aspect,Square,Moon,Gemini,"1°45'59.75""",Saturn,Pisces,"2°01'16.80""",90,89.7453,0.2547
2026-01-02 14:00:00,Aspect,Sextitle,Sun,Sagittarius,"17°39'45.66""",Rahu,Aquarius,"17°52'49.65""",60,60.2178,0.2178
2026-01-02 14:00:00,Aspect,Trine,Sun,Sagittarius,"17°39'45.66""",Ketu,Leo,"17°52'49.65""",120,119.7822,0.2178
2026-01-02 14:00:00,Aspect,Square,Moon,Gemini,"1°55'24.19""",Saturn,Pisces,"2°01'19.05""",90,89.9014,0.0986
2026-01-02 14:15:00,Aspect,Sextitle,Sun,Sagittarius,"17°40'23.86""",Rahu,Aquarius,"17°52'47.66""",60,60.2066,0.2066
2026-01-02 14:15:00,Aspect,Trine,Sun,Sagittarius,"17°40'23.86""",Ketu,Leo,"17°52'47.66""",120,119.7934,0.2066
2026-01-02 14:15:00,Aspect,Square,Moon,Gemini,"2°04'48.62""",Saturn,Pisces,"2°01'21.31""",90,90.0576,0.0576
2026-01-02 14:30:00,Aspect,Sextitle,Sun,Sagittarius,"17°41'02.06""",Rahu,Aquarius,"17°52'45.68""",60,60.1954,0.1954
2026-01-02 14:30:00,Aspect,Trine,Sun,Sagittarius,"17°41'02.06""",Ketu,Leo,"17°52'45.68""",120,119.8046,0.1954
2026-01-02 14:30:00,Aspect,Square,Moon,Gemini,"2°14'13.02""",Saturn,Pisces,"2°01'23.57""",90,90.2137,0.2137
2026-01-02 14:45:00,Aspect,Sextitle,Sun,Sagittarius,"17°41'40.27""",Rahu,Aquarius,"17°52'43.69""",60,60.1843,0.1843
2026-01-02 14:45:00,Aspect,Trine,Sun,Sagittarius,"17°41'40.27""",Ketu,Leo,"17°52'43.69""",120,119.8157,0.1843
2026-01-02 14:45:00,Aspect,Square,Moon,Gemini,"2°23'37.39""",Saturn,Pisces,"2°01'25.83""",90,90.3699,0.3699
2026-01-02 15:00:00,Aspect,Sextitle,Sun,Sagittarius,"17°42'18.47""",Rahu,Aquarius,"17°52'41.70""",60,60.1731,0.1731
2026-01-02 15:00:00,Aspect,Trine,Sun,Sagittarius,"17°42'18.47""",Ketu,Leo,"17°52'41.70""",120,119.8269,0.1731
2026-01-02 15:00:00,Aspect,Square,Moon,Gemini,"2°33'01.75""",Saturn,Pisces,"2°01'28.09""",90,90.526,0.526
2026-01-02 15:15:00,Aspect,Sextitle,Sun,Sagittarius,"17°42'56.67""",Rahu,Aquarius,"17°52'39.72""",60,60.162,0.162
2026-01-02 15:15:00,Aspect,Trine,Sun,Sagittarius,"17°42'56.67""",Ketu,Leo,"17°52'39.72""",120,119.838,0.162
2026-01-02 15:15:00,Aspect,Square,Moon,Gemini,"2°42'26.07""",Saturn,Pisces,"2°01'30.35""",90,90.6821,0.6821
2026-01-02 15:30:00,Aspect,Sextitle,Sun,Sagittarius,"17°43'34.88""",Rahu,Aquarius,"17°52'37.73""",60,60.1508,0.1508
2026-01-02 15:30:00,Aspect,Trine,Sun,Sagittarius,"17°43'34.88""",Ketu,Leo,"17°52'37.73""",120,119.8492,0.1508
2026-01-02 15:30:00,Aspect,Square,Moon,Gemini,"2°51'50.38""",Saturn,Pisces,"2°01'32.61""",90,90.8383,0.8383
2026-01-02 15:45:00,Aspect,Sextitle,Sun,Sagittarius,"17°44'13.08""",Rahu,Aquarius,"17°52'35.74""",60,60.1396,0.1396
2026-01-02 15:45:00,Aspect,Trine,Sun,Sagittarius,"17°44'13.08""",Ketu,Leo,"17°52'35.74""",120,119.8604,0.1396
2026-01-02 15:45:00,Aspect,Square,Moon,Gemini,"3°01'14.65""",Saturn,Pisces,"2°01'34.88""",90,90.9944,0.9944
2026-01-02 16:00:00,Aspect,Sextitle,Sun,Sagittarius,"17°44'51.28""",Rahu,Aquarius,"17°52'33.75""",60,60.1285,0.1285
2026-01-02 16:00:00,Aspect,Trine,Sun,Sagittarius,"17°44'51.28""",Ketu,Leo,"17°52'33.75""",120,119.8715,0.1285
2026-01-02 16:15:00,Aspect,Sextitle,Sun,Sagittarius,"17°45'29.49""",Rahu,Aquarius,"17°52'31.77""",60,60.1173,0.1173
2026-01-02 16:15:00,Aspect,Trine,Sun,Sagittarius,"17°45'29.49""",Ketu,Leo,"17°52'31.77""",120,119.8827,0.1173
2026-01-02 16:30:00,Aspect,Sextitle,Sun,Sagittarius,"17°46'07.69""",Rahu,Aquarius,"17°52'29.78""",60,60.1061,0.1061
2026-01-02 16:30:00,Aspect,Trine,Sun,Sagittarius,"17°46'07.69""",Ketu,Leo,"17°52'29.78""",120,119.8939,0.1061
2026-01-02 16:45:00,Aspect,Sextitle,Sun,Sagittarius,"17°46'45.89""",Rahu,Aquarius,"17°52'27.79""",60,60.095,0.095
2026-01-02 16:45:00,Aspect,Trine,Sun,Sagittarius,"17°46'45.89""",Ketu,Leo,"17°52'27.79""",120,119.905,0.095
2026-01-02 17:00:00,Aspect,Sextitle,Sun,Sagittarius,"17°47'24.10""",Rahu,Aquarius,"17°52'25.81""",60,60.0838,0.0838
2026-01-02 17:00:00,Aspect,Trine,Sun,Sagittarius,"17°47'24.10""",Ketu,Leo,"17°52'25.81""",120,119.9162,0.0838
2026-01-02 17:15:00,Aspect,Sextitle,Sun,Sagittarius,"17°48'02.30""",Rahu,Aquarius,"17°52'23.82""",60,60.0726,0.0726
2026-01-02 17:15:00,Aspect,Trine,Sun,Sagittarius,"17°48'02.30""",Ketu,Leo,"17°52'23.82""",120,119.9274,0.0726
2026-01-02 17:30:00,Aspect,Sextitle,Sun,Sagittarius,"17°48'40.51""",Rahu,Aquarius,"17°52'21.83""",60,60.0615,0.0615
2026-01-02 17:30:00,Aspect,Trine,Sun,Sagittarius,"17°48'40.51""",Ketu,Leo,"17°52'21.83""",120,119.9385,0.0615
2026-01-02 17:45:00,Aspect,Sextitle,Sun,Sagittarius,"17°49'18.71""",Rahu,Aquarius,"17°52'19.84""",60,60.0503,0.0503
2026-01-02 17:45:00,Aspect,Trine,Sun,Sagittarius,"17°49'18.71""",Ketu,Leo,"17°52'19.84""",120,119.9497,0.0503
2026-01-02 18:00:00,Aspect,Sextitle,Sun,Sagittarius,"17°49'56.91""",Rahu,Aquarius,"17°52'17.86""",60,60.0392,0.0392
2026-01-02 18:00:00,Aspect,Trine,Sun,Sagittarius,"17°49'56.91""",Ketu,Leo,"17°52'17.86""",120,119.9608,0.0392
2026-01-02 18:15:00,Aspect,Sextitle,Sun,Sagittarius,"17°50'35.12""",Rahu,Aquarius,"17°52'15.87""",60,60.028,0.028
2026-01-02 18:15:00,Aspect,Trine,Sun,Sagittarius,"17°50'35.12""",Ketu,Leo,"17°52'15.87""",120,119.972,0.028
2026-01-02 18:30:00,Aspect,Sextitle,Sun,Sagittarius,"17°51'13.32""",Rahu,Aquarius,"17°52'13.88""",60,60.0168,0.0168
2026-01-02 18:30:00,Aspect,Trine,Sun,Sagittarius,"17°51'13.32""",Ketu,Leo,"17°52'13.88""",120,119.9832,0.0168
2026-01-02 18:45:00,Aspect,Sextitle,Sun,Sagittarius,"17°51'51.52""",Rahu,Aquarius,"17°52'11.90""",60,60.0057,0.0057
2026-01-02 18:45:00,Aspect,Trine,Sun,Sagittarius,"17°51'51.52""",Ketu,Leo,"17°52'11.90""",120,119.9943,0.0057
2026-01-02 19:00:00,Aspect,Sextitle,Sun,Sagittarius,"17°52'29.72""",Rahu,Aquarius,"17°52'09.91""",60,59.9945,0.0055
2026-01-02 19:00:00,Aspect,Trine,Sun,Sagittarius,"17°52'29.72""",Ketu,Leo,"17°52'09.91""",120,120.0055,0.0055
2026-01-02 19:00:00,Aspect,Sextitle,Venus,Sagittarius,"16°52'19.00""",Rahu,Aquarius,"17°52'09.91""",60,60.9975,0.9975
2026-01-02 19:00:00,Aspect,Trine,Venus,Sagittarius,"16°52'19.00""",Ketu,Leo,"17°52'09.91""",120,119.0025,0.9975
2026-01-02 19:15:00,Aspect,Sextitle,Sun,Sagittarius,"17°53'07.93""",Rahu,Aquarius,"17°52'07.92""",60,59.9833,0.0167
2026-01-02 19:15:00,Aspect,Trine,Sun,Sagittarius,"17°53'07.93""",Ketu,Leo,"17°52'07.92""",120,120.0167,0.0167
2026-01-02 19:15:00,Aspect,Sextitle,Venus,Sagittarius,"16°53'06.18""",Rahu,Aquarius,"17°52'07.92""",60,60.9838,0.9838
2026-01-02 19:15:00,Aspect,Trine,Venus,Sagittarius,"16°53'06.18""",Ketu,Leo,"17°52'07.92""",120,119.0162,0.9838
2026-01-02 19:30:00,Aspect,Conjunction,Sun,Sagittarius,"17°53'46.13""",Venus,Sagittarius,"16°53'53.36""",0,0.998,0.998
2026-01-02 19:30:00,Aspect,Sextitle,Sun,Sagittarius,"17°53'46.13""",Rahu,Aquarius,"17°52'05.93""",60,59.9722,0.0278
2026-01-02 19:30:00,Aspect,Trine,Sun,Sagittarius,"17°53'46.13""",Ketu,Leo,"17°52'05.93""",120,120.0278,0.0278
2026-01-02 19:30:00,Aspect,Sextitle,Venus,Sagittarius,"16°53'53.36""",Rahu,Aquarius,"17°52'05.93""",60,60.9702,0.9702
2026-01-02 19:30:00,Aspect,Trine,Venus,Sagittarius,"16°53'53.36""",Ketu,Leo,"17°52'05.93""",120,119.0298,0.9702
2026-01-02 19:45:00,Aspect,Conjunction,Sun,Sagittarius,"17°54'24.33""",Venus,Sagittarius,"16°54'40.54""",0,0.9955,0.9955
2026-01-02 19:45:00,Aspect,Sextitle,Sun,Sagittarius,"17°54'24.33""",Rahu,Aquarius,"17°52'03.95""",60,59.961,0.039
2026-01-02 19:45:00,Aspect,Trine,Sun,Sagittarius,"17°54'24.33""",Ketu,Leo,"17°52'03.95""",120,120.039,0.039
2026-01-02 19:45:00,Aspect,Sextitle,Venus,Sagittarius,"16°54'40.54""",Rahu,Aquarius,"17°52'03.95""",60,60.9565,0.9565
2026-01-02 19:45:00,Aspect,Trine,Venus,Sagittarius,"16°54'40.54""",Ketu,Leo,"17°52'03.95""",120,119.0435,0.9565
2026-01-02 20:00:00,Aspect,Conjunction,Sun,Sagittarius,"17°55'02.54""",Venus,Sagittarius,"16°55'27.72""",0,0.993,0.993
2026-01-02 20:00:00,Aspect,Sextitle,Sun,Sagittarius,"17°55'02.54""",Rahu,Aquarius,"17°52'01.96""",60,59.9498,0.0502
2026-01-02 20:00:00,Aspect,Trine,Sun,Sagittarius,"17°55'02.54""",Ketu,Leo,"17°52'01.96""",120,120.0502,0.0502
2026-01-02 20:00:00,Aspect,Sextitle,Venus,Sagittarius,"16°55'27.72""",Rahu,Aquarius,"17°52'01.96""",60,60.9428,0.9428
2026-01-02 20:00:00,Aspect,Trine,Venus,Sagittarius,"16°55'27.72""",Ketu,Leo,"17°52'01.96""",120,119.0572,0.9428
2026-01-02 20:15:00,Aspect,Conjunction,Sun,Sagittarius,"17°55'40.74""",Venus,Sagittarius,"16°56'14.90""",0,0.9905,0.9905
2026-01-02 20:15:00,Aspect,Sextitle,Sun,Sagittarius,"17°55'40.74""",Rahu,Aquarius,"17°51'59.97""",60,59.9387,0.0613
2026-01-02 20:15:00,Aspect,Trine,Sun,Sagittarius,"17°55'40.74""",Ketu,Leo,"17°51'59.97""",120,120.0613,0.0613
2026-01-02 20:15:00,Aspect,Opposition,Moon,Gemini,"5°50'26.31""",Mercury,Sagittarius,"6°48'15.67""",180,179.0363,0.9637
2026-01-02 20:15:00,Aspect,Sextitle,Venus,Sagittarius,"16°56'14.90""",Rahu,Aquarius,"17°51'59.97""",60,60.9292,0.9292
2026-01-02 20:15:00,Aspect,Trine,Venus,Sagittarius,"16°56'14.90""",Ketu,Leo,"17°51'59.97""",120,119.0708,0.9292
2026-01-02 20:30:00,Aspect,Conjunction,Sun,Sagittarius,"17°56'18.94""",Venus,Sagittarius,"16°57'02.08""",0,0.988,0.988
2026-01-02 20:30:00,Aspect,Sextitle,Sun,Sagittarius,"17°56'18.94""",Rahu,Aquarius,"17°51'57.98""",60,59.9275,0.0725
2026-01-02 20:30:00,Aspect,Trine,Sun,Sagittarius,"17°56'18.94""",Ketu,Leo,"17°51'57.98""",120,120.0725,0.0725
2026-01-02 20:30:00,Aspect,Opposition,Moon,Gemini,"5°59'49.95""",Mercury,Sagittarius,"6°49'13.21""",180,179.1769,0.8231
2026-01-02 20:30:00,Aspect,Sextitle,Venus,Sagittarius,"16°57'02.08""",Rahu,Aquarius,"17°51'57.98""",60,60.9155,0.9155
2026-01-02 20:30:00,Aspect,Trine,Venus,Sagittarius,"16°57'02.08""",Ketu,Leo,"17°51'57.98""",120,119.0845,0.9155
2026-01-02 20:45:00,Aspect,Conjunction,Sun,Sagittarius,"17°56'57.15""",Venus,Sagittarius,"16°57'49.26""",0,0.9855,0.9855
2026-01-02 20:45:00,Aspect,Sextitle,Sun,Sagittarius,"17°56'57.15""",Rahu,Aquarius,"17°51'56.00""",60,59.9163,0.0837
2026-01-02 20:45:00,Aspect,Trine,Sun,Sagittarius,"17°56'57.15""",Ketu,Leo,"17°51'56.00""",120,120.0837,0.0837
2026-01-02 20:45:00,Aspect,Opposition,Moon,Gemini,"6°09'13.55""",Mercury,Sagittarius,"6°50'10.76""",180,179.3174,0.6826
2026-01-02 20:45:00,Aspect,Sextitle,Venus,Sagittarius,"16°57'49.26""",Rahu,Aquarius,"17°51'56.00""",60,60.9019,0.9019
2026-01-02 20:45:00,Aspect,Trine,Venus,Sagittarius,"16°57'49.26""",Ketu,Leo,"17°51'56.00""",120,119.0981,0.9019
2026-01-02 21:00:00,Aspect,Conjunction,Sun,Sagittarius,"17°57'35.35""",Venus,Sagittarius,"16°58'36.44""",0,0.983,0.983
2026-01-02 21:00:00,Aspect,Sextitle,Sun,Sagittarius,"17°57'35.35""",Rahu,Aquarius,"17°51'54.01""",60,59.9052,0.0948
2026-01-02 21:00:00,Aspect,Trine,Sun,Sagittarius,"17°57'35.35""",Ketu,Leo,"17°51'54.01""",120,120.0948,0.0948
2026-01-02 21:00:00,Aspect,Opposition,Moon,Gemini,"6°18'37.11""",Mercury,Sagittarius,"6°51'08.31""",180,179.458,0.542
2026-01-02 21:00:00,Aspect,Sextitle,Venus,Sagittarius,"16°58'36.44""",Rahu,Aquarius,"17°51'54.01""",60,60.8882,0.8882
2026-01-02 21:00:00,Aspect,Trine,Venus,Sagittarius,"16°58'36.44""",Ketu,Leo,"17°51'54.01""",120,119.1118,0.8882
2026-01-02 21:15:00,Aspect,Conjunction,Sun,Sagittarius,"17°58'13.55""",Venus,Sagittarius,"16°59'23.62""",0,0.9805,0.9805
2026-01-02 21:15:00,Aspect,Sextitle,Sun,Sagittarius,"17°58'13.55""",Rahu,Aquarius,"17°51'52.02""",60,59.894,0.106
2026-01-02 21:15:00,Aspect,Trine,Sun,Sagittarius,"17°58'13.55""",Ketu,Leo,"17°51'52.02""",120,120.106,0.106
2026-01-02 21:15:00,Aspect,Opposition,Moon,Gemini,"6°28'00.63""",Mercury,Sagittarius,"6°52'05.86""",180,179.5985,0.4015
2026-01-02 21:15:00,Aspect,Sextitle,Venus,Sagittarius,"16°59'23.62""",Rahu,Aquarius,"17°51'52.02""",60,60.8746,0.8746
2026-01-02 21:15:00,Aspect,Trine,Venus,Sagittarius,"16°59'23.62""",Ketu,Leo,"17°51'52.02""",120,119.1254,0.8746
2026-01-02 21:30:00,Aspect,Conjunction,Sun,Sagittarius,"17°58'51.76""",Venus,Sagittarius,"17°00'10.80""",0,0.978,0.978
2026-01-02 21:30:00,Aspect,Sextitle,Sun,Sagittarius,"17°58'51.76""",Rahu,Aquarius,"17°51'50.04""",60,59.8829,0.1171
2026-01-02 21:30:00,Aspect,Trine,Sun,Sagittarius,"17°58'51.76""",Ketu,Leo,"17°51'50.04""",120,120.1171,0.1171
2026-01-02 21:30:00,Aspect,Opposition,Moon,Gemini,"6°37'24.11""",Mercury,Sagittarius,"6°53'03.41""",180,179.7391,0.2609
2026-01-02 21:30:00,Aspect,Sextitle,Venus,Sagittarius,"17°00'10.80""",Rahu,Aquarius,"17°51'50.04""",60,60.8609,0.8609
2026-01-02 21:30:00,Aspect,Trine,Venus,Sagittarius,"17°00'10.80""",Ketu,Leo,"17°51'50.04""",120,119.1391,0.8609
2026-01-02 21:45:00,Aspect,Conjunction,Sun,Sagittarius,"17°59'29.96""",Venus,Sagittarius,"17°00'57.98""",0,0.9756,0.9756
2026-01-02 21:45:00,Aspect,Sextitle,Sun,Sagittarius,"17°59'29.96""",Rahu,Aquarius,"17°51'48.05""",60,59.8717,0.1283
2026-01-02 21:45:00,Aspect,Trine,Sun,Sagittarius,"17°59'29.96""",Ketu,Leo,"17°51'48.05""",120,120.1283,0.1283
2026-01-02 21:45:00,Aspect,Opposition,Moon,Gemini,"6°46'47.55""",Mercury,Sagittarius,"6°54'00.97""",180,179.8796,0.1204
2026-01-02 21:45:00,Aspect,Sextitle,Venus,Sagittarius,"17°00'57.98""",Rahu,Aquarius,"17°51'48.05""",60,60.8472,0.8472
2026-01-02 21:45:00,Aspect,Trine,Venus,Sagittarius,"17°00'57.98""",Ketu,Leo,"17°51'48.05""",120,119.1528,0.8472
2026-01-02 22:00:00,Aspect,Conjunction,Sun,Sagittarius,"18°00'08.16""",Venus,Sagittarius,"17°01'45.16""",0,0.9731,0.9731
2026-01-02 22:00:00,Aspect,Sextitle,Sun,Sagittarius,"18°00'08.16""",Rahu,Aquarius,"17°51'46.06""",60,59.8605,0.1395
2026-01-02 22:00:00,Aspect,Trine,Sun,Sagittarius,"18°00'08.16""",Ketu,Leo,"17°51'46.06""",120,120.1395,0.1395
2026-01-02 22:00:00,Aspect,Opposition,Moon,Gemini,"6°56'10.94""",Mercury,Sagittarius,"6°54'58.52""",180,179.9799,0.0201
2026-01-02 22:00:00,Aspect,Sextitle,Venus,Sagittarius,"17°01'45.16""",Rahu,Aquarius,"17°51'46.06""",60,60.8336,0.8336
2026-01-02 22:00:00,Aspect,Trine,Venus,Sagittarius,"17°01'45.16""",Ketu,Leo,"17°51'46.06""",120,119.1664,0.8336
2026-01-02 22:15:00,Aspect,Conjunction,Sun,Sagittarius,"18°00'46.37""",Venus,Sagittarius,"17°02'32.34""",0,0.9706,0.9706
2026-01-02 22:15:00,Aspect,Sextitle,Sun,Sagittarius,"18°00'46.37""",Rahu,Aquarius,"17°51'44.07""",60,59.8494,0.1506
2026-01-02 22:15:00,Aspect,Trine,Sun,Sagittarius,"18°00'46.37""",Ketu,Leo,"17°51'44.07""",120,120.1506,0.1506
2026-01-02 22:15:00,Aspect,Opposition,Moon,Gemini,"7°05'34.29""",Mercury,Sagittarius,"6°55'56.09""",180,179.8394,0.1606
2026-01-02 22:15:00,Aspect,Sextitle,Venus,Sagittarius,"17°02'32.34""",Rahu,Aquarius,"17°51'44.07""",60,60.8199,0.8199
2026-01-02 22:15:00,Aspect,Trine,Venus,Sagittarius,"17°02'32.34""",Ketu,Leo,"17°51'44.07""",120,119.1801,0.8199
2026-01-02 22:30:00,Aspect,Conjunction,Sun,Sagittarius,"18°01'24.57""",Venus,Sagittarius,"17°03'19.52""",0,0.9681,0.9681
2026-01-02 22:30:00,Aspect,Sextitle,Sun,Sagittarius,"18°01'24.57""",Rahu,Aquarius,"17°51'42.09""",60,59.8382,0.1618
2026-01-02 22:30:00,Aspect,Trine,Sun,Sagittarius,"18°01'24.57""",Ketu,Leo,"17°51'42.09""",120,120.1618,0.1618
2026-01-02 22:30:00,Aspect,Opposition,Moon,Gemini,"7°14'57.59""",Mercury,Sagittarius,"6°56'53.65""",180,179.6989,0.3011
2026-01-02 22:30:00,Aspect,Sextitle,Venus,Sagittarius,"17°03'19.52""",Rahu,Aquarius,"17°51'42.09""",60,60.8063,0.8063
2026-01-02 22:30:00,Aspect,Trine,Venus,Sagittarius,"17°03'19.52""",Ketu,Leo,"17°51'42.09""",120,119.1937,0.8063
2026-01-02 22:45:00,Aspect,Conjunction,Sun,Sagittarius,"18°02'02.77""",Venus,Sagittarius,"17°04'06.70""",0,0.9656,0.9656
2026-01-02 22:45:00,Aspect,Sextitle,Sun,Sagittarius,"18°02'02.77""",Rahu,Aquarius,"17°51'40.10""",60,59.827,0.173
2026-01-02 22:45:00,Aspect,Trine,Sun,Sagittarius,"18°02'02.77""",Ketu,Leo,"17°51'40.10""",120,120.173,0.173
2026-01-02 22:45:00,Aspect,Opposition,Moon,Gemini,"7°24'20.85""",Mercury,Sagittarius,"6°57'51.21""",180,179.5584,0.4416
2026-01-02 22:45:00,Aspect,Sextitle,Venus,Sagittarius,"17°04'06.70""",Rahu,Aquarius,"17°51'40.10""",60,60.7926,0.7926
2026-01-02 22:45:00,Aspect,Trine,Venus,Sagittarius,"17°04'06.70""",Ketu,Leo,"17°51'40.10""",120,119.2074,0.7926
2026-01-02 23:00:00,Aspect,Conjunction,Sun,Sagittarius,"18°02'40.98""",Venus,Sagittarius,"17°04'53.88""",0,0.9631,0.9631
2026-01-02 23:00:00,Aspect,Sextitle,Sun,Sagittarius,"18°02'40.98""",Rahu,Aquarius,"17°51'38.11""",60,59.8159,0.1841
2026-01-02 23:00:00,Aspect,Trine,Sun,Sagittarius,"18°02'40.98""",Ketu,Leo,"17°51'38.11""",120,120.1841,0.1841
2026-01-02 23:00:00,Aspect,Opposition,Moon,Gemini,"7°33'44.06""",Mercury,Sagittarius,"6°58'48.78""",180,179.418,0.582
2026-01-02 23:00:00,Aspect,Sextitle,Venus,Sagittarius,"17°04'53.88""",Rahu,Aquarius,"17°51'38.11""",60,60.779,0.779
2026-01-02 23:00:00,Aspect,Trine,Venus,Sagittarius,"17°04'53.88""",Ketu,Leo,"17°51'38.11""",120,119.221,0.779
2026-01-02 23:15:00,Aspect,Conjunction,Sun,Sagittarius,"18°03'19.18""",Venus,Sagittarius,"17°05'41.06""",0,0.9606,0.9606
2026-01-02 23:15:00,Aspect,Sextitle,Sun,Sagittarius,"18°03'19.18""",Rahu,Aquarius,"17°51'36.13""",60,59.8047,0.1953
2026-01-02 23:15:00,Aspect,Trine,Sun,Sagittarius,"18°03'19.18""",Ketu,Leo,"17°51'36.13""",120,120.1953,0.1953
2026-01-02 23:15:00,Aspect,Opposition,Moon,Gemini,"7°43'07.22""",Mercury,Sagittarius,"6°59'46.35""",180,179.2775,0.7225
2026-01-02 23:15:00,Aspect,Sextitle,Venus,Sagittarius,"17°05'41.06""",Rahu,Aquarius,"17°51'36.13""",60,60.7653,0.7653
2026-01-02 23:15:00,Aspect,Trine,Venus,Sagittarius,"17°05'41.06""",Ketu,Leo,"17°51'36.13""",120,119.2347,0.7653
2026-01-02 23:30:00,Aspect,Conjunction,Sun,Sagittarius,"18°03'57.38""",Venus,Sagittarius,"17°06'28.24""",0,0.9581,0.9581
2026-01-02 23:30:00,Aspect,Sextitle,Sun,Sagittarius,"18°03'57.38""",Rahu,Aquarius,"17°51'34.14""",60,59.7935,0.2065
2026-01-02 23:30:00,Aspect,Trine,Sun,Sagittarius,"18°03'57.38""",Ketu,Leo,"17°51'34.14""",120,120.2065,0.2065
2026-01-02 23:30:00,Aspect,Opposition,Moon,Gemini,"7°52'30.34""",Mercury,Sagittarius,"7°00'43.92""",180,179.1371,0.8629
2026-01-02 23:30:00,Aspect,Sextitle,Venus,Sagittarius,"17°06'28.24""",Rahu,Aquarius,"17°51'34.14""",60,60.7516,0.7516
2026-01-02 23:30:00,Aspect,Trine,Venus,Sagittarius,"17°06'28.24""",Ketu,Leo,"17°51'34.14""",120,119.2484,0.7516
2026-01-02 23:45:00,Aspect,Conjunction,Sun,Sagittarius,"18°04'35.59""",Venus,Sagittarius,"17°07'15.42""",0,0.9556,0.9556
2026-01-02 23:45:00,Aspect,Sextitle,Sun,Sagittarius,"18°04'35.59""",Rahu,Aquarius,"17°51'32.15""",60,59.7824,0.2176
2026-01-02 23:45:00,Aspect,Trine,Sun,Sagittarius,"18°04'35.59""",Ketu,Leo,"17°51'32.15""",120,120.2176,0.2176
2026-01-02 23:45:00,Aspect,Sextitle,Venus,Sagittarius,"17°07'15.42""",Rahu,Aquarius,"17°51'32.15""",60,60.738,0.738
2026-01-02 23:45:00,Aspect,Trine,Venus,Sagittarius,"17°07'15.42""",Ketu,Leo,"17°51'32.15""",120,119.262,0.738
2026-01-03 00:00:00,Aspect,Conjunction,Sun,Sagittarius,"18°05'13.79""",Venus,Sagittarius,"17°08'02.60""",0,0.9531,0.9531
2026-01-03 00:00:00,Aspect,Sextitle,Sun,Sagittarius,"18°05'13.79""",Rahu,Aquarius,"17°51'30.16""",60,59.7712,0.2288
2026-01-03 00:00:00,Aspect,Trine,Sun,Sagittarius,"18°05'13.79""",Ketu,Leo,"17°51'30.16""",120,120.2288,0.2288
2026-01-03 00:00:00,Aspect,Sextitle,Venus,Sagittarius,"17°08'02.60""",Rahu,Aquarius,"17°51'30.16""",60,60.7243,0.7243
2026-01-03 00:00:00,Aspect,Trine,Venus,Sagittarius,"17°08'02.60""",Ketu,Leo,"17°51'30.16""",120,119.2757,0.7243
2026-01-03 00:15:00,Aspect,Conjunction,Sun,Sagittarius,"18°05'51.99""",Venus,Sagittarius,"17°08'49.78""",0,0.9506,0.9506
2026-01-03 00:15:00,Aspect,Sextitle,Sun,Sagittarius,"18°05'51.99""",Rahu,Aquarius,"17°51'28.18""",60,59.7601,0.2399
2026-01-03 00:15:00,Aspect,Trine,Sun,Sagittarius,"18°05'51.99""",Ketu,Leo,"17°51'28.18""",120,120.2399,0.2399
2026-01-03 00:15:00,Aspect,Sextitle,Venus,Sagittarius,"17°08'49.78""",Rahu,Aquarius,"17°51'28.18""",60,60.7107,0.7107
2026-01-03 00:15:00,Aspect,Trine,Venus,Sagittarius,"17°08'49.78""",Ketu,Leo,"17°51'28.18""",120,119.2893,0.7107
2026-01-03 00:30:00,Aspect,Conjunction,Sun,Sagittarius,"18°06'30.20""",Venus,Sagittarius,"17°09'36.96""",0,0.9481,0.9481
2026-01-03 00:30:00,Aspect,Sextitle,Sun,Sagittarius,"18°06'30.20""",Rahu,Aquarius,"17°51'26.19""",60,59.7489,0.2511
2026-01-03 00:30:00,Aspect,Trine,Sun,Sagittarius,"18°06'30.20""",Ketu,Leo,"17°51'26.19""",120,120.2511,0.2511
2026-01-03 00:30:00,Aspect,Sextitle,Venus,Sagittarius,"17°09'36.96""",Rahu,Aquarius,"17°51'26.19""",60,60.697,0.697
2026-01-03 00:30:00,Aspect,Trine,Venus,Sagittarius,"17°09'36.96""",Ketu,Leo,"17°51'26.19""",120,119.303,0.697
2026-01-03 00:45:00,Aspect,Conjunction,Sun,Sagittarius,"18°07'08.40""",Venus,Sagittarius,"17°10'24.14""",0,0.9456,0.9456
2026-01-03 00:45:00,Aspect,Sextitle,Sun,Sagittarius,"18°07'08.40""",Rahu,Aquarius,"17°51'24.20""",60,59.7377,0.2623
2026-01-03 00:45:00,Aspect,Trine,Sun,Sagittarius,"18°07'08.40""",Ketu,Leo,"17°51'24.20""",120,120.2623,0.2623
2026-01-03 00:45:00,Aspect,Sextitle,Venus,Sagittarius,"17°10'24.14""",Rahu,Aquarius,"17°51'24.20""",60,60.6834,0.6834
2026-01-03 00:45:00,Aspect,Trine,Venus,Sagittarius,"17°10'24.14""",Ketu,Leo,"17°51'24.20""",120,119.3166,0.6834
2026-01-03 01:00:00,Aspect,Conjunction,Sun,Sagittarius,"18°07'46.60""",Venus,Sagittarius,"17°11'11.32""",0,0.9431,0.9431
2026-01-03 01:00:00,Aspect,Sextitle,Sun,Sagittarius,"18°07'46.60""",Rahu,Aquarius,"17°51'22.22""",60,59.7266,0.2734
2026-01-03 01:00:00,Aspect,Trine,Sun,Sagittarius,"18°07'46.60""",Ketu,Leo,"17°51'22.22""",120,120.2734,0.2734
2026-01-03 01:00:00,Aspect,Sextitle,Venus,Sagittarius,"17°11'11.32""",Rahu,Aquarius,"17°51'22.22""",60,60.6697,0.6697
2026-01-03 01:00:00,Aspect,Trine,Venus,Sagittarius,"17°11'11.32""",Ketu,Leo,"17°51'22.22""",120,119.3303,0.6697
2026-01-03 01:15:00,Aspect,Conjunction,Sun,Sagittarius,"18°08'24.81""",Venus,Sagittarius,"17°11'58.50""",0,0.9406,0.9406
2026-01-03 01:15:00,Aspect,Sextitle,Sun,Sagittarius,"18°08'24.81""",Rahu,Aquarius,"17°51'20.23""",60,59.7154,0.2846
2026-01-03 01:15:00,Aspect,Trine,Sun,Sagittarius,"18°08'24.81""",Ketu,Leo,"17°51'20.23""",120,120.2846,0.2846
2026-01-03 01:15:00,Aspect,Sextitle,Venus,Sagittarius,"17°11'58.50""",Rahu,Aquarius,"17°51'20.23""",60,60.656,0.656
2026-01-03 01:15:00,Aspect,Trine,Venus,Sagittarius,"17°11'58.50""",Ketu,Leo,"17°51'20.23""",120,119.344,0.656
2026-01-03 01:30:00,Aspect,Conjunction,Sun,Sagittarius,"18°09'03.01""",Venus,Sagittarius,"17°12'45.67""",0,0.9381,0.9381
2026-01-03 01:30:00,Aspect,Sextitle,Sun,Sagittarius,"18°09'03.01""",Rahu,Aquarius,"17°51'18.24""",60,59.7042,0.2958
2026-01-03 01:30:00,Aspect,Trine,Sun,Sagittarius,"18°09'03.01""",Ketu,Leo,"17°51'18.24""",120,120.2958,0.2958
2026-01-03 01:30:00,Aspect,Sextitle,Venus,Sagittarius,"17°12'45.67""",Rahu,Aquarius,"17°51'18.24""",60,60.6424,0.6424
2026-01-03 01:30:00,Aspect,Trine,Venus,Sagittarius,"17°12'45.67""",Ketu,Leo,"17°51'18.24""",120,119.3576,0.6424
2026-01-03 01:45:00,Aspect,Conjunction,Sun,Sagittarius,"18°09'41.21""",Venus,Sagittarius,"17°13'32.85""",0,0.9357,0.9357
2026-01-03 01:45:00,Aspect,Sextitle,Sun,Sagittarius,"18°09'41.21""",Rahu,Aquarius,"17°51'16.25""",60,59.6931,0.3069
2026-01-03 01:45:00,Aspect,Trine,Sun,Sagittarius,"18°09'41.21""",Ketu,Leo,"17°51'16.25""",120,120.3069,0.3069
2026-01-03 01:45:00,Aspect,Sextitle,Venus,Sagittarius,"17°13'32.85""",Rahu,Aquarius,"17°51'16.25""",60,60.6287,0.6287
2026-01-03 01:45:00,Aspect,Trine,Venus,Sagittarius,"17°13'32.85""",Ketu,Leo,"17°51'16.25""",120,119.3713,0.6287
2026-01-03 02:00:00,Aspect,Conjunction,Sun,Sagittarius,"18°10'19.42""",Venus,Sagittarius,"17°14'20.03""",0,0.9332,0.9332
2026-01-03 02:00:00,Aspect,Sextitle,Sun,Sagittarius,"18°10'19.42""",Rahu,Aquarius,"17°51'14.27""",60,59.6819,0.3181
2026-01-03 02:00:00,Aspect,Trine,Sun,Sagittarius,"18°10'19.42""",Ketu,Leo,"17°51'14.27""",120,120.3181,0.3181
2026-01-03 02:00:00,Aspect,Sextitle,Venus,Sagittarius,"17°14'20.03""",Rahu,Aquarius,"17°51'14.27""",60,60.6151,0.6151
2026-01-03 02:00:00,Aspect,Trine,Venus,Sagittarius,"17°14'20.03""",Ketu,Leo,"17°51'14.27""",120,119.3849,0.6151
2026-01-03 02:15:00,Aspect,Conjunction,Sun,Sagittarius,"18°10'57.62""",Venus,Sagittarius,"17°15'07.21""",0,0.9307,0.9307
2026-01-03 02:15:00,Aspect,Sextitle,Sun,Sagittarius,"18°10'57.62""",Rahu,Aquarius,"17°51'12.28""",60,59.6707,0.3293
2026-01-03 02:15:00,Aspect,Trine,Sun,Sagittarius,"18°10'57.62""",Ketu,Leo,"17°51'12.28""",120,120.3293,0.3293
2026-01-03 02:15:00,Aspect,Sextitle,Venus,Sagittarius,"17°15'07.21""",Rahu,Aquarius,"17°51'12.28""",60,60.6014,0.6014
2026-01-03 02:15:00,Aspect,Trine,Venus,Sagittarius,"17°15'07.21""",Ketu,Leo,"17°51'12.28""",120,119.3986,0.6014
2026-01-03 02:30:00,Aspect,Conjunction,Sun,Sagittarius,"18°11'35.82""",Venus,Sagittarius,"17°15'54.39""",0,0.9282,0.9282
2026-01-03 02:30:00,Aspect,Sextitle,Sun,Sagittarius,"18°11'35.82""",Rahu,Aquarius,"17°51'10.29""",60,59.6596,0.3404
2026-01-03 02:30:00,Aspect,Trine,Sun,Sagittarius,"18°11'35.82""",Ketu,Leo,"17°51'10.29""",120,120.3404,0.3404
2026-01-03 02:30:00,Aspect,Sextitle,Venus,Sagittarius,"17°15'54.39""",Rahu,Aquarius,"17°51'10.29""",60,60.5877,0.5877
2026-01-03 02:30:00,Aspect,Trine,Venus,Sagittarius,"17°15'54.39""",Ketu,Leo,"17°51'10.29""",120,119.4123,0.5877
2026-01-03 02:45:00,Aspect,Conjunction,Sun,Sagittarius,"18°12'14.03""",Venus,Sagittarius,"17°16'41.57""",0,0.9257,0.9257
2026-01-03 02:45:00,Aspect,Sextitle,Sun,Sagittarius,"18°12'14.03""",Rahu,Aquarius,"17°51'08.30""",60,59.6484,0.3516
2026-01-03 02:45:00,Aspect,Trine,Sun,Sagittarius,"18°12'14.03""",Ketu,Leo,"17°51'08.30""",120,120.3516,0.3516
2026-01-03 02:45:00,Aspect,Sextitle,Venus,Sagittarius,"17°16'41.57""",Rahu,Aquarius,"17°51'08.30""",60,60.5741,0.5741
2026-01-03 02:45:00,Aspect,Trine,Venus,Sagittarius,"17°16'41.57""",Ketu,Leo,"17°51'08.30""",120,119.4259,0.5741
2026-01-03 03:00:00,Aspect,Conjunction,Sun,Sagittarius,"18°12'52.23""",Venus,Sagittarius,"17°17'28.75""",0,0.9232,0.9232
2026-01-03 03:00:00,Aspect,Sextitle,Sun,Sagittarius,"18°12'52.23""",Rahu,Aquarius,"17°51'06.32""",60,59.6372,0.3628
2026-01-03 03:00:00,Aspect,Trine,Sun,Sagittarius,"18°12'52.23""",Ketu,Leo,"17°51'06.32""",120,120.3628,0.3628
2026-01-03 03:00:00,Aspect,Sextitle,Venus,Sagittarius,"17°17'28.75""",Rahu,Aquarius,"17°51'06.32""",60,60.5604,0.5604
2026-01-03 03:00:00,Aspect,Trine,Venus,Sagittarius,"17°17'28.75""",Ketu,Leo,"17°51'06.32""",120,119.4396,0.5604
2026-01-03 03:15:00,Aspect,Conjunction,Sun,Sagittarius,"18°13'30.43""",Venus,Sagittarius,"17°18'15.93""",0,0.9207,0.9207
2026-01-03 03:15:00,Aspect,Sextitle,Sun,Sagittarius,"18°13'30.43""",Rahu,Aquarius,"17°51'04.33""",60,59.6261,0.3739
2026-01-03 03:15:00,Aspect,Trine,Sun,Sagittarius,"18°13'30.43""",Ketu,Leo,"17°51'04.33""",120,120.3739,0.3739
2026-01-03 03:15:00,Aspect,Sextitle,Venus,Sagittarius,"17°18'15.93""",Rahu,Aquarius,"17°51'04.33""",60,60.5468,0.5468
2026-01-03 03:15:00,Aspect,Trine,Venus,Sagittarius,"17°18'15.93""",Ketu,Leo,"17°51'04.33""",120,119.4532,0.5468
2026-01-03 03:30:00,Aspect,Conjunction,Sun,Sagittarius,"18°14'08.64""",Venus,Sagittarius,"17°19'03.11""",0,0.9182,0.9182
2026-01-03 03:30:00,Aspect,Sextitle,Sun,Sagittarius,"18°14'08.64""",Rahu,Aquarius,"17°51'02.34""",60,59.6149,0.3851
2026-01-03 03:30:00,Aspect,Trine,Sun,Sagittarius,"18°14'08.64""",Ketu,Leo,"17°51'02.34""",120,120.3851,0.3851
2026-01-03 03:30:00,Aspect,Sextitle,Venus,Sagittarius,"17°19'03.11""",Rahu,Aquarius,"17°51'02.34""",60,60.5331,0.5331
2026-01-03 03:30:00,Aspect,Trine,Venus,Sagittarius,"17°19'03.11""",Ketu,Leo,"17°51'02.34""",120,119.4669,0.5331
2026-01-03 03:45:00,Aspect,Conjunction,Sun,Sagittarius,"18°14'46.84""",Venus,Sagittarius,"17°19'50.29""",0,0.9157,0.9157
2026-01-03 03:45:00,Aspect,Sextitle,Sun,Sagittarius,"18°14'46.84""",Rahu,Aquarius,"17°51'00.36""",60,59.6038,0.3962
2026-01-03 03:45:00,Aspect,Trine,Sun,Sagittarius,"18°14'46.84""",Ketu,Leo,"17°51'00.36""",120,120.3962,0.3962
2026-01-03 03:45:00,Aspect,Sextitle,Venus,Sagittarius,"17°19'50.29""",Rahu,Aquarius,"17°51'00.36""",60,60.5195,0.5195
2026-01-03 03:45:00,Aspect,Trine,Venus,Sagittarius,"17°19'50.29""",Ketu,Leo,"17°51'00.36""",120,119.4805,0.5195
2026-01-03 04:00:00,Aspect,Conjunction,Sun,Sagittarius,"18°15'25.04""",Venus,Sagittarius,"17°20'37.47""",0,0.9132,0.9132
2026-01-03 04:00:00,Aspect,Sextitle,Sun,Sagittarius,"18°15'25.04""",Rahu,Aquarius,"17°50'58.37""",60,59.5926,0.4074
2026-01-03 04:00:00,Aspect,Trine,Sun,Sagittarius,"18°15'25.04""",Ketu,Leo,"17°50'58.37""",120,120.4074,0.4074
2026-01-03 04:00:00,Aspect,Sextitle,Venus,Sagittarius,"17°20'37.47""",Rahu,Aquarius,"17°50'58.37""",60,60.5058,0.5058
2026-01-03 04:00:00,Aspect,Trine,Venus,Sagittarius,"17°20'37.47""",Ketu,Leo,"17°50'58.37""",120,119.4942,0.5058
2026-01-03 04:15:00,Aspect,Conjunction,Sun,Sagittarius,"18°16'03.25""",Venus,Sagittarius,"17°21'24.65""",0,0.9107,0.9107
2026-01-03 04:15:00,Aspect,Sextitle,Sun,Sagittarius,"18°16'03.25""",Rahu,Aquarius,"17°50'56.38""",60,59.5814,0.4186
2026-01-03 04:15:00,Aspect,Trine,Sun,Sagittarius,"18°16'03.25""",Ketu,Leo,"17°50'56.38""",120,120.4186,0.4186
2026-01-03 04:15:00,Aspect,Sextitle,Venus,Sagittarius,"17°21'24.65""",Rahu,Aquarius,"17°50'56.38""",60,60.4921,0.4921
2026-01-03 04:15:00,Aspect,Trine,Venus,Sagittarius,"17°21'24.65""",Ketu,Leo,"17°50'56.38""",120,119.5079,0.4921
2026-01-03 04:30:00,Aspect,Conjunction,Sun,Sagittarius,"18°16'41.45""",Venus,Sagittarius,"17°22'11.83""",0,0.9082,0.9082
2026-01-03 04:30:00,Aspect,Sextitle,Sun,Sagittarius,"18°16'41.45""",Rahu,Aquarius,"17°50'54.39""",60,59.5703,0.4297
2026-01-03 04:30:00,Aspect,Trine,Sun,Sagittarius,"18°16'41.45""",Ketu,Leo,"17°50'54.39""",120,120.4297,0.4297
2026-01-03 04:30:00,Aspect,Sextitle,Venus,Sagittarius,"17°22'11.83""",Rahu,Aquarius,"17°50'54.39""",60,60.4785,0.4785
2026-01-03 04:30:00,Aspect,Trine,Venus,Sagittarius,"17°22'11.83""",Ketu,Leo,"17°50'54.39""",120,119.5215,0.4785
2026-01-03 04:45:00,Aspect,Conjunction,Sun,Sagittarius,"18°17'19.65""",Venus,Sagittarius,"17°22'59.01""",0,0.9057,0.9057
2026-01-03 04:45:00,Aspect,Sextitle,Sun,Sagittarius,"18°17'19.65""",Rahu,Aquarius,"17°50'52.41""",60,59.5591,0.4409
2026-01-03 04:45:00,Aspect,Trine,Sun,Sagittarius,"18°17'19.65""",Ketu,Leo,"17°50'52.41""",120,120.4409,0.4409
2026-01-03 04:45:00,Aspect,Sextitle,Venus,Sagittarius,"17°22'59.01""",Rahu,Aquarius,"17°50'52.41""",60,60.4648,0.4648
2026-01-03 04:45:00,Aspect,Trine,Venus,Sagittarius,"17°22'59.01""",Ketu,Leo,"17°50'52.41""",120,119.5352,0.4648
2026-01-03 05:00:00,Aspect,Conjunction,Sun,Sagittarius,"18°17'57.86""",Venus,Sagittarius,"17°23'46.18""",0,0.9032,0.9032
2026-01-03 05:00:00,Aspect,Sextitle,Sun,Sagittarius,"18°17'57.86""",Rahu,Aquarius,"17°50'50.42""",60,59.5479,0.4521
2026-01-03 05:00:00,Aspect,Trine,Sun,Sagittarius,"18°17'57.86""",Ketu,Leo,"17°50'50.42""",120,120.4521,0.4521
2026-01-03 05:00:00,Aspect,Sextitle,Venus,Sagittarius,"17°23'46.18""",Rahu,Aquarius,"17°50'50.42""",60,60.4512,0.4512
2026-01-03 05:00:00,Aspect,Trine,Venus,Sagittarius,"17°23'46.18""",Ketu,Leo,"17°50'50.42""",120,119.5488,0.4512
2026-01-03 05:15:00,Aspect,Conjunction,Sun,Sagittarius,"18°18'36.06""",Venus,Sagittarius,"17°24'33.36""",0,0.9007,0.9007
2026-01-03 05:15:00,Aspect,Sextitle,Sun,Sagittarius,"18°18'36.06""",Rahu,Aquarius,"17°50'48.43""",60,59.5368,0.4632
2026-01-03 05:15:00,Aspect,Trine,Sun,Sagittarius,"18°18'36.06""",Ketu,Leo,"17°50'48.43""",120,120.4632,0.4632
2026-01-03 05:15:00,Aspect,Sextitle,Venus,Sagittarius,"17°24'33.36""",Rahu,Aquarius,"17°50'48.43""",60,60.4375,0.4375
2026-01-03 05:15:00,Aspect,Trine,Venus,Sagittarius,"17°24'33.36""",Ketu,Leo,"17°50'48.43""",120,119.5625,0.4375
2026-01-03 05:30:00,Aspect,Conjunction,Sun,Sagittarius,"18°19'14.26""",Venus,Sagittarius,"17°25'20.54""",0,0.8983,0.8983
2026-01-03 05:30:00,Aspect,Sextitle,Sun,Sagittarius,"18°19'14.26""",Rahu,Aquarius,"17°50'46.45""",60,59.5256,0.4744
2026-01-03 05:30:00,Aspect,Trine,Sun,Sagittarius,"18°19'14.26""",Ketu,Leo,"17°50'46.45""",120,120.4744,0.4744
2026-01-03 05:30:00,Aspect,Sextitle,Venus,Sagittarius,"17°25'20.54""",Rahu,Aquarius,"17°50'46.45""",60,60.4239,0.4239
2026-01-03 05:30:00,Aspect,Trine,Venus,Sagittarius,"17°25'20.54""",Ketu,Leo,"17°50'46.45""",120,119.5761,0.4239
2026-01-03 05:45:00,Aspect,Conjunction,Sun,Sagittarius,"18°19'52.47""",Venus,Sagittarius,"17°26'07.72""",0,0.8958,0.8958
2026-01-03 05:45:00,Aspect,Sextitle,Sun,Sagittarius,"18°19'52.47""",Rahu,Aquarius,"17°50'44.46""",60,59.5144,0.4856
2026-01-03 05:45:00,Aspect,Trine,Sun,Sagittarius,"18°19'52.47""",Ketu,Leo,"17°50'44.46""",120,120.4856,0.4856
2026-01-03 05:45:00,Aspect,Sextitle,Venus,Sagittarius,"17°26'07.72""",Rahu,Aquarius,"17°50'44.46""",60,60.4102,0.4102
2026-01-03 05:45:00,Aspect,Trine,Venus,Sagittarius,"17°26'07.72""",Ketu,Leo,"17°50'44.46""",120,119.5898,0.4102
2026-01-03 06:00:00,Aspect,Conjunction,Sun,Sagittarius,"18°20'30.67""",Venus,Sagittarius,"17°26'54.90""",0,0.8933,0.8933
2026-01-03 06:00:00,Aspect,Sextitle,Sun,Sagittarius,"18°20'30.67""",Rahu,Aquarius,"17°50'42.47""",60,59.5033,0.4967
2026-01-03 06:00:00,Aspect,Trine,Sun,Sagittarius,"18°20'30.67""",Ketu,Leo,"17°50'42.47""",120,120.4967,0.4967
2026-01-03 06:00:00,Aspect,Sextitle,Venus,Sagittarius,"17°26'54.90""",Rahu,Aquarius,"17°50'42.47""",60,60.3965,0.3965
2026-01-03 06:00:00,Aspect,Trine,Venus,Sagittarius,"17°26'54.90""",Ketu,Leo,"17°50'42.47""",120,119.6035,0.3965
2026-01-03 06:15:00,Aspect,Conjunction,Sun,Sagittarius,"18°21'08.87""",Venus,Sagittarius,"17°27'42.08""",0,0.8908,0.8908
2026-01-03 06:15:00,Aspect,Sextitle,Sun,Sagittarius,"18°21'08.87""",Rahu,Aquarius,"17°50'40.48""",60,59.4921,0.5079
2026-01-03 06:15:00,Aspect,Trine,Sun,Sagittarius,"18°21'08.87""",Ketu,Leo,"17°50'40.48""",120,120.5079,0.5079
2026-01-03 06:15:00,Aspect,Sextitle,Venus,Sagittarius,"17°27'42.08""",Rahu,Aquarius,"17°50'40.48""",60,60.3829,0.3829
2026-01-03 06:15:00,Aspect,Trine,Venus,Sagittarius,"17°27'42.08""",Ketu,Leo,"17°50'40.48""",120,119.6171,0.3829
2026-01-03 06:30:00,Aspect,Conjunction,Sun,Sagittarius,"18°21'47.08""",Venus,Sagittarius,"17°28'29.26""",0,0.8883,0.8883
2026-01-03 06:30:00,Aspect,Sextitle,Sun,Sagittarius,"18°21'47.08""",Rahu,Aquarius,"17°50'38.50""",60,59.481,0.519
2026-01-03 06:30:00,Aspect,Trine,Sun,Sagittarius,"18°21'47.08""",Ketu,Leo,"17°50'38.50""",120,120.519,0.519
2026-01-03 06:30:00,Aspect,Sextitle,Venus,Sagittarius,"17°28'29.26""",Rahu,Aquarius,"17°50'38.50""",60,60.3692,0.3692
2026-01-03 06:30:00,Aspect,Trine,Venus,Sagittarius,"17°28'29.26""",Ketu,Leo,"17°50'38.50""",120,119.6308,0.3692
2026-01-03 06:45:00,Aspect,Conjunction,Sun,Sagittarius,"18°22'25.28""",Venus,Sagittarius,"17°29'16.44""",0,0.8858,0.8858
2026-01-03 06:45:00,Aspect,Sextitle,Sun,Sagittarius,"18°22'25.28""",Rahu,Aquarius,"17°50'36.51""",60,59.4698,0.5302
2026-01-03 06:45:00,Aspect,Trine,Sun,Sagittarius,"18°22'25.28""",Ketu,Leo,"17°50'36.51""",120,120.5302,0.5302
2026-01-03 06:45:00,Aspect,Sextitle,Venus,Sagittarius,"17°29'16.44""",Rahu,Aquarius,"17°50'36.51""",60,60.3556,0.3556
2026-01-03 06:45:00,Aspect,Trine,Venus,Sagittarius,"17°29'16.44""",Ketu,Leo,"17°50'36.51""",120,119.6444,0.3556
2026-01-03 07:00:00,Aspect,Conjunction,Sun,Sagittarius,"18°23'03.48""",Venus,Sagittarius,"17°30'03.62""",0,0.8833,0.8833
2026-01-03 07:00:00,Aspect,Sextitle,Sun,Sagittarius,"18°23'03.48""",Rahu,Aquarius,"17°50'34.52""",60,59.4586,0.5414
2026-01-03 07:00:00,Aspect,Trine,Sun,Sagittarius,"18°23'03.48""",Ketu,Leo,"17°50'34.52""",120,120.5414,0.5414
2026-01-03 07:00:00,Aspect,Sextitle,Venus,Sagittarius,"17°30'03.62""",Rahu,Aquarius,"17°50'34.52""",60,60.3419,0.3419
2026-01-03 07:00:00,Aspect,Trine,Venus,Sagittarius,"17°30'03.62""",Ketu,Leo,"17°50'34.52""",120,119.6581,0.3419
2026-01-03 07:15:00,Aspect,Conjunction,Sun,Sagittarius,"18°23'41.68""",Venus,Sagittarius,"17°30'50.80""",0,0.8808,0.8808
2026-01-03 07:15:00,Aspect,Sextitle,Sun,Sagittarius,"18°23'41.68""",Rahu,Aquarius,"17°50'32.54""",60,59.4475,0.5525
2026-01-03 07:15:00,Aspect,Trine,Sun,Sagittarius,"18°23'41.68""",Ketu,Leo,"17°50'32.54""",120,120.5525,0.5525
2026-01-03 07:15:00,Aspect,Sextitle,Venus,Sagittarius,"17°30'50.80""",Rahu,Aquarius,"17°50'32.54""",60,60.3283,0.3283
2026-01-03 07:15:00,Aspect,Trine,Venus,Sagittarius,"17°30'50.80""",Ketu,Leo,"17°50'32.54""",120,119.6717,0.3283
2026-01-03 07:30:00,Aspect,Conjunction,Sun,Sagittarius,"18°24'19.89""",Venus,Sagittarius,"17°31'37.98""",0,0.8783,0.8783
2026-01-03 07:30:00,Aspect,Sextitle,Sun,Sagittarius,"18°24'19.89""",Rahu,Aquarius,"17°50'30.55""",60,59.4363,0.5637
2026-01-03 07:30:00,Aspect,Trine,Sun,Sagittarius,"18°24'19.89""",Ketu,Leo,"17°50'30.55""",120,120.5637,0.5637
2026-01-03 07:30:00,Aspect,Sextitle,Venus,Sagittarius,"17°31'37.98""",Rahu,Aquarius,"17°50'30.55""",60,60.3146,0.3146
2026-01-03 07:30:00,Aspect,Trine,Venus,Sagittarius,"17°31'37.98""",Ketu,Leo,"17°50'30.55""",120,119.6854,0.3146
2026-01-03 07:45:00,Aspect,Conjunction,Sun,Sagittarius,"18°24'58.09""",Venus,Sagittarius,"17°32'25.15""",0,0.8758,0.8758
2026-01-03 07:45:00,Aspect,Sextitle,Sun,Sagittarius,"18°24'58.09""",Rahu,Aquarius,"17°50'28.56""",60,59.4251,0.5749
2026-01-03 07:45:00,Aspect,Trine,Sun,Sagittarius,"18°24'58.09""",Ketu,Leo,"17°50'28.56""",120,120.5749,0.5749
2026-01-03 07:45:00,Aspect,Sextitle,Venus,Sagittarius,"17°32'25.15""",Rahu,Aquarius,"17°50'28.56""",60,60.3009,0.3009
2026-01-03 07:45:00,Aspect,Trine,Venus,Sagittarius,"17°32'25.15""",Ketu,Leo,"17°50'28.56""",120,119.6991,0.3009
2026-01-03 08:00:00,Aspect,Conjunction,Sun,Sagittarius,"18°25'36.29""",Venus,Sagittarius,"17°33'12.33""",0,0.8733,0.8733
2026-01-03 08:00:00,Aspect,Sextitle,Sun,Sagittarius,"18°25'36.29""",Rahu,Aquarius,"17°50'26.57""",60,59.414,0.586
2026-01-03 08:00:00,Aspect,Trine,Sun,Sagittarius,"18°25'36.29""",Ketu,Leo,"17°50'26.57""",120,120.586,0.586
2026-01-03 08:00:00,Aspect,Sextitle,Venus,Sagittarius,"17°33'12.33""",Rahu,Aquarius,"17°50'26.57""",60,60.2873,0.2873
2026-01-03 08:00:00,Aspect,Trine,Venus,Sagittarius,"17°33'12.33""",Ketu,Leo,"17°50'26.57""",120,119.7127,0.2873
2026-01-03 08:15:00,Aspect,Conjunction,Sun,Sagittarius,"18°26'14.50""",Venus,Sagittarius,"17°33'59.51""",0,0.8708,0.8708
2026-01-03 08:15:00,Aspect,Sextitle,Sun,Sagittarius,"18°26'14.50""",Rahu,Aquarius,"17°50'24.59""",60,59.4028,0.5972
2026-01-03 08:15:00,Aspect,Trine,Sun,Sagittarius,"18°26'14.50""",Ketu,Leo,"17°50'24.59""",120,120.5972,0.5972
2026-01-03 08:15:00,Aspect,Sextitle,Venus,Sagittarius,"17°33'59.51""",Rahu,Aquarius,"17°50'24.59""",60,60.2736,0.2736
2026-01-03 08:15:00,Aspect,Trine,Venus,Sagittarius,"17°33'59.51""",Ketu,Leo,"17°50'24.59""",120,119.7264,0.2736
2026-01-03 08:30:00,Aspect,Conjunction,Sun,Sagittarius,"18°26'52.70""",Venus,Sagittarius,"17°34'46.69""",0,0.8683,0.8683
2026-01-03 08:30:00,Aspect,Sextitle,Sun,Sagittarius,"18°26'52.70""",Rahu,Aquarius,"17°50'22.60""",60,59.3916,0.6084
2026-01-03 08:30:00,Aspect,Trine,Sun,Sagittarius,"18°26'52.70""",Ketu,Leo,"17°50'22.60""",120,120.6084,0.6084
2026-01-03 08:30:00,Aspect,Sextitle,Venus,Sagittarius,"17°34'46.69""",Rahu,Aquarius,"17°50'22.60""",60,60.26,0.26
2026-01-03 08:30:00,Aspect,Trine,Venus,Sagittarius,"17°34'46.69""",Ketu,Leo,"17°50'22.60""",120,119.74,0.26
2026-01-03 08:45:00,Aspect,Conjunction,Sun,Sagittarius,"18°27'30.90""",Venus,Sagittarius,"17°35'33.87""",0,0.8658,0.8658
2026-01-03 08:45:00,Aspect,Sextitle,Sun,Sagittarius,"18°27'30.90""",Rahu,Aquarius,"17°50'20.61""",60,59.3805,0.6195
2026-01-03 08:45:00,Aspect,Trine,Sun,Sagittarius,"18°27'30.90""",Ketu,Leo,"17°50'20.61""",120,120.6195,0.6195
2026-01-03 08:45:00,Aspect,Sextitle,Venus,Sagittarius,"17°35'33.87""",Rahu,Aquarius,"17°50'20.61""",60,60.2463,0.2463
2026-01-03 08:45:00,Aspect,Trine,Venus,Sagittarius,"17°35'33.87""",Ketu,Leo,"17°50'20.61""",120,119.7537,0.2463
2026-01-03 09:00:00,Aspect,Conjunction,Sun,Sagittarius,"18°28'09.11""",Venus,Sagittarius,"17°36'21.05""",0,0.8633,0.8633
2026-01-03 09:00:00,Aspect,Sextitle,Sun,Sagittarius,"18°28'09.11""",Rahu,Aquarius,"17°50'18.62""",60,59.3693,0.6307
2026-01-03 09:00:00,Aspect,Trine,Sun,Sagittarius,"18°28'09.11""",Ketu,Leo,"17°50'18.62""",120,120.6307,0.6307
2026-01-03 09:00:00,Aspect,Sextitle,Venus,Sagittarius,"17°36'21.05""",Rahu,Aquarius,"17°50'18.62""",60,60.2327,0.2327
2026-01-03 09:00:00,Aspect,Trine,Venus,Sagittarius,"17°36'21.05""",Ketu,Leo,"17°50'18.62""",120,119.7673,0.2327
2026-01-03 09:15:00,Aspect,Conjunction,Sun,Sagittarius,"18°28'47.31""",Venus,Sagittarius,"17°37'08.23""",0,0.8609,0.8609
2026-01-03 09:15:00,Aspect,Sextitle,Sun,Sagittarius,"18°28'47.31""",Rahu,Aquarius,"17°50'16.64""",60,59.3581,0.6419
2026-01-03 09:15:00,Aspect,Trine,Sun,Sagittarius,"18°28'47.31""",Ketu,Leo,"17°50'16.64""",120,120.6419,0.6419
2026-01-03 09:15:00,Aspect,Sextitle,Venus,Sagittarius,"17°37'08.23""",Rahu,Aquarius,"17°50'16.64""",60,60.219,0.219
2026-01-03 09:15:00,Aspect,Trine,Venus,Sagittarius,"17°37'08.23""",Ketu,Leo,"17°50'16.64""",120,119.781,0.219
2026-01-03 09:30:00,Aspect,Conjunction,Sun,Sagittarius,"18°29'25.51""",Venus,Sagittarius,"17°37'55.41""",0,0.8584,0.8584
2026-01-03 09:30:00,Aspect,Sextitle,Sun,Sagittarius,"18°29'25.51""",Rahu,Aquarius,"17°50'14.65""",60,59.347,0.653
2026-01-03 09:30:00,Aspect,Trine,Sun,Sagittarius,"18°29'25.51""",Ketu,Leo,"17°50'14.65""",120,120.653,0.653
2026-01-03 09:30:00,Aspect,Sextitle,Venus,Sagittarius,"17°37'55.41""",Rahu,Aquarius,"17°50'14.65""",60,60.2053,0.2053
2026-01-03 09:30:00,Aspect,Trine,Venus,Sagittarius,"17°37'55.41""",Ketu,Leo,"17°50'14.65""",120,119.7947,0.2053
2026-01-03 09:45:00,Aspect,Conjunction,Sun,Sagittarius,"18°30'03.72""",Venus,Sagittarius,"17°38'42.59""",0,0.8559,0.8559
2026-01-03 09:45:00,Aspect,Sextitle,Sun,Sagittarius,"18°30'03.72""",Rahu,Aquarius,"17°50'12.66""",60,59.3358,0.6642
2026-01-03 09:45:00,Aspect,Trine,Sun,Sagittarius,"18°30'03.72""",Ketu,Leo,"17°50'12.66""",120,120.6642,0.6642
2026-01-03 09:45:00,Aspect,Sextitle,Venus,Sagittarius,"17°38'42.59""",Rahu,Aquarius,"17°50'12.66""",60,60.1917,0.1917
2026-01-03 09:45:00,Aspect,Trine,Venus,Sagittarius,"17°38'42.59""",Ketu,Leo,"17°50'12.66""",120,119.8083,0.1917
2026-01-03 10:00:00,Aspect,Conjunction,Sun,Sagittarius,"18°30'41.92""",Venus,Sagittarius,"17°39'29.76""",0,0.8534,0.8534
2026-01-03 10:00:00,Aspect,Sextitle,Sun,Sagittarius,"18°30'41.92""",Rahu,Aquarius,"17°50'10.68""",60,59.3247,0.6753
2026-01-03 10:00:00,Aspect,Trine,Sun,Sagittarius,"18°30'41.92""",Ketu,Leo,"17°50'10.68""",120,120.6753,0.6753
2026-01-03 10:00:00,Aspect,Sextitle,Venus,Sagittarius,"17°39'29.76""",Rahu,Aquarius,"17°50'10.68""",60,60.178,0.178
2026-01-03 10:00:00,Aspect,Trine,Venus,Sagittarius,"17°39'29.76""",Ketu,Leo,"17°50'10.68""",120,119.822,0.178
2026-01-03 10:15:00,Aspect,Conjunction,Sun,Sagittarius,"18°31'20.12""",Venus,Sagittarius,"17°40'16.94""",0,0.8509,0.8509
2026-01-03 10:15:00,Aspect,Sextitle,Sun,Sagittarius,"18°31'20.12""",Rahu,Aquarius,"17°50'08.69""",60,59.3135,0.6865
2026-01-03 10:15:00,Aspect,Trine,Sun,Sagittarius,"18°31'20.12""",Ketu,Leo,"17°50'08.69""",120,120.6865,0.6865
2026-01-03 10:15:00,Aspect,Sextitle,Venus,Sagittarius,"17°40'16.94""",Rahu,Aquarius,"17°50'08.69""",60,60.1644,0.1644
2026-01-03 10:15:00,Aspect,Trine,Venus,Sagittarius,"17°40'16.94""",Ketu,Leo,"17°50'08.69""",120,119.8356,0.1644
2026-01-03 10:30:00,Aspect,Conjunction,Sun,Sagittarius,"18°31'58.33""",Venus,Sagittarius,"17°41'04.12""",0,0.8484,0.8484
2026-01-03 10:30:00,Aspect,Sextitle,Sun,Sagittarius,"18°31'58.33""",Rahu,Aquarius,"17°50'06.70""",60,59.3023,0.6977
2026-01-03 10:30:00,Aspect,Trine,Sun,Sagittarius,"18°31'58.33""",Ketu,Leo,"17°50'06.70""",120,120.6977,0.6977
2026-01-03 10:30:00,Aspect,Sextitle,Venus,Sagittarius,"17°41'04.12""",Rahu,Aquarius,"17°50'06.70""",60,60.1507,0.1507
2026-01-03 10:30:00,Aspect,Trine,Venus,Sagittarius,"17°41'04.12""",Ketu,Leo,"17°50'06.70""",120,119.8493,0.1507
2026-01-03 10:45:00,Aspect,Conjunction,Sun,Sagittarius,"18°32'36.53""",Venus,Sagittarius,"17°41'51.30""",0,0.8459,0.8459
2026-01-03 10:45:00,Aspect,Sextitle,Sun,Sagittarius,"18°32'36.53""",Rahu,Aquarius,"17°50'04.71""",60,59.2912,0.7088
2026-01-03 10:45:00,Aspect,Trine,Sun,Sagittarius,"18°32'36.53""",Ketu,Leo,"17°50'04.71""",120,120.7088,0.7088
2026-01-03 10:45:00,Aspect,Sextitle,Venus,Sagittarius,"17°41'51.30""",Rahu,Aquarius,"17°50'04.71""",60,60.1371,0.1371
2026-01-03 10:45:00,Aspect,Trine,Venus,Sagittarius,"17°41'51.30""",Ketu,Leo,"17°50'04.71""",120,119.8629,0.1371
2026-01-03 11:00:00,Aspect,Conjunction,Sun,Sagittarius,"18°33'14.73""",Venus,Sagittarius,"17°42'38.48""",0,0.8434,0.8434
2026-01-03 11:00:00,Aspect,Sextitle,Sun,Sagittarius,"18°33'14.73""",Rahu,Aquarius,"17°50'02.73""",60,59.28,0.72
2026-01-03 11:00:00,Aspect,Trine,Sun,Sagittarius,"18°33'14.73""",Ketu,Leo,"17°50'02.73""",120,120.72,0.72
2026-01-03 11:00:00,Aspect,Sextitle,Venus,Sagittarius,"17°42'38.48""",Rahu,Aquarius,"17°50'02.73""",60,60.1234,0.1234
2026-01-03 11:00:00,Aspect,Trine,Venus,Sagittarius,"17°42'38.48""",Ketu,Leo,"17°50'02.73""",120,119.8766,0.1234
2026-01-03 11:15:00,Aspect,Conjunction,Sun,Sagittarius,"18°33'52.94""",Venus,Sagittarius,"17°43'25.66""",0,0.8409,0.8409
2026-01-03 11:15:00,Aspect,Sextitle,Sun,Sagittarius,"18°33'52.94""",Rahu,Aquarius,"17°50'00.74""",60,59.2688,0.7312
2026-01-03 11:15:00,Aspect,Trine,Sun,Sagittarius,"18°33'52.94""",Ketu,Leo,"17°50'00.74""",120,120.7312,0.7312
2026-01-03 11:15:00,Aspect,Sextitle,Venus,Sagittarius,"17°43'25.66""",Rahu,Aquarius,"17°50'00.74""",60,60.1097,0.1097
2026-01-03 11:15:00,Aspect,Trine,Venus,Sagittarius,"17°43'25.66""",Ketu,Leo,"17°50'00.74""",120,119.8903,0.1097
2026-01-03 11:30:00,Aspect,Conjunction,Sun,Sagittarius,"18°34'31.14""",Venus,Sagittarius,"17°44'12.84""",0,0.8384,0.8384
2026-01-03 11:30:00,Aspect,Sextitle,Sun,Sagittarius,"18°34'31.14""",Rahu,Aquarius,"17°49'58.75""",60,59.2577,0.7423
2026-01-03 11:30:00,Aspect,Trine,Sun,Sagittarius,"18°34'31.14""",Ketu,Leo,"17°49'58.75""",120,120.7423,0.7423
2026-01-03 11:30:00,Aspect,Sextitle,Venus,Sagittarius,"17°44'12.84""",Rahu,Aquarius,"17°49'58.75""",60,60.0961,0.0961
2026-01-03 11:30:00,Aspect,Trine,Venus,Sagittarius,"17°44'12.84""",Ketu,Leo,"17°49'58.75""",120,119.9039,0.0961
2026-01-03 11:45:00,Aspect,Conjunction,Sun,Sagittarius,"18°35'09.34""",Venus,Sagittarius,"17°45'00.02""",0,0.8359,0.8359
2026-01-03 11:45:00,Aspect,Sextitle,Sun,Sagittarius,"18°35'09.34""",Rahu,Aquarius,"17°49'56.77""",60,59.2465,0.7535
2026-01-03 11:45:00,Aspect,Trine,Sun,Sagittarius,"18°35'09.34""",Ketu,Leo,"17°49'56.77""",120,120.7535,0.7535
2026-01-03 11:45:00,Aspect,Sextitle,Venus,Sagittarius,"17°45'00.02""",Rahu,Aquarius,"17°49'56.77""",60,60.0824,0.0824
2026-01-03 11:45:00,Aspect,Trine,Venus,Sagittarius,"17°45'00.02""",Ketu,Leo,"17°49'56.77""",120,119.9176,0.0824
2026-01-03 12:00:00,Aspect,Conjunction,Sun,Sagittarius,"18°35'47.55""",Venus,Sagittarius,"17°45'47.19""",0,0.8334,0.8334
2026-01-03 12:00:00,Aspect,Sextitle,Sun,Sagittarius,"18°35'47.55""",Rahu,Aquarius,"17°49'54.78""",60,59.2353,0.7647
2026-01-03 12:00:00,Aspect,Trine,Sun,Sagittarius,"18°35'47.55""",Ketu,Leo,"17°49'54.78""",120,120.7647,0.7647
2026-01-03 12:00:00,Aspect,Sextitle,Venus,Sagittarius,"17°45'47.19""",Rahu,Aquarius,"17°49'54.78""",60,60.0688,0.0688
2026-01-03 12:00:00,Aspect,Trine,Venus,Sagittarius,"17°45'47.19""",Ketu,Leo,"17°49'54.78""",120,119.9312,0.0688
2026-01-03 12:15:00,Aspect,Conjunction,Sun,Sagittarius,"18°36'25.75""",Venus,Sagittarius,"17°46'34.37""",0,0.8309,0.8309
2026-01-03 12:15:00,Aspect,Sextitle,Sun,Sagittarius,"18°36'25.75""",Rahu,Aquarius,"17°49'52.79""",60,59.2242,0.7758
2026-01-03 12:15:00,Aspect,Trine,Sun,Sagittarius,"18°36'25.75""",Ketu,Leo,"17°49'52.79""",120,120.7758,0.7758
2026-01-03 12:15:00,Aspect,Sextitle,Venus,Sagittarius,"17°46'34.37""",Rahu,Aquarius,"17°49'52.79""",60,60.0551,0.0551
2026-01-03 12:15:00,Aspect,Trine,Venus,Sagittarius,"17°46'34.37""",Ketu,Leo,"17°49'52.79""",120,119.9449,0.0551
2026-01-03 12:30:00,Aspect,Conjunction,Sun,Sagittarius,"18°37'03.95""",Venus,Sagittarius,"17°47'21.55""",0,0.8284,0.8284
2026-01-03 12:30:00,Aspect,Sextitle,Sun,Sagittarius,"18°37'03.95""",Rahu,Aquarius,"17°49'50.80""",60,59.213,0.787
2026-01-03 12:30:00,Aspect,Trine,Sun,Sagittarius,"18°37'03.95""",Ketu,Leo,"17°49'50.80""",120,120.787,0.787
2026-01-03 12:30:00,Aspect,Sextitle,Venus,Sagittarius,"17°47'21.55""",Rahu,Aquarius,"17°49'50.80""",60,60.0415,0.0415
2026-01-03 12:30:00,Aspect,Trine,Venus,Sagittarius,"17°47'21.55""",Ketu,Leo,"17°49'50.80""",120,119.9585,0.0415
2026-01-03 12:45:00,Aspect,Conjunction,Sun,Sagittarius,"18°37'42.16""",Venus,Sagittarius,"17°48'08.73""",0,0.826,0.826
2026-01-03 12:45:00,Aspect,Sextitle,Sun,Sagittarius,"18°37'42.16""",Rahu,Aquarius,"17°49'48.82""",60,59.2019,0.7981
2026-01-03 12:45:00,Aspect,Trine,Sun,Sagittarius,"18°37'42.16""",Ketu,Leo,"17°49'48.82""",120,120.7981,0.7981
2026-01-03 12:45:00,Aspect,Sextitle,Venus,Sagittarius,"17°48'08.73""",Rahu,Aquarius,"17°49'48.82""",60,60.0278,0.0278
2026-01-03 12:45:00,Aspect,Trine,Venus,Sagittarius,"17°48'08.73""",Ketu,Leo,"17°49'48.82""",120,119.9722,0.0278
2026-01-03 13:00:00,Aspect,Conjunction,Sun,Sagittarius,"18°38'20.36""",Venus,Sagittarius,"17°48'55.91""",0,0.8235,0.8235
2026-01-03 13:00:00,Aspect,Sextitle,Sun,Sagittarius,"18°38'20.36""",Rahu,Aquarius,"17°49'46.83""",60,59.1907,0.8093
2026-01-03 13:00:00,Aspect,Trine,Sun,Sagittarius,"18°38'20.36""",Ketu,Leo,"17°49'46.83""",120,120.8093,0.8093
2026-01-03 13:00:00,Aspect,Sextitle,Venus,Sagittarius,"17°48'55.91""",Rahu,Aquarius,"17°49'46.83""",60,60.0141,0.0141
2026-01-03 13:00:00,Aspect,Trine,Venus,Sagittarius,"17°48'55.91""",Ketu,Leo,"17°49'46.83""",120,119.9859,0.0141
2026-01-03 13:15:00,Aspect,Conjunction,Sun,Sagittarius,"18°38'58.56""",Venus,Sagittarius,"17°49'43.09""",0,0.821,0.821
2026-01-03 13:15:00,Aspect,Sextitle,Sun,Sagittarius,"18°38'58.56""",Rahu,Aquarius,"17°49'44.84""",60,59.1795,0.8205
2026-01-03 13:15:00,Aspect,Trine,Sun,Sagittarius,"18°38'58.56""",Ketu,Leo,"17°49'44.84""",120,120.8205,0.8205
2026-01-03 13:15:00,Aspect,Sextitle,Venus,Sagittarius,"17°49'43.09""",Rahu,Aquarius,"17°49'44.84""",60,60.0005,0.0005
2026-01-03 13:15:00,Aspect,Trine,Venus,Sagittarius,"17°49'43.09""",Ketu,Leo,"17°49'44.84""",120,119.9995,0.0005
2026-01-03 13:30:00,Aspect,Conjunction,Sun,Sagittarius,"18°39'36.77""",Venus,Sagittarius,"17°50'30.27""",0,0.8185,0.8185
2026-01-03 13:30:00,Aspect,Sextitle,Sun,Sagittarius,"18°39'36.77""",Rahu,Aquarius,"17°49'42.86""",60,59.1684,0.8316
2026-01-03 13:30:00,Aspect,Trine,Sun,Sagittarius,"18°39'36.77""",Ketu,Leo,"17°49'42.86""",120,120.8316,0.8316
2026-01-03 13:30:00,Aspect,Sextitle,Venus,Sagittarius,"17°50'30.27""",Rahu,Aquarius,"17°49'42.86""",60,59.9868,0.0132
2026-01-03 13:30:00,Aspect,Trine,Venus,Sagittarius,"17°50'30.27""",Ketu,Leo,"17°49'42.86""",120,120.0132,0.0132
2026-01-03 13:45:00,Aspect,Conjunction,Sun,Sagittarius,"18°40'14.97""",Venus,Sagittarius,"17°51'17.44""",0,0.816,0.816
2026-01-03 13:45:00,Aspect,Sextitle,Sun,Sagittarius,"18°40'14.97""",Rahu,Aquarius,"17°49'40.87""",60,59.1572,0.8428
2026-01-03 13:45:00,Aspect,Trine,Sun,Sagittarius,"18°40'14.97""",Ketu,Leo,"17°49'40.87""",120,120.8428,0.8428
2026-01-03 13:45:00,Aspect,Sextitle,Venus,Sagittarius,"17°51'17.44""",Rahu,Aquarius,"17°49'40.87""",60,59.9732,0.0268
2026-01-03 13:45:00,Aspect,Trine,Venus,Sagittarius,"17°51'17.44""",Ketu,Leo,"17°49'40.87""",120,120.0268,0.0268
2026-01-03 14:00:00,Aspect,Conjunction,Sun,Sagittarius,"18°40'53.17""",Venus,Sagittarius,"17°52'04.62""",0,0.8135,0.8135
2026-01-03 14:00:00,Aspect,Sextitle,Sun,Sagittarius,"18°40'53.17""",Rahu,Aquarius,"17°49'38.88""",60,59.146,0.854
2026-01-03 14:00:00,Aspect,Trine,Sun,Sagittarius,"18°40'53.17""",Ketu,Leo,"17°49'38.88""",120,120.854,0.854
2026-01-03 14:00:00,Aspect,Opposition,Moon,Gemini,"16°55'06.92""",Venus,Sagittarius,"17°52'04.62""",180,179.0506,0.9494
2026-01-03 14:00:00,Aspect,Trine,Moon,Gemini,"16°55'06.92""",Rahu,Aquarius,"17°49'38.88""",120,119.0911,0.9089
2026-01-03 14:00:00,Aspect,Sextitle,Moon,Gemini,"16°55'06.92""",Ketu,Leo,"17°49'38.88""",60,60.9089,0.9089
2026-01-03 14:00:00,Aspect,Sextitle,Venus,Sagittarius,"17°52'04.62""",Rahu,Aquarius,"17°49'38.88""",60,59.9595,0.0405
2026-01-03 14:00:00,Aspect,Trine,Venus,Sagittarius,"17°52'04.62""",Ketu,Leo,"17°49'38.88""",120,120.0405,0.0405
2026-01-03 14:15:00,Aspect,Conjunction,Sun,Sagittarius,"18°41'31.38""",Venus,Sagittarius,"17°52'51.80""",0,0.811,0.811
2026-01-03 14:15:00,Aspect,Sextitle,Sun,Sagittarius,"18°41'31.38""",Rahu,Aquarius,"17°49'36.89""",60,59.1349,0.8651
2026-01-03 14:15:00,Aspect,Trine,Sun,Sagittarius,"18°41'31.38""",Ketu,Leo,"17°49'36.89""",120,120.8651,0.8651
2026-01-03 14:15:00,Aspect,Opposition,Moon,Gemini,"17°04'26.06""",Venus,Sagittarius,"17°52'51.80""",180,179.1928,0.8072
2026-01-03 14:15:00,Aspect,Trine,Moon,Gemini,"17°04'26.06""",Rahu,Aquarius,"17°49'36.89""",120,119.247,0.753
2026-01-03 14:15:00,Aspect,Sextitle,Moon,Gemini,"17°04'26.06""",Ketu,Leo,"17°49'36.89""",60,60.753,0.753
2026-01-03 14:15:00,Aspect,Sextitle,Venus,Sagittarius,"17°52'51.80""",Rahu,Aquarius,"17°49'36.89""",60,59.9459,0.0541
2026-01-03 14:15:00,Aspect,Trine,Venus,Sagittarius,"17°52'51.80""",Ketu,Leo,"17°49'36.89""",120,120.0541,0.0541
2026-01-03 14:30:00,Aspect,Conjunction,Sun,Sagittarius,"18°42'09.58""",Venus,Sagittarius,"17°53'38.98""",0,0.8085,0.8085
2026-01-03 14:30:00,Aspect,Sextitle,Sun,Sagittarius,"18°42'09.58""",Rahu,Aquarius,"17°49'34.91""",60,59.1237,0.8763
2026-01-03 14:30:00,Aspect,Trine,Sun,Sagittarius,"18°42'09.58""",Ketu,Leo,"17°49'34.91""",120,120.8763,0.8763
2026-01-03 14:30:00,Aspect,Opposition,Moon,Gemini,"17°13'45.11""",Venus,Sagittarius,"17°53'38.98""",180,179.335,0.665
2026-01-03 14:30:00,Aspect,Trine,Moon,Gemini,"17°13'45.11""",Rahu,Aquarius,"17°49'34.91""",120,119.4028,0.5972
2026-01-03 14:30:00,Aspect,Sextitle,Moon,Gemini,"17°13'45.11""",Ketu,Leo,"17°49'34.91""",60,60.5972,0.5972
2026-01-03 14:30:00,Aspect,Sextitle,Venus,Sagittarius,"17°53'38.98""",Rahu,Aquarius,"17°49'34.91""",60,59.9322,0.0678
2026-01-03 14:30:00,Aspect,Trine,Venus,Sagittarius,"17°53'38.98""",Ketu,Leo,"17°49'34.91""",120,120.0678,0.0678
2026-01-03 14:45:00,Aspect,Conjunction,Sun,Sagittarius,"18°42'47.78""",Venus,Sagittarius,"17°54'26.16""",0,0.806,0.806
2026-01-03 14:45:00,Aspect,Sextitle,Sun,Sagittarius,"18°42'47.78""",Rahu,Aquarius,"17°49'32.92""",60,59.1125,0.8875
2026-01-03 14:45:00,Aspect,Trine,Sun,Sagittarius,"18°42'47.78""",Ketu,Leo,"17°49'32.92""",120,120.8875,0.8875
2026-01-03 14:45:00,Aspect,Opposition,Moon,Gemini,"17°23'04.08""",Venus,Sagittarius,"17°54'26.16""",180,179.4772,0.5228
2026-01-03 14:45:00,Aspect,Trine,Moon,Gemini,"17°23'04.08""",Rahu,Aquarius,"17°49'32.92""",120,119.5587,0.4413
2026-01-03 14:45:00,Aspect,Sextitle,Moon,Gemini,"17°23'04.08""",Ketu,Leo,"17°49'32.92""",60,60.4413,0.4413
2026-01-03 14:45:00,Aspect,Sextitle,Venus,Sagittarius,"17°54'26.16""",Rahu,Aquarius,"17°49'32.92""",60,59.9185,0.0815
2026-01-03 14:45:00,Aspect,Trine,Venus,Sagittarius,"17°54'26.16""",Ketu,Leo,"17°49'32.92""",120,120.0815,0.0815
2026-01-03 15:00:00,Aspect,Conjunction,Sun,Sagittarius,"18°43'25.99""",Venus,Sagittarius,"17°55'13.34""",0,0.8035,0.8035
2026-01-03 15:00:00,Aspect,Sextitle,Sun,Sagittarius,"18°43'25.99""",Rahu,Aquarius,"17°49'30.93""",60,59.1014,0.8986
2026-01-03 15:00:00,Aspect,Trine,Sun,Sagittarius,"18°43'25.99""",Ketu,Leo,"17°49'30.93""",120,120.8986,0.8986
2026-01-03 15:00:00,Aspect,Opposition,Moon,Gemini,"17°32'22.95""",Venus,Sagittarius,"17°55'13.34""",180,179.6193,0.3807
2026-01-03 15:00:00,Aspect,Trine,Moon,Gemini,"17°32'22.95""",Rahu,Aquarius,"17°49'30.93""",120,119.7145,0.2855
2026-01-03 15:00:00,Aspect,Sextitle,Moon,Gemini,"17°32'22.95""",Ketu,Leo,"17°49'30.93""",60,60.2855,0.2855
2026-01-03 15:00:00,Aspect,Sextitle,Venus,Sagittarius,"17°55'13.34""",Rahu,Aquarius,"17°49'30.93""",60,59.9049,0.0951
2026-01-03 15:00:00,Aspect,Trine,Venus,Sagittarius,"17°55'13.34""",Ketu,Leo,"17°49'30.93""",120,120.0951,0.0951
2026-01-03 15:15:00,Aspect,Conjunction,Sun,Sagittarius,"18°44'04.19""",Venus,Sagittarius,"17°56'00.52""",0,0.801,0.801
2026-01-03 15:15:00,Aspect,Sextitle,Sun,Sagittarius,"18°44'04.19""",Rahu,Aquarius,"17°49'28.94""",60,59.0902,0.9098
2026-01-03 15:15:00,Aspect,Trine,Sun,Sagittarius,"18°44'04.19""",Ketu,Leo,"17°49'28.94""",120,120.9098,0.9098
2026-01-03 15:15:00,Aspect,Opposition,Moon,Gemini,"17°41'41.74""",Venus,Sagittarius,"17°56'00.52""",180,179.7615,0.2385
2026-01-03 15:15:00,Aspect,Trine,Moon,Gemini,"17°41'41.74""",Rahu,Aquarius,"17°49'28.94""",120,119.8702,0.1298
2026-01-03 15:15:00,Aspect,Sextitle,Moon,Gemini,"17°41'41.74""",Ketu,Leo,"17°49'28.94""",60,60.1298,0.1298
2026-01-03 15:15:00,Aspect,Sextitle,Venus,Sagittarius,"17°56'00.52""",Rahu,Aquarius,"17°49'28.94""",60,59.8912,0.1088
2026-01-03 15:15:00,Aspect,Trine,Venus,Sagittarius,"17°56'00.52""",Ketu,Leo,"17°49'28.94""",120,120.1088,0.1088
2026-01-03 15:30:00,Aspect,Opposition,Sun,Sagittarius,"18°44'42.39""",Moon,Gemini,"17°51'00.44""",180,179.105,0.895
2026-01-03 15:30:00,Aspect,Conjunction,Sun,Sagittarius,"18°44'42.39""",Venus,Sagittarius,"17°56'47.69""",0,0.7985,0.7985
2026-01-03 15:30:00,Aspect,Sextitle,Sun,Sagittarius,"18°44'42.39""",Rahu,Aquarius,"17°49'26.96""",60,59.079,0.921
2026-01-03 15:30:00,Aspect,Trine,Sun,Sagittarius,"18°44'42.39""",Ketu,Leo,"17°49'26.96""",120,120.921,0.921
2026-01-03 15:30:00,Aspect,Opposition,Moon,Gemini,"17°51'00.44""",Venus,Sagittarius,"17°56'47.69""",180,179.9035,0.0965
2026-01-03 15:30:00,Aspect,Trine,Moon,Gemini,"17°51'00.44""",Rahu,Aquarius,"17°49'26.96""",120,120.026,0.026
2026-01-03 15:30:00,Aspect,Sextitle,Moon,Gemini,"17°51'00.44""",Ketu,Leo,"17°49'26.96""",60,59.974,0.026
2026-01-03 15:30:00,Aspect,Sextitle,Venus,Sagittarius,"17°56'47.69""",Rahu,Aquarius,"17°49'26.96""",60,59.8776,0.1224
2026-01-03 15:30:00,Aspect,Trine,Venus,Sagittarius,"17°56'47.69""",Ketu,Leo,"17°49'26.96""",120,120.1224,0.1224
2026-01-03 15:45:00,Aspect,Opposition,Sun,Sagittarius,"18°45'20.59""",Moon,Gemini,"18°00'19.05""",180,179.2496,0.7504
2026-01-03 15:45:00,Aspect,Conjunction,Sun,Sagittarius,"18°45'20.59""",Venus,Sagittarius,"17°57'34.87""",0,0.796,0.796
2026-01-03 15:45:00,Aspect,Sextitle,Sun,Sagittarius,"18°45'20.59""",Rahu,Aquarius,"17°49'24.97""",60,59.0679,0.9321
2026-01-03 15:45:00,Aspect,Trine,Sun,Sagittarius,"18°45'20.59""",Ketu,Leo,"17°49'24.97""",120,120.9321,0.9321
2026-01-03 15:45:00,Aspect,Opposition,Moon,Gemini,"18°00'19.05""",Venus,Sagittarius,"17°57'34.87""",180,179.9544,0.0456
2026-01-03 15:45:00,Aspect,Trine,Moon,Gemini,"18°00'19.05""",Rahu,Aquarius,"17°49'24.97""",120,120.1817,0.1817
2026-01-03 15:45:00,Aspect,Sextitle,Moon,Gemini,"18°00'19.05""",Ketu,Leo,"17°49'24.97""",60,59.8183,0.1817
2026-01-03 15:45:00,Aspect,Sextitle,Venus,Sagittarius,"17°57'34.87""",Rahu,Aquarius,"17°49'24.97""",60,59.8639,0.1361
2026-01-03 15:45:00,Aspect,Trine,Venus,Sagittarius,"17°57'34.87""",Ketu,Leo,"17°49'24.97""",120,120.1361,0.1361
2026-01-03 16:00:00,Aspect,Opposition,Sun,Sagittarius,"18°45'58.80""",Moon,Gemini,"18°09'37.57""",180,179.3941,0.6059
2026-01-03 16:00:00,Aspect,Conjunction,Sun,Sagittarius,"18°45'58.80""",Venus,Sagittarius,"17°58'22.05""",0,0.7935,0.7935
2026-01-03 16:00:00,Aspect,Sextitle,Sun,Sagittarius,"18°45'58.80""",Rahu,Aquarius,"17°49'22.98""",60,59.0567,0.9433
2026-01-03 16:00:00,Aspect,Trine,Sun,Sagittarius,"18°45'58.80""",Ketu,Leo,"17°49'22.98""",120,120.9433,0.9433
2026-01-03 16:00:00,Aspect,Opposition,Moon,Gemini,"18°09'37.57""",Venus,Sagittarius,"17°58'22.05""",180,179.8124,0.1876
2026-01-03 16:00:00,Aspect,Trine,Moon,Gemini,"18°09'37.57""",Rahu,Aquarius,"17°49'22.98""",120,120.3374,0.3374
2026-01-03 16:00:00,Aspect,Sextitle,Moon,Gemini,"18°09'37.57""",Ketu,Leo,"17°49'22.98""",60,59.6626,0.3374
2026-01-03 16:00:00,Aspect,Sextitle,Venus,Sagittarius,"17°58'22.05""",Rahu,Aquarius,"17°49'22.98""",60,59.8503,0.1497
2026-01-03 16:00:00,Aspect,Trine,Venus,Sagittarius,"17°58'22.05""",Ketu,Leo,"17°49'22.98""",120,120.1497,0.1497
2026-01-03 16:15:00,Aspect,Opposition,Sun,Sagittarius,"18°46'37.00""",Moon,Gemini,"18°18'56.00""",180,179.5386,0.4614
2026-01-03 16:15:00,Aspect,Conjunction,Sun,Sagittarius,"18°46'37.00""",Venus,Sagittarius,"17°59'09.23""",0,0.791,0.791
2026-01-03 16:15:00,Aspect,Sextitle,Sun,Sagittarius,"18°46'37.00""",Rahu,Aquarius,"17°49'21.00""",60,59.0456,0.9544
2026-01-03 16:15:00,Aspect,Trine,Sun,Sagittarius,"18°46'37.00""",Ketu,Leo,"17°49'21.00""",120,120.9544,0.9544
2026-01-03 16:15:00,Aspect,Opposition,Moon,Gemini,"18°18'56.00""",Venus,Sagittarius,"17°59'09.23""",180,179.6703,0.3297
2026-01-03 16:15:00,Aspect,Trine,Moon,Gemini,"18°18'56.00""",Rahu,Aquarius,"17°49'21.00""",120,120.4931,0.4931
2026-01-03 16:15:00,Aspect,Sextitle,Moon,Gemini,"18°18'56.00""",Ketu,Leo,"17°49'21.00""",60,59.5069,0.4931
2026-01-03 16:15:00,Aspect,Sextitle,Venus,Sagittarius,"17°59'09.23""",Rahu,Aquarius,"17°49'21.00""",60,59.8366,0.1634
2026-01-03 16:15:00,Aspect,Trine,Venus,Sagittarius,"17°59'09.23""",Ketu,Leo,"17°49'21.00""",120,120.1634,0.1634
2026-01-03 16:30:00,Aspect,Opposition,Sun,Sagittarius,"18°47'15.20""",Moon,Gemini,"18°28'14.33""",180,179.6831,0.3169
2026-01-03 16:30:00,Aspect,Conjunction,Sun,Sagittarius,"18°47'15.20""",Venus,Sagittarius,"17°59'56.41""",0,0.7886,0.7886
2026-01-03 16:30:00,Aspect,Sextitle,Sun,Sagittarius,"18°47'15.20""",Rahu,Aquarius,"17°49'19.01""",60,59.0344,0.9656
2026-01-03 16:30:00,Aspect,Trine,Sun,Sagittarius,"18°47'15.20""",Ketu,Leo,"17°49'19.01""",120,120.9656,0.9656
2026-01-03 16:30:00,Aspect,Opposition,Moon,Gemini,"18°28'14.33""",Venus,Sagittarius,"17°59'56.41""",180,179.5284,0.4716
2026-01-03 16:30:00,Aspect,Trine,Moon,Gemini,"18°28'14.33""",Rahu,Aquarius,"17°49'19.01""",120,120.6487,0.6487
2026-01-03 16:30:00,Aspect,Sextitle,Moon,Gemini,"18°28'14.33""",Ketu,Leo,"17°49'19.01""",60,59.3513,0.6487
2026-01-03 16:30:00,Aspect,Sextitle,Venus,Sagittarius,"17°59'56.41""",Rahu,Aquarius,"17°49'19.01""",60,59.8229,0.1771
2026-01-03 16:30:00,Aspect,Trine,Venus,Sagittarius,"17°59'56.41""",Ketu,Leo,"17°49'19.01""",120,120.1771,0.1771
2026-01-03 16:45:00,Aspect,Opposition,Sun,Sagittarius,"18°47'53.41""",Moon,Gemini,"18°37'32.58""",180,179.8275,0.1725
2026-01-03 16:45:00,Aspect,Conjunction,Sun,Sagittarius,"18°47'53.41""",Venus,Sagittarius,"18°00'43.59""",0,0.7861,0.7861
2026-01-03 16:45:00,Aspect,Sextitle,Sun,Sagittarius,"18°47'53.41""",Rahu,Aquarius,"17°49'17.02""",60,59.0232,0.9768
2026-01-03 16:45:00,Aspect,Trine,Sun,Sagittarius,"18°47'53.41""",Ketu,Leo,"17°49'17.02""",120,120.9768,0.9768
2026-01-03 16:45:00,Aspect,Opposition,Moon,Gemini,"18°37'32.58""",Venus,Sagittarius,"18°00'43.59""",180,179.3864,0.6136
2026-01-03 16:45:00,Aspect,Trine,Moon,Gemini,"18°37'32.58""",Rahu,Aquarius,"17°49'17.02""",120,120.8043,0.8043
2026-01-03 16:45:00,Aspect,Sextitle,Moon,Gemini,"18°37'32.58""",Ketu,Leo,"17°49'17.02""",60,59.1957,0.8043
2026-01-03 16:45:00,Aspect,Sextitle,Venus,Sagittarius,"18°00'43.59""",Rahu,Aquarius,"17°49'17.02""",60,59.8093,0.1907
2026-01-03 16:45:00,Aspect,Trine,Venus,Sagittarius,"18°00'43.59""",Ketu,Leo,"17°49'17.02""",120,120.1907,0.1907
2026-01-03 17:00:00,Aspect,Opposition,Sun,Sagittarius,"18°48'31.61""",Moon,Gemini,"18°46'50.73""",180,179.972,0.028
2026-01-03 17:00:00,Aspect,Conjunction,Sun,Sagittarius,"18°48'31.61""",Venus,Sagittarius,"18°01'30.76""",0,0.7836,0.7836
2026-01-03 17:00:00,Aspect,Sextitle,Sun,Sagittarius,"18°48'31.61""",Rahu,Aquarius,"17°49'15.03""",60,59.0121,0.9879
2026-01-03 17:00:00,Aspect,Trine,Sun,Sagittarius,"18°48'31.61""",Ketu,Leo,"17°49'15.03""",120,120.9879,0.9879
2026-01-03 17:00:00,Aspect,Opposition,Moon,Gemini,"18°46'50.73""",Venus,Sagittarius,"18°01'30.76""",180,179.2445,0.7555
2026-01-03 17:00:00,Aspect,Trine,Moon,Gemini,"18°46'50.73""",Rahu,Aquarius,"17°49'15.03""",120,120.9599,0.9599
2026-01-03 17:00:00,Aspect,Sextitle,Moon,Gemini,"18°46'50.73""",Ketu,Leo,"17°49'15.03""",60,59.0401,0.9599
2026-01-03 17:00:00,Aspect,Sextitle,Venus,Sagittarius,"18°01'30.76""",Rahu,Aquarius,"17°49'15.03""",60,59.7956,0.2044
2026-01-03 17:00:00,Aspect,Trine,Venus,Sagittarius,"18°01'30.76""",Ketu,Leo,"17°49'15.03""",120,120.2044,0.2044
2026-01-03 17:15:00,Aspect,Opposition,Sun,Sagittarius,"18°49'09.81""",Moon,Gemini,"18°56'08.79""",180,179.8836,0.1164
2026-01-03 17:15:00,Aspect,Conjunction,Sun,Sagittarius,"18°49'09.81""",Venus,Sagittarius,"18°02'17.94""",0,0.7811,0.7811
2026-01-03 17:15:00,Aspect,Sextitle,Sun,Sagittarius,"18°49'09.81""",Rahu,Aquarius,"17°49'13.05""",60,59.0009,0.9991
2026-01-03 17:15:00,Aspect,Trine,Sun,Sagittarius,"18°49'09.81""",Ketu,Leo,"17°49'13.05""",120,120.9991,0.9991
2026-01-03 17:15:00,Aspect,Opposition,Moon,Gemini,"18°56'08.79""",Venus,Sagittarius,"18°02'17.94""",180,179.1025,0.8975
2026-01-03 17:15:00,Aspect,Sextitle,Venus,Sagittarius,"18°02'17.94""",Rahu,Aquarius,"17°49'13.05""",60,59.782,0.218
2026-01-03 17:15:00,Aspect,Trine,Venus,Sagittarius,"18°02'17.94""",Ketu,Leo,"17°49'13.05""",120,120.218,0.218
2026-01-03 17:30:00,Aspect,Opposition,Sun,Sagittarius,"18°49'48.02""",Moon,Gemini,"19°05'26.75""",180,179.7392,0.2608
2026-01-03 17:30:00,Aspect,Conjunction,Sun,Sagittarius,"18°49'48.02""",Venus,Sagittarius,"18°03'05.12""",0,0.7786,0.7786
2026-01-03 17:30:00,Aspect,Sextitle,Venus,Sagittarius,"18°03'05.12""",Rahu,Aquarius,"17°49'11.06""",60,59.7683,0.2317
2026-01-03 17:30:00,Aspect,Trine,Venus,Sagittarius,"18°03'05.12""",Ketu,Leo,"17°49'11.06""",120,120.2317,0.2317
2026-01-03 17:45:00,Aspect,Opposition,Sun,Sagittarius,"18°50'26.22""",Moon,Gemini,"19°14'44.62""",180,179.5949,0.4051
2026-01-03 17:45:00,Aspect,Conjunction,Sun,Sagittarius,"18°50'26.22""",Venus,Sagittarius,"18°03'52.30""",0,0.7761,0.7761
2026-01-03 17:45:00,Aspect,Sextitle,Venus,Sagittarius,"18°03'52.30""",Rahu,Aquarius,"17°49'09.07""",60,59.7547,0.2453
2026-01-03 17:45:00,Aspect,Trine,Venus,Sagittarius,"18°03'52.30""",Ketu,Leo,"17°49'09.07""",120,120.2453,0.2453
2026-01-03 18:00:00,Aspect,Opposition,Sun,Sagittarius,"18°51'04.42""",Moon,Gemini,"19°24'02.39""",180,179.4506,0.5494
2026-01-03 18:00:00,Aspect,Conjunction,Sun,Sagittarius,"18°51'04.42""",Venus,Sagittarius,"18°04'39.48""",0,0.7736,0.7736
2026-01-03 18:00:00,Aspect,Opposition,Moon,Gemini,"19°24'02.39""",Mars,Sagittarius,"20°21'07.52""",180,179.0486,0.9514
2026-01-03 18:00:00,Aspect,Sextitle,Venus,Sagittarius,"18°04'39.48""",Rahu,Aquarius,"17°49'07.09""",60,59.741,0.259
2026-01-03 18:00:00,Aspect,Trine,Venus,Sagittarius,"18°04'39.48""",Ketu,Leo,"17°49'07.09""",120,120.259,0.259
2026-01-03 18:15:00,Aspect,Opposition,Sun,Sagittarius,"18°51'42.63""",Moon,Gemini,"19°33'20.07""",180,179.3063,0.6937
2026-01-03 18:15:00,Aspect,Conjunction,Sun,Sagittarius,"18°51'42.63""",Venus,Sagittarius,"18°05'26.65""",0,0.7711,0.7711
2026-01-03 18:15:00,Aspect,Opposition,Moon,Gemini,"19°33'20.07""",Mars,Sagittarius,"20°21'36.31""",180,179.1955,0.8045
2026-01-03 18:15:00,Aspect,Sextitle,Venus,Sagittarius,"18°05'26.65""",Rahu,Aquarius,"17°49'05.10""",60,59.7273,0.2727
2026-01-03 18:15:00,Aspect,Trine,Venus,Sagittarius,"18°05'26.65""",Ketu,Leo,"17°49'05.10""",120,120.2727,0.2727
2026-01-03 18:30:00,Aspect,Opposition,Sun,Sagittarius,"18°52'20.83""",Moon,Gemini,"19°42'37.65""",180,179.162,0.838
2026-01-03 18:30:00,Aspect,Conjunction,Sun,Sagittarius,"18°52'20.83""",Venus,Sagittarius,"18°06'13.83""",0,0.7686,0.7686
2026-01-03 18:30:00,Aspect,Opposition,Moon,Gemini,"19°42'37.65""",Mars,Sagittarius,"20°22'05.11""",180,179.3424,0.6576
2026-01-03 18:30:00,Aspect,Sextitle,Venus,Sagittarius,"18°06'13.83""",Rahu,Aquarius,"17°49'03.11""",60,59.7137,0.2863
2026-01-03 18:30:00,Aspect,Trine,Venus,Sagittarius,"18°06'13.83""",Ketu,Leo,"17°49'03.11""",120,120.2863,0.2863
2026-01-03 18:45:00,Aspect,Opposition,Sun,Sagittarius,"18°52'59.03""",Moon,Gemini,"19°51'55.14""",180,179.0177,0.9823
2026-01-03 18:45:00,Aspect,Conjunction,Sun,Sagittarius,"18°52'59.03""",Venus,Sagittarius,"18°07'01.01""",0,0.7661,0.7661
2026-01-03 18:45:00,Aspect,Opposition,Moon,Gemini,"19°51'55.14""",Mars,Sagittarius,"20°22'33.91""",180,179.4892,0.5108
2026-01-03 18:45:00,Aspect,Sextitle,Venus,Sagittarius,"18°07'01.01""",Rahu,Aquarius,"17°49'01.12""",60,59.7,0.3
2026-01-03 18:45:00,Aspect,Trine,Venus,Sagittarius,"18°07'01.01""",Ketu,Leo,"17°49'01.12""",120,120.3,0.3
2026-01-03 19:00:00,Aspect,Conjunction,Sun,Sagittarius,"18°53'37.24""",Venus,Sagittarius,"18°07'48.19""",0,0.7636,0.7636
2026-01-03 19:00:00,Aspect,Opposition,Moon,Gemini,"20°01'12.52""",Mars,Sagittarius,"20°23'02.70""",180,179.6361,0.3639
2026-01-03 19:00:00,Aspect,Sextitle,Venus,Sagittarius,"18°07'48.19""",Rahu,Aquarius,"17°48'59.14""",60,59.6864,0.3136
2026-01-03 19:00:00,Aspect,Trine,Venus,Sagittarius,"18°07'48.19""",Ketu,Leo,"17°48'59.14""",120,120.3136,0.3136
2026-01-03 19:15:00,Aspect,Conjunction,Sun,Sagittarius,"18°54'15.44""",Venus,Sagittarius,"18°08'35.37""",0,0.7611,0.7611
2026-01-03 19:15:00,Aspect,Opposition,Moon,Gemini,"20°10'29.81""",Mars,Sagittarius,"20°23'31.50""",180,179.7829,0.2171
2026-01-03 19:15:00,Aspect,Sextitle,Venus,Sagittarius,"18°08'35.37""",Rahu,Aquarius,"17°48'57.15""",60,59.6727,0.3273
2026-01-03 19:15:00,Aspect,Trine,Venus,Sagittarius,"18°08'35.37""",Ketu,Leo,"17°48'57.15""",120,120.3273,0.3273
2026-01-03 19:30:00,Aspect,Conjunction,Sun,Sagittarius,"18°54'53.64""",Venus,Sagittarius,"18°09'22.55""",0,0.7586,0.7586
2026-01-03 19:30:00,Aspect,Opposition,Moon,Gemini,"20°19'47.00""",Mars,Sagittarius,"20°24'00.30""",180,179.9296,0.0704
2026-01-03 19:30:00,Aspect,Sextitle,Venus,Sagittarius,"18°09'22.55""",Rahu,Aquarius,"17°48'55.16""",60,59.6591,0.3409
2026-01-03 19:30:00,Aspect,Trine,Venus,Sagittarius,"18°09'22.55""",Ketu,Leo,"17°48'55.16""",120,120.3409,0.3409
2026-01-03 19:45:00,Aspect,Conjunction,Sun,Sagittarius,"18°55'31.85""",Venus,Sagittarius,"18°10'09.72""",0,0.7561,0.7561
2026-01-03 19:45:00,Aspect,Opposition,Moon,Gemini,"20°29'04.09""",Mars,Sagittarius,"20°24'29.09""",180,179.9236,0.0764
2026-01-03 19:45:00,Aspect,Sextitle,Venus,Sagittarius,"18°10'09.72""",Rahu,Aquarius,"17°48'53.18""",60,59.6454,0.3546
2026-01-03 19:45:00,Aspect,Trine,Venus,Sagittarius,"18°10'09.72""",Ketu,Leo,"17°48'53.18""",120,120.3546,0.3546
2026-01-03 20:00:00,Aspect,Conjunction,Sun,Sagittarius,"18°56'10.05""",Venus,Sagittarius,"18°10'56.90""",0,0.7537,0.7537
2026-01-03 20:00:00,Aspect,Opposition,Moon,Gemini,"20°38'21.08""",Mars,Sagittarius,"20°24'57.89""",180,179.7769,0.2231
2026-01-03 20:00:00,Aspect,Sextitle,Venus,Sagittarius,"18°10'56.90""",Rahu,Aquarius,"17°48'51.19""",60,59.6317,0.3683
2026-01-03 20:00:00,Aspect,Trine,Venus,Sagittarius,"18°10'56.90""",Ketu,Leo,"17°48'51.19""",120,120.3683,0.3683
2026-01-03 20:15:00,Aspect,Conjunction,Sun,Sagittarius,"18°56'48.25""",Venus,Sagittarius,"18°11'44.08""",0,0.7512,0.7512
2026-01-03 20:15:00,Aspect,Opposition,Moon,Gemini,"20°47'37.97""",Mars,Sagittarius,"20°25'26.69""",180,179.6302,0.3698
2026-01-03 20:15:00,Aspect,Sextitle,Venus,Sagittarius,"18°11'44.08""",Rahu,Aquarius,"17°48'49.20""",60,59.6181,0.3819
2026-01-03 20:15:00,Aspect,Trine,Venus,Sagittarius,"18°11'44.08""",Ketu,Leo,"17°48'49.20""",120,120.3819,0.3819
2026-01-03 20:30:00,Aspect,Conjunction,Sun,Sagittarius,"18°57'26.46""",Venus,Sagittarius,"18°12'31.26""",0,0.7487,0.7487
2026-01-03 20:30:00,Aspect,Opposition,Moon,Gemini,"20°56'54.76""",Mars,Sagittarius,"20°25'55.49""",180,179.4835,0.5165
2026-01-03 20:30:00,Aspect,Sextitle,Venus,Sagittarius,"18°12'31.26""",Rahu,Aquarius,"17°48'47.21""",60,59.6044,0.3956
2026-01-03 20:30:00,Aspect,Trine,Venus,Sagittarius,"18°12'31.26""",Ketu,Leo,"17°48'47.21""",120,120.3956,0.3956
2026-01-03 20:45:00,Aspect,Conjunction,Sun,Sagittarius,"18°58'04.66""",Venus,Sagittarius,"18°13'18.44""",0,0.7462,0.7462
2026-01-03 20:45:00,Aspect,Opposition,Moon,Gemini,"21°06'11.45""",Mars,Sagittarius,"20°26'24.29""",180,179.3369,0.6631
2026-01-03 20:45:00,Aspect,Sextitle,Venus,Sagittarius,"18°13'18.44""",Rahu,Aquarius,"17°48'45.23""",60,59.5908,0.4092
2026-01-03 20:45:00,Aspect,Trine,Venus,Sagittarius,"18°13'18.44""",Ketu,Leo,"17°48'45.23""",120,120.4092,0.4092
2026-01-03 21:00:00,Aspect,Conjunction,Sun,Sagittarius,"18°58'42.86""",Venus,Sagittarius,"18°14'05.61""",0,0.7437,0.7437
2026-01-03 21:00:00,Aspect,Opposition,Moon,Gemini,"21°15'28.03""",Mars,Sagittarius,"20°26'53.09""",180,179.1903,0.8097
2026-01-03 21:00:00,Aspect,Sextitle,Venus,Sagittarius,"18°14'05.61""",Rahu,Aquarius,"17°48'43.24""",60,59.5771,0.4229
2026-01-03 21:00:00,Aspect,Trine,Venus,Sagittarius,"18°14'05.61""",Ketu,Leo,"17°48'43.24""",120,120.4229,0.4229
2026-01-03 21:15:00,Aspect,Conjunction,Sun,Sagittarius,"18°59'21.07""",Venus,Sagittarius,"18°14'52.79""",0,0.7412,0.7412
2026-01-03 21:15:00,Aspect,Opposition,Moon,Gemini,"21°24'44.51""",Mars,Sagittarius,"20°27'21.88""",180,179.0437,0.9563
2026-01-03 21:15:00,Aspect,Sextitle,Venus,Sagittarius,"18°14'52.79""",Rahu,Aquarius,"17°48'41.25""",60,59.5635,0.4365
2026-01-03 21:15:00,Aspect,Trine,Venus,Sagittarius,"18°14'52.79""",Ketu,Leo,"17°48'41.25""",120,120.4365,0.4365
2026-01-03 21:30:00,Aspect,Conjunction,Sun,Sagittarius,"18°59'59.27""",Venus,Sagittarius,"18°15'39.97""",0,0.7387,0.7387
2026-01-03 21:30:00,Aspect,Sextitle,Venus,Sagittarius,"18°15'39.97""",Rahu,Aquarius,"17°48'39.26""",60,59.5498,0.4502
2026-01-03 21:30:00,Aspect,Trine,Venus,Sagittarius,"18°15'39.97""",Ketu,Leo,"17°48'39.26""",120,120.4502,0.4502
2026-01-03 21:45:00,Aspect,Conjunction,Sun,Sagittarius,"19°00'37.47""",Venus,Sagittarius,"18°16'27.15""",0,0.7362,0.7362
2026-01-03 21:45:00,Aspect,Sextitle,Venus,Sagittarius,"18°16'27.15""",Rahu,Aquarius,"17°48'37.28""",60,59.5361,0.4639
2026-01-03 21:45:00,Aspect,Trine,Venus,Sagittarius,"18°16'27.15""",Ketu,Leo,"17°48'37.28""",120,120.4639,0.4639
2026-01-03 22:00:00,Aspect,Conjunction,Sun,Sagittarius,"19°01'15.68""",Venus,Sagittarius,"18°17'14.33""",0,0.7337,0.7337
2026-01-03 22:00:00,Aspect,Sextitle,Venus,Sagittarius,"18°17'14.33""",Rahu,Aquarius,"17°48'35.29""",60,59.5225,0.4775
2026-01-03 22:00:00,Aspect,Trine,Venus,Sagittarius,"18°17'14.33""",Ketu,Leo,"17°48'35.29""",120,120.4775,0.4775
2026-01-03 22:15:00,Aspect,Conjunction,Sun,Sagittarius,"19°01'53.88""",Venus,Sagittarius,"18°18'01.50""",0,0.7312,0.7312
2026-01-03 22:15:00,Aspect,Sextitle,Venus,Sagittarius,"18°18'01.50""",Rahu,Aquarius,"17°48'33.30""",60,59.5088,0.4912
2026-01-03 22:15:00,Aspect,Trine,Venus,Sagittarius,"18°18'01.50""",Ketu,Leo,"17°48'33.30""",120,120.4912,0.4912
2026-01-03 22:30:00,Aspect,Conjunction,Sun,Sagittarius,"19°02'32.08""",Venus,Sagittarius,"18°18'48.68""",0,0.7287,0.7287
2026-01-03 22:30:00,Aspect,Sextitle,Venus,Sagittarius,"18°18'48.68""",Rahu,Aquarius,"17°48'31.32""",60,59.4952,0.5048
2026-01-03 22:30:00,Aspect,Trine,Venus,Sagittarius,"18°18'48.68""",Ketu,Leo,"17°48'31.32""",120,120.5048,0.5048
2026-01-03 22:45:00,Aspect,Conjunction,Sun,Sagittarius,"19°03'10.29""",Venus,Sagittarius,"18°19'35.86""",0,0.7262,0.7262
2026-01-03 22:45:00,Aspect,Sextitle,Venus,Sagittarius,"18°19'35.86""",Rahu,Aquarius,"17°48'29.33""",60,59.4815,0.5185
2026-01-03 22:45:00,Aspect,Trine,Venus,Sagittarius,"18°19'35.86""",Ketu,Leo,"17°48'29.33""",120,120.5185,0.5185
2026-01-03 23:00:00,Aspect,Conjunction,Sun,Sagittarius,"19°03'48.49""",Venus,Sagittarius,"18°20'23.04""",0,0.7237,0.7237
2026-01-03 23:00:00,Aspect,Sextitle,Venus,Sagittarius,"18°20'23.04""",Rahu,Aquarius,"17°48'27.34""",60,59.4679,0.5321
2026-01-03 23:00:00,Aspect,Trine,Venus,Sagittarius,"18°20'23.04""",Ketu,Leo,"17°48'27.34""",120,120.5321,0.5321
2026-01-03 23:15:00,Aspect,Conjunction,Sun,Sagittarius,"19°04'26.69""",Venus,Sagittarius,"18°21'10.22""",0,0.7212,0.7212
2026-01-03 23:15:00,Aspect,Sextitle,Venus,Sagittarius,"18°21'10.22""",Rahu,Aquarius,"17°48'25.35""",60,59.4542,0.5458
2026-01-03 23:15:00,Aspect,Trine,Venus,Sagittarius,"18°21'10.22""",Ketu,Leo,"17°48'25.35""",120,120.5458,0.5458
2026-01-03 23:30:00,Aspect,Conjunction,Sun,Sagittarius,"19°05'04.90""",Venus,Sagittarius,"18°21'57.39""",0,0.7188,0.7188
2026-01-03 23:30:00,Aspect,Sextitle,Venus,Sagittarius,"18°21'57.39""",Rahu,Aquarius,"17°48'23.37""",60,59.4405,0.5595
2026-01-03 23:30:00,Aspect,Trine,Venus,Sagittarius,"18°21'57.39""",Ketu,Leo,"17°48'23.37""",120,120.5595,0.5595
2026-01-03 23:45:00,Aspect,Conjunction,Sun,Sagittarius,"19°05'43.10""",Venus,Sagittarius,"18°22'44.57""",0,0.7163,0.7163
2026-01-03 23:45:00,Aspect,Sextitle,Venus,Sagittarius,"18°22'44.57""",Rahu,Aquarius,"17°48'21.38""",60,59.4269,0.5731
2026-01-03 23:45:00,Aspect,Trine,Venus,Sagittarius,"18°22'44.57""",Ketu,Leo,"17°48'21.38""",120,120.5731,0.5731
2026-01-04 00:00:00,Aspect,Conjunction,Sun,Sagittarius,"19°06'21.30""",Venus,Sagittarius,"18°23'31.75""",0,0.7138,0.7138
2026-01-04 00:00:00,Aspect,Sextitle,Venus,Sagittarius,"18°23'31.75""",Rahu,Aquarius,"17°48'19.39""",60,59.4132,0.5868
2026-01-04 00:00:00,Aspect,Trine,Venus,Sagittarius,"18°23'31.75""",Ketu,Leo,"17°48'19.39""",120,120.5868,0.5868
2026-01-04 00:15:00,Aspect,Conjunction,Sun,Sagittarius,"19°06'59.51""",Venus,Sagittarius,"18°24'18.93""",0,0.7113,0.7113
2026-01-04 00:15:00,Aspect,Sextitle,Venus,Sagittarius,"18°24'18.93""",Rahu,Aquarius,"17°48'17.41""",60,59.3996,0.6004
2026-01-04 00:15:00,Aspect,Trine,Venus,Sagittarius,"18°24'18.93""",Ketu,Leo,"17°48'17.41""",120,120.6004,0.6004
2026-01-04 00:30:00,Aspect,Conjunction,Sun,Sagittarius,"19°07'37.71""",Venus,Sagittarius,"18°25'06.10""",0,0.7088,0.7088
2026-01-04 00:30:00,Aspect,Sextitle,Venus,Sagittarius,"18°25'06.10""",Rahu,Aquarius,"17°48'15.42""",60,59.3859,0.6141
2026-01-04 00:30:00,Aspect,Trine,Venus,Sagittarius,"18°25'06.10""",Ketu,Leo,"17°48'15.42""",120,120.6141,0.6141
2026-01-04 00:45:00,Aspect,Conjunction,Sun,Sagittarius,"19°08'15.91""",Venus,Sagittarius,"18°25'53.28""",0,0.7063,0.7063
2026-01-04 00:45:00,Aspect,Sextitle,Venus,Sagittarius,"18°25'53.28""",Rahu,Aquarius,"17°48'13.43""",60,59.3723,0.6277
2026-01-04 00:45:00,Aspect,Trine,Venus,Sagittarius,"18°25'53.28""",Ketu,Leo,"17°48'13.43""",120,120.6277,0.6277
2026-01-04 01:00:00,Aspect,Conjunction,Sun,Sagittarius,"19°08'54.12""",Venus,Sagittarius,"18°26'40.46""",0,0.7038,0.7038
2026-01-04 01:00:00,Aspect,Sextitle,Venus,Sagittarius,"18°26'40.46""",Rahu,Aquarius,"17°48'11.44""",60,59.3586,0.6414
2026-01-04 01:00:00,Aspect,Trine,Venus,Sagittarius,"18°26'40.46""",Ketu,Leo,"17°48'11.44""",120,120.6414,0.6414
2026-01-04 01:15:00,Aspect,Conjunction,Sun,Sagittarius,"19°09'32.32""",Venus,Sagittarius,"18°27'27.64""",0,0.7013,0.7013
2026-01-04 01:15:00,Aspect,Sextitle,Venus,Sagittarius,"18°27'27.64""",Rahu,Aquarius,"17°48'09.46""",60,59.3449,0.6551
2026-01-04 01:15:00,Aspect,Trine,Venus,Sagittarius,"18°27'27.64""",Ketu,Leo,"17°48'09.46""",120,120.6551,0.6551
2026-01-04 01:30:00,Aspect,Conjunction,Sun,Sagittarius,"19°10'10.52""",Venus,Sagittarius,"18°28'14.82""",0,0.6988,0.6988
2026-01-04 01:30:00,Aspect,Sextitle,Venus,Sagittarius,"18°28'14.82""",Rahu,Aquarius,"17°48'07.47""",60,59.3313,0.6687
2026-01-04 01:30:00,Aspect,Trine,Venus,Sagittarius,"18°28'14.82""",Ketu,Leo,"17°48'07.47""",120,120.6687,0.6687
2026-01-04 01:45:00,Aspect,Conjunction,Sun,Sagittarius,"19°10'48.73""",Venus,Sagittarius,"18°29'01.99""",0,0.6963,0.6963
2026-01-04 01:45:00,Aspect,Sextitle,Venus,Sagittarius,"18°29'01.99""",Rahu,Aquarius,"17°48'05.48""",60,59.3176,0.6824
2026-01-04 01:45:00,Aspect,Trine,Venus,Sagittarius,"18°29'01.99""",Ketu,Leo,"17°48'05.48""",120,120.6824,0.6824
2026-01-04 02:00:00,Aspect,Conjunction,Sun,Sagittarius,"19°11'26.93""",Venus,Sagittarius,"18°29'49.17""",0,0.6938,0.6938
2026-01-04 02:00:00,Aspect,Sextitle,Venus,Sagittarius,"18°29'49.17""",Rahu,Aquarius,"17°48'03.50""",60,59.304,0.696
2026-01-04 02:00:00,Aspect,Trine,Venus,Sagittarius,"18°29'49.17""",Ketu,Leo,"17°48'03.50""",120,120.696,0.696
2026-01-04 02:15:00,Aspect,Conjunction,Sun,Sagittarius,"19°12'05.13""",Venus,Sagittarius,"18°30'36.35""",0,0.6913,0.6913
2026-01-04 02:15:00,Aspect,Sextitle,Venus,Sagittarius,"18°30'36.35""",Rahu,Aquarius,"17°48'01.51""",60,59.2903,0.7097
2026-01-04 02:15:00,Aspect,Trine,Venus,Sagittarius,"18°30'36.35""",Ketu,Leo,"17°48'01.51""",120,120.7097,0.7097
2026-01-04 02:30:00,Aspect,Conjunction,Sun,Sagittarius,"19°12'43.34""",Venus,Sagittarius,"18°31'23.53""",0,0.6888,0.6888
2026-01-04 02:30:00,Aspect,Sextitle,Venus,Sagittarius,"18°31'23.53""",Rahu,Aquarius,"17°47'59.52""",60,59.2767,0.7233
2026-01-04 02:30:00,Aspect,Trine,Venus,Sagittarius,"18°31'23.53""",Ketu,Leo,"17°47'59.52""",120,120.7233,0.7233
2026-01-04 02:45:00,Aspect,Conjunction,Sun,Sagittarius,"19°13'21.54""",Venus,Sagittarius,"18°32'10.70""",0,0.6863,0.6863
2026-01-04 02:45:00,Aspect,Sextitle,Venus,Sagittarius,"18°32'10.70""",Rahu,Aquarius,"17°47'57.53""",60,59.263,0.737
2026-01-04 02:45:00,Aspect,Trine,Venus,Sagittarius,"18°32'10.70""",Ketu,Leo,"17°47'57.53""",120,120.737,0.737
2026-01-04 03:00:00,Aspect,Conjunction,Sun,Sagittarius,"19°13'59.74""",Venus,Sagittarius,"18°32'57.88""",0,0.6839,0.6839
2026-01-04 03:00:00,Aspect,Sextitle,Venus,Sagittarius,"18°32'57.88""",Rahu,Aquarius,"17°47'55.55""",60,59.2494,0.7506
2026-01-04 03:00:00,Aspect,Trine,Venus,Sagittarius,"18°32'57.88""",Ketu,Leo,"17°47'55.55""",120,120.7506,0.7506
2026-01-04 03:15:00,Aspect,Conjunction,Sun,Sagittarius,"19°14'37.95""",Venus,Sagittarius,"18°33'45.06""",0,0.6814,0.6814
2026-01-04 03:15:00,Aspect,Sextitle,Venus,Sagittarius,"18°33'45.06""",Rahu,Aquarius,"17°47'53.56""",60,59.2357,0.7643
2026-01-04 03:15:00,Aspect,Trine,Venus,Sagittarius,"18°33'45.06""",Ketu,Leo,"17°47'53.56""",120,120.7643,0.7643
2026-01-04 03:30:00,Aspect,Conjunction,Sun,Sagittarius,"19°15'16.15""",Venus,Sagittarius,"18°34'32.24""",0,0.6789,0.6789
2026-01-04 03:30:00,Aspect,Sextitle,Venus,Sagittarius,"18°34'32.24""",Rahu,Aquarius,"17°47'51.57""",60,59.222,0.778
2026-01-04 03:30:00,Aspect,Trine,Venus,Sagittarius,"18°34'32.24""",Ketu,Leo,"17°47'51.57""",120,120.778,0.778
2026-01-04 03:45:00,Aspect,Conjunction,Sun,Sagittarius,"19°15'54.35""",Venus,Sagittarius,"18°35'19.42""",0,0.6764,0.6764
2026-01-04 03:45:00,Aspect,Sextitle,Venus,Sagittarius,"18°35'19.42""",Rahu,Aquarius,"17°47'49.58""",60,59.2084,0.7916
2026-01-04 03:45:00,Aspect,Trine,Venus,Sagittarius,"18°35'19.42""",Ketu,Leo,"17°47'49.58""",120,120.7916,0.7916
2026-01-04 04:00:00,Aspect,Conjunction,Sun,Sagittarius,"19°16'32.56""",Venus,Sagittarius,"18°36'06.59""",0,0.6739,0.6739
2026-01-04 04:00:00,Aspect,Sextitle,Venus,Sagittarius,"18°36'06.59""",Rahu,Aquarius,"17°47'47.60""",60,59.1947,0.8053
2026-01-04 04:00:00,Aspect,Trine,Venus,Sagittarius,"18°36'06.59""",Ketu,Leo,"17°47'47.60""",120,120.8053,0.8053
2026-01-04 04:15:00,Aspect,Conjunction,Sun,Sagittarius,"19°17'10.76""",Venus,Sagittarius,"18°36'53.77""",0,0.6714,0.6714
2026-01-04 04:15:00,Aspect,Sextitle,Venus,Sagittarius,"18°36'53.77""",Rahu,Aquarius,"17°47'45.61""",60,59.1811,0.8189
2026-01-04 04:15:00,Aspect,Trine,Venus,Sagittarius,"18°36'53.77""",Ketu,Leo,"17°47'45.61""",120,120.8189,0.8189
2026-01-04 04:30:00,Aspect,Conjunction,Sun,Sagittarius,"19°17'48.96""",Venus,Sagittarius,"18°37'40.95""",0,0.6689,0.6689
2026-01-04 04:30:00,Aspect,Conjunction,Moon,Gemini,"25°52'55.14""",Jupiter,Gemini,"26°45'14.66""",0,0.8721,0.8721
2026-01-04 04:30:00,Aspect,Sextitle,Venus,Sagittarius,"18°37'40.95""",Rahu,Aquarius,"17°47'43.62""",60,59.1674,0.8326
2026-01-04 04:30:00,Aspect,Trine,Venus,Sagittarius,"18°37'40.95""",Ketu,Leo,"17°47'43.62""",120,120.8326,0.8326
2026-01-04 04:45:00,Aspect,Conjunction,Sun,Sagittarius,"19°18'27.17""",Venus,Sagittarius,"18°38'28.13""",0,0.6664,0.6664
2026-01-04 04:45:00,Aspect,Conjunction,Moon,Gemini,"26°02'08.27""",Jupiter,Gemini,"26°45'09.68""",0,0.7171,0.7171
2026-01-04 04:45:00,Aspect,Sextitle,Venus,Sagittarius,"18°38'28.13""",Rahu,Aquarius,"17°47'41.64""",60,59.1538,0.8462
2026-01-04 04:45:00,Aspect,Trine,Venus,Sagittarius,"18°38'28.13""",Ketu,Leo,"17°47'41.64""",120,120.8462,0.8462
2026-01-04 05:00:00,Aspect,Conjunction,Sun,Sagittarius,"19°19'05.37""",Venus,Sagittarius,"18°39'15.30""",0,0.6639,0.6639
2026-01-04 05:00:00,Aspect,Conjunction,Moon,Gemini,"26°11'21.28""",Jupiter,Gemini,"26°45'04.69""",0,0.5621,0.5621
2026-01-04 05:00:00,Aspect,Sextitle,Venus,Sagittarius,"18°39'15.30""",Rahu,Aquarius,"17°47'39.65""",60,59.1401,0.8599
2026-01-04 05:00:00,Aspect,Trine,Venus,Sagittarius,"18°39'15.30""",Ketu,Leo,"17°47'39.65""",120,120.8599,0.8599
2026-01-04 05:15:00,Aspect,Conjunction,Sun,Sagittarius,"19°19'43.57""",Venus,Sagittarius,"18°40'02.48""",0,0.6614,0.6614
2026-01-04 05:15:00,Aspect,Conjunction,Moon,Gemini,"26°20'34.17""",Jupiter,Gemini,"26°44'59.71""",0,0.4071,0.4071
2026-01-04 05:15:00,Aspect,Sextitle,Venus,Sagittarius,"18°40'02.48""",Rahu,Aquarius,"17°47'37.66""",60,59.1264,0.8736
2026-01-04 05:15:00,Aspect,Trine,Venus,Sagittarius,"18°40'02.48""",Ketu,Leo,"17°47'37.66""",120,120.8736,0.8736
2026-01-04 05:30:00,Aspect,Conjunction,Sun,Sagittarius,"19°20'21.78""",Venus,Sagittarius,"18°40'49.66""",0,0.6589,0.6589
2026-01-04 05:30:00,Aspect,Conjunction,Moon,Gemini,"26°29'46.94""",Jupiter,Gemini,"26°44'54.72""",0,0.2522,0.2522
2026-01-04 05:30:00,Aspect,Sextitle,Venus,Sagittarius,"18°40'49.66""",Rahu,Aquarius,"17°47'35.67""",60,59.1128,0.8872
2026-01-04 05:30:00,Aspect,Trine,Venus,Sagittarius,"18°40'49.66""",Ketu,Leo,"17°47'35.67""",120,120.8872,0.8872
2026-01-04 05:45:00,Aspect,Conjunction,Sun,Sagittarius,"19°20'59.98""",Venus,Sagittarius,"18°41'36.84""",0,0.6564,0.6564
2026-01-04 05:45:00,Aspect,Conjunction,Moon,Gemini,"26°38'59.59""",Jupiter,Gemini,"26°44'49.74""",0,0.0973,0.0973
2026-01-04 05:45:00,Aspect,Sextitle,Venus,Sagittarius,"18°41'36.84""",Rahu,Aquarius,"17°47'33.69""",60,59.0991,0.9009
2026-01-04 05:45:00,Aspect,Trine,Venus,Sagittarius,"18°41'36.84""",Ketu,Leo,"17°47'33.69""",120,120.9009,0.9009
2026-01-04 06:00:00,Aspect,Conjunction,Sun,Sagittarius,"19°21'38.18""",Venus,Sagittarius,"18°42'24.01""",0,0.6539,0.6539
2026-01-04 06:00:00,Aspect,Conjunction,Moon,Gemini,"26°48'12.11""",Jupiter,Gemini,"26°44'44.75""",0,0.0576,0.0576
2026-01-04 06:00:00,Aspect,Sextitle,Venus,Sagittarius,"18°42'24.01""",Rahu,Aquarius,"17°47'31.70""",60,59.0855,0.9145
2026-01-04 06:00:00,Aspect,Trine,Venus,Sagittarius,"18°42'24.01""",Ketu,Leo,"17°47'31.70""",120,120.9145,0.9145
2026-01-04 06:15:00,Aspect,Conjunction,Sun,Sagittarius,"19°22'16.39""",Venus,Sagittarius,"18°43'11.19""",0,0.6514,0.6514
2026-01-04 06:15:00,Aspect,Conjunction,Moon,Gemini,"26°57'24.51""",Jupiter,Gemini,"26°44'39.77""",0,0.2124,0.2124
2026-01-04 06:15:00,Aspect,Sextitle,Venus,Sagittarius,"18°43'11.19""",Rahu,Aquarius,"17°47'29.71""",60,59.0718,0.9282
2026-01-04 06:15:00,Aspect,Trine,Venus,Sagittarius,"18°43'11.19""",Ketu,Leo,"17°47'29.71""",120,120.9282,0.9282
2026-01-04 06:30:00,Aspect,Conjunction,Sun,Sagittarius,"19°22'54.59""",Venus,Sagittarius,"18°43'58.37""",0,0.649,0.649
2026-01-04 06:30:00,Aspect,Conjunction,Moon,Gemini,"27°06'36.79""",Jupiter,Gemini,"26°44'34.78""",0,0.3672,0.3672
2026-01-04 06:30:00,Aspect,Sextitle,Venus,Sagittarius,"18°43'58.37""",Rahu,Aquarius,"17°47'27.73""",60,59.0582,0.9418
2026-01-04 06:30:00,Aspect,Trine,Venus,Sagittarius,"18°43'58.37""",Ketu,Leo,"17°47'27.73""",120,120.9418,0.9418
2026-01-04 06:45:00,Aspect,Conjunction,Sun,Sagittarius,"19°23'32.79""",Venus,Sagittarius,"18°44'45.55""",0,0.6465,0.6465
2026-01-04 06:45:00,Aspect,Conjunction,Moon,Gemini,"27°15'48.95""",Jupiter,Gemini,"26°44'29.80""",0,0.522,0.522
2026-01-04 06:45:00,Aspect,Sextitle,Venus,Sagittarius,"18°44'45.55""",Rahu,Aquarius,"17°47'25.74""",60,59.0445,0.9555
2026-01-04 06:45:00,Aspect,Trine,Venus,Sagittarius,"18°44'45.55""",Ketu,Leo,"17°47'25.74""",120,120.9555,0.9555
2026-01-04 07:00:00,Aspect,Conjunction,Sun,Sagittarius,"19°24'11.00""",Venus,Sagittarius,"18°45'32.72""",0,0.644,0.644
2026-01-04 07:00:00,Aspect,Conjunction,Moon,Gemini,"27°25'00.98""",Jupiter,Gemini,"26°44'24.81""",0,0.6767,0.6767
2026-01-04 07:00:00,Aspect,Sextitle,Venus,Sagittarius,"18°45'32.72""",Rahu,Aquarius,"17°47'23.75""",60,59.0308,0.9692
2026-01-04 07:00:00,Aspect,Trine,Venus,Sagittarius,"18°45'32.72""",Ketu,Leo,"17°47'23.75""",120,120.9692,0.9692
2026-01-04 07:15:00,Aspect,Conjunction,Sun,Sagittarius,"19°24'49.20""",Venus,Sagittarius,"18°46'19.90""",0,0.6415,0.6415
2026-01-04 07:15:00,Aspect,Conjunction,Moon,Gemini,"27°34'12.88""",Jupiter,Gemini,"26°44'19.83""",0,0.8314,0.8314
2026-01-04 07:15:00,Aspect,Sextitle,Venus,Sagittarius,"18°46'19.90""",Rahu,Aquarius,"17°47'21.76""",60,59.0172,0.9828
2026-01-04 07:15:00,Aspect,Trine,Venus,Sagittarius,"18°46'19.90""",Ketu,Leo,"17°47'21.76""",120,120.9828,0.9828
2026-01-04 07:30:00,Aspect,Conjunction,Sun,Sagittarius,"19°25'27.40""",Venus,Sagittarius,"18°47'07.08""",0,0.639,0.639
2026-01-04 07:30:00,Aspect,Conjunction,Moon,Gemini,"27°43'24.66""",Jupiter,Gemini,"26°44'14.84""",0,0.9861,0.9861
2026-01-04 07:30:00,Aspect,Sextitle,Venus,Sagittarius,"18°47'07.08""",Rahu,Aquarius,"17°47'19.78""",60,59.0035,0.9965
2026-01-04 07:30:00,Aspect,Trine,Venus,Sagittarius,"18°47'07.08""",Ketu,Leo,"17°47'19.78""",120,120.9965,0.9965
2026-01-04 07:45:00,Aspect,Conjunction,Sun,Sagittarius,"19°26'05.61""",Venus,Sagittarius,"18°47'54.25""",0,0.6365,0.6365
2026-01-04 08:00:00,Aspect,Conjunction,Sun,Sagittarius,"19°26'43.81""",Venus,Sagittarius,"18°48'41.43""",0,0.634,0.634
2026-01-04 08:15:00,Aspect,Conjunction,Sun,Sagittarius,"19°27'22.01""",Venus,Sagittarius,"18°49'28.61""",0,0.6315,0.6315
2026-01-04 08:30:00,Aspect,Conjunction,Sun,Sagittarius,"19°28'00.22""",Venus,Sagittarius,"18°50'15.79""",0,0.629,0.629
2026-01-04 08:45:00,Aspect,Conjunction,Sun,Sagittarius,"19°28'38.42""",Venus,Sagittarius,"18°51'02.96""",0,0.6265,0.6265
2026-01-04 09:00:00,Aspect,Conjunction,Sun,Sagittarius,"19°29'16.62""",Venus,Sagittarius,"18°51'50.14""",0,0.624,0.624
2026-01-04 09:15:00,Aspect,Conjunction,Sun,Sagittarius,"19°29'54.83""",Venus,Sagittarius,"18°52'37.32""",0,0.6215,0.6215
2026-01-04 09:30:00,Aspect,Conjunction,Sun,Sagittarius,"19°30'33.03""",Venus,Sagittarius,"18°53'24.50""",0,0.619,0.619
2026-01-04 09:45:00,Aspect,Conjunction,Sun,Sagittarius,"19°31'11.23""",Venus,Sagittarius,"18°54'11.67""",0,0.6165,0.6165
2026-01-04 10:00:00,Aspect,Conjunction,Sun,Sagittarius,"19°31'49.44""",Venus,Sagittarius,"18°54'58.85""",0,0.6141,0.6141
2026-01-04 10:15:00,Aspect,Conjunction,Sun,Sagittarius,"19°32'27.64""",Venus,Sagittarius,"18°55'46.03""",0,0.6116,0.6116
2026-01-04 10:30:00,Aspect,Conjunction,Sun,Sagittarius,"19°33'05.85""",Venus,Sagittarius,"18°56'33.21""",0,0.6091,0.6091
2026-01-04 10:45:00,Aspect,Conjunction,Sun,Sagittarius,"19°33'44.05""",Venus,Sagittarius,"18°57'20.38""",0,0.6066,0.6066
2026-01-04 11:00:00,Aspect,Conjunction,Sun,Sagittarius,"19°34'22.25""",Venus,Sagittarius,"18°58'07.56""",0,0.6041,0.6041
2026-01-04 11:15:00,Aspect,Conjunction,Sun,Sagittarius,"19°35'00.46""",Venus,Sagittarius,"18°58'54.74""",0,0.6016,0.6016
2026-01-04 11:30:00,Aspect,Conjunction,Sun,Sagittarius,"19°35'38.66""",Venus,Sagittarius,"18°59'41.91""",0,0.5991,0.5991
2026-01-04 11:45:00,Aspect,Conjunction,Sun,Sagittarius,"19°36'16.86""",Venus,Sagittarius,"19°00'29.09""",0,0.5966,0.5966
2026-01-04 12:00:00,Aspect,Conjunction,Sun,Sagittarius,"19°36'55.07""",Venus,Sagittarius,"19°01'16.27""",0,0.5941,0.5941
2026-01-04 12:15:00,Aspect,Conjunction,Sun,Sagittarius,"19°37'33.27""",Venus,Sagittarius,"19°02'03.45""",0,0.5916,0.5916
2026-01-04 12:30:00,Aspect,Conjunction,Sun,Sagittarius,"19°38'11.47""",Venus,Sagittarius,"19°02'50.62""",0,0.5891,0.5891
2026-01-04 12:45:00,Aspect,Conjunction,Sun,Sagittarius,"19°38'49.68""",Venus,Sagittarius,"19°03'37.80""",0,0.5866,0.5866
2026-01-04 13:00:00,Aspect,Conjunction,Sun,Sagittarius,"19°39'27.88""",Venus,Sagittarius,"19°04'24.98""",0,0.5841,0.5841
2026-01-04 13:15:00,Aspect,Conjunction,Sun,Sagittarius,"19°40'06.08""",Venus,Sagittarius,"19°05'12.15""",0,0.5816,0.5816
2026-01-04 13:15:00,Aspect,Trine,Moon,Cancer,"1°14'19.88""",Saturn,Pisces,"2°08'36.43""",120,119.0954,0.9046
2026-01-04 13:30:00,Aspect,Conjunction,Sun,Sagittarius,"19°40'44.29""",Venus,Sagittarius,"19°05'59.33""",0,0.5792,0.5792
2026-01-04 13:30:00,Aspect,Trine,Moon,Cancer,"1°23'28.50""",Saturn,Pisces,"2°08'38.80""",120,119.2471,0.7529
2026-01-04 13:45:00,Aspect,Conjunction,Sun,Sagittarius,"19°41'22.49""",Venus,Sagittarius,"19°06'46.51""",0,0.5767,0.5767
2026-01-04 13:45:00,Aspect,Trine,Moon,Cancer,"1°32'36.99""",Saturn,Pisces,"2°08'41.17""",120,119.3988,0.6012
2026-01-04 14:00:00,Aspect,Conjunction,Sun,Sagittarius,"19°42'00.69""",Venus,Sagittarius,"19°07'33.68""",0,0.5742,0.5742
2026-01-04 14:00:00,Aspect,Trine,Moon,Cancer,"1°41'45.34""",Saturn,Pisces,"2°08'43.55""",120,119.5505,0.4495
2026-01-04 14:15:00,Aspect,Conjunction,Sun,Sagittarius,"19°42'38.90""",Venus,Sagittarius,"19°08'20.86""",0,0.5717,0.5717
2026-01-04 14:15:00,Aspect,Trine,Moon,Cancer,"1°50'53.55""",Saturn,Pisces,"2°08'45.92""",120,119.7021,0.2979
2026-01-04 14:30:00,Aspect,Conjunction,Sun,Sagittarius,"19°43'17.10""",Venus,Sagittarius,"19°09'08.04""",0,0.5692,0.5692
2026-01-04 14:30:00,Aspect,Trine,Moon,Cancer,"2°00'01.62""",Saturn,Pisces,"2°08'48.29""",120,119.8537,0.1463
2026-01-04 14:45:00,Aspect,Conjunction,Sun,Sagittarius,"19°43'55.31""",Venus,Sagittarius,"19°09'55.22""",0,0.5667,0.5667
2026-01-04 14:45:00,Aspect,Trine,Moon,Cancer,"2°09'09.55""",Saturn,Pisces,"2°08'50.66""",120,120.0052,0.0052
2026-01-04 15:00:00,Aspect,Conjunction,Sun,Sagittarius,"19°44'33.51""",Venus,Sagittarius,"19°10'42.39""",0,0.5642,0.5642
2026-01-04 15:00:00,Aspect,Trine,Moon,Cancer,"2°18'17.35""",Saturn,Pisces,"2°08'53.04""",120,120.1568,0.1568
2026-01-04 15:15:00,Aspect,Conjunction,Sun,Sagittarius,"19°45'11.71""",Venus,Sagittarius,"19°11'29.57""",0,0.5617,0.5617
2026-01-04 15:15:00,Aspect,Trine,Moon,Cancer,"2°27'25.00""",Saturn,Pisces,"2°08'55.41""",120,120.3082,0.3082
2026-01-04 15:30:00,Aspect,Conjunction,Sun,Sagittarius,"19°45'49.92""",Venus,Sagittarius,"19°12'16.75""",0,0.5592,0.5592
2026-01-04 15:30:00,Aspect,Trine,Moon,Cancer,"2°36'32.51""",Saturn,Pisces,"2°08'57.79""",120,120.4596,0.4596
2026-01-04 15:45:00,Aspect,Conjunction,Sun,Sagittarius,"19°46'28.12""",Venus,Sagittarius,"19°13'03.92""",0,0.5567,0.5567
2026-01-04 15:45:00,Aspect,Trine,Moon,Cancer,"2°45'39.88""",Saturn,Pisces,"2°09'00.16""",120,120.611,0.611
2026-01-04 16:00:00,Aspect,Conjunction,Sun,Sagittarius,"19°47'06.32""",Venus,Sagittarius,"19°13'51.10""",0,0.5542,0.5542
2026-01-04 16:00:00,Aspect,Trine,Moon,Cancer,"2°54'47.11""",Saturn,Pisces,"2°09'02.54""",120,120.7624,0.7624
2026-01-04 16:15:00,Aspect,Conjunction,Sun,Sagittarius,"19°47'44.53""",Venus,Sagittarius,"19°14'38.28""",0,0.5517,0.5517
2026-01-04 16:15:00,Aspect,Trine,Moon,Cancer,"3°03'54.20""",Saturn,Pisces,"2°09'04.91""",120,120.9137,0.9137
2026-01-04 16:30:00,Aspect,Conjunction,Sun,Sagittarius,"19°48'22.73""",Venus,Sagittarius,"19°15'25.45""",0,0.5492,0.5492
2026-01-04 16:45:00,Aspect,Conjunction,Sun,Sagittarius,"19°49'00.93""",Venus,Sagittarius,"19°16'12.63""",0,0.5468,0.5468
2026-01-04 17:00:00,Aspect,Conjunction,Sun,Sagittarius,"19°49'39.14""",Venus,Sagittarius,"19°16'59.81""",0,0.5443,0.5443
2026-01-04 17:15:00,Aspect,Conjunction,Sun,Sagittarius,"19°50'17.34""",Venus,Sagittarius,"19°17'46.99""",0,0.5418,0.5418
2026-01-04 17:30:00,Aspect,Conjunction,Sun,Sagittarius,"19°50'55.54""",Venus,Sagittarius,"19°18'34.16""",0,0.5393,0.5393
2026-01-04 17:45:00,Aspect,Conjunction,Sun,Sagittarius,"19°51'33.75""",Venus,Sagittarius,"19°19'21.34""",0,0.5368,0.5368
2026-01-04 18:00:00,Aspect,Conjunction,Sun,Sagittarius,"19°52'11.95""",Venus,Sagittarius,"19°20'08.52""",0,0.5343,0.5343
2026-01-04 18:15:00,Aspect,Conjunction,Sun,Sagittarius,"19°52'50.16""",Venus,Sagittarius,"19°20'55.69""",0,0.5318,0.5318
2026-01-04 18:30:00,Aspect,Conjunction,Sun,Sagittarius,"19°53'28.36""",Venus,Sagittarius,"19°21'42.87""",0,0.5293,0.5293
2026-01-04 18:45:00,Aspect,Conjunction,Sun,Sagittarius,"19°54'06.56""",Venus,Sagittarius,"19°22'30.05""",0,0.5268,0.5268
2026-01-04 19:00:00,Aspect,Conjunction,Sun,Sagittarius,"19°54'44.77""",Venus,Sagittarius,"19°23'17.22""",0,0.5243,0.5243
2026-01-04 19:15:00,Aspect,Conjunction,Sun,Sagittarius,"19°55'22.97""",Venus,Sagittarius,"19°24'04.40""",0,0.5218,0.5218
2026-01-04 19:30:00,Aspect,Conjunction,Sun,Sagittarius,"19°56'01.17""",Venus,Sagittarius,"19°24'51.58""",0,0.5193,0.5193
2026-01-04 19:45:00,Aspect,Conjunction,Sun,Sagittarius,"19°56'39.38""",Venus,Sagittarius,"19°25'38.75""",0,0.5168,0.5168
2026-01-04 20:00:00,Aspect,Conjunction,Sun,Sagittarius,"19°57'17.58""",Venus,Sagittarius,"19°26'25.93""",0,0.5143,0.5143
2026-01-04 20:15:00,Aspect,Conjunction,Sun,Sagittarius,"19°57'55.78""",Venus,Sagittarius,"19°27'13.11""",0,0.5119,0.5119
2026-01-04 20:30:00,Aspect,Conjunction,Sun,Sagittarius,"19°58'33.99""",Venus,Sagittarius,"19°28'00.28""",0,0.5094,0.5094
2026-01-04 20:45:00,Aspect,Conjunction,Sun,Sagittarius,"19°59'12.19""",Venus,Sagittarius,"19°28'47.46""",0,0.5069,0.5069
2026-01-04 21:00:00,Aspect,Conjunction,Sun,Sagittarius,"19°59'50.40""",Venus,Sagittarius,"19°29'34.64""",0,0.5044,0.5044
2026-01-04 21:15:00,Aspect,Conjunction,Sun,Sagittarius,"20°00'28.60""",Venus,Sagittarius,"19°30'21.81""",0,0.5019,0.5019
2026-01-04 21:30:00,Aspect,Conjunction,Sun,Sagittarius,"20°01'06.80""",Venus,Sagittarius,"19°31'08.99""",0,0.4994,0.4994
2026-01-04 21:45:00,Aspect,Conjunction,Sun,Sagittarius,"20°01'45.01""",Venus,Sagittarius,"19°31'56.17""",0,0.4969,0.4969
2026-01-04 22:00:00,Aspect,Conjunction,Sun,Sagittarius,"20°02'23.21""",Venus,Sagittarius,"19°32'43.34""",0,0.4944,0.4944
2026-01-04 22:15:00,Aspect,Conjunction,Sun,Sagittarius,"20°03'01.41""",Venus,Sagittarius,"19°33'30.52""",0,0.4919,0.4919
2026-01-04 22:30:00,Aspect,Conjunction,Sun,Sagittarius,"20°03'39.62""",Venus,Sagittarius,"19°34'17.70""",0,0.4894,0.4894
2026-01-04 22:45:00,Aspect,Conjunction,Sun,Sagittarius,"20°04'17.82""",Venus,Sagittarius,"19°35'04.87""",0,0.4869,0.4869
2026-01-04 23:00:00,Aspect,Conjunction,Sun,Sagittarius,"20°04'56.03""",Venus,Sagittarius,"19°35'52.05""",0,0.4844,0.4844
2026-01-04 23:15:00,Aspect,Conjunction,Sun,Sagittarius,"20°05'34.23""",Venus,Sagittarius,"19°36'39.23""",0,0.4819,0.4819
2026-01-04 23:30:00,Aspect,Conjunction,Sun,Sagittarius,"20°06'12.43""",Venus,Sagittarius,"19°37'26.40""",0,0.4795,0.4795
2026-01-04 23:45:00,Aspect,Conjunction,Sun,Sagittarius,"20°06'50.64""",Venus,Sagittarius,"19°38'13.58""",0,0.477,0.477
2026-01-05 00:00:00,Aspect,Conjunction,Sun,Sagittarius,"20°07'28.84""",Venus,Sagittarius,"19°39'00.76""",0,0.4745,0.4745
2026-01-05 00:15:00,Aspect,Conjunction,Sun,Sagittarius,"20°08'07.04""",Venus,Sagittarius,"19°39'47.93""",0,0.472,0.472
2026-01-05 00:30:00,Aspect,Conjunction,Sun,Sagittarius,"20°08'45.25""",Venus,Sagittarius,"19°40'35.11""",0,0.4695,0.4695
2026-01-05 00:45:00,Aspect,Conjunction,Sun,Sagittarius,"20°09'23.45""",Venus,Sagittarius,"19°41'22.29""",0,0.467,0.467
2026-01-05 01:00:00,Aspect,Conjunction,Sun,Sagittarius,"20°10'01.66""",Venus,Sagittarius,"19°42'09.46""",0,0.4645,0.4645
2026-01-05 01:15:00,Aspect,Conjunction,Sun,Sagittarius,"20°10'39.86""",Venus,Sagittarius,"19°42'56.64""",0,0.462,0.462
2026-01-05 01:30:00,Aspect,Conjunction,Sun,Sagittarius,"20°11'18.06""",Venus,Sagittarius,"19°43'43.82""",0,0.4595,0.4595
2026-01-05 01:45:00,Aspect,Conjunction,Sun,Sagittarius,"20°11'56.27""",Venus,Sagittarius,"19°44'30.99""",0,0.457,0.457
2026-01-05 02:00:00,Aspect,Conjunction,Sun,Sagittarius,"20°12'34.47""",Venus,Sagittarius,"19°45'18.17""",0,0.4545,0.4545
2026-01-05 02:15:00,Aspect,Conjunction,Sun,Sagittarius,"20°13'12.68""",Venus,Sagittarius,"19°46'05.35""",0,0.452,0.452
2026-01-05 02:30:00,Aspect,Conjunction,Sun,Sagittarius,"20°13'50.88""",Venus,Sagittarius,"19°46'52.52""",0,0.4495,0.4495
2026-01-05 02:45:00,Aspect,Conjunction,Sun,Sagittarius,"20°14'29.08""",Venus,Sagittarius,"19°47'39.70""",0,0.4471,0.4471
2026-01-05 03:00:00,Aspect,Conjunction,Sun,Sagittarius,"20°15'07.29""",Venus,Sagittarius,"19°48'26.88""",0,0.4446,0.4446
2026-01-05 03:15:00,Aspect,Conjunction,Sun,Sagittarius,"20°15'45.49""",Venus,Sagittarius,"19°49'14.05""",0,0.4421,0.4421
2026-01-05 03:30:00,Aspect,Conjunction,Sun,Sagittarius,"20°16'23.69""",Venus,Sagittarius,"19°50'01.23""",0,0.4396,0.4396
2026-01-05 03:45:00,Aspect,Conjunction,Sun,Sagittarius,"20°17'01.90""",Venus,Sagittarius,"19°50'48.40""",0,0.4371,0.4371
2026-01-05 04:00:00,Aspect,Conjunction,Sun,Sagittarius,"20°17'40.10""",Venus,Sagittarius,"19°51'35.58""",0,0.4346,0.4346
2026-01-05 04:15:00,Aspect,Conjunction,Sun,Sagittarius,"20°18'18.31""",Venus,Sagittarius,"19°52'22.76""",0,0.4321,0.4321
2026-01-05 04:30:00,Aspect,Conjunction,Sun,Sagittarius,"20°18'56.51""",Venus,Sagittarius,"19°53'09.93""",0,0.4296,0.4296
2026-01-05 04:45:00,Aspect,Conjunction,Sun,Sagittarius,"20°19'34.71""",Venus,Sagittarius,"19°53'57.11""",0,0.4271,0.4271
2026-01-05 05:00:00,Aspect,Conjunction,Sun,Sagittarius,"20°20'12.92""",Venus,Sagittarius,"19°54'44.29""",0,0.4246,0.4246
2026-01-05 05:15:00,Aspect,Conjunction,Sun,Sagittarius,"20°20'51.12""",Venus,Sagittarius,"19°55'31.46""",0,0.4221,0.4221
2026-01-05 05:30:00,Aspect,Conjunction,Sun,Sagittarius,"20°21'29.33""",Venus,Sagittarius,"19°56'18.64""",0,0.4196,0.4196
2026-01-05 05:45:00,Aspect,Conjunction,Sun,Sagittarius,"20°22'07.53""",Venus,Sagittarius,"19°57'05.82""",0,0.4171,0.4171
2026-01-05 06:00:00,Aspect,Conjunction,Sun,Sagittarius,"20°22'45.73""",Venus,Sagittarius,"19°57'52.99""",0,0.4147,0.4147
2026-01-05 06:15:00,Aspect,Conjunction,Sun,Sagittarius,"20°23'23.94""",Venus,Sagittarius,"19°58'40.17""",0,0.4122,0.4122
2026-01-05 06:30:00,Aspect,Conjunction,Sun,Sagittarius,"20°24'02.14""",Venus,Sagittarius,"19°59'27.35""",0,0.4097,0.4097
2026-01-05 06:45:00,Aspect,Conjunction,Sun,Sagittarius,"20°24'40.35""",Venus,Sagittarius,"20°00'14.52""",0,0.4072,0.4072
2026-01-05 07:00:00,Aspect,Conjunction,Sun,Sagittarius,"20°25'18.55""",Venus,Sagittarius,"20°01'01.70""",0,0.4047,0.4047
2026-01-05 07:15:00,Aspect,Conjunction,Sun,Sagittarius,"20°25'56.75""",Venus,Sagittarius,"20°01'48.87""",0,0.4022,0.4022
2026-01-05 07:30:00,Aspect,Conjunction,Sun,Sagittarius,"20°26'34.96""",Venus,Sagittarius,"20°02'36.05""",0,0.3997,0.3997
2026-01-05 07:45:00,Aspect,Conjunction,Sun,Sagittarius,"20°27'13.16""",Venus,Sagittarius,"20°03'23.23""",0,0.3972,0.3972
2026-01-05 08:00:00,Aspect,Conjunction,Sun,Sagittarius,"20°27'51.37""",Venus,Sagittarius,"20°04'10.40""",0,0.3947,0.3947
2026-01-05 08:15:00,Aspect,Conjunction,Sun,Sagittarius,"20°28'29.57""",Venus,Sagittarius,"20°04'57.58""",0,0.3922,0.3922
2026-01-05 08:30:00,Aspect,Conjunction,Sun,Sagittarius,"20°29'07.77""",Venus,Sagittarius,"20°05'44.76""",0,0.3897,0.3897
2026-01-05 08:45:00,Aspect,Conjunction,Sun,Sagittarius,"20°29'45.98""",Venus,Sagittarius,"20°06'31.93""",0,0.3872,0.3872
2026-01-05 09:00:00,Aspect,Conjunction,Sun,Sagittarius,"20°30'24.18""",Venus,Sagittarius,"20°07'19.11""",0,0.3847,0.3847
2026-01-05 09:15:00,Aspect,Conjunction,Sun,Sagittarius,"20°31'02.39""",Venus,Sagittarius,"20°08'06.28""",0,0.3823,0.3823
2026-01-05 09:30:00,Aspect,Conjunction,Sun,Sagittarius,"20°31'40.59""",Venus,Sagittarius,"20°08'53.46""",0,0.3798,0.3798
2026-01-05 09:45:00,Aspect,Conjunction,Sun,Sagittarius,"20°32'18.79""",Venus,Sagittarius,"20°09'40.64""",0,0.3773,0.3773
2026-01-05 10:00:00,Aspect,Conjunction,Sun,Sagittarius,"20°32'57.00""",Venus,Sagittarius,"20°10'27.81""",0,0.3748,0.3748
2026-01-05 10:15:00,Aspect,Conjunction,Sun,Sagittarius,"20°33'35.20""",Venus,Sagittarius,"20°11'14.99""",0,0.3723,0.3723
2026-01-05 10:30:00,Aspect,Conjunction,Sun,Sagittarius,"20°34'13.41""",Venus,Sagittarius,"20°12'02.17""",0,0.3698,0.3698
2026-01-05 10:45:00,Aspect,Conjunction,Sun,Sagittarius,"20°34'51.61""",Venus,Sagittarius,"20°12'49.34""",0,0.3673,0.3673
2026-01-05 11:00:00,Aspect,Conjunction,Sun,Sagittarius,"20°35'29.82""",Venus,Sagittarius,"20°13'36.52""",0,0.3648,0.3648
2026-01-05 11:15:00,Aspect,Conjunction,Sun,Sagittarius,"20°36'08.02""",Venus,Sagittarius,"20°14'23.69""",0,0.3623,0.3623
2026-01-05 11:30:00,Aspect,Conjunction,Sun,Sagittarius,"20°36'46.22""",Venus,Sagittarius,"20°15'10.87""",0,0.3598,0.3598
2026-01-05 11:45:00,Aspect,Conjunction,Sun,Sagittarius,"20°37'24.43""",Venus,Sagittarius,"20°15'58.05""",0,0.3573,0.3573
2026-01-05 12:00:00,Aspect,Conjunction,Sun,Sagittarius,"20°38'02.63""",Venus,Sagittarius,"20°16'45.22""",0,0.3548,0.3548
2026-01-05 12:15:00,Aspect,Conjunction,Sun,Sagittarius,"20°38'40.84""",Venus,Sagittarius,"20°17'32.40""",0,0.3523,0.3523
2026-01-05 12:30:00,Aspect,Conjunction,Sun,Sagittarius,"20°39'19.04""",Venus,Sagittarius,"20°18'19.57""",0,0.3499,0.3499
2026-01-05 12:45:00,Aspect,Conjunction,Sun,Sagittarius,"20°39'57.24""",Venus,Sagittarius,"20°19'06.75""",0,0.3474,0.3474
2026-01-05 13:00:00,Aspect,Conjunction,Sun,Sagittarius,"20°40'35.45""",Venus,Sagittarius,"20°19'53.93""",0,0.3449,0.3449
2026-01-05 13:15:00,Aspect,Conjunction,Sun,Sagittarius,"20°41'13.65""",Venus,Sagittarius,"20°20'41.10""",0,0.3424,0.3424
2026-01-05 13:30:00,Aspect,Conjunction,Sun,Sagittarius,"20°41'51.86""",Venus,Sagittarius,"20°21'28.28""",0,0.3399,0.3399
2026-01-05 13:45:00,Aspect,Conjunction,Sun,Sagittarius,"20°42'30.06""",Venus,Sagittarius,"20°22'15.46""",0,0.3374,0.3374
2026-01-05 14:00:00,Aspect,Conjunction,Sun,Sagittarius,"20°43'08.27""",Venus,Sagittarius,"20°23'02.63""",0,0.3349,0.3349
2026-01-05 14:15:00,Aspect,Conjunction,Sun,Sagittarius,"20°43'46.47""",Venus,Sagittarius,"20°23'49.81""",0,0.3324,0.3324
2026-01-05 14:30:00,Aspect,Conjunction,Sun,Sagittarius,"20°44'24.67""",Venus,Sagittarius,"20°24'36.98""",0,0.3299,0.3299
2026-01-05 14:45:00,Aspect,Conjunction,Sun,Sagittarius,"20°45'02.88""",Venus,Sagittarius,"20°25'24.16""",0,0.3274,0.3274
2026-01-05 15:00:00,Aspect,Conjunction,Sun,Sagittarius,"20°45'41.08""",Venus,Sagittarius,"20°26'11.34""",0,0.3249,0.3249
2026-01-05 15:15:00,Aspect,Conjunction,Sun,Sagittarius,"20°46'19.29""",Venus,Sagittarius,"20°26'58.51""",0,0.3224,0.3224
2026-01-05 15:30:00,Aspect,Conjunction,Sun,Sagittarius,"20°46'57.49""",Venus,Sagittarius,"20°27'45.69""",0,0.3199,0.3199
2026-01-05 15:45:00,Aspect,Conjunction,Sun,Sagittarius,"20°47'35.70""",Venus,Sagittarius,"20°28'32.86""",0,0.3175,0.3175
2026-01-05 16:00:00,Aspect,Conjunction,Sun,Sagittarius,"20°48'13.90""",Venus,Sagittarius,"20°29'20.04""",0,0.315,0.315
2026-01-05 16:15:00,Aspect,Conjunction,Sun,Sagittarius,"20°48'52.10""",Venus,Sagittarius,"20°30'07.22""",0,0.3125,0.3125
2026-01-05 16:30:00,Aspect,Conjunction,Sun,Sagittarius,"20°49'30.31""",Venus,Sagittarius,"20°30'54.39""",0,0.31,0.31
2026-01-05 16:45:00,Aspect,Conjunction,Sun,Sagittarius,"20°50'08.51""",Venus,Sagittarius,"20°31'41.57""",0,0.3075,0.3075
2026-01-05 17:00:00,Aspect,Conjunction,Sun,Sagittarius,"20°50'46.72""",Venus,Sagittarius,"20°32'28.74""",0,0.305,0.305
2026-01-05 17:15:00,Aspect,Conjunction,Sun,Sagittarius,"20°51'24.92""",Venus,Sagittarius,"20°33'15.92""",0,0.3025,0.3025
2026-01-05 17:30:00,Aspect,Conjunction,Sun,Sagittarius,"20°52'03.13""",Venus,Sagittarius,"20°34'03.10""",0,0.3,0.3
2026-01-05 17:45:00,Aspect,Conjunction,Sun,Sagittarius,"20°52'41.33""",Venus,Sagittarius,"20°34'50.27""",0,0.2975,0.2975
2026-01-05 18:00:00,Aspect,Conjunction,Sun,Sagittarius,"20°53'19.53""",Venus,Sagittarius,"20°35'37.45""",0,0.295,0.295
2026-01-05 18:15:00,Aspect,Conjunction,Sun,Sagittarius,"20°53'57.74""",Venus,Sagittarius,"20°36'24.62""",0,0.2925,0.2925
2026-01-05 18:15:00,Aspect,Conjunction,Sun,Sagittarius,"20°53'57.74""",Mars,Sagittarius,"21°53'49.90""",0,0.9978,0.9978
2026-01-05 18:30:00,Aspect,Conjunction,Sun,Sagittarius,"20°54'35.94""",Venus,Sagittarius,"20°37'11.80""",0,0.29,0.29
2026-01-05 18:30:00,Aspect,Conjunction,Sun,Sagittarius,"20°54'35.94""",Mars,Sagittarius,"21°54'18.75""",0,0.9952,0.9952
2026-01-05 18:45:00,Aspect,Conjunction,Sun,Sagittarius,"20°55'14.15""",Venus,Sagittarius,"20°37'58.98""",0,0.2875,0.2875
2026-01-05 18:45:00,Aspect,Conjunction,Sun,Sagittarius,"20°55'14.15""",Mars,Sagittarius,"21°54'47.59""",0,0.9926,0.9926
2026-01-05 19:00:00,Aspect,Conjunction,Sun,Sagittarius,"20°55'52.35""",Venus,Sagittarius,"20°38'46.15""",0,0.2851,0.2851
2026-01-05 19:00:00,Aspect,Conjunction,Sun,Sagittarius,"20°55'52.35""",Mars,Sagittarius,"21°55'16.44""",0,0.99,0.99
2026-01-05 19:15:00,Aspect,Conjunction,Sun,Sagittarius,"20°56'30.56""",Venus,Sagittarius,"20°39'33.33""",0,0.2826,0.2826
2026-01-05 19:15:00,Aspect,Conjunction,Sun,Sagittarius,"20°56'30.56""",Mars,Sagittarius,"21°55'45.29""",0,0.9874,0.9874
2026-01-05 19:30:00,Aspect,Conjunction,Sun,Sagittarius,"20°57'08.76""",Venus,Sagittarius,"20°40'20.50""",0,0.2801,0.2801
2026-01-05 19:30:00,Aspect,Conjunction,Sun,Sagittarius,"20°57'08.76""",Mars,Sagittarius,"21°56'14.13""",0,0.9848,0.9848
2026-01-05 19:45:00,Aspect,Conjunction,Sun,Sagittarius,"20°57'46.97""",Venus,Sagittarius,"20°41'07.68""",0,0.2776,0.2776
2026-01-05 19:45:00,Aspect,Conjunction,Sun,Sagittarius,"20°57'46.97""",Mars,Sagittarius,"21°56'42.98""",0,0.9822,0.9822
2026-01-05 20:00:00,Aspect,Conjunction,Sun,Sagittarius,"20°58'25.17""",Venus,Sagittarius,"20°41'54.86""",0,0.2751,0.2751
2026-01-05 20:00:00,Aspect,Conjunction,Sun,Sagittarius,"20°58'25.17""",Mars,Sagittarius,"21°57'11.83""",0,0.9796,0.9796
2026-01-05 20:15:00,Aspect,Conjunction,Sun,Sagittarius,"20°59'03.37""",Venus,Sagittarius,"20°42'42.03""",0,0.2726,0.2726
2026-01-05 20:15:00,Aspect,Conjunction,Sun,Sagittarius,"20°59'03.37""",Mars,Sagittarius,"21°57'40.67""",0,0.977,0.977
2026-01-05 20:30:00,Aspect,Conjunction,Sun,Sagittarius,"20°59'41.58""",Venus,Sagittarius,"20°43'29.21""",0,0.2701,0.2701
2026-01-05 20:30:00,Aspect,Conjunction,Sun,Sagittarius,"20°59'41.58""",Mars,Sagittarius,"21°58'09.52""",0,0.9744,0.9744
2026-01-05 20:45:00,Aspect,Conjunction,Sun,Sagittarius,"21°00'19.78""",Venus,Sagittarius,"20°44'16.38""",0,0.2676,0.2676
2026-01-05 20:45:00,Aspect,Conjunction,Sun,Sagittarius,"21°00'19.78""",Mars,Sagittarius,"21°58'38.37""",0,0.9718,0.9718
2026-01-05 21:00:00,Aspect,Conjunction,Sun,Sagittarius,"21°00'57.99""",Venus,Sagittarius,"20°45'03.56""",0,0.2651,0.2651
2026-01-05 21:00:00,Aspect,Conjunction,Sun,Sagittarius,"21°00'57.99""",Mars,Sagittarius,"21°59'07.22""",0,0.9692,0.9692
2026-01-05 21:15:00,Aspect,Conjunction,Sun,Sagittarius,"21°01'36.19""",Venus,Sagittarius,"20°45'50.73""",0,0.2626,0.2626
2026-01-05 21:15:00,Aspect,Conjunction,Sun,Sagittarius,"21°01'36.19""",Mars,Sagittarius,"21°59'36.06""",0,0.9666,0.9666
2026-01-05 21:30:00,Aspect,Conjunction,Sun,Sagittarius,"21°02'14.40""",Venus,Sagittarius,"20°46'37.91""",0,0.2601,0.2601
2026-01-05 21:30:00,Aspect,Conjunction,Sun,Sagittarius,"21°02'14.40""",Mars,Sagittarius,"22°00'04.91""",0,0.964,0.964
2026-01-05 21:45:00,Aspect,Conjunction,Sun,Sagittarius,"21°02'52.60""",Venus,Sagittarius,"20°47'25.09""",0,0.2576,0.2576
2026-01-05 21:45:00,Aspect,Conjunction,Sun,Sagittarius,"21°02'52.60""",Mars,Sagittarius,"22°00'33.76""",0,0.9614,0.9614
2026-01-05 22:00:00,Aspect,Conjunction,Sun,Sagittarius,"21°03'30.81""",Venus,Sagittarius,"20°48'12.26""",0,0.2552,0.2552
2026-01-05 22:00:00,Aspect,Conjunction,Sun,Sagittarius,"21°03'30.81""",Mars,Sagittarius,"22°01'02.61""",0,0.9588,0.9588
2026-01-05 22:15:00,Aspect,Conjunction,Sun,Sagittarius,"21°04'09.01""",Venus,Sagittarius,"20°48'59.44""",0,0.2527,0.2527
2026-01-05 22:15:00,Aspect,Conjunction,Sun,Sagittarius,"21°04'09.01""",Mars,Sagittarius,"22°01'31.46""",0,0.9562,0.9562
2026-01-05 22:30:00,Aspect,Conjunction,Sun,Sagittarius,"21°04'47.21""",Venus,Sagittarius,"20°49'46.61""",0,0.2502,0.2502
2026-01-05 22:30:00,Aspect,Conjunction,Sun,Sagittarius,"21°04'47.21""",Mars,Sagittarius,"22°02'00.31""",0,0.9536,0.9536
2026-01-05 22:45:00,Aspect,Conjunction,Sun,Sagittarius,"21°05'25.42""",Venus,Sagittarius,"20°50'33.79""",0,0.2477,0.2477
2026-01-05 22:45:00,Aspect,Conjunction,Sun,Sagittarius,"21°05'25.42""",Mars,Sagittarius,"22°02'29.16""",0,0.951,0.951
2026-01-05 23:00:00,Aspect,Conjunction,Sun,Sagittarius,"21°06'03.62""",Venus,Sagittarius,"20°51'20.97""",0,0.2452,0.2452
2026-01-05 23:00:00,Aspect,Conjunction,Sun,Sagittarius,"21°06'03.62""",Mars,Sagittarius,"22°02'58.01""",0,0.9484,0.9484
2026-01-05 23:15:00,Aspect,Conjunction,Sun,Sagittarius,"21°06'41.83""",Venus,Sagittarius,"20°52'08.14""",0,0.2427,0.2427
2026-01-05 23:15:00,Aspect,Conjunction,Sun,Sagittarius,"21°06'41.83""",Mars,Sagittarius,"22°03'26.86""",0,0.9458,0.9458
2026-01-05 23:30:00,Aspect,Conjunction,Sun,Sagittarius,"21°07'20.03""",Venus,Sagittarius,"20°52'55.32""",0,0.2402,0.2402
2026-01-05 23:30:00,Aspect,Conjunction,Sun,Sagittarius,"21°07'20.03""",Mars,Sagittarius,"22°03'55.71""",0,0.9432,0.9432
2026-01-05 23:45:00,Aspect,Conjunction,Sun,Sagittarius,"21°07'58.24""",Venus,Sagittarius,"20°53'42.49""",0,0.2377,0.2377
2026-01-05 23:45:00,Aspect,Conjunction,Sun,Sagittarius,"21°07'58.24""",Mars,Sagittarius,"22°04'24.56""",0,0.9406,0.9406
2026-01-06 00:00:00,Aspect,Conjunction,Sun,Sagittarius,"21°08'36.44""",Venus,Sagittarius,"20°54'29.67""",0,0.2352,0.2352
2026-01-06 00:00:00,Aspect,Conjunction,Sun,Sagittarius,"21°08'36.44""",Mars,Sagittarius,"22°04'53.41""",0,0.938,0.938
2026-01-06 00:15:00,Aspect,Conjunction,Sun,Sagittarius,"21°09'14.65""",Venus,Sagittarius,"20°55'16.84""",0,0.2327,0.2327
2026-01-06 00:15:00,Aspect,Conjunction,Sun,Sagittarius,"21°09'14.65""",Mars,Sagittarius,"22°05'22.26""",0,0.9354,0.9354
2026-01-06 00:30:00,Aspect,Conjunction,Sun,Sagittarius,"21°09'52.85""",Venus,Sagittarius,"20°56'04.02""",0,0.2302,0.2302
2026-01-06 00:30:00,Aspect,Conjunction,Sun,Sagittarius,"21°09'52.85""",Mars,Sagittarius,"22°05'51.12""",0,0.9329,0.9329
2026-01-06 00:45:00,Aspect,Conjunction,Sun,Sagittarius,"21°10'31.06""",Venus,Sagittarius,"20°56'51.20""",0,0.2277,0.2277
2026-01-06 00:45:00,Aspect,Conjunction,Sun,Sagittarius,"21°10'31.06""",Mars,Sagittarius,"22°06'19.97""",0,0.9303,0.9303
2026-01-06 01:00:00,Aspect,Conjunction,Sun,Sagittarius,"21°11'09.26""",Venus,Sagittarius,"20°57'38.37""",0,0.2252,0.2252
2026-01-06 01:00:00,Aspect,Conjunction,Sun,Sagittarius,"21°11'09.26""",Mars,Sagittarius,"22°06'48.82""",0,0.9277,0.9277
2026-01-06 01:15:00,Aspect,Conjunction,Sun,Sagittarius,"21°11'47.47""",Venus,Sagittarius,"20°58'25.55""",0,0.2228,0.2228
2026-01-06 01:15:00,Aspect,Conjunction,Sun,Sagittarius,"21°11'47.47""",Mars,Sagittarius,"22°07'17.67""",0,0.9251,0.9251
2026-01-06 01:30:00,Aspect,Conjunction,Sun,Sagittarius,"21°12'25.67""",Venus,Sagittarius,"20°59'12.72""",0,0.2203,0.2203
2026-01-06 01:30:00,Aspect,Conjunction,Sun,Sagittarius,"21°12'25.67""",Mars,Sagittarius,"22°07'46.53""",0,0.9225,0.9225
2026-01-06 01:45:00,Aspect,Conjunction,Sun,Sagittarius,"21°13'03.88""",Venus,Sagittarius,"20°59'59.90""",0,0.2178,0.2178
2026-01-06 01:45:00,Aspect,Conjunction,Sun,Sagittarius,"21°13'03.88""",Mars,Sagittarius,"22°08'15.38""",0,0.9199,0.9199
2026-01-06 02:00:00,Aspect,Conjunction,Sun,Sagittarius,"21°13'42.08""",Venus,Sagittarius,"21°00'47.07""",0,0.2153,0.2153
2026-01-06 02:00:00,Aspect,Conjunction,Sun,Sagittarius,"21°13'42.08""",Mars,Sagittarius,"22°08'44.23""",0,0.9173,0.9173
2026-01-06 02:15:00,Aspect,Conjunction,Sun,Sagittarius,"21°14'20.28""",Venus,Sagittarius,"21°01'34.25""",0,0.2128,0.2128
2026-01-06 02:15:00,Aspect,Conjunction,Sun,Sagittarius,"21°14'20.28""",Mars,Sagittarius,"22°09'13.09""",0,0.9147,0.9147
2026-01-06 02:30:00,Aspect,Conjunction,Sun,Sagittarius,"21°14'58.49""",Venus,Sagittarius,"21°02'21.43""",0,0.2103,0.2103
2026-01-06 02:30:00,Aspect,Conjunction,Sun,Sagittarius,"21°14'58.49""",Mars,Sagittarius,"22°09'41.94""",0,0.9121,0.9121
2026-01-06 02:45:00,Aspect,Conjunction,Sun,Sagittarius,"21°15'36.69""",Venus,Sagittarius,"21°03'08.60""",0,0.2078,0.2078
2026-01-06 02:45:00,Aspect,Conjunction,Sun,Sagittarius,"21°15'36.69""",Mars,Sagittarius,"22°10'10.79""",0,0.9095,0.9095
2026-01-06 03:00:00,Aspect,Conjunction,Sun,Sagittarius,"21°16'14.90""",Venus,Sagittarius,"21°03'55.78""",0,0.2053,0.2053
2026-01-06 03:00:00,Aspect,Conjunction,Sun,Sagittarius,"21°16'14.90""",Mars,Sagittarius,"22°10'39.65""",0,0.9069,0.9069
2026-01-06 03:15:00,Aspect,Conjunction,Sun,Sagittarius,"21°16'53.10""",Venus,Sagittarius,"21°04'42.95""",0,0.2028,0.2028
2026-01-06 03:15:00,Aspect,Conjunction,Sun,Sagittarius,"21°16'53.10""",Mars,Sagittarius,"22°11'08.50""",0,0.9043,0.9043
2026-01-06 03:30:00,Aspect,Conjunction,Sun,Sagittarius,"21°17'31.31""",Venus,Sagittarius,"21°05'30.13""",0,0.2003,0.2003
2026-01-06 03:30:00,Aspect,Conjunction,Sun,Sagittarius,"21°17'31.31""",Mars,Sagittarius,"22°11'37.36""",0,0.9017,0.9017
2026-01-06 03:45:00,Aspect,Conjunction,Sun,Sagittarius,"21°18'09.51""",Venus,Sagittarius,"21°06'17.30""",0,0.1978,0.1978
2026-01-06 03:45:00,Aspect,Conjunction,Sun,Sagittarius,"21°18'09.51""",Mars,Sagittarius,"22°12'06.21""",0,0.8991,0.8991
2026-01-06 04:00:00,Aspect,Conjunction,Sun,Sagittarius,"21°18'47.72""",Venus,Sagittarius,"21°07'04.48""",0,0.1953,0.1953
2026-01-06 04:00:00,Aspect,Conjunction,Sun,Sagittarius,"21°18'47.72""",Mars,Sagittarius,"22°12'35.07""",0,0.8965,0.8965
2026-01-06 04:15:00,Aspect,Conjunction,Sun,Sagittarius,"21°19'25.92""",Venus,Sagittarius,"21°07'51.65""",0,0.1929,0.1929
2026-01-06 04:15:00,Aspect,Conjunction,Sun,Sagittarius,"21°19'25.92""",Mars,Sagittarius,"22°13'03.92""",0,0.8939,0.8939
2026-01-06 04:30:00,Aspect,Conjunction,Sun,Sagittarius,"21°20'04.13""",Venus,Sagittarius,"21°08'38.83""",0,0.1904,0.1904
2026-01-06 04:30:00,Aspect,Conjunction,Sun,Sagittarius,"21°20'04.13""",Mars,Sagittarius,"22°13'32.78""",0,0.8913,0.8913
2026-01-06 04:45:00,Aspect,Conjunction,Sun,Sagittarius,"21°20'42.33""",Venus,Sagittarius,"21°09'26.01""",0,0.1879,0.1879
2026-01-06 04:45:00,Aspect,Conjunction,Sun,Sagittarius,"21°20'42.33""",Mars,Sagittarius,"22°14'01.63""",0,0.8887,0.8887
2026-01-06 05:00:00,Aspect,Conjunction,Sun,Sagittarius,"21°21'20.54""",Venus,Sagittarius,"21°10'13.18""",0,0.1854,0.1854
2026-01-06 05:00:00,Aspect,Conjunction,Sun,Sagittarius,"21°21'20.54""",Mars,Sagittarius,"22°14'30.49""",0,0.8861,0.8861
2026-01-06 05:15:00,Aspect,Conjunction,Sun,Sagittarius,"21°21'58.74""",Venus,Sagittarius,"21°11'00.36""",0,0.1829,0.1829
2026-01-06 05:15:00,Aspect,Conjunction,Sun,Sagittarius,"21°21'58.74""",Mars,Sagittarius,"22°14'59.35""",0,0.8835,0.8835
2026-01-06 05:30:00,Aspect,Conjunction,Sun,Sagittarius,"21°22'36.95""",Venus,Sagittarius,"21°11'47.53""",0,0.1804,0.1804
2026-01-06 05:30:00,Aspect,Conjunction,Sun,Sagittarius,"21°22'36.95""",Mars,Sagittarius,"22°15'28.20""",0,0.8809,0.8809
2026-01-06 05:45:00,Aspect,Conjunction,Sun,Sagittarius,"21°23'15.15""",Venus,Sagittarius,"21°12'34.71""",0,0.1779,0.1779
2026-01-06 05:45:00,Aspect,Conjunction,Sun,Sagittarius,"21°23'15.15""",Mars,Sagittarius,"22°15'57.06""",0,0.8783,0.8783
2026-01-06 06:00:00,Aspect,Conjunction,Sun,Sagittarius,"21°23'53.36""",Venus,Sagittarius,"21°13'21.88""",0,0.1754,0.1754
2026-01-06 06:00:00,Aspect,Conjunction,Sun,Sagittarius,"21°23'53.36""",Mars,Sagittarius,"22°16'25.92""",0,0.8757,0.8757
2026-01-06 06:15:00,Aspect,Conjunction,Sun,Sagittarius,"21°24'31.56""",Venus,Sagittarius,"21°14'09.06""",0,0.1729,0.1729
2026-01-06 06:15:00,Aspect,Conjunction,Sun,Sagittarius,"21°24'31.56""",Mars,Sagittarius,"22°16'54.78""",0,0.8731,0.8731
2026-01-06 06:30:00,Aspect,Conjunction,Sun,Sagittarius,"21°25'09.77""",Venus,Sagittarius,"21°14'56.23""",0,0.1704,0.1704
2026-01-06 06:30:00,Aspect,Conjunction,Sun,Sagittarius,"21°25'09.77""",Mars,Sagittarius,"22°17'23.63""",0,0.8705,0.8705
2026-01-06 06:45:00,Aspect,Conjunction,Sun,Sagittarius,"21°25'47.97""",Venus,Sagittarius,"21°15'43.41""",0,0.1679,0.1679
2026-01-06 06:45:00,Aspect,Conjunction,Sun,Sagittarius,"21°25'47.97""",Mars,Sagittarius,"22°17'52.49""",0,0.8679,0.8679
2026-01-06 07:00:00,Aspect,Conjunction,Sun,Sagittarius,"21°26'26.18""",Venus,Sagittarius,"21°16'30.59""",0,0.1654,0.1654
2026-01-06 07:00:00,Aspect,Conjunction,Sun,Sagittarius,"21°26'26.18""",Mars,Sagittarius,"22°18'21.35""",0,0.8653,0.8653
2026-01-06 07:15:00,Aspect,Conjunction,Sun,Sagittarius,"21°27'04.38""",Venus,Sagittarius,"21°17'17.76""",0,0.1629,0.1629
2026-01-06 07:15:00,Aspect,Conjunction,Sun,Sagittarius,"21°27'04.38""",Mars,Sagittarius,"22°18'50.21""",0,0.8627,0.8627
2026-01-06 07:30:00,Aspect,Conjunction,Sun,Sagittarius,"21°27'42.59""",Venus,Sagittarius,"21°18'04.94""",0,0.1605,0.1605
2026-01-06 07:30:00,Aspect,Conjunction,Sun,Sagittarius,"21°27'42.59""",Mars,Sagittarius,"22°19'19.07""",0,0.8601,0.8601
2026-01-06 07:45:00,Aspect,Conjunction,Sun,Sagittarius,"21°28'20.79""",Venus,Sagittarius,"21°18'52.11""",0,0.158,0.158
2026-01-06 07:45:00,Aspect,Conjunction,Sun,Sagittarius,"21°28'20.79""",Mars,Sagittarius,"22°19'47.93""",0,0.8575,0.8575
2026-01-06 08:00:00,Aspect,Conjunction,Sun,Sagittarius,"21°28'59.00""",Venus,Sagittarius,"21°19'39.29""",0,0.1555,0.1555
2026-01-06 08:00:00,Aspect,Conjunction,Sun,Sagittarius,"21°28'59.00""",Mars,Sagittarius,"22°20'16.79""",0,0.8549,0.8549
2026-01-06 08:15:00,Aspect,Conjunction,Sun,Sagittarius,"21°29'37.20""",Venus,Sagittarius,"21°20'26.46""",0,0.153,0.153
2026-01-06 08:15:00,Aspect,Conjunction,Sun,Sagittarius,"21°29'37.20""",Mars,Sagittarius,"22°20'45.65""",0,0.8523,0.8523
2026-01-06 08:30:00,Aspect,Conjunction,Sun,Sagittarius,"21°30'15.41""",Venus,Sagittarius,"21°21'13.64""",0,0.1505,0.1505
2026-01-06 08:30:00,Aspect,Conjunction,Sun,Sagittarius,"21°30'15.41""",Mars,Sagittarius,"22°21'14.51""",0,0.8497,0.8497
2026-01-06 08:45:00,Aspect,Conjunction,Sun,Sagittarius,"21°30'53.61""",Venus,Sagittarius,"21°22'00.81""",0,0.148,0.148
2026-01-06 08:45:00,Aspect,Conjunction,Sun,Sagittarius,"21°30'53.61""",Mars,Sagittarius,"22°21'43.37""",0,0.8472,0.8472
2026-01-06 08:45:00,Aspect,Conjunction,Venus,Sagittarius,"21°22'00.81""",Mars,Sagittarius,"22°21'43.37""",0,0.9952,0.9952
2026-01-06 09:00:00,Aspect,Conjunction,Sun,Sagittarius,"21°31'31.82""",Venus,Sagittarius,"21°22'47.99""",0,0.1455,0.1455
2026-01-06 09:00:00,Aspect,Conjunction,Sun,Sagittarius,"21°31'31.82""",Mars,Sagittarius,"22°22'12.23""",0,0.8446,0.8446
2026-01-06 09:00:00,Aspect,Conjunction,Venus,Sagittarius,"21°22'47.99""",Mars,Sagittarius,"22°22'12.23""",0,0.9901,0.9901
2026-01-06 09:15:00,Aspect,Conjunction,Sun,Sagittarius,"21°32'10.02""",Venus,Sagittarius,"21°23'35.16""",0,0.143,0.143
2026-01-06 09:15:00,Aspect,Conjunction,Sun,Sagittarius,"21°32'10.02""",Mars,Sagittarius,"22°22'41.09""",0,0.842,0.842
2026-01-06 09:15:00,Aspect,Conjunction,Venus,Sagittarius,"21°23'35.16""",Mars,Sagittarius,"22°22'41.09""",0,0.985,0.985
2026-01-06 09:30:00,Aspect,Conjunction,Sun,Sagittarius,"21°32'48.23""",Venus,Sagittarius,"21°24'22.34""",0,0.1405,0.1405
2026-01-06 09:30:00,Aspect,Conjunction,Sun,Sagittarius,"21°32'48.23""",Mars,Sagittarius,"22°23'09.95""",0,0.8394,0.8394
2026-01-06 09:30:00,Aspect,Conjunction,Venus,Sagittarius,"21°24'22.34""",Mars,Sagittarius,"22°23'09.95""",0,0.9799,0.9799
2026-01-06 09:45:00,Aspect,Conjunction,Sun,Sagittarius,"21°33'26.43""",Venus,Sagittarius,"21°25'09.52""",0,0.138,0.138
2026-01-06 09:45:00,Aspect,Conjunction,Sun,Sagittarius,"21°33'26.43""",Mars,Sagittarius,"22°23'38.81""",0,0.8368,0.8368
2026-01-06 09:45:00,Aspect,Conjunction,Venus,Sagittarius,"21°25'09.52""",Mars,Sagittarius,"22°23'38.81""",0,0.9748,0.9748
2026-01-06 10:00:00,Aspect,Conjunction,Sun,Sagittarius,"21°34'04.64""",Venus,Sagittarius,"21°25'56.69""",0,0.1355,0.1355
2026-01-06 10:00:00,Aspect,Conjunction,Sun,Sagittarius,"21°34'04.64""",Mars,Sagittarius,"22°24'07.67""",0,0.8342,0.8342
2026-01-06 10:00:00,Aspect,Conjunction,Venus,Sagittarius,"21°25'56.69""",Mars,Sagittarius,"22°24'07.67""",0,0.9697,0.9697
2026-01-06 10:15:00,Aspect,Conjunction,Sun,Sagittarius,"21°34'42.84""",Venus,Sagittarius,"21°26'43.87""",0,0.133,0.133
2026-01-06 10:15:00,Aspect,Conjunction,Sun,Sagittarius,"21°34'42.84""",Mars,Sagittarius,"22°24'36.53""",0,0.8316,0.8316
2026-01-06 10:15:00,Aspect,Conjunction,Venus,Sagittarius,"21°26'43.87""",Mars,Sagittarius,"22°24'36.53""",0,0.9646,0.9646
2026-01-06 10:30:00,Aspect,Conjunction,Sun,Sagittarius,"21°35'21.05""",Venus,Sagittarius,"21°27'31.04""",0,0.1306,0.1306
2026-01-06 10:30:00,Aspect,Conjunction,Sun,Sagittarius,"21°35'21.05""",Mars,Sagittarius,"22°25'05.39""",0,0.829,0.829
2026-01-06 10:30:00,Aspect,Conjunction,Venus,Sagittarius,"21°27'31.04""",Mars,Sagittarius,"22°25'05.39""",0,0.9595,0.9595
2026-01-06 10:45:00,Aspect,Conjunction,Sun,Sagittarius,"21°35'59.25""",Venus,Sagittarius,"21°28'18.22""",0,0.1281,0.1281
2026-01-06 10:45:00,Aspect,Conjunction,Sun,Sagittarius,"21°35'59.25""",Mars,Sagittarius,"22°25'34.26""",0,0.8264,0.8264
2026-01-06 10:45:00,Aspect,Conjunction,Venus,Sagittarius,"21°28'18.22""",Mars,Sagittarius,"22°25'34.26""",0,0.9545,0.9545
2026-01-06 11:00:00,Aspect,Conjunction,Sun,Sagittarius,"21°36'37.46""",Venus,Sagittarius,"21°29'05.39""",0,0.1256,0.1256
2026-01-06 11:00:00,Aspect,Conjunction,Sun,Sagittarius,"21°36'37.46""",Mars,Sagittarius,"22°26'03.12""",0,0.8238,0.8238
2026-01-06 11:00:00,Aspect,Conjunction,Venus,Sagittarius,"21°29'05.39""",Mars,Sagittarius,"22°26'03.12""",0,0.9494,0.9494
2026-01-06 11:15:00,Aspect,Conjunction,Sun,Sagittarius,"21°37'15.66""",Venus,Sagittarius,"21°29'52.57""",0,0.1231,0.1231
2026-01-06 11:15:00,Aspect,Conjunction,Sun,Sagittarius,"21°37'15.66""",Mars,Sagittarius,"22°26'31.98""",0,0.8212,0.8212
2026-01-06 11:15:00,Aspect,Conjunction,Venus,Sagittarius,"21°29'52.57""",Mars,Sagittarius,"22°26'31.98""",0,0.9443,0.9443
2026-01-06 11:30:00,Aspect,Conjunction,Sun,Sagittarius,"21°37'53.87""",Venus,Sagittarius,"21°30'39.74""",0,0.1206,0.1206
2026-01-06 11:30:00,Aspect,Conjunction,Sun,Sagittarius,"21°37'53.87""",Mars,Sagittarius,"22°27'00.84""",0,0.8186,0.8186
2026-01-06 11:30:00,Aspect,Conjunction,Venus,Sagittarius,"21°30'39.74""",Mars,Sagittarius,"22°27'00.84""",0,0.9392,0.9392
2026-01-06 11:45:00,Aspect,Conjunction,Sun,Sagittarius,"21°38'32.07""",Venus,Sagittarius,"21°31'26.92""",0,0.1181,0.1181
2026-01-06 11:45:00,Aspect,Conjunction,Sun,Sagittarius,"21°38'32.07""",Mars,Sagittarius,"22°27'29.71""",0,0.816,0.816
2026-01-06 11:45:00,Aspect,Conjunction,Venus,Sagittarius,"21°31'26.92""",Mars,Sagittarius,"22°27'29.71""",0,0.9341,0.9341
2026-01-06 12:00:00,Aspect,Conjunction,Sun,Sagittarius,"21°39'10.28""",Venus,Sagittarius,"21°32'14.09""",0,0.1156,0.1156
2026-01-06 12:00:00,Aspect,Conjunction,Sun,Sagittarius,"21°39'10.28""",Mars,Sagittarius,"22°27'58.57""",0,0.8134,0.8134
2026-01-06 12:00:00,Aspect,Conjunction,Venus,Sagittarius,"21°32'14.09""",Mars,Sagittarius,"22°27'58.57""",0,0.929,0.929
2026-01-06 12:15:00,Aspect,Conjunction,Sun,Sagittarius,"21°39'48.48""",Venus,Sagittarius,"21°33'01.27""",0,0.1131,0.1131
2026-01-06 12:15:00,Aspect,Conjunction,Sun,Sagittarius,"21°39'48.48""",Mars,Sagittarius,"22°28'27.43""",0,0.8108,0.8108
2026-01-06 12:15:00,Aspect,Conjunction,Venus,Sagittarius,"21°33'01.27""",Mars,Sagittarius,"22°28'27.43""",0,0.9239,0.9239
2026-01-06 12:30:00,Aspect,Conjunction,Sun,Sagittarius,"21°40'26.69""",Venus,Sagittarius,"21°33'48.44""",0,0.1106,0.1106
2026-01-06 12:30:00,Aspect,Conjunction,Sun,Sagittarius,"21°40'26.69""",Mars,Sagittarius,"22°28'56.30""",0,0.8082,0.8082
2026-01-06 12:30:00,Aspect,Conjunction,Venus,Sagittarius,"21°33'48.44""",Mars,Sagittarius,"22°28'56.30""",0,0.9188,0.9188
2026-01-06 12:45:00,Aspect,Conjunction,Sun,Sagittarius,"21°41'04.89""",Venus,Sagittarius,"21°34'35.62""",0,0.1081,0.1081
2026-01-06 12:45:00,Aspect,Conjunction,Sun,Sagittarius,"21°41'04.89""",Mars,Sagittarius,"22°29'25.16""",0,0.8056,0.8056
2026-01-06 12:45:00,Aspect,Conjunction,Venus,Sagittarius,"21°34'35.62""",Mars,Sagittarius,"22°29'25.16""",0,0.9138,0.9138
2026-01-06 13:00:00,Aspect,Conjunction,Sun,Sagittarius,"21°41'43.10""",Venus,Sagittarius,"21°35'22.79""",0,0.1056,0.1056
2026-01-06 13:00:00,Aspect,Conjunction,Sun,Sagittarius,"21°41'43.10""",Mars,Sagittarius,"22°29'54.03""",0,0.803,0.803
2026-01-06 13:00:00,Aspect,Conjunction,Venus,Sagittarius,"21°35'22.79""",Mars,Sagittarius,"22°29'54.03""",0,0.9087,0.9087
2026-01-06 13:15:00,Aspect,Conjunction,Sun,Sagittarius,"21°42'21.30""",Venus,Sagittarius,"21°36'09.97""",0,0.1031,0.1031
2026-01-06 13:15:00,Aspect,Conjunction,Sun,Sagittarius,"21°42'21.30""",Mars,Sagittarius,"22°30'22.89""",0,0.8004,0.8004
2026-01-06 13:15:00,Aspect,Conjunction,Venus,Sagittarius,"21°36'09.97""",Mars,Sagittarius,"22°30'22.89""",0,0.9036,0.9036
2026-01-06 13:30:00,Aspect,Conjunction,Sun,Sagittarius,"21°42'59.51""",Venus,Sagittarius,"21°36'57.14""",0,0.1007,0.1007
2026-01-06 13:30:00,Aspect,Conjunction,Sun,Sagittarius,"21°42'59.51""",Mars,Sagittarius,"22°30'51.76""",0,0.7978,0.7978
2026-01-06 13:30:00,Aspect,Conjunction,Venus,Sagittarius,"21°36'57.14""",Mars,Sagittarius,"22°30'51.76""",0,0.8985,0.8985
2026-01-06 13:45:00,Aspect,Conjunction,Sun,Sagittarius,"21°43'37.71""",Venus,Sagittarius,"21°37'44.32""",0,0.0982,0.0982
2026-01-06 13:45:00,Aspect,Conjunction,Sun,Sagittarius,"21°43'37.71""",Mars,Sagittarius,"22°31'20.62""",0,0.7953,0.7953
2026-01-06 13:45:00,Aspect,Conjunction,Venus,Sagittarius,"21°37'44.32""",Mars,Sagittarius,"22°31'20.62""",0,0.8934,0.8934
2026-01-06 14:00:00,Aspect,Conjunction,Sun,Sagittarius,"21°44'15.92""",Venus,Sagittarius,"21°38'31.50""",0,0.0957,0.0957
2026-01-06 14:00:00,Aspect,Conjunction,Sun,Sagittarius,"21°44'15.92""",Mars,Sagittarius,"22°31'49.49""",0,0.7927,0.7927
2026-01-06 14:00:00,Aspect,Conjunction,Venus,Sagittarius,"21°38'31.50""",Mars,Sagittarius,"22°31'49.49""",0,0.8883,0.8883
2026-01-06 14:15:00,Aspect,Conjunction,Sun,Sagittarius,"21°44'54.12""",Venus,Sagittarius,"21°39'18.67""",0,0.0932,0.0932
2026-01-06 14:15:00,Aspect,Conjunction,Sun,Sagittarius,"21°44'54.12""",Mars,Sagittarius,"22°32'18.35""",0,0.7901,0.7901
2026-01-06 14:15:00,Aspect,Conjunction,Venus,Sagittarius,"21°39'18.67""",Mars,Sagittarius,"22°32'18.35""",0,0.8832,0.8832
2026-01-06 14:30:00,Aspect,Conjunction,Sun,Sagittarius,"21°45'32.33""",Venus,Sagittarius,"21°40'05.85""",0,0.0907,0.0907
2026-01-06 14:30:00,Aspect,Conjunction,Sun,Sagittarius,"21°45'32.33""",Mars,Sagittarius,"22°32'47.22""",0,0.7875,0.7875
2026-01-06 14:30:00,Aspect,Conjunction,Venus,Sagittarius,"21°40'05.85""",Mars,Sagittarius,"22°32'47.22""",0,0.8782,0.8782
2026-01-06 14:45:00,Aspect,Conjunction,Sun,Sagittarius,"21°46'10.53""",Venus,Sagittarius,"21°40'53.02""",0,0.0882,0.0882
2026-01-06 14:45:00,Aspect,Conjunction,Sun,Sagittarius,"21°46'10.53""",Mars,Sagittarius,"22°33'16.08""",0,0.7849,0.7849
2026-01-06 14:45:00,Aspect,Conjunction,Venus,Sagittarius,"21°40'53.02""",Mars,Sagittarius,"22°33'16.08""",0,0.8731,0.8731
2026-01-06 15:00:00,Aspect,Conjunction,Sun,Sagittarius,"21°46'48.74""",Venus,Sagittarius,"21°41'40.20""",0,0.0857,0.0857
2026-01-06 15:00:00,Aspect,Conjunction,Sun,Sagittarius,"21°46'48.74""",Mars,Sagittarius,"22°33'44.95""",0,0.7823,0.7823
2026-01-06 15:00:00,Aspect,Conjunction,Venus,Sagittarius,"21°41'40.20""",Mars,Sagittarius,"22°33'44.95""",0,0.868,0.868
2026-01-06 15:15:00,Aspect,Conjunction,Sun,Sagittarius,"21°47'26.94""",Venus,Sagittarius,"21°42'27.37""",0,0.0832,0.0832
2026-01-06 15:15:00,Aspect,Conjunction,Sun,Sagittarius,"21°47'26.94""",Mars,Sagittarius,"22°34'13.82""",0,0.7797,0.7797
2026-01-06 15:15:00,Aspect,Conjunction,Venus,Sagittarius,"21°42'27.37""",Mars,Sagittarius,"22°34'13.82""",0,0.8629,0.8629
2026-01-06 15:30:00,Aspect,Conjunction,Sun,Sagittarius,"21°48'05.15""",Venus,Sagittarius,"21°43'14.55""",0,0.0807,0.0807
2026-01-06 15:30:00,Aspect,Conjunction,Sun,Sagittarius,"21°48'05.15""",Mars,Sagittarius,"22°34'42.68""",0,0.7771,0.7771
2026-01-06 15:30:00,Aspect,Conjunction,Venus,Sagittarius,"21°43'14.55""",Mars,Sagittarius,"22°34'42.68""",0,0.8578,0.8578
2026-01-06 15:45:00,Aspect,Conjunction,Sun,Sagittarius,"21°48'43.35""",Venus,Sagittarius,"21°44'01.72""",0,0.0782,0.0782
2026-01-06 15:45:00,Aspect,Conjunction,Sun,Sagittarius,"21°48'43.35""",Mars,Sagittarius,"22°35'11.55""",0,0.7745,0.7745
2026-01-06 15:45:00,Aspect,Conjunction,Venus,Sagittarius,"21°44'01.72""",Mars,Sagittarius,"22°35'11.55""",0,0.8527,0.8527
2026-01-06 16:00:00,Aspect,Conjunction,Sun,Sagittarius,"21°49'21.56""",Venus,Sagittarius,"21°44'48.90""",0,0.0757,0.0757
2026-01-06 16:00:00,Aspect,Conjunction,Sun,Sagittarius,"21°49'21.56""",Mars,Sagittarius,"22°35'40.42""",0,0.7719,0.7719
2026-01-06 16:00:00,Aspect,Conjunction,Venus,Sagittarius,"21°44'48.90""",Mars,Sagittarius,"22°35'40.42""",0,0.8476,0.8476
2026-01-06 16:15:00,Aspect,Conjunction,Sun,Sagittarius,"21°49'59.76""",Venus,Sagittarius,"21°45'36.07""",0,0.0732,0.0732
2026-01-06 16:15:00,Aspect,Conjunction,Sun,Sagittarius,"21°49'59.76""",Mars,Sagittarius,"22°36'09.29""",0,0.7693,0.7693
2026-01-06 16:15:00,Aspect,Conjunction,Venus,Sagittarius,"21°45'36.07""",Mars,Sagittarius,"22°36'09.29""",0,0.8426,0.8426
2026-01-06 16:30:00,Aspect,Conjunction,Sun,Sagittarius,"21°50'37.97""",Venus,Sagittarius,"21°46'23.25""",0,0.0708,0.0708
2026-01-06 16:30:00,Aspect,Conjunction,Sun,Sagittarius,"21°50'37.97""",Mars,Sagittarius,"22°36'38.15""",0,0.7667,0.7667
2026-01-06 16:30:00,Aspect,Conjunction,Venus,Sagittarius,"21°46'23.25""",Mars,Sagittarius,"22°36'38.15""",0,0.8375,0.8375
2026-01-06 16:45:00,Aspect,Conjunction,Sun,Sagittarius,"21°51'16.18""",Venus,Sagittarius,"21°47'10.42""",0,0.0683,0.0683
2026-01-06 16:45:00,Aspect,Conjunction,Sun,Sagittarius,"21°51'16.18""",Mars,Sagittarius,"22°37'07.02""",0,0.7641,0.7641
2026-01-06 16:45:00,Aspect,Conjunction,Venus,Sagittarius,"21°47'10.42""",Mars,Sagittarius,"22°37'07.02""",0,0.8324,0.8324
2026-01-06 17:00:00,Aspect,Conjunction,Sun,Sagittarius,"21°51'54.38""",Venus,Sagittarius,"21°47'57.60""",0,0.0658,0.0658
2026-01-06 17:00:00,Aspect,Conjunction,Sun,Sagittarius,"21°51'54.38""",Mars,Sagittarius,"22°37'35.89""",0,0.7615,0.7615
2026-01-06 17:00:00,Aspect,Conjunction,Venus,Sagittarius,"21°47'57.60""",Mars,Sagittarius,"22°37'35.89""",0,0.8273,0.8273
2026-01-06 17:15:00,Aspect,Conjunction,Sun,Sagittarius,"21°52'32.59""",Venus,Sagittarius,"21°48'44.77""",0,0.0633,0.0633
2026-01-06 17:15:00,Aspect,Conjunction,Sun,Sagittarius,"21°52'32.59""",Mars,Sagittarius,"22°38'04.76""",0,0.7589,0.7589
2026-01-06 17:15:00,Aspect,Conjunction,Venus,Sagittarius,"21°48'44.77""",Mars,Sagittarius,"22°38'04.76""",0,0.8222,0.8222
2026-01-06 17:30:00,Aspect,Conjunction,Sun,Sagittarius,"21°53'10.79""",Venus,Sagittarius,"21°49'31.95""",0,0.0608,0.0608
2026-01-06 17:30:00,Aspect,Conjunction,Sun,Sagittarius,"21°53'10.79""",Mars,Sagittarius,"22°38'33.63""",0,0.7563,0.7563
2026-01-06 17:30:00,Aspect,Conjunction,Venus,Sagittarius,"21°49'31.95""",Mars,Sagittarius,"22°38'33.63""",0,0.8171,0.8171
2026-01-06 17:45:00,Aspect,Conjunction,Sun,Sagittarius,"21°53'49.00""",Venus,Sagittarius,"21°50'19.12""",0,0.0583,0.0583
2026-01-06 17:45:00,Aspect,Conjunction,Sun,Sagittarius,"21°53'49.00""",Mars,Sagittarius,"22°39'02.50""",0,0.7538,0.7538
2026-01-06 17:45:00,Aspect,Conjunction,Venus,Sagittarius,"21°50'19.12""",Mars,Sagittarius,"22°39'02.50""",0,0.812,0.812
2026-01-06 18:00:00,Aspect,Conjunction,Sun,Sagittarius,"21°54'27.20""",Venus,Sagittarius,"21°51'06.30""",0,0.0558,0.0558
2026-01-06 18:00:00,Aspect,Conjunction,Sun,Sagittarius,"21°54'27.20""",Mars,Sagittarius,"22°39'31.37""",0,0.7512,0.7512
2026-01-06 18:00:00,Aspect,Conjunction,Venus,Sagittarius,"21°51'06.30""",Mars,Sagittarius,"22°39'31.37""",0,0.807,0.807
2026-01-06 18:15:00,Aspect,Conjunction,Sun,Sagittarius,"21°55'05.41""",Venus,Sagittarius,"21°51'53.47""",0,0.0533,0.0533
2026-01-06 18:15:00,Aspect,Conjunction,Sun,Sagittarius,"21°55'05.41""",Mars,Sagittarius,"22°40'00.24""",0,0.7486,0.7486
2026-01-06 18:15:00,Aspect,Conjunction,Venus,Sagittarius,"21°51'53.47""",Mars,Sagittarius,"22°40'00.24""",0,0.8019,0.8019
2026-01-06 18:30:00,Aspect,Conjunction,Sun,Sagittarius,"21°55'43.61""",Venus,Sagittarius,"21°52'40.65""",0,0.0508,0.0508
2026-01-06 18:30:00,Aspect,Conjunction,Sun,Sagittarius,"21°55'43.61""",Mars,Sagittarius,"22°40'29.11""",0,0.746,0.746
2026-01-06 18:30:00,Aspect,Conjunction,Venus,Sagittarius,"21°52'40.65""",Mars,Sagittarius,"22°40'29.11""",0,0.7968,0.7968
2026-01-06 18:45:00,Aspect,Conjunction,Sun,Sagittarius,"21°56'21.82""",Venus,Sagittarius,"21°53'27.82""",0,0.0483,0.0483
2026-01-06 18:45:00,Aspect,Conjunction,Sun,Sagittarius,"21°56'21.82""",Mars,Sagittarius,"22°40'57.98""",0,0.7434,0.7434
2026-01-06 18:45:00,Aspect,Conjunction,Venus,Sagittarius,"21°53'27.82""",Mars,Sagittarius,"22°40'57.98""",0,0.7917,0.7917
2026-01-06 19:00:00,Aspect,Conjunction,Sun,Sagittarius,"21°57'00.02""",Venus,Sagittarius,"21°54'15.00""",0,0.0458,0.0458
2026-01-06 19:00:00,Aspect,Conjunction,Sun,Sagittarius,"21°57'00.02""",Mars,Sagittarius,"22°41'26.85""",0,0.7408,0.7408
2026-01-06 19:00:00,Aspect,Conjunction,Venus,Sagittarius,"21°54'15.00""",Mars,Sagittarius,"22°41'26.85""",0,0.7866,0.7866
2026-01-06 19:15:00,Aspect,Conjunction,Sun,Sagittarius,"21°57'38.23""",Venus,Sagittarius,"21°55'02.17""",0,0.0433,0.0433
2026-01-06 19:15:00,Aspect,Conjunction,Sun,Sagittarius,"21°57'38.23""",Mars,Sagittarius,"22°41'55.72""",0,0.7382,0.7382
2026-01-06 19:15:00,Aspect,Conjunction,Venus,Sagittarius,"21°55'02.17""",Mars,Sagittarius,"22°41'55.72""",0,0.7815,0.7815
2026-01-06 19:30:00,Aspect,Conjunction,Sun,Sagittarius,"21°58'16.43""",Venus,Sagittarius,"21°55'49.35""",0,0.0409,0.0409
2026-01-06 19:30:00,Aspect,Conjunction,Sun,Sagittarius,"21°58'16.43""",Mars,Sagittarius,"22°42'24.59""",0,0.7356,0.7356
2026-01-06 19:30:00,Aspect,Conjunction,Venus,Sagittarius,"21°55'49.35""",Mars,Sagittarius,"22°42'24.59""",0,0.7765,0.7765
2026-01-06 19:45:00,Aspect,Conjunction,Sun,Sagittarius,"21°58'54.64""",Venus,Sagittarius,"21°56'36.52""",0,0.0384,0.0384
2026-01-06 19:45:00,Aspect,Conjunction,Sun,Sagittarius,"21°58'54.64""",Mars,Sagittarius,"22°42'53.46""",0,0.733,0.733
2026-01-06 19:45:00,Aspect,Conjunction,Venus,Sagittarius,"21°56'36.52""",Mars,Sagittarius,"22°42'53.46""",0,0.7714,0.7714
2026-01-06 20:00:00,Aspect,Conjunction,Sun,Sagittarius,"21°59'32.85""",Venus,Sagittarius,"21°57'23.70""",0,0.0359,0.0359
2026-01-06 20:00:00,Aspect,Conjunction,Sun,Sagittarius,"21°59'32.85""",Mars,Sagittarius,"22°43'22.33""",0,0.7304,0.7304
2026-01-06 20:00:00,Aspect,Conjunction,Venus,Sagittarius,"21°57'23.70""",Mars,Sagittarius,"22°43'22.33""",0,0.7663,0.7663
2026-01-06 20:15:00,Aspect,Conjunction,Sun,Sagittarius,"22°00'11.05""",Venus,Sagittarius,"21°58'10.87""",0,0.0334,0.0334
2026-01-06 20:15:00,Aspect,Conjunction,Sun,Sagittarius,"22°00'11.05""",Mars,Sagittarius,"22°43'51.20""",0,0.7278,0.7278
2026-01-06 20:15:00,Aspect,Conjunction,Venus,Sagittarius,"21°58'10.87""",Mars,Sagittarius,"22°43'51.20""",0,0.7612,0.7612
2026-01-06 20:30:00,Aspect,Conjunction,Sun,Sagittarius,"22°00'49.26""",Venus,Sagittarius,"21°58'58.05""",0,0.0309,0.0309
2026-01-06 20:30:00,Aspect,Conjunction,Sun,Sagittarius,"22°00'49.26""",Mars,Sagittarius,"22°44'20.08""",0,0.7252,0.7252
2026-01-06 20:30:00,Aspect,Conjunction,Venus,Sagittarius,"21°58'58.05""",Mars,Sagittarius,"22°44'20.08""",0,0.7561,0.7561
2026-01-06 20:45:00,Aspect,Conjunction,Sun,Sagittarius,"22°01'27.46""",Venus,Sagittarius,"21°59'45.22""",0,0.0284,0.0284
2026-01-06 20:45:00,Aspect,Conjunction,Sun,Sagittarius,"22°01'27.46""",Mars,Sagittarius,"22°44'48.95""",0,0.7226,0.7226
2026-01-06 20:45:00,Aspect,Conjunction,Venus,Sagittarius,"21°59'45.22""",Mars,Sagittarius,"22°44'48.95""",0,0.751,0.751
2026-01-06 21:00:00,Aspect,Conjunction,Sun,Sagittarius,"22°02'05.67""",Venus,Sagittarius,"22°00'32.40""",0,0.0259,0.0259
2026-01-06 21:00:00,Aspect,Conjunction,Sun,Sagittarius,"22°02'05.67""",Mars,Sagittarius,"22°45'17.82""",0,0.72,0.72
2026-01-06 21:00:00,Aspect,Conjunction,Venus,Sagittarius,"22°00'32.40""",Mars,Sagittarius,"22°45'17.82""",0,0.746,0.746
2026-01-06 21:15:00,Aspect,Conjunction,Sun,Sagittarius,"22°02'43.87""",Venus,Sagittarius,"22°01'19.57""",0,0.0234,0.0234
2026-01-06 21:15:00,Aspect,Conjunction,Sun,Sagittarius,"22°02'43.87""",Mars,Sagittarius,"22°45'46.69""",0,0.7175,0.7175
2026-01-06 21:15:00,Aspect,Conjunction,Venus,Sagittarius,"22°01'19.57""",Mars,Sagittarius,"22°45'46.69""",0,0.7409,0.7409
2026-01-06 21:30:00,Aspect,Conjunction,Sun,Sagittarius,"22°03'22.08""",Venus,Sagittarius,"22°02'06.75""",0,0.0209,0.0209
2026-01-06 21:30:00,Aspect,Conjunction,Sun,Sagittarius,"22°03'22.08""",Mars,Sagittarius,"22°46'15.57""",0,0.7149,0.7149
2026-01-06 21:30:00,Aspect,Conjunction,Venus,Sagittarius,"22°02'06.75""",Mars,Sagittarius,"22°46'15.57""",0,0.7358,0.7358
2026-01-06 21:45:00,Aspect,Conjunction,Sun,Sagittarius,"22°04'00.28""",Venus,Sagittarius,"22°02'53.92""",0,0.0184,0.0184
2026-01-06 21:45:00,Aspect,Conjunction,Sun,Sagittarius,"22°04'00.28""",Mars,Sagittarius,"22°46'44.44""",0,0.7123,0.7123
2026-01-06 21:45:00,Aspect,Conjunction,Venus,Sagittarius,"22°02'53.92""",Mars,Sagittarius,"22°46'44.44""",0,0.7307,0.7307
2026-01-06 22:00:00,Aspect,Conjunction,Sun,Sagittarius,"22°04'38.49""",Venus,Sagittarius,"22°03'41.10""",0,0.0159,0.0159
2026-01-06 22:00:00,Aspect,Conjunction,Sun,Sagittarius,"22°04'38.49""",Mars,Sagittarius,"22°47'13.31""",0,0.7097,0.7097
2026-01-06 22:00:00,Aspect,Conjunction,Venus,Sagittarius,"22°03'41.10""",Mars,Sagittarius,"22°47'13.31""",0,0.7256,0.7256
2026-01-06 22:15:00,Aspect,Conjunction,Sun,Sagittarius,"22°05'16.69""",Venus,Sagittarius,"22°04'28.27""",0,0.0135,0.0135
2026-01-06 22:15:00,Aspect,Conjunction,Sun,Sagittarius,"22°05'16.69""",Mars,Sagittarius,"22°47'42.19""",0,0.7071,0.7071
2026-01-06 22:15:00,Aspect,Conjunction,Venus,Sagittarius,"22°04'28.27""",Mars,Sagittarius,"22°47'42.19""",0,0.7205,0.7205
2026-01-06 22:30:00,Aspect,Conjunction,Sun,Sagittarius,"22°05'54.90""",Venus,Sagittarius,"22°05'15.44""",0,0.011,0.011
2026-01-06 22:30:00,Aspect,Conjunction,Sun,Sagittarius,"22°05'54.90""",Mars,Sagittarius,"22°48'11.06""",0,0.7045,0.7045
2026-01-06 22:30:00,Aspect,Conjunction,Venus,Sagittarius,"22°05'15.44""",Mars,Sagittarius,"22°48'11.06""",0,0.7154,0.7154
2026-01-06 22:45:00,Aspect,Conjunction,Sun,Sagittarius,"22°06'33.11""",Venus,Sagittarius,"22°06'02.62""",0,0.0085,0.0085
2026-01-06 22:45:00,Aspect,Conjunction,Sun,Sagittarius,"22°06'33.11""",Mars,Sagittarius,"22°48'39.94""",0,0.7019,0.7019
2026-01-06 22:45:00,Aspect,Conjunction,Venus,Sagittarius,"22°06'02.62""",Mars,Sagittarius,"22°48'39.94""",0,0.7104,0.7104
2026-01-06 23:00:00,Aspect,Conjunction,Sun,Sagittarius,"22°07'11.31""",Venus,Sagittarius,"22°06'49.79""",0,0.006,0.006
2026-01-06 23:00:00,Aspect,Conjunction,Sun,Sagittarius,"22°07'11.31""",Mars,Sagittarius,"22°49'08.81""",0,0.6993,0.6993
2026-01-06 23:00:00,Aspect,Conjunction,Venus,Sagittarius,"22°06'49.79""",Mars,Sagittarius,"22°49'08.81""",0,0.7053,0.7053
2026-01-06 23:15:00,Aspect,Conjunction,Sun,Sagittarius,"22°07'49.52""",Venus,Sagittarius,"22°07'36.97""",0,0.0035,0.0035
2026-01-06 23:15:00,Aspect,Conjunction,Sun,Sagittarius,"22°07'49.52""",Mars,Sagittarius,"22°49'37.69""",0,0.6967,0.6967
2026-01-06 23:15:00,Aspect,Conjunction,Venus,Sagittarius,"22°07'36.97""",Mars,Sagittarius,"22°49'37.69""",0,0.7002,0.7002
2026-01-06 23:30:00,Aspect,Conjunction,Sun,Sagittarius,"22°08'27.72""",Venus,Sagittarius,"22°08'24.14""",0,0.001,0.001
2026-01-06 23:30:00,Aspect,Conjunction,Sun,Sagittarius,"22°08'27.72""",Mars,Sagittarius,"22°50'06.56""",0,0.6941,0.6941
2026-01-06 23:30:00,Aspect,Conjunction,Venus,Sagittarius,"22°08'24.14""",Mars,Sagittarius,"22°50'06.56""",0,0.6951,0.6951
2026-01-06 23:45:00,Aspect,Conjunction,Sun,Sagittarius,"22°09'05.93""",Venus,Sagittarius,"22°09'11.32""",0,0.0015,0.0015
2026-01-06 23:45:00,Aspect,Conjunction,Sun,Sagittarius,"22°09'05.93""",Mars,Sagittarius,"22°50'35.44""",0,0.6915,0.6915
2026-01-06 23:45:00,Aspect,Conjunction,Venus,Sagittarius,"22°09'11.32""",Mars,Sagittarius,"22°50'35.44""",0,0.69,0.69
2026-01-07 00:00:00,Aspect,Conjunction,Sun,Sagittarius,"22°09'44.13""",Venus,Sagittarius,"22°09'58.49""",0,0.004,0.004
2026-01-07 00:00:00,Aspect,Conjunction,Sun,Sagittarius,"22°09'44.13""",Mars,Sagittarius,"22°51'04.31""",0,0.6889,0.6889
2026-01-07 00:00:00,Aspect,Conjunction,Venus,Sagittarius,"22°09'58.49""",Mars,Sagittarius,"22°51'04.31""",0,0.6849,0.6849
2026-01-07 00:15:00,Aspect,Conjunction,Sun,Sagittarius,"22°10'22.34""",Venus,Sagittarius,"22°10'45.67""",0,0.0065,0.0065
2026-01-07 00:15:00,Aspect,Conjunction,Sun,Sagittarius,"22°10'22.34""",Mars,Sagittarius,"22°51'33.19""",0,0.6863,0.6863
2026-01-07 00:15:00,Aspect,Conjunction,Venus,Sagittarius,"22°10'45.67""",Mars,Sagittarius,"22°51'33.19""",0,0.6799,0.6799
2026-01-07 00:30:00,Aspect,Conjunction,Sun,Sagittarius,"22°11'00.55""",Venus,Sagittarius,"22°11'32.84""",0,0.009,0.009
2026-01-07 00:30:00,Aspect,Conjunction,Sun,Sagittarius,"22°11'00.55""",Mars,Sagittarius,"22°52'02.06""",0,0.6838,0.6838
2026-01-07 00:30:00,Aspect,Conjunction,Venus,Sagittarius,"22°11'32.84""",Mars,Sagittarius,"22°52'02.06""",0,0.6748,0.6748
2026-01-07 00:45:00,Aspect,Conjunction,Sun,Sagittarius,"22°11'38.75""",Venus,Sagittarius,"22°12'20.02""",0,0.0115,0.0115
2026-01-07 00:45:00,Aspect,Conjunction,Sun,Sagittarius,"22°11'38.75""",Mars,Sagittarius,"22°52'30.94""",0,0.6812,0.6812
2026-01-07 00:45:00,Aspect,Conjunction,Venus,Sagittarius,"22°12'20.02""",Mars,Sagittarius,"22°52'30.94""",0,0.6697,0.6697
2026-01-07 01:00:00,Aspect,Conjunction,Sun,Sagittarius,"22°12'16.96""",Venus,Sagittarius,"22°13'07.19""",0,0.014,0.014
2026-01-07 01:00:00,Aspect,Conjunction,Sun,Sagittarius,"22°12'16.96""",Mars,Sagittarius,"22°52'59.82""",0,0.6786,0.6786
2026-01-07 01:00:00,Aspect,Conjunction,Venus,Sagittarius,"22°13'07.19""",Mars,Sagittarius,"22°52'59.82""",0,0.6646,0.6646
2026-01-07 01:15:00,Aspect,Conjunction,Sun,Sagittarius,"22°12'55.16""",Venus,Sagittarius,"22°13'54.37""",0,0.0164,0.0164
2026-01-07 01:15:00,Aspect,Conjunction,Sun,Sagittarius,"22°12'55.16""",Mars,Sagittarius,"22°53'28.69""",0,0.676,0.676
2026-01-07 01:15:00,Aspect,Conjunction,Venus,Sagittarius,"22°13'54.37""",Mars,Sagittarius,"22°53'28.69""",0,0.6595,0.6595
2026-01-07 01:30:00,Aspect,Conjunction,Sun,Sagittarius,"22°13'33.37""",Venus,Sagittarius,"22°14'41.54""",0,0.0189,0.0189
2026-01-07 01:30:00,Aspect,Conjunction,Sun,Sagittarius,"22°13'33.37""",Mars,Sagittarius,"22°53'57.57""",0,0.6734,0.6734
2026-01-07 01:30:00,Aspect,Conjunction,Venus,Sagittarius,"22°14'41.54""",Mars,Sagittarius,"22°53'57.57""",0,0.6545,0.6545
2026-01-07 01:45:00,Aspect,Conjunction,Sun,Sagittarius,"22°14'11.57""",Venus,Sagittarius,"22°15'28.72""",0,0.0214,0.0214
2026-01-07 01:45:00,Aspect,Conjunction,Sun,Sagittarius,"22°14'11.57""",Mars,Sagittarius,"22°54'26.45""",0,0.6708,0.6708
2026-01-07 01:45:00,Aspect,Conjunction,Venus,Sagittarius,"22°15'28.72""",Mars,Sagittarius,"22°54'26.45""",0,0.6494,0.6494
2026-01-07 02:00:00,Aspect,Conjunction,Sun,Sagittarius,"22°14'49.78""",Venus,Sagittarius,"22°16'15.89""",0,0.0239,0.0239
2026-01-07 02:00:00,Aspect,Conjunction,Sun,Sagittarius,"22°14'49.78""",Mars,Sagittarius,"22°54'55.33""",0,0.6682,0.6682
2026-01-07 02:00:00,Aspect,Conjunction,Venus,Sagittarius,"22°16'15.89""",Mars,Sagittarius,"22°54'55.33""",0,0.6443,0.6443
2026-01-07 02:15:00,Aspect,Conjunction,Sun,Sagittarius,"22°15'27.99""",Venus,Sagittarius,"22°17'03.06""",0,0.0264,0.0264
2026-01-07 02:15:00,Aspect,Conjunction,Sun,Sagittarius,"22°15'27.99""",Mars,Sagittarius,"22°55'24.20""",0,0.6656,0.6656
2026-01-07 02:15:00,Aspect,Conjunction,Venus,Sagittarius,"22°17'03.06""",Mars,Sagittarius,"22°55'24.20""",0,0.6392,0.6392
2026-01-07 02:30:00,Aspect,Conjunction,Sun,Sagittarius,"22°16'06.19""",Venus,Sagittarius,"22°17'50.24""",0,0.0289,0.0289
2026-01-07 02:30:00,Aspect,Conjunction,Sun,Sagittarius,"22°16'06.19""",Mars,Sagittarius,"22°55'53.08""",0,0.663,0.663
2026-01-07 02:30:00,Aspect,Conjunction,Venus,Sagittarius,"22°17'50.24""",Mars,Sagittarius,"22°55'53.08""",0,0.6341,0.6341
2026-01-07 02:45:00,Aspect,Conjunction,Sun,Sagittarius,"22°16'44.40""",Venus,Sagittarius,"22°18'37.41""",0,0.0314,0.0314
2026-01-07 02:45:00,Aspect,Conjunction,Sun,Sagittarius,"22°16'44.40""",Mars,Sagittarius,"22°56'21.96""",0,0.6604,0.6604
2026-01-07 02:45:00,Aspect,Conjunction,Venus,Sagittarius,"22°18'37.41""",Mars,Sagittarius,"22°56'21.96""",0,0.629,0.629
2026-01-07 03:00:00,Aspect,Conjunction,Sun,Sagittarius,"22°17'22.60""",Venus,Sagittarius,"22°19'24.59""",0,0.0339,0.0339
2026-01-07 03:00:00,Aspect,Conjunction,Sun,Sagittarius,"22°17'22.60""",Mars,Sagittarius,"22°56'50.84""",0,0.6578,0.6578
2026-01-07 03:00:00,Aspect,Conjunction,Venus,Sagittarius,"22°19'24.59""",Mars,Sagittarius,"22°56'50.84""",0,0.624,0.624
2026-01-07 03:15:00,Aspect,Conjunction,Sun,Sagittarius,"22°18'00.81""",Venus,Sagittarius,"22°20'11.76""",0,0.0364,0.0364
2026-01-07 03:15:00,Aspect,Conjunction,Sun,Sagittarius,"22°18'00.81""",Mars,Sagittarius,"22°57'19.72""",0,0.6553,0.6553
2026-01-07 03:15:00,Aspect,Conjunction,Venus,Sagittarius,"22°20'11.76""",Mars,Sagittarius,"22°57'19.72""",0,0.6189,0.6189
2026-01-07 03:30:00,Aspect,Conjunction,Sun,Sagittarius,"22°18'39.01""",Venus,Sagittarius,"22°20'58.94""",0,0.0389,0.0389
2026-01-07 03:30:00,Aspect,Conjunction,Sun,Sagittarius,"22°18'39.01""",Mars,Sagittarius,"22°57'48.60""",0,0.6527,0.6527
2026-01-07 03:30:00,Aspect,Conjunction,Venus,Sagittarius,"22°20'58.94""",Mars,Sagittarius,"22°57'48.60""",0,0.6138,0.6138
2026-01-07 03:45:00,Aspect,Conjunction,Sun,Sagittarius,"22°19'17.22""",Venus,Sagittarius,"22°21'46.11""",0,0.0414,0.0414
2026-01-07 03:45:00,Aspect,Conjunction,Sun,Sagittarius,"22°19'17.22""",Mars,Sagittarius,"22°58'17.48""",0,0.6501,0.6501
2026-01-07 03:45:00,Aspect,Conjunction,Venus,Sagittarius,"22°21'46.11""",Mars,Sagittarius,"22°58'17.48""",0,0.6087,0.6087
2026-01-07 04:00:00,Aspect,Conjunction,Sun,Sagittarius,"22°19'55.43""",Venus,Sagittarius,"22°22'33.29""",0,0.0439,0.0439
2026-01-07 04:00:00,Aspect,Conjunction,Sun,Sagittarius,"22°19'55.43""",Mars,Sagittarius,"22°58'46.36""",0,0.6475,0.6475
2026-01-07 04:00:00,Aspect,Conjunction,Venus,Sagittarius,"22°22'33.29""",Mars,Sagittarius,"22°58'46.36""",0,0.6036,0.6036
2026-01-07 04:15:00,Aspect,Conjunction,Sun,Sagittarius,"22°20'33.63""",Venus,Sagittarius,"22°23'20.46""",0,0.0463,0.0463
2026-01-07 04:15:00,Aspect,Conjunction,Sun,Sagittarius,"22°20'33.63""",Mars,Sagittarius,"22°59'15.24""",0,0.6449,0.6449
2026-01-07 04:15:00,Aspect,Conjunction,Venus,Sagittarius,"22°23'20.46""",Mars,Sagittarius,"22°59'15.24""",0,0.5985,0.5985
2026-01-07 04:30:00,Aspect,Conjunction,Sun,Sagittarius,"22°21'11.84""",Venus,Sagittarius,"22°24'07.63""",0,0.0488,0.0488
2026-01-07 04:30:00,Aspect,Conjunction,Sun,Sagittarius,"22°21'11.84""",Mars,Sagittarius,"22°59'44.12""",0,0.6423,0.6423
2026-01-07 04:30:00,Aspect,Conjunction,Venus,Sagittarius,"22°24'07.63""",Mars,Sagittarius,"22°59'44.12""",0,0.5935,0.5935
2026-01-07 04:45:00,Aspect,Conjunction,Sun,Sagittarius,"22°21'50.04""",Venus,Sagittarius,"22°24'54.81""",0,0.0513,0.0513
2026-01-07 04:45:00,Aspect,Conjunction,Sun,Sagittarius,"22°21'50.04""",Mars,Sagittarius,"23°00'13.00""",0,0.6397,0.6397
2026-01-07 04:45:00,Aspect,Conjunction,Venus,Sagittarius,"22°24'54.81""",Mars,Sagittarius,"23°00'13.00""",0,0.5884,0.5884
2026-01-07 05:00:00,Aspect,Conjunction,Sun,Sagittarius,"22°22'28.25""",Venus,Sagittarius,"22°25'41.98""",0,0.0538,0.0538
2026-01-07 05:00:00,Aspect,Conjunction,Sun,Sagittarius,"22°22'28.25""",Mars,Sagittarius,"23°00'41.88""",0,0.6371,0.6371
2026-01-07 05:00:00,Aspect,Conjunction,Venus,Sagittarius,"22°25'41.98""",Mars,Sagittarius,"23°00'41.88""",0,0.5833,0.5833
2026-01-07 05:15:00,Aspect,Conjunction,Sun,Sagittarius,"22°23'06.45""",Venus,Sagittarius,"22°26'29.16""",0,0.0563,0.0563
2026-01-07 05:15:00,Aspect,Conjunction,Sun,Sagittarius,"22°23'06.45""",Mars,Sagittarius,"23°01'10.76""",0,0.6345,0.6345
2026-01-07 05:15:00,Aspect,Conjunction,Venus,Sagittarius,"22°26'29.16""",Mars,Sagittarius,"23°01'10.76""",0,0.5782,0.5782
2026-01-07 05:30:00,Aspect,Conjunction,Sun,Sagittarius,"22°23'44.66""",Venus,Sagittarius,"22°27'16.33""",0,0.0588,0.0588
2026-01-07 05:30:00,Aspect,Conjunction,Sun,Sagittarius,"22°23'44.66""",Mars,Sagittarius,"23°01'39.64""",0,0.6319,0.6319
2026-01-07 05:30:00,Aspect,Conjunction,Venus,Sagittarius,"22°27'16.33""",Mars,Sagittarius,"23°01'39.64""",0,0.5731,0.5731
2026-01-07 05:45:00,Aspect,Conjunction,Sun,Sagittarius,"22°24'22.87""",Venus,Sagittarius,"22°28'03.51""",0,0.0613,0.0613
2026-01-07 05:45:00,Aspect,Conjunction,Sun,Sagittarius,"22°24'22.87""",Mars,Sagittarius,"23°02'08.52""",0,0.6293,0.6293
2026-01-07 05:45:00,Aspect,Conjunction,Venus,Sagittarius,"22°28'03.51""",Mars,Sagittarius,"23°02'08.52""",0,0.5681,0.5681
2026-01-07 06:00:00,Aspect,Conjunction,Sun,Sagittarius,"22°25'01.07""",Venus,Sagittarius,"22°28'50.68""",0,0.0638,0.0638
2026-01-07 06:00:00,Aspect,Conjunction,Sun,Sagittarius,"22°25'01.07""",Mars,Sagittarius,"23°02'37.40""",0,0.6268,0.6268
2026-01-07 06:00:00,Aspect,Conjunction,Venus,Sagittarius,"22°28'50.68""",Mars,Sagittarius,"23°02'37.40""",0,0.563,0.563
2026-01-07 06:15:00,Aspect,Conjunction,Sun,Sagittarius,"22°25'39.28""",Venus,Sagittarius,"22°29'37.86""",0,0.0663,0.0663
2026-01-07 06:15:00,Aspect,Conjunction,Sun,Sagittarius,"22°25'39.28""",Mars,Sagittarius,"23°03'06.28""",0,0.6242,0.6242
2026-01-07 06:15:00,Aspect,Conjunction,Venus,Sagittarius,"22°29'37.86""",Mars,Sagittarius,"23°03'06.28""",0,0.5579,0.5579
2026-01-07 06:30:00,Aspect,Conjunction,Sun,Sagittarius,"22°26'17.48""",Venus,Sagittarius,"22°30'25.03""",0,0.0688,0.0688
2026-01-07 06:30:00,Aspect,Conjunction,Sun,Sagittarius,"22°26'17.48""",Mars,Sagittarius,"23°03'35.17""",0,0.6216,0.6216
2026-01-07 06:30:00,Aspect,Conjunction,Venus,Sagittarius,"22°30'25.03""",Mars,Sagittarius,"23°03'35.17""",0,0.5528,0.5528
2026-01-07 06:45:00,Aspect,Conjunction,Sun,Sagittarius,"22°26'55.69""",Venus,Sagittarius,"22°31'12.20""",0,0.0713,0.0713
2026-01-07 06:45:00,Aspect,Conjunction,Sun,Sagittarius,"22°26'55.69""",Mars,Sagittarius,"23°04'04.05""",0,0.619,0.619
2026-01-07 06:45:00,Aspect,Conjunction,Venus,Sagittarius,"22°31'12.20""",Mars,Sagittarius,"23°04'04.05""",0,0.5477,0.5477
2026-01-07 07:00:00,Aspect,Conjunction,Sun,Sagittarius,"22°27'33.90""",Venus,Sagittarius,"22°31'59.38""",0,0.0737,0.0737
2026-01-07 07:00:00,Aspect,Conjunction,Sun,Sagittarius,"22°27'33.90""",Mars,Sagittarius,"23°04'32.93""",0,0.6164,0.6164
2026-01-07 07:00:00,Aspect,Conjunction,Venus,Sagittarius,"22°31'59.38""",Mars,Sagittarius,"23°04'32.93""",0,0.5427,0.5427
2026-01-07 07:15:00,Aspect,Conjunction,Sun,Sagittarius,"22°28'12.10""",Venus,Sagittarius,"22°32'46.55""",0,0.0762,0.0762
2026-01-07 07:15:00,Aspect,Conjunction,Sun,Sagittarius,"22°28'12.10""",Mars,Sagittarius,"23°05'01.81""",0,0.6138,0.6138
2026-01-07 07:15:00,Aspect,Conjunction,Venus,Sagittarius,"22°32'46.55""",Mars,Sagittarius,"23°05'01.81""",0,0.5376,0.5376
2026-01-07 07:30:00,Aspect,Conjunction,Sun,Sagittarius,"22°28'50.31""",Venus,Sagittarius,"22°33'33.73""",0,0.0787,0.0787
2026-01-07 07:30:00,Aspect,Conjunction,Sun,Sagittarius,"22°28'50.31""",Mars,Sagittarius,"23°05'30.70""",0,0.6112,0.6112
2026-01-07 07:30:00,Aspect,Conjunction,Venus,Sagittarius,"22°33'33.73""",Mars,Sagittarius,"23°05'30.70""",0,0.5325,0.5325
2026-01-07 07:45:00,Aspect,Conjunction,Sun,Sagittarius,"22°29'28.51""",Venus,Sagittarius,"22°34'20.90""",0,0.0812,0.0812
2026-01-07 07:45:00,Aspect,Conjunction,Sun,Sagittarius,"22°29'28.51""",Mars,Sagittarius,"23°05'59.58""",0,0.6086,0.6086
2026-01-07 07:45:00,Aspect,Conjunction,Venus,Sagittarius,"22°34'20.90""",Mars,Sagittarius,"23°05'59.58""",0,0.5274,0.5274
2026-01-07 08:00:00,Aspect,Conjunction,Sun,Sagittarius,"22°30'06.72""",Venus,Sagittarius,"22°35'08.08""",0,0.0837,0.0837
2026-01-07 08:00:00,Aspect,Conjunction,Sun,Sagittarius,"22°30'06.72""",Mars,Sagittarius,"23°06'28.46""",0,0.606,0.606
2026-01-07 08:00:00,Aspect,Conjunction,Venus,Sagittarius,"22°35'08.08""",Mars,Sagittarius,"23°06'28.46""",0,0.5223,0.5223
2026-01-07 08:15:00,Aspect,Conjunction,Sun,Sagittarius,"22°30'44.93""",Venus,Sagittarius,"22°35'55.25""",0,0.0862,0.0862
2026-01-07 08:15:00,Aspect,Conjunction,Sun,Sagittarius,"22°30'44.93""",Mars,Sagittarius,"23°06'57.35""",0,0.6035,0.6035
2026-01-07 08:15:00,Aspect,Conjunction,Venus,Sagittarius,"22°35'55.25""",Mars,Sagittarius,"23°06'57.35""",0,0.5172,0.5172
2026-01-07 08:30:00,Aspect,Conjunction,Sun,Sagittarius,"22°31'23.13""",Venus,Sagittarius,"22°36'42.42""",0,0.0887,0.0887
2026-01-07 08:30:00,Aspect,Conjunction,Sun,Sagittarius,"22°31'23.13""",Mars,Sagittarius,"23°07'26.23""",0,0.6009,0.6009
2026-01-07 08:30:00,Aspect,Conjunction,Venus,Sagittarius,"22°36'42.42""",Mars,Sagittarius,"23°07'26.23""",0,0.5122,0.5122
2026-01-07 08:45:00,Aspect,Conjunction,Sun,Sagittarius,"22°32'01.34""",Venus,Sagittarius,"22°37'29.60""",0,0.0912,0.0912
2026-01-07 08:45:00,Aspect,Conjunction,Sun,Sagittarius,"22°32'01.34""",Mars,Sagittarius,"23°07'55.12""",0,0.5983,0.5983
2026-01-07 08:45:00,Aspect,Conjunction,Venus,Sagittarius,"22°37'29.60""",Mars,Sagittarius,"23°07'55.12""",0,0.5071,0.5071
2026-01-07 09:00:00,Aspect,Conjunction,Sun,Sagittarius,"22°32'39.54""",Venus,Sagittarius,"22°38'16.77""",0,0.0937,0.0937
2026-01-07 09:00:00,Aspect,Conjunction,Sun,Sagittarius,"22°32'39.54""",Mars,Sagittarius,"23°08'24.00""",0,0.5957,0.5957
2026-01-07 09:00:00,Aspect,Conjunction,Venus,Sagittarius,"22°38'16.77""",Mars,Sagittarius,"23°08'24.00""",0,0.502,0.502
2026-01-07 09:15:00,Aspect,Conjunction,Sun,Sagittarius,"22°33'17.75""",Venus,Sagittarius,"22°39'03.95""",0,0.0962,0.0962
2026-01-07 09:15:00,Aspect,Conjunction,Sun,Sagittarius,"22°33'17.75""",Mars,Sagittarius,"23°08'52.89""",0,0.5931,0.5931
2026-01-07 09:15:00,Aspect,Conjunction,Venus,Sagittarius,"22°39'03.95""",Mars,Sagittarius,"23°08'52.89""",0,0.4969,0.4969
2026-01-07 09:30:00,Aspect,Conjunction,Sun,Sagittarius,"22°33'55.96""",Venus,Sagittarius,"22°39'51.12""",0,0.0987,0.0987
2026-01-07 09:30:00,Aspect,Conjunction,Sun,Sagittarius,"22°33'55.96""",Mars,Sagittarius,"23°09'21.77""",0,0.5905,0.5905
2026-01-07 09:30:00,Aspect,Conjunction,Venus,Sagittarius,"22°39'51.12""",Mars,Sagittarius,"23°09'21.77""",0,0.4918,0.4918
2026-01-07 09:45:00,Aspect,Conjunction,Sun,Sagittarius,"22°34'34.16""",Venus,Sagittarius,"22°40'38.29""",0,0.1011,0.1011
2026-01-07 09:45:00,Aspect,Conjunction,Sun,Sagittarius,"22°34'34.16""",Mars,Sagittarius,"23°09'50.66""",0,0.5879,0.5879
2026-01-07 09:45:00,Aspect,Conjunction,Venus,Sagittarius,"22°40'38.29""",Mars,Sagittarius,"23°09'50.66""",0,0.4868,0.4868
2026-01-07 10:00:00,Aspect,Conjunction,Sun,Sagittarius,"22°35'12.37""",Venus,Sagittarius,"22°41'25.47""",0,0.1036,0.1036
2026-01-07 10:00:00,Aspect,Conjunction,Sun,Sagittarius,"22°35'12.37""",Mars,Sagittarius,"23°10'19.54""",0,0.5853,0.5853
2026-01-07 10:00:00,Aspect,Conjunction,Venus,Sagittarius,"22°41'25.47""",Mars,Sagittarius,"23°10'19.54""",0,0.4817,0.4817
2026-01-07 10:15:00,Aspect,Conjunction,Sun,Sagittarius,"22°35'50.57""",Venus,Sagittarius,"22°42'12.64""",0,0.1061,0.1061
2026-01-07 10:15:00,Aspect,Conjunction,Sun,Sagittarius,"22°35'50.57""",Mars,Sagittarius,"23°10'48.43""",0,0.5827,0.5827
2026-01-07 10:15:00,Aspect,Conjunction,Venus,Sagittarius,"22°42'12.64""",Mars,Sagittarius,"23°10'48.43""",0,0.4766,0.4766
2026-01-07 10:30:00,Aspect,Conjunction,Sun,Sagittarius,"22°36'28.78""",Venus,Sagittarius,"22°42'59.82""",0,0.1086,0.1086
2026-01-07 10:30:00,Aspect,Conjunction,Sun,Sagittarius,"22°36'28.78""",Mars,Sagittarius,"23°11'17.32""",0,0.5801,0.5801
2026-01-07 10:30:00,Aspect,Conjunction,Venus,Sagittarius,"22°42'59.82""",Mars,Sagittarius,"23°11'17.32""",0,0.4715,0.4715
2026-01-07 10:45:00,Aspect,Conjunction,Sun,Sagittarius,"22°37'06.99""",Venus,Sagittarius,"22°43'46.99""",0,0.1111,0.1111
2026-01-07 10:45:00,Aspect,Conjunction,Sun,Sagittarius,"22°37'06.99""",Mars,Sagittarius,"23°11'46.20""",0,0.5776,0.5776
2026-01-07 10:45:00,Aspect,Conjunction,Venus,Sagittarius,"22°43'46.99""",Mars,Sagittarius,"23°11'46.20""",0,0.4664,0.4664
2026-01-07 11:00:00,Aspect,Conjunction,Sun,Sagittarius,"22°37'45.19""",Venus,Sagittarius,"22°44'34.16""",0,0.1136,0.1136
2026-01-07 11:00:00,Aspect,Conjunction,Sun,Sagittarius,"22°37'45.19""",Mars,Sagittarius,"23°12'15.09""",0,0.575,0.575
2026-01-07 11:00:00,Aspect,Conjunction,Venus,Sagittarius,"22°44'34.16""",Mars,Sagittarius,"23°12'15.09""",0,0.4614,0.4614
2026-01-07 11:15:00,Aspect,Conjunction,Sun,Sagittarius,"22°38'23.40""",Venus,Sagittarius,"22°45'21.34""",0,0.1161,0.1161
2026-01-07 11:15:00,Aspect,Conjunction,Sun,Sagittarius,"22°38'23.40""",Mars,Sagittarius,"23°12'43.98""",0,0.5724,0.5724
2026-01-07 11:15:00,Aspect,Conjunction,Venus,Sagittarius,"22°45'21.34""",Mars,Sagittarius,"23°12'43.98""",0,0.4563,0.4563
2026-01-07 11:30:00,Aspect,Conjunction,Sun,Sagittarius,"22°39'01.61""",Venus,Sagittarius,"22°46'08.51""",0,0.1186,0.1186
2026-01-07 11:30:00,Aspect,Conjunction,Sun,Sagittarius,"22°39'01.61""",Mars,Sagittarius,"23°13'12.86""",0,0.5698,0.5698
2026-01-07 11:30:00,Aspect,Conjunction,Venus,Sagittarius,"22°46'08.51""",Mars,Sagittarius,"23°13'12.86""",0,0.4512,0.4512
2026-01-07 11:45:00,Aspect,Conjunction,Sun,Sagittarius,"22°39'39.81""",Venus,Sagittarius,"22°46'55.69""",0,0.1211,0.1211
2026-01-07 11:45:00,Aspect,Conjunction,Sun,Sagittarius,"22°39'39.81""",Mars,Sagittarius,"23°13'41.75""",0,0.5672,0.5672
2026-01-07 11:45:00,Aspect,Conjunction,Venus,Sagittarius,"22°46'55.69""",Mars,Sagittarius,"23°13'41.75""",0,0.4461,0.4461
2026-01-07 12:00:00,Aspect,Conjunction,Sun,Sagittarius,"22°40'18.02""",Venus,Sagittarius,"22°47'42.86""",0,0.1236,0.1236
2026-01-07 12:00:00,Aspect,Conjunction,Sun,Sagittarius,"22°40'18.02""",Mars,Sagittarius,"23°14'10.64""",0,0.5646,0.5646
2026-01-07 12:00:00,Aspect,Conjunction,Venus,Sagittarius,"22°47'42.86""",Mars,Sagittarius,"23°14'10.64""",0,0.441,0.441
2026-01-07 12:15:00,Aspect,Conjunction,Sun,Sagittarius,"22°40'56.22""",Venus,Sagittarius,"22°48'30.03""",0,0.1261,0.1261
2026-01-07 12:15:00,Aspect,Conjunction,Sun,Sagittarius,"22°40'56.22""",Mars,Sagittarius,"23°14'39.53""",0,0.562,0.562
2026-01-07 12:15:00,Aspect,Conjunction,Venus,Sagittarius,"22°48'30.03""",Mars,Sagittarius,"23°14'39.53""",0,0.436,0.436
2026-01-07 12:30:00,Aspect,Conjunction,Sun,Sagittarius,"22°41'34.43""",Venus,Sagittarius,"22°49'17.21""",0,0.1285,0.1285
2026-01-07 12:30:00,Aspect,Conjunction,Sun,Sagittarius,"22°41'34.43""",Mars,Sagittarius,"23°15'08.41""",0,0.5594,0.5594
2026-01-07 12:30:00,Aspect,Conjunction,Venus,Sagittarius,"22°49'17.21""",Mars,Sagittarius,"23°15'08.41""",0,0.4309,0.4309
2026-01-07 12:45:00,Aspect,Conjunction,Sun,Sagittarius,"22°42'12.64""",Venus,Sagittarius,"22°50'04.38""",0,0.131,0.131
2026-01-07 12:45:00,Aspect,Conjunction,Sun,Sagittarius,"22°42'12.64""",Mars,Sagittarius,"23°15'37.30""",0,0.5569,0.5569
2026-01-07 12:45:00,Aspect,Conjunction,Venus,Sagittarius,"22°50'04.38""",Mars,Sagittarius,"23°15'37.30""",0,0.4258,0.4258
2026-01-07 13:00:00,Aspect,Conjunction,Sun,Sagittarius,"22°42'50.84""",Venus,Sagittarius,"22°50'51.56""",0,0.1335,0.1335
2026-01-07 13:00:00,Aspect,Conjunction,Sun,Sagittarius,"22°42'50.84""",Mars,Sagittarius,"23°16'06.19""",0,0.5543,0.5543
2026-01-07 13:00:00,Aspect,Trine,Moon,Leo,"13°05'11.97""",Mercury,Sagittarius,"14°04'48.25""",120,120.9934,0.9934
2026-01-07 13:00:00,Aspect,Conjunction,Venus,Sagittarius,"22°50'51.56""",Mars,Sagittarius,"23°16'06.19""",0,0.4207,0.4207
2026-01-07 13:15:00,Aspect,Conjunction,Sun,Sagittarius,"22°43'29.05""",Venus,Sagittarius,"22°51'38.73""",0,0.136,0.136
2026-01-07 13:15:00,Aspect,Conjunction,Sun,Sagittarius,"22°43'29.05""",Mars,Sagittarius,"23°16'35.08""",0,0.5517,0.5517
2026-01-07 13:15:00,Aspect,Trine,Moon,Leo,"13°13'31.10""",Mercury,Sagittarius,"14°05'46.88""",120,120.8711,0.8711
2026-01-07 13:15:00,Aspect,Conjunction,Venus,Sagittarius,"22°51'38.73""",Mars,Sagittarius,"23°16'35.08""",0,0.4157,0.4157
2026-01-07 13:30:00,Aspect,Conjunction,Sun,Sagittarius,"22°44'07.25""",Venus,Sagittarius,"22°52'25.90""",0,0.1385,0.1385
2026-01-07 13:30:00,Aspect,Conjunction,Sun,Sagittarius,"22°44'07.25""",Mars,Sagittarius,"23°17'03.97""",0,0.5491,0.5491
2026-01-07 13:30:00,Aspect,Trine,Moon,Leo,"13°21'50.05""",Mercury,Sagittarius,"14°06'45.51""",120,120.7487,0.7487
2026-01-07 13:30:00,Aspect,Conjunction,Venus,Sagittarius,"22°52'25.90""",Mars,Sagittarius,"23°17'03.97""",0,0.4106,0.4106
2026-01-07 13:45:00,Aspect,Conjunction,Sun,Sagittarius,"22°44'45.46""",Venus,Sagittarius,"22°53'13.08""",0,0.141,0.141
2026-01-07 13:45:00,Aspect,Conjunction,Sun,Sagittarius,"22°44'45.46""",Mars,Sagittarius,"23°17'32.86""",0,0.5465,0.5465
2026-01-07 13:45:00,Aspect,Trine,Moon,Leo,"13°30'08.82""",Mercury,Sagittarius,"14°07'44.14""",120,120.6265,0.6265
2026-01-07 13:45:00,Aspect,Conjunction,Venus,Sagittarius,"22°53'13.08""",Mars,Sagittarius,"23°17'32.86""",0,0.4055,0.4055
2026-01-07 14:00:00,Aspect,Conjunction,Sun,Sagittarius,"22°45'23.67""",Venus,Sagittarius,"22°54'00.25""",0,0.1435,0.1435
2026-01-07 14:00:00,Aspect,Conjunction,Sun,Sagittarius,"22°45'23.67""",Mars,Sagittarius,"23°18'01.75""",0,0.5439,0.5439
2026-01-07 14:00:00,Aspect,Trine,Moon,Leo,"13°38'27.41""",Mercury,Sagittarius,"14°08'42.78""",120,120.5043,0.5043
2026-01-07 14:00:00,Aspect,Conjunction,Venus,Sagittarius,"22°54'00.25""",Mars,Sagittarius,"23°18'01.75""",0,0.4004,0.4004
2026-01-07 14:15:00,Aspect,Conjunction,Sun,Sagittarius,"22°46'01.87""",Venus,Sagittarius,"22°54'47.42""",0,0.146,0.146
2026-01-07 14:15:00,Aspect,Conjunction,Sun,Sagittarius,"22°46'01.87""",Mars,Sagittarius,"23°18'30.64""",0,0.5413,0.5413
2026-01-07 14:15:00,Aspect,Trine,Moon,Leo,"13°46'45.83""",Mercury,Sagittarius,"14°09'41.42""",120,120.3821,0.3821
2026-01-07 14:15:00,Aspect,Conjunction,Venus,Sagittarius,"22°54'47.42""",Mars,Sagittarius,"23°18'30.64""",0,0.3953,0.3953
2026-01-07 14:30:00,Aspect,Conjunction,Sun,Sagittarius,"22°46'40.08""",Venus,Sagittarius,"22°55'34.60""",0,0.1485,0.1485
2026-01-07 14:30:00,Aspect,Conjunction,Sun,Sagittarius,"22°46'40.08""",Mars,Sagittarius,"23°18'59.53""",0,0.5387,0.5387
2026-01-07 14:30:00,Aspect,Trine,Moon,Leo,"13°55'04.06""",Mercury,Sagittarius,"14°10'40.06""",120,120.26,0.26
2026-01-07 14:30:00,Aspect,Conjunction,Venus,Sagittarius,"22°55'34.60""",Mars,Sagittarius,"23°18'59.53""",0,0.3903,0.3903
2026-01-07 14:45:00,Aspect,Conjunction,Sun,Sagittarius,"22°47'18.29""",Venus,Sagittarius,"22°56'21.77""",0,0.151,0.151
2026-01-07 14:45:00,Aspect,Conjunction,Sun,Sagittarius,"22°47'18.29""",Mars,Sagittarius,"23°19'28.42""",0,0.5361,0.5361
2026-01-07 14:45:00,Aspect,Trine,Moon,Leo,"14°03'22.13""",Mercury,Sagittarius,"14°11'38.70""",120,120.1379,0.1379
2026-01-07 14:45:00,Aspect,Conjunction,Venus,Sagittarius,"22°56'21.77""",Mars,Sagittarius,"23°19'28.42""",0,0.3852,0.3852
2026-01-07 15:00:00,Aspect,Conjunction,Sun,Sagittarius,"22°47'56.49""",Venus,Sagittarius,"22°57'08.95""",0,0.1535,0.1535
2026-01-07 15:00:00,Aspect,Conjunction,Sun,Sagittarius,"22°47'56.49""",Mars,Sagittarius,"23°19'57.31""",0,0.5336,0.5336
2026-01-07 15:00:00,Aspect,Trine,Moon,Leo,"14°11'40.01""",Mercury,Sagittarius,"14°12'37.35""",120,120.0159,0.0159
2026-01-07 15:00:00,Aspect,Conjunction,Venus,Sagittarius,"22°57'08.95""",Mars,Sagittarius,"23°19'57.31""",0,0.3801,0.3801
2026-01-07 15:15:00,Aspect,Conjunction,Sun,Sagittarius,"22°48'34.70""",Venus,Sagittarius,"22°57'56.12""",0,0.156,0.156
2026-01-07 15:15:00,Aspect,Conjunction,Sun,Sagittarius,"22°48'34.70""",Mars,Sagittarius,"23°20'26.20""",0,0.531,0.531
2026-01-07 15:15:00,Aspect,Trine,Moon,Leo,"14°19'57.72""",Mercury,Sagittarius,"14°13'36.00""",120,119.894,0.106
2026-01-07 15:15:00,Aspect,Conjunction,Venus,Sagittarius,"22°57'56.12""",Mars,Sagittarius,"23°20'26.20""",0,0.375,0.375
2026-01-07 15:30:00,Aspect,Conjunction,Sun,Sagittarius,"22°49'12.91""",Venus,Sagittarius,"22°58'43.29""",0,0.1584,0.1584
2026-01-07 15:30:00,Aspect,Conjunction,Sun,Sagittarius,"22°49'12.91""",Mars,Sagittarius,"23°20'55.09""",0,0.5284,0.5284
2026-01-07 15:30:00,Aspect,Trine,Moon,Leo,"14°28'15.24""",Mercury,Sagittarius,"14°14'34.65""",120,119.7721,0.2279
2026-01-07 15:30:00,Aspect,Conjunction,Venus,Sagittarius,"22°58'43.29""",Mars,Sagittarius,"23°20'55.09""",0,0.3699,0.3699
2026-01-07 15:45:00,Aspect,Conjunction,Sun,Sagittarius,"22°49'51.11""",Venus,Sagittarius,"22°59'30.47""",0,0.1609,0.1609
2026-01-07 15:45:00,Aspect,Conjunction,Sun,Sagittarius,"22°49'51.11""",Mars,Sagittarius,"23°21'23.98""",0,0.5258,0.5258
2026-01-07 15:45:00,Aspect,Trine,Moon,Leo,"14°36'32.60""",Mercury,Sagittarius,"14°15'33.30""",120,119.6502,0.3498
2026-01-07 15:45:00,Aspect,Conjunction,Venus,Sagittarius,"22°59'30.47""",Mars,Sagittarius,"23°21'23.98""",0,0.3649,0.3649
2026-01-07 16:00:00,Aspect,Conjunction,Sun,Sagittarius,"22°50'29.32""",Venus,Sagittarius,"23°00'17.64""",0,0.1634,0.1634
2026-01-07 16:00:00,Aspect,Conjunction,Sun,Sagittarius,"22°50'29.32""",Mars,Sagittarius,"23°21'52.88""",0,0.5232,0.5232
2026-01-07 16:00:00,Aspect,Trine,Moon,Leo,"14°44'49.77""",Mercury,Sagittarius,"14°16'31.96""",120,119.5284,0.4716
2026-01-07 16:00:00,Aspect,Conjunction,Venus,Sagittarius,"23°00'17.64""",Mars,Sagittarius,"23°21'52.88""",0,0.3598,0.3598
2026-01-07 16:15:00,Aspect,Conjunction,Sun,Sagittarius,"22°51'07.52""",Venus,Sagittarius,"23°01'04.81""",0,0.1659,0.1659
2026-01-07 16:15:00,Aspect,Conjunction,Sun,Sagittarius,"22°51'07.52""",Mars,Sagittarius,"23°22'21.77""",0,0.5206,0.5206
2026-01-07 16:15:00,Aspect,Trine,Moon,Leo,"14°53'06.77""",Mercury,Sagittarius,"14°17'30.62""",120,119.4066,0.5934
2026-01-07 16:15:00,Aspect,Conjunction,Venus,Sagittarius,"23°01'04.81""",Mars,Sagittarius,"23°22'21.77""",0,0.3547,0.3547
2026-01-07 16:30:00,Aspect,Conjunction,Sun,Sagittarius,"22°51'45.73""",Venus,Sagittarius,"23°01'51.99""",0,0.1684,0.1684
2026-01-07 16:30:00,Aspect,Conjunction,Sun,Sagittarius,"22°51'45.73""",Mars,Sagittarius,"23°22'50.66""",0,0.518,0.518
2026-01-07 16:30:00,Aspect,Trine,Moon,Leo,"15°01'23.59""",Mercury,Sagittarius,"14°18'29.28""",120,119.2849,0.7151
2026-01-07 16:30:00,Aspect,Conjunction,Venus,Sagittarius,"23°01'51.99""",Mars,Sagittarius,"23°22'50.66""",0,0.3496,0.3496
2026-01-07 16:45:00,Aspect,Conjunction,Sun,Sagittarius,"22°52'23.94""",Venus,Sagittarius,"23°02'39.16""",0,0.1709,0.1709
2026-01-07 16:45:00,Aspect,Conjunction,Sun,Sagittarius,"22°52'23.94""",Mars,Sagittarius,"23°23'19.55""",0,0.5154,0.5154
2026-01-07 16:45:00,Aspect,Trine,Moon,Leo,"15°09'40.24""",Mercury,Sagittarius,"14°19'27.94""",120,119.1633,0.8367
2026-01-07 16:45:00,Aspect,Conjunction,Venus,Sagittarius,"23°02'39.16""",Mars,Sagittarius,"23°23'19.55""",0,0.3446,0.3446
2026-01-07 17:00:00,Aspect,Conjunction,Sun,Sagittarius,"22°53'02.14""",Venus,Sagittarius,"23°03'26.34""",0,0.1734,0.1734
2026-01-07 17:00:00,Aspect,Conjunction,Sun,Sagittarius,"22°53'02.14""",Mars,Sagittarius,"23°23'48.44""",0,0.5129,0.5129
2026-01-07 17:00:00,Aspect,Trine,Moon,Leo,"15°17'56.71""",Mercury,Sagittarius,"14°20'26.61""",120,119.0416,0.9584
2026-01-07 17:00:00,Aspect,Conjunction,Venus,Sagittarius,"23°03'26.34""",Mars,Sagittarius,"23°23'48.44""",0,0.3395,0.3395
2026-01-07 17:15:00,Aspect,Conjunction,Sun,Sagittarius,"22°53'40.35""",Venus,Sagittarius,"23°04'13.51""",0,0.1759,0.1759
2026-01-07 17:15:00,Aspect,Conjunction,Sun,Sagittarius,"22°53'40.35""",Mars,Sagittarius,"23°24'17.34""",0,0.5103,0.5103
2026-01-07 17:15:00,Aspect,Conjunction,Venus,Sagittarius,"23°04'13.51""",Mars,Sagittarius,"23°24'17.34""",0,0.3344,0.3344
2026-01-07 17:30:00,Aspect,Conjunction,Sun,Sagittarius,"22°54'18.56""",Venus,Sagittarius,"23°05'00.68""",0,0.1784,0.1784
2026-01-07 17:30:00,Aspect,Conjunction,Sun,Sagittarius,"22°54'18.56""",Mars,Sagittarius,"23°24'46.23""",0,0.5077,0.5077
2026-01-07 17:30:00,Aspect,Conjunction,Venus,Sagittarius,"23°05'00.68""",Mars,Sagittarius,"23°24'46.23""",0,0.3293,0.3293
2026-01-07 17:45:00,Aspect,Conjunction,Sun,Sagittarius,"22°54'56.76""",Venus,Sagittarius,"23°05'47.86""",0,0.1809,0.1809
2026-01-07 17:45:00,Aspect,Conjunction,Sun,Sagittarius,"22°54'56.76""",Mars,Sagittarius,"23°25'15.12""",0,0.5051,0.5051
2026-01-07 17:45:00,Aspect,Conjunction,Venus,Sagittarius,"23°05'47.86""",Mars,Sagittarius,"23°25'15.12""",0,0.3242,0.3242
2026-01-07 18:00:00,Aspect,Conjunction,Sun,Sagittarius,"22°55'34.97""",Venus,Sagittarius,"23°06'35.03""",0,0.1834,0.1834
2026-01-07 18:00:00,Aspect,Conjunction,Sun,Sagittarius,"22°55'34.97""",Mars,Sagittarius,"23°25'44.02""",0,0.5025,0.5025
2026-01-07 18:00:00,Aspect,Conjunction,Venus,Sagittarius,"23°06'35.03""",Mars,Sagittarius,"23°25'44.02""",0,0.3192,0.3192
2026-01-07 18:15:00,Aspect,Conjunction,Sun,Sagittarius,"22°56'13.18""",Venus,Sagittarius,"23°07'22.20""",0,0.1858,0.1858
2026-01-07 18:15:00,Aspect,Conjunction,Sun,Sagittarius,"22°56'13.18""",Mars,Sagittarius,"23°26'12.91""",0,0.4999,0.4999
2026-01-07 18:15:00,Aspect,Conjunction,Venus,Sagittarius,"23°07'22.20""",Mars,Sagittarius,"23°26'12.91""",0,0.3141,0.3141
2026-01-07 18:30:00,Aspect,Conjunction,Sun,Sagittarius,"22°56'51.38""",Venus,Sagittarius,"23°08'09.38""",0,0.1883,0.1883
2026-01-07 18:30:00,Aspect,Conjunction,Sun,Sagittarius,"22°56'51.38""",Mars,Sagittarius,"23°26'41.81""",0,0.4973,0.4973
2026-01-07 18:30:00,Aspect,Conjunction,Venus,Sagittarius,"23°08'09.38""",Mars,Sagittarius,"23°26'41.81""",0,0.309,0.309
2026-01-07 18:45:00,Aspect,Conjunction,Sun,Sagittarius,"22°57'29.59""",Venus,Sagittarius,"23°08'56.55""",0,0.1908,0.1908
2026-01-07 18:45:00,Aspect,Conjunction,Sun,Sagittarius,"22°57'29.59""",Mars,Sagittarius,"23°27'10.70""",0,0.4948,0.4948
2026-01-07 18:45:00,Aspect,Conjunction,Venus,Sagittarius,"23°08'56.55""",Mars,Sagittarius,"23°27'10.70""",0,0.3039,0.3039
2026-01-07 19:00:00,Aspect,Conjunction,Sun,Sagittarius,"22°58'07.80""",Venus,Sagittarius,"23°09'43.72""",0,0.1933,0.1933
2026-01-07 19:00:00,Aspect,Conjunction,Sun,Sagittarius,"22°58'07.80""",Mars,Sagittarius,"23°27'39.60""",0,0.4922,0.4922
2026-01-07 19:00:00,Aspect,Conjunction,Venus,Sagittarius,"23°09'43.72""",Mars,Sagittarius,"23°27'39.60""",0,0.2989,0.2989
2026-01-07 19:15:00,Aspect,Conjunction,Sun,Sagittarius,"22°58'46.00""",Venus,Sagittarius,"23°10'30.90""",0,0.1958,0.1958
2026-01-07 19:15:00,Aspect,Conjunction,Sun,Sagittarius,"22°58'46.00""",Mars,Sagittarius,"23°28'08.49""",0,0.4896,0.4896
2026-01-07 19:15:00,Aspect,Conjunction,Venus,Sagittarius,"23°10'30.90""",Mars,Sagittarius,"23°28'08.49""",0,0.2938,0.2938
2026-01-07 19:30:00,Aspect,Conjunction,Sun,Sagittarius,"22°59'24.21""",Venus,Sagittarius,"23°11'18.07""",0,0.1983,0.1983
2026-01-07 19:30:00,Aspect,Conjunction,Sun,Sagittarius,"22°59'24.21""",Mars,Sagittarius,"23°28'37.39""",0,0.487,0.487
2026-01-07 19:30:00,Aspect,Opposition,Moon,Leo,"16°40'31.76""",Rahu,Aquarius,"17°36'12.08""",180,179.0721,0.9279
2026-01-07 19:30:00,Aspect,Conjunction,Moon,Leo,"16°40'31.76""",Ketu,Leo,"17°36'12.08""",0,0.9279,0.9279
2026-01-07 19:30:00,Aspect,Conjunction,Venus,Sagittarius,"23°11'18.07""",Mars,Sagittarius,"23°28'37.39""",0,0.2887,0.2887
2026-01-07 19:45:00,Aspect,Conjunction,Sun,Sagittarius,"23°00'02.41""",Venus,Sagittarius,"23°12'05.24""",0,0.2008,0.2008
2026-01-07 19:45:00,Aspect,Conjunction,Sun,Sagittarius,"23°00'02.41""",Mars,Sagittarius,"23°29'06.28""",0,0.4844,0.4844
2026-01-07 19:45:00,Aspect,Opposition,Moon,Leo,"16°48'46.31""",Rahu,Aquarius,"17°36'10.09""",180,179.2101,0.7899
2026-01-07 19:45:00,Aspect,Conjunction,Moon,Leo,"16°48'46.31""",Ketu,Leo,"17°36'10.09""",0,0.7899,0.7899
2026-01-07 19:45:00,Aspect,Conjunction,Venus,Sagittarius,"23°12'05.24""",Mars,Sagittarius,"23°29'06.28""",0,0.2836,0.2836
2026-01-07 20:00:00,Aspect,Conjunction,Sun,Sagittarius,"23°00'40.62""",Venus,Sagittarius,"23°12'52.42""",0,0.2033,0.2033
2026-01-07 20:00:00,Aspect,Conjunction,Sun,Sagittarius,"23°00'40.62""",Mars,Sagittarius,"23°29'35.18""",0,0.4818,0.4818
2026-01-07 20:00:00,Aspect,Opposition,Moon,Leo,"16°57'00.68""",Rahu,Aquarius,"17°36'08.10""",180,179.3479,0.6521
2026-01-07 20:00:00,Aspect,Conjunction,Moon,Leo,"16°57'00.68""",Ketu,Leo,"17°36'08.10""",0,0.6521,0.6521
2026-01-07 20:00:00,Aspect,Conjunction,Venus,Sagittarius,"23°12'52.42""",Mars,Sagittarius,"23°29'35.18""",0,0.2785,0.2785
2026-01-07 20:15:00,Aspect,Conjunction,Sun,Sagittarius,"23°01'18.83""",Venus,Sagittarius,"23°13'39.59""",0,0.2058,0.2058
2026-01-07 20:15:00,Aspect,Conjunction,Sun,Sagittarius,"23°01'18.83""",Mars,Sagittarius,"23°30'04.07""",0,0.4792,0.4792
2026-01-07 20:15:00,Aspect,Opposition,Moon,Leo,"17°05'14.88""",Rahu,Aquarius,"17°36'06.12""",180,179.4858,0.5142
2026-01-07 20:15:00,Aspect,Conjunction,Moon,Leo,"17°05'14.88""",Ketu,Leo,"17°36'06.12""",0,0.5142,0.5142
2026-01-07 20:15:00,Aspect,Conjunction,Venus,Sagittarius,"23°13'39.59""",Mars,Sagittarius,"23°30'04.07""",0,0.2735,0.2735
2026-01-07 20:30:00,Aspect,Conjunction,Sun,Sagittarius,"23°01'57.03""",Venus,Sagittarius,"23°14'26.76""",0,0.2083,0.2083
2026-01-07 20:30:00,Aspect,Conjunction,Sun,Sagittarius,"23°01'57.03""",Mars,Sagittarius,"23°30'32.97""",0,0.4766,0.4766
2026-01-07 20:30:00,Aspect,Opposition,Moon,Leo,"17°13'28.90""",Rahu,Aquarius,"17°36'04.13""",180,179.6235,0.3765
2026-01-07 20:30:00,Aspect,Conjunction,Moon,Leo,"17°13'28.90""",Ketu,Leo,"17°36'04.13""",0,0.3765,0.3765
2026-01-07 20:30:00,Aspect,Conjunction,Venus,Sagittarius,"23°14'26.76""",Mars,Sagittarius,"23°30'32.97""",0,0.2684,0.2684
2026-01-07 20:45:00,Aspect,Conjunction,Sun,Sagittarius,"23°02'35.24""",Venus,Sagittarius,"23°15'13.94""",0,0.2107,0.2107
2026-01-07 20:45:00,Aspect,Conjunction,Sun,Sagittarius,"23°02'35.24""",Mars,Sagittarius,"23°31'01.87""",0,0.4741,0.4741
2026-01-07 20:45:00,Aspect,Opposition,Moon,Leo,"17°21'42.75""",Rahu,Aquarius,"17°36'02.14""",180,179.7613,0.2387
2026-01-07 20:45:00,Aspect,Conjunction,Moon,Leo,"17°21'42.75""",Ketu,Leo,"17°36'02.14""",0,0.2387,0.2387
2026-01-07 20:45:00,Aspect,Conjunction,Venus,Sagittarius,"23°15'13.94""",Mars,Sagittarius,"23°31'01.87""",0,0.2633,0.2633
2026-01-07 21:00:00,Aspect,Conjunction,Sun,Sagittarius,"23°03'13.45""",Venus,Sagittarius,"23°16'01.11""",0,0.2132,0.2132
2026-01-07 21:00:00,Aspect,Conjunction,Sun,Sagittarius,"23°03'13.45""",Mars,Sagittarius,"23°31'30.76""",0,0.4715,0.4715
2026-01-07 21:00:00,Aspect,Opposition,Moon,Leo,"17°29'56.42""",Rahu,Aquarius,"17°36'00.15""",180,179.899,0.101
2026-01-07 21:00:00,Aspect,Conjunction,Moon,Leo,"17°29'56.42""",Ketu,Leo,"17°36'00.15""",0,0.101,0.101
2026-01-07 21:00:00,Aspect,Conjunction,Venus,Sagittarius,"23°16'01.11""",Mars,Sagittarius,"23°31'30.76""",0,0.2582,0.2582
2026-01-07 21:15:00,Aspect,Conjunction,Sun,Sagittarius,"23°03'51.65""",Venus,Sagittarius,"23°16'48.28""",0,0.2157,0.2157
2026-01-07 21:15:00,Aspect,Conjunction,Sun,Sagittarius,"23°03'51.65""",Mars,Sagittarius,"23°31'59.66""",0,0.4689,0.4689
2026-01-07 21:15:00,Aspect,Opposition,Moon,Leo,"17°38'09.92""",Rahu,Aquarius,"17°35'58.17""",180,179.9634,0.0366
2026-01-07 21:15:00,Aspect,Conjunction,Moon,Leo,"17°38'09.92""",Ketu,Leo,"17°35'58.17""",0,0.0366,0.0366
2026-01-07 21:15:00,Aspect,Conjunction,Venus,Sagittarius,"23°16'48.28""",Mars,Sagittarius,"23°31'59.66""",0,0.2532,0.2532
2026-01-07 21:30:00,Aspect,Conjunction,Sun,Sagittarius,"23°04'29.86""",Venus,Sagittarius,"23°17'35.46""",0,0.2182,0.2182
2026-01-07 21:30:00,Aspect,Conjunction,Sun,Sagittarius,"23°04'29.86""",Mars,Sagittarius,"23°32'28.56""",0,0.4663,0.4663
2026-01-07 21:30:00,Aspect,Opposition,Moon,Leo,"17°46'23.25""",Rahu,Aquarius,"17°35'56.18""",180,179.8258,0.1742
2026-01-07 21:30:00,Aspect,Conjunction,Moon,Leo,"17°46'23.25""",Ketu,Leo,"17°35'56.18""",0,0.1742,0.1742
2026-01-07 21:30:00,Aspect,Conjunction,Venus,Sagittarius,"23°17'35.46""",Mars,Sagittarius,"23°32'28.56""",0,0.2481,0.2481
2026-01-07 21:45:00,Aspect,Conjunction,Sun,Sagittarius,"23°05'08.07""",Venus,Sagittarius,"23°18'22.63""",0,0.2207,0.2207
2026-01-07 21:45:00,Aspect,Conjunction,Sun,Sagittarius,"23°05'08.07""",Mars,Sagittarius,"23°32'57.45""",0,0.4637,0.4637
2026-01-07 21:45:00,Aspect,Opposition,Moon,Leo,"17°54'36.41""",Rahu,Aquarius,"17°35'54.19""",180,179.6883,0.3117
2026-01-07 21:45:00,Aspect,Conjunction,Moon,Leo,"17°54'36.41""",Ketu,Leo,"17°35'54.19""",0,0.3117,0.3117
2026-01-07 21:45:00,Aspect,Conjunction,Venus,Sagittarius,"23°18'22.63""",Mars,Sagittarius,"23°32'57.45""",0,0.243,0.243
2026-01-07 22:00:00,Aspect,Conjunction,Sun,Sagittarius,"23°05'46.27""",Venus,Sagittarius,"23°19'09.80""",0,0.2232,0.2232
2026-01-07 22:00:00,Aspect,Conjunction,Sun,Sagittarius,"23°05'46.27""",Mars,Sagittarius,"23°33'26.35""",0,0.4611,0.4611
2026-01-07 22:00:00,Aspect,Opposition,Moon,Leo,"18°02'49.40""",Rahu,Aquarius,"17°35'52.21""",180,179.5508,0.4492
2026-01-07 22:00:00,Aspect,Conjunction,Moon,Leo,"18°02'49.40""",Ketu,Leo,"17°35'52.21""",0,0.4492,0.4492
2026-01-07 22:00:00,Aspect,Conjunction,Venus,Sagittarius,"23°19'09.80""",Mars,Sagittarius,"23°33'26.35""",0,0.2379,0.2379
2026-01-07 22:15:00,Aspect,Conjunction,Sun,Sagittarius,"23°06'24.48""",Venus,Sagittarius,"23°19'56.98""",0,0.2257,0.2257
2026-01-07 22:15:00,Aspect,Conjunction,Sun,Sagittarius,"23°06'24.48""",Mars,Sagittarius,"23°33'55.25""",0,0.4585,0.4585
2026-01-07 22:15:00,Aspect,Opposition,Moon,Leo,"18°11'02.21""",Rahu,Aquarius,"17°35'50.22""",180,179.4133,0.5867
2026-01-07 22:15:00,Aspect,Conjunction,Moon,Leo,"18°11'02.21""",Ketu,Leo,"17°35'50.22""",0,0.5867,0.5867
2026-01-07 22:15:00,Aspect,Conjunction,Venus,Sagittarius,"23°19'56.98""",Mars,Sagittarius,"23°33'55.25""",0,0.2329,0.2329
2026-01-07 22:30:00,Aspect,Conjunction,Sun,Sagittarius,"23°07'02.69""",Venus,Sagittarius,"23°20'44.15""",0,0.2282,0.2282
2026-01-07 22:30:00,Aspect,Conjunction,Sun,Sagittarius,"23°07'02.69""",Mars,Sagittarius,"23°34'24.15""",0,0.456,0.456
2026-01-07 22:30:00,Aspect,Opposition,Moon,Leo,"18°19'14.85""",Rahu,Aquarius,"17°35'48.23""",180,179.2759,0.7241
2026-01-07 22:30:00,Aspect,Conjunction,Moon,Leo,"18°19'14.85""",Ketu,Leo,"17°35'48.23""",0,0.7241,0.7241
2026-01-07 22:30:00,Aspect,Conjunction,Venus,Sagittarius,"23°20'44.15""",Mars,Sagittarius,"23°34'24.15""",0,0.2278,0.2278
2026-01-07 22:45:00,Aspect,Conjunction,Sun,Sagittarius,"23°07'40.89""",Venus,Sagittarius,"23°21'31.32""",0,0.2307,0.2307
2026-01-07 22:45:00,Aspect,Conjunction,Sun,Sagittarius,"23°07'40.89""",Mars,Sagittarius,"23°34'53.05""",0,0.4534,0.4534
2026-01-07 22:45:00,Aspect,Opposition,Moon,Leo,"18°27'27.31""",Rahu,Aquarius,"17°35'46.24""",180,179.1386,0.8614
2026-01-07 22:45:00,Aspect,Conjunction,Moon,Leo,"18°27'27.31""",Ketu,Leo,"17°35'46.24""",0,0.8614,0.8614
2026-01-07 22:45:00,Aspect,Conjunction,Venus,Sagittarius,"23°21'31.32""",Mars,Sagittarius,"23°34'53.05""",0,0.2227,0.2227
2026-01-07 23:00:00,Aspect,Conjunction,Sun,Sagittarius,"23°08'19.10""",Venus,Sagittarius,"23°22'18.50""",0,0.2332,0.2332
2026-01-07 23:00:00,Aspect,Conjunction,Sun,Sagittarius,"23°08'19.10""",Mars,Sagittarius,"23°35'21.95""",0,0.4508,0.4508
2026-01-07 23:00:00,Aspect,Opposition,Moon,Leo,"18°35'39.61""",Rahu,Aquarius,"17°35'44.26""",180,179.0013,0.9987
2026-01-07 23:00:00,Aspect,Conjunction,Moon,Leo,"18°35'39.61""",Ketu,Leo,"17°35'44.26""",0,0.9987,0.9987
2026-01-07 23:00:00,Aspect,Conjunction,Venus,Sagittarius,"23°22'18.50""",Mars,Sagittarius,"23°35'21.95""",0,0.2176,0.2176
2026-01-07 23:15:00,Aspect,Conjunction,Sun,Sagittarius,"23°08'57.31""",Venus,Sagittarius,"23°23'05.67""",0,0.2357,0.2357
2026-01-07 23:15:00,Aspect,Conjunction,Sun,Sagittarius,"23°08'57.31""",Mars,Sagittarius,"23°35'50.84""",0,0.4482,0.4482
2026-01-07 23:15:00,Aspect,Conjunction,Venus,Sagittarius,"23°23'05.67""",Mars,Sagittarius,"23°35'50.84""",0,0.2125,0.2125
2026-01-07 23:30:00,Aspect,Conjunction,Sun,Sagittarius,"23°09'35.51""",Venus,Sagittarius,"23°23'52.84""",0,0.2381,0.2381
2026-01-07 23:30:00,Aspect,Conjunction,Sun,Sagittarius,"23°09'35.51""",Mars,Sagittarius,"23°36'19.74""",0,0.4456,0.4456
2026-01-07 23:30:00,Aspect,Conjunction,Venus,Sagittarius,"23°23'52.84""",Mars,Sagittarius,"23°36'19.74""",0,0.2075,0.2075
2026-01-07 23:45:00,Aspect,Conjunction,Sun,Sagittarius,"23°10'13.72""",Venus,Sagittarius,"23°24'40.02""",0,0.2406,0.2406
2026-01-07 23:45:00,Aspect,Conjunction,Sun,Sagittarius,"23°10'13.72""",Mars,Sagittarius,"23°36'48.64""",0,0.443,0.443
2026-01-07 23:45:00,Aspect,Conjunction,Venus,Sagittarius,"23°24'40.02""",Mars,Sagittarius,"23°36'48.64""",0,0.2024,0.2024
2026-01-08 00:00:00,Aspect,Conjunction,Sun,Sagittarius,"23°10'51.93""",Venus,Sagittarius,"23°25'27.19""",0,0.2431,0.2431
2026-01-08 00:00:00,Aspect,Conjunction,Sun,Sagittarius,"23°10'51.93""",Mars,Sagittarius,"23°37'17.54""",0,0.4404,0.4404
2026-01-08 00:00:00,Aspect,Conjunction,Venus,Sagittarius,"23°25'27.19""",Mars,Sagittarius,"23°37'17.54""",0,0.1973,0.1973
2026-01-08 00:15:00,Aspect,Conjunction,Sun,Sagittarius,"23°11'30.13""",Venus,Sagittarius,"23°26'14.36""",0,0.2456,0.2456
2026-01-08 00:15:00,Aspect,Conjunction,Sun,Sagittarius,"23°11'30.13""",Mars,Sagittarius,"23°37'46.44""",0,0.4379,0.4379
2026-01-08 00:15:00,Aspect,Conjunction,Venus,Sagittarius,"23°26'14.36""",Mars,Sagittarius,"23°37'46.44""",0,0.1922,0.1922
2026-01-08 00:30:00,Aspect,Conjunction,Sun,Sagittarius,"23°12'08.34""",Venus,Sagittarius,"23°27'01.54""",0,0.2481,0.2481
2026-01-08 00:30:00,Aspect,Conjunction,Sun,Sagittarius,"23°12'08.34""",Mars,Sagittarius,"23°38'15.34""",0,0.4353,0.4353
2026-01-08 00:30:00,Aspect,Conjunction,Venus,Sagittarius,"23°27'01.54""",Mars,Sagittarius,"23°38'15.34""",0,0.1872,0.1872
2026-01-08 00:45:00,Aspect,Conjunction,Sun,Sagittarius,"23°12'46.55""",Venus,Sagittarius,"23°27'48.71""",0,0.2506,0.2506
2026-01-08 00:45:00,Aspect,Conjunction,Sun,Sagittarius,"23°12'46.55""",Mars,Sagittarius,"23°38'44.24""",0,0.4327,0.4327
2026-01-08 00:45:00,Aspect,Conjunction,Venus,Sagittarius,"23°27'48.71""",Mars,Sagittarius,"23°38'44.24""",0,0.1821,0.1821
2026-01-08 01:00:00,Aspect,Conjunction,Sun,Sagittarius,"23°13'24.75""",Venus,Sagittarius,"23°28'35.88""",0,0.2531,0.2531
2026-01-08 01:00:00,Aspect,Conjunction,Sun,Sagittarius,"23°13'24.75""",Mars,Sagittarius,"23°39'13.14""",0,0.4301,0.4301
2026-01-08 01:00:00,Aspect,Conjunction,Venus,Sagittarius,"23°28'35.88""",Mars,Sagittarius,"23°39'13.14""",0,0.177,0.177
2026-01-08 01:15:00,Aspect,Conjunction,Sun,Sagittarius,"23°14'02.96""",Venus,Sagittarius,"23°29'23.06""",0,0.2556,0.2556
2026-01-08 01:15:00,Aspect,Conjunction,Sun,Sagittarius,"23°14'02.96""",Mars,Sagittarius,"23°39'42.05""",0,0.4275,0.4275
2026-01-08 01:15:00,Aspect,Conjunction,Venus,Sagittarius,"23°29'23.06""",Mars,Sagittarius,"23°39'42.05""",0,0.1719,0.1719
2026-01-08 01:30:00,Aspect,Conjunction,Sun,Sagittarius,"23°14'41.17""",Venus,Sagittarius,"23°30'10.23""",0,0.2581,0.2581
2026-01-08 01:30:00,Aspect,Conjunction,Sun,Sagittarius,"23°14'41.17""",Mars,Sagittarius,"23°40'10.95""",0,0.4249,0.4249
2026-01-08 01:30:00,Aspect,Conjunction,Venus,Sagittarius,"23°30'10.23""",Mars,Sagittarius,"23°40'10.95""",0,0.1669,0.1669
2026-01-08 01:45:00,Aspect,Conjunction,Sun,Sagittarius,"23°15'19.37""",Venus,Sagittarius,"23°30'57.40""",0,0.2606,0.2606
2026-01-08 01:45:00,Aspect,Conjunction,Sun,Sagittarius,"23°15'19.37""",Mars,Sagittarius,"23°40'39.85""",0,0.4224,0.4224
2026-01-08 01:45:00,Aspect,Conjunction,Venus,Sagittarius,"23°30'57.40""",Mars,Sagittarius,"23°40'39.85""",0,0.1618,0.1618
2026-01-08 02:00:00,Aspect,Conjunction,Sun,Sagittarius,"23°15'57.58""",Venus,Sagittarius,"23°31'44.57""",0,0.2631,0.2631
2026-01-08 02:00:00,Aspect,Conjunction,Sun,Sagittarius,"23°15'57.58""",Mars,Sagittarius,"23°41'08.75""",0,0.4198,0.4198
2026-01-08 02:00:00,Aspect,Conjunction,Venus,Sagittarius,"23°31'44.57""",Mars,Sagittarius,"23°41'08.75""",0,0.1567,0.1567
2026-01-08 02:15:00,Aspect,Conjunction,Sun,Sagittarius,"23°16'35.79""",Venus,Sagittarius,"23°32'31.75""",0,0.2655,0.2655
2026-01-08 02:15:00,Aspect,Conjunction,Sun,Sagittarius,"23°16'35.79""",Mars,Sagittarius,"23°41'37.65""",0,0.4172,0.4172
2026-01-08 02:15:00,Aspect,Conjunction,Venus,Sagittarius,"23°32'31.75""",Mars,Sagittarius,"23°41'37.65""",0,0.1516,0.1516
2026-01-08 02:30:00,Aspect,Conjunction,Sun,Sagittarius,"23°17'13.99""",Venus,Sagittarius,"23°33'18.92""",0,0.268,0.268
2026-01-08 02:30:00,Aspect,Conjunction,Sun,Sagittarius,"23°17'13.99""",Mars,Sagittarius,"23°42'06.55""",0,0.4146,0.4146
2026-01-08 02:30:00,Aspect,Conjunction,Venus,Sagittarius,"23°33'18.92""",Mars,Sagittarius,"23°42'06.55""",0,0.1466,0.1466
2026-01-08 02:45:00,Aspect,Conjunction,Sun,Sagittarius,"23°17'52.20""",Venus,Sagittarius,"23°34'06.09""",0,0.2705,0.2705
2026-01-08 02:45:00,Aspect,Conjunction,Sun,Sagittarius,"23°17'52.20""",Mars,Sagittarius,"23°42'35.46""",0,0.412,0.412
2026-01-08 02:45:00,Aspect,Conjunction,Venus,Sagittarius,"23°34'06.09""",Mars,Sagittarius,"23°42'35.46""",0,0.1415,0.1415
2026-01-08 03:00:00,Aspect,Conjunction,Sun,Sagittarius,"23°18'30.41""",Venus,Sagittarius,"23°34'53.27""",0,0.273,0.273
2026-01-08 03:00:00,Aspect,Conjunction,Sun,Sagittarius,"23°18'30.41""",Mars,Sagittarius,"23°43'04.36""",0,0.4094,0.4094
2026-01-08 03:00:00,Aspect,Conjunction,Venus,Sagittarius,"23°34'53.27""",Mars,Sagittarius,"23°43'04.36""",0,0.1364,0.1364
2026-01-08 03:15:00,Aspect,Conjunction,Sun,Sagittarius,"23°19'08.62""",Venus,Sagittarius,"23°35'40.44""",0,0.2755,0.2755
2026-01-08 03:15:00,Aspect,Conjunction,Sun,Sagittarius,"23°19'08.62""",Mars,Sagittarius,"23°43'33.26""",0,0.4068,0.4068
2026-01-08 03:15:00,Aspect,Conjunction,Venus,Sagittarius,"23°35'40.44""",Mars,Sagittarius,"23°43'33.26""",0,0.1313,0.1313
2026-01-08 03:30:00,Aspect,Conjunction,Sun,Sagittarius,"23°19'46.82""",Venus,Sagittarius,"23°36'27.61""",0,0.278,0.278
2026-01-08 03:30:00,Aspect,Conjunction,Sun,Sagittarius,"23°19'46.82""",Mars,Sagittarius,"23°44'02.17""",0,0.4043,0.4043
2026-01-08 03:30:00,Aspect,Conjunction,Venus,Sagittarius,"23°36'27.61""",Mars,Sagittarius,"23°44'02.17""",0,0.1263,0.1263
2026-01-08 03:45:00,Aspect,Conjunction,Sun,Sagittarius,"23°20'25.03""",Venus,Sagittarius,"23°37'14.79""",0,0.2805,0.2805
2026-01-08 03:45:00,Aspect,Conjunction,Sun,Sagittarius,"23°20'25.03""",Mars,Sagittarius,"23°44'31.07""",0,0.4017,0.4017
2026-01-08 03:45:00,Aspect,Conjunction,Venus,Sagittarius,"23°37'14.79""",Mars,Sagittarius,"23°44'31.07""",0,0.1212,0.1212
2026-01-08 04:00:00,Aspect,Conjunction,Sun,Sagittarius,"23°21'03.24""",Venus,Sagittarius,"23°38'01.96""",0,0.283,0.283
2026-01-08 04:00:00,Aspect,Conjunction,Sun,Sagittarius,"23°21'03.24""",Mars,Sagittarius,"23°44'59.97""",0,0.3991,0.3991
2026-01-08 04:00:00,Aspect,Conjunction,Venus,Sagittarius,"23°38'01.96""",Mars,Sagittarius,"23°44'59.97""",0,0.1161,0.1161
2026-01-08 04:15:00,Aspect,Conjunction,Sun,Sagittarius,"23°21'41.44""",Venus,Sagittarius,"23°38'49.13""",0,0.2855,0.2855
2026-01-08 04:15:00,Aspect,Conjunction,Sun,Sagittarius,"23°21'41.44""",Mars,Sagittarius,"23°45'28.88""",0,0.3965,0.3965
2026-01-08 04:15:00,Aspect,Conjunction,Venus,Sagittarius,"23°38'49.13""",Mars,Sagittarius,"23°45'28.88""",0,0.111,0.111
2026-01-08 04:30:00,Aspect,Conjunction,Sun,Sagittarius,"23°22'19.65""",Venus,Sagittarius,"23°39'36.30""",0,0.288,0.288
2026-01-08 04:30:00,Aspect,Conjunction,Sun,Sagittarius,"23°22'19.65""",Mars,Sagittarius,"23°45'57.78""",0,0.3939,0.3939
2026-01-08 04:30:00,Aspect,Conjunction,Venus,Sagittarius,"23°39'36.30""",Mars,Sagittarius,"23°45'57.78""",0,0.106,0.106
2026-01-08 04:45:00,Aspect,Conjunction,Sun,Sagittarius,"23°22'57.86""",Venus,Sagittarius,"23°40'23.48""",0,0.2905,0.2905
2026-01-08 04:45:00,Aspect,Conjunction,Sun,Sagittarius,"23°22'57.86""",Mars,Sagittarius,"23°46'26.69""",0,0.3913,0.3913
2026-01-08 04:45:00,Aspect,Conjunction,Venus,Sagittarius,"23°40'23.48""",Mars,Sagittarius,"23°46'26.69""",0,0.1009,0.1009
2026-01-08 05:00:00,Aspect,Conjunction,Sun,Sagittarius,"23°23'36.06""",Venus,Sagittarius,"23°41'10.65""",0,0.2929,0.2929
2026-01-08 05:00:00,Aspect,Conjunction,Sun,Sagittarius,"23°23'36.06""",Mars,Sagittarius,"23°46'55.59""",0,0.3888,0.3888
2026-01-08 05:00:00,Aspect,Conjunction,Venus,Sagittarius,"23°41'10.65""",Mars,Sagittarius,"23°46'55.59""",0,0.0958,0.0958
2026-01-08 05:15:00,Aspect,Conjunction,Sun,Sagittarius,"23°24'14.27""",Venus,Sagittarius,"23°41'57.82""",0,0.2954,0.2954
2026-01-08 05:15:00,Aspect,Conjunction,Sun,Sagittarius,"23°24'14.27""",Mars,Sagittarius,"23°47'24.50""",0,0.3862,0.3862
2026-01-08 05:15:00,Aspect,Conjunction,Venus,Sagittarius,"23°41'57.82""",Mars,Sagittarius,"23°47'24.50""",0,0.0907,0.0907
2026-01-08 05:30:00,Aspect,Conjunction,Sun,Sagittarius,"23°24'52.48""",Venus,Sagittarius,"23°42'45.00""",0,0.2979,0.2979
2026-01-08 05:30:00,Aspect,Conjunction,Sun,Sagittarius,"23°24'52.48""",Mars,Sagittarius,"23°47'53.40""",0,0.3836,0.3836
2026-01-08 05:30:00,Aspect,Conjunction,Venus,Sagittarius,"23°42'45.00""",Mars,Sagittarius,"23°47'53.40""",0,0.0857,0.0857
2026-01-08 05:45:00,Aspect,Conjunction,Sun,Sagittarius,"23°25'30.68""",Venus,Sagittarius,"23°43'32.17""",0,0.3004,0.3004
2026-01-08 05:45:00,Aspect,Conjunction,Sun,Sagittarius,"23°25'30.68""",Mars,Sagittarius,"23°48'22.31""",0,0.381,0.381
2026-01-08 05:45:00,Aspect,Conjunction,Venus,Sagittarius,"23°43'32.17""",Mars,Sagittarius,"23°48'22.31""",0,0.0806,0.0806
2026-01-08 06:00:00,Aspect,Conjunction,Sun,Sagittarius,"23°26'08.89""",Venus,Sagittarius,"23°44'19.34""",0,0.3029,0.3029
2026-01-08 06:00:00,Aspect,Conjunction,Sun,Sagittarius,"23°26'08.89""",Mars,Sagittarius,"23°48'51.21""",0,0.3784,0.3784
2026-01-08 06:00:00,Aspect,Conjunction,Venus,Sagittarius,"23°44'19.34""",Mars,Sagittarius,"23°48'51.21""",0,0.0755,0.0755
2026-01-08 06:15:00,Aspect,Trine,Sun,Sagittarius,"23°26'47.10""",Moon,Leo,"22°32'22.34""",120,120.9069,0.9069
2026-01-08 06:15:00,Aspect,Conjunction,Sun,Sagittarius,"23°26'47.10""",Venus,Sagittarius,"23°45'06.51""",0,0.3054,0.3054
2026-01-08 06:15:00,Aspect,Conjunction,Sun,Sagittarius,"23°26'47.10""",Mars,Sagittarius,"23°49'20.12""",0,0.3758,0.3758
2026-01-08 06:15:00,Aspect,Conjunction,Venus,Sagittarius,"23°45'06.51""",Mars,Sagittarius,"23°49'20.12""",0,0.0704,0.0704
2026-01-08 06:30:00,Aspect,Trine,Sun,Sagittarius,"23°27'25.31""",Moon,Leo,"22°40'29.58""",120,120.7821,0.7821
2026-01-08 06:30:00,Aspect,Conjunction,Sun,Sagittarius,"23°27'25.31""",Venus,Sagittarius,"23°45'53.69""",0,0.3079,0.3079
2026-01-08 06:30:00,Aspect,Conjunction,Sun,Sagittarius,"23°27'25.31""",Mars,Sagittarius,"23°49'49.02""",0,0.3733,0.3733
2026-01-08 06:30:00,Aspect,Conjunction,Venus,Sagittarius,"23°45'53.69""",Mars,Sagittarius,"23°49'49.02""",0,0.0654,0.0654
2026-01-08 06:45:00,Aspect,Trine,Sun,Sagittarius,"23°28'03.51""",Moon,Leo,"22°48'36.65""",120,120.6575,0.6575
2026-01-08 06:45:00,Aspect,Conjunction,Sun,Sagittarius,"23°28'03.51""",Venus,Sagittarius,"23°46'40.86""",0,0.3104,0.3104
2026-01-08 06:45:00,Aspect,Conjunction,Sun,Sagittarius,"23°28'03.51""",Mars,Sagittarius,"23°50'17.93""",0,0.3707,0.3707
2026-01-08 06:45:00,Aspect,Trine,Moon,Leo,"22°48'36.65""",Venus,Sagittarius,"23°46'40.86""",120,120.9678,0.9678
2026-01-08 06:45:00,Aspect,Conjunction,Venus,Sagittarius,"23°46'40.86""",Mars,Sagittarius,"23°50'17.93""",0,0.0603,0.0603
2026-01-08 07:00:00,Aspect,Trine,Sun,Sagittarius,"23°28'41.72""",Moon,Leo,"22°56'43.56""",120,120.5328,0.5328
2026-01-08 07:00:00,Aspect,Conjunction,Sun,Sagittarius,"23°28'41.72""",Venus,Sagittarius,"23°47'28.03""",0,0.3129,0.3129
2026-01-08 07:00:00,Aspect,Conjunction,Sun,Sagittarius,"23°28'41.72""",Mars,Sagittarius,"23°50'46.84""",0,0.3681,0.3681
2026-01-08 07:00:00,Aspect,Trine,Moon,Leo,"22°56'43.56""",Venus,Sagittarius,"23°47'28.03""",120,120.8457,0.8457
2026-01-08 07:00:00,Aspect,Trine,Moon,Leo,"22°56'43.56""",Mars,Sagittarius,"23°50'46.84""",120,120.9009,0.9009
2026-01-08 07:00:00,Aspect,Conjunction,Venus,Sagittarius,"23°47'28.03""",Mars,Sagittarius,"23°50'46.84""",0,0.0552,0.0552
2026-01-08 07:15:00,Aspect,Trine,Sun,Sagittarius,"23°29'19.93""",Moon,Leo,"23°04'50.30""",120,120.4082,0.4082
2026-01-08 07:15:00,Aspect,Conjunction,Sun,Sagittarius,"23°29'19.93""",Venus,Sagittarius,"23°48'15.20""",0,0.3154,0.3154
2026-01-08 07:15:00,Aspect,Conjunction,Sun,Sagittarius,"23°29'19.93""",Mars,Sagittarius,"23°51'15.74""",0,0.3655,0.3655
2026-01-08 07:15:00,Aspect,Trine,Moon,Leo,"23°04'50.30""",Venus,Sagittarius,"23°48'15.20""",120,120.7236,0.7236
2026-01-08 07:15:00,Aspect,Trine,Moon,Leo,"23°04'50.30""",Mars,Sagittarius,"23°51'15.74""",120,120.7737,0.7737
2026-01-08 07:15:00,Aspect,Conjunction,Venus,Sagittarius,"23°48'15.20""",Mars,Sagittarius,"23°51'15.74""",0,0.0502,0.0502
2026-01-08 07:30:00,Aspect,Trine,Sun,Sagittarius,"23°29'58.13""",Moon,Leo,"23°12'56.87""",120,120.2837,0.2837
2026-01-08 07:30:00,Aspect,Conjunction,Sun,Sagittarius,"23°29'58.13""",Venus,Sagittarius,"23°49'02.38""",0,0.3178,0.3178
2026-01-08 07:30:00,Aspect,Conjunction,Sun,Sagittarius,"23°29'58.13""",Mars,Sagittarius,"23°51'44.65""",0,0.3629,0.3629
2026-01-08 07:30:00,Aspect,Trine,Moon,Leo,"23°12'56.87""",Venus,Sagittarius,"23°49'02.38""",120,120.6015,0.6015
2026-01-08 07:30:00,Aspect,Trine,Moon,Leo,"23°12'56.87""",Mars,Sagittarius,"23°51'44.65""",120,120.6466,0.6466
2026-01-08 07:30:00,Aspect,Conjunction,Venus,Sagittarius,"23°49'02.38""",Mars,Sagittarius,"23°51'44.65""",0,0.0451,0.0451
2026-01-08 07:45:00,Aspect,Trine,Sun,Sagittarius,"23°30'36.34""",Moon,Leo,"23°21'03.29""",120,120.1592,0.1592
2026-01-08 07:45:00,Aspect,Conjunction,Sun,Sagittarius,"23°30'36.34""",Venus,Sagittarius,"23°49'49.55""",0,0.3203,0.3203
2026-01-08 07:45:00,Aspect,Conjunction,Sun,Sagittarius,"23°30'36.34""",Mars,Sagittarius,"23°52'13.56""",0,0.3603,0.3603
2026-01-08 07:45:00,Aspect,Trine,Moon,Leo,"23°21'03.29""",Venus,Sagittarius,"23°49'49.55""",120,120.4795,0.4795
2026-01-08 07:45:00,Aspect,Trine,Moon,Leo,"23°21'03.29""",Mars,Sagittarius,"23°52'13.56""",120,120.5195,0.5195
2026-01-08 07:45:00,Aspect,Conjunction,Venus,Sagittarius,"23°49'49.55""",Mars,Sagittarius,"23°52'13.56""",0,0.04,0.04
2026-01-08 08:00:00,Aspect,Trine,Sun,Sagittarius,"23°31'14.55""",Moon,Leo,"23°29'09.53""",120,120.0347,0.0347
2026-01-08 08:00:00,Aspect,Conjunction,Sun,Sagittarius,"23°31'14.55""",Venus,Sagittarius,"23°50'36.72""",0,0.3228,0.3228
2026-01-08 08:00:00,Aspect,Conjunction,Sun,Sagittarius,"23°31'14.55""",Mars,Sagittarius,"23°52'42.47""",0,0.3578,0.3578
2026-01-08 08:00:00,Aspect,Trine,Moon,Leo,"23°29'09.53""",Venus,Sagittarius,"23°50'36.72""",120,120.3576,0.3576
2026-01-08 08:00:00,Aspect,Trine,Moon,Leo,"23°29'09.53""",Mars,Sagittarius,"23°52'42.47""",120,120.3925,0.3925
2026-01-08 08:00:00,Aspect,Conjunction,Venus,Sagittarius,"23°50'36.72""",Mars,Sagittarius,"23°52'42.47""",0,0.0349,0.0349
2026-01-08 08:15:00,Aspect,Trine,Sun,Sagittarius,"23°31'52.75""",Moon,Leo,"23°37'15.62""",120,119.9103,0.0897
2026-01-08 08:15:00,Aspect,Conjunction,Sun,Sagittarius,"23°31'52.75""",Venus,Sagittarius,"23°51'23.89""",0,0.3253,0.3253
2026-01-08 08:15:00,Aspect,Conjunction,Sun,Sagittarius,"23°31'52.75""",Mars,Sagittarius,"23°53'11.38""",0,0.3552,0.3552
2026-01-08 08:15:00,Aspect,Trine,Moon,Leo,"23°37'15.62""",Venus,Sagittarius,"23°51'23.89""",120,120.2356,0.2356
2026-01-08 08:15:00,Aspect,Trine,Moon,Leo,"23°37'15.62""",Mars,Sagittarius,"23°53'11.38""",120,120.2655,0.2655
2026-01-08 08:15:00,Aspect,Conjunction,Venus,Sagittarius,"23°51'23.89""",Mars,Sagittarius,"23°53'11.38""",0,0.0299,0.0299
2026-01-08 08:30:00,Aspect,Trine,Sun,Sagittarius,"23°32'30.96""",Moon,Leo,"23°45'21.54""",120,119.786,0.214
2026-01-08 08:30:00,Aspect,Conjunction,Sun,Sagittarius,"23°32'30.96""",Venus,Sagittarius,"23°52'11.07""",0,0.3278,0.3278
2026-01-08 08:30:00,Aspect,Conjunction,Sun,Sagittarius,"23°32'30.96""",Mars,Sagittarius,"23°53'40.28""",0,0.3526,0.3526
2026-01-08 08:30:00,Aspect,Trine,Moon,Leo,"23°45'21.54""",Venus,Sagittarius,"23°52'11.07""",120,120.1138,0.1138
2026-01-08 08:30:00,Aspect,Trine,Moon,Leo,"23°45'21.54""",Mars,Sagittarius,"23°53'40.28""",120,120.1385,0.1385
2026-01-08 08:30:00,Aspect,Conjunction,Venus,Sagittarius,"23°52'11.07""",Mars,Sagittarius,"23°53'40.28""",0,0.0248,0.0248
2026-01-08 08:45:00,Aspect,Trine,Sun,Sagittarius,"23°33'09.17""",Moon,Leo,"23°53'27.30""",120,119.6616,0.3384
2026-01-08 08:45:00,Aspect,Conjunction,Sun,Sagittarius,"23°33'09.17""",Venus,Sagittarius,"23°52'58.24""",0,0.3303,0.3303
2026-01-08 08:45:00,Aspect,Conjunction,Sun,Sagittarius,"23°33'09.17""",Mars,Sagittarius,"23°54'09.19""",0,0.35,0.35
2026-01-08 08:45:00,Aspect,Trine,Moon,Leo,"23°53'27.30""",Venus,Sagittarius,"23°52'58.24""",120,119.9919,0.0081
2026-01-08 08:45:00,Aspect,Trine,Moon,Leo,"23°53'27.30""",Mars,Sagittarius,"23°54'09.19""",120,120.0116,0.0116
2026-01-08 08:45:00,Aspect,Conjunction,Venus,Sagittarius,"23°52'58.24""",Mars,Sagittarius,"23°54'09.19""",0,0.0197,0.0197
2026-01-08 09:00:00,Aspect,Trine,Sun,Sagittarius,"23°33'47.38""",Moon,Leo,"24°01'32.89""",120,119.5374,0.4626
2026-01-08 09:00:00,Aspect,Conjunction,Sun,Sagittarius,"23°33'47.38""",Venus,Sagittarius,"23°53'45.41""",0,0.3328,0.3328
2026-01-08 09:00:00,Aspect,Conjunction,Sun,Sagittarius,"23°33'47.38""",Mars,Sagittarius,"23°54'38.10""",0,0.3474,0.3474
2026-01-08 09:00:00,Aspect,Trine,Moon,Leo,"24°01'32.89""",Venus,Sagittarius,"23°53'45.41""",120,119.8701,0.1299
2026-01-08 09:00:00,Aspect,Trine,Moon,Leo,"24°01'32.89""",Mars,Sagittarius,"23°54'38.10""",120,119.8848,0.1152
2026-01-08 09:00:00,Aspect,Conjunction,Venus,Sagittarius,"23°53'45.41""",Mars,Sagittarius,"23°54'38.10""",0,0.0146,0.0146
2026-01-08 09:15:00,Aspect,Trine,Sun,Sagittarius,"23°34'25.58""",Moon,Leo,"24°09'38.32""",120,119.4131,0.5869
2026-01-08 09:15:00,Aspect,Conjunction,Sun,Sagittarius,"23°34'25.58""",Venus,Sagittarius,"23°54'32.58""",0,0.3353,0.3353
2026-01-08 09:15:00,Aspect,Conjunction,Sun,Sagittarius,"23°34'25.58""",Mars,Sagittarius,"23°55'07.01""",0,0.3448,0.3448
2026-01-08 09:15:00,Aspect,Trine,Moon,Leo,"24°09'38.32""",Venus,Sagittarius,"23°54'32.58""",120,119.7484,0.2516
2026-01-08 09:15:00,Aspect,Trine,Moon,Leo,"24°09'38.32""",Mars,Sagittarius,"23°55'07.01""",120,119.758,0.242
2026-01-08 09:15:00,Aspect,Conjunction,Venus,Sagittarius,"23°54'32.58""",Mars,Sagittarius,"23°55'07.01""",0,0.0096,0.0096
2026-01-08 09:30:00,Aspect,Trine,Sun,Sagittarius,"23°35'03.79""",Moon,Leo,"24°17'43.59""",120,119.2889,0.7111
2026-01-08 09:30:00,Aspect,Conjunction,Sun,Sagittarius,"23°35'03.79""",Venus,Sagittarius,"23°55'19.76""",0,0.3378,0.3378
2026-01-08 09:30:00,Aspect,Conjunction,Sun,Sagittarius,"23°35'03.79""",Mars,Sagittarius,"23°55'35.92""",0,0.3423,0.3423
2026-01-08 09:30:00,Aspect,Trine,Moon,Leo,"24°17'43.59""",Venus,Sagittarius,"23°55'19.76""",120,119.6267,0.3733
2026-01-08 09:30:00,Aspect,Trine,Moon,Leo,"24°17'43.59""",Mars,Sagittarius,"23°55'35.92""",120,119.6312,0.3688
2026-01-08 09:30:00,Aspect,Conjunction,Venus,Sagittarius,"23°55'19.76""",Mars,Sagittarius,"23°55'35.92""",0,0.0045,0.0045
2026-01-08 09:45:00,Aspect,Trine,Sun,Sagittarius,"23°35'42.00""",Moon,Leo,"24°25'48.70""",120,119.1648,0.8352
2026-01-08 09:45:00,Aspect,Conjunction,Sun,Sagittarius,"23°35'42.00""",Venus,Sagittarius,"23°56'06.93""",0,0.3403,0.3403
2026-01-08 09:45:00,Aspect,Conjunction,Sun,Sagittarius,"23°35'42.00""",Mars,Sagittarius,"23°56'04.83""",0,0.3397,0.3397
2026-01-08 09:45:00,Aspect,Trine,Moon,Leo,"24°25'48.70""",Venus,Sagittarius,"23°56'06.93""",120,119.5051,0.4949
2026-01-08 09:45:00,Aspect,Trine,Moon,Leo,"24°25'48.70""",Mars,Sagittarius,"23°56'04.83""",120,119.5045,0.4955
2026-01-08 09:45:00,Aspect,Conjunction,Venus,Sagittarius,"23°56'06.93""",Mars,Sagittarius,"23°56'04.83""",0,0.0006,0.0006
2026-01-08 10:00:00,Aspect,Trine,Sun,Sagittarius,"23°36'20.20""",Moon,Leo,"24°33'53.64""",120,119.0407,0.9593
2026-01-08 10:00:00,Aspect,Conjunction,Sun,Sagittarius,"23°36'20.20""",Venus,Sagittarius,"23°56'54.10""",0,0.3427,0.3427
2026-01-08 10:00:00,Aspect,Conjunction,Sun,Sagittarius,"23°36'20.20""",Mars,Sagittarius,"23°56'33.74""",0,0.3371,0.3371
2026-01-08 10:00:00,Aspect,Trine,Moon,Leo,"24°33'53.64""",Venus,Sagittarius,"23°56'54.10""",120,119.3835,0.6165
2026-01-08 10:00:00,Aspect,Trine,Moon,Leo,"24°33'53.64""",Mars,Sagittarius,"23°56'33.74""",120,119.3778,0.6222
2026-01-08 10:00:00,Aspect,Conjunction,Venus,Sagittarius,"23°56'54.10""",Mars,Sagittarius,"23°56'33.74""",0,0.0057,0.0057
2026-01-08 10:15:00,Aspect,Conjunction,Sun,Sagittarius,"23°36'58.41""",Venus,Sagittarius,"23°57'41.27""",0,0.3452,0.3452
2026-01-08 10:15:00,Aspect,Conjunction,Sun,Sagittarius,"23°36'58.41""",Mars,Sagittarius,"23°57'02.65""",0,0.3345,0.3345
2026-01-08 10:15:00,Aspect,Trine,Moon,Leo,"24°41'58.42""",Venus,Sagittarius,"23°57'41.27""",120,119.2619,0.7381
2026-01-08 10:15:00,Aspect,Trine,Moon,Leo,"24°41'58.42""",Mars,Sagittarius,"23°57'02.65""",120,119.2512,0.7488
2026-01-08 10:15:00,Aspect,Conjunction,Venus,Sagittarius,"23°57'41.27""",Mars,Sagittarius,"23°57'02.65""",0,0.0107,0.0107
2026-01-08 10:30:00,Aspect,Conjunction,Sun,Sagittarius,"23°37'36.62""",Venus,Sagittarius,"23°58'28.45""",0,0.3477,0.3477
2026-01-08 10:30:00,Aspect,Conjunction,Sun,Sagittarius,"23°37'36.62""",Mars,Sagittarius,"23°57'31.56""",0,0.3319,0.3319
2026-01-08 10:30:00,Aspect,Trine,Moon,Leo,"24°50'03.04""",Venus,Sagittarius,"23°58'28.45""",120,119.1404,0.8596
2026-01-08 10:30:00,Aspect,Trine,Moon,Leo,"24°50'03.04""",Mars,Sagittarius,"23°57'31.56""",120,119.1246,0.8754
2026-01-08 10:30:00,Aspect,Conjunction,Venus,Sagittarius,"23°58'28.45""",Mars,Sagittarius,"23°57'31.56""",0,0.0158,0.0158
2026-01-08 10:45:00,Aspect,Conjunction,Sun,Sagittarius,"23°38'14.83""",Venus,Sagittarius,"23°59'15.62""",0,0.3502,0.3502
2026-01-08 10:45:00,Aspect,Conjunction,Sun,Sagittarius,"23°38'14.83""",Mars,Sagittarius,"23°58'00.47""",0,0.3293,0.3293
2026-01-08 10:45:00,Aspect,Trine,Moon,Leo,"24°58'07.50""",Venus,Sagittarius,"23°59'15.62""",120,119.0189,0.9811
2026-01-08 10:45:00,Aspect,Conjunction,Venus,Sagittarius,"23°59'15.62""",Mars,Sagittarius,"23°58'00.47""",0,0.0209,0.0209
2026-01-08 11:00:00,Aspect,Conjunction,Sun,Sagittarius,"23°38'53.03""",Venus,Sagittarius,"24°00'02.79""",0,0.3527,0.3527
2026-01-08 11:00:00,Aspect,Conjunction,Sun,Sagittarius,"23°38'53.03""",Mars,Sagittarius,"23°58'29.38""",0,0.3268,0.3268
2026-01-08 11:00:00,Aspect,Conjunction,Venus,Sagittarius,"24°00'02.79""",Mars,Sagittarius,"23°58'29.38""",0,0.0259,0.0259
2026-01-08 11:15:00,Aspect,Conjunction,Sun,Sagittarius,"23°39'31.24""",Venus,Sagittarius,"24°00'49.96""",0,0.3552,0.3552
2026-01-08 11:15:00,Aspect,Conjunction,Sun,Sagittarius,"23°39'31.24""",Mars,Sagittarius,"23°58'58.29""",0,0.3242,0.3242
2026-01-08 11:15:00,Aspect,Sextitle,Moon,Leo,"25°14'15.94""",Jupiter,Gemini,"26°10'49.63""",60,59.0573,0.9427
2026-01-08 11:15:00,Aspect,Conjunction,Venus,Sagittarius,"24°00'49.96""",Mars,Sagittarius,"23°58'58.29""",0,0.031,0.031
2026-01-08 11:30:00,Aspect,Conjunction,Sun,Sagittarius,"23°40'09.45""",Venus,Sagittarius,"24°01'37.14""",0,0.3577,0.3577
2026-01-08 11:30:00,Aspect,Conjunction,Sun,Sagittarius,"23°40'09.45""",Mars,Sagittarius,"23°59'27.20""",0,0.3216,0.3216
2026-01-08 11:30:00,Aspect,Sextitle,Moon,Leo,"25°22'19.91""",Jupiter,Gemini,"26°10'44.57""",60,59.1931,0.8069
2026-01-08 11:30:00,Aspect,Conjunction,Venus,Sagittarius,"24°01'37.14""",Mars,Sagittarius,"23°59'27.20""",0,0.0361,0.0361
2026-01-08 11:45:00,Aspect,Conjunction,Sun,Sagittarius,"23°40'47.65""",Venus,Sagittarius,"24°02'24.31""",0,0.3602,0.3602
2026-01-08 11:45:00,Aspect,Conjunction,Sun,Sagittarius,"23°40'47.65""",Mars,Sagittarius,"23°59'56.11""",0,0.319,0.319
2026-01-08 11:45:00,Aspect,Sextitle,Moon,Leo,"25°30'23.73""",Jupiter,Gemini,"26°10'39.52""",60,59.3289,0.6711
2026-01-08 11:45:00,Aspect,Conjunction,Venus,Sagittarius,"24°02'24.31""",Mars,Sagittarius,"23°59'56.11""",0,0.0412,0.0412
2026-01-08 12:00:00,Aspect,Conjunction,Sun,Sagittarius,"23°41'25.86""",Venus,Sagittarius,"24°03'11.48""",0,0.3627,0.3627
2026-01-08 12:00:00,Aspect,Conjunction,Sun,Sagittarius,"23°41'25.86""",Mars,Sagittarius,"24°00'25.03""",0,0.3164,0.3164
2026-01-08 12:00:00,Aspect,Sextitle,Moon,Leo,"25°38'27.38""",Jupiter,Gemini,"26°10'34.47""",60,59.4647,0.5353
2026-01-08 12:00:00,Aspect,Conjunction,Venus,Sagittarius,"24°03'11.48""",Mars,Sagittarius,"24°00'25.03""",0,0.0462,0.0462
2026-01-08 12:15:00,Aspect,Conjunction,Sun,Sagittarius,"23°42'04.07""",Venus,Sagittarius,"24°03'58.65""",0,0.3652,0.3652
2026-01-08 12:15:00,Aspect,Conjunction,Sun,Sagittarius,"23°42'04.07""",Mars,Sagittarius,"24°00'53.94""",0,0.3139,0.3139
2026-01-08 12:15:00,Aspect,Sextitle,Moon,Leo,"25°46'30.88""",Jupiter,Gemini,"26°10'29.41""",60,59.6004,0.3996
2026-01-08 12:15:00,Aspect,Conjunction,Venus,Sagittarius,"24°03'58.65""",Mars,Sagittarius,"24°00'53.94""",0,0.0513,0.0513
2026-01-08 12:30:00,Aspect,Conjunction,Sun,Sagittarius,"23°42'42.28""",Venus,Sagittarius,"24°04'45.83""",0,0.3677,0.3677
2026-01-08 12:30:00,Aspect,Conjunction,Sun,Sagittarius,"23°42'42.28""",Mars,Sagittarius,"24°01'22.85""",0,0.3113,0.3113
2026-01-08 12:30:00,Aspect,Sextitle,Moon,Leo,"25°54'34.21""",Jupiter,Gemini,"26°10'24.36""",60,59.7361,0.2639
2026-01-08 12:30:00,Aspect,Conjunction,Venus,Sagittarius,"24°04'45.83""",Mars,Sagittarius,"24°01'22.85""",0,0.0564,0.0564
2026-01-08 12:45:00,Aspect,Conjunction,Sun,Sagittarius,"23°43'20.48""",Venus,Sagittarius,"24°05'33.00""",0,0.3701,0.3701
2026-01-08 12:45:00,Aspect,Conjunction,Sun,Sagittarius,"23°43'20.48""",Mars,Sagittarius,"24°01'51.76""",0,0.3087,0.3087
2026-01-08 12:45:00,Aspect,Sextitle,Moon,Leo,"26°02'37.39""",Jupiter,Gemini,"26°10'19.30""",60,59.8717,0.1283
2026-01-08 12:45:00,Aspect,Conjunction,Venus,Sagittarius,"24°05'33.00""",Mars,Sagittarius,"24°01'51.76""",0,0.0615,0.0615
2026-01-08 13:00:00,Aspect,Conjunction,Sun,Sagittarius,"23°43'58.69""",Venus,Sagittarius,"24°06'20.17""",0,0.3726,0.3726
2026-01-08 13:00:00,Aspect,Conjunction,Sun,Sagittarius,"23°43'58.69""",Mars,Sagittarius,"24°02'20.67""",0,0.3061,0.3061
2026-01-08 13:00:00,Aspect,Sextitle,Moon,Leo,"26°10'40.41""",Jupiter,Gemini,"26°10'14.25""",60,60.0073,0.0073
2026-01-08 13:00:00,Aspect,Conjunction,Venus,Sagittarius,"24°06'20.17""",Mars,Sagittarius,"24°02'20.67""",0,0.0665,0.0665
2026-01-08 13:15:00,Aspect,Conjunction,Sun,Sagittarius,"23°44'36.90""",Venus,Sagittarius,"24°07'07.34""",0,0.3751,0.3751
2026-01-08 13:15:00,Aspect,Conjunction,Sun,Sagittarius,"23°44'36.90""",Mars,Sagittarius,"24°02'49.59""",0,0.3035,0.3035
2026-01-08 13:15:00,Aspect,Sextitle,Moon,Leo,"26°18'43.26""",Jupiter,Gemini,"26°10'09.19""",60,60.1428,0.1428
2026-01-08 13:15:00,Aspect,Conjunction,Venus,Sagittarius,"24°07'07.34""",Mars,Sagittarius,"24°02'49.59""",0,0.0716,0.0716
2026-01-08 13:30:00,Aspect,Conjunction,Sun,Sagittarius,"23°45'15.10""",Venus,Sagittarius,"24°07'54.52""",0,0.3776,0.3776
2026-01-08 13:30:00,Aspect,Conjunction,Sun,Sagittarius,"23°45'15.10""",Mars,Sagittarius,"24°03'18.50""",0,0.3009,0.3009
2026-01-08 13:30:00,Aspect,Sextitle,Moon,Leo,"26°26'45.96""",Jupiter,Gemini,"26°10'04.14""",60,60.2783,0.2783
2026-01-08 13:30:00,Aspect,Conjunction,Venus,Sagittarius,"24°07'54.52""",Mars,Sagittarius,"24°03'18.50""",0,0.0767,0.0767
2026-01-08 13:45:00,Aspect,Conjunction,Sun,Sagittarius,"23°45'53.31""",Venus,Sagittarius,"24°08'41.69""",0,0.3801,0.3801
2026-01-08 13:45:00,Aspect,Conjunction,Sun,Sagittarius,"23°45'53.31""",Mars,Sagittarius,"24°03'47.41""",0,0.2984,0.2984
2026-01-08 13:45:00,Aspect,Sextitle,Moon,Leo,"26°34'48.50""",Jupiter,Gemini,"26°09'59.08""",60,60.4137,0.4137
2026-01-08 13:45:00,Aspect,Conjunction,Venus,Sagittarius,"24°08'41.69""",Mars,Sagittarius,"24°03'47.41""",0,0.0817,0.0817
2026-01-08 14:00:00,Aspect,Conjunction,Sun,Sagittarius,"23°46'31.52""",Venus,Sagittarius,"24°09'28.86""",0,0.3826,0.3826
2026-01-08 14:00:00,Aspect,Conjunction,Sun,Sagittarius,"23°46'31.52""",Mars,Sagittarius,"24°04'16.33""",0,0.2958,0.2958
2026-01-08 14:00:00,Aspect,Sextitle,Moon,Leo,"26°42'50.89""",Jupiter,Gemini,"26°09'54.03""",60,60.5491,0.5491
2026-01-08 14:00:00,Aspect,Conjunction,Venus,Sagittarius,"24°09'28.86""",Mars,Sagittarius,"24°04'16.33""",0,0.0868,0.0868
2026-01-08 14:15:00,Aspect,Conjunction,Sun,Sagittarius,"23°47'09.73""",Venus,Sagittarius,"24°10'16.03""",0,0.3851,0.3851
2026-01-08 14:15:00,Aspect,Conjunction,Sun,Sagittarius,"23°47'09.73""",Mars,Sagittarius,"24°04'45.24""",0,0.2932,0.2932
2026-01-08 14:15:00,Aspect,Sextitle,Moon,Leo,"26°50'53.11""",Jupiter,Gemini,"26°09'48.98""",60,60.6845,0.6845
2026-01-08 14:15:00,Aspect,Conjunction,Venus,Sagittarius,"24°10'16.03""",Mars,Sagittarius,"24°04'45.24""",0,0.0919,0.0919
2026-01-08 14:30:00,Aspect,Conjunction,Sun,Sagittarius,"23°47'47.93""",Venus,Sagittarius,"24°11'03.20""",0,0.3876,0.3876
2026-01-08 14:30:00,Aspect,Conjunction,Sun,Sagittarius,"23°47'47.93""",Mars,Sagittarius,"24°05'14.16""",0,0.2906,0.2906
2026-01-08 14:30:00,Aspect,Sextitle,Moon,Leo,"26°58'55.18""",Jupiter,Gemini,"26°09'43.92""",60,60.8198,0.8198
2026-01-08 14:30:00,Aspect,Conjunction,Venus,Sagittarius,"24°11'03.20""",Mars,Sagittarius,"24°05'14.16""",0,0.097,0.097
2026-01-08 14:45:00,Aspect,Conjunction,Sun,Sagittarius,"23°48'26.14""",Venus,Sagittarius,"24°11'50.38""",0,0.3901,0.3901
2026-01-08 14:45:00,Aspect,Conjunction,Sun,Sagittarius,"23°48'26.14""",Mars,Sagittarius,"24°05'43.07""",0,0.288,0.288
2026-01-08 14:45:00,Aspect,Sextitle,Moon,Leo,"27°06'57.09""",Jupiter,Gemini,"26°09'38.87""",60,60.9551,0.9551
2026-01-08 14:45:00,Aspect,Conjunction,Venus,Sagittarius,"24°11'50.38""",Mars,Sagittarius,"24°05'43.07""",0,0.102,0.102
2026-01-08 15:00:00,Aspect,Conjunction,Sun,Sagittarius,"23°49'04.35""",Venus,Sagittarius,"24°12'37.55""",0,0.3926,0.3926
2026-01-08 15:00:00,Aspect,Conjunction,Sun,Sagittarius,"23°49'04.35""",Mars,Sagittarius,"24°06'11.99""",0,0.2855,0.2855
2026-01-08 15:00:00,Aspect,Conjunction,Venus,Sagittarius,"24°12'37.55""",Mars,Sagittarius,"24°06'11.99""",0,0.1071,0.1071
2026-01-08 15:15:00,Aspect,Conjunction,Sun,Sagittarius,"23°49'42.56""",Venus,Sagittarius,"24°13'24.72""",0,0.395,0.395
2026-01-08 15:15:00,Aspect,Conjunction,Sun,Sagittarius,"23°49'42.56""",Mars,Sagittarius,"24°06'40.90""",0,0.2829,0.2829
2026-01-08 15:15:00,Aspect,Conjunction,Venus,Sagittarius,"24°13'24.72""",Mars,Sagittarius,"24°06'40.90""",0,0.1122,0.1122
2026-01-08 15:30:00,Aspect,Conjunction,Sun,Sagittarius,"23°50'20.76""",Venus,Sagittarius,"24°14'11.89""",0,0.3975,0.3975
2026-01-08 15:30:00,Aspect,Conjunction,Sun,Sagittarius,"23°50'20.76""",Mars,Sagittarius,"24°07'09.82""",0,0.2803,0.2803
2026-01-08 15:30:00,Aspect,Conjunction,Venus,Sagittarius,"24°14'11.89""",Mars,Sagittarius,"24°07'09.82""",0,0.1172,0.1172
2026-01-08 15:45:00,Aspect,Conjunction,Sun,Sagittarius,"23°50'58.97""",Venus,Sagittarius,"24°14'59.06""",0,0.4,0.4
2026-01-08 15:45:00,Aspect,Conjunction,Sun,Sagittarius,"23°50'58.97""",Mars,Sagittarius,"24°07'38.73""",0,0.2777,0.2777
2026-01-08 15:45:00,Aspect,Conjunction,Venus,Sagittarius,"24°14'59.06""",Mars,Sagittarius,"24°07'38.73""",0,0.1223,0.1223
2026-01-08 16:00:00,Aspect,Conjunction,Sun,Sagittarius,"23°51'37.18""",Venus,Sagittarius,"24°15'46.24""",0,0.4025,0.4025
2026-01-08 16:00:00,Aspect,Conjunction,Sun,Sagittarius,"23°51'37.18""",Mars,Sagittarius,"24°08'07.65""",0,0.2751,0.2751
2026-01-08 16:00:00,Aspect,Conjunction,Venus,Sagittarius,"24°15'46.24""",Mars,Sagittarius,"24°08'07.65""",0,0.1274,0.1274
2026-01-08 16:15:00,Aspect,Conjunction,Sun,Sagittarius,"23°52'15.39""",Venus,Sagittarius,"24°16'33.41""",0,0.405,0.405
2026-01-08 16:15:00,Aspect,Conjunction,Sun,Sagittarius,"23°52'15.39""",Mars,Sagittarius,"24°08'36.56""",0,0.2725,0.2725
2026-01-08 16:15:00,Aspect,Conjunction,Venus,Sagittarius,"24°16'33.41""",Mars,Sagittarius,"24°08'36.56""",0,0.1325,0.1325
2026-01-08 16:30:00,Aspect,Conjunction,Sun,Sagittarius,"23°52'53.59""",Venus,Sagittarius,"24°17'20.58""",0,0.4075,0.4075
2026-01-08 16:30:00,Aspect,Conjunction,Sun,Sagittarius,"23°52'53.59""",Mars,Sagittarius,"24°09'05.48""",0,0.27,0.27
2026-01-08 16:30:00,Aspect,Conjunction,Venus,Sagittarius,"24°17'20.58""",Mars,Sagittarius,"24°09'05.48""",0,0.1375,0.1375
2026-01-08 16:45:00,Aspect,Conjunction,Sun,Sagittarius,"23°53'31.80""",Venus,Sagittarius,"24°18'07.75""",0,0.41,0.41
2026-01-08 16:45:00,Aspect,Conjunction,Sun,Sagittarius,"23°53'31.80""",Mars,Sagittarius,"24°09'34.40""",0,0.2674,0.2674
2026-01-08 16:45:00,Aspect,Conjunction,Venus,Sagittarius,"24°18'07.75""",Mars,Sagittarius,"24°09'34.40""",0,0.1426,0.1426
2026-01-08 17:00:00,Aspect,Conjunction,Sun,Sagittarius,"23°54'10.01""",Venus,Sagittarius,"24°18'54.93""",0,0.4125,0.4125
2026-01-08 17:00:00,Aspect,Conjunction,Sun,Sagittarius,"23°54'10.01""",Mars,Sagittarius,"24°10'03.31""",0,0.2648,0.2648
2026-01-08 17:00:00,Aspect,Conjunction,Venus,Sagittarius,"24°18'54.93""",Mars,Sagittarius,"24°10'03.31""",0,0.1477,0.1477
2026-01-08 17:15:00,Aspect,Conjunction,Sun,Sagittarius,"23°54'48.21""",Venus,Sagittarius,"24°19'42.10""",0,0.415,0.415
2026-01-08 17:15:00,Aspect,Conjunction,Sun,Sagittarius,"23°54'48.21""",Mars,Sagittarius,"24°10'32.23""",0,0.2622,0.2622
2026-01-08 17:15:00,Aspect,Conjunction,Venus,Sagittarius,"24°19'42.10""",Mars,Sagittarius,"24°10'32.23""",0,0.1527,0.1527
2026-01-08 17:30:00,Aspect,Conjunction,Sun,Sagittarius,"23°55'26.42""",Venus,Sagittarius,"24°20'29.27""",0,0.4175,0.4175
2026-01-08 17:30:00,Aspect,Conjunction,Sun,Sagittarius,"23°55'26.42""",Mars,Sagittarius,"24°11'01.15""",0,0.2596,0.2596
2026-01-08 17:30:00,Aspect,Conjunction,Venus,Sagittarius,"24°20'29.27""",Mars,Sagittarius,"24°11'01.15""",0,0.1578,0.1578
2026-01-08 17:45:00,Aspect,Conjunction,Sun,Sagittarius,"23°56'04.63""",Venus,Sagittarius,"24°21'16.44""",0,0.4199,0.4199
2026-01-08 17:45:00,Aspect,Conjunction,Sun,Sagittarius,"23°56'04.63""",Mars,Sagittarius,"24°11'30.06""",0,0.2571,0.2571
2026-01-08 17:45:00,Aspect,Conjunction,Venus,Sagittarius,"24°21'16.44""",Mars,Sagittarius,"24°11'30.06""",0,0.1629,0.1629
2026-01-08 18:00:00,Aspect,Conjunction,Sun,Sagittarius,"23°56'42.84""",Venus,Sagittarius,"24°22'03.61""",0,0.4224,0.4224
2026-01-08 18:00:00,Aspect,Conjunction,Sun,Sagittarius,"23°56'42.84""",Mars,Sagittarius,"24°11'58.98""",0,0.2545,0.2545
2026-01-08 18:00:00,Aspect,Conjunction,Venus,Sagittarius,"24°22'03.61""",Mars,Sagittarius,"24°11'58.98""",0,0.168,0.168
2026-01-08 18:15:00,Aspect,Conjunction,Sun,Sagittarius,"23°57'21.04""",Venus,Sagittarius,"24°22'50.79""",0,0.4249,0.4249
2026-01-08 18:15:00,Aspect,Conjunction,Sun,Sagittarius,"23°57'21.04""",Mars,Sagittarius,"24°12'27.90""",0,0.2519,0.2519
2026-01-08 18:15:00,Aspect,Conjunction,Venus,Sagittarius,"24°22'50.79""",Mars,Sagittarius,"24°12'27.90""",0,0.173,0.173
2026-01-08 18:30:00,Aspect,Conjunction,Sun,Sagittarius,"23°57'59.25""",Venus,Sagittarius,"24°23'37.96""",0,0.4274,0.4274
2026-01-08 18:30:00,Aspect,Conjunction,Sun,Sagittarius,"23°57'59.25""",Mars,Sagittarius,"24°12'56.82""",0,0.2493,0.2493
2026-01-08 18:30:00,Aspect,Conjunction,Venus,Sagittarius,"24°23'37.96""",Mars,Sagittarius,"24°12'56.82""",0,0.1781,0.1781
2026-01-08 18:45:00,Aspect,Conjunction,Sun,Sagittarius,"23°58'37.46""",Venus,Sagittarius,"24°24'25.13""",0,0.4299,0.4299
2026-01-08 18:45:00,Aspect,Conjunction,Sun,Sagittarius,"23°58'37.46""",Mars,Sagittarius,"24°13'25.74""",0,0.2467,0.2467
2026-01-08 18:45:00,Aspect,Conjunction,Venus,Sagittarius,"24°24'25.13""",Mars,Sagittarius,"24°13'25.74""",0,0.1832,0.1832
2026-01-08 19:00:00,Aspect,Conjunction,Sun,Sagittarius,"23°59'15.67""",Venus,Sagittarius,"24°25'12.30""",0,0.4324,0.4324
2026-01-08 19:00:00,Aspect,Conjunction,Sun,Sagittarius,"23°59'15.67""",Mars,Sagittarius,"24°13'54.66""",0,0.2442,0.2442
2026-01-08 19:00:00,Aspect,Conjunction,Venus,Sagittarius,"24°25'12.30""",Mars,Sagittarius,"24°13'54.66""",0,0.1882,0.1882
2026-01-08 19:15:00,Aspect,Conjunction,Sun,Sagittarius,"23°59'53.87""",Venus,Sagittarius,"24°25'59.47""",0,0.4349,0.4349
2026-01-08 19:15:00,Aspect,Conjunction,Sun,Sagittarius,"23°59'53.87""",Mars,Sagittarius,"24°14'23.57""",0,0.2416,0.2416
2026-01-08 19:15:00,Aspect,Conjunction,Venus,Sagittarius,"24°25'59.47""",Mars,Sagittarius,"24°14'23.57""",0,0.1933,0.1933
2026-01-08 19:30:00,Aspect,Conjunction,Sun,Sagittarius,"24°00'32.08""",Venus,Sagittarius,"24°26'46.64""",0,0.4374,0.4374
2026-01-08 19:30:00,Aspect,Conjunction,Sun,Sagittarius,"24°00'32.08""",Mars,Sagittarius,"24°14'52.49""",0,0.239,0.239
2026-01-08 19:30:00,Aspect,Conjunction,Venus,Sagittarius,"24°26'46.64""",Mars,Sagittarius,"24°14'52.49""",0,0.1984,0.1984
2026-01-08 19:45:00,Aspect,Conjunction,Sun,Sagittarius,"24°01'10.29""",Venus,Sagittarius,"24°27'33.82""",0,0.4399,0.4399
2026-01-08 19:45:00,Aspect,Conjunction,Sun,Sagittarius,"24°01'10.29""",Mars,Sagittarius,"24°15'21.41""",0,0.2364,0.2364
2026-01-08 19:45:00,Aspect,Conjunction,Venus,Sagittarius,"24°27'33.82""",Mars,Sagittarius,"24°15'21.41""",0,0.2034,0.2034
2026-01-08 20:00:00,Aspect,Conjunction,Sun,Sagittarius,"24°01'48.50""",Venus,Sagittarius,"24°28'20.99""",0,0.4424,0.4424
2026-01-08 20:00:00,Aspect,Conjunction,Sun,Sagittarius,"24°01'48.50""",Mars,Sagittarius,"24°15'50.33""",0,0.2338,0.2338
2026-01-08 20:00:00,Aspect,Conjunction,Venus,Sagittarius,"24°28'20.99""",Mars,Sagittarius,"24°15'50.33""",0,0.2085,0.2085
2026-01-08 20:15:00,Aspect,Conjunction,Sun,Sagittarius,"24°02'26.70""",Venus,Sagittarius,"24°29'08.16""",0,0.4448,0.4448
2026-01-08 20:15:00,Aspect,Conjunction,Sun,Sagittarius,"24°02'26.70""",Mars,Sagittarius,"24°16'19.25""",0,0.2313,0.2313
2026-01-08 20:15:00,Aspect,Conjunction,Venus,Sagittarius,"24°29'08.16""",Mars,Sagittarius,"24°16'19.25""",0,0.2136,0.2136
2026-01-08 20:30:00,Aspect,Conjunction,Sun,Sagittarius,"24°03'04.91""",Venus,Sagittarius,"24°29'55.33""",0,0.4473,0.4473
2026-01-08 20:30:00,Aspect,Conjunction,Sun,Sagittarius,"24°03'04.91""",Mars,Sagittarius,"24°16'48.17""",0,0.2287,0.2287
2026-01-08 20:30:00,Aspect,Conjunction,Venus,Sagittarius,"24°29'55.33""",Mars,Sagittarius,"24°16'48.17""",0,0.2187,0.2187
2026-01-08 20:45:00,Aspect,Conjunction,Sun,Sagittarius,"24°03'43.12""",Venus,Sagittarius,"24°30'42.50""",0,0.4498,0.4498
2026-01-08 20:45:00,Aspect,Conjunction,Sun,Sagittarius,"24°03'43.12""",Mars,Sagittarius,"24°17'17.09""",0,0.2261,0.2261
2026-01-08 20:45:00,Aspect,Conjunction,Venus,Sagittarius,"24°30'42.50""",Mars,Sagittarius,"24°17'17.09""",0,0.2237,0.2237
2026-01-08 21:00:00,Aspect,Conjunction,Sun,Sagittarius,"24°04'21.33""",Venus,Sagittarius,"24°31'29.68""",0,0.4523,0.4523
2026-01-08 21:00:00,Aspect,Conjunction,Sun,Sagittarius,"24°04'21.33""",Mars,Sagittarius,"24°17'46.01""",0,0.2235,0.2235
2026-01-08 21:00:00,Aspect,Conjunction,Venus,Sagittarius,"24°31'29.68""",Mars,Sagittarius,"24°17'46.01""",0,0.2288,0.2288
2026-01-08 21:15:00,Aspect,Conjunction,Sun,Sagittarius,"24°04'59.53""",Venus,Sagittarius,"24°32'16.85""",0,0.4548,0.4548
2026-01-08 21:15:00,Aspect,Conjunction,Sun,Sagittarius,"24°04'59.53""",Mars,Sagittarius,"24°18'14.93""",0,0.2209,0.2209
2026-01-08 21:15:00,Aspect,Conjunction,Venus,Sagittarius,"24°32'16.85""",Mars,Sagittarius,"24°18'14.93""",0,0.2339,0.2339
2026-01-08 21:30:00,Aspect,Conjunction,Sun,Sagittarius,"24°05'37.74""",Venus,Sagittarius,"24°33'04.02""",0,0.4573,0.4573
2026-01-08 21:30:00,Aspect,Conjunction,Sun,Sagittarius,"24°05'37.74""",Mars,Sagittarius,"24°18'43.86""",0,0.2184,0.2184
2026-01-08 21:30:00,Aspect,Conjunction,Venus,Sagittarius,"24°33'04.02""",Mars,Sagittarius,"24°18'43.86""",0,0.2389,0.2389
2026-01-08 21:45:00,Aspect,Conjunction,Sun,Sagittarius,"24°06'15.95""",Venus,Sagittarius,"24°33'51.19""",0,0.4598,0.4598
2026-01-08 21:45:00,Aspect,Conjunction,Sun,Sagittarius,"24°06'15.95""",Mars,Sagittarius,"24°19'12.78""",0,0.2158,0.2158
2026-01-08 21:45:00,Aspect,Conjunction,Venus,Sagittarius,"24°33'51.19""",Mars,Sagittarius,"24°19'12.78""",0,0.244,0.244
2026-01-08 22:00:00,Aspect,Conjunction,Sun,Sagittarius,"24°06'54.16""",Venus,Sagittarius,"24°34'38.36""",0,0.4623,0.4623
2026-01-08 22:00:00,Aspect,Conjunction,Sun,Sagittarius,"24°06'54.16""",Mars,Sagittarius,"24°19'41.70""",0,0.2132,0.2132
2026-01-08 22:00:00,Aspect,Conjunction,Venus,Sagittarius,"24°34'38.36""",Mars,Sagittarius,"24°19'41.70""",0,0.2491,0.2491
2026-01-08 22:15:00,Aspect,Conjunction,Sun,Sagittarius,"24°07'32.36""",Venus,Sagittarius,"24°35'25.53""",0,0.4648,0.4648
2026-01-08 22:15:00,Aspect,Conjunction,Sun,Sagittarius,"24°07'32.36""",Mars,Sagittarius,"24°20'10.62""",0,0.2106,0.2106
2026-01-08 22:15:00,Aspect,Conjunction,Venus,Sagittarius,"24°35'25.53""",Mars,Sagittarius,"24°20'10.62""",0,0.2541,0.2541
2026-01-08 22:30:00,Aspect,Conjunction,Sun,Sagittarius,"24°08'10.57""",Venus,Sagittarius,"24°36'12.71""",0,0.4673,0.4673
2026-01-08 22:30:00,Aspect,Conjunction,Sun,Sagittarius,"24°08'10.57""",Mars,Sagittarius,"24°20'39.54""",0,0.208,0.208
2026-01-08 22:30:00,Aspect,Conjunction,Venus,Sagittarius,"24°36'12.71""",Mars,Sagittarius,"24°20'39.54""",0,0.2592,0.2592
2026-01-08 22:45:00,Aspect,Conjunction,Sun,Sagittarius,"24°08'48.78""",Venus,Sagittarius,"24°36'59.88""",0,0.4697,0.4697
2026-01-08 22:45:00,Aspect,Conjunction,Sun,Sagittarius,"24°08'48.78""",Mars,Sagittarius,"24°21'08.47""",0,0.2055,0.2055
2026-01-08 22:45:00,Aspect,Conjunction,Venus,Sagittarius,"24°36'59.88""",Mars,Sagittarius,"24°21'08.47""",0,0.2643,0.2643
2026-01-08 23:00:00,Aspect,Conjunction,Sun,Sagittarius,"24°09'26.99""",Venus,Sagittarius,"24°37'47.05""",0,0.4722,0.4722
2026-01-08 23:00:00,Aspect,Conjunction,Sun,Sagittarius,"24°09'26.99""",Mars,Sagittarius,"24°21'37.39""",0,0.2029,0.2029
2026-01-08 23:00:00,Aspect,Opposition,Moon,Virgo,"1°30'33.60""",Saturn,Pisces,"2°26'10.49""",180,179.0731,0.9269
2026-01-08 23:00:00,Aspect,Conjunction,Venus,Sagittarius,"24°37'47.05""",Mars,Sagittarius,"24°21'37.39""",0,0.2694,0.2694
2026-01-08 23:15:00,Aspect,Conjunction,Sun,Sagittarius,"24°10'05.20""",Venus,Sagittarius,"24°38'34.22""",0,0.4747,0.4747
2026-01-08 23:15:00,Aspect,Conjunction,Sun,Sagittarius,"24°10'05.20""",Mars,Sagittarius,"24°22'06.31""",0,0.2003,0.2003
2026-01-08 23:15:00,Aspect,Opposition,Moon,Virgo,"1°38'30.32""",Saturn,Pisces,"2°26'13.10""",180,179.2048,0.7952
2026-01-08 23:15:00,Aspect,Conjunction,Venus,Sagittarius,"24°38'34.22""",Mars,Sagittarius,"24°22'06.31""",0,0.2744,0.2744
2026-01-08 23:30:00,Aspect,Conjunction,Sun,Sagittarius,"24°10'43.40""",Venus,Sagittarius,"24°39'21.39""",0,0.4772,0.4772
2026-01-08 23:30:00,Aspect,Conjunction,Sun,Sagittarius,"24°10'43.40""",Mars,Sagittarius,"24°22'35.23""",0,0.1977,0.1977
2026-01-08 23:30:00,Aspect,Opposition,Moon,Virgo,"1°46'26.89""",Saturn,Pisces,"2°26'15.71""",180,179.3364,0.6636
2026-01-08 23:30:00,Aspect,Conjunction,Venus,Sagittarius,"24°39'21.39""",Mars,Sagittarius,"24°22'35.23""",0,0.2795,0.2795
2026-01-08 23:45:00,Aspect,Conjunction,Sun,Sagittarius,"24°11'21.61""",Venus,Sagittarius,"24°40'08.56""",0,0.4797,0.4797
2026-01-08 23:45:00,Aspect,Conjunction,Sun,Sagittarius,"24°11'21.61""",Mars,Sagittarius,"24°23'04.16""",0,0.1952,0.1952
2026-01-08 23:45:00,Aspect,Opposition,Moon,Virgo,"1°54'23.32""",Saturn,Pisces,"2°26'18.32""",180,179.4681,0.5319
2026-01-08 23:45:00,Aspect,Conjunction,Venus,Sagittarius,"24°40'08.56""",Mars,Sagittarius,"24°23'04.16""",0,0.2846,0.2846
2026-01-09 00:00:00,Aspect,Conjunction,Sun,Sagittarius,"24°11'59.82""",Venus,Sagittarius,"24°40'55.74""",0,0.4822,0.4822
2026-01-09 00:00:00,Aspect,Conjunction,Sun,Sagittarius,"24°11'59.82""",Mars,Sagittarius,"24°23'33.08""",0,0.1926,0.1926
2026-01-09 00:00:00,Aspect,Opposition,Moon,Virgo,"2°02'19.60""",Saturn,Pisces,"2°26'20.94""",180,179.5996,0.4004
2026-01-09 00:00:00,Aspect,Conjunction,Venus,Sagittarius,"24°40'55.74""",Mars,Sagittarius,"24°23'33.08""",0,0.2896,0.2896
2026-01-09 00:15:00,Aspect,Conjunction,Sun,Sagittarius,"24°12'38.03""",Venus,Sagittarius,"24°41'42.91""",0,0.4847,0.4847
2026-01-09 00:15:00,Aspect,Conjunction,Sun,Sagittarius,"24°12'38.03""",Mars,Sagittarius,"24°24'02.01""",0,0.19,0.19
2026-01-09 00:15:00,Aspect,Opposition,Moon,Virgo,"2°10'15.73""",Saturn,Pisces,"2°26'23.55""",180,179.7312,0.2688
2026-01-09 00:15:00,Aspect,Conjunction,Venus,Sagittarius,"24°41'42.91""",Mars,Sagittarius,"24°24'02.01""",0,0.2947,0.2947
2026-01-09 00:30:00,Aspect,Conjunction,Sun,Sagittarius,"24°13'16.23""",Venus,Sagittarius,"24°42'30.08""",0,0.4872,0.4872
2026-01-09 00:30:00,Aspect,Conjunction,Sun,Sagittarius,"24°13'16.23""",Mars,Sagittarius,"24°24'30.93""",0,0.1874,0.1874
2026-01-09 00:30:00,Aspect,Opposition,Moon,Virgo,"2°18'11.72""",Saturn,Pisces,"2°26'26.17""",180,179.8627,0.1373
2026-01-09 00:30:00,Aspect,Conjunction,Venus,Sagittarius,"24°42'30.08""",Mars,Sagittarius,"24°24'30.93""",0,0.2998,0.2998
2026-01-09 00:45:00,Aspect,Conjunction,Sun,Sagittarius,"24°13'54.44""",Venus,Sagittarius,"24°43'17.25""",0,0.4897,0.4897
2026-01-09 00:45:00,Aspect,Conjunction,Sun,Sagittarius,"24°13'54.44""",Mars,Sagittarius,"24°24'59.85""",0,0.1848,0.1848
2026-01-09 00:45:00,Aspect,Opposition,Moon,Virgo,"2°26'07.56""",Saturn,Pisces,"2°26'28.79""",180,179.9941,0.0059
2026-01-09 00:45:00,Aspect,Conjunction,Venus,Sagittarius,"24°43'17.25""",Mars,Sagittarius,"24°24'59.85""",0,0.3048,0.3048
2026-01-09 01:00:00,Aspect,Conjunction,Sun,Sagittarius,"24°14'32.65""",Venus,Sagittarius,"24°44'04.42""",0,0.4922,0.4922
2026-01-09 01:00:00,Aspect,Conjunction,Sun,Sagittarius,"24°14'32.65""",Mars,Sagittarius,"24°25'28.78""",0,0.1823,0.1823
2026-01-09 01:00:00,Aspect,Opposition,Moon,Virgo,"2°34'03.25""",Saturn,Pisces,"2°26'31.40""",180,179.8745,0.1255
2026-01-09 01:00:00,Aspect,Conjunction,Venus,Sagittarius,"24°44'04.42""",Mars,Sagittarius,"24°25'28.78""",0,0.3099,0.3099
2026-01-09 01:15:00,Aspect,Conjunction,Sun,Sagittarius,"24°15'10.86""",Venus,Sagittarius,"24°44'51.59""",0,0.4946,0.4946
2026-01-09 01:15:00,Aspect,Conjunction,Sun,Sagittarius,"24°15'10.86""",Mars,Sagittarius,"24°25'57.70""",0,0.1797,0.1797
2026-01-09 01:15:00,Aspect,Opposition,Moon,Virgo,"2°41'58.80""",Saturn,Pisces,"2°26'34.02""",180,179.7431,0.2569
2026-01-09 01:15:00,Aspect,Conjunction,Venus,Sagittarius,"24°44'51.59""",Mars,Sagittarius,"24°25'57.70""",0,0.315,0.315
2026-01-09 01:30:00,Aspect,Conjunction,Sun,Sagittarius,"24°15'49.06""",Venus,Sagittarius,"24°45'38.76""",0,0.4971,0.4971
2026-01-09 01:30:00,Aspect,Conjunction,Sun,Sagittarius,"24°15'49.06""",Mars,Sagittarius,"24°26'26.63""",0,0.1771,0.1771
2026-01-09 01:30:00,Aspect,Opposition,Moon,Virgo,"2°49'54.20""",Saturn,Pisces,"2°26'36.64""",180,179.6118,0.3882
2026-01-09 01:30:00,Aspect,Conjunction,Venus,Sagittarius,"24°45'38.76""",Mars,Sagittarius,"24°26'26.63""",0,0.32,0.32
2026-01-09 01:45:00,Aspect,Conjunction,Sun,Sagittarius,"24°16'27.27""",Venus,Sagittarius,"24°46'25.94""",0,0.4996,0.4996
2026-01-09 01:45:00,Aspect,Conjunction,Sun,Sagittarius,"24°16'27.27""",Mars,Sagittarius,"24°26'55.55""",0,0.1745,0.1745
2026-01-09 01:45:00,Aspect,Opposition,Moon,Virgo,"2°57'49.46""",Saturn,Pisces,"2°26'39.25""",180,179.4805,0.5195
2026-01-09 01:45:00,Aspect,Conjunction,Venus,Sagittarius,"24°46'25.94""",Mars,Sagittarius,"24°26'55.55""",0,0.3251,0.3251
2026-01-09 02:00:00,Aspect,Conjunction,Sun,Sagittarius,"24°17'05.48""",Venus,Sagittarius,"24°47'13.11""",0,0.5021,0.5021
2026-01-09 02:00:00,Aspect,Conjunction,Sun,Sagittarius,"24°17'05.48""",Mars,Sagittarius,"24°27'24.48""",0,0.1719,0.1719
2026-01-09 02:00:00,Aspect,Opposition,Moon,Virgo,"3°05'44.57""",Saturn,Pisces,"2°26'41.87""",180,179.3493,0.6507
2026-01-09 02:00:00,Aspect,Conjunction,Venus,Sagittarius,"24°47'13.11""",Mars,Sagittarius,"24°27'24.48""",0,0.3302,0.3302
2026-01-09 02:15:00,Aspect,Conjunction,Sun,Sagittarius,"24°17'43.69""",Venus,Sagittarius,"24°48'00.28""",0,0.5046,0.5046
2026-01-09 02:15:00,Aspect,Conjunction,Sun,Sagittarius,"24°17'43.69""",Mars,Sagittarius,"24°27'53.41""",0,0.1694,0.1694
2026-01-09 02:15:00,Aspect,Opposition,Moon,Virgo,"3°13'39.54""",Saturn,Pisces,"2°26'44.49""",180,179.218,0.782
2026-01-09 02:15:00,Aspect,Conjunction,Venus,Sagittarius,"24°48'00.28""",Mars,Sagittarius,"24°27'53.41""",0,0.3352,0.3352
2026-01-09 02:30:00,Aspect,Conjunction,Sun,Sagittarius,"24°18'21.90""",Venus,Sagittarius,"24°48'47.45""",0,0.5071,0.5071
2026-01-09 02:30:00,Aspect,Conjunction,Sun,Sagittarius,"24°18'21.90""",Mars,Sagittarius,"24°28'22.33""",0,0.1668,0.1668
2026-01-09 02:30:00,Aspect,Opposition,Moon,Virgo,"3°21'34.36""",Saturn,Pisces,"2°26'47.11""",180,179.0869,0.9131
2026-01-09 02:30:00,Aspect,Conjunction,Venus,Sagittarius,"24°48'47.45""",Mars,Sagittarius,"24°28'22.33""",0,0.3403,0.3403
2026-01-09 02:45:00,Aspect,Conjunction,Sun,Sagittarius,"24°19'00.10""",Venus,Sagittarius,"24°49'34.62""",0,0.5096,0.5096
2026-01-09 02:45:00,Aspect,Conjunction,Sun,Sagittarius,"24°19'00.10""",Mars,Sagittarius,"24°28'51.26""",0,0.1642,0.1642
2026-01-09 02:45:00,Aspect,Sextitle,Mercury,Sagittarius,"16°32'50.37""",Rahu,Aquarius,"17°32'03.68""",60,60.987,0.987
2026-01-09 02:45:00,Aspect,Trine,Mercury,Sagittarius,"16°32'50.37""",Ketu,Leo,"17°32'03.68""",120,119.013,0.987
2026-01-09 02:45:00,Aspect,Conjunction,Venus,Sagittarius,"24°49'34.62""",Mars,Sagittarius,"24°28'51.26""",0,0.3454,0.3454
2026-01-09 03:00:00,Aspect,Conjunction,Sun,Sagittarius,"24°19'38.31""",Venus,Sagittarius,"24°50'21.79""",0,0.5121,0.5121
2026-01-09 03:00:00,Aspect,Conjunction,Sun,Sagittarius,"24°19'38.31""",Mars,Sagittarius,"24°29'20.18""",0,0.1616,0.1616
2026-01-09 03:00:00,Aspect,Sextitle,Mercury,Sagittarius,"16°33'49.39""",Rahu,Aquarius,"17°32'01.69""",60,60.9701,0.9701
2026-01-09 03:00:00,Aspect,Trine,Mercury,Sagittarius,"16°33'49.39""",Ketu,Leo,"17°32'01.69""",120,119.0299,0.9701
2026-01-09 03:00:00,Aspect,Conjunction,Venus,Sagittarius,"24°50'21.79""",Mars,Sagittarius,"24°29'20.18""",0,0.3504,0.3504
2026-01-09 03:15:00,Aspect,Conjunction,Sun,Sagittarius,"24°20'16.52""",Venus,Sagittarius,"24°51'08.96""",0,0.5146,0.5146
2026-01-09 03:15:00,Aspect,Conjunction,Sun,Sagittarius,"24°20'16.52""",Mars,Sagittarius,"24°29'49.11""",0,0.1591,0.1591
2026-01-09 03:15:00,Aspect,Sextitle,Mercury,Sagittarius,"16°34'48.41""",Rahu,Aquarius,"17°31'59.70""",60,60.9531,0.9531
2026-01-09 03:15:00,Aspect,Trine,Mercury,Sagittarius,"16°34'48.41""",Ketu,Leo,"17°31'59.70""",120,119.0469,0.9531
2026-01-09 03:15:00,Aspect,Conjunction,Venus,Sagittarius,"24°51'08.96""",Mars,Sagittarius,"24°29'49.11""",0,0.3555,0.3555
2026-01-09 03:30:00,Aspect,Conjunction,Sun,Sagittarius,"24°20'54.73""",Venus,Sagittarius,"24°51'56.14""",0,0.5171,0.5171
2026-01-09 03:30:00,Aspect,Conjunction,Sun,Sagittarius,"24°20'54.73""",Mars,Sagittarius,"24°30'18.04""",0,0.1565,0.1565
2026-01-09 03:30:00,Aspect,Sextitle,Mercury,Sagittarius,"16°35'47.44""",Rahu,Aquarius,"17°31'57.72""",60,60.9362,0.9362
2026-01-09 03:30:00,Aspect,Trine,Mercury,Sagittarius,"16°35'47.44""",Ketu,Leo,"17°31'57.72""",120,119.0638,0.9362
2026-01-09 03:30:00,Aspect,Conjunction,Venus,Sagittarius,"24°51'56.14""",Mars,Sagittarius,"24°30'18.04""",0,0.3606,0.3606
2026-01-09 03:45:00,Aspect,Conjunction,Sun,Sagittarius,"24°21'32.93""",Venus,Sagittarius,"24°52'43.31""",0,0.5195,0.5195
2026-01-09 03:45:00,Aspect,Conjunction,Sun,Sagittarius,"24°21'32.93""",Mars,Sagittarius,"24°30'46.97""",0,0.1539,0.1539
2026-01-09 03:45:00,Aspect,Sextitle,Mercury,Sagittarius,"16°36'46.47""",Rahu,Aquarius,"17°31'55.73""",60,60.9192,0.9192
2026-01-09 03:45:00,Aspect,Trine,Mercury,Sagittarius,"16°36'46.47""",Ketu,Leo,"17°31'55.73""",120,119.0808,0.9192
2026-01-09 03:45:00,Aspect,Conjunction,Venus,Sagittarius,"24°52'43.31""",Mars,Sagittarius,"24°30'46.97""",0,0.3657,0.3657
2026-01-09 04:00:00,Aspect,Conjunction,Sun,Sagittarius,"24°22'11.14""",Venus,Sagittarius,"24°53'30.48""",0,0.522,0.522
2026-01-09 04:00:00,Aspect,Conjunction,Sun,Sagittarius,"24°22'11.14""",Mars,Sagittarius,"24°31'15.89""",0,0.1513,0.1513
2026-01-09 04:00:00,Aspect,Sextitle,Mercury,Sagittarius,"16°37'45.50""",Rahu,Aquarius,"17°31'53.74""",60,60.9023,0.9023
2026-01-09 04:00:00,Aspect,Trine,Mercury,Sagittarius,"16°37'45.50""",Ketu,Leo,"17°31'53.74""",120,119.0977,0.9023
2026-01-09 04:00:00,Aspect,Conjunction,Venus,Sagittarius,"24°53'30.48""",Mars,Sagittarius,"24°31'15.89""",0,0.3707,0.3707
2026-01-09 04:15:00,Aspect,Conjunction,Sun,Sagittarius,"24°22'49.35""",Venus,Sagittarius,"24°54'17.65""",0,0.5245,0.5245
2026-01-09 04:15:00,Aspect,Conjunction,Sun,Sagittarius,"24°22'49.35""",Mars,Sagittarius,"24°31'44.82""",0,0.1487,0.1487
2026-01-09 04:15:00,Aspect,Sextitle,Mercury,Sagittarius,"16°38'44.53""",Rahu,Aquarius,"17°31'51.75""",60,60.8853,0.8853
2026-01-09 04:15:00,Aspect,Trine,Mercury,Sagittarius,"16°38'44.53""",Ketu,Leo,"17°31'51.75""",120,119.1147,0.8853
2026-01-09 04:15:00,Aspect,Conjunction,Venus,Sagittarius,"24°54'17.65""",Mars,Sagittarius,"24°31'44.82""",0,0.3758,0.3758
2026-01-09 04:30:00,Aspect,Conjunction,Sun,Sagittarius,"24°23'27.56""",Venus,Sagittarius,"24°55'04.82""",0,0.527,0.527
2026-01-09 04:30:00,Aspect,Conjunction,Sun,Sagittarius,"24°23'27.56""",Mars,Sagittarius,"24°32'13.75""",0,0.1462,0.1462
2026-01-09 04:30:00,Aspect,Sextitle,Mercury,Sagittarius,"16°39'43.57""",Rahu,Aquarius,"17°31'49.77""",60,60.8684,0.8684
2026-01-09 04:30:00,Aspect,Trine,Mercury,Sagittarius,"16°39'43.57""",Ketu,Leo,"17°31'49.77""",120,119.1316,0.8684
2026-01-09 04:30:00,Aspect,Conjunction,Venus,Sagittarius,"24°55'04.82""",Mars,Sagittarius,"24°32'13.75""",0,0.3809,0.3809
2026-01-09 04:45:00,Aspect,Conjunction,Sun,Sagittarius,"24°24'05.77""",Venus,Sagittarius,"24°55'51.99""",0,0.5295,0.5295
2026-01-09 04:45:00,Aspect,Conjunction,Sun,Sagittarius,"24°24'05.77""",Mars,Sagittarius,"24°32'42.68""",0,0.1436,0.1436
2026-01-09 04:45:00,Aspect,Sextitle,Mercury,Sagittarius,"16°40'42.61""",Rahu,Aquarius,"17°31'47.78""",60,60.8514,0.8514
2026-01-09 04:45:00,Aspect,Trine,Mercury,Sagittarius,"16°40'42.61""",Ketu,Leo,"17°31'47.78""",120,119.1486,0.8514
2026-01-09 04:45:00,Aspect,Conjunction,Venus,Sagittarius,"24°55'51.99""",Mars,Sagittarius,"24°32'42.68""",0,0.3859,0.3859
2026-01-09 05:00:00,Aspect,Conjunction,Sun,Sagittarius,"24°24'43.97""",Venus,Sagittarius,"24°56'39.16""",0,0.532,0.532
2026-01-09 05:00:00,Aspect,Conjunction,Sun,Sagittarius,"24°24'43.97""",Mars,Sagittarius,"24°33'11.61""",0,0.141,0.141
2026-01-09 05:00:00,Aspect,Sextitle,Mercury,Sagittarius,"16°41'41.65""",Rahu,Aquarius,"17°31'45.79""",60,60.8345,0.8345
2026-01-09 05:00:00,Aspect,Trine,Mercury,Sagittarius,"16°41'41.65""",Ketu,Leo,"17°31'45.79""",120,119.1655,0.8345
2026-01-09 05:00:00,Aspect,Conjunction,Venus,Sagittarius,"24°56'39.16""",Mars,Sagittarius,"24°33'11.61""",0,0.391,0.391
2026-01-09 05:15:00,Aspect,Conjunction,Sun,Sagittarius,"24°25'22.18""",Venus,Sagittarius,"24°57'26.34""",0,0.5345,0.5345
2026-01-09 05:15:00,Aspect,Conjunction,Sun,Sagittarius,"24°25'22.18""",Mars,Sagittarius,"24°33'40.54""",0,0.1384,0.1384
2026-01-09 05:15:00,Aspect,Sextitle,Mercury,Sagittarius,"16°42'40.70""",Rahu,Aquarius,"17°31'43.81""",60,60.8175,0.8175
2026-01-09 05:15:00,Aspect,Trine,Mercury,Sagittarius,"16°42'40.70""",Ketu,Leo,"17°31'43.81""",120,119.1825,0.8175
2026-01-09 05:15:00,Aspect,Conjunction,Venus,Sagittarius,"24°57'26.34""",Mars,Sagittarius,"24°33'40.54""",0,0.3961,0.3961
2026-01-09 05:30:00,Aspect,Conjunction,Sun,Sagittarius,"24°26'00.39""",Venus,Sagittarius,"24°58'13.51""",0,0.537,0.537
2026-01-09 05:30:00,Aspect,Conjunction,Sun,Sagittarius,"24°26'00.39""",Mars,Sagittarius,"24°34'09.47""",0,0.1359,0.1359
2026-01-09 05:30:00,Aspect,Sextitle,Mercury,Sagittarius,"16°43'39.74""",Rahu,Aquarius,"17°31'41.82""",60,60.8006,0.8006
2026-01-09 05:30:00,Aspect,Trine,Mercury,Sagittarius,"16°43'39.74""",Ketu,Leo,"17°31'41.82""",120,119.1994,0.8006
2026-01-09 05:30:00,Aspect,Conjunction,Venus,Sagittarius,"24°58'13.51""",Mars,Sagittarius,"24°34'09.47""",0,0.4011,0.4011
2026-01-09 05:45:00,Aspect,Conjunction,Sun,Sagittarius,"24°26'38.60""",Venus,Sagittarius,"24°59'00.68""",0,0.5395,0.5395
2026-01-09 05:45:00,Aspect,Conjunction,Sun,Sagittarius,"24°26'38.60""",Mars,Sagittarius,"24°34'38.39""",0,0.1333,0.1333
2026-01-09 05:45:00,Aspect,Sextitle,Mercury,Sagittarius,"16°44'38.79""",Rahu,Aquarius,"17°31'39.83""",60,60.7836,0.7836
2026-01-09 05:45:00,Aspect,Trine,Mercury,Sagittarius,"16°44'38.79""",Ketu,Leo,"17°31'39.83""",120,119.2164,0.7836
2026-01-09 05:45:00,Aspect,Conjunction,Venus,Sagittarius,"24°59'00.68""",Mars,Sagittarius,"24°34'38.39""",0,0.4062,0.4062
2026-01-09 06:00:00,Aspect,Conjunction,Sun,Sagittarius,"24°27'16.80""",Venus,Sagittarius,"24°59'47.85""",0,0.542,0.542
2026-01-09 06:00:00,Aspect,Conjunction,Sun,Sagittarius,"24°27'16.80""",Mars,Sagittarius,"24°35'07.32""",0,0.1307,0.1307
2026-01-09 06:00:00,Aspect,Sextitle,Mercury,Sagittarius,"16°45'37.85""",Rahu,Aquarius,"17°31'37.84""",60,60.7667,0.7667
2026-01-09 06:00:00,Aspect,Trine,Mercury,Sagittarius,"16°45'37.85""",Ketu,Leo,"17°31'37.84""",120,119.2333,0.7667
2026-01-09 06:00:00,Aspect,Conjunction,Venus,Sagittarius,"24°59'47.85""",Mars,Sagittarius,"24°35'07.32""",0,0.4113,0.4113
2026-01-09 06:15:00,Aspect,Conjunction,Sun,Sagittarius,"24°27'55.01""",Venus,Sagittarius,"25°00'35.02""",0,0.5444,0.5444
2026-01-09 06:15:00,Aspect,Conjunction,Sun,Sagittarius,"24°27'55.01""",Mars,Sagittarius,"24°35'36.25""",0,0.1281,0.1281
2026-01-09 06:15:00,Aspect,Sextitle,Mercury,Sagittarius,"16°46'36.90""",Rahu,Aquarius,"17°31'35.86""",60,60.7497,0.7497
2026-01-09 06:15:00,Aspect,Trine,Mercury,Sagittarius,"16°46'36.90""",Ketu,Leo,"17°31'35.86""",120,119.2503,0.7497
2026-01-09 06:15:00,Aspect,Conjunction,Venus,Sagittarius,"25°00'35.02""",Mars,Sagittarius,"24°35'36.25""",0,0.4163,0.4163
2026-01-09 06:30:00,Aspect,Conjunction,Sun,Sagittarius,"24°28'33.22""",Venus,Sagittarius,"25°01'22.19""",0,0.5469,0.5469
2026-01-09 06:30:00,Aspect,Conjunction,Sun,Sagittarius,"24°28'33.22""",Mars,Sagittarius,"24°36'05.18""",0,0.1255,0.1255
2026-01-09 06:30:00,Aspect,Sextitle,Mercury,Sagittarius,"16°47'35.96""",Rahu,Aquarius,"17°31'33.87""",60,60.7328,0.7328
2026-01-09 06:30:00,Aspect,Trine,Mercury,Sagittarius,"16°47'35.96""",Ketu,Leo,"17°31'33.87""",120,119.2672,0.7328
2026-01-09 06:30:00,Aspect,Conjunction,Venus,Sagittarius,"25°01'22.19""",Mars,Sagittarius,"24°36'05.18""",0,0.4214,0.4214
2026-01-09 06:45:00,Aspect,Conjunction,Sun,Sagittarius,"24°29'11.43""",Venus,Sagittarius,"25°02'09.36""",0,0.5494,0.5494
2026-01-09 06:45:00,Aspect,Conjunction,Sun,Sagittarius,"24°29'11.43""",Mars,Sagittarius,"24°36'34.11""",0,0.123,0.123
2026-01-09 06:45:00,Aspect,Sextitle,Mercury,Sagittarius,"16°48'35.02""",Rahu,Aquarius,"17°31'31.88""",60,60.7158,0.7158
2026-01-09 06:45:00,Aspect,Trine,Mercury,Sagittarius,"16°48'35.02""",Ketu,Leo,"17°31'31.88""",120,119.2842,0.7158
2026-01-09 06:45:00,Aspect,Conjunction,Venus,Sagittarius,"25°02'09.36""",Mars,Sagittarius,"24°36'34.11""",0,0.4265,0.4265
2026-01-09 07:00:00,Aspect,Conjunction,Sun,Sagittarius,"24°29'49.64""",Venus,Sagittarius,"25°02'56.53""",0,0.5519,0.5519
2026-01-09 07:00:00,Aspect,Conjunction,Sun,Sagittarius,"24°29'49.64""",Mars,Sagittarius,"24°37'03.05""",0,0.1204,0.1204
2026-01-09 07:00:00,Aspect,Sextitle,Mercury,Sagittarius,"16°49'34.09""",Rahu,Aquarius,"17°31'29.90""",60,60.6988,0.6988
2026-01-09 07:00:00,Aspect,Trine,Mercury,Sagittarius,"16°49'34.09""",Ketu,Leo,"17°31'29.90""",120,119.3012,0.6988
2026-01-09 07:00:00,Aspect,Conjunction,Venus,Sagittarius,"25°02'56.53""",Mars,Sagittarius,"24°37'03.05""",0,0.4315,0.4315
2026-01-09 07:15:00,Aspect,Conjunction,Sun,Sagittarius,"24°30'27.84""",Venus,Sagittarius,"25°03'43.70""",0,0.5544,0.5544
2026-01-09 07:15:00,Aspect,Conjunction,Sun,Sagittarius,"24°30'27.84""",Mars,Sagittarius,"24°37'31.98""",0,0.1178,0.1178
2026-01-09 07:15:00,Aspect,Sextitle,Mercury,Sagittarius,"16°50'33.15""",Rahu,Aquarius,"17°31'27.91""",60,60.6819,0.6819
2026-01-09 07:15:00,Aspect,Trine,Mercury,Sagittarius,"16°50'33.15""",Ketu,Leo,"17°31'27.91""",120,119.3181,0.6819
2026-01-09 07:15:00,Aspect,Conjunction,Venus,Sagittarius,"25°03'43.70""",Mars,Sagittarius,"24°37'31.98""",0,0.4366,0.4366
2026-01-09 07:30:00,Aspect,Conjunction,Sun,Sagittarius,"24°31'06.05""",Venus,Sagittarius,"25°04'30.88""",0,0.5569,0.5569
2026-01-09 07:30:00,Aspect,Conjunction,Sun,Sagittarius,"24°31'06.05""",Mars,Sagittarius,"24°38'00.91""",0,0.1152,0.1152
2026-01-09 07:30:00,Aspect,Sextitle,Mercury,Sagittarius,"16°51'32.22""",Rahu,Aquarius,"17°31'25.92""",60,60.6649,0.6649
2026-01-09 07:30:00,Aspect,Trine,Mercury,Sagittarius,"16°51'32.22""",Ketu,Leo,"17°31'25.92""",120,119.3351,0.6649
2026-01-09 07:30:00,Aspect,Conjunction,Venus,Sagittarius,"25°04'30.88""",Mars,Sagittarius,"24°38'00.91""",0,0.4417,0.4417
2026-01-09 07:30:00,Aspect,Opposition,Venus,Sagittarius,"25°04'30.88""",Jupiter,Gemini,"26°04'00.01""",180,179.0086,0.9914
2026-01-09 07:45:00,Aspect,Conjunction,Sun,Sagittarius,"24°31'44.26""",Venus,Sagittarius,"25°05'18.05""",0,0.5594,0.5594
2026-01-09 07:45:00,Aspect,Conjunction,Sun,Sagittarius,"24°31'44.26""",Mars,Sagittarius,"24°38'29.84""",0,0.1127,0.1127
2026-01-09 07:45:00,Aspect,Sextitle,Mercury,Sagittarius,"16°52'31.29""",Rahu,Aquarius,"17°31'23.93""",60,60.648,0.648
2026-01-09 07:45:00,Aspect,Trine,Mercury,Sagittarius,"16°52'31.29""",Ketu,Leo,"17°31'23.93""",120,119.352,0.648
2026-01-09 07:45:00,Aspect,Conjunction,Venus,Sagittarius,"25°05'18.05""",Mars,Sagittarius,"24°38'29.84""",0,0.4467,0.4467
2026-01-09 07:45:00,Aspect,Opposition,Venus,Sagittarius,"25°05'18.05""",Jupiter,Gemini,"26°03'54.95""",180,179.0231,0.9769
2026-01-09 08:00:00,Aspect,Conjunction,Sun,Sagittarius,"24°32'22.47""",Venus,Sagittarius,"25°06'05.22""",0,0.5619,0.5619
2026-01-09 08:00:00,Aspect,Conjunction,Sun,Sagittarius,"24°32'22.47""",Mars,Sagittarius,"24°38'58.77""",0,0.1101,0.1101
2026-01-09 08:00:00,Aspect,Sextitle,Mercury,Sagittarius,"16°53'30.37""",Rahu,Aquarius,"17°31'21.95""",60,60.631,0.631
2026-01-09 08:00:00,Aspect,Trine,Mercury,Sagittarius,"16°53'30.37""",Ketu,Leo,"17°31'21.95""",120,119.369,0.631
2026-01-09 08:00:00,Aspect,Conjunction,Venus,Sagittarius,"25°06'05.22""",Mars,Sagittarius,"24°38'58.77""",0,0.4518,0.4518
2026-01-09 08:00:00,Aspect,Opposition,Venus,Sagittarius,"25°06'05.22""",Jupiter,Gemini,"26°03'49.89""",180,179.0376,0.9624
2026-01-09 08:15:00,Aspect,Conjunction,Sun,Sagittarius,"24°33'00.68""",Venus,Sagittarius,"25°06'52.39""",0,0.5644,0.5644
2026-01-09 08:15:00,Aspect,Conjunction,Sun,Sagittarius,"24°33'00.68""",Mars,Sagittarius,"24°39'27.70""",0,0.1075,0.1075
2026-01-09 08:15:00,Aspect,Sextitle,Mercury,Sagittarius,"16°54'29.44""",Rahu,Aquarius,"17°31'19.96""",60,60.614,0.614
2026-01-09 08:15:00,Aspect,Trine,Mercury,Sagittarius,"16°54'29.44""",Ketu,Leo,"17°31'19.96""",120,119.386,0.614
2026-01-09 08:15:00,Aspect,Conjunction,Venus,Sagittarius,"25°06'52.39""",Mars,Sagittarius,"24°39'27.70""",0,0.4569,0.4569
2026-01-09 08:15:00,Aspect,Opposition,Venus,Sagittarius,"25°06'52.39""",Jupiter,Gemini,"26°03'44.83""",180,179.0521,0.9479
2026-01-09 08:30:00,Aspect,Conjunction,Sun,Sagittarius,"24°33'38.88""",Venus,Sagittarius,"25°07'39.56""",0,0.5669,0.5669
2026-01-09 08:30:00,Aspect,Conjunction,Sun,Sagittarius,"24°33'38.88""",Mars,Sagittarius,"24°39'56.63""",0,0.1049,0.1049
2026-01-09 08:30:00,Aspect,Sextitle,Mercury,Sagittarius,"16°55'28.52""",Rahu,Aquarius,"17°31'17.97""",60,60.5971,0.5971
2026-01-09 08:30:00,Aspect,Trine,Mercury,Sagittarius,"16°55'28.52""",Ketu,Leo,"17°31'17.97""",120,119.4029,0.5971
2026-01-09 08:30:00,Aspect,Conjunction,Venus,Sagittarius,"25°07'39.56""",Mars,Sagittarius,"24°39'56.63""",0,0.4619,0.4619
2026-01-09 08:30:00,Aspect,Opposition,Venus,Sagittarius,"25°07'39.56""",Jupiter,Gemini,"26°03'39.77""",180,179.0666,0.9334
2026-01-09 08:45:00,Aspect,Conjunction,Sun,Sagittarius,"24°34'17.09""",Venus,Sagittarius,"25°08'26.73""",0,0.5693,0.5693
2026-01-09 08:45:00,Aspect,Conjunction,Sun,Sagittarius,"24°34'17.09""",Mars,Sagittarius,"24°40'25.57""",0,0.1024,0.1024
2026-01-09 08:45:00,Aspect,Sextitle,Mercury,Sagittarius,"16°56'27.61""",Rahu,Aquarius,"17°31'15.99""",60,60.5801,0.5801
2026-01-09 08:45:00,Aspect,Trine,Mercury,Sagittarius,"16°56'27.61""",Ketu,Leo,"17°31'15.99""",120,119.4199,0.5801
2026-01-09 08:45:00,Aspect,Conjunction,Venus,Sagittarius,"25°08'26.73""",Mars,Sagittarius,"24°40'25.57""",0,0.467,0.467
2026-01-09 08:45:00,Aspect,Opposition,Venus,Sagittarius,"25°08'26.73""",Jupiter,Gemini,"26°03'34.71""",180,179.0811,0.9189
2026-01-09 09:00:00,Aspect,Conjunction,Sun,Sagittarius,"24°34'55.30""",Venus,Sagittarius,"25°09'13.90""",0,0.5718,0.5718
2026-01-09 09:00:00,Aspect,Conjunction,Sun,Sagittarius,"24°34'55.30""",Mars,Sagittarius,"24°40'54.50""",0,0.0998,0.0998
2026-01-09 09:00:00,Aspect,Sextitle,Mercury,Sagittarius,"16°57'26.69""",Rahu,Aquarius,"17°31'14.00""",60,60.5631,0.5631
2026-01-09 09:00:00,Aspect,Trine,Mercury,Sagittarius,"16°57'26.69""",Ketu,Leo,"17°31'14.00""",120,119.4369,0.5631
2026-01-09 09:00:00,Aspect,Conjunction,Venus,Sagittarius,"25°09'13.90""",Mars,Sagittarius,"24°40'54.50""",0,0.4721,0.4721
2026-01-09 09:00:00,Aspect,Opposition,Venus,Sagittarius,"25°09'13.90""",Jupiter,Gemini,"26°03'29.65""",180,179.0956,0.9044
2026-01-09 09:15:00,Aspect,Conjunction,Sun,Sagittarius,"24°35'33.51""",Venus,Sagittarius,"25°10'01.07""",0,0.5743,0.5743
2026-01-09 09:15:00,Aspect,Conjunction,Sun,Sagittarius,"24°35'33.51""",Mars,Sagittarius,"24°41'23.43""",0,0.0972,0.0972
2026-01-09 09:15:00,Aspect,Sextitle,Mercury,Sagittarius,"16°58'25.78""",Rahu,Aquarius,"17°31'12.01""",60,60.5462,0.5462
2026-01-09 09:15:00,Aspect,Trine,Mercury,Sagittarius,"16°58'25.78""",Ketu,Leo,"17°31'12.01""",120,119.4538,0.5462
2026-01-09 09:15:00,Aspect,Conjunction,Venus,Sagittarius,"25°10'01.07""",Mars,Sagittarius,"24°41'23.43""",0,0.4771,0.4771
2026-01-09 09:15:00,Aspect,Opposition,Venus,Sagittarius,"25°10'01.07""",Jupiter,Gemini,"26°03'24.59""",180,179.1101,0.8899
2026-01-09 09:30:00,Aspect,Conjunction,Sun,Sagittarius,"24°36'11.72""",Venus,Sagittarius,"25°10'48.24""",0,0.5768,0.5768
2026-01-09 09:30:00,Aspect,Conjunction,Sun,Sagittarius,"24°36'11.72""",Mars,Sagittarius,"24°41'52.37""",0,0.0946,0.0946
2026-01-09 09:30:00,Aspect,Sextitle,Mercury,Sagittarius,"16°59'24.87""",Rahu,Aquarius,"17°31'10.02""",60,60.5292,0.5292
2026-01-09 09:30:00,Aspect,Trine,Mercury,Sagittarius,"16°59'24.87""",Ketu,Leo,"17°31'10.02""",120,119.4708,0.5292
2026-01-09 09:30:00,Aspect,Conjunction,Venus,Sagittarius,"25°10'48.24""",Mars,Sagittarius,"24°41'52.37""",0,0.4822,0.4822
2026-01-09 09:30:00,Aspect,Opposition,Venus,Sagittarius,"25°10'48.24""",Jupiter,Gemini,"26°03'19.53""",180,179.1246,0.8754
2026-01-09 09:45:00,Aspect,Conjunction,Sun,Sagittarius,"24°36'49.92""",Venus,Sagittarius,"25°11'35.42""",0,0.5793,0.5793
2026-01-09 09:45:00,Aspect,Conjunction,Sun,Sagittarius,"24°36'49.92""",Mars,Sagittarius,"24°42'21.30""",0,0.092,0.092
2026-01-09 09:45:00,Aspect,Sextitle,Mercury,Sagittarius,"17°00'23.96""",Rahu,Aquarius,"17°31'08.04""",60,60.5122,0.5122
2026-01-09 09:45:00,Aspect,Trine,Mercury,Sagittarius,"17°00'23.96""",Ketu,Leo,"17°31'08.04""",120,119.4878,0.5122
2026-01-09 09:45:00,Aspect,Conjunction,Venus,Sagittarius,"25°11'35.42""",Mars,Sagittarius,"24°42'21.30""",0,0.4873,0.4873
2026-01-09 09:45:00,Aspect,Opposition,Venus,Sagittarius,"25°11'35.42""",Jupiter,Gemini,"26°03'14.47""",180,179.1392,0.8608
2026-01-09 10:00:00,Aspect,Conjunction,Sun,Sagittarius,"24°37'28.13""",Venus,Sagittarius,"25°12'22.59""",0,0.5818,0.5818
2026-01-09 10:00:00,Aspect,Conjunction,Sun,Sagittarius,"24°37'28.13""",Mars,Sagittarius,"24°42'50.23""",0,0.0895,0.0895
2026-01-09 10:00:00,Aspect,Sextitle,Mercury,Sagittarius,"17°01'23.06""",Rahu,Aquarius,"17°31'06.05""",60,60.4953,0.4953
2026-01-09 10:00:00,Aspect,Trine,Mercury,Sagittarius,"17°01'23.06""",Ketu,Leo,"17°31'06.05""",120,119.5047,0.4953
2026-01-09 10:00:00,Aspect,Conjunction,Venus,Sagittarius,"25°12'22.59""",Mars,Sagittarius,"24°42'50.23""",0,0.4923,0.4923
2026-01-09 10:00:00,Aspect,Opposition,Venus,Sagittarius,"25°12'22.59""",Jupiter,Gemini,"26°03'09.41""",180,179.1537,0.8463
2026-01-09 10:15:00,Aspect,Conjunction,Sun,Sagittarius,"24°38'06.34""",Venus,Sagittarius,"25°13'09.76""",0,0.5843,0.5843
2026-01-09 10:15:00,Aspect,Conjunction,Sun,Sagittarius,"24°38'06.34""",Mars,Sagittarius,"24°43'19.17""",0,0.0869,0.0869
2026-01-09 10:15:00,Aspect,Sextitle,Mercury,Sagittarius,"17°02'22.16""",Rahu,Aquarius,"17°31'04.06""",60,60.4783,0.4783
2026-01-09 10:15:00,Aspect,Trine,Mercury,Sagittarius,"17°02'22.16""",Ketu,Leo,"17°31'04.06""",120,119.5217,0.4783
2026-01-09 10:15:00,Aspect,Conjunction,Venus,Sagittarius,"25°13'09.76""",Mars,Sagittarius,"24°43'19.17""",0,0.4974,0.4974
2026-01-09 10:15:00,Aspect,Opposition,Venus,Sagittarius,"25°13'09.76""",Jupiter,Gemini,"26°03'04.35""",180,179.1682,0.8318
2026-01-09 10:30:00,Aspect,Conjunction,Sun,Sagittarius,"24°38'44.55""",Venus,Sagittarius,"25°13'56.93""",0,0.5868,0.5868
2026-01-09 10:30:00,Aspect,Conjunction,Sun,Sagittarius,"24°38'44.55""",Mars,Sagittarius,"24°43'48.10""",0,0.0843,0.0843
2026-01-09 10:30:00,Aspect,Sextitle,Mercury,Sagittarius,"17°03'21.26""",Rahu,Aquarius,"17°31'02.07""",60,60.4613,0.4613
2026-01-09 10:30:00,Aspect,Trine,Mercury,Sagittarius,"17°03'21.26""",Ketu,Leo,"17°31'02.07""",120,119.5387,0.4613
2026-01-09 10:30:00,Aspect,Conjunction,Venus,Sagittarius,"25°13'56.93""",Mars,Sagittarius,"24°43'48.10""",0,0.5025,0.5025
2026-01-09 10:30:00,Aspect,Opposition,Venus,Sagittarius,"25°13'56.93""",Jupiter,Gemini,"26°02'59.29""",180,179.1827,0.8173
2026-01-09 10:45:00,Aspect,Conjunction,Sun,Sagittarius,"24°39'22.75""",Venus,Sagittarius,"25°14'44.10""",0,0.5893,0.5893
2026-01-09 10:45:00,Aspect,Conjunction,Sun,Sagittarius,"24°39'22.75""",Mars,Sagittarius,"24°44'17.03""",0,0.0817,0.0817
2026-01-09 10:45:00,Aspect,Sextitle,Mercury,Sagittarius,"17°04'20.36""",Rahu,Aquarius,"17°31'00.09""",60,60.4444,0.4444
2026-01-09 10:45:00,Aspect,Trine,Mercury,Sagittarius,"17°04'20.36""",Ketu,Leo,"17°31'00.09""",120,119.5556,0.4444
2026-01-09 10:45:00,Aspect,Conjunction,Venus,Sagittarius,"25°14'44.10""",Mars,Sagittarius,"24°44'17.03""",0,0.5075,0.5075
2026-01-09 10:45:00,Aspect,Opposition,Venus,Sagittarius,"25°14'44.10""",Jupiter,Gemini,"26°02'54.23""",180,179.1972,0.8028
2026-01-09 11:00:00,Aspect,Conjunction,Sun,Sagittarius,"24°40'00.96""",Venus,Sagittarius,"25°15'31.27""",0,0.5918,0.5918
2026-01-09 11:00:00,Aspect,Conjunction,Sun,Sagittarius,"24°40'00.96""",Mars,Sagittarius,"24°44'45.97""",0,0.0792,0.0792
2026-01-09 11:00:00,Aspect,Sextitle,Mercury,Sagittarius,"17°05'19.47""",Rahu,Aquarius,"17°30'58.10""",60,60.4274,0.4274
2026-01-09 11:00:00,Aspect,Trine,Mercury,Sagittarius,"17°05'19.47""",Ketu,Leo,"17°30'58.10""",120,119.5726,0.4274
2026-01-09 11:00:00,Aspect,Conjunction,Venus,Sagittarius,"25°15'31.27""",Mars,Sagittarius,"24°44'45.97""",0,0.5126,0.5126
2026-01-09 11:00:00,Aspect,Opposition,Venus,Sagittarius,"25°15'31.27""",Jupiter,Gemini,"26°02'49.17""",180,179.2117,0.7883
2026-01-09 11:15:00,Aspect,Conjunction,Sun,Sagittarius,"24°40'39.17""",Venus,Sagittarius,"25°16'18.44""",0,0.5942,0.5942
2026-01-09 11:15:00,Aspect,Conjunction,Sun,Sagittarius,"24°40'39.17""",Mars,Sagittarius,"24°45'14.90""",0,0.0766,0.0766
2026-01-09 11:15:00,Aspect,Sextitle,Mercury,Sagittarius,"17°06'18.58""",Rahu,Aquarius,"17°30'56.11""",60,60.4104,0.4104
2026-01-09 11:15:00,Aspect,Trine,Mercury,Sagittarius,"17°06'18.58""",Ketu,Leo,"17°30'56.11""",120,119.5896,0.4104
2026-01-09 11:15:00,Aspect,Conjunction,Venus,Sagittarius,"25°16'18.44""",Mars,Sagittarius,"24°45'14.90""",0,0.5176,0.5176
2026-01-09 11:15:00,Aspect,Opposition,Venus,Sagittarius,"25°16'18.44""",Jupiter,Gemini,"26°02'44.11""",180,179.2262,0.7738
2026-01-09 11:30:00,Aspect,Conjunction,Sun,Sagittarius,"24°41'17.38""",Venus,Sagittarius,"25°17'05.61""",0,0.5967,0.5967
2026-01-09 11:30:00,Aspect,Conjunction,Sun,Sagittarius,"24°41'17.38""",Mars,Sagittarius,"24°45'43.84""",0,0.074,0.074
2026-01-09 11:30:00,Aspect,Sextitle,Mercury,Sagittarius,"17°07'17.69""",Rahu,Aquarius,"17°30'54.13""",60,60.3935,0.3935
2026-01-09 11:30:00,Aspect,Trine,Mercury,Sagittarius,"17°07'17.69""",Ketu,Leo,"17°30'54.13""",120,119.6065,0.3935
2026-01-09 11:30:00,Aspect,Conjunction,Venus,Sagittarius,"25°17'05.61""",Mars,Sagittarius,"24°45'43.84""",0,0.5227,0.5227
2026-01-09 11:30:00,Aspect,Opposition,Venus,Sagittarius,"25°17'05.61""",Jupiter,Gemini,"26°02'39.05""",180,179.2407,0.7593
2026-01-09 11:45:00,Aspect,Conjunction,Sun,Sagittarius,"24°41'55.59""",Venus,Sagittarius,"25°17'52.78""",0,0.5992,0.5992
2026-01-09 11:45:00,Aspect,Conjunction,Sun,Sagittarius,"24°41'55.59""",Mars,Sagittarius,"24°46'12.77""",0,0.0714,0.0714
2026-01-09 11:45:00,Aspect,Sextitle,Mercury,Sagittarius,"17°08'16.80""",Rahu,Aquarius,"17°30'52.14""",60,60.3765,0.3765
2026-01-09 11:45:00,Aspect,Trine,Mercury,Sagittarius,"17°08'16.80""",Ketu,Leo,"17°30'52.14""",120,119.6235,0.3765
2026-01-09 11:45:00,Aspect,Conjunction,Venus,Sagittarius,"25°17'52.78""",Mars,Sagittarius,"24°46'12.77""",0,0.5278,0.5278
2026-01-09 11:45:00,Aspect,Opposition,Venus,Sagittarius,"25°17'52.78""",Jupiter,Gemini,"26°02'33.99""",180,179.2552,0.7448
2026-01-09 12:00:00,Aspect,Conjunction,Sun,Sagittarius,"24°42'33.80""",Venus,Sagittarius,"25°18'39.95""",0,0.6017,0.6017
2026-01-09 12:00:00,Aspect,Conjunction,Sun,Sagittarius,"24°42'33.80""",Mars,Sagittarius,"24°46'41.71""",0,0.0689,0.0689
2026-01-09 12:00:00,Aspect,Sextitle,Mercury,Sagittarius,"17°09'15.92""",Rahu,Aquarius,"17°30'50.15""",60,60.3595,0.3595
2026-01-09 12:00:00,Aspect,Trine,Mercury,Sagittarius,"17°09'15.92""",Ketu,Leo,"17°30'50.15""",120,119.6405,0.3595
2026-01-09 12:00:00,Aspect,Conjunction,Venus,Sagittarius,"25°18'39.95""",Mars,Sagittarius,"24°46'41.71""",0,0.5328,0.5328
2026-01-09 12:00:00,Aspect,Opposition,Venus,Sagittarius,"25°18'39.95""",Jupiter,Gemini,"26°02'28.93""",180,179.2697,0.7303
2026-01-09 12:15:00,Aspect,Conjunction,Sun,Sagittarius,"24°43'12.00""",Venus,Sagittarius,"25°19'27.12""",0,0.6042,0.6042
2026-01-09 12:15:00,Aspect,Conjunction,Sun,Sagittarius,"24°43'12.00""",Mars,Sagittarius,"24°47'10.65""",0,0.0663,0.0663
2026-01-09 12:15:00,Aspect,Sextitle,Mercury,Sagittarius,"17°10'15.04""",Rahu,Aquarius,"17°30'48.16""",60,60.3425,0.3425
2026-01-09 12:15:00,Aspect,Trine,Mercury,Sagittarius,"17°10'15.04""",Ketu,Leo,"17°30'48.16""",120,119.6575,0.3425
2026-01-09 12:15:00,Aspect,Conjunction,Venus,Sagittarius,"25°19'27.12""",Mars,Sagittarius,"24°47'10.65""",0,0.5379,0.5379
2026-01-09 12:15:00,Aspect,Opposition,Venus,Sagittarius,"25°19'27.12""",Jupiter,Gemini,"26°02'23.87""",180,179.2842,0.7158
2026-01-09 12:30:00,Aspect,Conjunction,Sun,Sagittarius,"24°43'50.21""",Venus,Sagittarius,"25°20'14.30""",0,0.6067,0.6067
2026-01-09 12:30:00,Aspect,Conjunction,Sun,Sagittarius,"24°43'50.21""",Mars,Sagittarius,"24°47'39.58""",0,0.0637,0.0637
2026-01-09 12:30:00,Aspect,Sextitle,Mercury,Sagittarius,"17°11'14.16""",Rahu,Aquarius,"17°30'46.18""",60,60.3256,0.3256
2026-01-09 12:30:00,Aspect,Trine,Mercury,Sagittarius,"17°11'14.16""",Ketu,Leo,"17°30'46.18""",120,119.6744,0.3256
2026-01-09 12:30:00,Aspect,Conjunction,Venus,Sagittarius,"25°20'14.30""",Mars,Sagittarius,"24°47'39.58""",0,0.543,0.543
2026-01-09 12:30:00,Aspect,Opposition,Venus,Sagittarius,"25°20'14.30""",Jupiter,Gemini,"26°02'18.81""",180,179.2987,0.7013
2026-01-09 12:45:00,Aspect,Conjunction,Sun,Sagittarius,"24°44'28.42""",Venus,Sagittarius,"25°21'01.47""",0,0.6092,0.6092
2026-01-09 12:45:00,Aspect,Conjunction,Sun,Sagittarius,"24°44'28.42""",Mars,Sagittarius,"24°48'08.52""",0,0.0611,0.0611
2026-01-09 12:45:00,Aspect,Sextitle,Mercury,Sagittarius,"17°12'13.29""",Rahu,Aquarius,"17°30'44.19""",60,60.3086,0.3086
2026-01-09 12:45:00,Aspect,Trine,Mercury,Sagittarius,"17°12'13.29""",Ketu,Leo,"17°30'44.19""",120,119.6914,0.3086
2026-01-09 12:45:00,Aspect,Conjunction,Venus,Sagittarius,"25°21'01.47""",Mars,Sagittarius,"24°48'08.52""",0,0.548,0.548
2026-01-09 12:45:00,Aspect,Opposition,Venus,Sagittarius,"25°21'01.47""",Jupiter,Gemini,"26°02'13.75""",180,179.3133,0.6867
2026-01-09 13:00:00,Aspect,Conjunction,Sun,Sagittarius,"24°45'06.63""",Venus,Sagittarius,"25°21'48.64""",0,0.6117,0.6117
2026-01-09 13:00:00,Aspect,Conjunction,Sun,Sagittarius,"24°45'06.63""",Mars,Sagittarius,"24°48'37.45""",0,0.0586,0.0586
2026-01-09 13:00:00,Aspect,Sextitle,Mercury,Sagittarius,"17°13'12.42""",Rahu,Aquarius,"17°30'42.20""",60,60.2916,0.2916
2026-01-09 13:00:00,Aspect,Trine,Mercury,Sagittarius,"17°13'12.42""",Ketu,Leo,"17°30'42.20""",120,119.7084,0.2916
2026-01-09 13:00:00,Aspect,Conjunction,Venus,Sagittarius,"25°21'48.64""",Mars,Sagittarius,"24°48'37.45""",0,0.5531,0.5531
2026-01-09 13:00:00,Aspect,Opposition,Venus,Sagittarius,"25°21'48.64""",Jupiter,Gemini,"26°02'08.69""",180,179.3278,0.6722
2026-01-09 13:15:00,Aspect,Conjunction,Sun,Sagittarius,"24°45'44.84""",Venus,Sagittarius,"25°22'35.81""",0,0.6142,0.6142
2026-01-09 13:15:00,Aspect,Conjunction,Sun,Sagittarius,"24°45'44.84""",Mars,Sagittarius,"24°49'06.39""",0,0.056,0.056
2026-01-09 13:15:00,Aspect,Sextitle,Mercury,Sagittarius,"17°14'11.55""",Rahu,Aquarius,"17°30'40.22""",60,60.2746,0.2746
2026-01-09 13:15:00,Aspect,Trine,Mercury,Sagittarius,"17°14'11.55""",Ketu,Leo,"17°30'40.22""",120,119.7254,0.2746
2026-01-09 13:15:00,Aspect,Conjunction,Venus,Sagittarius,"25°22'35.81""",Mars,Sagittarius,"24°49'06.39""",0,0.5582,0.5582
2026-01-09 13:15:00,Aspect,Opposition,Venus,Sagittarius,"25°22'35.81""",Jupiter,Gemini,"26°02'03.63""",180,179.3423,0.6577
2026-01-09 13:30:00,Aspect,Conjunction,Sun,Sagittarius,"24°46'23.04""",Venus,Sagittarius,"25°23'22.98""",0,0.6166,0.6166
2026-01-09 13:30:00,Aspect,Conjunction,Sun,Sagittarius,"24°46'23.04""",Mars,Sagittarius,"24°49'35.33""",0,0.0534,0.0534
2026-01-09 13:30:00,Aspect,Sextitle,Mercury,Sagittarius,"17°15'10.68""",Rahu,Aquarius,"17°30'38.23""",60,60.2577,0.2577
2026-01-09 13:30:00,Aspect,Trine,Mercury,Sagittarius,"17°15'10.68""",Ketu,Leo,"17°30'38.23""",120,119.7423,0.2577
2026-01-09 13:30:00,Aspect,Conjunction,Venus,Sagittarius,"25°23'22.98""",Mars,Sagittarius,"24°49'35.33""",0,0.5632,0.5632
2026-01-09 13:30:00,Aspect,Opposition,Venus,Sagittarius,"25°23'22.98""",Jupiter,Gemini,"26°01'58.57""",180,179.3568,0.6432
2026-01-09 13:45:00,Aspect,Conjunction,Sun,Sagittarius,"24°47'01.25""",Venus,Sagittarius,"25°24'10.15""",0,0.6191,0.6191
2026-01-09 13:45:00,Aspect,Conjunction,Sun,Sagittarius,"24°47'01.25""",Mars,Sagittarius,"24°50'04.27""",0,0.0508,0.0508
2026-01-09 13:45:00,Aspect,Sextitle,Mercury,Sagittarius,"17°16'09.82""",Rahu,Aquarius,"17°30'36.24""",60,60.2407,0.2407
2026-01-09 13:45:00,Aspect,Trine,Mercury,Sagittarius,"17°16'09.82""",Ketu,Leo,"17°30'36.24""",120,119.7593,0.2407
2026-01-09 13:45:00,Aspect,Conjunction,Venus,Sagittarius,"25°24'10.15""",Mars,Sagittarius,"24°50'04.27""",0,0.5683,0.5683
2026-01-09 13:45:00,Aspect,Opposition,Venus,Sagittarius,"25°24'10.15""",Jupiter,Gemini,"26°01'53.51""",180,179.3713,0.6287
2026-01-09 14:00:00,Aspect,Conjunction,Sun,Sagittarius,"24°47'39.46""",Venus,Sagittarius,"25°24'57.32""",0,0.6216,0.6216
2026-01-09 14:00:00,Aspect,Conjunction,Sun,Sagittarius,"24°47'39.46""",Mars,Sagittarius,"24°50'33.20""",0,0.0483,0.0483
2026-01-09 14:00:00,Aspect,Sextitle,Mercury,Sagittarius,"17°17'08.96""",Rahu,Aquarius,"17°30'34.25""",60,60.2237,0.2237
2026-01-09 14:00:00,Aspect,Trine,Mercury,Sagittarius,"17°17'08.96""",Ketu,Leo,"17°30'34.25""",120,119.7763,0.2237
2026-01-09 14:00:00,Aspect,Conjunction,Venus,Sagittarius,"25°24'57.32""",Mars,Sagittarius,"24°50'33.20""",0,0.5734,0.5734
2026-01-09 14:00:00,Aspect,Opposition,Venus,Sagittarius,"25°24'57.32""",Jupiter,Gemini,"26°01'48.45""",180,179.3858,0.6142
2026-01-09 14:15:00,Aspect,Conjunction,Sun,Sagittarius,"24°48'17.67""",Venus,Sagittarius,"25°25'44.49""",0,0.6241,0.6241
2026-01-09 14:15:00,Aspect,Conjunction,Sun,Sagittarius,"24°48'17.67""",Mars,Sagittarius,"24°51'02.14""",0,0.0457,0.0457
2026-01-09 14:15:00,Aspect,Sextitle,Mercury,Sagittarius,"17°18'08.10""",Rahu,Aquarius,"17°30'32.27""",60,60.2067,0.2067
2026-01-09 14:15:00,Aspect,Trine,Mercury,Sagittarius,"17°18'08.10""",Ketu,Leo,"17°30'32.27""",120,119.7933,0.2067
2026-01-09 14:15:00,Aspect,Conjunction,Venus,Sagittarius,"25°25'44.49""",Mars,Sagittarius,"24°51'02.14""",0,0.5784,0.5784
2026-01-09 14:15:00,Aspect,Opposition,Venus,Sagittarius,"25°25'44.49""",Jupiter,Gemini,"26°01'43.38""",180,179.4003,0.5997
2026-01-09 14:30:00,Aspect,Conjunction,Sun,Sagittarius,"24°48'55.88""",Venus,Sagittarius,"25°26'31.66""",0,0.6266,0.6266
2026-01-09 14:30:00,Aspect,Conjunction,Sun,Sagittarius,"24°48'55.88""",Mars,Sagittarius,"24°51'31.08""",0,0.0431,0.0431
2026-01-09 14:30:00,Aspect,Sextitle,Mercury,Sagittarius,"17°19'07.24""",Rahu,Aquarius,"17°30'30.28""",60,60.1897,0.1897
2026-01-09 14:30:00,Aspect,Trine,Mercury,Sagittarius,"17°19'07.24""",Ketu,Leo,"17°30'30.28""",120,119.8103,0.1897
2026-01-09 14:30:00,Aspect,Conjunction,Venus,Sagittarius,"25°26'31.66""",Mars,Sagittarius,"24°51'31.08""",0,0.5835,0.5835
2026-01-09 14:30:00,Aspect,Opposition,Venus,Sagittarius,"25°26'31.66""",Jupiter,Gemini,"26°01'38.32""",180,179.4148,0.5852
2026-01-09 14:45:00,Aspect,Conjunction,Sun,Sagittarius,"24°49'34.08""",Venus,Sagittarius,"25°27'18.83""",0,0.6291,0.6291
2026-01-09 14:45:00,Aspect,Conjunction,Sun,Sagittarius,"24°49'34.08""",Mars,Sagittarius,"24°52'00.02""",0,0.0405,0.0405
2026-01-09 14:45:00,Aspect,Sextitle,Mercury,Sagittarius,"17°20'06.39""",Rahu,Aquarius,"17°30'28.29""",60,60.1728,0.1728
2026-01-09 14:45:00,Aspect,Trine,Mercury,Sagittarius,"17°20'06.39""",Ketu,Leo,"17°30'28.29""",120,119.8272,0.1728
2026-01-09 14:45:00,Aspect,Conjunction,Venus,Sagittarius,"25°27'18.83""",Mars,Sagittarius,"24°52'00.02""",0,0.5886,0.5886
2026-01-09 14:45:00,Aspect,Opposition,Venus,Sagittarius,"25°27'18.83""",Jupiter,Gemini,"26°01'33.26""",180,179.4293,0.5707
2026-01-09 15:00:00,Aspect,Conjunction,Sun,Sagittarius,"24°50'12.29""",Venus,Sagittarius,"25°28'06.00""",0,0.6316,0.6316
2026-01-09 15:00:00,Aspect,Conjunction,Sun,Sagittarius,"24°50'12.29""",Mars,Sagittarius,"24°52'28.96""",0,0.038,0.038
2026-01-09 15:00:00,Aspect,Sextitle,Mercury,Sagittarius,"17°21'05.54""",Rahu,Aquarius,"17°30'26.31""",60,60.1558,0.1558
2026-01-09 15:00:00,Aspect,Trine,Mercury,Sagittarius,"17°21'05.54""",Ketu,Leo,"17°30'26.31""",120,119.8442,0.1558
2026-01-09 15:00:00,Aspect,Conjunction,Venus,Sagittarius,"25°28'06.00""",Mars,Sagittarius,"24°52'28.96""",0,0.5936,0.5936
2026-01-09 15:00:00,Aspect,Opposition,Venus,Sagittarius,"25°28'06.00""",Jupiter,Gemini,"26°01'28.20""",180,179.4438,0.5562
2026-01-09 15:15:00,Aspect,Conjunction,Sun,Sagittarius,"24°50'50.50""",Venus,Sagittarius,"25°28'53.17""",0,0.6341,0.6341
2026-01-09 15:15:00,Aspect,Conjunction,Sun,Sagittarius,"24°50'50.50""",Mars,Sagittarius,"24°52'57.90""",0,0.0354,0.0354
2026-01-09 15:15:00,Aspect,Sextitle,Mercury,Sagittarius,"17°22'04.69""",Rahu,Aquarius,"17°30'24.32""",60,60.1388,0.1388
2026-01-09 15:15:00,Aspect,Trine,Mercury,Sagittarius,"17°22'04.69""",Ketu,Leo,"17°30'24.32""",120,119.8612,0.1388
2026-01-09 15:15:00,Aspect,Conjunction,Venus,Sagittarius,"25°28'53.17""",Mars,Sagittarius,"24°52'57.90""",0,0.5987,0.5987
2026-01-09 15:15:00,Aspect,Opposition,Venus,Sagittarius,"25°28'53.17""",Jupiter,Gemini,"26°01'23.14""",180,179.4583,0.5417
2026-01-09 15:30:00,Aspect,Conjunction,Sun,Sagittarius,"24°51'28.71""",Venus,Sagittarius,"25°29'40.34""",0,0.6366,0.6366
2026-01-09 15:30:00,Aspect,Conjunction,Sun,Sagittarius,"24°51'28.71""",Mars,Sagittarius,"24°53'26.83""",0,0.0328,0.0328
2026-01-09 15:30:00,Aspect,Sextitle,Mercury,Sagittarius,"17°23'03.85""",Rahu,Aquarius,"17°30'22.33""",60,60.1218,0.1218
2026-01-09 15:30:00,Aspect,Trine,Mercury,Sagittarius,"17°23'03.85""",Ketu,Leo,"17°30'22.33""",120,119.8782,0.1218
2026-01-09 15:30:00,Aspect,Conjunction,Venus,Sagittarius,"25°29'40.34""",Mars,Sagittarius,"24°53'26.83""",0,0.6038,0.6038
2026-01-09 15:30:00,Aspect,Opposition,Venus,Sagittarius,"25°29'40.34""",Jupiter,Gemini,"26°01'18.08""",180,179.4729,0.5271
2026-01-09 15:45:00,Aspect,Conjunction,Sun,Sagittarius,"24°52'06.92""",Venus,Sagittarius,"25°30'27.51""",0,0.6391,0.6391
2026-01-09 15:45:00,Aspect,Conjunction,Sun,Sagittarius,"24°52'06.92""",Mars,Sagittarius,"24°53'55.77""",0,0.0302,0.0302
2026-01-09 15:45:00,Aspect,Sextitle,Mercury,Sagittarius,"17°24'03.00""",Rahu,Aquarius,"17°30'20.34""",60,60.1048,0.1048
2026-01-09 15:45:00,Aspect,Trine,Mercury,Sagittarius,"17°24'03.00""",Ketu,Leo,"17°30'20.34""",120,119.8952,0.1048
2026-01-09 15:45:00,Aspect,Conjunction,Venus,Sagittarius,"25°30'27.51""",Mars,Sagittarius,"24°53'55.77""",0,0.6088,0.6088
2026-01-09 15:45:00,Aspect,Opposition,Venus,Sagittarius,"25°30'27.51""",Jupiter,Gemini,"26°01'13.02""",180,179.4874,0.5126
2026-01-09 16:00:00,Aspect,Conjunction,Sun,Sagittarius,"24°52'45.12""",Venus,Sagittarius,"25°31'14.69""",0,0.6415,0.6415
2026-01-09 16:00:00,Aspect,Conjunction,Sun,Sagittarius,"24°52'45.12""",Mars,Sagittarius,"24°54'24.71""",0,0.0277,0.0277
2026-01-09 16:00:00,Aspect,Sextitle,Mercury,Sagittarius,"17°25'02.16""",Rahu,Aquarius,"17°30'18.36""",60,60.0878,0.0878
2026-01-09 16:00:00,Aspect,Trine,Mercury,Sagittarius,"17°25'02.16""",Ketu,Leo,"17°30'18.36""",120,119.9122,0.0878
2026-01-09 16:00:00,Aspect,Conjunction,Venus,Sagittarius,"25°31'14.69""",Mars,Sagittarius,"24°54'24.71""",0,0.6139,0.6139
2026-01-09 16:00:00,Aspect,Opposition,Venus,Sagittarius,"25°31'14.69""",Jupiter,Gemini,"26°01'07.96""",180,179.5019,0.4981
2026-01-09 16:15:00,Aspect,Conjunction,Sun,Sagittarius,"24°53'23.33""",Venus,Sagittarius,"25°32'01.86""",0,0.644,0.644
2026-01-09 16:15:00,Aspect,Conjunction,Sun,Sagittarius,"24°53'23.33""",Mars,Sagittarius,"24°54'53.65""",0,0.0251,0.0251
2026-01-09 16:15:00,Aspect,Sextitle,Mercury,Sagittarius,"17°26'01.33""",Rahu,Aquarius,"17°30'16.37""",60,60.0708,0.0708
2026-01-09 16:15:00,Aspect,Trine,Mercury,Sagittarius,"17°26'01.33""",Ketu,Leo,"17°30'16.37""",120,119.9292,0.0708
2026-01-09 16:15:00,Aspect,Conjunction,Venus,Sagittarius,"25°32'01.86""",Mars,Sagittarius,"24°54'53.65""",0,0.6189,0.6189
2026-01-09 16:15:00,Aspect,Opposition,Venus,Sagittarius,"25°32'01.86""",Jupiter,Gemini,"26°01'02.90""",180,179.5164,0.4836
2026-01-09 16:30:00,Aspect,Conjunction,Sun,Sagittarius,"24°54'01.54""",Venus,Sagittarius,"25°32'49.03""",0,0.6465,0.6465
2026-01-09 16:30:00,Aspect,Conjunction,Sun,Sagittarius,"24°54'01.54""",Mars,Sagittarius,"24°55'22.59""",0,0.0225,0.0225
2026-01-09 16:30:00,Aspect,Sextitle,Mercury,Sagittarius,"17°27'00.49""",Rahu,Aquarius,"17°30'14.38""",60,60.0539,0.0539
2026-01-09 16:30:00,Aspect,Trine,Mercury,Sagittarius,"17°27'00.49""",Ketu,Leo,"17°30'14.38""",120,119.9461,0.0539
2026-01-09 16:30:00,Aspect,Conjunction,Venus,Sagittarius,"25°32'49.03""",Mars,Sagittarius,"24°55'22.59""",0,0.624,0.624
2026-01-09 16:30:00,Aspect,Opposition,Venus,Sagittarius,"25°32'49.03""",Jupiter,Gemini,"26°00'57.83""",180,179.5309,0.4691
2026-01-09 16:45:00,Aspect,Conjunction,Sun,Sagittarius,"24°54'39.75""",Venus,Sagittarius,"25°33'36.20""",0,0.649,0.649
2026-01-09 16:45:00,Aspect,Conjunction,Sun,Sagittarius,"24°54'39.75""",Mars,Sagittarius,"24°55'51.53""",0,0.0199,0.0199
2026-01-09 16:45:00,Aspect,Sextitle,Mercury,Sagittarius,"17°27'59.66""",Rahu,Aquarius,"17°30'12.39""",60,60.0369,0.0369
2026-01-09 16:45:00,Aspect,Trine,Mercury,Sagittarius,"17°27'59.66""",Ketu,Leo,"17°30'12.39""",120,119.9631,0.0369
2026-01-09 16:45:00,Aspect,Conjunction,Venus,Sagittarius,"25°33'36.20""",Mars,Sagittarius,"24°55'51.53""",0,0.6291,0.6291
2026-01-09 16:45:00,Aspect,Opposition,Venus,Sagittarius,"25°33'36.20""",Jupiter,Gemini,"26°00'52.77""",180,179.5454,0.4546
2026-01-09 17:00:00,Aspect,Conjunction,Sun,Sagittarius,"24°55'17.96""",Venus,Sagittarius,"25°34'23.37""",0,0.6515,0.6515
2026-01-09 17:00:00,Aspect,Conjunction,Sun,Sagittarius,"24°55'17.96""",Mars,Sagittarius,"24°56'20.47""",0,0.0174,0.0174
2026-01-09 17:00:00,Aspect,Sextitle,Mercury,Sagittarius,"17°28'58.83""",Rahu,Aquarius,"17°30'10.41""",60,60.0199,0.0199
2026-01-09 17:00:00,Aspect,Trine,Mercury,Sagittarius,"17°28'58.83""",Ketu,Leo,"17°30'10.41""",120,119.9801,0.0199
2026-01-09 17:00:00,Aspect,Conjunction,Venus,Sagittarius,"25°34'23.37""",Mars,Sagittarius,"24°56'20.47""",0,0.6341,0.6341
2026-01-09 17:00:00,Aspect,Opposition,Venus,Sagittarius,"25°34'23.37""",Jupiter,Gemini,"26°00'47.71""",180,179.5599,0.4401
2026-01-09 17:15:00,Aspect,Conjunction,Sun,Sagittarius,"24°55'56.17""",Venus,Sagittarius,"25°35'10.54""",0,0.654,0.654
2026-01-09 17:15:00,Aspect,Conjunction,Sun,Sagittarius,"24°55'56.17""",Mars,Sagittarius,"24°56'49.41""",0,0.0148,0.0148
2026-01-09 17:15:00,Aspect,Sextitle,Mercury,Sagittarius,"17°29'58.01""",Rahu,Aquarius,"17°30'08.42""",60,60.0029,0.0029
2026-01-09 17:15:00,Aspect,Trine,Mercury,Sagittarius,"17°29'58.01""",Ketu,Leo,"17°30'08.42""",120,119.9971,0.0029
2026-01-09 17:15:00,Aspect,Conjunction,Venus,Sagittarius,"25°35'10.54""",Mars,Sagittarius,"24°56'49.41""",0,0.6392,0.6392
2026-01-09 17:15:00,Aspect,Opposition,Venus,Sagittarius,"25°35'10.54""",Jupiter,Gemini,"26°00'42.65""",180,179.5744,0.4256
2026-01-09 17:30:00,Aspect,Conjunction,Sun,Sagittarius,"24°56'34.37""",Venus,Sagittarius,"25°35'57.71""",0,0.6565,0.6565
2026-01-09 17:30:00,Aspect,Conjunction,Sun,Sagittarius,"24°56'34.37""",Mars,Sagittarius,"24°57'18.36""",0,0.0122,0.0122
2026-01-09 17:30:00,Aspect,Sextitle,Mercury,Sagittarius,"17°30'57.18""",Rahu,Aquarius,"17°30'06.43""",60,59.9859,0.0141
2026-01-09 17:30:00,Aspect,Trine,Mercury,Sagittarius,"17°30'57.18""",Ketu,Leo,"17°30'06.43""",120,120.0141,0.0141
2026-01-09 17:30:00,Aspect,Conjunction,Venus,Sagittarius,"25°35'57.71""",Mars,Sagittarius,"24°57'18.36""",0,0.6443,0.6443
2026-01-09 17:30:00,Aspect,Opposition,Venus,Sagittarius,"25°35'57.71""",Jupiter,Gemini,"26°00'37.59""",180,179.5889,0.4111
2026-01-09 17:45:00,Aspect,Conjunction,Sun,Sagittarius,"24°57'12.58""",Venus,Sagittarius,"25°36'44.88""",0,0.659,0.659
2026-01-09 17:45:00,Aspect,Conjunction,Sun,Sagittarius,"24°57'12.58""",Mars,Sagittarius,"24°57'47.30""",0,0.0096,0.0096
2026-01-09 17:45:00,Aspect,Sextitle,Mercury,Sagittarius,"17°31'56.36""",Rahu,Aquarius,"17°30'04.45""",60,59.9689,0.0311
2026-01-09 17:45:00,Aspect,Trine,Mercury,Sagittarius,"17°31'56.36""",Ketu,Leo,"17°30'04.45""",120,120.0311,0.0311
2026-01-09 17:45:00,Aspect,Conjunction,Venus,Sagittarius,"25°36'44.88""",Mars,Sagittarius,"24°57'47.30""",0,0.6493,0.6493
2026-01-09 17:45:00,Aspect,Opposition,Venus,Sagittarius,"25°36'44.88""",Jupiter,Gemini,"26°00'32.53""",180,179.6034,0.3966
2026-01-09 18:00:00,Aspect,Conjunction,Sun,Sagittarius,"24°57'50.79""",Venus,Sagittarius,"25°37'32.05""",0,0.6615,0.6615
2026-01-09 18:00:00,Aspect,Conjunction,Sun,Sagittarius,"24°57'50.79""",Mars,Sagittarius,"24°58'16.24""",0,0.0071,0.0071
2026-01-09 18:00:00,Aspect,Sextitle,Mercury,Sagittarius,"17°32'55.54""",Rahu,Aquarius,"17°30'02.46""",60,59.9519,0.0481
2026-01-09 18:00:00,Aspect,Trine,Mercury,Sagittarius,"17°32'55.54""",Ketu,Leo,"17°30'02.46""",120,120.0481,0.0481
2026-01-09 18:00:00,Aspect,Conjunction,Venus,Sagittarius,"25°37'32.05""",Mars,Sagittarius,"24°58'16.24""",0,0.6544,0.6544
2026-01-09 18:00:00,Aspect,Opposition,Venus,Sagittarius,"25°37'32.05""",Jupiter,Gemini,"26°00'27.47""",180,179.6179,0.3821
2026-01-09 18:15:00,Aspect,Conjunction,Sun,Sagittarius,"24°58'29.00""",Venus,Sagittarius,"25°38'19.22""",0,0.664,0.664
2026-01-09 18:15:00,Aspect,Conjunction,Sun,Sagittarius,"24°58'29.00""",Mars,Sagittarius,"24°58'45.18""",0,0.0045,0.0045
2026-01-09 18:15:00,Aspect,Sextitle,Mercury,Sagittarius,"17°33'54.73""",Rahu,Aquarius,"17°30'00.47""",60,59.9349,0.0651
2026-01-09 18:15:00,Aspect,Trine,Mercury,Sagittarius,"17°33'54.73""",Ketu,Leo,"17°30'00.47""",120,120.0651,0.0651
2026-01-09 18:15:00,Aspect,Conjunction,Venus,Sagittarius,"25°38'19.22""",Mars,Sagittarius,"24°58'45.18""",0,0.6595,0.6595
2026-01-09 18:15:00,Aspect,Opposition,Venus,Sagittarius,"25°38'19.22""",Jupiter,Gemini,"26°00'22.40""",180,179.6324,0.3676
2026-01-09 18:30:00,Aspect,Conjunction,Sun,Sagittarius,"24°59'07.21""",Venus,Sagittarius,"25°39'06.39""",0,0.6664,0.6664
2026-01-09 18:30:00,Aspect,Conjunction,Sun,Sagittarius,"24°59'07.21""",Mars,Sagittarius,"24°59'14.12""",0,0.0019,0.0019
2026-01-09 18:30:00,Aspect,Sextitle,Mercury,Sagittarius,"17°34'53.92""",Rahu,Aquarius,"17°29'58.48""",60,59.9179,0.0821
2026-01-09 18:30:00,Aspect,Trine,Mercury,Sagittarius,"17°34'53.92""",Ketu,Leo,"17°29'58.48""",120,120.0821,0.0821
2026-01-09 18:30:00,Aspect,Conjunction,Venus,Sagittarius,"25°39'06.39""",Mars,Sagittarius,"24°59'14.12""",0,0.6645,0.6645
2026-01-09 18:30:00,Aspect,Opposition,Venus,Sagittarius,"25°39'06.39""",Jupiter,Gemini,"26°00'17.34""",180,179.647,0.353
2026-01-09 18:45:00,Aspect,Conjunction,Sun,Sagittarius,"24°59'45.41""",Venus,Sagittarius,"25°39'53.56""",0,0.6689,0.6689
2026-01-09 18:45:00,Aspect,Conjunction,Sun,Sagittarius,"24°59'45.41""",Mars,Sagittarius,"24°59'43.07""",0,0.0007,0.0007
2026-01-09 18:45:00,Aspect,Sextitle,Mercury,Sagittarius,"17°35'53.11""",Rahu,Aquarius,"17°29'56.50""",60,59.9009,0.0991
2026-01-09 18:45:00,Aspect,Trine,Mercury,Sagittarius,"17°35'53.11""",Ketu,Leo,"17°29'56.50""",120,120.0991,0.0991
2026-01-09 18:45:00,Aspect,Conjunction,Venus,Sagittarius,"25°39'53.56""",Mars,Sagittarius,"24°59'43.07""",0,0.6696,0.6696
2026-01-09 18:45:00,Aspect,Opposition,Venus,Sagittarius,"25°39'53.56""",Jupiter,Gemini,"26°00'12.28""",180,179.6615,0.3385
2026-01-09 19:00:00,Aspect,Conjunction,Sun,Sagittarius,"25°00'23.62""",Venus,Sagittarius,"25°40'40.73""",0,0.6714,0.6714
2026-01-09 19:00:00,Aspect,Conjunction,Sun,Sagittarius,"25°00'23.62""",Mars,Sagittarius,"25°00'12.01""",0,0.0032,0.0032
2026-01-09 19:00:00,Aspect,Opposition,Sun,Sagittarius,"25°00'23.62""",Jupiter,Gemini,"26°00'07.22""",180,179.0046,0.9954
2026-01-09 19:00:00,Aspect,Sextitle,Mercury,Sagittarius,"17°36'52.30""",Rahu,Aquarius,"17°29'54.51""",60,59.8839,0.1161
2026-01-09 19:00:00,Aspect,Trine,Mercury,Sagittarius,"17°36'52.30""",Ketu,Leo,"17°29'54.51""",120,120.1161,0.1161
2026-01-09 19:00:00,Aspect,Conjunction,Venus,Sagittarius,"25°40'40.73""",Mars,Sagittarius,"25°00'12.01""",0,0.6746,0.6746
2026-01-09 19:00:00,Aspect,Opposition,Venus,Sagittarius,"25°40'40.73""",Jupiter,Gemini,"26°00'07.22""",180,179.676,0.324
2026-01-09 19:00:00,Aspect,Opposition,Mars,Sagittarius,"25°00'12.01""",Jupiter,Gemini,"26°00'07.22""",180,179.0013,0.9987
2026-01-09 19:15:00,Aspect,Conjunction,Sun,Sagittarius,"25°01'01.83""",Venus,Sagittarius,"25°41'27.90""",0,0.6739,0.6739
2026-01-09 19:15:00,Aspect,Conjunction,Sun,Sagittarius,"25°01'01.83""",Mars,Sagittarius,"25°00'40.95""",0,0.0058,0.0058
2026-01-09 19:15:00,Aspect,Opposition,Sun,Sagittarius,"25°01'01.83""",Jupiter,Gemini,"26°00'02.16""",180,179.0166,0.9834
2026-01-09 19:15:00,Aspect,Sextitle,Mercury,Sagittarius,"17°37'51.50""",Rahu,Aquarius,"17°29'52.52""",60,59.867,0.133
2026-01-09 19:15:00,Aspect,Trine,Mercury,Sagittarius,"17°37'51.50""",Ketu,Leo,"17°29'52.52""",120,120.133,0.133
2026-01-09 19:15:00,Aspect,Conjunction,Venus,Sagittarius,"25°41'27.90""",Mars,Sagittarius,"25°00'40.95""",0,0.6797,0.6797
2026-01-09 19:15:00,Aspect,Opposition,Venus,Sagittarius,"25°41'27.90""",Jupiter,Gemini,"26°00'02.16""",180,179.6905,0.3095
2026-01-09 19:15:00,Aspect,Opposition,Mars,Sagittarius,"25°00'40.95""",Jupiter,Gemini,"26°00'02.16""",180,179.0108,0.9892
2026-01-09 19:30:00,Aspect,Conjunction,Sun,Sagittarius,"25°01'40.04""",Venus,Sagittarius,"25°42'15.07""",0,0.6764,0.6764
2026-01-09 19:30:00,Aspect,Conjunction,Sun,Sagittarius,"25°01'40.04""",Mars,Sagittarius,"25°01'09.89""",0,0.0084,0.0084
2026-01-09 19:30:00,Aspect,Opposition,Sun,Sagittarius,"25°01'40.04""",Jupiter,Gemini,"25°59'57.10""",180,179.0286,0.9714
2026-01-09 19:30:00,Aspect,Sextitle,Mercury,Sagittarius,"17°38'50.69""",Rahu,Aquarius,"17°29'50.54""",60,59.85,0.15
2026-01-09 19:30:00,Aspect,Trine,Mercury,Sagittarius,"17°38'50.69""",Ketu,Leo,"17°29'50.54""",120,120.15,0.15
2026-01-09 19:30:00,Aspect,Conjunction,Venus,Sagittarius,"25°42'15.07""",Mars,Sagittarius,"25°01'09.89""",0,0.6848,0.6848
2026-01-09 19:30:00,Aspect,Opposition,Venus,Sagittarius,"25°42'15.07""",Jupiter,Gemini,"25°59'57.10""",180,179.705,0.295
2026-01-09 19:30:00,Aspect,Opposition,Mars,Sagittarius,"25°01'09.89""",Jupiter,Gemini,"25°59'57.10""",180,179.0202,0.9798
2026-01-09 19:45:00,Aspect,Conjunction,Sun,Sagittarius,"25°02'18.25""",Venus,Sagittarius,"25°43'02.24""",0,0.6789,0.6789
2026-01-09 19:45:00,Aspect,Conjunction,Sun,Sagittarius,"25°02'18.25""",Mars,Sagittarius,"25°01'38.84""",0,0.0109,0.0109
2026-01-09 19:45:00,Aspect,Opposition,Sun,Sagittarius,"25°02'18.25""",Jupiter,Gemini,"25°59'52.03""",180,179.0406,0.9594
2026-01-09 19:45:00,Aspect,Sextitle,Mercury,Sagittarius,"17°39'49.90""",Rahu,Aquarius,"17°29'48.55""",60,59.833,0.167
2026-01-09 19:45:00,Aspect,Trine,Mercury,Sagittarius,"17°39'49.90""",Ketu,Leo,"17°29'48.55""",120,120.167,0.167
2026-01-09 19:45:00,Aspect,Conjunction,Venus,Sagittarius,"25°43'02.24""",Mars,Sagittarius,"25°01'38.84""",0,0.6898,0.6898
2026-01-09 19:45:00,Aspect,Opposition,Venus,Sagittarius,"25°43'02.24""",Jupiter,Gemini,"25°59'52.03""",180,179.7195,0.2805
2026-01-09 19:45:00,Aspect,Opposition,Mars,Sagittarius,"25°01'38.84""",Jupiter,Gemini,"25°59'52.03""",180,179.0297,0.9703
2026-01-09 20:00:00,Aspect,Conjunction,Sun,Sagittarius,"25°02'56.46""",Venus,Sagittarius,"25°43'49.41""",0,0.6814,0.6814
2026-01-09 20:00:00,Aspect,Conjunction,Sun,Sagittarius,"25°02'56.46""",Mars,Sagittarius,"25°02'07.78""",0,0.0135,0.0135
2026-01-09 20:00:00,Aspect,Opposition,Sun,Sagittarius,"25°02'56.46""",Jupiter,Gemini,"25°59'46.97""",180,179.0526,0.9474
2026-01-09 20:00:00,Aspect,Sextitle,Mercury,Sagittarius,"17°40'49.10""",Rahu,Aquarius,"17°29'46.56""",60,59.816,0.184
2026-01-09 20:00:00,Aspect,Trine,Mercury,Sagittarius,"17°40'49.10""",Ketu,Leo,"17°29'46.56""",120,120.184,0.184
2026-01-09 20:00:00,Aspect,Conjunction,Venus,Sagittarius,"25°43'49.41""",Mars,Sagittarius,"25°02'07.78""",0,0.6949,0.6949
2026-01-09 20:00:00,Aspect,Opposition,Venus,Sagittarius,"25°43'49.41""",Jupiter,Gemini,"25°59'46.97""",180,179.734,0.266
2026-01-09 20:00:00,Aspect,Opposition,Mars,Sagittarius,"25°02'07.78""",Jupiter,Gemini,"25°59'46.97""",180,179.0391,0.9609
2026-01-09 20:15:00,Aspect,Conjunction,Sun,Sagittarius,"25°03'34.66""",Venus,Sagittarius,"25°44'36.58""",0,0.6839,0.6839
2026-01-09 20:15:00,Aspect,Conjunction,Sun,Sagittarius,"25°03'34.66""",Mars,Sagittarius,"25°02'36.72""",0,0.0161,0.0161
2026-01-09 20:15:00,Aspect,Opposition,Sun,Sagittarius,"25°03'34.66""",Jupiter,Gemini,"25°59'41.91""",180,179.0647,0.9353
2026-01-09 20:15:00,Aspect,Sextitle,Mercury,Sagittarius,"17°41'48.31""",Rahu,Aquarius,"17°29'44.57""",60,59.799,0.201
2026-01-09 20:15:00,Aspect,Trine,Mercury,Sagittarius,"17°41'48.31""",Ketu,Leo,"17°29'44.57""",120,120.201,0.201
2026-01-09 20:15:00,Aspect,Conjunction,Venus,Sagittarius,"25°44'36.58""",Mars,Sagittarius,"25°02'36.72""",0,0.7,0.7
2026-01-09 20:15:00,Aspect,Opposition,Venus,Sagittarius,"25°44'36.58""",Jupiter,Gemini,"25°59'41.91""",180,179.7485,0.2515
2026-01-09 20:15:00,Aspect,Opposition,Mars,Sagittarius,"25°02'36.72""",Jupiter,Gemini,"25°59'41.91""",180,179.0486,0.9514
2026-01-09 20:30:00,Aspect,Conjunction,Sun,Sagittarius,"25°04'12.87""",Venus,Sagittarius,"25°45'23.75""",0,0.6864,0.6864
2026-01-09 20:30:00,Aspect,Conjunction,Sun,Sagittarius,"25°04'12.87""",Mars,Sagittarius,"25°03'05.67""",0,0.0187,0.0187
2026-01-09 20:30:00,Aspect,Opposition,Sun,Sagittarius,"25°04'12.87""",Jupiter,Gemini,"25°59'36.85""",180,179.0767,0.9233
2026-01-09 20:30:00,Aspect,Sextitle,Mercury,Sagittarius,"17°42'47.51""",Rahu,Aquarius,"17°29'42.59""",60,59.782,0.218
2026-01-09 20:30:00,Aspect,Trine,Mercury,Sagittarius,"17°42'47.51""",Ketu,Leo,"17°29'42.59""",120,120.218,0.218
2026-01-09 20:30:00,Aspect,Conjunction,Venus,Sagittarius,"25°45'23.75""",Mars,Sagittarius,"25°03'05.67""",0,0.705,0.705
2026-01-09 20:30:00,Aspect,Opposition,Venus,Sagittarius,"25°45'23.75""",Jupiter,Gemini,"25°59'36.85""",180,179.763,0.237
2026-01-09 20:30:00,Aspect,Opposition,Mars,Sagittarius,"25°03'05.67""",Jupiter,Gemini,"25°59'36.85""",180,179.058,0.942
2026-01-09 20:45:00,Aspect,Conjunction,Sun,Sagittarius,"25°04'51.08""",Venus,Sagittarius,"25°46'10.92""",0,0.6888,0.6888
2026-01-09 20:45:00,Aspect,Conjunction,Sun,Sagittarius,"25°04'51.08""",Mars,Sagittarius,"25°03'34.61""",0,0.0212,0.0212
2026-01-09 20:45:00,Aspect,Opposition,Sun,Sagittarius,"25°04'51.08""",Jupiter,Gemini,"25°59'31.79""",180,179.0887,0.9113
2026-01-09 20:45:00,Aspect,Sextitle,Mercury,Sagittarius,"17°43'46.73""",Rahu,Aquarius,"17°29'40.60""",60,59.765,0.235
2026-01-09 20:45:00,Aspect,Trine,Mercury,Sagittarius,"17°43'46.73""",Ketu,Leo,"17°29'40.60""",120,120.235,0.235
2026-01-09 20:45:00,Aspect,Conjunction,Venus,Sagittarius,"25°46'10.92""",Mars,Sagittarius,"25°03'34.61""",0,0.7101,0.7101
2026-01-09 20:45:00,Aspect,Opposition,Venus,Sagittarius,"25°46'10.92""",Jupiter,Gemini,"25°59'31.79""",180,179.7775,0.2225
2026-01-09 20:45:00,Aspect,Opposition,Mars,Sagittarius,"25°03'34.61""",Jupiter,Gemini,"25°59'31.79""",180,179.0675,0.9325
2026-01-09 21:00:00,Aspect,Conjunction,Sun,Sagittarius,"25°05'29.29""",Venus,Sagittarius,"25°46'58.09""",0,0.6913,0.6913
2026-01-09 21:00:00,Aspect,Conjunction,Sun,Sagittarius,"25°05'29.29""",Mars,Sagittarius,"25°04'03.56""",0,0.0238,0.0238
2026-01-09 21:00:00,Aspect,Opposition,Sun,Sagittarius,"25°05'29.29""",Jupiter,Gemini,"25°59'26.72""",180,179.1007,0.8993
2026-01-09 21:00:00,Aspect,Sextitle,Mercury,Sagittarius,"17°44'45.94""",Rahu,Aquarius,"17°29'38.61""",60,59.748,0.252
2026-01-09 21:00:00,Aspect,Trine,Mercury,Sagittarius,"17°44'45.94""",Ketu,Leo,"17°29'38.61""",120,120.252,0.252
2026-01-09 21:00:00,Aspect,Conjunction,Venus,Sagittarius,"25°46'58.09""",Mars,Sagittarius,"25°04'03.56""",0,0.7151,0.7151
2026-01-09 21:00:00,Aspect,Opposition,Venus,Sagittarius,"25°46'58.09""",Jupiter,Gemini,"25°59'26.72""",180,179.792,0.208
2026-01-09 21:00:00,Aspect,Opposition,Mars,Sagittarius,"25°04'03.56""",Jupiter,Gemini,"25°59'26.72""",180,179.0769,0.9231
2026-01-09 21:15:00,Aspect,Conjunction,Sun,Sagittarius,"25°06'07.50""",Venus,Sagittarius,"25°47'45.26""",0,0.6938,0.6938
2026-01-09 21:15:00,Aspect,Conjunction,Sun,Sagittarius,"25°06'07.50""",Mars,Sagittarius,"25°04'32.50""",0,0.0264,0.0264
2026-01-09 21:15:00,Aspect,Opposition,Sun,Sagittarius,"25°06'07.50""",Jupiter,Gemini,"25°59'21.66""",180,179.1127,0.8873
2026-01-09 21:15:00,Aspect,Sextitle,Mercury,Sagittarius,"17°45'45.16""",Rahu,Aquarius,"17°29'36.63""",60,59.731,0.269
2026-01-09 21:15:00,Aspect,Trine,Mercury,Sagittarius,"17°45'45.16""",Ketu,Leo,"17°29'36.63""",120,120.269,0.269
2026-01-09 21:15:00,Aspect,Conjunction,Venus,Sagittarius,"25°47'45.26""",Mars,Sagittarius,"25°04'32.50""",0,0.7202,0.7202
2026-01-09 21:15:00,Aspect,Opposition,Venus,Sagittarius,"25°47'45.26""",Jupiter,Gemini,"25°59'21.66""",180,179.8066,0.1934
2026-01-09 21:15:00,Aspect,Opposition,Mars,Sagittarius,"25°04'32.50""",Jupiter,Gemini,"25°59'21.66""",180,179.0863,0.9137
2026-01-09 21:30:00,Aspect,Conjunction,Sun,Sagittarius,"25°06'45.71""",Venus,Sagittarius,"25°48'32.44""",0,0.6963,0.6963
2026-01-09 21:30:00,Aspect,Conjunction,Sun,Sagittarius,"25°06'45.71""",Mars,Sagittarius,"25°05'01.45""",0,0.029,0.029
2026-01-09 21:30:00,Aspect,Opposition,Sun,Sagittarius,"25°06'45.71""",Jupiter,Gemini,"25°59'16.60""",180,179.1248,0.8752
2026-01-09 21:30:00,Aspect,Sextitle,Mercury,Sagittarius,"17°46'44.38""",Rahu,Aquarius,"17°29'34.64""",60,59.714,0.286
2026-01-09 21:30:00,Aspect,Trine,Mercury,Sagittarius,"17°46'44.38""",Ketu,Leo,"17°29'34.64""",120,120.286,0.286
2026-01-09 21:30:00,Aspect,Conjunction,Venus,Sagittarius,"25°48'32.44""",Mars,Sagittarius,"25°05'01.45""",0,0.7253,0.7253
2026-01-09 21:30:00,Aspect,Opposition,Venus,Sagittarius,"25°48'32.44""",Jupiter,Gemini,"25°59'16.60""",180,179.8211,0.1789
2026-01-09 21:30:00,Aspect,Opposition,Mars,Sagittarius,"25°05'01.45""",Jupiter,Gemini,"25°59'16.60""",180,179.0958,0.9042
2026-01-09 21:45:00,Aspect,Conjunction,Sun,Sagittarius,"25°07'23.91""",Venus,Sagittarius,"25°49'19.61""",0,0.6988,0.6988
2026-01-09 21:45:00,Aspect,Conjunction,Sun,Sagittarius,"25°07'23.91""",Mars,Sagittarius,"25°05'30.39""",0,0.0315,0.0315
2026-01-09 21:45:00,Aspect,Opposition,Sun,Sagittarius,"25°07'23.91""",Jupiter,Gemini,"25°59'11.54""",180,179.1368,0.8632
2026-01-09 21:45:00,Aspect,Sextitle,Mercury,Sagittarius,"17°47'43.60""",Rahu,Aquarius,"17°29'32.65""",60,59.697,0.303
2026-01-09 21:45:00,Aspect,Trine,Mercury,Sagittarius,"17°47'43.60""",Ketu,Leo,"17°29'32.65""",120,120.303,0.303
2026-01-09 21:45:00,Aspect,Conjunction,Venus,Sagittarius,"25°49'19.61""",Mars,Sagittarius,"25°05'30.39""",0,0.7303,0.7303
2026-01-09 21:45:00,Aspect,Opposition,Venus,Sagittarius,"25°49'19.61""",Jupiter,Gemini,"25°59'11.54""",180,179.8356,0.1644
2026-01-09 21:45:00,Aspect,Opposition,Mars,Sagittarius,"25°05'30.39""",Jupiter,Gemini,"25°59'11.54""",180,179.1052,0.8948
2026-01-09 22:00:00,Aspect,Conjunction,Sun,Sagittarius,"25°08'02.12""",Venus,Sagittarius,"25°50'06.78""",0,0.7013,0.7013
2026-01-09 22:00:00,Aspect,Conjunction,Sun,Sagittarius,"25°08'02.12""",Mars,Sagittarius,"25°05'59.34""",0,0.0341,0.0341
2026-01-09 22:00:00,Aspect,Opposition,Sun,Sagittarius,"25°08'02.12""",Jupiter,Gemini,"25°59'06.48""",180,179.1488,0.8512
2026-01-09 22:00:00,Aspect,Sextitle,Mercury,Sagittarius,"17°48'42.83""",Rahu,Aquarius,"17°29'30.66""",60,59.68,0.32
2026-01-09 22:00:00,Aspect,Trine,Mercury,Sagittarius,"17°48'42.83""",Ketu,Leo,"17°29'30.66""",120,120.32,0.32
2026-01-09 22:00:00,Aspect,Conjunction,Venus,Sagittarius,"25°50'06.78""",Mars,Sagittarius,"25°05'59.34""",0,0.7354,0.7354
2026-01-09 22:00:00,Aspect,Opposition,Venus,Sagittarius,"25°50'06.78""",Jupiter,Gemini,"25°59'06.48""",180,179.8501,0.1499
2026-01-09 22:00:00,Aspect,Opposition,Mars,Sagittarius,"25°05'59.34""",Jupiter,Gemini,"25°59'06.48""",180,179.1147,0.8853
2026-01-09 22:15:00,Aspect,Conjunction,Sun,Sagittarius,"25°08'40.33""",Venus,Sagittarius,"25°50'53.95""",0,0.7038,0.7038
2026-01-09 22:15:00,Aspect,Conjunction,Sun,Sagittarius,"25°08'40.33""",Mars,Sagittarius,"25°06'28.28""",0,0.0367,0.0367
2026-01-09 22:15:00,Aspect,Opposition,Sun,Sagittarius,"25°08'40.33""",Jupiter,Gemini,"25°59'01.41""",180,179.1608,0.8392
2026-01-09 22:15:00,Aspect,Sextitle,Mercury,Sagittarius,"17°49'42.06""",Rahu,Aquarius,"17°29'28.68""",60,59.663,0.337
2026-01-09 22:15:00,Aspect,Trine,Mercury,Sagittarius,"17°49'42.06""",Ketu,Leo,"17°29'28.68""",120,120.337,0.337
2026-01-09 22:15:00,Aspect,Conjunction,Venus,Sagittarius,"25°50'53.95""",Mars,Sagittarius,"25°06'28.28""",0,0.7405,0.7405
2026-01-09 22:15:00,Aspect,Opposition,Venus,Sagittarius,"25°50'53.95""",Jupiter,Gemini,"25°59'01.41""",180,179.8646,0.1354
2026-01-09 22:15:00,Aspect,Opposition,Mars,Sagittarius,"25°06'28.28""",Jupiter,Gemini,"25°59'01.41""",180,179.1241,0.8759
2026-01-09 22:30:00,Aspect,Conjunction,Sun,Sagittarius,"25°09'18.54""",Venus,Sagittarius,"25°51'41.12""",0,0.7063,0.7063
2026-01-09 22:30:00,Aspect,Conjunction,Sun,Sagittarius,"25°09'18.54""",Mars,Sagittarius,"25°06'57.23""",0,0.0393,0.0393
2026-01-09 22:30:00,Aspect,Opposition,Sun,Sagittarius,"25°09'18.54""",Jupiter,Gemini,"25°58'56.35""",180,179.1728,0.8272
2026-01-09 22:30:00,Aspect,Sextitle,Mercury,Sagittarius,"17°50'41.29""",Rahu,Aquarius,"17°29'26.69""",60,59.6459,0.3541
2026-01-09 22:30:00,Aspect,Trine,Mercury,Sagittarius,"17°50'41.29""",Ketu,Leo,"17°29'26.69""",120,120.3541,0.3541
2026-01-09 22:30:00,Aspect,Conjunction,Venus,Sagittarius,"25°51'41.12""",Mars,Sagittarius,"25°06'57.23""",0,0.7455,0.7455
2026-01-09 22:30:00,Aspect,Opposition,Venus,Sagittarius,"25°51'41.12""",Jupiter,Gemini,"25°58'56.35""",180,179.8791,0.1209
2026-01-09 22:30:00,Aspect,Opposition,Mars,Sagittarius,"25°06'57.23""",Jupiter,Gemini,"25°58'56.35""",180,179.1336,0.8664
2026-01-09 22:45:00,Aspect,Conjunction,Sun,Sagittarius,"25°09'56.75""",Venus,Sagittarius,"25°52'28.29""",0,0.7088,0.7088
2026-01-09 22:45:00,Aspect,Conjunction,Sun,Sagittarius,"25°09'56.75""",Mars,Sagittarius,"25°07'26.18""",0,0.0418,0.0418
2026-01-09 22:45:00,Aspect,Opposition,Sun,Sagittarius,"25°09'56.75""",Jupiter,Gemini,"25°58'51.29""",180,179.1848,0.8152
2026-01-09 22:45:00,Aspect,Sextitle,Mercury,Sagittarius,"17°51'40.52""",Rahu,Aquarius,"17°29'24.70""",60,59.6289,0.3711
2026-01-09 22:45:00,Aspect,Trine,Mercury,Sagittarius,"17°51'40.52""",Ketu,Leo,"17°29'24.70""",120,120.3711,0.3711
2026-01-09 22:45:00,Aspect,Conjunction,Venus,Sagittarius,"25°52'28.29""",Mars,Sagittarius,"25°07'26.18""",0,0.7506,0.7506
2026-01-09 22:45:00,Aspect,Opposition,Venus,Sagittarius,"25°52'28.29""",Jupiter,Gemini,"25°58'51.29""",180,179.8936,0.1064
2026-01-09 22:45:00,Aspect,Opposition,Mars,Sagittarius,"25°07'26.18""",Jupiter,Gemini,"25°58'51.29""",180,179.143,0.857
2026-01-09 23:00:00,Aspect,Conjunction,Sun,Sagittarius,"25°10'34.96""",Venus,Sagittarius,"25°53'15.46""",0,0.7113,0.7113
2026-01-09 23:00:00,Aspect,Conjunction,Sun,Sagittarius,"25°10'34.96""",Mars,Sagittarius,"25°07'55.12""",0,0.0444,0.0444
2026-01-09 23:00:00,Aspect,Opposition,Sun,Sagittarius,"25°10'34.96""",Jupiter,Gemini,"25°58'46.23""",180,179.1969,0.8031
2026-01-09 23:00:00,Aspect,Sextitle,Mercury,Sagittarius,"17°52'39.76""",Rahu,Aquarius,"17°29'22.71""",60,59.6119,0.3881
2026-01-09 23:00:00,Aspect,Trine,Mercury,Sagittarius,"17°52'39.76""",Ketu,Leo,"17°29'22.71""",120,120.3881,0.3881
2026-01-09 23:00:00,Aspect,Conjunction,Venus,Sagittarius,"25°53'15.46""",Mars,Sagittarius,"25°07'55.12""",0,0.7556,0.7556
2026-01-09 23:00:00,Aspect,Opposition,Venus,Sagittarius,"25°53'15.46""",Jupiter,Gemini,"25°58'46.23""",180,179.9081,0.0919
2026-01-09 23:00:00,Aspect,Opposition,Mars,Sagittarius,"25°07'55.12""",Jupiter,Gemini,"25°58'46.23""",180,179.1525,0.8475
2026-01-09 23:15:00,Aspect,Conjunction,Sun,Sagittarius,"25°11'13.16""",Venus,Sagittarius,"25°54'02.63""",0,0.7137,0.7137
2026-01-09 23:15:00,Aspect,Conjunction,Sun,Sagittarius,"25°11'13.16""",Mars,Sagittarius,"25°08'24.07""",0,0.047,0.047
2026-01-09 23:15:00,Aspect,Opposition,Sun,Sagittarius,"25°11'13.16""",Jupiter,Gemini,"25°58'41.17""",180,179.2089,0.7911
2026-01-09 23:15:00,Aspect,Sextitle,Mercury,Sagittarius,"17°53'39.00""",Rahu,Aquarius,"17°29'20.73""",60,59.5949,0.4051
2026-01-09 23:15:00,Aspect,Trine,Mercury,Sagittarius,"17°53'39.00""",Ketu,Leo,"17°29'20.73""",120,120.4051,0.4051
2026-01-09 23:15:00,Aspect,Conjunction,Venus,Sagittarius,"25°54'02.63""",Mars,Sagittarius,"25°08'24.07""",0,0.7607,0.7607
2026-01-09 23:15:00,Aspect,Opposition,Venus,Sagittarius,"25°54'02.63""",Jupiter,Gemini,"25°58'41.17""",180,179.9226,0.0774
2026-01-09 23:15:00,Aspect,Opposition,Mars,Sagittarius,"25°08'24.07""",Jupiter,Gemini,"25°58'41.17""",180,179.1619,0.8381
2026-01-09 23:30:00,Aspect,Conjunction,Sun,Sagittarius,"25°11'51.37""",Venus,Sagittarius,"25°54'49.80""",0,0.7162,0.7162
2026-01-09 23:30:00,Aspect,Conjunction,Sun,Sagittarius,"25°11'51.37""",Mars,Sagittarius,"25°08'53.02""",0,0.0495,0.0495
2026-01-09 23:30:00,Aspect,Opposition,Sun,Sagittarius,"25°11'51.37""",Jupiter,Gemini,"25°58'36.10""",180,179.2209,0.7791
2026-01-09 23:30:00,Aspect,Sextitle,Mercury,Sagittarius,"17°54'38.24""",Rahu,Aquarius,"17°29'18.74""",60,59.5779,0.4221
2026-01-09 23:30:00,Aspect,Trine,Mercury,Sagittarius,"17°54'38.24""",Ketu,Leo,"17°29'18.74""",120,120.4221,0.4221
2026-01-09 23:30:00,Aspect,Conjunction,Venus,Sagittarius,"25°54'49.80""",Mars,Sagittarius,"25°08'53.02""",0,0.7658,0.7658
2026-01-09 23:30:00,Aspect,Opposition,Venus,Sagittarius,"25°54'49.80""",Jupiter,Gemini,"25°58'36.10""",180,179.9371,0.0629
2026-01-09 23:30:00,Aspect,Opposition,Mars,Sagittarius,"25°08'53.02""",Jupiter,Gemini,"25°58'36.10""",180,179.1714,0.8286
2026-01-09 23:45:00,Aspect,Conjunction,Sun,Sagittarius,"25°12'29.58""",Venus,Sagittarius,"25°55'36.97""",0,0.7187,0.7187
2026-01-09 23:45:00,Aspect,Conjunction,Sun,Sagittarius,"25°12'29.58""",Mars,Sagittarius,"25°09'21.96""",0,0.0521,0.0521
2026-01-09 23:45:00,Aspect,Opposition,Sun,Sagittarius,"25°12'29.58""",Jupiter,Gemini,"25°58'31.04""",180,179.2329,0.7671
2026-01-09 23:45:00,Aspect,Sextitle,Mercury,Sagittarius,"17°55'37.48""",Rahu,Aquarius,"17°29'16.75""",60,59.5609,0.4391
2026-01-09 23:45:00,Aspect,Trine,Mercury,Sagittarius,"17°55'37.48""",Ketu,Leo,"17°29'16.75""",120,120.4391,0.4391
2026-01-09 23:45:00,Aspect,Conjunction,Venus,Sagittarius,"25°55'36.97""",Mars,Sagittarius,"25°09'21.96""",0,0.7708,0.7708
2026-01-09 23:45:00,Aspect,Opposition,Venus,Sagittarius,"25°55'36.97""",Jupiter,Gemini,"25°58'31.04""",180,179.9516,0.0484
2026-01-09 23:45:00,Aspect,Opposition,Mars,Sagittarius,"25°09'21.96""",Jupiter,Gemini,"25°58'31.04""",180,179.1808,0.8192
2026-01-10 00:00:00,Aspect,Conjunction,Sun,Sagittarius,"25°13'07.79""",Venus,Sagittarius,"25°56'24.14""",0,0.7212,0.7212
2026-01-10 00:00:00,Aspect,Conjunction,Sun,Sagittarius,"25°13'07.79""",Mars,Sagittarius,"25°09'50.91""",0,0.0547,0.0547
2026-01-10 00:00:00,Aspect,Opposition,Sun,Sagittarius,"25°13'07.79""",Jupiter,Gemini,"25°58'25.98""",180,179.2449,0.7551
2026-01-10 00:00:00,Aspect,Sextitle,Mercury,Sagittarius,"17°56'36.73""",Rahu,Aquarius,"17°29'14.77""",60,59.5439,0.4561
2026-01-10 00:00:00,Aspect,Trine,Mercury,Sagittarius,"17°56'36.73""",Ketu,Leo,"17°29'14.77""",120,120.4561,0.4561
2026-01-10 00:00:00,Aspect,Conjunction,Venus,Sagittarius,"25°56'24.14""",Mars,Sagittarius,"25°09'50.91""",0,0.7759,0.7759
2026-01-10 00:00:00,Aspect,Opposition,Venus,Sagittarius,"25°56'24.14""",Jupiter,Gemini,"25°58'25.98""",180,179.9662,0.0338
2026-01-10 00:00:00,Aspect,Opposition,Mars,Sagittarius,"25°09'50.91""",Jupiter,Gemini,"25°58'25.98""",180,179.1903,0.8097
2026-01-10 00:15:00,Aspect,Conjunction,Sun,Sagittarius,"25°13'46.00""",Venus,Sagittarius,"25°57'11.31""",0,0.7237,0.7237
2026-01-10 00:15:00,Aspect,Conjunction,Sun,Sagittarius,"25°13'46.00""",Mars,Sagittarius,"25°10'19.86""",0,0.0573,0.0573
2026-01-10 00:15:00,Aspect,Opposition,Sun,Sagittarius,"25°13'46.00""",Jupiter,Gemini,"25°58'20.92""",180,179.257,0.743
2026-01-10 00:15:00,Aspect,Sextitle,Mercury,Sagittarius,"17°57'35.98""",Rahu,Aquarius,"17°29'12.78""",60,59.5269,0.4731
2026-01-10 00:15:00,Aspect,Trine,Mercury,Sagittarius,"17°57'35.98""",Ketu,Leo,"17°29'12.78""",120,120.4731,0.4731
2026-01-10 00:15:00,Aspect,Conjunction,Venus,Sagittarius,"25°57'11.31""",Mars,Sagittarius,"25°10'19.86""",0,0.781,0.781
2026-01-10 00:15:00,Aspect,Opposition,Venus,Sagittarius,"25°57'11.31""",Jupiter,Gemini,"25°58'20.92""",180,179.9807,0.0193
2026-01-10 00:15:00,Aspect,Opposition,Mars,Sagittarius,"25°10'19.86""",Jupiter,Gemini,"25°58'20.92""",180,179.1997,0.8003
2026-01-10 00:30:00,Aspect,Conjunction,Sun,Sagittarius,"25°14'24.21""",Venus,Sagittarius,"25°57'58.48""",0,0.7262,0.7262
2026-01-10 00:30:00,Aspect,Conjunction,Sun,Sagittarius,"25°14'24.21""",Mars,Sagittarius,"25°10'48.81""",0,0.0598,0.0598
2026-01-10 00:30:00,Aspect,Opposition,Sun,Sagittarius,"25°14'24.21""",Jupiter,Gemini,"25°58'15.85""",180,179.269,0.731
2026-01-10 00:30:00,Aspect,Sextitle,Mercury,Sagittarius,"17°58'35.23""",Rahu,Aquarius,"17°29'10.79""",60,59.5099,0.4901
2026-01-10 00:30:00,Aspect,Trine,Mercury,Sagittarius,"17°58'35.23""",Ketu,Leo,"17°29'10.79""",120,120.4901,0.4901
2026-01-10 00:30:00,Aspect,Conjunction,Venus,Sagittarius,"25°57'58.48""",Mars,Sagittarius,"25°10'48.81""",0,0.786,0.786
2026-01-10 00:30:00,Aspect,Opposition,Venus,Sagittarius,"25°57'58.48""",Jupiter,Gemini,"25°58'15.85""",180,179.9952,0.0048
2026-01-10 00:30:00,Aspect,Opposition,Mars,Sagittarius,"25°10'48.81""",Jupiter,Gemini,"25°58'15.85""",180,179.2092,0.7908
2026-01-10 00:45:00,Aspect,Conjunction,Sun,Sagittarius,"25°15'02.41""",Venus,Sagittarius,"25°58'45.65""",0,0.7287,0.7287
2026-01-10 00:45:00,Aspect,Conjunction,Sun,Sagittarius,"25°15'02.41""",Mars,Sagittarius,"25°11'17.75""",0,0.0624,0.0624
2026-01-10 00:45:00,Aspect,Opposition,Sun,Sagittarius,"25°15'02.41""",Jupiter,Gemini,"25°58'10.79""",180,179.281,0.719
2026-01-10 00:45:00,Aspect,Sextitle,Mercury,Sagittarius,"17°59'34.49""",Rahu,Aquarius,"17°29'08.80""",60,59.4929,0.5071
2026-01-10 00:45:00,Aspect,Trine,Mercury,Sagittarius,"17°59'34.49""",Ketu,Leo,"17°29'08.80""",120,120.5071,0.5071
2026-01-10 00:45:00,Aspect,Conjunction,Venus,Sagittarius,"25°58'45.65""",Mars,Sagittarius,"25°11'17.75""",0,0.7911,0.7911
2026-01-10 00:45:00,Aspect,Opposition,Venus,Sagittarius,"25°58'45.65""",Jupiter,Gemini,"25°58'10.79""",180,179.9903,0.0097
2026-01-10 00:45:00,Aspect,Opposition,Mars,Sagittarius,"25°11'17.75""",Jupiter,Gemini,"25°58'10.79""",180,179.2186,0.7814
2026-01-10 01:00:00,Aspect,Conjunction,Sun,Sagittarius,"25°15'40.62""",Venus,Sagittarius,"25°59'32.82""",0,0.7312,0.7312
2026-01-10 01:00:00,Aspect,Conjunction,Sun,Sagittarius,"25°15'40.62""",Mars,Sagittarius,"25°11'46.70""",0,0.065,0.065
2026-01-10 01:00:00,Aspect,Opposition,Sun,Sagittarius,"25°15'40.62""",Jupiter,Gemini,"25°58'05.73""",180,179.293,0.707
2026-01-10 01:00:00,Aspect,Sextitle,Mercury,Sagittarius,"18°00'33.75""",Rahu,Aquarius,"17°29'06.82""",60,59.4759,0.5241
2026-01-10 01:00:00,Aspect,Trine,Mercury,Sagittarius,"18°00'33.75""",Ketu,Leo,"17°29'06.82""",120,120.5241,0.5241
2026-01-10 01:00:00,Aspect,Conjunction,Venus,Sagittarius,"25°59'32.82""",Mars,Sagittarius,"25°11'46.70""",0,0.7961,0.7961
2026-01-10 01:00:00,Aspect,Opposition,Venus,Sagittarius,"25°59'32.82""",Jupiter,Gemini,"25°58'05.73""",180,179.9758,0.0242
2026-01-10 01:00:00,Aspect,Opposition,Mars,Sagittarius,"25°11'46.70""",Jupiter,Gemini,"25°58'05.73""",180,179.228,0.772
2026-01-10 01:15:00,Aspect,Conjunction,Sun,Sagittarius,"25°16'18.83""",Venus,Sagittarius,"26°00'19.99""",0,0.7337,0.7337
2026-01-10 01:15:00,Aspect,Conjunction,Sun,Sagittarius,"25°16'18.83""",Mars,Sagittarius,"25°12'15.65""",0,0.0675,0.0675
2026-01-10 01:15:00,Aspect,Opposition,Sun,Sagittarius,"25°16'18.83""",Jupiter,Gemini,"25°58'00.67""",180,179.305,0.695
2026-01-10 01:15:00,Aspect,Sextitle,Mercury,Sagittarius,"18°01'33.01""",Rahu,Aquarius,"17°29'04.83""",60,59.4588,0.5412
2026-01-10 01:15:00,Aspect,Trine,Mercury,Sagittarius,"18°01'33.01""",Ketu,Leo,"17°29'04.83""",120,120.5412,0.5412
2026-01-10 01:15:00,Aspect,Conjunction,Venus,Sagittarius,"26°00'19.99""",Mars,Sagittarius,"25°12'15.65""",0,0.8012,0.8012
2026-01-10 01:15:00,Aspect,Opposition,Venus,Sagittarius,"26°00'19.99""",Jupiter,Gemini,"25°58'00.67""",180,179.9613,0.0387
2026-01-10 01:15:00,Aspect,Opposition,Mars,Sagittarius,"25°12'15.65""",Jupiter,Gemini,"25°58'00.67""",180,179.2375,0.7625
2026-01-10 01:30:00,Aspect,Conjunction,Sun,Sagittarius,"25°16'57.04""",Venus,Sagittarius,"26°01'07.16""",0,0.7361,0.7361
2026-01-10 01:30:00,Aspect,Conjunction,Sun,Sagittarius,"25°16'57.04""",Mars,Sagittarius,"25°12'44.60""",0,0.0701,0.0701
2026-01-10 01:30:00,Aspect,Opposition,Sun,Sagittarius,"25°16'57.04""",Jupiter,Gemini,"25°57'55.60""",180,179.3171,0.6829
2026-01-10 01:30:00,Aspect,Sextitle,Mercury,Sagittarius,"18°02'32.27""",Rahu,Aquarius,"17°29'02.84""",60,59.4418,0.5582
2026-01-10 01:30:00,Aspect,Trine,Mercury,Sagittarius,"18°02'32.27""",Ketu,Leo,"17°29'02.84""",120,120.5582,0.5582
2026-01-10 01:30:00,Aspect,Conjunction,Venus,Sagittarius,"26°01'07.16""",Mars,Sagittarius,"25°12'44.60""",0,0.8063,0.8063
2026-01-10 01:30:00,Aspect,Opposition,Venus,Sagittarius,"26°01'07.16""",Jupiter,Gemini,"25°57'55.60""",180,179.9468,0.0532
2026-01-10 01:30:00,Aspect,Opposition,Mars,Sagittarius,"25°12'44.60""",Jupiter,Gemini,"25°57'55.60""",180,179.2469,0.7531
2026-01-10 01:45:00,Aspect,Conjunction,Sun,Sagittarius,"25°17'35.25""",Venus,Sagittarius,"26°01'54.33""",0,0.7386,0.7386
2026-01-10 01:45:00,Aspect,Conjunction,Sun,Sagittarius,"25°17'35.25""",Mars,Sagittarius,"25°13'13.55""",0,0.0727,0.0727
2026-01-10 01:45:00,Aspect,Opposition,Sun,Sagittarius,"25°17'35.25""",Jupiter,Gemini,"25°57'50.54""",180,179.3291,0.6709
2026-01-10 01:45:00,Aspect,Sextitle,Mercury,Sagittarius,"18°03'31.54""",Rahu,Aquarius,"17°29'00.86""",60,59.4248,0.5752
2026-01-10 01:45:00,Aspect,Trine,Mercury,Sagittarius,"18°03'31.54""",Ketu,Leo,"17°29'00.86""",120,120.5752,0.5752
2026-01-10 01:45:00,Aspect,Conjunction,Venus,Sagittarius,"26°01'54.33""",Mars,Sagittarius,"25°13'13.55""",0,0.8113,0.8113
2026-01-10 01:45:00,Aspect,Opposition,Venus,Sagittarius,"26°01'54.33""",Jupiter,Gemini,"25°57'50.54""",180,179.9323,0.0677
2026-01-10 01:45:00,Aspect,Opposition,Mars,Sagittarius,"25°13'13.55""",Jupiter,Gemini,"25°57'50.54""",180,179.2564,0.7436
2026-01-10 02:00:00,Aspect,Conjunction,Sun,Sagittarius,"25°18'13.46""",Venus,Sagittarius,"26°02'41.50""",0,0.7411,0.7411
2026-01-10 02:00:00,Aspect,Conjunction,Sun,Sagittarius,"25°18'13.46""",Mars,Sagittarius,"25°13'42.50""",0,0.0753,0.0753
2026-01-10 02:00:00,Aspect,Opposition,Sun,Sagittarius,"25°18'13.46""",Jupiter,Gemini,"25°57'45.48""",180,179.3411,0.6589
2026-01-10 02:00:00,Aspect,Sextitle,Mercury,Sagittarius,"18°04'30.81""",Rahu,Aquarius,"17°28'58.87""",60,59.4078,0.5922
2026-01-10 02:00:00,Aspect,Trine,Mercury,Sagittarius,"18°04'30.81""",Ketu,Leo,"17°28'58.87""",120,120.5922,0.5922
2026-01-10 02:00:00,Aspect,Conjunction,Venus,Sagittarius,"26°02'41.50""",Mars,Sagittarius,"25°13'42.50""",0,0.8164,0.8164
2026-01-10 02:00:00,Aspect,Opposition,Venus,Sagittarius,"26°02'41.50""",Jupiter,Gemini,"25°57'45.48""",180,179.9178,0.0822
2026-01-10 02:00:00,Aspect,Opposition,Mars,Sagittarius,"25°13'42.50""",Jupiter,Gemini,"25°57'45.48""",180,179.2658,0.7342
2026-01-10 02:15:00,Aspect,Conjunction,Sun,Sagittarius,"25°18'51.66""",Venus,Sagittarius,"26°03'28.67""",0,0.7436,0.7436
2026-01-10 02:15:00,Aspect,Conjunction,Sun,Sagittarius,"25°18'51.66""",Mars,Sagittarius,"25°14'11.45""",0,0.0778,0.0778
2026-01-10 02:15:00,Aspect,Opposition,Sun,Sagittarius,"25°18'51.66""",Jupiter,Gemini,"25°57'40.42""",180,179.3531,0.6469
2026-01-10 02:15:00,Aspect,Sextitle,Mercury,Sagittarius,"18°05'30.08""",Rahu,Aquarius,"17°28'56.88""",60,59.3908,0.6092
2026-01-10 02:15:00,Aspect,Trine,Mercury,Sagittarius,"18°05'30.08""",Ketu,Leo,"17°28'56.88""",120,120.6092,0.6092
2026-01-10 02:15:00,Aspect,Conjunction,Venus,Sagittarius,"26°03'28.67""",Mars,Sagittarius,"25°14'11.45""",0,0.8214,0.8214
2026-01-10 02:15:00,Aspect,Opposition,Venus,Sagittarius,"26°03'28.67""",Jupiter,Gemini,"25°57'40.42""",180,179.9033,0.0967
2026-01-10 02:15:00,Aspect,Opposition,Mars,Sagittarius,"25°14'11.45""",Jupiter,Gemini,"25°57'40.42""",180,179.2753,0.7247
2026-01-10 02:30:00,Aspect,Conjunction,Sun,Sagittarius,"25°19'29.87""",Venus,Sagittarius,"26°04'15.84""",0,0.7461,0.7461
2026-01-10 02:30:00,Aspect,Conjunction,Sun,Sagittarius,"25°19'29.87""",Mars,Sagittarius,"25°14'40.40""",0,0.0804,0.0804
2026-01-10 02:30:00,Aspect,Opposition,Sun,Sagittarius,"25°19'29.87""",Jupiter,Gemini,"25°57'35.35""",180,179.3651,0.6349
2026-01-10 02:30:00,Aspect,Sextitle,Mercury,Sagittarius,"18°06'29.36""",Rahu,Aquarius,"17°28'54.89""",60,59.3738,0.6262
2026-01-10 02:30:00,Aspect,Trine,Mercury,Sagittarius,"18°06'29.36""",Ketu,Leo,"17°28'54.89""",120,120.6262,0.6262
2026-01-10 02:30:00,Aspect,Conjunction,Venus,Sagittarius,"26°04'15.84""",Mars,Sagittarius,"25°14'40.40""",0,0.8265,0.8265
2026-01-10 02:30:00,Aspect,Opposition,Venus,Sagittarius,"26°04'15.84""",Jupiter,Gemini,"25°57'35.35""",180,179.8888,0.1112
2026-01-10 02:30:00,Aspect,Opposition,Mars,Sagittarius,"25°14'40.40""",Jupiter,Gemini,"25°57'35.35""",180,179.2847,0.7153
2026-01-10 02:45:00,Aspect,Conjunction,Sun,Sagittarius,"25°20'08.08""",Venus,Sagittarius,"26°05'03.01""",0,0.7486,0.7486
2026-01-10 02:45:00,Aspect,Conjunction,Sun,Sagittarius,"25°20'08.08""",Mars,Sagittarius,"25°15'09.35""",0,0.083,0.083
2026-01-10 02:45:00,Aspect,Opposition,Sun,Sagittarius,"25°20'08.08""",Jupiter,Gemini,"25°57'30.29""",180,179.3772,0.6228
2026-01-10 02:45:00,Aspect,Sextitle,Mercury,Sagittarius,"18°07'28.63""",Rahu,Aquarius,"17°28'52.91""",60,59.3567,0.6433
2026-01-10 02:45:00,Aspect,Trine,Mercury,Sagittarius,"18°07'28.63""",Ketu,Leo,"17°28'52.91""",120,120.6433,0.6433
2026-01-10 02:45:00,Aspect,Conjunction,Venus,Sagittarius,"26°05'03.01""",Mars,Sagittarius,"25°15'09.35""",0,0.8316,0.8316
2026-01-10 02:45:00,Aspect,Opposition,Venus,Sagittarius,"26°05'03.01""",Jupiter,Gemini,"25°57'30.29""",180,179.8742,0.1258
2026-01-10 02:45:00,Aspect,Opposition,Mars,Sagittarius,"25°15'09.35""",Jupiter,Gemini,"25°57'30.29""",180,179.2942,0.7058
2026-01-10 03:00:00,Aspect,Conjunction,Sun,Sagittarius,"25°20'46.29""",Venus,Sagittarius,"26°05'50.18""",0,0.7511,0.7511
2026-01-10 03:00:00,Aspect,Conjunction,Sun,Sagittarius,"25°20'46.29""",Mars,Sagittarius,"25°15'38.30""",0,0.0856,0.0856
2026-01-10 03:00:00,Aspect,Opposition,Sun,Sagittarius,"25°20'46.29""",Jupiter,Gemini,"25°57'25.23""",180,179.3892,0.6108
2026-01-10 03:00:00,Aspect,Sextitle,Mercury,Sagittarius,"18°08'27.91""",Rahu,Aquarius,"17°28'50.92""",60,59.3397,0.6603
2026-01-10 03:00:00,Aspect,Trine,Mercury,Sagittarius,"18°08'27.91""",Ketu,Leo,"17°28'50.92""",120,120.6603,0.6603
2026-01-10 03:00:00,Aspect,Conjunction,Venus,Sagittarius,"26°05'50.18""",Mars,Sagittarius,"25°15'38.30""",0,0.8366,0.8366
2026-01-10 03:00:00,Aspect,Opposition,Venus,Sagittarius,"26°05'50.18""",Jupiter,Gemini,"25°57'25.23""",180,179.8597,0.1403
2026-01-10 03:00:00,Aspect,Opposition,Mars,Sagittarius,"25°15'38.30""",Jupiter,Gemini,"25°57'25.23""",180,179.3036,0.6964
2026-01-10 03:15:00,Aspect,Conjunction,Sun,Sagittarius,"25°21'24.50""",Venus,Sagittarius,"26°06'37.35""",0,0.7536,0.7536
2026-01-10 03:15:00,Aspect,Conjunction,Sun,Sagittarius,"25°21'24.50""",Mars,Sagittarius,"25°16'07.25""",0,0.0881,0.0881
2026-01-10 03:15:00,Aspect,Opposition,Sun,Sagittarius,"25°21'24.50""",Jupiter,Gemini,"25°57'20.17""",180,179.4012,0.5988
2026-01-10 03:15:00,Aspect,Sextitle,Mercury,Sagittarius,"18°09'27.20""",Rahu,Aquarius,"17°28'48.93""",60,59.3227,0.6773
2026-01-10 03:15:00,Aspect,Trine,Mercury,Sagittarius,"18°09'27.20""",Ketu,Leo,"17°28'48.93""",120,120.6773,0.6773
2026-01-10 03:15:00,Aspect,Conjunction,Venus,Sagittarius,"26°06'37.35""",Mars,Sagittarius,"25°16'07.25""",0,0.8417,0.8417
2026-01-10 03:15:00,Aspect,Opposition,Venus,Sagittarius,"26°06'37.35""",Jupiter,Gemini,"25°57'20.17""",180,179.8452,0.1548
2026-01-10 03:15:00,Aspect,Opposition,Mars,Sagittarius,"25°16'07.25""",Jupiter,Gemini,"25°57'20.17""",180,179.3131,0.6869
2026-01-10 03:30:00,Aspect,Conjunction,Sun,Sagittarius,"25°22'02.71""",Venus,Sagittarius,"26°07'24.52""",0,0.7561,0.7561
2026-01-10 03:30:00,Aspect,Conjunction,Sun,Sagittarius,"25°22'02.71""",Mars,Sagittarius,"25°16'36.20""",0,0.0907,0.0907
2026-01-10 03:30:00,Aspect,Opposition,Sun,Sagittarius,"25°22'02.71""",Jupiter,Gemini,"25°57'15.10""",180,179.4132,0.5868
2026-01-10 03:30:00,Aspect,Sextitle,Mercury,Sagittarius,"18°10'26.48""",Rahu,Aquarius,"17°28'46.95""",60,59.3057,0.6943
2026-01-10 03:30:00,Aspect,Trine,Mercury,Sagittarius,"18°10'26.48""",Ketu,Leo,"17°28'46.95""",120,120.6943,0.6943
2026-01-10 03:30:00,Aspect,Conjunction,Venus,Sagittarius,"26°07'24.52""",Mars,Sagittarius,"25°16'36.20""",0,0.8468,0.8468
2026-01-10 03:30:00,Aspect,Opposition,Venus,Sagittarius,"26°07'24.52""",Jupiter,Gemini,"25°57'15.10""",180,179.8307,0.1693
2026-01-10 03:30:00,Aspect,Opposition,Mars,Sagittarius,"25°16'36.20""",Jupiter,Gemini,"25°57'15.10""",180,179.3225,0.6775
2026-01-10 03:45:00,Aspect,Conjunction,Sun,Sagittarius,"25°22'40.91""",Venus,Sagittarius,"26°08'11.69""",0,0.7585,0.7585
2026-01-10 03:45:00,Aspect,Conjunction,Sun,Sagittarius,"25°22'40.91""",Mars,Sagittarius,"25°17'05.15""",0,0.0933,0.0933
2026-01-10 03:45:00,Aspect,Opposition,Sun,Sagittarius,"25°22'40.91""",Jupiter,Gemini,"25°57'10.04""",180,179.4252,0.5748
2026-01-10 03:45:00,Aspect,Sextitle,Mercury,Sagittarius,"18°11'25.77""",Rahu,Aquarius,"17°28'44.96""",60,59.2887,0.7113
2026-01-10 03:45:00,Aspect,Trine,Mercury,Sagittarius,"18°11'25.77""",Ketu,Leo,"17°28'44.96""",120,120.7113,0.7113
2026-01-10 03:45:00,Aspect,Conjunction,Venus,Sagittarius,"26°08'11.69""",Mars,Sagittarius,"25°17'05.15""",0,0.8518,0.8518
2026-01-10 03:45:00,Aspect,Opposition,Venus,Sagittarius,"26°08'11.69""",Jupiter,Gemini,"25°57'10.04""",180,179.8162,0.1838
2026-01-10 03:45:00,Aspect,Opposition,Mars,Sagittarius,"25°17'05.15""",Jupiter,Gemini,"25°57'10.04""",180,179.332,0.668
2026-01-10 04:00:00,Aspect,Conjunction,Sun,Sagittarius,"25°23'19.12""",Venus,Sagittarius,"26°08'58.86""",0,0.761,0.761
2026-01-10 04:00:00,Aspect,Conjunction,Sun,Sagittarius,"25°23'19.12""",Mars,Sagittarius,"25°17'34.10""",0,0.0958,0.0958
2026-01-10 04:00:00,Aspect,Opposition,Sun,Sagittarius,"25°23'19.12""",Jupiter,Gemini,"25°57'04.98""",180,179.4373,0.5627
2026-01-10 04:00:00,Aspect,Sextitle,Mercury,Sagittarius,"18°12'25.06""",Rahu,Aquarius,"17°28'42.97""",60,59.2716,0.7284
2026-01-10 04:00:00,Aspect,Trine,Mercury,Sagittarius,"18°12'25.06""",Ketu,Leo,"17°28'42.97""",120,120.7284,0.7284
2026-01-10 04:00:00,Aspect,Conjunction,Venus,Sagittarius,"26°08'58.86""",Mars,Sagittarius,"25°17'34.10""",0,0.8569,0.8569
2026-01-10 04:00:00,Aspect,Opposition,Venus,Sagittarius,"26°08'58.86""",Jupiter,Gemini,"25°57'04.98""",180,179.8017,0.1983
2026-01-10 04:00:00,Aspect,Opposition,Mars,Sagittarius,"25°17'34.10""",Jupiter,Gemini,"25°57'04.98""",180,179.3414,0.6586
2026-01-10 04:15:00,Aspect,Conjunction,Sun,Sagittarius,"25°23'57.33""",Venus,Sagittarius,"26°09'46.03""",0,0.7635,0.7635
2026-01-10 04:15:00,Aspect,Conjunction,Sun,Sagittarius,"25°23'57.33""",Mars,Sagittarius,"25°18'03.06""",0,0.0984,0.0984
2026-01-10 04:15:00,Aspect,Opposition,Sun,Sagittarius,"25°23'57.33""",Jupiter,Gemini,"25°56'59.92""",180,179.4493,0.5507
2026-01-10 04:15:00,Aspect,Sextitle,Mercury,Sagittarius,"18°13'24.36""",Rahu,Aquarius,"17°28'40.98""",60,59.2546,0.7454
2026-01-10 04:15:00,Aspect,Trine,Mercury,Sagittarius,"18°13'24.36""",Ketu,Leo,"17°28'40.98""",120,120.7454,0.7454
2026-01-10 04:15:00,Aspect,Conjunction,Venus,Sagittarius,"26°09'46.03""",Mars,Sagittarius,"25°18'03.06""",0,0.8619,0.8619
2026-01-10 04:15:00,Aspect,Opposition,Venus,Sagittarius,"26°09'46.03""",Jupiter,Gemini,"25°56'59.92""",180,179.7872,0.2128
2026-01-10 04:15:00,Aspect,Opposition,Mars,Sagittarius,"25°18'03.06""",Jupiter,Gemini,"25°56'59.92""",180,179.3509,0.6491
2026-01-10 04:30:00,Aspect,Conjunction,Sun,Sagittarius,"25°24'35.54""",Venus,Sagittarius,"26°10'33.20""",0,0.766,0.766
2026-01-10 04:30:00,Aspect,Conjunction,Sun,Sagittarius,"25°24'35.54""",Mars,Sagittarius,"25°18'32.01""",0,0.101,0.101
2026-01-10 04:30:00,Aspect,Opposition,Sun,Sagittarius,"25°24'35.54""",Jupiter,Gemini,"25°56'54.85""",180,179.4613,0.5387
2026-01-10 04:30:00,Aspect,Sextitle,Mercury,Sagittarius,"18°14'23.65""",Rahu,Aquarius,"17°28'39.00""",60,59.2376,0.7624
2026-01-10 04:30:00,Aspect,Trine,Mercury,Sagittarius,"18°14'23.65""",Ketu,Leo,"17°28'39.00""",120,120.7624,0.7624
2026-01-10 04:30:00,Aspect,Conjunction,Venus,Sagittarius,"26°10'33.20""",Mars,Sagittarius,"25°18'32.01""",0,0.867,0.867
2026-01-10 04:30:00,Aspect,Opposition,Venus,Sagittarius,"26°10'33.20""",Jupiter,Gemini,"25°56'54.85""",180,179.7727,0.2273
2026-01-10 04:30:00,Aspect,Opposition,Mars,Sagittarius,"25°18'32.01""",Jupiter,Gemini,"25°56'54.85""",180,179.3603,0.6397
2026-01-10 04:45:00,Aspect,Conjunction,Sun,Sagittarius,"25°25'13.75""",Venus,Sagittarius,"26°11'20.37""",0,0.7685,0.7685
2026-01-10 04:45:00,Aspect,Conjunction,Sun,Sagittarius,"25°25'13.75""",Mars,Sagittarius,"25°19'00.96""",0,0.1036,0.1036
2026-01-10 04:45:00,Aspect,Opposition,Sun,Sagittarius,"25°25'13.75""",Jupiter,Gemini,"25°56'49.79""",180,179.4733,0.5267
2026-01-10 04:45:00,Aspect,Sextitle,Mercury,Sagittarius,"18°15'22.95""",Rahu,Aquarius,"17°28'37.01""",60,59.2206,0.7794
2026-01-10 04:45:00,Aspect,Trine,Mercury,Sagittarius,"18°15'22.95""",Ketu,Leo,"17°28'37.01""",120,120.7794,0.7794
2026-01-10 04:45:00,Aspect,Conjunction,Venus,Sagittarius,"26°11'20.37""",Mars,Sagittarius,"25°19'00.96""",0,0.8721,0.8721
2026-01-10 04:45:00,Aspect,Opposition,Venus,Sagittarius,"26°11'20.37""",Jupiter,Gemini,"25°56'49.79""",180,179.7582,0.2418
2026-01-10 04:45:00,Aspect,Opposition,Mars,Sagittarius,"25°19'00.96""",Jupiter,Gemini,"25°56'49.79""",180,179.3698,0.6302
2026-01-10 05:00:00,Aspect,Conjunction,Sun,Sagittarius,"25°25'51.96""",Venus,Sagittarius,"26°12'07.54""",0,0.771,0.771
2026-01-10 05:00:00,Aspect,Conjunction,Sun,Sagittarius,"25°25'51.96""",Mars,Sagittarius,"25°19'29.91""",0,0.1061,0.1061
2026-01-10 05:00:00,Aspect,Opposition,Sun,Sagittarius,"25°25'51.96""",Jupiter,Gemini,"25°56'44.73""",180,179.4853,0.5147
2026-01-10 05:00:00,Aspect,Sextitle,Mercury,Sagittarius,"18°16'22.25""",Rahu,Aquarius,"17°28'35.02""",60,59.2035,0.7965
2026-01-10 05:00:00,Aspect,Trine,Mercury,Sagittarius,"18°16'22.25""",Ketu,Leo,"17°28'35.02""",120,120.7965,0.7965
2026-01-10 05:00:00,Aspect,Conjunction,Venus,Sagittarius,"26°12'07.54""",Mars,Sagittarius,"25°19'29.91""",0,0.8771,0.8771
2026-01-10 05:00:00,Aspect,Opposition,Venus,Sagittarius,"26°12'07.54""",Jupiter,Gemini,"25°56'44.73""",180,179.7437,0.2563
2026-01-10 05:00:00,Aspect,Opposition,Mars,Sagittarius,"25°19'29.91""",Jupiter,Gemini,"25°56'44.73""",180,179.3792,0.6208
2026-01-10 05:15:00,Aspect,Conjunction,Sun,Sagittarius,"25°26'30.17""",Venus,Sagittarius,"26°12'54.71""",0,0.7735,0.7735
2026-01-10 05:15:00,Aspect,Conjunction,Sun,Sagittarius,"25°26'30.17""",Mars,Sagittarius,"25°19'58.87""",0,0.1087,0.1087
2026-01-10 05:15:00,Aspect,Opposition,Sun,Sagittarius,"25°26'30.17""",Jupiter,Gemini,"25°56'39.66""",180,179.4974,0.5026
2026-01-10 05:15:00,Aspect,Sextitle,Mercury,Sagittarius,"18°17'21.56""",Rahu,Aquarius,"17°28'33.03""",60,59.1865,0.8135
2026-01-10 05:15:00,Aspect,Trine,Mercury,Sagittarius,"18°17'21.56""",Ketu,Leo,"17°28'33.03""",120,120.8135,0.8135
2026-01-10 05:15:00,Aspect,Conjunction,Venus,Sagittarius,"26°12'54.71""",Mars,Sagittarius,"25°19'58.87""",0,0.8822,0.8822
2026-01-10 05:15:00,Aspect,Opposition,Venus,Sagittarius,"26°12'54.71""",Jupiter,Gemini,"25°56'39.66""",180,179.7292,0.2708
2026-01-10 05:15:00,Aspect,Opposition,Mars,Sagittarius,"25°19'58.87""",Jupiter,Gemini,"25°56'39.66""",180,179.3887,0.6113
2026-01-10 05:30:00,Aspect,Conjunction,Sun,Sagittarius,"25°27'08.37""",Venus,Sagittarius,"26°13'41.88""",0,0.776,0.776
2026-01-10 05:30:00,Aspect,Conjunction,Sun,Sagittarius,"25°27'08.37""",Mars,Sagittarius,"25°20'27.82""",0,0.1113,0.1113
2026-01-10 05:30:00,Aspect,Opposition,Sun,Sagittarius,"25°27'08.37""",Jupiter,Gemini,"25°56'34.60""",180,179.5094,0.4906
2026-01-10 05:30:00,Aspect,Square,Moon,Virgo,"17°23'15.10""",Mercury,Sagittarius,"18°18'20.87""",90,90.9183,0.9183
2026-01-10 05:30:00,Aspect,Sextitle,Mercury,Sagittarius,"18°18'20.87""",Rahu,Aquarius,"17°28'31.05""",60,59.1695,0.8305
2026-01-10 05:30:00,Aspect,Trine,Mercury,Sagittarius,"18°18'20.87""",Ketu,Leo,"17°28'31.05""",120,120.8305,0.8305
2026-01-10 05:30:00,Aspect,Conjunction,Venus,Sagittarius,"26°13'41.88""",Mars,Sagittarius,"25°20'27.82""",0,0.8872,0.8872
2026-01-10 05:30:00,Aspect,Opposition,Venus,Sagittarius,"26°13'41.88""",Jupiter,Gemini,"25°56'34.60""",180,179.7146,0.2854
2026-01-10 05:30:00,Aspect,Opposition,Mars,Sagittarius,"25°20'27.82""",Jupiter,Gemini,"25°56'34.60""",180,179.3981,0.6019
2026-01-10 05:45:00,Aspect,Conjunction,Sun,Sagittarius,"25°27'46.58""",Venus,Sagittarius,"26°14'29.05""",0,0.7785,0.7785
2026-01-10 05:45:00,Aspect,Conjunction,Sun,Sagittarius,"25°27'46.58""",Mars,Sagittarius,"25°20'56.77""",0,0.1138,0.1138
2026-01-10 05:45:00,Aspect,Opposition,Sun,Sagittarius,"25°27'46.58""",Jupiter,Gemini,"25°56'29.54""",180,179.5214,0.4786
2026-01-10 05:45:00,Aspect,Square,Moon,Virgo,"17°30'56.13""",Mercury,Sagittarius,"18°19'20.18""",90,90.8067,0.8067
2026-01-10 05:45:00,Aspect,Sextitle,Mercury,Sagittarius,"18°19'20.18""",Rahu,Aquarius,"17°28'29.06""",60,59.1525,0.8475
2026-01-10 05:45:00,Aspect,Trine,Mercury,Sagittarius,"18°19'20.18""",Ketu,Leo,"17°28'29.06""",120,120.8475,0.8475
2026-01-10 05:45:00,Aspect,Conjunction,Venus,Sagittarius,"26°14'29.05""",Mars,Sagittarius,"25°20'56.77""",0,0.8923,0.8923
2026-01-10 05:45:00,Aspect,Opposition,Venus,Sagittarius,"26°14'29.05""",Jupiter,Gemini,"25°56'29.54""",180,179.7001,0.2999
2026-01-10 05:45:00,Aspect,Opposition,Mars,Sagittarius,"25°20'56.77""",Jupiter,Gemini,"25°56'29.54""",180,179.4076,0.5924
2026-01-10 06:00:00,Aspect,Conjunction,Sun,Sagittarius,"25°28'24.79""",Venus,Sagittarius,"26°15'16.22""",0,0.781,0.781
2026-01-10 06:00:00,Aspect,Conjunction,Sun,Sagittarius,"25°28'24.79""",Mars,Sagittarius,"25°21'25.73""",0,0.1164,0.1164
2026-01-10 06:00:00,Aspect,Opposition,Sun,Sagittarius,"25°28'24.79""",Jupiter,Gemini,"25°56'24.48""",180,179.5334,0.4666
2026-01-10 06:00:00,Aspect,Square,Moon,Virgo,"17°38'37.05""",Mercury,Sagittarius,"18°20'19.49""",90,90.6951,0.6951
2026-01-10 06:00:00,Aspect,Sextitle,Mercury,Sagittarius,"18°20'19.49""",Rahu,Aquarius,"17°28'27.07""",60,59.1354,0.8646
2026-01-10 06:00:00,Aspect,Trine,Mercury,Sagittarius,"18°20'19.49""",Ketu,Leo,"17°28'27.07""",120,120.8646,0.8646
2026-01-10 06:00:00,Aspect,Conjunction,Venus,Sagittarius,"26°15'16.22""",Mars,Sagittarius,"25°21'25.73""",0,0.8974,0.8974
2026-01-10 06:00:00,Aspect,Opposition,Venus,Sagittarius,"26°15'16.22""",Jupiter,Gemini,"25°56'24.48""",180,179.6856,0.3144
2026-01-10 06:00:00,Aspect,Opposition,Mars,Sagittarius,"25°21'25.73""",Jupiter,Gemini,"25°56'24.48""",180,179.417,0.583
2026-01-10 06:15:00,Aspect,Conjunction,Sun,Sagittarius,"25°29'03.00""",Venus,Sagittarius,"26°16'03.39""",0,0.7834,0.7834
2026-01-10 06:15:00,Aspect,Conjunction,Sun,Sagittarius,"25°29'03.00""",Mars,Sagittarius,"25°21'54.68""",0,0.119,0.119
2026-01-10 06:15:00,Aspect,Opposition,Sun,Sagittarius,"25°29'03.00""",Jupiter,Gemini,"25°56'19.41""",180,179.5454,0.4546
2026-01-10 06:15:00,Aspect,Square,Moon,Virgo,"17°46'17.86""",Mercury,Sagittarius,"18°21'18.81""",90,90.5836,0.5836
2026-01-10 06:15:00,Aspect,Sextitle,Mercury,Sagittarius,"18°21'18.81""",Rahu,Aquarius,"17°28'25.09""",60,59.1184,0.8816
2026-01-10 06:15:00,Aspect,Trine,Mercury,Sagittarius,"18°21'18.81""",Ketu,Leo,"17°28'25.09""",120,120.8816,0.8816
2026-01-10 06:15:00,Aspect,Conjunction,Venus,Sagittarius,"26°16'03.39""",Mars,Sagittarius,"25°21'54.68""",0,0.9024,0.9024
2026-01-10 06:15:00,Aspect,Opposition,Venus,Sagittarius,"26°16'03.39""",Jupiter,Gemini,"25°56'19.41""",180,179.6711,0.3289
2026-01-10 06:15:00,Aspect,Opposition,Mars,Sagittarius,"25°21'54.68""",Jupiter,Gemini,"25°56'19.41""",180,179.4265,0.5735
2026-01-10 06:30:00,Aspect,Conjunction,Sun,Sagittarius,"25°29'41.21""",Venus,Sagittarius,"26°16'50.56""",0,0.7859,0.7859
2026-01-10 06:30:00,Aspect,Conjunction,Sun,Sagittarius,"25°29'41.21""",Mars,Sagittarius,"25°22'23.63""",0,0.1215,0.1215
2026-01-10 06:30:00,Aspect,Opposition,Sun,Sagittarius,"25°29'41.21""",Jupiter,Gemini,"25°56'14.35""",180,179.5575,0.4425
2026-01-10 06:30:00,Aspect,Square,Moon,Virgo,"17°53'58.57""",Mercury,Sagittarius,"18°22'18.13""",90,90.4721,0.4721
2026-01-10 06:30:00,Aspect,Sextitle,Mercury,Sagittarius,"18°22'18.13""",Rahu,Aquarius,"17°28'23.10""",60,59.1014,0.8986
2026-01-10 06:30:00,Aspect,Trine,Mercury,Sagittarius,"18°22'18.13""",Ketu,Leo,"17°28'23.10""",120,120.8986,0.8986
2026-01-10 06:30:00,Aspect,Conjunction,Venus,Sagittarius,"26°16'50.56""",Mars,Sagittarius,"25°22'23.63""",0,0.9075,0.9075
2026-01-10 06:30:00,Aspect,Opposition,Venus,Sagittarius,"26°16'50.56""",Jupiter,Gemini,"25°56'14.35""",180,179.6566,0.3434
2026-01-10 06:30:00,Aspect,Opposition,Mars,Sagittarius,"25°22'23.63""",Jupiter,Gemini,"25°56'14.35""",180,179.4359,0.5641
2026-01-10 06:45:00,Aspect,Conjunction,Sun,Sagittarius,"25°30'19.42""",Venus,Sagittarius,"26°17'37.72""",0,0.7884,0.7884
2026-01-10 06:45:00,Aspect,Conjunction,Sun,Sagittarius,"25°30'19.42""",Mars,Sagittarius,"25°22'52.59""",0,0.1241,0.1241
2026-01-10 06:45:00,Aspect,Opposition,Sun,Sagittarius,"25°30'19.42""",Jupiter,Gemini,"25°56'09.29""",180,179.5695,0.4305
2026-01-10 06:45:00,Aspect,Square,Moon,Virgo,"18°01'39.17""",Mercury,Sagittarius,"18°23'17.45""",90,90.3606,0.3606
2026-01-10 06:45:00,Aspect,Sextitle,Mercury,Sagittarius,"18°23'17.45""",Rahu,Aquarius,"17°28'21.11""",60,59.0844,0.9156
2026-01-10 06:45:00,Aspect,Trine,Mercury,Sagittarius,"18°23'17.45""",Ketu,Leo,"17°28'21.11""",120,120.9156,0.9156
2026-01-10 06:45:00,Aspect,Conjunction,Venus,Sagittarius,"26°17'37.72""",Mars,Sagittarius,"25°22'52.59""",0,0.9125,0.9125
2026-01-10 06:45:00,Aspect,Opposition,Venus,Sagittarius,"26°17'37.72""",Jupiter,Gemini,"25°56'09.29""",180,179.6421,0.3579
2026-01-10 06:45:00,Aspect,Opposition,Mars,Sagittarius,"25°22'52.59""",Jupiter,Gemini,"25°56'09.29""",180,179.4454,0.5546
2026-01-10 07:00:00,Aspect,Conjunction,Sun,Sagittarius,"25°30'57.62""",Venus,Sagittarius,"26°18'24.89""",0,0.7909,0.7909
2026-01-10 07:00:00,Aspect,Conjunction,Sun,Sagittarius,"25°30'57.62""",Mars,Sagittarius,"25°23'21.54""",0,0.1267,0.1267
2026-01-10 07:00:00,Aspect,Opposition,Sun,Sagittarius,"25°30'57.62""",Jupiter,Gemini,"25°56'04.22""",180,179.5815,0.4185
2026-01-10 07:00:00,Aspect,Square,Moon,Virgo,"18°09'19.66""",Mercury,Sagittarius,"18°24'16.77""",90,90.2492,0.2492
2026-01-10 07:00:00,Aspect,Sextitle,Mercury,Sagittarius,"18°24'16.77""",Rahu,Aquarius,"17°28'19.12""",60,59.0673,0.9327
2026-01-10 07:00:00,Aspect,Trine,Mercury,Sagittarius,"18°24'16.77""",Ketu,Leo,"17°28'19.12""",120,120.9327,0.9327
2026-01-10 07:00:00,Aspect,Conjunction,Venus,Sagittarius,"26°18'24.89""",Mars,Sagittarius,"25°23'21.54""",0,0.9176,0.9176
2026-01-10 07:00:00,Aspect,Opposition,Venus,Sagittarius,"26°18'24.89""",Jupiter,Gemini,"25°56'04.22""",180,179.6276,0.3724
2026-01-10 07:00:00,Aspect,Opposition,Mars,Sagittarius,"25°23'21.54""",Jupiter,Gemini,"25°56'04.22""",180,179.4548,0.5452
2026-01-10 07:15:00,Aspect,Conjunction,Sun,Sagittarius,"25°31'35.83""",Venus,Sagittarius,"26°19'12.06""",0,0.7934,0.7934
2026-01-10 07:15:00,Aspect,Conjunction,Sun,Sagittarius,"25°31'35.83""",Mars,Sagittarius,"25°23'50.50""",0,0.1293,0.1293
2026-01-10 07:15:00,Aspect,Opposition,Sun,Sagittarius,"25°31'35.83""",Jupiter,Gemini,"25°55'59.16""",180,179.5935,0.4065
2026-01-10 07:15:00,Aspect,Square,Moon,Virgo,"18°17'00.05""",Mercury,Sagittarius,"18°25'16.10""",90,90.1378,0.1378
2026-01-10 07:15:00,Aspect,Sextitle,Mercury,Sagittarius,"18°25'16.10""",Rahu,Aquarius,"17°28'17.14""",60,59.0503,0.9497
2026-01-10 07:15:00,Aspect,Trine,Mercury,Sagittarius,"18°25'16.10""",Ketu,Leo,"17°28'17.14""",120,120.9497,0.9497
2026-01-10 07:15:00,Aspect,Conjunction,Venus,Sagittarius,"26°19'12.06""",Mars,Sagittarius,"25°23'50.50""",0,0.9227,0.9227
2026-01-10 07:15:00,Aspect,Opposition,Venus,Sagittarius,"26°19'12.06""",Jupiter,Gemini,"25°55'59.16""",180,179.6131,0.3869
2026-01-10 07:15:00,Aspect,Opposition,Mars,Sagittarius,"25°23'50.50""",Jupiter,Gemini,"25°55'59.16""",180,179.4643,0.5357
2026-01-10 07:30:00,Aspect,Conjunction,Sun,Sagittarius,"25°32'14.04""",Venus,Sagittarius,"26°19'59.23""",0,0.7959,0.7959
2026-01-10 07:30:00,Aspect,Conjunction,Sun,Sagittarius,"25°32'14.04""",Mars,Sagittarius,"25°24'19.45""",0,0.1318,0.1318
2026-01-10 07:30:00,Aspect,Opposition,Sun,Sagittarius,"25°32'14.04""",Jupiter,Gemini,"25°55'54.10""",180,179.6055,0.3945
2026-01-10 07:30:00,Aspect,Square,Moon,Virgo,"18°24'40.33""",Mercury,Sagittarius,"18°26'15.43""",90,90.0264,0.0264
2026-01-10 07:30:00,Aspect,Sextitle,Mercury,Sagittarius,"18°26'15.43""",Rahu,Aquarius,"17°28'15.15""",60,59.0333,0.9667
2026-01-10 07:30:00,Aspect,Trine,Mercury,Sagittarius,"18°26'15.43""",Ketu,Leo,"17°28'15.15""",120,120.9667,0.9667
2026-01-10 07:30:00,Aspect,Conjunction,Venus,Sagittarius,"26°19'59.23""",Mars,Sagittarius,"25°24'19.45""",0,0.9277,0.9277
2026-01-10 07:30:00,Aspect,Opposition,Venus,Sagittarius,"26°19'59.23""",Jupiter,Gemini,"25°55'54.10""",180,179.5986,0.4014
2026-01-10 07:30:00,Aspect,Opposition,Mars,Sagittarius,"25°24'19.45""",Jupiter,Gemini,"25°55'54.10""",180,179.4737,0.5263
2026-01-10 07:45:00,Aspect,Conjunction,Sun,Sagittarius,"25°32'52.25""",Venus,Sagittarius,"26°20'46.40""",0,0.7984,0.7984
2026-01-10 07:45:00,Aspect,Conjunction,Sun,Sagittarius,"25°32'52.25""",Mars,Sagittarius,"25°24'48.41""",0,0.1344,0.1344
2026-01-10 07:45:00,Aspect,Opposition,Sun,Sagittarius,"25°32'52.25""",Jupiter,Gemini,"25°55'49.04""",180,179.6176,0.3824
2026-01-10 07:45:00,Aspect,Square,Moon,Virgo,"18°32'20.51""",Mercury,Sagittarius,"18°27'14.76""",90,89.9151,0.0849
2026-01-10 07:45:00,Aspect,Sextitle,Mercury,Sagittarius,"18°27'14.76""",Rahu,Aquarius,"17°28'13.16""",60,59.0162,0.9838
2026-01-10 07:45:00,Aspect,Trine,Mercury,Sagittarius,"18°27'14.76""",Ketu,Leo,"17°28'13.16""",120,120.9838,0.9838
2026-01-10 07:45:00,Aspect,Conjunction,Venus,Sagittarius,"26°20'46.40""",Mars,Sagittarius,"25°24'48.41""",0,0.9328,0.9328
2026-01-10 07:45:00,Aspect,Opposition,Venus,Sagittarius,"26°20'46.40""",Jupiter,Gemini,"25°55'49.04""",180,179.5841,0.4159
2026-01-10 07:45:00,Aspect,Opposition,Mars,Sagittarius,"25°24'48.41""",Jupiter,Gemini,"25°55'49.04""",180,179.4832,0.5168
2026-01-10 08:00:00,Aspect,Conjunction,Sun,Sagittarius,"25°33'30.46""",Venus,Sagittarius,"26°21'33.57""",0,0.8009,0.8009
2026-01-10 08:00:00,Aspect,Conjunction,Sun,Sagittarius,"25°33'30.46""",Mars,Sagittarius,"25°25'17.36""",0,0.137,0.137
2026-01-10 08:00:00,Aspect,Opposition,Sun,Sagittarius,"25°33'30.46""",Jupiter,Gemini,"25°55'43.97""",180,179.6296,0.3704
2026-01-10 08:00:00,Aspect,Square,Moon,Virgo,"18°40'00.58""",Mercury,Sagittarius,"18°28'14.10""",90,89.8038,0.1962
2026-01-10 08:00:00,Aspect,Conjunction,Venus,Sagittarius,"26°21'33.57""",Mars,Sagittarius,"25°25'17.36""",0,0.9378,0.9378
2026-01-10 08:00:00,Aspect,Opposition,Venus,Sagittarius,"26°21'33.57""",Jupiter,Gemini,"25°55'43.97""",180,179.5696,0.4304
2026-01-10 08:00:00,Aspect,Opposition,Mars,Sagittarius,"25°25'17.36""",Jupiter,Gemini,"25°55'43.97""",180,179.4926,0.5074
2026-01-10 08:15:00,Aspect,Conjunction,Sun,Sagittarius,"25°34'08.67""",Venus,Sagittarius,"26°22'20.74""",0,0.8034,0.8034
2026-01-10 08:15:00,Aspect,Conjunction,Sun,Sagittarius,"25°34'08.67""",Mars,Sagittarius,"25°25'46.32""",0,0.1395,0.1395
2026-01-10 08:15:00,Aspect,Opposition,Sun,Sagittarius,"25°34'08.67""",Jupiter,Gemini,"25°55'38.91""",180,179.6416,0.3584
2026-01-10 08:15:00,Aspect,Square,Moon,Virgo,"18°47'40.54""",Mercury,Sagittarius,"18°29'13.44""",90,89.6925,0.3075
2026-01-10 08:15:00,Aspect,Conjunction,Venus,Sagittarius,"26°22'20.74""",Mars,Sagittarius,"25°25'46.32""",0,0.9429,0.9429
2026-01-10 08:15:00,Aspect,Opposition,Venus,Sagittarius,"26°22'20.74""",Jupiter,Gemini,"25°55'38.91""",180,179.555,0.445
2026-01-10 08:15:00,Aspect,Opposition,Mars,Sagittarius,"25°25'46.32""",Jupiter,Gemini,"25°55'38.91""",180,179.5021,0.4979
2026-01-10 08:30:00,Aspect,Conjunction,Sun,Sagittarius,"25°34'46.88""",Venus,Sagittarius,"26°23'07.91""",0,0.8058,0.8058
2026-01-10 08:30:00,Aspect,Conjunction,Sun,Sagittarius,"25°34'46.88""",Mars,Sagittarius,"25°26'15.27""",0,0.1421,0.1421
2026-01-10 08:30:00,Aspect,Opposition,Sun,Sagittarius,"25°34'46.88""",Jupiter,Gemini,"25°55'33.85""",180,179.6536,0.3464
2026-01-10 08:30:00,Aspect,Square,Moon,Virgo,"18°55'20.40""",Mercury,Sagittarius,"18°30'12.78""",90,89.5812,0.4188
2026-01-10 08:30:00,Aspect,Conjunction,Venus,Sagittarius,"26°23'07.91""",Mars,Sagittarius,"25°26'15.27""",0,0.948,0.948
2026-01-10 08:30:00,Aspect,Opposition,Venus,Sagittarius,"26°23'07.91""",Jupiter,Gemini,"25°55'33.85""",180,179.5405,0.4595
2026-01-10 08:30:00,Aspect,Opposition,Mars,Sagittarius,"25°26'15.27""",Jupiter,Gemini,"25°55'33.85""",180,179.5115,0.4885
2026-01-10 08:45:00,Aspect,Conjunction,Sun,Sagittarius,"25°35'25.08""",Venus,Sagittarius,"26°23'55.08""",0,0.8083,0.8083
2026-01-10 08:45:00,Aspect,Conjunction,Sun,Sagittarius,"25°35'25.08""",Mars,Sagittarius,"25°26'44.23""",0,0.1447,0.1447
2026-01-10 08:45:00,Aspect,Opposition,Sun,Sagittarius,"25°35'25.08""",Jupiter,Gemini,"25°55'28.78""",180,179.6656,0.3344
2026-01-10 08:45:00,Aspect,Square,Moon,Virgo,"19°03'00.16""",Mercury,Sagittarius,"18°31'12.12""",90,89.47,0.53
2026-01-10 08:45:00,Aspect,Conjunction,Venus,Sagittarius,"26°23'55.08""",Mars,Sagittarius,"25°26'44.23""",0,0.953,0.953
2026-01-10 08:45:00,Aspect,Opposition,Venus,Sagittarius,"26°23'55.08""",Jupiter,Gemini,"25°55'28.78""",180,179.526,0.474
2026-01-10 08:45:00,Aspect,Opposition,Mars,Sagittarius,"25°26'44.23""",Jupiter,Gemini,"25°55'28.78""",180,179.521,0.479
2026-01-10 09:00:00,Aspect,Conjunction,Sun,Sagittarius,"25°36'03.29""",Venus,Sagittarius,"26°24'42.25""",0,0.8108,0.8108
2026-01-10 09:00:00,Aspect,Conjunction,Sun,Sagittarius,"25°36'03.29""",Mars,Sagittarius,"25°27'13.19""",0,0.1473,0.1473
2026-01-10 09:00:00,Aspect,Opposition,Sun,Sagittarius,"25°36'03.29""",Jupiter,Gemini,"25°55'23.72""",180,179.6777,0.3223
2026-01-10 09:00:00,Aspect,Square,Moon,Virgo,"19°10'39.81""",Mercury,Sagittarius,"18°32'11.47""",90,89.3588,0.6412
2026-01-10 09:00:00,Aspect,Conjunction,Venus,Sagittarius,"26°24'42.25""",Mars,Sagittarius,"25°27'13.19""",0,0.9581,0.9581
2026-01-10 09:00:00,Aspect,Opposition,Venus,Sagittarius,"26°24'42.25""",Jupiter,Gemini,"25°55'23.72""",180,179.5115,0.4885
2026-01-10 09:00:00,Aspect,Opposition,Mars,Sagittarius,"25°27'13.19""",Jupiter,Gemini,"25°55'23.72""",180,179.5304,0.4696
2026-01-10 09:15:00,Aspect,Conjunction,Sun,Sagittarius,"25°36'41.50""",Venus,Sagittarius,"26°25'29.42""",0,0.8133,0.8133
2026-01-10 09:15:00,Aspect,Conjunction,Sun,Sagittarius,"25°36'41.50""",Mars,Sagittarius,"25°27'42.14""",0,0.1498,0.1498
2026-01-10 09:15:00,Aspect,Opposition,Sun,Sagittarius,"25°36'41.50""",Jupiter,Gemini,"25°55'18.66""",180,179.6897,0.3103
2026-01-10 09:15:00,Aspect,Square,Moon,Virgo,"19°18'19.36""",Mercury,Sagittarius,"18°33'10.82""",90,89.2476,0.7524
2026-01-10 09:15:00,Aspect,Conjunction,Venus,Sagittarius,"26°25'29.42""",Mars,Sagittarius,"25°27'42.14""",0,0.9631,0.9631
2026-01-10 09:15:00,Aspect,Opposition,Venus,Sagittarius,"26°25'29.42""",Jupiter,Gemini,"25°55'18.66""",180,179.497,0.503
2026-01-10 09:15:00,Aspect,Opposition,Mars,Sagittarius,"25°27'42.14""",Jupiter,Gemini,"25°55'18.66""",180,179.5399,0.4601
2026-01-10 09:30:00,Aspect,Conjunction,Sun,Sagittarius,"25°37'19.71""",Venus,Sagittarius,"26°26'16.59""",0,0.8158,0.8158
2026-01-10 09:30:00,Aspect,Conjunction,Sun,Sagittarius,"25°37'19.71""",Mars,Sagittarius,"25°28'11.10""",0,0.1524,0.1524
2026-01-10 09:30:00,Aspect,Opposition,Sun,Sagittarius,"25°37'19.71""",Jupiter,Gemini,"25°55'13.60""",180,179.7017,0.2983
2026-01-10 09:30:00,Aspect,Square,Moon,Virgo,"19°25'58.80""",Mercury,Sagittarius,"18°34'10.17""",90,89.1365,0.8635
2026-01-10 09:30:00,Aspect,Conjunction,Venus,Sagittarius,"26°26'16.59""",Mars,Sagittarius,"25°28'11.10""",0,0.9682,0.9682
2026-01-10 09:30:00,Aspect,Opposition,Venus,Sagittarius,"26°26'16.59""",Jupiter,Gemini,"25°55'13.60""",180,179.4825,0.5175
2026-01-10 09:30:00,Aspect,Opposition,Mars,Sagittarius,"25°28'11.10""",Jupiter,Gemini,"25°55'13.60""",180,179.5493,0.4507
2026-01-10 09:45:00,Aspect,Conjunction,Sun,Sagittarius,"25°37'57.92""",Venus,Sagittarius,"26°27'03.76""",0,0.8183,0.8183
2026-01-10 09:45:00,Aspect,Conjunction,Sun,Sagittarius,"25°37'57.92""",Mars,Sagittarius,"25°28'40.06""",0,0.155,0.155
2026-01-10 09:45:00,Aspect,Opposition,Sun,Sagittarius,"25°37'57.92""",Jupiter,Gemini,"25°55'08.53""",180,179.7137,0.2863
2026-01-10 09:45:00,Aspect,Square,Moon,Virgo,"19°33'38.15""",Mercury,Sagittarius,"18°35'09.52""",90,89.0254,0.9746
2026-01-10 09:45:00,Aspect,Conjunction,Venus,Sagittarius,"26°27'03.76""",Mars,Sagittarius,"25°28'40.06""",0,0.9733,0.9733
2026-01-10 09:45:00,Aspect,Opposition,Venus,Sagittarius,"26°27'03.76""",Jupiter,Gemini,"25°55'08.53""",180,179.468,0.532
2026-01-10 09:45:00,Aspect,Opposition,Mars,Sagittarius,"25°28'40.06""",Jupiter,Gemini,"25°55'08.53""",180,179.5588,0.4412
2026-01-10 10:00:00,Aspect,Conjunction,Sun,Sagittarius,"25°38'36.13""",Venus,Sagittarius,"26°27'50.93""",0,0.8208,0.8208
2026-01-10 10:00:00,Aspect,Conjunction,Sun,Sagittarius,"25°38'36.13""",Mars,Sagittarius,"25°29'09.02""",0,0.1575,0.1575
2026-01-10 10:00:00,Aspect,Opposition,Sun,Sagittarius,"25°38'36.13""",Jupiter,Gemini,"25°55'03.47""",180,179.7257,0.2743
2026-01-10 10:00:00,Aspect,Conjunction,Venus,Sagittarius,"26°27'50.93""",Mars,Sagittarius,"25°29'09.02""",0,0.9783,0.9783
2026-01-10 10:00:00,Aspect,Opposition,Venus,Sagittarius,"26°27'50.93""",Jupiter,Gemini,"25°55'03.47""",180,179.4535,0.5465
2026-01-10 10:00:00,Aspect,Opposition,Mars,Sagittarius,"25°29'09.02""",Jupiter,Gemini,"25°55'03.47""",180,179.5682,0.4318
2026-01-10 10:15:00,Aspect,Conjunction,Sun,Sagittarius,"25°39'14.34""",Venus,Sagittarius,"26°28'38.10""",0,0.8233,0.8233
2026-01-10 10:15:00,Aspect,Conjunction,Sun,Sagittarius,"25°39'14.34""",Mars,Sagittarius,"25°29'37.97""",0,0.1601,0.1601
2026-01-10 10:15:00,Aspect,Opposition,Sun,Sagittarius,"25°39'14.34""",Jupiter,Gemini,"25°54'58.41""",180,179.7378,0.2622
2026-01-10 10:15:00,Aspect,Conjunction,Venus,Sagittarius,"26°28'38.10""",Mars,Sagittarius,"25°29'37.97""",0,0.9834,0.9834
2026-01-10 10:15:00,Aspect,Opposition,Venus,Sagittarius,"26°28'38.10""",Jupiter,Gemini,"25°54'58.41""",180,179.439,0.561
2026-01-10 10:15:00,Aspect,Opposition,Mars,Sagittarius,"25°29'37.97""",Jupiter,Gemini,"25°54'58.41""",180,179.5777,0.4223
2026-01-10 10:30:00,Aspect,Conjunction,Sun,Sagittarius,"25°39'52.54""",Venus,Sagittarius,"26°29'25.27""",0,0.8258,0.8258
2026-01-10 10:30:00,Aspect,Conjunction,Sun,Sagittarius,"25°39'52.54""",Mars,Sagittarius,"25°30'06.93""",0,0.1627,0.1627
2026-01-10 10:30:00,Aspect,Opposition,Sun,Sagittarius,"25°39'52.54""",Jupiter,Gemini,"25°54'53.34""",180,179.7498,0.2502
2026-01-10 10:30:00,Aspect,Conjunction,Venus,Sagittarius,"26°29'25.27""",Mars,Sagittarius,"25°30'06.93""",0,0.9884,0.9884
2026-01-10 10:30:00,Aspect,Opposition,Venus,Sagittarius,"26°29'25.27""",Jupiter,Gemini,"25°54'53.34""",180,179.4245,0.5755
2026-01-10 10:30:00,Aspect,Opposition,Mars,Sagittarius,"25°30'06.93""",Jupiter,Gemini,"25°54'53.34""",180,179.5871,0.4129
2026-01-10 10:45:00,Aspect,Conjunction,Sun,Sagittarius,"25°40'30.75""",Venus,Sagittarius,"26°30'12.44""",0,0.8282,0.8282
2026-01-10 10:45:00,Aspect,Conjunction,Sun,Sagittarius,"25°40'30.75""",Mars,Sagittarius,"25°30'35.89""",0,0.1652,0.1652
2026-01-10 10:45:00,Aspect,Opposition,Sun,Sagittarius,"25°40'30.75""",Jupiter,Gemini,"25°54'48.28""",180,179.7618,0.2382
2026-01-10 10:45:00,Aspect,Conjunction,Venus,Sagittarius,"26°30'12.44""",Mars,Sagittarius,"25°30'35.89""",0,0.9935,0.9935
2026-01-10 10:45:00,Aspect,Opposition,Venus,Sagittarius,"26°30'12.44""",Jupiter,Gemini,"25°54'48.28""",180,179.41,0.59
2026-01-10 10:45:00,Aspect,Opposition,Mars,Sagittarius,"25°30'35.89""",Jupiter,Gemini,"25°54'48.28""",180,179.5966,0.4034
2026-01-10 11:00:00,Aspect,Conjunction,Sun,Sagittarius,"25°41'08.96""",Venus,Sagittarius,"26°30'59.61""",0,0.8307,0.8307
2026-01-10 11:00:00,Aspect,Conjunction,Sun,Sagittarius,"25°41'08.96""",Mars,Sagittarius,"25°31'04.85""",0,0.1678,0.1678
2026-01-10 11:00:00,Aspect,Opposition,Sun,Sagittarius,"25°41'08.96""",Jupiter,Gemini,"25°54'43.22""",180,179.7738,0.2262
2026-01-10 11:00:00,Aspect,Conjunction,Venus,Sagittarius,"26°30'59.61""",Mars,Sagittarius,"25°31'04.85""",0,0.9985,0.9985
2026-01-10 11:00:00,Aspect,Opposition,Venus,Sagittarius,"26°30'59.61""",Jupiter,Gemini,"25°54'43.22""",180,179.3954,0.6046
2026-01-10 11:00:00,Aspect,Opposition,Mars,Sagittarius,"25°31'04.85""",Jupiter,Gemini,"25°54'43.22""",180,179.606,0.394
2026-01-10 11:15:00,Aspect,Conjunction,Sun,Sagittarius,"25°41'47.17""",Venus,Sagittarius,"26°31'46.78""",0,0.8332,0.8332
2026-01-10 11:15:00,Aspect,Conjunction,Sun,Sagittarius,"25°41'47.17""",Mars,Sagittarius,"25°31'33.81""",0,0.1704,0.1704
2026-01-10 11:15:00,Aspect,Opposition,Sun,Sagittarius,"25°41'47.17""",Jupiter,Gemini,"25°54'38.15""",180,179.7858,0.2142
2026-01-10 11:15:00,Aspect,Opposition,Venus,Sagittarius,"26°31'46.78""",Jupiter,Gemini,"25°54'38.15""",180,179.3809,0.6191
2026-01-10 11:15:00,Aspect,Opposition,Mars,Sagittarius,"25°31'33.81""",Jupiter,Gemini,"25°54'38.15""",180,179.6155,0.3845
2026-01-10 11:30:00,Aspect,Conjunction,Sun,Sagittarius,"25°42'25.38""",Venus,Sagittarius,"26°32'33.95""",0,0.8357,0.8357
2026-01-10 11:30:00,Aspect,Conjunction,Sun,Sagittarius,"25°42'25.38""",Mars,Sagittarius,"25°32'02.77""",0,0.1729,0.1729
2026-01-10 11:30:00,Aspect,Opposition,Sun,Sagittarius,"25°42'25.38""",Jupiter,Gemini,"25°54'33.09""",180,179.7979,0.2021
2026-01-10 11:30:00,Aspect,Opposition,Venus,Sagittarius,"26°32'33.95""",Jupiter,Gemini,"25°54'33.09""",180,179.3664,0.6336
2026-01-10 11:30:00,Aspect,Opposition,Mars,Sagittarius,"25°32'02.77""",Jupiter,Gemini,"25°54'33.09""",180,179.6249,0.3751
2026-01-10 11:45:00,Aspect,Conjunction,Sun,Sagittarius,"25°43'03.59""",Venus,Sagittarius,"26°33'21.12""",0,0.8382,0.8382
2026-01-10 11:45:00,Aspect,Conjunction,Sun,Sagittarius,"25°43'03.59""",Mars,Sagittarius,"25°32'31.72""",0,0.1755,0.1755
2026-01-10 11:45:00,Aspect,Opposition,Sun,Sagittarius,"25°43'03.59""",Jupiter,Gemini,"25°54'28.03""",180,179.8099,0.1901
2026-01-10 11:45:00,Aspect,Opposition,Venus,Sagittarius,"26°33'21.12""",Jupiter,Gemini,"25°54'28.03""",180,179.3519,0.6481
2026-01-10 11:45:00,Aspect,Opposition,Mars,Sagittarius,"25°32'31.72""",Jupiter,Gemini,"25°54'28.03""",180,179.6344,0.3656
2026-01-10 12:00:00,Aspect,Conjunction,Sun,Sagittarius,"25°43'41.80""",Venus,Sagittarius,"26°34'08.29""",0,0.8407,0.8407
2026-01-10 12:00:00,Aspect,Conjunction,Sun,Sagittarius,"25°43'41.80""",Mars,Sagittarius,"25°33'00.68""",0,0.1781,0.1781
2026-01-10 12:00:00,Aspect,Opposition,Sun,Sagittarius,"25°43'41.80""",Jupiter,Gemini,"25°54'22.96""",180,179.8219,0.1781
2026-01-10 12:00:00,Aspect,Opposition,Venus,Sagittarius,"26°34'08.29""",Jupiter,Gemini,"25°54'22.96""",180,179.3374,0.6626
2026-01-10 12:00:00,Aspect,Opposition,Mars,Sagittarius,"25°33'00.68""",Jupiter,Gemini,"25°54'22.96""",180,179.6438,0.3562
2026-01-10 12:15:00,Aspect,Conjunction,Sun,Sagittarius,"25°44'20.00""",Venus,Sagittarius,"26°34'55.46""",0,0.8432,0.8432
2026-01-10 12:15:00,Aspect,Conjunction,Sun,Sagittarius,"25°44'20.00""",Mars,Sagittarius,"25°33'29.64""",0,0.1807,0.1807
2026-01-10 12:15:00,Aspect,Opposition,Sun,Sagittarius,"25°44'20.00""",Jupiter,Gemini,"25°54'17.90""",180,179.8339,0.1661
2026-01-10 12:15:00,Aspect,Opposition,Venus,Sagittarius,"26°34'55.46""",Jupiter,Gemini,"25°54'17.90""",180,179.3229,0.6771
2026-01-10 12:15:00,Aspect,Opposition,Mars,Sagittarius,"25°33'29.64""",Jupiter,Gemini,"25°54'17.90""",180,179.6533,0.3467
2026-01-10 12:30:00,Aspect,Conjunction,Sun,Sagittarius,"25°44'58.21""",Venus,Sagittarius,"26°35'42.62""",0,0.8457,0.8457
2026-01-10 12:30:00,Aspect,Conjunction,Sun,Sagittarius,"25°44'58.21""",Mars,Sagittarius,"25°33'58.60""",0,0.1832,0.1832
2026-01-10 12:30:00,Aspect,Opposition,Sun,Sagittarius,"25°44'58.21""",Jupiter,Gemini,"25°54'12.84""",180,179.8459,0.1541
2026-01-10 12:30:00,Aspect,Opposition,Venus,Sagittarius,"26°35'42.62""",Jupiter,Gemini,"25°54'12.84""",180,179.3084,0.6916
2026-01-10 12:30:00,Aspect,Opposition,Mars,Sagittarius,"25°33'58.60""",Jupiter,Gemini,"25°54'12.84""",180,179.6627,0.3373
2026-01-10 12:45:00,Aspect,Conjunction,Sun,Sagittarius,"25°45'36.42""",Venus,Sagittarius,"26°36'29.79""",0,0.8482,0.8482
2026-01-10 12:45:00,Aspect,Conjunction,Sun,Sagittarius,"25°45'36.42""",Mars,Sagittarius,"25°34'27.56""",0,0.1858,0.1858
2026-01-10 12:45:00,Aspect,Opposition,Sun,Sagittarius,"25°45'36.42""",Jupiter,Gemini,"25°54'07.77""",180,179.858,0.142
2026-01-10 12:45:00,Aspect,Opposition,Venus,Sagittarius,"26°36'29.79""",Jupiter,Gemini,"25°54'07.77""",180,179.2939,0.7061
2026-01-10 12:45:00,Aspect,Opposition,Mars,Sagittarius,"25°34'27.56""",Jupiter,Gemini,"25°54'07.77""",180,179.6722,0.3278
2026-01-10 13:00:00,Aspect,Conjunction,Sun,Sagittarius,"25°46'14.63""",Venus,Sagittarius,"26°37'16.96""",0,0.8506,0.8506
2026-01-10 13:00:00,Aspect,Conjunction,Sun,Sagittarius,"25°46'14.63""",Mars,Sagittarius,"25°34'56.52""",0,0.1884,0.1884
2026-01-10 13:00:00,Aspect,Opposition,Sun,Sagittarius,"25°46'14.63""",Jupiter,Gemini,"25°54'02.71""",180,179.87,0.13
2026-01-10 13:00:00,Aspect,Opposition,Venus,Sagittarius,"26°37'16.96""",Jupiter,Gemini,"25°54'02.71""",180,179.2794,0.7206
2026-01-10 13:00:00,Aspect,Opposition,Mars,Sagittarius,"25°34'56.52""",Jupiter,Gemini,"25°54'02.71""",180,179.6816,0.3184
2026-01-10 13:15:00,Aspect,Conjunction,Sun,Sagittarius,"25°46'52.84""",Venus,Sagittarius,"26°38'04.13""",0,0.8531,0.8531
2026-01-10 13:15:00,Aspect,Conjunction,Sun,Sagittarius,"25°46'52.84""",Mars,Sagittarius,"25°35'25.48""",0,0.1909,0.1909
2026-01-10 13:15:00,Aspect,Opposition,Sun,Sagittarius,"25°46'52.84""",Jupiter,Gemini,"25°53'57.65""",180,179.882,0.118
2026-01-10 13:15:00,Aspect,Opposition,Venus,Sagittarius,"26°38'04.13""",Jupiter,Gemini,"25°53'57.65""",180,179.2649,0.7351
2026-01-10 13:15:00,Aspect,Opposition,Mars,Sagittarius,"25°35'25.48""",Jupiter,Gemini,"25°53'57.65""",180,179.6911,0.3089
2026-01-10 13:30:00,Aspect,Conjunction,Sun,Sagittarius,"25°47'31.05""",Venus,Sagittarius,"26°38'51.30""",0,0.8556,0.8556
2026-01-10 13:30:00,Aspect,Conjunction,Sun,Sagittarius,"25°47'31.05""",Mars,Sagittarius,"25°35'54.45""",0,0.1935,0.1935
2026-01-10 13:30:00,Aspect,Opposition,Sun,Sagittarius,"25°47'31.05""",Jupiter,Gemini,"25°53'52.59""",180,179.894,0.106
2026-01-10 13:30:00,Aspect,Opposition,Venus,Sagittarius,"26°38'51.30""",Jupiter,Gemini,"25°53'52.59""",180,179.2504,0.7496
2026-01-10 13:30:00,Aspect,Opposition,Mars,Sagittarius,"25°35'54.45""",Jupiter,Gemini,"25°53'52.59""",180,179.7005,0.2995
2026-01-10 13:45:00,Aspect,Conjunction,Sun,Sagittarius,"25°48'09.26""",Venus,Sagittarius,"26°39'38.47""",0,0.8581,0.8581
2026-01-10 13:45:00,Aspect,Conjunction,Sun,Sagittarius,"25°48'09.26""",Mars,Sagittarius,"25°36'23.41""",0,0.1961,0.1961
2026-01-10 13:45:00,Aspect,Opposition,Sun,Sagittarius,"25°48'09.26""",Jupiter,Gemini,"25°53'47.52""",180,179.906,0.094
2026-01-10 13:45:00,Aspect,Opposition,Venus,Sagittarius,"26°39'38.47""",Jupiter,Gemini,"25°53'47.52""",180,179.2358,0.7642
2026-01-10 13:45:00,Aspect,Opposition,Mars,Sagittarius,"25°36'23.41""",Jupiter,Gemini,"25°53'47.52""",180,179.71,0.29
2026-01-10 14:00:00,Aspect,Conjunction,Sun,Sagittarius,"25°48'47.46""",Venus,Sagittarius,"26°40'25.64""",0,0.8606,0.8606
2026-01-10 14:00:00,Aspect,Conjunction,Sun,Sagittarius,"25°48'47.46""",Mars,Sagittarius,"25°36'52.37""",0,0.1986,0.1986
2026-01-10 14:00:00,Aspect,Opposition,Sun,Sagittarius,"25°48'47.46""",Jupiter,Gemini,"25°53'42.46""",180,179.9181,0.0819
2026-01-10 14:00:00,Aspect,Opposition,Venus,Sagittarius,"26°40'25.64""",Jupiter,Gemini,"25°53'42.46""",180,179.2213,0.7787
2026-01-10 14:00:00,Aspect,Opposition,Mars,Sagittarius,"25°36'52.37""",Jupiter,Gemini,"25°53'42.46""",180,179.7194,0.2806
2026-01-10 14:15:00,Aspect,Conjunction,Sun,Sagittarius,"25°49'25.67""",Venus,Sagittarius,"26°41'12.81""",0,0.8631,0.8631
2026-01-10 14:15:00,Aspect,Conjunction,Sun,Sagittarius,"25°49'25.67""",Mars,Sagittarius,"25°37'21.33""",0,0.2012,0.2012
2026-01-10 14:15:00,Aspect,Opposition,Sun,Sagittarius,"25°49'25.67""",Jupiter,Gemini,"25°53'37.40""",180,179.9301,0.0699
2026-01-10 14:15:00,Aspect,Opposition,Venus,Sagittarius,"26°41'12.81""",Jupiter,Gemini,"25°53'37.40""",180,179.2068,0.7932
2026-01-10 14:15:00,Aspect,Opposition,Mars,Sagittarius,"25°37'21.33""",Jupiter,Gemini,"25°53'37.40""",180,179.7289,0.2711
2026-01-10 14:30:00,Aspect,Conjunction,Sun,Sagittarius,"25°50'03.88""",Venus,Sagittarius,"26°41'59.98""",0,0.8656,0.8656
2026-01-10 14:30:00,Aspect,Conjunction,Sun,Sagittarius,"25°50'03.88""",Mars,Sagittarius,"25°37'50.29""",0,0.2038,0.2038
2026-01-10 14:30:00,Aspect,Opposition,Sun,Sagittarius,"25°50'03.88""",Jupiter,Gemini,"25°53'32.33""",180,179.9421,0.0579
2026-01-10 14:30:00,Aspect,Opposition,Venus,Sagittarius,"26°41'59.98""",Jupiter,Gemini,"25°53'32.33""",180,179.1923,0.8077
2026-01-10 14:30:00,Aspect,Opposition,Mars,Sagittarius,"25°37'50.29""",Jupiter,Gemini,"25°53'32.33""",180,179.7383,0.2617
2026-01-10 14:45:00,Aspect,Conjunction,Sun,Sagittarius,"25°50'42.09""",Venus,Sagittarius,"26°42'47.15""",0,0.8681,0.8681
2026-01-10 14:45:00,Aspect,Conjunction,Sun,Sagittarius,"25°50'42.09""",Mars,Sagittarius,"25°38'19.25""",0,0.2063,0.2063
2026-01-10 14:45:00,Aspect,Opposition,Sun,Sagittarius,"25°50'42.09""",Jupiter,Gemini,"25°53'27.27""",180,179.9541,0.0459
2026-01-10 14:45:00,Aspect,Opposition,Venus,Sagittarius,"26°42'47.15""",Jupiter,Gemini,"25°53'27.27""",180,179.1778,0.8222
2026-01-10 14:45:00,Aspect,Opposition,Mars,Sagittarius,"25°38'19.25""",Jupiter,Gemini,"25°53'27.27""",180,179.7478,0.2522
2026-01-10 15:00:00,Aspect,Conjunction,Sun,Sagittarius,"25°51'20.30""",Venus,Sagittarius,"26°43'34.32""",0,0.8706,0.8706
2026-01-10 15:00:00,Aspect,Conjunction,Sun,Sagittarius,"25°51'20.30""",Mars,Sagittarius,"25°38'48.22""",0,0.2089,0.2089
2026-01-10 15:00:00,Aspect,Opposition,Sun,Sagittarius,"25°51'20.30""",Jupiter,Gemini,"25°53'22.21""",180,179.9661,0.0339
2026-01-10 15:00:00,Aspect,Opposition,Venus,Sagittarius,"26°43'34.32""",Jupiter,Gemini,"25°53'22.21""",180,179.1633,0.8367
2026-01-10 15:00:00,Aspect,Opposition,Mars,Sagittarius,"25°38'48.22""",Jupiter,Gemini,"25°53'22.21""",180,179.7572,0.2428
2026-01-10 15:15:00,Aspect,Conjunction,Sun,Sagittarius,"25°51'58.51""",Venus,Sagittarius,"26°44'21.49""",0,0.873,0.873
2026-01-10 15:15:00,Aspect,Conjunction,Sun,Sagittarius,"25°51'58.51""",Mars,Sagittarius,"25°39'17.18""",0,0.2115,0.2115
2026-01-10 15:15:00,Aspect,Opposition,Sun,Sagittarius,"25°51'58.51""",Jupiter,Gemini,"25°53'17.14""",180,179.9782,0.0218
2026-01-10 15:15:00,Aspect,Opposition,Venus,Sagittarius,"26°44'21.49""",Jupiter,Gemini,"25°53'17.14""",180,179.1488,0.8512
2026-01-10 15:15:00,Aspect,Opposition,Mars,Sagittarius,"25°39'17.18""",Jupiter,Gemini,"25°53'17.14""",180,179.7667,0.2333
2026-01-10 15:30:00,Aspect,Conjunction,Sun,Sagittarius,"25°52'36.72""",Venus,Sagittarius,"26°45'08.66""",0,0.8755,0.8755
2026-01-10 15:30:00,Aspect,Conjunction,Sun,Sagittarius,"25°52'36.72""",Mars,Sagittarius,"25°39'46.14""",0,0.214,0.214
2026-01-10 15:30:00,Aspect,Opposition,Sun,Sagittarius,"25°52'36.72""",Jupiter,Gemini,"25°53'12.08""",180,179.9902,0.0098
2026-01-10 15:30:00,Aspect,Opposition,Venus,Sagittarius,"26°45'08.66""",Jupiter,Gemini,"25°53'12.08""",180,179.1343,0.8657
2026-01-10 15:30:00,Aspect,Opposition,Mars,Sagittarius,"25°39'46.14""",Jupiter,Gemini,"25°53'12.08""",180,179.7761,0.2239
2026-01-10 15:45:00,Aspect,Conjunction,Sun,Sagittarius,"25°53'14.92""",Venus,Sagittarius,"26°45'55.82""",0,0.878,0.878
2026-01-10 15:45:00,Aspect,Conjunction,Sun,Sagittarius,"25°53'14.92""",Mars,Sagittarius,"25°40'15.10""",0,0.2166,0.2166
2026-01-10 15:45:00,Aspect,Opposition,Sun,Sagittarius,"25°53'14.92""",Jupiter,Gemini,"25°53'07.02""",180,179.9978,0.0022
2026-01-10 15:45:00,Aspect,Opposition,Venus,Sagittarius,"26°45'55.82""",Jupiter,Gemini,"25°53'07.02""",180,179.1198,0.8802
2026-01-10 15:45:00,Aspect,Opposition,Mars,Sagittarius,"25°40'15.10""",Jupiter,Gemini,"25°53'07.02""",180,179.7856,0.2144
2026-01-10 16:00:00,Aspect,Conjunction,Sun,Sagittarius,"25°53'53.13""",Venus,Sagittarius,"26°46'42.99""",0,0.8805,0.8805
2026-01-10 16:00:00,Aspect,Conjunction,Sun,Sagittarius,"25°53'53.13""",Mars,Sagittarius,"25°40'44.07""",0,0.2192,0.2192
2026-01-10 16:00:00,Aspect,Opposition,Sun,Sagittarius,"25°53'53.13""",Jupiter,Gemini,"25°53'01.95""",180,179.9858,0.0142
2026-01-10 16:00:00,Aspect,Opposition,Venus,Sagittarius,"26°46'42.99""",Jupiter,Gemini,"25°53'01.95""",180,179.1053,0.8947
2026-01-10 16:00:00,Aspect,Opposition,Mars,Sagittarius,"25°40'44.07""",Jupiter,Gemini,"25°53'01.95""",180,179.795,0.205
2026-01-10 16:15:00,Aspect,Conjunction,Sun,Sagittarius,"25°54'31.34""",Venus,Sagittarius,"26°47'30.16""",0,0.883,0.883
2026-01-10 16:15:00,Aspect,Conjunction,Sun,Sagittarius,"25°54'31.34""",Mars,Sagittarius,"25°41'13.03""",0,0.2218,0.2218
2026-01-10 16:15:00,Aspect,Opposition,Sun,Sagittarius,"25°54'31.34""",Jupiter,Gemini,"25°52'56.89""",180,179.9738,0.0262
2026-01-10 16:15:00,Aspect,Opposition,Venus,Sagittarius,"26°47'30.16""",Jupiter,Gemini,"25°52'56.89""",180,179.0908,0.9092
2026-01-10 16:15:00,Aspect,Opposition,Mars,Sagittarius,"25°41'13.03""",Jupiter,Gemini,"25°52'56.89""",180,179.8045,0.1955
2026-01-10 16:30:00,Aspect,Conjunction,Sun,Sagittarius,"25°55'09.55""",Venus,Sagittarius,"26°48'17.33""",0,0.8855,0.8855
2026-01-10 16:30:00,Aspect,Conjunction,Sun,Sagittarius,"25°55'09.55""",Mars,Sagittarius,"25°41'42.00""",0,0.2243,0.2243
2026-01-10 16:30:00,Aspect,Opposition,Sun,Sagittarius,"25°55'09.55""",Jupiter,Gemini,"25°52'51.83""",180,179.9617,0.0383
2026-01-10 16:30:00,Aspect,Opposition,Venus,Sagittarius,"26°48'17.33""",Jupiter,Gemini,"25°52'51.83""",180,179.0762,0.9238
2026-01-10 16:30:00,Aspect,Opposition,Mars,Sagittarius,"25°41'42.00""",Jupiter,Gemini,"25°52'51.83""",180,179.8139,0.1861
2026-01-10 16:45:00,Aspect,Conjunction,Sun,Sagittarius,"25°55'47.76""",Venus,Sagittarius,"26°49'04.50""",0,0.888,0.888
2026-01-10 16:45:00,Aspect,Conjunction,Sun,Sagittarius,"25°55'47.76""",Mars,Sagittarius,"25°42'10.96""",0,0.2269,0.2269
2026-01-10 16:45:00,Aspect,Opposition,Sun,Sagittarius,"25°55'47.76""",Jupiter,Gemini,"25°52'46.76""",180,179.9497,0.0503
2026-01-10 16:45:00,Aspect,Opposition,Venus,Sagittarius,"26°49'04.50""",Jupiter,Gemini,"25°52'46.76""",180,179.0617,0.9383
2026-01-10 16:45:00,Aspect,Opposition,Mars,Sagittarius,"25°42'10.96""",Jupiter,Gemini,"25°52'46.76""",180,179.8234,0.1766
2026-01-10 17:00:00,Aspect,Conjunction,Sun,Sagittarius,"25°56'25.97""",Venus,Sagittarius,"26°49'51.67""",0,0.8905,0.8905
2026-01-10 17:00:00,Aspect,Conjunction,Sun,Sagittarius,"25°56'25.97""",Mars,Sagittarius,"25°42'39.92""",0,0.2295,0.2295
2026-01-10 17:00:00,Aspect,Opposition,Sun,Sagittarius,"25°56'25.97""",Jupiter,Gemini,"25°52'41.70""",180,179.9377,0.0623
2026-01-10 17:00:00,Aspect,Opposition,Venus,Sagittarius,"26°49'51.67""",Jupiter,Gemini,"25°52'41.70""",180,179.0472,0.9528
2026-01-10 17:00:00,Aspect,Opposition,Mars,Sagittarius,"25°42'39.92""",Jupiter,Gemini,"25°52'41.70""",180,179.8328,0.1672
2026-01-10 17:15:00,Aspect,Conjunction,Sun,Sagittarius,"25°57'04.18""",Venus,Sagittarius,"26°50'38.84""",0,0.893,0.893
2026-01-10 17:15:00,Aspect,Conjunction,Sun,Sagittarius,"25°57'04.18""",Mars,Sagittarius,"25°43'08.89""",0,0.232,0.232
2026-01-10 17:15:00,Aspect,Opposition,Sun,Sagittarius,"25°57'04.18""",Jupiter,Gemini,"25°52'36.64""",180,179.9257,0.0743
2026-01-10 17:15:00,Aspect,Opposition,Venus,Sagittarius,"26°50'38.84""",Jupiter,Gemini,"25°52'36.64""",180,179.0327,0.9673
2026-01-10 17:15:00,Aspect,Opposition,Mars,Sagittarius,"25°43'08.89""",Jupiter,Gemini,"25°52'36.64""",180,179.8423,0.1577
2026-01-10 17:30:00,Aspect,Conjunction,Sun,Sagittarius,"25°57'42.38""",Venus,Sagittarius,"26°51'26.01""",0,0.8955,0.8955
2026-01-10 17:30:00,Aspect,Conjunction,Sun,Sagittarius,"25°57'42.38""",Mars,Sagittarius,"25°43'37.85""",0,0.2346,0.2346
2026-01-10 17:30:00,Aspect,Opposition,Sun,Sagittarius,"25°57'42.38""",Jupiter,Gemini,"25°52'31.57""",180,179.9137,0.0863
2026-01-10 17:30:00,Aspect,Opposition,Venus,Sagittarius,"26°51'26.01""",Jupiter,Gemini,"25°52'31.57""",180,179.0182,0.9818
2026-01-10 17:30:00,Aspect,Opposition,Mars,Sagittarius,"25°43'37.85""",Jupiter,Gemini,"25°52'31.57""",180,179.8517,0.1483
2026-01-10 17:45:00,Aspect,Conjunction,Sun,Sagittarius,"25°58'20.59""",Venus,Sagittarius,"26°52'13.18""",0,0.8979,0.8979
2026-01-10 17:45:00,Aspect,Conjunction,Sun,Sagittarius,"25°58'20.59""",Mars,Sagittarius,"25°44'06.82""",0,0.2372,0.2372
2026-01-10 17:45:00,Aspect,Opposition,Sun,Sagittarius,"25°58'20.59""",Jupiter,Gemini,"25°52'26.51""",180,179.9016,0.0984
2026-01-10 17:45:00,Aspect,Opposition,Venus,Sagittarius,"26°52'13.18""",Jupiter,Gemini,"25°52'26.51""",180,179.0037,0.9963
2026-01-10 17:45:00,Aspect,Opposition,Mars,Sagittarius,"25°44'06.82""",Jupiter,Gemini,"25°52'26.51""",180,179.8612,0.1388
2026-01-10 18:00:00,Aspect,Conjunction,Sun,Sagittarius,"25°58'58.80""",Venus,Sagittarius,"26°53'00.35""",0,0.9004,0.9004
2026-01-10 18:00:00,Aspect,Conjunction,Sun,Sagittarius,"25°58'58.80""",Mars,Sagittarius,"25°44'35.78""",0,0.2397,0.2397
2026-01-10 18:00:00,Aspect,Opposition,Sun,Sagittarius,"25°58'58.80""",Jupiter,Gemini,"25°52'21.45""",180,179.8896,0.1104
2026-01-10 18:00:00,Aspect,Opposition,Mars,Sagittarius,"25°44'35.78""",Jupiter,Gemini,"25°52'21.45""",180,179.8706,0.1294
2026-01-10 18:15:00,Aspect,Conjunction,Sun,Sagittarius,"25°59'37.01""",Venus,Sagittarius,"26°53'47.52""",0,0.9029,0.9029
2026-01-10 18:15:00,Aspect,Conjunction,Sun,Sagittarius,"25°59'37.01""",Mars,Sagittarius,"25°45'04.75""",0,0.2423,0.2423
2026-01-10 18:15:00,Aspect,Opposition,Sun,Sagittarius,"25°59'37.01""",Jupiter,Gemini,"25°52'16.38""",180,179.8776,0.1224
2026-01-10 18:15:00,Aspect,Opposition,Mars,Sagittarius,"25°45'04.75""",Jupiter,Gemini,"25°52'16.38""",180,179.8801,0.1199
2026-01-10 18:30:00,Aspect,Conjunction,Sun,Sagittarius,"26°00'15.22""",Venus,Sagittarius,"26°54'34.68""",0,0.9054,0.9054
2026-01-10 18:30:00,Aspect,Conjunction,Sun,Sagittarius,"26°00'15.22""",Mars,Sagittarius,"25°45'33.72""",0,0.2449,0.2449
2026-01-10 18:30:00,Aspect,Opposition,Sun,Sagittarius,"26°00'15.22""",Jupiter,Gemini,"25°52'11.32""",180,179.8656,0.1344
2026-01-10 18:30:00,Aspect,Opposition,Mars,Sagittarius,"25°45'33.72""",Jupiter,Gemini,"25°52'11.32""",180,179.8896,0.1104
2026-01-10 18:45:00,Aspect,Conjunction,Sun,Sagittarius,"26°00'53.43""",Venus,Sagittarius,"26°55'21.85""",0,0.9079,0.9079
2026-01-10 18:45:00,Aspect,Conjunction,Sun,Sagittarius,"26°00'53.43""",Mars,Sagittarius,"25°46'02.68""",0,0.2474,0.2474
2026-01-10 18:45:00,Aspect,Opposition,Sun,Sagittarius,"26°00'53.43""",Jupiter,Gemini,"25°52'06.26""",180,179.8536,0.1464
2026-01-10 18:45:00,Aspect,Opposition,Mars,Sagittarius,"25°46'02.68""",Jupiter,Gemini,"25°52'06.26""",180,179.899,0.101
2026-01-10 19:00:00,Aspect,Conjunction,Sun,Sagittarius,"26°01'31.64""",Venus,Sagittarius,"26°56'09.02""",0,0.9104,0.9104
2026-01-10 19:00:00,Aspect,Conjunction,Sun,Sagittarius,"26°01'31.64""",Mars,Sagittarius,"25°46'31.65""",0,0.25,0.25
2026-01-10 19:00:00,Aspect,Opposition,Sun,Sagittarius,"26°01'31.64""",Jupiter,Gemini,"25°52'01.20""",180,179.8415,0.1585
2026-01-10 19:00:00,Aspect,Opposition,Mars,Sagittarius,"25°46'31.65""",Jupiter,Gemini,"25°52'01.20""",180,179.9085,0.0915
2026-01-10 19:15:00,Aspect,Conjunction,Sun,Sagittarius,"26°02'09.84""",Venus,Sagittarius,"26°56'56.19""",0,0.9129,0.9129
2026-01-10 19:15:00,Aspect,Conjunction,Sun,Sagittarius,"26°02'09.84""",Mars,Sagittarius,"25°47'00.62""",0,0.2526,0.2526
2026-01-10 19:15:00,Aspect,Opposition,Sun,Sagittarius,"26°02'09.84""",Jupiter,Gemini,"25°51'56.13""",180,179.8295,0.1705
2026-01-10 19:15:00,Aspect,Opposition,Mars,Sagittarius,"25°47'00.62""",Jupiter,Gemini,"25°51'56.13""",180,179.9179,0.0821
2026-01-10 19:30:00,Aspect,Conjunction,Sun,Sagittarius,"26°02'48.05""",Venus,Sagittarius,"26°57'43.36""",0,0.9154,0.9154
2026-01-10 19:30:00,Aspect,Conjunction,Sun,Sagittarius,"26°02'48.05""",Mars,Sagittarius,"25°47'29.58""",0,0.2551,0.2551
2026-01-10 19:30:00,Aspect,Opposition,Sun,Sagittarius,"26°02'48.05""",Jupiter,Gemini,"25°51'51.07""",180,179.8175,0.1825
2026-01-10 19:30:00,Aspect,Opposition,Mars,Sagittarius,"25°47'29.58""",Jupiter,Gemini,"25°51'51.07""",180,179.9274,0.0726
2026-01-10 19:45:00,Aspect,Conjunction,Sun,Sagittarius,"26°03'26.26""",Venus,Sagittarius,"26°58'30.53""",0,0.9179,0.9179
2026-01-10 19:45:00,Aspect,Conjunction,Sun,Sagittarius,"26°03'26.26""",Mars,Sagittarius,"25°47'58.55""",0,0.2577,0.2577
2026-01-10 19:45:00,Aspect,Opposition,Sun,Sagittarius,"26°03'26.26""",Jupiter,Gemini,"25°51'46.01""",180,179.8055,0.1945
2026-01-10 19:45:00,Aspect,Opposition,Mars,Sagittarius,"25°47'58.55""",Jupiter,Gemini,"25°51'46.01""",180,179.9368,0.0632
2026-01-10 20:00:00,Aspect,Conjunction,Sun,Sagittarius,"26°04'04.47""",Venus,Sagittarius,"26°59'17.70""",0,0.9203,0.9203
2026-01-10 20:00:00,Aspect,Conjunction,Sun,Sagittarius,"26°04'04.47""",Mars,Sagittarius,"25°48'27.52""",0,0.2603,0.2603
2026-01-10 20:00:00,Aspect,Opposition,Sun,Sagittarius,"26°04'04.47""",Jupiter,Gemini,"25°51'40.94""",180,179.7935,0.2065
2026-01-10 20:00:00,Aspect,Opposition,Mars,Sagittarius,"25°48'27.52""",Jupiter,Gemini,"25°51'40.94""",180,179.9463,0.0537
2026-01-10 20:15:00,Aspect,Conjunction,Sun,Sagittarius,"26°04'42.68""",Venus,Sagittarius,"27°00'04.87""",0,0.9228,0.9228
2026-01-10 20:15:00,Aspect,Conjunction,Sun,Sagittarius,"26°04'42.68""",Mars,Sagittarius,"25°48'56.48""",0,0.2628,0.2628
2026-01-10 20:15:00,Aspect,Opposition,Sun,Sagittarius,"26°04'42.68""",Jupiter,Gemini,"25°51'35.88""",180,179.7814,0.2186
2026-01-10 20:15:00,Aspect,Square,Moon,Virgo,"24°53'42.27""",Mars,Sagittarius,"25°48'56.48""",90,90.9206,0.9206
2026-01-10 20:15:00,Aspect,Square,Moon,Virgo,"24°53'42.27""",Jupiter,Gemini,"25°51'35.88""",90,89.0351,0.9649
2026-01-10 20:15:00,Aspect,Opposition,Mars,Sagittarius,"25°48'56.48""",Jupiter,Gemini,"25°51'35.88""",180,179.9557,0.0443
2026-01-10 20:30:00,Aspect,Conjunction,Sun,Sagittarius,"26°05'20.89""",Venus,Sagittarius,"27°00'52.04""",0,0.9253,0.9253
2026-01-10 20:30:00,Aspect,Conjunction,Sun,Sagittarius,"26°05'20.89""",Mars,Sagittarius,"25°49'25.45""",0,0.2654,0.2654
2026-01-10 20:30:00,Aspect,Opposition,Sun,Sagittarius,"26°05'20.89""",Jupiter,Gemini,"25°51'30.82""",180,179.7694,0.2306
2026-01-10 20:30:00,Aspect,Square,Moon,Virgo,"25°01'17.52""",Mars,Sagittarius,"25°49'25.45""",90,90.8022,0.8022
2026-01-10 20:30:00,Aspect,Square,Moon,Virgo,"25°01'17.52""",Jupiter,Gemini,"25°51'30.82""",90,89.163,0.837
2026-01-10 20:30:00,Aspect,Opposition,Mars,Sagittarius,"25°49'25.45""",Jupiter,Gemini,"25°51'30.82""",180,179.9652,0.0348
2026-01-10 20:45:00,Aspect,Square,Sun,Sagittarius,"26°05'59.10""",Moon,Virgo,"25°08'52.68""",90,90.9518,0.9518
2026-01-10 20:45:00,Aspect,Conjunction,Sun,Sagittarius,"26°05'59.10""",Venus,Sagittarius,"27°01'39.20""",0,0.9278,0.9278
2026-01-10 20:45:00,Aspect,Conjunction,Sun,Sagittarius,"26°05'59.10""",Mars,Sagittarius,"25°49'54.42""",0,0.268,0.268
2026-01-10 20:45:00,Aspect,Opposition,Sun,Sagittarius,"26°05'59.10""",Jupiter,Gemini,"25°51'25.75""",180,179.7574,0.2426
2026-01-10 20:45:00,Aspect,Square,Moon,Virgo,"25°08'52.68""",Mars,Sagittarius,"25°49'54.42""",90,90.6838,0.6838
2026-01-10 20:45:00,Aspect,Square,Moon,Virgo,"25°08'52.68""",Jupiter,Gemini,"25°51'25.75""",90,89.2908,0.7092
2026-01-10 20:45:00,Aspect,Opposition,Mars,Sagittarius,"25°49'54.42""",Jupiter,Gemini,"25°51'25.75""",180,179.9746,0.0254
2026-01-10 21:00:00,Aspect,Square,Sun,Sagittarius,"26°06'37.31""",Moon,Virgo,"25°16'27.76""",90,90.836,0.836
2026-01-10 21:00:00,Aspect,Conjunction,Sun,Sagittarius,"26°06'37.31""",Venus,Sagittarius,"27°02'26.37""",0,0.9303,0.9303
2026-01-10 21:00:00,Aspect,Conjunction,Sun,Sagittarius,"26°06'37.31""",Mars,Sagittarius,"25°50'23.39""",0,0.2705,0.2705
2026-01-10 21:00:00,Aspect,Opposition,Sun,Sagittarius,"26°06'37.31""",Jupiter,Gemini,"25°51'20.69""",180,179.7454,0.2546
2026-01-10 21:00:00,Aspect,Square,Moon,Virgo,"25°16'27.76""",Mars,Sagittarius,"25°50'23.39""",90,90.5655,0.5655
2026-01-10 21:00:00,Aspect,Square,Moon,Virgo,"25°16'27.76""",Jupiter,Gemini,"25°51'20.69""",90,89.4186,0.5814
2026-01-10 21:00:00,Aspect,Opposition,Mars,Sagittarius,"25°50'23.39""",Jupiter,Gemini,"25°51'20.69""",180,179.9841,0.0159
2026-01-10 21:15:00,Aspect,Square,Sun,Sagittarius,"26°07'15.51""",Moon,Virgo,"25°24'02.74""",90,90.7202,0.7202
2026-01-10 21:15:00,Aspect,Conjunction,Sun,Sagittarius,"26°07'15.51""",Venus,Sagittarius,"27°03'13.54""",0,0.9328,0.9328
2026-01-10 21:15:00,Aspect,Conjunction,Sun,Sagittarius,"26°07'15.51""",Mars,Sagittarius,"25°50'52.36""",0,0.2731,0.2731
2026-01-10 21:15:00,Aspect,Opposition,Sun,Sagittarius,"26°07'15.51""",Jupiter,Gemini,"25°51'15.63""",180,179.7334,0.2666
2026-01-10 21:15:00,Aspect,Square,Moon,Virgo,"25°24'02.74""",Mars,Sagittarius,"25°50'52.36""",90,90.4471,0.4471
2026-01-10 21:15:00,Aspect,Square,Moon,Virgo,"25°24'02.74""",Jupiter,Gemini,"25°51'15.63""",90,89.5464,0.4536
2026-01-10 21:15:00,Aspect,Opposition,Mars,Sagittarius,"25°50'52.36""",Jupiter,Gemini,"25°51'15.63""",180,179.9935,0.0065
2026-01-10 21:30:00,Aspect,Square,Sun,Sagittarius,"26°07'53.72""",Moon,Virgo,"25°31'37.65""",90,90.6045,0.6045
2026-01-10 21:30:00,Aspect,Conjunction,Sun,Sagittarius,"26°07'53.72""",Venus,Sagittarius,"27°04'00.71""",0,0.9353,0.9353
2026-01-10 21:30:00,Aspect,Conjunction,Sun,Sagittarius,"26°07'53.72""",Mars,Sagittarius,"25°51'21.33""",0,0.2757,0.2757
2026-01-10 21:30:00,Aspect,Opposition,Sun,Sagittarius,"26°07'53.72""",Jupiter,Gemini,"25°51'10.56""",180,179.7213,0.2787
2026-01-10 21:30:00,Aspect,Square,Moon,Virgo,"25°31'37.65""",Mars,Sagittarius,"25°51'21.33""",90,90.3288,0.3288
2026-01-10 21:30:00,Aspect,Square,Moon,Virgo,"25°31'37.65""",Jupiter,Gemini,"25°51'10.56""",90,89.6742,0.3258
2026-01-10 21:30:00,Aspect,Opposition,Mars,Sagittarius,"25°51'21.33""",Jupiter,Gemini,"25°51'10.56""",180,179.997,0.003
2026-01-10 21:45:00,Aspect,Square,Sun,Sagittarius,"26°08'31.93""",Moon,Virgo,"25°39'12.46""",90,90.4887,0.4887
2026-01-10 21:45:00,Aspect,Conjunction,Sun,Sagittarius,"26°08'31.93""",Venus,Sagittarius,"27°04'47.88""",0,0.9378,0.9378
2026-01-10 21:45:00,Aspect,Conjunction,Sun,Sagittarius,"26°08'31.93""",Mars,Sagittarius,"25°51'50.29""",0,0.2782,0.2782
2026-01-10 21:45:00,Aspect,Opposition,Sun,Sagittarius,"26°08'31.93""",Jupiter,Gemini,"25°51'05.50""",180,179.7093,0.2907
2026-01-10 21:45:00,Aspect,Square,Moon,Virgo,"25°39'12.46""",Mars,Sagittarius,"25°51'50.29""",90,90.2105,0.2105
2026-01-10 21:45:00,Aspect,Square,Moon,Virgo,"25°39'12.46""",Jupiter,Gemini,"25°51'05.50""",90,89.8019,0.1981
2026-01-10 21:45:00,Aspect,Opposition,Mars,Sagittarius,"25°51'50.29""",Jupiter,Gemini,"25°51'05.50""",180,179.9876,0.0124
2026-01-10 22:00:00,Aspect,Square,Sun,Sagittarius,"26°09'10.14""",Moon,Virgo,"25°46'47.20""",90,90.373,0.373
2026-01-10 22:00:00,Aspect,Conjunction,Sun,Sagittarius,"26°09'10.14""",Venus,Sagittarius,"27°05'35.05""",0,0.9403,0.9403
2026-01-10 22:00:00,Aspect,Conjunction,Sun,Sagittarius,"26°09'10.14""",Mars,Sagittarius,"25°52'19.26""",0,0.2808,0.2808
2026-01-10 22:00:00,Aspect,Opposition,Sun,Sagittarius,"26°09'10.14""",Jupiter,Gemini,"25°51'00.44""",180,179.6973,0.3027
2026-01-10 22:00:00,Aspect,Square,Moon,Virgo,"25°46'47.20""",Mars,Sagittarius,"25°52'19.26""",90,90.0922,0.0922
2026-01-10 22:00:00,Aspect,Square,Moon,Virgo,"25°46'47.20""",Jupiter,Gemini,"25°51'00.44""",90,89.9297,0.0703
2026-01-10 22:00:00,Aspect,Opposition,Mars,Sagittarius,"25°52'19.26""",Jupiter,Gemini,"25°51'00.44""",180,179.9781,0.0219
2026-01-10 22:15:00,Aspect,Square,Sun,Sagittarius,"26°09'48.35""",Moon,Virgo,"25°54'21.84""",90,90.2574,0.2574
2026-01-10 22:15:00,Aspect,Conjunction,Sun,Sagittarius,"26°09'48.35""",Venus,Sagittarius,"27°06'22.22""",0,0.9427,0.9427
2026-01-10 22:15:00,Aspect,Conjunction,Sun,Sagittarius,"26°09'48.35""",Mars,Sagittarius,"25°52'48.23""",0,0.2834,0.2834
2026-01-10 22:15:00,Aspect,Opposition,Sun,Sagittarius,"26°09'48.35""",Jupiter,Gemini,"25°50'55.37""",180,179.6853,0.3147
2026-01-10 22:15:00,Aspect,Square,Moon,Virgo,"25°54'21.84""",Mars,Sagittarius,"25°52'48.23""",90,89.974,0.026
2026-01-10 22:15:00,Aspect,Square,Moon,Virgo,"25°54'21.84""",Jupiter,Gemini,"25°50'55.37""",90,90.0574,0.0574
2026-01-10 22:15:00,Aspect,Opposition,Mars,Sagittarius,"25°52'48.23""",Jupiter,Gemini,"25°50'55.37""",180,179.9687,0.0313
2026-01-10 22:30:00,Aspect,Square,Sun,Sagittarius,"26°10'26.56""",Moon,Virgo,"26°01'56.40""",90,90.1417,0.1417
2026-01-10 22:30:00,Aspect,Conjunction,Sun,Sagittarius,"26°10'26.56""",Venus,Sagittarius,"27°07'09.39""",0,0.9452,0.9452
2026-01-10 22:30:00,Aspect,Conjunction,Sun,Sagittarius,"26°10'26.56""",Mars,Sagittarius,"25°53'17.20""",0,0.2859,0.2859
2026-01-10 22:30:00,Aspect,Opposition,Sun,Sagittarius,"26°10'26.56""",Jupiter,Gemini,"25°50'50.31""",180,179.6733,0.3267
2026-01-10 22:30:00,Aspect,Square,Moon,Virgo,"26°01'56.40""",Mars,Sagittarius,"25°53'17.20""",90,89.8558,0.1442
2026-01-10 22:30:00,Aspect,Square,Moon,Virgo,"26°01'56.40""",Jupiter,Gemini,"25°50'50.31""",90,90.185,0.185
2026-01-10 22:30:00,Aspect,Opposition,Mars,Sagittarius,"25°53'17.20""",Jupiter,Gemini,"25°50'50.31""",180,179.9592,0.0408
2026-01-10 22:45:00,Aspect,Square,Sun,Sagittarius,"26°11'04.77""",Moon,Virgo,"26°09'30.88""",90,90.0261,0.0261
2026-01-10 22:45:00,Aspect,Conjunction,Sun,Sagittarius,"26°11'04.77""",Venus,Sagittarius,"27°07'56.56""",0,0.9477,0.9477
2026-01-10 22:45:00,Aspect,Conjunction,Sun,Sagittarius,"26°11'04.77""",Mars,Sagittarius,"25°53'46.17""",0,0.2885,0.2885
2026-01-10 22:45:00,Aspect,Opposition,Sun,Sagittarius,"26°11'04.77""",Jupiter,Gemini,"25°50'45.25""",180,179.6612,0.3388
2026-01-10 22:45:00,Aspect,Square,Moon,Virgo,"26°09'30.88""",Venus,Sagittarius,"27°07'56.56""",90,90.9738,0.9738
2026-01-10 22:45:00,Aspect,Square,Moon,Virgo,"26°09'30.88""",Mars,Sagittarius,"25°53'46.17""",90,89.7376,0.2624
2026-01-10 22:45:00,Aspect,Square,Moon,Virgo,"26°09'30.88""",Jupiter,Gemini,"25°50'45.25""",90,90.3127,0.3127
2026-01-10 22:45:00,Aspect,Opposition,Mars,Sagittarius,"25°53'46.17""",Jupiter,Gemini,"25°50'45.25""",180,179.9497,0.0503
2026-01-10 23:00:00,Aspect,Square,Sun,Sagittarius,"26°11'42.97""",Moon,Virgo,"26°17'05.27""",90,89.9105,0.0895
2026-01-10 23:00:00,Aspect,Conjunction,Sun,Sagittarius,"26°11'42.97""",Venus,Sagittarius,"27°08'43.72""",0,0.9502,0.9502
2026-01-10 23:00:00,Aspect,Conjunction,Sun,Sagittarius,"26°11'42.97""",Mars,Sagittarius,"25°54'15.14""",0,0.2911,0.2911
2026-01-10 23:00:00,Aspect,Opposition,Sun,Sagittarius,"26°11'42.97""",Jupiter,Gemini,"25°50'40.19""",180,179.6492,0.3508
2026-01-10 23:00:00,Aspect,Square,Moon,Virgo,"26°17'05.27""",Venus,Sagittarius,"27°08'43.72""",90,90.8607,0.8607
2026-01-10 23:00:00,Aspect,Square,Moon,Virgo,"26°17'05.27""",Mars,Sagittarius,"25°54'15.14""",90,89.6194,0.3806
2026-01-10 23:00:00,Aspect,Square,Moon,Virgo,"26°17'05.27""",Jupiter,Gemini,"25°50'40.19""",90,90.4403,0.4403
2026-01-10 23:00:00,Aspect,Opposition,Mars,Sagittarius,"25°54'15.14""",Jupiter,Gemini,"25°50'40.19""",180,179.9403,0.0597
2026-01-10 23:15:00,Aspect,Square,Sun,Sagittarius,"26°12'21.18""",Moon,Virgo,"26°24'39.58""",90,89.7949,0.2051
2026-01-10 23:15:00,Aspect,Conjunction,Sun,Sagittarius,"26°12'21.18""",Venus,Sagittarius,"27°09'30.89""",0,0.9527,0.9527
2026-01-10 23:15:00,Aspect,Conjunction,Sun,Sagittarius,"26°12'21.18""",Mars,Sagittarius,"25°54'44.11""",0,0.2936,0.2936
2026-01-10 23:15:00,Aspect,Opposition,Sun,Sagittarius,"26°12'21.18""",Jupiter,Gemini,"25°50'35.12""",180,179.6372,0.3628
2026-01-10 23:15:00,Aspect,Square,Moon,Virgo,"26°24'39.58""",Venus,Sagittarius,"27°09'30.89""",90,90.7476,0.7476
2026-01-10 23:15:00,Aspect,Square,Moon,Virgo,"26°24'39.58""",Mars,Sagittarius,"25°54'44.11""",90,89.5013,0.4987
2026-01-10 23:15:00,Aspect,Square,Moon,Virgo,"26°24'39.58""",Jupiter,Gemini,"25°50'35.12""",90,90.5679,0.5679
2026-01-10 23:15:00,Aspect,Opposition,Mars,Sagittarius,"25°54'44.11""",Jupiter,Gemini,"25°50'35.12""",180,179.9308,0.0692
2026-01-10 23:30:00,Aspect,Square,Sun,Sagittarius,"26°12'59.39""",Moon,Virgo,"26°32'13.81""",90,89.6793,0.3207
2026-01-10 23:30:00,Aspect,Conjunction,Sun,Sagittarius,"26°12'59.39""",Venus,Sagittarius,"27°10'18.06""",0,0.9552,0.9552
2026-01-10 23:30:00,Aspect,Conjunction,Sun,Sagittarius,"26°12'59.39""",Mars,Sagittarius,"25°55'13.09""",0,0.2962,0.2962
2026-01-10 23:30:00,Aspect,Opposition,Sun,Sagittarius,"26°12'59.39""",Jupiter,Gemini,"25°50'30.06""",180,179.6252,0.3748
2026-01-10 23:30:00,Aspect,Square,Moon,Virgo,"26°32'13.81""",Venus,Sagittarius,"27°10'18.06""",90,90.6345,0.6345
2026-01-10 23:30:00,Aspect,Square,Moon,Virgo,"26°32'13.81""",Mars,Sagittarius,"25°55'13.09""",90,89.3831,0.6169
2026-01-10 23:30:00,Aspect,Square,Moon,Virgo,"26°32'13.81""",Jupiter,Gemini,"25°50'30.06""",90,90.6955,0.6955
2026-01-10 23:30:00,Aspect,Opposition,Mars,Sagittarius,"25°55'13.09""",Jupiter,Gemini,"25°50'30.06""",180,179.9214,0.0786
2026-01-10 23:45:00,Aspect,Square,Sun,Sagittarius,"26°13'37.60""",Moon,Virgo,"26°39'47.95""",90,89.5638,0.4362
2026-01-10 23:45:00,Aspect,Conjunction,Sun,Sagittarius,"26°13'37.60""",Venus,Sagittarius,"27°11'05.23""",0,0.9577,0.9577
2026-01-10 23:45:00,Aspect,Conjunction,Sun,Sagittarius,"26°13'37.60""",Mars,Sagittarius,"25°55'42.06""",0,0.2988,0.2988
2026-01-10 23:45:00,Aspect,Opposition,Sun,Sagittarius,"26°13'37.60""",Jupiter,Gemini,"25°50'25.00""",180,179.6132,0.3868
2026-01-10 23:45:00,Aspect,Square,Moon,Virgo,"26°39'47.95""",Venus,Sagittarius,"27°11'05.23""",90,90.5215,0.5215
2026-01-10 23:45:00,Aspect,Square,Moon,Virgo,"26°39'47.95""",Mars,Sagittarius,"25°55'42.06""",90,89.265,0.735
2026-01-10 23:45:00,Aspect,Square,Moon,Virgo,"26°39'47.95""",Jupiter,Gemini,"25°50'25.00""",90,90.823,0.823
2026-01-10 23:45:00,Aspect,Opposition,Mars,Sagittarius,"25°55'42.06""",Jupiter,Gemini,"25°50'25.00""",180,179.9119,0.0881
2026-01-11 00:00:00,Aspect,Square,Sun,Sagittarius,"26°14'15.81""",Moon,Virgo,"26°47'22.01""",90,89.4483,0.5517
2026-01-11 00:00:00,Aspect,Conjunction,Sun,Sagittarius,"26°14'15.81""",Venus,Sagittarius,"27°11'52.40""",0,0.9602,0.9602
2026-01-11 00:00:00,Aspect,Conjunction,Sun,Sagittarius,"26°14'15.81""",Mars,Sagittarius,"25°56'11.03""",0,0.3013,0.3013
2026-01-11 00:00:00,Aspect,Opposition,Sun,Sagittarius,"26°14'15.81""",Jupiter,Gemini,"25°50'19.93""",180,179.6011,0.3989
2026-01-11 00:00:00,Aspect,Square,Moon,Virgo,"26°47'22.01""",Venus,Sagittarius,"27°11'52.40""",90,90.4084,0.4084
2026-01-11 00:00:00,Aspect,Square,Moon,Virgo,"26°47'22.01""",Mars,Sagittarius,"25°56'11.03""",90,89.147,0.853
2026-01-11 00:00:00,Aspect,Square,Moon,Virgo,"26°47'22.01""",Jupiter,Gemini,"25°50'19.93""",90,90.9506,0.9506
2026-01-11 00:00:00,Aspect,Opposition,Mars,Sagittarius,"25°56'11.03""",Jupiter,Gemini,"25°50'19.93""",180,179.9025,0.0975
2026-01-11 00:15:00,Aspect,Square,Sun,Sagittarius,"26°14'54.02""",Moon,Virgo,"26°54'55.98""",90,89.3328,0.6672
2026-01-11 00:15:00,Aspect,Conjunction,Sun,Sagittarius,"26°14'54.02""",Venus,Sagittarius,"27°12'39.57""",0,0.9627,0.9627
2026-01-11 00:15:00,Aspect,Conjunction,Sun,Sagittarius,"26°14'54.02""",Mars,Sagittarius,"25°56'40.00""",0,0.3039,0.3039
2026-01-11 00:15:00,Aspect,Opposition,Sun,Sagittarius,"26°14'54.02""",Jupiter,Gemini,"25°50'14.87""",180,179.5891,0.4109
2026-01-11 00:15:00,Aspect,Square,Moon,Virgo,"26°54'55.98""",Venus,Sagittarius,"27°12'39.57""",90,90.2954,0.2954
2026-01-11 00:15:00,Aspect,Square,Moon,Virgo,"26°54'55.98""",Mars,Sagittarius,"25°56'40.00""",90,89.0289,0.9711
2026-01-11 00:15:00,Aspect,Opposition,Mars,Sagittarius,"25°56'40.00""",Jupiter,Gemini,"25°50'14.87""",180,179.893,0.107
2026-01-11 00:30:00,Aspect,Square,Sun,Sagittarius,"26°15'32.23""",Moon,Virgo,"27°02'29.88""",90,89.2173,0.7827
2026-01-11 00:30:00,Aspect,Conjunction,Sun,Sagittarius,"26°15'32.23""",Venus,Sagittarius,"27°13'26.74""",0,0.9651,0.9651
2026-01-11 00:30:00,Aspect,Conjunction,Sun,Sagittarius,"26°15'32.23""",Mars,Sagittarius,"25°57'08.97""",0,0.3065,0.3065
2026-01-11 00:30:00,Aspect,Opposition,Sun,Sagittarius,"26°15'32.23""",Jupiter,Gemini,"25°50'09.81""",180,179.5771,0.4229
2026-01-11 00:30:00,Aspect,Square,Moon,Virgo,"27°02'29.88""",Venus,Sagittarius,"27°13'26.74""",90,90.1825,0.1825
2026-01-11 00:30:00,Aspect,Opposition,Mars,Sagittarius,"25°57'08.97""",Jupiter,Gemini,"25°50'09.81""",180,179.8836,0.1164
2026-01-11 00:45:00,Aspect,Square,Sun,Sagittarius,"26°16'10.44""",Moon,Virgo,"27°10'03.69""",90,89.1019,0.8981
2026-01-11 00:45:00,Aspect,Conjunction,Sun,Sagittarius,"26°16'10.44""",Venus,Sagittarius,"27°14'13.90""",0,0.9676,0.9676
2026-01-11 00:45:00,Aspect,Conjunction,Sun,Sagittarius,"26°16'10.44""",Mars,Sagittarius,"25°57'37.94""",0,0.309,0.309
2026-01-11 00:45:00,Aspect,Opposition,Sun,Sagittarius,"26°16'10.44""",Jupiter,Gemini,"25°50'04.74""",180,179.5651,0.4349
2026-01-11 00:45:00,Aspect,Square,Moon,Virgo,"27°10'03.69""",Venus,Sagittarius,"27°14'13.90""",90,90.0695,0.0695
2026-01-11 00:45:00,Aspect,Opposition,Mars,Sagittarius,"25°57'37.94""",Jupiter,Gemini,"25°50'04.74""",180,179.8741,0.1259
2026-01-11 01:00:00,Aspect,Conjunction,Sun,Sagittarius,"26°16'48.64""",Venus,Sagittarius,"27°15'01.07""",0,0.9701,0.9701
2026-01-11 01:00:00,Aspect,Conjunction,Sun,Sagittarius,"26°16'48.64""",Mars,Sagittarius,"25°58'06.92""",0,0.3116,0.3116
2026-01-11 01:00:00,Aspect,Opposition,Sun,Sagittarius,"26°16'48.64""",Jupiter,Gemini,"25°49'59.68""",180,179.5531,0.4469
2026-01-11 01:00:00,Aspect,Square,Moon,Virgo,"27°17'37.42""",Venus,Sagittarius,"27°15'01.07""",90,89.9566,0.0434
2026-01-11 01:00:00,Aspect,Opposition,Mars,Sagittarius,"25°58'06.92""",Jupiter,Gemini,"25°49'59.68""",180,179.8647,0.1353
2026-01-11 01:15:00,Aspect,Conjunction,Sun,Sagittarius,"26°17'26.85""",Venus,Sagittarius,"27°15'48.24""",0,0.9726,0.9726
2026-01-11 01:15:00,Aspect,Conjunction,Sun,Sagittarius,"26°17'26.85""",Mars,Sagittarius,"25°58'35.89""",0,0.3142,0.3142
2026-01-11 01:15:00,Aspect,Opposition,Sun,Sagittarius,"26°17'26.85""",Jupiter,Gemini,"25°49'54.62""",180,179.541,0.459
2026-01-11 01:15:00,Aspect,Square,Moon,Virgo,"27°25'11.07""",Venus,Sagittarius,"27°15'48.24""",90,89.8437,0.1563
2026-01-11 01:15:00,Aspect,Opposition,Mars,Sagittarius,"25°58'35.89""",Jupiter,Gemini,"25°49'54.62""",180,179.8552,0.1448
2026-01-11 01:30:00,Aspect,Conjunction,Sun,Sagittarius,"26°18'05.06""",Venus,Sagittarius,"27°16'35.41""",0,0.9751,0.9751
2026-01-11 01:30:00,Aspect,Conjunction,Sun,Sagittarius,"26°18'05.06""",Mars,Sagittarius,"25°59'04.86""",0,0.3167,0.3167
2026-01-11 01:30:00,Aspect,Opposition,Sun,Sagittarius,"26°18'05.06""",Jupiter,Gemini,"25°49'49.56""",180,179.529,0.471
2026-01-11 01:30:00,Aspect,Square,Moon,Virgo,"27°32'44.64""",Venus,Sagittarius,"27°16'35.41""",90,89.7308,0.2692
2026-01-11 01:30:00,Aspect,Opposition,Mars,Sagittarius,"25°59'04.86""",Jupiter,Gemini,"25°49'49.56""",180,179.8457,0.1543
2026-01-11 01:45:00,Aspect,Conjunction,Sun,Sagittarius,"26°18'43.27""",Venus,Sagittarius,"27°17'22.58""",0,0.9776,0.9776
2026-01-11 01:45:00,Aspect,Conjunction,Sun,Sagittarius,"26°18'43.27""",Mars,Sagittarius,"25°59'33.83""",0,0.3193,0.3193
2026-01-11 01:45:00,Aspect,Opposition,Sun,Sagittarius,"26°18'43.27""",Jupiter,Gemini,"25°49'44.49""",180,179.517,0.483
2026-01-11 01:45:00,Aspect,Square,Moon,Virgo,"27°40'18.13""",Venus,Sagittarius,"27°17'22.58""",90,89.6179,0.3821
2026-01-11 01:45:00,Aspect,Opposition,Mars,Sagittarius,"25°59'33.83""",Jupiter,Gemini,"25°49'44.49""",180,179.8363,0.1637
2026-01-11 02:00:00,Aspect,Conjunction,Sun,Sagittarius,"26°19'21.48""",Venus,Sagittarius,"27°18'09.75""",0,0.9801,0.9801
2026-01-11 02:00:00,Aspect,Conjunction,Sun,Sagittarius,"26°19'21.48""",Mars,Sagittarius,"26°00'02.81""",0,0.3219,0.3219
2026-01-11 02:00:00,Aspect,Opposition,Sun,Sagittarius,"26°19'21.48""",Jupiter,Gemini,"25°49'39.43""",180,179.505,0.495
2026-01-11 02:00:00,Aspect,Square,Moon,Virgo,"27°47'51.54""",Venus,Sagittarius,"27°18'09.75""",90,89.5051,0.4949
2026-01-11 02:00:00,Aspect,Opposition,Mars,Sagittarius,"26°00'02.81""",Jupiter,Gemini,"25°49'39.43""",180,179.8268,0.1732
2026-01-11 02:15:00,Aspect,Conjunction,Sun,Sagittarius,"26°19'59.69""",Venus,Sagittarius,"27°18'56.92""",0,0.9826,0.9826
2026-01-11 02:15:00,Aspect,Conjunction,Sun,Sagittarius,"26°19'59.69""",Mars,Sagittarius,"26°00'31.78""",0,0.3244,0.3244
2026-01-11 02:15:00,Aspect,Opposition,Sun,Sagittarius,"26°19'59.69""",Jupiter,Gemini,"25°49'34.37""",180,179.493,0.507
2026-01-11 02:15:00,Aspect,Square,Moon,Virgo,"27°55'24.87""",Venus,Sagittarius,"27°18'56.92""",90,89.3922,0.6078
2026-01-11 02:15:00,Aspect,Opposition,Mars,Sagittarius,"26°00'31.78""",Jupiter,Gemini,"25°49'34.37""",180,179.8174,0.1826
2026-01-11 02:30:00,Aspect,Conjunction,Sun,Sagittarius,"26°20'37.90""",Venus,Sagittarius,"27°19'44.08""",0,0.9851,0.9851
2026-01-11 02:30:00,Aspect,Conjunction,Sun,Sagittarius,"26°20'37.90""",Mars,Sagittarius,"26°01'00.75""",0,0.327,0.327
2026-01-11 02:30:00,Aspect,Opposition,Sun,Sagittarius,"26°20'37.90""",Jupiter,Gemini,"25°49'29.30""",180,179.4809,0.5191
2026-01-11 02:30:00,Aspect,Square,Moon,Virgo,"28°02'58.12""",Venus,Sagittarius,"27°19'44.08""",90,89.2794,0.7206
2026-01-11 02:30:00,Aspect,Opposition,Mars,Sagittarius,"26°01'00.75""",Jupiter,Gemini,"25°49'29.30""",180,179.8079,0.1921
2026-01-11 02:45:00,Aspect,Conjunction,Sun,Sagittarius,"26°21'16.10""",Venus,Sagittarius,"27°20'31.25""",0,0.9875,0.9875
2026-01-11 02:45:00,Aspect,Conjunction,Sun,Sagittarius,"26°21'16.10""",Mars,Sagittarius,"26°01'29.73""",0,0.3295,0.3295
2026-01-11 02:45:00,Aspect,Opposition,Sun,Sagittarius,"26°21'16.10""",Jupiter,Gemini,"25°49'24.24""",180,179.4689,0.5311
2026-01-11 02:45:00,Aspect,Square,Moon,Virgo,"28°10'31.29""",Venus,Sagittarius,"27°20'31.25""",90,89.1667,0.8333
2026-01-11 02:45:00,Aspect,Opposition,Mars,Sagittarius,"26°01'29.73""",Jupiter,Gemini,"25°49'24.24""",180,179.7985,0.2015
2026-01-11 03:00:00,Aspect,Conjunction,Sun,Sagittarius,"26°21'54.31""",Venus,Sagittarius,"27°21'18.42""",0,0.99,0.99
2026-01-11 03:00:00,Aspect,Conjunction,Sun,Sagittarius,"26°21'54.31""",Mars,Sagittarius,"26°01'58.70""",0,0.3321,0.3321
2026-01-11 03:00:00,Aspect,Opposition,Sun,Sagittarius,"26°21'54.31""",Jupiter,Gemini,"25°49'19.18""",180,179.4569,0.5431
2026-01-11 03:00:00,Aspect,Square,Moon,Virgo,"28°18'04.38""",Venus,Sagittarius,"27°21'18.42""",90,89.0539,0.9461
2026-01-11 03:00:00,Aspect,Opposition,Mars,Sagittarius,"26°01'58.70""",Jupiter,Gemini,"25°49'19.18""",180,179.789,0.211
2026-01-11 03:15:00,Aspect,Conjunction,Sun,Sagittarius,"26°22'32.52""",Venus,Sagittarius,"27°22'05.59""",0,0.9925,0.9925
2026-01-11 03:15:00,Aspect,Conjunction,Sun,Sagittarius,"26°22'32.52""",Mars,Sagittarius,"26°02'27.68""",0,0.3347,0.3347
2026-01-11 03:15:00,Aspect,Opposition,Sun,Sagittarius,"26°22'32.52""",Jupiter,Gemini,"25°49'14.12""",180,179.4449,0.5551
2026-01-11 03:15:00,Aspect,Opposition,Mars,Sagittarius,"26°02'27.68""",Jupiter,Gemini,"25°49'14.12""",180,179.7796,0.2204
2026-01-11 03:30:00,Aspect,Conjunction,Sun,Sagittarius,"26°23'10.73""",Venus,Sagittarius,"27°22'52.76""",0,0.995,0.995
2026-01-11 03:30:00,Aspect,Conjunction,Sun,Sagittarius,"26°23'10.73""",Mars,Sagittarius,"26°02'56.65""",0,0.3372,0.3372
2026-01-11 03:30:00,Aspect,Opposition,Sun,Sagittarius,"26°23'10.73""",Jupiter,Gemini,"25°49'09.05""",180,179.4329,0.5671
2026-01-11 03:30:00,Aspect,Opposition,Mars,Sagittarius,"26°02'56.65""",Jupiter,Gemini,"25°49'09.05""",180,179.7701,0.2299
2026-01-11 03:45:00,Aspect,Conjunction,Sun,Sagittarius,"26°23'48.94""",Venus,Sagittarius,"27°23'39.93""",0,0.9975,0.9975
2026-01-11 03:45:00,Aspect,Conjunction,Sun,Sagittarius,"26°23'48.94""",Mars,Sagittarius,"26°03'25.63""",0,0.3398,0.3398
2026-01-11 03:45:00,Aspect,Opposition,Sun,Sagittarius,"26°23'48.94""",Jupiter,Gemini,"25°49'03.99""",180,179.4208,0.5792
2026-01-11 03:45:00,Aspect,Opposition,Mars,Sagittarius,"26°03'25.63""",Jupiter,Gemini,"25°49'03.99""",180,179.7607,0.2393
2026-01-11 04:00:00,Aspect,Conjunction,Sun,Sagittarius,"26°24'27.15""",Venus,Sagittarius,"27°24'27.09""",0,1.0,1.0
2026-01-11 04:00:00,Aspect,Conjunction,Sun,Sagittarius,"26°24'27.15""",Mars,Sagittarius,"26°03'54.60""",0,0.3424,0.3424
2026-01-11 04:00:00,Aspect,Opposition,Sun,Sagittarius,"26°24'27.15""",Jupiter,Gemini,"25°48'58.93""",180,179.4088,0.5912
2026-01-11 04:00:00,Aspect,Opposition,Mars,Sagittarius,"26°03'54.60""",Jupiter,Gemini,"25°48'58.93""",180,179.7512,0.2488
2026-01-11 04:15:00,Aspect,Conjunction,Sun,Sagittarius,"26°25'05.36""",Mars,Sagittarius,"26°04'23.58""",0,0.3449,0.3449
2026-01-11 04:15:00,Aspect,Opposition,Sun,Sagittarius,"26°25'05.36""",Jupiter,Gemini,"25°48'53.87""",180,179.3968,0.6032
2026-01-11 04:15:00,Aspect,Opposition,Mars,Sagittarius,"26°04'23.58""",Jupiter,Gemini,"25°48'53.87""",180,179.7417,0.2583
2026-01-11 04:30:00,Aspect,Conjunction,Sun,Sagittarius,"26°25'43.57""",Mars,Sagittarius,"26°04'52.55""",0,0.3475,0.3475
2026-01-11 04:30:00,Aspect,Opposition,Sun,Sagittarius,"26°25'43.57""",Jupiter,Gemini,"25°48'48.80""",180,179.3848,0.6152
2026-01-11 04:30:00,Aspect,Opposition,Mars,Sagittarius,"26°04'52.55""",Jupiter,Gemini,"25°48'48.80""",180,179.7323,0.2677
2026-01-11 04:45:00,Aspect,Conjunction,Sun,Sagittarius,"26°26'21.77""",Mars,Sagittarius,"26°05'21.53""",0,0.3501,0.3501
2026-01-11 04:45:00,Aspect,Opposition,Sun,Sagittarius,"26°26'21.77""",Jupiter,Gemini,"25°48'43.74""",180,179.3728,0.6272
2026-01-11 04:45:00,Aspect,Opposition,Mars,Sagittarius,"26°05'21.53""",Jupiter,Gemini,"25°48'43.74""",180,179.7228,0.2772
2026-01-11 05:00:00,Aspect,Conjunction,Sun,Sagittarius,"26°26'59.98""",Mars,Sagittarius,"26°05'50.51""",0,0.3526,0.3526
2026-01-11 05:00:00,Aspect,Opposition,Sun,Sagittarius,"26°26'59.98""",Jupiter,Gemini,"25°48'38.68""",180,179.3607,0.6393
2026-01-11 05:00:00,Aspect,Opposition,Mars,Sagittarius,"26°05'50.51""",Jupiter,Gemini,"25°48'38.68""",180,179.7134,0.2866
2026-01-11 05:15:00,Aspect,Conjunction,Sun,Sagittarius,"26°27'38.19""",Mars,Sagittarius,"26°06'19.48""",0,0.3552,0.3552
2026-01-11 05:15:00,Aspect,Opposition,Sun,Sagittarius,"26°27'38.19""",Jupiter,Gemini,"25°48'33.61""",180,179.3487,0.6513
2026-01-11 05:15:00,Aspect,Opposition,Mars,Sagittarius,"26°06'19.48""",Jupiter,Gemini,"25°48'33.61""",180,179.7039,0.2961
2026-01-11 05:30:00,Aspect,Conjunction,Sun,Sagittarius,"26°28'16.40""",Mars,Sagittarius,"26°06'48.46""",0,0.3578,0.3578
2026-01-11 05:30:00,Aspect,Opposition,Sun,Sagittarius,"26°28'16.40""",Jupiter,Gemini,"25°48'28.55""",180,179.3367,0.6633
2026-01-11 05:30:00,Aspect,Opposition,Mars,Sagittarius,"26°06'48.46""",Jupiter,Gemini,"25°48'28.55""",180,179.6945,0.3055
2026-01-11 05:45:00,Aspect,Conjunction,Sun,Sagittarius,"26°28'54.61""",Mars,Sagittarius,"26°07'17.44""",0,0.3603,0.3603
2026-01-11 05:45:00,Aspect,Opposition,Sun,Sagittarius,"26°28'54.61""",Jupiter,Gemini,"25°48'23.49""",180,179.3247,0.6753
2026-01-11 05:45:00,Aspect,Opposition,Mars,Sagittarius,"26°07'17.44""",Jupiter,Gemini,"25°48'23.49""",180,179.685,0.315
2026-01-11 06:00:00,Aspect,Conjunction,Sun,Sagittarius,"26°29'32.82""",Mars,Sagittarius,"26°07'46.41""",0,0.3629,0.3629
2026-01-11 06:00:00,Aspect,Opposition,Sun,Sagittarius,"26°29'32.82""",Jupiter,Gemini,"25°48'18.43""",180,179.3127,0.6873
2026-01-11 06:00:00,Aspect,Opposition,Mars,Sagittarius,"26°07'46.41""",Jupiter,Gemini,"25°48'18.43""",180,179.6756,0.3244
2026-01-11 06:15:00,Aspect,Conjunction,Sun,Sagittarius,"26°30'11.03""",Mars,Sagittarius,"26°08'15.39""",0,0.3655,0.3655
2026-01-11 06:15:00,Aspect,Opposition,Sun,Sagittarius,"26°30'11.03""",Jupiter,Gemini,"25°48'13.36""",180,179.3006,0.6994
2026-01-11 06:15:00,Aspect,Opposition,Mars,Sagittarius,"26°08'15.39""",Jupiter,Gemini,"25°48'13.36""",180,179.6661,0.3339
2026-01-11 06:30:00,Aspect,Conjunction,Sun,Sagittarius,"26°30'49.24""",Mars,Sagittarius,"26°08'44.37""",0,0.368,0.368
2026-01-11 06:30:00,Aspect,Opposition,Sun,Sagittarius,"26°30'49.24""",Jupiter,Gemini,"25°48'08.30""",180,179.2886,0.7114
2026-01-11 06:30:00,Aspect,Opposition,Mars,Sagittarius,"26°08'44.37""",Jupiter,Gemini,"25°48'08.30""",180,179.6566,0.3434
2026-01-11 06:45:00,Aspect,Conjunction,Sun,Sagittarius,"26°31'27.44""",Mars,Sagittarius,"26°09'13.35""",0,0.3706,0.3706
2026-01-11 06:45:00,Aspect,Opposition,Sun,Sagittarius,"26°31'27.44""",Jupiter,Gemini,"25°48'03.24""",180,179.2766,0.7234
2026-01-11 06:45:00,Aspect,Opposition,Mars,Sagittarius,"26°09'13.35""",Jupiter,Gemini,"25°48'03.24""",180,179.6472,0.3528
2026-01-11 07:00:00,Aspect,Conjunction,Sun,Sagittarius,"26°32'05.65""",Mars,Sagittarius,"26°09'42.32""",0,0.3731,0.3731
2026-01-11 07:00:00,Aspect,Opposition,Sun,Sagittarius,"26°32'05.65""",Jupiter,Gemini,"25°47'58.18""",180,179.2646,0.7354
2026-01-11 07:00:00,Aspect,Opposition,Mars,Sagittarius,"26°09'42.32""",Jupiter,Gemini,"25°47'58.18""",180,179.6377,0.3623
2026-01-11 07:15:00,Aspect,Conjunction,Sun,Sagittarius,"26°32'43.86""",Mars,Sagittarius,"26°10'11.30""",0,0.3757,0.3757
2026-01-11 07:15:00,Aspect,Opposition,Sun,Sagittarius,"26°32'43.86""",Jupiter,Gemini,"25°47'53.11""",180,179.2526,0.7474
2026-01-11 07:15:00,Aspect,Opposition,Mars,Sagittarius,"26°10'11.30""",Jupiter,Gemini,"25°47'53.11""",180,179.6283,0.3717
2026-01-11 07:30:00,Aspect,Conjunction,Sun,Sagittarius,"26°33'22.07""",Mars,Sagittarius,"26°10'40.28""",0,0.3783,0.3783
2026-01-11 07:30:00,Aspect,Opposition,Sun,Sagittarius,"26°33'22.07""",Jupiter,Gemini,"25°47'48.05""",180,179.2406,0.7594
2026-01-11 07:30:00,Aspect,Opposition,Mars,Sagittarius,"26°10'40.28""",Jupiter,Gemini,"25°47'48.05""",180,179.6188,0.3812
2026-01-11 07:45:00,Aspect,Conjunction,Sun,Sagittarius,"26°34'00.28""",Mars,Sagittarius,"26°11'09.26""",0,0.3808,0.3808
2026-01-11 07:45:00,Aspect,Opposition,Sun,Sagittarius,"26°34'00.28""",Jupiter,Gemini,"25°47'42.99""",180,179.2285,0.7715
2026-01-11 07:45:00,Aspect,Opposition,Mars,Sagittarius,"26°11'09.26""",Jupiter,Gemini,"25°47'42.99""",180,179.6094,0.3906
2026-01-11 08:00:00,Aspect,Conjunction,Sun,Sagittarius,"26°34'38.49""",Mars,Sagittarius,"26°11'38.24""",0,0.3834,0.3834
2026-01-11 08:00:00,Aspect,Opposition,Sun,Sagittarius,"26°34'38.49""",Jupiter,Gemini,"25°47'37.93""",180,179.2165,0.7835
2026-01-11 08:00:00,Aspect,Opposition,Mars,Sagittarius,"26°11'38.24""",Jupiter,Gemini,"25°47'37.93""",180,179.5999,0.4001
2026-01-11 08:15:00,Aspect,Conjunction,Sun,Sagittarius,"26°35'16.70""",Mars,Sagittarius,"26°12'07.22""",0,0.386,0.386
2026-01-11 08:15:00,Aspect,Opposition,Sun,Sagittarius,"26°35'16.70""",Jupiter,Gemini,"25°47'32.86""",180,179.2045,0.7955
2026-01-11 08:15:00,Aspect,Opposition,Mars,Sagittarius,"26°12'07.22""",Jupiter,Gemini,"25°47'32.86""",180,179.5905,0.4095
2026-01-11 08:30:00,Aspect,Conjunction,Sun,Sagittarius,"26°35'54.90""",Mars,Sagittarius,"26°12'36.20""",0,0.3885,0.3885
2026-01-11 08:30:00,Aspect,Opposition,Sun,Sagittarius,"26°35'54.90""",Jupiter,Gemini,"25°47'27.80""",180,179.1925,0.8075
2026-01-11 08:30:00,Aspect,Opposition,Mars,Sagittarius,"26°12'36.20""",Jupiter,Gemini,"25°47'27.80""",180,179.581,0.419
2026-01-11 08:45:00,Aspect,Conjunction,Sun,Sagittarius,"26°36'33.11""",Mars,Sagittarius,"26°13'05.18""",0,0.3911,0.3911
2026-01-11 08:45:00,Aspect,Opposition,Sun,Sagittarius,"26°36'33.11""",Jupiter,Gemini,"25°47'22.74""",180,179.1805,0.8195
2026-01-11 08:45:00,Aspect,Opposition,Mars,Sagittarius,"26°13'05.18""",Jupiter,Gemini,"25°47'22.74""",180,179.5715,0.4285
2026-01-11 09:00:00,Aspect,Conjunction,Sun,Sagittarius,"26°37'11.32""",Mars,Sagittarius,"26°13'34.16""",0,0.3937,0.3937
2026-01-11 09:00:00,Aspect,Opposition,Sun,Sagittarius,"26°37'11.32""",Jupiter,Gemini,"25°47'17.68""",180,179.1684,0.8316
2026-01-11 09:00:00,Aspect,Opposition,Mars,Sagittarius,"26°13'34.16""",Jupiter,Gemini,"25°47'17.68""",180,179.5621,0.4379
2026-01-11 09:15:00,Aspect,Conjunction,Sun,Sagittarius,"26°37'49.53""",Mars,Sagittarius,"26°14'03.14""",0,0.3962,0.3962
2026-01-11 09:15:00,Aspect,Opposition,Sun,Sagittarius,"26°37'49.53""",Jupiter,Gemini,"25°47'12.62""",180,179.1564,0.8436
2026-01-11 09:15:00,Aspect,Opposition,Mars,Sagittarius,"26°14'03.14""",Jupiter,Gemini,"25°47'12.62""",180,179.5526,0.4474
2026-01-11 09:30:00,Aspect,Conjunction,Sun,Sagittarius,"26°38'27.74""",Mars,Sagittarius,"26°14'32.12""",0,0.3988,0.3988
2026-01-11 09:30:00,Aspect,Opposition,Sun,Sagittarius,"26°38'27.74""",Jupiter,Gemini,"25°47'07.55""",180,179.1444,0.8556
2026-01-11 09:30:00,Aspect,Opposition,Mars,Sagittarius,"26°14'32.12""",Jupiter,Gemini,"25°47'07.55""",180,179.5432,0.4568
2026-01-11 09:45:00,Aspect,Conjunction,Sun,Sagittarius,"26°39'05.95""",Mars,Sagittarius,"26°15'01.10""",0,0.4013,0.4013
2026-01-11 09:45:00,Aspect,Opposition,Sun,Sagittarius,"26°39'05.95""",Jupiter,Gemini,"25°47'02.49""",180,179.1324,0.8676
2026-01-11 09:45:00,Aspect,Opposition,Mars,Sagittarius,"26°15'01.10""",Jupiter,Gemini,"25°47'02.49""",180,179.5337,0.4663
2026-01-11 10:00:00,Aspect,Conjunction,Sun,Sagittarius,"26°39'44.16""",Mars,Sagittarius,"26°15'30.08""",0,0.4039,0.4039
2026-01-11 10:00:00,Aspect,Opposition,Sun,Sagittarius,"26°39'44.16""",Jupiter,Gemini,"25°46'57.43""",180,179.1204,0.8796
2026-01-11 10:00:00,Aspect,Opposition,Mars,Sagittarius,"26°15'30.08""",Jupiter,Gemini,"25°46'57.43""",180,179.5243,0.4757
2026-01-11 10:15:00,Aspect,Conjunction,Sun,Sagittarius,"26°40'22.37""",Mars,Sagittarius,"26°15'59.06""",0,0.4065,0.4065
2026-01-11 10:15:00,Aspect,Opposition,Sun,Sagittarius,"26°40'22.37""",Jupiter,Gemini,"25°46'52.37""",180,179.1083,0.8917
2026-01-11 10:15:00,Aspect,Opposition,Mars,Sagittarius,"26°15'59.06""",Jupiter,Gemini,"25°46'52.37""",180,179.5148,0.4852
2026-01-11 10:30:00,Aspect,Conjunction,Sun,Sagittarius,"26°41'00.57""",Mars,Sagittarius,"26°16'28.04""",0,0.409,0.409
2026-01-11 10:30:00,Aspect,Opposition,Sun,Sagittarius,"26°41'00.57""",Jupiter,Gemini,"25°46'47.31""",180,179.0963,0.9037
2026-01-11 10:30:00,Aspect,Opposition,Mars,Sagittarius,"26°16'28.04""",Jupiter,Gemini,"25°46'47.31""",180,179.5054,0.4946
2026-01-11 10:45:00,Aspect,Conjunction,Sun,Sagittarius,"26°41'38.78""",Mars,Sagittarius,"26°16'57.03""",0,0.4116,0.4116
2026-01-11 10:45:00,Aspect,Opposition,Sun,Sagittarius,"26°41'38.78""",Jupiter,Gemini,"25°46'42.24""",180,179.0843,0.9157
2026-01-11 10:45:00,Aspect,Opposition,Mars,Sagittarius,"26°16'57.03""",Jupiter,Gemini,"25°46'42.24""",180,179.4959,0.5041
2026-01-11 11:00:00,Aspect,Conjunction,Sun,Sagittarius,"26°42'16.99""",Mars,Sagittarius,"26°17'26.01""",0,0.4142,0.4142
2026-01-11 11:00:00,Aspect,Opposition,Sun,Sagittarius,"26°42'16.99""",Jupiter,Gemini,"25°46'37.18""",180,179.0723,0.9277
2026-01-11 11:00:00,Aspect,Opposition,Mars,Sagittarius,"26°17'26.01""",Jupiter,Gemini,"25°46'37.18""",180,179.4864,0.5136
2026-01-11 11:15:00,Aspect,Conjunction,Sun,Sagittarius,"26°42'55.20""",Mars,Sagittarius,"26°17'54.99""",0,0.4167,0.4167
2026-01-11 11:15:00,Aspect,Opposition,Sun,Sagittarius,"26°42'55.20""",Jupiter,Gemini,"25°46'32.12""",180,179.0603,0.9397
2026-01-11 11:15:00,Aspect,Opposition,Mars,Sagittarius,"26°17'54.99""",Jupiter,Gemini,"25°46'32.12""",180,179.477,0.523
2026-01-11 11:30:00,Aspect,Conjunction,Sun,Sagittarius,"26°43'33.41""",Mars,Sagittarius,"26°18'23.97""",0,0.4193,0.4193
2026-01-11 11:30:00,Aspect,Opposition,Sun,Sagittarius,"26°43'33.41""",Jupiter,Gemini,"25°46'27.06""",180,179.0482,0.9518
2026-01-11 11:30:00,Aspect,Opposition,Mars,Sagittarius,"26°18'23.97""",Jupiter,Gemini,"25°46'27.06""",180,179.4675,0.5325
2026-01-11 11:45:00,Aspect,Conjunction,Sun,Sagittarius,"26°44'11.62""",Mars,Sagittarius,"26°18'52.96""",0,0.4219,0.4219
2026-01-11 11:45:00,Aspect,Opposition,Sun,Sagittarius,"26°44'11.62""",Jupiter,Gemini,"25°46'22.00""",180,179.0362,0.9638
2026-01-11 11:45:00,Aspect,Opposition,Mars,Sagittarius,"26°18'52.96""",Jupiter,Gemini,"25°46'22.00""",180,179.4581,0.5419
2026-01-11 12:00:00,Aspect,Conjunction,Sun,Sagittarius,"26°44'49.83""",Mars,Sagittarius,"26°19'21.94""",0,0.4244,0.4244
2026-01-11 12:00:00,Aspect,Opposition,Sun,Sagittarius,"26°44'49.83""",Jupiter,Gemini,"25°46'16.93""",180,179.0242,0.9758
2026-01-11 12:00:00,Aspect,Opposition,Mars,Sagittarius,"26°19'21.94""",Jupiter,Gemini,"25°46'16.93""",180,179.4486,0.5514
2026-01-11 12:15:00,Aspect,Conjunction,Sun,Sagittarius,"26°45'28.04""",Mars,Sagittarius,"26°19'50.92""",0,0.427,0.427
2026-01-11 12:15:00,Aspect,Opposition,Sun,Sagittarius,"26°45'28.04""",Jupiter,Gemini,"25°46'11.87""",180,179.0122,0.9878
2026-01-11 12:15:00,Aspect,Opposition,Mars,Sagittarius,"26°19'50.92""",Jupiter,Gemini,"25°46'11.87""",180,179.4392,0.5608
2026-01-11 12:30:00,Aspect,Conjunction,Sun,Sagittarius,"26°46'06.24""",Mars,Sagittarius,"26°20'19.91""",0,0.4295,0.4295
2026-01-11 12:30:00,Aspect,Opposition,Sun,Sagittarius,"26°46'06.24""",Jupiter,Gemini,"25°46'06.81""",180,179.0002,0.9998
2026-01-11 12:30:00,Aspect,Opposition,Mars,Sagittarius,"26°20'19.91""",Jupiter,Gemini,"25°46'06.81""",180,179.4297,0.5703
2026-01-11 12:45:00,Aspect,Conjunction,Sun,Sagittarius,"26°46'44.45""",Mars,Sagittarius,"26°20'48.89""",0,0.4321,0.4321
2026-01-11 12:45:00,Aspect,Opposition,Mars,Sagittarius,"26°20'48.89""",Jupiter,Gemini,"25°46'01.75""",180,179.4202,0.5798
2026-01-11 13:00:00,Aspect,Conjunction,Sun,Sagittarius,"26°47'22.66""",Mars,Sagittarius,"26°21'17.87""",0,0.4347,0.4347
2026-01-11 13:00:00,Aspect,Opposition,Mars,Sagittarius,"26°21'17.87""",Jupiter,Gemini,"25°45'56.69""",180,179.4108,0.5892
2026-01-11 13:15:00,Aspect,Conjunction,Sun,Sagittarius,"26°48'00.87""",Mars,Sagittarius,"26°21'46.86""",0,0.4372,0.4372
2026-01-11 13:15:00,Aspect,Opposition,Mars,Sagittarius,"26°21'46.86""",Jupiter,Gemini,"25°45'51.62""",180,179.4013,0.5987
2026-01-11 13:30:00,Aspect,Conjunction,Sun,Sagittarius,"26°48'39.08""",Mars,Sagittarius,"26°22'15.84""",0,0.4398,0.4398
2026-01-11 13:30:00,Aspect,Opposition,Mars,Sagittarius,"26°22'15.84""",Jupiter,Gemini,"25°45'46.56""",180,179.3919,0.6081
2026-01-11 13:45:00,Aspect,Conjunction,Sun,Sagittarius,"26°49'17.29""",Mars,Sagittarius,"26°22'44.83""",0,0.4423,0.4423
2026-01-11 13:45:00,Aspect,Opposition,Mars,Sagittarius,"26°22'44.83""",Jupiter,Gemini,"25°45'41.50""",180,179.3824,0.6176
2026-01-11 14:00:00,Aspect,Conjunction,Sun,Sagittarius,"26°49'55.50""",Mars,Sagittarius,"26°23'13.81""",0,0.4449,0.4449
2026-01-11 14:00:00,Aspect,Opposition,Mars,Sagittarius,"26°23'13.81""",Jupiter,Gemini,"25°45'36.44""",180,179.373,0.627
2026-01-11 14:15:00,Aspect,Conjunction,Sun,Sagittarius,"26°50'33.70""",Mars,Sagittarius,"26°23'42.80""",0,0.4475,0.4475
2026-01-11 14:15:00,Aspect,Opposition,Mars,Sagittarius,"26°23'42.80""",Jupiter,Gemini,"25°45'31.38""",180,179.3635,0.6365
2026-01-11 14:30:00,Aspect,Conjunction,Sun,Sagittarius,"26°51'11.91""",Mars,Sagittarius,"26°24'11.78""",0,0.45,0.45
2026-01-11 14:30:00,Aspect,Opposition,Mars,Sagittarius,"26°24'11.78""",Jupiter,Gemini,"25°45'26.32""",180,179.354,0.646
2026-01-11 14:45:00,Aspect,Conjunction,Sun,Sagittarius,"26°51'50.12""",Mars,Sagittarius,"26°24'40.77""",0,0.4526,0.4526
2026-01-11 14:45:00,Aspect,Opposition,Mars,Sagittarius,"26°24'40.77""",Jupiter,Gemini,"25°45'21.26""",180,179.3446,0.6554
2026-01-11 15:00:00,Aspect,Conjunction,Sun,Sagittarius,"26°52'28.33""",Mars,Sagittarius,"26°25'09.76""",0,0.4552,0.4552
2026-01-11 15:00:00,Aspect,Opposition,Mars,Sagittarius,"26°25'09.76""",Jupiter,Gemini,"25°45'16.19""",180,179.3351,0.6649
2026-01-11 15:15:00,Aspect,Conjunction,Sun,Sagittarius,"26°53'06.54""",Mars,Sagittarius,"26°25'38.74""",0,0.4577,0.4577
2026-01-11 15:15:00,Aspect,Opposition,Mars,Sagittarius,"26°25'38.74""",Jupiter,Gemini,"25°45'11.13""",180,179.3257,0.6743
2026-01-11 15:30:00,Aspect,Conjunction,Sun,Sagittarius,"26°53'44.75""",Mars,Sagittarius,"26°26'07.73""",0,0.4603,0.4603
2026-01-11 15:30:00,Aspect,Opposition,Mars,Sagittarius,"26°26'07.73""",Jupiter,Gemini,"25°45'06.07""",180,179.3162,0.6838
2026-01-11 15:45:00,Aspect,Conjunction,Sun,Sagittarius,"26°54'22.96""",Mars,Sagittarius,"26°26'36.71""",0,0.4628,0.4628
2026-01-11 15:45:00,Aspect,Opposition,Mars,Sagittarius,"26°26'36.71""",Jupiter,Gemini,"25°45'01.01""",180,179.3067,0.6933
2026-01-11 16:00:00,Aspect,Conjunction,Sun,Sagittarius,"26°55'01.17""",Mars,Sagittarius,"26°27'05.70""",0,0.4654,0.4654
2026-01-11 16:00:00,Aspect,Opposition,Mars,Sagittarius,"26°27'05.70""",Jupiter,Gemini,"25°44'55.95""",180,179.2973,0.7027
2026-01-11 16:15:00,Aspect,Conjunction,Sun,Sagittarius,"26°55'39.37""",Mars,Sagittarius,"26°27'34.69""",0,0.468,0.468
2026-01-11 16:15:00,Aspect,Opposition,Mars,Sagittarius,"26°27'34.69""",Jupiter,Gemini,"25°44'50.89""",180,179.2878,0.7122
2026-01-11 16:30:00,Aspect,Conjunction,Sun,Sagittarius,"26°56'17.58""",Mars,Sagittarius,"26°28'03.68""",0,0.4705,0.4705
2026-01-11 16:30:00,Aspect,Opposition,Mars,Sagittarius,"26°28'03.68""",Jupiter,Gemini,"25°44'45.83""",180,179.2784,0.7216
2026-01-11 16:45:00,Aspect,Conjunction,Sun,Sagittarius,"26°56'55.79""",Mars,Sagittarius,"26°28'32.66""",0,0.4731,0.4731
2026-01-11 16:45:00,Aspect,Opposition,Mars,Sagittarius,"26°28'32.66""",Jupiter,Gemini,"25°44'40.76""",180,179.2689,0.7311
2026-01-11 17:00:00,Aspect,Conjunction,Sun,Sagittarius,"26°57'34.00""",Mars,Sagittarius,"26°29'01.65""",0,0.4757,0.4757
2026-01-11 17:00:00,Aspect,Opposition,Mars,Sagittarius,"26°29'01.65""",Jupiter,Gemini,"25°44'35.70""",180,179.2595,0.7405
2026-01-11 17:15:00,Aspect,Conjunction,Sun,Sagittarius,"26°58'12.21""",Mars,Sagittarius,"26°29'30.64""",0,0.4782,0.4782
2026-01-11 17:15:00,Aspect,Opposition,Mars,Sagittarius,"26°29'30.64""",Jupiter,Gemini,"25°44'30.64""",180,179.25,0.75
2026-01-11 17:30:00,Aspect,Conjunction,Sun,Sagittarius,"26°58'50.42""",Mars,Sagittarius,"26°29'59.63""",0,0.4808,0.4808
2026-01-11 17:30:00,Aspect,Opposition,Mars,Sagittarius,"26°29'59.63""",Jupiter,Gemini,"25°44'25.58""",180,179.2405,0.7595
2026-01-11 17:45:00,Aspect,Conjunction,Sun,Sagittarius,"26°59'28.63""",Mars,Sagittarius,"26°30'28.62""",0,0.4833,0.4833
2026-01-11 17:45:00,Aspect,Opposition,Mars,Sagittarius,"26°30'28.62""",Jupiter,Gemini,"25°44'20.52""",180,179.2311,0.7689
2026-01-11 18:00:00,Aspect,Conjunction,Sun,Sagittarius,"27°00'06.83""",Mars,Sagittarius,"26°30'57.61""",0,0.4859,0.4859
2026-01-11 18:00:00,Aspect,Opposition,Mars,Sagittarius,"26°30'57.61""",Jupiter,Gemini,"25°44'15.46""",180,179.2216,0.7784
2026-01-11 18:15:00,Aspect,Conjunction,Sun,Sagittarius,"27°00'45.04""",Mars,Sagittarius,"26°31'26.60""",0,0.4885,0.4885
2026-01-11 18:15:00,Aspect,Opposition,Mars,Sagittarius,"26°31'26.60""",Jupiter,Gemini,"25°44'10.40""",180,179.2122,0.7878
2026-01-11 18:30:00,Aspect,Conjunction,Sun,Sagittarius,"27°01'23.25""",Mars,Sagittarius,"26°31'55.59""",0,0.491,0.491
2026-01-11 18:30:00,Aspect,Opposition,Mars,Sagittarius,"26°31'55.59""",Jupiter,Gemini,"25°44'05.34""",180,179.2027,0.7973
2026-01-11 18:45:00,Aspect,Conjunction,Sun,Sagittarius,"27°02'01.46""",Mars,Sagittarius,"26°32'24.57""",0,0.4936,0.4936
2026-01-11 18:45:00,Aspect,Opposition,Mars,Sagittarius,"26°32'24.57""",Jupiter,Gemini,"25°44'00.28""",180,179.1933,0.8067
2026-01-11 19:00:00,Aspect,Conjunction,Sun,Sagittarius,"27°02'39.67""",Mars,Sagittarius,"26°32'53.56""",0,0.4961,0.4961
2026-01-11 19:00:00,Aspect,Opposition,Mars,Sagittarius,"26°32'53.56""",Jupiter,Gemini,"25°43'55.22""",180,179.1838,0.8162
2026-01-11 19:15:00,Aspect,Conjunction,Sun,Sagittarius,"27°03'17.88""",Mars,Sagittarius,"26°33'22.56""",0,0.4987,0.4987
2026-01-11 19:15:00,Aspect,Opposition,Mars,Sagittarius,"26°33'22.56""",Jupiter,Gemini,"25°43'50.16""",180,179.1743,0.8257
2026-01-11 19:30:00,Aspect,Conjunction,Sun,Sagittarius,"27°03'56.09""",Mars,Sagittarius,"26°33'51.55""",0,0.5013,0.5013
2026-01-11 19:30:00,Aspect,Opposition,Mars,Sagittarius,"26°33'51.55""",Jupiter,Gemini,"25°43'45.09""",180,179.1649,0.8351
2026-01-11 19:45:00,Aspect,Conjunction,Sun,Sagittarius,"27°04'34.29""",Mars,Sagittarius,"26°34'20.54""",0,0.5038,0.5038
2026-01-11 19:45:00,Aspect,Opposition,Mars,Sagittarius,"26°34'20.54""",Jupiter,Gemini,"25°43'40.03""",180,179.1554,0.8446
2026-01-11 20:00:00,Aspect,Conjunction,Sun,Sagittarius,"27°05'12.50""",Mars,Sagittarius,"26°34'49.53""",0,0.5064,0.5064
2026-01-11 20:00:00,Aspect,Opposition,Mars,Sagittarius,"26°34'49.53""",Jupiter,Gemini,"25°43'34.97""",180,179.146,0.854
2026-01-11 20:15:00,Aspect,Conjunction,Sun,Sagittarius,"27°05'50.71""",Mars,Sagittarius,"26°35'18.52""",0,0.5089,0.5089
2026-01-11 20:15:00,Aspect,Opposition,Mars,Sagittarius,"26°35'18.52""",Jupiter,Gemini,"25°43'29.91""",180,179.1365,0.8635
2026-01-11 20:30:00,Aspect,Conjunction,Sun,Sagittarius,"27°06'28.92""",Mars,Sagittarius,"26°35'47.51""",0,0.5115,0.5115
2026-01-11 20:30:00,Aspect,Opposition,Mars,Sagittarius,"26°35'47.51""",Jupiter,Gemini,"25°43'24.85""",180,179.127,0.873
2026-01-11 20:45:00,Aspect,Conjunction,Sun,Sagittarius,"27°07'07.13""",Mars,Sagittarius,"26°36'16.50""",0,0.5141,0.5141
2026-01-11 20:45:00,Aspect,Opposition,Mars,Sagittarius,"26°36'16.50""",Jupiter,Gemini,"25°43'19.79""",180,179.1176,0.8824
2026-01-11 21:00:00,Aspect,Conjunction,Sun,Sagittarius,"27°07'45.34""",Mars,Sagittarius,"26°36'45.49""",0,0.5166,0.5166
2026-01-11 21:00:00,Aspect,Opposition,Mars,Sagittarius,"26°36'45.49""",Jupiter,Gemini,"25°43'14.73""",180,179.1081,0.8919
2026-01-11 21:15:00,Aspect,Conjunction,Sun,Sagittarius,"27°08'23.55""",Mars,Sagittarius,"26°37'14.49""",0,0.5192,0.5192
2026-01-11 21:15:00,Aspect,Opposition,Mars,Sagittarius,"26°37'14.49""",Jupiter,Gemini,"25°43'09.67""",180,179.0987,0.9013
2026-01-11 21:30:00,Aspect,Conjunction,Sun,Sagittarius,"27°09'01.75""",Mars,Sagittarius,"26°37'43.48""",0,0.5217,0.5217
2026-01-11 21:30:00,Aspect,Opposition,Mars,Sagittarius,"26°37'43.48""",Jupiter,Gemini,"25°43'04.61""",180,179.0892,0.9108
2026-01-11 21:45:00,Aspect,Conjunction,Sun,Sagittarius,"27°09'39.96""",Mars,Sagittarius,"26°38'12.47""",0,0.5243,0.5243
2026-01-11 21:45:00,Aspect,Opposition,Mars,Sagittarius,"26°38'12.47""",Jupiter,Gemini,"25°42'59.55""",180,179.0797,0.9203
2026-01-11 22:00:00,Aspect,Conjunction,Sun,Sagittarius,"27°10'18.17""",Mars,Sagittarius,"26°38'41.46""",0,0.5269,0.5269
2026-01-11 22:00:00,Aspect,Opposition,Mars,Sagittarius,"26°38'41.46""",Jupiter,Gemini,"25°42'54.49""",180,179.0703,0.9297
2026-01-11 22:15:00,Aspect,Conjunction,Sun,Sagittarius,"27°10'56.38""",Mars,Sagittarius,"26°39'10.46""",0,0.5294,0.5294
2026-01-11 22:15:00,Aspect,Opposition,Mars,Sagittarius,"26°39'10.46""",Jupiter,Gemini,"25°42'49.43""",180,179.0608,0.9392
2026-01-11 22:30:00,Aspect,Conjunction,Sun,Sagittarius,"27°11'34.59""",Mars,Sagittarius,"26°39'39.45""",0,0.532,0.532
2026-01-11 22:30:00,Aspect,Opposition,Mars,Sagittarius,"26°39'39.45""",Jupiter,Gemini,"25°42'44.37""",180,179.0514,0.9486
2026-01-11 22:45:00,Aspect,Conjunction,Sun,Sagittarius,"27°12'12.80""",Mars,Sagittarius,"26°40'08.44""",0,0.5345,0.5345
2026-01-11 22:45:00,Aspect,Opposition,Mars,Sagittarius,"26°40'08.44""",Jupiter,Gemini,"25°42'39.31""",180,179.0419,0.9581
2026-01-11 23:00:00,Aspect,Conjunction,Sun,Sagittarius,"27°12'51.01""",Mars,Sagittarius,"26°40'37.44""",0,0.5371,0.5371
2026-01-11 23:00:00,Aspect,Opposition,Mars,Sagittarius,"26°40'37.44""",Jupiter,Gemini,"25°42'34.25""",180,179.0324,0.9676
2026-01-11 23:15:00,Aspect,Conjunction,Sun,Sagittarius,"27°13'29.21""",Mars,Sagittarius,"26°41'06.43""",0,0.5397,0.5397
2026-01-11 23:15:00,Aspect,Opposition,Mars,Sagittarius,"26°41'06.43""",Jupiter,Gemini,"25°42'29.19""",180,179.023,0.977
2026-01-11 23:30:00,Aspect,Conjunction,Sun,Sagittarius,"27°14'07.42""",Mars,Sagittarius,"26°41'35.42""",0,0.5422,0.5422
2026-01-11 23:30:00,Aspect,Opposition,Mars,Sagittarius,"26°41'35.42""",Jupiter,Gemini,"25°42'24.13""",180,179.0135,0.9865
2026-01-11 23:45:00,Aspect,Conjunction,Sun,Sagittarius,"27°14'45.63""",Mars,Sagittarius,"26°42'04.42""",0,0.5448,0.5448
2026-01-11 23:45:00,Aspect,Opposition,Mars,Sagittarius,"26°42'04.42""",Jupiter,Gemini,"25°42'19.07""",180,179.0041,0.9959
2026-01-12 00:00:00,Aspect,Conjunction,Sun,Sagittarius,"27°15'23.84""",Mars,Sagittarius,"26°42'33.41""",0,0.5473,0.5473
2026-01-12 00:15:00,Aspect,Conjunction,Sun,Sagittarius,"27°16'02.05""",Mars,Sagittarius,"26°43'02.41""",0,0.5499,0.5499
2026-01-12 00:30:00,Aspect,Conjunction,Sun,Sagittarius,"27°16'40.26""",Mars,Sagittarius,"26°43'31.40""",0,0.5525,0.5525
2026-01-12 00:45:00,Aspect,Conjunction,Sun,Sagittarius,"27°17'18.47""",Mars,Sagittarius,"26°44'00.40""",0,0.555,0.555
2026-01-12 01:00:00,Aspect,Conjunction,Sun,Sagittarius,"27°17'56.67""",Mars,Sagittarius,"26°44'29.40""",0,0.5576,0.5576
2026-01-12 01:15:00,Aspect,Conjunction,Sun,Sagittarius,"27°18'34.88""",Mars,Sagittarius,"26°44'58.39""",0,0.5601,0.5601
2026-01-12 01:30:00,Aspect,Conjunction,Sun,Sagittarius,"27°19'13.09""",Mars,Sagittarius,"26°45'27.39""",0,0.5627,0.5627
2026-01-12 01:45:00,Aspect,Conjunction,Sun,Sagittarius,"27°19'51.30""",Mars,Sagittarius,"26°45'56.38""",0,0.5653,0.5653
2026-01-12 02:00:00,Aspect,Conjunction,Sun,Sagittarius,"27°20'29.51""",Mars,Sagittarius,"26°46'25.38""",0,0.5678,0.5678
2026-01-12 02:15:00,Aspect,Conjunction,Sun,Sagittarius,"27°21'07.72""",Mars,Sagittarius,"26°46'54.38""",0,0.5704,0.5704
2026-01-12 02:30:00,Aspect,Conjunction,Sun,Sagittarius,"27°21'45.93""",Mars,Sagittarius,"26°47'23.38""",0,0.5729,0.5729
2026-01-12 02:45:00,Aspect,Conjunction,Sun,Sagittarius,"27°22'24.13""",Mars,Sagittarius,"26°47'52.37""",0,0.5755,0.5755
2026-01-12 03:00:00,Aspect,Conjunction,Sun,Sagittarius,"27°23'02.34""",Mars,Sagittarius,"26°48'21.37""",0,0.578,0.578
2026-01-12 03:15:00,Aspect,Conjunction,Sun,Sagittarius,"27°23'40.55""",Mars,Sagittarius,"26°48'50.37""",0,0.5806,0.5806
2026-01-12 03:30:00,Aspect,Conjunction,Sun,Sagittarius,"27°24'18.76""",Mars,Sagittarius,"26°49'19.37""",0,0.5832,0.5832
2026-01-12 03:45:00,Aspect,Conjunction,Sun,Sagittarius,"27°24'56.97""",Mars,Sagittarius,"26°49'48.36""",0,0.5857,0.5857
2026-01-12 04:00:00,Aspect,Conjunction,Sun,Sagittarius,"27°25'35.18""",Mars,Sagittarius,"26°50'17.36""",0,0.5883,0.5883
2026-01-12 04:15:00,Aspect,Conjunction,Sun,Sagittarius,"27°26'13.39""",Mars,Sagittarius,"26°50'46.36""",0,0.5908,0.5908
2026-01-12 04:30:00,Aspect,Conjunction,Sun,Sagittarius,"27°26'51.59""",Mars,Sagittarius,"26°51'15.36""",0,0.5934,0.5934
2026-01-12 04:45:00,Aspect,Conjunction,Sun,Sagittarius,"27°27'29.80""",Mars,Sagittarius,"26°51'44.36""",0,0.596,0.596
2026-01-12 05:00:00,Aspect,Conjunction,Sun,Sagittarius,"27°28'08.01""",Mars,Sagittarius,"26°52'13.36""",0,0.5985,0.5985
2026-01-12 05:15:00,Aspect,Conjunction,Sun,Sagittarius,"27°28'46.22""",Mars,Sagittarius,"26°52'42.36""",0,0.6011,0.6011
2026-01-12 05:30:00,Aspect,Conjunction,Sun,Sagittarius,"27°29'24.43""",Mars,Sagittarius,"26°53'11.36""",0,0.6036,0.6036
2026-01-12 05:45:00,Aspect,Conjunction,Sun,Sagittarius,"27°30'02.64""",Mars,Sagittarius,"26°53'40.36""",0,0.6062,0.6062
2026-01-12 06:00:00,Aspect,Conjunction,Sun,Sagittarius,"27°30'40.84""",Mars,Sagittarius,"26°54'09.36""",0,0.6087,0.6087
2026-01-12 06:15:00,Aspect,Conjunction,Sun,Sagittarius,"27°31'19.05""",Mars,Sagittarius,"26°54'38.36""",0,0.6113,0.6113
2026-01-12 06:30:00,Aspect,Conjunction,Sun,Sagittarius,"27°31'57.26""",Mars,Sagittarius,"26°55'07.36""",0,0.6139,0.6139
2026-01-12 06:45:00,Aspect,Conjunction,Sun,Sagittarius,"27°32'35.47""",Mars,Sagittarius,"26°55'36.36""",0,0.6164,0.6164
2026-01-12 07:00:00,Aspect,Conjunction,Sun,Sagittarius,"27°33'13.68""",Mars,Sagittarius,"26°56'05.37""",0,0.619,0.619
2026-01-12 07:15:00,Aspect,Conjunction,Sun,Sagittarius,"27°33'51.89""",Mars,Sagittarius,"26°56'34.37""",0,0.6215,0.6215
2026-01-12 07:30:00,Aspect,Conjunction,Sun,Sagittarius,"27°34'30.09""",Mars,Sagittarius,"26°57'03.37""",0,0.6241,0.6241
2026-01-12 07:45:00,Aspect,Conjunction,Sun,Sagittarius,"27°35'08.30""",Mars,Sagittarius,"26°57'32.37""",0,0.6266,0.6266
2026-01-12 08:00:00,Aspect,Conjunction,Sun,Sagittarius,"27°35'46.51""",Mars,Sagittarius,"26°58'01.37""",0,0.6292,0.6292
2026-01-12 08:15:00,Aspect,Conjunction,Sun,Sagittarius,"27°36'24.72""",Mars,Sagittarius,"26°58'30.38""",0,0.6318,0.6318
2026-01-12 08:30:00,Aspect,Conjunction,Sun,Sagittarius,"27°37'02.93""",Mars,Sagittarius,"26°58'59.38""",0,0.6343,0.6343
2026-01-12 08:45:00,Aspect,Conjunction,Sun,Sagittarius,"27°37'41.14""",Mars,Sagittarius,"26°59'28.38""",0,0.6369,0.6369
2026-01-12 09:00:00,Aspect,Conjunction,Sun,Sagittarius,"27°38'19.35""",Mars,Sagittarius,"26°59'57.39""",0,0.6394,0.6394
2026-01-12 09:15:00,Aspect,Conjunction,Sun,Sagittarius,"27°38'57.55""",Mars,Sagittarius,"27°00'26.39""",0,0.642,0.642
2026-01-12 09:30:00,Aspect,Conjunction,Sun,Sagittarius,"27°39'35.76""",Mars,Sagittarius,"27°00'55.39""",0,0.6445,0.6445
2026-01-12 09:45:00,Aspect,Conjunction,Sun,Sagittarius,"27°40'13.97""",Mars,Sagittarius,"27°01'24.40""",0,0.6471,0.6471
2026-01-12 10:00:00,Aspect,Conjunction,Sun,Sagittarius,"27°40'52.18""",Mars,Sagittarius,"27°01'53.40""",0,0.6497,0.6497
2026-01-12 10:15:00,Aspect,Conjunction,Sun,Sagittarius,"27°41'30.39""",Mars,Sagittarius,"27°02'22.41""",0,0.6522,0.6522
2026-01-12 10:30:00,Aspect,Conjunction,Sun,Sagittarius,"27°42'08.60""",Mars,Sagittarius,"27°02'51.41""",0,0.6548,0.6548
2026-01-12 10:45:00,Aspect,Conjunction,Sun,Sagittarius,"27°42'46.80""",Mars,Sagittarius,"27°03'20.42""",0,0.6573,0.6573
2026-01-12 11:00:00,Aspect,Conjunction,Sun,Sagittarius,"27°43'25.01""",Mars,Sagittarius,"27°03'49.42""",0,0.6599,0.6599
2026-01-12 11:15:00,Aspect,Conjunction,Sun,Sagittarius,"27°44'03.22""",Mars,Sagittarius,"27°04'18.43""",0,0.6624,0.6624
2026-01-12 11:30:00,Aspect,Conjunction,Sun,Sagittarius,"27°44'41.43""",Mars,Sagittarius,"27°04'47.43""",0,0.665,0.665
2026-01-12 11:45:00,Aspect,Conjunction,Sun,Sagittarius,"27°45'19.64""",Mars,Sagittarius,"27°05'16.44""",0,0.6676,0.6676
2026-01-12 12:00:00,Aspect,Conjunction,Sun,Sagittarius,"27°45'57.84""",Mars,Sagittarius,"27°05'45.45""",0,0.6701,0.6701
2026-01-12 12:15:00,Aspect,Conjunction,Sun,Sagittarius,"27°46'36.05""",Mars,Sagittarius,"27°06'14.45""",0,0.6727,0.6727
2026-01-12 12:30:00,Aspect,Conjunction,Sun,Sagittarius,"27°47'14.26""",Mars,Sagittarius,"27°06'43.46""",0,0.6752,0.6752
2026-01-12 12:45:00,Aspect,Conjunction,Sun,Sagittarius,"27°47'52.47""",Mars,Sagittarius,"27°07'12.47""",0,0.6778,0.6778
2026-01-12 13:00:00,Aspect,Conjunction,Sun,Sagittarius,"27°48'30.68""",Mars,Sagittarius,"27°07'41.47""",0,0.6803,0.6803
2026-01-12 13:15:00,Aspect,Conjunction,Sun,Sagittarius,"27°49'08.89""",Mars,Sagittarius,"27°08'10.48""",0,0.6829,0.6829
2026-01-12 13:30:00,Aspect,Conjunction,Sun,Sagittarius,"27°49'47.09""",Mars,Sagittarius,"27°08'39.49""",0,0.6854,0.6854
2026-01-12 13:45:00,Aspect,Conjunction,Sun,Sagittarius,"27°50'25.30""",Mars,Sagittarius,"27°09'08.50""",0,0.688,0.688
2026-01-12 14:00:00,Aspect,Conjunction,Sun,Sagittarius,"27°51'03.51""",Mars,Sagittarius,"27°09'37.51""",0,0.6906,0.6906
2026-01-12 14:15:00,Aspect,Conjunction,Sun,Sagittarius,"27°51'41.72""",Mars,Sagittarius,"27°10'06.51""",0,0.6931,0.6931
2026-01-12 14:30:00,Aspect,Conjunction,Sun,Sagittarius,"27°52'19.93""",Mars,Sagittarius,"27°10'35.52""",0,0.6957,0.6957
2026-01-12 14:45:00,Aspect,Conjunction,Sun,Sagittarius,"27°52'58.14""",Mars,Sagittarius,"27°11'04.53""",0,0.6982,0.6982
2026-01-12 15:00:00,Aspect,Conjunction,Sun,Sagittarius,"27°53'36.34""",Mars,Sagittarius,"27°11'33.54""",0,0.7008,0.7008
2026-01-12 15:15:00,Aspect,Conjunction,Sun,Sagittarius,"27°54'14.55""",Mars,Sagittarius,"27°12'02.55""",0,0.7033,0.7033
2026-01-12 15:15:00,Aspect,Trine,Moon,Libra,"16°22'11.36""",Rahu,Aquarius,"17°20'52.00""",120,120.978,0.978
2026-01-12 15:15:00,Aspect,Sextitle,Moon,Libra,"16°22'11.36""",Ketu,Leo,"17°20'52.00""",60,59.022,0.978
2026-01-12 15:30:00,Aspect,Conjunction,Sun,Sagittarius,"27°54'52.76""",Mars,Sagittarius,"27°12'31.56""",0,0.7059,0.7059
2026-01-12 15:30:00,Aspect,Trine,Moon,Libra,"16°29'36.69""",Rahu,Aquarius,"17°20'50.02""",120,120.8537,0.8537
2026-01-12 15:30:00,Aspect,Sextitle,Moon,Libra,"16°29'36.69""",Ketu,Leo,"17°20'50.02""",60,59.1463,0.8537
2026-01-12 15:45:00,Aspect,Conjunction,Sun,Sagittarius,"27°55'30.97""",Mars,Sagittarius,"27°13'00.57""",0,0.7084,0.7084
2026-01-12 15:45:00,Aspect,Trine,Moon,Libra,"16°37'01.98""",Rahu,Aquarius,"17°20'48.03""",120,120.7295,0.7295
2026-01-12 15:45:00,Aspect,Sextitle,Moon,Libra,"16°37'01.98""",Ketu,Leo,"17°20'48.03""",60,59.2705,0.7295
2026-01-12 16:00:00,Aspect,Conjunction,Sun,Sagittarius,"27°56'09.18""",Mars,Sagittarius,"27°13'29.58""",0,0.711,0.711
2026-01-12 16:00:00,Aspect,Trine,Moon,Libra,"16°44'27.25""",Rahu,Aquarius,"17°20'46.04""",120,120.6052,0.6052
2026-01-12 16:00:00,Aspect,Sextitle,Moon,Libra,"16°44'27.25""",Ketu,Leo,"17°20'46.04""",60,59.3948,0.6052
2026-01-12 16:15:00,Aspect,Conjunction,Sun,Sagittarius,"27°56'47.38""",Mars,Sagittarius,"27°13'58.59""",0,0.7136,0.7136
2026-01-12 16:15:00,Aspect,Trine,Moon,Libra,"16°51'52.49""",Rahu,Aquarius,"17°20'44.06""",120,120.481,0.481
2026-01-12 16:15:00,Aspect,Sextitle,Moon,Libra,"16°51'52.49""",Ketu,Leo,"17°20'44.06""",60,59.519,0.481
2026-01-12 16:30:00,Aspect,Conjunction,Sun,Sagittarius,"27°57'25.59""",Mars,Sagittarius,"27°14'27.60""",0,0.7161,0.7161
2026-01-12 16:30:00,Aspect,Trine,Moon,Libra,"16°59'17.70""",Rahu,Aquarius,"17°20'42.07""",120,120.3568,0.3568
2026-01-12 16:30:00,Aspect,Sextitle,Moon,Libra,"16°59'17.70""",Ketu,Leo,"17°20'42.07""",60,59.6432,0.3568
2026-01-12 16:45:00,Aspect,Conjunction,Sun,Sagittarius,"27°58'03.80""",Mars,Sagittarius,"27°14'56.61""",0,0.7187,0.7187
2026-01-12 16:45:00,Aspect,Trine,Moon,Libra,"17°06'42.88""",Rahu,Aquarius,"17°20'40.08""",120,120.2326,0.2326
2026-01-12 16:45:00,Aspect,Sextitle,Moon,Libra,"17°06'42.88""",Ketu,Leo,"17°20'40.08""",60,59.7674,0.2326
2026-01-12 17:00:00,Aspect,Conjunction,Sun,Sagittarius,"27°58'42.01""",Mars,Sagittarius,"27°15'25.62""",0,0.7212,0.7212
2026-01-12 17:00:00,Aspect,Trine,Moon,Libra,"17°14'08.03""",Rahu,Aquarius,"17°20'38.09""",120,120.1084,0.1084
2026-01-12 17:00:00,Aspect,Sextitle,Moon,Libra,"17°14'08.03""",Ketu,Leo,"17°20'38.09""",60,59.8916,0.1084
2026-01-12 17:15:00,Aspect,Conjunction,Sun,Sagittarius,"27°59'20.22""",Mars,Sagittarius,"27°15'54.63""",0,0.7238,0.7238
2026-01-12 17:15:00,Aspect,Trine,Moon,Libra,"17°21'33.16""",Rahu,Aquarius,"17°20'36.11""",120,119.9842,0.0158
2026-01-12 17:15:00,Aspect,Sextitle,Moon,Libra,"17°21'33.16""",Ketu,Leo,"17°20'36.11""",60,60.0158,0.0158
2026-01-12 17:30:00,Aspect,Conjunction,Sun,Sagittarius,"27°59'58.43""",Mars,Sagittarius,"27°16'23.65""",0,0.7263,0.7263
2026-01-12 17:30:00,Aspect,Trine,Moon,Libra,"17°28'58.27""",Rahu,Aquarius,"17°20'34.12""",120,119.86,0.14
2026-01-12 17:30:00,Aspect,Sextitle,Moon,Libra,"17°28'58.27""",Ketu,Leo,"17°20'34.12""",60,60.14,0.14
2026-01-12 17:45:00,Aspect,Conjunction,Sun,Sagittarius,"28°00'36.63""",Mars,Sagittarius,"27°16'52.66""",0,0.7289,0.7289
2026-01-12 17:45:00,Aspect,Trine,Moon,Libra,"17°36'23.34""",Rahu,Aquarius,"17°20'32.13""",120,119.7358,0.2642
2026-01-12 17:45:00,Aspect,Sextitle,Moon,Libra,"17°36'23.34""",Ketu,Leo,"17°20'32.13""",60,60.2642,0.2642
2026-01-12 18:00:00,Aspect,Conjunction,Sun,Sagittarius,"28°01'14.84""",Mars,Sagittarius,"27°17'21.67""",0,0.7314,0.7314
2026-01-12 18:00:00,Aspect,Trine,Moon,Libra,"17°43'48.39""",Rahu,Aquarius,"17°20'30.15""",120,119.6116,0.3884
2026-01-12 18:00:00,Aspect,Sextitle,Moon,Libra,"17°43'48.39""",Ketu,Leo,"17°20'30.15""",60,60.3884,0.3884
2026-01-12 18:15:00,Aspect,Conjunction,Sun,Sagittarius,"28°01'53.05""",Mars,Sagittarius,"27°17'50.68""",0,0.734,0.734
2026-01-12 18:15:00,Aspect,Trine,Moon,Libra,"17°51'13.42""",Rahu,Aquarius,"17°20'28.16""",120,119.4874,0.5126
2026-01-12 18:15:00,Aspect,Sextitle,Moon,Libra,"17°51'13.42""",Ketu,Leo,"17°20'28.16""",60,60.5126,0.5126
2026-01-12 18:30:00,Aspect,Conjunction,Sun,Sagittarius,"28°02'31.26""",Mars,Sagittarius,"27°18'19.69""",0,0.7365,0.7365
2026-01-12 18:30:00,Aspect,Trine,Moon,Libra,"17°58'38.42""",Rahu,Aquarius,"17°20'26.17""",120,119.3633,0.6367
2026-01-12 18:30:00,Aspect,Sextitle,Moon,Libra,"17°58'38.42""",Ketu,Leo,"17°20'26.17""",60,60.6367,0.6367
2026-01-12 18:45:00,Aspect,Conjunction,Sun,Sagittarius,"28°03'09.47""",Mars,Sagittarius,"27°18'48.71""",0,0.7391,0.7391
2026-01-12 18:45:00,Aspect,Trine,Moon,Libra,"18°06'03.39""",Rahu,Aquarius,"17°20'24.18""",120,119.2391,0.7609
2026-01-12 18:45:00,Aspect,Sextitle,Moon,Libra,"18°06'03.39""",Ketu,Leo,"17°20'24.18""",60,60.7609,0.7609
2026-01-12 19:00:00,Aspect,Conjunction,Sun,Sagittarius,"28°03'47.67""",Mars,Sagittarius,"27°19'17.72""",0,0.7417,0.7417
2026-01-12 19:00:00,Aspect,Trine,Moon,Libra,"18°13'28.34""",Rahu,Aquarius,"17°20'22.20""",120,119.115,0.885
2026-01-12 19:00:00,Aspect,Sextitle,Moon,Libra,"18°13'28.34""",Ketu,Leo,"17°20'22.20""",60,60.885,0.885
2026-01-12 19:15:00,Aspect,Conjunction,Sun,Sagittarius,"28°04'25.88""",Mars,Sagittarius,"27°19'46.73""",0,0.7442,0.7442
2026-01-12 19:30:00,Aspect,Conjunction,Sun,Sagittarius,"28°05'04.09""",Mars,Sagittarius,"27°20'15.75""",0,0.7468,0.7468
2026-01-12 19:45:00,Aspect,Conjunction,Sun,Sagittarius,"28°05'42.30""",Mars,Sagittarius,"27°20'44.76""",0,0.7493,0.7493
2026-01-12 20:00:00,Aspect,Conjunction,Sun,Sagittarius,"28°06'20.51""",Mars,Sagittarius,"27°21'13.77""",0,0.7519,0.7519
2026-01-12 20:15:00,Aspect,Conjunction,Sun,Sagittarius,"28°06'58.71""",Mars,Sagittarius,"27°21'42.79""",0,0.7544,0.7544
2026-01-12 20:30:00,Aspect,Conjunction,Sun,Sagittarius,"28°07'36.92""",Mars,Sagittarius,"27°22'11.80""",0,0.757,0.757
2026-01-12 20:45:00,Aspect,Conjunction,Sun,Sagittarius,"28°08'15.13""",Mars,Sagittarius,"27°22'40.82""",0,0.7595,0.7595
2026-01-12 21:00:00,Aspect,Conjunction,Sun,Sagittarius,"28°08'53.34""",Mars,Sagittarius,"27°23'09.83""",0,0.7621,0.7621
2026-01-12 21:15:00,Aspect,Conjunction,Sun,Sagittarius,"28°09'31.55""",Mars,Sagittarius,"27°23'38.85""",0,0.7646,0.7646
2026-01-12 21:30:00,Aspect,Conjunction,Sun,Sagittarius,"28°10'09.75""",Mars,Sagittarius,"27°24'07.86""",0,0.7672,0.7672
2026-01-12 21:45:00,Aspect,Conjunction,Sun,Sagittarius,"28°10'47.96""",Mars,Sagittarius,"27°24'36.88""",0,0.7697,0.7697
2026-01-12 22:00:00,Aspect,Conjunction,Sun,Sagittarius,"28°11'26.17""",Mars,Sagittarius,"27°25'05.89""",0,0.7723,0.7723
2026-01-12 22:15:00,Aspect,Conjunction,Sun,Sagittarius,"28°12'04.38""",Mars,Sagittarius,"27°25'34.91""",0,0.7749,0.7749
2026-01-12 22:30:00,Aspect,Conjunction,Sun,Sagittarius,"28°12'42.59""",Mars,Sagittarius,"27°26'03.93""",0,0.7774,0.7774
2026-01-12 22:45:00,Aspect,Conjunction,Sun,Sagittarius,"28°13'20.79""",Mars,Sagittarius,"27°26'32.94""",0,0.78,0.78
2026-01-12 23:00:00,Aspect,Conjunction,Sun,Sagittarius,"28°13'59.00""",Mars,Sagittarius,"27°27'01.96""",0,0.7825,0.7825
2026-01-12 23:15:00,Aspect,Conjunction,Sun,Sagittarius,"28°14'37.21""",Mars,Sagittarius,"27°27'30.98""",0,0.7851,0.7851
2026-01-12 23:30:00,Aspect,Conjunction,Sun,Sagittarius,"28°15'15.42""",Mars,Sagittarius,"27°27'59.99""",0,0.7876,0.7876
2026-01-12 23:45:00,Aspect,Conjunction,Sun,Sagittarius,"28°15'53.63""",Mars,Sagittarius,"27°28'29.01""",0,0.7902,0.7902
2026-01-13 00:00:00,Aspect,Conjunction,Sun,Sagittarius,"28°16'31.83""",Mars,Sagittarius,"27°28'58.03""",0,0.7927,0.7927
2026-01-13 00:15:00,Aspect,Conjunction,Sun,Sagittarius,"28°17'10.04""",Mars,Sagittarius,"27°29'27.05""",0,0.7953,0.7953
2026-01-13 00:30:00,Aspect,Conjunction,Sun,Sagittarius,"28°17'48.25""",Mars,Sagittarius,"27°29'56.07""",0,0.7978,0.7978
2026-01-13 00:45:00,Aspect,Conjunction,Sun,Sagittarius,"28°18'26.46""",Mars,Sagittarius,"27°30'25.08""",0,0.8004,0.8004
2026-01-13 01:00:00,Aspect,Conjunction,Sun,Sagittarius,"28°19'04.67""",Mars,Sagittarius,"27°30'54.10""",0,0.8029,0.8029
2026-01-13 01:15:00,Aspect,Conjunction,Sun,Sagittarius,"28°19'42.87""",Mars,Sagittarius,"27°31'23.12""",0,0.8055,0.8055
2026-01-13 01:30:00,Aspect,Conjunction,Sun,Sagittarius,"28°20'21.08""",Mars,Sagittarius,"27°31'52.14""",0,0.808,0.808
2026-01-13 01:45:00,Aspect,Conjunction,Sun,Sagittarius,"28°20'59.29""",Mars,Sagittarius,"27°32'21.16""",0,0.8106,0.8106
2026-01-13 02:00:00,Aspect,Conjunction,Sun,Sagittarius,"28°21'37.50""",Mars,Sagittarius,"27°32'50.18""",0,0.8131,0.8131
2026-01-13 02:15:00,Aspect,Conjunction,Sun,Sagittarius,"28°22'15.70""",Mars,Sagittarius,"27°33'19.20""",0,0.8157,0.8157
2026-01-13 02:30:00,Aspect,Conjunction,Sun,Sagittarius,"28°22'53.91""",Mars,Sagittarius,"27°33'48.22""",0,0.8182,0.8182
2026-01-13 02:30:00,Aspect,Sextitle,Moon,Libra,"21°55'46.93""",Mercury,Sagittarius,"22°52'58.40""",60,60.9532,0.9532
2026-01-13 02:45:00,Aspect,Conjunction,Sun,Sagittarius,"28°23'32.12""",Mars,Sagittarius,"27°34'17.24""",0,0.8208,0.8208
2026-01-13 02:45:00,Aspect,Sextitle,Moon,Libra,"22°03'11.27""",Mercury,Sagittarius,"22°53'58.51""",60,60.8465,0.8465
2026-01-13 03:00:00,Aspect,Conjunction,Sun,Sagittarius,"28°24'10.33""",Mars,Sagittarius,"27°34'46.26""",0,0.8234,0.8234
2026-01-13 03:00:00,Aspect,Sextitle,Moon,Libra,"22°10'35.60""",Mercury,Sagittarius,"22°54'58.62""",60,60.7397,0.7397
2026-01-13 03:15:00,Aspect,Conjunction,Sun,Sagittarius,"28°24'48.54""",Mars,Sagittarius,"27°35'15.28""",0,0.8259,0.8259
2026-01-13 03:15:00,Aspect,Sextitle,Moon,Libra,"22°17'59.91""",Mercury,Sagittarius,"22°55'58.73""",60,60.633,0.633
2026-01-13 03:30:00,Aspect,Conjunction,Sun,Sagittarius,"28°25'26.74""",Mars,Sagittarius,"27°35'44.30""",0,0.8285,0.8285
2026-01-13 03:30:00,Aspect,Sextitle,Moon,Libra,"22°25'24.21""",Mercury,Sagittarius,"22°56'58.85""",60,60.5263,0.5263
2026-01-13 03:45:00,Aspect,Conjunction,Sun,Sagittarius,"28°26'04.95""",Mars,Sagittarius,"27°36'13.32""",0,0.831,0.831
2026-01-13 03:45:00,Aspect,Sextitle,Moon,Libra,"22°32'48.49""",Mercury,Sagittarius,"22°57'58.96""",60,60.4196,0.4196
2026-01-13 04:00:00,Aspect,Conjunction,Sun,Sagittarius,"28°26'43.16""",Mars,Sagittarius,"27°36'42.34""",0,0.8336,0.8336
2026-01-13 04:00:00,Aspect,Sextitle,Moon,Libra,"22°40'12.76""",Mercury,Sagittarius,"22°58'59.09""",60,60.3129,0.3129
2026-01-13 04:15:00,Aspect,Conjunction,Sun,Sagittarius,"28°27'21.37""",Mars,Sagittarius,"27°37'11.37""",0,0.8361,0.8361
2026-01-13 04:15:00,Aspect,Sextitle,Moon,Libra,"22°47'37.02""",Mercury,Sagittarius,"22°59'59.21""",60,60.2062,0.2062
2026-01-13 04:30:00,Aspect,Conjunction,Sun,Sagittarius,"28°27'59.57""",Mars,Sagittarius,"27°37'40.39""",0,0.8387,0.8387
2026-01-13 04:30:00,Aspect,Sextitle,Moon,Libra,"22°55'01.26""",Mercury,Sagittarius,"23°00'59.34""",60,60.0995,0.0995
2026-01-13 04:45:00,Aspect,Conjunction,Sun,Sagittarius,"28°28'37.78""",Mars,Sagittarius,"27°38'09.41""",0,0.8412,0.8412
2026-01-13 04:45:00,Aspect,Sextitle,Moon,Libra,"23°02'25.49""",Mercury,Sagittarius,"23°01'59.47""",60,59.9928,0.0072
2026-01-13 05:00:00,Aspect,Conjunction,Sun,Sagittarius,"28°29'15.99""",Mars,Sagittarius,"27°38'38.43""",0,0.8438,0.8438
2026-01-13 05:00:00,Aspect,Sextitle,Moon,Libra,"23°09'49.71""",Mercury,Sagittarius,"23°02'59.61""",60,59.8861,0.1139
2026-01-13 05:15:00,Aspect,Conjunction,Sun,Sagittarius,"28°29'54.20""",Mars,Sagittarius,"27°39'07.46""",0,0.8463,0.8463
2026-01-13 05:15:00,Aspect,Sextitle,Moon,Libra,"23°17'13.91""",Mercury,Sagittarius,"23°03'59.74""",60,59.7794,0.2206
2026-01-13 05:30:00,Aspect,Conjunction,Sun,Sagittarius,"28°30'32.40""",Mars,Sagittarius,"27°39'36.48""",0,0.8489,0.8489
2026-01-13 05:30:00,Aspect,Sextitle,Moon,Libra,"23°24'38.11""",Mercury,Sagittarius,"23°04'59.88""",60,59.6727,0.3273
2026-01-13 05:45:00,Aspect,Conjunction,Sun,Sagittarius,"28°31'10.61""",Mars,Sagittarius,"27°40'05.50""",0,0.8514,0.8514
2026-01-13 05:45:00,Aspect,Sextitle,Moon,Libra,"23°32'02.29""",Mercury,Sagittarius,"23°06'00.03""",60,59.566,0.434
2026-01-13 06:00:00,Aspect,Conjunction,Sun,Sagittarius,"28°31'48.82""",Mars,Sagittarius,"27°40'34.53""",0,0.854,0.854
2026-01-13 06:00:00,Aspect,Sextitle,Moon,Libra,"23°39'26.46""",Mercury,Sagittarius,"23°07'00.17""",60,59.4594,0.5406
2026-01-13 06:15:00,Aspect,Conjunction,Sun,Sagittarius,"28°32'27.03""",Mars,Sagittarius,"27°41'03.55""",0,0.8565,0.8565
2026-01-13 06:15:00,Aspect,Sextitle,Moon,Libra,"23°46'50.62""",Mercury,Sagittarius,"23°08'00.32""",60,59.3527,0.6473
2026-01-13 06:30:00,Aspect,Conjunction,Sun,Sagittarius,"28°33'05.24""",Mars,Sagittarius,"27°41'32.57""",0,0.8591,0.8591
2026-01-13 06:30:00,Aspect,Sextitle,Moon,Libra,"23°54'14.77""",Mercury,Sagittarius,"23°09'00.47""",60,59.246,0.754
2026-01-13 06:45:00,Aspect,Conjunction,Sun,Sagittarius,"28°33'43.44""",Mars,Sagittarius,"27°42'01.60""",0,0.8616,0.8616
2026-01-13 06:45:00,Aspect,Sextitle,Moon,Libra,"24°01'38.91""",Mercury,Sagittarius,"23°10'00.63""",60,59.1394,0.8606
2026-01-13 07:00:00,Aspect,Conjunction,Sun,Sagittarius,"28°34'21.65""",Mars,Sagittarius,"27°42'30.62""",0,0.8642,0.8642
2026-01-13 07:00:00,Aspect,Sextitle,Moon,Libra,"24°09'03.04""",Mercury,Sagittarius,"23°11'00.79""",60,59.0327,0.9673
2026-01-13 07:15:00,Aspect,Conjunction,Sun,Sagittarius,"28°34'59.86""",Mars,Sagittarius,"27°42'59.65""",0,0.8667,0.8667
2026-01-13 07:30:00,Aspect,Conjunction,Sun,Sagittarius,"28°35'38.07""",Mars,Sagittarius,"27°43'28.67""",0,0.8693,0.8693
2026-01-13 07:45:00,Aspect,Conjunction,Sun,Sagittarius,"28°36'16.27""",Mars,Sagittarius,"27°43'57.70""",0,0.8718,0.8718
2026-01-13 08:00:00,Aspect,Conjunction,Sun,Sagittarius,"28°36'54.48""",Mars,Sagittarius,"27°44'26.72""",0,0.8744,0.8744
2026-01-13 08:00:00,Aspect,Trine,Moon,Libra,"24°38'39.46""",Jupiter,Gemini,"25°31'26.95""",120,119.1201,0.8799
2026-01-13 08:15:00,Aspect,Conjunction,Sun,Sagittarius,"28°37'32.69""",Mars,Sagittarius,"27°44'55.75""",0,0.8769,0.8769
2026-01-13 08:15:00,Aspect,Trine,Moon,Libra,"24°46'03.54""",Jupiter,Gemini,"25°31'21.90""",120,119.2449,0.7551
2026-01-13 08:30:00,Aspect,Conjunction,Sun,Sagittarius,"28°38'10.90""",Mars,Sagittarius,"27°45'24.77""",0,0.8795,0.8795
2026-01-13 08:30:00,Aspect,Trine,Moon,Libra,"24°53'27.62""",Jupiter,Gemini,"25°31'16.85""",120,119.3697,0.6303
2026-01-13 08:45:00,Aspect,Conjunction,Sun,Sagittarius,"28°38'49.10""",Mars,Sagittarius,"27°45'53.80""",0,0.882,0.882
2026-01-13 08:45:00,Aspect,Trine,Moon,Libra,"25°00'51.68""",Jupiter,Gemini,"25°31'11.80""",120,119.4944,0.5056
2026-01-13 09:00:00,Aspect,Conjunction,Sun,Sagittarius,"28°39'27.31""",Mars,Sagittarius,"27°46'22.82""",0,0.8846,0.8846
2026-01-13 09:00:00,Aspect,Trine,Moon,Libra,"25°08'15.74""",Jupiter,Gemini,"25°31'06.75""",120,119.6192,0.3808
2026-01-13 09:15:00,Aspect,Conjunction,Sun,Sagittarius,"28°40'05.52""",Mars,Sagittarius,"27°46'51.85""",0,0.8871,0.8871
2026-01-13 09:15:00,Aspect,Trine,Moon,Libra,"25°15'39.79""",Jupiter,Gemini,"25°31'01.71""",120,119.7439,0.2561
2026-01-13 09:30:00,Aspect,Conjunction,Sun,Sagittarius,"28°40'43.73""",Mars,Sagittarius,"27°47'20.88""",0,0.8897,0.8897
2026-01-13 09:30:00,Aspect,Trine,Moon,Libra,"25°23'03.84""",Jupiter,Gemini,"25°30'56.66""",120,119.8687,0.1313
2026-01-13 09:45:00,Aspect,Conjunction,Sun,Sagittarius,"28°41'21.93""",Mars,Sagittarius,"27°47'49.90""",0,0.8922,0.8922
2026-01-13 09:45:00,Aspect,Trine,Moon,Libra,"25°30'27.87""",Jupiter,Gemini,"25°30'51.61""",120,119.9934,0.0066
2026-01-13 10:00:00,Aspect,Conjunction,Sun,Sagittarius,"28°42'00.14""",Mars,Sagittarius,"27°48'18.93""",0,0.8948,0.8948
2026-01-13 10:00:00,Aspect,Trine,Moon,Libra,"25°37'51.91""",Jupiter,Gemini,"25°30'46.56""",120,120.1182,0.1182
2026-01-13 10:15:00,Aspect,Conjunction,Sun,Sagittarius,"28°42'38.35""",Mars,Sagittarius,"27°48'47.96""",0,0.8973,0.8973
2026-01-13 10:15:00,Aspect,Trine,Moon,Libra,"25°45'15.93""",Jupiter,Gemini,"25°30'41.51""",120,120.2429,0.2429
2026-01-13 10:30:00,Aspect,Conjunction,Sun,Sagittarius,"28°43'16.56""",Mars,Sagittarius,"27°49'16.99""",0,0.8999,0.8999
2026-01-13 10:30:00,Aspect,Trine,Moon,Libra,"25°52'39.95""",Jupiter,Gemini,"25°30'36.46""",120,120.3676,0.3676
2026-01-13 10:45:00,Aspect,Conjunction,Sun,Sagittarius,"28°43'54.76""",Mars,Sagittarius,"27°49'46.01""",0,0.9024,0.9024
2026-01-13 10:45:00,Aspect,Trine,Moon,Libra,"26°00'03.96""",Jupiter,Gemini,"25°30'31.42""",120,120.4924,0.4924
2026-01-13 11:00:00,Aspect,Conjunction,Sun,Sagittarius,"28°44'32.97""",Mars,Sagittarius,"27°50'15.04""",0,0.905,0.905
2026-01-13 11:00:00,Aspect,Trine,Moon,Libra,"26°07'27.97""",Jupiter,Gemini,"25°30'26.37""",120,120.6171,0.6171
2026-01-13 11:15:00,Aspect,Conjunction,Sun,Sagittarius,"28°45'11.18""",Mars,Sagittarius,"27°50'44.07""",0,0.9075,0.9075
2026-01-13 11:15:00,Aspect,Trine,Moon,Libra,"26°14'51.97""",Jupiter,Gemini,"25°30'21.32""",120,120.7418,0.7418
2026-01-13 11:30:00,Aspect,Conjunction,Sun,Sagittarius,"28°45'49.38""",Mars,Sagittarius,"27°51'13.10""",0,0.9101,0.9101
2026-01-13 11:30:00,Aspect,Trine,Moon,Libra,"26°22'15.97""",Jupiter,Gemini,"25°30'16.27""",120,120.8666,0.8666
2026-01-13 11:45:00,Aspect,Conjunction,Sun,Sagittarius,"28°46'27.59""",Mars,Sagittarius,"27°51'42.13""",0,0.9126,0.9126
2026-01-13 11:45:00,Aspect,Trine,Moon,Libra,"26°29'39.96""",Jupiter,Gemini,"25°30'11.22""",120,120.9913,0.9913
2026-01-13 12:00:00,Aspect,Conjunction,Sun,Sagittarius,"28°47'05.80""",Mars,Sagittarius,"27°52'11.16""",0,0.9152,0.9152
2026-01-13 12:15:00,Aspect,Conjunction,Sun,Sagittarius,"28°47'44.01""",Mars,Sagittarius,"27°52'40.19""",0,0.9177,0.9177
2026-01-13 12:30:00,Aspect,Conjunction,Sun,Sagittarius,"28°48'22.21""",Mars,Sagittarius,"27°53'09.21""",0,0.9203,0.9203
2026-01-13 12:45:00,Aspect,Conjunction,Sun,Sagittarius,"28°49'00.42""",Mars,Sagittarius,"27°53'38.24""",0,0.9228,0.9228
2026-01-13 12:45:00,Aspect,Sextitle,Moon,Libra,"26°59'15.89""",Mars,Sagittarius,"27°53'38.24""",60,60.9062,0.9062
2026-01-13 13:00:00,Aspect,Conjunction,Sun,Sagittarius,"28°49'38.63""",Mars,Sagittarius,"27°54'07.27""",0,0.9254,0.9254
2026-01-13 13:00:00,Aspect,Sextitle,Moon,Libra,"27°06'39.87""",Mars,Sagittarius,"27°54'07.27""",60,60.7909,0.7909
2026-01-13 13:15:00,Aspect,Conjunction,Sun,Sagittarius,"28°50'16.84""",Mars,Sagittarius,"27°54'36.30""",0,0.9279,0.9279
2026-01-13 13:15:00,Aspect,Sextitle,Moon,Libra,"27°14'03.84""",Mars,Sagittarius,"27°54'36.30""",60,60.6757,0.6757
2026-01-13 13:30:00,Aspect,Conjunction,Sun,Sagittarius,"28°50'55.04""",Mars,Sagittarius,"27°55'05.33""",0,0.9305,0.9305
2026-01-13 13:30:00,Aspect,Sextitle,Moon,Libra,"27°21'27.81""",Mars,Sagittarius,"27°55'05.33""",60,60.5604,0.5604
2026-01-13 13:45:00,Aspect,Conjunction,Sun,Sagittarius,"28°51'33.25""",Mars,Sagittarius,"27°55'34.37""",0,0.933,0.933
2026-01-13 13:45:00,Aspect,Sextitle,Moon,Libra,"27°28'51.77""",Mars,Sagittarius,"27°55'34.37""",60,60.4452,0.4452
2026-01-13 14:00:00,Aspect,Conjunction,Sun,Sagittarius,"28°52'11.46""",Mars,Sagittarius,"27°56'03.40""",0,0.9356,0.9356
2026-01-13 14:00:00,Aspect,Sextitle,Moon,Libra,"27°36'15.74""",Mars,Sagittarius,"27°56'03.40""",60,60.3299,0.3299
2026-01-13 14:15:00,Aspect,Conjunction,Sun,Sagittarius,"28°52'49.66""",Mars,Sagittarius,"27°56'32.43""",0,0.9381,0.9381
2026-01-13 14:15:00,Aspect,Sextitle,Moon,Libra,"27°43'39.70""",Mars,Sagittarius,"27°56'32.43""",60,60.2146,0.2146
2026-01-13 14:30:00,Aspect,Conjunction,Sun,Sagittarius,"28°53'27.87""",Mars,Sagittarius,"27°57'01.46""",0,0.9407,0.9407
2026-01-13 14:30:00,Aspect,Sextitle,Moon,Libra,"27°51'03.66""",Mars,Sagittarius,"27°57'01.46""",60,60.0994,0.0994
2026-01-13 14:45:00,Aspect,Sextitle,Sun,Sagittarius,"28°54'06.08""",Moon,Libra,"27°58'27.62""",60,60.9274,0.9274
2026-01-13 14:45:00,Aspect,Conjunction,Sun,Sagittarius,"28°54'06.08""",Mars,Sagittarius,"27°57'30.49""",0,0.9432,0.9432
2026-01-13 14:45:00,Aspect,Sextitle,Moon,Libra,"27°58'27.62""",Mars,Sagittarius,"27°57'30.49""",60,59.9841,0.0159
2026-01-13 15:00:00,Aspect,Sextitle,Sun,Sagittarius,"28°54'44.29""",Moon,Libra,"28°05'51.58""",60,60.8146,0.8146
2026-01-13 15:00:00,Aspect,Conjunction,Sun,Sagittarius,"28°54'44.29""",Mars,Sagittarius,"27°57'59.52""",0,0.9458,0.9458
2026-01-13 15:00:00,Aspect,Sextitle,Moon,Libra,"28°05'51.58""",Mars,Sagittarius,"27°57'59.52""",60,59.8689,0.1311
2026-01-13 15:15:00,Aspect,Sextitle,Sun,Sagittarius,"28°55'22.49""",Moon,Libra,"28°13'15.54""",60,60.7019,0.7019
2026-01-13 15:15:00,Aspect,Conjunction,Sun,Sagittarius,"28°55'22.49""",Mars,Sagittarius,"27°58'28.55""",0,0.9483,0.9483
2026-01-13 15:15:00,Aspect,Sextitle,Moon,Libra,"28°13'15.54""",Mars,Sagittarius,"27°58'28.55""",60,59.7536,0.2464
2026-01-13 15:30:00,Aspect,Sextitle,Sun,Sagittarius,"28°56'00.70""",Moon,Libra,"28°20'39.49""",60,60.5892,0.5892
2026-01-13 15:30:00,Aspect,Conjunction,Sun,Sagittarius,"28°56'00.70""",Mars,Sagittarius,"27°58'57.59""",0,0.9509,0.9509
2026-01-13 15:30:00,Aspect,Sextitle,Moon,Libra,"28°20'39.49""",Mars,Sagittarius,"27°58'57.59""",60,59.6384,0.3616
2026-01-13 15:45:00,Aspect,Sextitle,Sun,Sagittarius,"28°56'38.91""",Moon,Libra,"28°28'03.45""",60,60.4765,0.4765
2026-01-13 15:45:00,Aspect,Conjunction,Sun,Sagittarius,"28°56'38.91""",Mars,Sagittarius,"27°59'26.62""",0,0.9534,0.9534
2026-01-13 15:45:00,Aspect,Sextitle,Moon,Libra,"28°28'03.45""",Mars,Sagittarius,"27°59'26.62""",60,59.5231,0.4769
2026-01-13 16:00:00,Aspect,Sextitle,Sun,Sagittarius,"28°57'17.11""",Moon,Libra,"28°35'27.41""",60,60.3638,0.3638
2026-01-13 16:00:00,Aspect,Conjunction,Sun,Sagittarius,"28°57'17.11""",Mars,Sagittarius,"27°59'55.65""",0,0.956,0.956
2026-01-13 16:00:00,Aspect,Sextitle,Moon,Libra,"28°35'27.41""",Mars,Sagittarius,"27°59'55.65""",60,59.4078,0.5922
2026-01-13 16:15:00,Aspect,Sextitle,Sun,Sagittarius,"28°57'55.32""",Moon,Libra,"28°42'51.37""",60,60.2511,0.2511
2026-01-13 16:15:00,Aspect,Conjunction,Sun,Sagittarius,"28°57'55.32""",Mars,Sagittarius,"28°00'24.68""",0,0.9585,0.9585
2026-01-13 16:15:00,Aspect,Sextitle,Moon,Libra,"28°42'51.37""",Mars,Sagittarius,"28°00'24.68""",60,59.2926,0.7074
2026-01-13 16:30:00,Aspect,Sextitle,Sun,Sagittarius,"28°58'33.53""",Moon,Libra,"28°50'15.32""",60,60.1384,0.1384
2026-01-13 16:30:00,Aspect,Conjunction,Sun,Sagittarius,"28°58'33.53""",Mars,Sagittarius,"28°00'53.72""",0,0.9611,0.9611
2026-01-13 16:30:00,Aspect,Sextitle,Moon,Libra,"28°50'15.32""",Mars,Sagittarius,"28°00'53.72""",60,59.1773,0.8227
2026-01-13 16:45:00,Aspect,Sextitle,Sun,Sagittarius,"28°59'11.74""",Moon,Libra,"28°57'39.28""",60,60.0257,0.0257
2026-01-13 16:45:00,Aspect,Conjunction,Sun,Sagittarius,"28°59'11.74""",Mars,Sagittarius,"28°01'22.75""",0,0.9636,0.9636
2026-01-13 16:45:00,Aspect,Sextitle,Moon,Libra,"28°57'39.28""",Mars,Sagittarius,"28°01'22.75""",60,59.0621,0.9379
2026-01-13 17:00:00,Aspect,Sextitle,Sun,Sagittarius,"28°59'49.94""",Moon,Libra,"29°05'03.25""",60,59.913,0.087
2026-01-13 17:00:00,Aspect,Conjunction,Sun,Sagittarius,"28°59'49.94""",Mars,Sagittarius,"28°01'51.78""",0,0.9662,0.9662
2026-01-13 17:15:00,Aspect,Sextitle,Sun,Sagittarius,"29°00'28.15""",Moon,Libra,"29°12'27.21""",60,59.8003,0.1997
2026-01-13 17:15:00,Aspect,Conjunction,Sun,Sagittarius,"29°00'28.15""",Mars,Sagittarius,"28°02'20.82""",0,0.9687,0.9687
2026-01-13 17:30:00,Aspect,Sextitle,Sun,Sagittarius,"29°01'06.36""",Moon,Libra,"29°19'51.17""",60,59.6876,0.3124
2026-01-13 17:30:00,Aspect,Conjunction,Sun,Sagittarius,"29°01'06.36""",Mars,Sagittarius,"28°02'49.85""",0,0.9713,0.9713
2026-01-13 17:45:00,Aspect,Sextitle,Sun,Sagittarius,"29°01'44.56""",Moon,Libra,"29°27'15.14""",60,59.5748,0.4252
2026-01-13 17:45:00,Aspect,Conjunction,Sun,Sagittarius,"29°01'44.56""",Mars,Sagittarius,"28°03'18.89""",0,0.9738,0.9738
2026-01-13 18:00:00,Aspect,Sextitle,Sun,Sagittarius,"29°02'22.77""",Moon,Libra,"29°34'39.11""",60,59.4621,0.5379
2026-01-13 18:00:00,Aspect,Conjunction,Sun,Sagittarius,"29°02'22.77""",Mars,Sagittarius,"28°03'47.92""",0,0.9763,0.9763
2026-01-13 18:15:00,Aspect,Sextitle,Sun,Sagittarius,"29°03'00.98""",Moon,Libra,"29°42'03.08""",60,59.3494,0.6506
2026-01-13 18:15:00,Aspect,Conjunction,Sun,Sagittarius,"29°03'00.98""",Mars,Sagittarius,"28°04'16.96""",0,0.9789,0.9789
2026-01-13 18:15:00,Aspect,Sextitle,Moon,Libra,"29°42'03.08""",Venus,Capricorn,"0°40'11.45""",60,60.969,0.969
2026-01-13 18:30:00,Aspect,Sextitle,Sun,Sagittarius,"29°03'39.19""",Moon,Libra,"29°49'27.05""",60,59.2367,0.7633
2026-01-13 18:30:00,Aspect,Conjunction,Sun,Sagittarius,"29°03'39.19""",Mars,Sagittarius,"28°04'45.99""",0,0.9814,0.9814
2026-01-13 18:30:00,Aspect,Sextitle,Moon,Libra,"29°49'27.05""",Venus,Capricorn,"0°40'58.62""",60,60.8588,0.8588
2026-01-13 18:45:00,Aspect,Sextitle,Sun,Sagittarius,"29°04'17.39""",Moon,Libra,"29°56'51.03""",60,59.124,0.876
2026-01-13 18:45:00,Aspect,Conjunction,Sun,Sagittarius,"29°04'17.39""",Mars,Sagittarius,"28°05'15.03""",0,0.984,0.984
2026-01-13 18:45:00,Aspect,Sextitle,Moon,Libra,"29°56'51.03""",Venus,Capricorn,"0°41'45.78""",60,60.7485,0.7485
2026-01-13 19:00:00,Aspect,Sextitle,Sun,Sagittarius,"29°04'55.60""",Moon,Scorpio,"0°04'15.01""",60,59.0113,0.9887
2026-01-13 19:00:00,Aspect,Conjunction,Sun,Sagittarius,"29°04'55.60""",Mars,Sagittarius,"28°05'44.06""",0,0.9865,0.9865
2026-01-13 19:00:00,Aspect,Sextitle,Moon,Scorpio,"0°04'15.01""",Venus,Capricorn,"0°42'32.94""",60,60.6383,0.6383
2026-01-13 19:15:00,Aspect,Conjunction,Sun,Sagittarius,"29°05'33.81""",Mars,Sagittarius,"28°06'13.10""",0,0.9891,0.9891
2026-01-13 19:15:00,Aspect,Sextitle,Moon,Scorpio,"0°11'38.99""",Venus,Capricorn,"0°43'20.11""",60,60.5281,0.5281
2026-01-13 19:30:00,Aspect,Conjunction,Sun,Sagittarius,"29°06'12.01""",Mars,Sagittarius,"28°06'42.13""",0,0.9916,0.9916
2026-01-13 19:30:00,Aspect,Sextitle,Moon,Scorpio,"0°19'02.98""",Venus,Capricorn,"0°44'07.27""",60,60.4179,0.4179
2026-01-13 19:45:00,Aspect,Conjunction,Sun,Sagittarius,"29°06'50.22""",Mars,Sagittarius,"28°07'11.17""",0,0.9942,0.9942
2026-01-13 19:45:00,Aspect,Sextitle,Moon,Scorpio,"0°26'26.98""",Venus,Capricorn,"0°44'54.43""",60,60.3076,0.3076
2026-01-13 20:00:00,Aspect,Conjunction,Sun,Sagittarius,"29°07'28.43""",Mars,Sagittarius,"28°07'40.21""",0,0.9967,0.9967
2026-01-13 20:00:00,Aspect,Sextitle,Moon,Scorpio,"0°33'50.97""",Venus,Capricorn,"0°45'41.60""",60,60.1974,0.1974
2026-01-13 20:15:00,Aspect,Conjunction,Sun,Sagittarius,"29°08'06.63""",Mars,Sagittarius,"28°08'09.24""",0,0.9993,0.9993
2026-01-13 20:15:00,Aspect,Sextitle,Moon,Scorpio,"0°41'14.97""",Venus,Capricorn,"0°46'28.76""",60,60.0872,0.0872
2026-01-13 20:30:00,Aspect,Sextitle,Moon,Scorpio,"0°48'38.98""",Venus,Capricorn,"0°47'15.92""",60,59.9769,0.0231
2026-01-13 20:45:00,Aspect,Sextitle,Moon,Scorpio,"0°56'02.99""",Venus,Capricorn,"0°48'03.09""",60,59.8667,0.1333
2026-01-13 21:00:00,Aspect,Sextitle,Moon,Scorpio,"1°03'27.01""",Venus,Capricorn,"0°48'50.25""",60,59.7565,0.2435
2026-01-13 21:15:00,Aspect,Sextitle,Moon,Scorpio,"1°10'51.03""",Venus,Capricorn,"0°49'37.41""",60,59.6462,0.3538
2026-01-13 21:30:00,Aspect,Sextitle,Moon,Scorpio,"1°18'15.06""",Venus,Capricorn,"0°50'24.58""",60,59.536,0.464
2026-01-13 21:45:00,Aspect,Sextitle,Moon,Scorpio,"1°25'39.10""",Venus,Capricorn,"0°51'11.74""",60,59.4257,0.5743
2026-01-13 22:00:00,Aspect,Sextitle,Moon,Scorpio,"1°33'03.14""",Venus,Capricorn,"0°51'58.90""",60,59.3155,0.6845
2026-01-13 22:15:00,Aspect,Sextitle,Moon,Scorpio,"1°40'27.19""",Venus,Capricorn,"0°52'46.07""",60,59.2052,0.7948
2026-01-13 22:30:00,Aspect,Sextitle,Moon,Scorpio,"1°47'51.25""",Venus,Capricorn,"0°53'33.23""",60,59.095,0.905
2026-01-13 22:45:00,Aspect,Trine,Moon,Scorpio,"1°55'15.31""",Saturn,Pisces,"2°48'05.05""",120,120.8805,0.8805
2026-01-13 23:00:00,Aspect,Trine,Moon,Scorpio,"2°02'39.38""",Saturn,Pisces,"2°48'07.92""",120,120.7579,0.7579
2026-01-13 23:15:00,Aspect,Trine,Moon,Scorpio,"2°10'03.46""",Saturn,Pisces,"2°48'10.80""",120,120.6354,0.6354
2026-01-13 23:30:00,Aspect,Trine,Moon,Scorpio,"2°17'27.55""",Saturn,Pisces,"2°48'13.67""",120,120.5128,0.5128
2026-01-13 23:45:00,Aspect,Trine,Moon,Scorpio,"2°24'51.65""",Saturn,Pisces,"2°48'16.55""",120,120.3903,0.3903
2026-01-14 00:00:00,Aspect,Trine,Moon,Scorpio,"2°32'15.75""",Saturn,Pisces,"2°48'19.43""",120,120.2677,0.2677
2026-01-14 00:15:00,Aspect,Trine,Moon,Scorpio,"2°39'39.87""",Saturn,Pisces,"2°48'22.30""",120,120.1451,0.1451
2026-01-14 00:30:00,Aspect,Trine,Moon,Scorpio,"2°47'03.99""",Saturn,Pisces,"2°48'25.18""",120,120.0226,0.0226
2026-01-14 00:45:00,Aspect,Trine,Moon,Scorpio,"2°54'28.12""",Saturn,Pisces,"2°48'28.06""",120,119.9,0.1
2026-01-14 01:00:00,Aspect,Trine,Moon,Scorpio,"3°01'52.26""",Saturn,Pisces,"2°48'30.94""",120,119.7774,0.2226
2026-01-14 01:15:00,Aspect,Trine,Moon,Scorpio,"3°09'16.42""",Saturn,Pisces,"2°48'33.82""",120,119.6548,0.3452
2026-01-14 01:30:00,Aspect,Trine,Moon,Scorpio,"3°16'40.58""",Saturn,Pisces,"2°48'36.70""",120,119.5323,0.4677
2026-01-14 01:45:00,Aspect,Trine,Moon,Scorpio,"3°24'04.75""",Saturn,Pisces,"2°48'39.58""",120,119.4097,0.5903
2026-01-14 01:45:00,Aspect,Opposition,Mercury,Sagittarius,"24°26'21.40""",Jupiter,Gemini,"25°25'28.74""",180,179.0146,0.9854
2026-01-14 02:00:00,Aspect,Trine,Moon,Scorpio,"3°31'28.93""",Saturn,Pisces,"2°48'42.46""",120,119.2871,0.7129
2026-01-14 02:00:00,Aspect,Opposition,Mercury,Sagittarius,"24°27'21.79""",Jupiter,Gemini,"25°25'23.70""",180,179.0328,0.9672
2026-01-14 02:15:00,Aspect,Trine,Moon,Scorpio,"3°38'53.13""",Saturn,Pisces,"2°48'45.34""",120,119.1645,0.8355
2026-01-14 02:15:00,Aspect,Opposition,Mercury,Sagittarius,"24°28'22.19""",Jupiter,Gemini,"25°25'18.66""",180,179.051,0.949
2026-01-14 02:30:00,Aspect,Trine,Moon,Scorpio,"3°46'17.34""",Saturn,Pisces,"2°48'48.22""",120,119.0419,0.9581
2026-01-14 02:30:00,Aspect,Opposition,Mercury,Sagittarius,"24°29'22.59""",Jupiter,Gemini,"25°25'13.62""",180,179.0692,0.9308
2026-01-14 02:45:00,Aspect,Opposition,Mercury,Sagittarius,"24°30'22.99""",Jupiter,Gemini,"25°25'08.58""",180,179.0873,0.9127
2026-01-14 03:00:00,Aspect,Opposition,Mercury,Sagittarius,"24°31'23.39""",Jupiter,Gemini,"25°25'03.54""",180,179.1055,0.8945
2026-01-14 03:15:00,Aspect,Opposition,Mercury,Sagittarius,"24°32'23.80""",Jupiter,Gemini,"25°24'58.50""",180,179.1237,0.8763
2026-01-14 03:30:00,Aspect,Opposition,Mercury,Sagittarius,"24°33'24.21""",Jupiter,Gemini,"25°24'53.46""",180,179.1419,0.8581
2026-01-14 03:45:00,Aspect,Opposition,Mercury,Sagittarius,"24°34'24.63""",Jupiter,Gemini,"25°24'48.42""",180,179.1601,0.8399
2026-01-14 04:00:00,Aspect,Opposition,Mercury,Sagittarius,"24°35'25.04""",Jupiter,Gemini,"25°24'43.38""",180,179.1782,0.8218
2026-01-14 04:15:00,Aspect,Opposition,Mercury,Sagittarius,"24°36'25.46""",Jupiter,Gemini,"25°24'38.35""",180,179.1964,0.8036
2026-01-14 04:30:00,Aspect,Opposition,Mercury,Sagittarius,"24°37'25.89""",Jupiter,Gemini,"25°24'33.31""",180,179.2146,0.7854
2026-01-14 04:45:00,Aspect,Opposition,Mercury,Sagittarius,"24°38'26.31""",Jupiter,Gemini,"25°24'28.27""",180,179.2328,0.7672
2026-01-14 05:00:00,Aspect,Opposition,Mercury,Sagittarius,"24°39'26.74""",Jupiter,Gemini,"25°24'23.23""",180,179.251,0.749
2026-01-14 05:15:00,Aspect,Opposition,Mercury,Sagittarius,"24°40'27.18""",Jupiter,Gemini,"25°24'18.19""",180,179.2692,0.7308
2026-01-14 05:30:00,Aspect,Opposition,Mercury,Sagittarius,"24°41'27.61""",Jupiter,Gemini,"25°24'13.15""",180,179.2874,0.7126
2026-01-14 05:45:00,Aspect,Opposition,Mercury,Sagittarius,"24°42'28.05""",Jupiter,Gemini,"25°24'08.11""",180,179.3055,0.6945
2026-01-14 06:00:00,Aspect,Opposition,Mercury,Sagittarius,"24°43'28.49""",Jupiter,Gemini,"25°24'03.07""",180,179.3237,0.6763
2026-01-14 06:15:00,Aspect,Opposition,Mercury,Sagittarius,"24°44'28.94""",Jupiter,Gemini,"25°23'58.04""",180,179.3419,0.6581
2026-01-14 06:30:00,Aspect,Opposition,Mercury,Sagittarius,"24°45'29.39""",Jupiter,Gemini,"25°23'53.00""",180,179.3601,0.6399
2026-01-14 06:45:00,Aspect,Opposition,Mercury,Sagittarius,"24°46'29.84""",Jupiter,Gemini,"25°23'47.96""",180,179.3783,0.6217
2026-01-14 07:00:00,Aspect,Opposition,Mercury,Sagittarius,"24°47'30.29""",Jupiter,Gemini,"25°23'42.92""",180,179.3965,0.6035
2026-01-14 07:15:00,Aspect,Opposition,Mercury,Sagittarius,"24°48'30.75""",Jupiter,Gemini,"25°23'37.89""",180,179.4147,0.5853
2026-01-14 07:30:00,Aspect,Opposition,Mercury,Sagittarius,"24°49'31.21""",Jupiter,Gemini,"25°23'32.85""",180,179.4329,0.5671
2026-01-14 07:45:00,Aspect,Opposition,Mercury,Sagittarius,"24°50'31.68""",Jupiter,Gemini,"25°23'27.81""",180,179.4511,0.5489
2026-01-14 08:00:00,Aspect,Opposition,Mercury,Sagittarius,"24°51'32.14""",Jupiter,Gemini,"25°23'22.77""",180,179.4693,0.5307
2026-01-14 08:15:00,Aspect,Opposition,Mercury,Sagittarius,"24°52'32.61""",Jupiter,Gemini,"25°23'17.74""",180,179.4875,0.5125
2026-01-14 08:30:00,Aspect,Opposition,Mercury,Sagittarius,"24°53'33.09""",Jupiter,Gemini,"25°23'12.70""",180,179.5057,0.4943
2026-01-14 08:45:00,Aspect,Opposition,Mercury,Sagittarius,"24°54'33.56""",Jupiter,Gemini,"25°23'07.66""",180,179.5239,0.4761
2026-01-14 09:00:00,Aspect,Opposition,Mercury,Sagittarius,"24°55'34.04""",Jupiter,Gemini,"25°23'02.63""",180,179.5421,0.4579
2026-01-14 09:15:00,Aspect,Opposition,Mercury,Sagittarius,"24°56'34.53""",Jupiter,Gemini,"25°22'57.59""",180,179.5603,0.4397
2026-01-14 09:30:00,Aspect,Opposition,Mercury,Sagittarius,"24°57'35.01""",Jupiter,Gemini,"25°22'52.55""",180,179.5785,0.4215
2026-01-14 09:45:00,Aspect,Opposition,Mercury,Sagittarius,"24°58'35.50""",Jupiter,Gemini,"25°22'47.52""",180,179.5967,0.4033
2026-01-14 10:00:00,Aspect,Opposition,Mercury,Sagittarius,"24°59'35.99""",Jupiter,Gemini,"25°22'42.48""",180,179.6149,0.3851
2026-01-14 10:15:00,Aspect,Opposition,Mercury,Sagittarius,"25°00'36.49""",Jupiter,Gemini,"25°22'37.45""",180,179.6331,0.3669
2026-01-14 10:30:00,Aspect,Opposition,Mercury,Sagittarius,"25°01'36.99""",Jupiter,Gemini,"25°22'32.41""",180,179.6513,0.3487
2026-01-14 10:45:00,Aspect,Opposition,Mercury,Sagittarius,"25°02'37.49""",Jupiter,Gemini,"25°22'27.38""",180,179.6695,0.3305
2026-01-14 11:00:00,Aspect,Opposition,Mercury,Sagittarius,"25°03'37.99""",Jupiter,Gemini,"25°22'22.34""",180,179.6877,0.3123
2026-01-14 11:15:00,Aspect,Opposition,Mercury,Sagittarius,"25°04'38.50""",Jupiter,Gemini,"25°22'17.30""",180,179.7059,0.2941
2026-01-14 11:30:00,Aspect,Opposition,Mercury,Sagittarius,"25°05'39.01""",Jupiter,Gemini,"25°22'12.27""",180,179.7241,0.2759
2026-01-14 11:45:00,Aspect,Opposition,Mercury,Sagittarius,"25°06'39.53""",Jupiter,Gemini,"25°22'07.24""",180,179.7423,0.2577
2026-01-14 12:00:00,Aspect,Opposition,Mercury,Sagittarius,"25°07'40.05""",Jupiter,Gemini,"25°22'02.20""",180,179.7605,0.2395
2026-01-14 12:15:00,Aspect,Opposition,Mercury,Sagittarius,"25°08'40.57""",Jupiter,Gemini,"25°21'57.17""",180,179.7787,0.2213
2026-01-14 12:30:00,Aspect,Opposition,Mercury,Sagittarius,"25°09'41.09""",Jupiter,Gemini,"25°21'52.13""",180,179.7969,0.2031
2026-01-14 12:45:00,Aspect,Opposition,Mercury,Sagittarius,"25°10'41.62""",Jupiter,Gemini,"25°21'47.10""",180,179.8151,0.1849
2026-01-14 13:00:00,Aspect,Opposition,Mercury,Sagittarius,"25°11'42.15""",Jupiter,Gemini,"25°21'42.06""",180,179.8334,0.1666
2026-01-14 13:15:00,Aspect,Opposition,Mercury,Sagittarius,"25°12'42.68""",Jupiter,Gemini,"25°21'37.03""",180,179.8516,0.1484
2026-01-14 13:30:00,Aspect,Opposition,Mercury,Sagittarius,"25°13'43.22""",Jupiter,Gemini,"25°21'32.00""",180,179.8698,0.1302
2026-01-14 13:45:00,Aspect,Opposition,Mercury,Sagittarius,"25°14'43.76""",Jupiter,Gemini,"25°21'26.96""",180,179.888,0.112
2026-01-14 14:00:00,Aspect,Opposition,Mercury,Sagittarius,"25°15'44.30""",Jupiter,Gemini,"25°21'21.93""",180,179.9062,0.0938
2026-01-14 14:15:00,Aspect,Opposition,Mercury,Sagittarius,"25°16'44.85""",Jupiter,Gemini,"25°21'16.90""",180,179.9244,0.0756
2026-01-14 14:30:00,Aspect,Opposition,Mercury,Sagittarius,"25°17'45.39""",Jupiter,Gemini,"25°21'11.86""",180,179.9426,0.0574
2026-01-14 14:45:00,Aspect,Opposition,Mercury,Sagittarius,"25°18'45.95""",Jupiter,Gemini,"25°21'06.83""",180,179.9609,0.0391
2026-01-14 15:00:00,Aspect,Opposition,Mercury,Sagittarius,"25°19'46.50""",Jupiter,Gemini,"25°21'01.80""",180,179.9791,0.0209
2026-01-14 15:15:00,Aspect,Opposition,Mercury,Sagittarius,"25°20'47.06""",Jupiter,Gemini,"25°20'56.76""",180,179.9973,0.0027
2026-01-14 15:30:00,Aspect,Opposition,Mercury,Sagittarius,"25°21'47.62""",Jupiter,Gemini,"25°20'51.73""",180,179.9845,0.0155
2026-01-14 15:45:00,Aspect,Opposition,Mercury,Sagittarius,"25°22'48.19""",Jupiter,Gemini,"25°20'46.70""",180,179.9663,0.0337
2026-01-14 16:00:00,Aspect,Opposition,Mercury,Sagittarius,"25°23'48.76""",Jupiter,Gemini,"25°20'41.67""",180,179.948,0.052
2026-01-14 16:15:00,Aspect,Opposition,Mercury,Sagittarius,"25°24'49.33""",Jupiter,Gemini,"25°20'36.64""",180,179.9298,0.0702
2026-01-14 16:30:00,Aspect,Opposition,Mercury,Sagittarius,"25°25'49.90""",Jupiter,Gemini,"25°20'31.60""",180,179.9116,0.0884
2026-01-14 16:45:00,Aspect,Opposition,Mercury,Sagittarius,"25°26'50.48""",Jupiter,Gemini,"25°20'26.57""",180,179.8934,0.1066
2026-01-14 17:00:00,Aspect,Opposition,Mercury,Sagittarius,"25°27'51.06""",Jupiter,Gemini,"25°20'21.54""",180,179.8751,0.1249
2026-01-14 17:00:00,Aspect,Sextitle,Venus,Capricorn,"1°51'43.23""",Saturn,Pisces,"2°51'36.27""",60,60.9981,0.9981
2026-01-14 17:15:00,Aspect,Opposition,Mercury,Sagittarius,"25°28'51.64""",Jupiter,Gemini,"25°20'16.51""",180,179.8569,0.1431
2026-01-14 17:15:00,Aspect,Sextitle,Venus,Capricorn,"1°52'30.39""",Saturn,Pisces,"2°51'39.18""",60,60.9858,0.9858
2026-01-14 17:30:00,Aspect,Opposition,Mercury,Sagittarius,"25°29'52.23""",Jupiter,Gemini,"25°20'11.48""",180,179.8387,0.1613
2026-01-14 17:30:00,Aspect,Sextitle,Venus,Capricorn,"1°53'17.55""",Saturn,Pisces,"2°51'42.10""",60,60.9735,0.9735
2026-01-14 17:45:00,Aspect,Opposition,Mercury,Sagittarius,"25°30'52.82""",Jupiter,Gemini,"25°20'06.45""",180,179.8205,0.1795
2026-01-14 17:45:00,Aspect,Sextitle,Venus,Capricorn,"1°54'04.72""",Saturn,Pisces,"2°51'45.01""",60,60.9612,0.9612
2026-01-14 18:00:00,Aspect,Opposition,Mercury,Sagittarius,"25°31'53.41""",Jupiter,Gemini,"25°20'01.42""",180,179.8022,0.1978
2026-01-14 18:00:00,Aspect,Sextitle,Venus,Capricorn,"1°54'51.88""",Saturn,Pisces,"2°51'47.93""",60,60.9489,0.9489
2026-01-14 18:15:00,Aspect,Opposition,Mercury,Sagittarius,"25°32'54.01""",Jupiter,Gemini,"25°19'56.39""",180,179.784,0.216
2026-01-14 18:15:00,Aspect,Sextitle,Venus,Capricorn,"1°55'39.04""",Saturn,Pisces,"2°51'50.84""",60,60.9366,0.9366
2026-01-14 18:30:00,Aspect,Opposition,Mercury,Sagittarius,"25°33'54.61""",Jupiter,Gemini,"25°19'51.36""",180,179.7658,0.2342
2026-01-14 18:30:00,Aspect,Sextitle,Venus,Capricorn,"1°56'26.20""",Saturn,Pisces,"2°51'53.76""",60,60.9243,0.9243
2026-01-14 18:45:00,Aspect,Opposition,Mercury,Sagittarius,"25°34'55.21""",Jupiter,Gemini,"25°19'46.33""",180,179.7475,0.2525
2026-01-14 18:45:00,Aspect,Sextitle,Venus,Capricorn,"1°57'13.36""",Saturn,Pisces,"2°51'56.67""",60,60.912,0.912
2026-01-14 19:00:00,Aspect,Opposition,Mercury,Sagittarius,"25°35'55.82""",Jupiter,Gemini,"25°19'41.30""",180,179.7293,0.2707
2026-01-14 19:00:00,Aspect,Sextitle,Venus,Capricorn,"1°58'00.52""",Saturn,Pisces,"2°51'59.59""",60,60.8997,0.8997
2026-01-14 19:15:00,Aspect,Opposition,Mercury,Sagittarius,"25°36'56.43""",Jupiter,Gemini,"25°19'36.27""",180,179.7111,0.2889
2026-01-14 19:15:00,Aspect,Sextitle,Venus,Capricorn,"1°58'47.68""",Saturn,Pisces,"2°52'02.51""",60,60.8875,0.8875
2026-01-14 19:30:00,Aspect,Opposition,Mercury,Sagittarius,"25°37'57.04""",Jupiter,Gemini,"25°19'31.24""",180,179.6928,0.3072
2026-01-14 19:30:00,Aspect,Sextitle,Venus,Capricorn,"1°59'34.84""",Saturn,Pisces,"2°52'05.43""",60,60.8752,0.8752
2026-01-14 19:45:00,Aspect,Opposition,Mercury,Sagittarius,"25°38'57.66""",Jupiter,Gemini,"25°19'26.21""",180,179.6746,0.3254
2026-01-14 19:45:00,Aspect,Sextitle,Venus,Capricorn,"2°00'22.00""",Saturn,Pisces,"2°52'08.34""",60,60.8629,0.8629
2026-01-14 20:00:00,Aspect,Opposition,Mercury,Sagittarius,"25°39'58.28""",Jupiter,Gemini,"25°19'21.18""",180,179.6564,0.3436
2026-01-14 20:00:00,Aspect,Sextitle,Venus,Capricorn,"2°01'09.16""",Saturn,Pisces,"2°52'11.26""",60,60.8506,0.8506
2026-01-14 20:15:00,Aspect,Opposition,Mercury,Sagittarius,"25°40'58.90""",Jupiter,Gemini,"25°19'16.15""",180,179.6381,0.3619
2026-01-14 20:15:00,Aspect,Sextitle,Venus,Capricorn,"2°01'56.33""",Saturn,Pisces,"2°52'14.18""",60,60.8383,0.8383
2026-01-14 20:30:00,Aspect,Opposition,Mercury,Sagittarius,"25°41'59.52""",Jupiter,Gemini,"25°19'11.12""",180,179.6199,0.3801
2026-01-14 20:30:00,Aspect,Sextitle,Venus,Capricorn,"2°02'43.49""",Saturn,Pisces,"2°52'17.10""",60,60.826,0.826
2026-01-14 20:45:00,Aspect,Opposition,Mercury,Sagittarius,"25°43'00.15""",Jupiter,Gemini,"25°19'06.09""",180,179.6016,0.3984
2026-01-14 20:45:00,Aspect,Sextitle,Venus,Capricorn,"2°03'30.65""",Saturn,Pisces,"2°52'20.02""",60,60.8137,0.8137
2026-01-14 21:00:00,Aspect,Opposition,Mercury,Sagittarius,"25°44'00.78""",Jupiter,Gemini,"25°19'01.06""",180,179.5834,0.4166
2026-01-14 21:00:00,Aspect,Sextitle,Venus,Capricorn,"2°04'17.81""",Saturn,Pisces,"2°52'22.94""",60,60.8014,0.8014
2026-01-14 21:15:00,Aspect,Opposition,Mercury,Sagittarius,"25°45'01.42""",Jupiter,Gemini,"25°18'56.03""",180,179.5652,0.4348
2026-01-14 21:15:00,Aspect,Sextitle,Venus,Capricorn,"2°05'04.97""",Saturn,Pisces,"2°52'25.86""",60,60.7891,0.7891
2026-01-14 21:30:00,Aspect,Opposition,Mercury,Sagittarius,"25°46'02.06""",Jupiter,Gemini,"25°18'51.00""",180,179.5469,0.4531
2026-01-14 21:30:00,Aspect,Sextitle,Venus,Capricorn,"2°05'52.13""",Saturn,Pisces,"2°52'28.79""",60,60.7768,0.7768
2026-01-14 21:45:00,Aspect,Opposition,Mercury,Sagittarius,"25°47'02.70""",Jupiter,Gemini,"25°18'45.98""",180,179.5287,0.4713
2026-01-14 21:45:00,Aspect,Sextitle,Venus,Capricorn,"2°06'39.29""",Saturn,Pisces,"2°52'31.71""",60,60.7646,0.7646
2026-01-14 22:00:00,Aspect,Opposition,Mercury,Sagittarius,"25°48'03.34""",Jupiter,Gemini,"25°18'40.95""",180,179.5104,0.4896
2026-01-14 22:00:00,Aspect,Sextitle,Venus,Capricorn,"2°07'26.45""",Saturn,Pisces,"2°52'34.63""",60,60.7523,0.7523
2026-01-14 22:15:00,Aspect,Opposition,Mercury,Sagittarius,"25°49'03.99""",Jupiter,Gemini,"25°18'35.92""",180,179.4922,0.5078
2026-01-14 22:15:00,Aspect,Sextitle,Venus,Capricorn,"2°08'13.61""",Saturn,Pisces,"2°52'37.56""",60,60.74,0.74
2026-01-14 22:30:00,Aspect,Opposition,Mercury,Sagittarius,"25°50'04.64""",Jupiter,Gemini,"25°18'30.89""",180,179.474,0.526
2026-01-14 22:30:00,Aspect,Sextitle,Venus,Capricorn,"2°09'00.77""",Saturn,Pisces,"2°52'40.48""",60,60.7277,0.7277
2026-01-14 22:45:00,Aspect,Opposition,Mercury,Sagittarius,"25°51'05.30""",Jupiter,Gemini,"25°18'25.86""",180,179.4557,0.5443
2026-01-14 22:45:00,Aspect,Sextitle,Venus,Capricorn,"2°09'47.93""",Saturn,Pisces,"2°52'43.40""",60,60.7154,0.7154
2026-01-14 23:00:00,Aspect,Opposition,Mercury,Sagittarius,"25°52'05.95""",Jupiter,Gemini,"25°18'20.84""",180,179.4375,0.5625
2026-01-14 23:00:00,Aspect,Sextitle,Venus,Capricorn,"2°10'35.09""",Saturn,Pisces,"2°52'46.33""",60,60.7031,0.7031
2026-01-14 23:15:00,Aspect,Opposition,Mercury,Sagittarius,"25°53'06.61""",Jupiter,Gemini,"25°18'15.81""",180,179.4192,0.5808
2026-01-14 23:15:00,Aspect,Sextitle,Venus,Capricorn,"2°11'22.25""",Saturn,Pisces,"2°52'49.25""",60,60.6908,0.6908
2026-01-14 23:30:00,Aspect,Opposition,Mercury,Sagittarius,"25°54'07.28""",Jupiter,Gemini,"25°18'10.78""",180,179.401,0.599
2026-01-14 23:30:00,Aspect,Sextitle,Venus,Capricorn,"2°12'09.42""",Saturn,Pisces,"2°52'52.18""",60,60.6785,0.6785
2026-01-14 23:45:00,Aspect,Opposition,Mercury,Sagittarius,"25°55'07.94""",Jupiter,Gemini,"25°18'05.76""",180,179.3827,0.6173
2026-01-14 23:45:00,Aspect,Sextitle,Venus,Capricorn,"2°12'56.58""",Saturn,Pisces,"2°52'55.11""",60,60.6663,0.6663
2026-01-15 00:00:00,Aspect,Opposition,Mercury,Sagittarius,"25°56'08.61""",Jupiter,Gemini,"25°18'00.73""",180,179.3645,0.6355
2026-01-15 00:00:00,Aspect,Sextitle,Venus,Capricorn,"2°13'43.74""",Saturn,Pisces,"2°52'58.03""",60,60.654,0.654
2026-01-15 00:15:00,Aspect,Opposition,Mercury,Sagittarius,"25°57'09.29""",Jupiter,Gemini,"25°17'55.70""",180,179.3462,0.6538
2026-01-15 00:15:00,Aspect,Sextitle,Venus,Capricorn,"2°14'30.90""",Saturn,Pisces,"2°53'00.96""",60,60.6417,0.6417
2026-01-15 00:30:00,Aspect,Opposition,Mercury,Sagittarius,"25°58'09.96""",Jupiter,Gemini,"25°17'50.68""",180,179.328,0.672
2026-01-15 00:30:00,Aspect,Sextitle,Venus,Capricorn,"2°15'18.06""",Saturn,Pisces,"2°53'03.89""",60,60.6294,0.6294
2026-01-15 00:45:00,Aspect,Opposition,Mercury,Sagittarius,"25°59'10.64""",Jupiter,Gemini,"25°17'45.65""",180,179.3097,0.6903
2026-01-15 00:45:00,Aspect,Sextitle,Venus,Capricorn,"2°16'05.22""",Saturn,Pisces,"2°53'06.82""",60,60.6171,0.6171
2026-01-15 01:00:00,Aspect,Opposition,Mercury,Sagittarius,"26°00'11.33""",Jupiter,Gemini,"25°17'40.62""",180,179.2915,0.7085
2026-01-15 01:00:00,Aspect,Sextitle,Venus,Capricorn,"2°16'52.38""",Saturn,Pisces,"2°53'09.75""",60,60.6048,0.6048
2026-01-15 01:15:00,Aspect,Opposition,Mercury,Sagittarius,"26°01'12.01""",Jupiter,Gemini,"25°17'35.60""",180,179.2732,0.7268
2026-01-15 01:15:00,Aspect,Sextitle,Venus,Capricorn,"2°17'39.54""",Saturn,Pisces,"2°53'12.68""",60,60.5925,0.5925
2026-01-15 01:30:00,Aspect,Opposition,Mercury,Sagittarius,"26°02'12.70""",Jupiter,Gemini,"25°17'30.57""",180,179.255,0.745
2026-01-15 01:30:00,Aspect,Sextitle,Venus,Capricorn,"2°18'26.70""",Saturn,Pisces,"2°53'15.61""",60,60.5803,0.5803
2026-01-15 01:45:00,Aspect,Opposition,Mercury,Sagittarius,"26°03'13.39""",Jupiter,Gemini,"25°17'25.55""",180,179.2367,0.7633
2026-01-15 01:45:00,Aspect,Sextitle,Venus,Capricorn,"2°19'13.86""",Saturn,Pisces,"2°53'18.54""",60,60.568,0.568
2026-01-15 02:00:00,Aspect,Opposition,Mercury,Sagittarius,"26°04'14.09""",Jupiter,Gemini,"25°17'20.52""",180,179.2185,0.7815
2026-01-15 02:00:00,Aspect,Sextitle,Venus,Capricorn,"2°20'01.02""",Saturn,Pisces,"2°53'21.47""",60,60.5557,0.5557
2026-01-15 02:15:00,Aspect,Opposition,Mercury,Sagittarius,"26°05'14.79""",Jupiter,Gemini,"25°17'15.50""",180,179.2002,0.7998
2026-01-15 02:15:00,Aspect,Sextitle,Venus,Capricorn,"2°20'48.18""",Saturn,Pisces,"2°53'24.40""",60,60.5434,0.5434
2026-01-15 02:30:00,Aspect,Opposition,Mercury,Sagittarius,"26°06'15.49""",Jupiter,Gemini,"25°17'10.47""",180,179.1819,0.8181
2026-01-15 02:30:00,Aspect,Sextitle,Venus,Capricorn,"2°21'35.34""",Saturn,Pisces,"2°53'27.34""",60,60.5311,0.5311
2026-01-15 02:45:00,Aspect,Opposition,Mercury,Sagittarius,"26°07'16.20""",Jupiter,Gemini,"25°17'05.45""",180,179.1637,0.8363
2026-01-15 02:45:00,Aspect,Sextitle,Venus,Capricorn,"2°22'22.50""",Saturn,Pisces,"2°53'30.27""",60,60.5188,0.5188
2026-01-15 03:00:00,Aspect,Opposition,Mercury,Sagittarius,"26°08'16.90""",Jupiter,Gemini,"25°17'00.42""",180,179.1454,0.8546
2026-01-15 03:00:00,Aspect,Sextitle,Venus,Capricorn,"2°23'09.66""",Saturn,Pisces,"2°53'33.20""",60,60.5065,0.5065
2026-01-15 03:15:00,Aspect,Opposition,Mercury,Sagittarius,"26°09'17.62""",Jupiter,Gemini,"25°16'55.40""",180,179.1272,0.8728
2026-01-15 03:15:00,Aspect,Sextitle,Venus,Capricorn,"2°23'56.82""",Saturn,Pisces,"2°53'36.14""",60,60.4943,0.4943
2026-01-15 03:30:00,Aspect,Opposition,Mercury,Sagittarius,"26°10'18.33""",Jupiter,Gemini,"25°16'50.37""",180,179.1089,0.8911
2026-01-15 03:30:00,Aspect,Sextitle,Venus,Capricorn,"2°24'43.98""",Saturn,Pisces,"2°53'39.07""",60,60.482,0.482
2026-01-15 03:45:00,Aspect,Square,Moon,Scorpio,"16°15'42.42""",Rahu,Aquarius,"17°12'51.10""",90,90.9524,0.9524
2026-01-15 03:45:00,Aspect,Square,Moon,Scorpio,"16°15'42.42""",Ketu,Leo,"17°12'51.10""",90,89.0476,0.9524
2026-01-15 03:45:00,Aspect,Opposition,Mercury,Sagittarius,"26°11'19.05""",Jupiter,Gemini,"25°16'45.35""",180,179.0906,0.9094
2026-01-15 03:45:00,Aspect,Sextitle,Venus,Capricorn,"2°25'31.14""",Saturn,Pisces,"2°53'42.01""",60,60.4697,0.4697
2026-01-15 04:00:00,Aspect,Square,Moon,Scorpio,"16°23'09.00""",Rahu,Aquarius,"17°12'49.11""",90,90.8278,0.8278
2026-01-15 04:00:00,Aspect,Square,Moon,Scorpio,"16°23'09.00""",Ketu,Leo,"17°12'49.11""",90,89.1722,0.8278
2026-01-15 04:00:00,Aspect,Opposition,Mercury,Sagittarius,"26°12'19.77""",Jupiter,Gemini,"25°16'40.33""",180,179.0724,0.9276
2026-01-15 04:00:00,Aspect,Sextitle,Venus,Capricorn,"2°26'18.30""",Saturn,Pisces,"2°53'44.94""",60,60.4574,0.4574
2026-01-15 04:15:00,Aspect,Square,Moon,Scorpio,"16°30'35.62""",Rahu,Aquarius,"17°12'47.13""",90,90.7032,0.7032
2026-01-15 04:15:00,Aspect,Square,Moon,Scorpio,"16°30'35.62""",Ketu,Leo,"17°12'47.13""",90,89.2968,0.7032
2026-01-15 04:15:00,Aspect,Opposition,Mercury,Sagittarius,"26°13'20.49""",Jupiter,Gemini,"25°16'35.30""",180,179.0541,0.9459
2026-01-15 04:15:00,Aspect,Sextitle,Venus,Capricorn,"2°27'05.46""",Saturn,Pisces,"2°53'47.88""",60,60.4451,0.4451
2026-01-15 04:30:00,Aspect,Square,Moon,Scorpio,"16°38'02.28""",Rahu,Aquarius,"17°12'45.14""",90,90.5786,0.5786
2026-01-15 04:30:00,Aspect,Square,Moon,Scorpio,"16°38'02.28""",Ketu,Leo,"17°12'45.14""",90,89.4214,0.5786
2026-01-15 04:30:00,Aspect,Opposition,Mercury,Sagittarius,"26°14'21.22""",Jupiter,Gemini,"25°16'30.28""",180,179.0358,0.9642
2026-01-15 04:30:00,Aspect,Sextitle,Venus,Capricorn,"2°27'52.62""",Saturn,Pisces,"2°53'50.81""",60,60.4328,0.4328
2026-01-15 04:45:00,Aspect,Square,Moon,Scorpio,"16°45'28.97""",Rahu,Aquarius,"17°12'43.15""",90,90.4539,0.4539
2026-01-15 04:45:00,Aspect,Square,Moon,Scorpio,"16°45'28.97""",Ketu,Leo,"17°12'43.15""",90,89.5461,0.4539
2026-01-15 04:45:00,Aspect,Opposition,Mercury,Sagittarius,"26°15'21.95""",Jupiter,Gemini,"25°16'25.26""",180,179.0176,0.9824
2026-01-15 04:45:00,Aspect,Sextitle,Venus,Capricorn,"2°28'39.78""",Saturn,Pisces,"2°53'53.75""",60,60.4205,0.4205
2026-01-15 05:00:00,Aspect,Square,Moon,Scorpio,"16°52'55.69""",Rahu,Aquarius,"17°12'41.17""",90,90.3293,0.3293
2026-01-15 05:00:00,Aspect,Square,Moon,Scorpio,"16°52'55.69""",Ketu,Leo,"17°12'41.17""",90,89.6707,0.3293
2026-01-15 05:00:00,Aspect,Sextitle,Venus,Capricorn,"2°29'26.94""",Saturn,Pisces,"2°53'56.69""",60,60.4083,0.4083
2026-01-15 05:15:00,Aspect,Square,Moon,Scorpio,"17°00'22.45""",Rahu,Aquarius,"17°12'39.18""",90,90.2046,0.2046
2026-01-15 05:15:00,Aspect,Square,Moon,Scorpio,"17°00'22.45""",Ketu,Leo,"17°12'39.18""",90,89.7954,0.2046
2026-01-15 05:15:00,Aspect,Sextitle,Venus,Capricorn,"2°30'14.10""",Saturn,Pisces,"2°53'59.63""",60,60.396,0.396
2026-01-15 05:30:00,Aspect,Square,Moon,Scorpio,"17°07'49.25""",Rahu,Aquarius,"17°12'37.19""",90,90.08,0.08
2026-01-15 05:30:00,Aspect,Square,Moon,Scorpio,"17°07'49.25""",Ketu,Leo,"17°12'37.19""",90,89.92,0.08
2026-01-15 05:30:00,Aspect,Sextitle,Venus,Capricorn,"2°31'01.26""",Saturn,Pisces,"2°54'02.57""",60,60.3837,0.3837
2026-01-15 05:45:00,Aspect,Square,Moon,Scorpio,"17°15'16.08""",Rahu,Aquarius,"17°12'35.20""",90,89.9553,0.0447
2026-01-15 05:45:00,Aspect,Square,Moon,Scorpio,"17°15'16.08""",Ketu,Leo,"17°12'35.20""",90,90.0447,0.0447
2026-01-15 05:45:00,Aspect,Sextitle,Venus,Capricorn,"2°31'48.42""",Saturn,Pisces,"2°54'05.51""",60,60.3714,0.3714
2026-01-15 06:00:00,Aspect,Square,Moon,Scorpio,"17°22'42.94""",Rahu,Aquarius,"17°12'33.22""",90,89.8306,0.1694
2026-01-15 06:00:00,Aspect,Square,Moon,Scorpio,"17°22'42.94""",Ketu,Leo,"17°12'33.22""",90,90.1694,0.1694
2026-01-15 06:00:00,Aspect,Sextitle,Venus,Capricorn,"2°32'35.58""",Saturn,Pisces,"2°54'08.44""",60,60.3591,0.3591
2026-01-15 06:15:00,Aspect,Square,Moon,Scorpio,"17°30'09.84""",Rahu,Aquarius,"17°12'31.23""",90,89.7059,0.2941
2026-01-15 06:15:00,Aspect,Square,Moon,Scorpio,"17°30'09.84""",Ketu,Leo,"17°12'31.23""",90,90.2941,0.2941
2026-01-15 06:15:00,Aspect,Sextitle,Venus,Capricorn,"2°33'22.74""",Saturn,Pisces,"2°54'11.39""",60,60.3468,0.3468
2026-01-15 06:30:00,Aspect,Square,Moon,Scorpio,"17°37'36.78""",Rahu,Aquarius,"17°12'29.24""",90,89.5812,0.4188
2026-01-15 06:30:00,Aspect,Square,Moon,Scorpio,"17°37'36.78""",Ketu,Leo,"17°12'29.24""",90,90.4188,0.4188
2026-01-15 06:30:00,Aspect,Sextitle,Venus,Capricorn,"2°34'09.90""",Saturn,Pisces,"2°54'14.33""",60,60.3346,0.3346
2026-01-15 06:45:00,Aspect,Square,Moon,Scorpio,"17°45'03.76""",Rahu,Aquarius,"17°12'27.26""",90,89.4565,0.5435
2026-01-15 06:45:00,Aspect,Square,Moon,Scorpio,"17°45'03.76""",Ketu,Leo,"17°12'27.26""",90,90.5435,0.5435
2026-01-15 06:45:00,Aspect,Sextitle,Venus,Capricorn,"2°34'57.06""",Saturn,Pisces,"2°54'17.27""",60,60.3223,0.3223
2026-01-15 07:00:00,Aspect,Square,Moon,Scorpio,"17°52'30.77""",Rahu,Aquarius,"17°12'25.27""",90,89.3318,0.6682
2026-01-15 07:00:00,Aspect,Square,Moon,Scorpio,"17°52'30.77""",Ketu,Leo,"17°12'25.27""",90,90.6682,0.6682
2026-01-15 07:00:00,Aspect,Sextitle,Venus,Capricorn,"2°35'44.22""",Saturn,Pisces,"2°54'20.21""",60,60.31,0.31
2026-01-15 07:15:00,Aspect,Square,Moon,Scorpio,"17°59'57.82""",Rahu,Aquarius,"17°12'23.28""",90,89.2071,0.7929
2026-01-15 07:15:00,Aspect,Square,Moon,Scorpio,"17°59'57.82""",Ketu,Leo,"17°12'23.28""",90,90.7929,0.7929
2026-01-15 07:15:00,Aspect,Sextitle,Venus,Capricorn,"2°36'31.38""",Saturn,Pisces,"2°54'23.15""",60,60.2977,0.2977
2026-01-15 07:30:00,Aspect,Square,Moon,Scorpio,"18°07'24.90""",Rahu,Aquarius,"17°12'21.29""",90,89.0823,0.9177
2026-01-15 07:30:00,Aspect,Square,Moon,Scorpio,"18°07'24.90""",Ketu,Leo,"17°12'21.29""",90,90.9177,0.9177
2026-01-15 07:30:00,Aspect,Sextitle,Venus,Capricorn,"2°37'18.54""",Saturn,Pisces,"2°54'26.09""",60,60.2854,0.2854
2026-01-15 07:45:00,Aspect,Sextitle,Venus,Capricorn,"2°38'05.70""",Saturn,Pisces,"2°54'29.04""",60,60.2732,0.2732
2026-01-15 08:00:00,Aspect,Sextitle,Venus,Capricorn,"2°38'52.86""",Saturn,Pisces,"2°54'31.98""",60,60.2609,0.2609
2026-01-15 08:15:00,Aspect,Sextitle,Venus,Capricorn,"2°39'40.02""",Saturn,Pisces,"2°54'34.93""",60,60.2486,0.2486
2026-01-15 08:30:00,Aspect,Sextitle,Venus,Capricorn,"2°40'27.18""",Saturn,Pisces,"2°54'37.87""",60,60.2363,0.2363
2026-01-15 08:45:00,Aspect,Sextitle,Venus,Capricorn,"2°41'14.34""",Saturn,Pisces,"2°54'40.82""",60,60.224,0.224
2026-01-15 09:00:00,Aspect,Sextitle,Venus,Capricorn,"2°42'01.50""",Saturn,Pisces,"2°54'43.76""",60,60.2117,0.2117
2026-01-15 09:15:00,Aspect,Sextitle,Venus,Capricorn,"2°42'48.66""",Saturn,Pisces,"2°54'46.71""",60,60.1995,0.1995
2026-01-15 09:30:00,Aspect,Sextitle,Venus,Capricorn,"2°43'35.81""",Saturn,Pisces,"2°54'49.66""",60,60.1872,0.1872
2026-01-15 09:45:00,Aspect,Sextitle,Venus,Capricorn,"2°44'22.97""",Saturn,Pisces,"2°54'52.60""",60,60.1749,0.1749
2026-01-15 10:00:00,Aspect,Sextitle,Venus,Capricorn,"2°45'10.13""",Saturn,Pisces,"2°54'55.55""",60,60.1626,0.1626
2026-01-15 10:15:00,Aspect,Sextitle,Venus,Capricorn,"2°45'57.29""",Saturn,Pisces,"2°54'58.50""",60,60.1503,0.1503
2026-01-15 10:30:00,Aspect,Sextitle,Venus,Capricorn,"2°46'44.45""",Saturn,Pisces,"2°55'01.45""",60,60.1381,0.1381
2026-01-15 10:45:00,Aspect,Sextitle,Venus,Capricorn,"2°47'31.61""",Saturn,Pisces,"2°55'04.40""",60,60.1258,0.1258
2026-01-15 11:00:00,Aspect,Sextitle,Venus,Capricorn,"2°48'18.77""",Saturn,Pisces,"2°55'07.35""",60,60.1135,0.1135
2026-01-15 11:15:00,Aspect,Sextitle,Venus,Capricorn,"2°49'05.93""",Saturn,Pisces,"2°55'10.30""",60,60.1012,0.1012
2026-01-15 11:30:00,Aspect,Sextitle,Venus,Capricorn,"2°49'53.09""",Saturn,Pisces,"2°55'13.25""",60,60.0889,0.0889
2026-01-15 11:45:00,Aspect,Sextitle,Venus,Capricorn,"2°50'40.25""",Saturn,Pisces,"2°55'16.20""",60,60.0767,0.0767
2026-01-15 12:00:00,Aspect,Sextitle,Venus,Capricorn,"2°51'27.41""",Saturn,Pisces,"2°55'19.16""",60,60.0644,0.0644
2026-01-15 12:15:00,Aspect,Sextitle,Venus,Capricorn,"2°52'14.57""",Saturn,Pisces,"2°55'22.11""",60,60.0521,0.0521
2026-01-15 12:30:00,Aspect,Sextitle,Venus,Capricorn,"2°53'01.73""",Saturn,Pisces,"2°55'25.06""",60,60.0398,0.0398
2026-01-15 12:45:00,Aspect,Sextitle,Venus,Capricorn,"2°53'48.88""",Saturn,Pisces,"2°55'28.02""",60,60.0275,0.0275
2026-01-15 13:00:00,Aspect,Sextitle,Venus,Capricorn,"2°54'36.04""",Saturn,Pisces,"2°55'30.97""",60,60.0153,0.0153
2026-01-15 13:15:00,Aspect,Sextitle,Venus,Capricorn,"2°55'23.20""",Saturn,Pisces,"2°55'33.93""",60,60.003,0.003
2026-01-15 13:30:00,Aspect,Sextitle,Venus,Capricorn,"2°56'10.36""",Saturn,Pisces,"2°55'36.88""",60,59.9907,0.0093
2026-01-15 13:45:00,Aspect,Sextitle,Venus,Capricorn,"2°56'57.52""",Saturn,Pisces,"2°55'39.84""",60,59.9784,0.0216
2026-01-15 14:00:00,Aspect,Sextitle,Venus,Capricorn,"2°57'44.68""",Saturn,Pisces,"2°55'42.79""",60,59.9661,0.0339
2026-01-15 14:15:00,Aspect,Sextitle,Venus,Capricorn,"2°58'31.84""",Saturn,Pisces,"2°55'45.75""",60,59.9539,0.0461
2026-01-15 14:30:00,Aspect,Sextitle,Venus,Capricorn,"2°59'19.00""",Saturn,Pisces,"2°55'48.71""",60,59.9416,0.0584
2026-01-15 14:45:00,Aspect,Sextitle,Venus,Capricorn,"3°00'06.16""",Saturn,Pisces,"2°55'51.67""",60,59.9293,0.0707
2026-01-15 15:00:00,Aspect,Sextitle,Venus,Capricorn,"3°00'53.31""",Saturn,Pisces,"2°55'54.62""",60,59.917,0.083
2026-01-15 15:15:00,Aspect,Sextitle,Venus,Capricorn,"3°01'40.47""",Saturn,Pisces,"2°55'57.58""",60,59.9048,0.0952
2026-01-15 15:30:00,Aspect,Sextitle,Venus,Capricorn,"3°02'27.63""",Saturn,Pisces,"2°56'00.54""",60,59.8925,0.1075
2026-01-15 15:45:00,Aspect,Sextitle,Venus,Capricorn,"3°03'14.79""",Saturn,Pisces,"2°56'03.50""",60,59.8802,0.1198
2026-01-15 16:00:00,Aspect,Sextitle,Venus,Capricorn,"3°04'01.95""",Saturn,Pisces,"2°56'06.46""",60,59.8679,0.1321
2026-01-15 16:15:00,Aspect,Sextitle,Venus,Capricorn,"3°04'49.11""",Saturn,Pisces,"2°56'09.43""",60,59.8556,0.1444
2026-01-15 16:30:00,Aspect,Sextitle,Venus,Capricorn,"3°05'36.27""",Saturn,Pisces,"2°56'12.39""",60,59.8434,0.1566
2026-01-15 16:45:00,Aspect,Sextitle,Venus,Capricorn,"3°06'23.42""",Saturn,Pisces,"2°56'15.35""",60,59.8311,0.1689
2026-01-15 17:00:00,Aspect,Sextitle,Venus,Capricorn,"3°07'10.58""",Saturn,Pisces,"2°56'18.31""",60,59.8188,0.1812
2026-01-15 17:15:00,Aspect,Sextitle,Venus,Capricorn,"3°07'57.74""",Saturn,Pisces,"2°56'21.27""",60,59.8065,0.1935
2026-01-15 17:30:00,Aspect,Sextitle,Venus,Capricorn,"3°08'44.90""",Saturn,Pisces,"2°56'24.24""",60,59.7943,0.2057
2026-01-15 17:45:00,Aspect,Sextitle,Venus,Capricorn,"3°09'32.06""",Saturn,Pisces,"2°56'27.20""",60,59.782,0.218
2026-01-15 18:00:00,Aspect,Sextitle,Venus,Capricorn,"3°10'19.22""",Saturn,Pisces,"2°56'30.17""",60,59.7697,0.2303
2026-01-15 18:15:00,Aspect,Sextitle,Venus,Capricorn,"3°11'06.38""",Saturn,Pisces,"2°56'33.13""",60,59.7574,0.2426
2026-01-15 18:30:00,Aspect,Sextitle,Venus,Capricorn,"3°11'53.53""",Saturn,Pisces,"2°56'36.10""",60,59.7452,0.2548
2026-01-15 18:45:00,Aspect,Sextitle,Venus,Capricorn,"3°12'40.69""",Saturn,Pisces,"2°56'39.07""",60,59.7329,0.2671
2026-01-15 19:00:00,Aspect,Sextitle,Venus,Capricorn,"3°13'27.85""",Saturn,Pisces,"2°56'42.03""",60,59.7206,0.2794
2026-01-15 19:15:00,Aspect,Sextitle,Venus,Capricorn,"3°14'15.01""",Saturn,Pisces,"2°56'45.00""",60,59.7083,0.2917
2026-01-15 19:30:00,Aspect,Sextitle,Venus,Capricorn,"3°15'02.17""",Saturn,Pisces,"2°56'47.97""",60,59.6961,0.3039
2026-01-15 19:45:00,Aspect,Sextitle,Venus,Capricorn,"3°15'49.33""",Saturn,Pisces,"2°56'50.94""",60,59.6838,0.3162
2026-01-15 20:00:00,Aspect,Sextitle,Venus,Capricorn,"3°16'36.48""",Saturn,Pisces,"2°56'53.90""",60,59.6715,0.3285
2026-01-15 20:15:00,Aspect,Sextitle,Venus,Capricorn,"3°17'23.64""",Saturn,Pisces,"2°56'56.87""",60,59.6592,0.3408
2026-01-15 20:30:00,Aspect,Sextitle,Venus,Capricorn,"3°18'10.80""",Saturn,Pisces,"2°56'59.84""",60,59.647,0.353
2026-01-15 20:45:00,Aspect,Sextitle,Venus,Capricorn,"3°18'57.96""",Saturn,Pisces,"2°57'02.81""",60,59.6347,0.3653
2026-01-15 21:00:00,Aspect,Sextitle,Venus,Capricorn,"3°19'45.12""",Saturn,Pisces,"2°57'05.79""",60,59.6224,0.3776
2026-01-15 21:15:00,Aspect,Sextitle,Venus,Capricorn,"3°20'32.27""",Saturn,Pisces,"2°57'08.76""",60,59.6101,0.3899
2026-01-15 21:30:00,Aspect,Sextitle,Venus,Capricorn,"3°21'19.43""",Saturn,Pisces,"2°57'11.73""",60,59.5979,0.4021
2026-01-15 21:45:00,Aspect,Sextitle,Venus,Capricorn,"3°22'06.59""",Saturn,Pisces,"2°57'14.70""",60,59.5856,0.4144
2026-01-15 22:00:00,Aspect,Sextitle,Venus,Capricorn,"3°22'53.75""",Saturn,Pisces,"2°57'17.68""",60,59.5733,0.4267
2026-01-15 22:15:00,Aspect,Sextitle,Venus,Capricorn,"3°23'40.91""",Saturn,Pisces,"2°57'20.65""",60,59.561,0.439
2026-01-15 22:30:00,Aspect,Sextitle,Venus,Capricorn,"3°24'28.06""",Saturn,Pisces,"2°57'23.62""",60,59.5488,0.4512
2026-01-15 22:45:00,Aspect,Sextitle,Venus,Capricorn,"3°25'15.22""",Saturn,Pisces,"2°57'26.60""",60,59.5365,0.4635
2026-01-15 23:00:00,Aspect,Sextitle,Venus,Capricorn,"3°26'02.38""",Saturn,Pisces,"2°57'29.57""",60,59.5242,0.4758
2026-01-15 23:15:00,Aspect,Sextitle,Venus,Capricorn,"3°26'49.54""",Saturn,Pisces,"2°57'32.55""",60,59.5119,0.4881
2026-01-15 23:30:00,Aspect,Sextitle,Venus,Capricorn,"3°27'36.69""",Saturn,Pisces,"2°57'35.52""",60,59.4997,0.5003
2026-01-15 23:45:00,Aspect,Sextitle,Venus,Capricorn,"3°28'23.85""",Saturn,Pisces,"2°57'38.50""",60,59.4874,0.5126
2026-01-16 00:00:00,Aspect,Sextitle,Venus,Capricorn,"3°29'11.01""",Saturn,Pisces,"2°57'41.48""",60,59.4751,0.5249
2026-01-16 00:15:00,Aspect,Sextitle,Venus,Capricorn,"3°29'58.17""",Saturn,Pisces,"2°57'44.46""",60,59.4629,0.5371
2026-01-16 00:30:00,Aspect,Sextitle,Venus,Capricorn,"3°30'45.32""",Saturn,Pisces,"2°57'47.43""",60,59.4506,0.5494
2026-01-16 00:45:00,Aspect,Sextitle,Venus,Capricorn,"3°31'32.48""",Saturn,Pisces,"2°57'50.41""",60,59.4383,0.5617
2026-01-16 01:00:00,Aspect,Sextitle,Venus,Capricorn,"3°32'19.64""",Saturn,Pisces,"2°57'53.39""",60,59.426,0.574
2026-01-16 01:15:00,Aspect,Sextitle,Venus,Capricorn,"3°33'06.80""",Saturn,Pisces,"2°57'56.37""",60,59.4138,0.5862
2026-01-16 01:30:00,Aspect,Sextitle,Venus,Capricorn,"3°33'53.95""",Saturn,Pisces,"2°57'59.35""",60,59.4015,0.5985
2026-01-16 01:45:00,Aspect,Sextitle,Venus,Capricorn,"3°34'41.11""",Saturn,Pisces,"2°58'02.33""",60,59.3892,0.6108
2026-01-16 02:00:00,Aspect,Sextitle,Venus,Capricorn,"3°35'28.27""",Saturn,Pisces,"2°58'05.32""",60,59.377,0.623
2026-01-16 02:15:00,Aspect,Sextitle,Venus,Capricorn,"3°36'15.43""",Saturn,Pisces,"2°58'08.30""",60,59.3647,0.6353
2026-01-16 02:30:00,Aspect,Sextitle,Venus,Capricorn,"3°37'02.58""",Saturn,Pisces,"2°58'11.28""",60,59.3524,0.6476
2026-01-16 02:45:00,Aspect,Sextitle,Venus,Capricorn,"3°37'49.74""",Saturn,Pisces,"2°58'14.26""",60,59.3401,0.6599
2026-01-16 03:00:00,Aspect,Sextitle,Venus,Capricorn,"3°38'36.90""",Saturn,Pisces,"2°58'17.25""",60,59.3279,0.6721
2026-01-16 03:15:00,Aspect,Sextitle,Venus,Capricorn,"3°39'24.06""",Saturn,Pisces,"2°58'20.23""",60,59.3156,0.6844
2026-01-16 03:30:00,Aspect,Sextitle,Venus,Capricorn,"3°40'11.21""",Saturn,Pisces,"2°58'23.21""",60,59.3033,0.6967
2026-01-16 03:45:00,Aspect,Sextitle,Venus,Capricorn,"3°40'58.37""",Saturn,Pisces,"2°58'26.20""",60,59.2911,0.7089
2026-01-16 04:00:00,Aspect,Sextitle,Venus,Capricorn,"3°41'45.53""",Saturn,Pisces,"2°58'29.18""",60,59.2788,0.7212
2026-01-16 04:15:00,Aspect,Sextitle,Venus,Capricorn,"3°42'32.68""",Saturn,Pisces,"2°58'32.17""",60,59.2665,0.7335
2026-01-16 04:30:00,Aspect,Sextitle,Venus,Capricorn,"3°43'19.84""",Saturn,Pisces,"2°58'35.16""",60,59.2543,0.7457
2026-01-16 04:45:00,Aspect,Sextitle,Venus,Capricorn,"3°44'07.00""",Saturn,Pisces,"2°58'38.14""",60,59.242,0.758
2026-01-16 05:00:00,Aspect,Sextitle,Venus,Capricorn,"3°44'54.16""",Saturn,Pisces,"2°58'41.13""",60,59.2297,0.7703
2026-01-16 05:15:00,Aspect,Sextitle,Venus,Capricorn,"3°45'41.31""",Saturn,Pisces,"2°58'44.12""",60,59.2174,0.7826
2026-01-16 05:30:00,Aspect,Sextitle,Venus,Capricorn,"3°46'28.47""",Saturn,Pisces,"2°58'47.11""",60,59.2052,0.7948
2026-01-16 05:45:00,Aspect,Sextitle,Venus,Capricorn,"3°47'15.63""",Saturn,Pisces,"2°58'50.10""",60,59.1929,0.8071
2026-01-16 06:00:00,Aspect,Sextitle,Venus,Capricorn,"3°48'02.78""",Saturn,Pisces,"2°58'53.09""",60,59.1806,0.8194
2026-01-16 06:15:00,Aspect,Sextitle,Venus,Capricorn,"3°48'49.94""",Saturn,Pisces,"2°58'56.08""",60,59.1684,0.8316
2026-01-16 06:30:00,Aspect,Sextitle,Venus,Capricorn,"3°49'37.10""",Saturn,Pisces,"2°58'59.07""",60,59.1561,0.8439
2026-01-16 06:45:00,Aspect,Sextitle,Venus,Capricorn,"3°50'24.25""",Saturn,Pisces,"2°59'02.06""",60,59.1438,0.8562
2026-01-16 07:00:00,Aspect,Sextitle,Venus,Capricorn,"3°51'11.41""",Saturn,Pisces,"2°59'05.05""",60,59.1316,0.8684
2026-01-16 07:15:00,Aspect,Sextitle,Venus,Capricorn,"3°51'58.57""",Saturn,Pisces,"2°59'08.04""",60,59.1193,0.8807
2026-01-16 07:30:00,Aspect,Sextitle,Venus,Capricorn,"3°52'45.72""",Saturn,Pisces,"2°59'11.04""",60,59.107,0.893
2026-01-16 07:45:00,Aspect,Sextitle,Venus,Capricorn,"3°53'32.88""",Saturn,Pisces,"2°59'14.03""",60,59.0948,0.9052
2026-01-16 08:00:00,Aspect,Sextitle,Venus,Capricorn,"3°54'20.04""",Saturn,Pisces,"2°59'17.02""",60,59.0825,0.9175
2026-01-16 08:15:00,Aspect,Sextitle,Venus,Capricorn,"3°55'07.19""",Saturn,Pisces,"2°59'20.02""",60,59.0702,0.9298
2026-01-16 08:30:00,Aspect,Sextitle,Venus,Capricorn,"3°55'54.35""",Saturn,Pisces,"2°59'23.01""",60,59.058,0.942
2026-01-16 08:45:00,Aspect,Sextitle,Venus,Capricorn,"3°56'41.51""",Saturn,Pisces,"2°59'26.01""",60,59.0457,0.9543
2026-01-16 09:00:00,Aspect,Sextitle,Venus,Capricorn,"3°57'28.66""",Saturn,Pisces,"2°59'29.00""",60,59.0334,0.9666
2026-01-16 09:15:00,Aspect,Sextitle,Venus,Capricorn,"3°58'15.82""",Saturn,Pisces,"2°59'32.00""",60,59.0212,0.9788
2026-01-16 09:30:00,Aspect,Sextitle,Venus,Capricorn,"3°59'02.98""",Saturn,Pisces,"2°59'35.00""",60,59.0089,0.9911
2026-01-16 11:30:00,Aspect,Square,Moon,Sagittarius,"2°06'33.06""",Saturn,Pisces,"2°59'58.99""",90,90.8905,0.8905
2026-01-16 11:45:00,Aspect,Square,Moon,Sagittarius,"2°14'05.38""",Saturn,Pisces,"3°00'01.99""",90,90.7657,0.7657
2026-01-16 12:00:00,Aspect,Square,Moon,Sagittarius,"2°21'37.76""",Saturn,Pisces,"3°00'04.99""",90,90.6409,0.6409
2026-01-16 12:15:00,Aspect,Square,Moon,Sagittarius,"2°29'10.19""",Saturn,Pisces,"3°00'08.00""",90,90.5161,0.5161
2026-01-16 12:30:00,Aspect,Square,Moon,Sagittarius,"2°36'42.67""",Saturn,Pisces,"3°00'11.00""",90,90.3912,0.3912
2026-01-16 12:45:00,Aspect,Square,Moon,Sagittarius,"2°44'15.21""",Saturn,Pisces,"3°00'14.00""",90,90.2663,0.2663
2026-01-16 13:00:00,Aspect,Square,Moon,Sagittarius,"2°51'47.81""",Saturn,Pisces,"3°00'17.01""",90,90.1414,0.1414
2026-01-16 13:15:00,Aspect,Square,Moon,Sagittarius,"2°59'20.46""",Saturn,Pisces,"3°00'20.01""",90,90.0165,0.0165
2026-01-16 13:30:00,Aspect,Square,Moon,Sagittarius,"3°06'53.17""",Saturn,Pisces,"3°00'23.02""",90,89.8916,0.1084
2026-01-16 13:45:00,Aspect,Square,Moon,Sagittarius,"3°14'25.93""",Saturn,Pisces,"3°00'26.02""",90,89.7667,0.2333
2026-01-16 14:00:00,Aspect,Square,Moon,Sagittarius,"3°21'58.75""",Saturn,Pisces,"3°00'29.03""",90,89.6417,0.3583
2026-01-16 14:15:00,Aspect,Square,Moon,Sagittarius,"3°29'31.62""",Saturn,Pisces,"3°00'32.04""",90,89.5168,0.4832
2026-01-16 14:30:00,Aspect,Square,Moon,Sagittarius,"3°37'04.55""",Saturn,Pisces,"3°00'35.04""",90,89.3918,0.6082
2026-01-16 14:45:00,Aspect,Square,Moon,Sagittarius,"3°44'37.54""",Saturn,Pisces,"3°00'38.05""",90,89.2668,0.7332
2026-01-16 15:00:00,Aspect,Square,Moon,Sagittarius,"3°52'10.58""",Saturn,Pisces,"3°00'41.06""",90,89.1418,0.8582
2026-01-16 15:15:00,Aspect,Square,Moon,Sagittarius,"3°59'43.67""",Saturn,Pisces,"3°00'44.07""",90,89.0168,0.9832
2026-01-16 16:15:00,Aspect,Sextitle,Sun,Capricorn,"2°01'18.06""",Saturn,Pisces,"3°00'56.11""",60,60.9939,0.9939
2026-01-16 16:30:00,Aspect,Sextitle,Sun,Capricorn,"2°01'56.26""",Saturn,Pisces,"3°00'59.12""",60,60.9841,0.9841
2026-01-16 16:45:00,Aspect,Sextitle,Sun,Capricorn,"2°02'34.46""",Saturn,Pisces,"3°01'02.13""",60,60.9744,0.9744
2026-01-16 17:00:00,Aspect,Sextitle,Sun,Capricorn,"2°03'12.66""",Saturn,Pisces,"3°01'05.14""",60,60.9646,0.9646
2026-01-16 17:15:00,Aspect,Sextitle,Sun,Capricorn,"2°03'50.86""",Saturn,Pisces,"3°01'08.16""",60,60.9548,0.9548
2026-01-16 17:30:00,Aspect,Sextitle,Sun,Capricorn,"2°04'29.06""",Saturn,Pisces,"3°01'11.17""",60,60.945,0.945
2026-01-16 17:45:00,Aspect,Sextitle,Sun,Capricorn,"2°05'07.26""",Saturn,Pisces,"3°01'14.18""",60,60.9353,0.9353
2026-01-16 18:00:00,Aspect,Sextitle,Sun,Capricorn,"2°05'45.46""",Saturn,Pisces,"3°01'17.20""",60,60.9255,0.9255
2026-01-16 18:15:00,Aspect,Sextitle,Sun,Capricorn,"2°06'23.65""",Saturn,Pisces,"3°01'20.21""",60,60.9157,0.9157
2026-01-16 18:30:00,Aspect,Sextitle,Sun,Capricorn,"2°07'01.85""",Saturn,Pisces,"3°01'23.23""",60,60.9059,0.9059
2026-01-16 18:45:00,Aspect,Sextitle,Sun,Capricorn,"2°07'40.05""",Saturn,Pisces,"3°01'26.24""",60,60.8962,0.8962
2026-01-16 19:00:00,Aspect,Sextitle,Sun,Capricorn,"2°08'18.25""",Saturn,Pisces,"3°01'29.26""",60,60.8864,0.8864
2026-01-16 19:15:00,Aspect,Sextitle,Sun,Capricorn,"2°08'56.45""",Saturn,Pisces,"3°01'32.28""",60,60.8766,0.8766
2026-01-16 19:30:00,Aspect,Sextitle,Sun,Capricorn,"2°09'34.65""",Saturn,Pisces,"3°01'35.29""",60,60.8668,0.8668
2026-01-16 19:45:00,Aspect,Sextitle,Sun,Capricorn,"2°10'12.85""",Saturn,Pisces,"3°01'38.31""",60,60.8571,0.8571
2026-01-16 20:00:00,Aspect,Sextitle,Sun,Capricorn,"2°10'51.05""",Saturn,Pisces,"3°01'41.33""",60,60.8473,0.8473
2026-01-16 20:15:00,Aspect,Sextitle,Sun,Capricorn,"2°11'29.25""",Saturn,Pisces,"3°01'44.35""",60,60.8375,0.8375
2026-01-16 20:30:00,Aspect,Sextitle,Sun,Capricorn,"2°12'07.45""",Saturn,Pisces,"3°01'47.37""",60,60.8278,0.8278
2026-01-16 20:45:00,Aspect,Sextitle,Sun,Capricorn,"2°12'45.65""",Saturn,Pisces,"3°01'50.39""",60,60.818,0.818
2026-01-16 21:00:00,Aspect,Sextitle,Sun,Capricorn,"2°13'23.85""",Saturn,Pisces,"3°01'53.41""",60,60.8082,0.8082
2026-01-16 21:15:00,Aspect,Sextitle,Sun,Capricorn,"2°14'02.04""",Saturn,Pisces,"3°01'56.43""",60,60.7984,0.7984
2026-01-16 21:30:00,Aspect,Sextitle,Sun,Capricorn,"2°14'40.24""",Saturn,Pisces,"3°01'59.45""",60,60.7887,0.7887
2026-01-16 21:45:00,Aspect,Sextitle,Sun,Capricorn,"2°15'18.44""",Saturn,Pisces,"3°02'02.47""",60,60.7789,0.7789
2026-01-16 22:00:00,Aspect,Sextitle,Sun,Capricorn,"2°15'56.64""",Saturn,Pisces,"3°02'05.50""",60,60.7691,0.7691
2026-01-16 22:15:00,Aspect,Sextitle,Sun,Capricorn,"2°16'34.84""",Saturn,Pisces,"3°02'08.52""",60,60.7594,0.7594
2026-01-16 22:30:00,Aspect,Sextitle,Sun,Capricorn,"2°17'13.04""",Saturn,Pisces,"3°02'11.54""",60,60.7496,0.7496
2026-01-16 22:45:00,Aspect,Sextitle,Sun,Capricorn,"2°17'51.24""",Saturn,Pisces,"3°02'14.57""",60,60.7398,0.7398
2026-01-16 23:00:00,Aspect,Sextitle,Sun,Capricorn,"2°18'29.44""",Saturn,Pisces,"3°02'17.59""",60,60.73,0.73
2026-01-16 23:15:00,Aspect,Sextitle,Sun,Capricorn,"2°19'07.63""",Saturn,Pisces,"3°02'20.62""",60,60.7203,0.7203
2026-01-16 23:30:00,Aspect,Sextitle,Sun,Capricorn,"2°19'45.83""",Saturn,Pisces,"3°02'23.64""",60,60.7105,0.7105
2026-01-16 23:45:00,Aspect,Sextitle,Sun,Capricorn,"2°20'24.03""",Saturn,Pisces,"3°02'26.67""",60,60.7007,0.7007
2026-01-17 00:00:00,Aspect,Sextitle,Sun,Capricorn,"2°21'02.23""",Saturn,Pisces,"3°02'29.69""",60,60.691,0.691
2026-01-17 00:15:00,Aspect,Sextitle,Sun,Capricorn,"2°21'40.43""",Saturn,Pisces,"3°02'32.72""",60,60.6812,0.6812
2026-01-17 00:30:00,Aspect,Sextitle,Sun,Capricorn,"2°22'18.63""",Saturn,Pisces,"3°02'35.75""",60,60.6714,0.6714
2026-01-17 00:45:00,Aspect,Sextitle,Sun,Capricorn,"2°22'56.82""",Saturn,Pisces,"3°02'38.78""",60,60.6617,0.6617
2026-01-17 01:00:00,Aspect,Sextitle,Sun,Capricorn,"2°23'35.02""",Saturn,Pisces,"3°02'41.81""",60,60.6519,0.6519
2026-01-17 01:15:00,Aspect,Sextitle,Sun,Capricorn,"2°24'13.22""",Saturn,Pisces,"3°02'44.84""",60,60.6421,0.6421
2026-01-17 01:30:00,Aspect,Sextitle,Sun,Capricorn,"2°24'51.42""",Saturn,Pisces,"3°02'47.87""",60,60.6323,0.6323
2026-01-17 01:45:00,Aspect,Sextitle,Sun,Capricorn,"2°25'29.62""",Saturn,Pisces,"3°02'50.90""",60,60.6226,0.6226
2026-01-17 02:00:00,Aspect,Sextitle,Sun,Capricorn,"2°26'07.82""",Saturn,Pisces,"3°02'53.93""",60,60.6128,0.6128
2026-01-17 02:15:00,Aspect,Sextitle,Sun,Capricorn,"2°26'46.01""",Saturn,Pisces,"3°02'56.96""",60,60.603,0.603
2026-01-17 02:30:00,Aspect,Sextitle,Sun,Capricorn,"2°27'24.21""",Saturn,Pisces,"3°02'59.99""",60,60.5933,0.5933
2026-01-17 02:45:00,Aspect,Sextitle,Sun,Capricorn,"2°28'02.41""",Saturn,Pisces,"3°03'03.02""",60,60.5835,0.5835
2026-01-17 03:00:00,Aspect,Sextitle,Sun,Capricorn,"2°28'40.61""",Saturn,Pisces,"3°03'06.05""",60,60.5737,0.5737
2026-01-17 03:15:00,Aspect,Sextitle,Sun,Capricorn,"2°29'18.81""",Saturn,Pisces,"3°03'09.09""",60,60.564,0.564
2026-01-17 03:30:00,Aspect,Sextitle,Sun,Capricorn,"2°29'57.00""",Saturn,Pisces,"3°03'12.12""",60,60.5542,0.5542
2026-01-17 03:45:00,Aspect,Sextitle,Sun,Capricorn,"2°30'35.20""",Saturn,Pisces,"3°03'15.16""",60,60.5444,0.5444
2026-01-17 04:00:00,Aspect,Sextitle,Sun,Capricorn,"2°31'13.40""",Saturn,Pisces,"3°03'18.19""",60,60.5347,0.5347
2026-01-17 04:15:00,Aspect,Sextitle,Sun,Capricorn,"2°31'51.60""",Saturn,Pisces,"3°03'21.23""",60,60.5249,0.5249
2026-01-17 04:30:00,Aspect,Sextitle,Sun,Capricorn,"2°32'29.79""",Saturn,Pisces,"3°03'24.26""",60,60.5151,0.5151
2026-01-17 04:45:00,Aspect,Sextitle,Sun,Capricorn,"2°33'07.99""",Saturn,Pisces,"3°03'27.30""",60,60.5054,0.5054
2026-01-17 05:00:00,Aspect,Sextitle,Sun,Capricorn,"2°33'46.19""",Saturn,Pisces,"3°03'30.33""",60,60.4956,0.4956
2026-01-17 05:15:00,Aspect,Sextitle,Sun,Capricorn,"2°34'24.39""",Saturn,Pisces,"3°03'33.37""",60,60.4858,0.4858
2026-01-17 05:30:00,Aspect,Sextitle,Sun,Capricorn,"2°35'02.58""",Saturn,Pisces,"3°03'36.41""",60,60.4761,0.4761
2026-01-17 05:45:00,Aspect,Sextitle,Sun,Capricorn,"2°35'40.78""",Saturn,Pisces,"3°03'39.45""",60,60.4663,0.4663
2026-01-17 06:00:00,Aspect,Sextitle,Sun,Capricorn,"2°36'18.98""",Saturn,Pisces,"3°03'42.49""",60,60.4565,0.4565
2026-01-17 06:15:00,Aspect,Sextitle,Sun,Capricorn,"2°36'57.18""",Saturn,Pisces,"3°03'45.53""",60,60.4468,0.4468
2026-01-17 06:30:00,Aspect,Sextitle,Sun,Capricorn,"2°37'35.37""",Saturn,Pisces,"3°03'48.57""",60,60.437,0.437
2026-01-17 06:45:00,Aspect,Sextitle,Sun,Capricorn,"2°38'13.57""",Saturn,Pisces,"3°03'51.61""",60,60.4272,0.4272
2026-01-17 07:00:00,Aspect,Sextitle,Sun,Capricorn,"2°38'51.77""",Saturn,Pisces,"3°03'54.65""",60,60.4175,0.4175
2026-01-17 07:15:00,Aspect,Sextitle,Sun,Capricorn,"2°39'29.97""",Saturn,Pisces,"3°03'57.69""",60,60.4077,0.4077
2026-01-17 07:30:00,Aspect,Sextitle,Sun,Capricorn,"2°40'08.16""",Saturn,Pisces,"3°04'00.73""",60,60.3979,0.3979
2026-01-17 07:45:00,Aspect,Sextitle,Sun,Capricorn,"2°40'46.36""",Saturn,Pisces,"3°04'03.77""",60,60.3882,0.3882
2026-01-17 08:00:00,Aspect,Sextitle,Sun,Capricorn,"2°41'24.56""",Saturn,Pisces,"3°04'06.82""",60,60.3784,0.3784
2026-01-17 08:15:00,Aspect,Sextitle,Sun,Capricorn,"2°42'02.75""",Saturn,Pisces,"3°04'09.86""",60,60.3686,0.3686
2026-01-17 08:30:00,Aspect,Sextitle,Sun,Capricorn,"2°42'40.95""",Saturn,Pisces,"3°04'12.90""",60,60.3589,0.3589
2026-01-17 08:45:00,Aspect,Sextitle,Sun,Capricorn,"2°43'19.15""",Saturn,Pisces,"3°04'15.95""",60,60.3491,0.3491
2026-01-17 09:00:00,Aspect,Sextitle,Sun,Capricorn,"2°43'57.35""",Saturn,Pisces,"3°04'18.99""",60,60.3393,0.3393
2026-01-17 09:15:00,Aspect,Sextitle,Sun,Capricorn,"2°44'35.54""",Saturn,Pisces,"3°04'22.04""",60,60.3296,0.3296
2026-01-17 09:30:00,Aspect,Sextitle,Sun,Capricorn,"2°45'13.74""",Saturn,Pisces,"3°04'25.08""",60,60.3198,0.3198
2026-01-17 09:45:00,Aspect,Sextitle,Sun,Capricorn,"2°45'51.94""",Saturn,Pisces,"3°04'28.13""",60,60.3101,0.3101
2026-01-17 10:00:00,Aspect,Sextitle,Sun,Capricorn,"2°46'30.13""",Saturn,Pisces,"3°04'31.18""",60,60.3003,0.3003
2026-01-17 10:15:00,Aspect,Sextitle,Sun,Capricorn,"2°47'08.33""",Saturn,Pisces,"3°04'34.23""",60,60.2905,0.2905
2026-01-17 10:30:00,Aspect,Sextitle,Sun,Capricorn,"2°47'46.53""",Saturn,Pisces,"3°04'37.27""",60,60.2808,0.2808
2026-01-17 10:45:00,Aspect,Sextitle,Sun,Capricorn,"2°48'24.72""",Saturn,Pisces,"3°04'40.32""",60,60.271,0.271
2026-01-17 11:00:00,Aspect,Sextitle,Sun,Capricorn,"2°49'02.92""",Saturn,Pisces,"3°04'43.37""",60,60.2612,0.2612
2026-01-17 11:15:00,Aspect,Sextitle,Sun,Capricorn,"2°49'41.12""",Saturn,Pisces,"3°04'46.42""",60,60.2515,0.2515
2026-01-17 11:15:00,Aspect,Conjunction,Mercury,Sagittarius,"29°57'19.84""",Mars,Capricorn,"0°56'47.58""",0,0.991,0.991
2026-01-17 11:30:00,Aspect,Sextitle,Sun,Capricorn,"2°50'19.31""",Saturn,Pisces,"3°04'49.47""",60,60.2417,0.2417
2026-01-17 11:30:00,Aspect,Conjunction,Mercury,Sagittarius,"29°58'21.30""",Mars,Capricorn,"0°57'16.69""",0,0.9821,0.9821
2026-01-17 11:45:00,Aspect,Sextitle,Sun,Capricorn,"2°50'57.51""",Saturn,Pisces,"3°04'52.52""",60,60.2319,0.2319
2026-01-17 11:45:00,Aspect,Conjunction,Mercury,Sagittarius,"29°59'22.76""",Mars,Capricorn,"0°57'45.80""",0,0.9731,0.9731
2026-01-17 12:00:00,Aspect,Sextitle,Sun,Capricorn,"2°51'35.71""",Saturn,Pisces,"3°04'55.57""",60,60.2222,0.2222
2026-01-17 12:00:00,Aspect,Conjunction,Mercury,Capricorn,"0°00'24.23""",Mars,Capricorn,"0°58'14.92""",0,0.9641,0.9641
2026-01-17 12:15:00,Aspect,Sextitle,Sun,Capricorn,"2°52'13.90""",Saturn,Pisces,"3°04'58.62""",60,60.2124,0.2124
2026-01-17 12:15:00,Aspect,Conjunction,Mercury,Capricorn,"0°01'25.70""",Mars,Capricorn,"0°58'44.03""",0,0.9551,0.9551
2026-01-17 12:30:00,Aspect,Sextitle,Sun,Capricorn,"2°52'52.10""",Saturn,Pisces,"3°05'01.68""",60,60.2027,0.2027
2026-01-17 12:30:00,Aspect,Conjunction,Mercury,Capricorn,"0°02'27.17""",Mars,Capricorn,"0°59'13.15""",0,0.9461,0.9461
2026-01-17 12:45:00,Aspect,Sextitle,Sun,Capricorn,"2°53'30.29""",Saturn,Pisces,"3°05'04.73""",60,60.1929,0.1929
2026-01-17 12:45:00,Aspect,Conjunction,Mercury,Capricorn,"0°03'28.65""",Mars,Capricorn,"0°59'42.26""",0,0.9371,0.9371
2026-01-17 13:00:00,Aspect,Sextitle,Sun,Capricorn,"2°54'08.49""",Saturn,Pisces,"3°05'07.78""",60,60.1831,0.1831
2026-01-17 13:00:00,Aspect,Conjunction,Mercury,Capricorn,"0°04'30.12""",Mars,Capricorn,"1°00'11.37""",0,0.9281,0.9281
2026-01-17 13:15:00,Aspect,Sextitle,Sun,Capricorn,"2°54'46.69""",Saturn,Pisces,"3°05'10.84""",60,60.1734,0.1734
2026-01-17 13:15:00,Aspect,Conjunction,Mercury,Capricorn,"0°05'31.61""",Mars,Capricorn,"1°00'40.49""",0,0.9191,0.9191
2026-01-17 13:30:00,Aspect,Sextitle,Sun,Capricorn,"2°55'24.88""",Saturn,Pisces,"3°05'13.89""",60,60.1636,0.1636
2026-01-17 13:30:00,Aspect,Conjunction,Mercury,Capricorn,"0°06'33.09""",Mars,Capricorn,"1°01'09.60""",0,0.9101,0.9101
2026-01-17 13:45:00,Aspect,Sextitle,Sun,Capricorn,"2°56'03.08""",Saturn,Pisces,"3°05'16.94""",60,60.1539,0.1539
2026-01-17 13:45:00,Aspect,Conjunction,Mercury,Capricorn,"0°07'34.58""",Mars,Capricorn,"1°01'38.72""",0,0.9011,0.9011
2026-01-17 14:00:00,Aspect,Sextitle,Sun,Capricorn,"2°56'41.27""",Saturn,Pisces,"3°05'20.00""",60,60.1441,0.1441
2026-01-17 14:00:00,Aspect,Conjunction,Mercury,Capricorn,"0°08'36.08""",Mars,Capricorn,"1°02'07.83""",0,0.8922,0.8922
2026-01-17 14:15:00,Aspect,Sextitle,Sun,Capricorn,"2°57'19.47""",Saturn,Pisces,"3°05'23.06""",60,60.1343,0.1343
2026-01-17 14:15:00,Aspect,Conjunction,Mercury,Capricorn,"0°09'37.57""",Mars,Capricorn,"1°02'36.95""",0,0.8832,0.8832
2026-01-17 14:30:00,Aspect,Sextitle,Sun,Capricorn,"2°57'57.67""",Saturn,Pisces,"3°05'26.11""",60,60.1246,0.1246
2026-01-17 14:30:00,Aspect,Conjunction,Mercury,Capricorn,"0°10'39.07""",Mars,Capricorn,"1°03'06.07""",0,0.8742,0.8742
2026-01-17 14:45:00,Aspect,Sextitle,Sun,Capricorn,"2°58'35.86""",Saturn,Pisces,"3°05'29.17""",60,60.1148,0.1148
2026-01-17 14:45:00,Aspect,Conjunction,Mercury,Capricorn,"0°11'40.58""",Mars,Capricorn,"1°03'35.18""",0,0.8652,0.8652
2026-01-17 15:00:00,Aspect,Sextitle,Sun,Capricorn,"2°59'14.06""",Saturn,Pisces,"3°05'32.23""",60,60.105,0.105
2026-01-17 15:00:00,Aspect,Conjunction,Mercury,Capricorn,"0°12'42.09""",Mars,Capricorn,"1°04'04.30""",0,0.8562,0.8562
2026-01-17 15:15:00,Aspect,Sextitle,Sun,Capricorn,"2°59'52.25""",Saturn,Pisces,"3°05'35.28""",60,60.0953,0.0953
2026-01-17 15:15:00,Aspect,Sextitle,Moon,Sagittarius,"16°09'17.96""",Rahu,Aquarius,"17°04'58.15""",60,60.9278,0.9278
2026-01-17 15:15:00,Aspect,Trine,Moon,Sagittarius,"16°09'17.96""",Ketu,Leo,"17°04'58.15""",120,119.0722,0.9278
2026-01-17 15:15:00,Aspect,Conjunction,Mercury,Capricorn,"0°13'43.60""",Mars,Capricorn,"1°04'33.42""",0,0.8472,0.8472
2026-01-17 15:30:00,Aspect,Sextitle,Sun,Capricorn,"3°00'30.45""",Saturn,Pisces,"3°05'38.34""",60,60.0855,0.0855
2026-01-17 15:30:00,Aspect,Sextitle,Moon,Sagittarius,"16°16'56.97""",Rahu,Aquarius,"17°04'56.16""",60,60.7998,0.7998
2026-01-17 15:30:00,Aspect,Trine,Moon,Sagittarius,"16°16'56.97""",Ketu,Leo,"17°04'56.16""",120,119.2002,0.7998
2026-01-17 15:30:00,Aspect,Conjunction,Mercury,Capricorn,"0°14'45.11""",Mars,Capricorn,"1°05'02.53""",0,0.8382,0.8382
2026-01-17 15:45:00,Aspect,Sextitle,Sun,Capricorn,"3°01'08.65""",Saturn,Pisces,"3°05'41.40""",60,60.0758,0.0758
2026-01-17 15:45:00,Aspect,Sextitle,Moon,Sagittarius,"16°24'36.04""",Rahu,Aquarius,"17°04'54.17""",60,60.6717,0.6717
2026-01-17 15:45:00,Aspect,Trine,Moon,Sagittarius,"16°24'36.04""",Ketu,Leo,"17°04'54.17""",120,119.3283,0.6717
2026-01-17 15:45:00,Aspect,Conjunction,Mercury,Capricorn,"0°15'46.63""",Mars,Capricorn,"1°05'31.65""",0,0.8292,0.8292
2026-01-17 16:00:00,Aspect,Sextitle,Sun,Capricorn,"3°01'46.84""",Saturn,Pisces,"3°05'44.46""",60,60.066,0.066
2026-01-17 16:00:00,Aspect,Sextitle,Moon,Sagittarius,"16°32'15.19""",Rahu,Aquarius,"17°04'52.19""",60,60.5436,0.5436
2026-01-17 16:00:00,Aspect,Trine,Moon,Sagittarius,"16°32'15.19""",Ketu,Leo,"17°04'52.19""",120,119.4564,0.5436
2026-01-17 16:00:00,Aspect,Conjunction,Mercury,Capricorn,"0°16'48.15""",Mars,Capricorn,"1°06'00.77""",0,0.8202,0.8202
2026-01-17 16:15:00,Aspect,Sextitle,Sun,Capricorn,"3°02'25.04""",Saturn,Pisces,"3°05'47.52""",60,60.0562,0.0562
2026-01-17 16:15:00,Aspect,Sextitle,Moon,Sagittarius,"16°39'54.39""",Rahu,Aquarius,"17°04'50.20""",60,60.4155,0.4155
2026-01-17 16:15:00,Aspect,Trine,Moon,Sagittarius,"16°39'54.39""",Ketu,Leo,"17°04'50.20""",120,119.5845,0.4155
2026-01-17 16:15:00,Aspect,Conjunction,Mercury,Capricorn,"0°17'49.67""",Mars,Capricorn,"1°06'29.88""",0,0.8112,0.8112
2026-01-17 16:30:00,Aspect,Sextitle,Sun,Capricorn,"3°03'03.23""",Saturn,Pisces,"3°05'50.58""",60,60.0465,0.0465
2026-01-17 16:30:00,Aspect,Sextitle,Moon,Sagittarius,"16°47'33.66""",Rahu,Aquarius,"17°04'48.21""",60,60.2874,0.2874
2026-01-17 16:30:00,Aspect,Trine,Moon,Sagittarius,"16°47'33.66""",Ketu,Leo,"17°04'48.21""",120,119.7126,0.2874
2026-01-17 16:30:00,Aspect,Conjunction,Mercury,Capricorn,"0°18'51.20""",Mars,Capricorn,"1°06'59.00""",0,0.8022,0.8022
2026-01-17 16:45:00,Aspect,Sextitle,Sun,Capricorn,"3°03'41.43""",Saturn,Pisces,"3°05'53.64""",60,60.0367,0.0367
2026-01-17 16:45:00,Aspect,Sextitle,Moon,Sagittarius,"16°55'13.00""",Rahu,Aquarius,"17°04'46.23""",60,60.1592,0.1592
2026-01-17 16:45:00,Aspect,Trine,Moon,Sagittarius,"16°55'13.00""",Ketu,Leo,"17°04'46.23""",120,119.8408,0.1592
2026-01-17 16:45:00,Aspect,Conjunction,Mercury,Capricorn,"0°19'52.73""",Mars,Capricorn,"1°07'28.12""",0,0.7932,0.7932
2026-01-17 17:00:00,Aspect,Sextitle,Sun,Capricorn,"3°04'19.62""",Saturn,Pisces,"3°05'56.70""",60,60.027,0.027
2026-01-17 17:00:00,Aspect,Sextitle,Moon,Sagittarius,"17°02'52.40""",Rahu,Aquarius,"17°04'44.24""",60,60.0311,0.0311
2026-01-17 17:00:00,Aspect,Trine,Moon,Sagittarius,"17°02'52.40""",Ketu,Leo,"17°04'44.24""",120,119.9689,0.0311
2026-01-17 17:00:00,Aspect,Conjunction,Mercury,Capricorn,"0°20'54.27""",Mars,Capricorn,"1°07'57.24""",0,0.7842,0.7842
2026-01-17 17:15:00,Aspect,Sextitle,Sun,Capricorn,"3°04'57.82""",Saturn,Pisces,"3°05'59.76""",60,60.0172,0.0172
2026-01-17 17:15:00,Aspect,Sextitle,Moon,Sagittarius,"17°10'31.87""",Rahu,Aquarius,"17°04'42.25""",60,59.9029,0.0971
2026-01-17 17:15:00,Aspect,Trine,Moon,Sagittarius,"17°10'31.87""",Ketu,Leo,"17°04'42.25""",120,120.0971,0.0971
2026-01-17 17:15:00,Aspect,Conjunction,Mercury,Capricorn,"0°21'55.80""",Mars,Capricorn,"1°08'26.36""",0,0.7752,0.7752
2026-01-17 17:30:00,Aspect,Sextitle,Sun,Capricorn,"3°05'36.01""",Saturn,Pisces,"3°06'02.82""",60,60.0074,0.0074
2026-01-17 17:30:00,Aspect,Sextitle,Moon,Sagittarius,"17°18'11.40""",Rahu,Aquarius,"17°04'40.26""",60,59.7747,0.2253
2026-01-17 17:30:00,Aspect,Trine,Moon,Sagittarius,"17°18'11.40""",Ketu,Leo,"17°04'40.26""",120,120.2253,0.2253
2026-01-17 17:30:00,Aspect,Conjunction,Mercury,Capricorn,"0°22'57.34""",Mars,Capricorn,"1°08'55.47""",0,0.7661,0.7661
2026-01-17 17:45:00,Aspect,Sextitle,Sun,Capricorn,"3°06'14.21""",Saturn,Pisces,"3°06'05.89""",60,59.9977,0.0023
2026-01-17 17:45:00,Aspect,Sextitle,Moon,Sagittarius,"17°25'51.00""",Rahu,Aquarius,"17°04'38.28""",60,59.6465,0.3535
2026-01-17 17:45:00,Aspect,Trine,Moon,Sagittarius,"17°25'51.00""",Ketu,Leo,"17°04'38.28""",120,120.3535,0.3535
2026-01-17 17:45:00,Aspect,Conjunction,Mercury,Capricorn,"0°23'58.89""",Mars,Capricorn,"1°09'24.59""",0,0.7571,0.7571
2026-01-17 18:00:00,Aspect,Sextitle,Sun,Capricorn,"3°06'52.40""",Saturn,Pisces,"3°06'08.95""",60,59.9879,0.0121
2026-01-17 18:00:00,Aspect,Sextitle,Moon,Sagittarius,"17°33'30.67""",Rahu,Aquarius,"17°04'36.29""",60,59.5182,0.4818
2026-01-17 18:00:00,Aspect,Trine,Moon,Sagittarius,"17°33'30.67""",Ketu,Leo,"17°04'36.29""",120,120.4818,0.4818
2026-01-17 18:00:00,Aspect,Conjunction,Mercury,Capricorn,"0°25'00.44""",Mars,Capricorn,"1°09'53.71""",0,0.7481,0.7481
2026-01-17 18:15:00,Aspect,Sextitle,Sun,Capricorn,"3°07'30.60""",Saturn,Pisces,"3°06'12.01""",60,59.9782,0.0218
2026-01-17 18:15:00,Aspect,Sextitle,Moon,Sagittarius,"17°41'10.40""",Rahu,Aquarius,"17°04'34.30""",60,59.39,0.61
2026-01-17 18:15:00,Aspect,Trine,Moon,Sagittarius,"17°41'10.40""",Ketu,Leo,"17°04'34.30""",120,120.61,0.61
2026-01-17 18:15:00,Aspect,Conjunction,Mercury,Capricorn,"0°26'01.99""",Mars,Capricorn,"1°10'22.83""",0,0.7391,0.7391
2026-01-17 18:30:00,Aspect,Sextitle,Sun,Capricorn,"3°08'08.79""",Saturn,Pisces,"3°06'15.08""",60,59.9684,0.0316
2026-01-17 18:30:00,Aspect,Sextitle,Moon,Sagittarius,"17°48'50.19""",Rahu,Aquarius,"17°04'32.32""",60,59.2617,0.7383
2026-01-17 18:30:00,Aspect,Trine,Moon,Sagittarius,"17°48'50.19""",Ketu,Leo,"17°04'32.32""",120,120.7383,0.7383
2026-01-17 18:30:00,Aspect,Conjunction,Mercury,Capricorn,"0°27'03.55""",Mars,Capricorn,"1°10'51.95""",0,0.7301,0.7301
2026-01-17 18:45:00,Aspect,Sextitle,Sun,Capricorn,"3°08'46.99""",Saturn,Pisces,"3°06'18.14""",60,59.9587,0.0413
2026-01-17 18:45:00,Aspect,Sextitle,Moon,Sagittarius,"17°56'30.05""",Rahu,Aquarius,"17°04'30.33""",60,59.1334,0.8666
2026-01-17 18:45:00,Aspect,Trine,Moon,Sagittarius,"17°56'30.05""",Ketu,Leo,"17°04'30.33""",120,120.8666,0.8666
2026-01-17 18:45:00,Aspect,Conjunction,Mercury,Capricorn,"0°28'05.10""",Mars,Capricorn,"1°11'21.07""",0,0.7211,0.7211
2026-01-17 19:00:00,Aspect,Sextitle,Sun,Capricorn,"3°09'25.18""",Saturn,Pisces,"3°06'21.21""",60,59.9489,0.0511
2026-01-17 19:00:00,Aspect,Sextitle,Moon,Sagittarius,"18°04'09.98""",Rahu,Aquarius,"17°04'28.34""",60,59.0051,0.9949
2026-01-17 19:00:00,Aspect,Trine,Moon,Sagittarius,"18°04'09.98""",Ketu,Leo,"17°04'28.34""",120,120.9949,0.9949
2026-01-17 19:00:00,Aspect,Conjunction,Mercury,Capricorn,"0°29'06.67""",Mars,Capricorn,"1°11'50.19""",0,0.7121,0.7121
2026-01-17 19:15:00,Aspect,Sextitle,Sun,Capricorn,"3°10'03.38""",Saturn,Pisces,"3°06'24.27""",60,59.9391,0.0609
2026-01-17 19:15:00,Aspect,Conjunction,Mercury,Capricorn,"0°30'08.23""",Mars,Capricorn,"1°12'19.31""",0,0.7031,0.7031
2026-01-17 19:30:00,Aspect,Sextitle,Sun,Capricorn,"3°10'41.57""",Saturn,Pisces,"3°06'27.34""",60,59.9294,0.0706
2026-01-17 19:30:00,Aspect,Conjunction,Mercury,Capricorn,"0°31'09.80""",Mars,Capricorn,"1°12'48.43""",0,0.6941,0.6941
2026-01-17 19:45:00,Aspect,Sextitle,Sun,Capricorn,"3°11'19.77""",Saturn,Pisces,"3°06'30.41""",60,59.9196,0.0804
2026-01-17 19:45:00,Aspect,Conjunction,Mercury,Capricorn,"0°32'11.37""",Mars,Capricorn,"1°13'17.55""",0,0.685,0.685
2026-01-17 20:00:00,Aspect,Sextitle,Sun,Capricorn,"3°11'57.96""",Saturn,Pisces,"3°06'33.47""",60,59.9099,0.0901
2026-01-17 20:00:00,Aspect,Conjunction,Mercury,Capricorn,"0°33'12.95""",Mars,Capricorn,"1°13'46.67""",0,0.676,0.676
2026-01-17 20:15:00,Aspect,Sextitle,Sun,Capricorn,"3°12'36.16""",Saturn,Pisces,"3°06'36.54""",60,59.9001,0.0999
2026-01-17 20:15:00,Aspect,Conjunction,Mercury,Capricorn,"0°34'14.53""",Mars,Capricorn,"1°14'15.79""",0,0.667,0.667
2026-01-17 20:30:00,Aspect,Sextitle,Sun,Capricorn,"3°13'14.35""",Saturn,Pisces,"3°06'39.61""",60,59.8903,0.1097
2026-01-17 20:30:00,Aspect,Conjunction,Mercury,Capricorn,"0°35'16.11""",Mars,Capricorn,"1°14'44.91""",0,0.658,0.658
2026-01-17 20:45:00,Aspect,Sextitle,Sun,Capricorn,"3°13'52.55""",Saturn,Pisces,"3°06'42.68""",60,59.8806,0.1194
2026-01-17 20:45:00,Aspect,Conjunction,Mercury,Capricorn,"0°36'17.70""",Mars,Capricorn,"1°15'14.03""",0,0.649,0.649
2026-01-17 21:00:00,Aspect,Sextitle,Sun,Capricorn,"3°14'30.74""",Saturn,Pisces,"3°06'45.75""",60,59.8708,0.1292
2026-01-17 21:00:00,Aspect,Conjunction,Mercury,Capricorn,"0°37'19.29""",Mars,Capricorn,"1°15'43.15""",0,0.64,0.64
2026-01-17 21:15:00,Aspect,Sextitle,Sun,Capricorn,"3°15'08.94""",Saturn,Pisces,"3°06'48.82""",60,59.8611,0.1389
2026-01-17 21:15:00,Aspect,Conjunction,Mercury,Capricorn,"0°38'20.88""",Mars,Capricorn,"1°16'12.27""",0,0.6309,0.6309
2026-01-17 21:30:00,Aspect,Sextitle,Sun,Capricorn,"3°15'47.13""",Saturn,Pisces,"3°06'51.89""",60,59.8513,0.1487
2026-01-17 21:30:00,Aspect,Conjunction,Mercury,Capricorn,"0°39'22.48""",Mars,Capricorn,"1°16'41.40""",0,0.6219,0.6219
2026-01-17 21:45:00,Aspect,Sextitle,Sun,Capricorn,"3°16'25.33""",Saturn,Pisces,"3°06'54.96""",60,59.8416,0.1584
2026-01-17 21:45:00,Aspect,Conjunction,Mercury,Capricorn,"0°40'24.08""",Mars,Capricorn,"1°17'10.52""",0,0.6129,0.6129
2026-01-17 22:00:00,Aspect,Sextitle,Sun,Capricorn,"3°17'03.52""",Saturn,Pisces,"3°06'58.03""",60,59.8318,0.1682
2026-01-17 22:00:00,Aspect,Conjunction,Mercury,Capricorn,"0°41'25.68""",Mars,Capricorn,"1°17'39.64""",0,0.6039,0.6039
2026-01-17 22:15:00,Aspect,Sextitle,Sun,Capricorn,"3°17'41.72""",Saturn,Pisces,"3°07'01.10""",60,59.8221,0.1779
2026-01-17 22:15:00,Aspect,Conjunction,Mercury,Capricorn,"0°42'27.29""",Mars,Capricorn,"1°18'08.76""",0,0.5949,0.5949
2026-01-17 22:30:00,Aspect,Sextitle,Sun,Capricorn,"3°18'19.91""",Saturn,Pisces,"3°07'04.18""",60,59.8123,0.1877
2026-01-17 22:30:00,Aspect,Conjunction,Mercury,Capricorn,"0°43'28.90""",Mars,Capricorn,"1°18'37.89""",0,0.5858,0.5858
2026-01-17 22:45:00,Aspect,Sextitle,Sun,Capricorn,"3°18'58.10""",Saturn,Pisces,"3°07'07.25""",60,59.8025,0.1975
2026-01-17 22:45:00,Aspect,Conjunction,Mercury,Capricorn,"0°44'30.51""",Mars,Capricorn,"1°19'07.01""",0,0.5768,0.5768
2026-01-17 23:00:00,Aspect,Sextitle,Sun,Capricorn,"3°19'36.30""",Saturn,Pisces,"3°07'10.32""",60,59.7928,0.2072
2026-01-17 23:00:00,Aspect,Conjunction,Mercury,Capricorn,"0°45'32.13""",Mars,Capricorn,"1°19'36.13""",0,0.5678,0.5678
2026-01-17 23:15:00,Aspect,Sextitle,Sun,Capricorn,"3°20'14.49""",Saturn,Pisces,"3°07'13.40""",60,59.783,0.217
2026-01-17 23:15:00,Aspect,Conjunction,Mercury,Capricorn,"0°46'33.75""",Mars,Capricorn,"1°20'05.25""",0,0.5588,0.5588
2026-01-17 23:30:00,Aspect,Sextitle,Sun,Capricorn,"3°20'52.69""",Saturn,Pisces,"3°07'16.47""",60,59.7733,0.2267
2026-01-17 23:30:00,Aspect,Conjunction,Mercury,Capricorn,"0°47'35.38""",Mars,Capricorn,"1°20'34.38""",0,0.5497,0.5497
2026-01-17 23:45:00,Aspect,Sextitle,Sun,Capricorn,"3°21'30.88""",Saturn,Pisces,"3°07'19.54""",60,59.7635,0.2365
2026-01-17 23:45:00,Aspect,Conjunction,Mercury,Capricorn,"0°48'37.00""",Mars,Capricorn,"1°21'03.50""",0,0.5407,0.5407
2026-01-18 00:00:00,Aspect,Sextitle,Sun,Capricorn,"3°22'09.08""",Saturn,Pisces,"3°07'22.62""",60,59.7538,0.2462
2026-01-18 00:00:00,Aspect,Conjunction,Mercury,Capricorn,"0°49'38.64""",Mars,Capricorn,"1°21'32.62""",0,0.5317,0.5317
2026-01-18 00:15:00,Aspect,Sextitle,Sun,Capricorn,"3°22'47.27""",Saturn,Pisces,"3°07'25.70""",60,59.744,0.256
2026-01-18 00:15:00,Aspect,Conjunction,Mercury,Capricorn,"0°50'40.27""",Mars,Capricorn,"1°22'01.75""",0,0.5226,0.5226
2026-01-18 00:30:00,Aspect,Sextitle,Sun,Capricorn,"3°23'25.46""",Saturn,Pisces,"3°07'28.77""",60,59.7343,0.2657
2026-01-18 00:30:00,Aspect,Conjunction,Mercury,Capricorn,"0°51'41.91""",Mars,Capricorn,"1°22'30.87""",0,0.5136,0.5136
2026-01-18 00:45:00,Aspect,Sextitle,Sun,Capricorn,"3°24'03.66""",Saturn,Pisces,"3°07'31.85""",60,59.7245,0.2755
2026-01-18 00:45:00,Aspect,Conjunction,Mercury,Capricorn,"0°52'43.55""",Mars,Capricorn,"1°23'00.00""",0,0.5046,0.5046
2026-01-18 01:00:00,Aspect,Sextitle,Sun,Capricorn,"3°24'41.85""",Saturn,Pisces,"3°07'34.93""",60,59.7147,0.2853
2026-01-18 01:00:00,Aspect,Conjunction,Mercury,Capricorn,"0°53'45.20""",Mars,Capricorn,"1°23'29.12""",0,0.4955,0.4955
2026-01-18 01:15:00,Aspect,Sextitle,Sun,Capricorn,"3°25'20.05""",Saturn,Pisces,"3°07'38.00""",60,59.705,0.295
2026-01-18 01:15:00,Aspect,Conjunction,Mercury,Capricorn,"0°54'46.84""",Mars,Capricorn,"1°23'58.25""",0,0.4865,0.4865
2026-01-18 01:30:00,Aspect,Sextitle,Sun,Capricorn,"3°25'58.24""",Saturn,Pisces,"3°07'41.08""",60,59.6952,0.3048
2026-01-18 01:30:00,Aspect,Conjunction,Mercury,Capricorn,"0°55'48.50""",Mars,Capricorn,"1°24'27.37""",0,0.4775,0.4775
2026-01-18 01:45:00,Aspect,Sextitle,Sun,Capricorn,"3°26'36.43""",Saturn,Pisces,"3°07'44.16""",60,59.6855,0.3145
2026-01-18 01:45:00,Aspect,Conjunction,Mercury,Capricorn,"0°56'50.15""",Mars,Capricorn,"1°24'56.50""",0,0.4684,0.4684
2026-01-18 02:00:00,Aspect,Sextitle,Sun,Capricorn,"3°27'14.63""",Saturn,Pisces,"3°07'47.24""",60,59.6757,0.3243
2026-01-18 02:00:00,Aspect,Conjunction,Mercury,Capricorn,"0°57'51.81""",Mars,Capricorn,"1°25'25.62""",0,0.4594,0.4594
2026-01-18 02:15:00,Aspect,Sextitle,Sun,Capricorn,"3°27'52.82""",Saturn,Pisces,"3°07'50.32""",60,59.666,0.334
2026-01-18 02:15:00,Aspect,Conjunction,Mercury,Capricorn,"0°58'53.47""",Mars,Capricorn,"1°25'54.75""",0,0.4504,0.4504
2026-01-18 02:30:00,Aspect,Sextitle,Sun,Capricorn,"3°28'31.01""",Saturn,Pisces,"3°07'53.40""",60,59.6562,0.3438
2026-01-18 02:30:00,Aspect,Conjunction,Mercury,Capricorn,"0°59'55.14""",Mars,Capricorn,"1°26'23.87""",0,0.4413,0.4413
2026-01-18 02:45:00,Aspect,Sextitle,Sun,Capricorn,"3°29'09.21""",Saturn,Pisces,"3°07'56.48""",60,59.6465,0.3535
2026-01-18 02:45:00,Aspect,Conjunction,Mercury,Capricorn,"1°00'56.81""",Mars,Capricorn,"1°26'53.00""",0,0.4323,0.4323
2026-01-18 03:00:00,Aspect,Sextitle,Sun,Capricorn,"3°29'47.40""",Saturn,Pisces,"3°07'59.56""",60,59.6367,0.3633
2026-01-18 03:00:00,Aspect,Conjunction,Mercury,Capricorn,"1°01'58.48""",Mars,Capricorn,"1°27'22.13""",0,0.4232,0.4232
2026-01-18 03:15:00,Aspect,Sextitle,Sun,Capricorn,"3°30'25.59""",Saturn,Pisces,"3°08'02.65""",60,59.627,0.373
2026-01-18 03:15:00,Aspect,Conjunction,Mercury,Capricorn,"1°03'00.16""",Mars,Capricorn,"1°27'51.25""",0,0.4142,0.4142
2026-01-18 03:30:00,Aspect,Sextitle,Sun,Capricorn,"3°31'03.79""",Saturn,Pisces,"3°08'05.73""",60,59.6172,0.3828
2026-01-18 03:30:00,Aspect,Conjunction,Mercury,Capricorn,"1°04'01.84""",Mars,Capricorn,"1°28'20.38""",0,0.4051,0.4051
2026-01-18 03:45:00,Aspect,Sextitle,Sun,Capricorn,"3°31'41.98""",Saturn,Pisces,"3°08'08.81""",60,59.6075,0.3925
2026-01-18 03:45:00,Aspect,Conjunction,Mercury,Capricorn,"1°05'03.52""",Mars,Capricorn,"1°28'49.51""",0,0.3961,0.3961
2026-01-18 04:00:00,Aspect,Sextitle,Sun,Capricorn,"3°32'20.17""",Saturn,Pisces,"3°08'11.89""",60,59.5977,0.4023
2026-01-18 04:00:00,Aspect,Conjunction,Mercury,Capricorn,"1°06'05.21""",Mars,Capricorn,"1°29'18.63""",0,0.3871,0.3871
2026-01-18 04:15:00,Aspect,Sextitle,Sun,Capricorn,"3°32'58.37""",Saturn,Pisces,"3°08'14.98""",60,59.5879,0.4121
2026-01-18 04:15:00,Aspect,Conjunction,Mercury,Capricorn,"1°07'06.90""",Mars,Capricorn,"1°29'47.76""",0,0.378,0.378
2026-01-18 04:30:00,Aspect,Sextitle,Sun,Capricorn,"3°33'36.56""",Saturn,Pisces,"3°08'18.06""",60,59.5782,0.4218
2026-01-18 04:30:00,Aspect,Conjunction,Mercury,Capricorn,"1°08'08.59""",Mars,Capricorn,"1°30'16.89""",0,0.369,0.369
2026-01-18 04:45:00,Aspect,Sextitle,Sun,Capricorn,"3°34'14.75""",Saturn,Pisces,"3°08'21.15""",60,59.5684,0.4316
2026-01-18 04:45:00,Aspect,Conjunction,Mercury,Capricorn,"1°09'10.29""",Mars,Capricorn,"1°30'46.02""",0,0.3599,0.3599
2026-01-18 05:00:00,Aspect,Sextitle,Sun,Capricorn,"3°34'52.95""",Saturn,Pisces,"3°08'24.23""",60,59.5587,0.4413
2026-01-18 05:00:00,Aspect,Conjunction,Mercury,Capricorn,"1°10'11.99""",Mars,Capricorn,"1°31'15.14""",0,0.3509,0.3509
2026-01-18 05:15:00,Aspect,Sextitle,Sun,Capricorn,"3°35'31.14""",Saturn,Pisces,"3°08'27.32""",60,59.5489,0.4511
2026-01-18 05:15:00,Aspect,Conjunction,Mercury,Capricorn,"1°11'13.70""",Mars,Capricorn,"1°31'44.27""",0,0.3418,0.3418
2026-01-18 05:30:00,Aspect,Sextitle,Sun,Capricorn,"3°36'09.33""",Saturn,Pisces,"3°08'30.40""",60,59.5392,0.4608
2026-01-18 05:30:00,Aspect,Conjunction,Mercury,Capricorn,"1°12'15.41""",Mars,Capricorn,"1°32'13.40""",0,0.3328,0.3328
2026-01-18 05:45:00,Aspect,Sextitle,Sun,Capricorn,"3°36'47.53""",Saturn,Pisces,"3°08'33.49""",60,59.5294,0.4706
2026-01-18 05:45:00,Aspect,Conjunction,Mercury,Capricorn,"1°13'17.12""",Mars,Capricorn,"1°32'42.53""",0,0.3237,0.3237
2026-01-18 06:00:00,Aspect,Sextitle,Sun,Capricorn,"3°37'25.72""",Saturn,Pisces,"3°08'36.58""",60,59.5197,0.4803
2026-01-18 06:00:00,Aspect,Conjunction,Mercury,Capricorn,"1°14'18.83""",Mars,Capricorn,"1°33'11.66""",0,0.3147,0.3147
2026-01-18 06:15:00,Aspect,Sextitle,Sun,Capricorn,"3°38'03.91""",Saturn,Pisces,"3°08'39.67""",60,59.5099,0.4901
2026-01-18 06:15:00,Aspect,Conjunction,Mercury,Capricorn,"1°15'20.55""",Mars,Capricorn,"1°33'40.79""",0,0.3056,0.3056
2026-01-18 06:30:00,Aspect,Sextitle,Sun,Capricorn,"3°38'42.10""",Saturn,Pisces,"3°08'42.76""",60,59.5002,0.4998
2026-01-18 06:30:00,Aspect,Opposition,Moon,Sagittarius,"23°57'58.84""",Jupiter,Gemini,"24°51'53.30""",180,179.1015,0.8985
2026-01-18 06:30:00,Aspect,Conjunction,Mercury,Capricorn,"1°16'22.27""",Mars,Capricorn,"1°34'09.91""",0,0.2966,0.2966
2026-01-18 06:45:00,Aspect,Sextitle,Sun,Capricorn,"3°39'20.30""",Saturn,Pisces,"3°08'45.84""",60,59.4904,0.5096
2026-01-18 06:45:00,Aspect,Opposition,Moon,Sagittarius,"24°05'41.93""",Jupiter,Gemini,"24°51'48.35""",180,179.2316,0.7684
2026-01-18 06:45:00,Aspect,Conjunction,Mercury,Capricorn,"1°17'24.00""",Mars,Capricorn,"1°34'39.04""",0,0.2875,0.2875
2026-01-18 07:00:00,Aspect,Sextitle,Sun,Capricorn,"3°39'58.49""",Saturn,Pisces,"3°08'48.93""",60,59.4807,0.5193
2026-01-18 07:00:00,Aspect,Opposition,Moon,Sagittarius,"24°13'25.09""",Jupiter,Gemini,"24°51'43.40""",180,179.3616,0.6384
2026-01-18 07:00:00,Aspect,Conjunction,Mercury,Capricorn,"1°18'25.73""",Mars,Capricorn,"1°35'08.17""",0,0.2785,0.2785
2026-01-18 07:15:00,Aspect,Sextitle,Sun,Capricorn,"3°40'36.68""",Saturn,Pisces,"3°08'52.02""",60,59.4709,0.5291
2026-01-18 07:15:00,Aspect,Opposition,Moon,Sagittarius,"24°21'08.31""",Jupiter,Gemini,"24°51'38.45""",180,179.4916,0.5084
2026-01-18 07:15:00,Aspect,Conjunction,Mercury,Capricorn,"1°19'27.46""",Mars,Capricorn,"1°35'37.30""",0,0.2694,0.2694
2026-01-18 07:30:00,Aspect,Sextitle,Sun,Capricorn,"3°41'14.87""",Saturn,Pisces,"3°08'55.11""",60,59.4612,0.5388
2026-01-18 07:30:00,Aspect,Opposition,Moon,Sagittarius,"24°28'51.60""",Jupiter,Gemini,"24°51'33.50""",180,179.6217,0.3783
2026-01-18 07:30:00,Aspect,Conjunction,Mercury,Capricorn,"1°20'29.19""",Mars,Capricorn,"1°36'06.43""",0,0.2603,0.2603
2026-01-18 07:45:00,Aspect,Sextitle,Sun,Capricorn,"3°41'53.07""",Saturn,Pisces,"3°08'58.21""",60,59.4514,0.5486
2026-01-18 07:45:00,Aspect,Opposition,Moon,Sagittarius,"24°36'34.96""",Jupiter,Gemini,"24°51'28.55""",180,179.7518,0.2482
2026-01-18 07:45:00,Aspect,Conjunction,Mercury,Capricorn,"1°21'30.93""",Mars,Capricorn,"1°36'35.56""",0,0.2513,0.2513
2026-01-18 08:00:00,Aspect,Sextitle,Sun,Capricorn,"3°42'31.26""",Saturn,Pisces,"3°09'01.30""",60,59.4417,0.5583
2026-01-18 08:00:00,Aspect,Opposition,Moon,Sagittarius,"24°44'18.39""",Jupiter,Gemini,"24°51'23.60""",180,179.8819,0.1181
2026-01-18 08:00:00,Aspect,Conjunction,Mercury,Capricorn,"1°22'32.68""",Mars,Capricorn,"1°37'04.69""",0,0.2422,0.2422
2026-01-18 08:15:00,Aspect,Sextitle,Sun,Capricorn,"3°43'09.45""",Saturn,Pisces,"3°09'04.39""",60,59.4319,0.5681
2026-01-18 08:15:00,Aspect,Opposition,Moon,Sagittarius,"24°52'01.89""",Jupiter,Gemini,"24°51'18.65""",180,179.988,0.012
2026-01-18 08:15:00,Aspect,Conjunction,Mercury,Capricorn,"1°23'34.42""",Mars,Capricorn,"1°37'33.82""",0,0.2332,0.2332
2026-01-18 08:30:00,Aspect,Sextitle,Sun,Capricorn,"3°43'47.64""",Saturn,Pisces,"3°09'07.48""",60,59.4222,0.5778
2026-01-18 08:30:00,Aspect,Opposition,Moon,Sagittarius,"24°59'45.46""",Jupiter,Gemini,"24°51'13.71""",180,179.8578,0.1422
2026-01-18 08:30:00,Aspect,Conjunction,Mercury,Capricorn,"1°24'36.17""",Mars,Capricorn,"1°38'02.95""",0,0.2241,0.2241
2026-01-18 08:45:00,Aspect,Sextitle,Sun,Capricorn,"3°44'25.84""",Saturn,Pisces,"3°09'10.57""",60,59.4124,0.5876
2026-01-18 08:45:00,Aspect,Opposition,Moon,Sagittarius,"25°07'29.09""",Jupiter,Gemini,"24°51'08.76""",180,179.7277,0.2723
2026-01-18 08:45:00,Aspect,Conjunction,Mercury,Capricorn,"1°25'37.93""",Mars,Capricorn,"1°38'32.09""",0,0.215,0.215
2026-01-18 09:00:00,Aspect,Sextitle,Sun,Capricorn,"3°45'04.03""",Saturn,Pisces,"3°09'13.67""",60,59.4027,0.5973
2026-01-18 09:00:00,Aspect,Opposition,Moon,Sagittarius,"25°15'12.79""",Jupiter,Gemini,"24°51'03.81""",180,179.5975,0.4025
2026-01-18 09:00:00,Aspect,Conjunction,Mercury,Capricorn,"1°26'39.68""",Mars,Capricorn,"1°39'01.22""",0,0.206,0.206
2026-01-18 09:15:00,Aspect,Sextitle,Sun,Capricorn,"3°45'42.22""",Saturn,Pisces,"3°09'16.76""",60,59.3929,0.6071
2026-01-18 09:15:00,Aspect,Opposition,Moon,Sagittarius,"25°22'56.57""",Jupiter,Gemini,"24°50'58.86""",180,179.4673,0.5327
2026-01-18 09:15:00,Aspect,Conjunction,Mercury,Capricorn,"1°27'41.44""",Mars,Capricorn,"1°39'30.35""",0,0.1969,0.1969
2026-01-18 09:30:00,Aspect,Sextitle,Sun,Capricorn,"3°46'20.41""",Saturn,Pisces,"3°09'19.86""",60,59.3832,0.6168
2026-01-18 09:30:00,Aspect,Opposition,Moon,Sagittarius,"25°30'40.41""",Jupiter,Gemini,"24°50'53.92""",180,179.3371,0.6629
2026-01-18 09:30:00,Aspect,Conjunction,Mercury,Capricorn,"1°28'43.21""",Mars,Capricorn,"1°39'59.48""",0,0.1879,0.1879
2026-01-18 09:45:00,Aspect,Sextitle,Sun,Capricorn,"3°46'58.60""",Saturn,Pisces,"3°09'22.95""",60,59.3734,0.6266
2026-01-18 09:45:00,Aspect,Opposition,Moon,Sagittarius,"25°38'24.32""",Jupiter,Gemini,"24°50'48.97""",180,179.2068,0.7932
2026-01-18 09:45:00,Aspect,Conjunction,Mercury,Capricorn,"1°29'44.97""",Mars,Capricorn,"1°40'28.61""",0,0.1788,0.1788
2026-01-18 10:00:00,Aspect,Sextitle,Sun,Capricorn,"3°47'36.80""",Saturn,Pisces,"3°09'26.05""",60,59.3637,0.6363
2026-01-18 10:00:00,Aspect,Opposition,Moon,Sagittarius,"25°46'08.30""",Jupiter,Gemini,"24°50'44.03""",180,179.0766,0.9234
2026-01-18 10:00:00,Aspect,Conjunction,Mercury,Capricorn,"1°30'46.75""",Mars,Capricorn,"1°40'57.74""",0,0.1697,0.1697
2026-01-18 10:15:00,Aspect,Sextitle,Sun,Capricorn,"3°48'14.99""",Saturn,Pisces,"3°09'29.14""",60,59.3539,0.6461
2026-01-18 10:15:00,Aspect,Conjunction,Mercury,Capricorn,"1°31'48.52""",Mars,Capricorn,"1°41'26.87""",0,0.1607,0.1607
2026-01-18 10:30:00,Aspect,Sextitle,Sun,Capricorn,"3°48'53.18""",Saturn,Pisces,"3°09'32.24""",60,59.3442,0.6558
2026-01-18 10:30:00,Aspect,Conjunction,Mercury,Capricorn,"1°32'50.30""",Mars,Capricorn,"1°41'56.01""",0,0.1516,0.1516
2026-01-18 10:45:00,Aspect,Sextitle,Sun,Capricorn,"3°49'31.37""",Saturn,Pisces,"3°09'35.34""",60,59.3344,0.6656
2026-01-18 10:45:00,Aspect,Conjunction,Mercury,Capricorn,"1°33'52.08""",Mars,Capricorn,"1°42'25.14""",0,0.1425,0.1425
2026-01-18 11:00:00,Aspect,Sextitle,Sun,Capricorn,"3°50'09.56""",Saturn,Pisces,"3°09'38.43""",60,59.3247,0.6753
2026-01-18 11:00:00,Aspect,Conjunction,Mercury,Capricorn,"1°34'53.86""",Mars,Capricorn,"1°42'54.27""",0,0.1334,0.1334
2026-01-18 11:15:00,Aspect,Sextitle,Sun,Capricorn,"3°50'47.76""",Saturn,Pisces,"3°09'41.53""",60,59.3149,0.6851
2026-01-18 11:15:00,Aspect,Conjunction,Mercury,Capricorn,"1°35'55.65""",Mars,Capricorn,"1°43'23.41""",0,0.1244,0.1244
2026-01-18 11:30:00,Aspect,Sextitle,Sun,Capricorn,"3°51'25.95""",Saturn,Pisces,"3°09'44.63""",60,59.3052,0.6948
2026-01-18 11:30:00,Aspect,Conjunction,Mercury,Capricorn,"1°36'57.44""",Mars,Capricorn,"1°43'52.54""",0,0.1153,0.1153
2026-01-18 11:45:00,Aspect,Sextitle,Sun,Capricorn,"3°52'04.14""",Saturn,Pisces,"3°09'47.73""",60,59.2954,0.7046
2026-01-18 11:45:00,Aspect,Conjunction,Mercury,Capricorn,"1°37'59.24""",Mars,Capricorn,"1°44'21.67""",0,0.1062,0.1062
2026-01-18 12:00:00,Aspect,Sextitle,Sun,Capricorn,"3°52'42.33""",Saturn,Pisces,"3°09'50.83""",60,59.2857,0.7143
2026-01-18 12:00:00,Aspect,Conjunction,Mercury,Capricorn,"1°39'01.04""",Mars,Capricorn,"1°44'50.81""",0,0.0972,0.0972
2026-01-18 12:15:00,Aspect,Sextitle,Sun,Capricorn,"3°53'20.52""",Saturn,Pisces,"3°09'53.93""",60,59.2759,0.7241
2026-01-18 12:15:00,Aspect,Conjunction,Mercury,Capricorn,"1°40'02.84""",Mars,Capricorn,"1°45'19.94""",0,0.0881,0.0881
2026-01-18 12:30:00,Aspect,Sextitle,Sun,Capricorn,"3°53'58.71""",Saturn,Pisces,"3°09'57.03""",60,59.2662,0.7338
2026-01-18 12:30:00,Aspect,Conjunction,Mercury,Capricorn,"1°41'04.65""",Mars,Capricorn,"1°45'49.07""",0,0.079,0.079
2026-01-18 12:45:00,Aspect,Sextitle,Sun,Capricorn,"3°54'36.90""",Saturn,Pisces,"3°10'00.13""",60,59.2565,0.7435
2026-01-18 12:45:00,Aspect,Conjunction,Mercury,Capricorn,"1°42'06.46""",Mars,Capricorn,"1°46'18.21""",0,0.0699,0.0699
2026-01-18 13:00:00,Aspect,Sextitle,Sun,Capricorn,"3°55'15.10""",Saturn,Pisces,"3°10'03.23""",60,59.2467,0.7533
2026-01-18 13:00:00,Aspect,Conjunction,Mercury,Capricorn,"1°43'08.27""",Mars,Capricorn,"1°46'47.34""",0,0.0609,0.0609
2026-01-18 13:15:00,Aspect,Sextitle,Sun,Capricorn,"3°55'53.29""",Saturn,Pisces,"3°10'06.33""",60,59.237,0.763
2026-01-18 13:15:00,Aspect,Conjunction,Mercury,Capricorn,"1°44'10.08""",Mars,Capricorn,"1°47'16.48""",0,0.0518,0.0518
2026-01-18 13:30:00,Aspect,Sextitle,Sun,Capricorn,"3°56'31.48""",Saturn,Pisces,"3°10'09.44""",60,59.2272,0.7728
2026-01-18 13:30:00,Aspect,Conjunction,Mercury,Capricorn,"1°45'11.90""",Mars,Capricorn,"1°47'45.61""",0,0.0427,0.0427
2026-01-18 13:45:00,Aspect,Sextitle,Sun,Capricorn,"3°57'09.67""",Saturn,Pisces,"3°10'12.54""",60,59.2175,0.7825
2026-01-18 13:45:00,Aspect,Conjunction,Mercury,Capricorn,"1°46'13.73""",Mars,Capricorn,"1°48'14.75""",0,0.0336,0.0336
2026-01-18 14:00:00,Aspect,Sextitle,Sun,Capricorn,"3°57'47.86""",Saturn,Pisces,"3°10'15.64""",60,59.2077,0.7923
2026-01-18 14:00:00,Aspect,Conjunction,Mercury,Capricorn,"1°47'15.56""",Mars,Capricorn,"1°48'43.88""",0,0.0245,0.0245
2026-01-18 14:15:00,Aspect,Sextitle,Sun,Capricorn,"3°58'26.05""",Saturn,Pisces,"3°10'18.75""",60,59.198,0.802
2026-01-18 14:15:00,Aspect,Conjunction,Mercury,Capricorn,"1°48'17.39""",Mars,Capricorn,"1°49'13.02""",0,0.0155,0.0155
2026-01-18 14:30:00,Aspect,Sextitle,Sun,Capricorn,"3°59'04.24""",Saturn,Pisces,"3°10'21.85""",60,59.1882,0.8118
2026-01-18 14:30:00,Aspect,Conjunction,Mercury,Capricorn,"1°49'19.22""",Mars,Capricorn,"1°49'42.15""",0,0.0064,0.0064
2026-01-18 14:45:00,Aspect,Sextitle,Sun,Capricorn,"3°59'42.43""",Saturn,Pisces,"3°10'24.95""",60,59.1785,0.8215
2026-01-18 14:45:00,Aspect,Conjunction,Mercury,Capricorn,"1°50'21.06""",Mars,Capricorn,"1°50'11.29""",0,0.0027,0.0027
2026-01-18 15:00:00,Aspect,Sextitle,Sun,Capricorn,"4°00'20.62""",Saturn,Pisces,"3°10'28.06""",60,59.1687,0.8313
2026-01-18 15:00:00,Aspect,Conjunction,Mercury,Capricorn,"1°51'22.90""",Mars,Capricorn,"1°50'40.42""",0,0.0118,0.0118
2026-01-18 15:15:00,Aspect,Sextitle,Sun,Capricorn,"4°00'58.82""",Saturn,Pisces,"3°10'31.17""",60,59.159,0.841
2026-01-18 15:15:00,Aspect,Conjunction,Mercury,Capricorn,"1°52'24.74""",Mars,Capricorn,"1°51'09.56""",0,0.0209,0.0209
2026-01-18 15:30:00,Aspect,Sextitle,Sun,Capricorn,"4°01'37.01""",Saturn,Pisces,"3°10'34.27""",60,59.1492,0.8508
2026-01-18 15:30:00,Aspect,Conjunction,Mercury,Capricorn,"1°53'26.59""",Mars,Capricorn,"1°51'38.70""",0,0.03,0.03
2026-01-18 15:45:00,Aspect,Sextitle,Sun,Capricorn,"4°02'15.20""",Saturn,Pisces,"3°10'37.38""",60,59.1395,0.8605
2026-01-18 15:45:00,Aspect,Conjunction,Mercury,Capricorn,"1°54'28.44""",Mars,Capricorn,"1°52'07.83""",0,0.0391,0.0391
2026-01-18 16:00:00,Aspect,Sextitle,Sun,Capricorn,"4°02'53.39""",Saturn,Pisces,"3°10'40.49""",60,59.1297,0.8703
2026-01-18 16:00:00,Aspect,Conjunction,Mercury,Capricorn,"1°55'30.30""",Mars,Capricorn,"1°52'36.97""",0,0.0481,0.0481
2026-01-18 16:15:00,Aspect,Sextitle,Sun,Capricorn,"4°03'31.58""",Saturn,Pisces,"3°10'43.60""",60,59.12,0.88
2026-01-18 16:15:00,Aspect,Conjunction,Mercury,Capricorn,"1°56'32.16""",Mars,Capricorn,"1°53'06.11""",0,0.0572,0.0572
2026-01-18 16:30:00,Aspect,Sextitle,Sun,Capricorn,"4°04'09.77""",Saturn,Pisces,"3°10'46.70""",60,59.1103,0.8897
2026-01-18 16:30:00,Aspect,Conjunction,Mercury,Capricorn,"1°57'34.02""",Mars,Capricorn,"1°53'35.24""",0,0.0663,0.0663
2026-01-18 16:45:00,Aspect,Sextitle,Sun,Capricorn,"4°04'47.96""",Saturn,Pisces,"3°10'49.81""",60,59.1005,0.8995
2026-01-18 16:45:00,Aspect,Conjunction,Mercury,Capricorn,"1°58'35.88""",Mars,Capricorn,"1°54'04.38""",0,0.0754,0.0754
2026-01-18 17:00:00,Aspect,Sextitle,Sun,Capricorn,"4°05'26.15""",Saturn,Pisces,"3°10'52.92""",60,59.0908,0.9092
2026-01-18 17:00:00,Aspect,Conjunction,Mercury,Capricorn,"1°59'37.75""",Mars,Capricorn,"1°54'33.52""",0,0.0845,0.0845
2026-01-18 17:15:00,Aspect,Sextitle,Sun,Capricorn,"4°06'04.34""",Saturn,Pisces,"3°10'56.03""",60,59.081,0.919
2026-01-18 17:15:00,Aspect,Conjunction,Mercury,Capricorn,"2°00'39.63""",Mars,Capricorn,"1°55'02.66""",0,0.0936,0.0936
2026-01-18 17:30:00,Aspect,Sextitle,Sun,Capricorn,"4°06'42.53""",Saturn,Pisces,"3°10'59.14""",60,59.0713,0.9287
2026-01-18 17:30:00,Aspect,Conjunction,Mercury,Capricorn,"2°01'41.50""",Mars,Capricorn,"1°55'31.79""",0,0.1027,0.1027
2026-01-18 17:45:00,Aspect,Sextitle,Sun,Capricorn,"4°07'20.72""",Saturn,Pisces,"3°11'02.25""",60,59.0615,0.9385
2026-01-18 17:45:00,Aspect,Conjunction,Mercury,Capricorn,"2°02'43.38""",Mars,Capricorn,"1°56'00.93""",0,0.1118,0.1118
2026-01-18 18:00:00,Aspect,Sextitle,Sun,Capricorn,"4°07'58.91""",Saturn,Pisces,"3°11'05.36""",60,59.0518,0.9482
2026-01-18 18:00:00,Aspect,Conjunction,Mercury,Capricorn,"2°03'45.26""",Mars,Capricorn,"1°56'30.07""",0,0.1209,0.1209
2026-01-18 18:15:00,Aspect,Sextitle,Sun,Capricorn,"4°08'37.10""",Saturn,Pisces,"3°11'08.48""",60,59.042,0.958
2026-01-18 18:15:00,Aspect,Conjunction,Mercury,Capricorn,"2°04'47.15""",Mars,Capricorn,"1°56'59.21""",0,0.13,0.13
2026-01-18 18:30:00,Aspect,Sextitle,Sun,Capricorn,"4°09'15.29""",Saturn,Pisces,"3°11'11.59""",60,59.0323,0.9677
2026-01-18 18:30:00,Aspect,Conjunction,Mercury,Capricorn,"2°05'49.04""",Mars,Capricorn,"1°57'28.35""",0,0.1391,0.1391
2026-01-18 18:45:00,Aspect,Sextitle,Sun,Capricorn,"4°09'53.48""",Saturn,Pisces,"3°11'14.70""",60,59.0226,0.9774
2026-01-18 18:45:00,Aspect,Conjunction,Mercury,Capricorn,"2°06'50.94""",Mars,Capricorn,"1°57'57.49""",0,0.1482,0.1482
2026-01-18 19:00:00,Aspect,Sextitle,Sun,Capricorn,"4°10'31.67""",Saturn,Pisces,"3°11'17.82""",60,59.0128,0.9872
2026-01-18 19:00:00,Aspect,Conjunction,Mercury,Capricorn,"2°07'52.83""",Mars,Capricorn,"1°58'26.63""",0,0.1573,0.1573
2026-01-18 19:15:00,Aspect,Sextitle,Sun,Capricorn,"4°11'09.86""",Saturn,Pisces,"3°11'20.93""",60,59.0031,0.9969
2026-01-18 19:15:00,Aspect,Conjunction,Mercury,Capricorn,"2°08'54.73""",Mars,Capricorn,"1°58'55.77""",0,0.1664,0.1664
2026-01-18 19:30:00,Aspect,Conjunction,Mercury,Capricorn,"2°09'56.64""",Mars,Capricorn,"1°59'24.91""",0,0.1755,0.1755
2026-01-18 19:45:00,Aspect,Conjunction,Mercury,Capricorn,"2°10'58.55""",Mars,Capricorn,"1°59'54.04""",0,0.1846,0.1846
2026-01-18 20:00:00,Aspect,Conjunction,Mercury,Capricorn,"2°12'00.46""",Mars,Capricorn,"2°00'23.18""",0,0.1937,0.1937
2026-01-18 20:00:00,Aspect,Sextitle,Mercury,Capricorn,"2°12'00.46""",Saturn,Pisces,"3°11'30.27""",60,60.9916,0.9916
2026-01-18 20:15:00,Aspect,Conjunction,Moon,Capricorn,"1°04'11.27""",Mars,Capricorn,"2°00'52.33""",0,0.9447,0.9447
2026-01-18 20:15:00,Aspect,Conjunction,Mercury,Capricorn,"2°13'02.37""",Mars,Capricorn,"2°00'52.33""",0,0.2028,0.2028
2026-01-18 20:15:00,Aspect,Sextitle,Mercury,Capricorn,"2°13'02.37""",Saturn,Pisces,"3°11'33.39""",60,60.9753,0.9753
2026-01-18 20:30:00,Aspect,Conjunction,Moon,Capricorn,"1°11'58.18""",Mars,Capricorn,"2°01'21.47""",0,0.8231,0.8231
2026-01-18 20:30:00,Aspect,Conjunction,Mercury,Capricorn,"2°14'04.29""",Mars,Capricorn,"2°01'21.47""",0,0.2119,0.2119
2026-01-18 20:30:00,Aspect,Sextitle,Mercury,Capricorn,"2°14'04.29""",Saturn,Pisces,"3°11'36.51""",60,60.9589,0.9589
2026-01-18 20:45:00,Aspect,Conjunction,Moon,Capricorn,"1°19'45.15""",Mercury,Capricorn,"2°15'06.21""",0,0.9225,0.9225
2026-01-18 20:45:00,Aspect,Conjunction,Moon,Capricorn,"1°19'45.15""",Mars,Capricorn,"2°01'50.61""",0,0.7015,0.7015
2026-01-18 20:45:00,Aspect,Conjunction,Mercury,Capricorn,"2°15'06.21""",Mars,Capricorn,"2°01'50.61""",0,0.221,0.221
2026-01-18 20:45:00,Aspect,Sextitle,Mercury,Capricorn,"2°15'06.21""",Saturn,Pisces,"3°11'39.62""",60,60.9426,0.9426
2026-01-18 21:00:00,Aspect,Conjunction,Moon,Capricorn,"1°27'32.20""",Mercury,Capricorn,"2°16'08.14""",0,0.81,0.81
2026-01-18 21:00:00,Aspect,Conjunction,Moon,Capricorn,"1°27'32.20""",Mars,Capricorn,"2°02'19.75""",0,0.5799,0.5799
2026-01-18 21:00:00,Aspect,Conjunction,Mercury,Capricorn,"2°16'08.14""",Mars,Capricorn,"2°02'19.75""",0,0.2301,0.2301
2026-01-18 21:00:00,Aspect,Sextitle,Mercury,Capricorn,"2°16'08.14""",Saturn,Pisces,"3°11'42.74""",60,60.9263,0.9263
2026-01-18 21:15:00,Aspect,Conjunction,Moon,Capricorn,"1°35'19.32""",Mercury,Capricorn,"2°17'10.07""",0,0.6974,0.6974
2026-01-18 21:15:00,Aspect,Conjunction,Moon,Capricorn,"1°35'19.32""",Mars,Capricorn,"2°02'48.89""",0,0.4582,0.4582
2026-01-18 21:15:00,Aspect,Conjunction,Mercury,Capricorn,"2°17'10.07""",Mars,Capricorn,"2°02'48.89""",0,0.2392,0.2392
2026-01-18 21:15:00,Aspect,Sextitle,Mercury,Capricorn,"2°17'10.07""",Saturn,Pisces,"3°11'45.86""",60,60.9099,0.9099
2026-01-18 21:30:00,Aspect,Conjunction,Moon,Capricorn,"1°43'06.51""",Mercury,Capricorn,"2°18'12.00""",0,0.5849,0.5849
2026-01-18 21:30:00,Aspect,Conjunction,Moon,Capricorn,"1°43'06.51""",Mars,Capricorn,"2°03'18.03""",0,0.3365,0.3365
2026-01-18 21:30:00,Aspect,Conjunction,Mercury,Capricorn,"2°18'12.00""",Mars,Capricorn,"2°03'18.03""",0,0.2483,0.2483
2026-01-18 21:30:00,Aspect,Sextitle,Mercury,Capricorn,"2°18'12.00""",Saturn,Pisces,"3°11'48.98""",60,60.8936,0.8936
2026-01-18 21:45:00,Aspect,Conjunction,Moon,Capricorn,"1°50'53.77""",Mercury,Capricorn,"2°19'13.94""",0,0.4723,0.4723
2026-01-18 21:45:00,Aspect,Conjunction,Moon,Capricorn,"1°50'53.77""",Mars,Capricorn,"2°03'47.17""",0,0.2148,0.2148
2026-01-18 21:45:00,Aspect,Conjunction,Mercury,Capricorn,"2°19'13.94""",Mars,Capricorn,"2°03'47.17""",0,0.2574,0.2574
2026-01-18 21:45:00,Aspect,Sextitle,Mercury,Capricorn,"2°19'13.94""",Saturn,Pisces,"3°11'52.10""",60,60.8773,0.8773
2026-01-18 22:00:00,Aspect,Conjunction,Moon,Capricorn,"1°58'41.10""",Mercury,Capricorn,"2°20'15.88""",0,0.3597,0.3597
2026-01-18 22:00:00,Aspect,Conjunction,Moon,Capricorn,"1°58'41.10""",Mars,Capricorn,"2°04'16.31""",0,0.0931,0.0931
2026-01-18 22:00:00,Aspect,Conjunction,Mercury,Capricorn,"2°20'15.88""",Mars,Capricorn,"2°04'16.31""",0,0.2665,0.2665
2026-01-18 22:00:00,Aspect,Sextitle,Mercury,Capricorn,"2°20'15.88""",Saturn,Pisces,"3°11'55.22""",60,60.8609,0.8609
2026-01-18 22:15:00,Aspect,Conjunction,Moon,Capricorn,"2°06'28.50""",Mercury,Capricorn,"2°21'17.82""",0,0.247,0.247
2026-01-18 22:15:00,Aspect,Conjunction,Moon,Capricorn,"2°06'28.50""",Mars,Capricorn,"2°04'45.45""",0,0.0286,0.0286
2026-01-18 22:15:00,Aspect,Conjunction,Mercury,Capricorn,"2°21'17.82""",Mars,Capricorn,"2°04'45.45""",0,0.2757,0.2757
2026-01-18 22:15:00,Aspect,Sextitle,Mercury,Capricorn,"2°21'17.82""",Saturn,Pisces,"3°11'58.34""",60,60.8446,0.8446
2026-01-18 22:30:00,Aspect,Conjunction,Moon,Capricorn,"2°14'15.97""",Mercury,Capricorn,"2°22'19.77""",0,0.1344,0.1344
2026-01-18 22:30:00,Aspect,Conjunction,Moon,Capricorn,"2°14'15.97""",Mars,Capricorn,"2°05'14.60""",0,0.1504,0.1504
2026-01-18 22:30:00,Aspect,Sextitle,Moon,Capricorn,"2°14'15.97""",Saturn,Pisces,"3°12'01.46""",60,60.9626,0.9626
2026-01-18 22:30:00,Aspect,Conjunction,Mercury,Capricorn,"2°22'19.77""",Mars,Capricorn,"2°05'14.60""",0,0.2848,0.2848
2026-01-18 22:30:00,Aspect,Sextitle,Mercury,Capricorn,"2°22'19.77""",Saturn,Pisces,"3°12'01.46""",60,60.8282,0.8282
2026-01-18 22:45:00,Aspect,Conjunction,Moon,Capricorn,"2°22'03.52""",Mercury,Capricorn,"2°23'21.72""",0,0.0217,0.0217
2026-01-18 22:45:00,Aspect,Conjunction,Moon,Capricorn,"2°22'03.52""",Mars,Capricorn,"2°05'43.74""",0,0.2722,0.2722
2026-01-18 22:45:00,Aspect,Sextitle,Moon,Capricorn,"2°22'03.52""",Saturn,Pisces,"3°12'04.58""",60,60.8336,0.8336
2026-01-18 22:45:00,Aspect,Conjunction,Mercury,Capricorn,"2°23'21.72""",Mars,Capricorn,"2°05'43.74""",0,0.2939,0.2939
2026-01-18 22:45:00,Aspect,Sextitle,Mercury,Capricorn,"2°23'21.72""",Saturn,Pisces,"3°12'04.58""",60,60.8119,0.8119
2026-01-18 23:00:00,Aspect,Conjunction,Moon,Capricorn,"2°29'51.13""",Mercury,Capricorn,"2°24'23.67""",0,0.091,0.091
2026-01-18 23:00:00,Aspect,Conjunction,Moon,Capricorn,"2°29'51.13""",Mars,Capricorn,"2°06'12.88""",0,0.394,0.394
2026-01-18 23:00:00,Aspect,Sextitle,Moon,Capricorn,"2°29'51.13""",Saturn,Pisces,"3°12'07.70""",60,60.7046,0.7046
2026-01-18 23:00:00,Aspect,Conjunction,Mercury,Capricorn,"2°24'23.67""",Mars,Capricorn,"2°06'12.88""",0,0.303,0.303
2026-01-18 23:00:00,Aspect,Sextitle,Mercury,Capricorn,"2°24'23.67""",Saturn,Pisces,"3°12'07.70""",60,60.7956,0.7956
2026-01-18 23:15:00,Aspect,Conjunction,Moon,Capricorn,"2°37'38.81""",Mercury,Capricorn,"2°25'25.63""",0,0.2037,0.2037
2026-01-18 23:15:00,Aspect,Conjunction,Moon,Capricorn,"2°37'38.81""",Mars,Capricorn,"2°06'42.02""",0,0.5158,0.5158
2026-01-18 23:15:00,Aspect,Sextitle,Moon,Capricorn,"2°37'38.81""",Saturn,Pisces,"3°12'10.82""",60,60.5756,0.5756
2026-01-18 23:15:00,Aspect,Conjunction,Mercury,Capricorn,"2°25'25.63""",Mars,Capricorn,"2°06'42.02""",0,0.3121,0.3121
2026-01-18 23:15:00,Aspect,Sextitle,Mercury,Capricorn,"2°25'25.63""",Saturn,Pisces,"3°12'10.82""",60,60.7792,0.7792
2026-01-18 23:30:00,Aspect,Conjunction,Moon,Capricorn,"2°45'26.57""",Mercury,Capricorn,"2°26'27.59""",0,0.3164,0.3164
2026-01-18 23:30:00,Aspect,Conjunction,Moon,Capricorn,"2°45'26.57""",Mars,Capricorn,"2°07'11.17""",0,0.6376,0.6376
2026-01-18 23:30:00,Aspect,Sextitle,Moon,Capricorn,"2°45'26.57""",Saturn,Pisces,"3°12'13.94""",60,60.4465,0.4465
2026-01-18 23:30:00,Aspect,Conjunction,Mercury,Capricorn,"2°26'27.59""",Mars,Capricorn,"2°07'11.17""",0,0.3212,0.3212
2026-01-18 23:30:00,Aspect,Sextitle,Mercury,Capricorn,"2°26'27.59""",Saturn,Pisces,"3°12'13.94""",60,60.7629,0.7629
2026-01-18 23:45:00,Aspect,Conjunction,Moon,Capricorn,"2°53'14.39""",Mercury,Capricorn,"2°27'29.56""",0,0.4291,0.4291
2026-01-18 23:45:00,Aspect,Conjunction,Moon,Capricorn,"2°53'14.39""",Mars,Capricorn,"2°07'40.31""",0,0.7595,0.7595
2026-01-18 23:45:00,Aspect,Sextitle,Moon,Capricorn,"2°53'14.39""",Saturn,Pisces,"3°12'17.07""",60,60.3174,0.3174
2026-01-18 23:45:00,Aspect,Conjunction,Mercury,Capricorn,"2°27'29.56""",Mars,Capricorn,"2°07'40.31""",0,0.3303,0.3303
2026-01-18 23:45:00,Aspect,Sextitle,Mercury,Capricorn,"2°27'29.56""",Saturn,Pisces,"3°12'17.07""",60,60.7465,0.7465
2026-01-19 00:00:00,Aspect,Conjunction,Moon,Capricorn,"3°01'02.29""",Mercury,Capricorn,"2°28'31.52""",0,0.5419,0.5419
2026-01-19 00:00:00,Aspect,Conjunction,Moon,Capricorn,"3°01'02.29""",Mars,Capricorn,"2°08'09.45""",0,0.8813,0.8813
2026-01-19 00:00:00,Aspect,Sextitle,Moon,Capricorn,"3°01'02.29""",Saturn,Pisces,"3°12'20.19""",60,60.1883,0.1883
2026-01-19 00:00:00,Aspect,Conjunction,Mercury,Capricorn,"2°28'31.52""",Mars,Capricorn,"2°08'09.45""",0,0.3395,0.3395
2026-01-19 00:00:00,Aspect,Sextitle,Mercury,Capricorn,"2°28'31.52""",Saturn,Pisces,"3°12'20.19""",60,60.7302,0.7302
2026-01-19 00:15:00,Aspect,Conjunction,Moon,Capricorn,"3°08'50.25""",Mercury,Capricorn,"2°29'33.50""",0,0.6547,0.6547
2026-01-19 00:15:00,Aspect,Sextitle,Moon,Capricorn,"3°08'50.25""",Saturn,Pisces,"3°12'23.31""",60,60.0592,0.0592
2026-01-19 00:15:00,Aspect,Conjunction,Mercury,Capricorn,"2°29'33.50""",Mars,Capricorn,"2°08'38.59""",0,0.3486,0.3486
2026-01-19 00:15:00,Aspect,Sextitle,Mercury,Capricorn,"2°29'33.50""",Saturn,Pisces,"3°12'23.31""",60,60.7138,0.7138
2026-01-19 00:30:00,Aspect,Conjunction,Moon,Capricorn,"3°16'38.29""",Mercury,Capricorn,"2°30'35.47""",0,0.7674,0.7674
2026-01-19 00:30:00,Aspect,Sextitle,Moon,Capricorn,"3°16'38.29""",Saturn,Pisces,"3°12'26.44""",60,59.93,0.07
2026-01-19 00:30:00,Aspect,Conjunction,Mercury,Capricorn,"2°30'35.47""",Mars,Capricorn,"2°09'07.74""",0,0.3577,0.3577
2026-01-19 00:30:00,Aspect,Sextitle,Mercury,Capricorn,"2°30'35.47""",Saturn,Pisces,"3°12'26.44""",60,60.6975,0.6975
2026-01-19 00:45:00,Aspect,Conjunction,Moon,Capricorn,"3°24'26.40""",Mercury,Capricorn,"2°31'37.45""",0,0.8803,0.8803
2026-01-19 00:45:00,Aspect,Sextitle,Moon,Capricorn,"3°24'26.40""",Saturn,Pisces,"3°12'29.56""",60,59.8009,0.1991
2026-01-19 00:45:00,Aspect,Conjunction,Mercury,Capricorn,"2°31'37.45""",Mars,Capricorn,"2°09'36.88""",0,0.3668,0.3668
2026-01-19 00:45:00,Aspect,Sextitle,Mercury,Capricorn,"2°31'37.45""",Saturn,Pisces,"3°12'29.56""",60,60.6811,0.6811
2026-01-19 01:00:00,Aspect,Conjunction,Sun,Capricorn,"4°25'48.21""",Moon,Capricorn,"3°32'14.58""",0,0.8927,0.8927
2026-01-19 01:00:00,Aspect,Conjunction,Moon,Capricorn,"3°32'14.58""",Mercury,Capricorn,"2°32'39.43""",0,0.9931,0.9931
2026-01-19 01:00:00,Aspect,Sextitle,Moon,Capricorn,"3°32'14.58""",Saturn,Pisces,"3°12'32.69""",60,59.6717,0.3283
2026-01-19 01:00:00,Aspect,Conjunction,Mercury,Capricorn,"2°32'39.43""",Mars,Capricorn,"2°10'06.03""",0,0.3759,0.3759
2026-01-19 01:00:00,Aspect,Sextitle,Mercury,Capricorn,"2°32'39.43""",Saturn,Pisces,"3°12'32.69""",60,60.6648,0.6648
2026-01-19 01:15:00,Aspect,Conjunction,Sun,Capricorn,"4°26'26.40""",Moon,Capricorn,"3°40'02.83""",0,0.7732,0.7732
2026-01-19 01:15:00,Aspect,Sextitle,Moon,Capricorn,"3°40'02.83""",Saturn,Pisces,"3°12'35.81""",60,59.5425,0.4575
2026-01-19 01:15:00,Aspect,Conjunction,Mercury,Capricorn,"2°33'41.42""",Mars,Capricorn,"2°10'35.17""",0,0.3851,0.3851
2026-01-19 01:15:00,Aspect,Sextitle,Mercury,Capricorn,"2°33'41.42""",Saturn,Pisces,"3°12'35.81""",60,60.6484,0.6484
2026-01-19 01:30:00,Aspect,Conjunction,Sun,Capricorn,"4°27'04.59""",Moon,Capricorn,"3°47'51.15""",0,0.6537,0.6537
2026-01-19 01:30:00,Aspect,Sextitle,Moon,Capricorn,"3°47'51.15""",Saturn,Pisces,"3°12'38.94""",60,59.4133,0.5867
2026-01-19 01:30:00,Aspect,Conjunction,Mercury,Capricorn,"2°34'43.41""",Mars,Capricorn,"2°11'04.31""",0,0.3942,0.3942
2026-01-19 01:30:00,Aspect,Sextitle,Mercury,Capricorn,"2°34'43.41""",Saturn,Pisces,"3°12'38.94""",60,60.6321,0.6321
2026-01-19 01:45:00,Aspect,Conjunction,Sun,Capricorn,"4°27'42.78""",Moon,Capricorn,"3°55'39.54""",0,0.5342,0.5342
2026-01-19 01:45:00,Aspect,Sextitle,Moon,Capricorn,"3°55'39.54""",Saturn,Pisces,"3°12'42.07""",60,59.284,0.716
2026-01-19 01:45:00,Aspect,Conjunction,Mercury,Capricorn,"2°35'45.40""",Mars,Capricorn,"2°11'33.46""",0,0.4033,0.4033
2026-01-19 01:45:00,Aspect,Sextitle,Mercury,Capricorn,"2°35'45.40""",Saturn,Pisces,"3°12'42.07""",60,60.6157,0.6157
2026-01-19 02:00:00,Aspect,Conjunction,Sun,Capricorn,"4°28'20.97""",Moon,Capricorn,"4°03'28.00""",0,0.4147,0.4147
2026-01-19 02:00:00,Aspect,Sextitle,Moon,Capricorn,"4°03'28.00""",Saturn,Pisces,"3°12'45.19""",60,59.1548,0.8452
2026-01-19 02:00:00,Aspect,Conjunction,Mercury,Capricorn,"2°36'47.40""",Mars,Capricorn,"2°12'02.60""",0,0.4124,0.4124
2026-01-19 02:00:00,Aspect,Sextitle,Mercury,Capricorn,"2°36'47.40""",Saturn,Pisces,"3°12'45.19""",60,60.5994,0.5994
2026-01-19 02:15:00,Aspect,Conjunction,Sun,Capricorn,"4°28'59.15""",Moon,Capricorn,"4°11'16.53""",0,0.2952,0.2952
2026-01-19 02:15:00,Aspect,Sextitle,Moon,Capricorn,"4°11'16.53""",Saturn,Pisces,"3°12'48.32""",60,59.0255,0.9745
2026-01-19 02:15:00,Aspect,Conjunction,Mercury,Capricorn,"2°37'49.40""",Mars,Capricorn,"2°12'31.75""",0,0.4216,0.4216
2026-01-19 02:15:00,Aspect,Sextitle,Mercury,Capricorn,"2°37'49.40""",Saturn,Pisces,"3°12'48.32""",60,60.583,0.583
2026-01-19 02:30:00,Aspect,Conjunction,Sun,Capricorn,"4°29'37.34""",Moon,Capricorn,"4°19'05.14""",0,0.1756,0.1756
2026-01-19 02:30:00,Aspect,Conjunction,Mercury,Capricorn,"2°38'51.40""",Mars,Capricorn,"2°13'00.89""",0,0.4307,0.4307
2026-01-19 02:30:00,Aspect,Sextitle,Mercury,Capricorn,"2°38'51.40""",Saturn,Pisces,"3°12'51.45""",60,60.5667,0.5667
2026-01-19 02:30:00,Aspect,Sextitle,Mars,Capricorn,"2°13'00.89""",Saturn,Pisces,"3°12'51.45""",60,60.9974,0.9974
2026-01-19 02:45:00,Aspect,Conjunction,Sun,Capricorn,"4°30'15.53""",Moon,Capricorn,"4°26'53.81""",0,0.056,0.056
2026-01-19 02:45:00,Aspect,Conjunction,Mercury,Capricorn,"2°39'53.41""",Mars,Capricorn,"2°13'30.04""",0,0.4398,0.4398
2026-01-19 02:45:00,Aspect,Sextitle,Mercury,Capricorn,"2°39'53.41""",Saturn,Pisces,"3°12'54.58""",60,60.5503,0.5503
2026-01-19 02:45:00,Aspect,Sextitle,Mars,Capricorn,"2°13'30.04""",Saturn,Pisces,"3°12'54.58""",60,60.9901,0.9901
2026-01-19 03:00:00,Aspect,Conjunction,Sun,Capricorn,"4°30'53.72""",Moon,Capricorn,"4°34'42.56""",0,0.0636,0.0636
2026-01-19 03:00:00,Aspect,Conjunction,Mercury,Capricorn,"2°40'55.42""",Mars,Capricorn,"2°13'59.18""",0,0.449,0.449
2026-01-19 03:00:00,Aspect,Sextitle,Mercury,Capricorn,"2°40'55.42""",Saturn,Pisces,"3°12'57.71""",60,60.534,0.534
2026-01-19 03:00:00,Aspect,Sextitle,Mars,Capricorn,"2°13'59.18""",Saturn,Pisces,"3°12'57.71""",60,60.9829,0.9829
2026-01-19 03:15:00,Aspect,Conjunction,Sun,Capricorn,"4°31'31.91""",Moon,Capricorn,"4°42'31.38""",0,0.1832,0.1832
2026-01-19 03:15:00,Aspect,Conjunction,Mercury,Capricorn,"2°41'57.43""",Mars,Capricorn,"2°14'28.33""",0,0.4581,0.4581
2026-01-19 03:15:00,Aspect,Sextitle,Mercury,Capricorn,"2°41'57.43""",Saturn,Pisces,"3°13'00.84""",60,60.5176,0.5176
2026-01-19 03:15:00,Aspect,Sextitle,Mars,Capricorn,"2°14'28.33""",Saturn,Pisces,"3°13'00.84""",60,60.9757,0.9757
2026-01-19 03:30:00,Aspect,Conjunction,Sun,Capricorn,"4°32'10.09""",Moon,Capricorn,"4°50'20.27""",0,0.3028,0.3028
2026-01-19 03:30:00,Aspect,Conjunction,Mercury,Capricorn,"2°42'59.45""",Mars,Capricorn,"2°14'57.48""",0,0.4672,0.4672
2026-01-19 03:30:00,Aspect,Sextitle,Mercury,Capricorn,"2°42'59.45""",Saturn,Pisces,"3°13'03.97""",60,60.5013,0.5013
2026-01-19 03:30:00,Aspect,Sextitle,Mars,Capricorn,"2°14'57.48""",Saturn,Pisces,"3°13'03.97""",60,60.9685,0.9685
2026-01-19 03:45:00,Aspect,Conjunction,Sun,Capricorn,"4°32'48.28""",Moon,Capricorn,"4°58'09.23""",0,0.4225,0.4225
2026-01-19 03:45:00,Aspect,Conjunction,Mercury,Capricorn,"2°44'01.47""",Mars,Capricorn,"2°15'26.62""",0,0.4763,0.4763
2026-01-19 03:45:00,Aspect,Sextitle,Mercury,Capricorn,"2°44'01.47""",Saturn,Pisces,"3°13'07.10""",60,60.4849,0.4849
2026-01-19 03:45:00,Aspect,Sextitle,Mars,Capricorn,"2°15'26.62""",Saturn,Pisces,"3°13'07.10""",60,60.9612,0.9612
2026-01-19 04:00:00,Aspect,Conjunction,Sun,Capricorn,"4°33'26.47""",Moon,Capricorn,"5°05'58.26""",0,0.5422,0.5422
2026-01-19 04:00:00,Aspect,Conjunction,Mercury,Capricorn,"2°45'03.50""",Mars,Capricorn,"2°15'55.77""",0,0.4855,0.4855
2026-01-19 04:00:00,Aspect,Sextitle,Mercury,Capricorn,"2°45'03.50""",Saturn,Pisces,"3°13'10.23""",60,60.4685,0.4685
2026-01-19 04:00:00,Aspect,Sextitle,Mars,Capricorn,"2°15'55.77""",Saturn,Pisces,"3°13'10.23""",60,60.954,0.954
2026-01-19 04:15:00,Aspect,Conjunction,Sun,Capricorn,"4°34'04.66""",Moon,Capricorn,"5°13'47.36""",0,0.6619,0.6619
2026-01-19 04:15:00,Aspect,Conjunction,Mercury,Capricorn,"2°46'05.53""",Mars,Capricorn,"2°16'24.92""",0,0.4946,0.4946
2026-01-19 04:15:00,Aspect,Sextitle,Mercury,Capricorn,"2°46'05.53""",Saturn,Pisces,"3°13'13.36""",60,60.4522,0.4522
2026-01-19 04:15:00,Aspect,Sextitle,Mars,Capricorn,"2°16'24.92""",Saturn,Pisces,"3°13'13.36""",60,60.9468,0.9468
2026-01-19 04:30:00,Aspect,Conjunction,Sun,Capricorn,"4°34'42.84""",Moon,Capricorn,"5°21'36.53""",0,0.7816,0.7816
2026-01-19 04:30:00,Aspect,Conjunction,Mercury,Capricorn,"2°47'07.56""",Mars,Capricorn,"2°16'54.06""",0,0.5037,0.5037
2026-01-19 04:30:00,Aspect,Sextitle,Mercury,Capricorn,"2°47'07.56""",Saturn,Pisces,"3°13'16.49""",60,60.4358,0.4358
2026-01-19 04:30:00,Aspect,Sextitle,Mars,Capricorn,"2°16'54.06""",Saturn,Pisces,"3°13'16.49""",60,60.9396,0.9396
2026-01-19 04:45:00,Aspect,Conjunction,Sun,Capricorn,"4°35'21.03""",Moon,Capricorn,"5°29'25.78""",0,0.9013,0.9013
2026-01-19 04:45:00,Aspect,Conjunction,Mercury,Capricorn,"2°48'09.59""",Mars,Capricorn,"2°17'23.21""",0,0.5129,0.5129
2026-01-19 04:45:00,Aspect,Sextitle,Mercury,Capricorn,"2°48'09.59""",Saturn,Pisces,"3°13'19.63""",60,60.4195,0.4195
2026-01-19 04:45:00,Aspect,Sextitle,Mars,Capricorn,"2°17'23.21""",Saturn,Pisces,"3°13'19.63""",60,60.9323,0.9323
2026-01-19 05:00:00,Aspect,Conjunction,Mercury,Capricorn,"2°49'11.63""",Mars,Capricorn,"2°17'52.36""",0,0.522,0.522
2026-01-19 05:00:00,Aspect,Sextitle,Mercury,Capricorn,"2°49'11.63""",Saturn,Pisces,"3°13'22.76""",60,60.4031,0.4031
2026-01-19 05:00:00,Aspect,Sextitle,Mars,Capricorn,"2°17'52.36""",Saturn,Pisces,"3°13'22.76""",60,60.9251,0.9251
2026-01-19 05:15:00,Aspect,Conjunction,Mercury,Capricorn,"2°50'13.68""",Mars,Capricorn,"2°18'21.50""",0,0.5312,0.5312
2026-01-19 05:15:00,Aspect,Sextitle,Mercury,Capricorn,"2°50'13.68""",Saturn,Pisces,"3°13'25.89""",60,60.3867,0.3867
2026-01-19 05:15:00,Aspect,Sextitle,Mars,Capricorn,"2°18'21.50""",Saturn,Pisces,"3°13'25.89""",60,60.9179,0.9179
2026-01-19 05:30:00,Aspect,Conjunction,Mercury,Capricorn,"2°51'15.72""",Mars,Capricorn,"2°18'50.65""",0,0.5403,0.5403
2026-01-19 05:30:00,Aspect,Sextitle,Mercury,Capricorn,"2°51'15.72""",Saturn,Pisces,"3°13'29.03""",60,60.3704,0.3704
2026-01-19 05:30:00,Aspect,Sextitle,Mars,Capricorn,"2°18'50.65""",Saturn,Pisces,"3°13'29.03""",60,60.9107,0.9107
2026-01-19 05:45:00,Aspect,Conjunction,Mercury,Capricorn,"2°52'17.77""",Mars,Capricorn,"2°19'19.80""",0,0.5494,0.5494
2026-01-19 05:45:00,Aspect,Sextitle,Mercury,Capricorn,"2°52'17.77""",Saturn,Pisces,"3°13'32.16""",60,60.354,0.354
2026-01-19 05:45:00,Aspect,Sextitle,Mars,Capricorn,"2°19'19.80""",Saturn,Pisces,"3°13'32.16""",60,60.9034,0.9034
2026-01-19 06:00:00,Aspect,Conjunction,Mercury,Capricorn,"2°53'19.83""",Mars,Capricorn,"2°19'48.95""",0,0.5586,0.5586
2026-01-19 06:00:00,Aspect,Sextitle,Mercury,Capricorn,"2°53'19.83""",Saturn,Pisces,"3°13'35.30""",60,60.3376,0.3376
2026-01-19 06:00:00,Aspect,Sextitle,Mars,Capricorn,"2°19'48.95""",Saturn,Pisces,"3°13'35.30""",60,60.8962,0.8962
2026-01-19 06:15:00,Aspect,Conjunction,Mercury,Capricorn,"2°54'21.88""",Mars,Capricorn,"2°20'18.09""",0,0.5677,0.5677
2026-01-19 06:15:00,Aspect,Sextitle,Mercury,Capricorn,"2°54'21.88""",Saturn,Pisces,"3°13'38.43""",60,60.3213,0.3213
2026-01-19 06:15:00,Aspect,Sextitle,Mars,Capricorn,"2°20'18.09""",Saturn,Pisces,"3°13'38.43""",60,60.889,0.889
2026-01-19 06:30:00,Aspect,Conjunction,Mercury,Capricorn,"2°55'23.94""",Mars,Capricorn,"2°20'47.24""",0,0.5769,0.5769
2026-01-19 06:30:00,Aspect,Sextitle,Mercury,Capricorn,"2°55'23.94""",Saturn,Pisces,"3°13'41.57""",60,60.3049,0.3049
2026-01-19 06:30:00,Aspect,Sextitle,Mars,Capricorn,"2°20'47.24""",Saturn,Pisces,"3°13'41.57""",60,60.8818,0.8818
2026-01-19 06:45:00,Aspect,Conjunction,Mercury,Capricorn,"2°56'26.01""",Mars,Capricorn,"2°21'16.39""",0,0.586,0.586
2026-01-19 06:45:00,Aspect,Sextitle,Mercury,Capricorn,"2°56'26.01""",Saturn,Pisces,"3°13'44.71""",60,60.2885,0.2885
2026-01-19 06:45:00,Aspect,Sextitle,Mars,Capricorn,"2°21'16.39""",Saturn,Pisces,"3°13'44.71""",60,60.8745,0.8745
2026-01-19 07:00:00,Aspect,Conjunction,Moon,Capricorn,"6°39'52.19""",Venus,Capricorn,"7°37'30.98""",0,0.9608,0.9608
2026-01-19 07:00:00,Aspect,Conjunction,Mercury,Capricorn,"2°57'28.08""",Mars,Capricorn,"2°21'45.54""",0,0.5951,0.5951
2026-01-19 07:00:00,Aspect,Sextitle,Mercury,Capricorn,"2°57'28.08""",Saturn,Pisces,"3°13'47.84""",60,60.2722,0.2722
2026-01-19 07:00:00,Aspect,Sextitle,Mars,Capricorn,"2°21'45.54""",Saturn,Pisces,"3°13'47.84""",60,60.8673,0.8673
2026-01-19 07:15:00,Aspect,Conjunction,Moon,Capricorn,"6°47'42.14""",Venus,Capricorn,"7°38'18.12""",0,0.8433,0.8433
2026-01-19 07:15:00,Aspect,Conjunction,Mercury,Capricorn,"2°58'30.15""",Mars,Capricorn,"2°22'14.69""",0,0.6043,0.6043
2026-01-19 07:15:00,Aspect,Sextitle,Mercury,Capricorn,"2°58'30.15""",Saturn,Pisces,"3°13'50.98""",60,60.2558,0.2558
2026-01-19 07:15:00,Aspect,Sextitle,Mars,Capricorn,"2°22'14.69""",Saturn,Pisces,"3°13'50.98""",60,60.8601,0.8601
2026-01-19 07:30:00,Aspect,Conjunction,Moon,Capricorn,"6°55'32.17""",Venus,Capricorn,"7°39'05.27""",0,0.7259,0.7259
2026-01-19 07:30:00,Aspect,Conjunction,Mercury,Capricorn,"2°59'32.22""",Mars,Capricorn,"2°22'43.84""",0,0.6134,0.6134
2026-01-19 07:30:00,Aspect,Sextitle,Mercury,Capricorn,"2°59'32.22""",Saturn,Pisces,"3°13'54.12""",60,60.2394,0.2394
2026-01-19 07:30:00,Aspect,Sextitle,Mars,Capricorn,"2°22'43.84""",Saturn,Pisces,"3°13'54.12""",60,60.8529,0.8529
2026-01-19 07:45:00,Aspect,Conjunction,Moon,Capricorn,"7°03'22.27""",Venus,Capricorn,"7°39'52.41""",0,0.6084,0.6084
2026-01-19 07:45:00,Aspect,Conjunction,Mercury,Capricorn,"3°00'34.30""",Mars,Capricorn,"2°23'12.99""",0,0.6226,0.6226
2026-01-19 07:45:00,Aspect,Sextitle,Mercury,Capricorn,"3°00'34.30""",Saturn,Pisces,"3°13'57.26""",60,60.223,0.223
2026-01-19 07:45:00,Aspect,Sextitle,Mars,Capricorn,"2°23'12.99""",Saturn,Pisces,"3°13'57.26""",60,60.8456,0.8456
2026-01-19 08:00:00,Aspect,Conjunction,Moon,Capricorn,"7°11'12.44""",Venus,Capricorn,"7°40'39.56""",0,0.4909,0.4909
2026-01-19 08:00:00,Aspect,Conjunction,Mercury,Capricorn,"3°01'36.38""",Mars,Capricorn,"2°23'42.14""",0,0.6317,0.6317
2026-01-19 08:00:00,Aspect,Sextitle,Mercury,Capricorn,"3°01'36.38""",Saturn,Pisces,"3°14'00.40""",60,60.2067,0.2067
2026-01-19 08:00:00,Aspect,Sextitle,Mars,Capricorn,"2°23'42.14""",Saturn,Pisces,"3°14'00.40""",60,60.8384,0.8384
2026-01-19 08:15:00,Aspect,Conjunction,Moon,Capricorn,"7°19'02.69""",Venus,Capricorn,"7°41'26.70""",0,0.3733,0.3733
2026-01-19 08:15:00,Aspect,Conjunction,Mercury,Capricorn,"3°02'38.47""",Mars,Capricorn,"2°24'11.29""",0,0.6409,0.6409
2026-01-19 08:15:00,Aspect,Sextitle,Mercury,Capricorn,"3°02'38.47""",Saturn,Pisces,"3°14'03.54""",60,60.1903,0.1903
2026-01-19 08:15:00,Aspect,Sextitle,Mars,Capricorn,"2°24'11.29""",Saturn,Pisces,"3°14'03.54""",60,60.8312,0.8312
2026-01-19 08:30:00,Aspect,Conjunction,Moon,Capricorn,"7°26'53.00""",Venus,Capricorn,"7°42'13.85""",0,0.2558,0.2558
2026-01-19 08:30:00,Aspect,Conjunction,Mercury,Capricorn,"3°03'40.56""",Mars,Capricorn,"2°24'40.44""",0,0.65,0.65
2026-01-19 08:30:00,Aspect,Sextitle,Mercury,Capricorn,"3°03'40.56""",Saturn,Pisces,"3°14'06.68""",60,60.1739,0.1739
2026-01-19 08:30:00,Aspect,Sextitle,Mars,Capricorn,"2°24'40.44""",Saturn,Pisces,"3°14'06.68""",60,60.824,0.824
2026-01-19 08:45:00,Aspect,Conjunction,Moon,Capricorn,"7°34'43.39""",Venus,Capricorn,"7°43'00.99""",0,0.1382,0.1382
2026-01-19 08:45:00,Aspect,Conjunction,Mercury,Capricorn,"3°04'42.65""",Mars,Capricorn,"2°25'09.59""",0,0.6592,0.6592
2026-01-19 08:45:00,Aspect,Sextitle,Mercury,Capricorn,"3°04'42.65""",Saturn,Pisces,"3°14'09.82""",60,60.1575,0.1575
2026-01-19 08:45:00,Aspect,Sextitle,Mars,Capricorn,"2°25'09.59""",Saturn,Pisces,"3°14'09.82""",60,60.8167,0.8167
2026-01-19 09:00:00,Aspect,Conjunction,Moon,Capricorn,"7°42'33.85""",Venus,Capricorn,"7°43'48.14""",0,0.0206,0.0206
2026-01-19 09:00:00,Aspect,Conjunction,Mercury,Capricorn,"3°05'44.75""",Mars,Capricorn,"2°25'38.74""",0,0.6683,0.6683
2026-01-19 09:00:00,Aspect,Sextitle,Mercury,Capricorn,"3°05'44.75""",Saturn,Pisces,"3°14'12.96""",60,60.1412,0.1412
2026-01-19 09:00:00,Aspect,Sextitle,Mars,Capricorn,"2°25'38.74""",Saturn,Pisces,"3°14'12.96""",60,60.8095,0.8095
2026-01-19 09:15:00,Aspect,Conjunction,Moon,Capricorn,"7°50'24.38""",Venus,Capricorn,"7°44'35.28""",0,0.097,0.097
2026-01-19 09:15:00,Aspect,Conjunction,Mercury,Capricorn,"3°06'46.85""",Mars,Capricorn,"2°26'07.89""",0,0.6775,0.6775
2026-01-19 09:15:00,Aspect,Sextitle,Mercury,Capricorn,"3°06'46.85""",Saturn,Pisces,"3°14'16.10""",60,60.1248,0.1248
2026-01-19 09:15:00,Aspect,Sextitle,Mars,Capricorn,"2°26'07.89""",Saturn,Pisces,"3°14'16.10""",60,60.8023,0.8023
2026-01-19 09:30:00,Aspect,Conjunction,Moon,Capricorn,"7°58'14.98""",Venus,Capricorn,"7°45'22.43""",0,0.2146,0.2146
2026-01-19 09:30:00,Aspect,Conjunction,Mercury,Capricorn,"3°07'48.95""",Mars,Capricorn,"2°26'37.04""",0,0.6866,0.6866
2026-01-19 09:30:00,Aspect,Sextitle,Mercury,Capricorn,"3°07'48.95""",Saturn,Pisces,"3°14'19.24""",60,60.1084,0.1084
2026-01-19 09:30:00,Aspect,Sextitle,Mars,Capricorn,"2°26'37.04""",Saturn,Pisces,"3°14'19.24""",60,60.7951,0.7951
2026-01-19 09:45:00,Aspect,Conjunction,Moon,Capricorn,"8°06'05.65""",Venus,Capricorn,"7°46'09.57""",0,0.3322,0.3322
2026-01-19 09:45:00,Aspect,Conjunction,Mercury,Capricorn,"3°08'51.06""",Mars,Capricorn,"2°27'06.19""",0,0.6958,0.6958
2026-01-19 09:45:00,Aspect,Sextitle,Mercury,Capricorn,"3°08'51.06""",Saturn,Pisces,"3°14'22.39""",60,60.092,0.092
2026-01-19 09:45:00,Aspect,Sextitle,Mars,Capricorn,"2°27'06.19""",Saturn,Pisces,"3°14'22.39""",60,60.7878,0.7878
2026-01-19 10:00:00,Aspect,Conjunction,Moon,Capricorn,"8°13'56.40""",Venus,Capricorn,"7°46'56.72""",0,0.4499,0.4499
2026-01-19 10:00:00,Aspect,Conjunction,Mercury,Capricorn,"3°09'53.17""",Mars,Capricorn,"2°27'35.34""",0,0.705,0.705
2026-01-19 10:00:00,Aspect,Sextitle,Mercury,Capricorn,"3°09'53.17""",Saturn,Pisces,"3°14'25.53""",60,60.0757,0.0757
2026-01-19 10:00:00,Aspect,Sextitle,Mars,Capricorn,"2°27'35.34""",Saturn,Pisces,"3°14'25.53""",60,60.7806,0.7806
2026-01-19 10:15:00,Aspect,Conjunction,Moon,Capricorn,"8°21'47.21""",Venus,Capricorn,"7°47'43.86""",0,0.5676,0.5676
2026-01-19 10:15:00,Aspect,Conjunction,Mercury,Capricorn,"3°10'55.28""",Mars,Capricorn,"2°28'04.49""",0,0.7141,0.7141
2026-01-19 10:15:00,Aspect,Sextitle,Mercury,Capricorn,"3°10'55.28""",Saturn,Pisces,"3°14'28.67""",60,60.0593,0.0593
2026-01-19 10:15:00,Aspect,Sextitle,Mars,Capricorn,"2°28'04.49""",Saturn,Pisces,"3°14'28.67""",60,60.7734,0.7734
2026-01-19 10:30:00,Aspect,Conjunction,Moon,Capricorn,"8°29'38.10""",Venus,Capricorn,"7°48'31.01""",0,0.6853,0.6853
2026-01-19 10:30:00,Aspect,Conjunction,Mercury,Capricorn,"3°11'57.40""",Mars,Capricorn,"2°28'33.64""",0,0.7233,0.7233
2026-01-19 10:30:00,Aspect,Sextitle,Mercury,Capricorn,"3°11'57.40""",Saturn,Pisces,"3°14'31.82""",60,60.0429,0.0429
2026-01-19 10:30:00,Aspect,Sextitle,Mars,Capricorn,"2°28'33.64""",Saturn,Pisces,"3°14'31.82""",60,60.7662,0.7662
2026-01-19 10:45:00,Aspect,Conjunction,Moon,Capricorn,"8°37'29.06""",Venus,Capricorn,"7°49'18.15""",0,0.803,0.803
2026-01-19 10:45:00,Aspect,Conjunction,Mercury,Capricorn,"3°12'59.52""",Mars,Capricorn,"2°29'02.79""",0,0.7324,0.7324
2026-01-19 10:45:00,Aspect,Sextitle,Mercury,Capricorn,"3°12'59.52""",Saturn,Pisces,"3°14'34.96""",60,60.0265,0.0265
2026-01-19 10:45:00,Aspect,Sextitle,Mars,Capricorn,"2°29'02.79""",Saturn,Pisces,"3°14'34.96""",60,60.7589,0.7589
2026-01-19 11:00:00,Aspect,Conjunction,Moon,Capricorn,"8°45'20.09""",Venus,Capricorn,"7°50'05.29""",0,0.9208,0.9208
2026-01-19 11:00:00,Aspect,Conjunction,Mercury,Capricorn,"3°14'01.65""",Mars,Capricorn,"2°29'31.95""",0,0.7416,0.7416
2026-01-19 11:00:00,Aspect,Sextitle,Mercury,Capricorn,"3°14'01.65""",Saturn,Pisces,"3°14'38.11""",60,60.0101,0.0101
2026-01-19 11:00:00,Aspect,Sextitle,Mars,Capricorn,"2°29'31.95""",Saturn,Pisces,"3°14'38.11""",60,60.7517,0.7517
2026-01-19 11:15:00,Aspect,Conjunction,Mercury,Capricorn,"3°15'03.77""",Mars,Capricorn,"2°30'01.10""",0,0.7507,0.7507
2026-01-19 11:15:00,Aspect,Sextitle,Mercury,Capricorn,"3°15'03.77""",Saturn,Pisces,"3°14'41.25""",60,59.9937,0.0063
2026-01-19 11:15:00,Aspect,Sextitle,Mars,Capricorn,"2°30'01.10""",Saturn,Pisces,"3°14'41.25""",60,60.7445,0.7445
2026-01-19 11:30:00,Aspect,Conjunction,Mercury,Capricorn,"3°16'05.91""",Mars,Capricorn,"2°30'30.25""",0,0.7599,0.7599
2026-01-19 11:30:00,Aspect,Sextitle,Mercury,Capricorn,"3°16'05.91""",Saturn,Pisces,"3°14'44.40""",60,59.9774,0.0226
2026-01-19 11:30:00,Aspect,Sextitle,Mars,Capricorn,"2°30'30.25""",Saturn,Pisces,"3°14'44.40""",60,60.7373,0.7373
2026-01-19 11:45:00,Aspect,Conjunction,Mercury,Capricorn,"3°17'08.04""",Mars,Capricorn,"2°30'59.40""",0,0.7691,0.7691
2026-01-19 11:45:00,Aspect,Sextitle,Mercury,Capricorn,"3°17'08.04""",Saturn,Pisces,"3°14'47.55""",60,59.961,0.039
2026-01-19 11:45:00,Aspect,Sextitle,Mars,Capricorn,"2°30'59.40""",Saturn,Pisces,"3°14'47.55""",60,60.73,0.73
2026-01-19 12:00:00,Aspect,Conjunction,Mercury,Capricorn,"3°18'10.18""",Mars,Capricorn,"2°31'28.55""",0,0.7782,0.7782
2026-01-19 12:00:00,Aspect,Sextitle,Mercury,Capricorn,"3°18'10.18""",Saturn,Pisces,"3°14'50.69""",60,59.9446,0.0554
2026-01-19 12:00:00,Aspect,Sextitle,Mars,Capricorn,"2°31'28.55""",Saturn,Pisces,"3°14'50.69""",60,60.7228,0.7228
2026-01-19 12:15:00,Aspect,Conjunction,Mercury,Capricorn,"3°19'12.32""",Mars,Capricorn,"2°31'57.71""",0,0.7874,0.7874
2026-01-19 12:15:00,Aspect,Sextitle,Mercury,Capricorn,"3°19'12.32""",Saturn,Pisces,"3°14'53.84""",60,59.9282,0.0718
2026-01-19 12:15:00,Aspect,Sextitle,Mars,Capricorn,"2°31'57.71""",Saturn,Pisces,"3°14'53.84""",60,60.7156,0.7156
2026-01-19 12:30:00,Aspect,Conjunction,Mercury,Capricorn,"3°20'14.47""",Mars,Capricorn,"2°32'26.86""",0,0.7966,0.7966
2026-01-19 12:30:00,Aspect,Sextitle,Mercury,Capricorn,"3°20'14.47""",Saturn,Pisces,"3°14'56.99""",60,59.9118,0.0882
2026-01-19 12:30:00,Aspect,Sextitle,Mars,Capricorn,"2°32'26.86""",Saturn,Pisces,"3°14'56.99""",60,60.7084,0.7084
2026-01-19 12:45:00,Aspect,Conjunction,Mercury,Capricorn,"3°21'16.62""",Mars,Capricorn,"2°32'56.01""",0,0.8057,0.8057
2026-01-19 12:45:00,Aspect,Sextitle,Mercury,Capricorn,"3°21'16.62""",Saturn,Pisces,"3°15'00.14""",60,59.8954,0.1046
2026-01-19 12:45:00,Aspect,Sextitle,Mars,Capricorn,"2°32'56.01""",Saturn,Pisces,"3°15'00.14""",60,60.7011,0.7011
2026-01-19 13:00:00,Aspect,Conjunction,Mercury,Capricorn,"3°22'18.77""",Mars,Capricorn,"2°33'25.17""",0,0.8149,0.8149
2026-01-19 13:00:00,Aspect,Sextitle,Mercury,Capricorn,"3°22'18.77""",Saturn,Pisces,"3°15'03.29""",60,59.879,0.121
2026-01-19 13:00:00,Aspect,Sextitle,Mars,Capricorn,"2°33'25.17""",Saturn,Pisces,"3°15'03.29""",60,60.6939,0.6939
2026-01-19 13:15:00,Aspect,Conjunction,Mercury,Capricorn,"3°23'20.93""",Mars,Capricorn,"2°33'54.32""",0,0.8241,0.8241
2026-01-19 13:15:00,Aspect,Sextitle,Mercury,Capricorn,"3°23'20.93""",Saturn,Pisces,"3°15'06.44""",60,59.8626,0.1374
2026-01-19 13:15:00,Aspect,Sextitle,Mars,Capricorn,"2°33'54.32""",Saturn,Pisces,"3°15'06.44""",60,60.6867,0.6867
2026-01-19 13:30:00,Aspect,Conjunction,Mercury,Capricorn,"3°24'23.09""",Mars,Capricorn,"2°34'23.47""",0,0.8332,0.8332
2026-01-19 13:30:00,Aspect,Sextitle,Mercury,Capricorn,"3°24'23.09""",Saturn,Pisces,"3°15'09.59""",60,59.8462,0.1538
2026-01-19 13:30:00,Aspect,Sextitle,Mars,Capricorn,"2°34'23.47""",Saturn,Pisces,"3°15'09.59""",60,60.6795,0.6795
2026-01-19 13:45:00,Aspect,Conjunction,Mercury,Capricorn,"3°25'25.26""",Mars,Capricorn,"2°34'52.63""",0,0.8424,0.8424
2026-01-19 13:45:00,Aspect,Sextitle,Mercury,Capricorn,"3°25'25.26""",Saturn,Pisces,"3°15'12.74""",60,59.8299,0.1701
2026-01-19 13:45:00,Aspect,Sextitle,Mars,Capricorn,"2°34'52.63""",Saturn,Pisces,"3°15'12.74""",60,60.6723,0.6723
2026-01-19 14:00:00,Aspect,Conjunction,Mercury,Capricorn,"3°26'27.43""",Mars,Capricorn,"2°35'21.78""",0,0.8516,0.8516
2026-01-19 14:00:00,Aspect,Sextitle,Mercury,Capricorn,"3°26'27.43""",Saturn,Pisces,"3°15'15.89""",60,59.8135,0.1865
2026-01-19 14:00:00,Aspect,Sextitle,Mars,Capricorn,"2°35'21.78""",Saturn,Pisces,"3°15'15.89""",60,60.665,0.665
2026-01-19 14:15:00,Aspect,Conjunction,Mercury,Capricorn,"3°27'29.60""",Mars,Capricorn,"2°35'50.94""",0,0.8607,0.8607
2026-01-19 14:15:00,Aspect,Sextitle,Mercury,Capricorn,"3°27'29.60""",Saturn,Pisces,"3°15'19.04""",60,59.7971,0.2029
2026-01-19 14:15:00,Aspect,Sextitle,Mars,Capricorn,"2°35'50.94""",Saturn,Pisces,"3°15'19.04""",60,60.6578,0.6578
2026-01-19 14:30:00,Aspect,Conjunction,Mercury,Capricorn,"3°28'31.77""",Mars,Capricorn,"2°36'20.09""",0,0.8699,0.8699
2026-01-19 14:30:00,Aspect,Sextitle,Mercury,Capricorn,"3°28'31.77""",Saturn,Pisces,"3°15'22.19""",60,59.7807,0.2193
2026-01-19 14:30:00,Aspect,Sextitle,Mars,Capricorn,"2°36'20.09""",Saturn,Pisces,"3°15'22.19""",60,60.6506,0.6506
2026-01-19 14:45:00,Aspect,Conjunction,Mercury,Capricorn,"3°29'33.95""",Mars,Capricorn,"2°36'49.25""",0,0.8791,0.8791
2026-01-19 14:45:00,Aspect,Sextitle,Mercury,Capricorn,"3°29'33.95""",Saturn,Pisces,"3°15'25.34""",60,59.7643,0.2357
2026-01-19 14:45:00,Aspect,Sextitle,Mars,Capricorn,"2°36'49.25""",Saturn,Pisces,"3°15'25.34""",60,60.6434,0.6434
2026-01-19 15:00:00,Aspect,Conjunction,Mercury,Capricorn,"3°30'36.13""",Mars,Capricorn,"2°37'18.40""",0,0.8883,0.8883
2026-01-19 15:00:00,Aspect,Sextitle,Mercury,Capricorn,"3°30'36.13""",Saturn,Pisces,"3°15'28.50""",60,59.7479,0.2521
2026-01-19 15:00:00,Aspect,Sextitle,Mars,Capricorn,"2°37'18.40""",Saturn,Pisces,"3°15'28.50""",60,60.6361,0.6361
2026-01-19 15:15:00,Aspect,Conjunction,Mercury,Capricorn,"3°31'38.32""",Mars,Capricorn,"2°37'47.56""",0,0.8974,0.8974
2026-01-19 15:15:00,Aspect,Sextitle,Mercury,Capricorn,"3°31'38.32""",Saturn,Pisces,"3°15'31.65""",60,59.7315,0.2685
2026-01-19 15:15:00,Aspect,Sextitle,Mars,Capricorn,"2°37'47.56""",Saturn,Pisces,"3°15'31.65""",60,60.6289,0.6289
2026-01-19 15:30:00,Aspect,Conjunction,Mercury,Capricorn,"3°32'40.51""",Mars,Capricorn,"2°38'16.71""",0,0.9066,0.9066
2026-01-19 15:30:00,Aspect,Sextitle,Mercury,Capricorn,"3°32'40.51""",Saturn,Pisces,"3°15'34.81""",60,59.7151,0.2849
2026-01-19 15:30:00,Aspect,Sextitle,Mars,Capricorn,"2°38'16.71""",Saturn,Pisces,"3°15'34.81""",60,60.6217,0.6217
2026-01-19 15:45:00,Aspect,Conjunction,Mercury,Capricorn,"3°33'42.70""",Mars,Capricorn,"2°38'45.87""",0,0.9158,0.9158
2026-01-19 15:45:00,Aspect,Sextitle,Mercury,Capricorn,"3°33'42.70""",Saturn,Pisces,"3°15'37.96""",60,59.6987,0.3013
2026-01-19 15:45:00,Aspect,Sextitle,Mars,Capricorn,"2°38'45.87""",Saturn,Pisces,"3°15'37.96""",60,60.6145,0.6145
2026-01-19 16:00:00,Aspect,Conjunction,Mercury,Capricorn,"3°34'44.90""",Mars,Capricorn,"2°39'15.02""",0,0.925,0.925
2026-01-19 16:00:00,Aspect,Sextitle,Mercury,Capricorn,"3°34'44.90""",Saturn,Pisces,"3°15'41.11""",60,59.6823,0.3177
2026-01-19 16:00:00,Aspect,Sextitle,Mars,Capricorn,"2°39'15.02""",Saturn,Pisces,"3°15'41.11""",60,60.6072,0.6072
2026-01-19 16:15:00,Aspect,Conjunction,Mercury,Capricorn,"3°35'47.10""",Mars,Capricorn,"2°39'44.18""",0,0.9341,0.9341
2026-01-19 16:15:00,Aspect,Sextitle,Mercury,Capricorn,"3°35'47.10""",Saturn,Pisces,"3°15'44.27""",60,59.6659,0.3341
2026-01-19 16:15:00,Aspect,Sextitle,Mars,Capricorn,"2°39'44.18""",Saturn,Pisces,"3°15'44.27""",60,60.6,0.6
2026-01-19 16:30:00,Aspect,Conjunction,Mercury,Capricorn,"3°36'49.30""",Mars,Capricorn,"2°40'13.34""",0,0.9433,0.9433
2026-01-19 16:30:00,Aspect,Sextitle,Mercury,Capricorn,"3°36'49.30""",Saturn,Pisces,"3°15'47.43""",60,59.6495,0.3505
2026-01-19 16:30:00,Aspect,Sextitle,Mars,Capricorn,"2°40'13.34""",Saturn,Pisces,"3°15'47.43""",60,60.5928,0.5928
2026-01-19 16:45:00,Aspect,Conjunction,Mercury,Capricorn,"3°37'51.51""",Mars,Capricorn,"2°40'42.49""",0,0.9525,0.9525
2026-01-19 16:45:00,Aspect,Sextitle,Mercury,Capricorn,"3°37'51.51""",Saturn,Pisces,"3°15'50.58""",60,59.6331,0.3669
2026-01-19 16:45:00,Aspect,Sextitle,Mars,Capricorn,"2°40'42.49""",Saturn,Pisces,"3°15'50.58""",60,60.5856,0.5856
2026-01-19 17:00:00,Aspect,Conjunction,Mercury,Capricorn,"3°38'53.72""",Mars,Capricorn,"2°41'11.65""",0,0.9617,0.9617
2026-01-19 17:00:00,Aspect,Sextitle,Mercury,Capricorn,"3°38'53.72""",Saturn,Pisces,"3°15'53.74""",60,59.6167,0.3833
2026-01-19 17:00:00,Aspect,Sextitle,Mars,Capricorn,"2°41'11.65""",Saturn,Pisces,"3°15'53.74""",60,60.5784,0.5784
2026-01-19 17:15:00,Aspect,Conjunction,Mercury,Capricorn,"3°39'55.94""",Mars,Capricorn,"2°41'40.80""",0,0.9709,0.9709
2026-01-19 17:15:00,Aspect,Sextitle,Mercury,Capricorn,"3°39'55.94""",Saturn,Pisces,"3°15'56.90""",60,59.6003,0.3997
2026-01-19 17:15:00,Aspect,Sextitle,Mars,Capricorn,"2°41'40.80""",Saturn,Pisces,"3°15'56.90""",60,60.5711,0.5711
2026-01-19 17:30:00,Aspect,Conjunction,Mercury,Capricorn,"3°40'58.15""",Mars,Capricorn,"2°42'09.96""",0,0.9801,0.9801
2026-01-19 17:30:00,Aspect,Sextitle,Mercury,Capricorn,"3°40'58.15""",Saturn,Pisces,"3°16'00.06""",60,59.5839,0.4161
2026-01-19 17:30:00,Aspect,Sextitle,Mars,Capricorn,"2°42'09.96""",Saturn,Pisces,"3°16'00.06""",60,60.5639,0.5639
2026-01-19 17:45:00,Aspect,Conjunction,Mercury,Capricorn,"3°42'00.38""",Mars,Capricorn,"2°42'39.12""",0,0.9892,0.9892
2026-01-19 17:45:00,Aspect,Sextitle,Mercury,Capricorn,"3°42'00.38""",Saturn,Pisces,"3°16'03.21""",60,59.5675,0.4325
2026-01-19 17:45:00,Aspect,Sextitle,Mars,Capricorn,"2°42'39.12""",Saturn,Pisces,"3°16'03.21""",60,60.5567,0.5567
2026-01-19 18:00:00,Aspect,Conjunction,Mercury,Capricorn,"3°43'02.60""",Mars,Capricorn,"2°43'08.28""",0,0.9984,0.9984
2026-01-19 18:00:00,Aspect,Sextitle,Mercury,Capricorn,"3°43'02.60""",Saturn,Pisces,"3°16'06.37""",60,59.551,0.449
2026-01-19 18:00:00,Aspect,Sextitle,Mars,Capricorn,"2°43'08.28""",Saturn,Pisces,"3°16'06.37""",60,60.5495,0.5495
2026-01-19 18:15:00,Aspect,Sextitle,Mercury,Capricorn,"3°44'04.83""",Saturn,Pisces,"3°16'09.53""",60,59.5346,0.4654
2026-01-19 18:15:00,Aspect,Sextitle,Mars,Capricorn,"2°43'37.43""",Saturn,Pisces,"3°16'09.53""",60,60.5422,0.5422
2026-01-19 18:30:00,Aspect,Sextitle,Mercury,Capricorn,"3°45'07.06""",Saturn,Pisces,"3°16'12.69""",60,59.5182,0.4818
2026-01-19 18:30:00,Aspect,Sextitle,Mars,Capricorn,"2°44'06.59""",Saturn,Pisces,"3°16'12.69""",60,60.535,0.535
2026-01-19 18:45:00,Aspect,Sextitle,Mercury,Capricorn,"3°46'09.30""",Saturn,Pisces,"3°16'15.85""",60,59.5018,0.4982
2026-01-19 18:45:00,Aspect,Sextitle,Mars,Capricorn,"2°44'35.75""",Saturn,Pisces,"3°16'15.85""",60,60.5278,0.5278
2026-01-19 19:00:00,Aspect,Sextitle,Mercury,Capricorn,"3°47'11.54""",Saturn,Pisces,"3°16'19.01""",60,59.4854,0.5146
2026-01-19 19:00:00,Aspect,Sextitle,Mars,Capricorn,"2°45'04.91""",Saturn,Pisces,"3°16'19.01""",60,60.5206,0.5206
2026-01-19 19:15:00,Aspect,Sextitle,Mercury,Capricorn,"3°48'13.78""",Saturn,Pisces,"3°16'22.17""",60,59.469,0.531
2026-01-19 19:15:00,Aspect,Sextitle,Mars,Capricorn,"2°45'34.06""",Saturn,Pisces,"3°16'22.17""",60,60.5134,0.5134
2026-01-19 19:30:00,Aspect,Sextitle,Mercury,Capricorn,"3°49'16.03""",Saturn,Pisces,"3°16'25.34""",60,59.4526,0.5474
2026-01-19 19:30:00,Aspect,Sextitle,Mars,Capricorn,"2°46'03.22""",Saturn,Pisces,"3°16'25.34""",60,60.5061,0.5061
2026-01-19 19:45:00,Aspect,Sextitle,Mercury,Capricorn,"3°50'18.28""",Saturn,Pisces,"3°16'28.50""",60,59.4362,0.5638
2026-01-19 19:45:00,Aspect,Sextitle,Mars,Capricorn,"2°46'32.38""",Saturn,Pisces,"3°16'28.50""",60,60.4989,0.4989
2026-01-19 20:00:00,Aspect,Sextitle,Mercury,Capricorn,"3°51'20.53""",Saturn,Pisces,"3°16'31.66""",60,59.4198,0.5802
2026-01-19 20:00:00,Aspect,Sextitle,Mars,Capricorn,"2°47'01.54""",Saturn,Pisces,"3°16'31.66""",60,60.4917,0.4917
2026-01-19 20:15:00,Aspect,Sextitle,Mercury,Capricorn,"3°52'22.79""",Saturn,Pisces,"3°16'34.82""",60,59.4033,0.5967
2026-01-19 20:15:00,Aspect,Sextitle,Mars,Capricorn,"2°47'30.70""",Saturn,Pisces,"3°16'34.82""",60,60.4845,0.4845
2026-01-19 20:30:00,Aspect,Sextitle,Mercury,Capricorn,"3°53'25.05""",Saturn,Pisces,"3°16'37.99""",60,59.3869,0.6131
2026-01-19 20:30:00,Aspect,Sextitle,Mars,Capricorn,"2°47'59.86""",Saturn,Pisces,"3°16'37.99""",60,60.4773,0.4773
2026-01-19 20:45:00,Aspect,Sextitle,Mercury,Capricorn,"3°54'27.32""",Saturn,Pisces,"3°16'41.15""",60,59.3705,0.6295
2026-01-19 20:45:00,Aspect,Sextitle,Mars,Capricorn,"2°48'29.02""",Saturn,Pisces,"3°16'41.15""",60,60.47,0.47
2026-01-19 21:00:00,Aspect,Sextitle,Mercury,Capricorn,"3°55'29.59""",Saturn,Pisces,"3°16'44.32""",60,59.3541,0.6459
2026-01-19 21:00:00,Aspect,Sextitle,Mars,Capricorn,"2°48'58.18""",Saturn,Pisces,"3°16'44.32""",60,60.4628,0.4628
2026-01-19 21:15:00,Aspect,Sextitle,Mercury,Capricorn,"3°56'31.86""",Saturn,Pisces,"3°16'47.48""",60,59.3377,0.6623
2026-01-19 21:15:00,Aspect,Sextitle,Mars,Capricorn,"2°49'27.34""",Saturn,Pisces,"3°16'47.48""",60,60.4556,0.4556
2026-01-19 21:30:00,Aspect,Sextitle,Mercury,Capricorn,"3°57'34.14""",Saturn,Pisces,"3°16'50.65""",60,59.3213,0.6787
2026-01-19 21:30:00,Aspect,Sextitle,Mars,Capricorn,"2°49'56.50""",Saturn,Pisces,"3°16'50.65""",60,60.4484,0.4484
2026-01-19 21:45:00,Aspect,Sextitle,Mercury,Capricorn,"3°58'36.41""",Saturn,Pisces,"3°16'53.82""",60,59.3048,0.6952
2026-01-19 21:45:00,Aspect,Sextitle,Mars,Capricorn,"2°50'25.66""",Saturn,Pisces,"3°16'53.82""",60,60.4412,0.4412
2026-01-19 22:00:00,Aspect,Sextitle,Mercury,Capricorn,"3°59'38.70""",Saturn,Pisces,"3°16'56.98""",60,59.2884,0.7116
2026-01-19 22:00:00,Aspect,Sextitle,Mars,Capricorn,"2°50'54.82""",Saturn,Pisces,"3°16'56.98""",60,60.4339,0.4339
2026-01-19 22:15:00,Aspect,Sextitle,Mercury,Capricorn,"4°00'40.98""",Saturn,Pisces,"3°17'00.15""",60,59.272,0.728
2026-01-19 22:15:00,Aspect,Sextitle,Mars,Capricorn,"2°51'23.98""",Saturn,Pisces,"3°17'00.15""",60,60.4267,0.4267
2026-01-19 22:30:00,Aspect,Sextitle,Mercury,Capricorn,"4°01'43.27""",Saturn,Pisces,"3°17'03.32""",60,59.2556,0.7444
2026-01-19 22:30:00,Aspect,Sextitle,Mars,Capricorn,"2°51'53.14""",Saturn,Pisces,"3°17'03.32""",60,60.4195,0.4195
2026-01-19 22:45:00,Aspect,Sextitle,Mercury,Capricorn,"4°02'45.57""",Saturn,Pisces,"3°17'06.49""",60,59.2391,0.7609
2026-01-19 22:45:00,Aspect,Sextitle,Mars,Capricorn,"2°52'22.30""",Saturn,Pisces,"3°17'06.49""",60,60.4123,0.4123
2026-01-19 23:00:00,Aspect,Sextitle,Mercury,Capricorn,"4°03'47.87""",Saturn,Pisces,"3°17'09.65""",60,59.2227,0.7773
2026-01-19 23:00:00,Aspect,Sextitle,Mars,Capricorn,"2°52'51.46""",Saturn,Pisces,"3°17'09.65""",60,60.4051,0.4051
2026-01-19 23:15:00,Aspect,Sextitle,Mercury,Capricorn,"4°04'50.17""",Saturn,Pisces,"3°17'12.82""",60,59.2063,0.7937
2026-01-19 23:15:00,Aspect,Sextitle,Mars,Capricorn,"2°53'20.62""",Saturn,Pisces,"3°17'12.82""",60,60.3978,0.3978
2026-01-19 23:30:00,Aspect,Sextitle,Mercury,Capricorn,"4°05'52.47""",Saturn,Pisces,"3°17'15.99""",60,59.1899,0.8101
2026-01-19 23:30:00,Aspect,Sextitle,Mars,Capricorn,"2°53'49.78""",Saturn,Pisces,"3°17'15.99""",60,60.3906,0.3906
2026-01-19 23:45:00,Aspect,Sextitle,Mercury,Capricorn,"4°06'54.78""",Saturn,Pisces,"3°17'19.16""",60,59.1734,0.8266
2026-01-19 23:45:00,Aspect,Sextitle,Mars,Capricorn,"2°54'18.95""",Saturn,Pisces,"3°17'19.16""",60,60.3834,0.3834
2026-01-20 00:00:00,Aspect,Sextitle,Mercury,Capricorn,"4°07'57.09""",Saturn,Pisces,"3°17'22.33""",60,59.157,0.843
2026-01-20 00:00:00,Aspect,Sextitle,Mars,Capricorn,"2°54'48.11""",Saturn,Pisces,"3°17'22.33""",60,60.3762,0.3762
2026-01-20 00:15:00,Aspect,Sextitle,Mercury,Capricorn,"4°08'59.41""",Saturn,Pisces,"3°17'25.51""",60,59.1406,0.8594
2026-01-20 00:15:00,Aspect,Sextitle,Mars,Capricorn,"2°55'17.27""",Saturn,Pisces,"3°17'25.51""",60,60.369,0.369
2026-01-20 00:30:00,Aspect,Sextitle,Mercury,Capricorn,"4°10'01.73""",Saturn,Pisces,"3°17'28.68""",60,59.1242,0.8758
2026-01-20 00:30:00,Aspect,Sextitle,Mars,Capricorn,"2°55'46.43""",Saturn,Pisces,"3°17'28.68""",60,60.3617,0.3617
2026-01-20 00:45:00,Aspect,Sextitle,Mercury,Capricorn,"4°11'04.05""",Saturn,Pisces,"3°17'31.85""",60,59.1077,0.8923
2026-01-20 00:45:00,Aspect,Sextitle,Mars,Capricorn,"2°56'15.59""",Saturn,Pisces,"3°17'31.85""",60,60.3545,0.3545
2026-01-20 01:00:00,Aspect,Sextitle,Mercury,Capricorn,"4°12'06.38""",Saturn,Pisces,"3°17'35.02""",60,59.0913,0.9087
2026-01-20 01:00:00,Aspect,Sextitle,Mars,Capricorn,"2°56'44.76""",Saturn,Pisces,"3°17'35.02""",60,60.3473,0.3473
2026-01-20 01:15:00,Aspect,Sextitle,Mercury,Capricorn,"4°13'08.71""",Saturn,Pisces,"3°17'38.19""",60,59.0749,0.9251
2026-01-20 01:15:00,Aspect,Sextitle,Mars,Capricorn,"2°57'13.92""",Saturn,Pisces,"3°17'38.19""",60,60.3401,0.3401
2026-01-20 01:30:00,Aspect,Sextitle,Mercury,Capricorn,"4°14'11.04""",Saturn,Pisces,"3°17'41.37""",60,59.0584,0.9416
2026-01-20 01:30:00,Aspect,Sextitle,Mars,Capricorn,"2°57'43.08""",Saturn,Pisces,"3°17'41.37""",60,60.3329,0.3329
2026-01-20 01:45:00,Aspect,Sextitle,Mercury,Capricorn,"4°15'13.38""",Saturn,Pisces,"3°17'44.54""",60,59.042,0.958
2026-01-20 01:45:00,Aspect,Sextitle,Mars,Capricorn,"2°58'12.25""",Saturn,Pisces,"3°17'44.54""",60,60.3256,0.3256
2026-01-20 02:00:00,Aspect,Sextitle,Mercury,Capricorn,"4°16'15.72""",Saturn,Pisces,"3°17'47.72""",60,59.0256,0.9744
2026-01-20 02:00:00,Aspect,Sextitle,Mars,Capricorn,"2°58'41.41""",Saturn,Pisces,"3°17'47.72""",60,60.3184,0.3184
2026-01-20 02:15:00,Aspect,Sextitle,Mercury,Capricorn,"4°17'18.06""",Saturn,Pisces,"3°17'50.89""",60,59.0091,0.9909
2026-01-20 02:15:00,Aspect,Sextitle,Mars,Capricorn,"2°59'10.57""",Saturn,Pisces,"3°17'50.89""",60,60.3112,0.3112
2026-01-20 02:30:00,Aspect,Sextitle,Mars,Capricorn,"2°59'39.74""",Saturn,Pisces,"3°17'54.07""",60,60.304,0.304
2026-01-20 02:45:00,Aspect,Sextitle,Mars,Capricorn,"3°00'08.90""",Saturn,Pisces,"3°17'57.24""",60,60.2968,0.2968
2026-01-20 03:00:00,Aspect,Sextitle,Mars,Capricorn,"3°00'38.07""",Saturn,Pisces,"3°18'00.42""",60,60.2895,0.2895
2026-01-20 03:15:00,Aspect,Sextitle,Mars,Capricorn,"3°01'07.23""",Saturn,Pisces,"3°18'03.60""",60,60.2823,0.2823
2026-01-20 03:30:00,Aspect,Sextitle,Mars,Capricorn,"3°01'36.39""",Saturn,Pisces,"3°18'06.78""",60,60.2751,0.2751
2026-01-20 03:45:00,Aspect,Sextitle,Mars,Capricorn,"3°02'05.56""",Saturn,Pisces,"3°18'09.95""",60,60.2679,0.2679
2026-01-20 04:00:00,Aspect,Sextitle,Mars,Capricorn,"3°02'34.72""",Saturn,Pisces,"3°18'13.13""",60,60.2607,0.2607
2026-01-20 04:15:00,Aspect,Sextitle,Mars,Capricorn,"3°03'03.89""",Saturn,Pisces,"3°18'16.31""",60,60.2535,0.2535
2026-01-20 04:30:00,Aspect,Sextitle,Mars,Capricorn,"3°03'33.05""",Saturn,Pisces,"3°18'19.49""",60,60.2462,0.2462
2026-01-20 04:45:00,Aspect,Sextitle,Mars,Capricorn,"3°04'02.22""",Saturn,Pisces,"3°18'22.67""",60,60.239,0.239
2026-01-20 05:00:00,Aspect,Sextitle,Mars,Capricorn,"3°04'31.39""",Saturn,Pisces,"3°18'25.85""",60,60.2318,0.2318
2026-01-20 05:15:00,Aspect,Sextitle,Mars,Capricorn,"3°05'00.55""",Saturn,Pisces,"3°18'29.03""",60,60.2246,0.2246
2026-01-20 05:30:00,Aspect,Sextitle,Mars,Capricorn,"3°05'29.72""",Saturn,Pisces,"3°18'32.21""",60,60.2174,0.2174
2026-01-20 05:45:00,Aspect,Sextitle,Mars,Capricorn,"3°05'58.88""",Saturn,Pisces,"3°18'35.40""",60,60.2101,0.2101
2026-01-20 06:00:00,Aspect,Sextitle,Mars,Capricorn,"3°06'28.05""",Saturn,Pisces,"3°18'38.58""",60,60.2029,0.2029
2026-01-20 06:15:00,Aspect,Sextitle,Mars,Capricorn,"3°06'57.22""",Saturn,Pisces,"3°18'41.76""",60,60.1957,0.1957
2026-01-20 06:30:00,Aspect,Sextitle,Mars,Capricorn,"3°07'26.38""",Saturn,Pisces,"3°18'44.94""",60,60.1885,0.1885
2026-01-20 06:45:00,Aspect,Sextitle,Mars,Capricorn,"3°07'55.55""",Saturn,Pisces,"3°18'48.13""",60,60.1813,0.1813
2026-01-20 07:00:00,Aspect,Sextitle,Mars,Capricorn,"3°08'24.72""",Saturn,Pisces,"3°18'51.31""",60,60.1741,0.1741
2026-01-20 07:15:00,Aspect,Sextitle,Mars,Capricorn,"3°08'53.89""",Saturn,Pisces,"3°18'54.50""",60,60.1668,0.1668
2026-01-20 07:30:00,Aspect,Sextitle,Mars,Capricorn,"3°09'23.05""",Saturn,Pisces,"3°18'57.68""",60,60.1596,0.1596
2026-01-20 07:45:00,Aspect,Sextitle,Mars,Capricorn,"3°09'52.22""",Saturn,Pisces,"3°19'00.87""",60,60.1524,0.1524
2026-01-20 08:00:00,Aspect,Sextitle,Mars,Capricorn,"3°10'21.39""",Saturn,Pisces,"3°19'04.05""",60,60.1452,0.1452
2026-01-20 08:15:00,Aspect,Sextitle,Mars,Capricorn,"3°10'50.56""",Saturn,Pisces,"3°19'07.24""",60,60.138,0.138
2026-01-20 08:30:00,Aspect,Sextitle,Mars,Capricorn,"3°11'19.73""",Saturn,Pisces,"3°19'10.43""",60,60.1308,0.1308
2026-01-20 08:45:00,Aspect,Sextitle,Mars,Capricorn,"3°11'48.89""",Saturn,Pisces,"3°19'13.62""",60,60.1235,0.1235
2026-01-20 09:00:00,Aspect,Sextitle,Mars,Capricorn,"3°12'18.06""",Saturn,Pisces,"3°19'16.80""",60,60.1163,0.1163
2026-01-20 09:15:00,Aspect,Sextitle,Mars,Capricorn,"3°12'47.23""",Saturn,Pisces,"3°19'19.99""",60,60.1091,0.1091
2026-01-20 09:30:00,Aspect,Sextitle,Mars,Capricorn,"3°13'16.40""",Saturn,Pisces,"3°19'23.18""",60,60.1019,0.1019
2026-01-20 09:45:00,Aspect,Sextitle,Mars,Capricorn,"3°13'45.57""",Saturn,Pisces,"3°19'26.37""",60,60.0947,0.0947
2026-01-20 10:00:00,Aspect,Sextitle,Mars,Capricorn,"3°14'14.74""",Saturn,Pisces,"3°19'29.56""",60,60.0875,0.0875
2026-01-20 10:15:00,Aspect,Conjunction,Sun,Capricorn,"5°50'26.71""",Mercury,Capricorn,"4°50'35.00""",0,0.9977,0.9977
2026-01-20 10:15:00,Aspect,Sextitle,Mars,Capricorn,"3°14'43.91""",Saturn,Pisces,"3°19'32.75""",60,60.0802,0.0802
2026-01-20 10:30:00,Aspect,Conjunction,Sun,Capricorn,"5°51'04.88""",Mercury,Capricorn,"4°51'37.47""",0,0.9909,0.9909
2026-01-20 10:30:00,Aspect,Sextitle,Mars,Capricorn,"3°15'13.08""",Saturn,Pisces,"3°19'35.94""",60,60.073,0.073
2026-01-20 10:45:00,Aspect,Conjunction,Sun,Capricorn,"5°51'43.06""",Mercury,Capricorn,"4°52'39.94""",0,0.9842,0.9842
2026-01-20 10:45:00,Aspect,Sextitle,Mars,Capricorn,"3°15'42.25""",Saturn,Pisces,"3°19'39.14""",60,60.0658,0.0658
2026-01-20 11:00:00,Aspect,Conjunction,Sun,Capricorn,"5°52'21.24""",Mercury,Capricorn,"4°53'42.41""",0,0.9775,0.9775
2026-01-20 11:00:00,Aspect,Sextitle,Mars,Capricorn,"3°16'11.42""",Saturn,Pisces,"3°19'42.33""",60,60.0586,0.0586
2026-01-20 11:15:00,Aspect,Conjunction,Sun,Capricorn,"5°52'59.42""",Mercury,Capricorn,"4°54'44.88""",0,0.9707,0.9707
2026-01-20 11:15:00,Aspect,Sextitle,Mars,Capricorn,"3°16'40.59""",Saturn,Pisces,"3°19'45.52""",60,60.0514,0.0514
2026-01-20 11:30:00,Aspect,Conjunction,Sun,Capricorn,"5°53'37.60""",Mercury,Capricorn,"4°55'47.36""",0,0.964,0.964
2026-01-20 11:30:00,Aspect,Sextitle,Mars,Capricorn,"3°17'09.76""",Saturn,Pisces,"3°19'48.71""",60,60.0442,0.0442
2026-01-20 11:45:00,Aspect,Conjunction,Sun,Capricorn,"5°54'15.78""",Mercury,Capricorn,"4°56'49.84""",0,0.9572,0.9572
2026-01-20 11:45:00,Aspect,Sextitle,Mars,Capricorn,"3°17'38.93""",Saturn,Pisces,"3°19'51.91""",60,60.0369,0.0369
2026-01-20 12:00:00,Aspect,Conjunction,Sun,Capricorn,"5°54'53.96""",Mercury,Capricorn,"4°57'52.33""",0,0.9505,0.9505
2026-01-20 12:00:00,Aspect,Sextitle,Mars,Capricorn,"3°18'08.10""",Saturn,Pisces,"3°19'55.10""",60,60.0297,0.0297
2026-01-20 12:15:00,Aspect,Conjunction,Sun,Capricorn,"5°55'32.14""",Mercury,Capricorn,"4°58'54.82""",0,0.9437,0.9437
2026-01-20 12:15:00,Aspect,Sextitle,Mars,Capricorn,"3°18'37.27""",Saturn,Pisces,"3°19'58.30""",60,60.0225,0.0225
2026-01-20 12:30:00,Aspect,Conjunction,Sun,Capricorn,"5°56'10.32""",Mercury,Capricorn,"4°59'57.31""",0,0.9369,0.9369
2026-01-20 12:30:00,Aspect,Sextitle,Mars,Capricorn,"3°19'06.45""",Saturn,Pisces,"3°20'01.49""",60,60.0153,0.0153
2026-01-20 12:45:00,Aspect,Conjunction,Sun,Capricorn,"5°56'48.50""",Mercury,Capricorn,"5°00'59.81""",0,0.9302,0.9302
2026-01-20 12:45:00,Aspect,Sextitle,Mars,Capricorn,"3°19'35.62""",Saturn,Pisces,"3°20'04.69""",60,60.0081,0.0081
2026-01-20 13:00:00,Aspect,Conjunction,Sun,Capricorn,"5°57'26.68""",Mercury,Capricorn,"5°02'02.31""",0,0.9234,0.9234
2026-01-20 13:00:00,Aspect,Sextitle,Mars,Capricorn,"3°20'04.79""",Saturn,Pisces,"3°20'07.88""",60,60.0009,0.0009
2026-01-20 13:15:00,Aspect,Conjunction,Sun,Capricorn,"5°58'04.85""",Mercury,Capricorn,"5°03'04.82""",0,0.9167,0.9167
2026-01-20 13:15:00,Aspect,Sextitle,Mars,Capricorn,"3°20'33.96""",Saturn,Pisces,"3°20'11.08""",60,59.9936,0.0064
2026-01-20 13:30:00,Aspect,Conjunction,Sun,Capricorn,"5°58'43.03""",Mercury,Capricorn,"5°04'07.32""",0,0.9099,0.9099
2026-01-20 13:30:00,Aspect,Sextitle,Mars,Capricorn,"3°21'03.13""",Saturn,Pisces,"3°20'14.28""",60,59.9864,0.0136
2026-01-20 13:45:00,Aspect,Conjunction,Sun,Capricorn,"5°59'21.21""",Mercury,Capricorn,"5°05'09.84""",0,0.9032,0.9032
2026-01-20 13:45:00,Aspect,Sextitle,Mars,Capricorn,"3°21'32.30""",Saturn,Pisces,"3°20'17.47""",60,59.9792,0.0208
2026-01-20 14:00:00,Aspect,Conjunction,Sun,Capricorn,"5°59'59.39""",Mercury,Capricorn,"5°06'12.35""",0,0.8964,0.8964
2026-01-20 14:00:00,Aspect,Sextitle,Mars,Capricorn,"3°22'01.48""",Saturn,Pisces,"3°20'20.67""",60,59.972,0.028
2026-01-20 14:15:00,Aspect,Conjunction,Sun,Capricorn,"6°00'37.57""",Mercury,Capricorn,"5°07'14.87""",0,0.8896,0.8896
2026-01-20 14:15:00,Aspect,Sextitle,Mars,Capricorn,"3°22'30.65""",Saturn,Pisces,"3°20'23.87""",60,59.9648,0.0352
2026-01-20 14:30:00,Aspect,Conjunction,Sun,Capricorn,"6°01'15.75""",Mercury,Capricorn,"5°08'17.39""",0,0.8829,0.8829
2026-01-20 14:30:00,Aspect,Sextitle,Mars,Capricorn,"3°22'59.82""",Saturn,Pisces,"3°20'27.07""",60,59.9576,0.0424
2026-01-20 14:45:00,Aspect,Conjunction,Sun,Capricorn,"6°01'53.92""",Mercury,Capricorn,"5°09'19.92""",0,0.8761,0.8761
2026-01-20 14:45:00,Aspect,Sextitle,Mars,Capricorn,"3°23'29.00""",Saturn,Pisces,"3°20'30.27""",60,59.9504,0.0496
2026-01-20 15:00:00,Aspect,Conjunction,Sun,Capricorn,"6°02'32.10""",Mercury,Capricorn,"5°10'22.45""",0,0.8693,0.8693
2026-01-20 15:00:00,Aspect,Sextitle,Mars,Capricorn,"3°23'58.17""",Saturn,Pisces,"3°20'33.47""",60,59.9431,0.0569
2026-01-20 15:15:00,Aspect,Conjunction,Sun,Capricorn,"6°03'10.28""",Mercury,Capricorn,"5°11'24.98""",0,0.8626,0.8626
2026-01-20 15:15:00,Aspect,Sextitle,Mars,Capricorn,"3°24'27.34""",Saturn,Pisces,"3°20'36.67""",60,59.9359,0.0641
2026-01-20 15:30:00,Aspect,Conjunction,Sun,Capricorn,"6°03'48.46""",Mercury,Capricorn,"5°12'27.52""",0,0.8558,0.8558
2026-01-20 15:30:00,Aspect,Sextitle,Mars,Capricorn,"3°24'56.52""",Saturn,Pisces,"3°20'39.87""",60,59.9287,0.0713
2026-01-20 15:45:00,Aspect,Conjunction,Sun,Capricorn,"6°04'26.64""",Mercury,Capricorn,"5°13'30.06""",0,0.849,0.849
2026-01-20 15:45:00,Aspect,Sextitle,Mars,Capricorn,"3°25'25.69""",Saturn,Pisces,"3°20'43.07""",60,59.9215,0.0785
2026-01-20 16:00:00,Aspect,Conjunction,Sun,Capricorn,"6°05'04.81""",Mercury,Capricorn,"5°14'32.61""",0,0.8423,0.8423
2026-01-20 16:00:00,Aspect,Sextitle,Mars,Capricorn,"3°25'54.86""",Saturn,Pisces,"3°20'46.27""",60,59.9143,0.0857
2026-01-20 16:15:00,Aspect,Conjunction,Sun,Capricorn,"6°05'42.99""",Mercury,Capricorn,"5°15'35.15""",0,0.8355,0.8355
2026-01-20 16:15:00,Aspect,Sextitle,Mars,Capricorn,"3°26'24.04""",Saturn,Pisces,"3°20'49.48""",60,59.9071,0.0929
2026-01-20 16:30:00,Aspect,Conjunction,Sun,Capricorn,"6°06'21.17""",Mercury,Capricorn,"5°16'37.71""",0,0.8287,0.8287
2026-01-20 16:30:00,Aspect,Sextitle,Mars,Capricorn,"3°26'53.21""",Saturn,Pisces,"3°20'52.68""",60,59.8999,0.1001
2026-01-20 16:45:00,Aspect,Conjunction,Sun,Capricorn,"6°06'59.35""",Mercury,Capricorn,"5°17'40.26""",0,0.822,0.822
2026-01-20 16:45:00,Aspect,Sextitle,Mars,Capricorn,"3°27'22.39""",Saturn,Pisces,"3°20'55.88""",60,59.8926,0.1074
2026-01-20 17:00:00,Aspect,Conjunction,Sun,Capricorn,"6°07'37.52""",Mercury,Capricorn,"5°18'42.82""",0,0.8152,0.8152
2026-01-20 17:00:00,Aspect,Sextitle,Mars,Capricorn,"3°27'51.56""",Saturn,Pisces,"3°20'59.09""",60,59.8854,0.1146
2026-01-20 17:15:00,Aspect,Conjunction,Sun,Capricorn,"6°08'15.70""",Mercury,Capricorn,"5°19'45.38""",0,0.8084,0.8084
2026-01-20 17:15:00,Aspect,Sextitle,Mars,Capricorn,"3°28'20.74""",Saturn,Pisces,"3°21'02.29""",60,59.8782,0.1218
2026-01-20 17:30:00,Aspect,Conjunction,Sun,Capricorn,"6°08'53.88""",Mercury,Capricorn,"5°20'47.95""",0,0.8016,0.8016
2026-01-20 17:30:00,Aspect,Sextitle,Mars,Capricorn,"3°28'49.91""",Saturn,Pisces,"3°21'05.49""",60,59.871,0.129
2026-01-20 17:45:00,Aspect,Conjunction,Sun,Capricorn,"6°09'32.06""",Mercury,Capricorn,"5°21'50.52""",0,0.7949,0.7949
2026-01-20 17:45:00,Aspect,Sextitle,Mars,Capricorn,"3°29'19.09""",Saturn,Pisces,"3°21'08.70""",60,59.8638,0.1362
2026-01-20 18:00:00,Aspect,Conjunction,Sun,Capricorn,"6°10'10.23""",Mercury,Capricorn,"5°22'53.09""",0,0.7881,0.7881
2026-01-20 18:00:00,Aspect,Sextitle,Mars,Capricorn,"3°29'48.26""",Saturn,Pisces,"3°21'11.91""",60,59.8566,0.1434
2026-01-20 18:15:00,Aspect,Conjunction,Sun,Capricorn,"6°10'48.41""",Mercury,Capricorn,"5°23'55.67""",0,0.7813,0.7813
2026-01-20 18:15:00,Aspect,Sextitle,Mars,Capricorn,"3°30'17.44""",Saturn,Pisces,"3°21'15.11""",60,59.8494,0.1506
2026-01-20 18:30:00,Aspect,Conjunction,Sun,Capricorn,"6°11'26.59""",Mercury,Capricorn,"5°24'58.25""",0,0.7745,0.7745
2026-01-20 18:30:00,Aspect,Sextitle,Mars,Capricorn,"3°30'46.61""",Saturn,Pisces,"3°21'18.32""",60,59.8421,0.1579
2026-01-20 18:45:00,Aspect,Conjunction,Sun,Capricorn,"6°12'04.76""",Mercury,Capricorn,"5°26'00.84""",0,0.7678,0.7678
2026-01-20 18:45:00,Aspect,Sextitle,Mars,Capricorn,"3°31'15.79""",Saturn,Pisces,"3°21'21.53""",60,59.8349,0.1651
2026-01-20 19:00:00,Aspect,Conjunction,Sun,Capricorn,"6°12'42.94""",Mercury,Capricorn,"5°27'03.43""",0,0.761,0.761
2026-01-20 19:00:00,Aspect,Sextitle,Mars,Capricorn,"3°31'44.97""",Saturn,Pisces,"3°21'24.73""",60,59.8277,0.1723
2026-01-20 19:15:00,Aspect,Conjunction,Sun,Capricorn,"6°13'21.12""",Mercury,Capricorn,"5°28'06.02""",0,0.7542,0.7542
2026-01-20 19:15:00,Aspect,Sextitle,Mars,Capricorn,"3°32'14.14""",Saturn,Pisces,"3°21'27.94""",60,59.8205,0.1795
2026-01-20 19:30:00,Aspect,Conjunction,Sun,Capricorn,"6°13'59.30""",Mercury,Capricorn,"5°29'08.61""",0,0.7474,0.7474
2026-01-20 19:30:00,Aspect,Sextitle,Mars,Capricorn,"3°32'43.32""",Saturn,Pisces,"3°21'31.15""",60,59.8133,0.1867
2026-01-20 19:45:00,Aspect,Conjunction,Sun,Capricorn,"6°14'37.47""",Mercury,Capricorn,"5°30'11.21""",0,0.7406,0.7406
2026-01-20 19:45:00,Aspect,Sextitle,Mars,Capricorn,"3°33'12.50""",Saturn,Pisces,"3°21'34.36""",60,59.8061,0.1939
2026-01-20 20:00:00,Aspect,Conjunction,Sun,Capricorn,"6°15'15.65""",Mercury,Capricorn,"5°31'13.82""",0,0.7338,0.7338
2026-01-20 20:00:00,Aspect,Sextitle,Mars,Capricorn,"3°33'41.67""",Saturn,Pisces,"3°21'37.57""",60,59.7989,0.2011
2026-01-20 20:15:00,Aspect,Conjunction,Sun,Capricorn,"6°15'53.82""",Mercury,Capricorn,"5°32'16.42""",0,0.7271,0.7271
2026-01-20 20:15:00,Aspect,Sextitle,Mars,Capricorn,"3°34'10.85""",Saturn,Pisces,"3°21'40.78""",60,59.7916,0.2084
2026-01-20 20:30:00,Aspect,Conjunction,Sun,Capricorn,"6°16'32.00""",Mercury,Capricorn,"5°33'19.03""",0,0.7203,0.7203
2026-01-20 20:30:00,Aspect,Sextitle,Mars,Capricorn,"3°34'40.03""",Saturn,Pisces,"3°21'43.99""",60,59.7844,0.2156
2026-01-20 20:45:00,Aspect,Conjunction,Sun,Capricorn,"6°17'10.18""",Mercury,Capricorn,"5°34'21.65""",0,0.7135,0.7135
2026-01-20 20:45:00,Aspect,Sextitle,Mars,Capricorn,"3°35'09.21""",Saturn,Pisces,"3°21'47.20""",60,59.7772,0.2228
2026-01-20 21:00:00,Aspect,Conjunction,Sun,Capricorn,"6°17'48.35""",Mercury,Capricorn,"5°35'24.26""",0,0.7067,0.7067
2026-01-20 21:00:00,Aspect,Sextitle,Mars,Capricorn,"3°35'38.38""",Saturn,Pisces,"3°21'50.41""",60,59.77,0.23
2026-01-20 21:15:00,Aspect,Conjunction,Sun,Capricorn,"6°18'26.53""",Mercury,Capricorn,"5°36'26.89""",0,0.6999,0.6999
2026-01-20 21:15:00,Aspect,Sextitle,Mars,Capricorn,"3°36'07.56""",Saturn,Pisces,"3°21'53.62""",60,59.7628,0.2372
2026-01-20 21:30:00,Aspect,Conjunction,Sun,Capricorn,"6°19'04.71""",Mercury,Capricorn,"5°37'29.51""",0,0.6931,0.6931
2026-01-20 21:30:00,Aspect,Sextitle,Mars,Capricorn,"3°36'36.74""",Saturn,Pisces,"3°21'56.84""",60,59.7556,0.2444
2026-01-20 21:45:00,Aspect,Conjunction,Sun,Capricorn,"6°19'42.88""",Mercury,Capricorn,"5°38'32.14""",0,0.6863,0.6863
2026-01-20 21:45:00,Aspect,Sextitle,Mars,Capricorn,"3°37'05.92""",Saturn,Pisces,"3°22'00.05""",60,59.7484,0.2516
2026-01-20 22:00:00,Aspect,Conjunction,Sun,Capricorn,"6°20'21.06""",Mercury,Capricorn,"5°39'34.77""",0,0.6795,0.6795
2026-01-20 22:00:00,Aspect,Sextitle,Mars,Capricorn,"3°37'35.10""",Saturn,Pisces,"3°22'03.26""",60,59.7412,0.2588
2026-01-20 22:15:00,Aspect,Conjunction,Sun,Capricorn,"6°20'59.23""",Mercury,Capricorn,"5°40'37.41""",0,0.6727,0.6727
2026-01-20 22:15:00,Aspect,Sextitle,Mars,Capricorn,"3°38'04.28""",Saturn,Pisces,"3°22'06.48""",60,59.7339,0.2661
2026-01-20 22:30:00,Aspect,Conjunction,Sun,Capricorn,"6°21'37.41""",Mercury,Capricorn,"5°41'40.05""",0,0.6659,0.6659
2026-01-20 22:30:00,Aspect,Sextitle,Mars,Capricorn,"3°38'33.45""",Saturn,Pisces,"3°22'09.69""",60,59.7267,0.2733
2026-01-20 22:45:00,Aspect,Conjunction,Sun,Capricorn,"6°22'15.59""",Mercury,Capricorn,"5°42'42.69""",0,0.6591,0.6591
2026-01-20 22:45:00,Aspect,Sextitle,Mars,Capricorn,"3°39'02.63""",Saturn,Pisces,"3°22'12.91""",60,59.7195,0.2805
2026-01-20 23:00:00,Aspect,Conjunction,Sun,Capricorn,"6°22'53.76""",Mercury,Capricorn,"5°43'45.34""",0,0.6523,0.6523
2026-01-20 23:00:00,Aspect,Sextitle,Mars,Capricorn,"3°39'31.81""",Saturn,Pisces,"3°22'16.12""",60,59.7123,0.2877
2026-01-20 23:15:00,Aspect,Conjunction,Sun,Capricorn,"6°23'31.94""",Mercury,Capricorn,"5°44'47.99""",0,0.6455,0.6455
2026-01-20 23:15:00,Aspect,Sextitle,Mars,Capricorn,"3°40'00.99""",Saturn,Pisces,"3°22'19.34""",60,59.7051,0.2949
2026-01-20 23:30:00,Aspect,Conjunction,Sun,Capricorn,"6°24'10.11""",Mercury,Capricorn,"5°45'50.64""",0,0.6387,0.6387
2026-01-20 23:30:00,Aspect,Sextitle,Mars,Capricorn,"3°40'30.17""",Saturn,Pisces,"3°22'22.55""",60,59.6979,0.3021
2026-01-20 23:45:00,Aspect,Conjunction,Sun,Capricorn,"6°24'48.29""",Mercury,Capricorn,"5°46'53.30""",0,0.6319,0.6319
2026-01-20 23:45:00,Aspect,Sextitle,Mars,Capricorn,"3°40'59.35""",Saturn,Pisces,"3°22'25.77""",60,59.6907,0.3093
2026-01-21 00:00:00,Aspect,Conjunction,Sun,Capricorn,"6°25'26.46""",Mercury,Capricorn,"5°47'55.96""",0,0.6251,0.6251
2026-01-21 00:00:00,Aspect,Sextitle,Mars,Capricorn,"3°41'28.53""",Saturn,Pisces,"3°22'28.99""",60,59.6835,0.3165
2026-01-21 00:15:00,Aspect,Conjunction,Sun,Capricorn,"6°26'04.64""",Mercury,Capricorn,"5°48'58.63""",0,0.6183,0.6183
2026-01-21 00:15:00,Aspect,Sextitle,Mars,Capricorn,"3°41'57.71""",Saturn,Pisces,"3°22'32.21""",60,59.6762,0.3238
2026-01-21 00:30:00,Aspect,Conjunction,Sun,Capricorn,"6°26'42.81""",Mercury,Capricorn,"5°50'01.30""",0,0.6115,0.6115
2026-01-21 00:30:00,Aspect,Sextitle,Mars,Capricorn,"3°42'26.89""",Saturn,Pisces,"3°22'35.42""",60,59.669,0.331
2026-01-21 00:45:00,Aspect,Conjunction,Sun,Capricorn,"6°27'20.99""",Mercury,Capricorn,"5°51'03.97""",0,0.6047,0.6047
2026-01-21 00:45:00,Aspect,Sextitle,Mars,Capricorn,"3°42'56.07""",Saturn,Pisces,"3°22'38.64""",60,59.6618,0.3382
2026-01-21 01:00:00,Aspect,Conjunction,Sun,Capricorn,"6°27'59.16""",Mercury,Capricorn,"5°52'06.65""",0,0.5979,0.5979
2026-01-21 01:00:00,Aspect,Sextitle,Mars,Capricorn,"3°43'25.25""",Saturn,Pisces,"3°22'41.86""",60,59.6546,0.3454
2026-01-21 01:15:00,Aspect,Conjunction,Sun,Capricorn,"6°28'37.34""",Mercury,Capricorn,"5°53'09.33""",0,0.5911,0.5911
2026-01-21 01:15:00,Aspect,Sextitle,Mars,Capricorn,"3°43'54.43""",Saturn,Pisces,"3°22'45.08""",60,59.6474,0.3526
2026-01-21 01:30:00,Aspect,Conjunction,Sun,Capricorn,"6°29'15.51""",Mercury,Capricorn,"5°54'12.01""",0,0.5843,0.5843
2026-01-21 01:30:00,Aspect,Sextitle,Mars,Capricorn,"3°44'23.61""",Saturn,Pisces,"3°22'48.30""",60,59.6402,0.3598
2026-01-21 01:45:00,Aspect,Conjunction,Sun,Capricorn,"6°29'53.69""",Mercury,Capricorn,"5°55'14.70""",0,0.5775,0.5775
2026-01-21 01:45:00,Aspect,Sextitle,Mars,Capricorn,"3°44'52.80""",Saturn,Pisces,"3°22'51.52""",60,59.633,0.367
2026-01-21 02:00:00,Aspect,Conjunction,Sun,Capricorn,"6°30'31.86""",Mercury,Capricorn,"5°56'17.39""",0,0.5707,0.5707
2026-01-21 02:00:00,Aspect,Sextitle,Mars,Capricorn,"3°45'21.98""",Saturn,Pisces,"3°22'54.74""",60,59.6258,0.3742
2026-01-21 02:15:00,Aspect,Conjunction,Sun,Capricorn,"6°31'10.04""",Mercury,Capricorn,"5°57'20.08""",0,0.5639,0.5639
2026-01-21 02:15:00,Aspect,Sextitle,Mars,Capricorn,"3°45'51.16""",Saturn,Pisces,"3°22'57.96""",60,59.6186,0.3814
2026-01-21 02:30:00,Aspect,Conjunction,Sun,Capricorn,"6°31'48.21""",Mercury,Capricorn,"5°58'22.78""",0,0.5571,0.5571
2026-01-21 02:30:00,Aspect,Sextitle,Mars,Capricorn,"3°46'20.34""",Saturn,Pisces,"3°23'01.19""",60,59.6113,0.3887
2026-01-21 02:45:00,Aspect,Conjunction,Sun,Capricorn,"6°32'26.39""",Mercury,Capricorn,"5°59'25.48""",0,0.5503,0.5503
2026-01-21 02:45:00,Aspect,Sextitle,Mars,Capricorn,"3°46'49.52""",Saturn,Pisces,"3°23'04.41""",60,59.6041,0.3959
2026-01-21 03:00:00,Aspect,Conjunction,Sun,Capricorn,"6°33'04.56""",Mercury,Capricorn,"6°00'28.19""",0,0.5434,0.5434
2026-01-21 03:00:00,Aspect,Sextitle,Mars,Capricorn,"3°47'18.71""",Saturn,Pisces,"3°23'07.63""",60,59.5969,0.4031
2026-01-21 03:15:00,Aspect,Conjunction,Sun,Capricorn,"6°33'42.73""",Mercury,Capricorn,"6°01'30.90""",0,0.5366,0.5366
2026-01-21 03:15:00,Aspect,Sextitle,Mars,Capricorn,"3°47'47.89""",Saturn,Pisces,"3°23'10.86""",60,59.5897,0.4103
2026-01-21 03:30:00,Aspect,Conjunction,Sun,Capricorn,"6°34'20.91""",Mercury,Capricorn,"6°02'33.61""",0,0.5298,0.5298
2026-01-21 03:30:00,Aspect,Sextitle,Mars,Capricorn,"3°48'17.07""",Saturn,Pisces,"3°23'14.08""",60,59.5825,0.4175
2026-01-21 03:45:00,Aspect,Conjunction,Sun,Capricorn,"6°34'59.08""",Mercury,Capricorn,"6°03'36.33""",0,0.523,0.523
2026-01-21 03:45:00,Aspect,Sextitle,Mars,Capricorn,"3°48'46.25""",Saturn,Pisces,"3°23'17.30""",60,59.5753,0.4247
2026-01-21 04:00:00,Aspect,Conjunction,Sun,Capricorn,"6°35'37.26""",Mercury,Capricorn,"6°04'39.05""",0,0.5162,0.5162
2026-01-21 04:00:00,Aspect,Sextitle,Mars,Capricorn,"3°49'15.44""",Saturn,Pisces,"3°23'20.53""",60,59.5681,0.4319
2026-01-21 04:15:00,Aspect,Conjunction,Sun,Capricorn,"6°36'15.43""",Mercury,Capricorn,"6°05'41.77""",0,0.5093,0.5093
2026-01-21 04:15:00,Aspect,Sextitle,Mars,Capricorn,"3°49'44.62""",Saturn,Pisces,"3°23'23.76""",60,59.5609,0.4391
2026-01-21 04:30:00,Aspect,Conjunction,Sun,Capricorn,"6°36'53.60""",Mercury,Capricorn,"6°06'44.50""",0,0.5025,0.5025
2026-01-21 04:30:00,Aspect,Sextitle,Mars,Capricorn,"3°50'13.80""",Saturn,Pisces,"3°23'26.98""",60,59.5537,0.4463
2026-01-21 04:45:00,Aspect,Conjunction,Sun,Capricorn,"6°37'31.78""",Mercury,Capricorn,"6°07'47.23""",0,0.4957,0.4957
2026-01-21 04:45:00,Aspect,Sextitle,Mars,Capricorn,"3°50'42.99""",Saturn,Pisces,"3°23'30.21""",60,59.5465,0.4535
2026-01-21 05:00:00,Aspect,Conjunction,Sun,Capricorn,"6°38'09.95""",Mercury,Capricorn,"6°08'49.97""",0,0.4889,0.4889
2026-01-21 05:00:00,Aspect,Sextitle,Mars,Capricorn,"3°51'12.17""",Saturn,Pisces,"3°23'33.43""",60,59.5392,0.4608
2026-01-21 05:15:00,Aspect,Conjunction,Sun,Capricorn,"6°38'48.12""",Mercury,Capricorn,"6°09'52.71""",0,0.4821,0.4821
2026-01-21 05:15:00,Aspect,Sextitle,Mars,Capricorn,"3°51'41.35""",Saturn,Pisces,"3°23'36.66""",60,59.532,0.468
2026-01-21 05:30:00,Aspect,Conjunction,Sun,Capricorn,"6°39'26.30""",Mercury,Capricorn,"6°10'55.45""",0,0.4752,0.4752
2026-01-21 05:30:00,Aspect,Sextitle,Mars,Capricorn,"3°52'10.54""",Saturn,Pisces,"3°23'39.89""",60,59.5248,0.4752
2026-01-21 05:45:00,Aspect,Conjunction,Sun,Capricorn,"6°40'04.47""",Mercury,Capricorn,"6°11'58.20""",0,0.4684,0.4684
2026-01-21 05:45:00,Aspect,Sextitle,Mars,Capricorn,"3°52'39.72""",Saturn,Pisces,"3°23'43.12""",60,59.5176,0.4824
2026-01-21 06:00:00,Aspect,Conjunction,Sun,Capricorn,"6°40'42.65""",Mercury,Capricorn,"6°13'00.95""",0,0.4616,0.4616
2026-01-21 06:00:00,Aspect,Sextitle,Mars,Capricorn,"3°53'08.91""",Saturn,Pisces,"3°23'46.35""",60,59.5104,0.4896
2026-01-21 06:15:00,Aspect,Conjunction,Sun,Capricorn,"6°41'20.82""",Mercury,Capricorn,"6°14'03.70""",0,0.4548,0.4548
2026-01-21 06:15:00,Aspect,Sextitle,Mars,Capricorn,"3°53'38.09""",Saturn,Pisces,"3°23'49.58""",60,59.5032,0.4968
2026-01-21 06:30:00,Aspect,Conjunction,Sun,Capricorn,"6°41'58.99""",Mercury,Capricorn,"6°15'06.46""",0,0.4479,0.4479
2026-01-21 06:30:00,Aspect,Sextitle,Mars,Capricorn,"3°54'07.27""",Saturn,Pisces,"3°23'52.81""",60,59.496,0.504
2026-01-21 06:45:00,Aspect,Conjunction,Sun,Capricorn,"6°42'37.16""",Mercury,Capricorn,"6°16'09.22""",0,0.4411,0.4411
2026-01-21 06:45:00,Aspect,Sextitle,Mars,Capricorn,"3°54'36.46""",Saturn,Pisces,"3°23'56.04""",60,59.4888,0.5112
2026-01-21 07:00:00,Aspect,Conjunction,Sun,Capricorn,"6°43'15.34""",Mercury,Capricorn,"6°17'11.98""",0,0.4343,0.4343
2026-01-21 07:00:00,Aspect,Sextitle,Mars,Capricorn,"3°55'05.64""",Saturn,Pisces,"3°23'59.27""",60,59.4816,0.5184
2026-01-21 07:15:00,Aspect,Conjunction,Sun,Capricorn,"6°43'53.51""",Mercury,Capricorn,"6°18'14.75""",0,0.4274,0.4274
2026-01-21 07:15:00,Aspect,Sextitle,Mars,Capricorn,"3°55'34.83""",Saturn,Pisces,"3°24'02.50""",60,59.4744,0.5256
2026-01-21 07:30:00,Aspect,Conjunction,Sun,Capricorn,"6°44'31.68""",Mercury,Capricorn,"6°19'17.52""",0,0.4206,0.4206
2026-01-21 07:30:00,Aspect,Sextitle,Mars,Capricorn,"3°56'04.02""",Saturn,Pisces,"3°24'05.73""",60,59.4671,0.5329
2026-01-21 07:45:00,Aspect,Conjunction,Sun,Capricorn,"6°45'09.86""",Mercury,Capricorn,"6°20'20.30""",0,0.4138,0.4138
2026-01-21 07:45:00,Aspect,Sextitle,Mars,Capricorn,"3°56'33.20""",Saturn,Pisces,"3°24'08.96""",60,59.4599,0.5401
2026-01-21 08:00:00,Aspect,Conjunction,Sun,Capricorn,"6°45'48.03""",Mercury,Capricorn,"6°21'23.08""",0,0.4069,0.4069
2026-01-21 08:00:00,Aspect,Sextitle,Mars,Capricorn,"3°57'02.39""",Saturn,Pisces,"3°24'12.19""",60,59.4527,0.5473
2026-01-21 08:15:00,Aspect,Conjunction,Sun,Capricorn,"6°46'26.20""",Mercury,Capricorn,"6°22'25.86""",0,0.4001,0.4001
2026-01-21 08:15:00,Aspect,Sextitle,Mars,Capricorn,"3°57'31.57""",Saturn,Pisces,"3°24'15.43""",60,59.4455,0.5545
2026-01-21 08:30:00,Aspect,Conjunction,Sun,Capricorn,"6°47'04.37""",Mercury,Capricorn,"6°23'28.65""",0,0.3933,0.3933
2026-01-21 08:30:00,Aspect,Sextitle,Mars,Capricorn,"3°58'00.76""",Saturn,Pisces,"3°24'18.66""",60,59.4383,0.5617
2026-01-21 08:45:00,Aspect,Conjunction,Sun,Capricorn,"6°47'42.55""",Mercury,Capricorn,"6°24'31.44""",0,0.3864,0.3864
2026-01-21 08:45:00,Aspect,Sextitle,Mars,Capricorn,"3°58'29.95""",Saturn,Pisces,"3°24'21.90""",60,59.4311,0.5689
2026-01-21 09:00:00,Aspect,Conjunction,Sun,Capricorn,"6°48'20.72""",Mercury,Capricorn,"6°25'34.23""",0,0.3796,0.3796
2026-01-21 09:00:00,Aspect,Sextitle,Mars,Capricorn,"3°58'59.13""",Saturn,Pisces,"3°24'25.13""",60,59.4239,0.5761
2026-01-21 09:15:00,Aspect,Conjunction,Sun,Capricorn,"6°48'58.89""",Mercury,Capricorn,"6°26'37.03""",0,0.3727,0.3727
2026-01-21 09:15:00,Aspect,Sextitle,Mars,Capricorn,"3°59'28.32""",Saturn,Pisces,"3°24'28.37""",60,59.4167,0.5833
2026-01-21 09:30:00,Aspect,Conjunction,Sun,Capricorn,"6°49'37.06""",Mercury,Capricorn,"6°27'39.83""",0,0.3659,0.3659
2026-01-21 09:30:00,Aspect,Sextitle,Mars,Capricorn,"3°59'57.51""",Saturn,Pisces,"3°24'31.60""",60,59.4095,0.5905
2026-01-21 09:45:00,Aspect,Conjunction,Sun,Capricorn,"6°50'15.24""",Mercury,Capricorn,"6°28'42.64""",0,0.3591,0.3591
2026-01-21 09:45:00,Aspect,Sextitle,Mars,Capricorn,"4°00'26.69""",Saturn,Pisces,"3°24'34.84""",60,59.4023,0.5977
2026-01-21 10:00:00,Aspect,Conjunction,Sun,Capricorn,"6°50'53.41""",Mercury,Capricorn,"6°29'45.45""",0,0.3522,0.3522
2026-01-21 10:00:00,Aspect,Sextitle,Mars,Capricorn,"4°00'55.88""",Saturn,Pisces,"3°24'38.07""",60,59.3951,0.6049
2026-01-21 10:15:00,Aspect,Conjunction,Sun,Capricorn,"6°51'31.58""",Mercury,Capricorn,"6°30'48.26""",0,0.3454,0.3454
2026-01-21 10:15:00,Aspect,Sextitle,Mars,Capricorn,"4°01'25.07""",Saturn,Pisces,"3°24'41.31""",60,59.3878,0.6122
2026-01-21 10:30:00,Aspect,Conjunction,Sun,Capricorn,"6°52'09.75""",Mercury,Capricorn,"6°31'51.08""",0,0.3385,0.3385
2026-01-21 10:30:00,Aspect,Sextitle,Mars,Capricorn,"4°01'54.26""",Saturn,Pisces,"3°24'44.55""",60,59.3806,0.6194
2026-01-21 10:45:00,Aspect,Conjunction,Sun,Capricorn,"6°52'47.92""",Mercury,Capricorn,"6°32'53.90""",0,0.3317,0.3317
2026-01-21 10:45:00,Aspect,Sextitle,Mars,Capricorn,"4°02'23.44""",Saturn,Pisces,"3°24'47.79""",60,59.3734,0.6266
2026-01-21 11:00:00,Aspect,Conjunction,Sun,Capricorn,"6°53'26.09""",Mercury,Capricorn,"6°33'56.72""",0,0.3248,0.3248
2026-01-21 11:00:00,Aspect,Sextitle,Mars,Capricorn,"4°02'52.63""",Saturn,Pisces,"3°24'51.02""",60,59.3662,0.6338
2026-01-21 11:15:00,Aspect,Conjunction,Sun,Capricorn,"6°54'04.27""",Mercury,Capricorn,"6°34'59.55""",0,0.318,0.318
2026-01-21 11:15:00,Aspect,Sextitle,Mars,Capricorn,"4°03'21.82""",Saturn,Pisces,"3°24'54.26""",60,59.359,0.641
2026-01-21 11:30:00,Aspect,Conjunction,Sun,Capricorn,"6°54'42.44""",Mercury,Capricorn,"6°36'02.38""",0,0.3111,0.3111
2026-01-21 11:30:00,Aspect,Sextitle,Mars,Capricorn,"4°03'51.01""",Saturn,Pisces,"3°24'57.50""",60,59.3518,0.6482
2026-01-21 11:45:00,Aspect,Conjunction,Sun,Capricorn,"6°55'20.61""",Mercury,Capricorn,"6°37'05.21""",0,0.3043,0.3043
2026-01-21 11:45:00,Aspect,Sextitle,Mars,Capricorn,"4°04'20.20""",Saturn,Pisces,"3°25'00.74""",60,59.3446,0.6554
2026-01-21 12:00:00,Aspect,Conjunction,Sun,Capricorn,"6°55'58.78""",Mercury,Capricorn,"6°38'08.05""",0,0.2974,0.2974
2026-01-21 12:00:00,Aspect,Sextitle,Mars,Capricorn,"4°04'49.39""",Saturn,Pisces,"3°25'03.98""",60,59.3374,0.6626
2026-01-21 12:15:00,Aspect,Conjunction,Sun,Capricorn,"6°56'36.95""",Mercury,Capricorn,"6°39'10.89""",0,0.2906,0.2906
2026-01-21 12:15:00,Aspect,Sextitle,Mars,Capricorn,"4°05'18.57""",Saturn,Pisces,"3°25'07.22""",60,59.3302,0.6698
2026-01-21 12:30:00,Aspect,Conjunction,Sun,Capricorn,"6°57'15.12""",Mercury,Capricorn,"6°40'13.74""",0,0.2837,0.2837
2026-01-21 12:30:00,Aspect,Sextitle,Mars,Capricorn,"4°05'47.76""",Saturn,Pisces,"3°25'10.46""",60,59.323,0.677
2026-01-21 12:45:00,Aspect,Conjunction,Sun,Capricorn,"6°57'53.29""",Mercury,Capricorn,"6°41'16.59""",0,0.2769,0.2769
2026-01-21 12:45:00,Aspect,Sextitle,Mars,Capricorn,"4°06'16.95""",Saturn,Pisces,"3°25'13.71""",60,59.3158,0.6842
2026-01-21 13:00:00,Aspect,Conjunction,Sun,Capricorn,"6°58'31.46""",Mercury,Capricorn,"6°42'19.44""",0,0.27,0.27
2026-01-21 13:00:00,Aspect,Sextitle,Mars,Capricorn,"4°06'46.14""",Saturn,Pisces,"3°25'16.95""",60,59.3086,0.6914
2026-01-21 13:15:00,Aspect,Conjunction,Sun,Capricorn,"6°59'09.64""",Mercury,Capricorn,"6°43'22.30""",0,0.2631,0.2631
2026-01-21 13:15:00,Aspect,Sextitle,Mars,Capricorn,"4°07'15.33""",Saturn,Pisces,"3°25'20.19""",60,59.3013,0.6987
2026-01-21 13:30:00,Aspect,Conjunction,Sun,Capricorn,"6°59'47.81""",Mercury,Capricorn,"6°44'25.16""",0,0.2563,0.2563
2026-01-21 13:30:00,Aspect,Sextitle,Mars,Capricorn,"4°07'44.52""",Saturn,Pisces,"3°25'23.43""",60,59.2941,0.7059
2026-01-21 13:45:00,Aspect,Conjunction,Sun,Capricorn,"7°00'25.98""",Mercury,Capricorn,"6°45'28.02""",0,0.2494,0.2494
2026-01-21 13:45:00,Aspect,Sextitle,Mars,Capricorn,"4°08'13.71""",Saturn,Pisces,"3°25'26.68""",60,59.2869,0.7131
2026-01-21 14:00:00,Aspect,Conjunction,Sun,Capricorn,"7°01'04.15""",Mercury,Capricorn,"6°46'30.89""",0,0.2426,0.2426
2026-01-21 14:00:00,Aspect,Sextitle,Mars,Capricorn,"4°08'42.90""",Saturn,Pisces,"3°25'29.92""",60,59.2797,0.7203
2026-01-21 14:15:00,Aspect,Conjunction,Sun,Capricorn,"7°01'42.32""",Mercury,Capricorn,"6°47'33.76""",0,0.2357,0.2357
2026-01-21 14:15:00,Aspect,Sextitle,Mars,Capricorn,"4°09'12.09""",Saturn,Pisces,"3°25'33.17""",60,59.2725,0.7275
2026-01-21 14:30:00,Aspect,Conjunction,Sun,Capricorn,"7°02'20.49""",Mercury,Capricorn,"6°48'36.64""",0,0.2288,0.2288
2026-01-21 14:30:00,Aspect,Sextitle,Mars,Capricorn,"4°09'41.28""",Saturn,Pisces,"3°25'36.41""",60,59.2653,0.7347
2026-01-21 14:45:00,Aspect,Conjunction,Sun,Capricorn,"7°02'58.66""",Mercury,Capricorn,"6°49'39.52""",0,0.222,0.222
2026-01-21 14:45:00,Aspect,Sextitle,Mars,Capricorn,"4°10'10.47""",Saturn,Pisces,"3°25'39.66""",60,59.2581,0.7419
2026-01-21 15:00:00,Aspect,Conjunction,Sun,Capricorn,"7°03'36.83""",Mercury,Capricorn,"6°50'42.40""",0,0.2151,0.2151
2026-01-21 15:00:00,Aspect,Sextitle,Mars,Capricorn,"4°10'39.66""",Saturn,Pisces,"3°25'42.90""",60,59.2509,0.7491
2026-01-21 15:15:00,Aspect,Conjunction,Sun,Capricorn,"7°04'15.00""",Mercury,Capricorn,"6°51'45.29""",0,0.2083,0.2083
2026-01-21 15:15:00,Aspect,Sextitle,Mars,Capricorn,"4°11'08.86""",Saturn,Pisces,"3°25'46.15""",60,59.2437,0.7563
2026-01-21 15:30:00,Aspect,Conjunction,Sun,Capricorn,"7°04'53.17""",Mercury,Capricorn,"6°52'48.18""",0,0.2014,0.2014
2026-01-21 15:30:00,Aspect,Sextitle,Mars,Capricorn,"4°11'38.05""",Saturn,Pisces,"3°25'49.40""",60,59.2365,0.7635
2026-01-21 15:45:00,Aspect,Conjunction,Sun,Capricorn,"7°05'31.34""",Mercury,Capricorn,"6°53'51.07""",0,0.1945,0.1945
2026-01-21 15:45:00,Aspect,Sextitle,Mars,Capricorn,"4°12'07.24""",Saturn,Pisces,"3°25'52.64""",60,59.2293,0.7707
2026-01-21 16:00:00,Aspect,Conjunction,Sun,Capricorn,"7°06'09.51""",Mercury,Capricorn,"6°54'53.97""",0,0.1877,0.1877
2026-01-21 16:00:00,Aspect,Sextitle,Mars,Capricorn,"4°12'36.43""",Saturn,Pisces,"3°25'55.89""",60,59.2221,0.7779
2026-01-21 16:15:00,Aspect,Conjunction,Sun,Capricorn,"7°06'47.68""",Mercury,Capricorn,"6°55'56.87""",0,0.1808,0.1808
2026-01-21 16:15:00,Aspect,Sextitle,Mars,Capricorn,"4°13'05.62""",Saturn,Pisces,"3°25'59.14""",60,59.2149,0.7851
2026-01-21 16:30:00,Aspect,Conjunction,Sun,Capricorn,"7°07'25.85""",Mercury,Capricorn,"6°56'59.77""",0,0.1739,0.1739
2026-01-21 16:30:00,Aspect,Sextitle,Mars,Capricorn,"4°13'34.81""",Saturn,Pisces,"3°26'02.39""",60,59.2077,0.7923
2026-01-21 16:45:00,Aspect,Conjunction,Sun,Capricorn,"7°08'04.02""",Mercury,Capricorn,"6°58'02.68""",0,0.167,0.167
2026-01-21 16:45:00,Aspect,Sextitle,Mars,Capricorn,"4°14'04.01""",Saturn,Pisces,"3°26'05.64""",60,59.2005,0.7995
2026-01-21 17:00:00,Aspect,Conjunction,Sun,Capricorn,"7°08'42.19""",Mercury,Capricorn,"6°59'05.59""",0,0.1602,0.1602
2026-01-21 17:00:00,Aspect,Sextitle,Mars,Capricorn,"4°14'33.20""",Saturn,Pisces,"3°26'08.89""",60,59.1932,0.8068
2026-01-21 17:15:00,Aspect,Conjunction,Sun,Capricorn,"7°09'20.36""",Mercury,Capricorn,"7°00'08.51""",0,0.1533,0.1533
2026-01-21 17:15:00,Aspect,Sextitle,Mars,Capricorn,"4°15'02.39""",Saturn,Pisces,"3°26'12.14""",60,59.186,0.814
2026-01-21 17:30:00,Aspect,Conjunction,Sun,Capricorn,"7°09'58.53""",Mercury,Capricorn,"7°01'11.43""",0,0.1464,0.1464
2026-01-21 17:30:00,Aspect,Sextitle,Mars,Capricorn,"4°15'31.58""",Saturn,Pisces,"3°26'15.39""",60,59.1788,0.8212
2026-01-21 17:45:00,Aspect,Conjunction,Sun,Capricorn,"7°10'36.70""",Mercury,Capricorn,"7°02'14.35""",0,0.1395,0.1395
2026-01-21 17:45:00,Aspect,Sextitle,Mars,Capricorn,"4°16'00.78""",Saturn,Pisces,"3°26'18.64""",60,59.1716,0.8284
2026-01-21 18:00:00,Aspect,Conjunction,Sun,Capricorn,"7°11'14.87""",Mercury,Capricorn,"7°03'17.28""",0,0.1327,0.1327
2026-01-21 18:00:00,Aspect,Sextitle,Mars,Capricorn,"4°16'29.97""",Saturn,Pisces,"3°26'21.89""",60,59.1644,0.8356
2026-01-21 18:15:00,Aspect,Conjunction,Sun,Capricorn,"7°11'53.03""",Mercury,Capricorn,"7°04'20.21""",0,0.1258,0.1258
2026-01-21 18:15:00,Aspect,Sextitle,Mars,Capricorn,"4°16'59.16""",Saturn,Pisces,"3°26'25.15""",60,59.1572,0.8428
2026-01-21 18:30:00,Aspect,Conjunction,Sun,Capricorn,"7°12'31.20""",Mercury,Capricorn,"7°05'23.15""",0,0.1189,0.1189
2026-01-21 18:30:00,Aspect,Sextitle,Mars,Capricorn,"4°17'28.36""",Saturn,Pisces,"3°26'28.40""",60,59.15,0.85
2026-01-21 18:45:00,Aspect,Conjunction,Sun,Capricorn,"7°13'09.37""",Mercury,Capricorn,"7°06'26.08""",0,0.112,0.112
2026-01-21 18:45:00,Aspect,Sextitle,Mars,Capricorn,"4°17'57.55""",Saturn,Pisces,"3°26'31.65""",60,59.1428,0.8572
2026-01-21 19:00:00,Aspect,Conjunction,Sun,Capricorn,"7°13'47.54""",Mercury,Capricorn,"7°07'29.03""",0,0.1051,0.1051
2026-01-21 19:00:00,Aspect,Sextitle,Mars,Capricorn,"4°18'26.74""",Saturn,Pisces,"3°26'34.90""",60,59.1356,0.8644
2026-01-21 19:15:00,Aspect,Conjunction,Sun,Capricorn,"7°14'25.71""",Mercury,Capricorn,"7°08'31.97""",0,0.0983,0.0983
2026-01-21 19:15:00,Aspect,Sextitle,Mars,Capricorn,"4°18'55.94""",Saturn,Pisces,"3°26'38.16""",60,59.1284,0.8716
2026-01-21 19:30:00,Aspect,Conjunction,Sun,Capricorn,"7°15'03.88""",Mercury,Capricorn,"7°09'34.92""",0,0.0914,0.0914
2026-01-21 19:30:00,Aspect,Sextitle,Mars,Capricorn,"4°19'25.13""",Saturn,Pisces,"3°26'41.41""",60,59.1212,0.8788
2026-01-21 19:45:00,Aspect,Conjunction,Sun,Capricorn,"7°15'42.05""",Mercury,Capricorn,"7°10'37.87""",0,0.0845,0.0845
2026-01-21 19:45:00,Aspect,Sextitle,Mars,Capricorn,"4°19'54.33""",Saturn,Pisces,"3°26'44.67""",60,59.114,0.886
2026-01-21 20:00:00,Aspect,Conjunction,Sun,Capricorn,"7°16'20.22""",Mercury,Capricorn,"7°11'40.83""",0,0.0776,0.0776
2026-01-21 20:00:00,Aspect,Sextitle,Mars,Capricorn,"4°20'23.52""",Saturn,Pisces,"3°26'47.92""",60,59.1068,0.8932
2026-01-21 20:15:00,Aspect,Conjunction,Sun,Capricorn,"7°16'58.38""",Mercury,Capricorn,"7°12'43.79""",0,0.0707,0.0707
2026-01-21 20:15:00,Aspect,Sextitle,Mars,Capricorn,"4°20'52.72""",Saturn,Pisces,"3°26'51.18""",60,59.0996,0.9004
2026-01-21 20:30:00,Aspect,Conjunction,Sun,Capricorn,"7°17'36.55""",Mercury,Capricorn,"7°13'46.75""",0,0.0638,0.0638
2026-01-21 20:30:00,Aspect,Sextitle,Mars,Capricorn,"4°21'21.91""",Saturn,Pisces,"3°26'54.44""",60,59.0924,0.9076
2026-01-21 20:45:00,Aspect,Conjunction,Sun,Capricorn,"7°18'14.72""",Mercury,Capricorn,"7°14'49.72""",0,0.0569,0.0569
2026-01-21 20:45:00,Aspect,Sextitle,Mars,Capricorn,"4°21'51.11""",Saturn,Pisces,"3°26'57.69""",60,59.0852,0.9148
2026-01-21 21:00:00,Aspect,Conjunction,Sun,Capricorn,"7°18'52.89""",Mercury,Capricorn,"7°15'52.69""",0,0.0501,0.0501
2026-01-21 21:00:00,Aspect,Sextitle,Mars,Capricorn,"4°22'20.30""",Saturn,Pisces,"3°27'00.95""",60,59.078,0.922
2026-01-21 21:15:00,Aspect,Conjunction,Sun,Capricorn,"7°19'31.06""",Mercury,Capricorn,"7°16'55.67""",0,0.0432,0.0432
2026-01-21 21:15:00,Aspect,Sextitle,Mars,Capricorn,"4°22'49.50""",Saturn,Pisces,"3°27'04.21""",60,59.0708,0.9292
2026-01-21 21:30:00,Aspect,Conjunction,Sun,Capricorn,"7°20'09.23""",Mercury,Capricorn,"7°17'58.65""",0,0.0363,0.0363
2026-01-21 21:30:00,Aspect,Sextitle,Mars,Capricorn,"4°23'18.69""",Saturn,Pisces,"3°27'07.47""",60,59.0635,0.9365
2026-01-21 21:45:00,Aspect,Conjunction,Sun,Capricorn,"7°20'47.39""",Mercury,Capricorn,"7°19'01.63""",0,0.0294,0.0294
2026-01-21 21:45:00,Aspect,Sextitle,Mars,Capricorn,"4°23'47.89""",Saturn,Pisces,"3°27'10.73""",60,59.0563,0.9437
2026-01-21 22:00:00,Aspect,Conjunction,Sun,Capricorn,"7°21'25.56""",Mercury,Capricorn,"7°20'04.62""",0,0.0225,0.0225
2026-01-21 22:00:00,Aspect,Sextitle,Mars,Capricorn,"4°24'17.08""",Saturn,Pisces,"3°27'13.99""",60,59.0491,0.9509
2026-01-21 22:15:00,Aspect,Conjunction,Sun,Capricorn,"7°22'03.73""",Mercury,Capricorn,"7°21'07.61""",0,0.0156,0.0156
2026-01-21 22:15:00,Aspect,Sextitle,Mars,Capricorn,"4°24'46.28""",Saturn,Pisces,"3°27'17.25""",60,59.0419,0.9581
2026-01-21 22:30:00,Aspect,Conjunction,Sun,Capricorn,"7°22'41.90""",Mercury,Capricorn,"7°22'10.60""",0,0.0087,0.0087
2026-01-21 22:30:00,Aspect,Sextitle,Mars,Capricorn,"4°25'15.48""",Saturn,Pisces,"3°27'20.51""",60,59.0347,0.9653
2026-01-21 22:45:00,Aspect,Conjunction,Sun,Capricorn,"7°23'20.06""",Mercury,Capricorn,"7°23'13.60""",0,0.0018,0.0018
2026-01-21 22:45:00,Aspect,Sextitle,Mars,Capricorn,"4°25'44.67""",Saturn,Pisces,"3°27'23.77""",60,59.0275,0.9725
2026-01-21 23:00:00,Aspect,Conjunction,Sun,Capricorn,"7°23'58.23""",Mercury,Capricorn,"7°24'16.60""",0,0.0051,0.0051
2026-01-21 23:00:00,Aspect,Sextitle,Mars,Capricorn,"4°26'13.87""",Saturn,Pisces,"3°27'27.03""",60,59.0203,0.9797
2026-01-21 23:15:00,Aspect,Conjunction,Sun,Capricorn,"7°24'36.40""",Mercury,Capricorn,"7°25'19.60""",0,0.012,0.012
2026-01-21 23:15:00,Aspect,Sextitle,Mars,Capricorn,"4°26'43.07""",Saturn,Pisces,"3°27'30.29""",60,59.0131,0.9869
2026-01-21 23:30:00,Aspect,Conjunction,Sun,Capricorn,"7°25'14.57""",Mercury,Capricorn,"7°26'22.61""",0,0.0189,0.0189
2026-01-21 23:30:00,Aspect,Sextitle,Mars,Capricorn,"4°27'12.26""",Saturn,Pisces,"3°27'33.55""",60,59.0059,0.9941
2026-01-21 23:45:00,Aspect,Conjunction,Sun,Capricorn,"7°25'52.73""",Mercury,Capricorn,"7°27'25.62""",0,0.0258,0.0258
2026-01-22 00:00:00,Aspect,Conjunction,Sun,Capricorn,"7°26'30.90""",Mercury,Capricorn,"7°28'28.64""",0,0.0327,0.0327
2026-01-22 00:15:00,Aspect,Conjunction,Sun,Capricorn,"7°27'09.07""",Mercury,Capricorn,"7°29'31.66""",0,0.0396,0.0396
2026-01-22 00:30:00,Aspect,Conjunction,Sun,Capricorn,"7°27'47.23""",Mercury,Capricorn,"7°30'34.68""",0,0.0465,0.0465
2026-01-22 00:45:00,Aspect,Conjunction,Sun,Capricorn,"7°28'25.40""",Mercury,Capricorn,"7°31'37.71""",0,0.0534,0.0534
2026-01-22 01:00:00,Aspect,Conjunction,Sun,Capricorn,"7°29'03.57""",Mercury,Capricorn,"7°32'40.74""",0,0.0603,0.0603
2026-01-22 01:15:00,Aspect,Conjunction,Sun,Capricorn,"7°29'41.73""",Mercury,Capricorn,"7°33'43.78""",0,0.0672,0.0672
2026-01-22 01:30:00,Aspect,Conjunction,Sun,Capricorn,"7°30'19.90""",Mercury,Capricorn,"7°34'46.81""",0,0.0741,0.0741
2026-01-22 01:45:00,Aspect,Conjunction,Sun,Capricorn,"7°30'58.07""",Mercury,Capricorn,"7°35'49.86""",0,0.0811,0.0811
2026-01-22 02:00:00,Aspect,Conjunction,Sun,Capricorn,"7°31'36.23""",Mercury,Capricorn,"7°36'52.90""",0,0.088,0.088
2026-01-22 02:15:00,Aspect,Conjunction,Sun,Capricorn,"7°32'14.40""",Mercury,Capricorn,"7°37'55.95""",0,0.0949,0.0949
2026-01-22 02:30:00,Aspect,Conjunction,Sun,Capricorn,"7°32'52.57""",Mercury,Capricorn,"7°38'59.00""",0,0.1018,0.1018
2026-01-22 02:45:00,Aspect,Conjunction,Sun,Capricorn,"7°33'30.73""",Mercury,Capricorn,"7°40'02.06""",0,0.1087,0.1087
2026-01-22 03:00:00,Aspect,Conjunction,Sun,Capricorn,"7°34'08.90""",Mercury,Capricorn,"7°41'05.12""",0,0.1156,0.1156
2026-01-22 03:15:00,Aspect,Conjunction,Sun,Capricorn,"7°34'47.06""",Mercury,Capricorn,"7°42'08.19""",0,0.1225,0.1225
2026-01-22 03:30:00,Aspect,Conjunction,Sun,Capricorn,"7°35'25.23""",Mercury,Capricorn,"7°43'11.25""",0,0.1295,0.1295
2026-01-22 03:45:00,Aspect,Conjunction,Sun,Capricorn,"7°36'03.40""",Mercury,Capricorn,"7°44'14.33""",0,0.1364,0.1364
2026-01-22 04:00:00,Aspect,Conjunction,Sun,Capricorn,"7°36'41.56""",Mercury,Capricorn,"7°45'17.40""",0,0.1433,0.1433
2026-01-22 04:15:00,Aspect,Conjunction,Sun,Capricorn,"7°37'19.73""",Mercury,Capricorn,"7°46'20.48""",0,0.1502,0.1502
2026-01-22 04:30:00,Aspect,Conjunction,Sun,Capricorn,"7°37'57.89""",Mercury,Capricorn,"7°47'23.56""",0,0.1571,0.1571
2026-01-22 04:45:00,Aspect,Conjunction,Sun,Capricorn,"7°38'36.06""",Mercury,Capricorn,"7°48'26.65""",0,0.1641,0.1641
2026-01-22 05:00:00,Aspect,Conjunction,Sun,Capricorn,"7°39'14.22""",Mercury,Capricorn,"7°49'29.74""",0,0.171,0.171
2026-01-22 05:15:00,Aspect,Conjunction,Sun,Capricorn,"7°39'52.39""",Mercury,Capricorn,"7°50'32.83""",0,0.1779,0.1779
2026-01-22 05:30:00,Aspect,Conjunction,Sun,Capricorn,"7°40'30.55""",Mercury,Capricorn,"7°51'35.93""",0,0.1848,0.1848
2026-01-22 05:45:00,Aspect,Conjunction,Sun,Capricorn,"7°41'08.72""",Mercury,Capricorn,"7°52'39.03""",0,0.1918,0.1918
2026-01-22 06:00:00,Aspect,Conjunction,Sun,Capricorn,"7°41'46.88""",Mercury,Capricorn,"7°53'42.14""",0,0.1987,0.1987
2026-01-22 06:15:00,Aspect,Conjunction,Sun,Capricorn,"7°42'25.05""",Mercury,Capricorn,"7°54'45.25""",0,0.2056,0.2056
2026-01-22 06:30:00,Aspect,Conjunction,Sun,Capricorn,"7°43'03.21""",Mercury,Capricorn,"7°55'48.36""",0,0.2125,0.2125
2026-01-22 06:45:00,Aspect,Conjunction,Sun,Capricorn,"7°43'41.38""",Mercury,Capricorn,"7°56'51.47""",0,0.2195,0.2195
2026-01-22 07:00:00,Aspect,Conjunction,Sun,Capricorn,"7°44'19.54""",Mercury,Capricorn,"7°57'54.59""",0,0.2264,0.2264
2026-01-22 07:15:00,Aspect,Conjunction,Sun,Capricorn,"7°44'57.71""",Mercury,Capricorn,"7°58'57.72""",0,0.2333,0.2333
2026-01-22 07:30:00,Aspect,Conjunction,Sun,Capricorn,"7°45'35.87""",Mercury,Capricorn,"8°00'00.85""",0,0.2403,0.2403
2026-01-22 07:45:00,Aspect,Conjunction,Sun,Capricorn,"7°46'14.03""",Mercury,Capricorn,"8°01'03.98""",0,0.2472,0.2472
2026-01-22 08:00:00,Aspect,Conjunction,Sun,Capricorn,"7°46'52.20""",Mercury,Capricorn,"8°02'07.11""",0,0.2541,0.2541
2026-01-22 08:15:00,Aspect,Conjunction,Sun,Capricorn,"7°47'30.36""",Mercury,Capricorn,"8°03'10.25""",0,0.2611,0.2611
2026-01-22 08:30:00,Aspect,Conjunction,Sun,Capricorn,"7°48'08.53""",Mercury,Capricorn,"8°04'13.39""",0,0.268,0.268
2026-01-22 08:30:00,Aspect,Conjunction,Moon,Aquarius,"15°55'07.09""",Rahu,Aquarius,"16°49'57.95""",0,0.9141,0.9141
2026-01-22 08:30:00,Aspect,Opposition,Moon,Aquarius,"15°55'07.09""",Ketu,Leo,"16°49'57.95""",180,179.0859,0.9141
2026-01-22 08:45:00,Aspect,Conjunction,Sun,Capricorn,"7°48'46.69""",Mercury,Capricorn,"8°05'16.54""",0,0.275,0.275
2026-01-22 08:45:00,Aspect,Conjunction,Moon,Aquarius,"16°03'18.82""",Rahu,Aquarius,"16°49'55.96""",0,0.777,0.777
2026-01-22 08:45:00,Aspect,Opposition,Moon,Aquarius,"16°03'18.82""",Ketu,Leo,"16°49'55.96""",180,179.223,0.777
2026-01-22 09:00:00,Aspect,Conjunction,Sun,Capricorn,"7°49'24.85""",Mercury,Capricorn,"8°06'19.69""",0,0.2819,0.2819
2026-01-22 09:00:00,Aspect,Conjunction,Moon,Aquarius,"16°11'30.63""",Rahu,Aquarius,"16°49'53.97""",0,0.6398,0.6398
2026-01-22 09:00:00,Aspect,Opposition,Moon,Aquarius,"16°11'30.63""",Ketu,Leo,"16°49'53.97""",180,179.3602,0.6398
2026-01-22 09:15:00,Aspect,Conjunction,Sun,Capricorn,"7°50'03.02""",Mercury,Capricorn,"8°07'22.84""",0,0.2888,0.2888
2026-01-22 09:15:00,Aspect,Conjunction,Moon,Aquarius,"16°19'42.52""",Rahu,Aquarius,"16°49'51.99""",0,0.5026,0.5026
2026-01-22 09:15:00,Aspect,Opposition,Moon,Aquarius,"16°19'42.52""",Ketu,Leo,"16°49'51.99""",180,179.4974,0.5026
2026-01-22 09:30:00,Aspect,Conjunction,Sun,Capricorn,"7°50'41.18""",Mercury,Capricorn,"8°08'26.00""",0,0.2958,0.2958
2026-01-22 09:30:00,Aspect,Conjunction,Moon,Aquarius,"16°27'54.49""",Rahu,Aquarius,"16°49'50.00""",0,0.3654,0.3654
2026-01-22 09:30:00,Aspect,Opposition,Moon,Aquarius,"16°27'54.49""",Ketu,Leo,"16°49'50.00""",180,179.6346,0.3654
2026-01-22 09:45:00,Aspect,Conjunction,Sun,Capricorn,"7°51'19.35""",Mercury,Capricorn,"8°09'29.16""",0,0.3027,0.3027
2026-01-22 09:45:00,Aspect,Conjunction,Moon,Aquarius,"16°36'06.53""",Rahu,Aquarius,"16°49'48.01""",0,0.2282,0.2282
2026-01-22 09:45:00,Aspect,Opposition,Moon,Aquarius,"16°36'06.53""",Ketu,Leo,"16°49'48.01""",180,179.7718,0.2282
2026-01-22 10:00:00,Aspect,Conjunction,Sun,Capricorn,"7°51'57.51""",Mercury,Capricorn,"8°10'32.32""",0,0.3097,0.3097
2026-01-22 10:00:00,Aspect,Conjunction,Moon,Aquarius,"16°44'18.66""",Rahu,Aquarius,"16°49'46.02""",0,0.0909,0.0909
2026-01-22 10:00:00,Aspect,Opposition,Moon,Aquarius,"16°44'18.66""",Ketu,Leo,"16°49'46.02""",180,179.9091,0.0909
2026-01-22 10:15:00,Aspect,Conjunction,Sun,Capricorn,"7°52'35.67""",Mercury,Capricorn,"8°11'35.49""",0,0.3166,0.3166
2026-01-22 10:15:00,Aspect,Conjunction,Moon,Aquarius,"16°52'30.86""",Rahu,Aquarius,"16°49'44.04""",0,0.0463,0.0463
2026-01-22 10:15:00,Aspect,Opposition,Moon,Aquarius,"16°52'30.86""",Ketu,Leo,"16°49'44.04""",180,179.9537,0.0463
2026-01-22 10:30:00,Aspect,Conjunction,Sun,Capricorn,"7°53'13.84""",Mercury,Capricorn,"8°12'38.66""",0,0.3236,0.3236
2026-01-22 10:30:00,Aspect,Conjunction,Moon,Aquarius,"17°00'43.14""",Rahu,Aquarius,"16°49'42.05""",0,0.1836,0.1836
2026-01-22 10:30:00,Aspect,Opposition,Moon,Aquarius,"17°00'43.14""",Ketu,Leo,"16°49'42.05""",180,179.8164,0.1836
2026-01-22 10:45:00,Aspect,Conjunction,Sun,Capricorn,"7°53'52.00""",Mercury,Capricorn,"8°13'41.84""",0,0.3305,0.3305
2026-01-22 10:45:00,Aspect,Conjunction,Moon,Aquarius,"17°08'55.50""",Rahu,Aquarius,"16°49'40.06""",0,0.321,0.321
2026-01-22 10:45:00,Aspect,Opposition,Moon,Aquarius,"17°08'55.50""",Ketu,Leo,"16°49'40.06""",180,179.679,0.321
2026-01-22 11:00:00,Aspect,Conjunction,Sun,Capricorn,"7°54'30.16""",Mercury,Capricorn,"8°14'45.02""",0,0.3375,0.3375
2026-01-22 11:00:00,Aspect,Conjunction,Moon,Aquarius,"17°17'07.93""",Rahu,Aquarius,"16°49'38.08""",0,0.4583,0.4583
2026-01-22 11:00:00,Aspect,Opposition,Moon,Aquarius,"17°17'07.93""",Ketu,Leo,"16°49'38.08""",180,179.5417,0.4583
2026-01-22 11:15:00,Aspect,Conjunction,Sun,Capricorn,"7°55'08.32""",Mercury,Capricorn,"8°15'48.20""",0,0.3444,0.3444
2026-01-22 11:15:00,Aspect,Conjunction,Moon,Aquarius,"17°25'20.45""",Rahu,Aquarius,"16°49'36.09""",0,0.5957,0.5957
2026-01-22 11:15:00,Aspect,Opposition,Moon,Aquarius,"17°25'20.45""",Ketu,Leo,"16°49'36.09""",180,179.4043,0.5957
2026-01-22 11:30:00,Aspect,Conjunction,Sun,Capricorn,"7°55'46.49""",Mercury,Capricorn,"8°16'51.39""",0,0.3514,0.3514
2026-01-22 11:30:00,Aspect,Conjunction,Moon,Aquarius,"17°33'33.04""",Rahu,Aquarius,"16°49'34.10""",0,0.733,0.733
2026-01-22 11:30:00,Aspect,Opposition,Moon,Aquarius,"17°33'33.04""",Ketu,Leo,"16°49'34.10""",180,179.267,0.733
2026-01-22 11:45:00,Aspect,Conjunction,Sun,Capricorn,"7°56'24.65""",Mercury,Capricorn,"8°17'54.58""",0,0.3583,0.3583
2026-01-22 11:45:00,Aspect,Conjunction,Moon,Aquarius,"17°41'45.71""",Rahu,Aquarius,"16°49'32.11""",0,0.8704,0.8704
2026-01-22 11:45:00,Aspect,Opposition,Moon,Aquarius,"17°41'45.71""",Ketu,Leo,"16°49'32.11""",180,179.1296,0.8704
2026-01-22 12:00:00,Aspect,Conjunction,Sun,Capricorn,"7°57'02.81""",Mercury,Capricorn,"8°18'57.77""",0,0.3653,0.3653
2026-01-22 12:15:00,Aspect,Conjunction,Sun,Capricorn,"7°57'40.97""",Mercury,Capricorn,"8°20'00.97""",0,0.3722,0.3722
2026-01-22 12:30:00,Aspect,Conjunction,Sun,Capricorn,"7°58'19.14""",Mercury,Capricorn,"8°21'04.17""",0,0.3792,0.3792
2026-01-22 12:45:00,Aspect,Conjunction,Sun,Capricorn,"7°58'57.30""",Mercury,Capricorn,"8°22'07.38""",0,0.3861,0.3861
2026-01-22 13:00:00,Aspect,Conjunction,Sun,Capricorn,"7°59'35.46""",Mercury,Capricorn,"8°23'10.59""",0,0.3931,0.3931
2026-01-22 13:15:00,Aspect,Conjunction,Sun,Capricorn,"8°00'13.62""",Mercury,Capricorn,"8°24'13.80""",0,0.4,0.4
2026-01-22 13:30:00,Aspect,Conjunction,Sun,Capricorn,"8°00'51.79""",Mercury,Capricorn,"8°25'17.02""",0,0.407,0.407
2026-01-22 13:45:00,Aspect,Conjunction,Sun,Capricorn,"8°01'29.95""",Mercury,Capricorn,"8°26'20.24""",0,0.414,0.414
2026-01-22 14:00:00,Aspect,Conjunction,Sun,Capricorn,"8°02'08.11""",Mercury,Capricorn,"8°27'23.46""",0,0.4209,0.4209
2026-01-22 14:15:00,Aspect,Conjunction,Sun,Capricorn,"8°02'46.27""",Mercury,Capricorn,"8°28'26.69""",0,0.4279,0.4279
2026-01-22 14:30:00,Aspect,Conjunction,Sun,Capricorn,"8°03'24.43""",Mercury,Capricorn,"8°29'29.92""",0,0.4349,0.4349
2026-01-22 14:45:00,Aspect,Conjunction,Sun,Capricorn,"8°04'02.59""",Mercury,Capricorn,"8°30'33.16""",0,0.4418,0.4418
2026-01-22 15:00:00,Aspect,Conjunction,Sun,Capricorn,"8°04'40.76""",Mercury,Capricorn,"8°31'36.39""",0,0.4488,0.4488
2026-01-22 15:15:00,Aspect,Conjunction,Sun,Capricorn,"8°05'18.92""",Mercury,Capricorn,"8°32'39.64""",0,0.4558,0.4558
2026-01-22 15:30:00,Aspect,Conjunction,Sun,Capricorn,"8°05'57.08""",Mercury,Capricorn,"8°33'42.88""",0,0.4627,0.4627
2026-01-22 15:45:00,Aspect,Conjunction,Sun,Capricorn,"8°06'35.24""",Mercury,Capricorn,"8°34'46.13""",0,0.4697,0.4697
2026-01-22 16:00:00,Aspect,Conjunction,Sun,Capricorn,"8°07'13.40""",Mercury,Capricorn,"8°35'49.39""",0,0.4767,0.4767
2026-01-22 16:15:00,Aspect,Conjunction,Sun,Capricorn,"8°07'51.56""",Mercury,Capricorn,"8°36'52.64""",0,0.4836,0.4836
2026-01-22 16:30:00,Aspect,Conjunction,Sun,Capricorn,"8°08'29.72""",Mercury,Capricorn,"8°37'55.91""",0,0.4906,0.4906
2026-01-22 16:45:00,Aspect,Conjunction,Sun,Capricorn,"8°09'07.88""",Mercury,Capricorn,"8°38'59.17""",0,0.4976,0.4976
2026-01-22 17:00:00,Aspect,Conjunction,Sun,Capricorn,"8°09'46.04""",Mercury,Capricorn,"8°40'02.44""",0,0.5046,0.5046
2026-01-22 17:15:00,Aspect,Conjunction,Sun,Capricorn,"8°10'24.21""",Mercury,Capricorn,"8°41'05.71""",0,0.5115,0.5115
2026-01-22 17:30:00,Aspect,Conjunction,Sun,Capricorn,"8°11'02.37""",Mercury,Capricorn,"8°42'08.99""",0,0.5185,0.5185
2026-01-22 17:45:00,Aspect,Conjunction,Sun,Capricorn,"8°11'40.53""",Mercury,Capricorn,"8°43'12.27""",0,0.5255,0.5255
2026-01-22 18:00:00,Aspect,Conjunction,Sun,Capricorn,"8°12'18.69""",Mercury,Capricorn,"8°44'15.55""",0,0.5325,0.5325
2026-01-22 18:15:00,Aspect,Conjunction,Sun,Capricorn,"8°12'56.85""",Mercury,Capricorn,"8°45'18.84""",0,0.5394,0.5394
2026-01-22 18:30:00,Aspect,Conjunction,Sun,Capricorn,"8°13'35.01""",Mercury,Capricorn,"8°46'22.13""",0,0.5464,0.5464
2026-01-22 18:45:00,Aspect,Conjunction,Sun,Capricorn,"8°14'13.17""",Mercury,Capricorn,"8°47'25.42""",0,0.5534,0.5534
2026-01-22 19:00:00,Aspect,Conjunction,Sun,Capricorn,"8°14'51.33""",Mercury,Capricorn,"8°48'28.72""",0,0.5604,0.5604
2026-01-22 19:15:00,Aspect,Conjunction,Sun,Capricorn,"8°15'29.49""",Mercury,Capricorn,"8°49'32.03""",0,0.5674,0.5674
2026-01-22 19:30:00,Aspect,Conjunction,Sun,Capricorn,"8°16'07.65""",Mercury,Capricorn,"8°50'35.33""",0,0.5744,0.5744
2026-01-22 19:45:00,Aspect,Conjunction,Sun,Capricorn,"8°16'45.81""",Mercury,Capricorn,"8°51'38.64""",0,0.5813,0.5813
2026-01-22 20:00:00,Aspect,Conjunction,Sun,Capricorn,"8°17'23.97""",Mercury,Capricorn,"8°52'41.95""",0,0.5883,0.5883
2026-01-22 20:15:00,Aspect,Conjunction,Sun,Capricorn,"8°18'02.13""",Mercury,Capricorn,"8°53'45.27""",0,0.5953,0.5953
2026-01-22 20:30:00,Aspect,Conjunction,Sun,Capricorn,"8°18'40.28""",Mercury,Capricorn,"8°54'48.59""",0,0.6023,0.6023
2026-01-22 20:45:00,Aspect,Conjunction,Sun,Capricorn,"8°19'18.44""",Mercury,Capricorn,"8°55'51.92""",0,0.6093,0.6093
2026-01-22 21:00:00,Aspect,Conjunction,Sun,Capricorn,"8°19'56.60""",Mercury,Capricorn,"8°56'55.24""",0,0.6163,0.6163
2026-01-22 21:15:00,Aspect,Conjunction,Sun,Capricorn,"8°20'34.76""",Mercury,Capricorn,"8°57'58.58""",0,0.6233,0.6233
2026-01-22 21:30:00,Aspect,Conjunction,Sun,Capricorn,"8°21'12.92""",Mercury,Capricorn,"8°59'01.91""",0,0.6303,0.6303
2026-01-22 21:45:00,Aspect,Conjunction,Sun,Capricorn,"8°21'51.08""",Mercury,Capricorn,"9°00'05.25""",0,0.6373,0.6373
2026-01-22 22:00:00,Aspect,Conjunction,Sun,Capricorn,"8°22'29.24""",Mercury,Capricorn,"9°01'08.60""",0,0.6443,0.6443
2026-01-22 22:00:00,Aspect,Trine,Moon,Aquarius,"23°19'33.28""",Jupiter,Gemini,"24°15'42.61""",120,120.9359,0.9359
2026-01-22 22:15:00,Aspect,Conjunction,Sun,Capricorn,"8°23'07.40""",Mercury,Capricorn,"9°02'11.94""",0,0.6513,0.6513
2026-01-22 22:15:00,Aspect,Trine,Moon,Aquarius,"23°27'49.28""",Jupiter,Gemini,"24°15'37.84""",120,120.7968,0.7968
2026-01-22 22:30:00,Aspect,Conjunction,Sun,Capricorn,"8°23'45.56""",Mercury,Capricorn,"9°03'15.29""",0,0.6583,0.6583
2026-01-22 22:30:00,Aspect,Trine,Moon,Aquarius,"23°36'05.37""",Jupiter,Gemini,"24°15'33.07""",120,120.6577,0.6577
2026-01-22 22:45:00,Aspect,Conjunction,Sun,Capricorn,"8°24'23.71""",Mercury,Capricorn,"9°04'18.65""",0,0.6653,0.6653
2026-01-22 22:45:00,Aspect,Trine,Moon,Aquarius,"23°44'21.53""",Jupiter,Gemini,"24°15'28.30""",120,120.5185,0.5185
2026-01-22 23:00:00,Aspect,Conjunction,Sun,Capricorn,"8°25'01.87""",Mercury,Capricorn,"9°05'22.01""",0,0.6723,0.6723
2026-01-22 23:00:00,Aspect,Trine,Moon,Aquarius,"23°52'37.78""",Jupiter,Gemini,"24°15'23.54""",120,120.3794,0.3794
2026-01-22 23:15:00,Aspect,Conjunction,Sun,Capricorn,"8°25'40.03""",Mercury,Capricorn,"9°06'25.37""",0,0.6793,0.6793
2026-01-22 23:15:00,Aspect,Trine,Moon,Aquarius,"24°00'54.10""",Jupiter,Gemini,"24°15'18.77""",120,120.2402,0.2402
2026-01-22 23:30:00,Aspect,Conjunction,Sun,Capricorn,"8°26'18.19""",Mercury,Capricorn,"9°07'28.73""",0,0.6863,0.6863
2026-01-22 23:30:00,Aspect,Trine,Moon,Aquarius,"24°09'10.51""",Jupiter,Gemini,"24°15'14.00""",120,120.101,0.101
2026-01-22 23:45:00,Aspect,Conjunction,Sun,Capricorn,"8°26'56.35""",Mercury,Capricorn,"9°08'32.10""",0,0.6933,0.6933
2026-01-22 23:45:00,Aspect,Trine,Moon,Aquarius,"24°17'27.00""",Jupiter,Gemini,"24°15'09.23""",120,119.9617,0.0383
2026-01-23 00:00:00,Aspect,Conjunction,Sun,Capricorn,"8°27'34.50""",Mercury,Capricorn,"9°09'35.47""",0,0.7003,0.7003
2026-01-23 00:00:00,Aspect,Trine,Moon,Aquarius,"24°25'43.57""",Jupiter,Gemini,"24°15'04.47""",120,119.8225,0.1775
2026-01-23 00:15:00,Aspect,Conjunction,Sun,Capricorn,"8°28'12.66""",Mercury,Capricorn,"9°10'38.85""",0,0.7073,0.7073
2026-01-23 00:15:00,Aspect,Trine,Moon,Aquarius,"24°34'00.22""",Jupiter,Gemini,"24°14'59.70""",120,119.6832,0.3168
2026-01-23 00:30:00,Aspect,Conjunction,Sun,Capricorn,"8°28'50.82""",Mercury,Capricorn,"9°11'42.23""",0,0.7143,0.7143
2026-01-23 00:30:00,Aspect,Trine,Moon,Aquarius,"24°42'16.95""",Jupiter,Gemini,"24°14'54.93""",120,119.5439,0.4561
2026-01-23 00:45:00,Aspect,Conjunction,Sun,Capricorn,"8°29'28.98""",Mercury,Capricorn,"9°12'45.62""",0,0.7213,0.7213
2026-01-23 00:45:00,Aspect,Trine,Moon,Aquarius,"24°50'33.76""",Jupiter,Gemini,"24°14'50.17""",120,119.4046,0.5954
2026-01-23 01:00:00,Aspect,Conjunction,Sun,Capricorn,"8°30'07.14""",Mercury,Capricorn,"9°13'49.00""",0,0.7283,0.7283
2026-01-23 01:00:00,Aspect,Trine,Moon,Aquarius,"24°58'50.65""",Jupiter,Gemini,"24°14'45.40""",120,119.2652,0.7348
2026-01-23 01:15:00,Aspect,Conjunction,Sun,Capricorn,"8°30'45.29""",Mercury,Capricorn,"9°14'52.40""",0,0.7353,0.7353
2026-01-23 01:15:00,Aspect,Trine,Moon,Aquarius,"25°07'07.62""",Jupiter,Gemini,"24°14'40.64""",120,119.1258,0.8742
2026-01-23 01:30:00,Aspect,Conjunction,Sun,Capricorn,"8°31'23.45""",Mercury,Capricorn,"9°15'55.79""",0,0.7423,0.7423
2026-01-23 01:45:00,Aspect,Conjunction,Sun,Capricorn,"8°32'01.61""",Mercury,Capricorn,"9°16'59.19""",0,0.7493,0.7493
2026-01-23 02:00:00,Aspect,Conjunction,Sun,Capricorn,"8°32'39.76""",Mercury,Capricorn,"9°18'02.59""",0,0.7563,0.7563
2026-01-23 02:15:00,Aspect,Conjunction,Sun,Capricorn,"8°33'17.92""",Mercury,Capricorn,"9°19'06.00""",0,0.7634,0.7634
2026-01-23 02:30:00,Aspect,Conjunction,Sun,Capricorn,"8°33'56.08""",Mercury,Capricorn,"9°20'09.41""",0,0.7704,0.7704
2026-01-23 02:45:00,Aspect,Conjunction,Sun,Capricorn,"8°34'34.24""",Mercury,Capricorn,"9°21'12.82""",0,0.7774,0.7774
2026-01-23 03:00:00,Aspect,Conjunction,Sun,Capricorn,"8°35'12.39""",Mercury,Capricorn,"9°22'16.24""",0,0.7844,0.7844
2026-01-23 03:15:00,Aspect,Conjunction,Sun,Capricorn,"8°35'50.55""",Mercury,Capricorn,"9°23'19.66""",0,0.7914,0.7914
2026-01-23 03:30:00,Aspect,Conjunction,Sun,Capricorn,"8°36'28.71""",Mercury,Capricorn,"9°24'23.09""",0,0.7984,0.7984
2026-01-23 03:45:00,Aspect,Conjunction,Sun,Capricorn,"8°37'06.86""",Mercury,Capricorn,"9°25'26.52""",0,0.8055,0.8055
2026-01-23 04:00:00,Aspect,Conjunction,Sun,Capricorn,"8°37'45.02""",Mercury,Capricorn,"9°26'29.95""",0,0.8125,0.8125
2026-01-23 04:15:00,Aspect,Conjunction,Sun,Capricorn,"8°38'23.17""",Mercury,Capricorn,"9°27'33.39""",0,0.8195,0.8195
2026-01-23 04:30:00,Aspect,Conjunction,Sun,Capricorn,"8°39'01.33""",Mercury,Capricorn,"9°28'36.83""",0,0.8265,0.8265
2026-01-23 04:45:00,Aspect,Conjunction,Sun,Capricorn,"8°39'39.49""",Mercury,Capricorn,"9°29'40.27""",0,0.8336,0.8336
2026-01-23 05:00:00,Aspect,Conjunction,Sun,Capricorn,"8°40'17.64""",Mercury,Capricorn,"9°30'43.72""",0,0.8406,0.8406
2026-01-23 05:15:00,Aspect,Conjunction,Sun,Capricorn,"8°40'55.80""",Mercury,Capricorn,"9°31'47.17""",0,0.8476,0.8476
2026-01-23 05:30:00,Aspect,Conjunction,Sun,Capricorn,"8°41'33.95""",Mercury,Capricorn,"9°32'50.62""",0,0.8546,0.8546
2026-01-23 05:45:00,Aspect,Conjunction,Sun,Capricorn,"8°42'12.11""",Mercury,Capricorn,"9°33'54.08""",0,0.8617,0.8617
2026-01-23 06:00:00,Aspect,Conjunction,Sun,Capricorn,"8°42'50.27""",Mercury,Capricorn,"9°34'57.55""",0,0.8687,0.8687
2026-01-23 06:15:00,Aspect,Conjunction,Sun,Capricorn,"8°43'28.42""",Mercury,Capricorn,"9°36'01.01""",0,0.8757,0.8757
2026-01-23 06:30:00,Aspect,Conjunction,Sun,Capricorn,"8°44'06.58""",Mercury,Capricorn,"9°37'04.48""",0,0.8828,0.8828
2026-01-23 06:45:00,Aspect,Conjunction,Sun,Capricorn,"8°44'44.73""",Mercury,Capricorn,"9°38'07.96""",0,0.8898,0.8898
2026-01-23 07:00:00,Aspect,Conjunction,Sun,Capricorn,"8°45'22.89""",Mercury,Capricorn,"9°39'11.43""",0,0.8968,0.8968
2026-01-23 07:15:00,Aspect,Conjunction,Sun,Capricorn,"8°46'01.04""",Mercury,Capricorn,"9°40'14.91""",0,0.9039,0.9039
2026-01-23 07:30:00,Aspect,Conjunction,Sun,Capricorn,"8°46'39.20""",Mercury,Capricorn,"9°41'18.40""",0,0.9109,0.9109
2026-01-23 07:45:00,Aspect,Conjunction,Sun,Capricorn,"8°47'17.35""",Mercury,Capricorn,"9°42'21.89""",0,0.9179,0.9179
2026-01-23 08:00:00,Aspect,Conjunction,Sun,Capricorn,"8°47'55.51""",Mercury,Capricorn,"9°43'25.38""",0,0.925,0.925
2026-01-23 08:15:00,Aspect,Conjunction,Sun,Capricorn,"8°48'33.66""",Mercury,Capricorn,"9°44'28.88""",0,0.932,0.932
2026-01-23 08:30:00,Aspect,Conjunction,Sun,Capricorn,"8°49'11.82""",Mercury,Capricorn,"9°45'32.38""",0,0.939,0.939
2026-01-23 08:45:00,Aspect,Conjunction,Sun,Capricorn,"8°49'49.97""",Mercury,Capricorn,"9°46'35.88""",0,0.9461,0.9461
2026-01-23 09:00:00,Aspect,Conjunction,Sun,Capricorn,"8°50'28.12""",Mercury,Capricorn,"9°47'39.39""",0,0.9531,0.9531
2026-01-23 09:15:00,Aspect,Conjunction,Sun,Capricorn,"8°51'06.28""",Mercury,Capricorn,"9°48'42.90""",0,0.9602,0.9602
2026-01-23 09:30:00,Aspect,Conjunction,Sun,Capricorn,"8°51'44.43""",Mercury,Capricorn,"9°49'46.41""",0,0.9672,0.9672
2026-01-23 09:45:00,Aspect,Conjunction,Sun,Capricorn,"8°52'22.59""",Mercury,Capricorn,"9°50'49.93""",0,0.9743,0.9743
2026-01-23 10:00:00,Aspect,Conjunction,Sun,Capricorn,"8°53'00.74""",Mercury,Capricorn,"9°51'53.45""",0,0.9813,0.9813
2026-01-23 10:15:00,Aspect,Conjunction,Sun,Capricorn,"8°53'38.89""",Mercury,Capricorn,"9°52'56.98""",0,0.9884,0.9884
2026-01-23 10:30:00,Aspect,Conjunction,Sun,Capricorn,"8°54'17.05""",Mercury,Capricorn,"9°54'00.51""",0,0.9954,0.9954
2026-01-23 14:45:00,Aspect,Conjunction,Moon,Pisces,"2°36'25.85""",Saturn,Pisces,"3°36'11.54""",0,0.996,0.996
2026-01-23 15:00:00,Aspect,Conjunction,Moon,Pisces,"2°44'47.35""",Saturn,Pisces,"3°36'14.88""",0,0.8576,0.8576
2026-01-23 15:15:00,Aspect,Conjunction,Moon,Pisces,"2°53'08.95""",Saturn,Pisces,"3°36'18.21""",0,0.7192,0.7192
2026-01-23 15:30:00,Aspect,Conjunction,Moon,Pisces,"3°01'30.62""",Saturn,Pisces,"3°36'21.55""",0,0.5808,0.5808
2026-01-23 15:45:00,Aspect,Conjunction,Moon,Pisces,"3°09'52.38""",Saturn,Pisces,"3°36'24.89""",0,0.4424,0.4424
2026-01-23 16:00:00,Aspect,Conjunction,Moon,Pisces,"3°18'14.23""",Saturn,Pisces,"3°36'28.22""",0,0.3039,0.3039
2026-01-23 16:15:00,Aspect,Conjunction,Moon,Pisces,"3°26'36.15""",Saturn,Pisces,"3°36'31.56""",0,0.1654,0.1654
2026-01-23 16:30:00,Aspect,Conjunction,Moon,Pisces,"3°34'58.17""",Saturn,Pisces,"3°36'34.90""",0,0.0269,0.0269
2026-01-23 16:45:00,Aspect,Conjunction,Moon,Pisces,"3°43'20.26""",Saturn,Pisces,"3°36'38.24""",0,0.1117,0.1117
2026-01-23 17:00:00,Aspect,Conjunction,Moon,Pisces,"3°51'42.44""",Saturn,Pisces,"3°36'41.58""",0,0.2502,0.2502
2026-01-23 17:15:00,Aspect,Conjunction,Moon,Pisces,"4°00'04.71""",Saturn,Pisces,"3°36'44.92""",0,0.3888,0.3888
2026-01-23 17:30:00,Aspect,Conjunction,Moon,Pisces,"4°08'27.06""",Saturn,Pisces,"3°36'48.26""",0,0.5274,0.5274
2026-01-23 17:45:00,Aspect,Conjunction,Moon,Pisces,"4°16'49.50""",Saturn,Pisces,"3°36'51.60""",0,0.6661,0.6661
2026-01-23 18:00:00,Aspect,Conjunction,Moon,Pisces,"4°25'12.01""",Saturn,Pisces,"3°36'54.94""",0,0.8047,0.8047
2026-01-23 18:15:00,Aspect,Conjunction,Moon,Pisces,"4°33'34.62""",Saturn,Pisces,"3°36'58.29""",0,0.9434,0.9434
2026-01-23 19:00:00,Aspect,Sextitle,Moon,Pisces,"4°58'42.94""",Mars,Capricorn,"5°51'55.20""",60,59.1133,0.8867
2026-01-23 19:15:00,Aspect,Sextitle,Moon,Pisces,"5°07'05.88""",Mars,Capricorn,"5°52'24.42""",60,59.2448,0.7552
2026-01-23 19:30:00,Aspect,Sextitle,Moon,Pisces,"5°15'28.91""",Mars,Capricorn,"5°52'53.65""",60,59.3765,0.6235
2026-01-23 19:45:00,Aspect,Sextitle,Moon,Pisces,"5°23'52.02""",Mars,Capricorn,"5°53'22.88""",60,59.5081,0.4919
2026-01-23 20:00:00,Aspect,Sextitle,Moon,Pisces,"5°32'15.22""",Mars,Capricorn,"5°53'52.11""",60,59.6398,0.3602
2026-01-23 20:15:00,Aspect,Sextitle,Moon,Pisces,"5°40'38.50""",Mars,Capricorn,"5°54'21.33""",60,59.7714,0.2286
2026-01-23 20:30:00,Aspect,Sextitle,Moon,Pisces,"5°49'01.87""",Mars,Capricorn,"5°54'50.56""",60,59.9031,0.0969
2026-01-23 20:45:00,Aspect,Sextitle,Moon,Pisces,"5°57'25.33""",Mars,Capricorn,"5°55'19.79""",60,60.0349,0.0349
2026-01-23 21:00:00,Aspect,Sextitle,Moon,Pisces,"6°05'48.87""",Mars,Capricorn,"5°55'49.02""",60,60.1666,0.1666
2026-01-23 21:15:00,Aspect,Sextitle,Moon,Pisces,"6°14'12.49""",Mars,Capricorn,"5°56'18.25""",60,60.2984,0.2984
2026-01-23 21:30:00,Aspect,Sextitle,Moon,Pisces,"6°22'36.20""",Mars,Capricorn,"5°56'47.48""",60,60.4302,0.4302
2026-01-23 21:45:00,Aspect,Sextitle,Moon,Pisces,"6°30'59.99""",Mars,Capricorn,"5°57'16.70""",60,60.562,0.562
2026-01-23 22:00:00,Aspect,Sextitle,Moon,Pisces,"6°39'23.87""",Mars,Capricorn,"5°57'45.93""",60,60.6939,0.6939
2026-01-23 22:15:00,Aspect,Sextitle,Moon,Pisces,"6°47'47.84""",Mars,Capricorn,"5°58'15.16""",60,60.8257,0.8257
2026-01-23 22:30:00,Aspect,Sextitle,Moon,Pisces,"6°56'11.89""",Mars,Capricorn,"5°58'44.39""",60,60.9576,0.9576
2026-01-24 01:30:00,Aspect,Sextitle,Sun,Capricorn,"9°32'26.07""",Moon,Pisces,"8°37'07.21""",60,59.0781,0.9219
2026-01-24 01:45:00,Aspect,Sextitle,Sun,Capricorn,"9°33'04.22""",Moon,Pisces,"8°45'32.38""",60,59.2078,0.7922
2026-01-24 02:00:00,Aspect,Sextitle,Sun,Capricorn,"9°33'42.37""",Moon,Pisces,"8°53'57.64""",60,59.3376,0.6624
2026-01-24 02:15:00,Aspect,Sextitle,Sun,Capricorn,"9°34'20.52""",Moon,Pisces,"9°02'22.98""",60,59.4674,0.5326
2026-01-24 02:30:00,Aspect,Sextitle,Sun,Capricorn,"9°34'58.66""",Moon,Pisces,"9°10'48.41""",60,59.5972,0.4028
2026-01-24 02:45:00,Aspect,Sextitle,Sun,Capricorn,"9°35'36.81""",Moon,Pisces,"9°19'13.92""",60,59.727,0.273
2026-01-24 03:00:00,Aspect,Sextitle,Sun,Capricorn,"9°36'14.96""",Moon,Pisces,"9°27'39.53""",60,59.8568,0.1432
2026-01-24 03:15:00,Aspect,Sextitle,Sun,Capricorn,"9°36'53.10""",Moon,Pisces,"9°36'05.21""",60,59.9867,0.0133
2026-01-24 03:30:00,Aspect,Sextitle,Sun,Capricorn,"9°37'31.25""",Moon,Pisces,"9°44'30.99""",60,60.1166,0.1166
2026-01-24 03:45:00,Aspect,Sextitle,Sun,Capricorn,"9°38'09.39""",Moon,Pisces,"9°52'56.85""",60,60.2465,0.2465
2026-01-24 04:00:00,Aspect,Sextitle,Sun,Capricorn,"9°38'47.54""",Moon,Pisces,"10°01'22.80""",60,60.3765,0.3765
2026-01-24 04:15:00,Aspect,Sextitle,Sun,Capricorn,"9°39'25.69""",Moon,Pisces,"10°09'48.84""",60,60.5064,0.5064
2026-01-24 04:15:00,Aspect,Sextitle,Moon,Pisces,"10°09'48.84""",Mercury,Capricorn,"11°09'20.63""",60,59.0078,0.9922
2026-01-24 04:30:00,Aspect,Sextitle,Sun,Capricorn,"9°40'03.83""",Moon,Pisces,"10°18'14.96""",60,60.6364,0.6364
2026-01-24 04:30:00,Aspect,Sextitle,Moon,Pisces,"10°18'14.96""",Mercury,Capricorn,"11°10'24.43""",60,59.1307,0.8693
2026-01-24 04:45:00,Aspect,Sextitle,Sun,Capricorn,"9°40'41.98""",Moon,Pisces,"10°26'41.17""",60,60.7664,0.7664
2026-01-24 04:45:00,Aspect,Sextitle,Moon,Pisces,"10°26'41.17""",Mercury,Capricorn,"11°11'28.23""",60,59.2536,0.7464
2026-01-24 05:00:00,Aspect,Sextitle,Sun,Capricorn,"9°41'20.12""",Moon,Pisces,"10°35'07.47""",60,60.8965,0.8965
2026-01-24 05:00:00,Aspect,Sextitle,Moon,Pisces,"10°35'07.47""",Mercury,Capricorn,"11°12'32.04""",60,59.3765,0.6235
2026-01-24 05:15:00,Aspect,Sextitle,Moon,Pisces,"10°43'33.85""",Mercury,Capricorn,"11°13'35.85""",60,59.4994,0.5006
2026-01-24 05:30:00,Aspect,Sextitle,Moon,Pisces,"10°52'00.32""",Mercury,Capricorn,"11°14'39.66""",60,59.6224,0.3776
2026-01-24 05:45:00,Aspect,Sextitle,Moon,Pisces,"11°00'26.88""",Mercury,Capricorn,"11°15'43.48""",60,59.7454,0.2546
2026-01-24 06:00:00,Aspect,Sextitle,Moon,Pisces,"11°08'53.53""",Mercury,Capricorn,"11°16'47.30""",60,59.8684,0.1316
2026-01-24 06:15:00,Aspect,Sextitle,Moon,Pisces,"11°17'20.26""",Mercury,Capricorn,"11°17'51.12""",60,59.9914,0.0086
2026-01-24 06:30:00,Aspect,Sextitle,Moon,Pisces,"11°25'47.08""",Mercury,Capricorn,"11°18'54.95""",60,60.1145,0.1145
2026-01-24 06:45:00,Aspect,Sextitle,Moon,Pisces,"11°34'13.99""",Mercury,Capricorn,"11°19'58.78""",60,60.2376,0.2376
2026-01-24 07:00:00,Aspect,Sextitle,Moon,Pisces,"11°42'40.98""",Mercury,Capricorn,"11°21'02.62""",60,60.3607,0.3607
2026-01-24 07:15:00,Aspect,Sextitle,Moon,Pisces,"11°51'08.06""",Mercury,Capricorn,"11°22'06.45""",60,60.4838,0.4838
2026-01-24 07:30:00,Aspect,Sextitle,Moon,Pisces,"11°59'35.23""",Mercury,Capricorn,"11°23'10.30""",60,60.6069,0.6069
2026-01-24 07:45:00,Aspect,Sextitle,Moon,Pisces,"12°08'02.49""",Mercury,Capricorn,"11°24'14.14""",60,60.7301,0.7301
2026-01-24 08:00:00,Aspect,Sextitle,Moon,Pisces,"12°16'29.84""",Mercury,Capricorn,"11°25'17.99""",60,60.8533,0.8533
2026-01-24 08:15:00,Aspect,Sextitle,Moon,Pisces,"12°24'57.27""",Mercury,Capricorn,"11°26'21.85""",60,60.9765,0.9765
2026-01-24 09:30:00,Aspect,Sextitle,Moon,Pisces,"13°07'15.75""",Venus,Capricorn,"14°02'25.23""",60,59.0807,0.9193
2026-01-24 09:45:00,Aspect,Sextitle,Moon,Pisces,"13°15'43.71""",Venus,Capricorn,"14°03'12.35""",60,59.2087,0.7913
2026-01-24 10:00:00,Aspect,Sextitle,Moon,Pisces,"13°24'11.76""",Venus,Capricorn,"14°03'59.46""",60,59.3368,0.6632
2026-01-24 10:15:00,Aspect,Sextitle,Moon,Pisces,"13°32'39.90""",Venus,Capricorn,"14°04'46.58""",60,59.4648,0.5352
2026-01-24 10:30:00,Aspect,Sextitle,Moon,Pisces,"13°41'08.12""",Venus,Capricorn,"14°05'33.69""",60,59.5929,0.4071
2026-01-24 10:45:00,Aspect,Sextitle,Moon,Pisces,"13°49'36.44""",Venus,Capricorn,"14°06'20.80""",60,59.721,0.279
2026-01-24 11:00:00,Aspect,Sextitle,Moon,Pisces,"13°58'04.84""",Venus,Capricorn,"14°07'07.92""",60,59.8491,0.1509
2026-01-24 11:15:00,Aspect,Sextitle,Moon,Pisces,"14°06'33.33""",Venus,Capricorn,"14°07'55.03""",60,59.9773,0.0227
2026-01-24 11:30:00,Aspect,Sextitle,Moon,Pisces,"14°15'01.91""",Venus,Capricorn,"14°08'42.15""",60,60.1055,0.1055
2026-01-24 11:45:00,Aspect,Sextitle,Moon,Pisces,"14°23'30.57""",Venus,Capricorn,"14°09'29.26""",60,60.2337,0.2337
2026-01-24 12:00:00,Aspect,Sextitle,Moon,Pisces,"14°31'59.33""",Venus,Capricorn,"14°10'16.38""",60,60.3619,0.3619
2026-01-24 12:15:00,Aspect,Sextitle,Moon,Pisces,"14°40'28.17""",Venus,Capricorn,"14°11'03.49""",60,60.4902,0.4902
2026-01-24 12:30:00,Aspect,Sextitle,Moon,Pisces,"14°48'57.10""",Venus,Capricorn,"14°11'50.60""",60,60.6185,0.6185
2026-01-24 12:45:00,Aspect,Sextitle,Moon,Pisces,"14°57'26.12""",Venus,Capricorn,"14°12'37.72""",60,60.7468,0.7468
2026-01-24 13:00:00,Aspect,Sextitle,Moon,Pisces,"15°05'55.23""",Venus,Capricorn,"14°13'24.83""",60,60.8751,0.8751
2026-01-25 03:00:00,Aspect,Square,Moon,Pisces,"23°03'28.27""",Jupiter,Gemini,"23°59'03.01""",90,90.9263,0.9263
2026-01-25 03:15:00,Aspect,Square,Moon,Pisces,"23°12'02.51""",Jupiter,Gemini,"23°58'58.35""",90,90.7822,0.7822
2026-01-25 03:30:00,Aspect,Square,Moon,Pisces,"23°20'36.84""",Jupiter,Gemini,"23°58'53.70""",90,90.638,0.638
2026-01-25 03:45:00,Aspect,Square,Moon,Pisces,"23°29'11.25""",Jupiter,Gemini,"23°58'49.04""",90,90.4938,0.4938
2026-01-25 04:00:00,Aspect,Square,Moon,Pisces,"23°37'45.76""",Jupiter,Gemini,"23°58'44.39""",90,90.3496,0.3496
2026-01-25 04:15:00,Aspect,Square,Moon,Pisces,"23°46'20.36""",Jupiter,Gemini,"23°58'39.73""",90,90.2054,0.2054
2026-01-25 04:30:00,Aspect,Square,Moon,Pisces,"23°54'55.05""",Jupiter,Gemini,"23°58'35.08""",90,90.0611,0.0611
2026-01-25 04:45:00,Aspect,Square,Moon,Pisces,"24°03'29.84""",Jupiter,Gemini,"23°58'30.42""",90,89.9168,0.0832
2026-01-25 05:00:00,Aspect,Square,Moon,Pisces,"24°12'04.71""",Jupiter,Gemini,"23°58'25.77""",90,89.7725,0.2275
2026-01-25 05:15:00,Aspect,Square,Moon,Pisces,"24°20'39.68""",Jupiter,Gemini,"23°58'21.12""",90,89.6282,0.3718
2026-01-25 05:30:00,Aspect,Square,Moon,Pisces,"24°29'14.73""",Jupiter,Gemini,"23°58'16.47""",90,89.4838,0.5162
2026-01-25 05:45:00,Aspect,Square,Moon,Pisces,"24°37'49.88""",Jupiter,Gemini,"23°58'11.82""",90,89.3394,0.6606
2026-01-25 06:00:00,Aspect,Square,Moon,Pisces,"24°46'25.12""",Jupiter,Gemini,"23°58'07.17""",90,89.195,0.805
2026-01-25 06:15:00,Aspect,Square,Moon,Pisces,"24°55'00.45""",Jupiter,Gemini,"23°58'02.52""",90,89.0506,0.9494
2026-01-26 02:45:00,Aspect,Square,Moon,Aries,"6°44'29.91""",Mars,Capricorn,"7°40'36.85""",90,89.0647,0.9353
2026-01-26 03:00:00,Aspect,Square,Moon,Aries,"6°53'12.86""",Mars,Capricorn,"7°41'06.12""",90,89.2019,0.7981
2026-01-26 03:15:00,Aspect,Square,Moon,Aries,"7°01'55.91""",Mars,Capricorn,"7°41'35.38""",90,89.339,0.661
2026-01-26 03:30:00,Aspect,Square,Moon,Aries,"7°10'39.04""",Mars,Capricorn,"7°42'04.64""",90,89.4762,0.5238
2026-01-26 03:45:00,Aspect,Square,Moon,Aries,"7°19'22.27""",Mars,Capricorn,"7°42'33.91""",90,89.6134,0.3866
2026-01-26 04:00:00,Aspect,Square,Moon,Aries,"7°28'05.59""",Mars,Capricorn,"7°43'03.17""",90,89.7507,0.2493
2026-01-26 04:15:00,Aspect,Square,Moon,Aries,"7°36'49.00""",Mars,Capricorn,"7°43'32.43""",90,89.8879,0.1121
2026-01-26 04:30:00,Aspect,Square,Moon,Aries,"7°45'32.50""",Mars,Capricorn,"7°44'01.70""",90,90.0252,0.0252
2026-01-26 04:45:00,Aspect,Square,Moon,Aries,"7°54'16.10""",Mars,Capricorn,"7°44'30.96""",90,90.1625,0.1625
2026-01-26 05:00:00,Aspect,Square,Moon,Aries,"8°02'59.78""",Mars,Capricorn,"7°45'00.22""",90,90.2999,0.2999
2026-01-26 05:15:00,Aspect,Square,Moon,Aries,"8°11'43.56""",Mars,Capricorn,"7°45'29.49""",90,90.4372,0.4372
2026-01-26 05:30:00,Aspect,Square,Moon,Aries,"8°20'27.43""",Mars,Capricorn,"7°45'58.75""",90,90.5746,0.5746
2026-01-26 05:45:00,Aspect,Square,Moon,Aries,"8°29'11.39""",Mars,Capricorn,"7°46'28.02""",90,90.712,0.712
2026-01-26 06:00:00,Aspect,Square,Moon,Aries,"8°37'55.44""",Mars,Capricorn,"7°46'57.28""",90,90.8495,0.8495
2026-01-26 06:15:00,Aspect,Square,Moon,Aries,"8°46'39.58""",Mars,Capricorn,"7°47'26.55""",90,90.987,0.987
2026-01-26 10:00:00,Aspect,Square,Sun,Capricorn,"11°56'04.41""",Moon,Aries,"10°57'52.65""",90,89.0301,0.9699
2026-01-26 10:15:00,Aspect,Square,Sun,Capricorn,"11°56'42.53""",Moon,Aries,"11°06'38.25""",90,89.1655,0.8345
2026-01-26 10:30:00,Aspect,Square,Sun,Capricorn,"11°57'20.65""",Moon,Aries,"11°15'23.94""",90,89.3009,0.6991
2026-01-26 10:45:00,Aspect,Square,Sun,Capricorn,"11°57'58.77""",Moon,Aries,"11°24'09.72""",90,89.4364,0.5636
2026-01-26 11:00:00,Aspect,Square,Sun,Capricorn,"11°58'36.89""",Moon,Aries,"11°32'55.59""",90,89.5719,0.4281
2026-01-26 11:15:00,Aspect,Square,Sun,Capricorn,"11°59'15.01""",Moon,Aries,"11°41'41.55""",90,89.7074,0.2926
2026-01-26 11:30:00,Aspect,Square,Sun,Capricorn,"11°59'53.13""",Moon,Aries,"11°50'27.60""",90,89.8429,0.1571
2026-01-26 11:45:00,Aspect,Square,Sun,Capricorn,"12°00'31.25""",Moon,Aries,"11°59'13.74""",90,89.9785,0.0215
2026-01-26 12:00:00,Aspect,Square,Sun,Capricorn,"12°01'09.37""",Moon,Aries,"12°07'59.97""",90,90.1141,0.1141
2026-01-26 12:15:00,Aspect,Square,Sun,Capricorn,"12°01'47.49""",Moon,Aries,"12°16'46.29""",90,90.2497,0.2497
2026-01-26 12:30:00,Aspect,Square,Sun,Capricorn,"12°02'25.61""",Moon,Aries,"12°25'32.70""",90,90.3853,0.3853
2026-01-26 12:45:00,Aspect,Square,Sun,Capricorn,"12°03'03.73""",Moon,Aries,"12°34'19.20""",90,90.521,0.521
2026-01-26 13:00:00,Aspect,Square,Sun,Capricorn,"12°03'41.85""",Moon,Aries,"12°43'05.80""",90,90.6567,0.6567
2026-01-26 13:15:00,Aspect,Square,Sun,Capricorn,"12°04'19.97""",Moon,Aries,"12°51'52.48""",90,90.7924,0.7924
2026-01-26 13:30:00,Aspect,Square,Sun,Capricorn,"12°04'58.09""",Moon,Aries,"13°00'39.25""",90,90.9281,0.9281
2026-01-26 16:00:00,Aspect,Square,Moon,Aries,"14°28'31.90""",Mercury,Capricorn,"15°25'13.15""",90,89.0552,0.9448
2026-01-26 16:15:00,Aspect,Square,Moon,Aries,"14°37'19.66""",Mercury,Capricorn,"15°26'17.83""",90,89.1838,0.8162
2026-01-26 16:30:00,Aspect,Square,Moon,Aries,"14°46'07.51""",Mercury,Capricorn,"15°27'22.50""",90,89.3125,0.6875
2026-01-26 16:45:00,Aspect,Square,Moon,Aries,"14°54'55.44""",Mercury,Capricorn,"15°28'27.18""",90,89.4412,0.5588
2026-01-26 17:00:00,Aspect,Square,Moon,Aries,"15°03'43.47""",Mercury,Capricorn,"15°29'31.87""",90,89.5699,0.4301
2026-01-26 17:15:00,Aspect,Square,Moon,Aries,"15°12'31.58""",Mercury,Capricorn,"15°30'36.55""",90,89.6986,0.3014
2026-01-26 17:30:00,Aspect,Square,Moon,Aries,"15°21'19.78""",Mercury,Capricorn,"15°31'41.24""",90,89.8274,0.1726
2026-01-26 17:45:00,Aspect,Square,Moon,Aries,"15°30'08.07""",Mercury,Capricorn,"15°32'45.94""",90,89.9561,0.0439
2026-01-26 18:00:00,Aspect,Square,Moon,Aries,"15°38'56.45""",Mercury,Capricorn,"15°33'50.63""",90,90.0849,0.0849
2026-01-26 18:00:00,Aspect,Sextitle,Moon,Aries,"15°38'56.45""",Rahu,Aquarius,"16°35'59.35""",60,59.0492,0.9508
2026-01-26 18:00:00,Aspect,Trine,Moon,Aries,"15°38'56.45""",Ketu,Leo,"16°35'59.35""",120,120.9508,0.9508
2026-01-26 18:15:00,Aspect,Square,Moon,Aries,"15°47'44.92""",Mercury,Capricorn,"15°34'55.33""",90,90.2138,0.2138
2026-01-26 18:15:00,Aspect,Sextitle,Moon,Aries,"15°47'44.92""",Rahu,Aquarius,"16°35'57.36""",60,59.1965,0.8035
2026-01-26 18:15:00,Aspect,Trine,Moon,Aries,"15°47'44.92""",Ketu,Leo,"16°35'57.36""",120,120.8035,0.8035
2026-01-26 18:30:00,Aspect,Square,Moon,Aries,"15°56'33.48""",Mercury,Capricorn,"15°36'00.04""",90,90.3426,0.3426
2026-01-26 18:30:00,Aspect,Sextitle,Moon,Aries,"15°56'33.48""",Rahu,Aquarius,"16°35'55.37""",60,59.3439,0.6561
2026-01-26 18:30:00,Aspect,Trine,Moon,Aries,"15°56'33.48""",Ketu,Leo,"16°35'55.37""",120,120.6561,0.6561
2026-01-26 18:45:00,Aspect,Square,Moon,Aries,"16°05'22.13""",Mercury,Capricorn,"15°37'04.75""",90,90.4715,0.4715
2026-01-26 18:45:00,Aspect,Square,Moon,Aries,"16°05'22.13""",Venus,Capricorn,"17°02'12.49""",90,89.0527,0.9473
2026-01-26 18:45:00,Aspect,Sextitle,Moon,Aries,"16°05'22.13""",Rahu,Aquarius,"16°35'53.39""",60,59.4913,0.5087
2026-01-26 18:45:00,Aspect,Trine,Moon,Aries,"16°05'22.13""",Ketu,Leo,"16°35'53.39""",120,120.5087,0.5087
2026-01-26 19:00:00,Aspect,Square,Moon,Aries,"16°14'10.86""",Mercury,Capricorn,"15°38'09.46""",90,90.6004,0.6004
2026-01-26 19:00:00,Aspect,Square,Moon,Aries,"16°14'10.86""",Venus,Capricorn,"17°02'59.58""",90,89.1865,0.8135
2026-01-26 19:00:00,Aspect,Sextitle,Moon,Aries,"16°14'10.86""",Rahu,Aquarius,"16°35'51.40""",60,59.6387,0.3613
2026-01-26 19:00:00,Aspect,Trine,Moon,Aries,"16°14'10.86""",Ketu,Leo,"16°35'51.40""",120,120.3613,0.3613
2026-01-26 19:15:00,Aspect,Square,Moon,Aries,"16°22'59.68""",Mercury,Capricorn,"15°39'14.17""",90,90.7293,0.7293
2026-01-26 19:15:00,Aspect,Square,Moon,Aries,"16°22'59.68""",Venus,Capricorn,"17°03'46.68""",90,89.3203,0.6797
2026-01-26 19:15:00,Aspect,Sextitle,Moon,Aries,"16°22'59.68""",Rahu,Aquarius,"16°35'49.41""",60,59.7862,0.2138
2026-01-26 19:15:00,Aspect,Trine,Moon,Aries,"16°22'59.68""",Ketu,Leo,"16°35'49.41""",120,120.2138,0.2138
2026-01-26 19:30:00,Aspect,Square,Moon,Aries,"16°31'48.59""",Mercury,Capricorn,"15°40'18.89""",90,90.8583,0.8583
2026-01-26 19:30:00,Aspect,Square,Moon,Aries,"16°31'48.59""",Venus,Capricorn,"17°04'33.78""",90,89.4541,0.5459
2026-01-26 19:30:00,Aspect,Sextitle,Moon,Aries,"16°31'48.59""",Rahu,Aquarius,"16°35'47.43""",60,59.9337,0.0663
2026-01-26 19:30:00,Aspect,Trine,Moon,Aries,"16°31'48.59""",Ketu,Leo,"16°35'47.43""",120,120.0663,0.0663
2026-01-26 19:45:00,Aspect,Square,Moon,Aries,"16°40'37.59""",Mercury,Capricorn,"15°41'23.61""",90,90.9872,0.9872
2026-01-26 19:45:00,Aspect,Square,Moon,Aries,"16°40'37.59""",Venus,Capricorn,"17°05'20.87""",90,89.588,0.412
2026-01-26 19:45:00,Aspect,Sextitle,Moon,Aries,"16°40'37.59""",Rahu,Aquarius,"16°35'45.44""",60,60.0812,0.0812
2026-01-26 19:45:00,Aspect,Trine,Moon,Aries,"16°40'37.59""",Ketu,Leo,"16°35'45.44""",120,119.9188,0.0812
2026-01-26 20:00:00,Aspect,Square,Moon,Aries,"16°49'26.68""",Venus,Capricorn,"17°06'07.97""",90,89.7219,0.2781
2026-01-26 20:00:00,Aspect,Sextitle,Moon,Aries,"16°49'26.68""",Rahu,Aquarius,"16°35'43.45""",60,60.2287,0.2287
2026-01-26 20:00:00,Aspect,Trine,Moon,Aries,"16°49'26.68""",Ketu,Leo,"16°35'43.45""",120,119.7713,0.2287
2026-01-26 20:15:00,Aspect,Square,Moon,Aries,"16°58'15.86""",Venus,Capricorn,"17°06'55.06""",90,89.8558,0.1442
2026-01-26 20:15:00,Aspect,Sextitle,Moon,Aries,"16°58'15.86""",Rahu,Aquarius,"16°35'41.46""",60,60.3762,0.3762
2026-01-26 20:15:00,Aspect,Trine,Moon,Aries,"16°58'15.86""",Ketu,Leo,"16°35'41.46""",120,119.6238,0.3762
2026-01-26 20:30:00,Aspect,Square,Moon,Aries,"17°07'05.12""",Venus,Capricorn,"17°07'42.16""",90,89.9897,0.0103
2026-01-26 20:30:00,Aspect,Sextitle,Moon,Aries,"17°07'05.12""",Rahu,Aquarius,"16°35'39.48""",60,60.5238,0.5238
2026-01-26 20:30:00,Aspect,Trine,Moon,Aries,"17°07'05.12""",Ketu,Leo,"16°35'39.48""",120,119.4762,0.5238
2026-01-26 20:45:00,Aspect,Square,Moon,Aries,"17°15'54.47""",Venus,Capricorn,"17°08'29.26""",90,90.1237,0.1237
2026-01-26 20:45:00,Aspect,Sextitle,Moon,Aries,"17°15'54.47""",Rahu,Aquarius,"16°35'37.49""",60,60.6714,0.6714
2026-01-26 20:45:00,Aspect,Trine,Moon,Aries,"17°15'54.47""",Ketu,Leo,"16°35'37.49""",120,119.3286,0.6714
2026-01-26 21:00:00,Aspect,Square,Moon,Aries,"17°24'43.91""",Venus,Capricorn,"17°09'16.35""",90,90.2577,0.2577
2026-01-26 21:00:00,Aspect,Sextitle,Moon,Aries,"17°24'43.91""",Rahu,Aquarius,"16°35'35.50""",60,60.819,0.819
2026-01-26 21:00:00,Aspect,Trine,Moon,Aries,"17°24'43.91""",Ketu,Leo,"16°35'35.50""",120,119.181,0.819
2026-01-26 21:15:00,Aspect,Square,Moon,Aries,"17°33'33.44""",Venus,Capricorn,"17°10'03.45""",90,90.3917,0.3917
2026-01-26 21:15:00,Aspect,Sextitle,Moon,Aries,"17°33'33.44""",Rahu,Aquarius,"16°35'33.52""",60,60.9666,0.9666
2026-01-26 21:15:00,Aspect,Trine,Moon,Aries,"17°33'33.44""",Ketu,Leo,"16°35'33.52""",120,119.0334,0.9666
2026-01-26 21:30:00,Aspect,Square,Moon,Aries,"17°42'23.05""",Venus,Capricorn,"17°10'50.54""",90,90.5257,0.5257
2026-01-26 21:45:00,Aspect,Square,Moon,Aries,"17°51'12.76""",Venus,Capricorn,"17°11'37.64""",90,90.6598,0.6598
2026-01-26 22:00:00,Aspect,Square,Moon,Aries,"18°00'02.54""",Venus,Capricorn,"17°12'24.73""",90,90.7938,0.7938
2026-01-26 22:15:00,Aspect,Square,Moon,Aries,"18°08'52.42""",Venus,Capricorn,"17°13'11.83""",90,90.9279,0.9279
2026-01-27 06:15:00,Aspect,Sextitle,Moon,Aries,"22°52'14.01""",Jupiter,Gemini,"23°43'20.90""",60,60.8519,0.8519
2026-01-27 06:30:00,Aspect,Sextitle,Moon,Aries,"23°01'06.71""",Jupiter,Gemini,"23°43'16.37""",60,60.7027,0.7027
2026-01-27 06:45:00,Aspect,Sextitle,Moon,Aries,"23°09'59.50""",Jupiter,Gemini,"23°43'11.84""",60,60.5534,0.5534
2026-01-27 07:00:00,Aspect,Sextitle,Moon,Aries,"23°18'52.36""",Jupiter,Gemini,"23°43'07.30""",60,60.4042,0.4042
2026-01-27 07:15:00,Aspect,Sextitle,Moon,Aries,"23°27'45.32""",Jupiter,Gemini,"23°43'02.78""",60,60.2548,0.2548
2026-01-27 07:30:00,Aspect,Sextitle,Moon,Aries,"23°36'38.35""",Jupiter,Gemini,"23°42'58.25""",60,60.1055,0.1055
2026-01-27 07:45:00,Aspect,Sextitle,Moon,Aries,"23°45'31.47""",Jupiter,Gemini,"23°42'53.72""",60,59.9562,0.0438
2026-01-27 08:00:00,Aspect,Sextitle,Moon,Aries,"23°54'24.67""",Jupiter,Gemini,"23°42'49.19""",60,59.8068,0.1932
2026-01-27 08:15:00,Aspect,Sextitle,Moon,Aries,"24°03'17.96""",Jupiter,Gemini,"23°42'44.66""",60,59.6574,0.3426
2026-01-27 08:30:00,Aspect,Sextitle,Moon,Aries,"24°12'11.32""",Jupiter,Gemini,"23°42'40.14""",60,59.508,0.492
2026-01-27 08:45:00,Aspect,Sextitle,Moon,Aries,"24°21'04.77""",Jupiter,Gemini,"23°42'35.61""",60,59.3586,0.6414
2026-01-27 09:00:00,Aspect,Sextitle,Moon,Aries,"24°29'58.31""",Jupiter,Gemini,"23°42'31.09""",60,59.2091,0.7909
2026-01-27 09:15:00,Aspect,Sextitle,Moon,Aries,"24°38'51.92""",Jupiter,Gemini,"23°42'26.56""",60,59.0596,0.9404
2026-01-27 16:00:00,Aspect,Conjunction,Mercury,Capricorn,"17°08'57.75""",Venus,Capricorn,"18°08'55.39""",0,0.9993,0.9993
2026-01-27 16:15:00,Aspect,Conjunction,Mercury,Capricorn,"17°10'02.75""",Venus,Capricorn,"18°09'42.48""",0,0.9944,0.9944
2026-01-27 16:30:00,Aspect,Conjunction,Mercury,Capricorn,"17°11'07.77""",Venus,Capricorn,"18°10'29.57""",0,0.9894,0.9894
2026-01-27 16:45:00,Aspect,Conjunction,Mercury,Capricorn,"17°12'12.78""",Venus,Capricorn,"18°11'16.66""",0,0.9844,0.9844
2026-01-27 17:00:00,Aspect,Conjunction,Mercury,Capricorn,"17°13'17.80""",Venus,Capricorn,"18°12'03.75""",0,0.9794,0.9794
2026-01-27 17:15:00,Aspect,Conjunction,Mercury,Capricorn,"17°14'22.82""",Venus,Capricorn,"18°12'50.84""",0,0.9744,0.9744
2026-01-27 17:30:00,Aspect,Conjunction,Mercury,Capricorn,"17°15'27.85""",Venus,Capricorn,"18°13'37.93""",0,0.9695,0.9695
2026-01-27 17:45:00,Aspect,Conjunction,Mercury,Capricorn,"17°16'32.87""",Venus,Capricorn,"18°14'25.02""",0,0.9645,0.9645
2026-01-27 18:00:00,Aspect,Conjunction,Mercury,Capricorn,"17°17'37.91""",Venus,Capricorn,"18°15'12.10""",0,0.9595,0.9595
2026-01-27 18:15:00,Aspect,Conjunction,Mercury,Capricorn,"17°18'42.94""",Venus,Capricorn,"18°15'59.19""",0,0.9545,0.9545
2026-01-27 18:30:00,Aspect,Conjunction,Mercury,Capricorn,"17°19'47.98""",Venus,Capricorn,"18°16'46.28""",0,0.9495,0.9495
2026-01-27 18:45:00,Aspect,Conjunction,Mercury,Capricorn,"17°20'53.02""",Venus,Capricorn,"18°17'33.37""",0,0.9445,0.9445
2026-01-27 19:00:00,Aspect,Conjunction,Mercury,Capricorn,"17°21'58.07""",Venus,Capricorn,"18°18'20.46""",0,0.9396,0.9396
2026-01-27 19:15:00,Aspect,Conjunction,Mercury,Capricorn,"17°23'03.12""",Venus,Capricorn,"18°19'07.55""",0,0.9346,0.9346
2026-01-27 19:30:00,Aspect,Conjunction,Mercury,Capricorn,"17°24'08.17""",Venus,Capricorn,"18°19'54.64""",0,0.9296,0.9296
2026-01-27 19:45:00,Aspect,Conjunction,Mercury,Capricorn,"17°25'13.22""",Venus,Capricorn,"18°20'41.72""",0,0.9246,0.9246
2026-01-27 20:00:00,Aspect,Conjunction,Mercury,Capricorn,"17°26'18.28""",Venus,Capricorn,"18°21'28.81""",0,0.9196,0.9196
2026-01-27 20:15:00,Aspect,Conjunction,Mercury,Capricorn,"17°27'23.34""",Venus,Capricorn,"18°22'15.90""",0,0.9146,0.9146
2026-01-27 20:30:00,Aspect,Conjunction,Mercury,Capricorn,"17°28'28.41""",Venus,Capricorn,"18°23'02.99""",0,0.9096,0.9096
2026-01-27 20:45:00,Aspect,Conjunction,Mercury,Capricorn,"17°29'33.48""",Venus,Capricorn,"18°23'50.08""",0,0.9046,0.9046
2026-01-27 21:00:00,Aspect,Conjunction,Mercury,Capricorn,"17°30'38.55""",Venus,Capricorn,"18°24'37.16""",0,0.8996,0.8996
2026-01-27 21:15:00,Aspect,Conjunction,Mercury,Capricorn,"17°31'43.63""",Venus,Capricorn,"18°25'24.25""",0,0.8946,0.8946
2026-01-27 21:30:00,Aspect,Conjunction,Mercury,Capricorn,"17°32'48.71""",Venus,Capricorn,"18°26'11.34""",0,0.8896,0.8896
2026-01-27 21:45:00,Aspect,Conjunction,Mercury,Capricorn,"17°33'53.79""",Venus,Capricorn,"18°26'58.43""",0,0.8846,0.8846
2026-01-27 22:00:00,Aspect,Conjunction,Mercury,Capricorn,"17°34'58.88""",Venus,Capricorn,"18°27'45.51""",0,0.8796,0.8796
2026-01-27 22:15:00,Aspect,Conjunction,Mercury,Capricorn,"17°36'03.96""",Venus,Capricorn,"18°28'32.60""",0,0.8746,0.8746
2026-01-27 22:30:00,Aspect,Conjunction,Mercury,Capricorn,"17°37'09.06""",Venus,Capricorn,"18°29'19.69""",0,0.8696,0.8696
2026-01-27 22:45:00,Aspect,Conjunction,Mercury,Capricorn,"17°38'14.15""",Venus,Capricorn,"18°30'06.77""",0,0.8646,0.8646
2026-01-27 23:00:00,Aspect,Conjunction,Mercury,Capricorn,"17°39'19.25""",Venus,Capricorn,"18°30'53.86""",0,0.8596,0.8596
2026-01-27 23:15:00,Aspect,Conjunction,Mercury,Capricorn,"17°40'24.36""",Venus,Capricorn,"18°31'40.95""",0,0.8546,0.8546
2026-01-27 23:30:00,Aspect,Sextitle,Moon,Taurus,"3°07'58.93""",Saturn,Pisces,"4°00'08.63""",60,59.1306,0.8694
2026-01-27 23:30:00,Aspect,Conjunction,Mercury,Capricorn,"17°41'29.46""",Venus,Capricorn,"18°32'28.04""",0,0.8496,0.8496
2026-01-27 23:45:00,Aspect,Sextitle,Moon,Taurus,"3°16'57.04""",Saturn,Pisces,"4°00'12.15""",60,59.2791,0.7209
2026-01-27 23:45:00,Aspect,Conjunction,Mercury,Capricorn,"17°42'34.57""",Venus,Capricorn,"18°33'15.12""",0,0.8446,0.8446
2026-01-28 00:00:00,Aspect,Sextitle,Moon,Taurus,"3°25'55.22""",Saturn,Pisces,"4°00'15.67""",60,59.4277,0.5723
2026-01-28 00:00:00,Aspect,Conjunction,Mercury,Capricorn,"17°43'39.68""",Venus,Capricorn,"18°34'02.21""",0,0.8396,0.8396
2026-01-28 00:15:00,Aspect,Sextitle,Moon,Taurus,"3°34'53.48""",Saturn,Pisces,"4°00'19.20""",60,59.5762,0.4238
2026-01-28 00:15:00,Aspect,Conjunction,Mercury,Capricorn,"17°44'44.80""",Venus,Capricorn,"18°34'49.30""",0,0.8346,0.8346
2026-01-28 00:30:00,Aspect,Sextitle,Moon,Taurus,"3°43'51.80""",Saturn,Pisces,"4°00'22.72""",60,59.7247,0.2753
2026-01-28 00:30:00,Aspect,Conjunction,Mercury,Capricorn,"17°45'49.92""",Venus,Capricorn,"18°35'36.38""",0,0.8296,0.8296
2026-01-28 00:45:00,Aspect,Sextitle,Moon,Taurus,"3°52'50.20""",Saturn,Pisces,"4°00'26.24""",60,59.8733,0.1267
2026-01-28 00:45:00,Aspect,Conjunction,Mercury,Capricorn,"17°46'55.04""",Venus,Capricorn,"18°36'23.47""",0,0.8246,0.8246
2026-01-28 01:00:00,Aspect,Sextitle,Moon,Taurus,"4°01'48.67""",Saturn,Pisces,"4°00'29.77""",60,60.0219,0.0219
2026-01-28 01:00:00,Aspect,Conjunction,Mercury,Capricorn,"17°48'00.17""",Venus,Capricorn,"18°37'10.56""",0,0.8196,0.8196
2026-01-28 01:15:00,Aspect,Sextitle,Moon,Taurus,"4°10'47.21""",Saturn,Pisces,"4°00'33.29""",60,60.1705,0.1705
2026-01-28 01:15:00,Aspect,Conjunction,Mercury,Capricorn,"17°49'05.30""",Venus,Capricorn,"18°37'57.64""",0,0.8145,0.8145
2026-01-28 01:30:00,Aspect,Sextitle,Moon,Taurus,"4°19'45.83""",Saturn,Pisces,"4°00'36.81""",60,60.3192,0.3192
2026-01-28 01:30:00,Aspect,Conjunction,Mercury,Capricorn,"17°50'10.43""",Venus,Capricorn,"18°38'44.73""",0,0.8095,0.8095
2026-01-28 01:45:00,Aspect,Sextitle,Moon,Taurus,"4°28'44.51""",Saturn,Pisces,"4°00'40.34""",60,60.4678,0.4678
2026-01-28 01:45:00,Aspect,Conjunction,Mercury,Capricorn,"17°51'15.57""",Venus,Capricorn,"18°39'31.81""",0,0.8045,0.8045
2026-01-28 02:00:00,Aspect,Sextitle,Moon,Taurus,"4°37'43.26""",Saturn,Pisces,"4°00'43.86""",60,60.6165,0.6165
2026-01-28 02:00:00,Aspect,Conjunction,Mercury,Capricorn,"17°52'20.71""",Venus,Capricorn,"18°40'18.90""",0,0.7995,0.7995
2026-01-28 02:15:00,Aspect,Sextitle,Moon,Taurus,"4°46'42.08""",Saturn,Pisces,"4°00'47.39""",60,60.7652,0.7652
2026-01-28 02:15:00,Aspect,Conjunction,Mercury,Capricorn,"17°53'25.85""",Venus,Capricorn,"18°41'05.99""",0,0.7945,0.7945
2026-01-28 02:30:00,Aspect,Sextitle,Moon,Taurus,"4°55'40.98""",Saturn,Pisces,"4°00'50.92""",60,60.9139,0.9139
2026-01-28 02:30:00,Aspect,Conjunction,Mercury,Capricorn,"17°54'31.00""",Venus,Capricorn,"18°41'53.07""",0,0.7895,0.7895
2026-01-28 02:45:00,Aspect,Conjunction,Mercury,Capricorn,"17°55'36.15""",Venus,Capricorn,"18°42'40.16""",0,0.7844,0.7844
2026-01-28 03:00:00,Aspect,Conjunction,Mercury,Capricorn,"17°56'41.30""",Venus,Capricorn,"18°43'27.24""",0,0.7794,0.7794
2026-01-28 03:15:00,Aspect,Conjunction,Mercury,Capricorn,"17°57'46.46""",Venus,Capricorn,"18°44'14.33""",0,0.7744,0.7744
2026-01-28 03:30:00,Aspect,Conjunction,Mercury,Capricorn,"17°58'51.62""",Venus,Capricorn,"18°45'01.41""",0,0.7694,0.7694
2026-01-28 03:45:00,Aspect,Conjunction,Mercury,Capricorn,"17°59'56.78""",Venus,Capricorn,"18°45'48.50""",0,0.7644,0.7644
2026-01-28 04:00:00,Aspect,Conjunction,Mercury,Capricorn,"18°01'01.95""",Venus,Capricorn,"18°46'35.58""",0,0.7593,0.7593
2026-01-28 04:15:00,Aspect,Conjunction,Mercury,Capricorn,"18°02'07.12""",Venus,Capricorn,"18°47'22.67""",0,0.7543,0.7543
2026-01-28 04:30:00,Aspect,Conjunction,Mercury,Capricorn,"18°03'12.29""",Venus,Capricorn,"18°48'09.75""",0,0.7493,0.7493
2026-01-28 04:45:00,Aspect,Conjunction,Mercury,Capricorn,"18°04'17.47""",Venus,Capricorn,"18°48'56.84""",0,0.7443,0.7443
2026-01-28 05:00:00,Aspect,Conjunction,Mercury,Capricorn,"18°05'22.65""",Venus,Capricorn,"18°49'43.92""",0,0.7392,0.7392
2026-01-28 05:15:00,Aspect,Conjunction,Mercury,Capricorn,"18°06'27.83""",Venus,Capricorn,"18°50'31.01""",0,0.7342,0.7342
2026-01-28 05:30:00,Aspect,Conjunction,Mercury,Capricorn,"18°07'33.02""",Venus,Capricorn,"18°51'18.09""",0,0.7292,0.7292
2026-01-28 05:45:00,Aspect,Conjunction,Mercury,Capricorn,"18°08'38.21""",Venus,Capricorn,"18°52'05.18""",0,0.7242,0.7242
2026-01-28 06:00:00,Aspect,Conjunction,Mercury,Capricorn,"18°09'43.40""",Venus,Capricorn,"18°52'52.26""",0,0.7191,0.7191
2026-01-28 06:15:00,Aspect,Conjunction,Mercury,Capricorn,"18°10'48.60""",Venus,Capricorn,"18°53'39.35""",0,0.7141,0.7141
2026-01-28 06:30:00,Aspect,Conjunction,Mercury,Capricorn,"18°11'53.80""",Venus,Capricorn,"18°54'26.43""",0,0.7091,0.7091
2026-01-28 06:45:00,Aspect,Conjunction,Mercury,Capricorn,"18°12'59.00""",Venus,Capricorn,"18°55'13.52""",0,0.704,0.704
2026-01-28 07:00:00,Aspect,Conjunction,Mercury,Capricorn,"18°14'04.21""",Venus,Capricorn,"18°56'00.60""",0,0.699,0.699
2026-01-28 07:15:00,Aspect,Conjunction,Mercury,Capricorn,"18°15'09.42""",Venus,Capricorn,"18°56'47.69""",0,0.694,0.694
2026-01-28 07:30:00,Aspect,Conjunction,Mercury,Capricorn,"18°16'14.63""",Venus,Capricorn,"18°57'34.77""",0,0.6889,0.6889
2026-01-28 07:45:00,Aspect,Conjunction,Mercury,Capricorn,"18°17'19.85""",Venus,Capricorn,"18°58'21.85""",0,0.6839,0.6839
2026-01-28 08:00:00,Aspect,Conjunction,Mercury,Capricorn,"18°18'25.06""",Venus,Capricorn,"18°59'08.94""",0,0.6789,0.6789
2026-01-28 08:15:00,Aspect,Conjunction,Mercury,Capricorn,"18°19'30.29""",Venus,Capricorn,"18°59'56.02""",0,0.6738,0.6738
2026-01-28 08:30:00,Aspect,Trine,Moon,Taurus,"8°31'34.79""",Mars,Capricorn,"9°25'31.80""",120,119.1008,0.8992
2026-01-28 08:30:00,Aspect,Conjunction,Mercury,Capricorn,"18°20'35.51""",Venus,Capricorn,"19°00'43.11""",0,0.6688,0.6688
2026-01-28 08:45:00,Aspect,Trine,Moon,Taurus,"8°40'35.36""",Mars,Capricorn,"9°26'01.10""",120,119.2428,0.7572
2026-01-28 08:45:00,Aspect,Conjunction,Mercury,Capricorn,"18°21'40.74""",Venus,Capricorn,"19°01'30.19""",0,0.6637,0.6637
2026-01-28 09:00:00,Aspect,Trine,Moon,Taurus,"8°49'35.99""",Mars,Capricorn,"9°26'30.39""",120,119.3849,0.6151
2026-01-28 09:00:00,Aspect,Conjunction,Mercury,Capricorn,"18°22'45.98""",Venus,Capricorn,"19°02'17.27""",0,0.6587,0.6587
2026-01-28 09:15:00,Aspect,Trine,Moon,Taurus,"8°58'36.68""",Mars,Capricorn,"9°26'59.69""",120,119.5269,0.4731
2026-01-28 09:15:00,Aspect,Conjunction,Mercury,Capricorn,"18°23'51.21""",Venus,Capricorn,"19°03'04.36""",0,0.6537,0.6537
2026-01-28 09:30:00,Aspect,Trine,Moon,Taurus,"9°07'37.44""",Mars,Capricorn,"9°27'28.98""",120,119.669,0.331
2026-01-28 09:30:00,Aspect,Conjunction,Mercury,Capricorn,"18°24'56.45""",Venus,Capricorn,"19°03'51.44""",0,0.6486,0.6486
2026-01-28 09:45:00,Aspect,Trine,Moon,Taurus,"9°16'38.26""",Mars,Capricorn,"9°27'58.28""",120,119.8111,0.1889
2026-01-28 09:45:00,Aspect,Conjunction,Mercury,Capricorn,"18°26'01.69""",Venus,Capricorn,"19°04'38.52""",0,0.6436,0.6436
2026-01-28 10:00:00,Aspect,Trine,Moon,Taurus,"9°25'39.14""",Mars,Capricorn,"9°28'27.57""",120,119.9532,0.0468
2026-01-28 10:00:00,Aspect,Conjunction,Mercury,Capricorn,"18°27'06.94""",Venus,Capricorn,"19°05'25.61""",0,0.6385,0.6385
2026-01-28 10:15:00,Aspect,Trine,Moon,Taurus,"9°34'40.08""",Mars,Capricorn,"9°28'56.87""",120,120.0953,0.0953
2026-01-28 10:15:00,Aspect,Conjunction,Mercury,Capricorn,"18°28'12.19""",Venus,Capricorn,"19°06'12.69""",0,0.6335,0.6335
2026-01-28 10:30:00,Aspect,Trine,Moon,Taurus,"9°43'41.09""",Mars,Capricorn,"9°29'26.16""",120,120.2375,0.2375
2026-01-28 10:30:00,Aspect,Conjunction,Mercury,Capricorn,"18°29'17.44""",Venus,Capricorn,"19°06'59.77""",0,0.6284,0.6284
2026-01-28 10:45:00,Aspect,Trine,Moon,Taurus,"9°52'42.16""",Mars,Capricorn,"9°29'55.46""",120,120.3796,0.3796
2026-01-28 10:45:00,Aspect,Conjunction,Mercury,Capricorn,"18°30'22.70""",Venus,Capricorn,"19°07'46.86""",0,0.6234,0.6234
2026-01-28 11:00:00,Aspect,Trine,Moon,Taurus,"10°01'43.29""",Mars,Capricorn,"9°30'24.76""",120,120.5218,0.5218
2026-01-28 11:00:00,Aspect,Conjunction,Mercury,Capricorn,"18°31'27.96""",Venus,Capricorn,"19°08'33.94""",0,0.6183,0.6183
2026-01-28 11:15:00,Aspect,Trine,Moon,Taurus,"10°10'44.48""",Mars,Capricorn,"9°30'54.05""",120,120.664,0.664
2026-01-28 11:15:00,Aspect,Conjunction,Mercury,Capricorn,"18°32'33.22""",Venus,Capricorn,"19°09'21.02""",0,0.6133,0.6133
2026-01-28 11:30:00,Aspect,Trine,Moon,Taurus,"10°19'45.74""",Mars,Capricorn,"9°31'23.35""",120,120.8062,0.8062
2026-01-28 11:30:00,Aspect,Conjunction,Mercury,Capricorn,"18°33'38.48""",Venus,Capricorn,"19°10'08.10""",0,0.6082,0.6082
2026-01-28 11:45:00,Aspect,Trine,Moon,Taurus,"10°28'47.05""",Mars,Capricorn,"9°31'52.65""",120,120.9484,0.9484
2026-01-28 11:45:00,Aspect,Conjunction,Mercury,Capricorn,"18°34'43.75""",Venus,Capricorn,"19°10'55.19""",0,0.6032,0.6032
2026-01-28 12:00:00,Aspect,Conjunction,Mercury,Capricorn,"18°35'49.03""",Venus,Capricorn,"19°11'42.27""",0,0.5981,0.5981
2026-01-28 12:15:00,Aspect,Conjunction,Mercury,Capricorn,"18°36'54.30""",Venus,Capricorn,"19°12'29.35""",0,0.5931,0.5931
2026-01-28 12:30:00,Aspect,Conjunction,Mercury,Capricorn,"18°37'59.58""",Venus,Capricorn,"19°13'16.43""",0,0.588,0.588
2026-01-28 12:45:00,Aspect,Conjunction,Mercury,Capricorn,"18°39'04.86""",Venus,Capricorn,"19°14'03.52""",0,0.583,0.583
2026-01-28 13:00:00,Aspect,Conjunction,Mercury,Capricorn,"18°40'10.15""",Venus,Capricorn,"19°14'50.60""",0,0.5779,0.5779
2026-01-28 13:15:00,Aspect,Conjunction,Mercury,Capricorn,"18°41'15.43""",Venus,Capricorn,"19°15'37.68""",0,0.5728,0.5728
2026-01-28 13:30:00,Aspect,Conjunction,Mercury,Capricorn,"18°42'20.73""",Venus,Capricorn,"19°16'24.76""",0,0.5678,0.5678
2026-01-28 13:45:00,Aspect,Conjunction,Mercury,Capricorn,"18°43'26.02""",Venus,Capricorn,"19°17'11.84""",0,0.5627,0.5627
2026-01-28 14:00:00,Aspect,Conjunction,Mercury,Capricorn,"18°44'31.32""",Venus,Capricorn,"19°17'58.93""",0,0.5577,0.5577
2026-01-28 14:15:00,Aspect,Conjunction,Mercury,Capricorn,"18°45'36.62""",Venus,Capricorn,"19°18'46.01""",0,0.5526,0.5526
2026-01-28 14:30:00,Aspect,Conjunction,Mercury,Capricorn,"18°46'41.93""",Venus,Capricorn,"19°19'33.09""",0,0.5475,0.5475
2026-01-28 14:45:00,Aspect,Conjunction,Mercury,Capricorn,"18°47'47.23""",Venus,Capricorn,"19°20'20.17""",0,0.5425,0.5425
2026-01-28 15:00:00,Aspect,Conjunction,Mercury,Capricorn,"18°48'52.54""",Venus,Capricorn,"19°21'07.25""",0,0.5374,0.5374
2026-01-28 15:15:00,Aspect,Conjunction,Mercury,Capricorn,"18°49'57.86""",Venus,Capricorn,"19°21'54.33""",0,0.5324,0.5324
2026-01-28 15:30:00,Aspect,Conjunction,Mercury,Capricorn,"18°51'03.18""",Venus,Capricorn,"19°22'41.41""",0,0.5273,0.5273
2026-01-28 15:45:00,Aspect,Conjunction,Mercury,Capricorn,"18°52'08.50""",Venus,Capricorn,"19°23'28.50""",0,0.5222,0.5222
2026-01-28 16:00:00,Aspect,Conjunction,Mercury,Capricorn,"18°53'13.82""",Venus,Capricorn,"19°24'15.58""",0,0.5172,0.5172
2026-01-28 16:15:00,Aspect,Conjunction,Mercury,Capricorn,"18°54'19.15""",Venus,Capricorn,"19°25'02.66""",0,0.5121,0.5121
2026-01-28 16:30:00,Aspect,Trine,Sun,Capricorn,"14°14'31.71""",Moon,Taurus,"13°20'23.25""",120,119.0976,0.9024
2026-01-28 16:30:00,Aspect,Conjunction,Mercury,Capricorn,"18°55'24.48""",Venus,Capricorn,"19°25'49.74""",0,0.507,0.507
2026-01-28 16:45:00,Aspect,Trine,Sun,Capricorn,"14°15'09.80""",Moon,Taurus,"13°29'25.72""",120,119.2378,0.7622
2026-01-28 16:45:00,Aspect,Conjunction,Mercury,Capricorn,"18°56'29.81""",Venus,Capricorn,"19°26'36.82""",0,0.5019,0.5019
2026-01-28 17:00:00,Aspect,Trine,Sun,Capricorn,"14°15'47.90""",Moon,Taurus,"13°38'28.26""",120,119.3779,0.6221
2026-01-28 17:00:00,Aspect,Conjunction,Mercury,Capricorn,"18°57'35.15""",Venus,Capricorn,"19°27'23.90""",0,0.4969,0.4969
2026-01-28 17:15:00,Aspect,Trine,Sun,Capricorn,"14°16'25.99""",Moon,Taurus,"13°47'30.84""",120,119.518,0.482
2026-01-28 17:15:00,Aspect,Conjunction,Mercury,Capricorn,"18°58'40.49""",Venus,Capricorn,"19°28'10.98""",0,0.4918,0.4918
2026-01-28 17:30:00,Aspect,Trine,Sun,Capricorn,"14°17'04.08""",Moon,Taurus,"13°56'33.48""",120,119.6582,0.3418
2026-01-28 17:30:00,Aspect,Conjunction,Mercury,Capricorn,"18°59'45.83""",Venus,Capricorn,"19°28'58.06""",0,0.4867,0.4867
2026-01-28 17:45:00,Aspect,Trine,Sun,Capricorn,"14°17'42.17""",Moon,Taurus,"14°05'36.18""",120,119.7983,0.2017
2026-01-28 17:45:00,Aspect,Conjunction,Mercury,Capricorn,"19°00'51.18""",Venus,Capricorn,"19°29'45.14""",0,0.4817,0.4817
2026-01-28 18:00:00,Aspect,Trine,Sun,Capricorn,"14°18'20.27""",Moon,Taurus,"14°14'38.93""",120,119.9385,0.0615
2026-01-28 18:00:00,Aspect,Conjunction,Mercury,Capricorn,"19°01'56.53""",Venus,Capricorn,"19°30'32.22""",0,0.4766,0.4766
2026-01-28 18:15:00,Aspect,Trine,Sun,Capricorn,"14°18'58.36""",Moon,Taurus,"14°23'41.73""",120,120.0787,0.0787
2026-01-28 18:15:00,Aspect,Conjunction,Mercury,Capricorn,"19°03'01.88""",Venus,Capricorn,"19°31'19.30""",0,0.4715,0.4715
2026-01-28 18:30:00,Aspect,Trine,Sun,Capricorn,"14°19'36.45""",Moon,Taurus,"14°32'44.58""",120,120.2189,0.2189
2026-01-28 18:30:00,Aspect,Conjunction,Mercury,Capricorn,"19°04'07.24""",Venus,Capricorn,"19°32'06.38""",0,0.4664,0.4664
2026-01-28 18:45:00,Aspect,Trine,Sun,Capricorn,"14°20'14.54""",Moon,Taurus,"14°41'47.49""",120,120.3592,0.3592
2026-01-28 18:45:00,Aspect,Conjunction,Mercury,Capricorn,"19°05'12.60""",Venus,Capricorn,"19°32'53.46""",0,0.4614,0.4614
2026-01-28 19:00:00,Aspect,Trine,Sun,Capricorn,"14°20'52.63""",Moon,Taurus,"14°50'50.45""",120,120.4994,0.4994
2026-01-28 19:00:00,Aspect,Conjunction,Mercury,Capricorn,"19°06'17.96""",Venus,Capricorn,"19°33'40.54""",0,0.4563,0.4563
2026-01-28 19:15:00,Aspect,Trine,Sun,Capricorn,"14°21'30.73""",Moon,Taurus,"14°59'53.47""",120,120.6397,0.6397
2026-01-28 19:15:00,Aspect,Conjunction,Mercury,Capricorn,"19°07'23.33""",Venus,Capricorn,"19°34'27.62""",0,0.4512,0.4512
2026-01-28 19:30:00,Aspect,Trine,Sun,Capricorn,"14°22'08.82""",Moon,Taurus,"15°08'56.53""",120,120.7799,0.7799
2026-01-28 19:30:00,Aspect,Conjunction,Mercury,Capricorn,"19°08'28.69""",Venus,Capricorn,"19°35'14.70""",0,0.4461,0.4461
2026-01-28 19:45:00,Aspect,Trine,Sun,Capricorn,"14°22'46.91""",Moon,Taurus,"15°17'59.65""",120,120.9202,0.9202
2026-01-28 19:45:00,Aspect,Conjunction,Mercury,Capricorn,"19°09'34.07""",Venus,Capricorn,"19°36'01.78""",0,0.441,0.441
2026-01-28 20:00:00,Aspect,Conjunction,Mercury,Capricorn,"19°10'39.44""",Venus,Capricorn,"19°36'48.86""",0,0.436,0.436
2026-01-28 20:15:00,Aspect,Square,Moon,Taurus,"15°36'06.04""",Rahu,Aquarius,"16°29'19.92""",90,89.1128,0.8872
2026-01-28 20:15:00,Aspect,Square,Moon,Taurus,"15°36'06.04""",Ketu,Leo,"16°29'19.92""",90,90.8872,0.8872
2026-01-28 20:15:00,Aspect,Conjunction,Mercury,Capricorn,"19°11'44.82""",Venus,Capricorn,"19°37'35.94""",0,0.4309,0.4309
2026-01-28 20:30:00,Aspect,Square,Moon,Taurus,"15°45'09.31""",Rahu,Aquarius,"16°29'17.93""",90,89.2643,0.7357
2026-01-28 20:30:00,Aspect,Square,Moon,Taurus,"15°45'09.31""",Ketu,Leo,"16°29'17.93""",90,90.7357,0.7357
2026-01-28 20:30:00,Aspect,Conjunction,Mercury,Capricorn,"19°12'50.20""",Venus,Capricorn,"19°38'23.02""",0,0.4258,0.4258
2026-01-28 20:45:00,Aspect,Square,Moon,Taurus,"15°54'12.64""",Rahu,Aquarius,"16°29'15.95""",90,89.4157,0.5843
2026-01-28 20:45:00,Aspect,Square,Moon,Taurus,"15°54'12.64""",Ketu,Leo,"16°29'15.95""",90,90.5843,0.5843
2026-01-28 20:45:00,Aspect,Conjunction,Mercury,Capricorn,"19°13'55.59""",Venus,Capricorn,"19°39'10.10""",0,0.4207,0.4207
2026-01-28 21:00:00,Aspect,Square,Moon,Taurus,"16°03'16.01""",Rahu,Aquarius,"16°29'13.96""",90,89.5672,0.4328
2026-01-28 21:00:00,Aspect,Square,Moon,Taurus,"16°03'16.01""",Ketu,Leo,"16°29'13.96""",90,90.4328,0.4328
2026-01-28 21:00:00,Aspect,Conjunction,Mercury,Capricorn,"19°15'00.98""",Venus,Capricorn,"19°39'57.18""",0,0.4156,0.4156
2026-01-28 21:15:00,Aspect,Square,Moon,Taurus,"16°12'19.43""",Rahu,Aquarius,"16°29'11.97""",90,89.7187,0.2813
2026-01-28 21:15:00,Aspect,Square,Moon,Taurus,"16°12'19.43""",Ketu,Leo,"16°29'11.97""",90,90.2813,0.2813
2026-01-28 21:15:00,Aspect,Conjunction,Mercury,Capricorn,"19°16'06.37""",Venus,Capricorn,"19°40'44.26""",0,0.4105,0.4105
2026-01-28 21:30:00,Aspect,Square,Moon,Taurus,"16°21'22.90""",Rahu,Aquarius,"16°29'09.99""",90,89.8703,0.1297
2026-01-28 21:30:00,Aspect,Square,Moon,Taurus,"16°21'22.90""",Ketu,Leo,"16°29'09.99""",90,90.1297,0.1297
2026-01-28 21:30:00,Aspect,Conjunction,Mercury,Capricorn,"19°17'11.76""",Venus,Capricorn,"19°41'31.34""",0,0.4054,0.4054
2026-01-28 21:45:00,Aspect,Square,Moon,Taurus,"16°30'26.42""",Rahu,Aquarius,"16°29'08.00""",90,90.0218,0.0218
2026-01-28 21:45:00,Aspect,Square,Moon,Taurus,"16°30'26.42""",Ketu,Leo,"16°29'08.00""",90,89.9782,0.0218
2026-01-28 21:45:00,Aspect,Conjunction,Mercury,Capricorn,"19°18'17.16""",Venus,Capricorn,"19°42'18.42""",0,0.4004,0.4004
2026-01-28 22:00:00,Aspect,Square,Moon,Taurus,"16°39'30.00""",Rahu,Aquarius,"16°29'06.01""",90,90.1733,0.1733
2026-01-28 22:00:00,Aspect,Square,Moon,Taurus,"16°39'30.00""",Ketu,Leo,"16°29'06.01""",90,89.8267,0.1733
2026-01-28 22:00:00,Aspect,Conjunction,Mercury,Capricorn,"19°19'22.56""",Venus,Capricorn,"19°43'05.50""",0,0.3953,0.3953
2026-01-28 22:15:00,Aspect,Square,Moon,Taurus,"16°48'33.61""",Rahu,Aquarius,"16°29'04.02""",90,90.3249,0.3249
2026-01-28 22:15:00,Aspect,Square,Moon,Taurus,"16°48'33.61""",Ketu,Leo,"16°29'04.02""",90,89.6751,0.3249
2026-01-28 22:15:00,Aspect,Conjunction,Mercury,Capricorn,"19°20'27.96""",Venus,Capricorn,"19°43'52.58""",0,0.3902,0.3902
2026-01-28 22:30:00,Aspect,Square,Moon,Taurus,"16°57'37.28""",Rahu,Aquarius,"16°29'02.04""",90,90.4765,0.4765
2026-01-28 22:30:00,Aspect,Square,Moon,Taurus,"16°57'37.28""",Ketu,Leo,"16°29'02.04""",90,89.5235,0.4765
2026-01-28 22:30:00,Aspect,Conjunction,Mercury,Capricorn,"19°21'33.37""",Venus,Capricorn,"19°44'39.66""",0,0.3851,0.3851
2026-01-28 22:45:00,Aspect,Square,Moon,Taurus,"17°06'41.00""",Rahu,Aquarius,"16°29'00.05""",90,90.628,0.628
2026-01-28 22:45:00,Aspect,Square,Moon,Taurus,"17°06'41.00""",Ketu,Leo,"16°29'00.05""",90,89.372,0.628
2026-01-28 22:45:00,Aspect,Conjunction,Mercury,Capricorn,"19°22'38.78""",Venus,Capricorn,"19°45'26.74""",0,0.38,0.38
2026-01-28 23:00:00,Aspect,Square,Moon,Taurus,"17°15'44.76""",Rahu,Aquarius,"16°28'58.06""",90,90.7796,0.7796
2026-01-28 23:00:00,Aspect,Square,Moon,Taurus,"17°15'44.76""",Ketu,Leo,"16°28'58.06""",90,89.2204,0.7796
2026-01-28 23:00:00,Aspect,Conjunction,Mercury,Capricorn,"19°23'44.19""",Venus,Capricorn,"19°46'13.81""",0,0.3749,0.3749
2026-01-28 23:15:00,Aspect,Square,Moon,Taurus,"17°24'48.57""",Rahu,Aquarius,"16°28'56.08""",90,90.9312,0.9312
2026-01-28 23:15:00,Aspect,Square,Moon,Taurus,"17°24'48.57""",Ketu,Leo,"16°28'56.08""",90,89.0688,0.9312
2026-01-28 23:15:00,Aspect,Conjunction,Mercury,Capricorn,"19°24'49.61""",Venus,Capricorn,"19°47'00.89""",0,0.3698,0.3698
2026-01-28 23:30:00,Aspect,Conjunction,Mercury,Capricorn,"19°25'55.03""",Venus,Capricorn,"19°47'47.97""",0,0.3647,0.3647
2026-01-28 23:45:00,Aspect,Conjunction,Mercury,Capricorn,"19°27'00.45""",Venus,Capricorn,"19°48'35.05""",0,0.3596,0.3596
2026-01-29 00:00:00,Aspect,Conjunction,Mercury,Capricorn,"19°28'05.88""",Venus,Capricorn,"19°49'22.13""",0,0.3545,0.3545
2026-01-29 00:15:00,Aspect,Conjunction,Mercury,Capricorn,"19°29'11.31""",Venus,Capricorn,"19°50'09.21""",0,0.3494,0.3494
2026-01-29 00:30:00,Aspect,Conjunction,Mercury,Capricorn,"19°30'16.74""",Venus,Capricorn,"19°50'56.28""",0,0.3443,0.3443
2026-01-29 00:45:00,Aspect,Conjunction,Mercury,Capricorn,"19°31'22.18""",Venus,Capricorn,"19°51'43.36""",0,0.3392,0.3392
2026-01-29 01:00:00,Aspect,Conjunction,Mercury,Capricorn,"19°32'27.61""",Venus,Capricorn,"19°52'30.44""",0,0.3341,0.3341
2026-01-29 01:15:00,Aspect,Trine,Moon,Taurus,"18°37'20.74""",Mercury,Capricorn,"19°33'33.06""",120,119.0632,0.9368
2026-01-29 01:15:00,Aspect,Conjunction,Mercury,Capricorn,"19°33'33.06""",Venus,Capricorn,"19°53'17.52""",0,0.329,0.329
2026-01-29 01:30:00,Aspect,Trine,Moon,Taurus,"18°46'24.96""",Mercury,Capricorn,"19°34'38.50""",120,119.1962,0.8038
2026-01-29 01:30:00,Aspect,Conjunction,Mercury,Capricorn,"19°34'38.50""",Venus,Capricorn,"19°54'04.60""",0,0.3239,0.3239
2026-01-29 01:45:00,Aspect,Trine,Moon,Taurus,"18°55'29.23""",Mercury,Capricorn,"19°35'43.95""",120,119.3292,0.6708
2026-01-29 01:45:00,Aspect,Trine,Moon,Taurus,"18°55'29.23""",Venus,Capricorn,"19°54'51.67""",120,119.0104,0.9896
2026-01-29 01:45:00,Aspect,Conjunction,Mercury,Capricorn,"19°35'43.95""",Venus,Capricorn,"19°54'51.67""",0,0.3188,0.3188
2026-01-29 02:00:00,Aspect,Trine,Moon,Taurus,"19°04'33.54""",Mercury,Capricorn,"19°36'49.40""",120,119.4623,0.5377
2026-01-29 02:00:00,Aspect,Trine,Moon,Taurus,"19°04'33.54""",Venus,Capricorn,"19°55'38.75""",120,119.1486,0.8514
2026-01-29 02:00:00,Aspect,Conjunction,Mercury,Capricorn,"19°36'49.40""",Venus,Capricorn,"19°55'38.75""",0,0.3137,0.3137
2026-01-29 02:15:00,Aspect,Trine,Moon,Taurus,"19°13'37.90""",Mercury,Capricorn,"19°37'54.85""",120,119.5953,0.4047
2026-01-29 02:15:00,Aspect,Trine,Moon,Taurus,"19°13'37.90""",Venus,Capricorn,"19°56'25.83""",120,119.2867,0.7133
2026-01-29 02:15:00,Aspect,Conjunction,Mercury,Capricorn,"19°37'54.85""",Venus,Capricorn,"19°56'25.83""",0,0.3086,0.3086
2026-01-29 02:30:00,Aspect,Trine,Moon,Taurus,"19°22'42.29""",Mercury,Capricorn,"19°39'00.31""",120,119.7283,0.2717
2026-01-29 02:30:00,Aspect,Trine,Moon,Taurus,"19°22'42.29""",Venus,Capricorn,"19°57'12.91""",120,119.4248,0.5752
2026-01-29 02:30:00,Aspect,Conjunction,Mercury,Capricorn,"19°39'00.31""",Venus,Capricorn,"19°57'12.91""",0,0.3035,0.3035
2026-01-29 02:45:00,Aspect,Trine,Moon,Taurus,"19°31'46.74""",Mercury,Capricorn,"19°40'05.77""",120,119.8614,0.1386
2026-01-29 02:45:00,Aspect,Trine,Moon,Taurus,"19°31'46.74""",Venus,Capricorn,"19°57'59.98""",120,119.563,0.437
2026-01-29 02:45:00,Aspect,Conjunction,Mercury,Capricorn,"19°40'05.77""",Venus,Capricorn,"19°57'59.98""",0,0.2984,0.2984
2026-01-29 03:00:00,Aspect,Trine,Moon,Taurus,"19°40'51.22""",Mercury,Capricorn,"19°41'11.24""",120,119.9944,0.0056
2026-01-29 03:00:00,Aspect,Trine,Moon,Taurus,"19°40'51.22""",Venus,Capricorn,"19°58'47.06""",120,119.7012,0.2988
2026-01-29 03:00:00,Aspect,Conjunction,Mercury,Capricorn,"19°41'11.24""",Venus,Capricorn,"19°58'47.06""",0,0.2933,0.2933
2026-01-29 03:15:00,Aspect,Trine,Moon,Taurus,"19°49'55.75""",Mercury,Capricorn,"19°42'16.70""",120,120.1275,0.1275
2026-01-29 03:15:00,Aspect,Trine,Moon,Taurus,"19°49'55.75""",Venus,Capricorn,"19°59'34.14""",120,119.8393,0.1607
2026-01-29 03:15:00,Aspect,Conjunction,Mercury,Capricorn,"19°42'16.70""",Venus,Capricorn,"19°59'34.14""",0,0.2882,0.2882
2026-01-29 03:30:00,Aspect,Trine,Moon,Taurus,"19°59'00.32""",Mercury,Capricorn,"19°43'22.17""",120,120.2606,0.2606
2026-01-29 03:30:00,Aspect,Trine,Moon,Taurus,"19°59'00.32""",Venus,Capricorn,"20°00'21.22""",120,119.9775,0.0225
2026-01-29 03:30:00,Aspect,Conjunction,Mercury,Capricorn,"19°43'22.17""",Venus,Capricorn,"20°00'21.22""",0,0.2831,0.2831
2026-01-29 03:45:00,Aspect,Trine,Moon,Taurus,"20°08'04.93""",Mercury,Capricorn,"19°44'27.65""",120,120.3937,0.3937
2026-01-29 03:45:00,Aspect,Trine,Moon,Taurus,"20°08'04.93""",Venus,Capricorn,"20°01'08.29""",120,120.1157,0.1157
2026-01-29 03:45:00,Aspect,Conjunction,Mercury,Capricorn,"19°44'27.65""",Venus,Capricorn,"20°01'08.29""",0,0.278,0.278
2026-01-29 04:00:00,Aspect,Trine,Moon,Taurus,"20°17'09.58""",Mercury,Capricorn,"19°45'33.12""",120,120.5268,0.5268
2026-01-29 04:00:00,Aspect,Trine,Moon,Taurus,"20°17'09.58""",Venus,Capricorn,"20°01'55.37""",120,120.2539,0.2539
2026-01-29 04:00:00,Aspect,Conjunction,Mercury,Capricorn,"19°45'33.12""",Venus,Capricorn,"20°01'55.37""",0,0.2728,0.2728
2026-01-29 04:15:00,Aspect,Trine,Moon,Taurus,"20°26'14.27""",Mercury,Capricorn,"19°46'38.60""",120,120.6599,0.6599
2026-01-29 04:15:00,Aspect,Trine,Moon,Taurus,"20°26'14.27""",Venus,Capricorn,"20°02'42.45""",120,120.3922,0.3922
2026-01-29 04:15:00,Aspect,Conjunction,Mercury,Capricorn,"19°46'38.60""",Venus,Capricorn,"20°02'42.45""",0,0.2677,0.2677
2026-01-29 04:30:00,Aspect,Trine,Moon,Taurus,"20°35'19.00""",Mercury,Capricorn,"19°47'44.08""",120,120.793,0.793
2026-01-29 04:30:00,Aspect,Trine,Moon,Taurus,"20°35'19.00""",Venus,Capricorn,"20°03'29.52""",120,120.5304,0.5304
2026-01-29 04:30:00,Aspect,Conjunction,Mercury,Capricorn,"19°47'44.08""",Venus,Capricorn,"20°03'29.52""",0,0.2626,0.2626
2026-01-29 04:45:00,Aspect,Trine,Moon,Taurus,"20°44'23.78""",Mercury,Capricorn,"19°48'49.57""",120,120.9262,0.9262
2026-01-29 04:45:00,Aspect,Trine,Moon,Taurus,"20°44'23.78""",Venus,Capricorn,"20°04'16.60""",120,120.6687,0.6687
2026-01-29 04:45:00,Aspect,Conjunction,Mercury,Capricorn,"19°48'49.57""",Venus,Capricorn,"20°04'16.60""",0,0.2575,0.2575
2026-01-29 05:00:00,Aspect,Trine,Moon,Taurus,"20°53'28.59""",Venus,Capricorn,"20°05'03.68""",120,120.8069,0.8069
2026-01-29 05:00:00,Aspect,Conjunction,Mercury,Capricorn,"19°49'55.06""",Venus,Capricorn,"20°05'03.68""",0,0.2524,0.2524
2026-01-29 05:15:00,Aspect,Trine,Moon,Taurus,"21°02'33.44""",Venus,Capricorn,"20°05'50.75""",120,120.9452,0.9452
2026-01-29 05:15:00,Aspect,Conjunction,Mercury,Capricorn,"19°51'00.55""",Venus,Capricorn,"20°05'50.75""",0,0.2473,0.2473
2026-01-29 05:30:00,Aspect,Conjunction,Mercury,Capricorn,"19°52'06.04""",Venus,Capricorn,"20°06'37.83""",0,0.2422,0.2422
2026-01-29 05:45:00,Aspect,Conjunction,Mercury,Capricorn,"19°53'11.54""",Venus,Capricorn,"20°07'24.91""",0,0.237,0.237
2026-01-29 06:00:00,Aspect,Conjunction,Mercury,Capricorn,"19°54'17.04""",Venus,Capricorn,"20°08'11.98""",0,0.2319,0.2319
2026-01-29 06:15:00,Aspect,Conjunction,Mercury,Capricorn,"19°55'22.55""",Venus,Capricorn,"20°08'59.06""",0,0.2268,0.2268
2026-01-29 06:30:00,Aspect,Conjunction,Mercury,Capricorn,"19°56'28.05""",Venus,Capricorn,"20°09'46.13""",0,0.2217,0.2217
2026-01-29 06:45:00,Aspect,Conjunction,Mercury,Capricorn,"19°57'33.56""",Venus,Capricorn,"20°10'33.21""",0,0.2166,0.2166
2026-01-29 07:00:00,Aspect,Conjunction,Mercury,Capricorn,"19°58'39.08""",Venus,Capricorn,"20°11'20.29""",0,0.2114,0.2114
2026-01-29 07:15:00,Aspect,Conjunction,Mercury,Capricorn,"19°59'44.59""",Venus,Capricorn,"20°12'07.36""",0,0.2063,0.2063
2026-01-29 07:30:00,Aspect,Conjunction,Mercury,Capricorn,"20°00'50.11""",Venus,Capricorn,"20°12'54.44""",0,0.2012,0.2012
2026-01-29 07:45:00,Aspect,Conjunction,Mercury,Capricorn,"20°01'55.63""",Venus,Capricorn,"20°13'41.51""",0,0.1961,0.1961
2026-01-29 08:00:00,Aspect,Conjunction,Mercury,Capricorn,"20°03'01.16""",Venus,Capricorn,"20°14'28.59""",0,0.191,0.191
2026-01-29 08:15:00,Aspect,Conjunction,Mercury,Capricorn,"20°04'06.69""",Venus,Capricorn,"20°15'15.66""",0,0.1858,0.1858
2026-01-29 08:30:00,Aspect,Conjunction,Mercury,Capricorn,"20°05'12.22""",Venus,Capricorn,"20°16'02.74""",0,0.1807,0.1807
2026-01-29 08:45:00,Aspect,Conjunction,Mercury,Capricorn,"20°06'17.75""",Venus,Capricorn,"20°16'49.82""",0,0.1756,0.1756
2026-01-29 09:00:00,Aspect,Conjunction,Mercury,Capricorn,"20°07'23.29""",Venus,Capricorn,"20°17'36.89""",0,0.1704,0.1704
2026-01-29 09:15:00,Aspect,Conjunction,Mercury,Capricorn,"20°08'28.83""",Venus,Capricorn,"20°18'23.97""",0,0.1653,0.1653
2026-01-29 09:30:00,Aspect,Conjunction,Mercury,Capricorn,"20°09'34.38""",Venus,Capricorn,"20°19'11.04""",0,0.1602,0.1602
2026-01-29 09:45:00,Aspect,Conjunction,Mercury,Capricorn,"20°10'39.92""",Venus,Capricorn,"20°19'58.12""",0,0.1551,0.1551
2026-01-29 10:00:00,Aspect,Conjunction,Mercury,Capricorn,"20°11'45.47""",Venus,Capricorn,"20°20'45.19""",0,0.1499,0.1499
2026-01-29 10:15:00,Aspect,Conjunction,Mercury,Capricorn,"20°12'51.02""",Venus,Capricorn,"20°21'32.27""",0,0.1448,0.1448
2026-01-29 10:30:00,Aspect,Conjunction,Mercury,Capricorn,"20°13'56.58""",Venus,Capricorn,"20°22'19.34""",0,0.1397,0.1397
2026-01-29 10:45:00,Aspect,Conjunction,Mercury,Capricorn,"20°15'02.14""",Venus,Capricorn,"20°23'06.41""",0,0.1345,0.1345
2026-01-29 11:00:00,Aspect,Conjunction,Mercury,Capricorn,"20°16'07.70""",Venus,Capricorn,"20°23'53.49""",0,0.1294,0.1294
2026-01-29 11:15:00,Aspect,Conjunction,Mercury,Capricorn,"20°17'13.27""",Venus,Capricorn,"20°24'40.56""",0,0.1242,0.1242
2026-01-29 11:30:00,Aspect,Conjunction,Mercury,Capricorn,"20°18'18.83""",Venus,Capricorn,"20°25'27.64""",0,0.1191,0.1191
2026-01-29 11:45:00,Aspect,Conjunction,Mercury,Capricorn,"20°19'24.41""",Venus,Capricorn,"20°26'14.71""",0,0.114,0.114
2026-01-29 12:00:00,Aspect,Conjunction,Mercury,Capricorn,"20°20'29.98""",Venus,Capricorn,"20°27'01.79""",0,0.1088,0.1088
2026-01-29 12:15:00,Aspect,Conjunction,Mercury,Capricorn,"20°21'35.56""",Venus,Capricorn,"20°27'48.86""",0,0.1037,0.1037
2026-01-29 12:30:00,Aspect,Conjunction,Mercury,Capricorn,"20°22'41.14""",Venus,Capricorn,"20°28'35.93""",0,0.0986,0.0986
2026-01-29 12:45:00,Aspect,Conjunction,Mercury,Capricorn,"20°23'46.72""",Venus,Capricorn,"20°29'23.01""",0,0.0934,0.0934
2026-01-29 13:00:00,Aspect,Conjunction,Mercury,Capricorn,"20°24'52.31""",Venus,Capricorn,"20°30'10.08""",0,0.0883,0.0883
2026-01-29 13:15:00,Aspect,Conjunction,Mercury,Capricorn,"20°25'57.89""",Venus,Capricorn,"20°30'57.16""",0,0.0831,0.0831
2026-01-29 13:30:00,Aspect,Conjunction,Mercury,Capricorn,"20°27'03.49""",Venus,Capricorn,"20°31'44.23""",0,0.078,0.078
2026-01-29 13:45:00,Aspect,Conjunction,Mercury,Capricorn,"20°28'09.08""",Venus,Capricorn,"20°32'31.30""",0,0.0728,0.0728
2026-01-29 14:00:00,Aspect,Conjunction,Mercury,Capricorn,"20°29'14.68""",Venus,Capricorn,"20°33'18.38""",0,0.0677,0.0677
2026-01-29 14:15:00,Aspect,Conjunction,Mercury,Capricorn,"20°30'20.28""",Venus,Capricorn,"20°34'05.45""",0,0.0625,0.0625
2026-01-29 14:30:00,Aspect,Conjunction,Mercury,Capricorn,"20°31'25.88""",Venus,Capricorn,"20°34'52.52""",0,0.0574,0.0574
2026-01-29 14:45:00,Aspect,Conjunction,Mercury,Capricorn,"20°32'31.49""",Venus,Capricorn,"20°35'39.60""",0,0.0523,0.0523
2026-01-29 15:00:00,Aspect,Conjunction,Mercury,Capricorn,"20°33'37.10""",Venus,Capricorn,"20°36'26.67""",0,0.0471,0.0471
2026-01-29 15:15:00,Aspect,Conjunction,Mercury,Capricorn,"20°34'42.71""",Venus,Capricorn,"20°37'13.74""",0,0.042,0.042
2026-01-29 15:30:00,Aspect,Conjunction,Mercury,Capricorn,"20°35'48.33""",Venus,Capricorn,"20°38'00.82""",0,0.0368,0.0368
2026-01-29 15:45:00,Aspect,Conjunction,Mercury,Capricorn,"20°36'53.95""",Venus,Capricorn,"20°38'47.89""",0,0.0316,0.0316
2026-01-29 16:00:00,Aspect,Conjunction,Mercury,Capricorn,"20°37'59.57""",Venus,Capricorn,"20°39'34.96""",0,0.0265,0.0265
2026-01-29 16:15:00,Aspect,Conjunction,Mercury,Capricorn,"20°39'05.20""",Venus,Capricorn,"20°40'22.03""",0,0.0213,0.0213
2026-01-29 16:30:00,Aspect,Conjunction,Mercury,Capricorn,"20°40'10.82""",Venus,Capricorn,"20°41'09.11""",0,0.0162,0.0162
2026-01-29 16:45:00,Aspect,Conjunction,Mercury,Capricorn,"20°41'16.45""",Venus,Capricorn,"20°41'56.18""",0,0.011,0.011
2026-01-29 17:00:00,Aspect,Conjunction,Mercury,Capricorn,"20°42'22.09""",Venus,Capricorn,"20°42'43.25""",0,0.0059,0.0059
2026-01-29 17:15:00,Aspect,Conjunction,Mercury,Capricorn,"20°43'27.72""",Venus,Capricorn,"20°43'30.32""",0,0.0007,0.0007
2026-01-29 17:30:00,Aspect,Conjunction,Mercury,Capricorn,"20°44'33.36""",Venus,Capricorn,"20°44'17.40""",0,0.0044,0.0044
2026-01-29 17:45:00,Aspect,Conjunction,Mercury,Capricorn,"20°45'39.01""",Venus,Capricorn,"20°45'04.47""",0,0.0096,0.0096
2026-01-29 18:00:00,Aspect,Conjunction,Mercury,Capricorn,"20°46'44.65""",Venus,Capricorn,"20°45'51.54""",0,0.0148,0.0148
2026-01-29 18:15:00,Aspect,Conjunction,Mercury,Capricorn,"20°47'50.30""",Venus,Capricorn,"20°46'38.61""",0,0.0199,0.0199
2026-01-29 18:30:00,Aspect,Conjunction,Mercury,Capricorn,"20°48'55.95""",Venus,Capricorn,"20°47'25.68""",0,0.0251,0.0251
2026-01-29 18:45:00,Aspect,Conjunction,Mercury,Capricorn,"20°50'01.61""",Venus,Capricorn,"20°48'12.76""",0,0.0302,0.0302
2026-01-29 19:00:00,Aspect,Conjunction,Mercury,Capricorn,"20°51'07.26""",Venus,Capricorn,"20°48'59.83""",0,0.0354,0.0354
2026-01-29 19:15:00,Aspect,Conjunction,Mercury,Capricorn,"20°52'12.92""",Venus,Capricorn,"20°49'46.90""",0,0.0406,0.0406
2026-01-29 19:30:00,Aspect,Conjunction,Mercury,Capricorn,"20°53'18.59""",Venus,Capricorn,"20°50'33.97""",0,0.0457,0.0457
2026-01-29 19:45:00,Aspect,Conjunction,Mercury,Capricorn,"20°54'24.25""",Venus,Capricorn,"20°51'21.04""",0,0.0509,0.0509
2026-01-29 20:00:00,Aspect,Conjunction,Mercury,Capricorn,"20°55'29.92""",Venus,Capricorn,"20°52'08.11""",0,0.0561,0.0561
2026-01-29 20:15:00,Aspect,Conjunction,Mercury,Capricorn,"20°56'35.59""",Venus,Capricorn,"20°52'55.19""",0,0.0612,0.0612
2026-01-29 20:30:00,Aspect,Conjunction,Mercury,Capricorn,"20°57'41.27""",Venus,Capricorn,"20°53'42.26""",0,0.0664,0.0664
2026-01-29 20:45:00,Aspect,Conjunction,Mercury,Capricorn,"20°58'46.95""",Venus,Capricorn,"20°54'29.33""",0,0.0716,0.0716
2026-01-29 21:00:00,Aspect,Conjunction,Mercury,Capricorn,"20°59'52.63""",Venus,Capricorn,"20°55'16.40""",0,0.0767,0.0767
2026-01-29 21:15:00,Aspect,Conjunction,Mercury,Capricorn,"21°00'58.31""",Venus,Capricorn,"20°56'03.47""",0,0.0819,0.0819
2026-01-29 21:30:00,Aspect,Conjunction,Mercury,Capricorn,"21°02'04.00""",Venus,Capricorn,"20°56'50.54""",0,0.0871,0.0871
2026-01-29 21:45:00,Aspect,Conjunction,Mercury,Capricorn,"21°03'09.68""",Venus,Capricorn,"20°57'37.61""",0,0.0922,0.0922
2026-01-29 22:00:00,Aspect,Conjunction,Mercury,Capricorn,"21°04'15.38""",Venus,Capricorn,"20°58'24.68""",0,0.0974,0.0974
2026-01-29 22:15:00,Aspect,Conjunction,Mercury,Capricorn,"21°05'21.07""",Venus,Capricorn,"20°59'11.75""",0,0.1026,0.1026
2026-01-29 22:30:00,Aspect,Conjunction,Mercury,Capricorn,"21°06'26.77""",Venus,Capricorn,"20°59'58.82""",0,0.1078,0.1078
2026-01-29 22:45:00,Aspect,Conjunction,Mercury,Capricorn,"21°07'32.47""",Venus,Capricorn,"21°00'45.89""",0,0.1129,0.1129
2026-01-29 23:00:00,Aspect,Conjunction,Mercury,Capricorn,"21°08'38.17""",Venus,Capricorn,"21°01'32.96""",0,0.1181,0.1181
2026-01-29 23:15:00,Aspect,Conjunction,Mercury,Capricorn,"21°09'43.88""",Venus,Capricorn,"21°02'20.03""",0,0.1233,0.1233
2026-01-29 23:30:00,Aspect,Conjunction,Mercury,Capricorn,"21°10'49.59""",Venus,Capricorn,"21°03'07.10""",0,0.1285,0.1285
2026-01-29 23:45:00,Aspect,Conjunction,Mercury,Capricorn,"21°11'55.30""",Venus,Capricorn,"21°03'54.17""",0,0.1336,0.1336
2026-01-30 00:00:00,Aspect,Conjunction,Mercury,Capricorn,"21°13'01.02""",Venus,Capricorn,"21°04'41.24""",0,0.1388,0.1388
2026-01-30 00:15:00,Aspect,Conjunction,Mercury,Capricorn,"21°14'06.74""",Venus,Capricorn,"21°05'28.31""",0,0.144,0.144
2026-01-30 00:30:00,Aspect,Conjunction,Mercury,Capricorn,"21°15'12.46""",Venus,Capricorn,"21°06'15.38""",0,0.1492,0.1492
2026-01-30 00:45:00,Aspect,Conjunction,Mercury,Capricorn,"21°16'18.18""",Venus,Capricorn,"21°07'02.45""",0,0.1544,0.1544
2026-01-30 01:00:00,Aspect,Conjunction,Mercury,Capricorn,"21°17'23.91""",Venus,Capricorn,"21°07'49.52""",0,0.1596,0.1596
2026-01-30 01:15:00,Aspect,Conjunction,Mercury,Capricorn,"21°18'29.64""",Venus,Capricorn,"21°08'36.59""",0,0.1647,0.1647
2026-01-30 01:30:00,Aspect,Square,Moon,Gemini,"3°19'44.10""",Saturn,Pisces,"4°12'01.29""",90,89.1286,0.8714
2026-01-30 01:30:00,Aspect,Conjunction,Mercury,Capricorn,"21°19'35.37""",Venus,Capricorn,"21°09'23.66""",0,0.1699,0.1699
2026-01-30 01:45:00,Aspect,Square,Moon,Gemini,"3°28'50.93""",Saturn,Pisces,"4°12'04.90""",90,89.2795,0.7205
2026-01-30 01:45:00,Aspect,Conjunction,Mercury,Capricorn,"21°20'41.10""",Venus,Capricorn,"21°10'10.73""",0,0.1751,0.1751
2026-01-30 02:00:00,Aspect,Square,Moon,Gemini,"3°37'57.76""",Saturn,Pisces,"4°12'08.50""",90,89.4304,0.5696
2026-01-30 02:00:00,Aspect,Conjunction,Mercury,Capricorn,"21°21'46.84""",Venus,Capricorn,"21°10'57.80""",0,0.1803,0.1803
2026-01-30 02:15:00,Aspect,Square,Moon,Gemini,"3°47'04.60""",Saturn,Pisces,"4°12'12.11""",90,89.5812,0.4188
2026-01-30 02:15:00,Aspect,Conjunction,Mercury,Capricorn,"21°22'52.58""",Venus,Capricorn,"21°11'44.87""",0,0.1855,0.1855
2026-01-30 02:30:00,Aspect,Square,Moon,Gemini,"3°56'11.45""",Saturn,Pisces,"4°12'15.71""",90,89.7321,0.2679
2026-01-30 02:30:00,Aspect,Conjunction,Mercury,Capricorn,"21°23'58.33""",Venus,Capricorn,"21°12'31.94""",0,0.1907,0.1907
2026-01-30 02:45:00,Aspect,Square,Moon,Gemini,"4°05'18.31""",Saturn,Pisces,"4°12'19.32""",90,89.8831,0.1169
2026-01-30 02:45:00,Aspect,Conjunction,Mercury,Capricorn,"21°25'04.07""",Venus,Capricorn,"21°13'19.01""",0,0.1959,0.1959
2026-01-30 03:00:00,Aspect,Square,Moon,Gemini,"4°14'25.17""",Saturn,Pisces,"4°12'22.93""",90,90.034,0.034
2026-01-30 03:00:00,Aspect,Conjunction,Mercury,Capricorn,"21°26'09.82""",Venus,Capricorn,"21°14'06.08""",0,0.201,0.201
2026-01-30 03:15:00,Aspect,Square,Moon,Gemini,"4°23'32.03""",Saturn,Pisces,"4°12'26.53""",90,90.1849,0.1849
2026-01-30 03:15:00,Aspect,Conjunction,Mercury,Capricorn,"21°27'15.57""",Venus,Capricorn,"21°14'53.15""",0,0.2062,0.2062
2026-01-30 03:30:00,Aspect,Square,Moon,Gemini,"4°32'38.90""",Saturn,Pisces,"4°12'30.14""",90,90.3358,0.3358
2026-01-30 03:30:00,Aspect,Conjunction,Mercury,Capricorn,"21°28'21.33""",Venus,Capricorn,"21°15'40.21""",0,0.2114,0.2114
2026-01-30 03:45:00,Aspect,Square,Moon,Gemini,"4°41'45.78""",Saturn,Pisces,"4°12'33.75""",90,90.4867,0.4867
2026-01-30 03:45:00,Aspect,Conjunction,Mercury,Capricorn,"21°29'27.09""",Venus,Capricorn,"21°16'27.28""",0,0.2166,0.2166
2026-01-30 04:00:00,Aspect,Square,Moon,Gemini,"4°50'52.66""",Saturn,Pisces,"4°12'37.36""",90,90.6376,0.6376
2026-01-30 04:00:00,Aspect,Conjunction,Mercury,Capricorn,"21°30'32.85""",Venus,Capricorn,"21°17'14.35""",0,0.2218,0.2218
2026-01-30 04:15:00,Aspect,Square,Moon,Gemini,"4°59'59.54""",Saturn,Pisces,"4°12'40.97""",90,90.7885,0.7885
2026-01-30 04:15:00,Aspect,Conjunction,Mercury,Capricorn,"21°31'38.61""",Venus,Capricorn,"21°18'01.42""",0,0.227,0.227
2026-01-30 04:30:00,Aspect,Square,Moon,Gemini,"5°09'06.43""",Saturn,Pisces,"4°12'44.58""",90,90.9394,0.9394
2026-01-30 04:30:00,Aspect,Conjunction,Mercury,Capricorn,"21°32'44.38""",Venus,Capricorn,"21°18'48.49""",0,0.2322,0.2322
2026-01-30 04:45:00,Aspect,Conjunction,Mercury,Capricorn,"21°33'50.14""",Venus,Capricorn,"21°19'35.56""",0,0.2374,0.2374
2026-01-30 05:00:00,Aspect,Conjunction,Mercury,Capricorn,"21°34'55.92""",Venus,Capricorn,"21°20'22.63""",0,0.2426,0.2426
2026-01-30 05:15:00,Aspect,Conjunction,Mercury,Capricorn,"21°36'01.69""",Venus,Capricorn,"21°21'09.69""",0,0.2478,0.2478
2026-01-30 05:30:00,Aspect,Conjunction,Mercury,Capricorn,"21°37'07.47""",Venus,Capricorn,"21°21'56.76""",0,0.253,0.253
2026-01-30 05:45:00,Aspect,Conjunction,Mercury,Capricorn,"21°38'13.25""",Venus,Capricorn,"21°22'43.83""",0,0.2582,0.2582
2026-01-30 06:00:00,Aspect,Conjunction,Mercury,Capricorn,"21°39'19.03""",Venus,Capricorn,"21°23'30.90""",0,0.2634,0.2634
2026-01-30 06:15:00,Aspect,Conjunction,Mercury,Capricorn,"21°40'24.82""",Venus,Capricorn,"21°24'17.97""",0,0.2686,0.2686
2026-01-30 06:30:00,Aspect,Conjunction,Mercury,Capricorn,"21°41'30.60""",Venus,Capricorn,"21°25'05.03""",0,0.2738,0.2738
2026-01-30 06:45:00,Aspect,Conjunction,Mercury,Capricorn,"21°42'36.40""",Venus,Capricorn,"21°25'52.10""",0,0.279,0.279
2026-01-30 07:00:00,Aspect,Conjunction,Mercury,Capricorn,"21°43'42.19""",Venus,Capricorn,"21°26'39.17""",0,0.2842,0.2842
2026-01-30 07:15:00,Aspect,Conjunction,Mercury,Capricorn,"21°44'47.99""",Venus,Capricorn,"21°27'26.24""",0,0.2894,0.2894
2026-01-30 07:30:00,Aspect,Conjunction,Mercury,Capricorn,"21°45'53.79""",Venus,Capricorn,"21°28'13.30""",0,0.2946,0.2946
2026-01-30 07:45:00,Aspect,Conjunction,Mercury,Capricorn,"21°46'59.59""",Venus,Capricorn,"21°29'00.37""",0,0.2998,0.2998
2026-01-30 08:00:00,Aspect,Conjunction,Mercury,Capricorn,"21°48'05.39""",Venus,Capricorn,"21°29'47.44""",0,0.305,0.305
2026-01-30 08:15:00,Aspect,Conjunction,Mercury,Capricorn,"21°49'11.20""",Venus,Capricorn,"21°30'34.50""",0,0.3102,0.3102
2026-01-30 08:30:00,Aspect,Conjunction,Mercury,Capricorn,"21°50'17.01""",Venus,Capricorn,"21°31'21.57""",0,0.3154,0.3154
2026-01-30 08:45:00,Aspect,Conjunction,Mercury,Capricorn,"21°51'22.82""",Venus,Capricorn,"21°32'08.64""",0,0.3206,0.3206
2026-01-30 09:00:00,Aspect,Conjunction,Mercury,Capricorn,"21°52'28.64""",Venus,Capricorn,"21°32'55.71""",0,0.3258,0.3258
2026-01-30 09:15:00,Aspect,Conjunction,Mercury,Capricorn,"21°53'34.46""",Venus,Capricorn,"21°33'42.77""",0,0.331,0.331
2026-01-30 09:30:00,Aspect,Conjunction,Mercury,Capricorn,"21°54'40.28""",Venus,Capricorn,"21°34'29.84""",0,0.3362,0.3362
2026-01-30 09:45:00,Aspect,Conjunction,Mercury,Capricorn,"21°55'46.10""",Venus,Capricorn,"21°35'16.91""",0,0.3414,0.3414
2026-01-30 10:00:00,Aspect,Conjunction,Mercury,Capricorn,"21°56'51.93""",Venus,Capricorn,"21°36'03.97""",0,0.3467,0.3467
2026-01-30 10:15:00,Aspect,Conjunction,Mercury,Capricorn,"21°57'57.76""",Venus,Capricorn,"21°36'51.04""",0,0.3519,0.3519
2026-01-30 10:30:00,Aspect,Conjunction,Mercury,Capricorn,"21°59'03.59""",Venus,Capricorn,"21°37'38.11""",0,0.3571,0.3571
2026-01-30 10:45:00,Aspect,Conjunction,Mercury,Capricorn,"22°00'09.43""",Venus,Capricorn,"21°38'25.17""",0,0.3623,0.3623
2026-01-30 11:00:00,Aspect,Conjunction,Mercury,Capricorn,"22°01'15.26""",Venus,Capricorn,"21°39'12.24""",0,0.3675,0.3675
2026-01-30 11:15:00,Aspect,Conjunction,Mercury,Capricorn,"22°02'21.10""",Venus,Capricorn,"21°39'59.30""",0,0.3727,0.3727
2026-01-30 11:30:00,Aspect,Conjunction,Mercury,Capricorn,"22°03'26.95""",Venus,Capricorn,"21°40'46.37""",0,0.3779,0.3779
2026-01-30 11:45:00,Aspect,Conjunction,Mercury,Capricorn,"22°04'32.79""",Venus,Capricorn,"21°41'33.44""",0,0.3832,0.3832
2026-01-30 12:00:00,Aspect,Conjunction,Mercury,Capricorn,"22°05'38.64""",Venus,Capricorn,"21°42'20.50""",0,0.3884,0.3884
2026-01-30 12:15:00,Aspect,Conjunction,Mercury,Capricorn,"22°06'44.49""",Venus,Capricorn,"21°43'07.57""",0,0.3936,0.3936
2026-01-30 12:30:00,Aspect,Conjunction,Mercury,Capricorn,"22°07'50.35""",Venus,Capricorn,"21°43'54.63""",0,0.3988,0.3988
2026-01-30 12:45:00,Aspect,Conjunction,Mercury,Capricorn,"22°08'56.20""",Venus,Capricorn,"21°44'41.70""",0,0.404,0.404
2026-01-30 13:00:00,Aspect,Conjunction,Mercury,Capricorn,"22°10'02.06""",Venus,Capricorn,"21°45'28.76""",0,0.4092,0.4092
2026-01-30 13:15:00,Aspect,Conjunction,Mercury,Capricorn,"22°11'07.92""",Venus,Capricorn,"21°46'15.83""",0,0.4145,0.4145
2026-01-30 13:30:00,Aspect,Conjunction,Mercury,Capricorn,"22°12'13.79""",Venus,Capricorn,"21°47'02.89""",0,0.4197,0.4197
2026-01-30 13:45:00,Aspect,Conjunction,Mercury,Capricorn,"22°13'19.66""",Venus,Capricorn,"21°47'49.96""",0,0.4249,0.4249
2026-01-30 14:00:00,Aspect,Conjunction,Mercury,Capricorn,"22°14'25.53""",Venus,Capricorn,"21°48'37.02""",0,0.4301,0.4301
2026-01-30 14:15:00,Aspect,Conjunction,Mercury,Capricorn,"22°15'31.40""",Venus,Capricorn,"21°49'24.09""",0,0.4354,0.4354
2026-01-30 14:30:00,Aspect,Conjunction,Mercury,Capricorn,"22°16'37.27""",Venus,Capricorn,"21°50'11.15""",0,0.4406,0.4406
2026-01-30 14:45:00,Aspect,Conjunction,Mercury,Capricorn,"22°17'43.15""",Venus,Capricorn,"21°50'58.22""",0,0.4458,0.4458
2026-01-30 15:00:00,Aspect,Conjunction,Mercury,Capricorn,"22°18'49.03""",Venus,Capricorn,"21°51'45.28""",0,0.451,0.451
2026-01-30 15:15:00,Aspect,Conjunction,Mercury,Capricorn,"22°19'54.91""",Venus,Capricorn,"21°52'32.35""",0,0.4563,0.4563
2026-01-30 15:30:00,Aspect,Conjunction,Mercury,Capricorn,"22°21'00.80""",Venus,Capricorn,"21°53'19.41""",0,0.4615,0.4615
2026-01-30 15:45:00,Aspect,Conjunction,Mercury,Capricorn,"22°22'06.69""",Venus,Capricorn,"21°54'06.48""",0,0.4667,0.4667
2026-01-30 16:00:00,Aspect,Conjunction,Mercury,Capricorn,"22°23'12.58""",Venus,Capricorn,"21°54'53.54""",0,0.472,0.472
2026-01-30 16:15:00,Aspect,Conjunction,Mercury,Capricorn,"22°24'18.47""",Venus,Capricorn,"21°55'40.61""",0,0.4772,0.4772
2026-01-30 16:30:00,Aspect,Conjunction,Mercury,Capricorn,"22°25'24.37""",Venus,Capricorn,"21°56'27.67""",0,0.4824,0.4824
2026-01-30 16:45:00,Aspect,Conjunction,Mercury,Capricorn,"22°26'30.27""",Venus,Capricorn,"21°57'14.74""",0,0.4876,0.4876
2026-01-30 17:00:00,Aspect,Conjunction,Mercury,Capricorn,"22°27'36.17""",Venus,Capricorn,"21°58'01.80""",0,0.4929,0.4929
2026-01-30 17:15:00,Aspect,Conjunction,Mercury,Capricorn,"22°28'42.07""",Venus,Capricorn,"21°58'48.86""",0,0.4981,0.4981
2026-01-30 17:30:00,Aspect,Conjunction,Mercury,Capricorn,"22°29'47.98""",Venus,Capricorn,"21°59'35.93""",0,0.5033,0.5033
2026-01-30 17:45:00,Aspect,Conjunction,Mercury,Capricorn,"22°30'53.89""",Venus,Capricorn,"22°00'22.99""",0,0.5086,0.5086
2026-01-30 18:00:00,Aspect,Conjunction,Mercury,Capricorn,"22°31'59.80""",Venus,Capricorn,"22°01'10.06""",0,0.5138,0.5138
2026-01-30 18:15:00,Aspect,Conjunction,Mercury,Capricorn,"22°33'05.72""",Venus,Capricorn,"22°01'57.12""",0,0.5191,0.5191
2026-01-30 18:30:00,Aspect,Conjunction,Mercury,Capricorn,"22°34'11.63""",Venus,Capricorn,"22°02'44.18""",0,0.5243,0.5243
2026-01-30 18:45:00,Aspect,Conjunction,Mercury,Capricorn,"22°35'17.55""",Venus,Capricorn,"22°03'31.25""",0,0.5295,0.5295
2026-01-30 19:00:00,Aspect,Conjunction,Mercury,Capricorn,"22°36'23.47""",Venus,Capricorn,"22°04'18.31""",0,0.5348,0.5348
2026-01-30 19:15:00,Aspect,Conjunction,Mercury,Capricorn,"22°37'29.40""",Venus,Capricorn,"22°05'05.37""",0,0.54,0.54
2026-01-30 19:30:00,Aspect,Conjunction,Mercury,Capricorn,"22°38'35.33""",Venus,Capricorn,"22°05'52.44""",0,0.5452,0.5452
2026-01-30 19:45:00,Aspect,Conjunction,Mercury,Capricorn,"22°39'41.26""",Venus,Capricorn,"22°06'39.50""",0,0.5505,0.5505
2026-01-30 20:00:00,Aspect,Conjunction,Mercury,Capricorn,"22°40'47.19""",Venus,Capricorn,"22°07'26.56""",0,0.5557,0.5557
2026-01-30 20:15:00,Aspect,Conjunction,Mercury,Capricorn,"22°41'53.12""",Venus,Capricorn,"22°08'13.62""",0,0.561,0.561
2026-01-30 20:30:00,Aspect,Conjunction,Mercury,Capricorn,"22°42'59.06""",Venus,Capricorn,"22°09'00.69""",0,0.5662,0.5662
2026-01-30 20:45:00,Aspect,Conjunction,Mercury,Capricorn,"22°44'05.00""",Venus,Capricorn,"22°09'47.75""",0,0.5715,0.5715
2026-01-30 21:00:00,Aspect,Conjunction,Mercury,Capricorn,"22°45'10.94""",Venus,Capricorn,"22°10'34.81""",0,0.5767,0.5767
2026-01-30 21:15:00,Aspect,Conjunction,Mercury,Capricorn,"22°46'16.89""",Venus,Capricorn,"22°11'21.88""",0,0.5819,0.5819
2026-01-30 21:30:00,Aspect,Trine,Moon,Gemini,"15°28'39.02""",Rahu,Aquarius,"16°22'48.44""",120,119.0974,0.9026
2026-01-30 21:30:00,Aspect,Sextitle,Moon,Gemini,"15°28'39.02""",Ketu,Leo,"16°22'48.44""",60,60.9026,0.9026
2026-01-30 21:30:00,Aspect,Conjunction,Mercury,Capricorn,"22°47'22.84""",Venus,Capricorn,"22°12'08.94""",0,0.5872,0.5872
2026-01-30 21:45:00,Aspect,Trine,Moon,Gemini,"15°37'45.09""",Rahu,Aquarius,"16°22'46.46""",120,119.2496,0.7504
2026-01-30 21:45:00,Aspect,Sextitle,Moon,Gemini,"15°37'45.09""",Ketu,Leo,"16°22'46.46""",60,60.7504,0.7504
2026-01-30 21:45:00,Aspect,Conjunction,Mercury,Capricorn,"22°48'28.79""",Venus,Capricorn,"22°12'56.00""",0,0.5924,0.5924
2026-01-30 22:00:00,Aspect,Trine,Moon,Gemini,"15°46'51.13""",Rahu,Aquarius,"16°22'44.47""",120,119.4019,0.5981
2026-01-30 22:00:00,Aspect,Sextitle,Moon,Gemini,"15°46'51.13""",Ketu,Leo,"16°22'44.47""",60,60.5981,0.5981
2026-01-30 22:00:00,Aspect,Conjunction,Mercury,Capricorn,"22°49'34.74""",Venus,Capricorn,"22°13'43.06""",0,0.5977,0.5977
2026-01-30 22:15:00,Aspect,Trine,Moon,Gemini,"15°55'57.15""",Rahu,Aquarius,"16°22'42.48""",120,119.5541,0.4459
2026-01-30 22:15:00,Aspect,Sextitle,Moon,Gemini,"15°55'57.15""",Ketu,Leo,"16°22'42.48""",60,60.4459,0.4459
2026-01-30 22:15:00,Aspect,Conjunction,Mercury,Capricorn,"22°50'40.70""",Venus,Capricorn,"22°14'30.13""",0,0.6029,0.6029
2026-01-30 22:30:00,Aspect,Trine,Moon,Gemini,"16°05'03.13""",Rahu,Aquarius,"16°22'40.49""",120,119.7063,0.2937
2026-01-30 22:30:00,Aspect,Sextitle,Moon,Gemini,"16°05'03.13""",Ketu,Leo,"16°22'40.49""",60,60.2937,0.2937
2026-01-30 22:30:00,Aspect,Conjunction,Mercury,Capricorn,"22°51'46.65""",Venus,Capricorn,"22°15'17.19""",0,0.6082,0.6082
2026-01-30 22:45:00,Aspect,Trine,Moon,Gemini,"16°14'09.09""",Rahu,Aquarius,"16°22'38.51""",120,119.8585,0.1415
2026-01-30 22:45:00,Aspect,Sextitle,Moon,Gemini,"16°14'09.09""",Ketu,Leo,"16°22'38.51""",60,60.1415,0.1415
2026-01-30 22:45:00,Aspect,Conjunction,Mercury,Capricorn,"22°52'52.61""",Venus,Capricorn,"22°16'04.25""",0,0.6134,0.6134
2026-01-30 23:00:00,Aspect,Trine,Moon,Gemini,"16°23'15.02""",Rahu,Aquarius,"16°22'36.52""",120,120.0107,0.0107
2026-01-30 23:00:00,Aspect,Sextitle,Moon,Gemini,"16°23'15.02""",Ketu,Leo,"16°22'36.52""",60,59.9893,0.0107
2026-01-30 23:00:00,Aspect,Conjunction,Mercury,Capricorn,"22°53'58.58""",Venus,Capricorn,"22°16'51.31""",0,0.6187,0.6187
2026-01-30 23:15:00,Aspect,Trine,Moon,Gemini,"16°32'20.92""",Rahu,Aquarius,"16°22'34.53""",120,120.1629,0.1629
2026-01-30 23:15:00,Aspect,Sextitle,Moon,Gemini,"16°32'20.92""",Ketu,Leo,"16°22'34.53""",60,59.8371,0.1629
2026-01-30 23:15:00,Aspect,Conjunction,Mercury,Capricorn,"22°55'04.54""",Venus,Capricorn,"22°17'38.37""",0,0.6239,0.6239
2026-01-30 23:30:00,Aspect,Trine,Moon,Gemini,"16°41'26.79""",Rahu,Aquarius,"16°22'32.55""",120,120.3151,0.3151
2026-01-30 23:30:00,Aspect,Sextitle,Moon,Gemini,"16°41'26.79""",Ketu,Leo,"16°22'32.55""",60,59.6849,0.3151
2026-01-30 23:30:00,Aspect,Conjunction,Mercury,Capricorn,"22°56'10.51""",Venus,Capricorn,"22°18'25.44""",0,0.6292,0.6292
2026-01-30 23:45:00,Aspect,Trine,Moon,Gemini,"16°50'32.63""",Rahu,Aquarius,"16°22'30.56""",120,120.4672,0.4672
2026-01-30 23:45:00,Aspect,Sextitle,Moon,Gemini,"16°50'32.63""",Ketu,Leo,"16°22'30.56""",60,59.5328,0.4672
2026-01-30 23:45:00,Aspect,Conjunction,Mercury,Capricorn,"22°57'16.48""",Venus,Capricorn,"22°19'12.50""",0,0.6344,0.6344
2026-01-31 00:00:00,Aspect,Trine,Moon,Gemini,"16°59'38.44""",Rahu,Aquarius,"16°22'28.57""",120,120.6194,0.6194
2026-01-31 00:00:00,Aspect,Sextitle,Moon,Gemini,"16°59'38.44""",Ketu,Leo,"16°22'28.57""",60,59.3806,0.6194
2026-01-31 00:00:00,Aspect,Conjunction,Mercury,Capricorn,"22°58'22.45""",Venus,Capricorn,"22°19'59.56""",0,0.6397,0.6397
2026-01-31 00:15:00,Aspect,Trine,Moon,Gemini,"17°08'44.21""",Rahu,Aquarius,"16°22'26.58""",120,120.7716,0.7716
2026-01-31 00:15:00,Aspect,Sextitle,Moon,Gemini,"17°08'44.21""",Ketu,Leo,"16°22'26.58""",60,59.2284,0.7716
2026-01-31 00:15:00,Aspect,Conjunction,Mercury,Capricorn,"22°59'28.43""",Venus,Capricorn,"22°20'46.62""",0,0.6449,0.6449
2026-01-31 00:30:00,Aspect,Trine,Moon,Gemini,"17°17'49.96""",Rahu,Aquarius,"16°22'24.60""",120,120.9237,0.9237
2026-01-31 00:30:00,Aspect,Sextitle,Moon,Gemini,"17°17'49.96""",Ketu,Leo,"16°22'24.60""",60,59.0763,0.9237
2026-01-31 00:30:00,Aspect,Conjunction,Mercury,Capricorn,"23°00'34.41""",Venus,Capricorn,"22°21'33.68""",0,0.6502,0.6502
2026-01-31 00:45:00,Aspect,Conjunction,Mercury,Capricorn,"23°01'40.39""",Venus,Capricorn,"22°22'20.74""",0,0.6555,0.6555
2026-01-31 01:00:00,Aspect,Conjunction,Mercury,Capricorn,"23°02'46.37""",Venus,Capricorn,"22°23'07.81""",0,0.6607,0.6607
2026-01-31 01:15:00,Aspect,Conjunction,Mercury,Capricorn,"23°03'52.35""",Venus,Capricorn,"22°23'54.87""",0,0.666,0.666
2026-01-31 01:30:00,Aspect,Conjunction,Mercury,Capricorn,"23°04'58.34""",Venus,Capricorn,"22°24'41.93""",0,0.6712,0.6712
2026-01-31 01:45:00,Aspect,Conjunction,Mercury,Capricorn,"23°06'04.33""",Venus,Capricorn,"22°25'28.99""",0,0.6765,0.6765
2026-01-31 02:00:00,Aspect,Conjunction,Mercury,Capricorn,"23°07'10.33""",Venus,Capricorn,"22°26'16.05""",0,0.6817,0.6817
2026-01-31 02:15:00,Aspect,Conjunction,Mercury,Capricorn,"23°08'16.32""",Venus,Capricorn,"22°27'03.11""",0,0.687,0.687
2026-01-31 02:30:00,Aspect,Conjunction,Mercury,Capricorn,"23°09'22.32""",Venus,Capricorn,"22°27'50.17""",0,0.6923,0.6923
2026-01-31 02:45:00,Aspect,Conjunction,Mercury,Capricorn,"23°10'28.32""",Venus,Capricorn,"22°28'37.23""",0,0.6975,0.6975
2026-01-31 03:00:00,Aspect,Conjunction,Mercury,Capricorn,"23°11'34.32""",Venus,Capricorn,"22°29'24.29""",0,0.7028,0.7028
2026-01-31 03:15:00,Aspect,Conjunction,Mercury,Capricorn,"23°12'40.33""",Venus,Capricorn,"22°30'11.35""",0,0.708,0.708
2026-01-31 03:30:00,Aspect,Conjunction,Mercury,Capricorn,"23°13'46.33""",Venus,Capricorn,"22°30'58.41""",0,0.7133,0.7133
2026-01-31 03:45:00,Aspect,Conjunction,Mercury,Capricorn,"23°14'52.34""",Venus,Capricorn,"22°31'45.47""",0,0.7186,0.7186
2026-01-31 04:00:00,Aspect,Conjunction,Mercury,Capricorn,"23°15'58.36""",Venus,Capricorn,"22°32'32.53""",0,0.7238,0.7238
2026-01-31 04:15:00,Aspect,Conjunction,Mercury,Capricorn,"23°17'04.37""",Venus,Capricorn,"22°33'19.59""",0,0.7291,0.7291
2026-01-31 04:30:00,Aspect,Conjunction,Mercury,Capricorn,"23°18'10.39""",Venus,Capricorn,"22°34'06.65""",0,0.7344,0.7344
2026-01-31 04:45:00,Aspect,Conjunction,Mercury,Capricorn,"23°19'16.41""",Venus,Capricorn,"22°34'53.71""",0,0.7396,0.7396
2026-01-31 05:00:00,Aspect,Conjunction,Mercury,Capricorn,"23°20'22.43""",Venus,Capricorn,"22°35'40.77""",0,0.7449,0.7449
2026-01-31 05:15:00,Aspect,Conjunction,Mercury,Capricorn,"23°21'28.45""",Venus,Capricorn,"22°36'27.83""",0,0.7502,0.7502
2026-01-31 05:30:00,Aspect,Conjunction,Mercury,Capricorn,"23°22'34.48""",Venus,Capricorn,"22°37'14.89""",0,0.7554,0.7554
2026-01-31 05:45:00,Aspect,Conjunction,Mercury,Capricorn,"23°23'40.51""",Venus,Capricorn,"22°38'01.95""",0,0.7607,0.7607
2026-01-31 06:00:00,Aspect,Conjunction,Mercury,Capricorn,"23°24'46.54""",Venus,Capricorn,"22°38'49.01""",0,0.766,0.766
2026-01-31 06:15:00,Aspect,Conjunction,Mercury,Capricorn,"23°25'52.57""",Venus,Capricorn,"22°39'36.07""",0,0.7713,0.7713
2026-01-31 06:30:00,Aspect,Conjunction,Mercury,Capricorn,"23°26'58.61""",Venus,Capricorn,"22°40'23.13""",0,0.7765,0.7765
2026-01-31 06:45:00,Aspect,Conjunction,Mercury,Capricorn,"23°28'04.65""",Venus,Capricorn,"22°41'10.19""",0,0.7818,0.7818
2026-01-31 07:00:00,Aspect,Conjunction,Mercury,Capricorn,"23°29'10.69""",Venus,Capricorn,"22°41'57.25""",0,0.7871,0.7871
2026-01-31 07:15:00,Aspect,Conjunction,Mercury,Capricorn,"23°30'16.73""",Venus,Capricorn,"22°42'44.31""",0,0.7923,0.7923
2026-01-31 07:30:00,Aspect,Conjunction,Mercury,Capricorn,"23°31'22.78""",Venus,Capricorn,"22°43'31.37""",0,0.7976,0.7976
2026-01-31 07:45:00,Aspect,Conjunction,Mercury,Capricorn,"23°32'28.83""",Venus,Capricorn,"22°44'18.43""",0,0.8029,0.8029
2026-01-31 08:00:00,Aspect,Conjunction,Mercury,Capricorn,"23°33'34.88""",Venus,Capricorn,"22°45'05.49""",0,0.8082,0.8082
2026-01-31 08:15:00,Aspect,Conjunction,Mercury,Capricorn,"23°34'40.93""",Venus,Capricorn,"22°45'52.55""",0,0.8134,0.8134
2026-01-31 08:30:00,Aspect,Conjunction,Mercury,Capricorn,"23°35'46.98""",Venus,Capricorn,"22°46'39.61""",0,0.8187,0.8187
2026-01-31 08:45:00,Aspect,Conjunction,Moon,Gemini,"22°17'38.73""",Jupiter,Gemini,"23°14'28.89""",0,0.9473,0.9473
2026-01-31 08:45:00,Aspect,Conjunction,Mercury,Capricorn,"23°36'53.04""",Venus,Capricorn,"22°47'26.66""",0,0.824,0.824
2026-01-31 09:00:00,Aspect,Conjunction,Moon,Gemini,"22°26'43.13""",Jupiter,Gemini,"23°14'24.64""",0,0.7949,0.7949
2026-01-31 09:00:00,Aspect,Conjunction,Mercury,Capricorn,"23°37'59.10""",Venus,Capricorn,"22°48'13.72""",0,0.8293,0.8293
2026-01-31 09:15:00,Aspect,Conjunction,Moon,Gemini,"22°35'47.48""",Jupiter,Gemini,"23°14'20.39""",0,0.6425,0.6425
2026-01-31 09:15:00,Aspect,Conjunction,Mercury,Capricorn,"23°39'05.16""",Venus,Capricorn,"22°49'00.78""",0,0.8346,0.8346
2026-01-31 09:30:00,Aspect,Conjunction,Moon,Gemini,"22°44'51.77""",Jupiter,Gemini,"23°14'16.14""",0,0.4901,0.4901
2026-01-31 09:30:00,Aspect,Conjunction,Mercury,Capricorn,"23°40'11.23""",Venus,Capricorn,"22°49'47.84""",0,0.8398,0.8398
2026-01-31 09:45:00,Aspect,Conjunction,Moon,Gemini,"22°53'56.03""",Jupiter,Gemini,"23°14'11.89""",0,0.3377,0.3377
2026-01-31 09:45:00,Aspect,Conjunction,Mercury,Capricorn,"23°41'17.30""",Venus,Capricorn,"22°50'34.90""",0,0.8451,0.8451
2026-01-31 10:00:00,Aspect,Conjunction,Moon,Gemini,"23°03'00.23""",Jupiter,Gemini,"23°14'07.64""",0,0.1854,0.1854
2026-01-31 10:00:00,Aspect,Conjunction,Mercury,Capricorn,"23°42'23.36""",Venus,Capricorn,"22°51'21.96""",0,0.8504,0.8504
2026-01-31 10:15:00,Aspect,Conjunction,Moon,Gemini,"23°12'04.38""",Jupiter,Gemini,"23°14'03.39""",0,0.0331,0.0331
2026-01-31 10:15:00,Aspect,Conjunction,Mercury,Capricorn,"23°43'29.44""",Venus,Capricorn,"22°52'09.01""",0,0.8557,0.8557
2026-01-31 10:30:00,Aspect,Conjunction,Moon,Gemini,"23°21'08.48""",Jupiter,Gemini,"23°13'59.15""",0,0.1193,0.1193
2026-01-31 10:30:00,Aspect,Conjunction,Mercury,Capricorn,"23°44'35.51""",Venus,Capricorn,"22°52'56.07""",0,0.861,0.861
2026-01-31 10:45:00,Aspect,Conjunction,Moon,Gemini,"23°30'12.53""",Jupiter,Gemini,"23°13'54.90""",0,0.2716,0.2716
2026-01-31 10:45:00,Aspect,Conjunction,Mercury,Capricorn,"23°45'41.59""",Venus,Capricorn,"22°53'43.13""",0,0.8662,0.8662
2026-01-31 11:00:00,Aspect,Conjunction,Moon,Gemini,"23°39'16.54""",Jupiter,Gemini,"23°13'50.66""",0,0.4239,0.4239
2026-01-31 11:00:00,Aspect,Conjunction,Mercury,Capricorn,"23°46'47.66""",Venus,Capricorn,"22°54'30.19""",0,0.8715,0.8715
2026-01-31 11:15:00,Aspect,Conjunction,Moon,Gemini,"23°48'20.49""",Jupiter,Gemini,"23°13'46.41""",0,0.5761,0.5761
2026-01-31 11:15:00,Aspect,Conjunction,Mercury,Capricorn,"23°47'53.74""",Venus,Capricorn,"22°55'17.25""",0,0.8768,0.8768
2026-01-31 11:30:00,Aspect,Conjunction,Moon,Gemini,"23°57'24.39""",Jupiter,Gemini,"23°13'42.17""",0,0.7284,0.7284
2026-01-31 11:30:00,Aspect,Conjunction,Mercury,Capricorn,"23°48'59.83""",Venus,Capricorn,"22°56'04.30""",0,0.8821,0.8821
2026-01-31 11:45:00,Aspect,Conjunction,Moon,Gemini,"24°06'28.23""",Jupiter,Gemini,"23°13'37.92""",0,0.8806,0.8806
2026-01-31 11:45:00,Aspect,Conjunction,Mercury,Capricorn,"23°50'05.91""",Venus,Capricorn,"22°56'51.36""",0,0.8874,0.8874
2026-01-31 12:00:00,Aspect,Conjunction,Mercury,Capricorn,"23°51'12.00""",Venus,Capricorn,"22°57'38.42""",0,0.8927,0.8927
2026-01-31 12:15:00,Aspect,Conjunction,Mercury,Capricorn,"23°52'18.09""",Venus,Capricorn,"22°58'25.48""",0,0.8979,0.8979
2026-01-31 12:30:00,Aspect,Conjunction,Mercury,Capricorn,"23°53'24.18""",Venus,Capricorn,"22°59'12.53""",0,0.9032,0.9032
2026-01-31 12:45:00,Aspect,Conjunction,Mercury,Capricorn,"23°54'30.28""",Venus,Capricorn,"22°59'59.59""",0,0.9085,0.9085
2026-01-31 13:00:00,Aspect,Conjunction,Mercury,Capricorn,"23°55'36.37""",Venus,Capricorn,"23°00'46.65""",0,0.9138,0.9138
2026-01-31 13:15:00,Aspect,Conjunction,Mercury,Capricorn,"23°56'42.47""",Venus,Capricorn,"23°01'33.71""",0,0.9191,0.9191
2026-01-31 13:30:00,Aspect,Conjunction,Mercury,Capricorn,"23°57'48.57""",Venus,Capricorn,"23°02'20.76""",0,0.9244,0.9244
2026-01-31 13:45:00,Aspect,Conjunction,Mercury,Capricorn,"23°58'54.67""",Venus,Capricorn,"23°03'07.82""",0,0.9297,0.9297
2026-01-31 14:00:00,Aspect,Conjunction,Mercury,Capricorn,"24°00'00.78""",Venus,Capricorn,"23°03'54.88""",0,0.935,0.935
2026-01-31 14:15:00,Aspect,Conjunction,Mercury,Capricorn,"24°01'06.89""",Venus,Capricorn,"23°04'41.93""",0,0.9403,0.9403
2026-01-31 14:30:00,Aspect,Conjunction,Mercury,Capricorn,"24°02'13.00""",Venus,Capricorn,"23°05'28.99""",0,0.9456,0.9456
2026-01-31 14:45:00,Aspect,Conjunction,Mercury,Capricorn,"24°03'19.11""",Venus,Capricorn,"23°06'16.05""",0,0.9509,0.9509
2026-01-31 15:00:00,Aspect,Conjunction,Mercury,Capricorn,"24°04'25.22""",Venus,Capricorn,"23°07'03.10""",0,0.9561,0.9561
2026-01-31 15:15:00,Aspect,Conjunction,Mercury,Capricorn,"24°05'31.34""",Venus,Capricorn,"23°07'50.16""",0,0.9614,0.9614
2026-01-31 15:30:00,Aspect,Conjunction,Mercury,Capricorn,"24°06'37.46""",Venus,Capricorn,"23°08'37.22""",0,0.9667,0.9667
2026-01-31 15:45:00,Aspect,Conjunction,Mercury,Capricorn,"24°07'43.58""",Venus,Capricorn,"23°09'24.27""",0,0.972,0.972
2026-01-31 16:00:00,Aspect,Conjunction,Mercury,Capricorn,"24°08'49.70""",Venus,Capricorn,"23°10'11.33""",0,0.9773,0.9773
2026-01-31 16:15:00,Aspect,Conjunction,Mercury,Capricorn,"24°09'55.83""",Venus,Capricorn,"23°10'58.38""",0,0.9826,0.9826
2026-01-31 16:30:00,Aspect,Conjunction,Mercury,Capricorn,"24°11'01.96""",Venus,Capricorn,"23°11'45.44""",0,0.9879,0.9879
2026-01-31 16:45:00,Aspect,Conjunction,Mercury,Capricorn,"24°12'08.09""",Venus,Capricorn,"23°12'32.50""",0,0.9932,0.9932
2026-01-31 17:00:00,Aspect,Conjunction,Mercury,Capricorn,"24°13'14.22""",Venus,Capricorn,"23°13'19.55""",0,0.9985,0.9985
