datetime,event,type,planet1,planet1_sign,planet1_degree,planet1_nakshatra,planet1_nakshatra_lord,planet1_pada,planet2,planet2_sign,planet2_degree,planet2_nakshatra,planet2_nakshatra_lord,planet2_pada,exact_angle,difference,orb
2025-12-01 00:00:00,Aspect,Trine,Sun,Scorpio,"14°31'26.99""",Anuradha,Saturn,4,Moon,Pisces,"15°04'33.18""",Uttara Bhadrapada,Saturn,4,120,120.5517,0.5517
2025-12-01 00:00:00,Aspect,Trine,Jupiter,Cancer,"0°19'57.82""",Punarvasu,Jupiter,4,Saturn,Pisces,"0°56'35.94""",Purva Bhadrapada,Jupiter,4,120,119.3894,0.6106
2025-12-01 00:15:00,Aspect,Trine,Sun,Scorpio,"14°32'04.98""",Anuradha,Saturn,4,Moon,Pisces,"15°13'25.82""",Uttara Bhadrapada,Saturn,4,120,120.6891,0.6891
2025-12-01 00:15:00,Aspect,Trine,Jupiter,Cancer,"0°19'55.48""",Punarvasu,Jupiter,4,Saturn,Pisces,"0°56'36.11""",Purva Bhadrapada,Jupiter,4,120,119.3887,0.6113
2025-12-01 00:30:00,Aspect,Trine,Sun,Scorpio,"14°32'42.96""",Anuradha,Saturn,4,Moon,Pisces,"15°22'18.64""",Uttara Bhadrapada,Saturn,4,120,120.8266,0.8266
2025-12-01 00:30:00,Aspect,Trine,Jupiter,Cancer,"0°19'53.14""",Punarvasu,Jupiter,4,Saturn,Pisces,"0°56'36.28""",Purva Bhadrapada,Jupiter,4,120,119.388,0.612
2025-12-01 00:45:00,Aspect,Trine,Sun,Scorpio,"14°33'20.95""",Anuradha,Saturn,4,Moon,Pisces,"15°31'11.64""",Uttara Bhadrapada,Saturn,4,120,120.9641,0.9641
2025-12-01 00:45:00,Aspect,Trine,Jupiter,Cancer,"0°19'50.81""",Punarvasu,Jupiter,4,Saturn,Pisces,"0°56'36.45""",Purva Bhadrapada,Jupiter,4,120,119.3873,0.6127
2025-12-01 01:00:00,Aspect,Trine,Jupiter,Cancer,"0°19'48.47""",Punarvasu,Jupiter,4,Saturn,Pisces,"0°56'36.63""",Purva Bhadrapada,Jupiter,4,120,119.3866,0.6134
2025-12-01 01:15:00,Aspect,Trine,Jupiter,Cancer,"0°19'46.13""",Punarvasu,Jupiter,4,Saturn,Pisces,"0°56'36.80""",Purva Bhadrapada,Jupiter,4,120,119.3859,0.6141
2025-12-01 01:30:00,Aspect,Trine,Jupiter,Cancer,"0°19'43.78""",Punarvasu,Jupiter,4,Saturn,Pisces,"0°56'36.98""",Purva Bhadrapada,Jupiter,4,120,119.3852,0.6148
2025-12-01 01:45:00,Aspect,Trine,Jupiter,Cancer,"0°19'41.44""",Punarvasu,Jupiter,4,Saturn,Pisces,"0°56'37.15""",Purva Bhadrapada,Jupiter,4,120,119.3845,0.6155
2025-12-01 02:00:00,Aspect,Trine,Jupiter,Cancer,"0°19'39.10""",Punarvasu,Jupiter,4,Saturn,Pisces,"0°56'37.33""",Purva Bhadrapada,Jupiter,4,120,119.3838,0.6162
2025-12-01 02:15:00,Aspect,Trine,Jupiter,Cancer,"0°19'36.75""",Punarvasu,Jupiter,4,Saturn,Pisces,"0°56'37.50""",Purva Bhadrapada,Jupiter,4,120,119.3831,0.6169
2025-12-01 02:30:00,Aspect,Trine,Jupiter,Cancer,"0°19'34.40""",Punarvasu,Jupiter,4,Saturn,Pisces,"0°56'37.68""",Purva Bhadrapada,Jupiter,4,120,119.3824,0.6176
2025-12-01 02:45:00,Aspect,Trine,Jupiter,Cancer,"0°19'32.06""",Punarvasu,Jupiter,4,Saturn,Pisces,"0°56'37.86""",Purva Bhadrapada,Jupiter,4,120,119.3817,0.6183
2025-12-01 03:00:00,Aspect,Trine,Jupiter,Cancer,"0°19'29.71""",Punarvasu,Jupiter,4,Saturn,Pisces,"0°56'38.04""",Purva Bhadrapada,Jupiter,4,120,119.381,0.619
2025-12-01 03:15:00,Aspect,Trine,Jupiter,Cancer,"0°19'27.36""",Punarvasu,Jupiter,4,Saturn,Pisces,"0°56'38.22""",Purva Bhadrapada,Jupiter,4,120,119.3803,0.6197
2025-12-01 03:30:00,Aspect,Trine,Jupiter,Cancer,"0°19'25.01""",Punarvasu,Jupiter,4,Saturn,Pisces,"0°56'38.40""",Purva Bhadrapada,Jupiter,4,120,119.3796,0.6204
2025-12-01 03:45:00,Aspect,Trine,Jupiter,Cancer,"0°19'22.65""",Punarvasu,Jupiter,4,Saturn,Pisces,"0°56'38.58""",Purva Bhadrapada,Jupiter,4,120,119.3789,0.6211
2025-12-01 04:00:00,Aspect,Trine,Jupiter,Cancer,"0°19'20.30""",Punarvasu,Jupiter,4,Saturn,Pisces,"0°56'38.76""",Purva Bhadrapada,Jupiter,4,120,119.3782,0.6218
2025-12-01 04:15:00,Aspect,Trine,Jupiter,Cancer,"0°19'17.94""",Punarvasu,Jupiter,4,Saturn,Pisces,"0°56'38.94""",Purva Bhadrapada,Jupiter,4,120,119.3775,0.6225
2025-12-01 04:30:00,Aspect,Trine,Jupiter,Cancer,"0°19'15.59""",Punarvasu,Jupiter,4,Saturn,Pisces,"0°56'39.13""",Purva Bhadrapada,Jupiter,4,120,119.3768,0.6232
2025-12-01 04:45:00,Aspect,Trine,Jupiter,Cancer,"0°19'13.23""",Punarvasu,Jupiter,4,Saturn,Pisces,"0°56'39.31""",Purva Bhadrapada,Jupiter,4,120,119.3761,0.6239
2025-12-01 05:00:00,Aspect,Trine,Jupiter,Cancer,"0°19'10.87""",Punarvasu,Jupiter,4,Saturn,Pisces,"0°56'39.49""",Purva Bhadrapada,Jupiter,4,120,119.3754,0.6246
2025-12-01 05:15:00,Aspect,Trine,Jupiter,Cancer,"0°19'08.51""",Punarvasu,Jupiter,4,Saturn,Pisces,"0°56'39.68""",Purva Bhadrapada,Jupiter,4,120,119.3747,0.6253
2025-12-01 05:30:00,Aspect,Trine,Jupiter,Cancer,"0°19'06.15""",Punarvasu,Jupiter,4,Saturn,Pisces,"0°56'39.86""",Purva Bhadrapada,Jupiter,4,120,119.374,0.626
2025-12-01 05:45:00,Aspect,Trine,Jupiter,Cancer,"0°19'03.79""",Punarvasu,Jupiter,4,Saturn,Pisces,"0°56'40.05""",Purva Bhadrapada,Jupiter,4,120,119.3733,0.6267
2025-12-01 06:00:00,Aspect,Trine,Jupiter,Cancer,"0°19'01.42""",Punarvasu,Jupiter,4,Saturn,Pisces,"0°56'40.24""",Purva Bhadrapada,Jupiter,4,120,119.3726,0.6274
2025-12-01 06:15:00,Aspect,Trine,Jupiter,Cancer,"0°18'59.06""",Punarvasu,Jupiter,4,Saturn,Pisces,"0°56'40.43""",Purva Bhadrapada,Jupiter,4,120,119.3718,0.6282
2025-12-01 06:30:00,Aspect,Trine,Jupiter,Cancer,"0°18'56.69""",Punarvasu,Jupiter,4,Saturn,Pisces,"0°56'40.62""",Purva Bhadrapada,Jupiter,4,120,119.3711,0.6289
2025-12-01 06:45:00,Aspect,Trine,Jupiter,Cancer,"0°18'54.33""",Punarvasu,Jupiter,4,Saturn,Pisces,"0°56'40.80""",Purva Bhadrapada,Jupiter,4,120,119.3704,0.6296
2025-12-01 07:00:00,Aspect,Trine,Jupiter,Cancer,"0°18'51.96""",Punarvasu,Jupiter,4,Saturn,Pisces,"0°56'40.99""",Purva Bhadrapada,Jupiter,4,120,119.3697,0.6303
2025-12-01 07:15:00,Aspect,Trine,Jupiter,Cancer,"0°18'49.59""",Punarvasu,Jupiter,4,Saturn,Pisces,"0°56'41.19""",Purva Bhadrapada,Jupiter,4,120,119.369,0.631
2025-12-01 07:30:00,Aspect,Trine,Jupiter,Cancer,"0°18'47.22""",Punarvasu,Jupiter,4,Saturn,Pisces,"0°56'41.38""",Purva Bhadrapada,Jupiter,4,120,119.3683,0.6317
2025-12-01 07:45:00,Aspect,Trine,Jupiter,Cancer,"0°18'44.85""",Punarvasu,Jupiter,4,Saturn,Pisces,"0°56'41.57""",Purva Bhadrapada,Jupiter,4,120,119.3676,0.6324
2025-12-01 08:00:00,Aspect,Trine,Jupiter,Cancer,"0°18'42.47""",Punarvasu,Jupiter,4,Saturn,Pisces,"0°56'41.76""",Purva Bhadrapada,Jupiter,4,120,119.3669,0.6331
2025-12-01 08:15:00,Aspect,Trine,Jupiter,Cancer,"0°18'40.10""",Punarvasu,Jupiter,4,Saturn,Pisces,"0°56'41.96""",Purva Bhadrapada,Jupiter,4,120,119.3662,0.6338
2025-12-01 08:30:00,Aspect,Trine,Jupiter,Cancer,"0°18'37.72""",Punarvasu,Jupiter,4,Saturn,Pisces,"0°56'42.15""",Purva Bhadrapada,Jupiter,4,120,119.3654,0.6346
2025-12-01 08:45:00,Aspect,Trine,Jupiter,Cancer,"0°18'35.35""",Punarvasu,Jupiter,4,Saturn,Pisces,"0°56'42.34""",Purva Bhadrapada,Jupiter,4,120,119.3647,0.6353
2025-12-01 09:00:00,Aspect,Trine,Jupiter,Cancer,"0°18'32.97""",Punarvasu,Jupiter,4,Saturn,Pisces,"0°56'42.54""",Purva Bhadrapada,Jupiter,4,120,119.364,0.636
2025-12-01 09:15:00,Aspect,Trine,Jupiter,Cancer,"0°18'30.59""",Punarvasu,Jupiter,4,Saturn,Pisces,"0°56'42.74""",Purva Bhadrapada,Jupiter,4,120,119.3633,0.6367
2025-12-01 09:30:00,Aspect,Trine,Jupiter,Cancer,"0°18'28.21""",Punarvasu,Jupiter,4,Saturn,Pisces,"0°56'42.93""",Purva Bhadrapada,Jupiter,4,120,119.3626,0.6374
2025-12-01 09:45:00,Aspect,Trine,Jupiter,Cancer,"0°18'25.83""",Punarvasu,Jupiter,4,Saturn,Pisces,"0°56'43.13""",Purva Bhadrapada,Jupiter,4,120,119.3619,0.6381
2025-12-01 10:00:00,Aspect,Trine,Jupiter,Cancer,"0°18'23.45""",Punarvasu,Jupiter,4,Saturn,Pisces,"0°56'43.33""",Purva Bhadrapada,Jupiter,4,120,119.3611,0.6389
2025-12-01 10:15:00,Aspect,Trine,Jupiter,Cancer,"0°18'21.06""",Punarvasu,Jupiter,4,Saturn,Pisces,"0°56'43.53""",Purva Bhadrapada,Jupiter,4,120,119.3604,0.6396
2025-12-01 10:30:00,Aspect,Trine,Jupiter,Cancer,"0°18'18.68""",Punarvasu,Jupiter,4,Saturn,Pisces,"0°56'43.73""",Purva Bhadrapada,Jupiter,4,120,119.3597,0.6403
2025-12-01 10:45:00,Aspect,Trine,Jupiter,Cancer,"0°18'16.29""",Punarvasu,Jupiter,4,Saturn,Pisces,"0°56'43.93""",Purva Bhadrapada,Jupiter,4,120,119.359,0.641
2025-12-01 11:00:00,Aspect,Trine,Jupiter,Cancer,"0°18'13.91""",Punarvasu,Jupiter,4,Saturn,Pisces,"0°56'44.13""",Purva Bhadrapada,Jupiter,4,120,119.3583,0.6417
2025-12-01 11:15:00,Aspect,Trine,Jupiter,Cancer,"0°18'11.52""",Punarvasu,Jupiter,4,Saturn,Pisces,"0°56'44.33""",Purva Bhadrapada,Jupiter,4,120,119.3576,0.6424
2025-12-01 11:30:00,Aspect,Trine,Jupiter,Cancer,"0°18'09.13""",Punarvasu,Jupiter,4,Saturn,Pisces,"0°56'44.54""",Purva Bhadrapada,Jupiter,4,120,119.3568,0.6432
2025-12-01 11:45:00,Aspect,Trine,Jupiter,Cancer,"0°18'06.74""",Punarvasu,Jupiter,4,Saturn,Pisces,"0°56'44.74""",Purva Bhadrapada,Jupiter,4,120,119.3561,0.6439
2025-12-01 12:00:00,Aspect,Trine,Jupiter,Cancer,"0°18'04.34""",Punarvasu,Jupiter,4,Saturn,Pisces,"0°56'44.94""",Purva Bhadrapada,Jupiter,4,120,119.3554,0.6446
2025-12-01 12:15:00,Aspect,Trine,Jupiter,Cancer,"0°18'01.95""",Punarvasu,Jupiter,4,Saturn,Pisces,"0°56'45.15""",Purva Bhadrapada,Jupiter,4,120,119.3547,0.6453
2025-12-01 12:30:00,Aspect,Trine,Jupiter,Cancer,"0°17'59.56""",Punarvasu,Jupiter,4,Saturn,Pisces,"0°56'45.35""",Purva Bhadrapada,Jupiter,4,120,119.3539,0.6461
2025-12-01 12:45:00,Aspect,Trine,Jupiter,Cancer,"0°17'57.16""",Punarvasu,Jupiter,4,Saturn,Pisces,"0°56'45.56""",Purva Bhadrapada,Jupiter,4,120,119.3532,0.6468
2025-12-01 13:00:00,Aspect,Trine,Jupiter,Cancer,"0°17'54.76""",Punarvasu,Jupiter,4,Saturn,Pisces,"0°56'45.77""",Purva Bhadrapada,Jupiter,4,120,119.3525,0.6475
2025-12-01 13:15:00,Aspect,Trine,Jupiter,Cancer,"0°17'52.37""",Punarvasu,Jupiter,4,Saturn,Pisces,"0°56'45.97""",Purva Bhadrapada,Jupiter,4,120,119.3518,0.6482
2025-12-01 13:30:00,Aspect,Trine,Jupiter,Cancer,"0°17'49.97""",Punarvasu,Jupiter,4,Saturn,Pisces,"0°56'46.18""",Purva Bhadrapada,Jupiter,4,120,119.3511,0.6489
2025-12-01 13:45:00,Aspect,Trine,Jupiter,Cancer,"0°17'47.57""",Punarvasu,Jupiter,4,Saturn,Pisces,"0°56'46.39""",Purva Bhadrapada,Jupiter,4,120,119.3503,0.6497
2025-12-01 14:00:00,Aspect,Trine,Jupiter,Cancer,"0°17'45.16""",Punarvasu,Jupiter,4,Saturn,Pisces,"0°56'46.60""",Purva Bhadrapada,Jupiter,4,120,119.3496,0.6504
2025-12-01 14:15:00,Aspect,Trine,Jupiter,Cancer,"0°17'42.76""",Punarvasu,Jupiter,4,Saturn,Pisces,"0°56'46.81""",Purva Bhadrapada,Jupiter,4,120,119.3489,0.6511
2025-12-01 14:30:00,Aspect,Trine,Jupiter,Cancer,"0°17'40.36""",Punarvasu,Jupiter,4,Saturn,Pisces,"0°56'47.02""",Purva Bhadrapada,Jupiter,4,120,119.3481,0.6519
2025-12-01 14:45:00,Aspect,Trine,Jupiter,Cancer,"0°17'37.95""",Punarvasu,Jupiter,4,Saturn,Pisces,"0°56'47.24""",Purva Bhadrapada,Jupiter,4,120,119.3474,0.6526
2025-12-01 15:00:00,Aspect,Trine,Jupiter,Cancer,"0°17'35.55""",Punarvasu,Jupiter,4,Saturn,Pisces,"0°56'47.45""",Purva Bhadrapada,Jupiter,4,120,119.3467,0.6533
2025-12-01 15:15:00,Aspect,Trine,Jupiter,Cancer,"0°17'33.14""",Punarvasu,Jupiter,4,Saturn,Pisces,"0°56'47.66""",Purva Bhadrapada,Jupiter,4,120,119.346,0.654
2025-12-01 15:30:00,Aspect,Trine,Moon,Pisces,"24°20'38.56""",Revati,Mercury,3,Mars,Scorpio,"25°20'14.04""",Jyeshtha,Mercury,3,120,119.0068,0.9932
2025-12-01 15:30:00,Aspect,Trine,Jupiter,Cancer,"0°17'30.73""",Punarvasu,Jupiter,4,Saturn,Pisces,"0°56'47.87""",Purva Bhadrapada,Jupiter,4,120,119.3452,0.6548
2025-12-01 15:45:00,Aspect,Trine,Moon,Pisces,"24°29'42.33""",Revati,Mercury,3,Mars,Scorpio,"25°20'41.86""",Jyeshtha,Mercury,3,120,119.1501,0.8499
2025-12-01 15:45:00,Aspect,Trine,Jupiter,Cancer,"0°17'28.32""",Punarvasu,Jupiter,4,Saturn,Pisces,"0°56'48.09""",Purva Bhadrapada,Jupiter,4,120,119.3445,0.6555
2025-12-01 16:00:00,Aspect,Trine,Moon,Pisces,"24°38'46.26""",Revati,Mercury,3,Mars,Scorpio,"25°21'09.68""",Jyeshtha,Mercury,3,120,119.2935,0.7065
2025-12-01 16:00:00,Aspect,Trine,Jupiter,Cancer,"0°17'25.91""",Punarvasu,Jupiter,4,Saturn,Pisces,"0°56'48.30""",Purva Bhadrapada,Jupiter,4,120,119.3438,0.6562
2025-12-01 16:15:00,Aspect,Trine,Moon,Pisces,"24°47'50.37""",Revati,Mercury,3,Mars,Scorpio,"25°21'37.50""",Jyeshtha,Mercury,3,120,119.4369,0.5631
2025-12-01 16:15:00,Aspect,Trine,Jupiter,Cancer,"0°17'23.50""",Punarvasu,Jupiter,4,Saturn,Pisces,"0°56'48.52""",Purva Bhadrapada,Jupiter,4,120,119.343,0.657
2025-12-01 16:30:00,Aspect,Trine,Moon,Pisces,"24°56'54.66""",Revati,Mercury,3,Mars,Scorpio,"25°22'05.32""",Jyeshtha,Mercury,3,120,119.5804,0.4196
2025-12-01 16:30:00,Aspect,Trine,Jupiter,Cancer,"0°17'21.08""",Punarvasu,Jupiter,4,Saturn,Pisces,"0°56'48.74""",Purva Bhadrapada,Jupiter,4,120,119.3423,0.6577
2025-12-01 16:45:00,Aspect,Trine,Moon,Pisces,"25°05'59.12""",Revati,Mercury,3,Mars,Scorpio,"25°22'33.14""",Jyeshtha,Mercury,3,120,119.7239,0.2761
2025-12-01 16:45:00,Aspect,Trine,Jupiter,Cancer,"0°17'18.67""",Punarvasu,Jupiter,4,Saturn,Pisces,"0°56'48.96""",Purva Bhadrapada,Jupiter,4,120,119.3416,0.6584
2025-12-01 17:00:00,Aspect,Trine,Moon,Pisces,"25°15'03.75""",Revati,Mercury,3,Mars,Scorpio,"25°23'00.96""",Jyeshtha,Mercury,3,120,119.8674,0.1326
2025-12-01 17:00:00,Aspect,Trine,Jupiter,Cancer,"0°17'16.25""",Punarvasu,Jupiter,4,Saturn,Pisces,"0°56'49.17""",Purva Bhadrapada,Jupiter,4,120,119.3409,0.6591
2025-12-01 17:15:00,Aspect,Trine,Moon,Pisces,"25°24'08.56""",Revati,Mercury,3,Mars,Scorpio,"25°23'28.78""",Jyeshtha,Mercury,3,120,120.011,0.011
2025-12-01 17:15:00,Aspect,Trine,Jupiter,Cancer,"0°17'13.84""",Punarvasu,Jupiter,4,Saturn,Pisces,"0°56'49.39""",Purva Bhadrapada,Jupiter,4,120,119.3401,0.6599
2025-12-01 17:30:00,Aspect,Trine,Moon,Pisces,"25°33'13.54""",Revati,Mercury,3,Mars,Scorpio,"25°23'56.61""",Jyeshtha,Mercury,3,120,120.1547,0.1547
2025-12-01 17:30:00,Aspect,Trine,Jupiter,Cancer,"0°17'11.42""",Punarvasu,Jupiter,4,Saturn,Pisces,"0°56'49.61""",Purva Bhadrapada,Jupiter,4,120,119.3394,0.6606
2025-12-01 17:45:00,Aspect,Trine,Moon,Pisces,"25°42'18.70""",Revati,Mercury,3,Mars,Scorpio,"25°24'24.43""",Jyeshtha,Mercury,3,120,120.2984,0.2984
2025-12-01 17:45:00,Aspect,Trine,Jupiter,Cancer,"0°17'09.00""",Punarvasu,Jupiter,4,Saturn,Pisces,"0°56'49.83""",Purva Bhadrapada,Jupiter,4,120,119.3387,0.6613
2025-12-01 18:00:00,Aspect,Trine,Moon,Pisces,"25°51'24.02""",Revati,Mercury,3,Mars,Scorpio,"25°24'52.25""",Jyeshtha,Mercury,3,120,120.4422,0.4422
2025-12-01 18:00:00,Aspect,Trine,Jupiter,Cancer,"0°17'06.58""",Punarvasu,Jupiter,4,Saturn,Pisces,"0°56'50.05""",Purva Bhadrapada,Jupiter,4,120,119.3379,0.6621
2025-12-01 18:15:00,Aspect,Trine,Moon,Pisces,"26°00'29.52""",Revati,Mercury,3,Mars,Scorpio,"25°25'20.07""",Jyeshtha,Mercury,3,120,120.586,0.586
2025-12-01 18:15:00,Aspect,Trine,Jupiter,Cancer,"0°17'04.16""",Punarvasu,Jupiter,4,Saturn,Pisces,"0°56'50.27""",Purva Bhadrapada,Jupiter,4,120,119.3372,0.6628
2025-12-01 18:30:00,Aspect,Trine,Moon,Pisces,"26°09'35.20""",Revati,Mercury,3,Mars,Scorpio,"25°25'47.90""",Jyeshtha,Mercury,3,120,120.7298,0.7298
2025-12-01 18:30:00,Aspect,Trine,Jupiter,Cancer,"0°17'01.73""",Punarvasu,Jupiter,4,Saturn,Pisces,"0°56'50.50""",Purva Bhadrapada,Jupiter,4,120,119.3365,0.6635
2025-12-01 18:45:00,Aspect,Trine,Moon,Pisces,"26°18'41.04""",Revati,Mercury,3,Mars,Scorpio,"25°26'15.72""",Jyeshtha,Mercury,3,120,120.8737,0.8737
2025-12-01 18:45:00,Aspect,Trine,Jupiter,Cancer,"0°16'59.31""",Punarvasu,Jupiter,4,Saturn,Pisces,"0°56'50.72""",Purva Bhadrapada,Jupiter,4,120,119.3357,0.6643
2025-12-01 19:00:00,Aspect,Trine,Jupiter,Cancer,"0°16'56.88""",Punarvasu,Jupiter,4,Saturn,Pisces,"0°56'50.94""",Purva Bhadrapada,Jupiter,4,120,119.335,0.665
2025-12-01 19:15:00,Aspect,Trine,Jupiter,Cancer,"0°16'54.46""",Punarvasu,Jupiter,4,Saturn,Pisces,"0°56'51.17""",Purva Bhadrapada,Jupiter,4,120,119.3342,0.6658
2025-12-01 19:30:00,Aspect,Trine,Jupiter,Cancer,"0°16'52.03""",Punarvasu,Jupiter,4,Saturn,Pisces,"0°56'51.39""",Purva Bhadrapada,Jupiter,4,120,119.3335,0.6665
2025-12-01 19:45:00,Aspect,Trine,Jupiter,Cancer,"0°16'49.60""",Punarvasu,Jupiter,4,Saturn,Pisces,"0°56'51.62""",Purva Bhadrapada,Jupiter,4,120,119.3328,0.6672
2025-12-01 20:00:00,Aspect,Trine,Jupiter,Cancer,"0°16'47.17""",Punarvasu,Jupiter,4,Saturn,Pisces,"0°56'51.85""",Purva Bhadrapada,Jupiter,4,120,119.332,0.668
2025-12-01 20:15:00,Aspect,Trine,Jupiter,Cancer,"0°16'44.74""",Punarvasu,Jupiter,4,Saturn,Pisces,"0°56'52.07""",Purva Bhadrapada,Jupiter,4,120,119.3313,0.6687
2025-12-01 20:30:00,Aspect,Trine,Jupiter,Cancer,"0°16'42.31""",Punarvasu,Jupiter,4,Saturn,Pisces,"0°56'52.30""",Purva Bhadrapada,Jupiter,4,120,119.3306,0.6694
2025-12-01 20:45:00,Aspect,Trine,Jupiter,Cancer,"0°16'39.87""",Punarvasu,Jupiter,4,Saturn,Pisces,"0°56'52.53""",Purva Bhadrapada,Jupiter,4,120,119.3298,0.6702
2025-12-01 21:00:00,Aspect,Trine,Jupiter,Cancer,"0°16'37.44""",Punarvasu,Jupiter,4,Saturn,Pisces,"0°56'52.76""",Purva Bhadrapada,Jupiter,4,120,119.3291,0.6709
2025-12-01 21:15:00,Aspect,Trine,Jupiter,Cancer,"0°16'35.00""",Punarvasu,Jupiter,4,Saturn,Pisces,"0°56'52.99""",Purva Bhadrapada,Jupiter,4,120,119.3283,0.6717
2025-12-01 21:30:00,Aspect,Trine,Jupiter,Cancer,"0°16'32.56""",Punarvasu,Jupiter,4,Saturn,Pisces,"0°56'53.22""",Purva Bhadrapada,Jupiter,4,120,119.3276,0.6724
2025-12-01 21:45:00,Aspect,Trine,Jupiter,Cancer,"0°16'30.13""",Punarvasu,Jupiter,4,Saturn,Pisces,"0°56'53.45""",Purva Bhadrapada,Jupiter,4,120,119.3269,0.6731
2025-12-01 22:00:00,Aspect,Trine,Jupiter,Cancer,"0°16'27.69""",Punarvasu,Jupiter,4,Saturn,Pisces,"0°56'53.68""",Purva Bhadrapada,Jupiter,4,120,119.3261,0.6739
2025-12-01 22:15:00,Aspect,Trine,Jupiter,Cancer,"0°16'25.25""",Punarvasu,Jupiter,4,Saturn,Pisces,"0°56'53.92""",Purva Bhadrapada,Jupiter,4,120,119.3254,0.6746
2025-12-01 22:30:00,Aspect,Trine,Jupiter,Cancer,"0°16'22.80""",Punarvasu,Jupiter,4,Saturn,Pisces,"0°56'54.15""",Purva Bhadrapada,Jupiter,4,120,119.3246,0.6754
2025-12-01 22:45:00,Aspect,Trine,Jupiter,Cancer,"0°16'20.36""",Punarvasu,Jupiter,4,Saturn,Pisces,"0°56'54.38""",Purva Bhadrapada,Jupiter,4,120,119.3239,0.6761
2025-12-01 23:00:00,Aspect,Trine,Jupiter,Cancer,"0°16'17.92""",Punarvasu,Jupiter,4,Saturn,Pisces,"0°56'54.62""",Purva Bhadrapada,Jupiter,4,120,119.3231,0.6769
2025-12-01 23:15:00,Aspect,Trine,Jupiter,Cancer,"0°16'15.47""",Punarvasu,Jupiter,4,Saturn,Pisces,"0°56'54.86""",Purva Bhadrapada,Jupiter,4,120,119.3224,0.6776
2025-12-01 23:30:00,Aspect,Trine,Jupiter,Cancer,"0°16'13.02""",Punarvasu,Jupiter,4,Saturn,Pisces,"0°56'55.09""",Purva Bhadrapada,Jupiter,4,120,119.3216,0.6784
2025-12-01 23:45:00,Aspect,Square,Moon,Pisces,"29°21'13.72""",Revati,Mercury,4,Jupiter,Cancer,"0°16'10.58""",Punarvasu,Jupiter,4,90,90.9158,0.9158
2025-12-01 23:45:00,Aspect,Trine,Jupiter,Cancer,"0°16'10.58""",Punarvasu,Jupiter,4,Saturn,Pisces,"0°56'55.33""",Purva Bhadrapada,Jupiter,4,120,119.3209,0.6791
2025-12-02 00:00:00,Aspect,Square,Moon,Pisces,"29°30'23.13""",Revati,Mercury,4,Jupiter,Cancer,"0°16'08.13""",Punarvasu,Jupiter,4,90,90.7625,0.7625
2025-12-02 00:00:00,Aspect,Trine,Jupiter,Cancer,"0°16'08.13""",Punarvasu,Jupiter,4,Saturn,Pisces,"0°56'55.57""",Purva Bhadrapada,Jupiter,4,120,119.3202,0.6798
2025-12-02 00:15:00,Aspect,Square,Moon,Pisces,"29°39'32.70""",Revati,Mercury,4,Jupiter,Cancer,"0°16'05.68""",Punarvasu,Jupiter,4,90,90.6092,0.6092
2025-12-02 00:15:00,Aspect,Trine,Jupiter,Cancer,"0°16'05.68""",Punarvasu,Jupiter,4,Saturn,Pisces,"0°56'55.80""",Purva Bhadrapada,Jupiter,4,120,119.3194,0.6806
2025-12-02 00:30:00,Aspect,Square,Moon,Pisces,"29°48'42.43""",Revati,Mercury,4,Jupiter,Cancer,"0°16'03.23""",Punarvasu,Jupiter,4,90,90.4558,0.4558
2025-12-02 00:30:00,Aspect,Trine,Jupiter,Cancer,"0°16'03.23""",Punarvasu,Jupiter,4,Saturn,Pisces,"0°56'56.04""",Purva Bhadrapada,Jupiter,4,120,119.3187,0.6813
2025-12-02 00:45:00,Aspect,Square,Moon,Pisces,"29°57'52.34""",Revati,Mercury,4,Jupiter,Cancer,"0°16'00.77""",Punarvasu,Jupiter,4,90,90.3023,0.3023
2025-12-02 00:45:00,Aspect,Trine,Jupiter,Cancer,"0°16'00.77""",Punarvasu,Jupiter,4,Saturn,Pisces,"0°56'56.28""",Purva Bhadrapada,Jupiter,4,120,119.3179,0.6821
2025-12-02 01:00:00,Aspect,Square,Moon,Aries,"0°07'02.40""",Ashwini,Ketu,1,Jupiter,Cancer,"0°15'58.32""",Punarvasu,Jupiter,4,90,90.1489,0.1489
2025-12-02 01:00:00,Aspect,Trine,Jupiter,Cancer,"0°15'58.32""",Punarvasu,Jupiter,4,Saturn,Pisces,"0°56'56.52""",Purva Bhadrapada,Jupiter,4,120,119.3172,0.6828
2025-12-02 01:15:00,Aspect,Square,Moon,Aries,"0°16'12.64""",Ashwini,Ketu,1,Jupiter,Cancer,"0°15'55.86""",Punarvasu,Jupiter,4,90,89.9953,0.0047
2025-12-02 01:15:00,Aspect,Trine,Jupiter,Cancer,"0°15'55.86""",Punarvasu,Jupiter,4,Saturn,Pisces,"0°56'56.77""",Purva Bhadrapada,Jupiter,4,120,119.3164,0.6836
2025-12-02 01:30:00,Aspect,Square,Moon,Aries,"0°25'23.04""",Ashwini,Ketu,1,Jupiter,Cancer,"0°15'53.41""",Punarvasu,Jupiter,4,90,89.8418,0.1582
2025-12-02 01:30:00,Aspect,Trine,Jupiter,Cancer,"0°15'53.41""",Punarvasu,Jupiter,4,Saturn,Pisces,"0°56'57.01""",Purva Bhadrapada,Jupiter,4,120,119.3157,0.6843
2025-12-02 01:45:00,Aspect,Square,Moon,Aries,"0°34'33.60""",Ashwini,Ketu,1,Jupiter,Cancer,"0°15'50.95""",Punarvasu,Jupiter,4,90,89.6882,0.3118
2025-12-02 01:45:00,Aspect,Trine,Jupiter,Cancer,"0°15'50.95""",Punarvasu,Jupiter,4,Saturn,Pisces,"0°56'57.25""",Purva Bhadrapada,Jupiter,4,120,119.3149,0.6851
2025-12-02 02:00:00,Aspect,Square,Moon,Aries,"0°43'44.33""",Ashwini,Ketu,1,Jupiter,Cancer,"0°15'48.49""",Punarvasu,Jupiter,4,90,89.5345,0.4655
2025-12-02 02:00:00,Aspect,Trine,Jupiter,Cancer,"0°15'48.49""",Punarvasu,Jupiter,4,Saturn,Pisces,"0°56'57.49""",Purva Bhadrapada,Jupiter,4,120,119.3142,0.6858
2025-12-02 02:15:00,Aspect,Square,Moon,Aries,"0°52'55.22""",Ashwini,Ketu,1,Jupiter,Cancer,"0°15'46.03""",Punarvasu,Jupiter,4,90,89.3808,0.6192
2025-12-02 02:15:00,Aspect,Trine,Jupiter,Cancer,"0°15'46.03""",Punarvasu,Jupiter,4,Saturn,Pisces,"0°56'57.74""",Purva Bhadrapada,Jupiter,4,120,119.3134,0.6866
2025-12-02 02:30:00,Aspect,Square,Moon,Aries,"1°02'06.28""",Ashwini,Ketu,1,Jupiter,Cancer,"0°15'43.57""",Punarvasu,Jupiter,4,90,89.227,0.773
2025-12-02 02:30:00,Aspect,Trine,Jupiter,Cancer,"0°15'43.57""",Punarvasu,Jupiter,4,Saturn,Pisces,"0°56'57.98""",Purva Bhadrapada,Jupiter,4,120,119.3127,0.6873
2025-12-02 02:45:00,Aspect,Square,Moon,Aries,"1°11'17.49""",Ashwini,Ketu,1,Jupiter,Cancer,"0°15'41.11""",Punarvasu,Jupiter,4,90,89.0732,0.9268
2025-12-02 02:45:00,Aspect,Trine,Jupiter,Cancer,"0°15'41.11""",Punarvasu,Jupiter,4,Saturn,Pisces,"0°56'58.23""",Purva Bhadrapada,Jupiter,4,120,119.3119,0.6881
2025-12-02 03:00:00,Aspect,Trine,Jupiter,Cancer,"0°15'38.65""",Punarvasu,Jupiter,4,Saturn,Pisces,"0°56'58.47""",Purva Bhadrapada,Jupiter,4,120,119.3112,0.6888
2025-12-02 03:15:00,Aspect,Trine,Jupiter,Cancer,"0°15'36.18""",Punarvasu,Jupiter,4,Saturn,Pisces,"0°56'58.72""",Purva Bhadrapada,Jupiter,4,120,119.3104,0.6896
2025-12-02 03:30:00,Aspect,Trine,Jupiter,Cancer,"0°15'33.72""",Punarvasu,Jupiter,4,Saturn,Pisces,"0°56'58.97""",Purva Bhadrapada,Jupiter,4,120,119.3097,0.6903
2025-12-02 03:45:00,Aspect,Trine,Jupiter,Cancer,"0°15'31.25""",Punarvasu,Jupiter,4,Saturn,Pisces,"0°56'59.22""",Purva Bhadrapada,Jupiter,4,120,119.3089,0.6911
2025-12-02 04:00:00,Aspect,Trine,Jupiter,Cancer,"0°15'28.78""",Punarvasu,Jupiter,4,Saturn,Pisces,"0°56'59.47""",Purva Bhadrapada,Jupiter,4,120,119.3081,0.6919
2025-12-02 04:15:00,Aspect,Trine,Jupiter,Cancer,"0°15'26.31""",Punarvasu,Jupiter,4,Saturn,Pisces,"0°56'59.72""",Purva Bhadrapada,Jupiter,4,120,119.3074,0.6926
2025-12-02 04:30:00,Aspect,Trine,Jupiter,Cancer,"0°15'23.84""",Punarvasu,Jupiter,4,Saturn,Pisces,"0°56'59.97""",Purva Bhadrapada,Jupiter,4,120,119.3066,0.6934
2025-12-02 04:45:00,Aspect,Trine,Jupiter,Cancer,"0°15'21.37""",Punarvasu,Jupiter,4,Saturn,Pisces,"0°57'00.22""",Purva Bhadrapada,Jupiter,4,120,119.3059,0.6941
2025-12-02 05:00:00,Aspect,Trine,Jupiter,Cancer,"0°15'18.90""",Punarvasu,Jupiter,4,Saturn,Pisces,"0°57'00.47""",Purva Bhadrapada,Jupiter,4,120,119.3051,0.6949
2025-12-02 05:15:00,Aspect,Trine,Jupiter,Cancer,"0°15'16.42""",Punarvasu,Jupiter,4,Saturn,Pisces,"0°57'00.72""",Purva Bhadrapada,Jupiter,4,120,119.3044,0.6956
2025-12-02 05:30:00,Aspect,Trine,Jupiter,Cancer,"0°15'13.95""",Punarvasu,Jupiter,4,Saturn,Pisces,"0°57'00.97""",Purva Bhadrapada,Jupiter,4,120,119.3036,0.6964
2025-12-02 05:45:00,Aspect,Trine,Jupiter,Cancer,"0°15'11.47""",Punarvasu,Jupiter,4,Saturn,Pisces,"0°57'01.23""",Purva Bhadrapada,Jupiter,4,120,119.3028,0.6972
2025-12-02 06:00:00,Aspect,Trine,Jupiter,Cancer,"0°15'08.99""",Punarvasu,Jupiter,4,Saturn,Pisces,"0°57'01.48""",Purva Bhadrapada,Jupiter,4,120,119.3021,0.6979
2025-12-02 06:15:00,Aspect,Trine,Jupiter,Cancer,"0°15'06.52""",Punarvasu,Jupiter,4,Saturn,Pisces,"0°57'01.74""",Purva Bhadrapada,Jupiter,4,120,119.3013,0.6987
2025-12-02 06:30:00,Aspect,Trine,Jupiter,Cancer,"0°15'04.04""",Punarvasu,Jupiter,4,Saturn,Pisces,"0°57'01.99""",Purva Bhadrapada,Jupiter,4,120,119.3006,0.6994
2025-12-02 06:45:00,Aspect,Trine,Jupiter,Cancer,"0°15'01.55""",Punarvasu,Jupiter,4,Saturn,Pisces,"0°57'02.25""",Purva Bhadrapada,Jupiter,4,120,119.2998,0.7002
2025-12-02 07:00:00,Aspect,Trine,Jupiter,Cancer,"0°14'59.07""",Punarvasu,Jupiter,4,Saturn,Pisces,"0°57'02.51""",Purva Bhadrapada,Jupiter,4,120,119.299,0.701
2025-12-02 07:15:00,Aspect,Trine,Jupiter,Cancer,"0°14'56.59""",Punarvasu,Jupiter,4,Saturn,Pisces,"0°57'02.77""",Purva Bhadrapada,Jupiter,4,120,119.2983,0.7017
2025-12-02 07:30:00,Aspect,Trine,Jupiter,Cancer,"0°14'54.10""",Punarvasu,Jupiter,4,Saturn,Pisces,"0°57'03.03""",Purva Bhadrapada,Jupiter,4,120,119.2975,0.7025
2025-12-02 07:45:00,Aspect,Trine,Jupiter,Cancer,"0°14'51.62""",Punarvasu,Jupiter,4,Saturn,Pisces,"0°57'03.29""",Purva Bhadrapada,Jupiter,4,120,119.2968,0.7032
2025-12-02 08:00:00,Aspect,Trine,Jupiter,Cancer,"0°14'49.13""",Punarvasu,Jupiter,4,Saturn,Pisces,"0°57'03.55""",Purva Bhadrapada,Jupiter,4,120,119.296,0.704
2025-12-02 08:15:00,Aspect,Trine,Jupiter,Cancer,"0°14'46.64""",Punarvasu,Jupiter,4,Saturn,Pisces,"0°57'03.81""",Purva Bhadrapada,Jupiter,4,120,119.2952,0.7048
2025-12-02 08:30:00,Aspect,Trine,Jupiter,Cancer,"0°14'44.15""",Punarvasu,Jupiter,4,Saturn,Pisces,"0°57'04.07""",Purva Bhadrapada,Jupiter,4,120,119.2945,0.7055
2025-12-02 08:45:00,Aspect,Trine,Jupiter,Cancer,"0°14'41.66""",Punarvasu,Jupiter,4,Saturn,Pisces,"0°57'04.33""",Purva Bhadrapada,Jupiter,4,120,119.2937,0.7063
2025-12-02 09:00:00,Aspect,Trine,Jupiter,Cancer,"0°14'39.17""",Punarvasu,Jupiter,4,Saturn,Pisces,"0°57'04.59""",Purva Bhadrapada,Jupiter,4,120,119.2929,0.7071
2025-12-02 09:15:00,Aspect,Trine,Jupiter,Cancer,"0°14'36.68""",Punarvasu,Jupiter,4,Saturn,Pisces,"0°57'04.86""",Purva Bhadrapada,Jupiter,4,120,119.2922,0.7078
2025-12-02 09:30:00,Aspect,Trine,Jupiter,Cancer,"0°14'34.19""",Punarvasu,Jupiter,4,Saturn,Pisces,"0°57'05.12""",Purva Bhadrapada,Jupiter,4,120,119.2914,0.7086
2025-12-02 09:45:00,Aspect,Trine,Jupiter,Cancer,"0°14'31.69""",Punarvasu,Jupiter,4,Saturn,Pisces,"0°57'05.39""",Purva Bhadrapada,Jupiter,4,120,119.2906,0.7094
2025-12-02 10:00:00,Aspect,Trine,Jupiter,Cancer,"0°14'29.19""",Punarvasu,Jupiter,4,Saturn,Pisces,"0°57'05.65""",Purva Bhadrapada,Jupiter,4,120,119.2899,0.7101
2025-12-02 10:15:00,Aspect,Trine,Jupiter,Cancer,"0°14'26.70""",Punarvasu,Jupiter,4,Saturn,Pisces,"0°57'05.92""",Purva Bhadrapada,Jupiter,4,120,119.2891,0.7109
2025-12-02 10:30:00,Aspect,Trine,Jupiter,Cancer,"0°14'24.20""",Punarvasu,Jupiter,4,Saturn,Pisces,"0°57'06.19""",Purva Bhadrapada,Jupiter,4,120,119.2883,0.7117
2025-12-02 10:45:00,Aspect,Trine,Jupiter,Cancer,"0°14'21.70""",Punarvasu,Jupiter,4,Saturn,Pisces,"0°57'06.45""",Purva Bhadrapada,Jupiter,4,120,119.2876,0.7124
2025-12-02 11:00:00,Aspect,Trine,Jupiter,Cancer,"0°14'19.20""",Punarvasu,Jupiter,4,Saturn,Pisces,"0°57'06.72""",Purva Bhadrapada,Jupiter,4,120,119.2868,0.7132
2025-12-02 11:15:00,Aspect,Trine,Jupiter,Cancer,"0°14'16.70""",Punarvasu,Jupiter,4,Saturn,Pisces,"0°57'06.99""",Purva Bhadrapada,Jupiter,4,120,119.286,0.714
2025-12-02 11:30:00,Aspect,Trine,Jupiter,Cancer,"0°14'14.19""",Punarvasu,Jupiter,4,Saturn,Pisces,"0°57'07.26""",Purva Bhadrapada,Jupiter,4,120,119.2853,0.7147
2025-12-02 11:45:00,Aspect,Trine,Jupiter,Cancer,"0°14'11.69""",Punarvasu,Jupiter,4,Saturn,Pisces,"0°57'07.53""",Purva Bhadrapada,Jupiter,4,120,119.2845,0.7155
2025-12-02 12:00:00,Aspect,Trine,Jupiter,Cancer,"0°14'09.18""",Punarvasu,Jupiter,4,Saturn,Pisces,"0°57'07.80""",Purva Bhadrapada,Jupiter,4,120,119.2837,0.7163
2025-12-02 12:15:00,Aspect,Trine,Jupiter,Cancer,"0°14'06.67""",Punarvasu,Jupiter,4,Saturn,Pisces,"0°57'08.08""",Purva Bhadrapada,Jupiter,4,120,119.2829,0.7171
2025-12-02 12:30:00,Aspect,Trine,Jupiter,Cancer,"0°14'04.17""",Punarvasu,Jupiter,4,Saturn,Pisces,"0°57'08.35""",Purva Bhadrapada,Jupiter,4,120,119.2822,0.7178
2025-12-02 12:45:00,Aspect,Trine,Jupiter,Cancer,"0°14'01.66""",Punarvasu,Jupiter,4,Saturn,Pisces,"0°57'08.62""",Purva Bhadrapada,Jupiter,4,120,119.2814,0.7186
2025-12-02 13:00:00,Aspect,Trine,Jupiter,Cancer,"0°13'59.15""",Punarvasu,Jupiter,4,Saturn,Pisces,"0°57'08.90""",Purva Bhadrapada,Jupiter,4,120,119.2806,0.7194
2025-12-02 13:15:00,Aspect,Trine,Jupiter,Cancer,"0°13'56.64""",Punarvasu,Jupiter,4,Saturn,Pisces,"0°57'09.17""",Purva Bhadrapada,Jupiter,4,120,119.2799,0.7201
2025-12-02 13:30:00,Aspect,Trine,Jupiter,Cancer,"0°13'54.12""",Punarvasu,Jupiter,4,Saturn,Pisces,"0°57'09.45""",Purva Bhadrapada,Jupiter,4,120,119.2791,0.7209
2025-12-02 13:45:00,Aspect,Trine,Jupiter,Cancer,"0°13'51.61""",Punarvasu,Jupiter,4,Saturn,Pisces,"0°57'09.72""",Purva Bhadrapada,Jupiter,4,120,119.2783,0.7217
2025-12-02 14:00:00,Aspect,Trine,Jupiter,Cancer,"0°13'49.09""",Punarvasu,Jupiter,4,Saturn,Pisces,"0°57'10.00""",Purva Bhadrapada,Jupiter,4,120,119.2775,0.7225
2025-12-02 14:15:00,Aspect,Trine,Jupiter,Cancer,"0°13'46.58""",Punarvasu,Jupiter,4,Saturn,Pisces,"0°57'10.28""",Purva Bhadrapada,Jupiter,4,120,119.2767,0.7233
2025-12-02 14:30:00,Aspect,Trine,Jupiter,Cancer,"0°13'44.06""",Punarvasu,Jupiter,4,Saturn,Pisces,"0°57'10.56""",Purva Bhadrapada,Jupiter,4,120,119.276,0.724
2025-12-02 14:45:00,Aspect,Trine,Jupiter,Cancer,"0°13'41.54""",Punarvasu,Jupiter,4,Saturn,Pisces,"0°57'10.84""",Purva Bhadrapada,Jupiter,4,120,119.2752,0.7248
2025-12-02 15:00:00,Aspect,Trine,Jupiter,Cancer,"0°13'39.02""",Punarvasu,Jupiter,4,Saturn,Pisces,"0°57'11.12""",Purva Bhadrapada,Jupiter,4,120,119.2744,0.7256
2025-12-02 15:15:00,Aspect,Trine,Jupiter,Cancer,"0°13'36.50""",Punarvasu,Jupiter,4,Saturn,Pisces,"0°57'11.40""",Purva Bhadrapada,Jupiter,4,120,119.2736,0.7264
2025-12-02 15:30:00,Aspect,Trine,Jupiter,Cancer,"0°13'33.98""",Punarvasu,Jupiter,4,Saturn,Pisces,"0°57'11.68""",Purva Bhadrapada,Jupiter,4,120,119.2729,0.7271
2025-12-02 15:45:00,Aspect,Trine,Jupiter,Cancer,"0°13'31.45""",Punarvasu,Jupiter,4,Saturn,Pisces,"0°57'11.96""",Purva Bhadrapada,Jupiter,4,120,119.2721,0.7279
2025-12-02 16:00:00,Aspect,Trine,Jupiter,Cancer,"0°13'28.93""",Punarvasu,Jupiter,4,Saturn,Pisces,"0°57'12.24""",Purva Bhadrapada,Jupiter,4,120,119.2713,0.7287
2025-12-02 16:15:00,Aspect,Trine,Jupiter,Cancer,"0°13'26.40""",Punarvasu,Jupiter,4,Saturn,Pisces,"0°57'12.53""",Purva Bhadrapada,Jupiter,4,120,119.2705,0.7295
2025-12-02 16:30:00,Aspect,Trine,Jupiter,Cancer,"0°13'23.88""",Punarvasu,Jupiter,4,Saturn,Pisces,"0°57'12.81""",Purva Bhadrapada,Jupiter,4,120,119.2697,0.7303
2025-12-02 16:45:00,Aspect,Trine,Jupiter,Cancer,"0°13'21.35""",Punarvasu,Jupiter,4,Saturn,Pisces,"0°57'13.09""",Purva Bhadrapada,Jupiter,4,120,119.269,0.731
2025-12-02 17:00:00,Aspect,Trine,Jupiter,Cancer,"0°13'18.82""",Punarvasu,Jupiter,4,Saturn,Pisces,"0°57'13.38""",Purva Bhadrapada,Jupiter,4,120,119.2682,0.7318
2025-12-02 17:15:00,Aspect,Trine,Jupiter,Cancer,"0°13'16.29""",Punarvasu,Jupiter,4,Saturn,Pisces,"0°57'13.67""",Purva Bhadrapada,Jupiter,4,120,119.2674,0.7326
2025-12-02 17:30:00,Aspect,Trine,Jupiter,Cancer,"0°13'13.76""",Punarvasu,Jupiter,4,Saturn,Pisces,"0°57'13.95""",Purva Bhadrapada,Jupiter,4,120,119.2666,0.7334
2025-12-02 17:45:00,Aspect,Trine,Jupiter,Cancer,"0°13'11.23""",Punarvasu,Jupiter,4,Saturn,Pisces,"0°57'14.24""",Purva Bhadrapada,Jupiter,4,120,119.2658,0.7342
2025-12-02 18:00:00,Aspect,Trine,Jupiter,Cancer,"0°13'08.69""",Punarvasu,Jupiter,4,Saturn,Pisces,"0°57'14.53""",Purva Bhadrapada,Jupiter,4,120,119.265,0.735
2025-12-02 18:15:00,Aspect,Trine,Jupiter,Cancer,"0°13'06.16""",Punarvasu,Jupiter,4,Saturn,Pisces,"0°57'14.82""",Purva Bhadrapada,Jupiter,4,120,119.2643,0.7357
2025-12-02 18:30:00,Aspect,Trine,Jupiter,Cancer,"0°13'03.62""",Punarvasu,Jupiter,4,Saturn,Pisces,"0°57'15.11""",Purva Bhadrapada,Jupiter,4,120,119.2635,0.7365
2025-12-02 18:45:00,Aspect,Trine,Jupiter,Cancer,"0°13'01.08""",Punarvasu,Jupiter,4,Saturn,Pisces,"0°57'15.40""",Purva Bhadrapada,Jupiter,4,120,119.2627,0.7373
2025-12-02 19:00:00,Aspect,Trine,Jupiter,Cancer,"0°12'58.54""",Punarvasu,Jupiter,4,Saturn,Pisces,"0°57'15.69""",Purva Bhadrapada,Jupiter,4,120,119.2619,0.7381
2025-12-02 19:15:00,Aspect,Trine,Jupiter,Cancer,"0°12'56.00""",Punarvasu,Jupiter,4,Saturn,Pisces,"0°57'15.98""",Purva Bhadrapada,Jupiter,4,120,119.2611,0.7389
2025-12-02 19:30:00,Aspect,Trine,Jupiter,Cancer,"0°12'53.46""",Punarvasu,Jupiter,4,Saturn,Pisces,"0°57'16.27""",Purva Bhadrapada,Jupiter,4,120,119.2603,0.7397
2025-12-02 19:45:00,Aspect,Trine,Jupiter,Cancer,"0°12'50.92""",Punarvasu,Jupiter,4,Saturn,Pisces,"0°57'16.57""",Purva Bhadrapada,Jupiter,4,120,119.2595,0.7405
2025-12-02 20:00:00,Aspect,Trine,Jupiter,Cancer,"0°12'48.38""",Punarvasu,Jupiter,4,Saturn,Pisces,"0°57'16.86""",Purva Bhadrapada,Jupiter,4,120,119.2588,0.7412
2025-12-02 20:15:00,Aspect,Trine,Jupiter,Cancer,"0°12'45.83""",Punarvasu,Jupiter,4,Saturn,Pisces,"0°57'17.15""",Purva Bhadrapada,Jupiter,4,120,119.258,0.742
2025-12-02 20:30:00,Aspect,Trine,Jupiter,Cancer,"0°12'43.29""",Punarvasu,Jupiter,4,Saturn,Pisces,"0°57'17.45""",Purva Bhadrapada,Jupiter,4,120,119.2572,0.7428
2025-12-02 20:45:00,Aspect,Trine,Jupiter,Cancer,"0°12'40.74""",Punarvasu,Jupiter,4,Saturn,Pisces,"0°57'17.75""",Purva Bhadrapada,Jupiter,4,120,119.2564,0.7436
2025-12-02 21:00:00,Aspect,Trine,Jupiter,Cancer,"0°12'38.19""",Punarvasu,Jupiter,4,Saturn,Pisces,"0°57'18.04""",Purva Bhadrapada,Jupiter,4,120,119.2556,0.7444
2025-12-02 21:15:00,Aspect,Trine,Jupiter,Cancer,"0°12'35.64""",Punarvasu,Jupiter,4,Saturn,Pisces,"0°57'18.34""",Purva Bhadrapada,Jupiter,4,120,119.2548,0.7452
2025-12-02 21:30:00,Aspect,Trine,Jupiter,Cancer,"0°12'33.09""",Punarvasu,Jupiter,4,Saturn,Pisces,"0°57'18.64""",Purva Bhadrapada,Jupiter,4,120,119.254,0.746
2025-12-02 21:45:00,Aspect,Trine,Jupiter,Cancer,"0°12'30.54""",Punarvasu,Jupiter,4,Saturn,Pisces,"0°57'18.94""",Purva Bhadrapada,Jupiter,4,120,119.2532,0.7468
2025-12-02 22:00:00,Aspect,Trine,Jupiter,Cancer,"0°12'27.99""",Punarvasu,Jupiter,4,Saturn,Pisces,"0°57'19.24""",Purva Bhadrapada,Jupiter,4,120,119.2524,0.7476
2025-12-02 22:15:00,Aspect,Trine,Jupiter,Cancer,"0°12'25.44""",Punarvasu,Jupiter,4,Saturn,Pisces,"0°57'19.54""",Purva Bhadrapada,Jupiter,4,120,119.2516,0.7484
2025-12-02 22:30:00,Aspect,Trine,Jupiter,Cancer,"0°12'22.88""",Punarvasu,Jupiter,4,Saturn,Pisces,"0°57'19.84""",Purva Bhadrapada,Jupiter,4,120,119.2508,0.7492
2025-12-02 22:45:00,Aspect,Trine,Jupiter,Cancer,"0°12'20.32""",Punarvasu,Jupiter,4,Saturn,Pisces,"0°57'20.14""",Purva Bhadrapada,Jupiter,4,120,119.2501,0.7499
2025-12-02 23:00:00,Aspect,Trine,Jupiter,Cancer,"0°12'17.77""",Punarvasu,Jupiter,4,Saturn,Pisces,"0°57'20.44""",Purva Bhadrapada,Jupiter,4,120,119.2493,0.7507
2025-12-02 23:15:00,Aspect,Trine,Jupiter,Cancer,"0°12'15.21""",Punarvasu,Jupiter,4,Saturn,Pisces,"0°57'20.74""",Purva Bhadrapada,Jupiter,4,120,119.2485,0.7515
2025-12-02 23:30:00,Aspect,Trine,Jupiter,Cancer,"0°12'12.65""",Punarvasu,Jupiter,4,Saturn,Pisces,"0°57'21.05""",Purva Bhadrapada,Jupiter,4,120,119.2477,0.7523
2025-12-02 23:45:00,Aspect,Trine,Jupiter,Cancer,"0°12'10.09""",Punarvasu,Jupiter,4,Saturn,Pisces,"0°57'21.35""",Purva Bhadrapada,Jupiter,4,120,119.2469,0.7531
2025-12-03 00:00:00,Aspect,Trine,Jupiter,Cancer,"0°12'07.53""",Punarvasu,Jupiter,4,Saturn,Pisces,"0°57'21.66""",Purva Bhadrapada,Jupiter,4,120,119.2461,0.7539
2025-12-03 00:15:00,Aspect,Trine,Jupiter,Cancer,"0°12'04.96""",Punarvasu,Jupiter,4,Saturn,Pisces,"0°57'21.96""",Purva Bhadrapada,Jupiter,4,120,119.2453,0.7547
2025-12-03 00:30:00,Aspect,Trine,Jupiter,Cancer,"0°12'02.40""",Punarvasu,Jupiter,4,Saturn,Pisces,"0°57'22.27""",Purva Bhadrapada,Jupiter,4,120,119.2445,0.7555
2025-12-03 00:45:00,Aspect,Trine,Jupiter,Cancer,"0°11'59.83""",Punarvasu,Jupiter,4,Saturn,Pisces,"0°57'22.58""",Purva Bhadrapada,Jupiter,4,120,119.2437,0.7563
2025-12-03 01:00:00,Aspect,Trine,Jupiter,Cancer,"0°11'57.27""",Punarvasu,Jupiter,4,Saturn,Pisces,"0°57'22.88""",Purva Bhadrapada,Jupiter,4,120,119.2429,0.7571
2025-12-03 01:15:00,Aspect,Trine,Jupiter,Cancer,"0°11'54.70""",Punarvasu,Jupiter,4,Saturn,Pisces,"0°57'23.19""",Purva Bhadrapada,Jupiter,4,120,119.2421,0.7579
2025-12-03 01:30:00,Aspect,Trine,Jupiter,Cancer,"0°11'52.13""",Punarvasu,Jupiter,4,Saturn,Pisces,"0°57'23.50""",Purva Bhadrapada,Jupiter,4,120,119.2413,0.7587
2025-12-03 01:45:00,Aspect,Trine,Jupiter,Cancer,"0°11'49.56""",Punarvasu,Jupiter,4,Saturn,Pisces,"0°57'23.81""",Purva Bhadrapada,Jupiter,4,120,119.2405,0.7595
2025-12-03 02:00:00,Aspect,Trine,Jupiter,Cancer,"0°11'46.99""",Punarvasu,Jupiter,4,Saturn,Pisces,"0°57'24.12""",Purva Bhadrapada,Jupiter,4,120,119.2397,0.7603
2025-12-03 02:15:00,Aspect,Trine,Jupiter,Cancer,"0°11'44.41""",Punarvasu,Jupiter,4,Saturn,Pisces,"0°57'24.43""",Purva Bhadrapada,Jupiter,4,120,119.2389,0.7611
2025-12-03 02:30:00,Aspect,Trine,Jupiter,Cancer,"0°11'41.84""",Punarvasu,Jupiter,4,Saturn,Pisces,"0°57'24.75""",Purva Bhadrapada,Jupiter,4,120,119.2381,0.7619
2025-12-03 02:45:00,Aspect,Trine,Jupiter,Cancer,"0°11'39.27""",Punarvasu,Jupiter,4,Saturn,Pisces,"0°57'25.06""",Purva Bhadrapada,Jupiter,4,120,119.2373,0.7627
2025-12-03 03:00:00,Aspect,Trine,Jupiter,Cancer,"0°11'36.69""",Punarvasu,Jupiter,4,Saturn,Pisces,"0°57'25.37""",Purva Bhadrapada,Jupiter,4,120,119.2365,0.7635
2025-12-03 03:15:00,Aspect,Trine,Jupiter,Cancer,"0°11'34.11""",Punarvasu,Jupiter,4,Saturn,Pisces,"0°57'25.69""",Purva Bhadrapada,Jupiter,4,120,119.2357,0.7643
2025-12-03 03:30:00,Aspect,Trine,Jupiter,Cancer,"0°11'31.53""",Punarvasu,Jupiter,4,Saturn,Pisces,"0°57'26.00""",Purva Bhadrapada,Jupiter,4,120,119.2349,0.7651
2025-12-03 03:45:00,Aspect,Trine,Jupiter,Cancer,"0°11'28.95""",Punarvasu,Jupiter,4,Saturn,Pisces,"0°57'26.32""",Purva Bhadrapada,Jupiter,4,120,119.2341,0.7659
2025-12-03 04:00:00,Aspect,Trine,Jupiter,Cancer,"0°11'26.37""",Punarvasu,Jupiter,4,Saturn,Pisces,"0°57'26.63""",Purva Bhadrapada,Jupiter,4,120,119.2333,0.7667
2025-12-03 04:15:00,Aspect,Trine,Jupiter,Cancer,"0°11'23.79""",Punarvasu,Jupiter,4,Saturn,Pisces,"0°57'26.95""",Purva Bhadrapada,Jupiter,4,120,119.2325,0.7675
2025-12-03 04:30:00,Aspect,Trine,Jupiter,Cancer,"0°11'21.21""",Punarvasu,Jupiter,4,Saturn,Pisces,"0°57'27.27""",Purva Bhadrapada,Jupiter,4,120,119.2317,0.7683
2025-12-03 04:45:00,Aspect,Trine,Jupiter,Cancer,"0°11'18.62""",Punarvasu,Jupiter,4,Saturn,Pisces,"0°57'27.59""",Purva Bhadrapada,Jupiter,4,120,119.2308,0.7692
2025-12-03 05:00:00,Aspect,Trine,Jupiter,Cancer,"0°11'16.04""",Punarvasu,Jupiter,4,Saturn,Pisces,"0°57'27.90""",Purva Bhadrapada,Jupiter,4,120,119.23,0.77
2025-12-03 05:15:00,Aspect,Trine,Jupiter,Cancer,"0°11'13.45""",Punarvasu,Jupiter,4,Saturn,Pisces,"0°57'28.22""",Purva Bhadrapada,Jupiter,4,120,119.2292,0.7708
2025-12-03 05:30:00,Aspect,Trine,Jupiter,Cancer,"0°11'10.86""",Punarvasu,Jupiter,4,Saturn,Pisces,"0°57'28.54""",Purva Bhadrapada,Jupiter,4,120,119.2284,0.7716
2025-12-03 05:45:00,Aspect,Trine,Jupiter,Cancer,"0°11'08.28""",Punarvasu,Jupiter,4,Saturn,Pisces,"0°57'28.87""",Purva Bhadrapada,Jupiter,4,120,119.2276,0.7724
2025-12-03 06:00:00,Aspect,Trine,Jupiter,Cancer,"0°11'05.69""",Punarvasu,Jupiter,4,Saturn,Pisces,"0°57'29.19""",Purva Bhadrapada,Jupiter,4,120,119.2268,0.7732
2025-12-03 06:15:00,Aspect,Trine,Jupiter,Cancer,"0°11'03.09""",Punarvasu,Jupiter,4,Saturn,Pisces,"0°57'29.51""",Purva Bhadrapada,Jupiter,4,120,119.226,0.774
2025-12-03 06:30:00,Aspect,Trine,Jupiter,Cancer,"0°11'00.50""",Punarvasu,Jupiter,4,Saturn,Pisces,"0°57'29.83""",Purva Bhadrapada,Jupiter,4,120,119.2252,0.7748
2025-12-03 06:45:00,Aspect,Sextitle,Moon,Aries,"18°35'53.81""",Bharani,Venus,2,Rahu,Aquarius,"19°29'10.42""",Shatabhisha,Rahu,4,60,59.1121,0.8879
2025-12-03 06:45:00,Aspect,Trine,Moon,Aries,"18°35'53.81""",Bharani,Venus,2,Ketu,Leo,"19°29'10.42""",Purva Phalguni,Venus,2,120,120.8879,0.8879
2025-12-03 06:45:00,Aspect,Trine,Jupiter,Cancer,"0°10'57.91""",Punarvasu,Jupiter,4,Saturn,Pisces,"0°57'30.16""",Purva Bhadrapada,Jupiter,4,120,119.2244,0.7756
2025-12-03 07:00:00,Aspect,Sextitle,Moon,Aries,"18°45'20.80""",Bharani,Venus,2,Rahu,Aquarius,"19°29'08.43""",Shatabhisha,Rahu,4,60,59.2701,0.7299
2025-12-03 07:00:00,Aspect,Trine,Moon,Aries,"18°45'20.80""",Bharani,Venus,2,Ketu,Leo,"19°29'08.43""",Purva Phalguni,Venus,2,120,120.7299,0.7299
2025-12-03 07:00:00,Aspect,Trine,Jupiter,Cancer,"0°10'55.31""",Punarvasu,Jupiter,4,Saturn,Pisces,"0°57'30.48""",Purva Bhadrapada,Jupiter,4,120,119.2236,0.7764
2025-12-03 07:15:00,Aspect,Sextitle,Moon,Aries,"18°54'47.90""",Bharani,Venus,2,Rahu,Aquarius,"19°29'06.44""",Shatabhisha,Rahu,4,60,59.4282,0.5718
2025-12-03 07:15:00,Aspect,Trine,Moon,Aries,"18°54'47.90""",Bharani,Venus,2,Ketu,Leo,"19°29'06.44""",Purva Phalguni,Venus,2,120,120.5718,0.5718
2025-12-03 07:15:00,Aspect,Trine,Jupiter,Cancer,"0°10'52.72""",Punarvasu,Jupiter,4,Saturn,Pisces,"0°57'30.81""",Purva Bhadrapada,Jupiter,4,120,119.2228,0.7772
2025-12-03 07:30:00,Aspect,Sextitle,Moon,Aries,"19°04'15.11""",Bharani,Venus,2,Rahu,Aquarius,"19°29'04.45""",Shatabhisha,Rahu,4,60,59.5863,0.4137
2025-12-03 07:30:00,Aspect,Trine,Moon,Aries,"19°04'15.11""",Bharani,Venus,2,Ketu,Leo,"19°29'04.45""",Purva Phalguni,Venus,2,120,120.4137,0.4137
2025-12-03 07:30:00,Aspect,Trine,Jupiter,Cancer,"0°10'50.12""",Punarvasu,Jupiter,4,Saturn,Pisces,"0°57'31.13""",Purva Bhadrapada,Jupiter,4,120,119.2219,0.7781
2025-12-03 07:45:00,Aspect,Sextitle,Moon,Aries,"19°13'42.43""",Bharani,Venus,2,Rahu,Aquarius,"19°29'02.47""",Shatabhisha,Rahu,4,60,59.7444,0.2556
2025-12-03 07:45:00,Aspect,Trine,Moon,Aries,"19°13'42.43""",Bharani,Venus,2,Ketu,Leo,"19°29'02.47""",Purva Phalguni,Venus,2,120,120.2556,0.2556
2025-12-03 07:45:00,Aspect,Trine,Jupiter,Cancer,"0°10'47.52""",Punarvasu,Jupiter,4,Saturn,Pisces,"0°57'31.46""",Purva Bhadrapada,Jupiter,4,120,119.2211,0.7789
2025-12-03 08:00:00,Aspect,Sextitle,Moon,Aries,"19°23'09.86""",Bharani,Venus,2,Rahu,Aquarius,"19°29'00.48""",Shatabhisha,Rahu,4,60,59.9026,0.0974
2025-12-03 08:00:00,Aspect,Trine,Moon,Aries,"19°23'09.86""",Bharani,Venus,2,Ketu,Leo,"19°29'00.48""",Purva Phalguni,Venus,2,120,120.0974,0.0974
2025-12-03 08:00:00,Aspect,Trine,Jupiter,Cancer,"0°10'44.92""",Punarvasu,Jupiter,4,Saturn,Pisces,"0°57'31.79""",Purva Bhadrapada,Jupiter,4,120,119.2203,0.7797
2025-12-03 08:15:00,Aspect,Sextitle,Moon,Aries,"19°32'37.39""",Bharani,Venus,2,Rahu,Aquarius,"19°28'58.49""",Shatabhisha,Rahu,4,60,60.0608,0.0608
2025-12-03 08:15:00,Aspect,Trine,Moon,Aries,"19°32'37.39""",Bharani,Venus,2,Ketu,Leo,"19°28'58.49""",Purva Phalguni,Venus,2,120,119.9392,0.0608
2025-12-03 08:15:00,Aspect,Trine,Jupiter,Cancer,"0°10'42.32""",Punarvasu,Jupiter,4,Saturn,Pisces,"0°57'32.12""",Purva Bhadrapada,Jupiter,4,120,119.2195,0.7805
2025-12-03 08:30:00,Aspect,Sextitle,Moon,Aries,"19°42'05.03""",Bharani,Venus,2,Rahu,Aquarius,"19°28'56.50""",Shatabhisha,Rahu,4,60,60.219,0.219
2025-12-03 08:30:00,Aspect,Trine,Moon,Aries,"19°42'05.03""",Bharani,Venus,2,Ketu,Leo,"19°28'56.50""",Purva Phalguni,Venus,2,120,119.781,0.219
2025-12-03 08:30:00,Aspect,Trine,Jupiter,Cancer,"0°10'39.72""",Punarvasu,Jupiter,4,Saturn,Pisces,"0°57'32.44""",Purva Bhadrapada,Jupiter,4,120,119.2187,0.7813
2025-12-03 08:45:00,Aspect,Sextitle,Moon,Aries,"19°51'32.78""",Bharani,Venus,2,Rahu,Aquarius,"19°28'54.52""",Shatabhisha,Rahu,4,60,60.3773,0.3773
2025-12-03 08:45:00,Aspect,Trine,Moon,Aries,"19°51'32.78""",Bharani,Venus,2,Ketu,Leo,"19°28'54.52""",Purva Phalguni,Venus,2,120,119.6227,0.3773
2025-12-03 08:45:00,Aspect,Trine,Jupiter,Cancer,"0°10'37.12""",Punarvasu,Jupiter,4,Saturn,Pisces,"0°57'32.77""",Purva Bhadrapada,Jupiter,4,120,119.2179,0.7821
2025-12-03 09:00:00,Aspect,Sextitle,Moon,Aries,"20°01'00.63""",Bharani,Venus,3,Rahu,Aquarius,"19°28'52.53""",Shatabhisha,Rahu,4,60,60.5356,0.5356
2025-12-03 09:00:00,Aspect,Trine,Moon,Aries,"20°01'00.63""",Bharani,Venus,3,Ketu,Leo,"19°28'52.53""",Purva Phalguni,Venus,2,120,119.4644,0.5356
2025-12-03 09:00:00,Aspect,Trine,Jupiter,Cancer,"0°10'34.51""",Punarvasu,Jupiter,4,Saturn,Pisces,"0°57'33.10""",Purva Bhadrapada,Jupiter,4,120,119.2171,0.7829
2025-12-03 09:15:00,Aspect,Sextitle,Moon,Aries,"20°10'28.59""",Bharani,Venus,3,Rahu,Aquarius,"19°28'50.54""",Shatabhisha,Rahu,4,60,60.6939,0.6939
2025-12-03 09:15:00,Aspect,Trine,Moon,Aries,"20°10'28.59""",Bharani,Venus,3,Ketu,Leo,"19°28'50.54""",Purva Phalguni,Venus,2,120,119.3061,0.6939
2025-12-03 09:15:00,Aspect,Trine,Jupiter,Cancer,"0°10'31.91""",Punarvasu,Jupiter,4,Saturn,Pisces,"0°57'33.44""",Purva Bhadrapada,Jupiter,4,120,119.2162,0.7838
2025-12-03 09:30:00,Aspect,Sextitle,Moon,Aries,"20°19'56.65""",Bharani,Venus,3,Rahu,Aquarius,"19°28'48.56""",Shatabhisha,Rahu,4,60,60.8522,0.8522
2025-12-03 09:30:00,Aspect,Trine,Moon,Aries,"20°19'56.65""",Bharani,Venus,3,Ketu,Leo,"19°28'48.56""",Purva Phalguni,Venus,2,120,119.1478,0.8522
2025-12-03 09:30:00,Aspect,Trine,Jupiter,Cancer,"0°10'29.30""",Punarvasu,Jupiter,4,Saturn,Pisces,"0°57'33.77""",Purva Bhadrapada,Jupiter,4,120,119.2154,0.7846
2025-12-03 09:45:00,Aspect,Trine,Jupiter,Cancer,"0°10'26.69""",Punarvasu,Jupiter,4,Saturn,Pisces,"0°57'34.10""",Purva Bhadrapada,Jupiter,4,120,119.2146,0.7854
2025-12-03 10:00:00,Aspect,Trine,Jupiter,Cancer,"0°10'24.09""",Punarvasu,Jupiter,4,Saturn,Pisces,"0°57'34.43""",Purva Bhadrapada,Jupiter,4,120,119.2138,0.7862
2025-12-03 10:15:00,Aspect,Trine,Jupiter,Cancer,"0°10'21.48""",Punarvasu,Jupiter,4,Saturn,Pisces,"0°57'34.77""",Purva Bhadrapada,Jupiter,4,120,119.213,0.787
2025-12-03 10:30:00,Aspect,Trine,Jupiter,Cancer,"0°10'18.86""",Punarvasu,Jupiter,4,Saturn,Pisces,"0°57'35.10""",Purva Bhadrapada,Jupiter,4,120,119.2122,0.7878
2025-12-03 10:45:00,Aspect,Trine,Jupiter,Cancer,"0°10'16.25""",Punarvasu,Jupiter,4,Saturn,Pisces,"0°57'35.44""",Purva Bhadrapada,Jupiter,4,120,119.2113,0.7887
2025-12-03 11:00:00,Aspect,Trine,Jupiter,Cancer,"0°10'13.64""",Punarvasu,Jupiter,4,Saturn,Pisces,"0°57'35.77""",Purva Bhadrapada,Jupiter,4,120,119.2105,0.7895
2025-12-03 11:15:00,Aspect,Trine,Jupiter,Cancer,"0°10'11.02""",Punarvasu,Jupiter,4,Saturn,Pisces,"0°57'36.11""",Purva Bhadrapada,Jupiter,4,120,119.2097,0.7903
2025-12-03 11:30:00,Aspect,Trine,Jupiter,Cancer,"0°10'08.41""",Punarvasu,Jupiter,4,Saturn,Pisces,"0°57'36.45""",Purva Bhadrapada,Jupiter,4,120,119.2089,0.7911
2025-12-03 11:45:00,Aspect,Trine,Jupiter,Cancer,"0°10'05.79""",Punarvasu,Jupiter,4,Saturn,Pisces,"0°57'36.78""",Purva Bhadrapada,Jupiter,4,120,119.2081,0.7919
2025-12-03 12:00:00,Aspect,Trine,Jupiter,Cancer,"0°10'03.17""",Punarvasu,Jupiter,4,Saturn,Pisces,"0°57'37.12""",Purva Bhadrapada,Jupiter,4,120,119.2072,0.7928
2025-12-03 12:15:00,Aspect,Trine,Jupiter,Cancer,"0°10'00.55""",Punarvasu,Jupiter,4,Saturn,Pisces,"0°57'37.46""",Purva Bhadrapada,Jupiter,4,120,119.2064,0.7936
2025-12-03 12:30:00,Aspect,Trine,Jupiter,Cancer,"0°09'57.93""",Punarvasu,Jupiter,4,Saturn,Pisces,"0°57'37.80""",Purva Bhadrapada,Jupiter,4,120,119.2056,0.7944
2025-12-03 12:45:00,Aspect,Trine,Jupiter,Cancer,"0°09'55.31""",Punarvasu,Jupiter,4,Saturn,Pisces,"0°57'38.14""",Purva Bhadrapada,Jupiter,4,120,119.2048,0.7952
2025-12-03 13:00:00,Aspect,Trine,Jupiter,Cancer,"0°09'52.69""",Punarvasu,Jupiter,4,Saturn,Pisces,"0°57'38.48""",Purva Bhadrapada,Jupiter,4,120,119.2039,0.7961
2025-12-03 13:15:00,Aspect,Trine,Jupiter,Cancer,"0°09'50.07""",Punarvasu,Jupiter,4,Saturn,Pisces,"0°57'38.83""",Purva Bhadrapada,Jupiter,4,120,119.2031,0.7969
2025-12-03 13:30:00,Aspect,Trine,Jupiter,Cancer,"0°09'47.44""",Punarvasu,Jupiter,4,Saturn,Pisces,"0°57'39.17""",Purva Bhadrapada,Jupiter,4,120,119.2023,0.7977
2025-12-03 13:45:00,Aspect,Trine,Jupiter,Cancer,"0°09'44.81""",Punarvasu,Jupiter,4,Saturn,Pisces,"0°57'39.51""",Purva Bhadrapada,Jupiter,4,120,119.2015,0.7985
2025-12-03 14:00:00,Aspect,Trine,Jupiter,Cancer,"0°09'42.19""",Punarvasu,Jupiter,4,Saturn,Pisces,"0°57'39.86""",Purva Bhadrapada,Jupiter,4,120,119.2006,0.7994
2025-12-03 14:15:00,Aspect,Trine,Jupiter,Cancer,"0°09'39.56""",Punarvasu,Jupiter,4,Saturn,Pisces,"0°57'40.20""",Purva Bhadrapada,Jupiter,4,120,119.1998,0.8002
2025-12-03 14:30:00,Aspect,Trine,Jupiter,Cancer,"0°09'36.93""",Punarvasu,Jupiter,4,Saturn,Pisces,"0°57'40.55""",Purva Bhadrapada,Jupiter,4,120,119.199,0.801
2025-12-03 14:45:00,Aspect,Trine,Jupiter,Cancer,"0°09'34.30""",Punarvasu,Jupiter,4,Saturn,Pisces,"0°57'40.89""",Purva Bhadrapada,Jupiter,4,120,119.1982,0.8018
2025-12-03 15:00:00,Aspect,Trine,Jupiter,Cancer,"0°09'31.67""",Punarvasu,Jupiter,4,Saturn,Pisces,"0°57'41.24""",Purva Bhadrapada,Jupiter,4,120,119.1973,0.8027
2025-12-03 15:15:00,Aspect,Trine,Jupiter,Cancer,"0°09'29.03""",Punarvasu,Jupiter,4,Saturn,Pisces,"0°57'41.59""",Purva Bhadrapada,Jupiter,4,120,119.1965,0.8035
2025-12-03 15:30:00,Aspect,Trine,Jupiter,Cancer,"0°09'26.40""",Punarvasu,Jupiter,4,Saturn,Pisces,"0°57'41.94""",Purva Bhadrapada,Jupiter,4,120,119.1957,0.8043
2025-12-03 15:45:00,Aspect,Trine,Jupiter,Cancer,"0°09'23.76""",Punarvasu,Jupiter,4,Saturn,Pisces,"0°57'42.29""",Purva Bhadrapada,Jupiter,4,120,119.1949,0.8051
2025-12-03 16:00:00,Aspect,Trine,Jupiter,Cancer,"0°09'21.13""",Punarvasu,Jupiter,4,Saturn,Pisces,"0°57'42.64""",Purva Bhadrapada,Jupiter,4,120,119.194,0.806
2025-12-03 16:15:00,Aspect,Trine,Jupiter,Cancer,"0°09'18.49""",Punarvasu,Jupiter,4,Saturn,Pisces,"0°57'42.99""",Purva Bhadrapada,Jupiter,4,120,119.1932,0.8068
2025-12-03 16:30:00,Aspect,Trine,Jupiter,Cancer,"0°09'15.85""",Punarvasu,Jupiter,4,Saturn,Pisces,"0°57'43.34""",Purva Bhadrapada,Jupiter,4,120,119.1924,0.8076
2025-12-03 16:45:00,Aspect,Trine,Jupiter,Cancer,"0°09'13.21""",Punarvasu,Jupiter,4,Saturn,Pisces,"0°57'43.69""",Purva Bhadrapada,Jupiter,4,120,119.1915,0.8085
2025-12-03 17:00:00,Aspect,Trine,Jupiter,Cancer,"0°09'10.57""",Punarvasu,Jupiter,4,Saturn,Pisces,"0°57'44.04""",Purva Bhadrapada,Jupiter,4,120,119.1907,0.8093
2025-12-03 17:15:00,Aspect,Trine,Jupiter,Cancer,"0°09'07.93""",Punarvasu,Jupiter,4,Saturn,Pisces,"0°57'44.40""",Purva Bhadrapada,Jupiter,4,120,119.1899,0.8101
2025-12-03 17:30:00,Aspect,Trine,Jupiter,Cancer,"0°09'05.28""",Punarvasu,Jupiter,4,Saturn,Pisces,"0°57'44.75""",Purva Bhadrapada,Jupiter,4,120,119.189,0.811
2025-12-03 17:45:00,Aspect,Trine,Jupiter,Cancer,"0°09'02.64""",Punarvasu,Jupiter,4,Saturn,Pisces,"0°57'45.10""",Purva Bhadrapada,Jupiter,4,120,119.1882,0.8118
2025-12-03 18:00:00,Aspect,Trine,Jupiter,Cancer,"0°08'59.99""",Punarvasu,Jupiter,4,Saturn,Pisces,"0°57'45.46""",Purva Bhadrapada,Jupiter,4,120,119.1874,0.8126
2025-12-03 18:15:00,Aspect,Trine,Jupiter,Cancer,"0°08'57.34""",Punarvasu,Jupiter,4,Saturn,Pisces,"0°57'45.82""",Purva Bhadrapada,Jupiter,4,120,119.1865,0.8135
2025-12-03 18:30:00,Aspect,Trine,Jupiter,Cancer,"0°08'54.70""",Punarvasu,Jupiter,4,Saturn,Pisces,"0°57'46.17""",Purva Bhadrapada,Jupiter,4,120,119.1857,0.8143
2025-12-03 18:45:00,Aspect,Trine,Jupiter,Cancer,"0°08'52.05""",Punarvasu,Jupiter,4,Saturn,Pisces,"0°57'46.53""",Purva Bhadrapada,Jupiter,4,120,119.1849,0.8151
2025-12-03 19:00:00,Aspect,Trine,Jupiter,Cancer,"0°08'49.40""",Punarvasu,Jupiter,4,Saturn,Pisces,"0°57'46.89""",Purva Bhadrapada,Jupiter,4,120,119.184,0.816
2025-12-03 19:15:00,Aspect,Trine,Jupiter,Cancer,"0°08'46.74""",Punarvasu,Jupiter,4,Saturn,Pisces,"0°57'47.25""",Purva Bhadrapada,Jupiter,4,120,119.1832,0.8168
2025-12-03 19:30:00,Aspect,Opposition,Moon,Aries,"26°39'57.13""",Bharani,Venus,4,Mercury,Libra,"27°38'57.69""",Vishakha,Jupiter,3,180,179.0165,0.9835
2025-12-03 19:30:00,Aspect,Trine,Jupiter,Cancer,"0°08'44.09""",Punarvasu,Jupiter,4,Saturn,Pisces,"0°57'47.61""",Purva Bhadrapada,Jupiter,4,120,119.1824,0.8176
2025-12-03 19:45:00,Aspect,Opposition,Moon,Aries,"26°49'28.90""",Krittika,Sun,1,Mercury,Libra,"27°39'19.48""",Vishakha,Jupiter,3,180,179.1693,0.8307
2025-12-03 19:45:00,Aspect,Trine,Jupiter,Cancer,"0°08'41.44""",Punarvasu,Jupiter,4,Saturn,Pisces,"0°57'47.97""",Purva Bhadrapada,Jupiter,4,120,119.1815,0.8185
2025-12-03 20:00:00,Aspect,Opposition,Moon,Aries,"26°59'00.74""",Krittika,Sun,1,Mercury,Libra,"27°39'41.32""",Vishakha,Jupiter,3,180,179.3221,0.6779
2025-12-03 20:00:00,Aspect,Trine,Jupiter,Cancer,"0°08'38.78""",Punarvasu,Jupiter,4,Saturn,Pisces,"0°57'48.33""",Purva Bhadrapada,Jupiter,4,120,119.1807,0.8193
2025-12-03 20:15:00,Aspect,Opposition,Moon,Aries,"27°08'32.66""",Krittika,Sun,1,Mercury,Libra,"27°40'03.21""",Vishakha,Jupiter,3,180,179.4748,0.5252
2025-12-03 20:15:00,Aspect,Trine,Jupiter,Cancer,"0°08'36.13""",Punarvasu,Jupiter,4,Saturn,Pisces,"0°57'48.69""",Purva Bhadrapada,Jupiter,4,120,119.1798,0.8202
2025-12-03 20:30:00,Aspect,Opposition,Moon,Aries,"27°18'04.65""",Krittika,Sun,1,Mercury,Libra,"27°40'25.15""",Vishakha,Jupiter,3,180,179.6276,0.3724
2025-12-03 20:30:00,Aspect,Trine,Jupiter,Cancer,"0°08'33.47""",Punarvasu,Jupiter,4,Saturn,Pisces,"0°57'49.05""",Purva Bhadrapada,Jupiter,4,120,119.179,0.821
2025-12-03 20:45:00,Aspect,Opposition,Moon,Aries,"27°27'36.72""",Krittika,Sun,1,Mercury,Libra,"27°40'47.14""",Vishakha,Jupiter,3,180,179.7804,0.2196
2025-12-03 20:45:00,Aspect,Trine,Jupiter,Cancer,"0°08'30.81""",Punarvasu,Jupiter,4,Saturn,Pisces,"0°57'49.42""",Purva Bhadrapada,Jupiter,4,120,119.1782,0.8218
2025-12-03 21:00:00,Aspect,Opposition,Moon,Aries,"27°37'08.86""",Krittika,Sun,1,Mercury,Libra,"27°41'09.18""",Vishakha,Jupiter,3,180,179.9332,0.0668
2025-12-03 21:00:00,Aspect,Trine,Jupiter,Cancer,"0°08'28.15""",Punarvasu,Jupiter,4,Saturn,Pisces,"0°57'49.78""",Purva Bhadrapada,Jupiter,4,120,119.1773,0.8227
2025-12-03 21:15:00,Aspect,Opposition,Moon,Aries,"27°46'41.07""",Krittika,Sun,1,Mercury,Libra,"27°41'31.27""",Vishakha,Jupiter,3,180,179.9139,0.0861
2025-12-03 21:15:00,Aspect,Trine,Jupiter,Cancer,"0°08'25.49""",Punarvasu,Jupiter,4,Saturn,Pisces,"0°57'50.14""",Purva Bhadrapada,Jupiter,4,120,119.1765,0.8235
2025-12-03 21:30:00,Aspect,Opposition,Moon,Aries,"27°56'13.35""",Krittika,Sun,1,Mercury,Libra,"27°41'53.40""",Vishakha,Jupiter,3,180,179.7611,0.2389
2025-12-03 21:30:00,Aspect,Trine,Jupiter,Cancer,"0°08'22.83""",Punarvasu,Jupiter,4,Saturn,Pisces,"0°57'50.51""",Purva Bhadrapada,Jupiter,4,120,119.1756,0.8244
2025-12-03 21:45:00,Aspect,Opposition,Moon,Aries,"28°05'45.70""",Krittika,Sun,1,Mercury,Libra,"27°42'15.59""",Vishakha,Jupiter,3,180,179.6083,0.3917
2025-12-03 21:45:00,Aspect,Trine,Jupiter,Cancer,"0°08'20.16""",Punarvasu,Jupiter,4,Saturn,Pisces,"0°57'50.87""",Purva Bhadrapada,Jupiter,4,120,119.1748,0.8252
2025-12-03 22:00:00,Aspect,Opposition,Moon,Aries,"28°15'18.12""",Krittika,Sun,1,Mercury,Libra,"27°42'37.82""",Vishakha,Jupiter,3,180,179.4555,0.5445
2025-12-03 22:00:00,Aspect,Trine,Jupiter,Cancer,"0°08'17.50""",Punarvasu,Jupiter,4,Saturn,Pisces,"0°57'51.24""",Purva Bhadrapada,Jupiter,4,120,119.174,0.826
2025-12-03 22:15:00,Aspect,Opposition,Moon,Aries,"28°24'50.62""",Krittika,Sun,1,Mercury,Libra,"27°43'00.10""",Vishakha,Jupiter,3,180,179.3026,0.6974
2025-12-03 22:15:00,Aspect,Trine,Jupiter,Cancer,"0°08'14.83""",Punarvasu,Jupiter,4,Saturn,Pisces,"0°57'51.61""",Purva Bhadrapada,Jupiter,4,120,119.1731,0.8269
2025-12-03 22:30:00,Aspect,Opposition,Moon,Aries,"28°34'23.18""",Krittika,Sun,1,Mercury,Libra,"27°43'22.43""",Vishakha,Jupiter,3,180,179.1498,0.8502
2025-12-03 22:30:00,Aspect,Trine,Jupiter,Cancer,"0°08'12.17""",Punarvasu,Jupiter,4,Saturn,Pisces,"0°57'51.98""",Purva Bhadrapada,Jupiter,4,120,119.1723,0.8277
2025-12-03 22:45:00,Aspect,Trine,Jupiter,Cancer,"0°08'09.50""",Punarvasu,Jupiter,4,Saturn,Pisces,"0°57'52.35""",Purva Bhadrapada,Jupiter,4,120,119.1714,0.8286
2025-12-03 23:00:00,Aspect,Trine,Jupiter,Cancer,"0°08'06.83""",Punarvasu,Jupiter,4,Saturn,Pisces,"0°57'52.71""",Purva Bhadrapada,Jupiter,4,120,119.1706,0.8294
2025-12-03 23:15:00,Aspect,Trine,Jupiter,Cancer,"0°08'04.16""",Punarvasu,Jupiter,4,Saturn,Pisces,"0°57'53.08""",Purva Bhadrapada,Jupiter,4,120,119.1697,0.8303
2025-12-03 23:30:00,Aspect,Sextitle,Moon,Aries,"29°12'34.09""",Krittika,Sun,1,Jupiter,Cancer,"0°08'01.49""",Punarvasu,Jupiter,4,60,60.9243,0.9243
2025-12-03 23:30:00,Aspect,Trine,Jupiter,Cancer,"0°08'01.49""",Punarvasu,Jupiter,4,Saturn,Pisces,"0°57'53.46""",Purva Bhadrapada,Jupiter,4,120,119.1689,0.8311
2025-12-03 23:45:00,Aspect,Sextitle,Moon,Aries,"29°22'06.99""",Krittika,Sun,1,Jupiter,Cancer,"0°07'58.82""",Punarvasu,Jupiter,4,60,60.7644,0.7644
2025-12-03 23:45:00,Aspect,Trine,Jupiter,Cancer,"0°07'58.82""",Punarvasu,Jupiter,4,Saturn,Pisces,"0°57'53.83""",Purva Bhadrapada,Jupiter,4,120,119.1681,0.8319
2025-12-04 00:00:00,Aspect,Sextitle,Moon,Aries,"29°31'39.94""",Krittika,Sun,1,Jupiter,Cancer,"0°07'56.14""",Punarvasu,Jupiter,4,60,60.6045,0.6045
2025-12-04 00:00:00,Aspect,Trine,Jupiter,Cancer,"0°07'56.14""",Punarvasu,Jupiter,4,Saturn,Pisces,"0°57'54.20""",Purva Bhadrapada,Jupiter,4,120,119.1672,0.8328
2025-12-04 00:15:00,Aspect,Sextitle,Moon,Aries,"29°41'12.96""",Krittika,Sun,1,Jupiter,Cancer,"0°07'53.47""",Punarvasu,Jupiter,4,60,60.4446,0.4446
2025-12-04 00:15:00,Aspect,Trine,Jupiter,Cancer,"0°07'53.47""",Punarvasu,Jupiter,4,Saturn,Pisces,"0°57'54.57""",Purva Bhadrapada,Jupiter,4,120,119.1664,0.8336
2025-12-04 00:30:00,Aspect,Sextitle,Moon,Aries,"29°50'46.04""",Krittika,Sun,1,Jupiter,Cancer,"0°07'50.79""",Punarvasu,Jupiter,4,60,60.2847,0.2847
2025-12-04 00:30:00,Aspect,Trine,Jupiter,Cancer,"0°07'50.79""",Punarvasu,Jupiter,4,Saturn,Pisces,"0°57'54.95""",Purva Bhadrapada,Jupiter,4,120,119.1655,0.8345
2025-12-04 00:45:00,Aspect,Sextitle,Moon,Taurus,"0°00'19.19""",Krittika,Sun,2,Jupiter,Cancer,"0°07'48.11""",Punarvasu,Jupiter,4,60,60.1247,0.1247
2025-12-04 00:45:00,Aspect,Sextitle,Moon,Taurus,"0°00'19.19""",Krittika,Sun,2,Saturn,Pisces,"0°57'55.32""",Purva Bhadrapada,Jupiter,4,60,59.04,0.96
2025-12-04 00:45:00,Aspect,Trine,Jupiter,Cancer,"0°07'48.11""",Punarvasu,Jupiter,4,Saturn,Pisces,"0°57'55.32""",Purva Bhadrapada,Jupiter,4,120,119.1647,0.8353
2025-12-04 01:00:00,Aspect,Sextitle,Moon,Taurus,"0°09'52.39""",Krittika,Sun,2,Jupiter,Cancer,"0°07'45.44""",Punarvasu,Jupiter,4,60,59.9647,0.0353
2025-12-04 01:00:00,Aspect,Sextitle,Moon,Taurus,"0°09'52.39""",Krittika,Sun,2,Saturn,Pisces,"0°57'55.69""",Purva Bhadrapada,Jupiter,4,60,59.1991,0.8009
2025-12-04 01:00:00,Aspect,Trine,Jupiter,Cancer,"0°07'45.44""",Punarvasu,Jupiter,4,Saturn,Pisces,"0°57'55.69""",Purva Bhadrapada,Jupiter,4,120,119.1638,0.8362
2025-12-04 01:15:00,Aspect,Sextitle,Moon,Taurus,"0°19'25.66""",Krittika,Sun,2,Jupiter,Cancer,"0°07'42.76""",Punarvasu,Jupiter,4,60,59.8047,0.1953
2025-12-04 01:15:00,Aspect,Sextitle,Moon,Taurus,"0°19'25.66""",Krittika,Sun,2,Saturn,Pisces,"0°57'56.07""",Purva Bhadrapada,Jupiter,4,60,59.3582,0.6418
2025-12-04 01:15:00,Aspect,Trine,Jupiter,Cancer,"0°07'42.76""",Punarvasu,Jupiter,4,Saturn,Pisces,"0°57'56.07""",Purva Bhadrapada,Jupiter,4,120,119.163,0.837
2025-12-04 01:30:00,Aspect,Sextitle,Moon,Taurus,"0°28'58.99""",Krittika,Sun,2,Jupiter,Cancer,"0°07'40.08""",Punarvasu,Jupiter,4,60,59.6447,0.3553
2025-12-04 01:30:00,Aspect,Sextitle,Moon,Taurus,"0°28'58.99""",Krittika,Sun,2,Saturn,Pisces,"0°57'56.45""",Purva Bhadrapada,Jupiter,4,60,59.5174,0.4826
2025-12-04 01:30:00,Aspect,Trine,Jupiter,Cancer,"0°07'40.08""",Punarvasu,Jupiter,4,Saturn,Pisces,"0°57'56.45""",Purva Bhadrapada,Jupiter,4,120,119.1621,0.8379
2025-12-04 01:45:00,Aspect,Sextitle,Moon,Taurus,"0°38'32.37""",Krittika,Sun,2,Jupiter,Cancer,"0°07'37.39""",Punarvasu,Jupiter,4,60,59.4847,0.5153
2025-12-04 01:45:00,Aspect,Sextitle,Moon,Taurus,"0°38'32.37""",Krittika,Sun,2,Saturn,Pisces,"0°57'56.82""",Purva Bhadrapada,Jupiter,4,60,59.6765,0.3235
2025-12-04 01:45:00,Aspect,Trine,Jupiter,Cancer,"0°07'37.39""",Punarvasu,Jupiter,4,Saturn,Pisces,"0°57'56.82""",Purva Bhadrapada,Jupiter,4,120,119.1613,0.8387
2025-12-04 02:00:00,Aspect,Sextitle,Moon,Taurus,"0°48'05.81""",Krittika,Sun,2,Jupiter,Cancer,"0°07'34.71""",Punarvasu,Jupiter,4,60,59.3247,0.6753
2025-12-04 02:00:00,Aspect,Sextitle,Moon,Taurus,"0°48'05.81""",Krittika,Sun,2,Saturn,Pisces,"0°57'57.20""",Purva Bhadrapada,Jupiter,4,60,59.8357,0.1643
2025-12-04 02:00:00,Aspect,Trine,Jupiter,Cancer,"0°07'34.71""",Punarvasu,Jupiter,4,Saturn,Pisces,"0°57'57.20""",Purva Bhadrapada,Jupiter,4,120,119.1604,0.8396
2025-12-04 02:15:00,Aspect,Sextitle,Moon,Taurus,"0°57'39.31""",Krittika,Sun,2,Jupiter,Cancer,"0°07'32.03""",Punarvasu,Jupiter,4,60,59.1646,0.8354
2025-12-04 02:15:00,Aspect,Sextitle,Moon,Taurus,"0°57'39.31""",Krittika,Sun,2,Saturn,Pisces,"0°57'57.58""",Purva Bhadrapada,Jupiter,4,60,59.9949,0.0051
2025-12-04 02:15:00,Aspect,Trine,Jupiter,Cancer,"0°07'32.03""",Punarvasu,Jupiter,4,Saturn,Pisces,"0°57'57.58""",Purva Bhadrapada,Jupiter,4,120,119.1596,0.8404
2025-12-04 02:30:00,Aspect,Sextitle,Moon,Taurus,"1°07'12.87""",Krittika,Sun,2,Jupiter,Cancer,"0°07'29.34""",Punarvasu,Jupiter,4,60,59.0046,0.9954
2025-12-04 02:30:00,Aspect,Sextitle,Moon,Taurus,"1°07'12.87""",Krittika,Sun,2,Saturn,Pisces,"0°57'57.96""",Purva Bhadrapada,Jupiter,4,60,60.1541,0.1541
2025-12-04 02:30:00,Aspect,Trine,Jupiter,Cancer,"0°07'29.34""",Punarvasu,Jupiter,4,Saturn,Pisces,"0°57'57.96""",Purva Bhadrapada,Jupiter,4,120,119.1587,0.8413
2025-12-04 02:45:00,Aspect,Sextitle,Moon,Taurus,"1°16'46.48""",Krittika,Sun,2,Saturn,Pisces,"0°57'58.34""",Purva Bhadrapada,Jupiter,4,60,60.3134,0.3134
2025-12-04 02:45:00,Aspect,Trine,Jupiter,Cancer,"0°07'26.66""",Punarvasu,Jupiter,4,Saturn,Pisces,"0°57'58.34""",Purva Bhadrapada,Jupiter,4,120,119.1579,0.8421
2025-12-04 03:00:00,Aspect,Sextitle,Moon,Taurus,"1°26'20.15""",Krittika,Sun,2,Saturn,Pisces,"0°57'58.72""",Purva Bhadrapada,Jupiter,4,60,60.4726,0.4726
2025-12-04 03:00:00,Aspect,Trine,Jupiter,Cancer,"0°07'23.97""",Punarvasu,Jupiter,4,Saturn,Pisces,"0°57'58.72""",Purva Bhadrapada,Jupiter,4,120,119.157,0.843
2025-12-04 03:15:00,Aspect,Sextitle,Moon,Taurus,"1°35'53.87""",Krittika,Sun,2,Saturn,Pisces,"0°57'59.10""",Purva Bhadrapada,Jupiter,4,60,60.6319,0.6319
2025-12-04 03:15:00,Aspect,Trine,Jupiter,Cancer,"0°07'21.28""",Punarvasu,Jupiter,4,Saturn,Pisces,"0°57'59.10""",Purva Bhadrapada,Jupiter,4,120,119.1562,0.8438
2025-12-04 03:30:00,Aspect,Sextitle,Moon,Taurus,"1°45'27.64""",Krittika,Sun,2,Saturn,Pisces,"0°57'59.48""",Purva Bhadrapada,Jupiter,4,60,60.7912,0.7912
2025-12-04 03:30:00,Aspect,Trine,Jupiter,Cancer,"0°07'18.59""",Punarvasu,Jupiter,4,Saturn,Pisces,"0°57'59.48""",Purva Bhadrapada,Jupiter,4,120,119.1553,0.8447
2025-12-04 03:45:00,Aspect,Sextitle,Moon,Taurus,"1°55'01.47""",Krittika,Sun,2,Saturn,Pisces,"0°57'59.87""",Purva Bhadrapada,Jupiter,4,60,60.9504,0.9504
2025-12-04 03:45:00,Aspect,Trine,Jupiter,Cancer,"0°07'15.90""",Punarvasu,Jupiter,4,Saturn,Pisces,"0°57'59.87""",Purva Bhadrapada,Jupiter,4,120,119.1545,0.8455
2025-12-04 04:00:00,Aspect,Trine,Jupiter,Cancer,"0°07'13.21""",Punarvasu,Jupiter,4,Saturn,Pisces,"0°58'00.25""",Purva Bhadrapada,Jupiter,4,120,119.1536,0.8464
2025-12-04 04:15:00,Aspect,Trine,Jupiter,Cancer,"0°07'10.51""",Punarvasu,Jupiter,4,Saturn,Pisces,"0°58'00.63""",Purva Bhadrapada,Jupiter,4,120,119.1527,0.8473
2025-12-04 04:30:00,Aspect,Trine,Jupiter,Cancer,"0°07'07.82""",Punarvasu,Jupiter,4,Saturn,Pisces,"0°58'01.02""",Purva Bhadrapada,Jupiter,4,120,119.1519,0.8481
2025-12-04 04:45:00,Aspect,Trine,Jupiter,Cancer,"0°07'05.12""",Punarvasu,Jupiter,4,Saturn,Pisces,"0°58'01.40""",Purva Bhadrapada,Jupiter,4,120,119.151,0.849
2025-12-04 05:00:00,Aspect,Trine,Jupiter,Cancer,"0°07'02.43""",Punarvasu,Jupiter,4,Saturn,Pisces,"0°58'01.79""",Purva Bhadrapada,Jupiter,4,120,119.1502,0.8498
2025-12-04 05:15:00,Aspect,Trine,Jupiter,Cancer,"0°06'59.73""",Punarvasu,Jupiter,4,Saturn,Pisces,"0°58'02.18""",Purva Bhadrapada,Jupiter,4,120,119.1493,0.8507
2025-12-04 05:30:00,Aspect,Trine,Jupiter,Cancer,"0°06'57.03""",Punarvasu,Jupiter,4,Saturn,Pisces,"0°58'02.56""",Purva Bhadrapada,Jupiter,4,120,119.1485,0.8515
2025-12-04 05:45:00,Aspect,Trine,Jupiter,Cancer,"0°06'54.33""",Punarvasu,Jupiter,4,Saturn,Pisces,"0°58'02.95""",Purva Bhadrapada,Jupiter,4,120,119.1476,0.8524
2025-12-04 06:00:00,Aspect,Trine,Jupiter,Cancer,"0°06'51.63""",Punarvasu,Jupiter,4,Saturn,Pisces,"0°58'03.34""",Purva Bhadrapada,Jupiter,4,120,119.1467,0.8533
2025-12-04 06:15:00,Aspect,Trine,Jupiter,Cancer,"0°06'48.93""",Punarvasu,Jupiter,4,Saturn,Pisces,"0°58'03.73""",Purva Bhadrapada,Jupiter,4,120,119.1459,0.8541
2025-12-04 06:30:00,Aspect,Trine,Jupiter,Cancer,"0°06'46.22""",Punarvasu,Jupiter,4,Saturn,Pisces,"0°58'04.12""",Purva Bhadrapada,Jupiter,4,120,119.145,0.855
2025-12-04 06:45:00,Aspect,Trine,Jupiter,Cancer,"0°06'43.52""",Punarvasu,Jupiter,4,Saturn,Pisces,"0°58'04.51""",Purva Bhadrapada,Jupiter,4,120,119.1442,0.8558
2025-12-04 07:00:00,Aspect,Trine,Jupiter,Cancer,"0°06'40.81""",Punarvasu,Jupiter,4,Saturn,Pisces,"0°58'04.90""",Purva Bhadrapada,Jupiter,4,120,119.1433,0.8567
2025-12-04 07:15:00,Aspect,Trine,Jupiter,Cancer,"0°06'38.10""",Punarvasu,Jupiter,4,Saturn,Pisces,"0°58'05.30""",Purva Bhadrapada,Jupiter,4,120,119.1424,0.8576
2025-12-04 07:30:00,Aspect,Trine,Jupiter,Cancer,"0°06'35.40""",Punarvasu,Jupiter,4,Saturn,Pisces,"0°58'05.69""",Purva Bhadrapada,Jupiter,4,120,119.1416,0.8584
2025-12-04 07:45:00,Aspect,Trine,Jupiter,Cancer,"0°06'32.69""",Punarvasu,Jupiter,4,Saturn,Pisces,"0°58'06.08""",Purva Bhadrapada,Jupiter,4,120,119.1407,0.8593
2025-12-04 08:00:00,Aspect,Trine,Jupiter,Cancer,"0°06'29.98""",Punarvasu,Jupiter,4,Saturn,Pisces,"0°58'06.48""",Purva Bhadrapada,Jupiter,4,120,119.1399,0.8601
2025-12-04 08:15:00,Aspect,Trine,Jupiter,Cancer,"0°06'27.26""",Punarvasu,Jupiter,4,Saturn,Pisces,"0°58'06.87""",Purva Bhadrapada,Jupiter,4,120,119.139,0.861
2025-12-04 08:30:00,Aspect,Trine,Jupiter,Cancer,"0°06'24.55""",Punarvasu,Jupiter,4,Saturn,Pisces,"0°58'07.27""",Purva Bhadrapada,Jupiter,4,120,119.1381,0.8619
2025-12-04 08:45:00,Aspect,Trine,Jupiter,Cancer,"0°06'21.84""",Punarvasu,Jupiter,4,Saturn,Pisces,"0°58'07.67""",Purva Bhadrapada,Jupiter,4,120,119.1373,0.8627
2025-12-04 09:00:00,Aspect,Trine,Jupiter,Cancer,"0°06'19.12""",Punarvasu,Jupiter,4,Saturn,Pisces,"0°58'08.06""",Purva Bhadrapada,Jupiter,4,120,119.1364,0.8636
2025-12-04 09:15:00,Aspect,Trine,Jupiter,Cancer,"0°06'16.41""",Punarvasu,Jupiter,4,Saturn,Pisces,"0°58'08.46""",Purva Bhadrapada,Jupiter,4,120,119.1355,0.8645
2025-12-04 09:30:00,Aspect,Trine,Jupiter,Cancer,"0°06'13.69""",Punarvasu,Jupiter,4,Saturn,Pisces,"0°58'08.86""",Purva Bhadrapada,Jupiter,4,120,119.1347,0.8653
2025-12-04 09:45:00,Aspect,Trine,Jupiter,Cancer,"0°06'10.97""",Punarvasu,Jupiter,4,Saturn,Pisces,"0°58'09.26""",Purva Bhadrapada,Jupiter,4,120,119.1338,0.8662
2025-12-04 10:00:00,Aspect,Trine,Jupiter,Cancer,"0°06'08.25""",Punarvasu,Jupiter,4,Saturn,Pisces,"0°58'09.66""",Purva Bhadrapada,Jupiter,4,120,119.1329,0.8671
2025-12-04 10:15:00,Aspect,Trine,Jupiter,Cancer,"0°06'05.53""",Punarvasu,Jupiter,4,Saturn,Pisces,"0°58'10.06""",Purva Bhadrapada,Jupiter,4,120,119.1321,0.8679
2025-12-04 10:30:00,Aspect,Trine,Jupiter,Cancer,"0°06'02.81""",Punarvasu,Jupiter,4,Saturn,Pisces,"0°58'10.46""",Purva Bhadrapada,Jupiter,4,120,119.1312,0.8688
2025-12-04 10:45:00,Aspect,Trine,Jupiter,Cancer,"0°06'00.08""",Punarvasu,Jupiter,4,Saturn,Pisces,"0°58'10.86""",Purva Bhadrapada,Jupiter,4,120,119.1303,0.8697
2025-12-04 11:00:00,Aspect,Trine,Jupiter,Cancer,"0°05'57.36""",Punarvasu,Jupiter,4,Saturn,Pisces,"0°58'11.27""",Purva Bhadrapada,Jupiter,4,120,119.1295,0.8705
2025-12-04 11:15:00,Aspect,Trine,Jupiter,Cancer,"0°05'54.63""",Punarvasu,Jupiter,4,Saturn,Pisces,"0°58'11.67""",Purva Bhadrapada,Jupiter,4,120,119.1286,0.8714
2025-12-04 11:30:00,Aspect,Trine,Jupiter,Cancer,"0°05'51.91""",Punarvasu,Jupiter,4,Saturn,Pisces,"0°58'12.08""",Purva Bhadrapada,Jupiter,4,120,119.1277,0.8723
2025-12-04 11:45:00,Aspect,Trine,Jupiter,Cancer,"0°05'49.18""",Punarvasu,Jupiter,4,Saturn,Pisces,"0°58'12.48""",Purva Bhadrapada,Jupiter,4,120,119.1269,0.8731
2025-12-04 12:00:00,Aspect,Trine,Jupiter,Cancer,"0°05'46.45""",Punarvasu,Jupiter,4,Saturn,Pisces,"0°58'12.89""",Purva Bhadrapada,Jupiter,4,120,119.126,0.874
2025-12-04 12:15:00,Aspect,Trine,Jupiter,Cancer,"0°05'43.72""",Punarvasu,Jupiter,4,Saturn,Pisces,"0°58'13.29""",Purva Bhadrapada,Jupiter,4,120,119.1251,0.8749
2025-12-04 12:30:00,Aspect,Trine,Jupiter,Cancer,"0°05'40.99""",Punarvasu,Jupiter,4,Saturn,Pisces,"0°58'13.70""",Purva Bhadrapada,Jupiter,4,120,119.1242,0.8758
2025-12-04 12:45:00,Aspect,Trine,Jupiter,Cancer,"0°05'38.26""",Punarvasu,Jupiter,4,Saturn,Pisces,"0°58'14.11""",Purva Bhadrapada,Jupiter,4,120,119.1234,0.8766
2025-12-04 13:00:00,Aspect,Trine,Jupiter,Cancer,"0°05'35.52""",Punarvasu,Jupiter,4,Saturn,Pisces,"0°58'14.52""",Purva Bhadrapada,Jupiter,4,120,119.1225,0.8775
2025-12-04 13:15:00,Aspect,Trine,Jupiter,Cancer,"0°05'32.79""",Punarvasu,Jupiter,4,Saturn,Pisces,"0°58'14.93""",Purva Bhadrapada,Jupiter,4,120,119.1216,0.8784
2025-12-04 13:30:00,Aspect,Trine,Jupiter,Cancer,"0°05'30.05""",Punarvasu,Jupiter,4,Saturn,Pisces,"0°58'15.34""",Purva Bhadrapada,Jupiter,4,120,119.1208,0.8792
2025-12-04 13:45:00,Aspect,Trine,Jupiter,Cancer,"0°05'27.32""",Punarvasu,Jupiter,4,Saturn,Pisces,"0°58'15.75""",Purva Bhadrapada,Jupiter,4,120,119.1199,0.8801
2025-12-04 14:00:00,Aspect,Trine,Jupiter,Cancer,"0°05'24.58""",Punarvasu,Jupiter,4,Saturn,Pisces,"0°58'16.16""",Purva Bhadrapada,Jupiter,4,120,119.119,0.881
2025-12-04 14:15:00,Aspect,Trine,Jupiter,Cancer,"0°05'21.84""",Punarvasu,Jupiter,4,Saturn,Pisces,"0°58'16.57""",Purva Bhadrapada,Jupiter,4,120,119.1181,0.8819
2025-12-04 14:30:00,Aspect,Trine,Jupiter,Cancer,"0°05'19.10""",Punarvasu,Jupiter,4,Saturn,Pisces,"0°58'16.98""",Purva Bhadrapada,Jupiter,4,120,119.1173,0.8827
2025-12-04 14:45:00,Aspect,Trine,Jupiter,Cancer,"0°05'16.36""",Punarvasu,Jupiter,4,Saturn,Pisces,"0°58'17.40""",Purva Bhadrapada,Jupiter,4,120,119.1164,0.8836
2025-12-04 15:00:00,Aspect,Trine,Jupiter,Cancer,"0°05'13.61""",Punarvasu,Jupiter,4,Saturn,Pisces,"0°58'17.81""",Purva Bhadrapada,Jupiter,4,120,119.1155,0.8845
2025-12-04 15:15:00,Aspect,Opposition,Moon,Taurus,"9°15'41.07""",Krittika,Sun,4,Venus,Scorpio,"10°10'54.57""",Anuradha,Saturn,3,180,179.0796,0.9204
2025-12-04 15:15:00,Aspect,Trine,Jupiter,Cancer,"0°05'10.87""",Punarvasu,Jupiter,4,Saturn,Pisces,"0°58'18.22""",Purva Bhadrapada,Jupiter,4,120,119.1146,0.8854
2025-12-04 15:30:00,Aspect,Opposition,Moon,Taurus,"9°25'16.49""",Krittika,Sun,4,Venus,Scorpio,"10°11'41.72""",Anuradha,Saturn,3,180,179.2263,0.7737
2025-12-04 15:30:00,Aspect,Trine,Jupiter,Cancer,"0°05'08.12""",Punarvasu,Jupiter,4,Saturn,Pisces,"0°58'18.64""",Purva Bhadrapada,Jupiter,4,120,119.1137,0.8863
2025-12-04 15:45:00,Aspect,Opposition,Moon,Taurus,"9°34'51.92""",Krittika,Sun,4,Venus,Scorpio,"10°12'28.88""",Anuradha,Saturn,3,180,179.3731,0.6269
2025-12-04 15:45:00,Aspect,Trine,Jupiter,Cancer,"0°05'05.38""",Punarvasu,Jupiter,4,Saturn,Pisces,"0°58'19.06""",Purva Bhadrapada,Jupiter,4,120,119.1129,0.8871
2025-12-04 16:00:00,Aspect,Opposition,Moon,Taurus,"9°44'27.37""",Krittika,Sun,4,Venus,Scorpio,"10°13'16.04""",Anuradha,Saturn,3,180,179.5198,0.4802
2025-12-04 16:00:00,Aspect,Trine,Jupiter,Cancer,"0°05'02.63""",Punarvasu,Jupiter,4,Saturn,Pisces,"0°58'19.47""",Purva Bhadrapada,Jupiter,4,120,119.112,0.888
2025-12-04 16:15:00,Aspect,Opposition,Moon,Taurus,"9°54'02.84""",Krittika,Sun,4,Venus,Scorpio,"10°14'03.19""",Anuradha,Saturn,3,180,179.6666,0.3334
2025-12-04 16:15:00,Aspect,Trine,Jupiter,Cancer,"0°04'59.88""",Punarvasu,Jupiter,4,Saturn,Pisces,"0°58'19.89""",Purva Bhadrapada,Jupiter,4,120,119.1111,0.8889
2025-12-04 16:30:00,Aspect,Opposition,Moon,Taurus,"10°03'38.31""",Rohini,Moon,1,Venus,Scorpio,"10°14'50.35""",Anuradha,Saturn,3,180,179.8133,0.1867
2025-12-04 16:30:00,Aspect,Trine,Jupiter,Cancer,"0°04'57.13""",Punarvasu,Jupiter,4,Saturn,Pisces,"0°58'20.31""",Purva Bhadrapada,Jupiter,4,120,119.1102,0.8898
2025-12-04 16:45:00,Aspect,Opposition,Moon,Taurus,"10°13'13.80""",Rohini,Moon,1,Venus,Scorpio,"10°15'37.51""",Anuradha,Saturn,3,180,179.9601,0.0399
2025-12-04 16:45:00,Aspect,Trine,Jupiter,Cancer,"0°04'54.38""",Punarvasu,Jupiter,4,Saturn,Pisces,"0°58'20.73""",Purva Bhadrapada,Jupiter,4,120,119.1093,0.8907
2025-12-04 17:00:00,Aspect,Opposition,Moon,Taurus,"10°22'49.30""",Rohini,Moon,1,Venus,Scorpio,"10°16'24.66""",Anuradha,Saturn,3,180,179.8932,0.1068
2025-12-04 17:00:00,Aspect,Trine,Jupiter,Cancer,"0°04'51.63""",Punarvasu,Jupiter,4,Saturn,Pisces,"0°58'21.15""",Purva Bhadrapada,Jupiter,4,120,119.1085,0.8915
2025-12-04 17:15:00,Aspect,Opposition,Moon,Taurus,"10°32'24.81""",Rohini,Moon,1,Venus,Scorpio,"10°17'11.82""",Anuradha,Saturn,3,180,179.7464,0.2536
2025-12-04 17:15:00,Aspect,Trine,Jupiter,Cancer,"0°04'48.88""",Punarvasu,Jupiter,4,Saturn,Pisces,"0°58'21.57""",Purva Bhadrapada,Jupiter,4,120,119.1076,0.8924
2025-12-04 17:30:00,Aspect,Opposition,Moon,Taurus,"10°42'00.32""",Rohini,Moon,1,Venus,Scorpio,"10°17'58.98""",Anuradha,Saturn,3,180,179.5996,0.4004
2025-12-04 17:30:00,Aspect,Trine,Jupiter,Cancer,"0°04'46.12""",Punarvasu,Jupiter,4,Saturn,Pisces,"0°58'21.99""",Purva Bhadrapada,Jupiter,4,120,119.1067,0.8933
2025-12-04 17:45:00,Aspect,Opposition,Moon,Taurus,"10°51'35.85""",Rohini,Moon,1,Venus,Scorpio,"10°18'46.13""",Anuradha,Saturn,3,180,179.4529,0.5471
2025-12-04 17:45:00,Aspect,Trine,Jupiter,Cancer,"0°04'43.37""",Punarvasu,Jupiter,4,Saturn,Pisces,"0°58'22.41""",Purva Bhadrapada,Jupiter,4,120,119.1058,0.8942
2025-12-04 18:00:00,Aspect,Opposition,Moon,Taurus,"11°01'11.38""",Rohini,Moon,1,Venus,Scorpio,"10°19'33.29""",Anuradha,Saturn,3,180,179.3061,0.6939
2025-12-04 18:00:00,Aspect,Trine,Jupiter,Cancer,"0°04'40.61""",Punarvasu,Jupiter,4,Saturn,Pisces,"0°58'22.83""",Purva Bhadrapada,Jupiter,4,120,119.1049,0.8951
2025-12-04 18:15:00,Aspect,Opposition,Moon,Taurus,"11°10'46.92""",Rohini,Moon,1,Venus,Scorpio,"10°20'20.45""",Anuradha,Saturn,3,180,179.1593,0.8407
2025-12-04 18:15:00,Aspect,Trine,Jupiter,Cancer,"0°04'37.85""",Punarvasu,Jupiter,4,Saturn,Pisces,"0°58'23.26""",Purva Bhadrapada,Jupiter,4,120,119.1041,0.8959
2025-12-04 18:30:00,Aspect,Opposition,Moon,Taurus,"11°20'22.46""",Rohini,Moon,1,Venus,Scorpio,"10°21'07.60""",Anuradha,Saturn,3,180,179.0125,0.9875
2025-12-04 18:30:00,Aspect,Trine,Jupiter,Cancer,"0°04'35.09""",Punarvasu,Jupiter,4,Saturn,Pisces,"0°58'23.68""",Purva Bhadrapada,Jupiter,4,120,119.1032,0.8968
2025-12-04 18:45:00,Aspect,Trine,Jupiter,Cancer,"0°04'32.33""",Punarvasu,Jupiter,4,Saturn,Pisces,"0°58'24.10""",Purva Bhadrapada,Jupiter,4,120,119.1023,0.8977
2025-12-04 19:00:00,Aspect,Trine,Jupiter,Cancer,"0°04'29.57""",Punarvasu,Jupiter,4,Saturn,Pisces,"0°58'24.53""",Purva Bhadrapada,Jupiter,4,120,119.1014,0.8986
2025-12-04 19:15:00,Aspect,Trine,Jupiter,Cancer,"0°04'26.81""",Punarvasu,Jupiter,4,Saturn,Pisces,"0°58'24.96""",Purva Bhadrapada,Jupiter,4,120,119.1005,0.8995
2025-12-04 19:30:00,Aspect,Trine,Jupiter,Cancer,"0°04'24.05""",Punarvasu,Jupiter,4,Saturn,Pisces,"0°58'25.38""",Purva Bhadrapada,Jupiter,4,120,119.0996,0.9004
2025-12-04 19:45:00,Aspect,Trine,Jupiter,Cancer,"0°04'21.28""",Punarvasu,Jupiter,4,Saturn,Pisces,"0°58'25.81""",Purva Bhadrapada,Jupiter,4,120,119.0987,0.9013
2025-12-04 20:00:00,Aspect,Square,Sun,Scorpio,"18°24'33.54""",Jyeshtha,Mercury,1,Rahu,Aquarius,"19°24'14.32""",Shatabhisha,Rahu,4,90,90.9947,0.9947
2025-12-04 20:00:00,Aspect,Square,Sun,Scorpio,"18°24'33.54""",Jyeshtha,Mercury,1,Ketu,Leo,"19°24'14.32""",Purva Phalguni,Venus,2,90,89.0053,0.9947
2025-12-04 20:00:00,Aspect,Trine,Jupiter,Cancer,"0°04'18.52""",Punarvasu,Jupiter,4,Saturn,Pisces,"0°58'26.24""",Purva Bhadrapada,Jupiter,4,120,119.0979,0.9021
2025-12-04 20:15:00,Aspect,Square,Sun,Scorpio,"18°25'11.56""",Jyeshtha,Mercury,1,Rahu,Aquarius,"19°24'12.34""",Shatabhisha,Rahu,4,90,90.9835,0.9835
2025-12-04 20:15:00,Aspect,Square,Sun,Scorpio,"18°25'11.56""",Jyeshtha,Mercury,1,Ketu,Leo,"19°24'12.34""",Purva Phalguni,Venus,2,90,89.0165,0.9835
2025-12-04 20:15:00,Aspect,Trine,Jupiter,Cancer,"0°04'15.75""",Punarvasu,Jupiter,4,Saturn,Pisces,"0°58'26.67""",Purva Bhadrapada,Jupiter,4,120,119.097,0.903
2025-12-04 20:30:00,Aspect,Square,Sun,Scorpio,"18°25'49.59""",Jyeshtha,Mercury,1,Rahu,Aquarius,"19°24'10.35""",Shatabhisha,Rahu,4,90,90.9724,0.9724
2025-12-04 20:30:00,Aspect,Square,Sun,Scorpio,"18°25'49.59""",Jyeshtha,Mercury,1,Ketu,Leo,"19°24'10.35""",Purva Phalguni,Venus,2,90,89.0276,0.9724
2025-12-04 20:30:00,Aspect,Trine,Jupiter,Cancer,"0°04'12.98""",Punarvasu,Jupiter,4,Saturn,Pisces,"0°58'27.10""",Purva Bhadrapada,Jupiter,4,120,119.0961,0.9039
2025-12-04 20:45:00,Aspect,Square,Sun,Scorpio,"18°26'27.62""",Jyeshtha,Mercury,1,Rahu,Aquarius,"19°24'08.36""",Shatabhisha,Rahu,4,90,90.9613,0.9613
2025-12-04 20:45:00,Aspect,Square,Sun,Scorpio,"18°26'27.62""",Jyeshtha,Mercury,1,Ketu,Leo,"19°24'08.36""",Purva Phalguni,Venus,2,90,89.0387,0.9613
2025-12-04 20:45:00,Aspect,Trine,Jupiter,Cancer,"0°04'10.21""",Punarvasu,Jupiter,4,Saturn,Pisces,"0°58'27.53""",Purva Bhadrapada,Jupiter,4,120,119.0952,0.9048
2025-12-04 21:00:00,Aspect,Square,Sun,Scorpio,"18°27'05.64""",Jyeshtha,Mercury,1,Rahu,Aquarius,"19°24'06.37""",Shatabhisha,Rahu,4,90,90.9502,0.9502
2025-12-04 21:00:00,Aspect,Square,Sun,Scorpio,"18°27'05.64""",Jyeshtha,Mercury,1,Ketu,Leo,"19°24'06.37""",Purva Phalguni,Venus,2,90,89.0498,0.9502
2025-12-04 21:00:00,Aspect,Trine,Jupiter,Cancer,"0°04'07.44""",Punarvasu,Jupiter,4,Saturn,Pisces,"0°58'27.96""",Purva Bhadrapada,Jupiter,4,120,119.0943,0.9057
2025-12-04 21:15:00,Aspect,Square,Sun,Scorpio,"18°27'43.67""",Jyeshtha,Mercury,1,Rahu,Aquarius,"19°24'04.39""",Shatabhisha,Rahu,4,90,90.9391,0.9391
2025-12-04 21:15:00,Aspect,Square,Sun,Scorpio,"18°27'43.67""",Jyeshtha,Mercury,1,Ketu,Leo,"19°24'04.39""",Purva Phalguni,Venus,2,90,89.0609,0.9391
2025-12-04 21:15:00,Aspect,Trine,Jupiter,Cancer,"0°04'04.67""",Punarvasu,Jupiter,4,Saturn,Pisces,"0°58'28.39""",Purva Bhadrapada,Jupiter,4,120,119.0934,0.9066
2025-12-04 21:30:00,Aspect,Square,Sun,Scorpio,"18°28'21.70""",Jyeshtha,Mercury,1,Rahu,Aquarius,"19°24'02.40""",Shatabhisha,Rahu,4,90,90.928,0.928
2025-12-04 21:30:00,Aspect,Square,Sun,Scorpio,"18°28'21.70""",Jyeshtha,Mercury,1,Ketu,Leo,"19°24'02.40""",Purva Phalguni,Venus,2,90,89.072,0.928
2025-12-04 21:30:00,Aspect,Trine,Jupiter,Cancer,"0°04'01.90""",Punarvasu,Jupiter,4,Saturn,Pisces,"0°58'28.82""",Purva Bhadrapada,Jupiter,4,120,119.0925,0.9075
2025-12-04 21:45:00,Aspect,Square,Sun,Scorpio,"18°28'59.73""",Jyeshtha,Mercury,1,Rahu,Aquarius,"19°24'00.41""",Shatabhisha,Rahu,4,90,90.9169,0.9169
2025-12-04 21:45:00,Aspect,Square,Sun,Scorpio,"18°28'59.73""",Jyeshtha,Mercury,1,Ketu,Leo,"19°24'00.41""",Purva Phalguni,Venus,2,90,89.0831,0.9169
2025-12-04 21:45:00,Aspect,Trine,Jupiter,Cancer,"0°03'59.13""",Punarvasu,Jupiter,4,Saturn,Pisces,"0°58'29.25""",Purva Bhadrapada,Jupiter,4,120,119.0916,0.9084
2025-12-04 22:00:00,Aspect,Square,Sun,Scorpio,"18°29'37.75""",Jyeshtha,Mercury,1,Rahu,Aquarius,"19°23'58.42""",Shatabhisha,Rahu,4,90,90.9057,0.9057
2025-12-04 22:00:00,Aspect,Square,Sun,Scorpio,"18°29'37.75""",Jyeshtha,Mercury,1,Ketu,Leo,"19°23'58.42""",Purva Phalguni,Venus,2,90,89.0943,0.9057
2025-12-04 22:00:00,Aspect,Trine,Jupiter,Cancer,"0°03'56.35""",Punarvasu,Jupiter,4,Saturn,Pisces,"0°58'29.69""",Purva Bhadrapada,Jupiter,4,120,119.0907,0.9093
2025-12-04 22:15:00,Aspect,Square,Sun,Scorpio,"18°30'15.78""",Jyeshtha,Mercury,1,Rahu,Aquarius,"19°23'56.44""",Shatabhisha,Rahu,4,90,90.8946,0.8946
2025-12-04 22:15:00,Aspect,Square,Sun,Scorpio,"18°30'15.78""",Jyeshtha,Mercury,1,Ketu,Leo,"19°23'56.44""",Purva Phalguni,Venus,2,90,89.1054,0.8946
2025-12-04 22:15:00,Aspect,Trine,Jupiter,Cancer,"0°03'53.58""",Punarvasu,Jupiter,4,Saturn,Pisces,"0°58'30.12""",Purva Bhadrapada,Jupiter,4,120,119.0898,0.9102
2025-12-04 22:30:00,Aspect,Square,Sun,Scorpio,"18°30'53.81""",Jyeshtha,Mercury,1,Rahu,Aquarius,"19°23'54.45""",Shatabhisha,Rahu,4,90,90.8835,0.8835
2025-12-04 22:30:00,Aspect,Square,Sun,Scorpio,"18°30'53.81""",Jyeshtha,Mercury,1,Ketu,Leo,"19°23'54.45""",Purva Phalguni,Venus,2,90,89.1165,0.8835
2025-12-04 22:30:00,Aspect,Trine,Jupiter,Cancer,"0°03'50.80""",Punarvasu,Jupiter,4,Saturn,Pisces,"0°58'30.56""",Purva Bhadrapada,Jupiter,4,120,119.089,0.911
2025-12-04 22:45:00,Aspect,Square,Sun,Scorpio,"18°31'31.84""",Jyeshtha,Mercury,1,Rahu,Aquarius,"19°23'52.46""",Shatabhisha,Rahu,4,90,90.8724,0.8724
2025-12-04 22:45:00,Aspect,Square,Sun,Scorpio,"18°31'31.84""",Jyeshtha,Mercury,1,Ketu,Leo,"19°23'52.46""",Purva Phalguni,Venus,2,90,89.1276,0.8724
2025-12-04 22:45:00,Aspect,Trine,Jupiter,Cancer,"0°03'48.02""",Punarvasu,Jupiter,4,Saturn,Pisces,"0°58'30.99""",Purva Bhadrapada,Jupiter,4,120,119.0881,0.9119
2025-12-04 23:00:00,Aspect,Square,Sun,Scorpio,"18°32'09.87""",Jyeshtha,Mercury,1,Rahu,Aquarius,"19°23'50.48""",Shatabhisha,Rahu,4,90,90.8613,0.8613
2025-12-04 23:00:00,Aspect,Square,Sun,Scorpio,"18°32'09.87""",Jyeshtha,Mercury,1,Ketu,Leo,"19°23'50.48""",Purva Phalguni,Venus,2,90,89.1387,0.8613
2025-12-04 23:00:00,Aspect,Trine,Jupiter,Cancer,"0°03'45.24""",Punarvasu,Jupiter,4,Saturn,Pisces,"0°58'31.43""",Purva Bhadrapada,Jupiter,4,120,119.0872,0.9128
2025-12-04 23:15:00,Aspect,Square,Sun,Scorpio,"18°32'47.89""",Jyeshtha,Mercury,1,Rahu,Aquarius,"19°23'48.49""",Shatabhisha,Rahu,4,90,90.8502,0.8502
2025-12-04 23:15:00,Aspect,Square,Sun,Scorpio,"18°32'47.89""",Jyeshtha,Mercury,1,Ketu,Leo,"19°23'48.49""",Purva Phalguni,Venus,2,90,89.1498,0.8502
2025-12-04 23:15:00,Aspect,Trine,Jupiter,Cancer,"0°03'42.46""",Punarvasu,Jupiter,4,Saturn,Pisces,"0°58'31.87""",Purva Bhadrapada,Jupiter,4,120,119.0863,0.9137
2025-12-04 23:30:00,Aspect,Square,Sun,Scorpio,"18°33'25.92""",Jyeshtha,Mercury,1,Rahu,Aquarius,"19°23'46.50""",Shatabhisha,Rahu,4,90,90.839,0.839
2025-12-04 23:30:00,Aspect,Square,Sun,Scorpio,"18°33'25.92""",Jyeshtha,Mercury,1,Ketu,Leo,"19°23'46.50""",Purva Phalguni,Venus,2,90,89.161,0.839
2025-12-04 23:30:00,Aspect,Trine,Jupiter,Cancer,"0°03'39.68""",Punarvasu,Jupiter,4,Saturn,Pisces,"0°58'32.30""",Purva Bhadrapada,Jupiter,4,120,119.0854,0.9146
2025-12-04 23:45:00,Aspect,Square,Sun,Scorpio,"18°34'03.95""",Jyeshtha,Mercury,1,Rahu,Aquarius,"19°23'44.51""",Shatabhisha,Rahu,4,90,90.8279,0.8279
2025-12-04 23:45:00,Aspect,Square,Sun,Scorpio,"18°34'03.95""",Jyeshtha,Mercury,1,Ketu,Leo,"19°23'44.51""",Purva Phalguni,Venus,2,90,89.1721,0.8279
2025-12-04 23:45:00,Aspect,Trine,Jupiter,Cancer,"0°03'36.90""",Punarvasu,Jupiter,4,Saturn,Pisces,"0°58'32.74""",Purva Bhadrapada,Jupiter,4,120,119.0845,0.9155
2025-12-05 00:00:00,Aspect,Square,Sun,Scorpio,"18°34'41.98""",Jyeshtha,Mercury,1,Rahu,Aquarius,"19°23'42.53""",Shatabhisha,Rahu,4,90,90.8168,0.8168
2025-12-05 00:00:00,Aspect,Square,Sun,Scorpio,"18°34'41.98""",Jyeshtha,Mercury,1,Ketu,Leo,"19°23'42.53""",Purva Phalguni,Venus,2,90,89.1832,0.8168
2025-12-05 00:00:00,Aspect,Trine,Jupiter,Cancer,"0°03'34.11""",Punarvasu,Jupiter,4,Saturn,Pisces,"0°58'33.18""",Purva Bhadrapada,Jupiter,4,120,119.0836,0.9164
2025-12-05 00:15:00,Aspect,Square,Sun,Scorpio,"18°35'20.01""",Jyeshtha,Mercury,1,Rahu,Aquarius,"19°23'40.54""",Shatabhisha,Rahu,4,90,90.8057,0.8057
2025-12-05 00:15:00,Aspect,Square,Sun,Scorpio,"18°35'20.01""",Jyeshtha,Mercury,1,Ketu,Leo,"19°23'40.54""",Purva Phalguni,Venus,2,90,89.1943,0.8057
2025-12-05 00:15:00,Aspect,Trine,Jupiter,Cancer,"0°03'31.33""",Punarvasu,Jupiter,4,Saturn,Pisces,"0°58'33.62""",Purva Bhadrapada,Jupiter,4,120,119.0827,0.9173
2025-12-05 00:30:00,Aspect,Square,Sun,Scorpio,"18°35'58.04""",Jyeshtha,Mercury,1,Rahu,Aquarius,"19°23'38.55""",Shatabhisha,Rahu,4,90,90.7946,0.7946
2025-12-05 00:30:00,Aspect,Square,Sun,Scorpio,"18°35'58.04""",Jyeshtha,Mercury,1,Ketu,Leo,"19°23'38.55""",Purva Phalguni,Venus,2,90,89.2054,0.7946
2025-12-05 00:30:00,Aspect,Trine,Jupiter,Cancer,"0°03'28.54""",Punarvasu,Jupiter,4,Saturn,Pisces,"0°58'34.06""",Purva Bhadrapada,Jupiter,4,120,119.0818,0.9182
2025-12-05 00:45:00,Aspect,Square,Sun,Scorpio,"18°36'36.07""",Jyeshtha,Mercury,1,Rahu,Aquarius,"19°23'36.57""",Shatabhisha,Rahu,4,90,90.7835,0.7835
2025-12-05 00:45:00,Aspect,Square,Sun,Scorpio,"18°36'36.07""",Jyeshtha,Mercury,1,Ketu,Leo,"19°23'36.57""",Purva Phalguni,Venus,2,90,89.2165,0.7835
2025-12-05 00:45:00,Aspect,Trine,Jupiter,Cancer,"0°03'25.75""",Punarvasu,Jupiter,4,Saturn,Pisces,"0°58'34.50""",Purva Bhadrapada,Jupiter,4,120,119.0809,0.9191
2025-12-05 01:00:00,Aspect,Square,Sun,Scorpio,"18°37'14.09""",Jyeshtha,Mercury,1,Rahu,Aquarius,"19°23'34.58""",Shatabhisha,Rahu,4,90,90.7724,0.7724
2025-12-05 01:00:00,Aspect,Square,Sun,Scorpio,"18°37'14.09""",Jyeshtha,Mercury,1,Ketu,Leo,"19°23'34.58""",Purva Phalguni,Venus,2,90,89.2276,0.7724
2025-12-05 01:00:00,Aspect,Trine,Jupiter,Cancer,"0°03'22.97""",Punarvasu,Jupiter,4,Saturn,Pisces,"0°58'34.95""",Purva Bhadrapada,Jupiter,4,120,119.08,0.92
2025-12-05 01:15:00,Aspect,Square,Sun,Scorpio,"18°37'52.12""",Jyeshtha,Mercury,1,Rahu,Aquarius,"19°23'32.59""",Shatabhisha,Rahu,4,90,90.7612,0.7612
2025-12-05 01:15:00,Aspect,Square,Sun,Scorpio,"18°37'52.12""",Jyeshtha,Mercury,1,Ketu,Leo,"19°23'32.59""",Purva Phalguni,Venus,2,90,89.2388,0.7612
2025-12-05 01:15:00,Aspect,Trine,Jupiter,Cancer,"0°03'20.18""",Punarvasu,Jupiter,4,Saturn,Pisces,"0°58'35.39""",Purva Bhadrapada,Jupiter,4,120,119.0791,0.9209
2025-12-05 01:30:00,Aspect,Square,Sun,Scorpio,"18°38'30.15""",Jyeshtha,Mercury,1,Rahu,Aquarius,"19°23'30.60""",Shatabhisha,Rahu,4,90,90.7501,0.7501
2025-12-05 01:30:00,Aspect,Square,Sun,Scorpio,"18°38'30.15""",Jyeshtha,Mercury,1,Ketu,Leo,"19°23'30.60""",Purva Phalguni,Venus,2,90,89.2499,0.7501
2025-12-05 01:30:00,Aspect,Trine,Jupiter,Cancer,"0°03'17.38""",Punarvasu,Jupiter,4,Saturn,Pisces,"0°58'35.83""",Purva Bhadrapada,Jupiter,4,120,119.0782,0.9218
2025-12-05 01:45:00,Aspect,Square,Sun,Scorpio,"18°39'08.18""",Jyeshtha,Mercury,1,Rahu,Aquarius,"19°23'28.62""",Shatabhisha,Rahu,4,90,90.739,0.739
2025-12-05 01:45:00,Aspect,Square,Sun,Scorpio,"18°39'08.18""",Jyeshtha,Mercury,1,Ketu,Leo,"19°23'28.62""",Purva Phalguni,Venus,2,90,89.261,0.739
2025-12-05 01:45:00,Aspect,Trine,Jupiter,Cancer,"0°03'14.59""",Punarvasu,Jupiter,4,Saturn,Pisces,"0°58'36.28""",Purva Bhadrapada,Jupiter,4,120,119.0773,0.9227
2025-12-05 02:00:00,Aspect,Square,Sun,Scorpio,"18°39'46.21""",Jyeshtha,Mercury,1,Rahu,Aquarius,"19°23'26.63""",Shatabhisha,Rahu,4,90,90.7279,0.7279
2025-12-05 02:00:00,Aspect,Square,Sun,Scorpio,"18°39'46.21""",Jyeshtha,Mercury,1,Ketu,Leo,"19°23'26.63""",Purva Phalguni,Venus,2,90,89.2721,0.7279
2025-12-05 02:00:00,Aspect,Trine,Jupiter,Cancer,"0°03'11.80""",Punarvasu,Jupiter,4,Saturn,Pisces,"0°58'36.72""",Purva Bhadrapada,Jupiter,4,120,119.0764,0.9236
2025-12-05 02:15:00,Aspect,Square,Sun,Scorpio,"18°40'24.24""",Jyeshtha,Mercury,1,Rahu,Aquarius,"19°23'24.64""",Shatabhisha,Rahu,4,90,90.7168,0.7168
2025-12-05 02:15:00,Aspect,Square,Sun,Scorpio,"18°40'24.24""",Jyeshtha,Mercury,1,Ketu,Leo,"19°23'24.64""",Purva Phalguni,Venus,2,90,89.2832,0.7168
2025-12-05 02:15:00,Aspect,Trine,Jupiter,Cancer,"0°03'09.01""",Punarvasu,Jupiter,4,Saturn,Pisces,"0°58'37.17""",Purva Bhadrapada,Jupiter,4,120,119.0755,0.9245
2025-12-05 02:30:00,Aspect,Square,Sun,Scorpio,"18°41'02.27""",Jyeshtha,Mercury,1,Rahu,Aquarius,"19°23'22.66""",Shatabhisha,Rahu,4,90,90.7057,0.7057
2025-12-05 02:30:00,Aspect,Square,Sun,Scorpio,"18°41'02.27""",Jyeshtha,Mercury,1,Ketu,Leo,"19°23'22.66""",Purva Phalguni,Venus,2,90,89.2943,0.7057
2025-12-05 02:30:00,Aspect,Trine,Jupiter,Cancer,"0°03'06.21""",Punarvasu,Jupiter,4,Saturn,Pisces,"0°58'37.61""",Purva Bhadrapada,Jupiter,4,120,119.0746,0.9254
2025-12-05 02:45:00,Aspect,Square,Sun,Scorpio,"18°41'40.30""",Jyeshtha,Mercury,1,Rahu,Aquarius,"19°23'20.67""",Shatabhisha,Rahu,4,90,90.6945,0.6945
2025-12-05 02:45:00,Aspect,Square,Sun,Scorpio,"18°41'40.30""",Jyeshtha,Mercury,1,Ketu,Leo,"19°23'20.67""",Purva Phalguni,Venus,2,90,89.3055,0.6945
2025-12-05 02:45:00,Aspect,Trine,Jupiter,Cancer,"0°03'03.41""",Punarvasu,Jupiter,4,Saturn,Pisces,"0°58'38.06""",Purva Bhadrapada,Jupiter,4,120,119.0737,0.9263
2025-12-05 03:00:00,Aspect,Square,Sun,Scorpio,"18°42'18.33""",Jyeshtha,Mercury,1,Rahu,Aquarius,"19°23'18.68""",Shatabhisha,Rahu,4,90,90.6834,0.6834
2025-12-05 03:00:00,Aspect,Square,Sun,Scorpio,"18°42'18.33""",Jyeshtha,Mercury,1,Ketu,Leo,"19°23'18.68""",Purva Phalguni,Venus,2,90,89.3166,0.6834
2025-12-05 03:00:00,Aspect,Trine,Jupiter,Cancer,"0°03'00.62""",Punarvasu,Jupiter,4,Saturn,Pisces,"0°58'38.51""",Purva Bhadrapada,Jupiter,4,120,119.0728,0.9272
2025-12-05 03:15:00,Aspect,Square,Sun,Scorpio,"18°42'56.36""",Jyeshtha,Mercury,1,Rahu,Aquarius,"19°23'16.69""",Shatabhisha,Rahu,4,90,90.6723,0.6723
2025-12-05 03:15:00,Aspect,Square,Sun,Scorpio,"18°42'56.36""",Jyeshtha,Mercury,1,Ketu,Leo,"19°23'16.69""",Purva Phalguni,Venus,2,90,89.3277,0.6723
2025-12-05 03:15:00,Aspect,Trine,Jupiter,Cancer,"0°02'57.82""",Punarvasu,Jupiter,4,Saturn,Pisces,"0°58'38.96""",Purva Bhadrapada,Jupiter,4,120,119.0719,0.9281
2025-12-05 03:30:00,Aspect,Square,Sun,Scorpio,"18°43'34.39""",Jyeshtha,Mercury,1,Rahu,Aquarius,"19°23'14.71""",Shatabhisha,Rahu,4,90,90.6612,0.6612
2025-12-05 03:30:00,Aspect,Square,Sun,Scorpio,"18°43'34.39""",Jyeshtha,Mercury,1,Ketu,Leo,"19°23'14.71""",Purva Phalguni,Venus,2,90,89.3388,0.6612
2025-12-05 03:30:00,Aspect,Trine,Jupiter,Cancer,"0°02'55.02""",Punarvasu,Jupiter,4,Saturn,Pisces,"0°58'39.40""",Purva Bhadrapada,Jupiter,4,120,119.071,0.929
2025-12-05 03:45:00,Aspect,Square,Sun,Scorpio,"18°44'12.42""",Jyeshtha,Mercury,1,Rahu,Aquarius,"19°23'12.72""",Shatabhisha,Rahu,4,90,90.6501,0.6501
2025-12-05 03:45:00,Aspect,Square,Sun,Scorpio,"18°44'12.42""",Jyeshtha,Mercury,1,Ketu,Leo,"19°23'12.72""",Purva Phalguni,Venus,2,90,89.3499,0.6501
2025-12-05 03:45:00,Aspect,Trine,Jupiter,Cancer,"0°02'52.22""",Punarvasu,Jupiter,4,Saturn,Pisces,"0°58'39.85""",Purva Bhadrapada,Jupiter,4,120,119.0701,0.9299
2025-12-05 04:00:00,Aspect,Square,Sun,Scorpio,"18°44'50.45""",Jyeshtha,Mercury,1,Rahu,Aquarius,"19°23'10.73""",Shatabhisha,Rahu,4,90,90.639,0.639
2025-12-05 04:00:00,Aspect,Square,Sun,Scorpio,"18°44'50.45""",Jyeshtha,Mercury,1,Ketu,Leo,"19°23'10.73""",Purva Phalguni,Venus,2,90,89.361,0.639
2025-12-05 04:00:00,Aspect,Trine,Jupiter,Cancer,"0°02'49.41""",Punarvasu,Jupiter,4,Saturn,Pisces,"0°58'40.31""",Purva Bhadrapada,Jupiter,4,120,119.0692,0.9308
2025-12-05 04:15:00,Aspect,Square,Sun,Scorpio,"18°45'28.48""",Jyeshtha,Mercury,1,Rahu,Aquarius,"19°23'08.74""",Shatabhisha,Rahu,4,90,90.6279,0.6279
2025-12-05 04:15:00,Aspect,Square,Sun,Scorpio,"18°45'28.48""",Jyeshtha,Mercury,1,Ketu,Leo,"19°23'08.74""",Purva Phalguni,Venus,2,90,89.3721,0.6279
2025-12-05 04:15:00,Aspect,Trine,Jupiter,Cancer,"0°02'46.61""",Punarvasu,Jupiter,4,Saturn,Pisces,"0°58'40.76""",Purva Bhadrapada,Jupiter,4,120,119.0683,0.9317
2025-12-05 04:30:00,Aspect,Square,Sun,Scorpio,"18°46'06.51""",Jyeshtha,Mercury,1,Rahu,Aquarius,"19°23'06.76""",Shatabhisha,Rahu,4,90,90.6167,0.6167
2025-12-05 04:30:00,Aspect,Square,Sun,Scorpio,"18°46'06.51""",Jyeshtha,Mercury,1,Ketu,Leo,"19°23'06.76""",Purva Phalguni,Venus,2,90,89.3833,0.6167
2025-12-05 04:30:00,Aspect,Trine,Jupiter,Cancer,"0°02'43.81""",Punarvasu,Jupiter,4,Saturn,Pisces,"0°58'41.21""",Purva Bhadrapada,Jupiter,4,120,119.0674,0.9326
2025-12-05 04:45:00,Aspect,Opposition,Sun,Scorpio,"18°46'44.54""",Jyeshtha,Mercury,1,Moon,Taurus,"17°53'34.64""",Rohini,Moon,3,180,179.1139,0.8861
2025-12-05 04:45:00,Aspect,Square,Sun,Scorpio,"18°46'44.54""",Jyeshtha,Mercury,1,Rahu,Aquarius,"19°23'04.77""",Shatabhisha,Rahu,4,90,90.6056,0.6056
2025-12-05 04:45:00,Aspect,Square,Sun,Scorpio,"18°46'44.54""",Jyeshtha,Mercury,1,Ketu,Leo,"19°23'04.77""",Purva Phalguni,Venus,2,90,89.3944,0.6056
2025-12-05 04:45:00,Aspect,Trine,Jupiter,Cancer,"0°02'41.00""",Punarvasu,Jupiter,4,Saturn,Pisces,"0°58'41.66""",Purva Bhadrapada,Jupiter,4,120,119.0665,0.9335
2025-12-05 05:00:00,Aspect,Opposition,Sun,Scorpio,"18°47'22.57""",Jyeshtha,Mercury,1,Moon,Taurus,"18°03'09.69""",Rohini,Moon,3,180,179.2631,0.7369
2025-12-05 05:00:00,Aspect,Square,Sun,Scorpio,"18°47'22.57""",Jyeshtha,Mercury,1,Rahu,Aquarius,"19°23'02.78""",Shatabhisha,Rahu,4,90,90.5945,0.5945
2025-12-05 05:00:00,Aspect,Square,Sun,Scorpio,"18°47'22.57""",Jyeshtha,Mercury,1,Ketu,Leo,"19°23'02.78""",Purva Phalguni,Venus,2,90,89.4055,0.5945
2025-12-05 05:00:00,Aspect,Trine,Jupiter,Cancer,"0°02'38.19""",Punarvasu,Jupiter,4,Saturn,Pisces,"0°58'42.11""",Purva Bhadrapada,Jupiter,4,120,119.0656,0.9344
2025-12-05 05:15:00,Aspect,Opposition,Sun,Scorpio,"18°48'00.60""",Jyeshtha,Mercury,1,Moon,Taurus,"18°12'44.71""",Rohini,Moon,3,180,179.4123,0.5877
2025-12-05 05:15:00,Aspect,Square,Sun,Scorpio,"18°48'00.60""",Jyeshtha,Mercury,1,Rahu,Aquarius,"19°23'00.80""",Shatabhisha,Rahu,4,90,90.5834,0.5834
2025-12-05 05:15:00,Aspect,Square,Sun,Scorpio,"18°48'00.60""",Jyeshtha,Mercury,1,Ketu,Leo,"19°23'00.80""",Purva Phalguni,Venus,2,90,89.4166,0.5834
2025-12-05 05:15:00,Aspect,Trine,Jupiter,Cancer,"0°02'35.39""",Punarvasu,Jupiter,4,Saturn,Pisces,"0°58'42.57""",Purva Bhadrapada,Jupiter,4,120,119.0647,0.9353
2025-12-05 05:30:00,Aspect,Opposition,Sun,Scorpio,"18°48'38.64""",Jyeshtha,Mercury,1,Moon,Taurus,"18°22'19.69""",Rohini,Moon,3,180,179.5614,0.4386
2025-12-05 05:30:00,Aspect,Square,Sun,Scorpio,"18°48'38.64""",Jyeshtha,Mercury,1,Rahu,Aquarius,"19°22'58.81""",Shatabhisha,Rahu,4,90,90.5723,0.5723
2025-12-05 05:30:00,Aspect,Square,Sun,Scorpio,"18°48'38.64""",Jyeshtha,Mercury,1,Ketu,Leo,"19°22'58.81""",Purva Phalguni,Venus,2,90,89.4277,0.5723
2025-12-05 05:30:00,Aspect,Trine,Jupiter,Cancer,"0°02'32.58""",Punarvasu,Jupiter,4,Saturn,Pisces,"0°58'43.02""",Purva Bhadrapada,Jupiter,4,120,119.0638,0.9362
2025-12-05 05:45:00,Aspect,Opposition,Sun,Scorpio,"18°49'16.67""",Jyeshtha,Mercury,1,Moon,Taurus,"18°31'54.65""",Rohini,Moon,3,180,179.7106,0.2894
2025-12-05 05:45:00,Aspect,Square,Sun,Scorpio,"18°49'16.67""",Jyeshtha,Mercury,1,Rahu,Aquarius,"19°22'56.82""",Shatabhisha,Rahu,4,90,90.5612,0.5612
2025-12-05 05:45:00,Aspect,Square,Sun,Scorpio,"18°49'16.67""",Jyeshtha,Mercury,1,Ketu,Leo,"19°22'56.82""",Purva Phalguni,Venus,2,90,89.4388,0.5612
2025-12-05 05:45:00,Aspect,Square,Moon,Taurus,"18°31'54.65""",Rohini,Moon,3,Rahu,Aquarius,"19°22'56.82""",Shatabhisha,Rahu,4,90,89.1494,0.8506
2025-12-05 05:45:00,Aspect,Square,Moon,Taurus,"18°31'54.65""",Rohini,Moon,3,Ketu,Leo,"19°22'56.82""",Purva Phalguni,Venus,2,90,90.8506,0.8506
2025-12-05 05:45:00,Aspect,Trine,Jupiter,Cancer,"0°02'29.77""",Punarvasu,Jupiter,4,Saturn,Pisces,"0°58'43.48""",Purva Bhadrapada,Jupiter,4,120,119.0629,0.9371
2025-12-05 06:00:00,Aspect,Opposition,Sun,Scorpio,"18°49'54.70""",Jyeshtha,Mercury,1,Moon,Taurus,"18°41'29.57""",Rohini,Moon,3,180,179.8597,0.1403
2025-12-05 06:00:00,Aspect,Square,Sun,Scorpio,"18°49'54.70""",Jyeshtha,Mercury,1,Rahu,Aquarius,"19°22'54.83""",Shatabhisha,Rahu,4,90,90.55,0.55
2025-12-05 06:00:00,Aspect,Square,Sun,Scorpio,"18°49'54.70""",Jyeshtha,Mercury,1,Ketu,Leo,"19°22'54.83""",Purva Phalguni,Venus,2,90,89.45,0.55
2025-12-05 06:00:00,Aspect,Square,Moon,Taurus,"18°41'29.57""",Rohini,Moon,3,Rahu,Aquarius,"19°22'54.83""",Shatabhisha,Rahu,4,90,89.3096,0.6904
2025-12-05 06:00:00,Aspect,Square,Moon,Taurus,"18°41'29.57""",Rohini,Moon,3,Ketu,Leo,"19°22'54.83""",Purva Phalguni,Venus,2,90,90.6904,0.6904
2025-12-05 06:00:00,Aspect,Trine,Jupiter,Cancer,"0°02'26.96""",Punarvasu,Jupiter,4,Saturn,Pisces,"0°58'43.93""",Purva Bhadrapada,Jupiter,4,120,119.062,0.938
2025-12-05 06:15:00,Aspect,Opposition,Sun,Scorpio,"18°50'32.73""",Jyeshtha,Mercury,1,Moon,Taurus,"18°51'04.46""",Rohini,Moon,3,180,179.9912,0.0088
2025-12-05 06:15:00,Aspect,Square,Sun,Scorpio,"18°50'32.73""",Jyeshtha,Mercury,1,Rahu,Aquarius,"19°22'52.85""",Shatabhisha,Rahu,4,90,90.5389,0.5389
2025-12-05 06:15:00,Aspect,Square,Sun,Scorpio,"18°50'32.73""",Jyeshtha,Mercury,1,Ketu,Leo,"19°22'52.85""",Purva Phalguni,Venus,2,90,89.4611,0.5389
2025-12-05 06:15:00,Aspect,Square,Moon,Taurus,"18°51'04.46""",Rohini,Moon,3,Rahu,Aquarius,"19°22'52.85""",Shatabhisha,Rahu,4,90,89.4699,0.5301
2025-12-05 06:15:00,Aspect,Square,Moon,Taurus,"18°51'04.46""",Rohini,Moon,3,Ketu,Leo,"19°22'52.85""",Purva Phalguni,Venus,2,90,90.5301,0.5301
2025-12-05 06:15:00,Aspect,Trine,Jupiter,Cancer,"0°02'24.14""",Punarvasu,Jupiter,4,Saturn,Pisces,"0°58'44.39""",Purva Bhadrapada,Jupiter,4,120,119.061,0.939
2025-12-05 06:30:00,Aspect,Opposition,Sun,Scorpio,"18°51'10.76""",Jyeshtha,Mercury,1,Moon,Taurus,"19°00'39.32""",Rohini,Moon,3,180,179.8421,0.1579
2025-12-05 06:30:00,Aspect,Square,Sun,Scorpio,"18°51'10.76""",Jyeshtha,Mercury,1,Rahu,Aquarius,"19°22'50.86""",Shatabhisha,Rahu,4,90,90.5278,0.5278
2025-12-05 06:30:00,Aspect,Square,Sun,Scorpio,"18°51'10.76""",Jyeshtha,Mercury,1,Ketu,Leo,"19°22'50.86""",Purva Phalguni,Venus,2,90,89.4722,0.5278
2025-12-05 06:30:00,Aspect,Square,Moon,Taurus,"19°00'39.32""",Rohini,Moon,3,Rahu,Aquarius,"19°22'50.86""",Shatabhisha,Rahu,4,90,89.6301,0.3699
2025-12-05 06:30:00,Aspect,Square,Moon,Taurus,"19°00'39.32""",Rohini,Moon,3,Ketu,Leo,"19°22'50.86""",Purva Phalguni,Venus,2,90,90.3699,0.3699
2025-12-05 06:30:00,Aspect,Trine,Jupiter,Cancer,"0°02'21.33""",Punarvasu,Jupiter,4,Saturn,Pisces,"0°58'44.85""",Purva Bhadrapada,Jupiter,4,120,119.0601,0.9399
2025-12-05 06:45:00,Aspect,Opposition,Sun,Scorpio,"18°51'48.79""",Jyeshtha,Mercury,1,Moon,Taurus,"19°10'14.15""",Rohini,Moon,3,180,179.693,0.307
2025-12-05 06:45:00,Aspect,Square,Sun,Scorpio,"18°51'48.79""",Jyeshtha,Mercury,1,Rahu,Aquarius,"19°22'48.87""",Shatabhisha,Rahu,4,90,90.5167,0.5167
2025-12-05 06:45:00,Aspect,Square,Sun,Scorpio,"18°51'48.79""",Jyeshtha,Mercury,1,Ketu,Leo,"19°22'48.87""",Purva Phalguni,Venus,2,90,89.4833,0.5167
2025-12-05 06:45:00,Aspect,Square,Moon,Taurus,"19°10'14.15""",Rohini,Moon,3,Rahu,Aquarius,"19°22'48.87""",Shatabhisha,Rahu,4,90,89.7904,0.2096
2025-12-05 06:45:00,Aspect,Square,Moon,Taurus,"19°10'14.15""",Rohini,Moon,3,Ketu,Leo,"19°22'48.87""",Purva Phalguni,Venus,2,90,90.2096,0.2096
2025-12-05 06:45:00,Aspect,Trine,Jupiter,Cancer,"0°02'18.52""",Punarvasu,Jupiter,4,Saturn,Pisces,"0°58'45.31""",Purva Bhadrapada,Jupiter,4,120,119.0592,0.9408
2025-12-05 07:00:00,Aspect,Opposition,Sun,Scorpio,"18°52'26.82""",Jyeshtha,Mercury,1,Moon,Taurus,"19°19'48.93""",Rohini,Moon,3,180,179.5439,0.4561
2025-12-05 07:00:00,Aspect,Square,Sun,Scorpio,"18°52'26.82""",Jyeshtha,Mercury,1,Rahu,Aquarius,"19°22'46.89""",Shatabhisha,Rahu,4,90,90.5056,0.5056
2025-12-05 07:00:00,Aspect,Square,Sun,Scorpio,"18°52'26.82""",Jyeshtha,Mercury,1,Ketu,Leo,"19°22'46.89""",Purva Phalguni,Venus,2,90,89.4944,0.5056
2025-12-05 07:00:00,Aspect,Square,Moon,Taurus,"19°19'48.93""",Rohini,Moon,3,Rahu,Aquarius,"19°22'46.89""",Shatabhisha,Rahu,4,90,89.9506,0.0494
2025-12-05 07:00:00,Aspect,Square,Moon,Taurus,"19°19'48.93""",Rohini,Moon,3,Ketu,Leo,"19°22'46.89""",Purva Phalguni,Venus,2,90,90.0494,0.0494
2025-12-05 07:00:00,Aspect,Trine,Jupiter,Cancer,"0°02'15.70""",Punarvasu,Jupiter,4,Saturn,Pisces,"0°58'45.76""",Purva Bhadrapada,Jupiter,4,120,119.0583,0.9417
2025-12-05 07:15:00,Aspect,Opposition,Sun,Scorpio,"18°53'04.86""",Jyeshtha,Mercury,1,Moon,Taurus,"19°29'23.69""",Rohini,Moon,3,180,179.3948,0.6052
2025-12-05 07:15:00,Aspect,Square,Sun,Scorpio,"18°53'04.86""",Jyeshtha,Mercury,1,Rahu,Aquarius,"19°22'44.90""",Shatabhisha,Rahu,4,90,90.4945,0.4945
2025-12-05 07:15:00,Aspect,Square,Sun,Scorpio,"18°53'04.86""",Jyeshtha,Mercury,1,Ketu,Leo,"19°22'44.90""",Purva Phalguni,Venus,2,90,89.5055,0.4945
2025-12-05 07:15:00,Aspect,Square,Moon,Taurus,"19°29'23.69""",Rohini,Moon,3,Rahu,Aquarius,"19°22'44.90""",Shatabhisha,Rahu,4,90,90.1108,0.1108
2025-12-05 07:15:00,Aspect,Square,Moon,Taurus,"19°29'23.69""",Rohini,Moon,3,Ketu,Leo,"19°22'44.90""",Purva Phalguni,Venus,2,90,89.8892,0.1108
2025-12-05 07:15:00,Aspect,Trine,Jupiter,Cancer,"0°02'12.88""",Punarvasu,Jupiter,4,Saturn,Pisces,"0°58'46.22""",Purva Bhadrapada,Jupiter,4,120,119.0574,0.9426
2025-12-05 07:30:00,Aspect,Opposition,Sun,Scorpio,"18°53'42.89""",Jyeshtha,Mercury,1,Moon,Taurus,"19°38'58.40""",Rohini,Moon,3,180,179.2457,0.7543
2025-12-05 07:30:00,Aspect,Square,Sun,Scorpio,"18°53'42.89""",Jyeshtha,Mercury,1,Rahu,Aquarius,"19°22'42.91""",Shatabhisha,Rahu,4,90,90.4833,0.4833
2025-12-05 07:30:00,Aspect,Square,Sun,Scorpio,"18°53'42.89""",Jyeshtha,Mercury,1,Ketu,Leo,"19°22'42.91""",Purva Phalguni,Venus,2,90,89.5167,0.4833
2025-12-05 07:30:00,Aspect,Square,Moon,Taurus,"19°38'58.40""",Rohini,Moon,3,Rahu,Aquarius,"19°22'42.91""",Shatabhisha,Rahu,4,90,90.271,0.271
2025-12-05 07:30:00,Aspect,Square,Moon,Taurus,"19°38'58.40""",Rohini,Moon,3,Ketu,Leo,"19°22'42.91""",Purva Phalguni,Venus,2,90,89.729,0.271
2025-12-05 07:30:00,Aspect,Trine,Jupiter,Cancer,"0°02'10.06""",Punarvasu,Jupiter,4,Saturn,Pisces,"0°58'46.68""",Purva Bhadrapada,Jupiter,4,120,119.0565,0.9435
2025-12-05 07:45:00,Aspect,Opposition,Sun,Scorpio,"18°54'20.92""",Jyeshtha,Mercury,1,Moon,Taurus,"19°48'33.08""",Rohini,Moon,3,180,179.0966,0.9034
2025-12-05 07:45:00,Aspect,Square,Sun,Scorpio,"18°54'20.92""",Jyeshtha,Mercury,1,Rahu,Aquarius,"19°22'40.92""",Shatabhisha,Rahu,4,90,90.4722,0.4722
2025-12-05 07:45:00,Aspect,Square,Sun,Scorpio,"18°54'20.92""",Jyeshtha,Mercury,1,Ketu,Leo,"19°22'40.92""",Purva Phalguni,Venus,2,90,89.5278,0.4722
2025-12-05 07:45:00,Aspect,Square,Moon,Taurus,"19°48'33.08""",Rohini,Moon,3,Rahu,Aquarius,"19°22'40.92""",Shatabhisha,Rahu,4,90,90.4312,0.4312
2025-12-05 07:45:00,Aspect,Square,Moon,Taurus,"19°48'33.08""",Rohini,Moon,3,Ketu,Leo,"19°22'40.92""",Purva Phalguni,Venus,2,90,89.5688,0.4312
2025-12-05 07:45:00,Aspect,Trine,Jupiter,Cancer,"0°02'07.25""",Punarvasu,Jupiter,4,Saturn,Pisces,"0°58'47.14""",Purva Bhadrapada,Jupiter,4,120,119.0556,0.9444
2025-12-05 08:00:00,Aspect,Square,Sun,Scorpio,"18°54'58.95""",Jyeshtha,Mercury,1,Rahu,Aquarius,"19°22'38.94""",Shatabhisha,Rahu,4,90,90.4611,0.4611
2025-12-05 08:00:00,Aspect,Square,Sun,Scorpio,"18°54'58.95""",Jyeshtha,Mercury,1,Ketu,Leo,"19°22'38.94""",Purva Phalguni,Venus,2,90,89.5389,0.4611
2025-12-05 08:00:00,Aspect,Square,Moon,Taurus,"19°58'07.72""",Rohini,Moon,3,Rahu,Aquarius,"19°22'38.94""",Shatabhisha,Rahu,4,90,90.5913,0.5913
2025-12-05 08:00:00,Aspect,Square,Moon,Taurus,"19°58'07.72""",Rohini,Moon,3,Ketu,Leo,"19°22'38.94""",Purva Phalguni,Venus,2,90,89.4087,0.5913
2025-12-05 08:00:00,Aspect,Trine,Jupiter,Cancer,"0°02'04.43""",Punarvasu,Jupiter,4,Saturn,Pisces,"0°58'47.61""",Purva Bhadrapada,Jupiter,4,120,119.0547,0.9453
2025-12-05 08:15:00,Aspect,Square,Sun,Scorpio,"18°55'36.98""",Jyeshtha,Mercury,1,Rahu,Aquarius,"19°22'36.95""",Shatabhisha,Rahu,4,90,90.45,0.45
2025-12-05 08:15:00,Aspect,Square,Sun,Scorpio,"18°55'36.98""",Jyeshtha,Mercury,1,Ketu,Leo,"19°22'36.95""",Purva Phalguni,Venus,2,90,89.55,0.45
2025-12-05 08:15:00,Aspect,Square,Moon,Taurus,"20°07'42.32""",Rohini,Moon,4,Rahu,Aquarius,"19°22'36.95""",Shatabhisha,Rahu,4,90,90.7515,0.7515
2025-12-05 08:15:00,Aspect,Square,Moon,Taurus,"20°07'42.32""",Rohini,Moon,4,Ketu,Leo,"19°22'36.95""",Purva Phalguni,Venus,2,90,89.2485,0.7515
2025-12-05 08:15:00,Aspect,Trine,Jupiter,Cancer,"0°02'01.60""",Punarvasu,Jupiter,4,Saturn,Pisces,"0°58'48.07""",Purva Bhadrapada,Jupiter,4,120,119.0538,0.9462
2025-12-05 08:30:00,Aspect,Square,Sun,Scorpio,"18°56'15.02""",Jyeshtha,Mercury,1,Rahu,Aquarius,"19°22'34.96""",Shatabhisha,Rahu,4,90,90.4389,0.4389
2025-12-05 08:30:00,Aspect,Square,Sun,Scorpio,"18°56'15.02""",Jyeshtha,Mercury,1,Ketu,Leo,"19°22'34.96""",Purva Phalguni,Venus,2,90,89.5611,0.4389
2025-12-05 08:30:00,Aspect,Square,Moon,Taurus,"20°17'16.88""",Rohini,Moon,4,Rahu,Aquarius,"19°22'34.96""",Shatabhisha,Rahu,4,90,90.9116,0.9116
2025-12-05 08:30:00,Aspect,Square,Moon,Taurus,"20°17'16.88""",Rohini,Moon,4,Ketu,Leo,"19°22'34.96""",Purva Phalguni,Venus,2,90,89.0884,0.9116
2025-12-05 08:30:00,Aspect,Trine,Jupiter,Cancer,"0°01'58.78""",Punarvasu,Jupiter,4,Saturn,Pisces,"0°58'48.53""",Purva Bhadrapada,Jupiter,4,120,119.0528,0.9472
2025-12-05 08:45:00,Aspect,Square,Sun,Scorpio,"18°56'53.05""",Jyeshtha,Mercury,1,Rahu,Aquarius,"19°22'32.98""",Shatabhisha,Rahu,4,90,90.4278,0.4278
2025-12-05 08:45:00,Aspect,Square,Sun,Scorpio,"18°56'53.05""",Jyeshtha,Mercury,1,Ketu,Leo,"19°22'32.98""",Purva Phalguni,Venus,2,90,89.5722,0.4278
2025-12-05 08:45:00,Aspect,Trine,Jupiter,Cancer,"0°01'55.96""",Punarvasu,Jupiter,4,Saturn,Pisces,"0°58'49.00""",Purva Bhadrapada,Jupiter,4,120,119.0519,0.9481
2025-12-05 09:00:00,Aspect,Square,Sun,Scorpio,"18°57'31.08""",Jyeshtha,Mercury,1,Rahu,Aquarius,"19°22'30.99""",Shatabhisha,Rahu,4,90,90.4166,0.4166
2025-12-05 09:00:00,Aspect,Square,Sun,Scorpio,"18°57'31.08""",Jyeshtha,Mercury,1,Ketu,Leo,"19°22'30.99""",Purva Phalguni,Venus,2,90,89.5834,0.4166
2025-12-05 09:00:00,Aspect,Trine,Jupiter,Cancer,"0°01'53.13""",Punarvasu,Jupiter,4,Saturn,Pisces,"0°58'49.46""",Purva Bhadrapada,Jupiter,4,120,119.051,0.949
2025-12-05 09:15:00,Aspect,Square,Sun,Scorpio,"18°58'09.12""",Jyeshtha,Mercury,1,Rahu,Aquarius,"19°22'29.00""",Shatabhisha,Rahu,4,90,90.4055,0.4055
2025-12-05 09:15:00,Aspect,Square,Sun,Scorpio,"18°58'09.12""",Jyeshtha,Mercury,1,Ketu,Leo,"19°22'29.00""",Purva Phalguni,Venus,2,90,89.5945,0.4055
2025-12-05 09:15:00,Aspect,Trine,Jupiter,Cancer,"0°01'50.31""",Punarvasu,Jupiter,4,Saturn,Pisces,"0°58'49.92""",Purva Bhadrapada,Jupiter,4,120,119.0501,0.9499
2025-12-05 09:30:00,Aspect,Square,Sun,Scorpio,"18°58'47.15""",Jyeshtha,Mercury,1,Rahu,Aquarius,"19°22'27.01""",Shatabhisha,Rahu,4,90,90.3944,0.3944
2025-12-05 09:30:00,Aspect,Square,Sun,Scorpio,"18°58'47.15""",Jyeshtha,Mercury,1,Ketu,Leo,"19°22'27.01""",Purva Phalguni,Venus,2,90,89.6056,0.3944
2025-12-05 09:30:00,Aspect,Trine,Jupiter,Cancer,"0°01'47.48""",Punarvasu,Jupiter,4,Saturn,Pisces,"0°58'50.39""",Purva Bhadrapada,Jupiter,4,120,119.0492,0.9508
2025-12-05 09:45:00,Aspect,Square,Sun,Scorpio,"18°59'25.18""",Jyeshtha,Mercury,1,Rahu,Aquarius,"19°22'25.03""",Shatabhisha,Rahu,4,90,90.3833,0.3833
2025-12-05 09:45:00,Aspect,Square,Sun,Scorpio,"18°59'25.18""",Jyeshtha,Mercury,1,Ketu,Leo,"19°22'25.03""",Purva Phalguni,Venus,2,90,89.6167,0.3833
2025-12-05 09:45:00,Aspect,Trine,Jupiter,Cancer,"0°01'44.65""",Punarvasu,Jupiter,4,Saturn,Pisces,"0°58'50.86""",Purva Bhadrapada,Jupiter,4,120,119.0483,0.9517
2025-12-05 10:00:00,Aspect,Square,Sun,Scorpio,"19°00'03.21""",Jyeshtha,Mercury,1,Rahu,Aquarius,"19°22'23.04""",Shatabhisha,Rahu,4,90,90.3722,0.3722
2025-12-05 10:00:00,Aspect,Square,Sun,Scorpio,"19°00'03.21""",Jyeshtha,Mercury,1,Ketu,Leo,"19°22'23.04""",Purva Phalguni,Venus,2,90,89.6278,0.3722
2025-12-05 10:00:00,Aspect,Trine,Jupiter,Cancer,"0°01'41.82""",Punarvasu,Jupiter,4,Saturn,Pisces,"0°58'51.32""",Purva Bhadrapada,Jupiter,4,120,119.0474,0.9526
2025-12-05 10:15:00,Aspect,Square,Sun,Scorpio,"19°00'41.25""",Jyeshtha,Mercury,1,Rahu,Aquarius,"19°22'21.05""",Shatabhisha,Rahu,4,90,90.3611,0.3611
2025-12-05 10:15:00,Aspect,Square,Sun,Scorpio,"19°00'41.25""",Jyeshtha,Mercury,1,Ketu,Leo,"19°22'21.05""",Purva Phalguni,Venus,2,90,89.6389,0.3611
2025-12-05 10:15:00,Aspect,Trine,Jupiter,Cancer,"0°01'38.99""",Punarvasu,Jupiter,4,Saturn,Pisces,"0°58'51.79""",Purva Bhadrapada,Jupiter,4,120,119.0464,0.9536
2025-12-05 10:30:00,Aspect,Square,Sun,Scorpio,"19°01'19.28""",Jyeshtha,Mercury,1,Rahu,Aquarius,"19°22'19.06""",Shatabhisha,Rahu,4,90,90.3499,0.3499
2025-12-05 10:30:00,Aspect,Square,Sun,Scorpio,"19°01'19.28""",Jyeshtha,Mercury,1,Ketu,Leo,"19°22'19.06""",Purva Phalguni,Venus,2,90,89.6501,0.3499
2025-12-05 10:30:00,Aspect,Trine,Jupiter,Cancer,"0°01'36.16""",Punarvasu,Jupiter,4,Saturn,Pisces,"0°58'52.26""",Purva Bhadrapada,Jupiter,4,120,119.0455,0.9545
2025-12-05 10:45:00,Aspect,Square,Sun,Scorpio,"19°01'57.31""",Jyeshtha,Mercury,1,Rahu,Aquarius,"19°22'17.08""",Shatabhisha,Rahu,4,90,90.3388,0.3388
2025-12-05 10:45:00,Aspect,Square,Sun,Scorpio,"19°01'57.31""",Jyeshtha,Mercury,1,Ketu,Leo,"19°22'17.08""",Purva Phalguni,Venus,2,90,89.6612,0.3388
2025-12-05 10:45:00,Aspect,Trine,Jupiter,Cancer,"0°01'33.33""",Punarvasu,Jupiter,4,Saturn,Pisces,"0°58'52.73""",Purva Bhadrapada,Jupiter,4,120,119.0446,0.9554
2025-12-05 11:00:00,Aspect,Square,Sun,Scorpio,"19°02'35.35""",Jyeshtha,Mercury,1,Rahu,Aquarius,"19°22'15.09""",Shatabhisha,Rahu,4,90,90.3277,0.3277
2025-12-05 11:00:00,Aspect,Square,Sun,Scorpio,"19°02'35.35""",Jyeshtha,Mercury,1,Ketu,Leo,"19°22'15.09""",Purva Phalguni,Venus,2,90,89.6723,0.3277
2025-12-05 11:00:00,Aspect,Trine,Jupiter,Cancer,"0°01'30.49""",Punarvasu,Jupiter,4,Saturn,Pisces,"0°58'53.20""",Purva Bhadrapada,Jupiter,4,120,119.0437,0.9563
2025-12-05 11:15:00,Aspect,Square,Sun,Scorpio,"19°03'13.38""",Jyeshtha,Mercury,1,Rahu,Aquarius,"19°22'13.10""",Shatabhisha,Rahu,4,90,90.3166,0.3166
2025-12-05 11:15:00,Aspect,Square,Sun,Scorpio,"19°03'13.38""",Jyeshtha,Mercury,1,Ketu,Leo,"19°22'13.10""",Purva Phalguni,Venus,2,90,89.6834,0.3166
2025-12-05 11:15:00,Aspect,Trine,Jupiter,Cancer,"0°01'27.66""",Punarvasu,Jupiter,4,Saturn,Pisces,"0°58'53.67""",Purva Bhadrapada,Jupiter,4,120,119.0428,0.9572
2025-12-05 11:30:00,Aspect,Square,Sun,Scorpio,"19°03'51.42""",Jyeshtha,Mercury,1,Rahu,Aquarius,"19°22'11.12""",Shatabhisha,Rahu,4,90,90.3055,0.3055
2025-12-05 11:30:00,Aspect,Square,Sun,Scorpio,"19°03'51.42""",Jyeshtha,Mercury,1,Ketu,Leo,"19°22'11.12""",Purva Phalguni,Venus,2,90,89.6945,0.3055
2025-12-05 11:30:00,Aspect,Trine,Jupiter,Cancer,"0°01'24.82""",Punarvasu,Jupiter,4,Saturn,Pisces,"0°58'54.14""",Purva Bhadrapada,Jupiter,4,120,119.0419,0.9581
2025-12-05 11:45:00,Aspect,Square,Sun,Scorpio,"19°04'29.45""",Jyeshtha,Mercury,1,Rahu,Aquarius,"19°22'09.13""",Shatabhisha,Rahu,4,90,90.2944,0.2944
2025-12-05 11:45:00,Aspect,Square,Sun,Scorpio,"19°04'29.45""",Jyeshtha,Mercury,1,Ketu,Leo,"19°22'09.13""",Purva Phalguni,Venus,2,90,89.7056,0.2944
2025-12-05 11:45:00,Aspect,Trine,Jupiter,Cancer,"0°01'21.98""",Punarvasu,Jupiter,4,Saturn,Pisces,"0°58'54.61""",Purva Bhadrapada,Jupiter,4,120,119.0409,0.9591
2025-12-05 12:00:00,Aspect,Square,Sun,Scorpio,"19°05'07.48""",Jyeshtha,Mercury,1,Rahu,Aquarius,"19°22'07.14""",Shatabhisha,Rahu,4,90,90.2832,0.2832
2025-12-05 12:00:00,Aspect,Square,Sun,Scorpio,"19°05'07.48""",Jyeshtha,Mercury,1,Ketu,Leo,"19°22'07.14""",Purva Phalguni,Venus,2,90,89.7168,0.2832
2025-12-05 12:00:00,Aspect,Trine,Jupiter,Cancer,"0°01'19.15""",Punarvasu,Jupiter,4,Saturn,Pisces,"0°58'55.09""",Purva Bhadrapada,Jupiter,4,120,119.04,0.96
2025-12-05 12:15:00,Aspect,Square,Sun,Scorpio,"19°05'45.52""",Jyeshtha,Mercury,1,Rahu,Aquarius,"19°22'05.15""",Shatabhisha,Rahu,4,90,90.2721,0.2721
2025-12-05 12:15:00,Aspect,Square,Sun,Scorpio,"19°05'45.52""",Jyeshtha,Mercury,1,Ketu,Leo,"19°22'05.15""",Purva Phalguni,Venus,2,90,89.7279,0.2721
2025-12-05 12:15:00,Aspect,Trine,Jupiter,Cancer,"0°01'16.31""",Punarvasu,Jupiter,4,Saturn,Pisces,"0°58'55.56""",Purva Bhadrapada,Jupiter,4,120,119.0391,0.9609
2025-12-05 12:30:00,Aspect,Square,Sun,Scorpio,"19°06'23.55""",Jyeshtha,Mercury,1,Rahu,Aquarius,"19°22'03.17""",Shatabhisha,Rahu,4,90,90.261,0.261
2025-12-05 12:30:00,Aspect,Square,Sun,Scorpio,"19°06'23.55""",Jyeshtha,Mercury,1,Ketu,Leo,"19°22'03.17""",Purva Phalguni,Venus,2,90,89.739,0.261
2025-12-05 12:30:00,Aspect,Trine,Jupiter,Cancer,"0°01'13.47""",Punarvasu,Jupiter,4,Saturn,Pisces,"0°58'56.03""",Purva Bhadrapada,Jupiter,4,120,119.0382,0.9618
2025-12-05 12:45:00,Aspect,Square,Sun,Scorpio,"19°07'01.59""",Jyeshtha,Mercury,1,Rahu,Aquarius,"19°22'01.18""",Shatabhisha,Rahu,4,90,90.2499,0.2499
2025-12-05 12:45:00,Aspect,Square,Sun,Scorpio,"19°07'01.59""",Jyeshtha,Mercury,1,Ketu,Leo,"19°22'01.18""",Purva Phalguni,Venus,2,90,89.7501,0.2499
2025-12-05 12:45:00,Aspect,Trine,Jupiter,Cancer,"0°01'10.62""",Punarvasu,Jupiter,4,Saturn,Pisces,"0°58'56.51""",Purva Bhadrapada,Jupiter,4,120,119.0373,0.9627
2025-12-05 13:00:00,Aspect,Square,Sun,Scorpio,"19°07'39.62""",Jyeshtha,Mercury,1,Rahu,Aquarius,"19°21'59.19""",Shatabhisha,Rahu,4,90,90.2388,0.2388
2025-12-05 13:00:00,Aspect,Square,Sun,Scorpio,"19°07'39.62""",Jyeshtha,Mercury,1,Ketu,Leo,"19°21'59.19""",Purva Phalguni,Venus,2,90,89.7612,0.2388
2025-12-05 13:00:00,Aspect,Trine,Jupiter,Cancer,"0°01'07.78""",Punarvasu,Jupiter,4,Saturn,Pisces,"0°58'56.98""",Purva Bhadrapada,Jupiter,4,120,119.0363,0.9637
2025-12-05 13:15:00,Aspect,Square,Sun,Scorpio,"19°08'17.66""",Jyeshtha,Mercury,1,Rahu,Aquarius,"19°21'57.21""",Shatabhisha,Rahu,4,90,90.2277,0.2277
2025-12-05 13:15:00,Aspect,Square,Sun,Scorpio,"19°08'17.66""",Jyeshtha,Mercury,1,Ketu,Leo,"19°21'57.21""",Purva Phalguni,Venus,2,90,89.7723,0.2277
2025-12-05 13:15:00,Aspect,Trine,Jupiter,Cancer,"0°01'04.94""",Punarvasu,Jupiter,4,Saturn,Pisces,"0°58'57.46""",Purva Bhadrapada,Jupiter,4,120,119.0354,0.9646
2025-12-05 13:30:00,Aspect,Square,Sun,Scorpio,"19°08'55.69""",Jyeshtha,Mercury,1,Rahu,Aquarius,"19°21'55.22""",Shatabhisha,Rahu,4,90,90.2165,0.2165
2025-12-05 13:30:00,Aspect,Square,Sun,Scorpio,"19°08'55.69""",Jyeshtha,Mercury,1,Ketu,Leo,"19°21'55.22""",Purva Phalguni,Venus,2,90,89.7835,0.2165
2025-12-05 13:30:00,Aspect,Trine,Jupiter,Cancer,"0°01'02.09""",Punarvasu,Jupiter,4,Saturn,Pisces,"0°58'57.94""",Purva Bhadrapada,Jupiter,4,120,119.0345,0.9655
2025-12-05 13:45:00,Aspect,Square,Sun,Scorpio,"19°09'33.73""",Jyeshtha,Mercury,1,Rahu,Aquarius,"19°21'53.23""",Shatabhisha,Rahu,4,90,90.2054,0.2054
2025-12-05 13:45:00,Aspect,Square,Sun,Scorpio,"19°09'33.73""",Jyeshtha,Mercury,1,Ketu,Leo,"19°21'53.23""",Purva Phalguni,Venus,2,90,89.7946,0.2054
2025-12-05 13:45:00,Aspect,Trine,Jupiter,Cancer,"0°00'59.24""",Punarvasu,Jupiter,4,Saturn,Pisces,"0°58'58.41""",Purva Bhadrapada,Jupiter,4,120,119.0336,0.9664
2025-12-05 14:00:00,Aspect,Square,Sun,Scorpio,"19°10'11.76""",Jyeshtha,Mercury,1,Rahu,Aquarius,"19°21'51.24""",Shatabhisha,Rahu,4,90,90.1943,0.1943
2025-12-05 14:00:00,Aspect,Square,Sun,Scorpio,"19°10'11.76""",Jyeshtha,Mercury,1,Ketu,Leo,"19°21'51.24""",Purva Phalguni,Venus,2,90,89.8057,0.1943
2025-12-05 14:00:00,Aspect,Trine,Jupiter,Cancer,"0°00'56.40""",Punarvasu,Jupiter,4,Saturn,Pisces,"0°58'58.89""",Purva Bhadrapada,Jupiter,4,120,119.0326,0.9674
2025-12-05 14:15:00,Aspect,Square,Sun,Scorpio,"19°10'49.80""",Jyeshtha,Mercury,1,Rahu,Aquarius,"19°21'49.26""",Shatabhisha,Rahu,4,90,90.1832,0.1832
2025-12-05 14:15:00,Aspect,Square,Sun,Scorpio,"19°10'49.80""",Jyeshtha,Mercury,1,Ketu,Leo,"19°21'49.26""",Purva Phalguni,Venus,2,90,89.8168,0.1832
2025-12-05 14:15:00,Aspect,Trine,Jupiter,Cancer,"0°00'53.55""",Punarvasu,Jupiter,4,Saturn,Pisces,"0°58'59.37""",Purva Bhadrapada,Jupiter,4,120,119.0317,0.9683
2025-12-05 14:30:00,Aspect,Square,Sun,Scorpio,"19°11'27.83""",Jyeshtha,Mercury,1,Rahu,Aquarius,"19°21'47.27""",Shatabhisha,Rahu,4,90,90.1721,0.1721
2025-12-05 14:30:00,Aspect,Square,Sun,Scorpio,"19°11'27.83""",Jyeshtha,Mercury,1,Ketu,Leo,"19°21'47.27""",Purva Phalguni,Venus,2,90,89.8279,0.1721
2025-12-05 14:30:00,Aspect,Trine,Jupiter,Cancer,"0°00'50.70""",Punarvasu,Jupiter,4,Saturn,Pisces,"0°58'59.85""",Purva Bhadrapada,Jupiter,4,120,119.0308,0.9692
2025-12-05 14:45:00,Aspect,Square,Sun,Scorpio,"19°12'05.87""",Jyeshtha,Mercury,1,Rahu,Aquarius,"19°21'45.28""",Shatabhisha,Rahu,4,90,90.1609,0.1609
2025-12-05 14:45:00,Aspect,Square,Sun,Scorpio,"19°12'05.87""",Jyeshtha,Mercury,1,Ketu,Leo,"19°21'45.28""",Purva Phalguni,Venus,2,90,89.8391,0.1609
2025-12-05 14:45:00,Aspect,Trine,Jupiter,Cancer,"0°00'47.85""",Punarvasu,Jupiter,4,Saturn,Pisces,"0°59'00.33""",Purva Bhadrapada,Jupiter,4,120,119.0299,0.9701
2025-12-05 15:00:00,Aspect,Square,Sun,Scorpio,"19°12'43.90""",Jyeshtha,Mercury,1,Rahu,Aquarius,"19°21'43.30""",Shatabhisha,Rahu,4,90,90.1498,0.1498
2025-12-05 15:00:00,Aspect,Square,Sun,Scorpio,"19°12'43.90""",Jyeshtha,Mercury,1,Ketu,Leo,"19°21'43.30""",Purva Phalguni,Venus,2,90,89.8502,0.1498
2025-12-05 15:00:00,Aspect,Trine,Jupiter,Cancer,"0°00'45.00""",Punarvasu,Jupiter,4,Saturn,Pisces,"0°59'00.81""",Purva Bhadrapada,Jupiter,4,120,119.0289,0.9711
2025-12-05 15:15:00,Aspect,Square,Sun,Scorpio,"19°13'21.94""",Jyeshtha,Mercury,1,Rahu,Aquarius,"19°21'41.31""",Shatabhisha,Rahu,4,90,90.1387,0.1387
2025-12-05 15:15:00,Aspect,Square,Sun,Scorpio,"19°13'21.94""",Jyeshtha,Mercury,1,Ketu,Leo,"19°21'41.31""",Purva Phalguni,Venus,2,90,89.8613,0.1387
2025-12-05 15:15:00,Aspect,Trine,Jupiter,Cancer,"0°00'42.14""",Punarvasu,Jupiter,4,Saturn,Pisces,"0°59'01.29""",Purva Bhadrapada,Jupiter,4,120,119.028,0.972
2025-12-05 15:30:00,Aspect,Square,Sun,Scorpio,"19°13'59.97""",Jyeshtha,Mercury,1,Rahu,Aquarius,"19°21'39.32""",Shatabhisha,Rahu,4,90,90.1276,0.1276
2025-12-05 15:30:00,Aspect,Square,Sun,Scorpio,"19°13'59.97""",Jyeshtha,Mercury,1,Ketu,Leo,"19°21'39.32""",Purva Phalguni,Venus,2,90,89.8724,0.1276
2025-12-05 15:30:00,Aspect,Trine,Jupiter,Cancer,"0°00'39.29""",Punarvasu,Jupiter,4,Saturn,Pisces,"0°59'01.78""",Purva Bhadrapada,Jupiter,4,120,119.0271,0.9729
2025-12-05 15:45:00,Aspect,Square,Sun,Scorpio,"19°14'38.01""",Jyeshtha,Mercury,1,Rahu,Aquarius,"19°21'37.33""",Shatabhisha,Rahu,4,90,90.1165,0.1165
2025-12-05 15:45:00,Aspect,Square,Sun,Scorpio,"19°14'38.01""",Jyeshtha,Mercury,1,Ketu,Leo,"19°21'37.33""",Purva Phalguni,Venus,2,90,89.8835,0.1165
2025-12-05 15:45:00,Aspect,Trine,Jupiter,Cancer,"0°00'36.43""",Punarvasu,Jupiter,4,Saturn,Pisces,"0°59'02.26""",Purva Bhadrapada,Jupiter,4,120,119.0262,0.9738
2025-12-05 16:00:00,Aspect,Square,Sun,Scorpio,"19°15'16.05""",Jyeshtha,Mercury,1,Rahu,Aquarius,"19°21'35.35""",Shatabhisha,Rahu,4,90,90.1054,0.1054
2025-12-05 16:00:00,Aspect,Square,Sun,Scorpio,"19°15'16.05""",Jyeshtha,Mercury,1,Ketu,Leo,"19°21'35.35""",Purva Phalguni,Venus,2,90,89.8946,0.1054
2025-12-05 16:00:00,Aspect,Trine,Jupiter,Cancer,"0°00'33.58""",Punarvasu,Jupiter,4,Saturn,Pisces,"0°59'02.74""",Purva Bhadrapada,Jupiter,4,120,119.0252,0.9748
2025-12-05 16:15:00,Aspect,Square,Sun,Scorpio,"19°15'54.08""",Jyeshtha,Mercury,1,Rahu,Aquarius,"19°21'33.36""",Shatabhisha,Rahu,4,90,90.0942,0.0942
2025-12-05 16:15:00,Aspect,Square,Sun,Scorpio,"19°15'54.08""",Jyeshtha,Mercury,1,Ketu,Leo,"19°21'33.36""",Purva Phalguni,Venus,2,90,89.9058,0.0942
2025-12-05 16:15:00,Aspect,Trine,Jupiter,Cancer,"0°00'30.72""",Punarvasu,Jupiter,4,Saturn,Pisces,"0°59'03.23""",Purva Bhadrapada,Jupiter,4,120,119.0243,0.9757
2025-12-05 16:30:00,Aspect,Square,Sun,Scorpio,"19°16'32.12""",Jyeshtha,Mercury,1,Rahu,Aquarius,"19°21'31.37""",Shatabhisha,Rahu,4,90,90.0831,0.0831
2025-12-05 16:30:00,Aspect,Square,Sun,Scorpio,"19°16'32.12""",Jyeshtha,Mercury,1,Ketu,Leo,"19°21'31.37""",Purva Phalguni,Venus,2,90,89.9169,0.0831
2025-12-05 16:30:00,Aspect,Trine,Jupiter,Cancer,"0°00'27.86""",Punarvasu,Jupiter,4,Saturn,Pisces,"0°59'03.71""",Purva Bhadrapada,Jupiter,4,120,119.0234,0.9766
2025-12-05 16:45:00,Aspect,Square,Sun,Scorpio,"19°17'10.15""",Jyeshtha,Mercury,1,Rahu,Aquarius,"19°21'29.38""",Shatabhisha,Rahu,4,90,90.072,0.072
2025-12-05 16:45:00,Aspect,Square,Sun,Scorpio,"19°17'10.15""",Jyeshtha,Mercury,1,Ketu,Leo,"19°21'29.38""",Purva Phalguni,Venus,2,90,89.928,0.072
2025-12-05 16:45:00,Aspect,Trine,Jupiter,Cancer,"0°00'25.00""",Punarvasu,Jupiter,4,Saturn,Pisces,"0°59'04.20""",Purva Bhadrapada,Jupiter,4,120,119.0224,0.9776
2025-12-05 17:00:00,Aspect,Square,Sun,Scorpio,"19°17'48.19""",Jyeshtha,Mercury,1,Rahu,Aquarius,"19°21'27.40""",Shatabhisha,Rahu,4,90,90.0609,0.0609
2025-12-05 17:00:00,Aspect,Square,Sun,Scorpio,"19°17'48.19""",Jyeshtha,Mercury,1,Ketu,Leo,"19°21'27.40""",Purva Phalguni,Venus,2,90,89.9391,0.0609
2025-12-05 17:00:00,Aspect,Trine,Jupiter,Cancer,"0°00'22.14""",Punarvasu,Jupiter,4,Saturn,Pisces,"0°59'04.69""",Purva Bhadrapada,Jupiter,4,120,119.0215,0.9785
2025-12-05 17:15:00,Aspect,Square,Sun,Scorpio,"19°18'26.23""",Jyeshtha,Mercury,1,Rahu,Aquarius,"19°21'25.41""",Shatabhisha,Rahu,4,90,90.0498,0.0498
2025-12-05 17:15:00,Aspect,Square,Sun,Scorpio,"19°18'26.23""",Jyeshtha,Mercury,1,Ketu,Leo,"19°21'25.41""",Purva Phalguni,Venus,2,90,89.9502,0.0498
2025-12-05 17:15:00,Aspect,Trine,Jupiter,Cancer,"0°00'19.28""",Punarvasu,Jupiter,4,Saturn,Pisces,"0°59'05.17""",Purva Bhadrapada,Jupiter,4,120,119.0206,0.9794
2025-12-05 17:30:00,Aspect,Square,Sun,Scorpio,"19°19'04.26""",Jyeshtha,Mercury,1,Rahu,Aquarius,"19°21'23.42""",Shatabhisha,Rahu,4,90,90.0387,0.0387
2025-12-05 17:30:00,Aspect,Square,Sun,Scorpio,"19°19'04.26""",Jyeshtha,Mercury,1,Ketu,Leo,"19°21'23.42""",Purva Phalguni,Venus,2,90,89.9613,0.0387
2025-12-05 17:30:00,Aspect,Trine,Jupiter,Cancer,"0°00'16.41""",Punarvasu,Jupiter,4,Saturn,Pisces,"0°59'05.66""",Purva Bhadrapada,Jupiter,4,120,119.0197,0.9803
2025-12-05 17:45:00,Aspect,Square,Sun,Scorpio,"19°19'42.30""",Jyeshtha,Mercury,1,Rahu,Aquarius,"19°21'21.44""",Shatabhisha,Rahu,4,90,90.0275,0.0275
2025-12-05 17:45:00,Aspect,Square,Sun,Scorpio,"19°19'42.30""",Jyeshtha,Mercury,1,Ketu,Leo,"19°21'21.44""",Purva Phalguni,Venus,2,90,89.9725,0.0275
2025-12-05 17:45:00,Aspect,Trine,Jupiter,Cancer,"0°00'13.55""",Punarvasu,Jupiter,4,Saturn,Pisces,"0°59'06.15""",Purva Bhadrapada,Jupiter,4,120,119.0187,0.9813
2025-12-05 18:00:00,Aspect,Square,Sun,Scorpio,"19°20'20.34""",Jyeshtha,Mercury,1,Rahu,Aquarius,"19°21'19.45""",Shatabhisha,Rahu,4,90,90.0164,0.0164
2025-12-05 18:00:00,Aspect,Square,Sun,Scorpio,"19°20'20.34""",Jyeshtha,Mercury,1,Ketu,Leo,"19°21'19.45""",Purva Phalguni,Venus,2,90,89.9836,0.0164
2025-12-05 18:00:00,Aspect,Trine,Jupiter,Cancer,"0°00'10.68""",Punarvasu,Jupiter,4,Saturn,Pisces,"0°59'06.64""",Purva Bhadrapada,Jupiter,4,120,119.0178,0.9822
2025-12-05 18:15:00,Aspect,Square,Sun,Scorpio,"19°20'58.37""",Jyeshtha,Mercury,1,Rahu,Aquarius,"19°21'17.46""",Shatabhisha,Rahu,4,90,90.0053,0.0053
2025-12-05 18:15:00,Aspect,Square,Sun,Scorpio,"19°20'58.37""",Jyeshtha,Mercury,1,Ketu,Leo,"19°21'17.46""",Purva Phalguni,Venus,2,90,89.9947,0.0053
2025-12-05 18:15:00,Aspect,Trine,Jupiter,Cancer,"0°00'07.82""",Punarvasu,Jupiter,4,Saturn,Pisces,"0°59'07.13""",Purva Bhadrapada,Jupiter,4,120,119.0169,0.9831
2025-12-05 18:30:00,Aspect,Square,Sun,Scorpio,"19°21'36.41""",Jyeshtha,Mercury,1,Rahu,Aquarius,"19°21'15.47""",Shatabhisha,Rahu,4,90,89.9942,0.0058
2025-12-05 18:30:00,Aspect,Square,Sun,Scorpio,"19°21'36.41""",Jyeshtha,Mercury,1,Ketu,Leo,"19°21'15.47""",Purva Phalguni,Venus,2,90,90.0058,0.0058
2025-12-05 18:30:00,Aspect,Trine,Mercury,Libra,"29°00'37.54""",Vishakha,Jupiter,3,Jupiter,Cancer,"0°00'04.95""",Punarvasu,Jupiter,4,120,119.0091,0.9909
2025-12-05 18:30:00,Aspect,Trine,Jupiter,Cancer,"0°00'04.95""",Punarvasu,Jupiter,4,Saturn,Pisces,"0°59'07.62""",Purva Bhadrapada,Jupiter,4,120,119.0159,0.9841
2025-12-05 18:45:00,Aspect,Square,Sun,Scorpio,"19°22'14.45""",Jyeshtha,Mercury,1,Rahu,Aquarius,"19°21'13.49""",Shatabhisha,Rahu,4,90,89.9831,0.0169
2025-12-05 18:45:00,Aspect,Square,Sun,Scorpio,"19°22'14.45""",Jyeshtha,Mercury,1,Ketu,Leo,"19°21'13.49""",Purva Phalguni,Venus,2,90,90.0169,0.0169
2025-12-05 18:45:00,Aspect,Trine,Mercury,Libra,"29°01'07.59""",Vishakha,Jupiter,3,Jupiter,Cancer,"0°00'02.08""",Punarvasu,Jupiter,4,120,119.0182,0.9818
2025-12-05 18:45:00,Aspect,Trine,Jupiter,Cancer,"0°00'02.08""",Punarvasu,Jupiter,4,Saturn,Pisces,"0°59'08.11""",Purva Bhadrapada,Jupiter,4,120,119.015,0.985
2025-12-05 19:00:00,Aspect,Square,Sun,Scorpio,"19°22'52.49""",Jyeshtha,Mercury,1,Rahu,Aquarius,"19°21'11.50""",Shatabhisha,Rahu,4,90,89.9719,0.0281
2025-12-05 19:00:00,Aspect,Square,Sun,Scorpio,"19°22'52.49""",Jyeshtha,Mercury,1,Ketu,Leo,"19°21'11.50""",Purva Phalguni,Venus,2,90,90.0281,0.0281
2025-12-05 19:00:00,Aspect,Trine,Mercury,Libra,"29°01'37.68""",Vishakha,Jupiter,3,Jupiter,Gemini,"29°59'59.21""",Punarvasu,Jupiter,3,120,119.0274,0.9726
2025-12-05 19:00:00,Aspect,Trine,Jupiter,Gemini,"29°59'59.21""",Punarvasu,Jupiter,3,Saturn,Pisces,"0°59'08.61""",Purva Bhadrapada,Jupiter,4,120,119.0141,0.9859
2025-12-05 19:15:00,Aspect,Square,Sun,Scorpio,"19°23'30.52""",Jyeshtha,Mercury,1,Rahu,Aquarius,"19°21'09.51""",Shatabhisha,Rahu,4,90,89.9608,0.0392
2025-12-05 19:15:00,Aspect,Square,Sun,Scorpio,"19°23'30.52""",Jyeshtha,Mercury,1,Ketu,Leo,"19°21'09.51""",Purva Phalguni,Venus,2,90,90.0392,0.0392
2025-12-05 19:15:00,Aspect,Trine,Mercury,Libra,"29°02'07.81""",Vishakha,Jupiter,3,Jupiter,Gemini,"29°59'56.34""",Punarvasu,Jupiter,3,120,119.0365,0.9635
2025-12-05 19:15:00,Aspect,Trine,Jupiter,Gemini,"29°59'56.34""",Punarvasu,Jupiter,3,Saturn,Pisces,"0°59'09.10""",Purva Bhadrapada,Jupiter,4,120,119.0131,0.9869
2025-12-05 19:30:00,Aspect,Square,Sun,Scorpio,"19°24'08.56""",Jyeshtha,Mercury,1,Rahu,Aquarius,"19°21'07.53""",Shatabhisha,Rahu,4,90,89.9497,0.0503
2025-12-05 19:30:00,Aspect,Square,Sun,Scorpio,"19°24'08.56""",Jyeshtha,Mercury,1,Ketu,Leo,"19°21'07.53""",Purva Phalguni,Venus,2,90,90.0503,0.0503
2025-12-05 19:30:00,Aspect,Trine,Mercury,Libra,"29°02'37.98""",Vishakha,Jupiter,3,Jupiter,Gemini,"29°59'53.46""",Punarvasu,Jupiter,3,120,119.0457,0.9543
2025-12-05 19:30:00,Aspect,Trine,Jupiter,Gemini,"29°59'53.46""",Punarvasu,Jupiter,3,Saturn,Pisces,"0°59'09.59""",Purva Bhadrapada,Jupiter,4,120,119.0122,0.9878
2025-12-05 19:45:00,Aspect,Square,Sun,Scorpio,"19°24'46.60""",Jyeshtha,Mercury,1,Rahu,Aquarius,"19°21'05.54""",Shatabhisha,Rahu,4,90,89.9386,0.0614
2025-12-05 19:45:00,Aspect,Square,Sun,Scorpio,"19°24'46.60""",Jyeshtha,Mercury,1,Ketu,Leo,"19°21'05.54""",Purva Phalguni,Venus,2,90,90.0614,0.0614
2025-12-05 19:45:00,Aspect,Opposition,Moon,Taurus,"27°27'17.69""",Mrigashira,Mars,2,Mars,Scorpio,"28°26'36.85""",Jyeshtha,Mercury,4,180,179.0113,0.9887
2025-12-05 19:45:00,Aspect,Trine,Mercury,Libra,"29°03'08.19""",Vishakha,Jupiter,3,Jupiter,Gemini,"29°59'50.59""",Punarvasu,Jupiter,3,120,119.0549,0.9451
2025-12-05 19:45:00,Aspect,Trine,Jupiter,Gemini,"29°59'50.59""",Punarvasu,Jupiter,3,Saturn,Pisces,"0°59'10.09""",Purva Bhadrapada,Jupiter,4,120,119.0113,0.9887
2025-12-05 20:00:00,Aspect,Square,Sun,Scorpio,"19°25'24.64""",Jyeshtha,Mercury,1,Rahu,Aquarius,"19°21'03.55""",Shatabhisha,Rahu,4,90,89.9275,0.0725
2025-12-05 20:00:00,Aspect,Square,Sun,Scorpio,"19°25'24.64""",Jyeshtha,Mercury,1,Ketu,Leo,"19°21'03.55""",Purva Phalguni,Venus,2,90,90.0725,0.0725
2025-12-05 20:00:00,Aspect,Opposition,Moon,Taurus,"27°36'49.55""",Mrigashira,Mars,2,Mars,Scorpio,"28°27'04.80""",Jyeshtha,Mercury,4,180,179.1624,0.8376
2025-12-05 20:00:00,Aspect,Trine,Mercury,Libra,"29°03'38.43""",Vishakha,Jupiter,3,Jupiter,Gemini,"29°59'47.72""",Punarvasu,Jupiter,3,120,119.0641,0.9359
2025-12-05 20:00:00,Aspect,Trine,Jupiter,Gemini,"29°59'47.72""",Punarvasu,Jupiter,3,Saturn,Pisces,"0°59'10.58""",Purva Bhadrapada,Jupiter,4,120,119.0103,0.9897
2025-12-05 20:15:00,Aspect,Square,Sun,Scorpio,"19°26'02.68""",Jyeshtha,Mercury,1,Rahu,Aquarius,"19°21'01.56""",Shatabhisha,Rahu,4,90,89.9164,0.0836
2025-12-05 20:15:00,Aspect,Square,Sun,Scorpio,"19°26'02.68""",Jyeshtha,Mercury,1,Ketu,Leo,"19°21'01.56""",Purva Phalguni,Venus,2,90,90.0836,0.0836
2025-12-05 20:15:00,Aspect,Opposition,Moon,Taurus,"27°46'21.33""",Mrigashira,Mars,2,Mars,Scorpio,"28°27'32.76""",Jyeshtha,Mercury,4,180,179.3135,0.6865
2025-12-05 20:15:00,Aspect,Trine,Mercury,Libra,"29°04'08.71""",Vishakha,Jupiter,3,Jupiter,Gemini,"29°59'44.84""",Punarvasu,Jupiter,3,120,119.0733,0.9267
2025-12-05 20:15:00,Aspect,Trine,Jupiter,Gemini,"29°59'44.84""",Punarvasu,Jupiter,3,Saturn,Pisces,"0°59'11.08""",Purva Bhadrapada,Jupiter,4,120,119.0094,0.9906
2025-12-05 20:30:00,Aspect,Square,Sun,Scorpio,"19°26'40.71""",Jyeshtha,Mercury,1,Rahu,Aquarius,"19°20'59.58""",Shatabhisha,Rahu,4,90,89.9052,0.0948
2025-12-05 20:30:00,Aspect,Square,Sun,Scorpio,"19°26'40.71""",Jyeshtha,Mercury,1,Ketu,Leo,"19°20'59.58""",Purva Phalguni,Venus,2,90,90.0948,0.0948
2025-12-05 20:30:00,Aspect,Opposition,Moon,Taurus,"27°55'53.04""",Mrigashira,Mars,2,Mars,Scorpio,"28°28'00.72""",Jyeshtha,Mercury,4,180,179.4645,0.5355
2025-12-05 20:30:00,Aspect,Trine,Mercury,Libra,"29°04'39.03""",Vishakha,Jupiter,3,Jupiter,Gemini,"29°59'41.96""",Punarvasu,Jupiter,3,120,119.0825,0.9175
2025-12-05 20:30:00,Aspect,Trine,Jupiter,Gemini,"29°59'41.96""",Punarvasu,Jupiter,3,Saturn,Pisces,"0°59'11.57""",Purva Bhadrapada,Jupiter,4,120,119.0084,0.9916
2025-12-05 20:45:00,Aspect,Square,Sun,Scorpio,"19°27'18.75""",Jyeshtha,Mercury,1,Rahu,Aquarius,"19°20'57.59""",Shatabhisha,Rahu,4,90,89.8941,0.1059
2025-12-05 20:45:00,Aspect,Square,Sun,Scorpio,"19°27'18.75""",Jyeshtha,Mercury,1,Ketu,Leo,"19°20'57.59""",Purva Phalguni,Venus,2,90,90.1059,0.1059
2025-12-05 20:45:00,Aspect,Opposition,Moon,Taurus,"28°05'24.66""",Mrigashira,Mars,2,Mars,Scorpio,"28°28'28.67""",Jyeshtha,Mercury,4,180,179.6156,0.3844
2025-12-05 20:45:00,Aspect,Trine,Mercury,Libra,"29°05'09.40""",Vishakha,Jupiter,3,Jupiter,Gemini,"29°59'39.09""",Punarvasu,Jupiter,3,120,119.0918,0.9082
2025-12-05 20:45:00,Aspect,Trine,Jupiter,Gemini,"29°59'39.09""",Punarvasu,Jupiter,3,Saturn,Pisces,"0°59'12.07""",Purva Bhadrapada,Jupiter,4,120,119.0075,0.9925
2025-12-05 21:00:00,Aspect,Square,Sun,Scorpio,"19°27'56.79""",Jyeshtha,Mercury,1,Rahu,Aquarius,"19°20'55.60""",Shatabhisha,Rahu,4,90,89.883,0.117
2025-12-05 21:00:00,Aspect,Square,Sun,Scorpio,"19°27'56.79""",Jyeshtha,Mercury,1,Ketu,Leo,"19°20'55.60""",Purva Phalguni,Venus,2,90,90.117,0.117
2025-12-05 21:00:00,Aspect,Opposition,Moon,Taurus,"28°14'56.21""",Mrigashira,Mars,2,Mars,Scorpio,"28°28'56.63""",Jyeshtha,Mercury,4,180,179.7665,0.2335
2025-12-05 21:00:00,Aspect,Trine,Mercury,Libra,"29°05'39.79""",Vishakha,Jupiter,3,Jupiter,Gemini,"29°59'36.21""",Punarvasu,Jupiter,3,120,119.101,0.899
2025-12-05 21:00:00,Aspect,Trine,Jupiter,Gemini,"29°59'36.21""",Punarvasu,Jupiter,3,Saturn,Pisces,"0°59'12.57""",Purva Bhadrapada,Jupiter,4,120,119.0066,0.9934
2025-12-05 21:15:00,Aspect,Square,Sun,Scorpio,"19°28'34.83""",Jyeshtha,Mercury,1,Rahu,Aquarius,"19°20'53.62""",Shatabhisha,Rahu,4,90,89.8719,0.1281
2025-12-05 21:15:00,Aspect,Square,Sun,Scorpio,"19°28'34.83""",Jyeshtha,Mercury,1,Ketu,Leo,"19°20'53.62""",Purva Phalguni,Venus,2,90,90.1281,0.1281
2025-12-05 21:15:00,Aspect,Opposition,Moon,Taurus,"28°24'27.67""",Mrigashira,Mars,2,Mars,Scorpio,"28°29'24.59""",Jyeshtha,Mercury,4,180,179.9175,0.0825
2025-12-05 21:15:00,Aspect,Trine,Mercury,Libra,"29°06'10.23""",Vishakha,Jupiter,3,Jupiter,Gemini,"29°59'33.33""",Punarvasu,Jupiter,3,120,119.1103,0.8897
2025-12-05 21:15:00,Aspect,Trine,Jupiter,Gemini,"29°59'33.33""",Punarvasu,Jupiter,3,Saturn,Pisces,"0°59'13.07""",Purva Bhadrapada,Jupiter,4,120,119.0056,0.9944
2025-12-05 21:30:00,Aspect,Square,Sun,Scorpio,"19°29'12.87""",Jyeshtha,Mercury,1,Rahu,Aquarius,"19°20'51.63""",Shatabhisha,Rahu,4,90,89.8608,0.1392
2025-12-05 21:30:00,Aspect,Square,Sun,Scorpio,"19°29'12.87""",Jyeshtha,Mercury,1,Ketu,Leo,"19°20'51.63""",Purva Phalguni,Venus,2,90,90.1392,0.1392
2025-12-05 21:30:00,Aspect,Opposition,Moon,Taurus,"28°33'59.06""",Mrigashira,Mars,2,Mars,Scorpio,"28°29'52.54""",Jyeshtha,Mercury,4,180,179.9315,0.0685
2025-12-05 21:30:00,Aspect,Trine,Mercury,Libra,"29°06'40.71""",Vishakha,Jupiter,3,Jupiter,Gemini,"29°59'30.44""",Punarvasu,Jupiter,3,120,119.1195,0.8805
2025-12-05 21:30:00,Aspect,Trine,Jupiter,Gemini,"29°59'30.44""",Punarvasu,Jupiter,3,Saturn,Pisces,"0°59'13.57""",Purva Bhadrapada,Jupiter,4,120,119.0047,0.9953
2025-12-05 21:45:00,Aspect,Square,Sun,Scorpio,"19°29'50.91""",Jyeshtha,Mercury,1,Rahu,Aquarius,"19°20'49.64""",Shatabhisha,Rahu,4,90,89.8496,0.1504
2025-12-05 21:45:00,Aspect,Square,Sun,Scorpio,"19°29'50.91""",Jyeshtha,Mercury,1,Ketu,Leo,"19°20'49.64""",Purva Phalguni,Venus,2,90,90.1504,0.1504
2025-12-05 21:45:00,Aspect,Opposition,Moon,Taurus,"28°43'30.36""",Mrigashira,Mars,2,Mars,Scorpio,"28°30'20.50""",Jyeshtha,Mercury,4,180,179.7806,0.2194
2025-12-05 21:45:00,Aspect,Trine,Mercury,Libra,"29°07'11.22""",Vishakha,Jupiter,3,Jupiter,Gemini,"29°59'27.56""",Punarvasu,Jupiter,3,120,119.1288,0.8712
2025-12-05 21:45:00,Aspect,Trine,Jupiter,Gemini,"29°59'27.56""",Punarvasu,Jupiter,3,Saturn,Pisces,"0°59'14.07""",Purva Bhadrapada,Jupiter,4,120,119.0037,0.9963
2025-12-05 22:00:00,Aspect,Square,Sun,Scorpio,"19°30'28.95""",Jyeshtha,Mercury,1,Rahu,Aquarius,"19°20'47.65""",Shatabhisha,Rahu,4,90,89.8385,0.1615
2025-12-05 22:00:00,Aspect,Square,Sun,Scorpio,"19°30'28.95""",Jyeshtha,Mercury,1,Ketu,Leo,"19°20'47.65""",Purva Phalguni,Venus,2,90,90.1615,0.1615
2025-12-05 22:00:00,Aspect,Opposition,Moon,Taurus,"28°53'01.58""",Mrigashira,Mars,2,Mars,Scorpio,"28°30'48.46""",Jyeshtha,Mercury,4,180,179.6297,0.3703
2025-12-05 22:00:00,Aspect,Trine,Mercury,Libra,"29°07'41.77""",Vishakha,Jupiter,3,Jupiter,Gemini,"29°59'24.68""",Punarvasu,Jupiter,3,120,119.1381,0.8619
2025-12-05 22:00:00,Aspect,Trine,Jupiter,Gemini,"29°59'24.68""",Punarvasu,Jupiter,3,Saturn,Pisces,"0°59'14.57""",Purva Bhadrapada,Jupiter,4,120,119.0028,0.9972
2025-12-05 22:15:00,Aspect,Square,Sun,Scorpio,"19°31'06.98""",Jyeshtha,Mercury,1,Rahu,Aquarius,"19°20'45.67""",Shatabhisha,Rahu,4,90,89.8274,0.1726
2025-12-05 22:15:00,Aspect,Square,Sun,Scorpio,"19°31'06.98""",Jyeshtha,Mercury,1,Ketu,Leo,"19°20'45.67""",Purva Phalguni,Venus,2,90,90.1726,0.1726
2025-12-05 22:15:00,Aspect,Opposition,Moon,Taurus,"29°02'32.72""",Mrigashira,Mars,2,Mars,Scorpio,"28°31'16.42""",Jyeshtha,Mercury,4,180,179.4788,0.5212
2025-12-05 22:15:00,Aspect,Trine,Mercury,Libra,"29°08'12.36""",Vishakha,Jupiter,3,Jupiter,Gemini,"29°59'21.79""",Punarvasu,Jupiter,3,120,119.1474,0.8526
2025-12-05 22:15:00,Aspect,Trine,Jupiter,Gemini,"29°59'21.79""",Punarvasu,Jupiter,3,Saturn,Pisces,"0°59'15.07""",Purva Bhadrapada,Jupiter,4,120,119.0019,0.9981
2025-12-05 22:30:00,Aspect,Square,Sun,Scorpio,"19°31'45.02""",Jyeshtha,Mercury,1,Rahu,Aquarius,"19°20'43.68""",Shatabhisha,Rahu,4,90,89.8163,0.1837
2025-12-05 22:30:00,Aspect,Square,Sun,Scorpio,"19°31'45.02""",Jyeshtha,Mercury,1,Ketu,Leo,"19°20'43.68""",Purva Phalguni,Venus,2,90,90.1837,0.1837
2025-12-05 22:30:00,Aspect,Opposition,Moon,Taurus,"29°12'03.77""",Mrigashira,Mars,2,Mars,Scorpio,"28°31'44.38""",Jyeshtha,Mercury,4,180,179.3279,0.6721
2025-12-05 22:30:00,Aspect,Trine,Mercury,Libra,"29°08'42.99""",Vishakha,Jupiter,3,Jupiter,Gemini,"29°59'18.91""",Punarvasu,Jupiter,3,120,119.1567,0.8433
2025-12-05 22:30:00,Aspect,Trine,Jupiter,Gemini,"29°59'18.91""",Punarvasu,Jupiter,3,Saturn,Pisces,"0°59'15.57""",Purva Bhadrapada,Jupiter,4,120,119.0009,0.9991
2025-12-05 22:45:00,Aspect,Square,Sun,Scorpio,"19°32'23.06""",Jyeshtha,Mercury,1,Rahu,Aquarius,"19°20'41.69""",Shatabhisha,Rahu,4,90,89.8052,0.1948
2025-12-05 22:45:00,Aspect,Square,Sun,Scorpio,"19°32'23.06""",Jyeshtha,Mercury,1,Ketu,Leo,"19°20'41.69""",Purva Phalguni,Venus,2,90,90.1948,0.1948
2025-12-05 22:45:00,Aspect,Opposition,Moon,Taurus,"29°21'34.74""",Mrigashira,Mars,2,Mars,Scorpio,"28°32'12.34""",Jyeshtha,Mercury,4,180,179.1771,0.8229
2025-12-05 22:45:00,Aspect,Trine,Mercury,Libra,"29°09'13.65""",Vishakha,Jupiter,3,Jupiter,Gemini,"29°59'16.02""",Punarvasu,Jupiter,3,120,119.166,0.834
2025-12-05 23:00:00,Aspect,Square,Sun,Scorpio,"19°33'01.10""",Jyeshtha,Mercury,1,Rahu,Aquarius,"19°20'39.70""",Shatabhisha,Rahu,4,90,89.7941,0.2059
2025-12-05 23:00:00,Aspect,Square,Sun,Scorpio,"19°33'01.10""",Jyeshtha,Mercury,1,Ketu,Leo,"19°20'39.70""",Purva Phalguni,Venus,2,90,90.2059,0.2059
2025-12-05 23:00:00,Aspect,Opposition,Moon,Taurus,"29°31'05.63""",Mrigashira,Mars,2,Mars,Scorpio,"28°32'40.30""",Jyeshtha,Mercury,4,180,179.0263,0.9737
2025-12-05 23:00:00,Aspect,Trine,Mercury,Libra,"29°09'44.36""",Vishakha,Jupiter,3,Jupiter,Gemini,"29°59'13.13""",Punarvasu,Jupiter,3,120,119.1753,0.8247
2025-12-05 23:15:00,Aspect,Square,Sun,Scorpio,"19°33'39.14""",Jyeshtha,Mercury,1,Rahu,Aquarius,"19°20'37.72""",Shatabhisha,Rahu,4,90,89.7829,0.2171
2025-12-05 23:15:00,Aspect,Square,Sun,Scorpio,"19°33'39.14""",Jyeshtha,Mercury,1,Ketu,Leo,"19°20'37.72""",Purva Phalguni,Venus,2,90,90.2171,0.2171
2025-12-05 23:15:00,Aspect,Trine,Mercury,Libra,"29°10'15.10""",Vishakha,Jupiter,3,Jupiter,Gemini,"29°59'10.24""",Punarvasu,Jupiter,3,120,119.1847,0.8153
2025-12-05 23:30:00,Aspect,Square,Sun,Scorpio,"19°34'17.18""",Jyeshtha,Mercury,1,Rahu,Aquarius,"19°20'35.73""",Shatabhisha,Rahu,4,90,89.7718,0.2282
2025-12-05 23:30:00,Aspect,Square,Sun,Scorpio,"19°34'17.18""",Jyeshtha,Mercury,1,Ketu,Leo,"19°20'35.73""",Purva Phalguni,Venus,2,90,90.2282,0.2282
2025-12-05 23:30:00,Aspect,Trine,Mercury,Libra,"29°10'45.88""",Vishakha,Jupiter,3,Jupiter,Gemini,"29°59'07.35""",Punarvasu,Jupiter,3,120,119.194,0.806
2025-12-05 23:45:00,Aspect,Square,Sun,Scorpio,"19°34'55.22""",Jyeshtha,Mercury,1,Rahu,Aquarius,"19°20'33.74""",Shatabhisha,Rahu,4,90,89.7607,0.2393
2025-12-05 23:45:00,Aspect,Square,Sun,Scorpio,"19°34'55.22""",Jyeshtha,Mercury,1,Ketu,Leo,"19°20'33.74""",Purva Phalguni,Venus,2,90,90.2393,0.2393
2025-12-05 23:45:00,Aspect,Square,Moon,Taurus,"29°59'37.76""",Mrigashira,Mars,2,Saturn,Pisces,"0°59'18.09""",Purva Bhadrapada,Jupiter,4,90,89.0055,0.9945
2025-12-05 23:45:00,Aspect,Trine,Mercury,Libra,"29°11'16.70""",Vishakha,Jupiter,3,Jupiter,Gemini,"29°59'04.46""",Punarvasu,Jupiter,3,120,119.2034,0.7966
2025-12-06 00:00:00,Aspect,Square,Sun,Scorpio,"19°35'33.26""",Jyeshtha,Mercury,1,Rahu,Aquarius,"19°20'31.76""",Shatabhisha,Rahu,4,90,89.7496,0.2504
2025-12-06 00:00:00,Aspect,Square,Sun,Scorpio,"19°35'33.26""",Jyeshtha,Mercury,1,Ketu,Leo,"19°20'31.76""",Purva Phalguni,Venus,2,90,90.2504,0.2504
2025-12-06 00:00:00,Aspect,Square,Moon,Gemini,"0°09'08.29""",Mrigashira,Mars,3,Saturn,Pisces,"0°59'18.60""",Purva Bhadrapada,Jupiter,4,90,89.1638,0.8362
2025-12-06 00:00:00,Aspect,Trine,Mercury,Libra,"29°11'47.55""",Vishakha,Jupiter,3,Jupiter,Gemini,"29°59'01.57""",Punarvasu,Jupiter,3,120,119.2128,0.7872
2025-12-06 00:15:00,Aspect,Square,Sun,Scorpio,"19°36'11.30""",Jyeshtha,Mercury,1,Rahu,Aquarius,"19°20'29.77""",Shatabhisha,Rahu,4,90,89.7385,0.2615
2025-12-06 00:15:00,Aspect,Square,Sun,Scorpio,"19°36'11.30""",Jyeshtha,Mercury,1,Ketu,Leo,"19°20'29.77""",Purva Phalguni,Venus,2,90,90.2615,0.2615
2025-12-06 00:15:00,Aspect,Square,Moon,Gemini,"0°18'38.74""",Mrigashira,Mars,3,Saturn,Pisces,"0°59'19.10""",Purva Bhadrapada,Jupiter,4,90,89.3221,0.6779
2025-12-06 00:15:00,Aspect,Trine,Mercury,Libra,"29°12'18.45""",Vishakha,Jupiter,3,Jupiter,Gemini,"29°58'58.67""",Punarvasu,Jupiter,3,120,119.2222,0.7778
2025-12-06 00:30:00,Aspect,Square,Sun,Scorpio,"19°36'49.34""",Jyeshtha,Mercury,1,Rahu,Aquarius,"19°20'27.78""",Shatabhisha,Rahu,4,90,89.7273,0.2727
2025-12-06 00:30:00,Aspect,Square,Sun,Scorpio,"19°36'49.34""",Jyeshtha,Mercury,1,Ketu,Leo,"19°20'27.78""",Purva Phalguni,Venus,2,90,90.2727,0.2727
2025-12-06 00:30:00,Aspect,Square,Moon,Gemini,"0°28'09.09""",Mrigashira,Mars,3,Saturn,Pisces,"0°59'19.61""",Purva Bhadrapada,Jupiter,4,90,89.4804,0.5196
2025-12-06 00:30:00,Aspect,Trine,Mercury,Libra,"29°12'49.38""",Vishakha,Jupiter,3,Jupiter,Gemini,"29°58'55.78""",Punarvasu,Jupiter,3,120,119.2316,0.7684
2025-12-06 00:45:00,Aspect,Square,Sun,Scorpio,"19°37'27.38""",Jyeshtha,Mercury,1,Rahu,Aquarius,"19°20'25.79""",Shatabhisha,Rahu,4,90,89.7162,0.2838
2025-12-06 00:45:00,Aspect,Square,Sun,Scorpio,"19°37'27.38""",Jyeshtha,Mercury,1,Ketu,Leo,"19°20'25.79""",Purva Phalguni,Venus,2,90,90.2838,0.2838
2025-12-06 00:45:00,Aspect,Square,Moon,Gemini,"0°37'39.36""",Mrigashira,Mars,3,Saturn,Pisces,"0°59'20.12""",Purva Bhadrapada,Jupiter,4,90,89.6387,0.3613
2025-12-06 00:45:00,Aspect,Trine,Mercury,Libra,"29°13'20.35""",Vishakha,Jupiter,3,Jupiter,Gemini,"29°58'52.88""",Punarvasu,Jupiter,3,120,119.241,0.759
2025-12-06 01:00:00,Aspect,Square,Sun,Scorpio,"19°38'05.42""",Jyeshtha,Mercury,1,Rahu,Aquarius,"19°20'23.81""",Shatabhisha,Rahu,4,90,89.7051,0.2949
2025-12-06 01:00:00,Aspect,Square,Sun,Scorpio,"19°38'05.42""",Jyeshtha,Mercury,1,Ketu,Leo,"19°20'23.81""",Purva Phalguni,Venus,2,90,90.2949,0.2949
2025-12-06 01:00:00,Aspect,Square,Moon,Gemini,"0°47'09.53""",Mrigashira,Mars,3,Saturn,Pisces,"0°59'20.63""",Purva Bhadrapada,Jupiter,4,90,89.7969,0.2031
2025-12-06 01:00:00,Aspect,Trine,Mercury,Libra,"29°13'51.35""",Vishakha,Jupiter,3,Jupiter,Gemini,"29°58'49.99""",Punarvasu,Jupiter,3,120,119.2504,0.7496
2025-12-06 01:15:00,Aspect,Square,Sun,Scorpio,"19°38'43.46""",Jyeshtha,Mercury,1,Rahu,Aquarius,"19°20'21.82""",Shatabhisha,Rahu,4,90,89.694,0.306
2025-12-06 01:15:00,Aspect,Square,Sun,Scorpio,"19°38'43.46""",Jyeshtha,Mercury,1,Ketu,Leo,"19°20'21.82""",Purva Phalguni,Venus,2,90,90.306,0.306
2025-12-06 01:15:00,Aspect,Square,Moon,Gemini,"0°56'39.61""",Mrigashira,Mars,3,Saturn,Pisces,"0°59'21.14""",Purva Bhadrapada,Jupiter,4,90,89.9551,0.0449
2025-12-06 01:15:00,Aspect,Trine,Mercury,Libra,"29°14'22.40""",Vishakha,Jupiter,3,Jupiter,Gemini,"29°58'47.09""",Punarvasu,Jupiter,3,120,119.2598,0.7402
2025-12-06 01:30:00,Aspect,Square,Sun,Scorpio,"19°39'21.50""",Jyeshtha,Mercury,1,Rahu,Aquarius,"19°20'19.83""",Shatabhisha,Rahu,4,90,89.6829,0.3171
2025-12-06 01:30:00,Aspect,Square,Sun,Scorpio,"19°39'21.50""",Jyeshtha,Mercury,1,Ketu,Leo,"19°20'19.83""",Purva Phalguni,Venus,2,90,90.3171,0.3171
2025-12-06 01:30:00,Aspect,Square,Moon,Gemini,"1°06'09.60""",Mrigashira,Mars,3,Saturn,Pisces,"0°59'21.65""",Purva Bhadrapada,Jupiter,4,90,90.1133,0.1133
2025-12-06 01:30:00,Aspect,Trine,Mercury,Libra,"29°14'53.48""",Vishakha,Jupiter,3,Jupiter,Gemini,"29°58'44.19""",Punarvasu,Jupiter,3,120,119.2692,0.7308
2025-12-06 01:45:00,Aspect,Square,Sun,Scorpio,"19°39'59.54""",Jyeshtha,Mercury,1,Rahu,Aquarius,"19°20'17.85""",Shatabhisha,Rahu,4,90,89.6718,0.3282
2025-12-06 01:45:00,Aspect,Square,Sun,Scorpio,"19°39'59.54""",Jyeshtha,Mercury,1,Ketu,Leo,"19°20'17.85""",Purva Phalguni,Venus,2,90,90.3282,0.3282
2025-12-06 01:45:00,Aspect,Square,Moon,Gemini,"1°15'39.50""",Mrigashira,Mars,3,Saturn,Pisces,"0°59'22.16""",Purva Bhadrapada,Jupiter,4,90,90.2715,0.2715
2025-12-06 01:45:00,Aspect,Trine,Mercury,Libra,"29°15'24.60""",Vishakha,Jupiter,3,Jupiter,Gemini,"29°58'41.29""",Punarvasu,Jupiter,3,120,119.2787,0.7213
2025-12-06 02:00:00,Aspect,Square,Sun,Scorpio,"19°40'37.58""",Jyeshtha,Mercury,1,Rahu,Aquarius,"19°20'15.86""",Shatabhisha,Rahu,4,90,89.6606,0.3394
2025-12-06 02:00:00,Aspect,Square,Sun,Scorpio,"19°40'37.58""",Jyeshtha,Mercury,1,Ketu,Leo,"19°20'15.86""",Purva Phalguni,Venus,2,90,90.3394,0.3394
2025-12-06 02:00:00,Aspect,Square,Moon,Gemini,"1°25'09.30""",Mrigashira,Mars,3,Saturn,Pisces,"0°59'22.67""",Purva Bhadrapada,Jupiter,4,90,90.4296,0.4296
2025-12-06 02:00:00,Aspect,Trine,Mercury,Libra,"29°15'55.75""",Vishakha,Jupiter,3,Jupiter,Gemini,"29°58'38.39""",Punarvasu,Jupiter,3,120,119.2882,0.7118
2025-12-06 02:15:00,Aspect,Square,Sun,Scorpio,"19°41'15.62""",Jyeshtha,Mercury,1,Rahu,Aquarius,"19°20'13.87""",Shatabhisha,Rahu,4,90,89.6495,0.3505
2025-12-06 02:15:00,Aspect,Square,Sun,Scorpio,"19°41'15.62""",Jyeshtha,Mercury,1,Ketu,Leo,"19°20'13.87""",Purva Phalguni,Venus,2,90,90.3505,0.3505
2025-12-06 02:15:00,Aspect,Square,Moon,Gemini,"1°34'39.01""",Mrigashira,Mars,3,Saturn,Pisces,"0°59'23.18""",Purva Bhadrapada,Jupiter,4,90,90.5877,0.5877
2025-12-06 02:15:00,Aspect,Trine,Mercury,Libra,"29°16'26.94""",Vishakha,Jupiter,3,Jupiter,Gemini,"29°58'35.48""",Punarvasu,Jupiter,3,120,119.2976,0.7024
2025-12-06 02:30:00,Aspect,Square,Sun,Scorpio,"19°41'53.67""",Jyeshtha,Mercury,1,Rahu,Aquarius,"19°20'11.88""",Shatabhisha,Rahu,4,90,89.6384,0.3616
2025-12-06 02:30:00,Aspect,Square,Sun,Scorpio,"19°41'53.67""",Jyeshtha,Mercury,1,Ketu,Leo,"19°20'11.88""",Purva Phalguni,Venus,2,90,90.3616,0.3616
2025-12-06 02:30:00,Aspect,Square,Moon,Gemini,"1°44'08.62""",Mrigashira,Mars,3,Saturn,Pisces,"0°59'23.70""",Purva Bhadrapada,Jupiter,4,90,90.7458,0.7458
2025-12-06 02:30:00,Aspect,Trine,Mercury,Libra,"29°16'58.18""",Vishakha,Jupiter,3,Jupiter,Gemini,"29°58'32.58""",Punarvasu,Jupiter,3,120,119.3071,0.6929
2025-12-06 02:45:00,Aspect,Square,Sun,Scorpio,"19°42'31.71""",Jyeshtha,Mercury,1,Rahu,Aquarius,"19°20'09.90""",Shatabhisha,Rahu,4,90,89.6273,0.3727
2025-12-06 02:45:00,Aspect,Square,Sun,Scorpio,"19°42'31.71""",Jyeshtha,Mercury,1,Ketu,Leo,"19°20'09.90""",Purva Phalguni,Venus,2,90,90.3727,0.3727
2025-12-06 02:45:00,Aspect,Square,Moon,Gemini,"1°53'38.13""",Mrigashira,Mars,3,Saturn,Pisces,"0°59'24.21""",Purva Bhadrapada,Jupiter,4,90,90.9039,0.9039
2025-12-06 02:45:00,Aspect,Trine,Mercury,Libra,"29°17'29.44""",Vishakha,Jupiter,3,Jupiter,Gemini,"29°58'29.67""",Punarvasu,Jupiter,3,120,119.3166,0.6834
2025-12-06 03:00:00,Aspect,Square,Sun,Scorpio,"19°43'09.75""",Jyeshtha,Mercury,1,Rahu,Aquarius,"19°20'07.91""",Shatabhisha,Rahu,4,90,89.6162,0.3838
2025-12-06 03:00:00,Aspect,Square,Sun,Scorpio,"19°43'09.75""",Jyeshtha,Mercury,1,Ketu,Leo,"19°20'07.91""",Purva Phalguni,Venus,2,90,90.3838,0.3838
2025-12-06 03:00:00,Aspect,Trine,Mercury,Libra,"29°18'00.75""",Vishakha,Jupiter,3,Jupiter,Gemini,"29°58'26.77""",Punarvasu,Jupiter,3,120,119.3261,0.6739
2025-12-06 03:15:00,Aspect,Square,Sun,Scorpio,"19°43'47.79""",Jyeshtha,Mercury,1,Rahu,Aquarius,"19°20'05.92""",Shatabhisha,Rahu,4,90,89.605,0.395
2025-12-06 03:15:00,Aspect,Square,Sun,Scorpio,"19°43'47.79""",Jyeshtha,Mercury,1,Ketu,Leo,"19°20'05.92""",Purva Phalguni,Venus,2,90,90.395,0.395
2025-12-06 03:15:00,Aspect,Trine,Mercury,Libra,"29°18'32.09""",Vishakha,Jupiter,3,Jupiter,Gemini,"29°58'23.86""",Punarvasu,Jupiter,3,120,119.3356,0.6644
2025-12-06 03:30:00,Aspect,Square,Sun,Scorpio,"19°44'25.83""",Jyeshtha,Mercury,1,Rahu,Aquarius,"19°20'03.94""",Shatabhisha,Rahu,4,90,89.5939,0.4061
2025-12-06 03:30:00,Aspect,Square,Sun,Scorpio,"19°44'25.83""",Jyeshtha,Mercury,1,Ketu,Leo,"19°20'03.94""",Purva Phalguni,Venus,2,90,90.4061,0.4061
2025-12-06 03:30:00,Aspect,Trine,Mercury,Libra,"29°19'03.47""",Vishakha,Jupiter,3,Jupiter,Gemini,"29°58'20.95""",Punarvasu,Jupiter,3,120,119.3451,0.6549
2025-12-06 03:45:00,Aspect,Square,Sun,Scorpio,"19°45'03.87""",Jyeshtha,Mercury,1,Rahu,Aquarius,"19°20'01.95""",Shatabhisha,Rahu,4,90,89.5828,0.4172
2025-12-06 03:45:00,Aspect,Square,Sun,Scorpio,"19°45'03.87""",Jyeshtha,Mercury,1,Ketu,Leo,"19°20'01.95""",Purva Phalguni,Venus,2,90,90.4172,0.4172
2025-12-06 03:45:00,Aspect,Trine,Mercury,Libra,"29°19'34.89""",Vishakha,Jupiter,3,Jupiter,Gemini,"29°58'18.04""",Punarvasu,Jupiter,3,120,119.3547,0.6453
2025-12-06 04:00:00,Aspect,Square,Sun,Scorpio,"19°45'41.91""",Jyeshtha,Mercury,1,Rahu,Aquarius,"19°19'59.96""",Shatabhisha,Rahu,4,90,89.5717,0.4283
2025-12-06 04:00:00,Aspect,Square,Sun,Scorpio,"19°45'41.91""",Jyeshtha,Mercury,1,Ketu,Leo,"19°19'59.96""",Purva Phalguni,Venus,2,90,90.4283,0.4283
2025-12-06 04:00:00,Aspect,Trine,Mercury,Libra,"29°20'06.34""",Vishakha,Jupiter,3,Jupiter,Gemini,"29°58'15.13""",Punarvasu,Jupiter,3,120,119.3642,0.6358
2025-12-06 04:15:00,Aspect,Square,Sun,Scorpio,"19°46'19.96""",Jyeshtha,Mercury,1,Rahu,Aquarius,"19°19'57.97""",Shatabhisha,Rahu,4,90,89.5606,0.4394
2025-12-06 04:15:00,Aspect,Square,Sun,Scorpio,"19°46'19.96""",Jyeshtha,Mercury,1,Ketu,Leo,"19°19'57.97""",Purva Phalguni,Venus,2,90,90.4394,0.4394
2025-12-06 04:15:00,Aspect,Trine,Mercury,Libra,"29°20'37.83""",Vishakha,Jupiter,3,Jupiter,Gemini,"29°58'12.22""",Punarvasu,Jupiter,3,120,119.3738,0.6262
2025-12-06 04:30:00,Aspect,Square,Sun,Scorpio,"19°46'58.00""",Jyeshtha,Mercury,1,Rahu,Aquarius,"19°19'55.99""",Shatabhisha,Rahu,4,90,89.5494,0.4506
2025-12-06 04:30:00,Aspect,Square,Sun,Scorpio,"19°46'58.00""",Jyeshtha,Mercury,1,Ketu,Leo,"19°19'55.99""",Purva Phalguni,Venus,2,90,90.4506,0.4506
2025-12-06 04:30:00,Aspect,Trine,Mercury,Libra,"29°21'09.36""",Vishakha,Jupiter,3,Jupiter,Gemini,"29°58'09.31""",Punarvasu,Jupiter,3,120,119.3833,0.6167
2025-12-06 04:45:00,Aspect,Square,Sun,Scorpio,"19°47'36.04""",Jyeshtha,Mercury,1,Rahu,Aquarius,"19°19'54.00""",Shatabhisha,Rahu,4,90,89.5383,0.4617
2025-12-06 04:45:00,Aspect,Square,Sun,Scorpio,"19°47'36.04""",Jyeshtha,Mercury,1,Ketu,Leo,"19°19'54.00""",Purva Phalguni,Venus,2,90,90.4617,0.4617
2025-12-06 04:45:00,Aspect,Trine,Mercury,Libra,"29°21'40.92""",Vishakha,Jupiter,3,Jupiter,Gemini,"29°58'06.39""",Punarvasu,Jupiter,3,120,119.3929,0.6071
2025-12-06 05:00:00,Aspect,Square,Sun,Scorpio,"19°48'14.08""",Jyeshtha,Mercury,1,Rahu,Aquarius,"19°19'52.01""",Shatabhisha,Rahu,4,90,89.5272,0.4728
2025-12-06 05:00:00,Aspect,Square,Sun,Scorpio,"19°48'14.08""",Jyeshtha,Mercury,1,Ketu,Leo,"19°19'52.01""",Purva Phalguni,Venus,2,90,90.4728,0.4728
2025-12-06 05:00:00,Aspect,Trine,Mercury,Libra,"29°22'12.52""",Vishakha,Jupiter,3,Jupiter,Gemini,"29°58'03.48""",Punarvasu,Jupiter,3,120,119.4025,0.5975
2025-12-06 05:15:00,Aspect,Square,Sun,Scorpio,"19°48'52.12""",Jyeshtha,Mercury,1,Rahu,Aquarius,"19°19'50.02""",Shatabhisha,Rahu,4,90,89.5161,0.4839
2025-12-06 05:15:00,Aspect,Square,Sun,Scorpio,"19°48'52.12""",Jyeshtha,Mercury,1,Ketu,Leo,"19°19'50.02""",Purva Phalguni,Venus,2,90,90.4839,0.4839
2025-12-06 05:15:00,Aspect,Trine,Mercury,Libra,"29°22'44.16""",Vishakha,Jupiter,3,Jupiter,Gemini,"29°58'00.56""",Punarvasu,Jupiter,3,120,119.4121,0.5879
2025-12-06 05:30:00,Aspect,Square,Sun,Scorpio,"19°49'30.17""",Jyeshtha,Mercury,1,Rahu,Aquarius,"19°19'48.04""",Shatabhisha,Rahu,4,90,89.505,0.495
2025-12-06 05:30:00,Aspect,Square,Sun,Scorpio,"19°49'30.17""",Jyeshtha,Mercury,1,Ketu,Leo,"19°19'48.04""",Purva Phalguni,Venus,2,90,90.495,0.495
2025-12-06 05:30:00,Aspect,Trine,Mercury,Libra,"29°23'15.83""",Vishakha,Jupiter,3,Jupiter,Gemini,"29°57'57.64""",Punarvasu,Jupiter,3,120,119.4217,0.5783
2025-12-06 05:45:00,Aspect,Square,Sun,Scorpio,"19°50'08.21""",Jyeshtha,Mercury,1,Rahu,Aquarius,"19°19'46.05""",Shatabhisha,Rahu,4,90,89.4938,0.5062
2025-12-06 05:45:00,Aspect,Square,Sun,Scorpio,"19°50'08.21""",Jyeshtha,Mercury,1,Ketu,Leo,"19°19'46.05""",Purva Phalguni,Venus,2,90,90.5062,0.5062
2025-12-06 05:45:00,Aspect,Trine,Mercury,Libra,"29°23'47.54""",Vishakha,Jupiter,3,Jupiter,Gemini,"29°57'54.72""",Punarvasu,Jupiter,3,120,119.4313,0.5687
2025-12-06 06:00:00,Aspect,Square,Sun,Scorpio,"19°50'46.25""",Jyeshtha,Mercury,1,Rahu,Aquarius,"19°19'44.06""",Shatabhisha,Rahu,4,90,89.4827,0.5173
2025-12-06 06:00:00,Aspect,Square,Sun,Scorpio,"19°50'46.25""",Jyeshtha,Mercury,1,Ketu,Leo,"19°19'44.06""",Purva Phalguni,Venus,2,90,90.5173,0.5173
2025-12-06 06:00:00,Aspect,Trine,Mercury,Libra,"29°24'19.29""",Vishakha,Jupiter,3,Jupiter,Gemini,"29°57'51.81""",Punarvasu,Jupiter,3,120,119.441,0.559
2025-12-06 06:15:00,Aspect,Square,Sun,Scorpio,"19°51'24.30""",Jyeshtha,Mercury,1,Rahu,Aquarius,"19°19'42.08""",Shatabhisha,Rahu,4,90,89.4716,0.5284
2025-12-06 06:15:00,Aspect,Square,Sun,Scorpio,"19°51'24.30""",Jyeshtha,Mercury,1,Ketu,Leo,"19°19'42.08""",Purva Phalguni,Venus,2,90,90.5284,0.5284
2025-12-06 06:15:00,Aspect,Trine,Mercury,Libra,"29°24'51.07""",Vishakha,Jupiter,3,Jupiter,Gemini,"29°57'48.88""",Punarvasu,Jupiter,3,120,119.4506,0.5494
2025-12-06 06:30:00,Aspect,Square,Sun,Scorpio,"19°52'02.34""",Jyeshtha,Mercury,1,Rahu,Aquarius,"19°19'40.09""",Shatabhisha,Rahu,4,90,89.4605,0.5395
2025-12-06 06:30:00,Aspect,Square,Sun,Scorpio,"19°52'02.34""",Jyeshtha,Mercury,1,Ketu,Leo,"19°19'40.09""",Purva Phalguni,Venus,2,90,90.5395,0.5395
2025-12-06 06:30:00,Aspect,Trine,Mercury,Libra,"29°25'22.90""",Vishakha,Jupiter,3,Jupiter,Gemini,"29°57'45.96""",Punarvasu,Jupiter,3,120,119.4603,0.5397
2025-12-06 06:45:00,Aspect,Square,Sun,Scorpio,"19°52'40.38""",Jyeshtha,Mercury,1,Rahu,Aquarius,"19°19'38.10""",Shatabhisha,Rahu,4,90,89.4494,0.5506
2025-12-06 06:45:00,Aspect,Square,Sun,Scorpio,"19°52'40.38""",Jyeshtha,Mercury,1,Ketu,Leo,"19°19'38.10""",Purva Phalguni,Venus,2,90,90.5506,0.5506
2025-12-06 06:45:00,Aspect,Trine,Mercury,Libra,"29°25'54.75""",Vishakha,Jupiter,3,Jupiter,Gemini,"29°57'43.04""",Punarvasu,Jupiter,3,120,119.4699,0.5301
2025-12-06 07:00:00,Aspect,Square,Sun,Scorpio,"19°53'18.42""",Jyeshtha,Mercury,1,Rahu,Aquarius,"19°19'36.11""",Shatabhisha,Rahu,4,90,89.4382,0.5618
2025-12-06 07:00:00,Aspect,Square,Sun,Scorpio,"19°53'18.42""",Jyeshtha,Mercury,1,Ketu,Leo,"19°19'36.11""",Purva Phalguni,Venus,2,90,90.5618,0.5618
2025-12-06 07:00:00,Aspect,Trine,Mercury,Libra,"29°26'26.65""",Vishakha,Jupiter,3,Jupiter,Gemini,"29°57'40.12""",Punarvasu,Jupiter,3,120,119.4796,0.5204
2025-12-06 07:15:00,Aspect,Square,Sun,Scorpio,"19°53'56.47""",Jyeshtha,Mercury,1,Rahu,Aquarius,"19°19'34.13""",Shatabhisha,Rahu,4,90,89.4271,0.5729
2025-12-06 07:15:00,Aspect,Square,Sun,Scorpio,"19°53'56.47""",Jyeshtha,Mercury,1,Ketu,Leo,"19°19'34.13""",Purva Phalguni,Venus,2,90,90.5729,0.5729
2025-12-06 07:15:00,Aspect,Trine,Mercury,Libra,"29°26'58.57""",Vishakha,Jupiter,3,Jupiter,Gemini,"29°57'37.19""",Punarvasu,Jupiter,3,120,119.4893,0.5107
2025-12-06 07:30:00,Aspect,Square,Sun,Scorpio,"19°54'34.51""",Jyeshtha,Mercury,1,Rahu,Aquarius,"19°19'32.14""",Shatabhisha,Rahu,4,90,89.416,0.584
2025-12-06 07:30:00,Aspect,Square,Sun,Scorpio,"19°54'34.51""",Jyeshtha,Mercury,1,Ketu,Leo,"19°19'32.14""",Purva Phalguni,Venus,2,90,90.584,0.584
2025-12-06 07:30:00,Aspect,Trine,Mercury,Libra,"29°27'30.54""",Vishakha,Jupiter,3,Jupiter,Gemini,"29°57'34.26""",Punarvasu,Jupiter,3,120,119.499,0.501
2025-12-06 07:45:00,Aspect,Square,Sun,Scorpio,"19°55'12.56""",Jyeshtha,Mercury,1,Rahu,Aquarius,"19°19'30.15""",Shatabhisha,Rahu,4,90,89.4049,0.5951
2025-12-06 07:45:00,Aspect,Square,Sun,Scorpio,"19°55'12.56""",Jyeshtha,Mercury,1,Ketu,Leo,"19°19'30.15""",Purva Phalguni,Venus,2,90,90.5951,0.5951
2025-12-06 07:45:00,Aspect,Trine,Mercury,Libra,"29°28'02.54""",Vishakha,Jupiter,3,Jupiter,Gemini,"29°57'31.34""",Punarvasu,Jupiter,3,120,119.5087,0.4913
2025-12-06 08:00:00,Aspect,Square,Sun,Scorpio,"19°55'50.60""",Jyeshtha,Mercury,1,Rahu,Aquarius,"19°19'28.17""",Shatabhisha,Rahu,4,90,89.3938,0.6062
2025-12-06 08:00:00,Aspect,Square,Sun,Scorpio,"19°55'50.60""",Jyeshtha,Mercury,1,Ketu,Leo,"19°19'28.17""",Purva Phalguni,Venus,2,90,90.6062,0.6062
2025-12-06 08:00:00,Aspect,Trine,Mercury,Libra,"29°28'34.58""",Vishakha,Jupiter,3,Jupiter,Gemini,"29°57'28.41""",Punarvasu,Jupiter,3,120,119.5184,0.4816
2025-12-06 08:15:00,Aspect,Square,Sun,Scorpio,"19°56'28.64""",Jyeshtha,Mercury,1,Rahu,Aquarius,"19°19'26.18""",Shatabhisha,Rahu,4,90,89.3826,0.6174
2025-12-06 08:15:00,Aspect,Square,Sun,Scorpio,"19°56'28.64""",Jyeshtha,Mercury,1,Ketu,Leo,"19°19'26.18""",Purva Phalguni,Venus,2,90,90.6174,0.6174
2025-12-06 08:15:00,Aspect,Trine,Mercury,Libra,"29°29'06.66""",Vishakha,Jupiter,3,Jupiter,Gemini,"29°57'25.48""",Punarvasu,Jupiter,3,120,119.5281,0.4719
2025-12-06 08:30:00,Aspect,Square,Sun,Scorpio,"19°57'06.69""",Jyeshtha,Mercury,1,Rahu,Aquarius,"19°19'24.19""",Shatabhisha,Rahu,4,90,89.3715,0.6285
2025-12-06 08:30:00,Aspect,Square,Sun,Scorpio,"19°57'06.69""",Jyeshtha,Mercury,1,Ketu,Leo,"19°19'24.19""",Purva Phalguni,Venus,2,90,90.6285,0.6285
2025-12-06 08:30:00,Aspect,Trine,Mercury,Libra,"29°29'38.77""",Vishakha,Jupiter,3,Jupiter,Gemini,"29°57'22.55""",Punarvasu,Jupiter,3,120,119.5378,0.4622
2025-12-06 08:45:00,Aspect,Square,Sun,Scorpio,"19°57'44.73""",Jyeshtha,Mercury,1,Rahu,Aquarius,"19°19'22.20""",Shatabhisha,Rahu,4,90,89.3604,0.6396
2025-12-06 08:45:00,Aspect,Square,Sun,Scorpio,"19°57'44.73""",Jyeshtha,Mercury,1,Ketu,Leo,"19°19'22.20""",Purva Phalguni,Venus,2,90,90.6396,0.6396
2025-12-06 08:45:00,Aspect,Trine,Mercury,Libra,"29°30'10.91""",Vishakha,Jupiter,3,Jupiter,Gemini,"29°57'19.61""",Punarvasu,Jupiter,3,120,119.5476,0.4524
2025-12-06 09:00:00,Aspect,Square,Sun,Scorpio,"19°58'22.78""",Jyeshtha,Mercury,1,Rahu,Aquarius,"19°19'20.22""",Shatabhisha,Rahu,4,90,89.3493,0.6507
2025-12-06 09:00:00,Aspect,Square,Sun,Scorpio,"19°58'22.78""",Jyeshtha,Mercury,1,Ketu,Leo,"19°19'20.22""",Purva Phalguni,Venus,2,90,90.6507,0.6507
2025-12-06 09:00:00,Aspect,Trine,Mercury,Libra,"29°30'43.10""",Vishakha,Jupiter,3,Jupiter,Gemini,"29°57'16.68""",Punarvasu,Jupiter,3,120,119.5573,0.4427
2025-12-06 09:15:00,Aspect,Square,Sun,Scorpio,"19°59'00.82""",Jyeshtha,Mercury,1,Rahu,Aquarius,"19°19'18.23""",Shatabhisha,Rahu,4,90,89.3382,0.6618
2025-12-06 09:15:00,Aspect,Square,Sun,Scorpio,"19°59'00.82""",Jyeshtha,Mercury,1,Ketu,Leo,"19°19'18.23""",Purva Phalguni,Venus,2,90,90.6618,0.6618
2025-12-06 09:15:00,Aspect,Trine,Mercury,Libra,"29°31'15.31""",Vishakha,Jupiter,3,Jupiter,Gemini,"29°57'13.75""",Punarvasu,Jupiter,3,120,119.5671,0.4329
2025-12-06 09:30:00,Aspect,Square,Sun,Scorpio,"19°59'38.86""",Jyeshtha,Mercury,1,Rahu,Aquarius,"19°19'16.24""",Shatabhisha,Rahu,4,90,89.327,0.673
2025-12-06 09:30:00,Aspect,Square,Sun,Scorpio,"19°59'38.86""",Jyeshtha,Mercury,1,Ketu,Leo,"19°19'16.24""",Purva Phalguni,Venus,2,90,90.673,0.673
2025-12-06 09:30:00,Aspect,Trine,Mercury,Libra,"29°31'47.57""",Vishakha,Jupiter,3,Jupiter,Gemini,"29°57'10.81""",Punarvasu,Jupiter,3,120,119.5769,0.4231
2025-12-06 09:45:00,Aspect,Square,Sun,Scorpio,"20°00'16.91""",Jyeshtha,Mercury,2,Rahu,Aquarius,"19°19'14.26""",Shatabhisha,Rahu,4,90,89.3159,0.6841
2025-12-06 09:45:00,Aspect,Square,Sun,Scorpio,"20°00'16.91""",Jyeshtha,Mercury,2,Ketu,Leo,"19°19'14.26""",Purva Phalguni,Venus,2,90,90.6841,0.6841
2025-12-06 09:45:00,Aspect,Trine,Mercury,Libra,"29°32'19.86""",Vishakha,Jupiter,3,Jupiter,Gemini,"29°57'07.88""",Punarvasu,Jupiter,3,120,119.5867,0.4133
2025-12-06 10:00:00,Aspect,Square,Sun,Scorpio,"20°00'54.95""",Jyeshtha,Mercury,2,Rahu,Aquarius,"19°19'12.27""",Shatabhisha,Rahu,4,90,89.3048,0.6952
2025-12-06 10:00:00,Aspect,Square,Sun,Scorpio,"20°00'54.95""",Jyeshtha,Mercury,2,Ketu,Leo,"19°19'12.27""",Purva Phalguni,Venus,2,90,90.6952,0.6952
2025-12-06 10:00:00,Aspect,Trine,Mercury,Libra,"29°32'52.18""",Vishakha,Jupiter,3,Jupiter,Gemini,"29°57'04.94""",Punarvasu,Jupiter,3,120,119.5965,0.4035
2025-12-06 10:15:00,Aspect,Square,Sun,Scorpio,"20°01'33.00""",Jyeshtha,Mercury,2,Rahu,Aquarius,"19°19'10.28""",Shatabhisha,Rahu,4,90,89.2937,0.7063
2025-12-06 10:15:00,Aspect,Square,Sun,Scorpio,"20°01'33.00""",Jyeshtha,Mercury,2,Ketu,Leo,"19°19'10.28""",Purva Phalguni,Venus,2,90,90.7063,0.7063
2025-12-06 10:15:00,Aspect,Trine,Mercury,Libra,"29°33'24.55""",Vishakha,Jupiter,3,Jupiter,Gemini,"29°57'02.00""",Punarvasu,Jupiter,3,120,119.6063,0.3937
2025-12-06 10:30:00,Aspect,Square,Sun,Scorpio,"20°02'11.04""",Jyeshtha,Mercury,2,Rahu,Aquarius,"19°19'08.29""",Shatabhisha,Rahu,4,90,89.2826,0.7174
2025-12-06 10:30:00,Aspect,Square,Sun,Scorpio,"20°02'11.04""",Jyeshtha,Mercury,2,Ketu,Leo,"19°19'08.29""",Purva Phalguni,Venus,2,90,90.7174,0.7174
2025-12-06 10:30:00,Aspect,Trine,Mercury,Libra,"29°33'56.94""",Vishakha,Jupiter,3,Jupiter,Gemini,"29°56'59.06""",Punarvasu,Jupiter,3,120,119.6161,0.3839
2025-12-06 10:45:00,Aspect,Square,Sun,Scorpio,"20°02'49.09""",Jyeshtha,Mercury,2,Rahu,Aquarius,"19°19'06.31""",Shatabhisha,Rahu,4,90,89.2714,0.7286
2025-12-06 10:45:00,Aspect,Square,Sun,Scorpio,"20°02'49.09""",Jyeshtha,Mercury,2,Ketu,Leo,"19°19'06.31""",Purva Phalguni,Venus,2,90,90.7286,0.7286
2025-12-06 10:45:00,Aspect,Trine,Mercury,Libra,"29°34'29.38""",Vishakha,Jupiter,3,Jupiter,Gemini,"29°56'56.12""",Punarvasu,Jupiter,3,120,119.6259,0.3741
2025-12-06 11:00:00,Aspect,Square,Sun,Scorpio,"20°03'27.13""",Jyeshtha,Mercury,2,Rahu,Aquarius,"19°19'04.32""",Shatabhisha,Rahu,4,90,89.2603,0.7397
2025-12-06 11:00:00,Aspect,Square,Sun,Scorpio,"20°03'27.13""",Jyeshtha,Mercury,2,Ketu,Leo,"19°19'04.32""",Purva Phalguni,Venus,2,90,90.7397,0.7397
2025-12-06 11:00:00,Aspect,Trine,Mercury,Libra,"29°35'01.85""",Vishakha,Jupiter,3,Jupiter,Gemini,"29°56'53.18""",Punarvasu,Jupiter,3,120,119.6357,0.3643
2025-12-06 11:15:00,Aspect,Square,Sun,Scorpio,"20°04'05.18""",Jyeshtha,Mercury,2,Rahu,Aquarius,"19°19'02.33""",Shatabhisha,Rahu,4,90,89.2492,0.7508
2025-12-06 11:15:00,Aspect,Square,Sun,Scorpio,"20°04'05.18""",Jyeshtha,Mercury,2,Ketu,Leo,"19°19'02.33""",Purva Phalguni,Venus,2,90,90.7508,0.7508
2025-12-06 11:15:00,Aspect,Trine,Mercury,Libra,"29°35'34.35""",Vishakha,Jupiter,3,Jupiter,Gemini,"29°56'50.23""",Punarvasu,Jupiter,3,120,119.6456,0.3544
2025-12-06 11:30:00,Aspect,Square,Sun,Scorpio,"20°04'43.22""",Jyeshtha,Mercury,2,Rahu,Aquarius,"19°19'00.34""",Shatabhisha,Rahu,4,90,89.2381,0.7619
2025-12-06 11:30:00,Aspect,Square,Sun,Scorpio,"20°04'43.22""",Jyeshtha,Mercury,2,Ketu,Leo,"19°19'00.34""",Purva Phalguni,Venus,2,90,90.7619,0.7619
2025-12-06 11:30:00,Aspect,Trine,Mercury,Libra,"29°36'06.89""",Vishakha,Jupiter,3,Jupiter,Gemini,"29°56'47.29""",Punarvasu,Jupiter,3,120,119.6554,0.3446
2025-12-06 11:45:00,Aspect,Square,Sun,Scorpio,"20°05'21.27""",Jyeshtha,Mercury,2,Rahu,Aquarius,"19°18'58.36""",Shatabhisha,Rahu,4,90,89.227,0.773
2025-12-06 11:45:00,Aspect,Square,Sun,Scorpio,"20°05'21.27""",Jyeshtha,Mercury,2,Ketu,Leo,"19°18'58.36""",Purva Phalguni,Venus,2,90,90.773,0.773
2025-12-06 11:45:00,Aspect,Trine,Mercury,Libra,"29°36'39.47""",Vishakha,Jupiter,3,Jupiter,Gemini,"29°56'44.34""",Punarvasu,Jupiter,3,120,119.6653,0.3347
2025-12-06 12:00:00,Aspect,Square,Sun,Scorpio,"20°05'59.32""",Jyeshtha,Mercury,2,Rahu,Aquarius,"19°18'56.37""",Shatabhisha,Rahu,4,90,89.2158,0.7842
2025-12-06 12:00:00,Aspect,Square,Sun,Scorpio,"20°05'59.32""",Jyeshtha,Mercury,2,Ketu,Leo,"19°18'56.37""",Purva Phalguni,Venus,2,90,90.7842,0.7842
2025-12-06 12:00:00,Aspect,Trine,Mercury,Libra,"29°37'12.08""",Vishakha,Jupiter,3,Jupiter,Gemini,"29°56'41.40""",Punarvasu,Jupiter,3,120,119.6752,0.3248
2025-12-06 12:15:00,Aspect,Square,Sun,Scorpio,"20°06'37.36""",Jyeshtha,Mercury,2,Rahu,Aquarius,"19°18'54.38""",Shatabhisha,Rahu,4,90,89.2047,0.7953
2025-12-06 12:15:00,Aspect,Square,Sun,Scorpio,"20°06'37.36""",Jyeshtha,Mercury,2,Ketu,Leo,"19°18'54.38""",Purva Phalguni,Venus,2,90,90.7953,0.7953
2025-12-06 12:15:00,Aspect,Trine,Mercury,Libra,"29°37'44.72""",Vishakha,Jupiter,3,Jupiter,Gemini,"29°56'38.45""",Punarvasu,Jupiter,3,120,119.6851,0.3149
2025-12-06 12:30:00,Aspect,Square,Sun,Scorpio,"20°07'15.41""",Jyeshtha,Mercury,2,Rahu,Aquarius,"19°18'52.40""",Shatabhisha,Rahu,4,90,89.1936,0.8064
2025-12-06 12:30:00,Aspect,Square,Sun,Scorpio,"20°07'15.41""",Jyeshtha,Mercury,2,Ketu,Leo,"19°18'52.40""",Purva Phalguni,Venus,2,90,90.8064,0.8064
2025-12-06 12:30:00,Aspect,Trine,Mercury,Libra,"29°38'17.40""",Vishakha,Jupiter,3,Jupiter,Gemini,"29°56'35.50""",Punarvasu,Jupiter,3,120,119.695,0.305
2025-12-06 12:45:00,Aspect,Square,Sun,Scorpio,"20°07'53.45""",Jyeshtha,Mercury,2,Rahu,Aquarius,"19°18'50.41""",Shatabhisha,Rahu,4,90,89.1825,0.8175
2025-12-06 12:45:00,Aspect,Square,Sun,Scorpio,"20°07'53.45""",Jyeshtha,Mercury,2,Ketu,Leo,"19°18'50.41""",Purva Phalguni,Venus,2,90,90.8175,0.8175
2025-12-06 12:45:00,Aspect,Trine,Mercury,Libra,"29°38'50.12""",Vishakha,Jupiter,3,Jupiter,Gemini,"29°56'32.55""",Punarvasu,Jupiter,3,120,119.7049,0.2951
2025-12-06 13:00:00,Aspect,Square,Sun,Scorpio,"20°08'31.50""",Jyeshtha,Mercury,2,Rahu,Aquarius,"19°18'48.42""",Shatabhisha,Rahu,4,90,89.1714,0.8286
2025-12-06 13:00:00,Aspect,Square,Sun,Scorpio,"20°08'31.50""",Jyeshtha,Mercury,2,Ketu,Leo,"19°18'48.42""",Purva Phalguni,Venus,2,90,90.8286,0.8286
2025-12-06 13:00:00,Aspect,Trine,Mercury,Libra,"29°39'22.87""",Vishakha,Jupiter,3,Jupiter,Gemini,"29°56'29.60""",Punarvasu,Jupiter,3,120,119.7148,0.2852
2025-12-06 13:15:00,Aspect,Square,Sun,Scorpio,"20°09'09.55""",Jyeshtha,Mercury,2,Rahu,Aquarius,"19°18'46.43""",Shatabhisha,Rahu,4,90,89.1602,0.8398
2025-12-06 13:15:00,Aspect,Square,Sun,Scorpio,"20°09'09.55""",Jyeshtha,Mercury,2,Ketu,Leo,"19°18'46.43""",Purva Phalguni,Venus,2,90,90.8398,0.8398
2025-12-06 13:15:00,Aspect,Trine,Mercury,Libra,"29°39'55.66""",Vishakha,Jupiter,3,Jupiter,Gemini,"29°56'26.65""",Punarvasu,Jupiter,3,120,119.7247,0.2753
2025-12-06 13:30:00,Aspect,Square,Sun,Scorpio,"20°09'47.59""",Jyeshtha,Mercury,2,Rahu,Aquarius,"19°18'44.45""",Shatabhisha,Rahu,4,90,89.1491,0.8509
2025-12-06 13:30:00,Aspect,Square,Sun,Scorpio,"20°09'47.59""",Jyeshtha,Mercury,2,Ketu,Leo,"19°18'44.45""",Purva Phalguni,Venus,2,90,90.8509,0.8509
2025-12-06 13:30:00,Aspect,Trine,Mercury,Libra,"29°40'28.48""",Vishakha,Jupiter,3,Jupiter,Gemini,"29°56'23.69""",Punarvasu,Jupiter,3,120,119.7347,0.2653
2025-12-06 13:45:00,Aspect,Square,Sun,Scorpio,"20°10'25.64""",Jyeshtha,Mercury,2,Rahu,Aquarius,"19°18'42.46""",Shatabhisha,Rahu,4,90,89.138,0.862
2025-12-06 13:45:00,Aspect,Square,Sun,Scorpio,"20°10'25.64""",Jyeshtha,Mercury,2,Ketu,Leo,"19°18'42.46""",Purva Phalguni,Venus,2,90,90.862,0.862
2025-12-06 13:45:00,Aspect,Trine,Mercury,Libra,"29°41'01.34""",Vishakha,Jupiter,3,Jupiter,Gemini,"29°56'20.74""",Punarvasu,Jupiter,3,120,119.7446,0.2554
2025-12-06 14:00:00,Aspect,Square,Sun,Scorpio,"20°11'03.69""",Jyeshtha,Mercury,2,Rahu,Aquarius,"19°18'40.47""",Shatabhisha,Rahu,4,90,89.1269,0.8731
2025-12-06 14:00:00,Aspect,Square,Sun,Scorpio,"20°11'03.69""",Jyeshtha,Mercury,2,Ketu,Leo,"19°18'40.47""",Purva Phalguni,Venus,2,90,90.8731,0.8731
2025-12-06 14:00:00,Aspect,Trine,Mercury,Libra,"29°41'34.23""",Vishakha,Jupiter,3,Jupiter,Gemini,"29°56'17.78""",Punarvasu,Jupiter,3,120,119.7546,0.2454
2025-12-06 14:15:00,Aspect,Square,Sun,Scorpio,"20°11'41.73""",Jyeshtha,Mercury,2,Rahu,Aquarius,"19°18'38.49""",Shatabhisha,Rahu,4,90,89.1158,0.8842
2025-12-06 14:15:00,Aspect,Square,Sun,Scorpio,"20°11'41.73""",Jyeshtha,Mercury,2,Ketu,Leo,"19°18'38.49""",Purva Phalguni,Venus,2,90,90.8842,0.8842
2025-12-06 14:15:00,Aspect,Trine,Mercury,Libra,"29°42'07.16""",Vishakha,Jupiter,3,Jupiter,Gemini,"29°56'14.83""",Punarvasu,Jupiter,3,120,119.7645,0.2355
2025-12-06 14:30:00,Aspect,Square,Sun,Scorpio,"20°12'19.78""",Jyeshtha,Mercury,2,Rahu,Aquarius,"19°18'36.50""",Shatabhisha,Rahu,4,90,89.1046,0.8954
2025-12-06 14:30:00,Aspect,Square,Sun,Scorpio,"20°12'19.78""",Jyeshtha,Mercury,2,Ketu,Leo,"19°18'36.50""",Purva Phalguni,Venus,2,90,90.8954,0.8954
2025-12-06 14:30:00,Aspect,Trine,Mercury,Libra,"29°42'40.12""",Vishakha,Jupiter,3,Jupiter,Gemini,"29°56'11.87""",Punarvasu,Jupiter,3,120,119.7745,0.2255
2025-12-06 14:45:00,Aspect,Square,Sun,Scorpio,"20°12'57.83""",Jyeshtha,Mercury,2,Rahu,Aquarius,"19°18'34.51""",Shatabhisha,Rahu,4,90,89.0935,0.9065
2025-12-06 14:45:00,Aspect,Square,Sun,Scorpio,"20°12'57.83""",Jyeshtha,Mercury,2,Ketu,Leo,"19°18'34.51""",Purva Phalguni,Venus,2,90,90.9065,0.9065
2025-12-06 14:45:00,Aspect,Trine,Mercury,Libra,"29°43'13.12""",Vishakha,Jupiter,3,Jupiter,Gemini,"29°56'08.91""",Punarvasu,Jupiter,3,120,119.7845,0.2155
2025-12-06 15:00:00,Aspect,Square,Sun,Scorpio,"20°13'35.87""",Jyeshtha,Mercury,2,Rahu,Aquarius,"19°18'32.52""",Shatabhisha,Rahu,4,90,89.0824,0.9176
2025-12-06 15:00:00,Aspect,Square,Sun,Scorpio,"20°13'35.87""",Jyeshtha,Mercury,2,Ketu,Leo,"19°18'32.52""",Purva Phalguni,Venus,2,90,90.9176,0.9176
2025-12-06 15:00:00,Aspect,Trine,Mercury,Libra,"29°43'46.15""",Vishakha,Jupiter,3,Jupiter,Gemini,"29°56'05.95""",Punarvasu,Jupiter,3,120,119.7945,0.2055
2025-12-06 15:15:00,Aspect,Square,Sun,Scorpio,"20°14'13.92""",Jyeshtha,Mercury,2,Rahu,Aquarius,"19°18'30.54""",Shatabhisha,Rahu,4,90,89.0713,0.9287
2025-12-06 15:15:00,Aspect,Square,Sun,Scorpio,"20°14'13.92""",Jyeshtha,Mercury,2,Ketu,Leo,"19°18'30.54""",Purva Phalguni,Venus,2,90,90.9287,0.9287
2025-12-06 15:15:00,Aspect,Trine,Mercury,Libra,"29°44'19.22""",Vishakha,Jupiter,3,Jupiter,Gemini,"29°56'02.99""",Punarvasu,Jupiter,3,120,119.8045,0.1955
2025-12-06 15:30:00,Aspect,Square,Sun,Scorpio,"20°14'51.97""",Jyeshtha,Mercury,2,Rahu,Aquarius,"19°18'28.55""",Shatabhisha,Rahu,4,90,89.0602,0.9398
2025-12-06 15:30:00,Aspect,Square,Sun,Scorpio,"20°14'51.97""",Jyeshtha,Mercury,2,Ketu,Leo,"19°18'28.55""",Purva Phalguni,Venus,2,90,90.9398,0.9398
2025-12-06 15:30:00,Aspect,Trine,Mercury,Libra,"29°44'52.32""",Vishakha,Jupiter,3,Jupiter,Gemini,"29°56'00.03""",Punarvasu,Jupiter,3,120,119.8145,0.1855
2025-12-06 15:45:00,Aspect,Square,Sun,Scorpio,"20°15'30.02""",Jyeshtha,Mercury,2,Rahu,Aquarius,"19°18'26.56""",Shatabhisha,Rahu,4,90,89.049,0.951
2025-12-06 15:45:00,Aspect,Square,Sun,Scorpio,"20°15'30.02""",Jyeshtha,Mercury,2,Ketu,Leo,"19°18'26.56""",Purva Phalguni,Venus,2,90,90.951,0.951
2025-12-06 15:45:00,Aspect,Trine,Mercury,Libra,"29°45'25.46""",Vishakha,Jupiter,3,Jupiter,Gemini,"29°55'57.06""",Punarvasu,Jupiter,3,120,119.8246,0.1754
2025-12-06 16:00:00,Aspect,Square,Sun,Scorpio,"20°16'08.06""",Jyeshtha,Mercury,2,Rahu,Aquarius,"19°18'24.58""",Shatabhisha,Rahu,4,90,89.0379,0.9621
2025-12-06 16:00:00,Aspect,Square,Sun,Scorpio,"20°16'08.06""",Jyeshtha,Mercury,2,Ketu,Leo,"19°18'24.58""",Purva Phalguni,Venus,2,90,90.9621,0.9621
2025-12-06 16:00:00,Aspect,Trine,Mercury,Libra,"29°45'58.63""",Vishakha,Jupiter,3,Jupiter,Gemini,"29°55'54.10""",Punarvasu,Jupiter,3,120,119.8346,0.1654
2025-12-06 16:15:00,Aspect,Square,Sun,Scorpio,"20°16'46.11""",Jyeshtha,Mercury,2,Rahu,Aquarius,"19°18'22.59""",Shatabhisha,Rahu,4,90,89.0268,0.9732
2025-12-06 16:15:00,Aspect,Square,Sun,Scorpio,"20°16'46.11""",Jyeshtha,Mercury,2,Ketu,Leo,"19°18'22.59""",Purva Phalguni,Venus,2,90,90.9732,0.9732
2025-12-06 16:15:00,Aspect,Trine,Mercury,Libra,"29°46'31.83""",Vishakha,Jupiter,3,Jupiter,Gemini,"29°55'51.13""",Punarvasu,Jupiter,3,120,119.8446,0.1554
2025-12-06 16:30:00,Aspect,Square,Sun,Scorpio,"20°17'24.16""",Jyeshtha,Mercury,2,Rahu,Aquarius,"19°18'20.60""",Shatabhisha,Rahu,4,90,89.0157,0.9843
2025-12-06 16:30:00,Aspect,Square,Sun,Scorpio,"20°17'24.16""",Jyeshtha,Mercury,2,Ketu,Leo,"19°18'20.60""",Purva Phalguni,Venus,2,90,90.9843,0.9843
2025-12-06 16:30:00,Aspect,Trine,Mercury,Libra,"29°47'05.07""",Vishakha,Jupiter,3,Jupiter,Gemini,"29°55'48.17""",Punarvasu,Jupiter,3,120,119.8547,0.1453
2025-12-06 16:45:00,Aspect,Square,Sun,Scorpio,"20°18'02.21""",Jyeshtha,Mercury,2,Rahu,Aquarius,"19°18'18.61""",Shatabhisha,Rahu,4,90,89.0046,0.9954
2025-12-06 16:45:00,Aspect,Square,Sun,Scorpio,"20°18'02.21""",Jyeshtha,Mercury,2,Ketu,Leo,"19°18'18.61""",Purva Phalguni,Venus,2,90,90.9954,0.9954
2025-12-06 16:45:00,Aspect,Trine,Mercury,Libra,"29°47'38.35""",Vishakha,Jupiter,3,Jupiter,Gemini,"29°55'45.20""",Punarvasu,Jupiter,3,120,119.8648,0.1352
2025-12-06 17:00:00,Aspect,Trine,Mercury,Libra,"29°48'11.66""",Vishakha,Jupiter,3,Jupiter,Gemini,"29°55'42.23""",Punarvasu,Jupiter,3,120,119.8748,0.1252
2025-12-06 17:15:00,Aspect,Trine,Mercury,Libra,"29°48'45.00""",Vishakha,Jupiter,3,Jupiter,Gemini,"29°55'39.26""",Punarvasu,Jupiter,3,120,119.8849,0.1151
2025-12-06 17:30:00,Aspect,Trine,Mercury,Libra,"29°49'18.38""",Vishakha,Jupiter,3,Jupiter,Gemini,"29°55'36.29""",Punarvasu,Jupiter,3,120,119.895,0.105
2025-12-06 17:45:00,Aspect,Trine,Mercury,Libra,"29°49'51.79""",Vishakha,Jupiter,3,Jupiter,Gemini,"29°55'33.32""",Punarvasu,Jupiter,3,120,119.9051,0.0949
2025-12-06 18:00:00,Aspect,Trine,Mercury,Libra,"29°50'25.24""",Vishakha,Jupiter,3,Jupiter,Gemini,"29°55'30.34""",Punarvasu,Jupiter,3,120,119.9152,0.0848
2025-12-06 18:15:00,Aspect,Trine,Mercury,Libra,"29°50'58.72""",Vishakha,Jupiter,3,Jupiter,Gemini,"29°55'27.37""",Punarvasu,Jupiter,3,120,119.9254,0.0746
2025-12-06 18:30:00,Aspect,Trine,Mercury,Libra,"29°51'32.23""",Vishakha,Jupiter,3,Jupiter,Gemini,"29°55'24.39""",Punarvasu,Jupiter,3,120,119.9355,0.0645
2025-12-06 18:45:00,Aspect,Trine,Mercury,Libra,"29°52'05.78""",Vishakha,Jupiter,3,Jupiter,Gemini,"29°55'21.42""",Punarvasu,Jupiter,3,120,119.9457,0.0543
2025-12-06 19:00:00,Aspect,Trine,Mercury,Libra,"29°52'39.36""",Vishakha,Jupiter,3,Jupiter,Gemini,"29°55'18.44""",Punarvasu,Jupiter,3,120,119.9558,0.0442
2025-12-06 19:15:00,Aspect,Trine,Mercury,Libra,"29°53'12.98""",Vishakha,Jupiter,3,Jupiter,Gemini,"29°55'15.46""",Punarvasu,Jupiter,3,120,119.966,0.034
2025-12-06 19:30:00,Aspect,Trine,Mercury,Libra,"29°53'46.63""",Vishakha,Jupiter,3,Jupiter,Gemini,"29°55'12.48""",Punarvasu,Jupiter,3,120,119.9762,0.0238
2025-12-06 19:45:00,Aspect,Trine,Mercury,Libra,"29°54'20.32""",Vishakha,Jupiter,3,Jupiter,Gemini,"29°55'09.50""",Punarvasu,Jupiter,3,120,119.9863,0.0137
2025-12-06 20:00:00,Aspect,Trine,Mercury,Libra,"29°54'54.04""",Vishakha,Jupiter,3,Jupiter,Gemini,"29°55'06.52""",Punarvasu,Jupiter,3,120,119.9965,0.0035
2025-12-06 20:15:00,Aspect,Trine,Mercury,Libra,"29°55'27.79""",Vishakha,Jupiter,3,Jupiter,Gemini,"29°55'03.53""",Punarvasu,Jupiter,3,120,120.0067,0.0067
2025-12-06 20:30:00,Aspect,Trine,Mercury,Libra,"29°56'01.58""",Vishakha,Jupiter,3,Jupiter,Gemini,"29°55'00.55""",Punarvasu,Jupiter,3,120,120.017,0.017
2025-12-06 20:45:00,Aspect,Trine,Mercury,Libra,"29°56'35.40""",Vishakha,Jupiter,3,Jupiter,Gemini,"29°54'57.56""",Punarvasu,Jupiter,3,120,120.0272,0.0272
2025-12-06 21:00:00,Aspect,Trine,Mercury,Libra,"29°57'09.25""",Vishakha,Jupiter,3,Jupiter,Gemini,"29°54'54.58""",Punarvasu,Jupiter,3,120,120.0374,0.0374
2025-12-06 21:15:00,Aspect,Trine,Mercury,Libra,"29°57'43.14""",Vishakha,Jupiter,3,Jupiter,Gemini,"29°54'51.59""",Punarvasu,Jupiter,3,120,120.0477,0.0477
2025-12-06 21:30:00,Aspect,Trine,Mercury,Libra,"29°58'17.06""",Vishakha,Jupiter,3,Jupiter,Gemini,"29°54'48.60""",Punarvasu,Jupiter,3,120,120.0579,0.0579
2025-12-06 21:45:00,Aspect,Trine,Mercury,Libra,"29°58'51.01""",Vishakha,Jupiter,3,Jupiter,Gemini,"29°54'45.61""",Punarvasu,Jupiter,3,120,120.0682,0.0682
2025-12-06 22:00:00,Aspect,Trine,Mercury,Libra,"29°59'25.00""",Vishakha,Jupiter,3,Jupiter,Gemini,"29°54'42.62""",Punarvasu,Jupiter,3,120,120.0784,0.0784
2025-12-06 22:15:00,Aspect,Trine,Mercury,Libra,"29°59'59.02""",Vishakha,Jupiter,3,Jupiter,Gemini,"29°54'39.63""",Punarvasu,Jupiter,3,120,120.0887,0.0887
2025-12-06 22:30:00,Aspect,Trine,Mercury,Scorpio,"0°00'33.08""",Vishakha,Jupiter,4,Jupiter,Gemini,"29°54'36.63""",Punarvasu,Jupiter,3,120,120.099,0.099
2025-12-06 22:30:00,Aspect,Trine,Mercury,Scorpio,"0°00'33.08""",Vishakha,Jupiter,4,Saturn,Pisces,"1°00'07.00""",Purva Bhadrapada,Jupiter,4,120,120.9928,0.9928
2025-12-06 22:45:00,Aspect,Trine,Mercury,Scorpio,"0°01'07.17""",Vishakha,Jupiter,4,Jupiter,Gemini,"29°54'33.64""",Punarvasu,Jupiter,3,120,120.1093,0.1093
2025-12-06 22:45:00,Aspect,Trine,Mercury,Scorpio,"0°01'07.17""",Vishakha,Jupiter,4,Saturn,Pisces,"1°00'07.57""",Purva Bhadrapada,Jupiter,4,120,120.9834,0.9834
2025-12-06 23:00:00,Aspect,Trine,Mercury,Scorpio,"0°01'41.29""",Vishakha,Jupiter,4,Jupiter,Gemini,"29°54'30.64""",Punarvasu,Jupiter,3,120,120.1196,0.1196
2025-12-06 23:00:00,Aspect,Trine,Mercury,Scorpio,"0°01'41.29""",Vishakha,Jupiter,4,Saturn,Pisces,"1°00'08.14""",Purva Bhadrapada,Jupiter,4,120,120.9741,0.9741
2025-12-06 23:15:00,Aspect,Trine,Mercury,Scorpio,"0°02'15.45""",Vishakha,Jupiter,4,Jupiter,Gemini,"29°54'27.65""",Punarvasu,Jupiter,3,120,120.1299,0.1299
2025-12-06 23:15:00,Aspect,Trine,Mercury,Scorpio,"0°02'15.45""",Vishakha,Jupiter,4,Saturn,Pisces,"1°00'08.71""",Purva Bhadrapada,Jupiter,4,120,120.9648,0.9648
2025-12-06 23:30:00,Aspect,Trine,Mercury,Scorpio,"0°02'49.64""",Vishakha,Jupiter,4,Jupiter,Gemini,"29°54'24.65""",Punarvasu,Jupiter,3,120,120.1403,0.1403
2025-12-06 23:30:00,Aspect,Trine,Mercury,Scorpio,"0°02'49.64""",Vishakha,Jupiter,4,Saturn,Pisces,"1°00'09.29""",Purva Bhadrapada,Jupiter,4,120,120.9555,0.9555
2025-12-06 23:45:00,Aspect,Trine,Mercury,Scorpio,"0°03'23.86""",Vishakha,Jupiter,4,Jupiter,Gemini,"29°54'21.65""",Punarvasu,Jupiter,3,120,120.1506,0.1506
2025-12-06 23:45:00,Aspect,Trine,Mercury,Scorpio,"0°03'23.86""",Vishakha,Jupiter,4,Saturn,Pisces,"1°00'09.86""",Purva Bhadrapada,Jupiter,4,120,120.9461,0.9461
2025-12-07 00:00:00,Aspect,Trine,Mercury,Scorpio,"0°03'58.11""",Vishakha,Jupiter,4,Jupiter,Gemini,"29°54'18.65""",Punarvasu,Jupiter,3,120,120.161,0.161
2025-12-07 00:00:00,Aspect,Trine,Mercury,Scorpio,"0°03'58.11""",Vishakha,Jupiter,4,Saturn,Pisces,"1°00'10.43""",Purva Bhadrapada,Jupiter,4,120,120.9368,0.9368
2025-12-07 00:15:00,Aspect,Trine,Mercury,Scorpio,"0°04'32.40""",Vishakha,Jupiter,4,Jupiter,Gemini,"29°54'15.65""",Punarvasu,Jupiter,3,120,120.1713,0.1713
2025-12-07 00:15:00,Aspect,Trine,Mercury,Scorpio,"0°04'32.40""",Vishakha,Jupiter,4,Saturn,Pisces,"1°00'11.01""",Purva Bhadrapada,Jupiter,4,120,120.9274,0.9274
2025-12-07 00:30:00,Aspect,Trine,Mercury,Scorpio,"0°05'06.72""",Vishakha,Jupiter,4,Jupiter,Gemini,"29°54'12.64""",Punarvasu,Jupiter,3,120,120.1817,0.1817
2025-12-07 00:30:00,Aspect,Trine,Mercury,Scorpio,"0°05'06.72""",Vishakha,Jupiter,4,Saturn,Pisces,"1°00'11.58""",Purva Bhadrapada,Jupiter,4,120,120.918,0.918
2025-12-07 00:45:00,Aspect,Trine,Mercury,Scorpio,"0°05'41.08""",Vishakha,Jupiter,4,Jupiter,Gemini,"29°54'09.64""",Punarvasu,Jupiter,3,120,120.1921,0.1921
2025-12-07 00:45:00,Aspect,Trine,Mercury,Scorpio,"0°05'41.08""",Vishakha,Jupiter,4,Saturn,Pisces,"1°00'12.15""",Purva Bhadrapada,Jupiter,4,120,120.9086,0.9086
2025-12-07 01:00:00,Aspect,Trine,Mercury,Scorpio,"0°06'15.46""",Vishakha,Jupiter,4,Jupiter,Gemini,"29°54'06.64""",Punarvasu,Jupiter,3,120,120.2025,0.2025
2025-12-07 01:00:00,Aspect,Trine,Mercury,Scorpio,"0°06'15.46""",Vishakha,Jupiter,4,Saturn,Pisces,"1°00'12.73""",Purva Bhadrapada,Jupiter,4,120,120.8992,0.8992
2025-12-07 01:15:00,Aspect,Trine,Mercury,Scorpio,"0°06'49.88""",Vishakha,Jupiter,4,Jupiter,Gemini,"29°54'03.63""",Punarvasu,Jupiter,3,120,120.2128,0.2128
2025-12-07 01:15:00,Aspect,Trine,Mercury,Scorpio,"0°06'49.88""",Vishakha,Jupiter,4,Saturn,Pisces,"1°00'13.31""",Purva Bhadrapada,Jupiter,4,120,120.8898,0.8898
2025-12-07 01:30:00,Aspect,Trine,Mercury,Scorpio,"0°07'24.34""",Vishakha,Jupiter,4,Jupiter,Gemini,"29°54'00.62""",Punarvasu,Jupiter,3,120,120.2233,0.2233
2025-12-07 01:30:00,Aspect,Trine,Mercury,Scorpio,"0°07'24.34""",Vishakha,Jupiter,4,Saturn,Pisces,"1°00'13.88""",Purva Bhadrapada,Jupiter,4,120,120.8804,0.8804
2025-12-07 01:45:00,Aspect,Trine,Mercury,Scorpio,"0°07'58.82""",Vishakha,Jupiter,4,Jupiter,Gemini,"29°53'57.62""",Punarvasu,Jupiter,3,120,120.2337,0.2337
2025-12-07 01:45:00,Aspect,Trine,Mercury,Scorpio,"0°07'58.82""",Vishakha,Jupiter,4,Saturn,Pisces,"1°00'14.46""",Purva Bhadrapada,Jupiter,4,120,120.871,0.871
2025-12-07 02:00:00,Aspect,Trine,Mercury,Scorpio,"0°08'33.34""",Vishakha,Jupiter,4,Jupiter,Gemini,"29°53'54.61""",Punarvasu,Jupiter,3,120,120.2441,0.2441
2025-12-07 02:00:00,Aspect,Trine,Mercury,Scorpio,"0°08'33.34""",Vishakha,Jupiter,4,Saturn,Pisces,"1°00'15.04""",Purva Bhadrapada,Jupiter,4,120,120.8616,0.8616
2025-12-07 02:15:00,Aspect,Trine,Mercury,Scorpio,"0°09'07.89""",Vishakha,Jupiter,4,Jupiter,Gemini,"29°53'51.60""",Punarvasu,Jupiter,3,120,120.2545,0.2545
2025-12-07 02:15:00,Aspect,Trine,Mercury,Scorpio,"0°09'07.89""",Vishakha,Jupiter,4,Saturn,Pisces,"1°00'15.62""",Purva Bhadrapada,Jupiter,4,120,120.8521,0.8521
2025-12-07 02:30:00,Aspect,Trine,Mercury,Scorpio,"0°09'42.48""",Vishakha,Jupiter,4,Jupiter,Gemini,"29°53'48.59""",Punarvasu,Jupiter,3,120,120.265,0.265
2025-12-07 02:30:00,Aspect,Trine,Mercury,Scorpio,"0°09'42.48""",Vishakha,Jupiter,4,Saturn,Pisces,"1°00'16.20""",Purva Bhadrapada,Jupiter,4,120,120.8427,0.8427
2025-12-07 02:45:00,Aspect,Trine,Mercury,Scorpio,"0°10'17.09""",Vishakha,Jupiter,4,Jupiter,Gemini,"29°53'45.57""",Punarvasu,Jupiter,3,120,120.2754,0.2754
2025-12-07 02:45:00,Aspect,Trine,Mercury,Scorpio,"0°10'17.09""",Vishakha,Jupiter,4,Saturn,Pisces,"1°00'16.78""",Purva Bhadrapada,Jupiter,4,120,120.8332,0.8332
2025-12-07 03:00:00,Aspect,Trine,Mercury,Scorpio,"0°10'51.74""",Vishakha,Jupiter,4,Jupiter,Gemini,"29°53'42.56""",Punarvasu,Jupiter,3,120,120.2859,0.2859
2025-12-07 03:00:00,Aspect,Trine,Mercury,Scorpio,"0°10'51.74""",Vishakha,Jupiter,4,Saturn,Pisces,"1°00'17.36""",Purva Bhadrapada,Jupiter,4,120,120.8238,0.8238
2025-12-07 03:15:00,Aspect,Trine,Mercury,Scorpio,"0°11'26.42""",Vishakha,Jupiter,4,Jupiter,Gemini,"29°53'39.55""",Punarvasu,Jupiter,3,120,120.2964,0.2964
2025-12-07 03:15:00,Aspect,Trine,Mercury,Scorpio,"0°11'26.42""",Vishakha,Jupiter,4,Saturn,Pisces,"1°00'17.94""",Purva Bhadrapada,Jupiter,4,120,120.8143,0.8143
2025-12-07 03:30:00,Aspect,Trine,Mercury,Scorpio,"0°12'01.14""",Vishakha,Jupiter,4,Jupiter,Gemini,"29°53'36.53""",Punarvasu,Jupiter,3,120,120.3068,0.3068
2025-12-07 03:30:00,Aspect,Trine,Mercury,Scorpio,"0°12'01.14""",Vishakha,Jupiter,4,Saturn,Pisces,"1°00'18.53""",Purva Bhadrapada,Jupiter,4,120,120.8048,0.8048
2025-12-07 03:45:00,Aspect,Trine,Mercury,Scorpio,"0°12'35.88""",Vishakha,Jupiter,4,Jupiter,Gemini,"29°53'33.51""",Punarvasu,Jupiter,3,120,120.3173,0.3173
2025-12-07 03:45:00,Aspect,Trine,Mercury,Scorpio,"0°12'35.88""",Vishakha,Jupiter,4,Saturn,Pisces,"1°00'19.11""",Purva Bhadrapada,Jupiter,4,120,120.7953,0.7953
2025-12-07 04:00:00,Aspect,Trine,Mercury,Scorpio,"0°13'10.66""",Vishakha,Jupiter,4,Jupiter,Gemini,"29°53'30.50""",Punarvasu,Jupiter,3,120,120.3278,0.3278
2025-12-07 04:00:00,Aspect,Trine,Mercury,Scorpio,"0°13'10.66""",Vishakha,Jupiter,4,Saturn,Pisces,"1°00'19.69""",Purva Bhadrapada,Jupiter,4,120,120.7858,0.7858
2025-12-07 04:15:00,Aspect,Trine,Mercury,Scorpio,"0°13'45.48""",Vishakha,Jupiter,4,Jupiter,Gemini,"29°53'27.48""",Punarvasu,Jupiter,3,120,120.3383,0.3383
2025-12-07 04:15:00,Aspect,Trine,Mercury,Scorpio,"0°13'45.48""",Vishakha,Jupiter,4,Saturn,Pisces,"1°00'20.28""",Purva Bhadrapada,Jupiter,4,120,120.7763,0.7763
2025-12-07 04:30:00,Aspect,Trine,Mercury,Scorpio,"0°14'20.32""",Vishakha,Jupiter,4,Jupiter,Gemini,"29°53'24.46""",Punarvasu,Jupiter,3,120,120.3489,0.3489
2025-12-07 04:30:00,Aspect,Trine,Mercury,Scorpio,"0°14'20.32""",Vishakha,Jupiter,4,Saturn,Pisces,"1°00'20.86""",Purva Bhadrapada,Jupiter,4,120,120.7668,0.7668
2025-12-07 04:45:00,Aspect,Trine,Mercury,Scorpio,"0°14'55.20""",Vishakha,Jupiter,4,Jupiter,Gemini,"29°53'21.44""",Punarvasu,Jupiter,3,120,120.3594,0.3594
2025-12-07 04:45:00,Aspect,Trine,Mercury,Scorpio,"0°14'55.20""",Vishakha,Jupiter,4,Saturn,Pisces,"1°00'21.45""",Purva Bhadrapada,Jupiter,4,120,120.7573,0.7573
2025-12-07 05:00:00,Aspect,Trine,Moon,Gemini,"18°19'08.66""",Ardra,Rahu,4,Rahu,Aquarius,"19°16'41.24""",Shatabhisha,Rahu,4,120,119.0409,0.9591
2025-12-07 05:00:00,Aspect,Sextitle,Moon,Gemini,"18°19'08.66""",Ardra,Rahu,4,Ketu,Leo,"19°16'41.24""",Purva Phalguni,Venus,2,60,60.9591,0.9591
2025-12-07 05:00:00,Aspect,Trine,Mercury,Scorpio,"0°15'30.10""",Vishakha,Jupiter,4,Jupiter,Gemini,"29°53'18.41""",Punarvasu,Jupiter,3,120,120.3699,0.3699
2025-12-07 05:00:00,Aspect,Trine,Mercury,Scorpio,"0°15'30.10""",Vishakha,Jupiter,4,Saturn,Pisces,"1°00'22.04""",Purva Bhadrapada,Jupiter,4,120,120.7478,0.7478
2025-12-07 05:15:00,Aspect,Trine,Moon,Gemini,"18°28'24.29""",Ardra,Rahu,4,Rahu,Aquarius,"19°16'39.25""",Shatabhisha,Rahu,4,120,119.1958,0.8042
2025-12-07 05:15:00,Aspect,Sextitle,Moon,Gemini,"18°28'24.29""",Ardra,Rahu,4,Ketu,Leo,"19°16'39.25""",Purva Phalguni,Venus,2,60,60.8042,0.8042
2025-12-07 05:15:00,Aspect,Trine,Mercury,Scorpio,"0°16'05.04""",Vishakha,Jupiter,4,Jupiter,Gemini,"29°53'15.39""",Punarvasu,Jupiter,3,120,120.3805,0.3805
2025-12-07 05:15:00,Aspect,Trine,Mercury,Scorpio,"0°16'05.04""",Vishakha,Jupiter,4,Saturn,Pisces,"1°00'22.63""",Purva Bhadrapada,Jupiter,4,120,120.7382,0.7382
2025-12-07 05:30:00,Aspect,Trine,Moon,Gemini,"18°37'39.77""",Ardra,Rahu,4,Rahu,Aquarius,"19°16'37.27""",Shatabhisha,Rahu,4,120,119.3507,0.6493
2025-12-07 05:30:00,Aspect,Sextitle,Moon,Gemini,"18°37'39.77""",Ardra,Rahu,4,Ketu,Leo,"19°16'37.27""",Purva Phalguni,Venus,2,60,60.6493,0.6493
2025-12-07 05:30:00,Aspect,Trine,Mercury,Scorpio,"0°16'40.02""",Vishakha,Jupiter,4,Jupiter,Gemini,"29°53'12.37""",Punarvasu,Jupiter,3,120,120.391,0.391
2025-12-07 05:30:00,Aspect,Trine,Mercury,Scorpio,"0°16'40.02""",Vishakha,Jupiter,4,Saturn,Pisces,"1°00'23.21""",Purva Bhadrapada,Jupiter,4,120,120.7287,0.7287
2025-12-07 05:45:00,Aspect,Trine,Moon,Gemini,"18°46'55.08""",Ardra,Rahu,4,Rahu,Aquarius,"19°16'35.28""",Shatabhisha,Rahu,4,120,119.5055,0.4945
2025-12-07 05:45:00,Aspect,Sextitle,Moon,Gemini,"18°46'55.08""",Ardra,Rahu,4,Ketu,Leo,"19°16'35.28""",Purva Phalguni,Venus,2,60,60.4945,0.4945
2025-12-07 05:45:00,Aspect,Trine,Mercury,Scorpio,"0°17'15.02""",Vishakha,Jupiter,4,Jupiter,Gemini,"29°53'09.34""",Punarvasu,Jupiter,3,120,120.4016,0.4016
2025-12-07 05:45:00,Aspect,Trine,Mercury,Scorpio,"0°17'15.02""",Vishakha,Jupiter,4,Saturn,Pisces,"1°00'23.80""",Purva Bhadrapada,Jupiter,4,120,120.7191,0.7191
2025-12-07 06:00:00,Aspect,Trine,Moon,Gemini,"18°56'10.23""",Ardra,Rahu,4,Rahu,Aquarius,"19°16'33.29""",Shatabhisha,Rahu,4,120,119.6603,0.3397
2025-12-07 06:00:00,Aspect,Sextitle,Moon,Gemini,"18°56'10.23""",Ardra,Rahu,4,Ketu,Leo,"19°16'33.29""",Purva Phalguni,Venus,2,60,60.3397,0.3397
2025-12-07 06:00:00,Aspect,Trine,Mercury,Scorpio,"0°17'50.06""",Vishakha,Jupiter,4,Jupiter,Gemini,"29°53'06.31""",Punarvasu,Jupiter,3,120,120.4122,0.4122
2025-12-07 06:00:00,Aspect,Trine,Mercury,Scorpio,"0°17'50.06""",Vishakha,Jupiter,4,Saturn,Pisces,"1°00'24.39""",Purva Bhadrapada,Jupiter,4,120,120.7095,0.7095
2025-12-07 06:15:00,Aspect,Trine,Moon,Gemini,"19°05'25.22""",Ardra,Rahu,4,Rahu,Aquarius,"19°16'31.30""",Shatabhisha,Rahu,4,120,119.815,0.185
2025-12-07 06:15:00,Aspect,Sextitle,Moon,Gemini,"19°05'25.22""",Ardra,Rahu,4,Ketu,Leo,"19°16'31.30""",Purva Phalguni,Venus,2,60,60.185,0.185
2025-12-07 06:15:00,Aspect,Trine,Mercury,Scorpio,"0°18'25.13""",Vishakha,Jupiter,4,Jupiter,Gemini,"29°53'03.29""",Punarvasu,Jupiter,3,120,120.4227,0.4227
2025-12-07 06:15:00,Aspect,Trine,Mercury,Scorpio,"0°18'25.13""",Vishakha,Jupiter,4,Saturn,Pisces,"1°00'24.98""",Purva Bhadrapada,Jupiter,4,120,120.7,0.7
2025-12-07 06:30:00,Aspect,Trine,Moon,Gemini,"19°14'40.05""",Ardra,Rahu,4,Rahu,Aquarius,"19°16'29.32""",Shatabhisha,Rahu,4,120,119.9696,0.0304
2025-12-07 06:30:00,Aspect,Sextitle,Moon,Gemini,"19°14'40.05""",Ardra,Rahu,4,Ketu,Leo,"19°16'29.32""",Purva Phalguni,Venus,2,60,60.0304,0.0304
2025-12-07 06:30:00,Aspect,Trine,Mercury,Scorpio,"0°19'00.23""",Vishakha,Jupiter,4,Jupiter,Gemini,"29°53'00.26""",Punarvasu,Jupiter,3,120,120.4333,0.4333
2025-12-07 06:30:00,Aspect,Trine,Mercury,Scorpio,"0°19'00.23""",Vishakha,Jupiter,4,Saturn,Pisces,"1°00'25.57""",Purva Bhadrapada,Jupiter,4,120,120.6904,0.6904
2025-12-07 06:45:00,Aspect,Trine,Moon,Gemini,"19°23'54.71""",Ardra,Rahu,4,Rahu,Aquarius,"19°16'27.33""",Shatabhisha,Rahu,4,120,120.1243,0.1243
2025-12-07 06:45:00,Aspect,Sextitle,Moon,Gemini,"19°23'54.71""",Ardra,Rahu,4,Ketu,Leo,"19°16'27.33""",Purva Phalguni,Venus,2,60,59.8757,0.1243
2025-12-07 06:45:00,Aspect,Trine,Mercury,Scorpio,"0°19'35.36""",Vishakha,Jupiter,4,Jupiter,Gemini,"29°52'57.23""",Punarvasu,Jupiter,3,120,120.4439,0.4439
2025-12-07 06:45:00,Aspect,Trine,Mercury,Scorpio,"0°19'35.36""",Vishakha,Jupiter,4,Saturn,Pisces,"1°00'26.17""",Purva Bhadrapada,Jupiter,4,120,120.6808,0.6808
2025-12-07 07:00:00,Aspect,Trine,Moon,Gemini,"19°33'09.21""",Ardra,Rahu,4,Rahu,Aquarius,"19°16'25.34""",Shatabhisha,Rahu,4,120,120.2789,0.2789
2025-12-07 07:00:00,Aspect,Sextitle,Moon,Gemini,"19°33'09.21""",Ardra,Rahu,4,Ketu,Leo,"19°16'25.34""",Purva Phalguni,Venus,2,60,59.7211,0.2789
2025-12-07 07:00:00,Aspect,Trine,Mercury,Scorpio,"0°20'10.53""",Vishakha,Jupiter,4,Jupiter,Gemini,"29°52'54.20""",Punarvasu,Jupiter,3,120,120.4545,0.4545
2025-12-07 07:00:00,Aspect,Trine,Mercury,Scorpio,"0°20'10.53""",Vishakha,Jupiter,4,Saturn,Pisces,"1°00'26.76""",Purva Bhadrapada,Jupiter,4,120,120.6712,0.6712
2025-12-07 07:15:00,Aspect,Trine,Moon,Gemini,"19°42'23.54""",Ardra,Rahu,4,Rahu,Aquarius,"19°16'23.36""",Shatabhisha,Rahu,4,120,120.4334,0.4334
2025-12-07 07:15:00,Aspect,Sextitle,Moon,Gemini,"19°42'23.54""",Ardra,Rahu,4,Ketu,Leo,"19°16'23.36""",Purva Phalguni,Venus,2,60,59.5666,0.4334
2025-12-07 07:15:00,Aspect,Trine,Mercury,Scorpio,"0°20'45.72""",Vishakha,Jupiter,4,Jupiter,Gemini,"29°52'51.16""",Punarvasu,Jupiter,3,120,120.4652,0.4652
2025-12-07 07:15:00,Aspect,Trine,Mercury,Scorpio,"0°20'45.72""",Vishakha,Jupiter,4,Saturn,Pisces,"1°00'27.35""",Purva Bhadrapada,Jupiter,4,120,120.6616,0.6616
2025-12-07 07:30:00,Aspect,Trine,Moon,Gemini,"19°51'37.71""",Ardra,Rahu,4,Rahu,Aquarius,"19°16'21.37""",Shatabhisha,Rahu,4,120,120.5879,0.5879
2025-12-07 07:30:00,Aspect,Sextitle,Moon,Gemini,"19°51'37.71""",Ardra,Rahu,4,Ketu,Leo,"19°16'21.37""",Purva Phalguni,Venus,2,60,59.4121,0.5879
2025-12-07 07:30:00,Aspect,Trine,Mercury,Scorpio,"0°21'20.95""",Vishakha,Jupiter,4,Jupiter,Gemini,"29°52'48.13""",Punarvasu,Jupiter,3,120,120.4758,0.4758
2025-12-07 07:30:00,Aspect,Trine,Mercury,Scorpio,"0°21'20.95""",Vishakha,Jupiter,4,Saturn,Pisces,"1°00'27.95""",Purva Bhadrapada,Jupiter,4,120,120.6519,0.6519
2025-12-07 07:45:00,Aspect,Trine,Moon,Gemini,"20°00'51.72""",Punarvasu,Jupiter,1,Rahu,Aquarius,"19°16'19.38""",Shatabhisha,Rahu,4,120,120.7423,0.7423
2025-12-07 07:45:00,Aspect,Sextitle,Moon,Gemini,"20°00'51.72""",Punarvasu,Jupiter,1,Ketu,Leo,"19°16'19.38""",Purva Phalguni,Venus,2,60,59.2577,0.7423
2025-12-07 07:45:00,Aspect,Trine,Mercury,Scorpio,"0°21'56.21""",Vishakha,Jupiter,4,Jupiter,Gemini,"29°52'45.10""",Punarvasu,Jupiter,3,120,120.4864,0.4864
2025-12-07 07:45:00,Aspect,Trine,Mercury,Scorpio,"0°21'56.21""",Vishakha,Jupiter,4,Saturn,Pisces,"1°00'28.54""",Purva Bhadrapada,Jupiter,4,120,120.6423,0.6423
2025-12-07 08:00:00,Aspect,Trine,Moon,Gemini,"20°10'05.55""",Punarvasu,Jupiter,1,Rahu,Aquarius,"19°16'17.39""",Shatabhisha,Rahu,4,120,120.8967,0.8967
2025-12-07 08:00:00,Aspect,Sextitle,Moon,Gemini,"20°10'05.55""",Punarvasu,Jupiter,1,Ketu,Leo,"19°16'17.39""",Purva Phalguni,Venus,2,60,59.1033,0.8967
2025-12-07 08:00:00,Aspect,Trine,Mercury,Scorpio,"0°22'31.51""",Vishakha,Jupiter,4,Jupiter,Gemini,"29°52'42.06""",Punarvasu,Jupiter,3,120,120.4971,0.4971
2025-12-07 08:00:00,Aspect,Trine,Mercury,Scorpio,"0°22'31.51""",Vishakha,Jupiter,4,Saturn,Pisces,"1°00'29.14""",Purva Bhadrapada,Jupiter,4,120,120.6327,0.6327
2025-12-07 08:15:00,Aspect,Trine,Mercury,Scorpio,"0°23'06.83""",Vishakha,Jupiter,4,Jupiter,Gemini,"29°52'39.02""",Punarvasu,Jupiter,3,120,120.5077,0.5077
2025-12-07 08:15:00,Aspect,Trine,Mercury,Scorpio,"0°23'06.83""",Vishakha,Jupiter,4,Saturn,Pisces,"1°00'29.73""",Purva Bhadrapada,Jupiter,4,120,120.623,0.623
2025-12-07 08:30:00,Aspect,Trine,Mercury,Scorpio,"0°23'42.18""",Vishakha,Jupiter,4,Jupiter,Gemini,"29°52'35.99""",Punarvasu,Jupiter,3,120,120.5184,0.5184
2025-12-07 08:30:00,Aspect,Trine,Mercury,Scorpio,"0°23'42.18""",Vishakha,Jupiter,4,Saturn,Pisces,"1°00'30.33""",Purva Bhadrapada,Jupiter,4,120,120.6134,0.6134
2025-12-07 08:45:00,Aspect,Trine,Mercury,Scorpio,"0°24'17.57""",Vishakha,Jupiter,4,Jupiter,Gemini,"29°52'32.95""",Punarvasu,Jupiter,3,120,120.5291,0.5291
2025-12-07 08:45:00,Aspect,Trine,Mercury,Scorpio,"0°24'17.57""",Vishakha,Jupiter,4,Saturn,Pisces,"1°00'30.93""",Purva Bhadrapada,Jupiter,4,120,120.6037,0.6037
2025-12-07 09:00:00,Aspect,Trine,Mercury,Scorpio,"0°24'52.99""",Vishakha,Jupiter,4,Jupiter,Gemini,"29°52'29.91""",Punarvasu,Jupiter,3,120,120.5397,0.5397
2025-12-07 09:00:00,Aspect,Trine,Mercury,Scorpio,"0°24'52.99""",Vishakha,Jupiter,4,Saturn,Pisces,"1°00'31.52""",Purva Bhadrapada,Jupiter,4,120,120.594,0.594
2025-12-07 09:15:00,Aspect,Trine,Mercury,Scorpio,"0°25'28.44""",Vishakha,Jupiter,4,Jupiter,Gemini,"29°52'26.87""",Punarvasu,Jupiter,3,120,120.5504,0.5504
2025-12-07 09:15:00,Aspect,Trine,Mercury,Scorpio,"0°25'28.44""",Vishakha,Jupiter,4,Saturn,Pisces,"1°00'32.12""",Purva Bhadrapada,Jupiter,4,120,120.5844,0.5844
2025-12-07 09:30:00,Aspect,Trine,Mercury,Scorpio,"0°26'03.92""",Vishakha,Jupiter,4,Jupiter,Gemini,"29°52'23.82""",Punarvasu,Jupiter,3,120,120.5611,0.5611
2025-12-07 09:30:00,Aspect,Trine,Mercury,Scorpio,"0°26'03.92""",Vishakha,Jupiter,4,Saturn,Pisces,"1°00'32.72""",Purva Bhadrapada,Jupiter,4,120,120.5747,0.5747
2025-12-07 09:45:00,Aspect,Trine,Mercury,Scorpio,"0°26'39.43""",Vishakha,Jupiter,4,Jupiter,Gemini,"29°52'20.78""",Punarvasu,Jupiter,3,120,120.5718,0.5718
2025-12-07 09:45:00,Aspect,Trine,Mercury,Scorpio,"0°26'39.43""",Vishakha,Jupiter,4,Saturn,Pisces,"1°00'33.32""",Purva Bhadrapada,Jupiter,4,120,120.565,0.565
2025-12-07 10:00:00,Aspect,Trine,Mercury,Scorpio,"0°27'14.98""",Vishakha,Jupiter,4,Jupiter,Gemini,"29°52'17.74""",Punarvasu,Jupiter,3,120,120.5826,0.5826
2025-12-07 10:00:00,Aspect,Trine,Mercury,Scorpio,"0°27'14.98""",Vishakha,Jupiter,4,Saturn,Pisces,"1°00'33.92""",Purva Bhadrapada,Jupiter,4,120,120.5553,0.5553
2025-12-07 10:15:00,Aspect,Trine,Mercury,Scorpio,"0°27'50.55""",Vishakha,Jupiter,4,Jupiter,Gemini,"29°52'14.69""",Punarvasu,Jupiter,3,120,120.5933,0.5933
2025-12-07 10:15:00,Aspect,Trine,Mercury,Scorpio,"0°27'50.55""",Vishakha,Jupiter,4,Saturn,Pisces,"1°00'34.52""",Purva Bhadrapada,Jupiter,4,120,120.5455,0.5455
2025-12-07 10:30:00,Aspect,Trine,Mercury,Scorpio,"0°28'26.16""",Vishakha,Jupiter,4,Jupiter,Gemini,"29°52'11.65""",Punarvasu,Jupiter,3,120,120.604,0.604
2025-12-07 10:30:00,Aspect,Trine,Mercury,Scorpio,"0°28'26.16""",Vishakha,Jupiter,4,Saturn,Pisces,"1°00'35.13""",Purva Bhadrapada,Jupiter,4,120,120.5358,0.5358
2025-12-07 10:45:00,Aspect,Trine,Mercury,Scorpio,"0°29'01.80""",Vishakha,Jupiter,4,Jupiter,Gemini,"29°52'08.60""",Punarvasu,Jupiter,3,120,120.6148,0.6148
2025-12-07 10:45:00,Aspect,Trine,Mercury,Scorpio,"0°29'01.80""",Vishakha,Jupiter,4,Saturn,Pisces,"1°00'35.73""",Purva Bhadrapada,Jupiter,4,120,120.5261,0.5261
2025-12-07 11:00:00,Aspect,Trine,Mercury,Scorpio,"0°29'37.47""",Vishakha,Jupiter,4,Jupiter,Gemini,"29°52'05.55""",Punarvasu,Jupiter,3,120,120.6255,0.6255
2025-12-07 11:00:00,Aspect,Trine,Mercury,Scorpio,"0°29'37.47""",Vishakha,Jupiter,4,Saturn,Pisces,"1°00'36.33""",Purva Bhadrapada,Jupiter,4,120,120.5164,0.5164
2025-12-07 11:15:00,Aspect,Trine,Mercury,Scorpio,"0°30'13.17""",Vishakha,Jupiter,4,Jupiter,Gemini,"29°52'02.50""",Punarvasu,Jupiter,3,120,120.6363,0.6363
2025-12-07 11:15:00,Aspect,Trine,Mercury,Scorpio,"0°30'13.17""",Vishakha,Jupiter,4,Saturn,Pisces,"1°00'36.94""",Purva Bhadrapada,Jupiter,4,120,120.5066,0.5066
2025-12-07 11:30:00,Aspect,Trine,Mercury,Scorpio,"0°30'48.90""",Vishakha,Jupiter,4,Jupiter,Gemini,"29°51'59.45""",Punarvasu,Jupiter,3,120,120.6471,0.6471
2025-12-07 11:30:00,Aspect,Trine,Mercury,Scorpio,"0°30'48.90""",Vishakha,Jupiter,4,Saturn,Pisces,"1°00'37.54""",Purva Bhadrapada,Jupiter,4,120,120.4968,0.4968
2025-12-07 11:45:00,Aspect,Trine,Mercury,Scorpio,"0°31'24.66""",Vishakha,Jupiter,4,Jupiter,Gemini,"29°51'56.40""",Punarvasu,Jupiter,3,120,120.6579,0.6579
2025-12-07 11:45:00,Aspect,Trine,Mercury,Scorpio,"0°31'24.66""",Vishakha,Jupiter,4,Saturn,Pisces,"1°00'38.15""",Purva Bhadrapada,Jupiter,4,120,120.4871,0.4871
2025-12-07 12:00:00,Aspect,Trine,Mercury,Scorpio,"0°32'00.45""",Vishakha,Jupiter,4,Jupiter,Gemini,"29°51'53.34""",Punarvasu,Jupiter,3,120,120.6686,0.6686
2025-12-07 12:00:00,Aspect,Trine,Mercury,Scorpio,"0°32'00.45""",Vishakha,Jupiter,4,Saturn,Pisces,"1°00'38.75""",Purva Bhadrapada,Jupiter,4,120,120.4773,0.4773
2025-12-07 12:15:00,Aspect,Trine,Mercury,Scorpio,"0°32'36.28""",Vishakha,Jupiter,4,Jupiter,Gemini,"29°51'50.29""",Punarvasu,Jupiter,3,120,120.6794,0.6794
2025-12-07 12:15:00,Aspect,Trine,Mercury,Scorpio,"0°32'36.28""",Vishakha,Jupiter,4,Saturn,Pisces,"1°00'39.36""",Purva Bhadrapada,Jupiter,4,120,120.4675,0.4675
2025-12-07 12:30:00,Aspect,Trine,Mercury,Scorpio,"0°33'12.13""",Vishakha,Jupiter,4,Jupiter,Gemini,"29°51'47.23""",Punarvasu,Jupiter,3,120,120.6903,0.6903
2025-12-07 12:30:00,Aspect,Trine,Mercury,Scorpio,"0°33'12.13""",Vishakha,Jupiter,4,Saturn,Pisces,"1°00'39.97""",Purva Bhadrapada,Jupiter,4,120,120.4577,0.4577
2025-12-07 12:45:00,Aspect,Trine,Mercury,Scorpio,"0°33'48.02""",Vishakha,Jupiter,4,Jupiter,Gemini,"29°51'44.18""",Punarvasu,Jupiter,3,120,120.7011,0.7011
2025-12-07 12:45:00,Aspect,Trine,Mercury,Scorpio,"0°33'48.02""",Vishakha,Jupiter,4,Saturn,Pisces,"1°00'40.58""",Purva Bhadrapada,Jupiter,4,120,120.4479,0.4479
2025-12-07 13:00:00,Aspect,Trine,Mercury,Scorpio,"0°34'23.94""",Vishakha,Jupiter,4,Jupiter,Gemini,"29°51'41.12""",Punarvasu,Jupiter,3,120,120.7119,0.7119
2025-12-07 13:00:00,Aspect,Trine,Mercury,Scorpio,"0°34'23.94""",Vishakha,Jupiter,4,Saturn,Pisces,"1°00'41.19""",Purva Bhadrapada,Jupiter,4,120,120.4381,0.4381
2025-12-07 13:15:00,Aspect,Trine,Mercury,Scorpio,"0°34'59.88""",Vishakha,Jupiter,4,Jupiter,Gemini,"29°51'38.06""",Punarvasu,Jupiter,3,120,120.7227,0.7227
2025-12-07 13:15:00,Aspect,Trine,Mercury,Scorpio,"0°34'59.88""",Vishakha,Jupiter,4,Saturn,Pisces,"1°00'41.80""",Purva Bhadrapada,Jupiter,4,120,120.4283,0.4283
2025-12-07 13:30:00,Aspect,Trine,Mercury,Scorpio,"0°35'35.86""",Vishakha,Jupiter,4,Jupiter,Gemini,"29°51'35.00""",Punarvasu,Jupiter,3,120,120.7336,0.7336
2025-12-07 13:30:00,Aspect,Trine,Mercury,Scorpio,"0°35'35.86""",Vishakha,Jupiter,4,Saturn,Pisces,"1°00'42.41""",Purva Bhadrapada,Jupiter,4,120,120.4185,0.4185
2025-12-07 13:45:00,Aspect,Trine,Mercury,Scorpio,"0°36'11.87""",Vishakha,Jupiter,4,Jupiter,Gemini,"29°51'31.94""",Punarvasu,Jupiter,3,120,120.7444,0.7444
2025-12-07 13:45:00,Aspect,Trine,Mercury,Scorpio,"0°36'11.87""",Vishakha,Jupiter,4,Saturn,Pisces,"1°00'43.02""",Purva Bhadrapada,Jupiter,4,120,120.4087,0.4087
2025-12-07 14:00:00,Aspect,Trine,Mercury,Scorpio,"0°36'47.91""",Vishakha,Jupiter,4,Jupiter,Gemini,"29°51'28.88""",Punarvasu,Jupiter,3,120,120.7553,0.7553
2025-12-07 14:00:00,Aspect,Trine,Mercury,Scorpio,"0°36'47.91""",Vishakha,Jupiter,4,Saturn,Pisces,"1°00'43.63""",Purva Bhadrapada,Jupiter,4,120,120.3988,0.3988
2025-12-07 14:15:00,Aspect,Trine,Mercury,Scorpio,"0°37'23.98""",Vishakha,Jupiter,4,Jupiter,Gemini,"29°51'25.81""",Punarvasu,Jupiter,3,120,120.7662,0.7662
2025-12-07 14:15:00,Aspect,Trine,Mercury,Scorpio,"0°37'23.98""",Vishakha,Jupiter,4,Saturn,Pisces,"1°00'44.24""",Purva Bhadrapada,Jupiter,4,120,120.389,0.389
2025-12-07 14:30:00,Aspect,Trine,Mercury,Scorpio,"0°38'00.08""",Vishakha,Jupiter,4,Jupiter,Gemini,"29°51'22.75""",Punarvasu,Jupiter,3,120,120.777,0.777
2025-12-07 14:30:00,Aspect,Trine,Mercury,Scorpio,"0°38'00.08""",Vishakha,Jupiter,4,Saturn,Pisces,"1°00'44.86""",Purva Bhadrapada,Jupiter,4,120,120.3791,0.3791
2025-12-07 14:45:00,Aspect,Trine,Mercury,Scorpio,"0°38'36.22""",Vishakha,Jupiter,4,Jupiter,Gemini,"29°51'19.69""",Punarvasu,Jupiter,3,120,120.7879,0.7879
2025-12-07 14:45:00,Aspect,Trine,Mercury,Scorpio,"0°38'36.22""",Vishakha,Jupiter,4,Saturn,Pisces,"1°00'45.47""",Purva Bhadrapada,Jupiter,4,120,120.3692,0.3692
2025-12-07 15:00:00,Aspect,Trine,Mercury,Scorpio,"0°39'12.38""",Vishakha,Jupiter,4,Jupiter,Gemini,"29°51'16.62""",Punarvasu,Jupiter,3,120,120.7988,0.7988
2025-12-07 15:00:00,Aspect,Trine,Mercury,Scorpio,"0°39'12.38""",Vishakha,Jupiter,4,Saturn,Pisces,"1°00'46.09""",Purva Bhadrapada,Jupiter,4,120,120.3594,0.3594
2025-12-07 15:15:00,Aspect,Trine,Mercury,Scorpio,"0°39'48.57""",Vishakha,Jupiter,4,Jupiter,Gemini,"29°51'13.55""",Punarvasu,Jupiter,3,120,120.8097,0.8097
2025-12-07 15:15:00,Aspect,Trine,Mercury,Scorpio,"0°39'48.57""",Vishakha,Jupiter,4,Saturn,Pisces,"1°00'46.70""",Purva Bhadrapada,Jupiter,4,120,120.3495,0.3495
2025-12-07 15:30:00,Aspect,Trine,Mercury,Scorpio,"0°40'24.79""",Vishakha,Jupiter,4,Jupiter,Gemini,"29°51'10.48""",Punarvasu,Jupiter,3,120,120.8206,0.8206
2025-12-07 15:30:00,Aspect,Trine,Mercury,Scorpio,"0°40'24.79""",Vishakha,Jupiter,4,Saturn,Pisces,"1°00'47.32""",Purva Bhadrapada,Jupiter,4,120,120.3396,0.3396
2025-12-07 15:45:00,Aspect,Trine,Mercury,Scorpio,"0°41'01.05""",Vishakha,Jupiter,4,Jupiter,Gemini,"29°51'07.41""",Punarvasu,Jupiter,3,120,120.8316,0.8316
2025-12-07 15:45:00,Aspect,Trine,Mercury,Scorpio,"0°41'01.05""",Vishakha,Jupiter,4,Saturn,Pisces,"1°00'47.93""",Purva Bhadrapada,Jupiter,4,120,120.3297,0.3297
2025-12-07 16:00:00,Aspect,Trine,Mercury,Scorpio,"0°41'37.33""",Vishakha,Jupiter,4,Jupiter,Gemini,"29°51'04.34""",Punarvasu,Jupiter,3,120,120.8425,0.8425
2025-12-07 16:00:00,Aspect,Trine,Mercury,Scorpio,"0°41'37.33""",Vishakha,Jupiter,4,Saturn,Pisces,"1°00'48.55""",Purva Bhadrapada,Jupiter,4,120,120.3198,0.3198
2025-12-07 16:15:00,Aspect,Trine,Mercury,Scorpio,"0°42'13.64""",Vishakha,Jupiter,4,Jupiter,Gemini,"29°51'01.27""",Punarvasu,Jupiter,3,120,120.8534,0.8534
2025-12-07 16:15:00,Aspect,Trine,Mercury,Scorpio,"0°42'13.64""",Vishakha,Jupiter,4,Saturn,Pisces,"1°00'49.17""",Purva Bhadrapada,Jupiter,4,120,120.3099,0.3099
2025-12-07 16:30:00,Aspect,Trine,Mercury,Scorpio,"0°42'49.99""",Vishakha,Jupiter,4,Jupiter,Gemini,"29°50'58.20""",Punarvasu,Jupiter,3,120,120.8644,0.8644
2025-12-07 16:30:00,Aspect,Trine,Mercury,Scorpio,"0°42'49.99""",Vishakha,Jupiter,4,Saturn,Pisces,"1°00'49.79""",Purva Bhadrapada,Jupiter,4,120,120.2999,0.2999
2025-12-07 16:45:00,Aspect,Trine,Mercury,Scorpio,"0°43'26.36""",Vishakha,Jupiter,4,Jupiter,Gemini,"29°50'55.12""",Punarvasu,Jupiter,3,120,120.8753,0.8753
2025-12-07 16:45:00,Aspect,Trine,Mercury,Scorpio,"0°43'26.36""",Vishakha,Jupiter,4,Saturn,Pisces,"1°00'50.41""",Purva Bhadrapada,Jupiter,4,120,120.29,0.29
2025-12-07 17:00:00,Aspect,Trine,Mercury,Scorpio,"0°44'02.77""",Vishakha,Jupiter,4,Jupiter,Gemini,"29°50'52.05""",Punarvasu,Jupiter,3,120,120.8863,0.8863
2025-12-07 17:00:00,Aspect,Trine,Mercury,Scorpio,"0°44'02.77""",Vishakha,Jupiter,4,Saturn,Pisces,"1°00'51.03""",Purva Bhadrapada,Jupiter,4,120,120.2801,0.2801
2025-12-07 17:15:00,Aspect,Trine,Mercury,Scorpio,"0°44'39.20""",Vishakha,Jupiter,4,Jupiter,Gemini,"29°50'48.97""",Punarvasu,Jupiter,3,120,120.8973,0.8973
2025-12-07 17:15:00,Aspect,Trine,Mercury,Scorpio,"0°44'39.20""",Vishakha,Jupiter,4,Saturn,Pisces,"1°00'51.65""",Purva Bhadrapada,Jupiter,4,120,120.2701,0.2701
2025-12-07 17:30:00,Aspect,Trine,Mercury,Scorpio,"0°45'15.67""",Vishakha,Jupiter,4,Jupiter,Gemini,"29°50'45.89""",Punarvasu,Jupiter,3,120,120.9083,0.9083
2025-12-07 17:30:00,Aspect,Trine,Mercury,Scorpio,"0°45'15.67""",Vishakha,Jupiter,4,Saturn,Pisces,"1°00'52.27""",Purva Bhadrapada,Jupiter,4,120,120.2602,0.2602
2025-12-07 17:45:00,Aspect,Trine,Mercury,Scorpio,"0°45'52.16""",Vishakha,Jupiter,4,Jupiter,Gemini,"29°50'42.82""",Punarvasu,Jupiter,3,120,120.9193,0.9193
2025-12-07 17:45:00,Aspect,Trine,Mercury,Scorpio,"0°45'52.16""",Vishakha,Jupiter,4,Saturn,Pisces,"1°00'52.89""",Purva Bhadrapada,Jupiter,4,120,120.2502,0.2502
2025-12-07 18:00:00,Aspect,Trine,Mercury,Scorpio,"0°46'28.69""",Vishakha,Jupiter,4,Jupiter,Gemini,"29°50'39.74""",Punarvasu,Jupiter,3,120,120.9303,0.9303
2025-12-07 18:00:00,Aspect,Trine,Mercury,Scorpio,"0°46'28.69""",Vishakha,Jupiter,4,Saturn,Pisces,"1°00'53.52""",Purva Bhadrapada,Jupiter,4,120,120.2402,0.2402
2025-12-07 18:15:00,Aspect,Trine,Mercury,Scorpio,"0°47'05.24""",Vishakha,Jupiter,4,Jupiter,Gemini,"29°50'36.66""",Punarvasu,Jupiter,3,120,120.9413,0.9413
2025-12-07 18:15:00,Aspect,Trine,Mercury,Scorpio,"0°47'05.24""",Vishakha,Jupiter,4,Saturn,Pisces,"1°00'54.14""",Purva Bhadrapada,Jupiter,4,120,120.2302,0.2302
2025-12-07 18:30:00,Aspect,Trine,Mercury,Scorpio,"0°47'41.83""",Vishakha,Jupiter,4,Jupiter,Gemini,"29°50'33.57""",Punarvasu,Jupiter,3,120,120.9523,0.9523
2025-12-07 18:30:00,Aspect,Trine,Mercury,Scorpio,"0°47'41.83""",Vishakha,Jupiter,4,Saturn,Pisces,"1°00'54.76""",Purva Bhadrapada,Jupiter,4,120,120.2203,0.2203
2025-12-07 18:45:00,Aspect,Trine,Mercury,Scorpio,"0°48'18.44""",Vishakha,Jupiter,4,Jupiter,Gemini,"29°50'30.49""",Punarvasu,Jupiter,3,120,120.9633,0.9633
2025-12-07 18:45:00,Aspect,Trine,Mercury,Scorpio,"0°48'18.44""",Vishakha,Jupiter,4,Saturn,Pisces,"1°00'55.39""",Purva Bhadrapada,Jupiter,4,120,120.2103,0.2103
2025-12-07 19:00:00,Aspect,Trine,Mercury,Scorpio,"0°48'55.08""",Vishakha,Jupiter,4,Jupiter,Gemini,"29°50'27.41""",Punarvasu,Jupiter,3,120,120.9744,0.9744
2025-12-07 19:00:00,Aspect,Trine,Mercury,Scorpio,"0°48'55.08""",Vishakha,Jupiter,4,Saturn,Pisces,"1°00'56.02""",Purva Bhadrapada,Jupiter,4,120,120.2003,0.2003
2025-12-07 19:15:00,Aspect,Trine,Mercury,Scorpio,"0°49'31.76""",Vishakha,Jupiter,4,Jupiter,Gemini,"29°50'24.32""",Punarvasu,Jupiter,3,120,120.9854,0.9854
2025-12-07 19:15:00,Aspect,Trine,Mercury,Scorpio,"0°49'31.76""",Vishakha,Jupiter,4,Saturn,Pisces,"1°00'56.64""",Purva Bhadrapada,Jupiter,4,120,120.1902,0.1902
2025-12-07 19:30:00,Aspect,Trine,Mercury,Scorpio,"0°50'08.46""",Vishakha,Jupiter,4,Jupiter,Gemini,"29°50'21.24""",Punarvasu,Jupiter,3,120,120.9965,0.9965
2025-12-07 19:30:00,Aspect,Trine,Mercury,Scorpio,"0°50'08.46""",Vishakha,Jupiter,4,Saturn,Pisces,"1°00'57.27""",Purva Bhadrapada,Jupiter,4,120,120.1802,0.1802
2025-12-07 19:45:00,Aspect,Trine,Mercury,Scorpio,"0°50'45.19""",Vishakha,Jupiter,4,Saturn,Pisces,"1°00'57.90""",Purva Bhadrapada,Jupiter,4,120,120.1702,0.1702
2025-12-07 20:00:00,Aspect,Trine,Mercury,Scorpio,"0°51'21.96""",Vishakha,Jupiter,4,Saturn,Pisces,"1°00'58.53""",Purva Bhadrapada,Jupiter,4,120,120.1602,0.1602
2025-12-07 20:15:00,Aspect,Trine,Mercury,Scorpio,"0°51'58.75""",Vishakha,Jupiter,4,Saturn,Pisces,"1°00'59.16""",Purva Bhadrapada,Jupiter,4,120,120.1501,0.1501
2025-12-07 20:30:00,Aspect,Trine,Mercury,Scorpio,"0°52'35.57""",Vishakha,Jupiter,4,Saturn,Pisces,"1°00'59.79""",Purva Bhadrapada,Jupiter,4,120,120.1401,0.1401
2025-12-07 20:45:00,Aspect,Trine,Mercury,Scorpio,"0°53'12.42""",Vishakha,Jupiter,4,Saturn,Pisces,"1°01'00.42""",Purva Bhadrapada,Jupiter,4,120,120.13,0.13
2025-12-07 21:00:00,Aspect,Trine,Mercury,Scorpio,"0°53'49.30""",Vishakha,Jupiter,4,Saturn,Pisces,"1°01'01.05""",Purva Bhadrapada,Jupiter,4,120,120.1199,0.1199
2025-12-07 21:15:00,Aspect,Trine,Mercury,Scorpio,"0°54'26.22""",Vishakha,Jupiter,4,Saturn,Pisces,"1°01'01.68""",Purva Bhadrapada,Jupiter,4,120,120.1099,0.1099
2025-12-07 21:30:00,Aspect,Trine,Mercury,Scorpio,"0°55'03.16""",Vishakha,Jupiter,4,Saturn,Pisces,"1°01'02.31""",Purva Bhadrapada,Jupiter,4,120,120.0998,0.0998
2025-12-07 21:45:00,Aspect,Trine,Mercury,Scorpio,"0°55'40.12""",Vishakha,Jupiter,4,Saturn,Pisces,"1°01'02.95""",Purva Bhadrapada,Jupiter,4,120,120.0897,0.0897
2025-12-07 22:00:00,Aspect,Trine,Mercury,Scorpio,"0°56'17.12""",Vishakha,Jupiter,4,Saturn,Pisces,"1°01'03.58""",Purva Bhadrapada,Jupiter,4,120,120.0796,0.0796
2025-12-07 22:15:00,Aspect,Conjunction,Moon,Gemini,"28°51'27.62""",Punarvasu,Jupiter,3,Jupiter,Gemini,"29°49'47.22""",Punarvasu,Jupiter,3,0,0.9721,0.9721
2025-12-07 22:15:00,Aspect,Trine,Mercury,Scorpio,"0°56'54.15""",Vishakha,Jupiter,4,Saturn,Pisces,"1°01'04.22""",Purva Bhadrapada,Jupiter,4,120,120.0695,0.0695
2025-12-07 22:30:00,Aspect,Conjunction,Moon,Gemini,"29°00'31.19""",Punarvasu,Jupiter,3,Jupiter,Gemini,"29°49'44.12""",Punarvasu,Jupiter,3,0,0.8203,0.8203
2025-12-07 22:30:00,Aspect,Trine,Mercury,Scorpio,"0°57'31.21""",Vishakha,Jupiter,4,Saturn,Pisces,"1°01'04.85""",Purva Bhadrapada,Jupiter,4,120,120.0593,0.0593
2025-12-07 22:30:00,Aspect,Square,Mars,Sagittarius,"0°01'18.82""",Mula,Ketu,1,Saturn,Pisces,"1°01'04.85""",Purva Bhadrapada,Jupiter,4,90,90.9961,0.9961
2025-12-07 22:45:00,Aspect,Conjunction,Moon,Gemini,"29°09'34.58""",Punarvasu,Jupiter,3,Jupiter,Gemini,"29°49'41.02""",Punarvasu,Jupiter,3,0,0.6685,0.6685
2025-12-07 22:45:00,Aspect,Trine,Mercury,Scorpio,"0°58'08.29""",Vishakha,Jupiter,4,Saturn,Pisces,"1°01'05.49""",Purva Bhadrapada,Jupiter,4,120,120.0492,0.0492
2025-12-07 22:45:00,Aspect,Square,Mars,Sagittarius,"0°01'46.84""",Mula,Ketu,1,Saturn,Pisces,"1°01'05.49""",Purva Bhadrapada,Jupiter,4,90,90.9885,0.9885
2025-12-07 23:00:00,Aspect,Conjunction,Moon,Gemini,"29°18'37.78""",Punarvasu,Jupiter,3,Jupiter,Gemini,"29°49'37.91""",Punarvasu,Jupiter,3,0,0.5167,0.5167
2025-12-07 23:00:00,Aspect,Trine,Mercury,Scorpio,"0°58'45.41""",Vishakha,Jupiter,4,Saturn,Pisces,"1°01'06.12""",Purva Bhadrapada,Jupiter,4,120,120.0391,0.0391
2025-12-07 23:00:00,Aspect,Square,Mars,Sagittarius,"0°02'14.87""",Mula,Ketu,1,Saturn,Pisces,"1°01'06.12""",Purva Bhadrapada,Jupiter,4,90,90.9809,0.9809
2025-12-07 23:15:00,Aspect,Conjunction,Moon,Gemini,"29°27'40.79""",Punarvasu,Jupiter,3,Jupiter,Gemini,"29°49'34.81""",Punarvasu,Jupiter,3,0,0.365,0.365
2025-12-07 23:15:00,Aspect,Trine,Mercury,Scorpio,"0°59'22.55""",Vishakha,Jupiter,4,Saturn,Pisces,"1°01'06.76""",Purva Bhadrapada,Jupiter,4,120,120.0289,0.0289
2025-12-07 23:15:00,Aspect,Square,Mars,Sagittarius,"0°02'42.89""",Mula,Ketu,1,Saturn,Pisces,"1°01'06.76""",Purva Bhadrapada,Jupiter,4,90,90.9733,0.9733
2025-12-07 23:30:00,Aspect,Conjunction,Moon,Gemini,"29°36'43.61""",Punarvasu,Jupiter,3,Jupiter,Gemini,"29°49'31.71""",Punarvasu,Jupiter,3,0,0.2134,0.2134
2025-12-07 23:30:00,Aspect,Trine,Mercury,Scorpio,"0°59'59.73""",Vishakha,Jupiter,4,Saturn,Pisces,"1°01'07.40""",Purva Bhadrapada,Jupiter,4,120,120.0188,0.0188
2025-12-07 23:30:00,Aspect,Square,Mars,Sagittarius,"0°03'10.92""",Mula,Ketu,1,Saturn,Pisces,"1°01'07.40""",Purva Bhadrapada,Jupiter,4,90,90.9657,0.9657
2025-12-07 23:45:00,Aspect,Conjunction,Moon,Gemini,"29°45'46.25""",Punarvasu,Jupiter,3,Jupiter,Gemini,"29°49'28.60""",Punarvasu,Jupiter,3,0,0.0618,0.0618
2025-12-07 23:45:00,Aspect,Trine,Mercury,Scorpio,"1°00'36.93""",Vishakha,Jupiter,4,Saturn,Pisces,"1°01'08.04""",Purva Bhadrapada,Jupiter,4,120,120.0086,0.0086
2025-12-07 23:45:00,Aspect,Square,Mars,Sagittarius,"0°03'38.95""",Mula,Ketu,1,Saturn,Pisces,"1°01'08.04""",Purva Bhadrapada,Jupiter,4,90,90.9581,0.9581
2025-12-08 00:00:00,Aspect,Conjunction,Moon,Gemini,"29°54'48.69""",Punarvasu,Jupiter,3,Jupiter,Gemini,"29°49'25.50""",Punarvasu,Jupiter,3,0,0.0898,0.0898
2025-12-08 00:00:00,Aspect,Trine,Mercury,Scorpio,"1°01'14.16""",Vishakha,Jupiter,4,Saturn,Pisces,"1°01'08.68""",Purva Bhadrapada,Jupiter,4,120,119.9985,0.0015
2025-12-08 00:00:00,Aspect,Square,Mars,Sagittarius,"0°04'06.97""",Mula,Ketu,1,Saturn,Pisces,"1°01'08.68""",Purva Bhadrapada,Jupiter,4,90,90.9505,0.9505
2025-12-08 00:15:00,Aspect,Trine,Moon,Cancer,"0°03'50.95""",Punarvasu,Jupiter,4,Mercury,Scorpio,"1°01'51.42""",Vishakha,Jupiter,4,120,120.9668,0.9668
2025-12-08 00:15:00,Aspect,Conjunction,Moon,Cancer,"0°03'50.95""",Punarvasu,Jupiter,4,Jupiter,Gemini,"29°49'22.39""",Punarvasu,Jupiter,3,0,0.2413,0.2413
2025-12-08 00:15:00,Aspect,Trine,Moon,Cancer,"0°03'50.95""",Punarvasu,Jupiter,4,Saturn,Pisces,"1°01'09.32""",Purva Bhadrapada,Jupiter,4,120,119.0449,0.9551
2025-12-08 00:15:00,Aspect,Trine,Mercury,Scorpio,"1°01'51.42""",Vishakha,Jupiter,4,Saturn,Pisces,"1°01'09.32""",Purva Bhadrapada,Jupiter,4,120,119.9883,0.0117
2025-12-08 00:15:00,Aspect,Square,Mars,Sagittarius,"0°04'35.00""",Mula,Ketu,1,Saturn,Pisces,"1°01'09.32""",Purva Bhadrapada,Jupiter,4,90,90.9429,0.9429
2025-12-08 00:30:00,Aspect,Trine,Moon,Cancer,"0°12'53.02""",Punarvasu,Jupiter,4,Mercury,Scorpio,"1°02'28.71""",Vishakha,Jupiter,4,120,120.8266,0.8266
2025-12-08 00:30:00,Aspect,Conjunction,Moon,Cancer,"0°12'53.02""",Punarvasu,Jupiter,4,Jupiter,Gemini,"29°49'19.28""",Punarvasu,Jupiter,3,0,0.3927,0.3927
2025-12-08 00:30:00,Aspect,Trine,Moon,Cancer,"0°12'53.02""",Punarvasu,Jupiter,4,Saturn,Pisces,"1°01'09.96""",Purva Bhadrapada,Jupiter,4,120,119.1953,0.8047
2025-12-08 00:30:00,Aspect,Trine,Mercury,Scorpio,"1°02'28.71""",Vishakha,Jupiter,4,Saturn,Pisces,"1°01'09.96""",Purva Bhadrapada,Jupiter,4,120,119.9781,0.0219
2025-12-08 00:30:00,Aspect,Square,Mars,Sagittarius,"0°05'03.03""",Mula,Ketu,1,Saturn,Pisces,"1°01'09.96""",Purva Bhadrapada,Jupiter,4,90,90.9353,0.9353
2025-12-08 00:45:00,Aspect,Trine,Moon,Cancer,"0°21'54.90""",Punarvasu,Jupiter,4,Mercury,Scorpio,"1°03'06.03""",Vishakha,Jupiter,4,120,120.6864,0.6864
2025-12-08 00:45:00,Aspect,Conjunction,Moon,Cancer,"0°21'54.90""",Punarvasu,Jupiter,4,Jupiter,Gemini,"29°49'16.17""",Punarvasu,Jupiter,3,0,0.5441,0.5441
2025-12-08 00:45:00,Aspect,Trine,Moon,Cancer,"0°21'54.90""",Punarvasu,Jupiter,4,Saturn,Pisces,"1°01'10.60""",Purva Bhadrapada,Jupiter,4,120,119.3456,0.6544
2025-12-08 00:45:00,Aspect,Trine,Mercury,Scorpio,"1°03'06.03""",Vishakha,Jupiter,4,Saturn,Pisces,"1°01'10.60""",Purva Bhadrapada,Jupiter,4,120,119.9679,0.0321
2025-12-08 00:45:00,Aspect,Square,Mars,Sagittarius,"0°05'31.05""",Mula,Ketu,1,Saturn,Pisces,"1°01'10.60""",Purva Bhadrapada,Jupiter,4,90,90.9277,0.9277
2025-12-08 01:00:00,Aspect,Trine,Moon,Cancer,"0°30'56.59""",Punarvasu,Jupiter,4,Mercury,Scorpio,"1°03'43.38""",Vishakha,Jupiter,4,120,120.5463,0.5463
2025-12-08 01:00:00,Aspect,Conjunction,Moon,Cancer,"0°30'56.59""",Punarvasu,Jupiter,4,Jupiter,Gemini,"29°49'13.06""",Punarvasu,Jupiter,3,0,0.6954,0.6954
2025-12-08 01:00:00,Aspect,Trine,Moon,Cancer,"0°30'56.59""",Punarvasu,Jupiter,4,Saturn,Pisces,"1°01'11.25""",Purva Bhadrapada,Jupiter,4,120,119.4959,0.5041
2025-12-08 01:00:00,Aspect,Trine,Mercury,Scorpio,"1°03'43.38""",Vishakha,Jupiter,4,Saturn,Pisces,"1°01'11.25""",Purva Bhadrapada,Jupiter,4,120,119.9577,0.0423
2025-12-08 01:00:00,Aspect,Square,Mars,Sagittarius,"0°05'59.08""",Mula,Ketu,1,Saturn,Pisces,"1°01'11.25""",Purva Bhadrapada,Jupiter,4,90,90.92,0.92
2025-12-08 01:15:00,Aspect,Trine,Moon,Cancer,"0°39'58.09""",Punarvasu,Jupiter,4,Mercury,Scorpio,"1°04'20.75""",Vishakha,Jupiter,4,120,120.4063,0.4063
2025-12-08 01:15:00,Aspect,Conjunction,Moon,Cancer,"0°39'58.09""",Punarvasu,Jupiter,4,Jupiter,Gemini,"29°49'09.95""",Punarvasu,Jupiter,3,0,0.8467,0.8467
2025-12-08 01:15:00,Aspect,Trine,Moon,Cancer,"0°39'58.09""",Punarvasu,Jupiter,4,Saturn,Pisces,"1°01'11.89""",Purva Bhadrapada,Jupiter,4,120,119.6462,0.3538
2025-12-08 01:15:00,Aspect,Trine,Mercury,Scorpio,"1°04'20.75""",Vishakha,Jupiter,4,Saturn,Pisces,"1°01'11.89""",Purva Bhadrapada,Jupiter,4,120,119.9475,0.0525
2025-12-08 01:15:00,Aspect,Square,Mars,Sagittarius,"0°06'27.11""",Mula,Ketu,1,Saturn,Pisces,"1°01'11.89""",Purva Bhadrapada,Jupiter,4,90,90.9124,0.9124
2025-12-08 01:30:00,Aspect,Trine,Moon,Cancer,"0°48'59.41""",Punarvasu,Jupiter,4,Mercury,Scorpio,"1°04'58.16""",Vishakha,Jupiter,4,120,120.2663,0.2663
2025-12-08 01:30:00,Aspect,Conjunction,Moon,Cancer,"0°48'59.41""",Punarvasu,Jupiter,4,Jupiter,Gemini,"29°49'06.84""",Punarvasu,Jupiter,3,0,0.9979,0.9979
2025-12-08 01:30:00,Aspect,Trine,Moon,Cancer,"0°48'59.41""",Punarvasu,Jupiter,4,Saturn,Pisces,"1°01'12.53""",Purva Bhadrapada,Jupiter,4,120,119.7964,0.2036
2025-12-08 01:30:00,Aspect,Trine,Mercury,Scorpio,"1°04'58.16""",Vishakha,Jupiter,4,Saturn,Pisces,"1°01'12.53""",Purva Bhadrapada,Jupiter,4,120,119.9373,0.0627
2025-12-08 01:30:00,Aspect,Square,Mars,Sagittarius,"0°06'55.14""",Mula,Ketu,1,Saturn,Pisces,"1°01'12.53""",Purva Bhadrapada,Jupiter,4,90,90.9048,0.9048
2025-12-08 01:45:00,Aspect,Trine,Moon,Cancer,"0°58'00.53""",Punarvasu,Jupiter,4,Mercury,Scorpio,"1°05'35.59""",Vishakha,Jupiter,4,120,120.1264,0.1264
2025-12-08 01:45:00,Aspect,Trine,Moon,Cancer,"0°58'00.53""",Punarvasu,Jupiter,4,Saturn,Pisces,"1°01'13.18""",Purva Bhadrapada,Jupiter,4,120,119.9465,0.0535
2025-12-08 01:45:00,Aspect,Trine,Mercury,Scorpio,"1°05'35.59""",Vishakha,Jupiter,4,Saturn,Pisces,"1°01'13.18""",Purva Bhadrapada,Jupiter,4,120,119.9271,0.0729
2025-12-08 01:45:00,Aspect,Square,Mars,Sagittarius,"0°07'23.17""",Mula,Ketu,1,Saturn,Pisces,"1°01'13.18""",Purva Bhadrapada,Jupiter,4,90,90.8972,0.8972
2025-12-08 02:00:00,Aspect,Trine,Moon,Cancer,"1°07'01.46""",Punarvasu,Jupiter,4,Mercury,Scorpio,"1°06'13.05""",Vishakha,Jupiter,4,120,119.9866,0.0134
2025-12-08 02:00:00,Aspect,Trine,Moon,Cancer,"1°07'01.46""",Punarvasu,Jupiter,4,Saturn,Pisces,"1°01'13.82""",Purva Bhadrapada,Jupiter,4,120,120.0966,0.0966
2025-12-08 02:00:00,Aspect,Trine,Mercury,Scorpio,"1°06'13.05""",Vishakha,Jupiter,4,Saturn,Pisces,"1°01'13.82""",Purva Bhadrapada,Jupiter,4,120,119.9169,0.0831
2025-12-08 02:00:00,Aspect,Square,Mars,Sagittarius,"0°07'51.20""",Mula,Ketu,1,Saturn,Pisces,"1°01'13.82""",Purva Bhadrapada,Jupiter,4,90,90.8896,0.8896
2025-12-08 02:15:00,Aspect,Trine,Moon,Cancer,"1°16'02.20""",Punarvasu,Jupiter,4,Mercury,Scorpio,"1°06'50.54""",Vishakha,Jupiter,4,120,119.8468,0.1532
2025-12-08 02:15:00,Aspect,Trine,Moon,Cancer,"1°16'02.20""",Punarvasu,Jupiter,4,Saturn,Pisces,"1°01'14.47""",Purva Bhadrapada,Jupiter,4,120,120.2466,0.2466
2025-12-08 02:15:00,Aspect,Trine,Mercury,Scorpio,"1°06'50.54""",Vishakha,Jupiter,4,Saturn,Pisces,"1°01'14.47""",Purva Bhadrapada,Jupiter,4,120,119.9066,0.0934
2025-12-08 02:15:00,Aspect,Square,Mars,Sagittarius,"0°08'19.23""",Mula,Ketu,1,Saturn,Pisces,"1°01'14.47""",Purva Bhadrapada,Jupiter,4,90,90.882,0.882
2025-12-08 02:30:00,Aspect,Trine,Moon,Cancer,"1°25'02.75""",Punarvasu,Jupiter,4,Mercury,Scorpio,"1°07'28.06""",Vishakha,Jupiter,4,120,119.707,0.293
2025-12-08 02:30:00,Aspect,Trine,Moon,Cancer,"1°25'02.75""",Punarvasu,Jupiter,4,Saturn,Pisces,"1°01'15.12""",Purva Bhadrapada,Jupiter,4,120,120.3966,0.3966
2025-12-08 02:30:00,Aspect,Trine,Mercury,Scorpio,"1°07'28.06""",Vishakha,Jupiter,4,Saturn,Pisces,"1°01'15.12""",Purva Bhadrapada,Jupiter,4,120,119.8964,0.1036
2025-12-08 02:30:00,Aspect,Square,Mars,Sagittarius,"0°08'47.26""",Mula,Ketu,1,Saturn,Pisces,"1°01'15.12""",Purva Bhadrapada,Jupiter,4,90,90.8744,0.8744
2025-12-08 02:45:00,Aspect,Trine,Moon,Cancer,"1°34'03.12""",Punarvasu,Jupiter,4,Mercury,Scorpio,"1°08'05.61""",Vishakha,Jupiter,4,120,119.5674,0.4326
2025-12-08 02:45:00,Aspect,Trine,Moon,Cancer,"1°34'03.12""",Punarvasu,Jupiter,4,Saturn,Pisces,"1°01'15.76""",Purva Bhadrapada,Jupiter,4,120,120.5465,0.5465
2025-12-08 02:45:00,Aspect,Trine,Mercury,Scorpio,"1°08'05.61""",Vishakha,Jupiter,4,Saturn,Pisces,"1°01'15.76""",Purva Bhadrapada,Jupiter,4,120,119.8862,0.1138
2025-12-08 02:45:00,Aspect,Square,Mars,Sagittarius,"0°09'15.29""",Mula,Ketu,1,Saturn,Pisces,"1°01'15.76""",Purva Bhadrapada,Jupiter,4,90,90.8668,0.8668
2025-12-08 03:00:00,Aspect,Trine,Moon,Cancer,"1°43'03.28""",Punarvasu,Jupiter,4,Mercury,Scorpio,"1°08'43.18""",Vishakha,Jupiter,4,120,119.4278,0.5722
2025-12-08 03:00:00,Aspect,Trine,Moon,Cancer,"1°43'03.28""",Punarvasu,Jupiter,4,Saturn,Pisces,"1°01'16.41""",Purva Bhadrapada,Jupiter,4,120,120.6964,0.6964
2025-12-08 03:00:00,Aspect,Trine,Mercury,Scorpio,"1°08'43.18""",Vishakha,Jupiter,4,Saturn,Pisces,"1°01'16.41""",Purva Bhadrapada,Jupiter,4,120,119.8759,0.1241
2025-12-08 03:00:00,Aspect,Square,Mars,Sagittarius,"0°09'43.32""",Mula,Ketu,1,Saturn,Pisces,"1°01'16.41""",Purva Bhadrapada,Jupiter,4,90,90.8592,0.8592
2025-12-08 03:15:00,Aspect,Trine,Moon,Cancer,"1°52'03.26""",Punarvasu,Jupiter,4,Mercury,Scorpio,"1°09'20.79""",Vishakha,Jupiter,4,120,119.2882,0.7118
2025-12-08 03:15:00,Aspect,Trine,Moon,Cancer,"1°52'03.26""",Punarvasu,Jupiter,4,Saturn,Pisces,"1°01'17.06""",Purva Bhadrapada,Jupiter,4,120,120.8462,0.8462
2025-12-08 03:15:00,Aspect,Trine,Mercury,Scorpio,"1°09'20.79""",Vishakha,Jupiter,4,Saturn,Pisces,"1°01'17.06""",Purva Bhadrapada,Jupiter,4,120,119.8656,0.1344
2025-12-08 03:15:00,Aspect,Square,Mars,Sagittarius,"0°10'11.35""",Mula,Ketu,1,Saturn,Pisces,"1°01'17.06""",Purva Bhadrapada,Jupiter,4,90,90.8516,0.8516
2025-12-08 03:30:00,Aspect,Trine,Moon,Cancer,"2°01'03.05""",Punarvasu,Jupiter,4,Mercury,Scorpio,"1°09'58.42""",Vishakha,Jupiter,4,120,119.1487,0.8513
2025-12-08 03:30:00,Aspect,Trine,Moon,Cancer,"2°01'03.05""",Punarvasu,Jupiter,4,Saturn,Pisces,"1°01'17.71""",Purva Bhadrapada,Jupiter,4,120,120.9959,0.9959
2025-12-08 03:30:00,Aspect,Trine,Mercury,Scorpio,"1°09'58.42""",Vishakha,Jupiter,4,Saturn,Pisces,"1°01'17.71""",Purva Bhadrapada,Jupiter,4,120,119.8554,0.1446
2025-12-08 03:30:00,Aspect,Square,Mars,Sagittarius,"0°10'39.38""",Mula,Ketu,1,Saturn,Pisces,"1°01'17.71""",Purva Bhadrapada,Jupiter,4,90,90.844,0.844
2025-12-08 03:45:00,Aspect,Trine,Moon,Cancer,"2°10'02.64""",Punarvasu,Jupiter,4,Mercury,Scorpio,"1°10'36.08""",Vishakha,Jupiter,4,120,119.0093,0.9907
2025-12-08 03:45:00,Aspect,Trine,Mercury,Scorpio,"1°10'36.08""",Vishakha,Jupiter,4,Saturn,Pisces,"1°01'18.36""",Purva Bhadrapada,Jupiter,4,120,119.8451,0.1549
2025-12-08 03:45:00,Aspect,Square,Mars,Sagittarius,"0°11'07.41""",Mula,Ketu,1,Saturn,Pisces,"1°01'18.36""",Purva Bhadrapada,Jupiter,4,90,90.8364,0.8364
2025-12-08 04:00:00,Aspect,Trine,Mercury,Scorpio,"1°11'13.77""",Vishakha,Jupiter,4,Saturn,Pisces,"1°01'19.01""",Purva Bhadrapada,Jupiter,4,120,119.8348,0.1652
2025-12-08 04:00:00,Aspect,Square,Mars,Sagittarius,"0°11'35.45""",Mula,Ketu,1,Saturn,Pisces,"1°01'19.01""",Purva Bhadrapada,Jupiter,4,90,90.8288,0.8288
2025-12-08 04:15:00,Aspect,Trine,Mercury,Scorpio,"1°11'51.49""",Vishakha,Jupiter,4,Saturn,Pisces,"1°01'19.66""",Purva Bhadrapada,Jupiter,4,120,119.8245,0.1755
2025-12-08 04:15:00,Aspect,Square,Mars,Sagittarius,"0°12'03.48""",Mula,Ketu,1,Saturn,Pisces,"1°01'19.66""",Purva Bhadrapada,Jupiter,4,90,90.8212,0.8212
2025-12-08 04:30:00,Aspect,Trine,Mercury,Scorpio,"1°12'29.24""",Vishakha,Jupiter,4,Saturn,Pisces,"1°01'20.31""",Purva Bhadrapada,Jupiter,4,120,119.8142,0.1858
2025-12-08 04:30:00,Aspect,Square,Mars,Sagittarius,"0°12'31.51""",Mula,Ketu,1,Saturn,Pisces,"1°01'20.31""",Purva Bhadrapada,Jupiter,4,90,90.8136,0.8136
2025-12-08 04:45:00,Aspect,Trine,Mercury,Scorpio,"1°13'07.01""",Vishakha,Jupiter,4,Saturn,Pisces,"1°01'20.97""",Purva Bhadrapada,Jupiter,4,120,119.8039,0.1961
2025-12-08 04:45:00,Aspect,Square,Mars,Sagittarius,"0°12'59.55""",Mula,Ketu,1,Saturn,Pisces,"1°01'20.97""",Purva Bhadrapada,Jupiter,4,90,90.806,0.806
2025-12-08 05:00:00,Aspect,Trine,Mercury,Scorpio,"1°13'44.81""",Vishakha,Jupiter,4,Saturn,Pisces,"1°01'21.62""",Purva Bhadrapada,Jupiter,4,120,119.7936,0.2064
2025-12-08 05:00:00,Aspect,Square,Mars,Sagittarius,"0°13'27.58""",Mula,Ketu,1,Saturn,Pisces,"1°01'21.62""",Purva Bhadrapada,Jupiter,4,90,90.7983,0.7983
2025-12-08 05:15:00,Aspect,Trine,Mercury,Scorpio,"1°14'22.64""",Vishakha,Jupiter,4,Saturn,Pisces,"1°01'22.28""",Purva Bhadrapada,Jupiter,4,120,119.7832,0.2168
2025-12-08 05:15:00,Aspect,Square,Mars,Sagittarius,"0°13'55.61""",Mula,Ketu,1,Saturn,Pisces,"1°01'22.28""",Purva Bhadrapada,Jupiter,4,90,90.7907,0.7907
2025-12-08 05:30:00,Aspect,Trine,Mercury,Scorpio,"1°15'00.50""",Vishakha,Jupiter,4,Saturn,Pisces,"1°01'22.93""",Purva Bhadrapada,Jupiter,4,120,119.7729,0.2271
2025-12-08 05:30:00,Aspect,Square,Mars,Sagittarius,"0°14'23.65""",Mula,Ketu,1,Saturn,Pisces,"1°01'22.93""",Purva Bhadrapada,Jupiter,4,90,90.7831,0.7831
2025-12-08 05:45:00,Aspect,Trine,Mercury,Scorpio,"1°15'38.39""",Vishakha,Jupiter,4,Saturn,Pisces,"1°01'23.59""",Purva Bhadrapada,Jupiter,4,120,119.7626,0.2374
2025-12-08 05:45:00,Aspect,Square,Mars,Sagittarius,"0°14'51.68""",Mula,Ketu,1,Saturn,Pisces,"1°01'23.59""",Purva Bhadrapada,Jupiter,4,90,90.7755,0.7755
2025-12-08 06:00:00,Aspect,Trine,Mercury,Scorpio,"1°16'16.30""",Vishakha,Jupiter,4,Saturn,Pisces,"1°01'24.24""",Purva Bhadrapada,Jupiter,4,120,119.7522,0.2478
2025-12-08 06:00:00,Aspect,Square,Mars,Sagittarius,"0°15'19.72""",Mula,Ketu,1,Saturn,Pisces,"1°01'24.24""",Purva Bhadrapada,Jupiter,4,90,90.7679,0.7679
2025-12-08 06:15:00,Aspect,Trine,Mercury,Scorpio,"1°16'54.25""",Vishakha,Jupiter,4,Saturn,Pisces,"1°01'24.90""",Purva Bhadrapada,Jupiter,4,120,119.7418,0.2582
2025-12-08 06:15:00,Aspect,Square,Mars,Sagittarius,"0°15'47.75""",Mula,Ketu,1,Saturn,Pisces,"1°01'24.90""",Purva Bhadrapada,Jupiter,4,90,90.7603,0.7603
2025-12-08 06:30:00,Aspect,Trine,Mercury,Scorpio,"1°17'32.22""",Vishakha,Jupiter,4,Saturn,Pisces,"1°01'25.56""",Purva Bhadrapada,Jupiter,4,120,119.7315,0.2685
2025-12-08 06:30:00,Aspect,Square,Mars,Sagittarius,"0°16'15.79""",Mula,Ketu,1,Saturn,Pisces,"1°01'25.56""",Purva Bhadrapada,Jupiter,4,90,90.7527,0.7527
2025-12-08 06:45:00,Aspect,Trine,Mercury,Scorpio,"1°18'10.22""",Vishakha,Jupiter,4,Saturn,Pisces,"1°01'26.22""",Purva Bhadrapada,Jupiter,4,120,119.7211,0.2789
2025-12-08 06:45:00,Aspect,Square,Mars,Sagittarius,"0°16'43.82""",Mula,Ketu,1,Saturn,Pisces,"1°01'26.22""",Purva Bhadrapada,Jupiter,4,90,90.7451,0.7451
2025-12-08 07:00:00,Aspect,Trine,Mercury,Scorpio,"1°18'48.24""",Vishakha,Jupiter,4,Saturn,Pisces,"1°01'26.88""",Purva Bhadrapada,Jupiter,4,120,119.7107,0.2893
2025-12-08 07:00:00,Aspect,Square,Mars,Sagittarius,"0°17'11.86""",Mula,Ketu,1,Saturn,Pisces,"1°01'26.88""",Purva Bhadrapada,Jupiter,4,90,90.7375,0.7375
2025-12-08 07:15:00,Aspect,Trine,Mercury,Scorpio,"1°19'26.30""",Vishakha,Jupiter,4,Saturn,Pisces,"1°01'27.54""",Purva Bhadrapada,Jupiter,4,120,119.7003,0.2997
2025-12-08 07:15:00,Aspect,Square,Mars,Sagittarius,"0°17'39.90""",Mula,Ketu,1,Saturn,Pisces,"1°01'27.54""",Purva Bhadrapada,Jupiter,4,90,90.7299,0.7299
2025-12-08 07:30:00,Aspect,Trine,Mercury,Scorpio,"1°20'04.38""",Vishakha,Jupiter,4,Saturn,Pisces,"1°01'28.20""",Purva Bhadrapada,Jupiter,4,120,119.6899,0.3101
2025-12-08 07:30:00,Aspect,Square,Mars,Sagittarius,"0°18'07.93""",Mula,Ketu,1,Saturn,Pisces,"1°01'28.20""",Purva Bhadrapada,Jupiter,4,90,90.7223,0.7223
2025-12-08 07:45:00,Aspect,Trine,Mercury,Scorpio,"1°20'42.49""",Vishakha,Jupiter,4,Saturn,Pisces,"1°01'28.86""",Purva Bhadrapada,Jupiter,4,120,119.6795,0.3205
2025-12-08 07:45:00,Aspect,Square,Mars,Sagittarius,"0°18'35.97""",Mula,Ketu,1,Saturn,Pisces,"1°01'28.86""",Purva Bhadrapada,Jupiter,4,90,90.7147,0.7147
2025-12-08 08:00:00,Aspect,Trine,Mercury,Scorpio,"1°21'20.62""",Vishakha,Jupiter,4,Saturn,Pisces,"1°01'29.52""",Purva Bhadrapada,Jupiter,4,120,119.6691,0.3309
2025-12-08 08:00:00,Aspect,Square,Mars,Sagittarius,"0°19'04.01""",Mula,Ketu,1,Saturn,Pisces,"1°01'29.52""",Purva Bhadrapada,Jupiter,4,90,90.7071,0.7071
2025-12-08 08:15:00,Aspect,Trine,Mercury,Scorpio,"1°21'58.79""",Vishakha,Jupiter,4,Saturn,Pisces,"1°01'30.18""",Purva Bhadrapada,Jupiter,4,120,119.6587,0.3413
2025-12-08 08:15:00,Aspect,Square,Mars,Sagittarius,"0°19'32.05""",Mula,Ketu,1,Saturn,Pisces,"1°01'30.18""",Purva Bhadrapada,Jupiter,4,90,90.6995,0.6995
2025-12-08 08:30:00,Aspect,Trine,Mercury,Scorpio,"1°22'36.98""",Vishakha,Jupiter,4,Saturn,Pisces,"1°01'30.85""",Purva Bhadrapada,Jupiter,4,120,119.6483,0.3517
2025-12-08 08:30:00,Aspect,Square,Mars,Sagittarius,"0°20'00.09""",Mula,Ketu,1,Saturn,Pisces,"1°01'30.85""",Purva Bhadrapada,Jupiter,4,90,90.6919,0.6919
2025-12-08 08:45:00,Aspect,Trine,Mercury,Scorpio,"1°23'15.20""",Vishakha,Jupiter,4,Saturn,Pisces,"1°01'31.51""",Purva Bhadrapada,Jupiter,4,120,119.6379,0.3621
2025-12-08 08:45:00,Aspect,Square,Mars,Sagittarius,"0°20'28.12""",Mula,Ketu,1,Saturn,Pisces,"1°01'31.51""",Purva Bhadrapada,Jupiter,4,90,90.6843,0.6843
2025-12-08 09:00:00,Aspect,Trine,Mercury,Scorpio,"1°23'53.45""",Vishakha,Jupiter,4,Saturn,Pisces,"1°01'32.17""",Purva Bhadrapada,Jupiter,4,120,119.6274,0.3726
2025-12-08 09:00:00,Aspect,Square,Mars,Sagittarius,"0°20'56.16""",Mula,Ketu,1,Saturn,Pisces,"1°01'32.17""",Purva Bhadrapada,Jupiter,4,90,90.6767,0.6767
2025-12-08 09:15:00,Aspect,Trine,Mercury,Scorpio,"1°24'31.73""",Vishakha,Jupiter,4,Saturn,Pisces,"1°01'32.84""",Purva Bhadrapada,Jupiter,4,120,119.617,0.383
2025-12-08 09:15:00,Aspect,Square,Mars,Sagittarius,"0°21'24.20""",Mula,Ketu,1,Saturn,Pisces,"1°01'32.84""",Purva Bhadrapada,Jupiter,4,90,90.6691,0.6691
2025-12-08 09:30:00,Aspect,Trine,Mercury,Scorpio,"1°25'10.03""",Vishakha,Jupiter,4,Saturn,Pisces,"1°01'33.51""",Purva Bhadrapada,Jupiter,4,120,119.6065,0.3935
2025-12-08 09:30:00,Aspect,Square,Mars,Sagittarius,"0°21'52.24""",Mula,Ketu,1,Saturn,Pisces,"1°01'33.51""",Purva Bhadrapada,Jupiter,4,90,90.6615,0.6615
2025-12-08 09:45:00,Aspect,Trine,Mercury,Scorpio,"1°25'48.36""",Vishakha,Jupiter,4,Saturn,Pisces,"1°01'34.17""",Purva Bhadrapada,Jupiter,4,120,119.5961,0.4039
2025-12-08 09:45:00,Aspect,Square,Mars,Sagittarius,"0°22'20.28""",Mula,Ketu,1,Saturn,Pisces,"1°01'34.17""",Purva Bhadrapada,Jupiter,4,90,90.6539,0.6539
2025-12-08 10:00:00,Aspect,Trine,Mercury,Scorpio,"1°26'26.71""",Vishakha,Jupiter,4,Saturn,Pisces,"1°01'34.84""",Purva Bhadrapada,Jupiter,4,120,119.5856,0.4144
2025-12-08 10:00:00,Aspect,Square,Mars,Sagittarius,"0°22'48.32""",Mula,Ketu,1,Saturn,Pisces,"1°01'34.84""",Purva Bhadrapada,Jupiter,4,90,90.6463,0.6463
2025-12-08 10:15:00,Aspect,Trine,Mercury,Scorpio,"1°27'05.10""",Vishakha,Jupiter,4,Saturn,Pisces,"1°01'35.51""",Purva Bhadrapada,Jupiter,4,120,119.5751,0.4249
2025-12-08 10:15:00,Aspect,Square,Mars,Sagittarius,"0°23'16.36""",Mula,Ketu,1,Saturn,Pisces,"1°01'35.51""",Purva Bhadrapada,Jupiter,4,90,90.6387,0.6387
2025-12-08 10:30:00,Aspect,Trine,Mercury,Scorpio,"1°27'43.51""",Vishakha,Jupiter,4,Saturn,Pisces,"1°01'36.18""",Purva Bhadrapada,Jupiter,4,120,119.5646,0.4354
2025-12-08 10:30:00,Aspect,Square,Mars,Sagittarius,"0°23'44.41""",Mula,Ketu,1,Saturn,Pisces,"1°01'36.18""",Purva Bhadrapada,Jupiter,4,90,90.631,0.631
2025-12-08 10:45:00,Aspect,Trine,Mercury,Scorpio,"1°28'21.95""",Vishakha,Jupiter,4,Saturn,Pisces,"1°01'36.85""",Purva Bhadrapada,Jupiter,4,120,119.5541,0.4459
2025-12-08 10:45:00,Aspect,Square,Mars,Sagittarius,"0°24'12.45""",Mula,Ketu,1,Saturn,Pisces,"1°01'36.85""",Purva Bhadrapada,Jupiter,4,90,90.6234,0.6234
2025-12-08 11:00:00,Aspect,Trine,Mercury,Scorpio,"1°29'00.42""",Vishakha,Jupiter,4,Saturn,Pisces,"1°01'37.52""",Purva Bhadrapada,Jupiter,4,120,119.5436,0.4564
2025-12-08 11:00:00,Aspect,Square,Mars,Sagittarius,"0°24'40.49""",Mula,Ketu,1,Saturn,Pisces,"1°01'37.52""",Purva Bhadrapada,Jupiter,4,90,90.6158,0.6158
2025-12-08 11:15:00,Aspect,Trine,Mercury,Scorpio,"1°29'38.91""",Vishakha,Jupiter,4,Saturn,Pisces,"1°01'38.19""",Purva Bhadrapada,Jupiter,4,120,119.5331,0.4669
2025-12-08 11:15:00,Aspect,Square,Mars,Sagittarius,"0°25'08.53""",Mula,Ketu,1,Saturn,Pisces,"1°01'38.19""",Purva Bhadrapada,Jupiter,4,90,90.6082,0.6082
2025-12-08 11:30:00,Aspect,Trine,Mercury,Scorpio,"1°30'17.43""",Vishakha,Jupiter,4,Saturn,Pisces,"1°01'38.86""",Purva Bhadrapada,Jupiter,4,120,119.5226,0.4774
2025-12-08 11:30:00,Aspect,Square,Mars,Sagittarius,"0°25'36.57""",Mula,Ketu,1,Saturn,Pisces,"1°01'38.86""",Purva Bhadrapada,Jupiter,4,90,90.6006,0.6006
2025-12-08 11:45:00,Aspect,Trine,Mercury,Scorpio,"1°30'55.98""",Vishakha,Jupiter,4,Saturn,Pisces,"1°01'39.53""",Purva Bhadrapada,Jupiter,4,120,119.5121,0.4879
2025-12-08 11:45:00,Aspect,Square,Mars,Sagittarius,"0°26'04.62""",Mula,Ketu,1,Saturn,Pisces,"1°01'39.53""",Purva Bhadrapada,Jupiter,4,90,90.593,0.593
2025-12-08 12:00:00,Aspect,Trine,Mercury,Scorpio,"1°31'34.55""",Vishakha,Jupiter,4,Saturn,Pisces,"1°01'40.21""",Purva Bhadrapada,Jupiter,4,120,119.5016,0.4984
2025-12-08 12:00:00,Aspect,Square,Mars,Sagittarius,"0°26'32.66""",Mula,Ketu,1,Saturn,Pisces,"1°01'40.21""",Purva Bhadrapada,Jupiter,4,90,90.5854,0.5854
2025-12-08 12:15:00,Aspect,Trine,Mercury,Scorpio,"1°32'13.16""",Vishakha,Jupiter,4,Saturn,Pisces,"1°01'40.88""",Purva Bhadrapada,Jupiter,4,120,119.491,0.509
2025-12-08 12:15:00,Aspect,Square,Mars,Sagittarius,"0°27'00.70""",Mula,Ketu,1,Saturn,Pisces,"1°01'40.88""",Purva Bhadrapada,Jupiter,4,90,90.5778,0.5778
2025-12-08 12:30:00,Aspect,Trine,Mercury,Scorpio,"1°32'51.78""",Vishakha,Jupiter,4,Saturn,Pisces,"1°01'41.55""",Purva Bhadrapada,Jupiter,4,120,119.4805,0.5195
2025-12-08 12:30:00,Aspect,Square,Mars,Sagittarius,"0°27'28.75""",Mula,Ketu,1,Saturn,Pisces,"1°01'41.55""",Purva Bhadrapada,Jupiter,4,90,90.5702,0.5702
2025-12-08 12:45:00,Aspect,Trine,Mercury,Scorpio,"1°33'30.44""",Vishakha,Jupiter,4,Saturn,Pisces,"1°01'42.23""",Purva Bhadrapada,Jupiter,4,120,119.4699,0.5301
2025-12-08 12:45:00,Aspect,Square,Mars,Sagittarius,"0°27'56.79""",Mula,Ketu,1,Saturn,Pisces,"1°01'42.23""",Purva Bhadrapada,Jupiter,4,90,90.5626,0.5626
2025-12-08 13:00:00,Aspect,Trine,Mercury,Scorpio,"1°34'09.12""",Vishakha,Jupiter,4,Saturn,Pisces,"1°01'42.91""",Purva Bhadrapada,Jupiter,4,120,119.4594,0.5406
2025-12-08 13:00:00,Aspect,Square,Mars,Sagittarius,"0°28'24.84""",Mula,Ketu,1,Saturn,Pisces,"1°01'42.91""",Purva Bhadrapada,Jupiter,4,90,90.555,0.555
2025-12-08 13:15:00,Aspect,Trine,Mercury,Scorpio,"1°34'47.83""",Vishakha,Jupiter,4,Saturn,Pisces,"1°01'43.58""",Purva Bhadrapada,Jupiter,4,120,119.4488,0.5512
2025-12-08 13:15:00,Aspect,Square,Mars,Sagittarius,"0°28'52.88""",Mula,Ketu,1,Saturn,Pisces,"1°01'43.58""",Purva Bhadrapada,Jupiter,4,90,90.5474,0.5474
2025-12-08 13:30:00,Aspect,Trine,Mercury,Scorpio,"1°35'26.57""",Vishakha,Jupiter,4,Saturn,Pisces,"1°01'44.26""",Purva Bhadrapada,Jupiter,4,120,119.4382,0.5618
2025-12-08 13:30:00,Aspect,Square,Mars,Sagittarius,"0°29'20.93""",Mula,Ketu,1,Saturn,Pisces,"1°01'44.26""",Purva Bhadrapada,Jupiter,4,90,90.5398,0.5398
2025-12-08 13:45:00,Aspect,Trine,Mercury,Scorpio,"1°36'05.33""",Vishakha,Jupiter,4,Saturn,Pisces,"1°01'44.94""",Purva Bhadrapada,Jupiter,4,120,119.4277,0.5723
2025-12-08 13:45:00,Aspect,Square,Mars,Sagittarius,"0°29'48.97""",Mula,Ketu,1,Saturn,Pisces,"1°01'44.94""",Purva Bhadrapada,Jupiter,4,90,90.5322,0.5322
2025-12-08 14:00:00,Aspect,Trine,Mercury,Scorpio,"1°36'44.12""",Vishakha,Jupiter,4,Saturn,Pisces,"1°01'45.62""",Purva Bhadrapada,Jupiter,4,120,119.4171,0.5829
2025-12-08 14:00:00,Aspect,Square,Mars,Sagittarius,"0°30'17.02""",Mula,Ketu,1,Saturn,Pisces,"1°01'45.62""",Purva Bhadrapada,Jupiter,4,90,90.5246,0.5246
2025-12-08 14:15:00,Aspect,Trine,Mercury,Scorpio,"1°37'22.94""",Vishakha,Jupiter,4,Saturn,Pisces,"1°01'46.30""",Purva Bhadrapada,Jupiter,4,120,119.4065,0.5935
2025-12-08 14:15:00,Aspect,Square,Mars,Sagittarius,"0°30'45.06""",Mula,Ketu,1,Saturn,Pisces,"1°01'46.30""",Purva Bhadrapada,Jupiter,4,90,90.517,0.517
2025-12-08 14:30:00,Aspect,Trine,Mercury,Scorpio,"1°38'01.78""",Vishakha,Jupiter,4,Saturn,Pisces,"1°01'46.98""",Purva Bhadrapada,Jupiter,4,120,119.3959,0.6041
2025-12-08 14:30:00,Aspect,Square,Mars,Sagittarius,"0°31'13.11""",Mula,Ketu,1,Saturn,Pisces,"1°01'46.98""",Purva Bhadrapada,Jupiter,4,90,90.5094,0.5094
2025-12-08 14:45:00,Aspect,Trine,Mercury,Scorpio,"1°38'40.65""",Vishakha,Jupiter,4,Saturn,Pisces,"1°01'47.66""",Purva Bhadrapada,Jupiter,4,120,119.3853,0.6147
2025-12-08 14:45:00,Aspect,Square,Mars,Sagittarius,"0°31'41.16""",Mula,Ketu,1,Saturn,Pisces,"1°01'47.66""",Purva Bhadrapada,Jupiter,4,90,90.5018,0.5018
2025-12-08 15:00:00,Aspect,Trine,Mercury,Scorpio,"1°39'19.55""",Vishakha,Jupiter,4,Saturn,Pisces,"1°01'48.34""",Purva Bhadrapada,Jupiter,4,120,119.3747,0.6253
2025-12-08 15:00:00,Aspect,Square,Mars,Sagittarius,"0°32'09.20""",Mula,Ketu,1,Saturn,Pisces,"1°01'48.34""",Purva Bhadrapada,Jupiter,4,90,90.4942,0.4942
2025-12-08 15:15:00,Aspect,Trine,Mercury,Scorpio,"1°39'58.47""",Vishakha,Jupiter,4,Saturn,Pisces,"1°01'49.02""",Purva Bhadrapada,Jupiter,4,120,119.364,0.636
2025-12-08 15:15:00,Aspect,Square,Mars,Sagittarius,"0°32'37.25""",Mula,Ketu,1,Saturn,Pisces,"1°01'49.02""",Purva Bhadrapada,Jupiter,4,90,90.4866,0.4866
2025-12-08 15:30:00,Aspect,Trine,Mercury,Scorpio,"1°40'37.42""",Vishakha,Jupiter,4,Saturn,Pisces,"1°01'49.70""",Purva Bhadrapada,Jupiter,4,120,119.3534,0.6466
2025-12-08 15:30:00,Aspect,Square,Mars,Sagittarius,"0°33'05.30""",Mula,Ketu,1,Saturn,Pisces,"1°01'49.70""",Purva Bhadrapada,Jupiter,4,90,90.479,0.479
2025-12-08 15:45:00,Aspect,Trine,Mercury,Scorpio,"1°41'16.40""",Vishakha,Jupiter,4,Saturn,Pisces,"1°01'50.39""",Purva Bhadrapada,Jupiter,4,120,119.3428,0.6572
2025-12-08 15:45:00,Aspect,Square,Mars,Sagittarius,"0°33'33.35""",Mula,Ketu,1,Saturn,Pisces,"1°01'50.39""",Purva Bhadrapada,Jupiter,4,90,90.4714,0.4714
2025-12-08 16:00:00,Aspect,Trine,Mercury,Scorpio,"1°41'55.40""",Vishakha,Jupiter,4,Saturn,Pisces,"1°01'51.07""",Purva Bhadrapada,Jupiter,4,120,119.3321,0.6679
2025-12-08 16:00:00,Aspect,Square,Mars,Sagittarius,"0°34'01.40""",Mula,Ketu,1,Saturn,Pisces,"1°01'51.07""",Purva Bhadrapada,Jupiter,4,90,90.4638,0.4638
2025-12-08 16:15:00,Aspect,Trine,Mercury,Scorpio,"1°42'34.43""",Vishakha,Jupiter,4,Saturn,Pisces,"1°01'51.76""",Purva Bhadrapada,Jupiter,4,120,119.3215,0.6785
2025-12-08 16:15:00,Aspect,Square,Mars,Sagittarius,"0°34'29.45""",Mula,Ketu,1,Saturn,Pisces,"1°01'51.76""",Purva Bhadrapada,Jupiter,4,90,90.4562,0.4562
2025-12-08 16:30:00,Aspect,Trine,Mercury,Scorpio,"1°43'13.48""",Vishakha,Jupiter,4,Saturn,Pisces,"1°01'52.44""",Purva Bhadrapada,Jupiter,4,120,119.3108,0.6892
2025-12-08 16:30:00,Aspect,Square,Mars,Sagittarius,"0°34'57.50""",Mula,Ketu,1,Saturn,Pisces,"1°01'52.44""",Purva Bhadrapada,Jupiter,4,90,90.4486,0.4486
2025-12-08 16:45:00,Aspect,Trine,Mercury,Scorpio,"1°43'52.56""",Vishakha,Jupiter,4,Saturn,Pisces,"1°01'53.13""",Purva Bhadrapada,Jupiter,4,120,119.3002,0.6998
2025-12-08 16:45:00,Aspect,Square,Mars,Sagittarius,"0°35'25.55""",Mula,Ketu,1,Saturn,Pisces,"1°01'53.13""",Purva Bhadrapada,Jupiter,4,90,90.441,0.441
2025-12-08 17:00:00,Aspect,Trine,Mercury,Scorpio,"1°44'31.67""",Vishakha,Jupiter,4,Saturn,Pisces,"1°01'53.81""",Purva Bhadrapada,Jupiter,4,120,119.2895,0.7105
2025-12-08 17:00:00,Aspect,Square,Mars,Sagittarius,"0°35'53.60""",Mula,Ketu,1,Saturn,Pisces,"1°01'53.81""",Purva Bhadrapada,Jupiter,4,90,90.4334,0.4334
2025-12-08 17:15:00,Aspect,Trine,Mercury,Scorpio,"1°45'10.81""",Vishakha,Jupiter,4,Saturn,Pisces,"1°01'54.50""",Purva Bhadrapada,Jupiter,4,120,119.2788,0.7212
2025-12-08 17:15:00,Aspect,Square,Mars,Sagittarius,"0°36'21.65""",Mula,Ketu,1,Saturn,Pisces,"1°01'54.50""",Purva Bhadrapada,Jupiter,4,90,90.4258,0.4258
2025-12-08 17:30:00,Aspect,Trine,Mercury,Scorpio,"1°45'49.97""",Vishakha,Jupiter,4,Saturn,Pisces,"1°01'55.19""",Purva Bhadrapada,Jupiter,4,120,119.2681,0.7319
2025-12-08 17:30:00,Aspect,Square,Mars,Sagittarius,"0°36'49.70""",Mula,Ketu,1,Saturn,Pisces,"1°01'55.19""",Purva Bhadrapada,Jupiter,4,90,90.4182,0.4182
2025-12-08 17:45:00,Aspect,Trine,Mercury,Scorpio,"1°46'29.15""",Vishakha,Jupiter,4,Saturn,Pisces,"1°01'55.88""",Purva Bhadrapada,Jupiter,4,120,119.2574,0.7426
2025-12-08 17:45:00,Aspect,Square,Mars,Sagittarius,"0°37'17.75""",Mula,Ketu,1,Saturn,Pisces,"1°01'55.88""",Purva Bhadrapada,Jupiter,4,90,90.4106,0.4106
2025-12-08 18:00:00,Aspect,Trine,Mercury,Scorpio,"1°47'08.36""",Vishakha,Jupiter,4,Saturn,Pisces,"1°01'56.57""",Purva Bhadrapada,Jupiter,4,120,119.2467,0.7533
2025-12-08 18:00:00,Aspect,Square,Mars,Sagittarius,"0°37'45.80""",Mula,Ketu,1,Saturn,Pisces,"1°01'56.57""",Purva Bhadrapada,Jupiter,4,90,90.403,0.403
2025-12-08 18:15:00,Aspect,Trine,Mercury,Scorpio,"1°47'47.60""",Vishakha,Jupiter,4,Saturn,Pisces,"1°01'57.26""",Purva Bhadrapada,Jupiter,4,120,119.236,0.764
2025-12-08 18:15:00,Aspect,Square,Mars,Sagittarius,"0°38'13.85""",Mula,Ketu,1,Saturn,Pisces,"1°01'57.26""",Purva Bhadrapada,Jupiter,4,90,90.3954,0.3954
2025-12-08 18:30:00,Aspect,Trine,Mercury,Scorpio,"1°48'26.87""",Vishakha,Jupiter,4,Saturn,Pisces,"1°01'57.95""",Purva Bhadrapada,Jupiter,4,120,119.2253,0.7747
2025-12-08 18:30:00,Aspect,Square,Mars,Sagittarius,"0°38'41.90""",Mula,Ketu,1,Saturn,Pisces,"1°01'57.95""",Purva Bhadrapada,Jupiter,4,90,90.3878,0.3878
2025-12-08 18:45:00,Aspect,Trine,Mercury,Scorpio,"1°49'06.16""",Vishakha,Jupiter,4,Saturn,Pisces,"1°01'58.64""",Purva Bhadrapada,Jupiter,4,120,119.2146,0.7854
2025-12-08 18:45:00,Aspect,Square,Mars,Sagittarius,"0°39'09.96""",Mula,Ketu,1,Saturn,Pisces,"1°01'58.64""",Purva Bhadrapada,Jupiter,4,90,90.3802,0.3802
2025-12-08 19:00:00,Aspect,Trine,Mercury,Scorpio,"1°49'45.48""",Vishakha,Jupiter,4,Saturn,Pisces,"1°01'59.34""",Purva Bhadrapada,Jupiter,4,120,119.2038,0.7962
2025-12-08 19:00:00,Aspect,Square,Mars,Sagittarius,"0°39'38.01""",Mula,Ketu,1,Saturn,Pisces,"1°01'59.34""",Purva Bhadrapada,Jupiter,4,90,90.3726,0.3726
2025-12-08 19:15:00,Aspect,Trine,Mercury,Scorpio,"1°50'24.82""",Vishakha,Jupiter,4,Saturn,Pisces,"1°02'00.03""",Purva Bhadrapada,Jupiter,4,120,119.1931,0.8069
2025-12-08 19:15:00,Aspect,Square,Mars,Sagittarius,"0°40'06.06""",Mula,Ketu,1,Saturn,Pisces,"1°02'00.03""",Purva Bhadrapada,Jupiter,4,90,90.365,0.365
2025-12-08 19:30:00,Aspect,Trine,Mercury,Scorpio,"1°51'04.19""",Vishakha,Jupiter,4,Saturn,Pisces,"1°02'00.72""",Purva Bhadrapada,Jupiter,4,120,119.1824,0.8176
2025-12-08 19:30:00,Aspect,Square,Mars,Sagittarius,"0°40'34.12""",Mula,Ketu,1,Saturn,Pisces,"1°02'00.72""",Purva Bhadrapada,Jupiter,4,90,90.3574,0.3574
2025-12-08 19:45:00,Aspect,Trine,Mercury,Scorpio,"1°51'43.58""",Vishakha,Jupiter,4,Saturn,Pisces,"1°02'01.42""",Purva Bhadrapada,Jupiter,4,120,119.1716,0.8284
2025-12-08 19:45:00,Aspect,Square,Mars,Sagittarius,"0°41'02.17""",Mula,Ketu,1,Saturn,Pisces,"1°02'01.42""",Purva Bhadrapada,Jupiter,4,90,90.3498,0.3498
2025-12-08 20:00:00,Aspect,Trine,Mercury,Scorpio,"1°52'23.00""",Vishakha,Jupiter,4,Saturn,Pisces,"1°02'02.11""",Purva Bhadrapada,Jupiter,4,120,119.1609,0.8391
2025-12-08 20:00:00,Aspect,Square,Mars,Sagittarius,"0°41'30.22""",Mula,Ketu,1,Saturn,Pisces,"1°02'02.11""",Purva Bhadrapada,Jupiter,4,90,90.3422,0.3422
2025-12-08 20:15:00,Aspect,Trine,Mercury,Scorpio,"1°53'02.45""",Vishakha,Jupiter,4,Saturn,Pisces,"1°02'02.81""",Purva Bhadrapada,Jupiter,4,120,119.1501,0.8499
2025-12-08 20:15:00,Aspect,Square,Mars,Sagittarius,"0°41'58.28""",Mula,Ketu,1,Saturn,Pisces,"1°02'02.81""",Purva Bhadrapada,Jupiter,4,90,90.3346,0.3346
2025-12-08 20:30:00,Aspect,Trine,Mercury,Scorpio,"1°53'41.92""",Vishakha,Jupiter,4,Saturn,Pisces,"1°02'03.51""",Purva Bhadrapada,Jupiter,4,120,119.1393,0.8607
2025-12-08 20:30:00,Aspect,Square,Mars,Sagittarius,"0°42'26.33""",Mula,Ketu,1,Saturn,Pisces,"1°02'03.51""",Purva Bhadrapada,Jupiter,4,90,90.327,0.327
2025-12-08 20:45:00,Aspect,Trine,Mercury,Scorpio,"1°54'21.42""",Vishakha,Jupiter,4,Saturn,Pisces,"1°02'04.20""",Purva Bhadrapada,Jupiter,4,120,119.1286,0.8714
2025-12-08 20:45:00,Aspect,Square,Mars,Sagittarius,"0°42'54.39""",Mula,Ketu,1,Saturn,Pisces,"1°02'04.20""",Purva Bhadrapada,Jupiter,4,90,90.3194,0.3194
2025-12-08 21:00:00,Aspect,Trine,Mercury,Scorpio,"1°55'00.94""",Vishakha,Jupiter,4,Saturn,Pisces,"1°02'04.90""",Purva Bhadrapada,Jupiter,4,120,119.1178,0.8822
2025-12-08 21:00:00,Aspect,Square,Mars,Sagittarius,"0°43'22.44""",Mula,Ketu,1,Saturn,Pisces,"1°02'04.90""",Purva Bhadrapada,Jupiter,4,90,90.3118,0.3118
2025-12-08 21:15:00,Aspect,Trine,Mercury,Scorpio,"1°55'40.49""",Vishakha,Jupiter,4,Saturn,Pisces,"1°02'05.60""",Purva Bhadrapada,Jupiter,4,120,119.107,0.893
2025-12-08 21:15:00,Aspect,Square,Mars,Sagittarius,"0°43'50.50""",Mula,Ketu,1,Saturn,Pisces,"1°02'05.60""",Purva Bhadrapada,Jupiter,4,90,90.3042,0.3042
2025-12-08 21:30:00,Aspect,Trine,Mercury,Scorpio,"1°56'20.06""",Vishakha,Jupiter,4,Saturn,Pisces,"1°02'06.30""",Purva Bhadrapada,Jupiter,4,120,119.0962,0.9038
2025-12-08 21:30:00,Aspect,Square,Mars,Sagittarius,"0°44'18.56""",Mula,Ketu,1,Saturn,Pisces,"1°02'06.30""",Purva Bhadrapada,Jupiter,4,90,90.2966,0.2966
2025-12-08 21:45:00,Aspect,Trine,Mercury,Scorpio,"1°56'59.66""",Vishakha,Jupiter,4,Saturn,Pisces,"1°02'07.00""",Purva Bhadrapada,Jupiter,4,120,119.0854,0.9146
2025-12-08 21:45:00,Aspect,Square,Mars,Sagittarius,"0°44'46.61""",Mula,Ketu,1,Saturn,Pisces,"1°02'07.00""",Purva Bhadrapada,Jupiter,4,90,90.289,0.289
2025-12-08 22:00:00,Aspect,Trine,Mercury,Scorpio,"1°57'39.29""",Vishakha,Jupiter,4,Saturn,Pisces,"1°02'07.70""",Purva Bhadrapada,Jupiter,4,120,119.0746,0.9254
2025-12-08 22:00:00,Aspect,Square,Mars,Sagittarius,"0°45'14.67""",Mula,Ketu,1,Saturn,Pisces,"1°02'07.70""",Purva Bhadrapada,Jupiter,4,90,90.2814,0.2814
2025-12-08 22:15:00,Aspect,Trine,Mercury,Scorpio,"1°58'18.94""",Vishakha,Jupiter,4,Saturn,Pisces,"1°02'08.40""",Purva Bhadrapada,Jupiter,4,120,119.0637,0.9363
2025-12-08 22:15:00,Aspect,Square,Mars,Sagittarius,"0°45'42.73""",Mula,Ketu,1,Saturn,Pisces,"1°02'08.40""",Purva Bhadrapada,Jupiter,4,90,90.2738,0.2738
2025-12-08 22:30:00,Aspect,Trine,Mercury,Scorpio,"1°58'58.62""",Vishakha,Jupiter,4,Saturn,Pisces,"1°02'09.10""",Purva Bhadrapada,Jupiter,4,120,119.0529,0.9471
2025-12-08 22:30:00,Aspect,Square,Mars,Sagittarius,"0°46'10.79""",Mula,Ketu,1,Saturn,Pisces,"1°02'09.10""",Purva Bhadrapada,Jupiter,4,90,90.2662,0.2662
2025-12-08 22:45:00,Aspect,Trine,Mercury,Scorpio,"1°59'38.32""",Vishakha,Jupiter,4,Saturn,Pisces,"1°02'09.81""",Purva Bhadrapada,Jupiter,4,120,119.0421,0.9579
2025-12-08 22:45:00,Aspect,Square,Mars,Sagittarius,"0°46'38.84""",Mula,Ketu,1,Saturn,Pisces,"1°02'09.81""",Purva Bhadrapada,Jupiter,4,90,90.2586,0.2586
2025-12-08 23:00:00,Aspect,Trine,Mercury,Scorpio,"2°00'18.05""",Vishakha,Jupiter,4,Saturn,Pisces,"1°02'10.51""",Purva Bhadrapada,Jupiter,4,120,119.0312,0.9688
2025-12-08 23:00:00,Aspect,Square,Mars,Sagittarius,"0°47'06.90""",Mula,Ketu,1,Saturn,Pisces,"1°02'10.51""",Purva Bhadrapada,Jupiter,4,90,90.251,0.251
2025-12-08 23:15:00,Aspect,Trine,Mercury,Scorpio,"2°00'57.80""",Vishakha,Jupiter,4,Saturn,Pisces,"1°02'11.22""",Purva Bhadrapada,Jupiter,4,120,119.0204,0.9796
2025-12-08 23:15:00,Aspect,Square,Mars,Sagittarius,"0°47'34.96""",Mula,Ketu,1,Saturn,Pisces,"1°02'11.22""",Purva Bhadrapada,Jupiter,4,90,90.2434,0.2434
2025-12-08 23:30:00,Aspect,Trine,Mercury,Scorpio,"2°01'37.58""",Vishakha,Jupiter,4,Saturn,Pisces,"1°02'11.92""",Purva Bhadrapada,Jupiter,4,120,119.0095,0.9905
2025-12-08 23:30:00,Aspect,Square,Mars,Sagittarius,"0°48'03.02""",Mula,Ketu,1,Saturn,Pisces,"1°02'11.92""",Purva Bhadrapada,Jupiter,4,90,90.2358,0.2358
2025-12-08 23:45:00,Aspect,Square,Mars,Sagittarius,"0°48'31.08""",Mula,Ketu,1,Saturn,Pisces,"1°02'12.63""",Purva Bhadrapada,Jupiter,4,90,90.2282,0.2282
2025-12-09 00:00:00,Aspect,Square,Mars,Sagittarius,"0°48'59.14""",Mula,Ketu,1,Saturn,Pisces,"1°02'13.33""",Purva Bhadrapada,Jupiter,4,90,90.2206,0.2206
2025-12-09 00:15:00,Aspect,Square,Mars,Sagittarius,"0°49'27.20""",Mula,Ketu,1,Saturn,Pisces,"1°02'14.04""",Purva Bhadrapada,Jupiter,4,90,90.213,0.213
2025-12-09 00:30:00,Aspect,Square,Mars,Sagittarius,"0°49'55.26""",Mula,Ketu,1,Saturn,Pisces,"1°02'14.75""",Purva Bhadrapada,Jupiter,4,90,90.2054,0.2054
2025-12-09 00:45:00,Aspect,Square,Mars,Sagittarius,"0°50'23.32""",Mula,Ketu,1,Saturn,Pisces,"1°02'15.46""",Purva Bhadrapada,Jupiter,4,90,90.1978,0.1978
2025-12-09 01:00:00,Aspect,Square,Mars,Sagittarius,"0°50'51.38""",Mula,Ketu,1,Saturn,Pisces,"1°02'16.17""",Purva Bhadrapada,Jupiter,4,90,90.1902,0.1902
2025-12-09 01:15:00,Aspect,Trine,Moon,Cancer,"14°51'12.44""",Pushya,Saturn,4,Venus,Scorpio,"15°44'12.49""",Anuradha,Saturn,4,120,120.8833,0.8833
2025-12-09 01:15:00,Aspect,Square,Mars,Sagittarius,"0°51'19.44""",Mula,Ketu,1,Saturn,Pisces,"1°02'16.88""",Purva Bhadrapada,Jupiter,4,90,90.1826,0.1826
2025-12-09 01:30:00,Aspect,Trine,Moon,Cancer,"14°59'54.80""",Pushya,Saturn,4,Venus,Scorpio,"15°44'59.66""",Anuradha,Saturn,4,120,120.7514,0.7514
2025-12-09 01:30:00,Aspect,Square,Mars,Sagittarius,"0°51'47.50""",Mula,Ketu,1,Saturn,Pisces,"1°02'17.59""",Purva Bhadrapada,Jupiter,4,90,90.175,0.175
2025-12-09 01:45:00,Aspect,Trine,Moon,Cancer,"15°08'36.96""",Pushya,Saturn,4,Venus,Scorpio,"15°45'46.84""",Anuradha,Saturn,4,120,120.6194,0.6194
2025-12-09 01:45:00,Aspect,Square,Mars,Sagittarius,"0°52'15.57""",Mula,Ketu,1,Saturn,Pisces,"1°02'18.30""",Purva Bhadrapada,Jupiter,4,90,90.1674,0.1674
2025-12-09 02:00:00,Aspect,Trine,Moon,Cancer,"15°17'18.92""",Pushya,Saturn,4,Venus,Scorpio,"15°46'34.01""",Anuradha,Saturn,4,120,120.4875,0.4875
2025-12-09 02:00:00,Aspect,Square,Mars,Sagittarius,"0°52'43.63""",Mula,Ketu,1,Saturn,Pisces,"1°02'19.01""",Purva Bhadrapada,Jupiter,4,90,90.1598,0.1598
2025-12-09 02:15:00,Aspect,Trine,Moon,Cancer,"15°26'00.68""",Pushya,Saturn,4,Venus,Scorpio,"15°47'21.19""",Anuradha,Saturn,4,120,120.3557,0.3557
2025-12-09 02:15:00,Aspect,Square,Mars,Sagittarius,"0°53'11.69""",Mula,Ketu,1,Saturn,Pisces,"1°02'19.72""",Purva Bhadrapada,Jupiter,4,90,90.1522,0.1522
2025-12-09 02:30:00,Aspect,Trine,Moon,Cancer,"15°34'42.23""",Pushya,Saturn,4,Venus,Scorpio,"15°48'08.36""",Anuradha,Saturn,4,120,120.2239,0.2239
2025-12-09 02:30:00,Aspect,Square,Mars,Sagittarius,"0°53'39.76""",Mula,Ketu,1,Saturn,Pisces,"1°02'20.44""",Purva Bhadrapada,Jupiter,4,90,90.1446,0.1446
2025-12-09 02:45:00,Aspect,Trine,Moon,Cancer,"15°43'23.59""",Pushya,Saturn,4,Venus,Scorpio,"15°48'55.53""",Anuradha,Saturn,4,120,120.0922,0.0922
2025-12-09 02:45:00,Aspect,Square,Mars,Sagittarius,"0°54'07.82""",Mula,Ketu,1,Saturn,Pisces,"1°02'21.15""",Purva Bhadrapada,Jupiter,4,90,90.137,0.137
2025-12-09 03:00:00,Aspect,Trine,Moon,Cancer,"15°52'04.74""",Pushya,Saturn,4,Venus,Scorpio,"15°49'42.71""",Anuradha,Saturn,4,120,119.9605,0.0395
2025-12-09 03:00:00,Aspect,Square,Mars,Sagittarius,"0°54'35.88""",Mula,Ketu,1,Saturn,Pisces,"1°02'21.86""",Purva Bhadrapada,Jupiter,4,90,90.1294,0.1294
2025-12-09 03:15:00,Aspect,Trine,Moon,Cancer,"16°00'45.70""",Pushya,Saturn,4,Venus,Scorpio,"15°50'29.88""",Anuradha,Saturn,4,120,119.8289,0.1711
2025-12-09 03:15:00,Aspect,Square,Mars,Sagittarius,"0°55'03.95""",Mula,Ketu,1,Saturn,Pisces,"1°02'22.58""",Purva Bhadrapada,Jupiter,4,90,90.1218,0.1218
2025-12-09 03:30:00,Aspect,Trine,Moon,Cancer,"16°09'26.45""",Pushya,Saturn,4,Venus,Scorpio,"15°51'17.06""",Anuradha,Saturn,4,120,119.6974,0.3026
2025-12-09 03:30:00,Aspect,Square,Mars,Sagittarius,"0°55'32.01""",Mula,Ketu,1,Saturn,Pisces,"1°02'23.30""",Purva Bhadrapada,Jupiter,4,90,90.1142,0.1142
2025-12-09 03:45:00,Aspect,Trine,Moon,Cancer,"16°18'07.00""",Pushya,Saturn,4,Venus,Scorpio,"15°52'04.23""",Anuradha,Saturn,4,120,119.5659,0.4341
2025-12-09 03:45:00,Aspect,Square,Mars,Sagittarius,"0°56'00.08""",Mula,Ketu,1,Saturn,Pisces,"1°02'24.01""",Purva Bhadrapada,Jupiter,4,90,90.1066,0.1066
2025-12-09 04:00:00,Aspect,Trine,Moon,Cancer,"16°26'47.35""",Pushya,Saturn,4,Venus,Scorpio,"15°52'51.41""",Anuradha,Saturn,4,120,119.4345,0.5655
2025-12-09 04:00:00,Aspect,Square,Mars,Sagittarius,"0°56'28.14""",Mula,Ketu,1,Saturn,Pisces,"1°02'24.73""",Purva Bhadrapada,Jupiter,4,90,90.0991,0.0991
2025-12-09 04:15:00,Aspect,Trine,Moon,Cancer,"16°35'27.50""",Pushya,Saturn,4,Venus,Scorpio,"15°53'38.58""",Anuradha,Saturn,4,120,119.3031,0.6969
2025-12-09 04:15:00,Aspect,Square,Mars,Sagittarius,"0°56'56.21""",Mula,Ketu,1,Saturn,Pisces,"1°02'25.45""",Purva Bhadrapada,Jupiter,4,90,90.0915,0.0915
2025-12-09 04:30:00,Aspect,Trine,Moon,Cancer,"16°44'07.45""",Ashlesha,Mercury,1,Venus,Scorpio,"15°54'25.76""",Anuradha,Saturn,4,120,119.1718,0.8282
2025-12-09 04:30:00,Aspect,Square,Mars,Sagittarius,"0°57'24.27""",Mula,Ketu,1,Saturn,Pisces,"1°02'26.17""",Purva Bhadrapada,Jupiter,4,90,90.0839,0.0839
2025-12-09 04:45:00,Aspect,Trine,Moon,Cancer,"16°52'47.20""",Ashlesha,Mercury,1,Venus,Scorpio,"15°55'12.93""",Anuradha,Saturn,4,120,119.0405,0.9595
2025-12-09 04:45:00,Aspect,Square,Mars,Sagittarius,"0°57'52.34""",Mula,Ketu,1,Saturn,Pisces,"1°02'26.89""",Purva Bhadrapada,Jupiter,4,90,90.0763,0.0763
2025-12-09 05:00:00,Aspect,Square,Mars,Sagittarius,"0°58'20.41""",Mula,Ketu,1,Saturn,Pisces,"1°02'27.61""",Purva Bhadrapada,Jupiter,4,90,90.0687,0.0687
2025-12-09 05:15:00,Aspect,Square,Mars,Sagittarius,"0°58'48.47""",Mula,Ketu,1,Saturn,Pisces,"1°02'28.33""",Purva Bhadrapada,Jupiter,4,90,90.0611,0.0611
2025-12-09 05:30:00,Aspect,Square,Mars,Sagittarius,"0°59'16.54""",Mula,Ketu,1,Saturn,Pisces,"1°02'29.05""",Purva Bhadrapada,Jupiter,4,90,90.0535,0.0535
2025-12-09 05:45:00,Aspect,Square,Mars,Sagittarius,"0°59'44.61""",Mula,Ketu,1,Saturn,Pisces,"1°02'29.77""",Purva Bhadrapada,Jupiter,4,90,90.0459,0.0459
2025-12-09 06:00:00,Aspect,Square,Mars,Sagittarius,"1°00'12.68""",Mula,Ketu,1,Saturn,Pisces,"1°02'30.50""",Purva Bhadrapada,Jupiter,4,90,90.0383,0.0383
2025-12-09 06:15:00,Aspect,Square,Mars,Sagittarius,"1°00'40.74""",Mula,Ketu,1,Saturn,Pisces,"1°02'31.22""",Purva Bhadrapada,Jupiter,4,90,90.0307,0.0307
2025-12-09 06:30:00,Aspect,Square,Mars,Sagittarius,"1°01'08.81""",Mula,Ketu,1,Saturn,Pisces,"1°02'31.94""",Purva Bhadrapada,Jupiter,4,90,90.0231,0.0231
2025-12-09 06:45:00,Aspect,Square,Mars,Sagittarius,"1°01'36.88""",Mula,Ketu,1,Saturn,Pisces,"1°02'32.67""",Purva Bhadrapada,Jupiter,4,90,90.0155,0.0155
2025-12-09 07:00:00,Aspect,Square,Mars,Sagittarius,"1°02'04.95""",Mula,Ketu,1,Saturn,Pisces,"1°02'33.40""",Purva Bhadrapada,Jupiter,4,90,90.0079,0.0079
2025-12-09 07:15:00,Aspect,Square,Mars,Sagittarius,"1°02'33.02""",Mula,Ketu,1,Saturn,Pisces,"1°02'34.12""",Purva Bhadrapada,Jupiter,4,90,90.0003,0.0003
2025-12-09 07:30:00,Aspect,Square,Mars,Sagittarius,"1°03'01.09""",Mula,Ketu,1,Saturn,Pisces,"1°02'34.85""",Purva Bhadrapada,Jupiter,4,90,89.9927,0.0073
2025-12-09 07:45:00,Aspect,Square,Mars,Sagittarius,"1°03'29.16""",Mula,Ketu,1,Saturn,Pisces,"1°02'35.58""",Purva Bhadrapada,Jupiter,4,90,89.9851,0.0149
2025-12-09 08:00:00,Aspect,Square,Mars,Sagittarius,"1°03'57.23""",Mula,Ketu,1,Saturn,Pisces,"1°02'36.31""",Purva Bhadrapada,Jupiter,4,90,89.9775,0.0225
2025-12-09 08:15:00,Aspect,Square,Mars,Sagittarius,"1°04'25.30""",Mula,Ketu,1,Saturn,Pisces,"1°02'37.04""",Purva Bhadrapada,Jupiter,4,90,89.9699,0.0301
2025-12-09 08:30:00,Aspect,Square,Mars,Sagittarius,"1°04'53.38""",Mula,Ketu,1,Saturn,Pisces,"1°02'37.77""",Purva Bhadrapada,Jupiter,4,90,89.9623,0.0377
2025-12-09 08:45:00,Aspect,Square,Mars,Sagittarius,"1°05'21.45""",Mula,Ketu,1,Saturn,Pisces,"1°02'38.50""",Purva Bhadrapada,Jupiter,4,90,89.9547,0.0453
2025-12-09 09:00:00,Aspect,Square,Mars,Sagittarius,"1°05'49.52""",Mula,Ketu,1,Saturn,Pisces,"1°02'39.23""",Purva Bhadrapada,Jupiter,4,90,89.9471,0.0529
2025-12-09 09:15:00,Aspect,Square,Mars,Sagittarius,"1°06'17.59""",Mula,Ketu,1,Saturn,Pisces,"1°02'39.96""",Purva Bhadrapada,Jupiter,4,90,89.9395,0.0605
2025-12-09 09:30:00,Aspect,Square,Mars,Sagittarius,"1°06'45.66""",Mula,Ketu,1,Saturn,Pisces,"1°02'40.69""",Purva Bhadrapada,Jupiter,4,90,89.932,0.068
2025-12-09 09:45:00,Aspect,Square,Mars,Sagittarius,"1°07'13.74""",Mula,Ketu,1,Saturn,Pisces,"1°02'41.43""",Purva Bhadrapada,Jupiter,4,90,89.9244,0.0756
2025-12-09 10:00:00,Aspect,Square,Mars,Sagittarius,"1°07'41.81""",Mula,Ketu,1,Saturn,Pisces,"1°02'42.16""",Purva Bhadrapada,Jupiter,4,90,89.9168,0.0832
2025-12-09 10:15:00,Aspect,Square,Mars,Sagittarius,"1°08'09.88""",Mula,Ketu,1,Saturn,Pisces,"1°02'42.89""",Purva Bhadrapada,Jupiter,4,90,89.9092,0.0908
2025-12-09 10:30:00,Aspect,Square,Mars,Sagittarius,"1°08'37.96""",Mula,Ketu,1,Saturn,Pisces,"1°02'43.63""",Purva Bhadrapada,Jupiter,4,90,89.9016,0.0984
2025-12-09 10:45:00,Aspect,Square,Mars,Sagittarius,"1°09'06.03""",Mula,Ketu,1,Saturn,Pisces,"1°02'44.37""",Purva Bhadrapada,Jupiter,4,90,89.894,0.106
2025-12-09 11:00:00,Aspect,Square,Mars,Sagittarius,"1°09'34.11""",Mula,Ketu,1,Saturn,Pisces,"1°02'45.10""",Purva Bhadrapada,Jupiter,4,90,89.8864,0.1136
2025-12-09 11:15:00,Aspect,Square,Mars,Sagittarius,"1°10'02.18""",Mula,Ketu,1,Saturn,Pisces,"1°02'45.84""",Purva Bhadrapada,Jupiter,4,90,89.8788,0.1212
2025-12-09 11:30:00,Aspect,Square,Mars,Sagittarius,"1°10'30.26""",Mula,Ketu,1,Saturn,Pisces,"1°02'46.58""",Purva Bhadrapada,Jupiter,4,90,89.8712,0.1288
2025-12-09 11:45:00,Aspect,Square,Mars,Sagittarius,"1°10'58.34""",Mula,Ketu,1,Saturn,Pisces,"1°02'47.32""",Purva Bhadrapada,Jupiter,4,90,89.8636,0.1364
2025-12-09 12:00:00,Aspect,Square,Mars,Sagittarius,"1°11'26.41""",Mula,Ketu,1,Saturn,Pisces,"1°02'48.06""",Purva Bhadrapada,Jupiter,4,90,89.856,0.144
2025-12-09 12:15:00,Aspect,Square,Mars,Sagittarius,"1°11'54.49""",Mula,Ketu,1,Saturn,Pisces,"1°02'48.80""",Purva Bhadrapada,Jupiter,4,90,89.8484,0.1516
2025-12-09 12:30:00,Aspect,Square,Mars,Sagittarius,"1°12'22.56""",Mula,Ketu,1,Saturn,Pisces,"1°02'49.54""",Purva Bhadrapada,Jupiter,4,90,89.8408,0.1592
2025-12-09 12:45:00,Aspect,Square,Mars,Sagittarius,"1°12'50.64""",Mula,Ketu,1,Saturn,Pisces,"1°02'50.28""",Purva Bhadrapada,Jupiter,4,90,89.8332,0.1668
2025-12-09 13:00:00,Aspect,Square,Mars,Sagittarius,"1°13'18.72""",Mula,Ketu,1,Saturn,Pisces,"1°02'51.02""",Purva Bhadrapada,Jupiter,4,90,89.8256,0.1744
2025-12-09 13:15:00,Aspect,Square,Mars,Sagittarius,"1°13'46.80""",Mula,Ketu,1,Saturn,Pisces,"1°02'51.77""",Purva Bhadrapada,Jupiter,4,90,89.818,0.182
2025-12-09 13:30:00,Aspect,Square,Mars,Sagittarius,"1°14'14.88""",Mula,Ketu,1,Saturn,Pisces,"1°02'52.51""",Purva Bhadrapada,Jupiter,4,90,89.8105,0.1895
2025-12-09 13:45:00,Aspect,Square,Mars,Sagittarius,"1°14'42.95""",Mula,Ketu,1,Saturn,Pisces,"1°02'53.26""",Purva Bhadrapada,Jupiter,4,90,89.8029,0.1971
2025-12-09 14:00:00,Aspect,Square,Mars,Sagittarius,"1°15'11.03""",Mula,Ketu,1,Saturn,Pisces,"1°02'54.00""",Purva Bhadrapada,Jupiter,4,90,89.7953,0.2047
2025-12-09 14:15:00,Aspect,Trine,Sun,Scorpio,"23°14'24.51""",Jyeshtha,Mercury,2,Moon,Cancer,"22°19'29.30""",Ashlesha,Mercury,2,120,120.9153,0.9153
2025-12-09 14:15:00,Aspect,Square,Mars,Sagittarius,"1°15'39.11""",Mula,Ketu,1,Saturn,Pisces,"1°02'54.75""",Purva Bhadrapada,Jupiter,4,90,89.7877,0.2123
2025-12-09 14:30:00,Aspect,Trine,Sun,Scorpio,"23°15'02.59""",Jyeshtha,Mercury,2,Moon,Cancer,"22°28'01.26""",Ashlesha,Mercury,2,120,120.7837,0.7837
2025-12-09 14:30:00,Aspect,Square,Mars,Sagittarius,"1°16'07.19""",Mula,Ketu,1,Saturn,Pisces,"1°02'55.49""",Purva Bhadrapada,Jupiter,4,90,89.7801,0.2199
2025-12-09 14:45:00,Aspect,Trine,Sun,Scorpio,"23°15'40.68""",Jyeshtha,Mercury,2,Moon,Cancer,"22°36'33.02""",Ashlesha,Mercury,2,120,120.6521,0.6521
2025-12-09 14:45:00,Aspect,Square,Mars,Sagittarius,"1°16'35.27""",Mula,Ketu,1,Saturn,Pisces,"1°02'56.24""",Purva Bhadrapada,Jupiter,4,90,89.7725,0.2275
2025-12-09 15:00:00,Aspect,Trine,Sun,Scorpio,"23°16'18.76""",Jyeshtha,Mercury,2,Moon,Cancer,"22°45'04.59""",Ashlesha,Mercury,2,120,120.5206,0.5206
2025-12-09 15:00:00,Aspect,Square,Mars,Sagittarius,"1°17'03.35""",Mula,Ketu,1,Saturn,Pisces,"1°02'56.99""",Purva Bhadrapada,Jupiter,4,90,89.7649,0.2351
2025-12-09 15:15:00,Aspect,Trine,Sun,Scorpio,"23°16'56.84""",Jyeshtha,Mercury,2,Moon,Cancer,"22°53'35.95""",Ashlesha,Mercury,2,120,120.3891,0.3891
2025-12-09 15:15:00,Aspect,Square,Mars,Sagittarius,"1°17'31.43""",Mula,Ketu,1,Saturn,Pisces,"1°02'57.74""",Purva Bhadrapada,Jupiter,4,90,89.7573,0.2427
2025-12-09 15:30:00,Aspect,Trine,Sun,Scorpio,"23°17'34.93""",Jyeshtha,Mercury,2,Moon,Cancer,"23°02'07.12""",Ashlesha,Mercury,2,120,120.2577,0.2577
2025-12-09 15:30:00,Aspect,Square,Mars,Sagittarius,"1°17'59.52""",Mula,Ketu,1,Saturn,Pisces,"1°02'58.49""",Purva Bhadrapada,Jupiter,4,90,89.7497,0.2503
2025-12-09 15:45:00,Aspect,Trine,Sun,Scorpio,"23°18'13.01""",Jyeshtha,Mercury,2,Moon,Cancer,"23°10'38.09""",Ashlesha,Mercury,2,120,120.1264,0.1264
2025-12-09 15:45:00,Aspect,Square,Mars,Sagittarius,"1°18'27.60""",Mula,Ketu,1,Saturn,Pisces,"1°02'59.24""",Purva Bhadrapada,Jupiter,4,90,89.7421,0.2579
2025-12-09 16:00:00,Aspect,Trine,Sun,Scorpio,"23°18'51.10""",Jyeshtha,Mercury,2,Moon,Cancer,"23°19'08.87""",Ashlesha,Mercury,2,120,119.9951,0.0049
2025-12-09 16:00:00,Aspect,Square,Mars,Sagittarius,"1°18'55.68""",Mula,Ketu,1,Saturn,Pisces,"1°02'59.99""",Purva Bhadrapada,Jupiter,4,90,89.7345,0.2655
2025-12-09 16:15:00,Aspect,Trine,Sun,Scorpio,"23°19'29.18""",Jyeshtha,Mercury,2,Moon,Cancer,"23°27'39.45""",Ashlesha,Mercury,3,120,119.8638,0.1362
2025-12-09 16:15:00,Aspect,Square,Mars,Sagittarius,"1°19'23.76""",Mula,Ketu,1,Saturn,Pisces,"1°03'00.74""",Purva Bhadrapada,Jupiter,4,90,89.7269,0.2731
2025-12-09 16:30:00,Aspect,Trine,Sun,Scorpio,"23°20'07.27""",Jyeshtha,Mercury,3,Moon,Cancer,"23°36'09.83""",Ashlesha,Mercury,3,120,119.7326,0.2674
2025-12-09 16:30:00,Aspect,Square,Mars,Sagittarius,"1°19'51.84""",Mula,Ketu,1,Saturn,Pisces,"1°03'01.49""",Purva Bhadrapada,Jupiter,4,90,89.7193,0.2807
2025-12-09 16:45:00,Aspect,Trine,Sun,Scorpio,"23°20'45.35""",Jyeshtha,Mercury,3,Moon,Cancer,"23°44'40.01""",Ashlesha,Mercury,3,120,119.6015,0.3985
2025-12-09 16:45:00,Aspect,Square,Mars,Sagittarius,"1°20'19.93""",Mula,Ketu,1,Saturn,Pisces,"1°03'02.25""",Purva Bhadrapada,Jupiter,4,90,89.7118,0.2882
2025-12-09 17:00:00,Aspect,Trine,Sun,Scorpio,"23°21'23.44""",Jyeshtha,Mercury,3,Moon,Cancer,"23°53'10.00""",Ashlesha,Mercury,3,120,119.4704,0.5296
2025-12-09 17:00:00,Aspect,Square,Mars,Sagittarius,"1°20'48.01""",Mula,Ketu,1,Saturn,Pisces,"1°03'03.00""",Purva Bhadrapada,Jupiter,4,90,89.7042,0.2958
2025-12-09 17:15:00,Aspect,Trine,Sun,Scorpio,"23°22'01.52""",Jyeshtha,Mercury,3,Moon,Cancer,"24°01'39.79""",Ashlesha,Mercury,3,120,119.3394,0.6606
2025-12-09 17:15:00,Aspect,Square,Mars,Sagittarius,"1°21'16.09""",Mula,Ketu,1,Saturn,Pisces,"1°03'03.75""",Purva Bhadrapada,Jupiter,4,90,89.6966,0.3034
2025-12-09 17:30:00,Aspect,Trine,Sun,Scorpio,"23°22'39.61""",Jyeshtha,Mercury,3,Moon,Cancer,"24°10'09.38""",Ashlesha,Mercury,3,120,119.2084,0.7916
2025-12-09 17:30:00,Aspect,Square,Mars,Sagittarius,"1°21'44.18""",Mula,Ketu,1,Saturn,Pisces,"1°03'04.51""",Purva Bhadrapada,Jupiter,4,90,89.689,0.311
2025-12-09 17:45:00,Aspect,Trine,Sun,Scorpio,"23°23'17.69""",Jyeshtha,Mercury,3,Moon,Cancer,"24°18'38.78""",Ashlesha,Mercury,3,120,119.0775,0.9225
2025-12-09 17:45:00,Aspect,Square,Mars,Sagittarius,"1°22'12.26""",Mula,Ketu,1,Saturn,Pisces,"1°03'05.26""",Purva Bhadrapada,Jupiter,4,90,89.6814,0.3186
2025-12-09 18:00:00,Aspect,Square,Mars,Sagittarius,"1°22'40.34""",Mula,Ketu,1,Saturn,Pisces,"1°03'06.02""",Purva Bhadrapada,Jupiter,4,90,89.6738,0.3262
2025-12-09 18:15:00,Aspect,Square,Mars,Sagittarius,"1°23'08.43""",Mula,Ketu,1,Saturn,Pisces,"1°03'06.78""",Purva Bhadrapada,Jupiter,4,90,89.6662,0.3338
2025-12-09 18:30:00,Aspect,Square,Mars,Sagittarius,"1°23'36.51""",Mula,Ketu,1,Saturn,Pisces,"1°03'07.54""",Purva Bhadrapada,Jupiter,4,90,89.6586,0.3414
2025-12-09 18:45:00,Aspect,Square,Mars,Sagittarius,"1°24'04.60""",Mula,Ketu,1,Saturn,Pisces,"1°03'08.29""",Purva Bhadrapada,Jupiter,4,90,89.651,0.349
2025-12-09 19:00:00,Aspect,Square,Mars,Sagittarius,"1°24'32.69""",Mula,Ketu,1,Saturn,Pisces,"1°03'09.05""",Purva Bhadrapada,Jupiter,4,90,89.6434,0.3566
2025-12-09 19:15:00,Aspect,Square,Mars,Sagittarius,"1°25'00.77""",Mula,Ketu,1,Saturn,Pisces,"1°03'09.81""",Purva Bhadrapada,Jupiter,4,90,89.6358,0.3642
2025-12-09 19:30:00,Aspect,Square,Mars,Sagittarius,"1°25'28.86""",Mula,Ketu,1,Saturn,Pisces,"1°03'10.57""",Purva Bhadrapada,Jupiter,4,90,89.6283,0.3717
2025-12-09 19:45:00,Aspect,Square,Mars,Sagittarius,"1°25'56.95""",Mula,Ketu,1,Saturn,Pisces,"1°03'11.34""",Purva Bhadrapada,Jupiter,4,90,89.6207,0.3793
2025-12-09 20:00:00,Aspect,Square,Mars,Sagittarius,"1°26'25.03""",Mula,Ketu,1,Saturn,Pisces,"1°03'12.10""",Purva Bhadrapada,Jupiter,4,90,89.6131,0.3869
2025-12-09 20:15:00,Aspect,Square,Mars,Sagittarius,"1°26'53.12""",Mula,Ketu,1,Saturn,Pisces,"1°03'12.86""",Purva Bhadrapada,Jupiter,4,90,89.6055,0.3945
2025-12-09 20:30:00,Aspect,Square,Mars,Sagittarius,"1°27'21.21""",Mula,Ketu,1,Saturn,Pisces,"1°03'13.62""",Purva Bhadrapada,Jupiter,4,90,89.5979,0.4021
2025-12-09 20:45:00,Aspect,Square,Mars,Sagittarius,"1°27'49.30""",Mula,Ketu,1,Saturn,Pisces,"1°03'14.39""",Purva Bhadrapada,Jupiter,4,90,89.5903,0.4097
2025-12-09 21:00:00,Aspect,Square,Mars,Sagittarius,"1°28'17.39""",Mula,Ketu,1,Saturn,Pisces,"1°03'15.15""",Purva Bhadrapada,Jupiter,4,90,89.5827,0.4173
2025-12-09 21:15:00,Aspect,Square,Mars,Sagittarius,"1°28'45.47""",Mula,Ketu,1,Saturn,Pisces,"1°03'15.92""",Purva Bhadrapada,Jupiter,4,90,89.5751,0.4249
2025-12-09 21:30:00,Aspect,Square,Mars,Sagittarius,"1°29'13.56""",Mula,Ketu,1,Saturn,Pisces,"1°03'16.68""",Purva Bhadrapada,Jupiter,4,90,89.5675,0.4325
2025-12-09 21:45:00,Aspect,Square,Mars,Sagittarius,"1°29'41.65""",Mula,Ketu,1,Saturn,Pisces,"1°03'17.45""",Purva Bhadrapada,Jupiter,4,90,89.5599,0.4401
2025-12-09 22:00:00,Aspect,Square,Mars,Sagittarius,"1°30'09.74""",Mula,Ketu,1,Saturn,Pisces,"1°03'18.22""",Purva Bhadrapada,Jupiter,4,90,89.5524,0.4476
2025-12-09 22:15:00,Aspect,Square,Mars,Sagittarius,"1°30'37.83""",Mula,Ketu,1,Saturn,Pisces,"1°03'18.99""",Purva Bhadrapada,Jupiter,4,90,89.5448,0.4552
2025-12-09 22:30:00,Aspect,Square,Mars,Sagittarius,"1°31'05.92""",Mula,Ketu,1,Saturn,Pisces,"1°03'19.76""",Purva Bhadrapada,Jupiter,4,90,89.5372,0.4628
2025-12-09 22:45:00,Aspect,Square,Mars,Sagittarius,"1°31'34.02""",Mula,Ketu,1,Saturn,Pisces,"1°03'20.52""",Purva Bhadrapada,Jupiter,4,90,89.5296,0.4704
2025-12-09 23:00:00,Aspect,Square,Mars,Sagittarius,"1°32'02.11""",Mula,Ketu,1,Saturn,Pisces,"1°03'21.29""",Purva Bhadrapada,Jupiter,4,90,89.522,0.478
2025-12-09 23:15:00,Aspect,Square,Mars,Sagittarius,"1°32'30.20""",Mula,Ketu,1,Saturn,Pisces,"1°03'22.07""",Purva Bhadrapada,Jupiter,4,90,89.5144,0.4856
2025-12-09 23:30:00,Aspect,Square,Mars,Sagittarius,"1°32'58.29""",Mula,Ketu,1,Saturn,Pisces,"1°03'22.84""",Purva Bhadrapada,Jupiter,4,90,89.5068,0.4932
2025-12-09 23:45:00,Aspect,Square,Mars,Sagittarius,"1°33'26.38""",Mula,Ketu,1,Saturn,Pisces,"1°03'23.61""",Purva Bhadrapada,Jupiter,4,90,89.4992,0.5008
2025-12-10 00:00:00,Aspect,Square,Mars,Sagittarius,"1°33'54.48""",Mula,Ketu,1,Saturn,Pisces,"1°03'24.38""",Purva Bhadrapada,Jupiter,4,90,89.4916,0.5084
2025-12-10 00:15:00,Aspect,Square,Mars,Sagittarius,"1°34'22.57""",Mula,Ketu,1,Saturn,Pisces,"1°03'25.16""",Purva Bhadrapada,Jupiter,4,90,89.4841,0.5159
2025-12-10 00:30:00,Aspect,Square,Mars,Sagittarius,"1°34'50.66""",Mula,Ketu,1,Saturn,Pisces,"1°03'25.93""",Purva Bhadrapada,Jupiter,4,90,89.4765,0.5235
2025-12-10 00:45:00,Aspect,Square,Mars,Sagittarius,"1°35'18.76""",Mula,Ketu,1,Saturn,Pisces,"1°03'26.71""",Purva Bhadrapada,Jupiter,4,90,89.4689,0.5311
2025-12-10 01:00:00,Aspect,Square,Mars,Sagittarius,"1°35'46.85""",Mula,Ketu,1,Saturn,Pisces,"1°03'27.48""",Purva Bhadrapada,Jupiter,4,90,89.4613,0.5387
2025-12-10 01:15:00,Aspect,Square,Mars,Sagittarius,"1°36'14.94""",Mula,Ketu,1,Saturn,Pisces,"1°03'28.26""",Purva Bhadrapada,Jupiter,4,90,89.4537,0.5463
2025-12-10 01:30:00,Aspect,Square,Mars,Sagittarius,"1°36'43.04""",Mula,Ketu,1,Saturn,Pisces,"1°03'29.04""",Purva Bhadrapada,Jupiter,4,90,89.4461,0.5539
2025-12-10 01:45:00,Aspect,Square,Mars,Sagittarius,"1°37'11.13""",Mula,Ketu,1,Saturn,Pisces,"1°03'29.81""",Purva Bhadrapada,Jupiter,4,90,89.4385,0.5615
2025-12-10 02:00:00,Aspect,Square,Mars,Sagittarius,"1°37'39.23""",Mula,Ketu,1,Saturn,Pisces,"1°03'30.59""",Purva Bhadrapada,Jupiter,4,90,89.4309,0.5691
2025-12-10 02:15:00,Aspect,Square,Mars,Sagittarius,"1°38'07.33""",Mula,Ketu,1,Saturn,Pisces,"1°03'31.37""",Purva Bhadrapada,Jupiter,4,90,89.4233,0.5767
2025-12-10 02:30:00,Aspect,Square,Mars,Sagittarius,"1°38'35.42""",Mula,Ketu,1,Saturn,Pisces,"1°03'32.15""",Purva Bhadrapada,Jupiter,4,90,89.4158,0.5842
2025-12-10 02:45:00,Aspect,Square,Mars,Sagittarius,"1°39'03.52""",Mula,Ketu,1,Saturn,Pisces,"1°03'32.93""",Purva Bhadrapada,Jupiter,4,90,89.4082,0.5918
2025-12-10 03:00:00,Aspect,Square,Mars,Sagittarius,"1°39'31.62""",Mula,Ketu,1,Saturn,Pisces,"1°03'33.71""",Purva Bhadrapada,Jupiter,4,90,89.4006,0.5994
2025-12-10 03:15:00,Aspect,Square,Mars,Sagittarius,"1°39'59.71""",Mula,Ketu,1,Saturn,Pisces,"1°03'34.50""",Purva Bhadrapada,Jupiter,4,90,89.393,0.607
2025-12-10 03:30:00,Aspect,Square,Mars,Sagittarius,"1°40'27.81""",Mula,Ketu,1,Saturn,Pisces,"1°03'35.28""",Purva Bhadrapada,Jupiter,4,90,89.3854,0.6146
2025-12-10 03:45:00,Aspect,Square,Mars,Sagittarius,"1°40'55.91""",Mula,Ketu,1,Saturn,Pisces,"1°03'36.06""",Purva Bhadrapada,Jupiter,4,90,89.3778,0.6222
2025-12-10 04:00:00,Aspect,Square,Mars,Sagittarius,"1°41'24.01""",Mula,Ketu,1,Saturn,Pisces,"1°03'36.85""",Purva Bhadrapada,Jupiter,4,90,89.3702,0.6298
2025-12-10 04:15:00,Aspect,Square,Mars,Sagittarius,"1°41'52.11""",Mula,Ketu,1,Saturn,Pisces,"1°03'37.63""",Purva Bhadrapada,Jupiter,4,90,89.3626,0.6374
2025-12-10 04:30:00,Aspect,Square,Mars,Sagittarius,"1°42'20.20""",Mula,Ketu,1,Saturn,Pisces,"1°03'38.42""",Purva Bhadrapada,Jupiter,4,90,89.3551,0.6449
2025-12-10 04:45:00,Aspect,Square,Mars,Sagittarius,"1°42'48.30""",Mula,Ketu,1,Saturn,Pisces,"1°03'39.20""",Purva Bhadrapada,Jupiter,4,90,89.3475,0.6525
2025-12-10 05:00:00,Aspect,Square,Mars,Sagittarius,"1°43'16.40""",Mula,Ketu,1,Saturn,Pisces,"1°03'39.99""",Purva Bhadrapada,Jupiter,4,90,89.3399,0.6601
2025-12-10 05:15:00,Aspect,Trine,Moon,Leo,"0°45'41.29""",Magha,Ketu,1,Mars,Sagittarius,"1°43'44.50""",Mula,Ketu,1,120,120.9676,0.9676
2025-12-10 05:15:00,Aspect,Square,Mars,Sagittarius,"1°43'44.50""",Mula,Ketu,1,Saturn,Pisces,"1°03'40.78""",Purva Bhadrapada,Jupiter,4,90,89.3323,0.6677
2025-12-10 05:30:00,Aspect,Trine,Moon,Leo,"0°54'01.63""",Magha,Ketu,1,Mars,Sagittarius,"1°44'12.60""",Mula,Ketu,1,120,120.8364,0.8364
2025-12-10 05:30:00,Aspect,Square,Mars,Sagittarius,"1°44'12.60""",Mula,Ketu,1,Saturn,Pisces,"1°03'41.57""",Purva Bhadrapada,Jupiter,4,90,89.3247,0.6753
2025-12-10 05:45:00,Aspect,Trine,Moon,Leo,"1°02'21.79""",Magha,Ketu,1,Mars,Sagittarius,"1°44'40.70""",Mula,Ketu,1,120,120.7053,0.7053
2025-12-10 05:45:00,Aspect,Square,Mars,Sagittarius,"1°44'40.70""",Mula,Ketu,1,Saturn,Pisces,"1°03'42.35""",Purva Bhadrapada,Jupiter,4,90,89.3171,0.6829
2025-12-10 06:00:00,Aspect,Trine,Moon,Leo,"1°10'41.76""",Magha,Ketu,1,Mars,Sagittarius,"1°45'08.81""",Mula,Ketu,1,120,120.5742,0.5742
2025-12-10 06:00:00,Aspect,Square,Mars,Sagittarius,"1°45'08.81""",Mula,Ketu,1,Saturn,Pisces,"1°03'43.14""",Purva Bhadrapada,Jupiter,4,90,89.3095,0.6905
2025-12-10 06:15:00,Aspect,Trine,Moon,Leo,"1°19'01.54""",Magha,Ketu,1,Mars,Sagittarius,"1°45'36.91""",Mula,Ketu,1,120,120.4432,0.4432
2025-12-10 06:15:00,Aspect,Square,Mars,Sagittarius,"1°45'36.91""",Mula,Ketu,1,Saturn,Pisces,"1°03'43.93""",Purva Bhadrapada,Jupiter,4,90,89.302,0.698
2025-12-10 06:30:00,Aspect,Trine,Moon,Leo,"1°27'21.13""",Magha,Ketu,1,Mars,Sagittarius,"1°46'05.01""",Mula,Ketu,1,120,120.3122,0.3122
2025-12-10 06:30:00,Aspect,Square,Mars,Sagittarius,"1°46'05.01""",Mula,Ketu,1,Saturn,Pisces,"1°03'44.73""",Purva Bhadrapada,Jupiter,4,90,89.2944,0.7056
2025-12-10 06:45:00,Aspect,Trine,Moon,Leo,"1°35'40.53""",Magha,Ketu,1,Mars,Sagittarius,"1°46'33.11""",Mula,Ketu,1,120,120.1813,0.1813
2025-12-10 06:45:00,Aspect,Square,Mars,Sagittarius,"1°46'33.11""",Mula,Ketu,1,Saturn,Pisces,"1°03'45.52""",Purva Bhadrapada,Jupiter,4,90,89.2868,0.7132
2025-12-10 07:00:00,Aspect,Trine,Moon,Leo,"1°43'59.75""",Magha,Ketu,1,Mars,Sagittarius,"1°47'01.21""",Mula,Ketu,1,120,120.0504,0.0504
2025-12-10 07:00:00,Aspect,Square,Mars,Sagittarius,"1°47'01.21""",Mula,Ketu,1,Saturn,Pisces,"1°03'46.31""",Purva Bhadrapada,Jupiter,4,90,89.2792,0.7208
2025-12-10 07:15:00,Aspect,Trine,Moon,Leo,"1°52'18.78""",Magha,Ketu,1,Mars,Sagittarius,"1°47'29.32""",Mula,Ketu,1,120,119.9196,0.0804
2025-12-10 07:15:00,Aspect,Square,Mars,Sagittarius,"1°47'29.32""",Mula,Ketu,1,Saturn,Pisces,"1°03'47.10""",Purva Bhadrapada,Jupiter,4,90,89.2716,0.7284
2025-12-10 07:30:00,Aspect,Trine,Moon,Leo,"2°00'37.63""",Magha,Ketu,1,Mars,Sagittarius,"1°47'57.42""",Mula,Ketu,1,120,119.7888,0.2112
2025-12-10 07:30:00,Aspect,Square,Mars,Sagittarius,"1°47'57.42""",Mula,Ketu,1,Saturn,Pisces,"1°03'47.90""",Purva Bhadrapada,Jupiter,4,90,89.264,0.736
2025-12-10 07:45:00,Aspect,Trine,Moon,Leo,"2°08'56.28""",Magha,Ketu,1,Mars,Sagittarius,"1°48'25.52""",Mula,Ketu,1,120,119.6581,0.3419
2025-12-10 07:45:00,Aspect,Square,Mars,Sagittarius,"1°48'25.52""",Mula,Ketu,1,Saturn,Pisces,"1°03'48.69""",Purva Bhadrapada,Jupiter,4,90,89.2564,0.7436
2025-12-10 08:00:00,Aspect,Trine,Moon,Leo,"2°17'14.76""",Magha,Ketu,1,Mars,Sagittarius,"1°48'53.63""",Mula,Ketu,1,120,119.5275,0.4725
2025-12-10 08:00:00,Aspect,Square,Mars,Sagittarius,"1°48'53.63""",Mula,Ketu,1,Saturn,Pisces,"1°03'49.49""",Purva Bhadrapada,Jupiter,4,90,89.2489,0.7511
2025-12-10 08:15:00,Aspect,Trine,Moon,Leo,"2°25'33.04""",Magha,Ketu,1,Mars,Sagittarius,"1°49'21.73""",Mula,Ketu,1,120,119.3969,0.6031
2025-12-10 08:15:00,Aspect,Square,Mars,Sagittarius,"1°49'21.73""",Mula,Ketu,1,Saturn,Pisces,"1°03'50.28""",Purva Bhadrapada,Jupiter,4,90,89.2413,0.7587
2025-12-10 08:30:00,Aspect,Square,Moon,Leo,"2°33'51.14""",Magha,Ketu,1,Mercury,Scorpio,"3°32'36.76""",Anuradha,Saturn,1,90,90.9793,0.9793
2025-12-10 08:30:00,Aspect,Trine,Moon,Leo,"2°33'51.14""",Magha,Ketu,1,Mars,Sagittarius,"1°49'49.83""",Mula,Ketu,1,120,119.2663,0.7337
2025-12-10 08:30:00,Aspect,Square,Mars,Sagittarius,"1°49'49.83""",Mula,Ketu,1,Saturn,Pisces,"1°03'51.08""",Purva Bhadrapada,Jupiter,4,90,89.2337,0.7663
2025-12-10 08:45:00,Aspect,Square,Moon,Leo,"2°42'09.06""",Magha,Ketu,1,Mercury,Scorpio,"3°33'19.60""",Anuradha,Saturn,1,90,90.8529,0.8529
2025-12-10 08:45:00,Aspect,Trine,Moon,Leo,"2°42'09.06""",Magha,Ketu,1,Mars,Sagittarius,"1°50'17.94""",Mula,Ketu,1,120,119.1358,0.8642
2025-12-10 08:45:00,Aspect,Square,Mars,Sagittarius,"1°50'17.94""",Mula,Ketu,1,Saturn,Pisces,"1°03'51.88""",Purva Bhadrapada,Jupiter,4,90,89.2261,0.7739
2025-12-10 09:00:00,Aspect,Square,Moon,Leo,"2°50'26.79""",Magha,Ketu,1,Mercury,Scorpio,"3°34'02.46""",Anuradha,Saturn,1,90,90.7266,0.7266
2025-12-10 09:00:00,Aspect,Trine,Moon,Leo,"2°50'26.79""",Magha,Ketu,1,Mars,Sagittarius,"1°50'46.04""",Mula,Ketu,1,120,119.0053,0.9947
2025-12-10 09:00:00,Aspect,Square,Mars,Sagittarius,"1°50'46.04""",Mula,Ketu,1,Saturn,Pisces,"1°03'52.67""",Purva Bhadrapada,Jupiter,4,90,89.2185,0.7815
2025-12-10 09:15:00,Aspect,Square,Moon,Leo,"2°58'44.33""",Magha,Ketu,1,Mercury,Scorpio,"3°34'45.34""",Anuradha,Saturn,1,90,90.6003,0.6003
2025-12-10 09:15:00,Aspect,Square,Mars,Sagittarius,"1°51'14.15""",Mula,Ketu,1,Saturn,Pisces,"1°03'53.47""",Purva Bhadrapada,Jupiter,4,90,89.2109,0.7891
2025-12-10 09:30:00,Aspect,Square,Moon,Leo,"3°07'01.69""",Magha,Ketu,1,Mercury,Scorpio,"3°35'28.24""",Anuradha,Saturn,1,90,90.474,0.474
2025-12-10 09:30:00,Aspect,Square,Mars,Sagittarius,"1°51'42.25""",Mula,Ketu,1,Saturn,Pisces,"1°03'54.27""",Purva Bhadrapada,Jupiter,4,90,89.2033,0.7967
2025-12-10 09:45:00,Aspect,Square,Moon,Leo,"3°15'18.86""",Magha,Ketu,1,Mercury,Scorpio,"3°36'11.16""",Anuradha,Saturn,1,90,90.3479,0.3479
2025-12-10 09:45:00,Aspect,Square,Mars,Sagittarius,"1°52'10.36""",Mula,Ketu,1,Saturn,Pisces,"1°03'55.07""",Purva Bhadrapada,Jupiter,4,90,89.1958,0.8042
2025-12-10 10:00:00,Aspect,Square,Moon,Leo,"3°23'35.85""",Magha,Ketu,2,Mercury,Scorpio,"3°36'54.10""",Anuradha,Saturn,1,90,90.2217,0.2217
2025-12-10 10:00:00,Aspect,Square,Mars,Sagittarius,"1°52'38.47""",Mula,Ketu,1,Saturn,Pisces,"1°03'55.87""",Purva Bhadrapada,Jupiter,4,90,89.1882,0.8118
2025-12-10 10:15:00,Aspect,Square,Moon,Leo,"3°31'52.66""",Magha,Ketu,2,Mercury,Scorpio,"3°37'37.06""",Anuradha,Saturn,1,90,90.0957,0.0957
2025-12-10 10:15:00,Aspect,Square,Mars,Sagittarius,"1°53'06.57""",Mula,Ketu,1,Saturn,Pisces,"1°03'56.67""",Purva Bhadrapada,Jupiter,4,90,89.1806,0.8194
2025-12-10 10:30:00,Aspect,Square,Moon,Leo,"3°40'09.28""",Magha,Ketu,2,Mercury,Scorpio,"3°38'20.04""",Anuradha,Saturn,1,90,89.9697,0.0303
2025-12-10 10:30:00,Aspect,Square,Mars,Sagittarius,"1°53'34.68""",Mula,Ketu,1,Saturn,Pisces,"1°03'57.48""",Purva Bhadrapada,Jupiter,4,90,89.173,0.827
2025-12-10 10:45:00,Aspect,Square,Moon,Leo,"3°48'25.72""",Magha,Ketu,2,Mercury,Scorpio,"3°39'03.04""",Anuradha,Saturn,1,90,89.8437,0.1563
2025-12-10 10:45:00,Aspect,Square,Mars,Sagittarius,"1°54'02.79""",Mula,Ketu,1,Saturn,Pisces,"1°03'58.28""",Purva Bhadrapada,Jupiter,4,90,89.1654,0.8346
2025-12-10 11:00:00,Aspect,Square,Moon,Leo,"3°56'41.98""",Magha,Ketu,2,Mercury,Scorpio,"3°39'46.07""",Anuradha,Saturn,1,90,89.7178,0.2822
2025-12-10 11:00:00,Aspect,Square,Mars,Sagittarius,"1°54'30.90""",Mula,Ketu,1,Saturn,Pisces,"1°03'59.08""",Purva Bhadrapada,Jupiter,4,90,89.1578,0.8422
2025-12-10 11:15:00,Aspect,Square,Moon,Leo,"4°04'58.05""",Magha,Ketu,2,Mercury,Scorpio,"3°40'29.11""",Anuradha,Saturn,1,90,89.592,0.408
2025-12-10 11:15:00,Aspect,Square,Mars,Sagittarius,"1°54'59.01""",Mula,Ketu,1,Saturn,Pisces,"1°03'59.89""",Purva Bhadrapada,Jupiter,4,90,89.1502,0.8498
2025-12-10 11:30:00,Aspect,Square,Moon,Leo,"4°13'13.94""",Magha,Ketu,2,Mercury,Scorpio,"3°41'12.18""",Anuradha,Saturn,1,90,89.4662,0.5338
2025-12-10 11:30:00,Aspect,Square,Mars,Sagittarius,"1°55'27.11""",Mula,Ketu,1,Saturn,Pisces,"1°04'00.69""",Purva Bhadrapada,Jupiter,4,90,89.1427,0.8573
2025-12-10 11:45:00,Aspect,Square,Moon,Leo,"4°21'29.64""",Magha,Ketu,2,Mercury,Scorpio,"3°41'55.26""",Anuradha,Saturn,1,90,89.3404,0.6596
2025-12-10 11:45:00,Aspect,Square,Mars,Sagittarius,"1°55'55.22""",Mula,Ketu,1,Saturn,Pisces,"1°04'01.50""",Purva Bhadrapada,Jupiter,4,90,89.1351,0.8649
2025-12-10 12:00:00,Aspect,Square,Moon,Leo,"4°29'45.17""",Magha,Ketu,2,Mercury,Scorpio,"3°42'38.37""",Anuradha,Saturn,1,90,89.2148,0.7852
2025-12-10 12:00:00,Aspect,Square,Mars,Sagittarius,"1°56'23.33""",Mula,Ketu,1,Saturn,Pisces,"1°04'02.30""",Purva Bhadrapada,Jupiter,4,90,89.1275,0.8725
2025-12-10 12:15:00,Aspect,Square,Moon,Leo,"4°38'00.51""",Magha,Ketu,2,Mercury,Scorpio,"3°43'21.49""",Anuradha,Saturn,1,90,89.0892,0.9108
2025-12-10 12:15:00,Aspect,Square,Mars,Sagittarius,"1°56'51.44""",Mula,Ketu,1,Saturn,Pisces,"1°04'03.11""",Purva Bhadrapada,Jupiter,4,90,89.1199,0.8801
2025-12-10 12:30:00,Aspect,Square,Mars,Sagittarius,"1°57'19.55""",Mula,Ketu,1,Saturn,Pisces,"1°04'03.92""",Purva Bhadrapada,Jupiter,4,90,89.1123,0.8877
2025-12-10 12:45:00,Aspect,Square,Mars,Sagittarius,"1°57'47.66""",Mula,Ketu,1,Saturn,Pisces,"1°04'04.73""",Purva Bhadrapada,Jupiter,4,90,89.1047,0.8953
2025-12-10 13:00:00,Aspect,Square,Mars,Sagittarius,"1°58'15.77""",Mula,Ketu,1,Saturn,Pisces,"1°04'05.54""",Purva Bhadrapada,Jupiter,4,90,89.0972,0.9028
2025-12-10 13:15:00,Aspect,Square,Mars,Sagittarius,"1°58'43.88""",Mula,Ketu,1,Saturn,Pisces,"1°04'06.35""",Purva Bhadrapada,Jupiter,4,90,89.0896,0.9104
2025-12-10 13:30:00,Aspect,Square,Mars,Sagittarius,"1°59'11.99""",Mula,Ketu,1,Saturn,Pisces,"1°04'07.16""",Purva Bhadrapada,Jupiter,4,90,89.082,0.918
2025-12-10 13:45:00,Aspect,Square,Mars,Sagittarius,"1°59'40.11""",Mula,Ketu,1,Saturn,Pisces,"1°04'07.97""",Purva Bhadrapada,Jupiter,4,90,89.0744,0.9256
2025-12-10 14:00:00,Aspect,Square,Mars,Sagittarius,"2°00'08.22""",Mula,Ketu,1,Saturn,Pisces,"1°04'08.78""",Purva Bhadrapada,Jupiter,4,90,89.0668,0.9332
2025-12-10 14:15:00,Aspect,Square,Mars,Sagittarius,"2°00'36.33""",Mula,Ketu,1,Saturn,Pisces,"1°04'09.59""",Purva Bhadrapada,Jupiter,4,90,89.0592,0.9408
2025-12-10 14:30:00,Aspect,Square,Mars,Sagittarius,"2°01'04.44""",Mula,Ketu,1,Saturn,Pisces,"1°04'10.41""",Purva Bhadrapada,Jupiter,4,90,89.0517,0.9483
2025-12-10 14:45:00,Aspect,Square,Mars,Sagittarius,"2°01'32.56""",Mula,Ketu,1,Saturn,Pisces,"1°04'11.22""",Purva Bhadrapada,Jupiter,4,90,89.0441,0.9559
2025-12-10 15:00:00,Aspect,Square,Mars,Sagittarius,"2°02'00.67""",Mula,Ketu,1,Saturn,Pisces,"1°04'12.03""",Purva Bhadrapada,Jupiter,4,90,89.0365,0.9635
2025-12-10 15:15:00,Aspect,Square,Mars,Sagittarius,"2°02'28.78""",Mula,Ketu,1,Saturn,Pisces,"1°04'12.85""",Purva Bhadrapada,Jupiter,4,90,89.0289,0.9711
2025-12-10 15:30:00,Aspect,Square,Mars,Sagittarius,"2°02'56.90""",Mula,Ketu,1,Saturn,Pisces,"1°04'13.67""",Purva Bhadrapada,Jupiter,4,90,89.0213,0.9787
2025-12-10 15:45:00,Aspect,Square,Mars,Sagittarius,"2°03'25.01""",Mula,Ketu,1,Saturn,Pisces,"1°04'14.48""",Purva Bhadrapada,Jupiter,4,90,89.0137,0.9863
2025-12-10 16:00:00,Aspect,Square,Mars,Sagittarius,"2°03'53.13""",Mula,Ketu,1,Saturn,Pisces,"1°04'15.30""",Purva Bhadrapada,Jupiter,4,90,89.0062,0.9938
2025-12-10 22:00:00,Aspect,Square,Venus,Scorpio,"18°04'57.35""",Jyeshtha,Mercury,1,Rahu,Aquarius,"19°04'53.80""",Shatabhisha,Rahu,4,90,90.999,0.999
2025-12-10 22:00:00,Aspect,Square,Venus,Scorpio,"18°04'57.35""",Jyeshtha,Mercury,1,Ketu,Leo,"19°04'53.80""",Purva Phalguni,Venus,2,90,89.001,0.999
2025-12-10 22:15:00,Aspect,Square,Venus,Scorpio,"18°05'44.54""",Jyeshtha,Mercury,1,Rahu,Aquarius,"19°04'51.81""",Shatabhisha,Rahu,4,90,90.9854,0.9854
2025-12-10 22:15:00,Aspect,Square,Venus,Scorpio,"18°05'44.54""",Jyeshtha,Mercury,1,Ketu,Leo,"19°04'51.81""",Purva Phalguni,Venus,2,90,89.0146,0.9854
2025-12-10 22:30:00,Aspect,Square,Venus,Scorpio,"18°06'31.72""",Jyeshtha,Mercury,1,Rahu,Aquarius,"19°04'49.82""",Shatabhisha,Rahu,4,90,90.9717,0.9717
2025-12-10 22:30:00,Aspect,Square,Venus,Scorpio,"18°06'31.72""",Jyeshtha,Mercury,1,Ketu,Leo,"19°04'49.82""",Purva Phalguni,Venus,2,90,89.0283,0.9717
2025-12-10 22:45:00,Aspect,Square,Venus,Scorpio,"18°07'18.90""",Jyeshtha,Mercury,1,Rahu,Aquarius,"19°04'47.84""",Shatabhisha,Rahu,4,90,90.958,0.958
2025-12-10 22:45:00,Aspect,Square,Venus,Scorpio,"18°07'18.90""",Jyeshtha,Mercury,1,Ketu,Leo,"19°04'47.84""",Purva Phalguni,Venus,2,90,89.042,0.958
2025-12-10 23:00:00,Aspect,Square,Venus,Scorpio,"18°08'06.08""",Jyeshtha,Mercury,1,Rahu,Aquarius,"19°04'45.85""",Shatabhisha,Rahu,4,90,90.9444,0.9444
2025-12-10 23:00:00,Aspect,Square,Venus,Scorpio,"18°08'06.08""",Jyeshtha,Mercury,1,Ketu,Leo,"19°04'45.85""",Purva Phalguni,Venus,2,90,89.0556,0.9444
2025-12-10 23:15:00,Aspect,Square,Venus,Scorpio,"18°08'53.26""",Jyeshtha,Mercury,1,Rahu,Aquarius,"19°04'43.86""",Shatabhisha,Rahu,4,90,90.9307,0.9307
2025-12-10 23:15:00,Aspect,Square,Venus,Scorpio,"18°08'53.26""",Jyeshtha,Mercury,1,Ketu,Leo,"19°04'43.86""",Purva Phalguni,Venus,2,90,89.0693,0.9307
2025-12-10 23:30:00,Aspect,Square,Venus,Scorpio,"18°09'40.45""",Jyeshtha,Mercury,1,Rahu,Aquarius,"19°04'41.87""",Shatabhisha,Rahu,4,90,90.9171,0.9171
2025-12-10 23:30:00,Aspect,Square,Venus,Scorpio,"18°09'40.45""",Jyeshtha,Mercury,1,Ketu,Leo,"19°04'41.87""",Purva Phalguni,Venus,2,90,89.0829,0.9171
2025-12-10 23:45:00,Aspect,Square,Venus,Scorpio,"18°10'27.63""",Jyeshtha,Mercury,1,Rahu,Aquarius,"19°04'39.89""",Shatabhisha,Rahu,4,90,90.9034,0.9034
2025-12-10 23:45:00,Aspect,Square,Venus,Scorpio,"18°10'27.63""",Jyeshtha,Mercury,1,Ketu,Leo,"19°04'39.89""",Purva Phalguni,Venus,2,90,89.0966,0.9034
2025-12-11 00:00:00,Aspect,Square,Venus,Scorpio,"18°11'14.81""",Jyeshtha,Mercury,1,Rahu,Aquarius,"19°04'37.90""",Shatabhisha,Rahu,4,90,90.8897,0.8897
2025-12-11 00:00:00,Aspect,Square,Venus,Scorpio,"18°11'14.81""",Jyeshtha,Mercury,1,Ketu,Leo,"19°04'37.90""",Purva Phalguni,Venus,2,90,89.1103,0.8897
2025-12-11 00:15:00,Aspect,Square,Venus,Scorpio,"18°12'01.99""",Jyeshtha,Mercury,1,Rahu,Aquarius,"19°04'35.91""",Shatabhisha,Rahu,4,90,90.8761,0.8761
2025-12-11 00:15:00,Aspect,Square,Venus,Scorpio,"18°12'01.99""",Jyeshtha,Mercury,1,Ketu,Leo,"19°04'35.91""",Purva Phalguni,Venus,2,90,89.1239,0.8761
2025-12-11 00:30:00,Aspect,Square,Venus,Scorpio,"18°12'49.18""",Jyeshtha,Mercury,1,Rahu,Aquarius,"19°04'33.93""",Shatabhisha,Rahu,4,90,90.8624,0.8624
2025-12-11 00:30:00,Aspect,Square,Venus,Scorpio,"18°12'49.18""",Jyeshtha,Mercury,1,Ketu,Leo,"19°04'33.93""",Purva Phalguni,Venus,2,90,89.1376,0.8624
2025-12-11 00:45:00,Aspect,Square,Venus,Scorpio,"18°13'36.36""",Jyeshtha,Mercury,1,Rahu,Aquarius,"19°04'31.94""",Shatabhisha,Rahu,4,90,90.8488,0.8488
2025-12-11 00:45:00,Aspect,Square,Venus,Scorpio,"18°13'36.36""",Jyeshtha,Mercury,1,Ketu,Leo,"19°04'31.94""",Purva Phalguni,Venus,2,90,89.1512,0.8488
2025-12-11 01:00:00,Aspect,Square,Venus,Scorpio,"18°14'23.54""",Jyeshtha,Mercury,1,Rahu,Aquarius,"19°04'29.95""",Shatabhisha,Rahu,4,90,90.8351,0.8351
2025-12-11 01:00:00,Aspect,Square,Venus,Scorpio,"18°14'23.54""",Jyeshtha,Mercury,1,Ketu,Leo,"19°04'29.95""",Purva Phalguni,Venus,2,90,89.1649,0.8351
2025-12-11 01:15:00,Aspect,Square,Venus,Scorpio,"18°15'10.72""",Jyeshtha,Mercury,1,Rahu,Aquarius,"19°04'27.96""",Shatabhisha,Rahu,4,90,90.8215,0.8215
2025-12-11 01:15:00,Aspect,Square,Venus,Scorpio,"18°15'10.72""",Jyeshtha,Mercury,1,Ketu,Leo,"19°04'27.96""",Purva Phalguni,Venus,2,90,89.1785,0.8215
2025-12-11 01:30:00,Aspect,Square,Venus,Scorpio,"18°15'57.90""",Jyeshtha,Mercury,1,Rahu,Aquarius,"19°04'25.98""",Shatabhisha,Rahu,4,90,90.8078,0.8078
2025-12-11 01:30:00,Aspect,Square,Venus,Scorpio,"18°15'57.90""",Jyeshtha,Mercury,1,Ketu,Leo,"19°04'25.98""",Purva Phalguni,Venus,2,90,89.1922,0.8078
2025-12-11 01:45:00,Aspect,Square,Venus,Scorpio,"18°16'45.09""",Jyeshtha,Mercury,1,Rahu,Aquarius,"19°04'23.99""",Shatabhisha,Rahu,4,90,90.7941,0.7941
2025-12-11 01:45:00,Aspect,Square,Venus,Scorpio,"18°16'45.09""",Jyeshtha,Mercury,1,Ketu,Leo,"19°04'23.99""",Purva Phalguni,Venus,2,90,89.2059,0.7941
2025-12-11 02:00:00,Aspect,Square,Venus,Scorpio,"18°17'32.27""",Jyeshtha,Mercury,1,Rahu,Aquarius,"19°04'22.00""",Shatabhisha,Rahu,4,90,90.7805,0.7805
2025-12-11 02:00:00,Aspect,Square,Venus,Scorpio,"18°17'32.27""",Jyeshtha,Mercury,1,Ketu,Leo,"19°04'22.00""",Purva Phalguni,Venus,2,90,89.2195,0.7805
2025-12-11 02:15:00,Aspect,Square,Venus,Scorpio,"18°18'19.45""",Jyeshtha,Mercury,1,Rahu,Aquarius,"19°04'20.02""",Shatabhisha,Rahu,4,90,90.7668,0.7668
2025-12-11 02:15:00,Aspect,Square,Venus,Scorpio,"18°18'19.45""",Jyeshtha,Mercury,1,Ketu,Leo,"19°04'20.02""",Purva Phalguni,Venus,2,90,89.2332,0.7668
2025-12-11 02:30:00,Aspect,Square,Venus,Scorpio,"18°19'06.63""",Jyeshtha,Mercury,1,Rahu,Aquarius,"19°04'18.03""",Shatabhisha,Rahu,4,90,90.7532,0.7532
2025-12-11 02:30:00,Aspect,Square,Venus,Scorpio,"18°19'06.63""",Jyeshtha,Mercury,1,Ketu,Leo,"19°04'18.03""",Purva Phalguni,Venus,2,90,89.2468,0.7532
2025-12-11 02:45:00,Aspect,Square,Venus,Scorpio,"18°19'53.82""",Jyeshtha,Mercury,1,Rahu,Aquarius,"19°04'16.04""",Shatabhisha,Rahu,4,90,90.7395,0.7395
2025-12-11 02:45:00,Aspect,Square,Venus,Scorpio,"18°19'53.82""",Jyeshtha,Mercury,1,Ketu,Leo,"19°04'16.04""",Purva Phalguni,Venus,2,90,89.2605,0.7395
2025-12-11 03:00:00,Aspect,Square,Venus,Scorpio,"18°20'41.00""",Jyeshtha,Mercury,1,Rahu,Aquarius,"19°04'14.05""",Shatabhisha,Rahu,4,90,90.7258,0.7258
2025-12-11 03:00:00,Aspect,Square,Venus,Scorpio,"18°20'41.00""",Jyeshtha,Mercury,1,Ketu,Leo,"19°04'14.05""",Purva Phalguni,Venus,2,90,89.2742,0.7258
2025-12-11 03:15:00,Aspect,Square,Venus,Scorpio,"18°21'28.18""",Jyeshtha,Mercury,1,Rahu,Aquarius,"19°04'12.07""",Shatabhisha,Rahu,4,90,90.7122,0.7122
2025-12-11 03:15:00,Aspect,Square,Venus,Scorpio,"18°21'28.18""",Jyeshtha,Mercury,1,Ketu,Leo,"19°04'12.07""",Purva Phalguni,Venus,2,90,89.2878,0.7122
2025-12-11 03:30:00,Aspect,Square,Venus,Scorpio,"18°22'15.37""",Jyeshtha,Mercury,1,Rahu,Aquarius,"19°04'10.08""",Shatabhisha,Rahu,4,90,90.6985,0.6985
2025-12-11 03:30:00,Aspect,Square,Venus,Scorpio,"18°22'15.37""",Jyeshtha,Mercury,1,Ketu,Leo,"19°04'10.08""",Purva Phalguni,Venus,2,90,89.3015,0.6985
2025-12-11 03:45:00,Aspect,Square,Venus,Scorpio,"18°23'02.55""",Jyeshtha,Mercury,1,Rahu,Aquarius,"19°04'08.09""",Shatabhisha,Rahu,4,90,90.6849,0.6849
2025-12-11 03:45:00,Aspect,Square,Venus,Scorpio,"18°23'02.55""",Jyeshtha,Mercury,1,Ketu,Leo,"19°04'08.09""",Purva Phalguni,Venus,2,90,89.3151,0.6849
2025-12-11 04:00:00,Aspect,Square,Venus,Scorpio,"18°23'49.73""",Jyeshtha,Mercury,1,Rahu,Aquarius,"19°04'06.11""",Shatabhisha,Rahu,4,90,90.6712,0.6712
2025-12-11 04:00:00,Aspect,Square,Venus,Scorpio,"18°23'49.73""",Jyeshtha,Mercury,1,Ketu,Leo,"19°04'06.11""",Purva Phalguni,Venus,2,90,89.3288,0.6712
2025-12-11 04:15:00,Aspect,Square,Venus,Scorpio,"18°24'36.91""",Jyeshtha,Mercury,1,Rahu,Aquarius,"19°04'04.12""",Shatabhisha,Rahu,4,90,90.6576,0.6576
2025-12-11 04:15:00,Aspect,Square,Venus,Scorpio,"18°24'36.91""",Jyeshtha,Mercury,1,Ketu,Leo,"19°04'04.12""",Purva Phalguni,Venus,2,90,89.3424,0.6576
2025-12-11 04:30:00,Aspect,Square,Venus,Scorpio,"18°25'24.10""",Jyeshtha,Mercury,1,Rahu,Aquarius,"19°04'02.13""",Shatabhisha,Rahu,4,90,90.6439,0.6439
2025-12-11 04:30:00,Aspect,Square,Venus,Scorpio,"18°25'24.10""",Jyeshtha,Mercury,1,Ketu,Leo,"19°04'02.13""",Purva Phalguni,Venus,2,90,89.3561,0.6439
2025-12-11 04:45:00,Aspect,Square,Venus,Scorpio,"18°26'11.28""",Jyeshtha,Mercury,1,Rahu,Aquarius,"19°04'00.14""",Shatabhisha,Rahu,4,90,90.6302,0.6302
2025-12-11 04:45:00,Aspect,Square,Venus,Scorpio,"18°26'11.28""",Jyeshtha,Mercury,1,Ketu,Leo,"19°04'00.14""",Purva Phalguni,Venus,2,90,89.3698,0.6302
2025-12-11 05:00:00,Aspect,Square,Venus,Scorpio,"18°26'58.46""",Jyeshtha,Mercury,1,Rahu,Aquarius,"19°03'58.16""",Shatabhisha,Rahu,4,90,90.6166,0.6166
2025-12-11 05:00:00,Aspect,Square,Venus,Scorpio,"18°26'58.46""",Jyeshtha,Mercury,1,Ketu,Leo,"19°03'58.16""",Purva Phalguni,Venus,2,90,89.3834,0.6166
2025-12-11 05:15:00,Aspect,Square,Venus,Scorpio,"18°27'45.65""",Jyeshtha,Mercury,1,Rahu,Aquarius,"19°03'56.17""",Shatabhisha,Rahu,4,90,90.6029,0.6029
2025-12-11 05:15:00,Aspect,Square,Venus,Scorpio,"18°27'45.65""",Jyeshtha,Mercury,1,Ketu,Leo,"19°03'56.17""",Purva Phalguni,Venus,2,90,89.3971,0.6029
2025-12-11 05:30:00,Aspect,Square,Venus,Scorpio,"18°28'32.83""",Jyeshtha,Mercury,1,Rahu,Aquarius,"19°03'54.18""",Shatabhisha,Rahu,4,90,90.5893,0.5893
2025-12-11 05:30:00,Aspect,Square,Venus,Scorpio,"18°28'32.83""",Jyeshtha,Mercury,1,Ketu,Leo,"19°03'54.18""",Purva Phalguni,Venus,2,90,89.4107,0.5893
2025-12-11 05:45:00,Aspect,Square,Venus,Scorpio,"18°29'20.01""",Jyeshtha,Mercury,1,Rahu,Aquarius,"19°03'52.19""",Shatabhisha,Rahu,4,90,90.5756,0.5756
2025-12-11 05:45:00,Aspect,Square,Venus,Scorpio,"18°29'20.01""",Jyeshtha,Mercury,1,Ketu,Leo,"19°03'52.19""",Purva Phalguni,Venus,2,90,89.4244,0.5756
2025-12-11 06:00:00,Aspect,Square,Venus,Scorpio,"18°30'07.19""",Jyeshtha,Mercury,1,Rahu,Aquarius,"19°03'50.21""",Shatabhisha,Rahu,4,90,90.5619,0.5619
2025-12-11 06:00:00,Aspect,Square,Venus,Scorpio,"18°30'07.19""",Jyeshtha,Mercury,1,Ketu,Leo,"19°03'50.21""",Purva Phalguni,Venus,2,90,89.4381,0.5619
2025-12-11 06:15:00,Aspect,Square,Venus,Scorpio,"18°30'54.38""",Jyeshtha,Mercury,1,Rahu,Aquarius,"19°03'48.22""",Shatabhisha,Rahu,4,90,90.5483,0.5483
2025-12-11 06:15:00,Aspect,Square,Venus,Scorpio,"18°30'54.38""",Jyeshtha,Mercury,1,Ketu,Leo,"19°03'48.22""",Purva Phalguni,Venus,2,90,89.4517,0.5483
2025-12-11 06:30:00,Aspect,Square,Venus,Scorpio,"18°31'41.56""",Jyeshtha,Mercury,1,Rahu,Aquarius,"19°03'46.23""",Shatabhisha,Rahu,4,90,90.5346,0.5346
2025-12-11 06:30:00,Aspect,Square,Venus,Scorpio,"18°31'41.56""",Jyeshtha,Mercury,1,Ketu,Leo,"19°03'46.23""",Purva Phalguni,Venus,2,90,89.4654,0.5346
2025-12-11 06:45:00,Aspect,Square,Venus,Scorpio,"18°32'28.74""",Jyeshtha,Mercury,1,Rahu,Aquarius,"19°03'44.25""",Shatabhisha,Rahu,4,90,90.521,0.521
2025-12-11 06:45:00,Aspect,Square,Venus,Scorpio,"18°32'28.74""",Jyeshtha,Mercury,1,Ketu,Leo,"19°03'44.25""",Purva Phalguni,Venus,2,90,89.479,0.521
2025-12-11 07:00:00,Aspect,Square,Venus,Scorpio,"18°33'15.93""",Jyeshtha,Mercury,1,Rahu,Aquarius,"19°03'42.26""",Shatabhisha,Rahu,4,90,90.5073,0.5073
2025-12-11 07:00:00,Aspect,Square,Venus,Scorpio,"18°33'15.93""",Jyeshtha,Mercury,1,Ketu,Leo,"19°03'42.26""",Purva Phalguni,Venus,2,90,89.4927,0.5073
2025-12-11 07:15:00,Aspect,Square,Venus,Scorpio,"18°34'03.11""",Jyeshtha,Mercury,1,Rahu,Aquarius,"19°03'40.27""",Shatabhisha,Rahu,4,90,90.4937,0.4937
2025-12-11 07:15:00,Aspect,Square,Venus,Scorpio,"18°34'03.11""",Jyeshtha,Mercury,1,Ketu,Leo,"19°03'40.27""",Purva Phalguni,Venus,2,90,89.5063,0.4937
2025-12-11 07:30:00,Aspect,Square,Venus,Scorpio,"18°34'50.29""",Jyeshtha,Mercury,1,Rahu,Aquarius,"19°03'38.28""",Shatabhisha,Rahu,4,90,90.48,0.48
2025-12-11 07:30:00,Aspect,Square,Venus,Scorpio,"18°34'50.29""",Jyeshtha,Mercury,1,Ketu,Leo,"19°03'38.28""",Purva Phalguni,Venus,2,90,89.52,0.48
2025-12-11 07:45:00,Aspect,Square,Venus,Scorpio,"18°35'37.48""",Jyeshtha,Mercury,1,Rahu,Aquarius,"19°03'36.30""",Shatabhisha,Rahu,4,90,90.4663,0.4663
2025-12-11 07:45:00,Aspect,Square,Venus,Scorpio,"18°35'37.48""",Jyeshtha,Mercury,1,Ketu,Leo,"19°03'36.30""",Purva Phalguni,Venus,2,90,89.5337,0.4663
2025-12-11 08:00:00,Aspect,Square,Venus,Scorpio,"18°36'24.66""",Jyeshtha,Mercury,1,Rahu,Aquarius,"19°03'34.31""",Shatabhisha,Rahu,4,90,90.4527,0.4527
2025-12-11 08:00:00,Aspect,Square,Venus,Scorpio,"18°36'24.66""",Jyeshtha,Mercury,1,Ketu,Leo,"19°03'34.31""",Purva Phalguni,Venus,2,90,89.5473,0.4527
2025-12-11 08:15:00,Aspect,Square,Venus,Scorpio,"18°37'11.85""",Jyeshtha,Mercury,1,Rahu,Aquarius,"19°03'32.32""",Shatabhisha,Rahu,4,90,90.439,0.439
2025-12-11 08:15:00,Aspect,Square,Venus,Scorpio,"18°37'11.85""",Jyeshtha,Mercury,1,Ketu,Leo,"19°03'32.32""",Purva Phalguni,Venus,2,90,89.561,0.439
2025-12-11 08:30:00,Aspect,Square,Venus,Scorpio,"18°37'59.03""",Jyeshtha,Mercury,1,Rahu,Aquarius,"19°03'30.34""",Shatabhisha,Rahu,4,90,90.4254,0.4254
2025-12-11 08:30:00,Aspect,Square,Venus,Scorpio,"18°37'59.03""",Jyeshtha,Mercury,1,Ketu,Leo,"19°03'30.34""",Purva Phalguni,Venus,2,90,89.5746,0.4254
2025-12-11 08:45:00,Aspect,Square,Venus,Scorpio,"18°38'46.21""",Jyeshtha,Mercury,1,Rahu,Aquarius,"19°03'28.35""",Shatabhisha,Rahu,4,90,90.4117,0.4117
2025-12-11 08:45:00,Aspect,Square,Venus,Scorpio,"18°38'46.21""",Jyeshtha,Mercury,1,Ketu,Leo,"19°03'28.35""",Purva Phalguni,Venus,2,90,89.5883,0.4117
2025-12-11 09:00:00,Aspect,Square,Venus,Scorpio,"18°39'33.40""",Jyeshtha,Mercury,1,Rahu,Aquarius,"19°03'26.36""",Shatabhisha,Rahu,4,90,90.398,0.398
2025-12-11 09:00:00,Aspect,Square,Venus,Scorpio,"18°39'33.40""",Jyeshtha,Mercury,1,Ketu,Leo,"19°03'26.36""",Purva Phalguni,Venus,2,90,89.602,0.398
2025-12-11 09:15:00,Aspect,Square,Venus,Scorpio,"18°40'20.58""",Jyeshtha,Mercury,1,Rahu,Aquarius,"19°03'24.37""",Shatabhisha,Rahu,4,90,90.3844,0.3844
2025-12-11 09:15:00,Aspect,Square,Venus,Scorpio,"18°40'20.58""",Jyeshtha,Mercury,1,Ketu,Leo,"19°03'24.37""",Purva Phalguni,Venus,2,90,89.6156,0.3844
2025-12-11 09:30:00,Aspect,Square,Venus,Scorpio,"18°41'07.76""",Jyeshtha,Mercury,1,Rahu,Aquarius,"19°03'22.39""",Shatabhisha,Rahu,4,90,90.3707,0.3707
2025-12-11 09:30:00,Aspect,Square,Venus,Scorpio,"18°41'07.76""",Jyeshtha,Mercury,1,Ketu,Leo,"19°03'22.39""",Purva Phalguni,Venus,2,90,89.6293,0.3707
2025-12-11 09:45:00,Aspect,Square,Venus,Scorpio,"18°41'54.95""",Jyeshtha,Mercury,1,Rahu,Aquarius,"19°03'20.40""",Shatabhisha,Rahu,4,90,90.3571,0.3571
2025-12-11 09:45:00,Aspect,Square,Venus,Scorpio,"18°41'54.95""",Jyeshtha,Mercury,1,Ketu,Leo,"19°03'20.40""",Purva Phalguni,Venus,2,90,89.6429,0.3571
2025-12-11 10:00:00,Aspect,Square,Venus,Scorpio,"18°42'42.13""",Jyeshtha,Mercury,1,Rahu,Aquarius,"19°03'18.41""",Shatabhisha,Rahu,4,90,90.3434,0.3434
2025-12-11 10:00:00,Aspect,Square,Venus,Scorpio,"18°42'42.13""",Jyeshtha,Mercury,1,Ketu,Leo,"19°03'18.41""",Purva Phalguni,Venus,2,90,89.6566,0.3434
2025-12-11 10:15:00,Aspect,Square,Venus,Scorpio,"18°43'29.31""",Jyeshtha,Mercury,1,Rahu,Aquarius,"19°03'16.43""",Shatabhisha,Rahu,4,90,90.3298,0.3298
2025-12-11 10:15:00,Aspect,Square,Venus,Scorpio,"18°43'29.31""",Jyeshtha,Mercury,1,Ketu,Leo,"19°03'16.43""",Purva Phalguni,Venus,2,90,89.6702,0.3298
2025-12-11 10:30:00,Aspect,Square,Venus,Scorpio,"18°44'16.50""",Jyeshtha,Mercury,1,Rahu,Aquarius,"19°03'14.44""",Shatabhisha,Rahu,4,90,90.3161,0.3161
2025-12-11 10:30:00,Aspect,Square,Venus,Scorpio,"18°44'16.50""",Jyeshtha,Mercury,1,Ketu,Leo,"19°03'14.44""",Purva Phalguni,Venus,2,90,89.6839,0.3161
2025-12-11 10:45:00,Aspect,Square,Venus,Scorpio,"18°45'03.68""",Jyeshtha,Mercury,1,Rahu,Aquarius,"19°03'12.45""",Shatabhisha,Rahu,4,90,90.3024,0.3024
2025-12-11 10:45:00,Aspect,Square,Venus,Scorpio,"18°45'03.68""",Jyeshtha,Mercury,1,Ketu,Leo,"19°03'12.45""",Purva Phalguni,Venus,2,90,89.6976,0.3024
2025-12-11 11:00:00,Aspect,Square,Venus,Scorpio,"18°45'50.87""",Jyeshtha,Mercury,1,Rahu,Aquarius,"19°03'10.46""",Shatabhisha,Rahu,4,90,90.2888,0.2888
2025-12-11 11:00:00,Aspect,Square,Venus,Scorpio,"18°45'50.87""",Jyeshtha,Mercury,1,Ketu,Leo,"19°03'10.46""",Purva Phalguni,Venus,2,90,89.7112,0.2888
2025-12-11 11:15:00,Aspect,Square,Venus,Scorpio,"18°46'38.05""",Jyeshtha,Mercury,1,Rahu,Aquarius,"19°03'08.48""",Shatabhisha,Rahu,4,90,90.2751,0.2751
2025-12-11 11:15:00,Aspect,Square,Venus,Scorpio,"18°46'38.05""",Jyeshtha,Mercury,1,Ketu,Leo,"19°03'08.48""",Purva Phalguni,Venus,2,90,89.7249,0.2751
2025-12-11 11:30:00,Aspect,Square,Venus,Scorpio,"18°47'25.23""",Jyeshtha,Mercury,1,Rahu,Aquarius,"19°03'06.49""",Shatabhisha,Rahu,4,90,90.2615,0.2615
2025-12-11 11:30:00,Aspect,Square,Venus,Scorpio,"18°47'25.23""",Jyeshtha,Mercury,1,Ketu,Leo,"19°03'06.49""",Purva Phalguni,Venus,2,90,89.7385,0.2615
2025-12-11 11:45:00,Aspect,Square,Venus,Scorpio,"18°48'12.42""",Jyeshtha,Mercury,1,Rahu,Aquarius,"19°03'04.50""",Shatabhisha,Rahu,4,90,90.2478,0.2478
2025-12-11 11:45:00,Aspect,Square,Venus,Scorpio,"18°48'12.42""",Jyeshtha,Mercury,1,Ketu,Leo,"19°03'04.50""",Purva Phalguni,Venus,2,90,89.7522,0.2478
2025-12-11 12:00:00,Aspect,Square,Venus,Scorpio,"18°48'59.60""",Jyeshtha,Mercury,1,Rahu,Aquarius,"19°03'02.51""",Shatabhisha,Rahu,4,90,90.2341,0.2341
2025-12-11 12:00:00,Aspect,Square,Venus,Scorpio,"18°48'59.60""",Jyeshtha,Mercury,1,Ketu,Leo,"19°03'02.51""",Purva Phalguni,Venus,2,90,89.7659,0.2341
2025-12-11 12:15:00,Aspect,Square,Venus,Scorpio,"18°49'46.79""",Jyeshtha,Mercury,1,Rahu,Aquarius,"19°03'00.53""",Shatabhisha,Rahu,4,90,90.2205,0.2205
2025-12-11 12:15:00,Aspect,Square,Venus,Scorpio,"18°49'46.79""",Jyeshtha,Mercury,1,Ketu,Leo,"19°03'00.53""",Purva Phalguni,Venus,2,90,89.7795,0.2205
2025-12-11 12:30:00,Aspect,Square,Venus,Scorpio,"18°50'33.97""",Jyeshtha,Mercury,1,Rahu,Aquarius,"19°02'58.54""",Shatabhisha,Rahu,4,90,90.2068,0.2068
2025-12-11 12:30:00,Aspect,Square,Venus,Scorpio,"18°50'33.97""",Jyeshtha,Mercury,1,Ketu,Leo,"19°02'58.54""",Purva Phalguni,Venus,2,90,89.7932,0.2068
2025-12-11 12:45:00,Aspect,Square,Moon,Leo,"17°53'03.65""",Purva Phalguni,Venus,2,Venus,Scorpio,"18°51'21.16""",Jyeshtha,Mercury,1,90,90.9715,0.9715
2025-12-11 12:45:00,Aspect,Square,Venus,Scorpio,"18°51'21.16""",Jyeshtha,Mercury,1,Rahu,Aquarius,"19°02'56.55""",Shatabhisha,Rahu,4,90,90.1932,0.1932
2025-12-11 12:45:00,Aspect,Square,Venus,Scorpio,"18°51'21.16""",Jyeshtha,Mercury,1,Ketu,Leo,"19°02'56.55""",Purva Phalguni,Venus,2,90,89.8068,0.1932
2025-12-11 13:00:00,Aspect,Square,Moon,Leo,"18°01'02.33""",Purva Phalguni,Venus,2,Venus,Scorpio,"18°52'08.34""",Jyeshtha,Mercury,1,90,90.8517,0.8517
2025-12-11 13:00:00,Aspect,Square,Venus,Scorpio,"18°52'08.34""",Jyeshtha,Mercury,1,Rahu,Aquarius,"19°02'54.57""",Shatabhisha,Rahu,4,90,90.1795,0.1795
2025-12-11 13:00:00,Aspect,Square,Venus,Scorpio,"18°52'08.34""",Jyeshtha,Mercury,1,Ketu,Leo,"19°02'54.57""",Purva Phalguni,Venus,2,90,89.8205,0.1795
2025-12-11 13:15:00,Aspect,Square,Moon,Leo,"18°09'00.85""",Purva Phalguni,Venus,2,Venus,Scorpio,"18°52'55.52""",Jyeshtha,Mercury,1,90,90.7319,0.7319
2025-12-11 13:15:00,Aspect,Opposition,Moon,Leo,"18°09'00.85""",Purva Phalguni,Venus,2,Rahu,Aquarius,"19°02'52.58""",Shatabhisha,Rahu,4,180,179.1023,0.8977
2025-12-11 13:15:00,Aspect,Conjunction,Moon,Leo,"18°09'00.85""",Purva Phalguni,Venus,2,Ketu,Leo,"19°02'52.58""",Purva Phalguni,Venus,2,0,0.8977,0.8977
2025-12-11 13:15:00,Aspect,Square,Venus,Scorpio,"18°52'55.52""",Jyeshtha,Mercury,1,Rahu,Aquarius,"19°02'52.58""",Shatabhisha,Rahu,4,90,90.1658,0.1658
2025-12-11 13:15:00,Aspect,Square,Venus,Scorpio,"18°52'55.52""",Jyeshtha,Mercury,1,Ketu,Leo,"19°02'52.58""",Purva Phalguni,Venus,2,90,89.8342,0.1658
2025-12-11 13:30:00,Aspect,Square,Moon,Leo,"18°16'59.22""",Purva Phalguni,Venus,2,Venus,Scorpio,"18°53'42.71""",Jyeshtha,Mercury,1,90,90.6121,0.6121
2025-12-11 13:30:00,Aspect,Opposition,Moon,Leo,"18°16'59.22""",Purva Phalguni,Venus,2,Rahu,Aquarius,"19°02'50.59""",Shatabhisha,Rahu,4,180,179.2357,0.7643
2025-12-11 13:30:00,Aspect,Conjunction,Moon,Leo,"18°16'59.22""",Purva Phalguni,Venus,2,Ketu,Leo,"19°02'50.59""",Purva Phalguni,Venus,2,0,0.7643,0.7643
2025-12-11 13:30:00,Aspect,Square,Venus,Scorpio,"18°53'42.71""",Jyeshtha,Mercury,1,Rahu,Aquarius,"19°02'50.59""",Shatabhisha,Rahu,4,90,90.1522,0.1522
2025-12-11 13:30:00,Aspect,Square,Venus,Scorpio,"18°53'42.71""",Jyeshtha,Mercury,1,Ketu,Leo,"19°02'50.59""",Purva Phalguni,Venus,2,90,89.8478,0.1522
2025-12-11 13:45:00,Aspect,Square,Moon,Leo,"18°24'57.44""",Purva Phalguni,Venus,2,Venus,Scorpio,"18°54'29.89""",Jyeshtha,Mercury,1,90,90.4923,0.4923
2025-12-11 13:45:00,Aspect,Opposition,Moon,Leo,"18°24'57.44""",Purva Phalguni,Venus,2,Rahu,Aquarius,"19°02'48.60""",Shatabhisha,Rahu,4,180,179.3691,0.6309
2025-12-11 13:45:00,Aspect,Conjunction,Moon,Leo,"18°24'57.44""",Purva Phalguni,Venus,2,Ketu,Leo,"19°02'48.60""",Purva Phalguni,Venus,2,0,0.6309,0.6309
2025-12-11 13:45:00,Aspect,Square,Venus,Scorpio,"18°54'29.89""",Jyeshtha,Mercury,1,Rahu,Aquarius,"19°02'48.60""",Shatabhisha,Rahu,4,90,90.1385,0.1385
2025-12-11 13:45:00,Aspect,Square,Venus,Scorpio,"18°54'29.89""",Jyeshtha,Mercury,1,Ketu,Leo,"19°02'48.60""",Purva Phalguni,Venus,2,90,89.8615,0.1385
2025-12-11 14:00:00,Aspect,Square,Moon,Leo,"18°32'55.50""",Purva Phalguni,Venus,2,Venus,Scorpio,"18°55'17.08""",Jyeshtha,Mercury,1,90,90.3727,0.3727
2025-12-11 14:00:00,Aspect,Opposition,Moon,Leo,"18°32'55.50""",Purva Phalguni,Venus,2,Rahu,Aquarius,"19°02'46.62""",Shatabhisha,Rahu,4,180,179.5025,0.4975
2025-12-11 14:00:00,Aspect,Conjunction,Moon,Leo,"18°32'55.50""",Purva Phalguni,Venus,2,Ketu,Leo,"19°02'46.62""",Purva Phalguni,Venus,2,0,0.4975,0.4975
2025-12-11 14:00:00,Aspect,Square,Venus,Scorpio,"18°55'17.08""",Jyeshtha,Mercury,1,Rahu,Aquarius,"19°02'46.62""",Shatabhisha,Rahu,4,90,90.1249,0.1249
2025-12-11 14:00:00,Aspect,Square,Venus,Scorpio,"18°55'17.08""",Jyeshtha,Mercury,1,Ketu,Leo,"19°02'46.62""",Purva Phalguni,Venus,2,90,89.8751,0.1249
2025-12-11 14:15:00,Aspect,Square,Moon,Leo,"18°40'53.42""",Purva Phalguni,Venus,2,Venus,Scorpio,"18°56'04.26""",Jyeshtha,Mercury,1,90,90.253,0.253
2025-12-11 14:15:00,Aspect,Opposition,Moon,Leo,"18°40'53.42""",Purva Phalguni,Venus,2,Rahu,Aquarius,"19°02'44.63""",Shatabhisha,Rahu,4,180,179.6358,0.3642
2025-12-11 14:15:00,Aspect,Conjunction,Moon,Leo,"18°40'53.42""",Purva Phalguni,Venus,2,Ketu,Leo,"19°02'44.63""",Purva Phalguni,Venus,2,0,0.3642,0.3642
2025-12-11 14:15:00,Aspect,Square,Venus,Scorpio,"18°56'04.26""",Jyeshtha,Mercury,1,Rahu,Aquarius,"19°02'44.63""",Shatabhisha,Rahu,4,90,90.1112,0.1112
2025-12-11 14:15:00,Aspect,Square,Venus,Scorpio,"18°56'04.26""",Jyeshtha,Mercury,1,Ketu,Leo,"19°02'44.63""",Purva Phalguni,Venus,2,90,89.8888,0.1112
2025-12-11 14:30:00,Aspect,Square,Moon,Leo,"18°48'51.18""",Purva Phalguni,Venus,2,Venus,Scorpio,"18°56'51.45""",Jyeshtha,Mercury,1,90,90.1334,0.1334
2025-12-11 14:30:00,Aspect,Opposition,Moon,Leo,"18°48'51.18""",Purva Phalguni,Venus,2,Rahu,Aquarius,"19°02'42.64""",Shatabhisha,Rahu,4,180,179.769,0.231
2025-12-11 14:30:00,Aspect,Conjunction,Moon,Leo,"18°48'51.18""",Purva Phalguni,Venus,2,Ketu,Leo,"19°02'42.64""",Purva Phalguni,Venus,2,0,0.231,0.231
2025-12-11 14:30:00,Aspect,Square,Venus,Scorpio,"18°56'51.45""",Jyeshtha,Mercury,1,Rahu,Aquarius,"19°02'42.64""",Shatabhisha,Rahu,4,90,90.0976,0.0976
2025-12-11 14:30:00,Aspect,Square,Venus,Scorpio,"18°56'51.45""",Jyeshtha,Mercury,1,Ketu,Leo,"19°02'42.64""",Purva Phalguni,Venus,2,90,89.9024,0.0976
2025-12-11 14:45:00,Aspect,Square,Moon,Leo,"18°56'48.79""",Purva Phalguni,Venus,2,Venus,Scorpio,"18°57'38.63""",Jyeshtha,Mercury,1,90,90.0138,0.0138
2025-12-11 14:45:00,Aspect,Opposition,Moon,Leo,"18°56'48.79""",Purva Phalguni,Venus,2,Rahu,Aquarius,"19°02'40.66""",Shatabhisha,Rahu,4,180,179.9023,0.0977
2025-12-11 14:45:00,Aspect,Conjunction,Moon,Leo,"18°56'48.79""",Purva Phalguni,Venus,2,Ketu,Leo,"19°02'40.66""",Purva Phalguni,Venus,2,0,0.0977,0.0977
2025-12-11 14:45:00,Aspect,Square,Venus,Scorpio,"18°57'38.63""",Jyeshtha,Mercury,1,Rahu,Aquarius,"19°02'40.66""",Shatabhisha,Rahu,4,90,90.0839,0.0839
2025-12-11 14:45:00,Aspect,Square,Venus,Scorpio,"18°57'38.63""",Jyeshtha,Mercury,1,Ketu,Leo,"19°02'40.66""",Purva Phalguni,Venus,2,90,89.9161,0.0839
2025-12-11 15:00:00,Aspect,Square,Moon,Leo,"19°04'46.25""",Purva Phalguni,Venus,2,Venus,Scorpio,"18°58'25.81""",Jyeshtha,Mercury,1,90,89.8943,0.1057
2025-12-11 15:00:00,Aspect,Opposition,Moon,Leo,"19°04'46.25""",Purva Phalguni,Venus,2,Rahu,Aquarius,"19°02'38.67""",Shatabhisha,Rahu,4,180,179.9646,0.0354
2025-12-11 15:00:00,Aspect,Conjunction,Moon,Leo,"19°04'46.25""",Purva Phalguni,Venus,2,Ketu,Leo,"19°02'38.67""",Purva Phalguni,Venus,2,0,0.0354,0.0354
2025-12-11 15:00:00,Aspect,Square,Venus,Scorpio,"18°58'25.81""",Jyeshtha,Mercury,1,Rahu,Aquarius,"19°02'38.67""",Shatabhisha,Rahu,4,90,90.0702,0.0702
2025-12-11 15:00:00,Aspect,Square,Venus,Scorpio,"18°58'25.81""",Jyeshtha,Mercury,1,Ketu,Leo,"19°02'38.67""",Purva Phalguni,Venus,2,90,89.9298,0.0702
2025-12-11 15:15:00,Aspect,Square,Moon,Leo,"19°12'43.56""",Purva Phalguni,Venus,2,Venus,Scorpio,"18°59'13.00""",Jyeshtha,Mercury,1,90,89.7748,0.2252
2025-12-11 15:15:00,Aspect,Opposition,Moon,Leo,"19°12'43.56""",Purva Phalguni,Venus,2,Rahu,Aquarius,"19°02'36.68""",Shatabhisha,Rahu,4,180,179.8314,0.1686
2025-12-11 15:15:00,Aspect,Conjunction,Moon,Leo,"19°12'43.56""",Purva Phalguni,Venus,2,Ketu,Leo,"19°02'36.68""",Purva Phalguni,Venus,2,0,0.1686,0.1686
2025-12-11 15:15:00,Aspect,Square,Venus,Scorpio,"18°59'13.00""",Jyeshtha,Mercury,1,Rahu,Aquarius,"19°02'36.68""",Shatabhisha,Rahu,4,90,90.0566,0.0566
2025-12-11 15:15:00,Aspect,Square,Venus,Scorpio,"18°59'13.00""",Jyeshtha,Mercury,1,Ketu,Leo,"19°02'36.68""",Purva Phalguni,Venus,2,90,89.9434,0.0566
2025-12-11 15:30:00,Aspect,Square,Moon,Leo,"19°20'40.72""",Purva Phalguni,Venus,2,Venus,Scorpio,"19°00'00.18""",Jyeshtha,Mercury,1,90,89.6554,0.3446
2025-12-11 15:30:00,Aspect,Opposition,Moon,Leo,"19°20'40.72""",Purva Phalguni,Venus,2,Rahu,Aquarius,"19°02'34.69""",Shatabhisha,Rahu,4,180,179.6983,0.3017
2025-12-11 15:30:00,Aspect,Conjunction,Moon,Leo,"19°20'40.72""",Purva Phalguni,Venus,2,Ketu,Leo,"19°02'34.69""",Purva Phalguni,Venus,2,0,0.3017,0.3017
2025-12-11 15:30:00,Aspect,Square,Venus,Scorpio,"19°00'00.18""",Jyeshtha,Mercury,1,Rahu,Aquarius,"19°02'34.69""",Shatabhisha,Rahu,4,90,90.0429,0.0429
2025-12-11 15:30:00,Aspect,Square,Venus,Scorpio,"19°00'00.18""",Jyeshtha,Mercury,1,Ketu,Leo,"19°02'34.69""",Purva Phalguni,Venus,2,90,89.9571,0.0429
2025-12-11 15:45:00,Aspect,Square,Moon,Leo,"19°28'37.73""",Purva Phalguni,Venus,2,Venus,Scorpio,"19°00'47.37""",Jyeshtha,Mercury,1,90,89.536,0.464
2025-12-11 15:45:00,Aspect,Opposition,Moon,Leo,"19°28'37.73""",Purva Phalguni,Venus,2,Rahu,Aquarius,"19°02'32.71""",Shatabhisha,Rahu,4,180,179.5653,0.4347
2025-12-11 15:45:00,Aspect,Conjunction,Moon,Leo,"19°28'37.73""",Purva Phalguni,Venus,2,Ketu,Leo,"19°02'32.71""",Purva Phalguni,Venus,2,0,0.4347,0.4347
2025-12-11 15:45:00,Aspect,Square,Venus,Scorpio,"19°00'47.37""",Jyeshtha,Mercury,1,Rahu,Aquarius,"19°02'32.71""",Shatabhisha,Rahu,4,90,90.0293,0.0293
2025-12-11 15:45:00,Aspect,Square,Venus,Scorpio,"19°00'47.37""",Jyeshtha,Mercury,1,Ketu,Leo,"19°02'32.71""",Purva Phalguni,Venus,2,90,89.9707,0.0293
2025-12-11 16:00:00,Aspect,Square,Moon,Leo,"19°36'34.59""",Purva Phalguni,Venus,2,Venus,Scorpio,"19°01'34.55""",Jyeshtha,Mercury,1,90,89.4167,0.5833
2025-12-11 16:00:00,Aspect,Opposition,Moon,Leo,"19°36'34.59""",Purva Phalguni,Venus,2,Rahu,Aquarius,"19°02'30.72""",Shatabhisha,Rahu,4,180,179.4323,0.5677
2025-12-11 16:00:00,Aspect,Conjunction,Moon,Leo,"19°36'34.59""",Purva Phalguni,Venus,2,Ketu,Leo,"19°02'30.72""",Purva Phalguni,Venus,2,0,0.5677,0.5677
2025-12-11 16:00:00,Aspect,Square,Venus,Scorpio,"19°01'34.55""",Jyeshtha,Mercury,1,Rahu,Aquarius,"19°02'30.72""",Shatabhisha,Rahu,4,90,90.0156,0.0156
2025-12-11 16:00:00,Aspect,Square,Venus,Scorpio,"19°01'34.55""",Jyeshtha,Mercury,1,Ketu,Leo,"19°02'30.72""",Purva Phalguni,Venus,2,90,89.9844,0.0156
2025-12-11 16:15:00,Aspect,Square,Moon,Leo,"19°44'31.30""",Purva Phalguni,Venus,2,Venus,Scorpio,"19°02'21.74""",Jyeshtha,Mercury,1,90,89.2973,0.7027
2025-12-11 16:15:00,Aspect,Opposition,Moon,Leo,"19°44'31.30""",Purva Phalguni,Venus,2,Rahu,Aquarius,"19°02'28.73""",Shatabhisha,Rahu,4,180,179.2993,0.7007
2025-12-11 16:15:00,Aspect,Conjunction,Moon,Leo,"19°44'31.30""",Purva Phalguni,Venus,2,Ketu,Leo,"19°02'28.73""",Purva Phalguni,Venus,2,0,0.7007,0.7007
2025-12-11 16:15:00,Aspect,Square,Venus,Scorpio,"19°02'21.74""",Jyeshtha,Mercury,1,Rahu,Aquarius,"19°02'28.73""",Shatabhisha,Rahu,4,90,90.0019,0.0019
2025-12-11 16:15:00,Aspect,Square,Venus,Scorpio,"19°02'21.74""",Jyeshtha,Mercury,1,Ketu,Leo,"19°02'28.73""",Purva Phalguni,Venus,2,90,89.9981,0.0019
2025-12-11 16:30:00,Aspect,Square,Moon,Leo,"19°52'27.86""",Purva Phalguni,Venus,2,Venus,Scorpio,"19°03'08.92""",Jyeshtha,Mercury,1,90,89.1781,0.8219
2025-12-11 16:30:00,Aspect,Opposition,Moon,Leo,"19°52'27.86""",Purva Phalguni,Venus,2,Rahu,Aquarius,"19°02'26.75""",Shatabhisha,Rahu,4,180,179.1664,0.8336
2025-12-11 16:30:00,Aspect,Conjunction,Moon,Leo,"19°52'27.86""",Purva Phalguni,Venus,2,Ketu,Leo,"19°02'26.75""",Purva Phalguni,Venus,2,0,0.8336,0.8336
2025-12-11 16:30:00,Aspect,Square,Venus,Scorpio,"19°03'08.92""",Jyeshtha,Mercury,1,Rahu,Aquarius,"19°02'26.75""",Shatabhisha,Rahu,4,90,89.9883,0.0117
2025-12-11 16:30:00,Aspect,Square,Venus,Scorpio,"19°03'08.92""",Jyeshtha,Mercury,1,Ketu,Leo,"19°02'26.75""",Purva Phalguni,Venus,2,90,90.0117,0.0117
2025-12-11 16:45:00,Aspect,Square,Moon,Leo,"20°00'24.28""",Purva Phalguni,Venus,3,Venus,Scorpio,"19°03'56.11""",Jyeshtha,Mercury,1,90,89.0588,0.9412
2025-12-11 16:45:00,Aspect,Opposition,Moon,Leo,"20°00'24.28""",Purva Phalguni,Venus,3,Rahu,Aquarius,"19°02'24.76""",Shatabhisha,Rahu,4,180,179.0335,0.9665
2025-12-11 16:45:00,Aspect,Conjunction,Moon,Leo,"20°00'24.28""",Purva Phalguni,Venus,3,Ketu,Leo,"19°02'24.76""",Purva Phalguni,Venus,2,0,0.9665,0.9665
2025-12-11 16:45:00,Aspect,Square,Venus,Scorpio,"19°03'56.11""",Jyeshtha,Mercury,1,Rahu,Aquarius,"19°02'24.76""",Shatabhisha,Rahu,4,90,89.9746,0.0254
2025-12-11 16:45:00,Aspect,Square,Venus,Scorpio,"19°03'56.11""",Jyeshtha,Mercury,1,Ketu,Leo,"19°02'24.76""",Purva Phalguni,Venus,2,90,90.0254,0.0254
2025-12-11 17:00:00,Aspect,Square,Venus,Scorpio,"19°04'43.29""",Jyeshtha,Mercury,1,Rahu,Aquarius,"19°02'22.77""",Shatabhisha,Rahu,4,90,89.961,0.039
2025-12-11 17:00:00,Aspect,Square,Venus,Scorpio,"19°04'43.29""",Jyeshtha,Mercury,1,Ketu,Leo,"19°02'22.77""",Purva Phalguni,Venus,2,90,90.039,0.039
2025-12-11 17:15:00,Aspect,Square,Venus,Scorpio,"19°05'30.48""",Jyeshtha,Mercury,1,Rahu,Aquarius,"19°02'20.78""",Shatabhisha,Rahu,4,90,89.9473,0.0527
2025-12-11 17:15:00,Aspect,Square,Venus,Scorpio,"19°05'30.48""",Jyeshtha,Mercury,1,Ketu,Leo,"19°02'20.78""",Purva Phalguni,Venus,2,90,90.0527,0.0527
2025-12-11 17:30:00,Aspect,Square,Venus,Scorpio,"19°06'17.66""",Jyeshtha,Mercury,1,Rahu,Aquarius,"19°02'18.80""",Shatabhisha,Rahu,4,90,89.9336,0.0664
2025-12-11 17:30:00,Aspect,Square,Venus,Scorpio,"19°06'17.66""",Jyeshtha,Mercury,1,Ketu,Leo,"19°02'18.80""",Purva Phalguni,Venus,2,90,90.0664,0.0664
2025-12-11 17:45:00,Aspect,Square,Venus,Scorpio,"19°07'04.85""",Jyeshtha,Mercury,1,Rahu,Aquarius,"19°02'16.81""",Shatabhisha,Rahu,4,90,89.92,0.08
2025-12-11 17:45:00,Aspect,Square,Venus,Scorpio,"19°07'04.85""",Jyeshtha,Mercury,1,Ketu,Leo,"19°02'16.81""",Purva Phalguni,Venus,2,90,90.08,0.08
2025-12-11 18:00:00,Aspect,Square,Venus,Scorpio,"19°07'52.03""",Jyeshtha,Mercury,1,Rahu,Aquarius,"19°02'14.82""",Shatabhisha,Rahu,4,90,89.9063,0.0937
2025-12-11 18:00:00,Aspect,Square,Venus,Scorpio,"19°07'52.03""",Jyeshtha,Mercury,1,Ketu,Leo,"19°02'14.82""",Purva Phalguni,Venus,2,90,90.0937,0.0937
2025-12-11 18:15:00,Aspect,Square,Venus,Scorpio,"19°08'39.22""",Jyeshtha,Mercury,1,Rahu,Aquarius,"19°02'12.83""",Shatabhisha,Rahu,4,90,89.8927,0.1073
2025-12-11 18:15:00,Aspect,Square,Venus,Scorpio,"19°08'39.22""",Jyeshtha,Mercury,1,Ketu,Leo,"19°02'12.83""",Purva Phalguni,Venus,2,90,90.1073,0.1073
2025-12-11 18:30:00,Aspect,Square,Venus,Scorpio,"19°09'26.40""",Jyeshtha,Mercury,1,Rahu,Aquarius,"19°02'10.85""",Shatabhisha,Rahu,4,90,89.879,0.121
2025-12-11 18:30:00,Aspect,Square,Venus,Scorpio,"19°09'26.40""",Jyeshtha,Mercury,1,Ketu,Leo,"19°02'10.85""",Purva Phalguni,Venus,2,90,90.121,0.121
2025-12-11 18:45:00,Aspect,Square,Venus,Scorpio,"19°10'13.59""",Jyeshtha,Mercury,1,Rahu,Aquarius,"19°02'08.86""",Shatabhisha,Rahu,4,90,89.8654,0.1346
2025-12-11 18:45:00,Aspect,Square,Venus,Scorpio,"19°10'13.59""",Jyeshtha,Mercury,1,Ketu,Leo,"19°02'08.86""",Purva Phalguni,Venus,2,90,90.1346,0.1346
2025-12-11 19:00:00,Aspect,Square,Venus,Scorpio,"19°11'00.77""",Jyeshtha,Mercury,1,Rahu,Aquarius,"19°02'06.87""",Shatabhisha,Rahu,4,90,89.8517,0.1483
2025-12-11 19:00:00,Aspect,Square,Venus,Scorpio,"19°11'00.77""",Jyeshtha,Mercury,1,Ketu,Leo,"19°02'06.87""",Purva Phalguni,Venus,2,90,90.1483,0.1483
2025-12-11 19:15:00,Aspect,Square,Venus,Scorpio,"19°11'47.96""",Jyeshtha,Mercury,1,Rahu,Aquarius,"19°02'04.89""",Shatabhisha,Rahu,4,90,89.838,0.162
2025-12-11 19:15:00,Aspect,Square,Venus,Scorpio,"19°11'47.96""",Jyeshtha,Mercury,1,Ketu,Leo,"19°02'04.89""",Purva Phalguni,Venus,2,90,90.162,0.162
2025-12-11 19:30:00,Aspect,Square,Venus,Scorpio,"19°12'35.14""",Jyeshtha,Mercury,1,Rahu,Aquarius,"19°02'02.90""",Shatabhisha,Rahu,4,90,89.8244,0.1756
2025-12-11 19:30:00,Aspect,Square,Venus,Scorpio,"19°12'35.14""",Jyeshtha,Mercury,1,Ketu,Leo,"19°02'02.90""",Purva Phalguni,Venus,2,90,90.1756,0.1756
2025-12-11 19:45:00,Aspect,Square,Venus,Scorpio,"19°13'22.33""",Jyeshtha,Mercury,1,Rahu,Aquarius,"19°02'00.91""",Shatabhisha,Rahu,4,90,89.8107,0.1893
2025-12-11 19:45:00,Aspect,Square,Venus,Scorpio,"19°13'22.33""",Jyeshtha,Mercury,1,Ketu,Leo,"19°02'00.91""",Purva Phalguni,Venus,2,90,90.1893,0.1893
2025-12-11 20:00:00,Aspect,Square,Venus,Scorpio,"19°14'09.52""",Jyeshtha,Mercury,1,Rahu,Aquarius,"19°01'58.92""",Shatabhisha,Rahu,4,90,89.7971,0.2029
2025-12-11 20:00:00,Aspect,Square,Venus,Scorpio,"19°14'09.52""",Jyeshtha,Mercury,1,Ketu,Leo,"19°01'58.92""",Purva Phalguni,Venus,2,90,90.2029,0.2029
2025-12-11 20:15:00,Aspect,Square,Venus,Scorpio,"19°14'56.70""",Jyeshtha,Mercury,1,Rahu,Aquarius,"19°01'56.94""",Shatabhisha,Rahu,4,90,89.7834,0.2166
2025-12-11 20:15:00,Aspect,Square,Venus,Scorpio,"19°14'56.70""",Jyeshtha,Mercury,1,Ketu,Leo,"19°01'56.94""",Purva Phalguni,Venus,2,90,90.2166,0.2166
2025-12-11 20:30:00,Aspect,Square,Venus,Scorpio,"19°15'43.89""",Jyeshtha,Mercury,1,Rahu,Aquarius,"19°01'54.95""",Shatabhisha,Rahu,4,90,89.7697,0.2303
2025-12-11 20:30:00,Aspect,Square,Venus,Scorpio,"19°15'43.89""",Jyeshtha,Mercury,1,Ketu,Leo,"19°01'54.95""",Purva Phalguni,Venus,2,90,90.2303,0.2303
2025-12-11 20:45:00,Aspect,Square,Venus,Scorpio,"19°16'31.07""",Jyeshtha,Mercury,1,Rahu,Aquarius,"19°01'52.96""",Shatabhisha,Rahu,4,90,89.7561,0.2439
2025-12-11 20:45:00,Aspect,Square,Venus,Scorpio,"19°16'31.07""",Jyeshtha,Mercury,1,Ketu,Leo,"19°01'52.96""",Purva Phalguni,Venus,2,90,90.2439,0.2439
2025-12-11 21:00:00,Aspect,Square,Venus,Scorpio,"19°17'18.26""",Jyeshtha,Mercury,1,Rahu,Aquarius,"19°01'50.98""",Shatabhisha,Rahu,4,90,89.7424,0.2576
2025-12-11 21:00:00,Aspect,Square,Venus,Scorpio,"19°17'18.26""",Jyeshtha,Mercury,1,Ketu,Leo,"19°01'50.98""",Purva Phalguni,Venus,2,90,90.2576,0.2576
2025-12-11 21:15:00,Aspect,Square,Venus,Scorpio,"19°18'05.44""",Jyeshtha,Mercury,1,Rahu,Aquarius,"19°01'48.99""",Shatabhisha,Rahu,4,90,89.7288,0.2712
2025-12-11 21:15:00,Aspect,Square,Venus,Scorpio,"19°18'05.44""",Jyeshtha,Mercury,1,Ketu,Leo,"19°01'48.99""",Purva Phalguni,Venus,2,90,90.2712,0.2712
2025-12-11 21:30:00,Aspect,Square,Venus,Scorpio,"19°18'52.63""",Jyeshtha,Mercury,1,Rahu,Aquarius,"19°01'47.00""",Shatabhisha,Rahu,4,90,89.7151,0.2849
2025-12-11 21:30:00,Aspect,Square,Venus,Scorpio,"19°18'52.63""",Jyeshtha,Mercury,1,Ketu,Leo,"19°01'47.00""",Purva Phalguni,Venus,2,90,90.2849,0.2849
2025-12-11 21:45:00,Aspect,Square,Venus,Scorpio,"19°19'39.81""",Jyeshtha,Mercury,1,Rahu,Aquarius,"19°01'45.01""",Shatabhisha,Rahu,4,90,89.7014,0.2986
2025-12-11 21:45:00,Aspect,Square,Venus,Scorpio,"19°19'39.81""",Jyeshtha,Mercury,1,Ketu,Leo,"19°01'45.01""",Purva Phalguni,Venus,2,90,90.2986,0.2986
2025-12-11 22:00:00,Aspect,Square,Venus,Scorpio,"19°20'27.00""",Jyeshtha,Mercury,1,Rahu,Aquarius,"19°01'43.03""",Shatabhisha,Rahu,4,90,89.6878,0.3122
2025-12-11 22:00:00,Aspect,Square,Venus,Scorpio,"19°20'27.00""",Jyeshtha,Mercury,1,Ketu,Leo,"19°01'43.03""",Purva Phalguni,Venus,2,90,90.3122,0.3122
2025-12-11 22:15:00,Aspect,Square,Venus,Scorpio,"19°21'14.19""",Jyeshtha,Mercury,1,Rahu,Aquarius,"19°01'41.04""",Shatabhisha,Rahu,4,90,89.6741,0.3259
2025-12-11 22:15:00,Aspect,Square,Venus,Scorpio,"19°21'14.19""",Jyeshtha,Mercury,1,Ketu,Leo,"19°01'41.04""",Purva Phalguni,Venus,2,90,90.3259,0.3259
2025-12-11 22:30:00,Aspect,Square,Venus,Scorpio,"19°22'01.37""",Jyeshtha,Mercury,1,Rahu,Aquarius,"19°01'39.05""",Shatabhisha,Rahu,4,90,89.6605,0.3395
2025-12-11 22:30:00,Aspect,Square,Venus,Scorpio,"19°22'01.37""",Jyeshtha,Mercury,1,Ketu,Leo,"19°01'39.05""",Purva Phalguni,Venus,2,90,90.3395,0.3395
2025-12-11 22:45:00,Aspect,Square,Venus,Scorpio,"19°22'48.56""",Jyeshtha,Mercury,1,Rahu,Aquarius,"19°01'37.07""",Shatabhisha,Rahu,4,90,89.6468,0.3532
2025-12-11 22:45:00,Aspect,Square,Venus,Scorpio,"19°22'48.56""",Jyeshtha,Mercury,1,Ketu,Leo,"19°01'37.07""",Purva Phalguni,Venus,2,90,90.3532,0.3532
2025-12-11 23:00:00,Aspect,Square,Venus,Scorpio,"19°23'35.74""",Jyeshtha,Mercury,1,Rahu,Aquarius,"19°01'35.08""",Shatabhisha,Rahu,4,90,89.6331,0.3669
2025-12-11 23:00:00,Aspect,Square,Venus,Scorpio,"19°23'35.74""",Jyeshtha,Mercury,1,Ketu,Leo,"19°01'35.08""",Purva Phalguni,Venus,2,90,90.3669,0.3669
2025-12-11 23:15:00,Aspect,Square,Venus,Scorpio,"19°24'22.93""",Jyeshtha,Mercury,1,Rahu,Aquarius,"19°01'33.09""",Shatabhisha,Rahu,4,90,89.6195,0.3805
2025-12-11 23:15:00,Aspect,Square,Venus,Scorpio,"19°24'22.93""",Jyeshtha,Mercury,1,Ketu,Leo,"19°01'33.09""",Purva Phalguni,Venus,2,90,90.3805,0.3805
2025-12-11 23:30:00,Aspect,Square,Venus,Scorpio,"19°25'10.11""",Jyeshtha,Mercury,1,Rahu,Aquarius,"19°01'31.10""",Shatabhisha,Rahu,4,90,89.6058,0.3942
2025-12-11 23:30:00,Aspect,Square,Venus,Scorpio,"19°25'10.11""",Jyeshtha,Mercury,1,Ketu,Leo,"19°01'31.10""",Purva Phalguni,Venus,2,90,90.3942,0.3942
2025-12-11 23:45:00,Aspect,Square,Venus,Scorpio,"19°25'57.30""",Jyeshtha,Mercury,1,Rahu,Aquarius,"19°01'29.12""",Shatabhisha,Rahu,4,90,89.5922,0.4078
2025-12-11 23:45:00,Aspect,Square,Venus,Scorpio,"19°25'57.30""",Jyeshtha,Mercury,1,Ketu,Leo,"19°01'29.12""",Purva Phalguni,Venus,2,90,90.4078,0.4078
2025-12-12 00:00:00,Aspect,Square,Venus,Scorpio,"19°26'44.49""",Jyeshtha,Mercury,1,Rahu,Aquarius,"19°01'27.13""",Shatabhisha,Rahu,4,90,89.5785,0.4215
2025-12-12 00:00:00,Aspect,Square,Venus,Scorpio,"19°26'44.49""",Jyeshtha,Mercury,1,Ketu,Leo,"19°01'27.13""",Purva Phalguni,Venus,2,90,90.4215,0.4215
2025-12-12 00:15:00,Aspect,Square,Venus,Scorpio,"19°27'31.67""",Jyeshtha,Mercury,1,Rahu,Aquarius,"19°01'25.14""",Shatabhisha,Rahu,4,90,89.5649,0.4351
2025-12-12 00:15:00,Aspect,Square,Venus,Scorpio,"19°27'31.67""",Jyeshtha,Mercury,1,Ketu,Leo,"19°01'25.14""",Purva Phalguni,Venus,2,90,90.4351,0.4351
2025-12-12 00:30:00,Aspect,Square,Venus,Scorpio,"19°28'18.86""",Jyeshtha,Mercury,1,Rahu,Aquarius,"19°01'23.15""",Shatabhisha,Rahu,4,90,89.5512,0.4488
2025-12-12 00:30:00,Aspect,Square,Venus,Scorpio,"19°28'18.86""",Jyeshtha,Mercury,1,Ketu,Leo,"19°01'23.15""",Purva Phalguni,Venus,2,90,90.4488,0.4488
2025-12-12 00:45:00,Aspect,Square,Venus,Scorpio,"19°29'06.04""",Jyeshtha,Mercury,1,Rahu,Aquarius,"19°01'21.17""",Shatabhisha,Rahu,4,90,89.5375,0.4625
2025-12-12 00:45:00,Aspect,Square,Venus,Scorpio,"19°29'06.04""",Jyeshtha,Mercury,1,Ketu,Leo,"19°01'21.17""",Purva Phalguni,Venus,2,90,90.4625,0.4625
2025-12-12 01:00:00,Aspect,Square,Venus,Scorpio,"19°29'53.23""",Jyeshtha,Mercury,1,Rahu,Aquarius,"19°01'19.18""",Shatabhisha,Rahu,4,90,89.5239,0.4761
2025-12-12 01:00:00,Aspect,Square,Venus,Scorpio,"19°29'53.23""",Jyeshtha,Mercury,1,Ketu,Leo,"19°01'19.18""",Purva Phalguni,Venus,2,90,90.4761,0.4761
2025-12-12 01:15:00,Aspect,Square,Venus,Scorpio,"19°30'40.42""",Jyeshtha,Mercury,1,Rahu,Aquarius,"19°01'17.19""",Shatabhisha,Rahu,4,90,89.5102,0.4898
2025-12-12 01:15:00,Aspect,Square,Venus,Scorpio,"19°30'40.42""",Jyeshtha,Mercury,1,Ketu,Leo,"19°01'17.19""",Purva Phalguni,Venus,2,90,90.4898,0.4898
2025-12-12 01:30:00,Aspect,Square,Venus,Scorpio,"19°31'27.60""",Jyeshtha,Mercury,1,Rahu,Aquarius,"19°01'15.21""",Shatabhisha,Rahu,4,90,89.4966,0.5034
2025-12-12 01:30:00,Aspect,Square,Venus,Scorpio,"19°31'27.60""",Jyeshtha,Mercury,1,Ketu,Leo,"19°01'15.21""",Purva Phalguni,Venus,2,90,90.5034,0.5034
2025-12-12 01:45:00,Aspect,Square,Venus,Scorpio,"19°32'14.79""",Jyeshtha,Mercury,1,Rahu,Aquarius,"19°01'13.22""",Shatabhisha,Rahu,4,90,89.4829,0.5171
2025-12-12 01:45:00,Aspect,Square,Venus,Scorpio,"19°32'14.79""",Jyeshtha,Mercury,1,Ketu,Leo,"19°01'13.22""",Purva Phalguni,Venus,2,90,90.5171,0.5171
2025-12-12 02:00:00,Aspect,Square,Sun,Scorpio,"25°46'10.22""",Jyeshtha,Mercury,3,Moon,Leo,"24°52'30.41""",Purva Phalguni,Venus,4,90,90.8944,0.8944
2025-12-12 02:00:00,Aspect,Square,Venus,Scorpio,"19°33'01.98""",Jyeshtha,Mercury,1,Rahu,Aquarius,"19°01'11.23""",Shatabhisha,Rahu,4,90,89.4692,0.5308
2025-12-12 02:00:00,Aspect,Square,Venus,Scorpio,"19°33'01.98""",Jyeshtha,Mercury,1,Ketu,Leo,"19°01'11.23""",Purva Phalguni,Venus,2,90,90.5308,0.5308
2025-12-12 02:15:00,Aspect,Square,Sun,Scorpio,"25°46'48.34""",Jyeshtha,Mercury,3,Moon,Leo,"25°00'21.44""",Purva Phalguni,Venus,4,90,90.7741,0.7741
2025-12-12 02:15:00,Aspect,Square,Venus,Scorpio,"19°33'49.16""",Jyeshtha,Mercury,1,Rahu,Aquarius,"19°01'09.24""",Shatabhisha,Rahu,4,90,89.4556,0.5444
2025-12-12 02:15:00,Aspect,Square,Venus,Scorpio,"19°33'49.16""",Jyeshtha,Mercury,1,Ketu,Leo,"19°01'09.24""",Purva Phalguni,Venus,2,90,90.5444,0.5444
2025-12-12 02:30:00,Aspect,Square,Sun,Scorpio,"25°47'26.45""",Jyeshtha,Mercury,3,Moon,Leo,"25°08'12.33""",Purva Phalguni,Venus,4,90,90.6539,0.6539
2025-12-12 02:30:00,Aspect,Square,Venus,Scorpio,"19°34'36.35""",Jyeshtha,Mercury,1,Rahu,Aquarius,"19°01'07.26""",Shatabhisha,Rahu,4,90,89.4419,0.5581
2025-12-12 02:30:00,Aspect,Square,Venus,Scorpio,"19°34'36.35""",Jyeshtha,Mercury,1,Ketu,Leo,"19°01'07.26""",Purva Phalguni,Venus,2,90,90.5581,0.5581
2025-12-12 02:45:00,Aspect,Square,Sun,Scorpio,"25°48'04.57""",Jyeshtha,Mercury,3,Moon,Leo,"25°16'03.09""",Purva Phalguni,Venus,4,90,90.5337,0.5337
2025-12-12 02:45:00,Aspect,Square,Venus,Scorpio,"19°35'23.54""",Jyeshtha,Mercury,1,Rahu,Aquarius,"19°01'05.27""",Shatabhisha,Rahu,4,90,89.4283,0.5717
2025-12-12 02:45:00,Aspect,Square,Venus,Scorpio,"19°35'23.54""",Jyeshtha,Mercury,1,Ketu,Leo,"19°01'05.27""",Purva Phalguni,Venus,2,90,90.5717,0.5717
2025-12-12 03:00:00,Aspect,Square,Sun,Scorpio,"25°48'42.68""",Jyeshtha,Mercury,3,Moon,Leo,"25°23'53.71""",Purva Phalguni,Venus,4,90,90.4136,0.4136
2025-12-12 03:00:00,Aspect,Square,Venus,Scorpio,"19°36'10.72""",Jyeshtha,Mercury,1,Rahu,Aquarius,"19°01'03.28""",Shatabhisha,Rahu,4,90,89.4146,0.5854
2025-12-12 03:00:00,Aspect,Square,Venus,Scorpio,"19°36'10.72""",Jyeshtha,Mercury,1,Ketu,Leo,"19°01'03.28""",Purva Phalguni,Venus,2,90,90.5854,0.5854
2025-12-12 03:15:00,Aspect,Square,Sun,Scorpio,"25°49'20.80""",Jyeshtha,Mercury,3,Moon,Leo,"25°31'44.20""",Purva Phalguni,Venus,4,90,90.2935,0.2935
2025-12-12 03:15:00,Aspect,Square,Venus,Scorpio,"19°36'57.91""",Jyeshtha,Mercury,1,Rahu,Aquarius,"19°01'01.30""",Shatabhisha,Rahu,4,90,89.4009,0.5991
2025-12-12 03:15:00,Aspect,Square,Venus,Scorpio,"19°36'57.91""",Jyeshtha,Mercury,1,Ketu,Leo,"19°01'01.30""",Purva Phalguni,Venus,2,90,90.5991,0.5991
2025-12-12 03:30:00,Aspect,Square,Sun,Scorpio,"25°49'58.91""",Jyeshtha,Mercury,3,Moon,Leo,"25°39'34.56""",Purva Phalguni,Venus,4,90,90.1734,0.1734
2025-12-12 03:30:00,Aspect,Square,Venus,Scorpio,"19°37'45.09""",Jyeshtha,Mercury,1,Rahu,Aquarius,"19°00'59.31""",Shatabhisha,Rahu,4,90,89.3873,0.6127
2025-12-12 03:30:00,Aspect,Square,Venus,Scorpio,"19°37'45.09""",Jyeshtha,Mercury,1,Ketu,Leo,"19°00'59.31""",Purva Phalguni,Venus,2,90,90.6127,0.6127
2025-12-12 03:45:00,Aspect,Square,Sun,Scorpio,"25°50'37.03""",Jyeshtha,Mercury,3,Moon,Leo,"25°47'24.78""",Purva Phalguni,Venus,4,90,90.0534,0.0534
2025-12-12 03:45:00,Aspect,Square,Venus,Scorpio,"19°38'32.28""",Jyeshtha,Mercury,1,Rahu,Aquarius,"19°00'57.32""",Shatabhisha,Rahu,4,90,89.3736,0.6264
2025-12-12 03:45:00,Aspect,Square,Venus,Scorpio,"19°38'32.28""",Jyeshtha,Mercury,1,Ketu,Leo,"19°00'57.32""",Purva Phalguni,Venus,2,90,90.6264,0.6264
2025-12-12 04:00:00,Aspect,Square,Sun,Scorpio,"25°51'15.14""",Jyeshtha,Mercury,3,Moon,Leo,"25°55'14.87""",Purva Phalguni,Venus,4,90,89.9334,0.0666
2025-12-12 04:00:00,Aspect,Square,Venus,Scorpio,"19°39'19.47""",Jyeshtha,Mercury,1,Rahu,Aquarius,"19°00'55.33""",Shatabhisha,Rahu,4,90,89.36,0.64
2025-12-12 04:00:00,Aspect,Square,Venus,Scorpio,"19°39'19.47""",Jyeshtha,Mercury,1,Ketu,Leo,"19°00'55.33""",Purva Phalguni,Venus,2,90,90.64,0.64
2025-12-12 04:15:00,Aspect,Square,Sun,Scorpio,"25°51'53.26""",Jyeshtha,Mercury,3,Moon,Leo,"26°03'04.83""",Purva Phalguni,Venus,4,90,89.8135,0.1865
2025-12-12 04:15:00,Aspect,Square,Venus,Scorpio,"19°40'06.65""",Jyeshtha,Mercury,1,Rahu,Aquarius,"19°00'53.35""",Shatabhisha,Rahu,4,90,89.3463,0.6537
2025-12-12 04:15:00,Aspect,Square,Venus,Scorpio,"19°40'06.65""",Jyeshtha,Mercury,1,Ketu,Leo,"19°00'53.35""",Purva Phalguni,Venus,2,90,90.6537,0.6537
2025-12-12 04:30:00,Aspect,Square,Sun,Scorpio,"25°52'31.37""",Jyeshtha,Mercury,3,Moon,Leo,"26°10'54.66""",Purva Phalguni,Venus,4,90,89.6935,0.3065
2025-12-12 04:30:00,Aspect,Square,Venus,Scorpio,"19°40'53.84""",Jyeshtha,Mercury,1,Rahu,Aquarius,"19°00'51.36""",Shatabhisha,Rahu,4,90,89.3326,0.6674
2025-12-12 04:30:00,Aspect,Square,Venus,Scorpio,"19°40'53.84""",Jyeshtha,Mercury,1,Ketu,Leo,"19°00'51.36""",Purva Phalguni,Venus,2,90,90.6674,0.6674
2025-12-12 04:45:00,Aspect,Square,Sun,Scorpio,"25°53'09.49""",Jyeshtha,Mercury,3,Moon,Leo,"26°18'44.35""",Purva Phalguni,Venus,4,90,89.5736,0.4264
2025-12-12 04:45:00,Aspect,Square,Venus,Scorpio,"19°41'41.03""",Jyeshtha,Mercury,1,Rahu,Aquarius,"19°00'49.37""",Shatabhisha,Rahu,4,90,89.319,0.681
2025-12-12 04:45:00,Aspect,Square,Venus,Scorpio,"19°41'41.03""",Jyeshtha,Mercury,1,Ketu,Leo,"19°00'49.37""",Purva Phalguni,Venus,2,90,90.681,0.681
2025-12-12 05:00:00,Aspect,Square,Sun,Scorpio,"25°53'47.60""",Jyeshtha,Mercury,3,Moon,Leo,"26°26'33.92""",Purva Phalguni,Venus,4,90,89.4538,0.5462
2025-12-12 05:00:00,Aspect,Square,Venus,Scorpio,"19°42'28.21""",Jyeshtha,Mercury,1,Rahu,Aquarius,"19°00'47.39""",Shatabhisha,Rahu,4,90,89.3053,0.6947
2025-12-12 05:00:00,Aspect,Square,Venus,Scorpio,"19°42'28.21""",Jyeshtha,Mercury,1,Ketu,Leo,"19°00'47.39""",Purva Phalguni,Venus,2,90,90.6947,0.6947
2025-12-12 05:15:00,Aspect,Square,Sun,Scorpio,"25°54'25.72""",Jyeshtha,Mercury,3,Moon,Leo,"26°34'23.35""",Purva Phalguni,Venus,4,90,89.334,0.666
2025-12-12 05:15:00,Aspect,Square,Venus,Scorpio,"19°43'15.40""",Jyeshtha,Mercury,1,Rahu,Aquarius,"19°00'45.40""",Shatabhisha,Rahu,4,90,89.2917,0.7083
2025-12-12 05:15:00,Aspect,Square,Venus,Scorpio,"19°43'15.40""",Jyeshtha,Mercury,1,Ketu,Leo,"19°00'45.40""",Purva Phalguni,Venus,2,90,90.7083,0.7083
2025-12-12 05:30:00,Aspect,Square,Sun,Scorpio,"25°55'03.83""",Jyeshtha,Mercury,3,Moon,Leo,"26°42'12.65""",Uttara Phalguni,Sun,1,90,89.2142,0.7858
2025-12-12 05:30:00,Aspect,Square,Venus,Scorpio,"19°44'02.59""",Jyeshtha,Mercury,1,Rahu,Aquarius,"19°00'43.41""",Shatabhisha,Rahu,4,90,89.278,0.722
2025-12-12 05:30:00,Aspect,Square,Venus,Scorpio,"19°44'02.59""",Jyeshtha,Mercury,1,Ketu,Leo,"19°00'43.41""",Purva Phalguni,Venus,2,90,90.722,0.722
2025-12-12 05:45:00,Aspect,Square,Sun,Scorpio,"25°55'41.95""",Jyeshtha,Mercury,3,Moon,Leo,"26°50'01.82""",Uttara Phalguni,Sun,1,90,89.0945,0.9055
2025-12-12 05:45:00,Aspect,Square,Venus,Scorpio,"19°44'49.78""",Jyeshtha,Mercury,1,Rahu,Aquarius,"19°00'41.42""",Shatabhisha,Rahu,4,90,89.2643,0.7357
2025-12-12 05:45:00,Aspect,Square,Venus,Scorpio,"19°44'49.78""",Jyeshtha,Mercury,1,Ketu,Leo,"19°00'41.42""",Purva Phalguni,Venus,2,90,90.7357,0.7357
2025-12-12 06:00:00,Aspect,Square,Venus,Scorpio,"19°45'36.96""",Jyeshtha,Mercury,1,Rahu,Aquarius,"19°00'39.44""",Shatabhisha,Rahu,4,90,89.2507,0.7493
2025-12-12 06:00:00,Aspect,Square,Venus,Scorpio,"19°45'36.96""",Jyeshtha,Mercury,1,Ketu,Leo,"19°00'39.44""",Purva Phalguni,Venus,2,90,90.7493,0.7493
2025-12-12 06:15:00,Aspect,Square,Venus,Scorpio,"19°46'24.15""",Jyeshtha,Mercury,1,Rahu,Aquarius,"19°00'37.45""",Shatabhisha,Rahu,4,90,89.237,0.763
2025-12-12 06:15:00,Aspect,Square,Venus,Scorpio,"19°46'24.15""",Jyeshtha,Mercury,1,Ketu,Leo,"19°00'37.45""",Purva Phalguni,Venus,2,90,90.763,0.763
2025-12-12 06:30:00,Aspect,Square,Venus,Scorpio,"19°47'11.34""",Jyeshtha,Mercury,1,Rahu,Aquarius,"19°00'35.46""",Shatabhisha,Rahu,4,90,89.2234,0.7766
2025-12-12 06:30:00,Aspect,Square,Venus,Scorpio,"19°47'11.34""",Jyeshtha,Mercury,1,Ketu,Leo,"19°00'35.46""",Purva Phalguni,Venus,2,90,90.7766,0.7766
2025-12-12 06:45:00,Aspect,Square,Venus,Scorpio,"19°47'58.52""",Jyeshtha,Mercury,1,Rahu,Aquarius,"19°00'33.47""",Shatabhisha,Rahu,4,90,89.2097,0.7903
2025-12-12 06:45:00,Aspect,Square,Venus,Scorpio,"19°47'58.52""",Jyeshtha,Mercury,1,Ketu,Leo,"19°00'33.47""",Purva Phalguni,Venus,2,90,90.7903,0.7903
2025-12-12 07:00:00,Aspect,Square,Venus,Scorpio,"19°48'45.71""",Jyeshtha,Mercury,1,Rahu,Aquarius,"19°00'31.49""",Shatabhisha,Rahu,4,90,89.196,0.804
2025-12-12 07:00:00,Aspect,Square,Venus,Scorpio,"19°48'45.71""",Jyeshtha,Mercury,1,Ketu,Leo,"19°00'31.49""",Purva Phalguni,Venus,2,90,90.804,0.804
2025-12-12 07:15:00,Aspect,Square,Venus,Scorpio,"19°49'32.90""",Jyeshtha,Mercury,1,Rahu,Aquarius,"19°00'29.50""",Shatabhisha,Rahu,4,90,89.1824,0.8176
2025-12-12 07:15:00,Aspect,Square,Venus,Scorpio,"19°49'32.90""",Jyeshtha,Mercury,1,Ketu,Leo,"19°00'29.50""",Purva Phalguni,Venus,2,90,90.8176,0.8176
2025-12-12 07:30:00,Aspect,Square,Venus,Scorpio,"19°50'20.08""",Jyeshtha,Mercury,1,Rahu,Aquarius,"19°00'27.51""",Shatabhisha,Rahu,4,90,89.1687,0.8313
2025-12-12 07:30:00,Aspect,Square,Venus,Scorpio,"19°50'20.08""",Jyeshtha,Mercury,1,Ketu,Leo,"19°00'27.51""",Purva Phalguni,Venus,2,90,90.8313,0.8313
2025-12-12 07:45:00,Aspect,Square,Venus,Scorpio,"19°51'07.27""",Jyeshtha,Mercury,1,Rahu,Aquarius,"19°00'25.53""",Shatabhisha,Rahu,4,90,89.1551,0.8449
2025-12-12 07:45:00,Aspect,Square,Venus,Scorpio,"19°51'07.27""",Jyeshtha,Mercury,1,Ketu,Leo,"19°00'25.53""",Purva Phalguni,Venus,2,90,90.8449,0.8449
2025-12-12 08:00:00,Aspect,Square,Venus,Scorpio,"19°51'54.46""",Jyeshtha,Mercury,1,Rahu,Aquarius,"19°00'23.54""",Shatabhisha,Rahu,4,90,89.1414,0.8586
2025-12-12 08:00:00,Aspect,Square,Venus,Scorpio,"19°51'54.46""",Jyeshtha,Mercury,1,Ketu,Leo,"19°00'23.54""",Purva Phalguni,Venus,2,90,90.8586,0.8586
2025-12-12 08:15:00,Aspect,Square,Venus,Scorpio,"19°52'41.65""",Jyeshtha,Mercury,1,Rahu,Aquarius,"19°00'21.55""",Shatabhisha,Rahu,4,90,89.1278,0.8722
2025-12-12 08:15:00,Aspect,Square,Venus,Scorpio,"19°52'41.65""",Jyeshtha,Mercury,1,Ketu,Leo,"19°00'21.55""",Purva Phalguni,Venus,2,90,90.8722,0.8722
2025-12-12 08:30:00,Aspect,Square,Venus,Scorpio,"19°53'28.83""",Jyeshtha,Mercury,1,Rahu,Aquarius,"19°00'19.56""",Shatabhisha,Rahu,4,90,89.1141,0.8859
2025-12-12 08:30:00,Aspect,Square,Venus,Scorpio,"19°53'28.83""",Jyeshtha,Mercury,1,Ketu,Leo,"19°00'19.56""",Purva Phalguni,Venus,2,90,90.8859,0.8859
2025-12-12 08:45:00,Aspect,Square,Venus,Scorpio,"19°54'16.02""",Jyeshtha,Mercury,1,Rahu,Aquarius,"19°00'17.58""",Shatabhisha,Rahu,4,90,89.1004,0.8996
2025-12-12 08:45:00,Aspect,Square,Venus,Scorpio,"19°54'16.02""",Jyeshtha,Mercury,1,Ketu,Leo,"19°00'17.58""",Purva Phalguni,Venus,2,90,90.8996,0.8996
2025-12-12 09:00:00,Aspect,Sextitle,Moon,Leo,"28°31'29.32""",Uttara Phalguni,Sun,1,Jupiter,Gemini,"29°26'06.70""",Punarvasu,Jupiter,3,60,59.0896,0.9104
2025-12-12 09:00:00,Aspect,Square,Venus,Scorpio,"19°55'03.21""",Jyeshtha,Mercury,1,Rahu,Aquarius,"19°00'15.59""",Shatabhisha,Rahu,4,90,89.0868,0.9132
2025-12-12 09:00:00,Aspect,Square,Venus,Scorpio,"19°55'03.21""",Jyeshtha,Mercury,1,Ketu,Leo,"19°00'15.59""",Purva Phalguni,Venus,2,90,90.9132,0.9132
2025-12-12 09:15:00,Aspect,Sextitle,Moon,Leo,"28°39'16.71""",Uttara Phalguni,Sun,1,Jupiter,Gemini,"29°26'03.15""",Punarvasu,Jupiter,3,60,59.2204,0.7796
2025-12-12 09:15:00,Aspect,Square,Venus,Scorpio,"19°55'50.40""",Jyeshtha,Mercury,1,Rahu,Aquarius,"19°00'13.60""",Shatabhisha,Rahu,4,90,89.0731,0.9269
2025-12-12 09:15:00,Aspect,Square,Venus,Scorpio,"19°55'50.40""",Jyeshtha,Mercury,1,Ketu,Leo,"19°00'13.60""",Purva Phalguni,Venus,2,90,90.9269,0.9269
2025-12-12 09:30:00,Aspect,Sextitle,Moon,Leo,"28°47'03.96""",Uttara Phalguni,Sun,1,Jupiter,Gemini,"29°25'59.60""",Punarvasu,Jupiter,3,60,59.3512,0.6488
2025-12-12 09:30:00,Aspect,Square,Venus,Scorpio,"19°56'37.58""",Jyeshtha,Mercury,1,Rahu,Aquarius,"19°00'11.62""",Shatabhisha,Rahu,4,90,89.0595,0.9405
2025-12-12 09:30:00,Aspect,Square,Venus,Scorpio,"19°56'37.58""",Jyeshtha,Mercury,1,Ketu,Leo,"19°00'11.62""",Purva Phalguni,Venus,2,90,90.9405,0.9405
2025-12-12 09:45:00,Aspect,Sextitle,Moon,Leo,"28°54'51.09""",Uttara Phalguni,Sun,1,Jupiter,Gemini,"29°25'56.05""",Punarvasu,Jupiter,3,60,59.482,0.518
2025-12-12 09:45:00,Aspect,Square,Venus,Scorpio,"19°57'24.77""",Jyeshtha,Mercury,1,Rahu,Aquarius,"19°00'09.63""",Shatabhisha,Rahu,4,90,89.0458,0.9542
2025-12-12 09:45:00,Aspect,Square,Venus,Scorpio,"19°57'24.77""",Jyeshtha,Mercury,1,Ketu,Leo,"19°00'09.63""",Purva Phalguni,Venus,2,90,90.9542,0.9542
2025-12-12 10:00:00,Aspect,Sextitle,Moon,Leo,"29°02'38.10""",Uttara Phalguni,Sun,1,Jupiter,Gemini,"29°25'52.50""",Punarvasu,Jupiter,3,60,59.6127,0.3873
2025-12-12 10:00:00,Aspect,Square,Venus,Scorpio,"19°58'11.96""",Jyeshtha,Mercury,1,Rahu,Aquarius,"19°00'07.64""",Shatabhisha,Rahu,4,90,89.0321,0.9679
2025-12-12 10:00:00,Aspect,Square,Venus,Scorpio,"19°58'11.96""",Jyeshtha,Mercury,1,Ketu,Leo,"19°00'07.64""",Purva Phalguni,Venus,2,90,90.9679,0.9679
2025-12-12 10:15:00,Aspect,Sextitle,Moon,Leo,"29°10'24.98""",Uttara Phalguni,Sun,1,Jupiter,Gemini,"29°25'48.95""",Punarvasu,Jupiter,3,60,59.7433,0.2567
2025-12-12 10:15:00,Aspect,Square,Venus,Scorpio,"19°58'59.15""",Jyeshtha,Mercury,1,Rahu,Aquarius,"19°00'05.65""",Shatabhisha,Rahu,4,90,89.0185,0.9815
2025-12-12 10:15:00,Aspect,Square,Venus,Scorpio,"19°58'59.15""",Jyeshtha,Mercury,1,Ketu,Leo,"19°00'05.65""",Purva Phalguni,Venus,2,90,90.9815,0.9815
2025-12-12 10:30:00,Aspect,Sextitle,Moon,Leo,"29°18'11.74""",Uttara Phalguni,Sun,1,Jupiter,Gemini,"29°25'45.39""",Punarvasu,Jupiter,3,60,59.874,0.126
2025-12-12 10:30:00,Aspect,Square,Venus,Scorpio,"19°59'46.33""",Jyeshtha,Mercury,1,Rahu,Aquarius,"19°00'03.67""",Shatabhisha,Rahu,4,90,89.0048,0.9952
2025-12-12 10:30:00,Aspect,Square,Venus,Scorpio,"19°59'46.33""",Jyeshtha,Mercury,1,Ketu,Leo,"19°00'03.67""",Purva Phalguni,Venus,2,90,90.9952,0.9952
2025-12-12 10:45:00,Aspect,Sextitle,Moon,Leo,"29°25'58.38""",Uttara Phalguni,Sun,1,Jupiter,Gemini,"29°25'41.84""",Punarvasu,Jupiter,3,60,60.0046,0.0046
2025-12-12 11:00:00,Aspect,Sextitle,Moon,Leo,"29°33'44.89""",Uttara Phalguni,Sun,1,Jupiter,Gemini,"29°25'38.28""",Punarvasu,Jupiter,3,60,60.1352,0.1352
2025-12-12 11:15:00,Aspect,Sextitle,Moon,Leo,"29°41'31.28""",Uttara Phalguni,Sun,1,Jupiter,Gemini,"29°25'34.73""",Punarvasu,Jupiter,3,60,60.2657,0.2657
2025-12-12 11:30:00,Aspect,Sextitle,Moon,Leo,"29°49'17.55""",Uttara Phalguni,Sun,1,Jupiter,Gemini,"29°25'31.17""",Punarvasu,Jupiter,3,60,60.3962,0.3962
2025-12-12 11:45:00,Aspect,Sextitle,Moon,Leo,"29°57'03.69""",Uttara Phalguni,Sun,1,Jupiter,Gemini,"29°25'27.61""",Punarvasu,Jupiter,3,60,60.5267,0.5267
2025-12-12 12:00:00,Aspect,Sextitle,Moon,Virgo,"0°04'49.72""",Uttara Phalguni,Sun,2,Jupiter,Gemini,"29°25'24.05""",Punarvasu,Jupiter,3,60,60.6571,0.6571
2025-12-12 12:15:00,Aspect,Sextitle,Moon,Virgo,"0°12'35.62""",Uttara Phalguni,Sun,2,Jupiter,Gemini,"29°25'20.49""",Punarvasu,Jupiter,3,60,60.7875,0.7875
2025-12-12 12:15:00,Aspect,Opposition,Moon,Virgo,"0°12'35.62""",Uttara Phalguni,Sun,2,Saturn,Pisces,"1°06'50.88""",Purva Bhadrapada,Jupiter,4,180,179.0958,0.9042
2025-12-12 12:30:00,Aspect,Sextitle,Moon,Virgo,"0°20'21.40""",Uttara Phalguni,Sun,2,Jupiter,Gemini,"29°25'16.93""",Punarvasu,Jupiter,3,60,60.9179,0.9179
2025-12-12 12:30:00,Aspect,Opposition,Moon,Virgo,"0°20'21.40""",Uttara Phalguni,Sun,2,Saturn,Pisces,"1°06'51.82""",Purva Bhadrapada,Jupiter,4,180,179.2249,0.7751
2025-12-12 12:45:00,Aspect,Opposition,Moon,Virgo,"0°28'07.07""",Uttara Phalguni,Sun,2,Saturn,Pisces,"1°06'52.76""",Purva Bhadrapada,Jupiter,4,180,179.354,0.646
2025-12-12 13:00:00,Aspect,Opposition,Moon,Virgo,"0°35'52.61""",Uttara Phalguni,Sun,2,Saturn,Pisces,"1°06'53.70""",Purva Bhadrapada,Jupiter,4,180,179.483,0.517
2025-12-12 13:15:00,Aspect,Opposition,Moon,Virgo,"0°43'38.03""",Uttara Phalguni,Sun,2,Saturn,Pisces,"1°06'54.64""",Purva Bhadrapada,Jupiter,4,180,179.6121,0.3879
2025-12-12 13:30:00,Aspect,Opposition,Moon,Virgo,"0°51'23.33""",Uttara Phalguni,Sun,2,Saturn,Pisces,"1°06'55.58""",Purva Bhadrapada,Jupiter,4,180,179.741,0.259
2025-12-12 13:45:00,Aspect,Opposition,Moon,Virgo,"0°59'08.51""",Uttara Phalguni,Sun,2,Saturn,Pisces,"1°06'56.53""",Purva Bhadrapada,Jupiter,4,180,179.87,0.13
2025-12-12 14:00:00,Aspect,Opposition,Moon,Virgo,"1°06'53.58""",Uttara Phalguni,Sun,2,Saturn,Pisces,"1°06'57.47""",Purva Bhadrapada,Jupiter,4,180,179.9989,0.0011
2025-12-12 14:15:00,Aspect,Opposition,Moon,Virgo,"1°14'38.53""",Uttara Phalguni,Sun,2,Saturn,Pisces,"1°06'58.42""",Purva Bhadrapada,Jupiter,4,180,179.8722,0.1278
2025-12-12 14:30:00,Aspect,Opposition,Moon,Virgo,"1°22'23.35""",Uttara Phalguni,Sun,2,Saturn,Pisces,"1°06'59.36""",Purva Bhadrapada,Jupiter,4,180,179.7433,0.2567
2025-12-12 14:45:00,Aspect,Opposition,Moon,Virgo,"1°30'08.06""",Uttara Phalguni,Sun,2,Saturn,Pisces,"1°07'00.31""",Purva Bhadrapada,Jupiter,4,180,179.6145,0.3855
2025-12-12 15:00:00,Aspect,Opposition,Moon,Virgo,"1°37'52.66""",Uttara Phalguni,Sun,2,Saturn,Pisces,"1°07'01.26""",Purva Bhadrapada,Jupiter,4,180,179.4857,0.5143
2025-12-12 15:15:00,Aspect,Opposition,Moon,Virgo,"1°45'37.13""",Uttara Phalguni,Sun,2,Saturn,Pisces,"1°07'02.21""",Purva Bhadrapada,Jupiter,4,180,179.357,0.643
2025-12-12 15:30:00,Aspect,Opposition,Moon,Virgo,"1°53'21.49""",Uttara Phalguni,Sun,2,Saturn,Pisces,"1°07'03.15""",Purva Bhadrapada,Jupiter,4,180,179.2282,0.7718
2025-12-12 15:45:00,Aspect,Opposition,Moon,Virgo,"2°01'05.74""",Uttara Phalguni,Sun,2,Saturn,Pisces,"1°07'04.10""",Purva Bhadrapada,Jupiter,4,180,179.0995,0.9005
2025-12-12 17:00:00,Aspect,Square,Moon,Virgo,"2°39'45.22""",Uttara Phalguni,Sun,2,Mars,Sagittarius,"3°35'50.20""",Mula,Ketu,2,90,90.9347,0.9347
2025-12-12 17:15:00,Aspect,Square,Moon,Virgo,"2°47'28.78""",Uttara Phalguni,Sun,2,Mars,Sagittarius,"3°36'18.38""",Mula,Ketu,2,90,90.8138,0.8138
2025-12-12 17:30:00,Aspect,Square,Moon,Virgo,"2°55'12.22""",Uttara Phalguni,Sun,2,Mars,Sagittarius,"3°36'46.56""",Mula,Ketu,2,90,90.6929,0.6929
2025-12-12 17:45:00,Aspect,Square,Moon,Virgo,"3°02'55.54""",Uttara Phalguni,Sun,2,Mars,Sagittarius,"3°37'14.74""",Mula,Ketu,2,90,90.572,0.572
2025-12-12 18:00:00,Aspect,Square,Moon,Virgo,"3°10'38.76""",Uttara Phalguni,Sun,2,Mars,Sagittarius,"3°37'42.93""",Mula,Ketu,2,90,90.4512,0.4512
2025-12-12 18:15:00,Aspect,Square,Moon,Virgo,"3°18'21.86""",Uttara Phalguni,Sun,2,Mars,Sagittarius,"3°38'11.11""",Mula,Ketu,2,90,90.3303,0.3303
2025-12-12 18:30:00,Aspect,Square,Moon,Virgo,"3°26'04.85""",Uttara Phalguni,Sun,3,Mars,Sagittarius,"3°38'39.29""",Mula,Ketu,2,90,90.2096,0.2096
2025-12-12 18:45:00,Aspect,Square,Moon,Virgo,"3°33'47.72""",Uttara Phalguni,Sun,3,Mars,Sagittarius,"3°39'07.48""",Mula,Ketu,2,90,90.0888,0.0888
2025-12-12 19:00:00,Aspect,Square,Moon,Virgo,"3°41'30.49""",Uttara Phalguni,Sun,3,Mars,Sagittarius,"3°39'35.66""",Mula,Ketu,2,90,89.9681,0.0319
2025-12-12 19:15:00,Aspect,Square,Moon,Virgo,"3°49'13.14""",Uttara Phalguni,Sun,3,Mars,Sagittarius,"3°40'03.84""",Mula,Ketu,2,90,89.8474,0.1526
2025-12-12 19:30:00,Aspect,Square,Moon,Virgo,"3°56'55.68""",Uttara Phalguni,Sun,3,Mars,Sagittarius,"3°40'32.03""",Mula,Ketu,2,90,89.7268,0.2732
2025-12-12 19:45:00,Aspect,Square,Moon,Virgo,"4°04'38.12""",Uttara Phalguni,Sun,3,Mars,Sagittarius,"3°41'00.21""",Mula,Ketu,2,90,89.6061,0.3939
2025-12-12 20:00:00,Aspect,Square,Moon,Virgo,"4°12'20.44""",Uttara Phalguni,Sun,3,Mars,Sagittarius,"3°41'28.40""",Mula,Ketu,2,90,89.4855,0.5145
2025-12-12 20:15:00,Aspect,Square,Moon,Virgo,"4°20'02.65""",Uttara Phalguni,Sun,3,Mars,Sagittarius,"3°41'56.59""",Mula,Ketu,2,90,89.365,0.635
2025-12-12 20:30:00,Aspect,Square,Moon,Virgo,"4°27'44.75""",Uttara Phalguni,Sun,3,Mars,Sagittarius,"3°42'24.77""",Mula,Ketu,2,90,89.2444,0.7556
2025-12-12 20:45:00,Aspect,Square,Moon,Virgo,"4°35'26.75""",Uttara Phalguni,Sun,3,Mars,Sagittarius,"3°42'52.96""",Mula,Ketu,2,90,89.1239,0.8761
2025-12-12 21:00:00,Aspect,Square,Moon,Virgo,"4°43'08.63""",Uttara Phalguni,Sun,3,Mars,Sagittarius,"3°43'21.15""",Mula,Ketu,2,90,89.0035,0.9965
2025-12-12 23:00:00,Aspect,Sextitle,Moon,Virgo,"5°44'39.84""",Uttara Phalguni,Sun,3,Mercury,Scorpio,"6°40'41.55""",Anuradha,Saturn,2,60,60.9338,0.9338
2025-12-12 23:15:00,Aspect,Sextitle,Moon,Virgo,"5°52'20.76""",Uttara Phalguni,Sun,3,Mercury,Scorpio,"6°41'28.74""",Anuradha,Saturn,2,60,60.8189,0.8189
2025-12-12 23:30:00,Aspect,Sextitle,Moon,Virgo,"6°00'01.58""",Uttara Phalguni,Sun,3,Mercury,Scorpio,"6°42'15.95""",Anuradha,Saturn,2,60,60.704,0.704
2025-12-12 23:45:00,Aspect,Sextitle,Moon,Virgo,"6°07'42.29""",Uttara Phalguni,Sun,3,Mercury,Scorpio,"6°43'03.17""",Anuradha,Saturn,2,60,60.5891,0.5891
2025-12-13 00:00:00,Aspect,Sextitle,Moon,Virgo,"6°15'22.90""",Uttara Phalguni,Sun,3,Mercury,Scorpio,"6°43'50.40""",Anuradha,Saturn,2,60,60.4743,0.4743
2025-12-13 00:15:00,Aspect,Sextitle,Moon,Virgo,"6°23'03.40""",Uttara Phalguni,Sun,3,Mercury,Scorpio,"6°44'37.65""",Anuradha,Saturn,2,60,60.3595,0.3595
2025-12-13 00:30:00,Aspect,Sextitle,Moon,Virgo,"6°30'43.80""",Uttara Phalguni,Sun,3,Mercury,Scorpio,"6°45'24.91""",Anuradha,Saturn,2,60,60.2448,0.2448
2025-12-13 00:45:00,Aspect,Sextitle,Moon,Virgo,"6°38'24.10""",Uttara Phalguni,Sun,3,Mercury,Scorpio,"6°46'12.19""",Anuradha,Saturn,2,60,60.13,0.13
2025-12-13 01:00:00,Aspect,Sextitle,Moon,Virgo,"6°46'04.30""",Uttara Phalguni,Sun,4,Mercury,Scorpio,"6°46'59.48""",Anuradha,Saturn,2,60,60.0153,0.0153
2025-12-13 01:15:00,Aspect,Sextitle,Moon,Virgo,"6°53'44.39""",Uttara Phalguni,Sun,4,Mercury,Scorpio,"6°47'46.78""",Anuradha,Saturn,2,60,59.9007,0.0993
2025-12-13 01:30:00,Aspect,Sextitle,Moon,Virgo,"7°01'24.38""",Uttara Phalguni,Sun,4,Mercury,Scorpio,"6°48'34.10""",Anuradha,Saturn,2,60,59.786,0.214
2025-12-13 01:45:00,Aspect,Sextitle,Moon,Virgo,"7°09'04.26""",Uttara Phalguni,Sun,4,Mercury,Scorpio,"6°49'21.43""",Anuradha,Saturn,2,60,59.6714,0.3286
2025-12-13 02:00:00,Aspect,Sextitle,Moon,Virgo,"7°16'44.05""",Uttara Phalguni,Sun,4,Mercury,Scorpio,"6°50'08.78""",Anuradha,Saturn,2,60,59.5569,0.4431
2025-12-13 02:15:00,Aspect,Sextitle,Moon,Virgo,"7°24'23.73""",Uttara Phalguni,Sun,4,Mercury,Scorpio,"6°50'56.14""",Anuradha,Saturn,2,60,59.4423,0.5577
2025-12-13 02:30:00,Aspect,Sextitle,Moon,Virgo,"7°32'03.31""",Uttara Phalguni,Sun,4,Mercury,Scorpio,"6°51'43.52""",Anuradha,Saturn,2,60,59.3278,0.6722
2025-12-13 02:45:00,Aspect,Sextitle,Moon,Virgo,"7°39'42.80""",Uttara Phalguni,Sun,4,Mercury,Scorpio,"6°52'30.91""",Anuradha,Saturn,2,60,59.2134,0.7866
2025-12-13 03:00:00,Aspect,Sextitle,Moon,Virgo,"7°47'22.18""",Uttara Phalguni,Sun,4,Mercury,Scorpio,"6°53'18.31""",Anuradha,Saturn,2,60,59.0989,0.9011
2025-12-14 05:45:00,Aspect,Sextitle,Moon,Virgo,"21°18'10.49""",Hasta,Moon,4,Venus,Scorpio,"22°15'50.32""",Jyeshtha,Mercury,2,60,60.9611,0.9611
2025-12-14 06:00:00,Aspect,Sextitle,Moon,Virgo,"21°25'41.09""",Hasta,Moon,4,Venus,Scorpio,"22°16'37.52""",Jyeshtha,Mercury,2,60,60.849,0.849
2025-12-14 06:15:00,Aspect,Sextitle,Moon,Virgo,"21°33'11.63""",Hasta,Moon,4,Venus,Scorpio,"22°17'24.71""",Jyeshtha,Mercury,2,60,60.737,0.737
2025-12-14 06:30:00,Aspect,Sextitle,Moon,Virgo,"21°40'42.11""",Hasta,Moon,4,Venus,Scorpio,"22°18'11.90""",Jyeshtha,Mercury,2,60,60.6249,0.6249
2025-12-14 06:45:00,Aspect,Sextitle,Moon,Virgo,"21°48'12.53""",Hasta,Moon,4,Venus,Scorpio,"22°18'59.10""",Jyeshtha,Mercury,2,60,60.5129,0.5129
2025-12-14 07:00:00,Aspect,Sextitle,Moon,Virgo,"21°55'42.88""",Hasta,Moon,4,Venus,Scorpio,"22°19'46.29""",Jyeshtha,Mercury,2,60,60.4009,0.4009
2025-12-14 07:15:00,Aspect,Sextitle,Moon,Virgo,"22°03'13.17""",Hasta,Moon,4,Venus,Scorpio,"22°20'33.49""",Jyeshtha,Mercury,2,60,60.289,0.289
2025-12-14 07:30:00,Aspect,Sextitle,Moon,Virgo,"22°10'43.40""",Hasta,Moon,4,Venus,Scorpio,"22°21'20.68""",Jyeshtha,Mercury,2,60,60.177,0.177
2025-12-14 07:45:00,Aspect,Sextitle,Moon,Virgo,"22°18'13.57""",Hasta,Moon,4,Venus,Scorpio,"22°22'07.87""",Jyeshtha,Mercury,2,60,60.0651,0.0651
2025-12-14 08:00:00,Aspect,Sextitle,Moon,Virgo,"22°25'43.68""",Hasta,Moon,4,Venus,Scorpio,"22°22'55.07""",Jyeshtha,Mercury,2,60,59.9532,0.0468
2025-12-14 08:15:00,Aspect,Sextitle,Moon,Virgo,"22°33'13.73""",Hasta,Moon,4,Venus,Scorpio,"22°23'42.26""",Jyeshtha,Mercury,2,60,59.8413,0.1587
2025-12-14 08:30:00,Aspect,Sextitle,Moon,Virgo,"22°40'43.72""",Hasta,Moon,4,Venus,Scorpio,"22°24'29.45""",Jyeshtha,Mercury,2,60,59.7294,0.2706
2025-12-14 08:45:00,Aspect,Sextitle,Moon,Virgo,"22°48'13.65""",Hasta,Moon,4,Venus,Scorpio,"22°25'16.65""",Jyeshtha,Mercury,2,60,59.6175,0.3825
2025-12-14 09:00:00,Aspect,Sextitle,Moon,Virgo,"22°55'43.52""",Hasta,Moon,4,Venus,Scorpio,"22°26'03.84""",Jyeshtha,Mercury,2,60,59.5056,0.4944
2025-12-14 09:15:00,Aspect,Sextitle,Moon,Virgo,"23°03'13.33""",Hasta,Moon,4,Venus,Scorpio,"22°26'51.04""",Jyeshtha,Mercury,2,60,59.3938,0.6062
2025-12-14 09:30:00,Aspect,Sextitle,Moon,Virgo,"23°10'43.08""",Hasta,Moon,4,Venus,Scorpio,"22°27'38.23""",Jyeshtha,Mercury,2,60,59.282,0.718
2025-12-14 09:45:00,Aspect,Sextitle,Moon,Virgo,"23°18'12.77""",Hasta,Moon,4,Venus,Scorpio,"22°28'25.42""",Jyeshtha,Mercury,2,60,59.1702,0.8298
2025-12-14 10:00:00,Aspect,Sextitle,Moon,Virgo,"23°25'42.41""",Chitra,Mars,1,Venus,Scorpio,"22°29'12.62""",Jyeshtha,Mercury,2,60,59.0584,0.9416
2025-12-14 18:15:00,Aspect,Sextitle,Sun,Scorpio,"28°29'29.51""",Jyeshtha,Mercury,4,Moon,Virgo,"27°32'29.83""",Chitra,Mars,2,60,60.9499,0.9499
2025-12-14 18:30:00,Aspect,Sextitle,Sun,Scorpio,"28°30'07.66""",Jyeshtha,Mercury,4,Moon,Virgo,"27°39'57.67""",Chitra,Mars,2,60,60.8361,0.8361
2025-12-14 18:45:00,Aspect,Sextitle,Sun,Scorpio,"28°30'45.80""",Jyeshtha,Mercury,4,Moon,Virgo,"27°47'25.47""",Chitra,Mars,2,60,60.7223,0.7223
2025-12-14 19:00:00,Aspect,Sextitle,Sun,Scorpio,"28°31'23.95""",Jyeshtha,Mercury,4,Moon,Virgo,"27°54'53.22""",Chitra,Mars,2,60,60.6085,0.6085
2025-12-14 19:15:00,Aspect,Sextitle,Sun,Scorpio,"28°32'02.09""",Jyeshtha,Mercury,4,Moon,Virgo,"28°02'20.93""",Chitra,Mars,2,60,60.4948,0.4948
2025-12-14 19:30:00,Aspect,Sextitle,Sun,Scorpio,"28°32'40.24""",Jyeshtha,Mercury,4,Moon,Virgo,"28°09'48.58""",Chitra,Mars,2,60,60.381,0.381
2025-12-14 19:45:00,Aspect,Sextitle,Sun,Scorpio,"28°33'18.38""",Jyeshtha,Mercury,4,Moon,Virgo,"28°17'16.20""",Chitra,Mars,2,60,60.2673,0.2673
2025-12-14 19:45:00,Aspect,Square,Moon,Virgo,"28°17'16.20""",Chitra,Mars,2,Jupiter,Gemini,"29°11'45.55""",Punarvasu,Jupiter,3,90,89.0918,0.9082
2025-12-14 20:00:00,Aspect,Sextitle,Sun,Scorpio,"28°33'56.53""",Jyeshtha,Mercury,4,Moon,Virgo,"28°24'43.76""",Chitra,Mars,2,60,60.1535,0.1535
2025-12-14 20:00:00,Aspect,Square,Moon,Virgo,"28°24'43.76""",Chitra,Mars,2,Jupiter,Gemini,"29°11'41.77""",Punarvasu,Jupiter,3,90,89.2172,0.7828
2025-12-14 20:15:00,Aspect,Sextitle,Sun,Scorpio,"28°34'34.67""",Jyeshtha,Mercury,4,Moon,Virgo,"28°32'11.28""",Chitra,Mars,2,60,60.0398,0.0398
2025-12-14 20:15:00,Aspect,Square,Moon,Virgo,"28°32'11.28""",Chitra,Mars,2,Jupiter,Gemini,"29°11'38.00""",Punarvasu,Jupiter,3,90,89.3426,0.6574
2025-12-14 20:30:00,Aspect,Sextitle,Sun,Scorpio,"28°35'12.82""",Jyeshtha,Mercury,4,Moon,Virgo,"28°39'38.76""",Chitra,Mars,2,60,59.9261,0.0739
2025-12-14 20:30:00,Aspect,Square,Moon,Virgo,"28°39'38.76""",Chitra,Mars,2,Jupiter,Gemini,"29°11'34.21""",Punarvasu,Jupiter,3,90,89.4679,0.5321
2025-12-14 20:45:00,Aspect,Sextitle,Sun,Scorpio,"28°35'50.96""",Jyeshtha,Mercury,4,Moon,Virgo,"28°47'06.19""",Chitra,Mars,2,60,59.8124,0.1876
2025-12-14 20:45:00,Aspect,Square,Moon,Virgo,"28°47'06.19""",Chitra,Mars,2,Jupiter,Gemini,"29°11'30.43""",Punarvasu,Jupiter,3,90,89.5933,0.4067
2025-12-14 21:00:00,Aspect,Sextitle,Sun,Scorpio,"28°36'29.11""",Jyeshtha,Mercury,4,Moon,Virgo,"28°54'33.58""",Chitra,Mars,2,60,59.6988,0.3012
2025-12-14 21:00:00,Aspect,Square,Moon,Virgo,"28°54'33.58""",Chitra,Mars,2,Jupiter,Gemini,"29°11'26.65""",Punarvasu,Jupiter,3,90,89.7186,0.2814
2025-12-14 21:15:00,Aspect,Sextitle,Sun,Scorpio,"28°37'07.25""",Jyeshtha,Mercury,4,Moon,Virgo,"29°02'00.92""",Chitra,Mars,2,60,59.5851,0.4149
2025-12-14 21:15:00,Aspect,Square,Moon,Virgo,"29°02'00.92""",Chitra,Mars,2,Jupiter,Gemini,"29°11'22.87""",Punarvasu,Jupiter,3,90,89.8439,0.1561
2025-12-14 21:30:00,Aspect,Sextitle,Sun,Scorpio,"28°37'45.40""",Jyeshtha,Mercury,4,Moon,Virgo,"29°09'28.22""",Chitra,Mars,2,60,59.4714,0.5286
2025-12-14 21:30:00,Aspect,Square,Moon,Virgo,"29°09'28.22""",Chitra,Mars,2,Jupiter,Gemini,"29°11'19.08""",Punarvasu,Jupiter,3,90,89.9692,0.0308
2025-12-14 21:45:00,Aspect,Sextitle,Sun,Scorpio,"28°38'23.54""",Jyeshtha,Mercury,4,Moon,Virgo,"29°16'55.47""",Chitra,Mars,2,60,59.3578,0.6422
2025-12-14 21:45:00,Aspect,Square,Moon,Virgo,"29°16'55.47""",Chitra,Mars,2,Jupiter,Gemini,"29°11'15.30""",Punarvasu,Jupiter,3,90,90.0945,0.0945
2025-12-14 22:00:00,Aspect,Sextitle,Sun,Scorpio,"28°39'01.69""",Jyeshtha,Mercury,4,Moon,Virgo,"29°24'22.68""",Chitra,Mars,2,60,59.2442,0.7558
2025-12-14 22:00:00,Aspect,Square,Moon,Virgo,"29°24'22.68""",Chitra,Mars,2,Jupiter,Gemini,"29°11'11.51""",Punarvasu,Jupiter,3,90,90.2198,0.2198
2025-12-14 22:15:00,Aspect,Sextitle,Sun,Scorpio,"28°39'39.83""",Jyeshtha,Mercury,4,Moon,Virgo,"29°31'49.85""",Chitra,Mars,2,60,59.1306,0.8694
2025-12-14 22:15:00,Aspect,Square,Moon,Virgo,"29°31'49.85""",Chitra,Mars,2,Jupiter,Gemini,"29°11'07.72""",Punarvasu,Jupiter,3,90,90.345,0.345
2025-12-14 22:30:00,Aspect,Sextitle,Sun,Scorpio,"28°40'17.98""",Jyeshtha,Mercury,4,Moon,Virgo,"29°39'16.97""",Chitra,Mars,2,60,59.0169,0.9831
2025-12-14 22:30:00,Aspect,Square,Moon,Virgo,"29°39'16.97""",Chitra,Mars,2,Jupiter,Gemini,"29°11'03.94""",Punarvasu,Jupiter,3,90,90.4703,0.4703
2025-12-14 22:45:00,Aspect,Square,Moon,Virgo,"29°46'44.06""",Chitra,Mars,2,Jupiter,Gemini,"29°11'00.15""",Punarvasu,Jupiter,3,90,90.5955,0.5955
2025-12-14 23:00:00,Aspect,Square,Moon,Virgo,"29°54'11.10""",Chitra,Mars,2,Jupiter,Gemini,"29°10'56.36""",Punarvasu,Jupiter,3,90,90.7208,0.7208
2025-12-14 23:15:00,Aspect,Square,Moon,Libra,"0°01'38.09""",Chitra,Mars,3,Jupiter,Gemini,"29°10'52.57""",Punarvasu,Jupiter,3,90,90.846,0.846
2025-12-14 23:30:00,Aspect,Square,Moon,Libra,"0°09'05.05""",Chitra,Mars,3,Jupiter,Gemini,"29°10'48.77""",Punarvasu,Jupiter,3,90,90.9712,0.9712
2025-12-15 08:30:00,Aspect,Sextitle,Moon,Libra,"4°36'50.19""",Chitra,Mars,4,Mars,Sagittarius,"5°35'19.14""",Mula,Ketu,2,60,60.9747,0.9747
2025-12-15 08:45:00,Aspect,Sextitle,Moon,Libra,"4°44'15.80""",Chitra,Mars,4,Mars,Sagittarius,"5°35'47.40""",Mula,Ketu,2,60,60.8588,0.8588
2025-12-15 09:00:00,Aspect,Sextitle,Moon,Libra,"4°51'41.39""",Chitra,Mars,4,Mars,Sagittarius,"5°36'15.67""",Mula,Ketu,2,60,60.7429,0.7429
2025-12-15 09:15:00,Aspect,Sextitle,Moon,Libra,"4°59'06.94""",Chitra,Mars,4,Mars,Sagittarius,"5°36'43.94""",Mula,Ketu,2,60,60.6269,0.6269
2025-12-15 09:30:00,Aspect,Sextitle,Moon,Libra,"5°06'32.47""",Chitra,Mars,4,Mars,Sagittarius,"5°37'12.20""",Mula,Ketu,2,60,60.511,0.511
2025-12-15 09:45:00,Aspect,Sextitle,Moon,Libra,"5°13'57.96""",Chitra,Mars,4,Mars,Sagittarius,"5°37'40.47""",Mula,Ketu,2,60,60.3951,0.3951
2025-12-15 10:00:00,Aspect,Sextitle,Moon,Libra,"5°21'23.43""",Chitra,Mars,4,Mars,Sagittarius,"5°38'08.74""",Mula,Ketu,2,60,60.2793,0.2793
2025-12-15 10:15:00,Aspect,Sextitle,Moon,Libra,"5°28'48.86""",Chitra,Mars,4,Mars,Sagittarius,"5°38'37.01""",Mula,Ketu,2,60,60.1634,0.1634
2025-12-15 10:30:00,Aspect,Sextitle,Moon,Libra,"5°36'14.27""",Chitra,Mars,4,Mars,Sagittarius,"5°39'05.28""",Mula,Ketu,2,60,60.0475,0.0475
2025-12-15 10:45:00,Aspect,Sextitle,Moon,Libra,"5°43'39.65""",Chitra,Mars,4,Mars,Sagittarius,"5°39'33.55""",Mula,Ketu,2,60,59.9316,0.0684
2025-12-15 11:00:00,Aspect,Sextitle,Moon,Libra,"5°51'05.00""",Chitra,Mars,4,Mars,Sagittarius,"5°40'01.81""",Mula,Ketu,2,60,59.8158,0.1842
2025-12-15 11:15:00,Aspect,Sextitle,Moon,Libra,"5°58'30.32""",Chitra,Mars,4,Mars,Sagittarius,"5°40'30.08""",Mula,Ketu,2,60,59.6999,0.3001
2025-12-15 11:30:00,Aspect,Sextitle,Moon,Libra,"6°05'55.61""",Chitra,Mars,4,Mars,Sagittarius,"5°40'58.35""",Mula,Ketu,2,60,59.5841,0.4159
2025-12-15 11:45:00,Aspect,Sextitle,Moon,Libra,"6°13'20.87""",Chitra,Mars,4,Mars,Sagittarius,"5°41'26.63""",Mula,Ketu,2,60,59.4683,0.5317
2025-12-15 12:00:00,Aspect,Sextitle,Moon,Libra,"6°20'46.11""",Chitra,Mars,4,Mars,Sagittarius,"5°41'54.90""",Mula,Ketu,2,60,59.3524,0.6476
2025-12-15 12:15:00,Aspect,Sextitle,Moon,Libra,"6°28'11.32""",Chitra,Mars,4,Mars,Sagittarius,"5°42'23.17""",Mula,Ketu,2,60,59.2366,0.7634
2025-12-15 12:30:00,Aspect,Sextitle,Moon,Libra,"6°35'36.50""",Chitra,Mars,4,Mars,Sagittarius,"5°42'51.44""",Mula,Ketu,2,60,59.1208,0.8792
2025-12-15 12:45:00,Aspect,Sextitle,Moon,Libra,"6°43'01.65""",Swati,Rahu,1,Mars,Sagittarius,"5°43'19.71""",Mula,Ketu,2,60,59.005,0.995
2025-12-16 11:15:00,Aspect,Square,Sun,Sagittarius,"0°13'46.54""",Mula,Ketu,1,Saturn,Pisces,"1°13'37.74""",Purva Bhadrapada,Jupiter,4,90,90.9976,0.9976
2025-12-16 11:15:00,Aspect,Trine,Moon,Libra,"17°49'26.90""",Swati,Rahu,4,Rahu,Aquarius,"18°47'14.62""",Shatabhisha,Rahu,4,120,120.9633,0.9633
2025-12-16 11:15:00,Aspect,Sextitle,Moon,Libra,"17°49'26.90""",Swati,Rahu,4,Ketu,Leo,"18°47'14.62""",Purva Phalguni,Venus,2,60,59.0367,0.9633
2025-12-16 11:30:00,Aspect,Square,Sun,Sagittarius,"0°14'24.70""",Mula,Ketu,1,Saturn,Pisces,"1°13'38.94""",Purva Bhadrapada,Jupiter,4,90,90.9873,0.9873
2025-12-16 11:30:00,Aspect,Trine,Moon,Libra,"17°56'50.64""",Swati,Rahu,4,Rahu,Aquarius,"18°47'12.63""",Shatabhisha,Rahu,4,120,120.8394,0.8394
2025-12-16 11:30:00,Aspect,Sextitle,Moon,Libra,"17°56'50.64""",Swati,Rahu,4,Ketu,Leo,"18°47'12.63""",Purva Phalguni,Venus,2,60,59.1606,0.8394
2025-12-16 11:45:00,Aspect,Square,Sun,Sagittarius,"0°15'02.86""",Mula,Ketu,1,Saturn,Pisces,"1°13'40.14""",Purva Bhadrapada,Jupiter,4,90,90.977,0.977
2025-12-16 11:45:00,Aspect,Trine,Moon,Libra,"18°04'14.37""",Swati,Rahu,4,Rahu,Aquarius,"18°47'10.65""",Shatabhisha,Rahu,4,120,120.7156,0.7156
2025-12-16 11:45:00,Aspect,Sextitle,Moon,Libra,"18°04'14.37""",Swati,Rahu,4,Ketu,Leo,"18°47'10.65""",Purva Phalguni,Venus,2,60,59.2844,0.7156
2025-12-16 12:00:00,Aspect,Square,Sun,Sagittarius,"0°15'41.02""",Mula,Ketu,1,Saturn,Pisces,"1°13'41.35""",Purva Bhadrapada,Jupiter,4,90,90.9668,0.9668
2025-12-16 12:00:00,Aspect,Trine,Moon,Libra,"18°11'38.10""",Swati,Rahu,4,Rahu,Aquarius,"18°47'08.66""",Shatabhisha,Rahu,4,120,120.5918,0.5918
2025-12-16 12:00:00,Aspect,Sextitle,Moon,Libra,"18°11'38.10""",Swati,Rahu,4,Ketu,Leo,"18°47'08.66""",Purva Phalguni,Venus,2,60,59.4082,0.5918
2025-12-16 12:15:00,Aspect,Square,Sun,Sagittarius,"0°16'19.18""",Mula,Ketu,1,Saturn,Pisces,"1°13'42.55""",Purva Bhadrapada,Jupiter,4,90,90.9565,0.9565
2025-12-16 12:15:00,Aspect,Trine,Moon,Libra,"18°19'01.82""",Swati,Rahu,4,Rahu,Aquarius,"18°47'06.67""",Shatabhisha,Rahu,4,120,120.468,0.468
2025-12-16 12:15:00,Aspect,Sextitle,Moon,Libra,"18°19'01.82""",Swati,Rahu,4,Ketu,Leo,"18°47'06.67""",Purva Phalguni,Venus,2,60,59.532,0.468
2025-12-16 12:30:00,Aspect,Square,Sun,Sagittarius,"0°16'57.34""",Mula,Ketu,1,Saturn,Pisces,"1°13'43.75""",Purva Bhadrapada,Jupiter,4,90,90.9462,0.9462
2025-12-16 12:30:00,Aspect,Trine,Moon,Libra,"18°26'25.54""",Swati,Rahu,4,Rahu,Aquarius,"18°47'04.68""",Shatabhisha,Rahu,4,120,120.3442,0.3442
2025-12-16 12:30:00,Aspect,Sextitle,Moon,Libra,"18°26'25.54""",Swati,Rahu,4,Ketu,Leo,"18°47'04.68""",Purva Phalguni,Venus,2,60,59.6558,0.3442
2025-12-16 12:45:00,Aspect,Square,Sun,Sagittarius,"0°17'35.50""",Mula,Ketu,1,Saturn,Pisces,"1°13'44.96""",Purva Bhadrapada,Jupiter,4,90,90.936,0.936
2025-12-16 12:45:00,Aspect,Trine,Moon,Libra,"18°33'49.25""",Swati,Rahu,4,Rahu,Aquarius,"18°47'02.70""",Shatabhisha,Rahu,4,120,120.2204,0.2204
2025-12-16 12:45:00,Aspect,Sextitle,Moon,Libra,"18°33'49.25""",Swati,Rahu,4,Ketu,Leo,"18°47'02.70""",Purva Phalguni,Venus,2,60,59.7796,0.2204
2025-12-16 13:00:00,Aspect,Square,Sun,Sagittarius,"0°18'13.66""",Mula,Ketu,1,Saturn,Pisces,"1°13'46.16""",Purva Bhadrapada,Jupiter,4,90,90.9257,0.9257
2025-12-16 13:00:00,Aspect,Trine,Moon,Libra,"18°41'12.96""",Swati,Rahu,4,Rahu,Aquarius,"18°47'00.71""",Shatabhisha,Rahu,4,120,120.0966,0.0966
2025-12-16 13:00:00,Aspect,Sextitle,Moon,Libra,"18°41'12.96""",Swati,Rahu,4,Ketu,Leo,"18°47'00.71""",Purva Phalguni,Venus,2,60,59.9034,0.0966
2025-12-16 13:15:00,Aspect,Square,Sun,Sagittarius,"0°18'51.83""",Mula,Ketu,1,Saturn,Pisces,"1°13'47.37""",Purva Bhadrapada,Jupiter,4,90,90.9154,0.9154
2025-12-16 13:15:00,Aspect,Trine,Moon,Libra,"18°48'36.67""",Swati,Rahu,4,Rahu,Aquarius,"18°46'58.72""",Shatabhisha,Rahu,4,120,119.9728,0.0272
2025-12-16 13:15:00,Aspect,Sextitle,Moon,Libra,"18°48'36.67""",Swati,Rahu,4,Ketu,Leo,"18°46'58.72""",Purva Phalguni,Venus,2,60,60.0272,0.0272
2025-12-16 13:30:00,Aspect,Square,Sun,Sagittarius,"0°19'29.99""",Mula,Ketu,1,Saturn,Pisces,"1°13'48.58""",Purva Bhadrapada,Jupiter,4,90,90.9052,0.9052
2025-12-16 13:30:00,Aspect,Trine,Moon,Libra,"18°56'00.37""",Swati,Rahu,4,Rahu,Aquarius,"18°46'56.74""",Shatabhisha,Rahu,4,120,119.849,0.151
2025-12-16 13:30:00,Aspect,Sextitle,Moon,Libra,"18°56'00.37""",Swati,Rahu,4,Ketu,Leo,"18°46'56.74""",Purva Phalguni,Venus,2,60,60.151,0.151
2025-12-16 13:45:00,Aspect,Square,Sun,Sagittarius,"0°20'08.15""",Mula,Ketu,1,Saturn,Pisces,"1°13'49.78""",Purva Bhadrapada,Jupiter,4,90,90.8949,0.8949
2025-12-16 13:45:00,Aspect,Trine,Moon,Libra,"19°03'24.07""",Swati,Rahu,4,Rahu,Aquarius,"18°46'54.75""",Shatabhisha,Rahu,4,120,119.7252,0.2748
2025-12-16 13:45:00,Aspect,Sextitle,Moon,Libra,"19°03'24.07""",Swati,Rahu,4,Ketu,Leo,"18°46'54.75""",Purva Phalguni,Venus,2,60,60.2748,0.2748
2025-12-16 14:00:00,Aspect,Square,Sun,Sagittarius,"0°20'46.31""",Mula,Ketu,1,Saturn,Pisces,"1°13'50.99""",Purva Bhadrapada,Jupiter,4,90,90.8846,0.8846
2025-12-16 14:00:00,Aspect,Trine,Moon,Libra,"19°10'47.77""",Swati,Rahu,4,Rahu,Aquarius,"18°46'52.76""",Shatabhisha,Rahu,4,120,119.6014,0.3986
2025-12-16 14:00:00,Aspect,Sextitle,Moon,Libra,"19°10'47.77""",Swati,Rahu,4,Ketu,Leo,"18°46'52.76""",Purva Phalguni,Venus,2,60,60.3986,0.3986
2025-12-16 14:15:00,Aspect,Square,Sun,Sagittarius,"0°21'24.47""",Mula,Ketu,1,Saturn,Pisces,"1°13'52.20""",Purva Bhadrapada,Jupiter,4,90,90.8744,0.8744
2025-12-16 14:15:00,Aspect,Trine,Moon,Libra,"19°18'11.46""",Swati,Rahu,4,Rahu,Aquarius,"18°46'50.77""",Shatabhisha,Rahu,4,120,119.4776,0.5224
2025-12-16 14:15:00,Aspect,Sextitle,Moon,Libra,"19°18'11.46""",Swati,Rahu,4,Ketu,Leo,"18°46'50.77""",Purva Phalguni,Venus,2,60,60.5224,0.5224
2025-12-16 14:30:00,Aspect,Square,Sun,Sagittarius,"0°22'02.63""",Mula,Ketu,1,Saturn,Pisces,"1°13'53.41""",Purva Bhadrapada,Jupiter,4,90,90.8641,0.8641
2025-12-16 14:30:00,Aspect,Trine,Moon,Libra,"19°25'35.15""",Swati,Rahu,4,Rahu,Aquarius,"18°46'48.79""",Shatabhisha,Rahu,4,120,119.3538,0.6462
2025-12-16 14:30:00,Aspect,Sextitle,Moon,Libra,"19°25'35.15""",Swati,Rahu,4,Ketu,Leo,"18°46'48.79""",Purva Phalguni,Venus,2,60,60.6462,0.6462
2025-12-16 14:45:00,Aspect,Square,Sun,Sagittarius,"0°22'40.80""",Mula,Ketu,1,Saturn,Pisces,"1°13'54.62""",Purva Bhadrapada,Jupiter,4,90,90.8538,0.8538
2025-12-16 14:45:00,Aspect,Trine,Moon,Libra,"19°32'58.84""",Swati,Rahu,4,Rahu,Aquarius,"18°46'46.80""",Shatabhisha,Rahu,4,120,119.23,0.77
2025-12-16 14:45:00,Aspect,Sextitle,Moon,Libra,"19°32'58.84""",Swati,Rahu,4,Ketu,Leo,"18°46'46.80""",Purva Phalguni,Venus,2,60,60.77,0.77
2025-12-16 15:00:00,Aspect,Square,Sun,Sagittarius,"0°23'18.96""",Mula,Ketu,1,Saturn,Pisces,"1°13'55.83""",Purva Bhadrapada,Jupiter,4,90,90.8436,0.8436
2025-12-16 15:00:00,Aspect,Trine,Moon,Libra,"19°40'22.52""",Swati,Rahu,4,Rahu,Aquarius,"18°46'44.81""",Shatabhisha,Rahu,4,120,119.1062,0.8938
2025-12-16 15:00:00,Aspect,Sextitle,Moon,Libra,"19°40'22.52""",Swati,Rahu,4,Ketu,Leo,"18°46'44.81""",Purva Phalguni,Venus,2,60,60.8938,0.8938
2025-12-16 15:15:00,Aspect,Square,Sun,Sagittarius,"0°23'57.12""",Mula,Ketu,1,Saturn,Pisces,"1°13'57.04""",Purva Bhadrapada,Jupiter,4,90,90.8333,0.8333
2025-12-16 15:30:00,Aspect,Square,Sun,Sagittarius,"0°24'35.28""",Mula,Ketu,1,Saturn,Pisces,"1°13'58.25""",Purva Bhadrapada,Jupiter,4,90,90.823,0.823
2025-12-16 15:45:00,Aspect,Square,Sun,Sagittarius,"0°25'13.45""",Mula,Ketu,1,Saturn,Pisces,"1°13'59.46""",Purva Bhadrapada,Jupiter,4,90,90.8128,0.8128
2025-12-16 16:00:00,Aspect,Square,Sun,Sagittarius,"0°25'51.61""",Mula,Ketu,1,Saturn,Pisces,"1°14'00.68""",Purva Bhadrapada,Jupiter,4,90,90.8025,0.8025
2025-12-16 16:15:00,Aspect,Square,Sun,Sagittarius,"0°26'29.77""",Mula,Ketu,1,Saturn,Pisces,"1°14'01.89""",Purva Bhadrapada,Jupiter,4,90,90.7923,0.7923
2025-12-16 16:30:00,Aspect,Square,Sun,Sagittarius,"0°27'07.93""",Mula,Ketu,1,Saturn,Pisces,"1°14'03.11""",Purva Bhadrapada,Jupiter,4,90,90.782,0.782
2025-12-16 16:45:00,Aspect,Square,Sun,Sagittarius,"0°27'46.10""",Mula,Ketu,1,Saturn,Pisces,"1°14'04.32""",Purva Bhadrapada,Jupiter,4,90,90.7717,0.7717
2025-12-16 17:00:00,Aspect,Square,Sun,Sagittarius,"0°28'24.26""",Mula,Ketu,1,Saturn,Pisces,"1°14'05.54""",Purva Bhadrapada,Jupiter,4,90,90.7615,0.7615
2025-12-16 17:15:00,Aspect,Square,Sun,Sagittarius,"0°29'02.42""",Mula,Ketu,1,Saturn,Pisces,"1°14'06.76""",Purva Bhadrapada,Jupiter,4,90,90.7512,0.7512
2025-12-16 17:30:00,Aspect,Square,Sun,Sagittarius,"0°29'40.58""",Mula,Ketu,1,Saturn,Pisces,"1°14'07.97""",Purva Bhadrapada,Jupiter,4,90,90.7409,0.7409
2025-12-16 17:45:00,Aspect,Square,Sun,Sagittarius,"0°30'18.75""",Mula,Ketu,1,Saturn,Pisces,"1°14'09.19""",Purva Bhadrapada,Jupiter,4,90,90.7307,0.7307
2025-12-16 18:00:00,Aspect,Square,Sun,Sagittarius,"0°30'56.91""",Mula,Ketu,1,Saturn,Pisces,"1°14'10.41""",Purva Bhadrapada,Jupiter,4,90,90.7204,0.7204
2025-12-16 18:15:00,Aspect,Square,Sun,Sagittarius,"0°31'35.07""",Mula,Ketu,1,Saturn,Pisces,"1°14'11.63""",Purva Bhadrapada,Jupiter,4,90,90.7102,0.7102
2025-12-16 18:30:00,Aspect,Square,Sun,Sagittarius,"0°32'13.24""",Mula,Ketu,1,Saturn,Pisces,"1°14'12.85""",Purva Bhadrapada,Jupiter,4,90,90.6999,0.6999
2025-12-16 18:45:00,Aspect,Square,Sun,Sagittarius,"0°32'51.40""",Mula,Ketu,1,Saturn,Pisces,"1°14'14.07""",Purva Bhadrapada,Jupiter,4,90,90.6896,0.6896
2025-12-16 19:00:00,Aspect,Square,Sun,Sagittarius,"0°33'29.56""",Mula,Ketu,1,Saturn,Pisces,"1°14'15.29""",Purva Bhadrapada,Jupiter,4,90,90.6794,0.6794
2025-12-16 19:15:00,Aspect,Square,Sun,Sagittarius,"0°34'07.73""",Mula,Ketu,1,Saturn,Pisces,"1°14'16.51""",Purva Bhadrapada,Jupiter,4,90,90.6691,0.6691
2025-12-16 19:30:00,Aspect,Square,Sun,Sagittarius,"0°34'45.89""",Mula,Ketu,1,Saturn,Pisces,"1°14'17.74""",Purva Bhadrapada,Jupiter,4,90,90.6588,0.6588
2025-12-16 19:45:00,Aspect,Square,Sun,Sagittarius,"0°35'24.06""",Mula,Ketu,1,Saturn,Pisces,"1°14'18.96""",Purva Bhadrapada,Jupiter,4,90,90.6486,0.6486
2025-12-16 20:00:00,Aspect,Square,Sun,Sagittarius,"0°36'02.22""",Mula,Ketu,1,Saturn,Pisces,"1°14'20.18""",Purva Bhadrapada,Jupiter,4,90,90.6383,0.6383
2025-12-16 20:15:00,Aspect,Square,Sun,Sagittarius,"0°36'40.38""",Mula,Ketu,1,Saturn,Pisces,"1°14'21.41""",Purva Bhadrapada,Jupiter,4,90,90.6281,0.6281
2025-12-16 20:30:00,Aspect,Square,Sun,Sagittarius,"0°37'18.55""",Mula,Ketu,1,Saturn,Pisces,"1°14'22.63""",Purva Bhadrapada,Jupiter,4,90,90.6178,0.6178
2025-12-16 20:45:00,Aspect,Square,Sun,Sagittarius,"0°37'56.71""",Mula,Ketu,1,Saturn,Pisces,"1°14'23.86""",Purva Bhadrapada,Jupiter,4,90,90.6075,0.6075
2025-12-16 21:00:00,Aspect,Square,Sun,Sagittarius,"0°38'34.88""",Mula,Ketu,1,Saturn,Pisces,"1°14'25.09""",Purva Bhadrapada,Jupiter,4,90,90.5973,0.5973
2025-12-16 21:15:00,Aspect,Square,Sun,Sagittarius,"0°39'13.04""",Mula,Ketu,1,Saturn,Pisces,"1°14'26.32""",Purva Bhadrapada,Jupiter,4,90,90.587,0.587
2025-12-16 21:30:00,Aspect,Square,Sun,Sagittarius,"0°39'51.21""",Mula,Ketu,1,Saturn,Pisces,"1°14'27.54""",Purva Bhadrapada,Jupiter,4,90,90.5768,0.5768
2025-12-16 21:45:00,Aspect,Square,Sun,Sagittarius,"0°40'29.37""",Mula,Ketu,1,Saturn,Pisces,"1°14'28.77""",Purva Bhadrapada,Jupiter,4,90,90.5665,0.5665
2025-12-16 22:00:00,Aspect,Square,Sun,Sagittarius,"0°41'07.53""",Mula,Ketu,1,Saturn,Pisces,"1°14'30.00""",Purva Bhadrapada,Jupiter,4,90,90.5562,0.5562
2025-12-16 22:15:00,Aspect,Square,Sun,Sagittarius,"0°41'45.70""",Mula,Ketu,1,Saturn,Pisces,"1°14'31.23""",Purva Bhadrapada,Jupiter,4,90,90.546,0.546
2025-12-16 22:30:00,Aspect,Square,Sun,Sagittarius,"0°42'23.86""",Mula,Ketu,1,Saturn,Pisces,"1°14'32.46""",Purva Bhadrapada,Jupiter,4,90,90.5357,0.5357
2025-12-16 22:45:00,Aspect,Square,Sun,Sagittarius,"0°43'02.03""",Mula,Ketu,1,Saturn,Pisces,"1°14'33.70""",Purva Bhadrapada,Jupiter,4,90,90.5255,0.5255
2025-12-16 23:00:00,Aspect,Square,Sun,Sagittarius,"0°43'40.19""",Mula,Ketu,1,Saturn,Pisces,"1°14'34.93""",Purva Bhadrapada,Jupiter,4,90,90.5152,0.5152
2025-12-16 23:15:00,Aspect,Square,Sun,Sagittarius,"0°44'18.36""",Mula,Ketu,1,Saturn,Pisces,"1°14'36.16""",Purva Bhadrapada,Jupiter,4,90,90.5049,0.5049
2025-12-16 23:30:00,Aspect,Square,Sun,Sagittarius,"0°44'56.52""",Mula,Ketu,1,Saturn,Pisces,"1°14'37.40""",Purva Bhadrapada,Jupiter,4,90,90.4947,0.4947
2025-12-16 23:45:00,Aspect,Square,Sun,Sagittarius,"0°45'34.69""",Mula,Ketu,1,Saturn,Pisces,"1°14'38.63""",Purva Bhadrapada,Jupiter,4,90,90.4844,0.4844
2025-12-17 00:00:00,Aspect,Square,Sun,Sagittarius,"0°46'12.85""",Mula,Ketu,1,Saturn,Pisces,"1°14'39.86""",Purva Bhadrapada,Jupiter,4,90,90.4742,0.4742
2025-12-17 00:15:00,Aspect,Square,Sun,Sagittarius,"0°46'51.02""",Mula,Ketu,1,Saturn,Pisces,"1°14'41.10""",Purva Bhadrapada,Jupiter,4,90,90.4639,0.4639
2025-12-17 00:30:00,Aspect,Square,Sun,Sagittarius,"0°47'29.19""",Mula,Ketu,1,Saturn,Pisces,"1°14'42.34""",Purva Bhadrapada,Jupiter,4,90,90.4537,0.4537
2025-12-17 00:45:00,Aspect,Square,Sun,Sagittarius,"0°48'07.35""",Mula,Ketu,1,Saturn,Pisces,"1°14'43.57""",Purva Bhadrapada,Jupiter,4,90,90.4434,0.4434
2025-12-17 01:00:00,Aspect,Square,Sun,Sagittarius,"0°48'45.52""",Mula,Ketu,1,Saturn,Pisces,"1°14'44.81""",Purva Bhadrapada,Jupiter,4,90,90.4331,0.4331
2025-12-17 01:15:00,Aspect,Square,Sun,Sagittarius,"0°49'23.68""",Mula,Ketu,1,Saturn,Pisces,"1°14'46.05""",Purva Bhadrapada,Jupiter,4,90,90.4229,0.4229
2025-12-17 01:30:00,Aspect,Square,Sun,Sagittarius,"0°50'01.85""",Mula,Ketu,1,Saturn,Pisces,"1°14'47.29""",Purva Bhadrapada,Jupiter,4,90,90.4126,0.4126
2025-12-17 01:45:00,Aspect,Square,Sun,Sagittarius,"0°50'40.02""",Mula,Ketu,1,Saturn,Pisces,"1°14'48.53""",Purva Bhadrapada,Jupiter,4,90,90.4024,0.4024
2025-12-17 02:00:00,Aspect,Square,Sun,Sagittarius,"0°51'18.18""",Mula,Ketu,1,Saturn,Pisces,"1°14'49.77""",Purva Bhadrapada,Jupiter,4,90,90.3921,0.3921
2025-12-17 02:15:00,Aspect,Square,Sun,Sagittarius,"0°51'56.35""",Mula,Ketu,1,Saturn,Pisces,"1°14'51.01""",Purva Bhadrapada,Jupiter,4,90,90.3819,0.3819
2025-12-17 02:30:00,Aspect,Square,Sun,Sagittarius,"0°52'34.51""",Mula,Ketu,1,Saturn,Pisces,"1°14'52.25""",Purva Bhadrapada,Jupiter,4,90,90.3716,0.3716
2025-12-17 02:45:00,Aspect,Square,Sun,Sagittarius,"0°53'12.68""",Mula,Ketu,1,Saturn,Pisces,"1°14'53.50""",Purva Bhadrapada,Jupiter,4,90,90.3613,0.3613
2025-12-17 03:00:00,Aspect,Square,Sun,Sagittarius,"0°53'50.85""",Mula,Ketu,1,Saturn,Pisces,"1°14'54.74""",Purva Bhadrapada,Jupiter,4,90,90.3511,0.3511
2025-12-17 03:15:00,Aspect,Square,Sun,Sagittarius,"0°54'29.01""",Mula,Ketu,1,Saturn,Pisces,"1°14'55.98""",Purva Bhadrapada,Jupiter,4,90,90.3408,0.3408
2025-12-17 03:30:00,Aspect,Square,Sun,Sagittarius,"0°55'07.18""",Mula,Ketu,1,Saturn,Pisces,"1°14'57.23""",Purva Bhadrapada,Jupiter,4,90,90.3306,0.3306
2025-12-17 03:45:00,Aspect,Square,Sun,Sagittarius,"0°55'45.35""",Mula,Ketu,1,Saturn,Pisces,"1°14'58.47""",Purva Bhadrapada,Jupiter,4,90,90.3203,0.3203
2025-12-17 04:00:00,Aspect,Square,Sun,Sagittarius,"0°56'23.51""",Mula,Ketu,1,Saturn,Pisces,"1°14'59.72""",Purva Bhadrapada,Jupiter,4,90,90.3101,0.3101
2025-12-17 04:15:00,Aspect,Square,Sun,Sagittarius,"0°57'01.68""",Mula,Ketu,1,Saturn,Pisces,"1°15'00.97""",Purva Bhadrapada,Jupiter,4,90,90.2998,0.2998
2025-12-17 04:30:00,Aspect,Square,Sun,Sagittarius,"0°57'39.85""",Mula,Ketu,1,Saturn,Pisces,"1°15'02.21""",Purva Bhadrapada,Jupiter,4,90,90.2895,0.2895
2025-12-17 04:45:00,Aspect,Square,Sun,Sagittarius,"0°58'18.01""",Mula,Ketu,1,Saturn,Pisces,"1°15'03.46""",Purva Bhadrapada,Jupiter,4,90,90.2793,0.2793
2025-12-17 05:00:00,Aspect,Square,Sun,Sagittarius,"0°58'56.18""",Mula,Ketu,1,Saturn,Pisces,"1°15'04.71""",Purva Bhadrapada,Jupiter,4,90,90.269,0.269
2025-12-17 05:15:00,Aspect,Square,Sun,Sagittarius,"0°59'34.35""",Mula,Ketu,1,Saturn,Pisces,"1°15'05.96""",Purva Bhadrapada,Jupiter,4,90,90.2588,0.2588
2025-12-17 05:30:00,Aspect,Square,Sun,Sagittarius,"1°00'12.52""",Mula,Ketu,1,Saturn,Pisces,"1°15'07.21""",Purva Bhadrapada,Jupiter,4,90,90.2485,0.2485
2025-12-17 05:45:00,Aspect,Square,Sun,Sagittarius,"1°00'50.68""",Mula,Ketu,1,Saturn,Pisces,"1°15'08.46""",Purva Bhadrapada,Jupiter,4,90,90.2383,0.2383
2025-12-17 06:00:00,Aspect,Square,Sun,Sagittarius,"1°01'28.85""",Mula,Ketu,1,Saturn,Pisces,"1°15'09.71""",Purva Bhadrapada,Jupiter,4,90,90.228,0.228
2025-12-17 06:15:00,Aspect,Square,Sun,Sagittarius,"1°02'07.02""",Mula,Ketu,1,Saturn,Pisces,"1°15'10.96""",Purva Bhadrapada,Jupiter,4,90,90.2178,0.2178
2025-12-17 06:30:00,Aspect,Square,Sun,Sagittarius,"1°02'45.19""",Mula,Ketu,1,Saturn,Pisces,"1°15'12.22""",Purva Bhadrapada,Jupiter,4,90,90.2075,0.2075
2025-12-17 06:45:00,Aspect,Square,Sun,Sagittarius,"1°03'23.35""",Mula,Ketu,1,Saturn,Pisces,"1°15'13.47""",Purva Bhadrapada,Jupiter,4,90,90.1973,0.1973
2025-12-17 07:00:00,Aspect,Square,Sun,Sagittarius,"1°04'01.52""",Mula,Ketu,1,Saturn,Pisces,"1°15'14.72""",Purva Bhadrapada,Jupiter,4,90,90.187,0.187
2025-12-17 07:15:00,Aspect,Square,Sun,Sagittarius,"1°04'39.69""",Mula,Ketu,1,Saturn,Pisces,"1°15'15.98""",Purva Bhadrapada,Jupiter,4,90,90.1767,0.1767
2025-12-17 07:30:00,Aspect,Square,Sun,Sagittarius,"1°05'17.86""",Mula,Ketu,1,Saturn,Pisces,"1°15'17.23""",Purva Bhadrapada,Jupiter,4,90,90.1665,0.1665
2025-12-17 07:45:00,Aspect,Square,Sun,Sagittarius,"1°05'56.03""",Mula,Ketu,1,Saturn,Pisces,"1°15'18.49""",Purva Bhadrapada,Jupiter,4,90,90.1562,0.1562
2025-12-17 08:00:00,Aspect,Square,Sun,Sagittarius,"1°06'34.19""",Mula,Ketu,1,Saturn,Pisces,"1°15'19.75""",Purva Bhadrapada,Jupiter,4,90,90.146,0.146
2025-12-17 08:00:00,Aspect,Trine,Moon,Libra,"28°03'18.00""",Vishakha,Jupiter,3,Jupiter,Gemini,"28°56'08.16""",Punarvasu,Jupiter,3,120,119.1194,0.8806
2025-12-17 08:15:00,Aspect,Square,Sun,Sagittarius,"1°07'12.36""",Mula,Ketu,1,Saturn,Pisces,"1°15'21.00""",Purva Bhadrapada,Jupiter,4,90,90.1357,0.1357
2025-12-17 08:15:00,Aspect,Trine,Moon,Libra,"28°10'41.98""",Vishakha,Jupiter,3,Jupiter,Gemini,"28°56'04.16""",Punarvasu,Jupiter,3,120,119.2438,0.7562
2025-12-17 08:30:00,Aspect,Square,Sun,Sagittarius,"1°07'50.53""",Mula,Ketu,1,Saturn,Pisces,"1°15'22.26""",Purva Bhadrapada,Jupiter,4,90,90.1255,0.1255
2025-12-17 08:30:00,Aspect,Trine,Moon,Libra,"28°18'05.97""",Vishakha,Jupiter,3,Jupiter,Gemini,"28°56'00.16""",Punarvasu,Jupiter,3,120,119.3683,0.6317
2025-12-17 08:45:00,Aspect,Square,Sun,Sagittarius,"1°08'28.70""",Mula,Ketu,1,Saturn,Pisces,"1°15'23.52""",Purva Bhadrapada,Jupiter,4,90,90.1152,0.1152
2025-12-17 08:45:00,Aspect,Trine,Moon,Libra,"28°25'29.96""",Vishakha,Jupiter,3,Jupiter,Gemini,"28°55'56.16""",Punarvasu,Jupiter,3,120,119.4927,0.5073
2025-12-17 09:00:00,Aspect,Square,Sun,Sagittarius,"1°09'06.87""",Mula,Ketu,1,Saturn,Pisces,"1°15'24.78""",Purva Bhadrapada,Jupiter,4,90,90.105,0.105
2025-12-17 09:00:00,Aspect,Trine,Moon,Libra,"28°32'53.97""",Vishakha,Jupiter,3,Jupiter,Gemini,"28°55'52.16""",Punarvasu,Jupiter,3,120,119.6172,0.3828
2025-12-17 09:15:00,Aspect,Square,Sun,Sagittarius,"1°09'45.04""",Mula,Ketu,1,Saturn,Pisces,"1°15'26.04""",Purva Bhadrapada,Jupiter,4,90,90.0947,0.0947
2025-12-17 09:15:00,Aspect,Trine,Moon,Libra,"28°40'17.99""",Vishakha,Jupiter,3,Jupiter,Gemini,"28°55'48.16""",Punarvasu,Jupiter,3,120,119.7416,0.2584
2025-12-17 09:30:00,Aspect,Square,Sun,Sagittarius,"1°10'23.21""",Mula,Ketu,1,Saturn,Pisces,"1°15'27.30""",Purva Bhadrapada,Jupiter,4,90,90.0845,0.0845
2025-12-17 09:30:00,Aspect,Trine,Moon,Libra,"28°47'42.02""",Vishakha,Jupiter,3,Jupiter,Gemini,"28°55'44.16""",Punarvasu,Jupiter,3,120,119.8661,0.1339
2025-12-17 09:45:00,Aspect,Square,Sun,Sagittarius,"1°11'01.38""",Mula,Ketu,1,Saturn,Pisces,"1°15'28.56""",Purva Bhadrapada,Jupiter,4,90,90.0742,0.0742
2025-12-17 09:45:00,Aspect,Trine,Moon,Libra,"28°55'06.06""",Vishakha,Jupiter,3,Jupiter,Gemini,"28°55'40.15""",Punarvasu,Jupiter,3,120,119.9905,0.0095
2025-12-17 10:00:00,Aspect,Square,Sun,Sagittarius,"1°11'39.54""",Mula,Ketu,1,Saturn,Pisces,"1°15'29.83""",Purva Bhadrapada,Jupiter,4,90,90.064,0.064
2025-12-17 10:00:00,Aspect,Trine,Moon,Libra,"29°02'30.11""",Vishakha,Jupiter,3,Jupiter,Gemini,"28°55'36.15""",Punarvasu,Jupiter,3,120,120.115,0.115
2025-12-17 10:15:00,Aspect,Square,Sun,Sagittarius,"1°12'17.71""",Mula,Ketu,1,Saturn,Pisces,"1°15'31.09""",Purva Bhadrapada,Jupiter,4,90,90.0537,0.0537
2025-12-17 10:15:00,Aspect,Trine,Moon,Libra,"29°09'54.18""",Vishakha,Jupiter,3,Jupiter,Gemini,"28°55'32.14""",Punarvasu,Jupiter,3,120,120.2395,0.2395
2025-12-17 10:30:00,Aspect,Square,Sun,Sagittarius,"1°12'55.88""",Mula,Ketu,1,Saturn,Pisces,"1°15'32.35""",Purva Bhadrapada,Jupiter,4,90,90.0435,0.0435
2025-12-17 10:30:00,Aspect,Trine,Moon,Libra,"29°17'18.25""",Vishakha,Jupiter,3,Jupiter,Gemini,"28°55'28.14""",Punarvasu,Jupiter,3,120,120.3639,0.3639
2025-12-17 10:45:00,Aspect,Square,Sun,Sagittarius,"1°13'34.05""",Mula,Ketu,1,Saturn,Pisces,"1°15'33.62""",Purva Bhadrapada,Jupiter,4,90,90.0332,0.0332
2025-12-17 10:45:00,Aspect,Trine,Moon,Libra,"29°24'42.34""",Vishakha,Jupiter,3,Jupiter,Gemini,"28°55'24.13""",Punarvasu,Jupiter,3,120,120.4884,0.4884
2025-12-17 11:00:00,Aspect,Square,Sun,Sagittarius,"1°14'12.22""",Mula,Ketu,1,Saturn,Pisces,"1°15'34.88""",Purva Bhadrapada,Jupiter,4,90,90.023,0.023
2025-12-17 11:00:00,Aspect,Trine,Moon,Libra,"29°32'06.44""",Vishakha,Jupiter,3,Jupiter,Gemini,"28°55'20.12""",Punarvasu,Jupiter,3,120,120.6129,0.6129
2025-12-17 11:15:00,Aspect,Square,Sun,Sagittarius,"1°14'50.39""",Mula,Ketu,1,Saturn,Pisces,"1°15'36.15""",Purva Bhadrapada,Jupiter,4,90,90.0127,0.0127
2025-12-17 11:15:00,Aspect,Trine,Moon,Libra,"29°39'30.55""",Vishakha,Jupiter,3,Jupiter,Gemini,"28°55'16.11""",Punarvasu,Jupiter,3,120,120.7373,0.7373
2025-12-17 11:30:00,Aspect,Square,Sun,Sagittarius,"1°15'28.56""",Mula,Ketu,1,Saturn,Pisces,"1°15'37.41""",Purva Bhadrapada,Jupiter,4,90,90.0025,0.0025
2025-12-17 11:30:00,Aspect,Trine,Moon,Libra,"29°46'54.67""",Vishakha,Jupiter,3,Jupiter,Gemini,"28°55'12.10""",Punarvasu,Jupiter,3,120,120.8618,0.8618
2025-12-17 11:45:00,Aspect,Square,Sun,Sagittarius,"1°16'06.73""",Mula,Ketu,1,Saturn,Pisces,"1°15'38.68""",Purva Bhadrapada,Jupiter,4,90,89.9922,0.0078
2025-12-17 11:45:00,Aspect,Trine,Moon,Libra,"29°54'18.81""",Vishakha,Jupiter,3,Jupiter,Gemini,"28°55'08.09""",Punarvasu,Jupiter,3,120,120.9863,0.9863
2025-12-17 12:00:00,Aspect,Square,Sun,Sagittarius,"1°16'44.90""",Mula,Ketu,1,Saturn,Pisces,"1°15'39.95""",Purva Bhadrapada,Jupiter,4,90,89.982,0.018
2025-12-17 12:15:00,Aspect,Square,Sun,Sagittarius,"1°17'23.07""",Mula,Ketu,1,Saturn,Pisces,"1°15'41.22""",Purva Bhadrapada,Jupiter,4,90,89.9717,0.0283
2025-12-17 12:30:00,Aspect,Square,Sun,Sagittarius,"1°18'01.24""",Mula,Ketu,1,Saturn,Pisces,"1°15'42.49""",Purva Bhadrapada,Jupiter,4,90,89.9615,0.0385
2025-12-17 12:30:00,Aspect,Trine,Moon,Scorpio,"0°16'31.29""",Vishakha,Jupiter,4,Saturn,Pisces,"1°15'42.49""",Purva Bhadrapada,Jupiter,4,120,120.9864,0.9864
2025-12-17 12:45:00,Aspect,Square,Sun,Sagittarius,"1°18'39.41""",Mula,Ketu,1,Saturn,Pisces,"1°15'43.76""",Purva Bhadrapada,Jupiter,4,90,89.9512,0.0488
2025-12-17 12:45:00,Aspect,Trine,Moon,Scorpio,"0°23'55.48""",Vishakha,Jupiter,4,Saturn,Pisces,"1°15'43.76""",Purva Bhadrapada,Jupiter,4,120,120.8634,0.8634
2025-12-17 13:00:00,Aspect,Square,Sun,Sagittarius,"1°19'17.58""",Mula,Ketu,1,Saturn,Pisces,"1°15'45.03""",Purva Bhadrapada,Jupiter,4,90,89.941,0.059
2025-12-17 13:00:00,Aspect,Trine,Moon,Scorpio,"0°31'19.68""",Vishakha,Jupiter,4,Saturn,Pisces,"1°15'45.03""",Purva Bhadrapada,Jupiter,4,120,120.7404,0.7404
2025-12-17 13:15:00,Aspect,Square,Sun,Sagittarius,"1°19'55.75""",Mula,Ketu,1,Saturn,Pisces,"1°15'46.30""",Purva Bhadrapada,Jupiter,4,90,89.9307,0.0693
2025-12-17 13:15:00,Aspect,Trine,Moon,Scorpio,"0°38'43.89""",Vishakha,Jupiter,4,Saturn,Pisces,"1°15'46.30""",Purva Bhadrapada,Jupiter,4,120,120.6173,0.6173
2025-12-17 13:30:00,Aspect,Square,Sun,Sagittarius,"1°20'33.92""",Mula,Ketu,1,Saturn,Pisces,"1°15'47.57""",Purva Bhadrapada,Jupiter,4,90,89.9205,0.0795
2025-12-17 13:30:00,Aspect,Trine,Moon,Scorpio,"0°46'08.12""",Vishakha,Jupiter,4,Saturn,Pisces,"1°15'47.57""",Purva Bhadrapada,Jupiter,4,120,120.4943,0.4943
2025-12-17 13:45:00,Aspect,Square,Sun,Sagittarius,"1°21'12.09""",Mula,Ketu,1,Saturn,Pisces,"1°15'48.84""",Purva Bhadrapada,Jupiter,4,90,89.9102,0.0898
2025-12-17 13:45:00,Aspect,Trine,Moon,Scorpio,"0°53'32.36""",Vishakha,Jupiter,4,Saturn,Pisces,"1°15'48.84""",Purva Bhadrapada,Jupiter,4,120,120.3712,0.3712
2025-12-17 14:00:00,Aspect,Square,Sun,Sagittarius,"1°21'50.26""",Mula,Ketu,1,Saturn,Pisces,"1°15'50.11""",Purva Bhadrapada,Jupiter,4,90,89.9,0.1
2025-12-17 14:00:00,Aspect,Trine,Moon,Scorpio,"1°00'56.62""",Vishakha,Jupiter,4,Saturn,Pisces,"1°15'50.11""",Purva Bhadrapada,Jupiter,4,120,120.2482,0.2482
2025-12-17 14:15:00,Aspect,Square,Sun,Sagittarius,"1°22'28.43""",Mula,Ketu,1,Saturn,Pisces,"1°15'51.39""",Purva Bhadrapada,Jupiter,4,90,89.8897,0.1103
2025-12-17 14:15:00,Aspect,Trine,Moon,Scorpio,"1°08'20.88""",Vishakha,Jupiter,4,Saturn,Pisces,"1°15'51.39""",Purva Bhadrapada,Jupiter,4,120,120.1251,0.1251
2025-12-17 14:30:00,Aspect,Square,Sun,Sagittarius,"1°23'06.60""",Mula,Ketu,1,Saturn,Pisces,"1°15'52.66""",Purva Bhadrapada,Jupiter,4,90,89.8795,0.1205
2025-12-17 14:30:00,Aspect,Trine,Moon,Scorpio,"1°15'45.17""",Vishakha,Jupiter,4,Saturn,Pisces,"1°15'52.66""",Purva Bhadrapada,Jupiter,4,120,120.0021,0.0021
2025-12-17 14:45:00,Aspect,Square,Sun,Sagittarius,"1°23'44.77""",Mula,Ketu,1,Saturn,Pisces,"1°15'53.94""",Purva Bhadrapada,Jupiter,4,90,89.8692,0.1308
2025-12-17 14:45:00,Aspect,Trine,Moon,Scorpio,"1°23'09.46""",Vishakha,Jupiter,4,Saturn,Pisces,"1°15'53.94""",Purva Bhadrapada,Jupiter,4,120,119.879,0.121
2025-12-17 15:00:00,Aspect,Square,Sun,Sagittarius,"1°24'22.94""",Mula,Ketu,1,Saturn,Pisces,"1°15'55.21""",Purva Bhadrapada,Jupiter,4,90,89.859,0.141
2025-12-17 15:00:00,Aspect,Trine,Moon,Scorpio,"1°30'33.78""",Vishakha,Jupiter,4,Saturn,Pisces,"1°15'55.21""",Purva Bhadrapada,Jupiter,4,120,119.756,0.244
2025-12-17 15:15:00,Aspect,Square,Sun,Sagittarius,"1°25'01.11""",Mula,Ketu,1,Saturn,Pisces,"1°15'56.49""",Purva Bhadrapada,Jupiter,4,90,89.8487,0.1513
2025-12-17 15:15:00,Aspect,Trine,Moon,Scorpio,"1°37'58.10""",Vishakha,Jupiter,4,Saturn,Pisces,"1°15'56.49""",Purva Bhadrapada,Jupiter,4,120,119.6329,0.3671
2025-12-17 15:30:00,Aspect,Square,Sun,Sagittarius,"1°25'39.28""",Mula,Ketu,1,Saturn,Pisces,"1°15'57.77""",Purva Bhadrapada,Jupiter,4,90,89.8385,0.1615
2025-12-17 15:30:00,Aspect,Trine,Moon,Scorpio,"1°45'22.44""",Vishakha,Jupiter,4,Saturn,Pisces,"1°15'57.77""",Purva Bhadrapada,Jupiter,4,120,119.5098,0.4902
2025-12-17 15:45:00,Aspect,Square,Sun,Sagittarius,"1°26'17.45""",Mula,Ketu,1,Saturn,Pisces,"1°15'59.05""",Purva Bhadrapada,Jupiter,4,90,89.8282,0.1718
2025-12-17 15:45:00,Aspect,Trine,Moon,Scorpio,"1°52'46.80""",Vishakha,Jupiter,4,Saturn,Pisces,"1°15'59.05""",Purva Bhadrapada,Jupiter,4,120,119.3867,0.6133
2025-12-17 16:00:00,Aspect,Square,Sun,Sagittarius,"1°26'55.62""",Mula,Ketu,1,Saturn,Pisces,"1°16'00.32""",Purva Bhadrapada,Jupiter,4,90,89.818,0.182
2025-12-17 16:00:00,Aspect,Trine,Moon,Scorpio,"2°00'11.17""",Vishakha,Jupiter,4,Saturn,Pisces,"1°16'00.32""",Purva Bhadrapada,Jupiter,4,120,119.2637,0.7363
2025-12-17 16:15:00,Aspect,Square,Sun,Sagittarius,"1°27'33.80""",Mula,Ketu,1,Saturn,Pisces,"1°16'01.60""",Purva Bhadrapada,Jupiter,4,90,89.8077,0.1923
2025-12-17 16:15:00,Aspect,Trine,Moon,Scorpio,"2°07'35.55""",Vishakha,Jupiter,4,Saturn,Pisces,"1°16'01.60""",Purva Bhadrapada,Jupiter,4,120,119.1406,0.8594
2025-12-17 16:30:00,Aspect,Square,Sun,Sagittarius,"1°28'11.97""",Mula,Ketu,1,Saturn,Pisces,"1°16'02.88""",Purva Bhadrapada,Jupiter,4,90,89.7975,0.2025
2025-12-17 16:30:00,Aspect,Trine,Moon,Scorpio,"2°14'59.96""",Vishakha,Jupiter,4,Saturn,Pisces,"1°16'02.88""",Purva Bhadrapada,Jupiter,4,120,119.0175,0.9825
2025-12-17 16:45:00,Aspect,Square,Sun,Sagittarius,"1°28'50.14""",Mula,Ketu,1,Saturn,Pisces,"1°16'04.16""",Purva Bhadrapada,Jupiter,4,90,89.7872,0.2128
2025-12-17 17:00:00,Aspect,Square,Sun,Sagittarius,"1°29'28.31""",Mula,Ketu,1,Saturn,Pisces,"1°16'05.45""",Purva Bhadrapada,Jupiter,4,90,89.777,0.223
2025-12-17 17:15:00,Aspect,Square,Sun,Sagittarius,"1°30'06.48""",Mula,Ketu,1,Saturn,Pisces,"1°16'06.73""",Purva Bhadrapada,Jupiter,4,90,89.7667,0.2333
2025-12-17 17:30:00,Aspect,Square,Sun,Sagittarius,"1°30'44.65""",Mula,Ketu,1,Saturn,Pisces,"1°16'08.01""",Purva Bhadrapada,Jupiter,4,90,89.7565,0.2435
2025-12-17 17:45:00,Aspect,Square,Sun,Sagittarius,"1°31'22.82""",Mula,Ketu,1,Saturn,Pisces,"1°16'09.29""",Purva Bhadrapada,Jupiter,4,90,89.7462,0.2538
2025-12-17 18:00:00,Aspect,Square,Sun,Sagittarius,"1°32'01.00""",Mula,Ketu,1,Saturn,Pisces,"1°16'10.58""",Purva Bhadrapada,Jupiter,4,90,89.736,0.264
2025-12-17 18:15:00,Aspect,Square,Sun,Sagittarius,"1°32'39.17""",Mula,Ketu,1,Saturn,Pisces,"1°16'11.86""",Purva Bhadrapada,Jupiter,4,90,89.7257,0.2743
2025-12-17 18:30:00,Aspect,Square,Sun,Sagittarius,"1°33'17.34""",Mula,Ketu,1,Saturn,Pisces,"1°16'13.15""",Purva Bhadrapada,Jupiter,4,90,89.7155,0.2845
2025-12-17 18:45:00,Aspect,Square,Sun,Sagittarius,"1°33'55.51""",Mula,Ketu,1,Saturn,Pisces,"1°16'14.43""",Purva Bhadrapada,Jupiter,4,90,89.7053,0.2947
2025-12-17 19:00:00,Aspect,Square,Sun,Sagittarius,"1°34'33.68""",Mula,Ketu,1,Saturn,Pisces,"1°16'15.72""",Purva Bhadrapada,Jupiter,4,90,89.695,0.305
2025-12-17 19:15:00,Aspect,Square,Sun,Sagittarius,"1°35'11.86""",Mula,Ketu,1,Saturn,Pisces,"1°16'17.01""",Purva Bhadrapada,Jupiter,4,90,89.6848,0.3152
2025-12-17 19:30:00,Aspect,Square,Sun,Sagittarius,"1°35'50.03""",Mula,Ketu,1,Saturn,Pisces,"1°16'18.30""",Purva Bhadrapada,Jupiter,4,90,89.6745,0.3255
2025-12-17 19:45:00,Aspect,Square,Sun,Sagittarius,"1°36'28.20""",Mula,Ketu,1,Saturn,Pisces,"1°16'19.58""",Purva Bhadrapada,Jupiter,4,90,89.6643,0.3357
2025-12-17 20:00:00,Aspect,Square,Sun,Sagittarius,"1°37'06.37""",Mula,Ketu,1,Saturn,Pisces,"1°16'20.87""",Purva Bhadrapada,Jupiter,4,90,89.654,0.346
2025-12-17 20:15:00,Aspect,Square,Sun,Sagittarius,"1°37'44.54""",Mula,Ketu,1,Saturn,Pisces,"1°16'22.16""",Purva Bhadrapada,Jupiter,4,90,89.6438,0.3562
2025-12-17 20:30:00,Aspect,Square,Sun,Sagittarius,"1°38'22.72""",Mula,Ketu,1,Saturn,Pisces,"1°16'23.45""",Purva Bhadrapada,Jupiter,4,90,89.6335,0.3665
2025-12-17 20:45:00,Aspect,Square,Sun,Sagittarius,"1°39'00.89""",Mula,Ketu,1,Saturn,Pisces,"1°16'24.75""",Purva Bhadrapada,Jupiter,4,90,89.6233,0.3767
2025-12-17 21:00:00,Aspect,Square,Sun,Sagittarius,"1°39'39.06""",Mula,Ketu,1,Saturn,Pisces,"1°16'26.04""",Purva Bhadrapada,Jupiter,4,90,89.613,0.387
2025-12-17 21:15:00,Aspect,Square,Sun,Sagittarius,"1°40'17.24""",Mula,Ketu,1,Saturn,Pisces,"1°16'27.33""",Purva Bhadrapada,Jupiter,4,90,89.6028,0.3972
2025-12-17 21:30:00,Aspect,Square,Sun,Sagittarius,"1°40'55.41""",Mula,Ketu,1,Saturn,Pisces,"1°16'28.62""",Purva Bhadrapada,Jupiter,4,90,89.5926,0.4074
2025-12-17 21:45:00,Aspect,Square,Sun,Sagittarius,"1°41'33.58""",Mula,Ketu,1,Saturn,Pisces,"1°16'29.92""",Purva Bhadrapada,Jupiter,4,90,89.5823,0.4177
2025-12-17 22:00:00,Aspect,Square,Sun,Sagittarius,"1°42'11.75""",Mula,Ketu,1,Saturn,Pisces,"1°16'31.21""",Purva Bhadrapada,Jupiter,4,90,89.5721,0.4279
2025-12-17 22:15:00,Aspect,Square,Sun,Sagittarius,"1°42'49.93""",Mula,Ketu,1,Saturn,Pisces,"1°16'32.51""",Purva Bhadrapada,Jupiter,4,90,89.5618,0.4382
2025-12-17 22:30:00,Aspect,Square,Sun,Sagittarius,"1°43'28.10""",Mula,Ketu,1,Saturn,Pisces,"1°16'33.80""",Purva Bhadrapada,Jupiter,4,90,89.5516,0.4484
2025-12-17 22:45:00,Aspect,Square,Sun,Sagittarius,"1°44'06.27""",Mula,Ketu,1,Saturn,Pisces,"1°16'35.10""",Purva Bhadrapada,Jupiter,4,90,89.5413,0.4587
2025-12-17 23:00:00,Aspect,Square,Sun,Sagittarius,"1°44'44.45""",Mula,Ketu,1,Saturn,Pisces,"1°16'36.40""",Purva Bhadrapada,Jupiter,4,90,89.5311,0.4689
2025-12-17 23:15:00,Aspect,Square,Sun,Sagittarius,"1°45'22.62""",Mula,Ketu,1,Saturn,Pisces,"1°16'37.70""",Purva Bhadrapada,Jupiter,4,90,89.5209,0.4791
2025-12-17 23:30:00,Aspect,Square,Sun,Sagittarius,"1°46'00.79""",Mula,Ketu,1,Saturn,Pisces,"1°16'39.00""",Purva Bhadrapada,Jupiter,4,90,89.5106,0.4894
2025-12-17 23:45:00,Aspect,Square,Sun,Sagittarius,"1°46'38.97""",Mula,Ketu,1,Saturn,Pisces,"1°16'40.30""",Purva Bhadrapada,Jupiter,4,90,89.5004,0.4996
2025-12-18 00:00:00,Aspect,Square,Sun,Sagittarius,"1°47'17.14""",Mula,Ketu,1,Saturn,Pisces,"1°16'41.60""",Purva Bhadrapada,Jupiter,4,90,89.4901,0.5099
2025-12-18 00:15:00,Aspect,Square,Sun,Sagittarius,"1°47'55.32""",Mula,Ketu,1,Saturn,Pisces,"1°16'42.90""",Purva Bhadrapada,Jupiter,4,90,89.4799,0.5201
2025-12-18 00:30:00,Aspect,Square,Sun,Sagittarius,"1°48'33.49""",Mula,Ketu,1,Saturn,Pisces,"1°16'44.20""",Purva Bhadrapada,Jupiter,4,90,89.4696,0.5304
2025-12-18 00:45:00,Aspect,Square,Sun,Sagittarius,"1°49'11.66""",Mula,Ketu,1,Saturn,Pisces,"1°16'45.50""",Purva Bhadrapada,Jupiter,4,90,89.4594,0.5406
2025-12-18 01:00:00,Aspect,Square,Sun,Sagittarius,"1°49'49.84""",Mula,Ketu,1,Saturn,Pisces,"1°16'46.80""",Purva Bhadrapada,Jupiter,4,90,89.4492,0.5508
2025-12-18 01:15:00,Aspect,Square,Sun,Sagittarius,"1°50'28.01""",Mula,Ketu,1,Saturn,Pisces,"1°16'48.11""",Purva Bhadrapada,Jupiter,4,90,89.4389,0.5611
2025-12-18 01:30:00,Aspect,Square,Sun,Sagittarius,"1°51'06.19""",Mula,Ketu,1,Saturn,Pisces,"1°16'49.41""",Purva Bhadrapada,Jupiter,4,90,89.4287,0.5713
2025-12-18 01:45:00,Aspect,Square,Sun,Sagittarius,"1°51'44.36""",Mula,Ketu,1,Saturn,Pisces,"1°16'50.72""",Purva Bhadrapada,Jupiter,4,90,89.4184,0.5816
2025-12-18 02:00:00,Aspect,Square,Sun,Sagittarius,"1°52'22.53""",Mula,Ketu,1,Saturn,Pisces,"1°16'52.02""",Purva Bhadrapada,Jupiter,4,90,89.4082,0.5918
2025-12-18 02:15:00,Aspect,Square,Sun,Sagittarius,"1°53'00.71""",Mula,Ketu,1,Saturn,Pisces,"1°16'53.33""",Purva Bhadrapada,Jupiter,4,90,89.3979,0.6021
2025-12-18 02:30:00,Aspect,Square,Sun,Sagittarius,"1°53'38.88""",Mula,Ketu,1,Saturn,Pisces,"1°16'54.63""",Purva Bhadrapada,Jupiter,4,90,89.3877,0.6123
2025-12-18 02:45:00,Aspect,Square,Sun,Sagittarius,"1°54'17.06""",Mula,Ketu,1,Saturn,Pisces,"1°16'55.94""",Purva Bhadrapada,Jupiter,4,90,89.3775,0.6225
2025-12-18 03:00:00,Aspect,Square,Sun,Sagittarius,"1°54'55.23""",Mula,Ketu,1,Saturn,Pisces,"1°16'57.25""",Purva Bhadrapada,Jupiter,4,90,89.3672,0.6328
2025-12-18 03:15:00,Aspect,Square,Sun,Sagittarius,"1°55'33.41""",Mula,Ketu,1,Saturn,Pisces,"1°16'58.56""",Purva Bhadrapada,Jupiter,4,90,89.357,0.643
2025-12-18 03:30:00,Aspect,Square,Sun,Sagittarius,"1°56'11.58""",Mula,Ketu,1,Saturn,Pisces,"1°16'59.87""",Purva Bhadrapada,Jupiter,4,90,89.3467,0.6533
2025-12-18 03:45:00,Aspect,Square,Sun,Sagittarius,"1°56'49.76""",Mula,Ketu,1,Saturn,Pisces,"1°17'01.18""",Purva Bhadrapada,Jupiter,4,90,89.3365,0.6635
2025-12-18 04:00:00,Aspect,Square,Sun,Sagittarius,"1°57'27.93""",Mula,Ketu,1,Saturn,Pisces,"1°17'02.49""",Purva Bhadrapada,Jupiter,4,90,89.3263,0.6737
2025-12-18 04:15:00,Aspect,Square,Sun,Sagittarius,"1°58'06.11""",Mula,Ketu,1,Saturn,Pisces,"1°17'03.80""",Purva Bhadrapada,Jupiter,4,90,89.316,0.684
2025-12-18 04:30:00,Aspect,Square,Sun,Sagittarius,"1°58'44.28""",Mula,Ketu,1,Saturn,Pisces,"1°17'05.12""",Purva Bhadrapada,Jupiter,4,90,89.3058,0.6942
2025-12-18 04:45:00,Aspect,Square,Sun,Sagittarius,"1°59'22.46""",Mula,Ketu,1,Saturn,Pisces,"1°17'06.43""",Purva Bhadrapada,Jupiter,4,90,89.2955,0.7045
2025-12-18 05:00:00,Aspect,Square,Sun,Sagittarius,"2°00'00.63""",Mula,Ketu,1,Saturn,Pisces,"1°17'07.74""",Purva Bhadrapada,Jupiter,4,90,89.2853,0.7147
2025-12-18 05:15:00,Aspect,Square,Sun,Sagittarius,"2°00'38.81""",Mula,Ketu,1,Saturn,Pisces,"1°17'09.06""",Purva Bhadrapada,Jupiter,4,90,89.2751,0.7249
2025-12-18 05:30:00,Aspect,Square,Sun,Sagittarius,"2°01'16.98""",Mula,Ketu,1,Saturn,Pisces,"1°17'10.37""",Purva Bhadrapada,Jupiter,4,90,89.2648,0.7352
2025-12-18 05:45:00,Aspect,Square,Sun,Sagittarius,"2°01'55.16""",Mula,Ketu,1,Saturn,Pisces,"1°17'11.69""",Purva Bhadrapada,Jupiter,4,90,89.2546,0.7454
2025-12-18 06:00:00,Aspect,Square,Sun,Sagittarius,"2°02'33.33""",Mula,Ketu,1,Saturn,Pisces,"1°17'13.00""",Purva Bhadrapada,Jupiter,4,90,89.2444,0.7556
2025-12-18 06:15:00,Aspect,Square,Sun,Sagittarius,"2°03'11.51""",Mula,Ketu,1,Saturn,Pisces,"1°17'14.32""",Purva Bhadrapada,Jupiter,4,90,89.2341,0.7659
2025-12-18 06:30:00,Aspect,Square,Sun,Sagittarius,"2°03'49.69""",Mula,Ketu,1,Saturn,Pisces,"1°17'15.64""",Purva Bhadrapada,Jupiter,4,90,89.2239,0.7761
2025-12-18 06:45:00,Aspect,Square,Sun,Sagittarius,"2°04'27.86""",Mula,Ketu,1,Saturn,Pisces,"1°17'16.96""",Purva Bhadrapada,Jupiter,4,90,89.2136,0.7864
2025-12-18 07:00:00,Aspect,Square,Sun,Sagittarius,"2°05'06.04""",Mula,Ketu,1,Saturn,Pisces,"1°17'18.28""",Purva Bhadrapada,Jupiter,4,90,89.2034,0.7966
2025-12-18 07:15:00,Aspect,Square,Sun,Sagittarius,"2°05'44.21""",Mula,Ketu,1,Saturn,Pisces,"1°17'19.60""",Purva Bhadrapada,Jupiter,4,90,89.1932,0.8068
2025-12-18 07:30:00,Aspect,Square,Sun,Sagittarius,"2°06'22.39""",Mula,Ketu,1,Saturn,Pisces,"1°17'20.92""",Purva Bhadrapada,Jupiter,4,90,89.1829,0.8171
2025-12-18 07:45:00,Aspect,Square,Sun,Sagittarius,"2°07'00.57""",Mula,Ketu,1,Saturn,Pisces,"1°17'22.24""",Purva Bhadrapada,Jupiter,4,90,89.1727,0.8273
2025-12-18 08:00:00,Aspect,Square,Sun,Sagittarius,"2°07'38.74""",Mula,Ketu,1,Saturn,Pisces,"1°17'23.56""",Purva Bhadrapada,Jupiter,4,90,89.1624,0.8376
2025-12-18 08:15:00,Aspect,Square,Sun,Sagittarius,"2°08'16.92""",Mula,Ketu,1,Saturn,Pisces,"1°17'24.88""",Purva Bhadrapada,Jupiter,4,90,89.1522,0.8478
2025-12-18 08:30:00,Aspect,Square,Sun,Sagittarius,"2°08'55.09""",Mula,Ketu,1,Saturn,Pisces,"1°17'26.21""",Purva Bhadrapada,Jupiter,4,90,89.142,0.858
2025-12-18 08:45:00,Aspect,Square,Sun,Sagittarius,"2°09'33.27""",Mula,Ketu,1,Saturn,Pisces,"1°17'27.53""",Purva Bhadrapada,Jupiter,4,90,89.1317,0.8683
2025-12-18 09:00:00,Aspect,Square,Sun,Sagittarius,"2°10'11.45""",Mula,Ketu,1,Saturn,Pisces,"1°17'28.85""",Purva Bhadrapada,Jupiter,4,90,89.1215,0.8785
2025-12-18 09:15:00,Aspect,Square,Sun,Sagittarius,"2°10'49.62""",Mula,Ketu,1,Saturn,Pisces,"1°17'30.18""",Purva Bhadrapada,Jupiter,4,90,89.1113,0.8887
2025-12-18 09:30:00,Aspect,Square,Sun,Sagittarius,"2°11'27.80""",Mula,Ketu,1,Saturn,Pisces,"1°17'31.50""",Purva Bhadrapada,Jupiter,4,90,89.101,0.899
2025-12-18 09:45:00,Aspect,Square,Sun,Sagittarius,"2°12'05.98""",Mula,Ketu,1,Saturn,Pisces,"1°17'32.83""",Purva Bhadrapada,Jupiter,4,90,89.0908,0.9092
2025-12-18 10:00:00,Aspect,Square,Sun,Sagittarius,"2°12'44.15""",Mula,Ketu,1,Saturn,Pisces,"1°17'34.16""",Purva Bhadrapada,Jupiter,4,90,89.0806,0.9194
2025-12-18 10:15:00,Aspect,Square,Sun,Sagittarius,"2°13'22.33""",Mula,Ketu,1,Saturn,Pisces,"1°17'35.49""",Purva Bhadrapada,Jupiter,4,90,89.0703,0.9297
2025-12-18 10:30:00,Aspect,Square,Sun,Sagittarius,"2°14'00.51""",Mula,Ketu,1,Saturn,Pisces,"1°17'36.82""",Purva Bhadrapada,Jupiter,4,90,89.0601,0.9399
2025-12-18 10:45:00,Aspect,Square,Sun,Sagittarius,"2°14'38.69""",Mula,Ketu,1,Saturn,Pisces,"1°17'38.14""",Purva Bhadrapada,Jupiter,4,90,89.0498,0.9502
2025-12-18 11:00:00,Aspect,Square,Sun,Sagittarius,"2°15'16.86""",Mula,Ketu,1,Saturn,Pisces,"1°17'39.47""",Purva Bhadrapada,Jupiter,4,90,89.0396,0.9604
2025-12-18 11:15:00,Aspect,Square,Sun,Sagittarius,"2°15'55.04""",Mula,Ketu,1,Saturn,Pisces,"1°17'40.81""",Purva Bhadrapada,Jupiter,4,90,89.0294,0.9706
2025-12-18 11:30:00,Aspect,Square,Sun,Sagittarius,"2°16'33.22""",Mula,Ketu,1,Saturn,Pisces,"1°17'42.14""",Purva Bhadrapada,Jupiter,4,90,89.0191,0.9809
2025-12-18 11:45:00,Aspect,Square,Sun,Sagittarius,"2°17'11.40""",Mula,Ketu,1,Saturn,Pisces,"1°17'43.47""",Purva Bhadrapada,Jupiter,4,90,89.0089,0.9911
2025-12-18 14:45:00,Aspect,Conjunction,Moon,Scorpio,"13°15'29.19""",Anuradha,Saturn,3,Mercury,Scorpio,"14°15'15.79""",Anuradha,Saturn,4,0,0.9963,0.9963
2025-12-18 15:00:00,Aspect,Conjunction,Moon,Scorpio,"13°22'55.50""",Anuradha,Saturn,4,Mercury,Scorpio,"14°16'08.36""",Anuradha,Saturn,4,0,0.8869,0.8869
2025-12-18 15:15:00,Aspect,Conjunction,Moon,Scorpio,"13°30'21.84""",Anuradha,Saturn,4,Mercury,Scorpio,"14°17'00.95""",Anuradha,Saturn,4,0,0.7775,0.7775
2025-12-18 15:30:00,Aspect,Conjunction,Moon,Scorpio,"13°37'48.20""",Anuradha,Saturn,4,Mercury,Scorpio,"14°17'53.54""",Anuradha,Saturn,4,0,0.6681,0.6681
2025-12-18 15:45:00,Aspect,Conjunction,Moon,Scorpio,"13°45'14.59""",Anuradha,Saturn,4,Mercury,Scorpio,"14°18'46.14""",Anuradha,Saturn,4,0,0.5588,0.5588
2025-12-18 16:00:00,Aspect,Conjunction,Moon,Scorpio,"13°52'41.01""",Anuradha,Saturn,4,Mercury,Scorpio,"14°19'38.74""",Anuradha,Saturn,4,0,0.4494,0.4494
2025-12-18 16:15:00,Aspect,Conjunction,Moon,Scorpio,"14°00'07.46""",Anuradha,Saturn,4,Mercury,Scorpio,"14°20'31.35""",Anuradha,Saturn,4,0,0.34,0.34
2025-12-18 16:30:00,Aspect,Conjunction,Moon,Scorpio,"14°07'33.93""",Anuradha,Saturn,4,Mercury,Scorpio,"14°21'23.97""",Anuradha,Saturn,4,0,0.2306,0.2306
2025-12-18 16:45:00,Aspect,Conjunction,Moon,Scorpio,"14°15'00.43""",Anuradha,Saturn,4,Mercury,Scorpio,"14°22'16.59""",Anuradha,Saturn,4,0,0.1212,0.1212
2025-12-18 17:00:00,Aspect,Conjunction,Moon,Scorpio,"14°22'26.95""",Anuradha,Saturn,4,Mercury,Scorpio,"14°23'09.22""",Anuradha,Saturn,4,0,0.0117,0.0117
2025-12-18 17:15:00,Aspect,Conjunction,Moon,Scorpio,"14°29'53.51""",Anuradha,Saturn,4,Mercury,Scorpio,"14°24'01.85""",Anuradha,Saturn,4,0,0.0977,0.0977
2025-12-18 17:30:00,Aspect,Conjunction,Moon,Scorpio,"14°37'20.09""",Anuradha,Saturn,4,Mercury,Scorpio,"14°24'54.50""",Anuradha,Saturn,4,0,0.2071,0.2071
2025-12-18 17:45:00,Aspect,Conjunction,Moon,Scorpio,"14°44'46.70""",Anuradha,Saturn,4,Mercury,Scorpio,"14°25'47.15""",Anuradha,Saturn,4,0,0.3165,0.3165
2025-12-18 18:00:00,Aspect,Conjunction,Moon,Scorpio,"14°52'13.33""",Anuradha,Saturn,4,Mercury,Scorpio,"14°26'39.80""",Anuradha,Saturn,4,0,0.426,0.426
2025-12-18 18:15:00,Aspect,Conjunction,Moon,Scorpio,"14°59'40.00""",Anuradha,Saturn,4,Mercury,Scorpio,"14°27'32.46""",Anuradha,Saturn,4,0,0.5354,0.5354
2025-12-18 18:30:00,Aspect,Conjunction,Moon,Scorpio,"15°07'06.69""",Anuradha,Saturn,4,Mercury,Scorpio,"14°28'25.13""",Anuradha,Saturn,4,0,0.6449,0.6449
2025-12-18 18:45:00,Aspect,Conjunction,Moon,Scorpio,"15°14'33.41""",Anuradha,Saturn,4,Mercury,Scorpio,"14°29'17.81""",Anuradha,Saturn,4,0,0.7543,0.7543
2025-12-18 19:00:00,Aspect,Conjunction,Moon,Scorpio,"15°22'00.15""",Anuradha,Saturn,4,Mercury,Scorpio,"14°30'10.49""",Anuradha,Saturn,4,0,0.8638,0.8638
2025-12-18 19:15:00,Aspect,Conjunction,Moon,Scorpio,"15°29'26.93""",Anuradha,Saturn,4,Mercury,Scorpio,"14°31'03.18""",Anuradha,Saturn,4,0,0.9733,0.9733
2025-12-18 23:45:00,Aspect,Square,Moon,Scorpio,"17°43'33.80""",Jyeshtha,Mercury,1,Rahu,Aquarius,"18°39'13.72""",Shatabhisha,Rahu,4,90,90.9278,0.9278
2025-12-18 23:45:00,Aspect,Square,Moon,Scorpio,"17°43'33.80""",Jyeshtha,Mercury,1,Ketu,Leo,"18°39'13.72""",Purva Phalguni,Venus,2,90,89.0722,0.9278
2025-12-19 00:00:00,Aspect,Square,Moon,Scorpio,"17°51'01.12""",Jyeshtha,Mercury,1,Rahu,Aquarius,"18°39'11.73""",Shatabhisha,Rahu,4,90,90.8029,0.8029
2025-12-19 00:00:00,Aspect,Square,Moon,Scorpio,"17°51'01.12""",Jyeshtha,Mercury,1,Ketu,Leo,"18°39'11.73""",Purva Phalguni,Venus,2,90,89.1971,0.8029
2025-12-19 00:15:00,Aspect,Square,Moon,Scorpio,"17°58'28.48""",Jyeshtha,Mercury,1,Rahu,Aquarius,"18°39'09.74""",Shatabhisha,Rahu,4,90,90.6781,0.6781
2025-12-19 00:15:00,Aspect,Square,Moon,Scorpio,"17°58'28.48""",Jyeshtha,Mercury,1,Ketu,Leo,"18°39'09.74""",Purva Phalguni,Venus,2,90,89.3219,0.6781
2025-12-19 00:30:00,Aspect,Square,Moon,Scorpio,"18°05'55.87""",Jyeshtha,Mercury,1,Rahu,Aquarius,"18°39'07.76""",Shatabhisha,Rahu,4,90,90.5533,0.5533
2025-12-19 00:30:00,Aspect,Square,Moon,Scorpio,"18°05'55.87""",Jyeshtha,Mercury,1,Ketu,Leo,"18°39'07.76""",Purva Phalguni,Venus,2,90,89.4467,0.5533
2025-12-19 00:45:00,Aspect,Square,Moon,Scorpio,"18°13'23.28""",Jyeshtha,Mercury,1,Rahu,Aquarius,"18°39'05.77""",Shatabhisha,Rahu,4,90,90.4285,0.4285
2025-12-19 00:45:00,Aspect,Square,Moon,Scorpio,"18°13'23.28""",Jyeshtha,Mercury,1,Ketu,Leo,"18°39'05.77""",Purva Phalguni,Venus,2,90,89.5715,0.4285
2025-12-19 01:00:00,Aspect,Square,Moon,Scorpio,"18°20'50.73""",Jyeshtha,Mercury,1,Rahu,Aquarius,"18°39'03.78""",Shatabhisha,Rahu,4,90,90.3036,0.3036
2025-12-19 01:00:00,Aspect,Square,Moon,Scorpio,"18°20'50.73""",Jyeshtha,Mercury,1,Ketu,Leo,"18°39'03.78""",Purva Phalguni,Venus,2,90,89.6964,0.3036
2025-12-19 01:15:00,Aspect,Square,Moon,Scorpio,"18°28'18.21""",Jyeshtha,Mercury,1,Rahu,Aquarius,"18°39'01.80""",Shatabhisha,Rahu,4,90,90.1788,0.1788
2025-12-19 01:15:00,Aspect,Square,Moon,Scorpio,"18°28'18.21""",Jyeshtha,Mercury,1,Ketu,Leo,"18°39'01.80""",Purva Phalguni,Venus,2,90,89.8212,0.1788
2025-12-19 01:30:00,Aspect,Square,Moon,Scorpio,"18°35'45.72""",Jyeshtha,Mercury,1,Rahu,Aquarius,"18°38'59.81""",Shatabhisha,Rahu,4,90,90.0539,0.0539
2025-12-19 01:30:00,Aspect,Square,Moon,Scorpio,"18°35'45.72""",Jyeshtha,Mercury,1,Ketu,Leo,"18°38'59.81""",Purva Phalguni,Venus,2,90,89.9461,0.0539
2025-12-19 01:45:00,Aspect,Square,Moon,Scorpio,"18°43'13.25""",Jyeshtha,Mercury,1,Rahu,Aquarius,"18°38'57.82""",Shatabhisha,Rahu,4,90,89.929,0.071
2025-12-19 01:45:00,Aspect,Square,Moon,Scorpio,"18°43'13.25""",Jyeshtha,Mercury,1,Ketu,Leo,"18°38'57.82""",Purva Phalguni,Venus,2,90,90.071,0.071
2025-12-19 02:00:00,Aspect,Square,Moon,Scorpio,"18°50'40.82""",Jyeshtha,Mercury,1,Rahu,Aquarius,"18°38'55.83""",Shatabhisha,Rahu,4,90,89.8042,0.1958
2025-12-19 02:00:00,Aspect,Square,Moon,Scorpio,"18°50'40.82""",Jyeshtha,Mercury,1,Ketu,Leo,"18°38'55.83""",Purva Phalguni,Venus,2,90,90.1958,0.1958
2025-12-19 02:15:00,Aspect,Square,Moon,Scorpio,"18°58'08.42""",Jyeshtha,Mercury,1,Rahu,Aquarius,"18°38'53.85""",Shatabhisha,Rahu,4,90,89.6793,0.3207
2025-12-19 02:15:00,Aspect,Square,Moon,Scorpio,"18°58'08.42""",Jyeshtha,Mercury,1,Ketu,Leo,"18°38'53.85""",Purva Phalguni,Venus,2,90,90.3207,0.3207
2025-12-19 02:30:00,Aspect,Square,Moon,Scorpio,"19°05'36.05""",Jyeshtha,Mercury,1,Rahu,Aquarius,"18°38'51.86""",Shatabhisha,Rahu,4,90,89.5544,0.4456
2025-12-19 02:30:00,Aspect,Square,Moon,Scorpio,"19°05'36.05""",Jyeshtha,Mercury,1,Ketu,Leo,"18°38'51.86""",Purva Phalguni,Venus,2,90,90.4456,0.4456
2025-12-19 02:45:00,Aspect,Square,Moon,Scorpio,"19°13'03.71""",Jyeshtha,Mercury,1,Rahu,Aquarius,"18°38'49.87""",Shatabhisha,Rahu,4,90,89.4295,0.5705
2025-12-19 02:45:00,Aspect,Square,Moon,Scorpio,"19°13'03.71""",Jyeshtha,Mercury,1,Ketu,Leo,"18°38'49.87""",Purva Phalguni,Venus,2,90,90.5705,0.5705
2025-12-19 03:00:00,Aspect,Square,Moon,Scorpio,"19°20'31.41""",Jyeshtha,Mercury,1,Rahu,Aquarius,"18°38'47.88""",Shatabhisha,Rahu,4,90,89.3046,0.6954
2025-12-19 03:00:00,Aspect,Square,Moon,Scorpio,"19°20'31.41""",Jyeshtha,Mercury,1,Ketu,Leo,"18°38'47.88""",Purva Phalguni,Venus,2,90,90.6954,0.6954
2025-12-19 03:15:00,Aspect,Square,Moon,Scorpio,"19°27'59.13""",Jyeshtha,Mercury,1,Rahu,Aquarius,"18°38'45.90""",Shatabhisha,Rahu,4,90,89.1797,0.8203
2025-12-19 03:15:00,Aspect,Square,Moon,Scorpio,"19°27'59.13""",Jyeshtha,Mercury,1,Ketu,Leo,"18°38'45.90""",Purva Phalguni,Venus,2,90,90.8203,0.8203
2025-12-19 03:30:00,Aspect,Square,Moon,Scorpio,"19°35'26.88""",Jyeshtha,Mercury,1,Rahu,Aquarius,"18°38'43.91""",Shatabhisha,Rahu,4,90,89.0547,0.9453
2025-12-19 03:30:00,Aspect,Square,Moon,Scorpio,"19°35'26.88""",Jyeshtha,Mercury,1,Ketu,Leo,"18°38'43.91""",Purva Phalguni,Venus,2,90,90.9453,0.9453
2025-12-19 21:15:00,Aspect,Conjunction,Moon,Scorpio,"28°26'41.72""",Jyeshtha,Mercury,4,Venus,Scorpio,"29°22'12.71""",Jyeshtha,Mercury,4,0,0.9253,0.9253
2025-12-19 21:30:00,Aspect,Conjunction,Moon,Scorpio,"28°34'11.91""",Jyeshtha,Mercury,4,Venus,Scorpio,"29°22'59.91""",Jyeshtha,Mercury,4,0,0.8133,0.8133
2025-12-19 21:45:00,Aspect,Conjunction,Moon,Scorpio,"28°41'42.14""",Jyeshtha,Mercury,4,Venus,Scorpio,"29°23'47.12""",Jyeshtha,Mercury,4,0,0.7014,0.7014
2025-12-19 22:00:00,Aspect,Conjunction,Moon,Scorpio,"28°49'12.41""",Jyeshtha,Mercury,4,Venus,Scorpio,"29°24'34.32""",Jyeshtha,Mercury,4,0,0.5894,0.5894
2025-12-19 22:15:00,Aspect,Conjunction,Moon,Scorpio,"28°56'42.71""",Jyeshtha,Mercury,4,Venus,Scorpio,"29°25'21.53""",Jyeshtha,Mercury,4,0,0.4774,0.4774
2025-12-19 22:30:00,Aspect,Conjunction,Moon,Scorpio,"29°04'13.05""",Jyeshtha,Mercury,4,Venus,Scorpio,"29°26'08.73""",Jyeshtha,Mercury,4,0,0.3655,0.3655
2025-12-19 22:45:00,Aspect,Conjunction,Moon,Scorpio,"29°11'43.43""",Jyeshtha,Mercury,4,Venus,Scorpio,"29°26'55.94""",Jyeshtha,Mercury,4,0,0.2535,0.2535
2025-12-19 23:00:00,Aspect,Conjunction,Moon,Scorpio,"29°19'13.85""",Jyeshtha,Mercury,4,Venus,Scorpio,"29°27'43.14""",Jyeshtha,Mercury,4,0,0.1415,0.1415
2025-12-19 23:15:00,Aspect,Conjunction,Moon,Scorpio,"29°26'44.30""",Jyeshtha,Mercury,4,Venus,Scorpio,"29°28'30.34""",Jyeshtha,Mercury,4,0,0.0295,0.0295
2025-12-19 23:30:00,Aspect,Conjunction,Moon,Scorpio,"29°34'14.78""",Jyeshtha,Mercury,4,Venus,Scorpio,"29°29'17.55""",Jyeshtha,Mercury,4,0,0.0826,0.0826
2025-12-19 23:45:00,Aspect,Conjunction,Moon,Scorpio,"29°41'45.31""",Jyeshtha,Mercury,4,Venus,Scorpio,"29°30'04.75""",Jyeshtha,Mercury,4,0,0.1946,0.1946
2025-12-20 00:00:00,Aspect,Conjunction,Moon,Scorpio,"29°49'15.87""",Jyeshtha,Mercury,4,Venus,Scorpio,"29°30'51.96""",Jyeshtha,Mercury,4,0,0.3066,0.3066
2025-12-20 00:15:00,Aspect,Conjunction,Moon,Scorpio,"29°56'46.47""",Jyeshtha,Mercury,4,Venus,Scorpio,"29°31'39.16""",Jyeshtha,Mercury,4,0,0.4187,0.4187
2025-12-20 00:30:00,Aspect,Conjunction,Moon,Sagittarius,"0°04'17.10""",Mula,Ketu,1,Venus,Scorpio,"29°32'26.36""",Jyeshtha,Mercury,4,0,0.5308,0.5308
2025-12-20 00:45:00,Aspect,Conjunction,Moon,Sagittarius,"0°11'47.78""",Mula,Ketu,1,Venus,Scorpio,"29°33'13.57""",Jyeshtha,Mercury,4,0,0.6428,0.6428
2025-12-20 01:00:00,Aspect,Conjunction,Moon,Sagittarius,"0°19'18.49""",Mula,Ketu,1,Venus,Scorpio,"29°34'00.77""",Jyeshtha,Mercury,4,0,0.7549,0.7549
2025-12-20 01:15:00,Aspect,Conjunction,Moon,Sagittarius,"0°26'49.24""",Mula,Ketu,1,Venus,Scorpio,"29°34'47.98""",Jyeshtha,Mercury,4,0,0.867,0.867
2025-12-20 01:15:00,Aspect,Square,Moon,Sagittarius,"0°26'49.24""",Mula,Ketu,1,Saturn,Pisces,"1°21'10.89""",Purva Bhadrapada,Jupiter,4,90,90.906,0.906
2025-12-20 01:30:00,Aspect,Conjunction,Moon,Sagittarius,"0°34'20.02""",Mula,Ketu,1,Venus,Scorpio,"29°35'35.18""",Jyeshtha,Mercury,4,0,0.9791,0.9791
2025-12-20 01:30:00,Aspect,Square,Moon,Sagittarius,"0°34'20.02""",Mula,Ketu,1,Saturn,Pisces,"1°21'12.32""",Purva Bhadrapada,Jupiter,4,90,90.7812,0.7812
2025-12-20 01:45:00,Aspect,Square,Moon,Sagittarius,"0°41'50.85""",Mula,Ketu,1,Saturn,Pisces,"1°21'13.76""",Purva Bhadrapada,Jupiter,4,90,90.6564,0.6564
2025-12-20 02:00:00,Aspect,Square,Moon,Sagittarius,"0°49'21.71""",Mula,Ketu,1,Saturn,Pisces,"1°21'15.19""",Purva Bhadrapada,Jupiter,4,90,90.5315,0.5315
2025-12-20 02:15:00,Aspect,Square,Moon,Sagittarius,"0°56'52.60""",Mula,Ketu,1,Saturn,Pisces,"1°21'16.63""",Purva Bhadrapada,Jupiter,4,90,90.4067,0.4067
2025-12-20 02:30:00,Aspect,Square,Moon,Sagittarius,"1°04'23.54""",Mula,Ketu,1,Saturn,Pisces,"1°21'18.06""",Purva Bhadrapada,Jupiter,4,90,90.2818,0.2818
2025-12-20 02:45:00,Aspect,Square,Moon,Sagittarius,"1°11'54.51""",Mula,Ketu,1,Saturn,Pisces,"1°21'19.50""",Purva Bhadrapada,Jupiter,4,90,90.1569,0.1569
2025-12-20 03:00:00,Aspect,Square,Moon,Sagittarius,"1°19'25.53""",Mula,Ketu,1,Saturn,Pisces,"1°21'20.94""",Purva Bhadrapada,Jupiter,4,90,90.0321,0.0321
2025-12-20 03:15:00,Aspect,Square,Moon,Sagittarius,"1°26'56.58""",Mula,Ketu,1,Saturn,Pisces,"1°21'22.38""",Purva Bhadrapada,Jupiter,4,90,89.9072,0.0928
2025-12-20 03:30:00,Aspect,Square,Moon,Sagittarius,"1°34'27.66""",Mula,Ketu,1,Saturn,Pisces,"1°21'23.82""",Purva Bhadrapada,Jupiter,4,90,89.7823,0.2177
2025-12-20 03:45:00,Aspect,Square,Moon,Sagittarius,"1°41'58.79""",Mula,Ketu,1,Saturn,Pisces,"1°21'25.26""",Purva Bhadrapada,Jupiter,4,90,89.6574,0.3426
2025-12-20 04:00:00,Aspect,Square,Moon,Sagittarius,"1°49'29.95""",Mula,Ketu,1,Saturn,Pisces,"1°21'26.70""",Purva Bhadrapada,Jupiter,4,90,89.5324,0.4676
2025-12-20 04:15:00,Aspect,Square,Moon,Sagittarius,"1°57'01.15""",Mula,Ketu,1,Saturn,Pisces,"1°21'28.14""",Purva Bhadrapada,Jupiter,4,90,89.4075,0.5925
2025-12-20 04:30:00,Aspect,Square,Moon,Sagittarius,"2°04'32.39""",Mula,Ketu,1,Saturn,Pisces,"1°21'29.58""",Purva Bhadrapada,Jupiter,4,90,89.2826,0.7174
2025-12-20 04:45:00,Aspect,Square,Moon,Sagittarius,"2°12'03.67""",Mula,Ketu,1,Saturn,Pisces,"1°21'31.02""",Purva Bhadrapada,Jupiter,4,90,89.1576,0.8424
2025-12-20 05:00:00,Aspect,Square,Moon,Sagittarius,"2°19'34.99""",Mula,Ketu,1,Saturn,Pisces,"1°21'32.46""",Purva Bhadrapada,Jupiter,4,90,89.0326,0.9674
2025-12-20 06:45:00,Aspect,Conjunction,Sun,Sagittarius,"4°06'38.99""",Mula,Ketu,2,Moon,Sagittarius,"3°12'15.28""",Mula,Ketu,1,0,0.9066,0.9066
2025-12-20 07:00:00,Aspect,Conjunction,Sun,Sagittarius,"4°07'17.18""",Mula,Ketu,2,Moon,Sagittarius,"3°19'46.91""",Mula,Ketu,1,0,0.7917,0.7917
2025-12-20 07:15:00,Aspect,Conjunction,Sun,Sagittarius,"4°07'55.37""",Mula,Ketu,2,Moon,Sagittarius,"3°27'18.57""",Mula,Ketu,2,0,0.6769,0.6769
2025-12-20 07:30:00,Aspect,Conjunction,Sun,Sagittarius,"4°08'33.55""",Mula,Ketu,2,Moon,Sagittarius,"3°34'50.28""",Mula,Ketu,2,0,0.562,0.562
2025-12-20 07:45:00,Aspect,Conjunction,Sun,Sagittarius,"4°09'11.74""",Mula,Ketu,2,Moon,Sagittarius,"3°42'22.02""",Mula,Ketu,2,0,0.4471,0.4471
2025-12-20 08:00:00,Aspect,Conjunction,Sun,Sagittarius,"4°09'49.93""",Mula,Ketu,2,Moon,Sagittarius,"3°49'53.80""",Mula,Ketu,2,0,0.3323,0.3323
2025-12-20 08:15:00,Aspect,Conjunction,Sun,Sagittarius,"4°10'28.12""",Mula,Ketu,2,Moon,Sagittarius,"3°57'25.62""",Mula,Ketu,2,0,0.2174,0.2174
2025-12-20 08:30:00,Aspect,Conjunction,Sun,Sagittarius,"4°11'06.31""",Mula,Ketu,2,Moon,Sagittarius,"4°04'57.48""",Mula,Ketu,2,0,0.1025,0.1025
2025-12-20 08:45:00,Aspect,Conjunction,Sun,Sagittarius,"4°11'44.50""",Mula,Ketu,2,Moon,Sagittarius,"4°12'29.38""",Mula,Ketu,2,0,0.0125,0.0125
2025-12-20 09:00:00,Aspect,Conjunction,Sun,Sagittarius,"4°12'22.69""",Mula,Ketu,2,Moon,Sagittarius,"4°20'01.32""",Mula,Ketu,2,0,0.1274,0.1274
2025-12-20 09:15:00,Aspect,Conjunction,Sun,Sagittarius,"4°13'00.88""",Mula,Ketu,2,Moon,Sagittarius,"4°27'33.29""",Mula,Ketu,2,0,0.2423,0.2423
2025-12-20 09:30:00,Aspect,Conjunction,Sun,Sagittarius,"4°13'39.07""",Mula,Ketu,2,Moon,Sagittarius,"4°35'05.31""",Mula,Ketu,2,0,0.3573,0.3573
2025-12-20 09:45:00,Aspect,Conjunction,Sun,Sagittarius,"4°14'17.26""",Mula,Ketu,2,Moon,Sagittarius,"4°42'37.37""",Mula,Ketu,2,0,0.4723,0.4723
2025-12-20 10:00:00,Aspect,Conjunction,Sun,Sagittarius,"4°14'55.45""",Mula,Ketu,2,Moon,Sagittarius,"4°50'09.46""",Mula,Ketu,2,0,0.5872,0.5872
2025-12-20 10:15:00,Aspect,Conjunction,Sun,Sagittarius,"4°15'33.64""",Mula,Ketu,2,Moon,Sagittarius,"4°57'41.60""",Mula,Ketu,2,0,0.7022,0.7022
2025-12-20 10:30:00,Aspect,Conjunction,Sun,Sagittarius,"4°16'11.83""",Mula,Ketu,2,Moon,Sagittarius,"5°05'13.77""",Mula,Ketu,2,0,0.8172,0.8172
2025-12-20 10:45:00,Aspect,Conjunction,Sun,Sagittarius,"4°16'50.02""",Mula,Ketu,2,Moon,Sagittarius,"5°12'45.99""",Mula,Ketu,2,0,0.9322,0.9322
2025-12-20 16:30:00,Aspect,Square,Venus,Sagittarius,"0°22'47.44""",Mula,Ketu,1,Saturn,Pisces,"1°22'39.56""",Purva Bhadrapada,Jupiter,4,90,90.9978,0.9978
2025-12-20 16:45:00,Aspect,Square,Venus,Sagittarius,"0°23'34.65""",Mula,Ketu,1,Saturn,Pisces,"1°22'41.03""",Purva Bhadrapada,Jupiter,4,90,90.9851,0.9851
2025-12-20 17:00:00,Aspect,Square,Venus,Sagittarius,"0°24'21.85""",Mula,Ketu,1,Saturn,Pisces,"1°22'42.51""",Purva Bhadrapada,Jupiter,4,90,90.9724,0.9724
2025-12-20 17:15:00,Aspect,Square,Venus,Sagittarius,"0°25'09.06""",Mula,Ketu,1,Saturn,Pisces,"1°22'43.98""",Purva Bhadrapada,Jupiter,4,90,90.9597,0.9597
2025-12-20 17:30:00,Aspect,Square,Venus,Sagittarius,"0°25'56.26""",Mula,Ketu,1,Saturn,Pisces,"1°22'45.46""",Purva Bhadrapada,Jupiter,4,90,90.947,0.947
2025-12-20 17:45:00,Aspect,Conjunction,Moon,Sagittarius,"8°44'04.38""",Mula,Ketu,3,Mars,Sagittarius,"9°39'35.72""",Mula,Ketu,3,0,0.9254,0.9254
2025-12-20 17:45:00,Aspect,Square,Venus,Sagittarius,"0°26'43.47""",Mula,Ketu,1,Saturn,Pisces,"1°22'46.94""",Purva Bhadrapada,Jupiter,4,90,90.9343,0.9343
2025-12-20 18:00:00,Aspect,Conjunction,Moon,Sagittarius,"8°51'37.78""",Mula,Ketu,3,Mars,Sagittarius,"9°40'04.15""",Mula,Ketu,3,0,0.8073,0.8073
2025-12-20 18:00:00,Aspect,Square,Venus,Sagittarius,"0°27'30.67""",Mula,Ketu,1,Saturn,Pisces,"1°22'48.41""",Purva Bhadrapada,Jupiter,4,90,90.9216,0.9216
2025-12-20 18:15:00,Aspect,Conjunction,Moon,Sagittarius,"8°59'11.21""",Mula,Ketu,3,Mars,Sagittarius,"9°40'32.59""",Mula,Ketu,3,0,0.6893,0.6893
2025-12-20 18:15:00,Aspect,Square,Venus,Sagittarius,"0°28'17.88""",Mula,Ketu,1,Saturn,Pisces,"1°22'49.89""",Purva Bhadrapada,Jupiter,4,90,90.9089,0.9089
2025-12-20 18:30:00,Aspect,Conjunction,Moon,Sagittarius,"9°06'44.69""",Mula,Ketu,3,Mars,Sagittarius,"9°41'01.02""",Mula,Ketu,3,0,0.5712,0.5712
2025-12-20 18:30:00,Aspect,Square,Venus,Sagittarius,"0°29'05.08""",Mula,Ketu,1,Saturn,Pisces,"1°22'51.37""",Purva Bhadrapada,Jupiter,4,90,90.8962,0.8962
2025-12-20 18:45:00,Aspect,Conjunction,Moon,Sagittarius,"9°14'18.21""",Mula,Ketu,3,Mars,Sagittarius,"9°41'29.45""",Mula,Ketu,3,0,0.4531,0.4531
2025-12-20 18:45:00,Aspect,Square,Venus,Sagittarius,"0°29'52.28""",Mula,Ketu,1,Saturn,Pisces,"1°22'52.85""",Purva Bhadrapada,Jupiter,4,90,90.8835,0.8835
2025-12-20 19:00:00,Aspect,Conjunction,Moon,Sagittarius,"9°21'51.76""",Mula,Ketu,3,Mars,Sagittarius,"9°41'57.88""",Mula,Ketu,3,0,0.335,0.335
2025-12-20 19:00:00,Aspect,Square,Venus,Sagittarius,"0°30'39.49""",Mula,Ketu,1,Saturn,Pisces,"1°22'54.33""",Purva Bhadrapada,Jupiter,4,90,90.8708,0.8708
2025-12-20 19:15:00,Aspect,Conjunction,Moon,Sagittarius,"9°29'25.37""",Mula,Ketu,3,Mars,Sagittarius,"9°42'26.31""",Mula,Ketu,3,0,0.2169,0.2169
2025-12-20 19:15:00,Aspect,Square,Venus,Sagittarius,"0°31'26.69""",Mula,Ketu,1,Saturn,Pisces,"1°22'55.81""",Purva Bhadrapada,Jupiter,4,90,90.8581,0.8581
2025-12-20 19:30:00,Aspect,Conjunction,Moon,Sagittarius,"9°36'59.01""",Mula,Ketu,3,Mars,Sagittarius,"9°42'54.74""",Mula,Ketu,3,0,0.0988,0.0988
2025-12-20 19:30:00,Aspect,Square,Venus,Sagittarius,"0°32'13.90""",Mula,Ketu,1,Saturn,Pisces,"1°22'57.29""",Purva Bhadrapada,Jupiter,4,90,90.8454,0.8454
2025-12-20 19:45:00,Aspect,Conjunction,Moon,Sagittarius,"9°44'32.69""",Mula,Ketu,3,Mars,Sagittarius,"9°43'23.17""",Mula,Ketu,3,0,0.0193,0.0193
2025-12-20 19:45:00,Aspect,Square,Venus,Sagittarius,"0°33'01.10""",Mula,Ketu,1,Saturn,Pisces,"1°22'58.77""",Purva Bhadrapada,Jupiter,4,90,90.8327,0.8327
2025-12-20 20:00:00,Aspect,Conjunction,Moon,Sagittarius,"9°52'06.42""",Mula,Ketu,3,Mars,Sagittarius,"9°43'51.61""",Mula,Ketu,3,0,0.1374,0.1374
2025-12-20 20:00:00,Aspect,Square,Venus,Sagittarius,"0°33'48.31""",Mula,Ketu,1,Saturn,Pisces,"1°23'00.26""",Purva Bhadrapada,Jupiter,4,90,90.82,0.82
2025-12-20 20:15:00,Aspect,Conjunction,Moon,Sagittarius,"9°59'40.19""",Mula,Ketu,3,Mars,Sagittarius,"9°44'20.04""",Mula,Ketu,3,0,0.2556,0.2556
2025-12-20 20:15:00,Aspect,Square,Venus,Sagittarius,"0°34'35.51""",Mula,Ketu,1,Saturn,Pisces,"1°23'01.74""",Purva Bhadrapada,Jupiter,4,90,90.8073,0.8073
2025-12-20 20:30:00,Aspect,Conjunction,Moon,Sagittarius,"10°07'14.00""",Mula,Ketu,4,Mars,Sagittarius,"9°44'48.47""",Mula,Ketu,3,0,0.3738,0.3738
2025-12-20 20:30:00,Aspect,Square,Venus,Sagittarius,"0°35'22.72""",Mula,Ketu,1,Saturn,Pisces,"1°23'03.23""",Purva Bhadrapada,Jupiter,4,90,90.7946,0.7946
2025-12-20 20:45:00,Aspect,Conjunction,Moon,Sagittarius,"10°14'47.85""",Mula,Ketu,4,Mars,Sagittarius,"9°45'16.91""",Mula,Ketu,3,0,0.4919,0.4919
2025-12-20 20:45:00,Aspect,Square,Venus,Sagittarius,"0°36'09.92""",Mula,Ketu,1,Saturn,Pisces,"1°23'04.71""",Purva Bhadrapada,Jupiter,4,90,90.7819,0.7819
2025-12-20 21:00:00,Aspect,Conjunction,Moon,Sagittarius,"10°22'21.75""",Mula,Ketu,4,Mars,Sagittarius,"9°45'45.34""",Mula,Ketu,3,0,0.6101,0.6101
2025-12-20 21:00:00,Aspect,Square,Venus,Sagittarius,"0°36'57.12""",Mula,Ketu,1,Saturn,Pisces,"1°23'06.20""",Purva Bhadrapada,Jupiter,4,90,90.7692,0.7692
2025-12-20 21:15:00,Aspect,Conjunction,Moon,Sagittarius,"10°29'55.68""",Mula,Ketu,4,Mars,Sagittarius,"9°46'13.77""",Mula,Ketu,3,0,0.7283,0.7283
2025-12-20 21:15:00,Aspect,Square,Venus,Sagittarius,"0°37'44.33""",Mula,Ketu,1,Saturn,Pisces,"1°23'07.68""",Purva Bhadrapada,Jupiter,4,90,90.7565,0.7565
2025-12-20 21:30:00,Aspect,Conjunction,Moon,Sagittarius,"10°37'29.66""",Mula,Ketu,4,Mars,Sagittarius,"9°46'42.21""",Mula,Ketu,3,0,0.8465,0.8465
2025-12-20 21:30:00,Aspect,Square,Venus,Sagittarius,"0°38'31.53""",Mula,Ketu,1,Saturn,Pisces,"1°23'09.17""",Purva Bhadrapada,Jupiter,4,90,90.7438,0.7438
2025-12-20 21:45:00,Aspect,Conjunction,Moon,Sagittarius,"10°45'03.69""",Mula,Ketu,4,Mars,Sagittarius,"9°47'10.64""",Mula,Ketu,3,0,0.9647,0.9647
2025-12-20 21:45:00,Aspect,Square,Venus,Sagittarius,"0°39'18.74""",Mula,Ketu,1,Saturn,Pisces,"1°23'10.66""",Purva Bhadrapada,Jupiter,4,90,90.7311,0.7311
2025-12-20 22:00:00,Aspect,Square,Venus,Sagittarius,"0°40'05.94""",Mula,Ketu,1,Saturn,Pisces,"1°23'12.15""",Purva Bhadrapada,Jupiter,4,90,90.7184,0.7184
2025-12-20 22:15:00,Aspect,Square,Venus,Sagittarius,"0°40'53.15""",Mula,Ketu,1,Saturn,Pisces,"1°23'13.63""",Purva Bhadrapada,Jupiter,4,90,90.7057,0.7057
2025-12-20 22:30:00,Aspect,Square,Mercury,Scorpio,"17°33'08.03""",Jyeshtha,Mercury,1,Rahu,Aquarius,"18°33'02.11""",Shatabhisha,Rahu,4,90,90.9984,0.9984
2025-12-20 22:30:00,Aspect,Square,Mercury,Scorpio,"17°33'08.03""",Jyeshtha,Mercury,1,Ketu,Leo,"18°33'02.11""",Purva Phalguni,Venus,2,90,89.0016,0.9984
2025-12-20 22:30:00,Aspect,Square,Venus,Sagittarius,"0°41'40.35""",Mula,Ketu,1,Saturn,Pisces,"1°23'15.12""",Purva Bhadrapada,Jupiter,4,90,90.693,0.693
2025-12-20 22:45:00,Aspect,Square,Mercury,Scorpio,"17°34'01.87""",Jyeshtha,Mercury,1,Rahu,Aquarius,"18°33'00.12""",Shatabhisha,Rahu,4,90,90.9828,0.9828
2025-12-20 22:45:00,Aspect,Square,Mercury,Scorpio,"17°34'01.87""",Jyeshtha,Mercury,1,Ketu,Leo,"18°33'00.12""",Purva Phalguni,Venus,2,90,89.0172,0.9828
2025-12-20 22:45:00,Aspect,Square,Venus,Sagittarius,"0°42'27.56""",Mula,Ketu,1,Saturn,Pisces,"1°23'16.61""",Purva Bhadrapada,Jupiter,4,90,90.6803,0.6803
2025-12-20 23:00:00,Aspect,Square,Mercury,Scorpio,"17°34'55.72""",Jyeshtha,Mercury,1,Rahu,Aquarius,"18°32'58.14""",Shatabhisha,Rahu,4,90,90.9673,0.9673
2025-12-20 23:00:00,Aspect,Square,Mercury,Scorpio,"17°34'55.72""",Jyeshtha,Mercury,1,Ketu,Leo,"18°32'58.14""",Purva Phalguni,Venus,2,90,89.0327,0.9673
2025-12-20 23:00:00,Aspect,Square,Venus,Sagittarius,"0°43'14.76""",Mula,Ketu,1,Saturn,Pisces,"1°23'18.10""",Purva Bhadrapada,Jupiter,4,90,90.6676,0.6676
2025-12-20 23:15:00,Aspect,Square,Mercury,Scorpio,"17°35'49.58""",Jyeshtha,Mercury,1,Rahu,Aquarius,"18°32'56.15""",Shatabhisha,Rahu,4,90,90.9518,0.9518
2025-12-20 23:15:00,Aspect,Square,Mercury,Scorpio,"17°35'49.58""",Jyeshtha,Mercury,1,Ketu,Leo,"18°32'56.15""",Purva Phalguni,Venus,2,90,89.0482,0.9518
2025-12-20 23:15:00,Aspect,Square,Venus,Sagittarius,"0°44'01.97""",Mula,Ketu,1,Saturn,Pisces,"1°23'19.60""",Purva Bhadrapada,Jupiter,4,90,90.6549,0.6549
2025-12-20 23:30:00,Aspect,Square,Mercury,Scorpio,"17°36'43.44""",Jyeshtha,Mercury,1,Rahu,Aquarius,"18°32'54.16""",Shatabhisha,Rahu,4,90,90.9363,0.9363
2025-12-20 23:30:00,Aspect,Square,Mercury,Scorpio,"17°36'43.44""",Jyeshtha,Mercury,1,Ketu,Leo,"18°32'54.16""",Purva Phalguni,Venus,2,90,89.0637,0.9363
2025-12-20 23:30:00,Aspect,Square,Venus,Sagittarius,"0°44'49.17""",Mula,Ketu,1,Saturn,Pisces,"1°23'21.09""",Purva Bhadrapada,Jupiter,4,90,90.6422,0.6422
2025-12-20 23:45:00,Aspect,Square,Mercury,Scorpio,"17°37'37.30""",Jyeshtha,Mercury,1,Rahu,Aquarius,"18°32'52.18""",Shatabhisha,Rahu,4,90,90.9208,0.9208
2025-12-20 23:45:00,Aspect,Square,Mercury,Scorpio,"17°37'37.30""",Jyeshtha,Mercury,1,Ketu,Leo,"18°32'52.18""",Purva Phalguni,Venus,2,90,89.0792,0.9208
2025-12-20 23:45:00,Aspect,Square,Venus,Sagittarius,"0°45'36.37""",Mula,Ketu,1,Saturn,Pisces,"1°23'22.58""",Purva Bhadrapada,Jupiter,4,90,90.6295,0.6295
2025-12-21 00:00:00,Aspect,Square,Mercury,Scorpio,"17°38'31.17""",Jyeshtha,Mercury,1,Rahu,Aquarius,"18°32'50.19""",Shatabhisha,Rahu,4,90,90.9053,0.9053
2025-12-21 00:00:00,Aspect,Square,Mercury,Scorpio,"17°38'31.17""",Jyeshtha,Mercury,1,Ketu,Leo,"18°32'50.19""",Purva Phalguni,Venus,2,90,89.0947,0.9053
2025-12-21 00:00:00,Aspect,Square,Venus,Sagittarius,"0°46'23.58""",Mula,Ketu,1,Saturn,Pisces,"1°23'24.08""",Purva Bhadrapada,Jupiter,4,90,90.6168,0.6168
2025-12-21 00:15:00,Aspect,Square,Mercury,Scorpio,"17°39'25.04""",Jyeshtha,Mercury,1,Rahu,Aquarius,"18°32'48.20""",Shatabhisha,Rahu,4,90,90.8898,0.8898
2025-12-21 00:15:00,Aspect,Square,Mercury,Scorpio,"17°39'25.04""",Jyeshtha,Mercury,1,Ketu,Leo,"18°32'48.20""",Purva Phalguni,Venus,2,90,89.1102,0.8898
2025-12-21 00:15:00,Aspect,Square,Venus,Sagittarius,"0°47'10.78""",Mula,Ketu,1,Saturn,Pisces,"1°23'25.57""",Purva Bhadrapada,Jupiter,4,90,90.6041,0.6041
2025-12-21 00:30:00,Aspect,Square,Mercury,Scorpio,"17°40'18.92""",Jyeshtha,Mercury,1,Rahu,Aquarius,"18°32'46.21""",Shatabhisha,Rahu,4,90,90.8742,0.8742
2025-12-21 00:30:00,Aspect,Square,Mercury,Scorpio,"17°40'18.92""",Jyeshtha,Mercury,1,Ketu,Leo,"18°32'46.21""",Purva Phalguni,Venus,2,90,89.1258,0.8742
2025-12-21 00:30:00,Aspect,Square,Venus,Sagittarius,"0°47'57.99""",Mula,Ketu,1,Saturn,Pisces,"1°23'27.06""",Purva Bhadrapada,Jupiter,4,90,90.5914,0.5914
2025-12-21 00:45:00,Aspect,Square,Mercury,Scorpio,"17°41'12.80""",Jyeshtha,Mercury,1,Rahu,Aquarius,"18°32'44.23""",Shatabhisha,Rahu,4,90,90.8587,0.8587
2025-12-21 00:45:00,Aspect,Square,Mercury,Scorpio,"17°41'12.80""",Jyeshtha,Mercury,1,Ketu,Leo,"18°32'44.23""",Purva Phalguni,Venus,2,90,89.1413,0.8587
2025-12-21 00:45:00,Aspect,Square,Venus,Sagittarius,"0°48'45.19""",Mula,Ketu,1,Saturn,Pisces,"1°23'28.56""",Purva Bhadrapada,Jupiter,4,90,90.5787,0.5787
2025-12-21 01:00:00,Aspect,Square,Mercury,Scorpio,"17°42'06.69""",Jyeshtha,Mercury,1,Rahu,Aquarius,"18°32'42.24""",Shatabhisha,Rahu,4,90,90.8432,0.8432
2025-12-21 01:00:00,Aspect,Square,Mercury,Scorpio,"17°42'06.69""",Jyeshtha,Mercury,1,Ketu,Leo,"18°32'42.24""",Purva Phalguni,Venus,2,90,89.1568,0.8432
2025-12-21 01:00:00,Aspect,Square,Venus,Sagittarius,"0°49'32.40""",Mula,Ketu,1,Saturn,Pisces,"1°23'30.06""",Purva Bhadrapada,Jupiter,4,90,90.566,0.566
2025-12-21 01:15:00,Aspect,Square,Mercury,Scorpio,"17°43'00.58""",Jyeshtha,Mercury,1,Rahu,Aquarius,"18°32'40.25""",Shatabhisha,Rahu,4,90,90.8277,0.8277
2025-12-21 01:15:00,Aspect,Square,Mercury,Scorpio,"17°43'00.58""",Jyeshtha,Mercury,1,Ketu,Leo,"18°32'40.25""",Purva Phalguni,Venus,2,90,89.1723,0.8277
2025-12-21 01:15:00,Aspect,Square,Venus,Sagittarius,"0°50'19.60""",Mula,Ketu,1,Saturn,Pisces,"1°23'31.55""",Purva Bhadrapada,Jupiter,4,90,90.5533,0.5533
2025-12-21 01:30:00,Aspect,Square,Mercury,Scorpio,"17°43'54.48""",Jyeshtha,Mercury,1,Rahu,Aquarius,"18°32'38.27""",Shatabhisha,Rahu,4,90,90.8122,0.8122
2025-12-21 01:30:00,Aspect,Square,Mercury,Scorpio,"17°43'54.48""",Jyeshtha,Mercury,1,Ketu,Leo,"18°32'38.27""",Purva Phalguni,Venus,2,90,89.1878,0.8122
2025-12-21 01:30:00,Aspect,Square,Venus,Sagittarius,"0°51'06.81""",Mula,Ketu,1,Saturn,Pisces,"1°23'33.05""",Purva Bhadrapada,Jupiter,4,90,90.5406,0.5406
2025-12-21 01:45:00,Aspect,Square,Mercury,Scorpio,"17°44'48.38""",Jyeshtha,Mercury,1,Rahu,Aquarius,"18°32'36.28""",Shatabhisha,Rahu,4,90,90.7966,0.7966
2025-12-21 01:45:00,Aspect,Square,Mercury,Scorpio,"17°44'48.38""",Jyeshtha,Mercury,1,Ketu,Leo,"18°32'36.28""",Purva Phalguni,Venus,2,90,89.2034,0.7966
2025-12-21 01:45:00,Aspect,Square,Venus,Sagittarius,"0°51'54.01""",Mula,Ketu,1,Saturn,Pisces,"1°23'34.55""",Purva Bhadrapada,Jupiter,4,90,90.5279,0.5279
2025-12-21 02:00:00,Aspect,Square,Mercury,Scorpio,"17°45'42.29""",Jyeshtha,Mercury,1,Rahu,Aquarius,"18°32'34.29""",Shatabhisha,Rahu,4,90,90.7811,0.7811
2025-12-21 02:00:00,Aspect,Square,Mercury,Scorpio,"17°45'42.29""",Jyeshtha,Mercury,1,Ketu,Leo,"18°32'34.29""",Purva Phalguni,Venus,2,90,89.2189,0.7811
2025-12-21 02:00:00,Aspect,Square,Venus,Sagittarius,"0°52'41.22""",Mula,Ketu,1,Saturn,Pisces,"1°23'36.05""",Purva Bhadrapada,Jupiter,4,90,90.5152,0.5152
2025-12-21 02:15:00,Aspect,Square,Mercury,Scorpio,"17°46'36.20""",Jyeshtha,Mercury,1,Rahu,Aquarius,"18°32'32.30""",Shatabhisha,Rahu,4,90,90.7656,0.7656
2025-12-21 02:15:00,Aspect,Square,Mercury,Scorpio,"17°46'36.20""",Jyeshtha,Mercury,1,Ketu,Leo,"18°32'32.30""",Purva Phalguni,Venus,2,90,89.2344,0.7656
2025-12-21 02:15:00,Aspect,Square,Venus,Sagittarius,"0°53'28.42""",Mula,Ketu,1,Saturn,Pisces,"1°23'37.55""",Purva Bhadrapada,Jupiter,4,90,90.5025,0.5025
2025-12-21 02:30:00,Aspect,Square,Mercury,Scorpio,"17°47'30.12""",Jyeshtha,Mercury,1,Rahu,Aquarius,"18°32'30.32""",Shatabhisha,Rahu,4,90,90.7501,0.7501
2025-12-21 02:30:00,Aspect,Square,Mercury,Scorpio,"17°47'30.12""",Jyeshtha,Mercury,1,Ketu,Leo,"18°32'30.32""",Purva Phalguni,Venus,2,90,89.2499,0.7501
2025-12-21 02:30:00,Aspect,Square,Venus,Sagittarius,"0°54'15.62""",Mula,Ketu,1,Saturn,Pisces,"1°23'39.05""",Purva Bhadrapada,Jupiter,4,90,90.4898,0.4898
2025-12-21 02:45:00,Aspect,Square,Mercury,Scorpio,"17°48'24.04""",Jyeshtha,Mercury,1,Rahu,Aquarius,"18°32'28.33""",Shatabhisha,Rahu,4,90,90.7345,0.7345
2025-12-21 02:45:00,Aspect,Square,Mercury,Scorpio,"17°48'24.04""",Jyeshtha,Mercury,1,Ketu,Leo,"18°32'28.33""",Purva Phalguni,Venus,2,90,89.2655,0.7345
2025-12-21 02:45:00,Aspect,Square,Venus,Sagittarius,"0°55'02.83""",Mula,Ketu,1,Saturn,Pisces,"1°23'40.55""",Purva Bhadrapada,Jupiter,4,90,90.4771,0.4771
2025-12-21 03:00:00,Aspect,Square,Mercury,Scorpio,"17°49'17.97""",Jyeshtha,Mercury,1,Rahu,Aquarius,"18°32'26.34""",Shatabhisha,Rahu,4,90,90.719,0.719
2025-12-21 03:00:00,Aspect,Square,Mercury,Scorpio,"17°49'17.97""",Jyeshtha,Mercury,1,Ketu,Leo,"18°32'26.34""",Purva Phalguni,Venus,2,90,89.281,0.719
2025-12-21 03:00:00,Aspect,Square,Venus,Sagittarius,"0°55'50.03""",Mula,Ketu,1,Saturn,Pisces,"1°23'42.05""",Purva Bhadrapada,Jupiter,4,90,90.4644,0.4644
2025-12-21 03:15:00,Aspect,Square,Mercury,Scorpio,"17°50'11.90""",Jyeshtha,Mercury,1,Rahu,Aquarius,"18°32'24.36""",Shatabhisha,Rahu,4,90,90.7035,0.7035
2025-12-21 03:15:00,Aspect,Square,Mercury,Scorpio,"17°50'11.90""",Jyeshtha,Mercury,1,Ketu,Leo,"18°32'24.36""",Purva Phalguni,Venus,2,90,89.2965,0.7035
2025-12-21 03:15:00,Aspect,Square,Venus,Sagittarius,"0°56'37.24""",Mula,Ketu,1,Saturn,Pisces,"1°23'43.55""",Purva Bhadrapada,Jupiter,4,90,90.4518,0.4518
2025-12-21 03:30:00,Aspect,Square,Mercury,Scorpio,"17°51'05.84""",Jyeshtha,Mercury,1,Rahu,Aquarius,"18°32'22.37""",Shatabhisha,Rahu,4,90,90.6879,0.6879
2025-12-21 03:30:00,Aspect,Square,Mercury,Scorpio,"17°51'05.84""",Jyeshtha,Mercury,1,Ketu,Leo,"18°32'22.37""",Purva Phalguni,Venus,2,90,89.3121,0.6879
2025-12-21 03:30:00,Aspect,Square,Venus,Sagittarius,"0°57'24.44""",Mula,Ketu,1,Saturn,Pisces,"1°23'45.06""",Purva Bhadrapada,Jupiter,4,90,90.4391,0.4391
2025-12-21 03:45:00,Aspect,Square,Mercury,Scorpio,"17°51'59.78""",Jyeshtha,Mercury,1,Rahu,Aquarius,"18°32'20.38""",Shatabhisha,Rahu,4,90,90.6724,0.6724
2025-12-21 03:45:00,Aspect,Square,Mercury,Scorpio,"17°51'59.78""",Jyeshtha,Mercury,1,Ketu,Leo,"18°32'20.38""",Purva Phalguni,Venus,2,90,89.3276,0.6724
2025-12-21 03:45:00,Aspect,Square,Venus,Sagittarius,"0°58'11.65""",Mula,Ketu,1,Saturn,Pisces,"1°23'46.56""",Purva Bhadrapada,Jupiter,4,90,90.4264,0.4264
2025-12-21 04:00:00,Aspect,Square,Mercury,Scorpio,"17°52'53.72""",Jyeshtha,Mercury,1,Rahu,Aquarius,"18°32'18.39""",Shatabhisha,Rahu,4,90,90.6569,0.6569
2025-12-21 04:00:00,Aspect,Square,Mercury,Scorpio,"17°52'53.72""",Jyeshtha,Mercury,1,Ketu,Leo,"18°32'18.39""",Purva Phalguni,Venus,2,90,89.3431,0.6569
2025-12-21 04:00:00,Aspect,Square,Venus,Sagittarius,"0°58'58.85""",Mula,Ketu,1,Saturn,Pisces,"1°23'48.06""",Purva Bhadrapada,Jupiter,4,90,90.4137,0.4137
2025-12-21 04:15:00,Aspect,Square,Mercury,Scorpio,"17°53'47.67""",Jyeshtha,Mercury,1,Rahu,Aquarius,"18°32'16.41""",Shatabhisha,Rahu,4,90,90.6413,0.6413
2025-12-21 04:15:00,Aspect,Square,Mercury,Scorpio,"17°53'47.67""",Jyeshtha,Mercury,1,Ketu,Leo,"18°32'16.41""",Purva Phalguni,Venus,2,90,89.3587,0.6413
2025-12-21 04:15:00,Aspect,Square,Venus,Sagittarius,"0°59'46.06""",Mula,Ketu,1,Saturn,Pisces,"1°23'49.57""",Purva Bhadrapada,Jupiter,4,90,90.401,0.401
2025-12-21 04:30:00,Aspect,Square,Mercury,Scorpio,"17°54'41.63""",Jyeshtha,Mercury,1,Rahu,Aquarius,"18°32'14.42""",Shatabhisha,Rahu,4,90,90.6258,0.6258
2025-12-21 04:30:00,Aspect,Square,Mercury,Scorpio,"17°54'41.63""",Jyeshtha,Mercury,1,Ketu,Leo,"18°32'14.42""",Purva Phalguni,Venus,2,90,89.3742,0.6258
2025-12-21 04:30:00,Aspect,Square,Venus,Sagittarius,"1°00'33.26""",Mula,Ketu,1,Saturn,Pisces,"1°23'51.07""",Purva Bhadrapada,Jupiter,4,90,90.3883,0.3883
2025-12-21 04:45:00,Aspect,Square,Mercury,Scorpio,"17°55'35.59""",Jyeshtha,Mercury,1,Rahu,Aquarius,"18°32'12.43""",Shatabhisha,Rahu,4,90,90.6102,0.6102
2025-12-21 04:45:00,Aspect,Square,Mercury,Scorpio,"17°55'35.59""",Jyeshtha,Mercury,1,Ketu,Leo,"18°32'12.43""",Purva Phalguni,Venus,2,90,89.3898,0.6102
2025-12-21 04:45:00,Aspect,Square,Venus,Sagittarius,"1°01'20.47""",Mula,Ketu,1,Saturn,Pisces,"1°23'52.58""",Purva Bhadrapada,Jupiter,4,90,90.3756,0.3756
2025-12-21 05:00:00,Aspect,Square,Mercury,Scorpio,"17°56'29.55""",Jyeshtha,Mercury,1,Rahu,Aquarius,"18°32'10.44""",Shatabhisha,Rahu,4,90,90.5947,0.5947
2025-12-21 05:00:00,Aspect,Square,Mercury,Scorpio,"17°56'29.55""",Jyeshtha,Mercury,1,Ketu,Leo,"18°32'10.44""",Purva Phalguni,Venus,2,90,89.4053,0.5947
2025-12-21 05:00:00,Aspect,Square,Venus,Sagittarius,"1°02'07.67""",Mula,Ketu,1,Saturn,Pisces,"1°23'54.09""",Purva Bhadrapada,Jupiter,4,90,90.3629,0.3629
2025-12-21 05:15:00,Aspect,Square,Mercury,Scorpio,"17°57'23.52""",Jyeshtha,Mercury,1,Rahu,Aquarius,"18°32'08.46""",Shatabhisha,Rahu,4,90,90.5791,0.5791
2025-12-21 05:15:00,Aspect,Square,Mercury,Scorpio,"17°57'23.52""",Jyeshtha,Mercury,1,Ketu,Leo,"18°32'08.46""",Purva Phalguni,Venus,2,90,89.4209,0.5791
2025-12-21 05:15:00,Aspect,Square,Venus,Sagittarius,"1°02'54.87""",Mula,Ketu,1,Saturn,Pisces,"1°23'55.59""",Purva Bhadrapada,Jupiter,4,90,90.3502,0.3502
2025-12-21 05:30:00,Aspect,Square,Mercury,Scorpio,"17°58'17.50""",Jyeshtha,Mercury,1,Rahu,Aquarius,"18°32'06.47""",Shatabhisha,Rahu,4,90,90.5636,0.5636
2025-12-21 05:30:00,Aspect,Square,Mercury,Scorpio,"17°58'17.50""",Jyeshtha,Mercury,1,Ketu,Leo,"18°32'06.47""",Purva Phalguni,Venus,2,90,89.4364,0.5636
2025-12-21 05:30:00,Aspect,Square,Venus,Sagittarius,"1°03'42.08""",Mula,Ketu,1,Saturn,Pisces,"1°23'57.10""",Purva Bhadrapada,Jupiter,4,90,90.3375,0.3375
2025-12-21 05:45:00,Aspect,Square,Mercury,Scorpio,"17°59'11.48""",Jyeshtha,Mercury,1,Rahu,Aquarius,"18°32'04.48""",Shatabhisha,Rahu,4,90,90.5481,0.5481
2025-12-21 05:45:00,Aspect,Square,Mercury,Scorpio,"17°59'11.48""",Jyeshtha,Mercury,1,Ketu,Leo,"18°32'04.48""",Purva Phalguni,Venus,2,90,89.4519,0.5481
2025-12-21 05:45:00,Aspect,Square,Venus,Sagittarius,"1°04'29.28""",Mula,Ketu,1,Saturn,Pisces,"1°23'58.61""",Purva Bhadrapada,Jupiter,4,90,90.3248,0.3248
2025-12-21 06:00:00,Aspect,Square,Mercury,Scorpio,"18°00'05.46""",Jyeshtha,Mercury,1,Rahu,Aquarius,"18°32'02.50""",Shatabhisha,Rahu,4,90,90.5325,0.5325
2025-12-21 06:00:00,Aspect,Square,Mercury,Scorpio,"18°00'05.46""",Jyeshtha,Mercury,1,Ketu,Leo,"18°32'02.50""",Purva Phalguni,Venus,2,90,89.4675,0.5325
2025-12-21 06:00:00,Aspect,Square,Venus,Sagittarius,"1°05'16.49""",Mula,Ketu,1,Saturn,Pisces,"1°24'00.12""",Purva Bhadrapada,Jupiter,4,90,90.3121,0.3121
2025-12-21 06:15:00,Aspect,Square,Mercury,Scorpio,"18°00'59.45""",Jyeshtha,Mercury,1,Rahu,Aquarius,"18°32'00.51""",Shatabhisha,Rahu,4,90,90.517,0.517
2025-12-21 06:15:00,Aspect,Square,Mercury,Scorpio,"18°00'59.45""",Jyeshtha,Mercury,1,Ketu,Leo,"18°32'00.51""",Purva Phalguni,Venus,2,90,89.483,0.517
2025-12-21 06:15:00,Aspect,Square,Venus,Sagittarius,"1°06'03.69""",Mula,Ketu,1,Saturn,Pisces,"1°24'01.63""",Purva Bhadrapada,Jupiter,4,90,90.2994,0.2994
2025-12-21 06:30:00,Aspect,Square,Mercury,Scorpio,"18°01'53.44""",Jyeshtha,Mercury,1,Rahu,Aquarius,"18°31'58.52""",Shatabhisha,Rahu,4,90,90.5014,0.5014
2025-12-21 06:30:00,Aspect,Square,Mercury,Scorpio,"18°01'53.44""",Jyeshtha,Mercury,1,Ketu,Leo,"18°31'58.52""",Purva Phalguni,Venus,2,90,89.4986,0.5014
2025-12-21 06:30:00,Aspect,Square,Venus,Sagittarius,"1°06'50.90""",Mula,Ketu,1,Saturn,Pisces,"1°24'03.14""",Purva Bhadrapada,Jupiter,4,90,90.2867,0.2867
2025-12-21 06:45:00,Aspect,Square,Mercury,Scorpio,"18°02'47.44""",Jyeshtha,Mercury,1,Rahu,Aquarius,"18°31'56.53""",Shatabhisha,Rahu,4,90,90.4859,0.4859
2025-12-21 06:45:00,Aspect,Square,Mercury,Scorpio,"18°02'47.44""",Jyeshtha,Mercury,1,Ketu,Leo,"18°31'56.53""",Purva Phalguni,Venus,2,90,89.5141,0.4859
2025-12-21 06:45:00,Aspect,Square,Venus,Sagittarius,"1°07'38.10""",Mula,Ketu,1,Saturn,Pisces,"1°24'04.65""",Purva Bhadrapada,Jupiter,4,90,90.274,0.274
2025-12-21 07:00:00,Aspect,Square,Mercury,Scorpio,"18°03'41.44""",Jyeshtha,Mercury,1,Rahu,Aquarius,"18°31'54.55""",Shatabhisha,Rahu,4,90,90.4703,0.4703
2025-12-21 07:00:00,Aspect,Square,Mercury,Scorpio,"18°03'41.44""",Jyeshtha,Mercury,1,Ketu,Leo,"18°31'54.55""",Purva Phalguni,Venus,2,90,89.5297,0.4703
2025-12-21 07:00:00,Aspect,Square,Venus,Sagittarius,"1°08'25.31""",Mula,Ketu,1,Saturn,Pisces,"1°24'06.17""",Purva Bhadrapada,Jupiter,4,90,90.2613,0.2613
2025-12-21 07:15:00,Aspect,Square,Mercury,Scorpio,"18°04'35.45""",Jyeshtha,Mercury,1,Rahu,Aquarius,"18°31'52.56""",Shatabhisha,Rahu,4,90,90.4548,0.4548
2025-12-21 07:15:00,Aspect,Square,Mercury,Scorpio,"18°04'35.45""",Jyeshtha,Mercury,1,Ketu,Leo,"18°31'52.56""",Purva Phalguni,Venus,2,90,89.5452,0.4548
2025-12-21 07:15:00,Aspect,Square,Venus,Sagittarius,"1°09'12.51""",Mula,Ketu,1,Saturn,Pisces,"1°24'07.68""",Purva Bhadrapada,Jupiter,4,90,90.2487,0.2487
2025-12-21 07:30:00,Aspect,Square,Mercury,Scorpio,"18°05'29.46""",Jyeshtha,Mercury,1,Rahu,Aquarius,"18°31'50.57""",Shatabhisha,Rahu,4,90,90.4392,0.4392
2025-12-21 07:30:00,Aspect,Square,Mercury,Scorpio,"18°05'29.46""",Jyeshtha,Mercury,1,Ketu,Leo,"18°31'50.57""",Purva Phalguni,Venus,2,90,89.5608,0.4392
2025-12-21 07:30:00,Aspect,Square,Venus,Sagittarius,"1°09'59.72""",Mula,Ketu,1,Saturn,Pisces,"1°24'09.19""",Purva Bhadrapada,Jupiter,4,90,90.236,0.236
2025-12-21 07:45:00,Aspect,Square,Mercury,Scorpio,"18°06'23.48""",Jyeshtha,Mercury,1,Rahu,Aquarius,"18°31'48.59""",Shatabhisha,Rahu,4,90,90.4236,0.4236
2025-12-21 07:45:00,Aspect,Square,Mercury,Scorpio,"18°06'23.48""",Jyeshtha,Mercury,1,Ketu,Leo,"18°31'48.59""",Purva Phalguni,Venus,2,90,89.5764,0.4236
2025-12-21 07:45:00,Aspect,Square,Venus,Sagittarius,"1°10'46.92""",Mula,Ketu,1,Saturn,Pisces,"1°24'10.71""",Purva Bhadrapada,Jupiter,4,90,90.2233,0.2233
2025-12-21 08:00:00,Aspect,Square,Mercury,Scorpio,"18°07'17.50""",Jyeshtha,Mercury,1,Rahu,Aquarius,"18°31'46.60""",Shatabhisha,Rahu,4,90,90.4081,0.4081
2025-12-21 08:00:00,Aspect,Square,Mercury,Scorpio,"18°07'17.50""",Jyeshtha,Mercury,1,Ketu,Leo,"18°31'46.60""",Purva Phalguni,Venus,2,90,89.5919,0.4081
2025-12-21 08:00:00,Aspect,Square,Venus,Sagittarius,"1°11'34.12""",Mula,Ketu,1,Saturn,Pisces,"1°24'12.22""",Purva Bhadrapada,Jupiter,4,90,90.2106,0.2106
2025-12-21 08:15:00,Aspect,Square,Mercury,Scorpio,"18°08'11.52""",Jyeshtha,Mercury,1,Rahu,Aquarius,"18°31'44.61""",Shatabhisha,Rahu,4,90,90.3925,0.3925
2025-12-21 08:15:00,Aspect,Square,Mercury,Scorpio,"18°08'11.52""",Jyeshtha,Mercury,1,Ketu,Leo,"18°31'44.61""",Purva Phalguni,Venus,2,90,89.6075,0.3925
2025-12-21 08:15:00,Aspect,Square,Venus,Sagittarius,"1°12'21.33""",Mula,Ketu,1,Saturn,Pisces,"1°24'13.74""",Purva Bhadrapada,Jupiter,4,90,90.1979,0.1979
2025-12-21 08:30:00,Aspect,Square,Mercury,Scorpio,"18°09'05.56""",Jyeshtha,Mercury,1,Rahu,Aquarius,"18°31'42.62""",Shatabhisha,Rahu,4,90,90.377,0.377
2025-12-21 08:30:00,Aspect,Square,Mercury,Scorpio,"18°09'05.56""",Jyeshtha,Mercury,1,Ketu,Leo,"18°31'42.62""",Purva Phalguni,Venus,2,90,89.623,0.377
2025-12-21 08:30:00,Aspect,Square,Venus,Sagittarius,"1°13'08.53""",Mula,Ketu,1,Saturn,Pisces,"1°24'15.25""",Purva Bhadrapada,Jupiter,4,90,90.1852,0.1852
2025-12-21 08:45:00,Aspect,Square,Mercury,Scorpio,"18°09'59.59""",Jyeshtha,Mercury,1,Rahu,Aquarius,"18°31'40.64""",Shatabhisha,Rahu,4,90,90.3614,0.3614
2025-12-21 08:45:00,Aspect,Square,Mercury,Scorpio,"18°09'59.59""",Jyeshtha,Mercury,1,Ketu,Leo,"18°31'40.64""",Purva Phalguni,Venus,2,90,89.6386,0.3614
2025-12-21 08:45:00,Aspect,Square,Venus,Sagittarius,"1°13'55.74""",Mula,Ketu,1,Saturn,Pisces,"1°24'16.77""",Purva Bhadrapada,Jupiter,4,90,90.1725,0.1725
2025-12-21 09:00:00,Aspect,Square,Mercury,Scorpio,"18°10'53.63""",Jyeshtha,Mercury,1,Rahu,Aquarius,"18°31'38.65""",Shatabhisha,Rahu,4,90,90.3458,0.3458
2025-12-21 09:00:00,Aspect,Square,Mercury,Scorpio,"18°10'53.63""",Jyeshtha,Mercury,1,Ketu,Leo,"18°31'38.65""",Purva Phalguni,Venus,2,90,89.6542,0.3458
2025-12-21 09:00:00,Aspect,Square,Venus,Sagittarius,"1°14'42.94""",Mula,Ketu,1,Saturn,Pisces,"1°24'18.29""",Purva Bhadrapada,Jupiter,4,90,90.1598,0.1598
2025-12-21 09:15:00,Aspect,Square,Mercury,Scorpio,"18°11'47.68""",Jyeshtha,Mercury,1,Rahu,Aquarius,"18°31'36.66""",Shatabhisha,Rahu,4,90,90.3303,0.3303
2025-12-21 09:15:00,Aspect,Square,Mercury,Scorpio,"18°11'47.68""",Jyeshtha,Mercury,1,Ketu,Leo,"18°31'36.66""",Purva Phalguni,Venus,2,90,89.6697,0.3303
2025-12-21 09:15:00,Aspect,Square,Venus,Sagittarius,"1°15'30.15""",Mula,Ketu,1,Saturn,Pisces,"1°24'19.81""",Purva Bhadrapada,Jupiter,4,90,90.1471,0.1471
2025-12-21 09:30:00,Aspect,Square,Mercury,Scorpio,"18°12'41.72""",Jyeshtha,Mercury,1,Rahu,Aquarius,"18°31'34.68""",Shatabhisha,Rahu,4,90,90.3147,0.3147
2025-12-21 09:30:00,Aspect,Square,Mercury,Scorpio,"18°12'41.72""",Jyeshtha,Mercury,1,Ketu,Leo,"18°31'34.68""",Purva Phalguni,Venus,2,90,89.6853,0.3147
2025-12-21 09:30:00,Aspect,Square,Venus,Sagittarius,"1°16'17.35""",Mula,Ketu,1,Saturn,Pisces,"1°24'21.32""",Purva Bhadrapada,Jupiter,4,90,90.1344,0.1344
2025-12-21 09:45:00,Aspect,Square,Mercury,Scorpio,"18°13'35.78""",Jyeshtha,Mercury,1,Rahu,Aquarius,"18°31'32.69""",Shatabhisha,Rahu,4,90,90.2991,0.2991
2025-12-21 09:45:00,Aspect,Square,Mercury,Scorpio,"18°13'35.78""",Jyeshtha,Mercury,1,Ketu,Leo,"18°31'32.69""",Purva Phalguni,Venus,2,90,89.7009,0.2991
2025-12-21 09:45:00,Aspect,Square,Venus,Sagittarius,"1°17'04.56""",Mula,Ketu,1,Saturn,Pisces,"1°24'22.84""",Purva Bhadrapada,Jupiter,4,90,90.1217,0.1217
2025-12-21 10:00:00,Aspect,Square,Mercury,Scorpio,"18°14'29.84""",Jyeshtha,Mercury,1,Rahu,Aquarius,"18°31'30.70""",Shatabhisha,Rahu,4,90,90.2836,0.2836
2025-12-21 10:00:00,Aspect,Square,Mercury,Scorpio,"18°14'29.84""",Jyeshtha,Mercury,1,Ketu,Leo,"18°31'30.70""",Purva Phalguni,Venus,2,90,89.7164,0.2836
2025-12-21 10:00:00,Aspect,Square,Venus,Sagittarius,"1°17'51.76""",Mula,Ketu,1,Saturn,Pisces,"1°24'24.36""",Purva Bhadrapada,Jupiter,4,90,90.1091,0.1091
2025-12-21 10:15:00,Aspect,Square,Mercury,Scorpio,"18°15'23.90""",Jyeshtha,Mercury,1,Rahu,Aquarius,"18°31'28.71""",Shatabhisha,Rahu,4,90,90.268,0.268
2025-12-21 10:15:00,Aspect,Square,Mercury,Scorpio,"18°15'23.90""",Jyeshtha,Mercury,1,Ketu,Leo,"18°31'28.71""",Purva Phalguni,Venus,2,90,89.732,0.268
2025-12-21 10:15:00,Aspect,Square,Venus,Sagittarius,"1°18'38.97""",Mula,Ketu,1,Saturn,Pisces,"1°24'25.88""",Purva Bhadrapada,Jupiter,4,90,90.0964,0.0964
2025-12-21 10:30:00,Aspect,Square,Mercury,Scorpio,"18°16'17.97""",Jyeshtha,Mercury,1,Rahu,Aquarius,"18°31'26.73""",Shatabhisha,Rahu,4,90,90.2524,0.2524
2025-12-21 10:30:00,Aspect,Square,Mercury,Scorpio,"18°16'17.97""",Jyeshtha,Mercury,1,Ketu,Leo,"18°31'26.73""",Purva Phalguni,Venus,2,90,89.7476,0.2524
2025-12-21 10:30:00,Aspect,Square,Venus,Sagittarius,"1°19'26.17""",Mula,Ketu,1,Saturn,Pisces,"1°24'27.41""",Purva Bhadrapada,Jupiter,4,90,90.0837,0.0837
2025-12-21 10:45:00,Aspect,Square,Mercury,Scorpio,"18°17'12.04""",Jyeshtha,Mercury,1,Rahu,Aquarius,"18°31'24.74""",Shatabhisha,Rahu,4,90,90.2369,0.2369
2025-12-21 10:45:00,Aspect,Square,Mercury,Scorpio,"18°17'12.04""",Jyeshtha,Mercury,1,Ketu,Leo,"18°31'24.74""",Purva Phalguni,Venus,2,90,89.7631,0.2369
2025-12-21 10:45:00,Aspect,Square,Venus,Sagittarius,"1°20'13.37""",Mula,Ketu,1,Saturn,Pisces,"1°24'28.93""",Purva Bhadrapada,Jupiter,4,90,90.071,0.071
2025-12-21 11:00:00,Aspect,Square,Mercury,Scorpio,"18°18'06.12""",Jyeshtha,Mercury,1,Rahu,Aquarius,"18°31'22.75""",Shatabhisha,Rahu,4,90,90.2213,0.2213
2025-12-21 11:00:00,Aspect,Square,Mercury,Scorpio,"18°18'06.12""",Jyeshtha,Mercury,1,Ketu,Leo,"18°31'22.75""",Purva Phalguni,Venus,2,90,89.7787,0.2213
2025-12-21 11:00:00,Aspect,Square,Venus,Sagittarius,"1°21'00.58""",Mula,Ketu,1,Saturn,Pisces,"1°24'30.45""",Purva Bhadrapada,Jupiter,4,90,90.0583,0.0583
2025-12-21 11:15:00,Aspect,Sextitle,Moon,Sagittarius,"17°34'45.37""",Purva Ashadha,Venus,2,Rahu,Aquarius,"18°31'20.76""",Shatabhisha,Rahu,4,60,60.9432,0.9432
2025-12-21 11:15:00,Aspect,Trine,Moon,Sagittarius,"17°34'45.37""",Purva Ashadha,Venus,2,Ketu,Leo,"18°31'20.76""",Purva Phalguni,Venus,2,120,119.0568,0.9432
2025-12-21 11:15:00,Aspect,Square,Mercury,Scorpio,"18°19'00.20""",Jyeshtha,Mercury,1,Rahu,Aquarius,"18°31'20.76""",Shatabhisha,Rahu,4,90,90.2057,0.2057
2025-12-21 11:15:00,Aspect,Square,Mercury,Scorpio,"18°19'00.20""",Jyeshtha,Mercury,1,Ketu,Leo,"18°31'20.76""",Purva Phalguni,Venus,2,90,89.7943,0.2057
2025-12-21 11:15:00,Aspect,Square,Venus,Sagittarius,"1°21'47.78""",Mula,Ketu,1,Saturn,Pisces,"1°24'31.97""",Purva Bhadrapada,Jupiter,4,90,90.0456,0.0456
2025-12-21 11:30:00,Aspect,Sextitle,Moon,Sagittarius,"17°42'21.81""",Purva Ashadha,Venus,2,Rahu,Aquarius,"18°31'18.78""",Shatabhisha,Rahu,4,60,60.8158,0.8158
2025-12-21 11:30:00,Aspect,Trine,Moon,Sagittarius,"17°42'21.81""",Purva Ashadha,Venus,2,Ketu,Leo,"18°31'18.78""",Purva Phalguni,Venus,2,120,119.1842,0.8158
2025-12-21 11:30:00,Aspect,Square,Mercury,Scorpio,"18°19'54.29""",Jyeshtha,Mercury,1,Rahu,Aquarius,"18°31'18.78""",Shatabhisha,Rahu,4,90,90.1901,0.1901
2025-12-21 11:30:00,Aspect,Square,Mercury,Scorpio,"18°19'54.29""",Jyeshtha,Mercury,1,Ketu,Leo,"18°31'18.78""",Purva Phalguni,Venus,2,90,89.8099,0.1901
2025-12-21 11:30:00,Aspect,Square,Venus,Sagittarius,"1°22'34.99""",Mula,Ketu,1,Saturn,Pisces,"1°24'33.50""",Purva Bhadrapada,Jupiter,4,90,90.0329,0.0329
2025-12-21 11:45:00,Aspect,Sextitle,Moon,Sagittarius,"17°49'58.30""",Purva Ashadha,Venus,2,Rahu,Aquarius,"18°31'16.79""",Shatabhisha,Rahu,4,60,60.6885,0.6885
2025-12-21 11:45:00,Aspect,Trine,Moon,Sagittarius,"17°49'58.30""",Purva Ashadha,Venus,2,Ketu,Leo,"18°31'16.79""",Purva Phalguni,Venus,2,120,119.3115,0.6885
2025-12-21 11:45:00,Aspect,Square,Mercury,Scorpio,"18°20'48.38""",Jyeshtha,Mercury,1,Rahu,Aquarius,"18°31'16.79""",Shatabhisha,Rahu,4,90,90.1746,0.1746
2025-12-21 11:45:00,Aspect,Square,Mercury,Scorpio,"18°20'48.38""",Jyeshtha,Mercury,1,Ketu,Leo,"18°31'16.79""",Purva Phalguni,Venus,2,90,89.8254,0.1746
2025-12-21 11:45:00,Aspect,Square,Venus,Sagittarius,"1°23'22.19""",Mula,Ketu,1,Saturn,Pisces,"1°24'35.02""",Purva Bhadrapada,Jupiter,4,90,90.0202,0.0202
2025-12-21 12:00:00,Aspect,Sextitle,Moon,Sagittarius,"17°57'34.83""",Purva Ashadha,Venus,2,Rahu,Aquarius,"18°31'14.80""",Shatabhisha,Rahu,4,60,60.5611,0.5611
2025-12-21 12:00:00,Aspect,Trine,Moon,Sagittarius,"17°57'34.83""",Purva Ashadha,Venus,2,Ketu,Leo,"18°31'14.80""",Purva Phalguni,Venus,2,120,119.4389,0.5611
2025-12-21 12:00:00,Aspect,Square,Mercury,Scorpio,"18°21'42.47""",Jyeshtha,Mercury,1,Rahu,Aquarius,"18°31'14.80""",Shatabhisha,Rahu,4,90,90.159,0.159
2025-12-21 12:00:00,Aspect,Square,Mercury,Scorpio,"18°21'42.47""",Jyeshtha,Mercury,1,Ketu,Leo,"18°31'14.80""",Purva Phalguni,Venus,2,90,89.841,0.159
2025-12-21 12:00:00,Aspect,Square,Venus,Sagittarius,"1°24'09.40""",Mula,Ketu,1,Saturn,Pisces,"1°24'36.55""",Purva Bhadrapada,Jupiter,4,90,90.0075,0.0075
2025-12-21 12:15:00,Aspect,Sextitle,Moon,Sagittarius,"18°05'11.41""",Purva Ashadha,Venus,2,Rahu,Aquarius,"18°31'12.82""",Shatabhisha,Rahu,4,60,60.4337,0.4337
2025-12-21 12:15:00,Aspect,Trine,Moon,Sagittarius,"18°05'11.41""",Purva Ashadha,Venus,2,Ketu,Leo,"18°31'12.82""",Purva Phalguni,Venus,2,120,119.5663,0.4337
2025-12-21 12:15:00,Aspect,Square,Mercury,Scorpio,"18°22'36.57""",Jyeshtha,Mercury,1,Rahu,Aquarius,"18°31'12.82""",Shatabhisha,Rahu,4,90,90.1434,0.1434
2025-12-21 12:15:00,Aspect,Square,Mercury,Scorpio,"18°22'36.57""",Jyeshtha,Mercury,1,Ketu,Leo,"18°31'12.82""",Purva Phalguni,Venus,2,90,89.8566,0.1434
2025-12-21 12:15:00,Aspect,Square,Venus,Sagittarius,"1°24'56.60""",Mula,Ketu,1,Saturn,Pisces,"1°24'38.08""",Purva Bhadrapada,Jupiter,4,90,89.9949,0.0051
2025-12-21 12:30:00,Aspect,Sextitle,Moon,Sagittarius,"18°12'48.04""",Purva Ashadha,Venus,2,Rahu,Aquarius,"18°31'10.83""",Shatabhisha,Rahu,4,60,60.3063,0.3063
2025-12-21 12:30:00,Aspect,Trine,Moon,Sagittarius,"18°12'48.04""",Purva Ashadha,Venus,2,Ketu,Leo,"18°31'10.83""",Purva Phalguni,Venus,2,120,119.6937,0.3063
2025-12-21 12:30:00,Aspect,Square,Mercury,Scorpio,"18°23'30.68""",Jyeshtha,Mercury,1,Rahu,Aquarius,"18°31'10.83""",Shatabhisha,Rahu,4,90,90.1278,0.1278
2025-12-21 12:30:00,Aspect,Square,Mercury,Scorpio,"18°23'30.68""",Jyeshtha,Mercury,1,Ketu,Leo,"18°31'10.83""",Purva Phalguni,Venus,2,90,89.8722,0.1278
2025-12-21 12:30:00,Aspect,Square,Venus,Sagittarius,"1°25'43.81""",Mula,Ketu,1,Saturn,Pisces,"1°24'39.60""",Purva Bhadrapada,Jupiter,4,90,89.9822,0.0178
2025-12-21 12:45:00,Aspect,Sextitle,Moon,Sagittarius,"18°20'24.71""",Purva Ashadha,Venus,2,Rahu,Aquarius,"18°31'08.84""",Shatabhisha,Rahu,4,60,60.1789,0.1789
2025-12-21 12:45:00,Aspect,Trine,Moon,Sagittarius,"18°20'24.71""",Purva Ashadha,Venus,2,Ketu,Leo,"18°31'08.84""",Purva Phalguni,Venus,2,120,119.8211,0.1789
2025-12-21 12:45:00,Aspect,Square,Mercury,Scorpio,"18°24'24.79""",Jyeshtha,Mercury,1,Rahu,Aquarius,"18°31'08.84""",Shatabhisha,Rahu,4,90,90.1122,0.1122
2025-12-21 12:45:00,Aspect,Square,Mercury,Scorpio,"18°24'24.79""",Jyeshtha,Mercury,1,Ketu,Leo,"18°31'08.84""",Purva Phalguni,Venus,2,90,89.8878,0.1122
2025-12-21 12:45:00,Aspect,Square,Venus,Sagittarius,"1°26'31.01""",Mula,Ketu,1,Saturn,Pisces,"1°24'41.13""",Purva Bhadrapada,Jupiter,4,90,89.9695,0.0305
2025-12-21 13:00:00,Aspect,Sextitle,Moon,Sagittarius,"18°28'01.43""",Purva Ashadha,Venus,2,Rahu,Aquarius,"18°31'06.85""",Shatabhisha,Rahu,4,60,60.0515,0.0515
2025-12-21 13:00:00,Aspect,Trine,Moon,Sagittarius,"18°28'01.43""",Purva Ashadha,Venus,2,Ketu,Leo,"18°31'06.85""",Purva Phalguni,Venus,2,120,119.9485,0.0515
2025-12-21 13:00:00,Aspect,Square,Mercury,Scorpio,"18°25'18.90""",Jyeshtha,Mercury,1,Rahu,Aquarius,"18°31'06.85""",Shatabhisha,Rahu,4,90,90.0967,0.0967
2025-12-21 13:00:00,Aspect,Square,Mercury,Scorpio,"18°25'18.90""",Jyeshtha,Mercury,1,Ketu,Leo,"18°31'06.85""",Purva Phalguni,Venus,2,90,89.9033,0.0967
2025-12-21 13:00:00,Aspect,Square,Venus,Sagittarius,"1°27'18.22""",Mula,Ketu,1,Saturn,Pisces,"1°24'42.66""",Purva Bhadrapada,Jupiter,4,90,89.9568,0.0432
2025-12-21 13:15:00,Aspect,Sextitle,Moon,Sagittarius,"18°35'38.19""",Purva Ashadha,Venus,2,Rahu,Aquarius,"18°31'04.87""",Shatabhisha,Rahu,4,60,59.9241,0.0759
2025-12-21 13:15:00,Aspect,Trine,Moon,Sagittarius,"18°35'38.19""",Purva Ashadha,Venus,2,Ketu,Leo,"18°31'04.87""",Purva Phalguni,Venus,2,120,120.0759,0.0759
2025-12-21 13:15:00,Aspect,Square,Mercury,Scorpio,"18°26'13.02""",Jyeshtha,Mercury,1,Rahu,Aquarius,"18°31'04.87""",Shatabhisha,Rahu,4,90,90.0811,0.0811
2025-12-21 13:15:00,Aspect,Square,Mercury,Scorpio,"18°26'13.02""",Jyeshtha,Mercury,1,Ketu,Leo,"18°31'04.87""",Purva Phalguni,Venus,2,90,89.9189,0.0811
2025-12-21 13:15:00,Aspect,Square,Venus,Sagittarius,"1°28'05.42""",Mula,Ketu,1,Saturn,Pisces,"1°24'44.19""",Purva Bhadrapada,Jupiter,4,90,89.9441,0.0559
2025-12-21 13:30:00,Aspect,Sextitle,Moon,Sagittarius,"18°43'15.00""",Purva Ashadha,Venus,2,Rahu,Aquarius,"18°31'02.88""",Shatabhisha,Rahu,4,60,59.7966,0.2034
2025-12-21 13:30:00,Aspect,Trine,Moon,Sagittarius,"18°43'15.00""",Purva Ashadha,Venus,2,Ketu,Leo,"18°31'02.88""",Purva Phalguni,Venus,2,120,120.2034,0.2034
2025-12-21 13:30:00,Aspect,Square,Mercury,Scorpio,"18°27'07.14""",Jyeshtha,Mercury,1,Rahu,Aquarius,"18°31'02.88""",Shatabhisha,Rahu,4,90,90.0655,0.0655
2025-12-21 13:30:00,Aspect,Square,Mercury,Scorpio,"18°27'07.14""",Jyeshtha,Mercury,1,Ketu,Leo,"18°31'02.88""",Purva Phalguni,Venus,2,90,89.9345,0.0655
2025-12-21 13:30:00,Aspect,Square,Venus,Sagittarius,"1°28'52.62""",Mula,Ketu,1,Saturn,Pisces,"1°24'45.72""",Purva Bhadrapada,Jupiter,4,90,89.9314,0.0686
2025-12-21 13:45:00,Aspect,Sextitle,Moon,Sagittarius,"18°50'51.86""",Purva Ashadha,Venus,2,Rahu,Aquarius,"18°31'00.89""",Shatabhisha,Rahu,4,60,59.6692,0.3308
2025-12-21 13:45:00,Aspect,Trine,Moon,Sagittarius,"18°50'51.86""",Purva Ashadha,Venus,2,Ketu,Leo,"18°31'00.89""",Purva Phalguni,Venus,2,120,120.3308,0.3308
2025-12-21 13:45:00,Aspect,Square,Mercury,Scorpio,"18°28'01.27""",Jyeshtha,Mercury,1,Rahu,Aquarius,"18°31'00.89""",Shatabhisha,Rahu,4,90,90.0499,0.0499
2025-12-21 13:45:00,Aspect,Square,Mercury,Scorpio,"18°28'01.27""",Jyeshtha,Mercury,1,Ketu,Leo,"18°31'00.89""",Purva Phalguni,Venus,2,90,89.9501,0.0499
2025-12-21 13:45:00,Aspect,Square,Venus,Sagittarius,"1°29'39.83""",Mula,Ketu,1,Saturn,Pisces,"1°24'47.25""",Purva Bhadrapada,Jupiter,4,90,89.9187,0.0813
2025-12-21 14:00:00,Aspect,Sextitle,Moon,Sagittarius,"18°58'28.76""",Purva Ashadha,Venus,2,Rahu,Aquarius,"18°30'58.91""",Shatabhisha,Rahu,4,60,59.5417,0.4583
2025-12-21 14:00:00,Aspect,Trine,Moon,Sagittarius,"18°58'28.76""",Purva Ashadha,Venus,2,Ketu,Leo,"18°30'58.91""",Purva Phalguni,Venus,2,120,120.4583,0.4583
2025-12-21 14:00:00,Aspect,Square,Mercury,Scorpio,"18°28'55.40""",Jyeshtha,Mercury,1,Rahu,Aquarius,"18°30'58.91""",Shatabhisha,Rahu,4,90,90.0343,0.0343
2025-12-21 14:00:00,Aspect,Square,Mercury,Scorpio,"18°28'55.40""",Jyeshtha,Mercury,1,Ketu,Leo,"18°30'58.91""",Purva Phalguni,Venus,2,90,89.9657,0.0343
2025-12-21 14:00:00,Aspect,Square,Venus,Sagittarius,"1°30'27.03""",Mula,Ketu,1,Saturn,Pisces,"1°24'48.78""",Purva Bhadrapada,Jupiter,4,90,89.906,0.094
2025-12-21 14:15:00,Aspect,Sextitle,Moon,Sagittarius,"19°06'05.71""",Purva Ashadha,Venus,2,Rahu,Aquarius,"18°30'56.92""",Shatabhisha,Rahu,4,60,59.4142,0.5858
2025-12-21 14:15:00,Aspect,Trine,Moon,Sagittarius,"19°06'05.71""",Purva Ashadha,Venus,2,Ketu,Leo,"18°30'56.92""",Purva Phalguni,Venus,2,120,120.5858,0.5858
2025-12-21 14:15:00,Aspect,Square,Mercury,Scorpio,"18°29'49.54""",Jyeshtha,Mercury,1,Rahu,Aquarius,"18°30'56.92""",Shatabhisha,Rahu,4,90,90.0187,0.0187
2025-12-21 14:15:00,Aspect,Square,Mercury,Scorpio,"18°29'49.54""",Jyeshtha,Mercury,1,Ketu,Leo,"18°30'56.92""",Purva Phalguni,Venus,2,90,89.9813,0.0187
2025-12-21 14:15:00,Aspect,Square,Venus,Sagittarius,"1°31'14.24""",Mula,Ketu,1,Saturn,Pisces,"1°24'50.31""",Purva Bhadrapada,Jupiter,4,90,89.8934,0.1066
2025-12-21 14:30:00,Aspect,Sextitle,Moon,Sagittarius,"19°13'42.70""",Purva Ashadha,Venus,2,Rahu,Aquarius,"18°30'54.93""",Shatabhisha,Rahu,4,60,59.2867,0.7133
2025-12-21 14:30:00,Aspect,Trine,Moon,Sagittarius,"19°13'42.70""",Purva Ashadha,Venus,2,Ketu,Leo,"18°30'54.93""",Purva Phalguni,Venus,2,120,120.7133,0.7133
2025-12-21 14:30:00,Aspect,Square,Mercury,Scorpio,"18°30'43.68""",Jyeshtha,Mercury,1,Rahu,Aquarius,"18°30'54.93""",Shatabhisha,Rahu,4,90,90.0031,0.0031
2025-12-21 14:30:00,Aspect,Square,Mercury,Scorpio,"18°30'43.68""",Jyeshtha,Mercury,1,Ketu,Leo,"18°30'54.93""",Purva Phalguni,Venus,2,90,89.9969,0.0031
2025-12-21 14:30:00,Aspect,Square,Venus,Sagittarius,"1°32'01.44""",Mula,Ketu,1,Saturn,Pisces,"1°24'51.84""",Purva Bhadrapada,Jupiter,4,90,89.8807,0.1193
2025-12-21 14:45:00,Aspect,Sextitle,Moon,Sagittarius,"19°21'19.74""",Purva Ashadha,Venus,2,Rahu,Aquarius,"18°30'52.94""",Shatabhisha,Rahu,4,60,59.1592,0.8408
2025-12-21 14:45:00,Aspect,Trine,Moon,Sagittarius,"19°21'19.74""",Purva Ashadha,Venus,2,Ketu,Leo,"18°30'52.94""",Purva Phalguni,Venus,2,120,120.8408,0.8408
2025-12-21 14:45:00,Aspect,Square,Mercury,Scorpio,"18°31'37.82""",Jyeshtha,Mercury,1,Rahu,Aquarius,"18°30'52.94""",Shatabhisha,Rahu,4,90,89.9875,0.0125
2025-12-21 14:45:00,Aspect,Square,Mercury,Scorpio,"18°31'37.82""",Jyeshtha,Mercury,1,Ketu,Leo,"18°30'52.94""",Purva Phalguni,Venus,2,90,90.0125,0.0125
2025-12-21 14:45:00,Aspect,Square,Venus,Sagittarius,"1°32'48.65""",Mula,Ketu,1,Saturn,Pisces,"1°24'53.37""",Purva Bhadrapada,Jupiter,4,90,89.868,0.132
2025-12-21 15:00:00,Aspect,Sextitle,Moon,Sagittarius,"19°28'56.83""",Purva Ashadha,Venus,2,Rahu,Aquarius,"18°30'50.96""",Shatabhisha,Rahu,4,60,59.0317,0.9683
2025-12-21 15:00:00,Aspect,Trine,Moon,Sagittarius,"19°28'56.83""",Purva Ashadha,Venus,2,Ketu,Leo,"18°30'50.96""",Purva Phalguni,Venus,2,120,120.9683,0.9683
2025-12-21 15:00:00,Aspect,Square,Mercury,Scorpio,"18°32'31.98""",Jyeshtha,Mercury,1,Rahu,Aquarius,"18°30'50.96""",Shatabhisha,Rahu,4,90,89.9719,0.0281
2025-12-21 15:00:00,Aspect,Square,Mercury,Scorpio,"18°32'31.98""",Jyeshtha,Mercury,1,Ketu,Leo,"18°30'50.96""",Purva Phalguni,Venus,2,90,90.0281,0.0281
2025-12-21 15:00:00,Aspect,Square,Venus,Sagittarius,"1°33'35.85""",Mula,Ketu,1,Saturn,Pisces,"1°24'54.91""",Purva Bhadrapada,Jupiter,4,90,89.8553,0.1447
2025-12-21 15:15:00,Aspect,Square,Mercury,Scorpio,"18°33'26.13""",Jyeshtha,Mercury,1,Rahu,Aquarius,"18°30'48.97""",Shatabhisha,Rahu,4,90,89.9563,0.0437
2025-12-21 15:15:00,Aspect,Square,Mercury,Scorpio,"18°33'26.13""",Jyeshtha,Mercury,1,Ketu,Leo,"18°30'48.97""",Purva Phalguni,Venus,2,90,90.0437,0.0437
2025-12-21 15:15:00,Aspect,Square,Venus,Sagittarius,"1°34'23.06""",Mula,Ketu,1,Saturn,Pisces,"1°24'56.44""",Purva Bhadrapada,Jupiter,4,90,89.8426,0.1574
2025-12-21 15:30:00,Aspect,Square,Mercury,Scorpio,"18°34'20.29""",Jyeshtha,Mercury,1,Rahu,Aquarius,"18°30'46.98""",Shatabhisha,Rahu,4,90,89.9407,0.0593
2025-12-21 15:30:00,Aspect,Square,Mercury,Scorpio,"18°34'20.29""",Jyeshtha,Mercury,1,Ketu,Leo,"18°30'46.98""",Purva Phalguni,Venus,2,90,90.0593,0.0593
2025-12-21 15:30:00,Aspect,Square,Venus,Sagittarius,"1°35'10.26""",Mula,Ketu,1,Saturn,Pisces,"1°24'57.98""",Purva Bhadrapada,Jupiter,4,90,89.8299,0.1701
2025-12-21 15:45:00,Aspect,Square,Mercury,Scorpio,"18°35'14.45""",Jyeshtha,Mercury,1,Rahu,Aquarius,"18°30'45.00""",Shatabhisha,Rahu,4,90,89.9252,0.0748
2025-12-21 15:45:00,Aspect,Square,Mercury,Scorpio,"18°35'14.45""",Jyeshtha,Mercury,1,Ketu,Leo,"18°30'45.00""",Purva Phalguni,Venus,2,90,90.0748,0.0748
2025-12-21 15:45:00,Aspect,Square,Venus,Sagittarius,"1°35'57.47""",Mula,Ketu,1,Saturn,Pisces,"1°24'59.51""",Purva Bhadrapada,Jupiter,4,90,89.8172,0.1828
2025-12-21 16:00:00,Aspect,Square,Mercury,Scorpio,"18°36'08.62""",Jyeshtha,Mercury,1,Rahu,Aquarius,"18°30'43.01""",Shatabhisha,Rahu,4,90,89.9096,0.0904
2025-12-21 16:00:00,Aspect,Square,Mercury,Scorpio,"18°36'08.62""",Jyeshtha,Mercury,1,Ketu,Leo,"18°30'43.01""",Purva Phalguni,Venus,2,90,90.0904,0.0904
2025-12-21 16:00:00,Aspect,Square,Venus,Sagittarius,"1°36'44.67""",Mula,Ketu,1,Saturn,Pisces,"1°25'01.05""",Purva Bhadrapada,Jupiter,4,90,89.8045,0.1955
2025-12-21 16:15:00,Aspect,Square,Mercury,Scorpio,"18°37'02.79""",Jyeshtha,Mercury,1,Rahu,Aquarius,"18°30'41.02""",Shatabhisha,Rahu,4,90,89.894,0.106
2025-12-21 16:15:00,Aspect,Square,Mercury,Scorpio,"18°37'02.79""",Jyeshtha,Mercury,1,Ketu,Leo,"18°30'41.02""",Purva Phalguni,Venus,2,90,90.106,0.106
2025-12-21 16:15:00,Aspect,Square,Venus,Sagittarius,"1°37'31.87""",Mula,Ketu,1,Saturn,Pisces,"1°25'02.58""",Purva Bhadrapada,Jupiter,4,90,89.7919,0.2081
2025-12-21 16:30:00,Aspect,Square,Mercury,Scorpio,"18°37'56.97""",Jyeshtha,Mercury,1,Rahu,Aquarius,"18°30'39.03""",Shatabhisha,Rahu,4,90,89.8784,0.1216
2025-12-21 16:30:00,Aspect,Square,Mercury,Scorpio,"18°37'56.97""",Jyeshtha,Mercury,1,Ketu,Leo,"18°30'39.03""",Purva Phalguni,Venus,2,90,90.1216,0.1216
2025-12-21 16:30:00,Aspect,Square,Venus,Sagittarius,"1°38'19.08""",Mula,Ketu,1,Saturn,Pisces,"1°25'04.12""",Purva Bhadrapada,Jupiter,4,90,89.7792,0.2208
2025-12-21 16:45:00,Aspect,Square,Mercury,Scorpio,"18°38'51.15""",Jyeshtha,Mercury,1,Rahu,Aquarius,"18°30'37.05""",Shatabhisha,Rahu,4,90,89.8627,0.1373
2025-12-21 16:45:00,Aspect,Square,Mercury,Scorpio,"18°38'51.15""",Jyeshtha,Mercury,1,Ketu,Leo,"18°30'37.05""",Purva Phalguni,Venus,2,90,90.1373,0.1373
2025-12-21 16:45:00,Aspect,Square,Venus,Sagittarius,"1°39'06.28""",Mula,Ketu,1,Saturn,Pisces,"1°25'05.66""",Purva Bhadrapada,Jupiter,4,90,89.7665,0.2335
2025-12-21 17:00:00,Aspect,Square,Mercury,Scorpio,"18°39'45.34""",Jyeshtha,Mercury,1,Rahu,Aquarius,"18°30'35.06""",Shatabhisha,Rahu,4,90,89.8471,0.1529
2025-12-21 17:00:00,Aspect,Square,Mercury,Scorpio,"18°39'45.34""",Jyeshtha,Mercury,1,Ketu,Leo,"18°30'35.06""",Purva Phalguni,Venus,2,90,90.1529,0.1529
2025-12-21 17:00:00,Aspect,Square,Venus,Sagittarius,"1°39'53.49""",Mula,Ketu,1,Saturn,Pisces,"1°25'07.20""",Purva Bhadrapada,Jupiter,4,90,89.7538,0.2462
2025-12-21 17:15:00,Aspect,Square,Mercury,Scorpio,"18°40'39.53""",Jyeshtha,Mercury,1,Rahu,Aquarius,"18°30'33.07""",Shatabhisha,Rahu,4,90,89.8315,0.1685
2025-12-21 17:15:00,Aspect,Square,Mercury,Scorpio,"18°40'39.53""",Jyeshtha,Mercury,1,Ketu,Leo,"18°30'33.07""",Purva Phalguni,Venus,2,90,90.1685,0.1685
2025-12-21 17:15:00,Aspect,Square,Venus,Sagittarius,"1°40'40.69""",Mula,Ketu,1,Saturn,Pisces,"1°25'08.74""",Purva Bhadrapada,Jupiter,4,90,89.7411,0.2589
2025-12-21 17:30:00,Aspect,Square,Mercury,Scorpio,"18°41'33.72""",Jyeshtha,Mercury,1,Rahu,Aquarius,"18°30'31.08""",Shatabhisha,Rahu,4,90,89.8159,0.1841
2025-12-21 17:30:00,Aspect,Square,Mercury,Scorpio,"18°41'33.72""",Jyeshtha,Mercury,1,Ketu,Leo,"18°30'31.08""",Purva Phalguni,Venus,2,90,90.1841,0.1841
2025-12-21 17:30:00,Aspect,Square,Venus,Sagittarius,"1°41'27.90""",Mula,Ketu,1,Saturn,Pisces,"1°25'10.28""",Purva Bhadrapada,Jupiter,4,90,89.7284,0.2716
2025-12-21 17:45:00,Aspect,Square,Mercury,Scorpio,"18°42'27.92""",Jyeshtha,Mercury,1,Rahu,Aquarius,"18°30'29.10""",Shatabhisha,Rahu,4,90,89.8003,0.1997
2025-12-21 17:45:00,Aspect,Square,Mercury,Scorpio,"18°42'27.92""",Jyeshtha,Mercury,1,Ketu,Leo,"18°30'29.10""",Purva Phalguni,Venus,2,90,90.1997,0.1997
2025-12-21 17:45:00,Aspect,Square,Venus,Sagittarius,"1°42'15.10""",Mula,Ketu,1,Saturn,Pisces,"1°25'11.82""",Purva Bhadrapada,Jupiter,4,90,89.7158,0.2842
2025-12-21 18:00:00,Aspect,Square,Mercury,Scorpio,"18°43'22.13""",Jyeshtha,Mercury,1,Rahu,Aquarius,"18°30'27.11""",Shatabhisha,Rahu,4,90,89.7847,0.2153
2025-12-21 18:00:00,Aspect,Square,Mercury,Scorpio,"18°43'22.13""",Jyeshtha,Mercury,1,Ketu,Leo,"18°30'27.11""",Purva Phalguni,Venus,2,90,90.2153,0.2153
2025-12-21 18:00:00,Aspect,Square,Venus,Sagittarius,"1°43'02.31""",Mula,Ketu,1,Saturn,Pisces,"1°25'13.36""",Purva Bhadrapada,Jupiter,4,90,89.7031,0.2969
2025-12-21 18:15:00,Aspect,Square,Mercury,Scorpio,"18°44'16.34""",Jyeshtha,Mercury,1,Rahu,Aquarius,"18°30'25.12""",Shatabhisha,Rahu,4,90,89.7691,0.2309
2025-12-21 18:15:00,Aspect,Square,Mercury,Scorpio,"18°44'16.34""",Jyeshtha,Mercury,1,Ketu,Leo,"18°30'25.12""",Purva Phalguni,Venus,2,90,90.2309,0.2309
2025-12-21 18:15:00,Aspect,Square,Venus,Sagittarius,"1°43'49.51""",Mula,Ketu,1,Saturn,Pisces,"1°25'14.90""",Purva Bhadrapada,Jupiter,4,90,89.6904,0.3096
2025-12-21 18:30:00,Aspect,Square,Mercury,Scorpio,"18°45'10.55""",Jyeshtha,Mercury,1,Rahu,Aquarius,"18°30'23.14""",Shatabhisha,Rahu,4,90,89.7535,0.2465
2025-12-21 18:30:00,Aspect,Square,Mercury,Scorpio,"18°45'10.55""",Jyeshtha,Mercury,1,Ketu,Leo,"18°30'23.14""",Purva Phalguni,Venus,2,90,90.2465,0.2465
2025-12-21 18:30:00,Aspect,Square,Venus,Sagittarius,"1°44'36.71""",Mula,Ketu,1,Saturn,Pisces,"1°25'16.44""",Purva Bhadrapada,Jupiter,4,90,89.6777,0.3223
2025-12-21 18:45:00,Aspect,Square,Mercury,Scorpio,"18°46'04.77""",Jyeshtha,Mercury,1,Rahu,Aquarius,"18°30'21.15""",Shatabhisha,Rahu,4,90,89.7379,0.2621
2025-12-21 18:45:00,Aspect,Square,Mercury,Scorpio,"18°46'04.77""",Jyeshtha,Mercury,1,Ketu,Leo,"18°30'21.15""",Purva Phalguni,Venus,2,90,90.2621,0.2621
2025-12-21 18:45:00,Aspect,Square,Venus,Sagittarius,"1°45'23.92""",Mula,Ketu,1,Saturn,Pisces,"1°25'17.99""",Purva Bhadrapada,Jupiter,4,90,89.665,0.335
2025-12-21 19:00:00,Aspect,Square,Mercury,Scorpio,"18°46'58.99""",Jyeshtha,Mercury,1,Rahu,Aquarius,"18°30'19.16""",Shatabhisha,Rahu,4,90,89.7223,0.2777
2025-12-21 19:00:00,Aspect,Square,Mercury,Scorpio,"18°46'58.99""",Jyeshtha,Mercury,1,Ketu,Leo,"18°30'19.16""",Purva Phalguni,Venus,2,90,90.2777,0.2777
2025-12-21 19:00:00,Aspect,Square,Venus,Sagittarius,"1°46'11.12""",Mula,Ketu,1,Saturn,Pisces,"1°25'19.53""",Purva Bhadrapada,Jupiter,4,90,89.6523,0.3477
2025-12-21 19:15:00,Aspect,Square,Mercury,Scorpio,"18°47'53.22""",Jyeshtha,Mercury,1,Rahu,Aquarius,"18°30'17.17""",Shatabhisha,Rahu,4,90,89.7067,0.2933
2025-12-21 19:15:00,Aspect,Square,Mercury,Scorpio,"18°47'53.22""",Jyeshtha,Mercury,1,Ketu,Leo,"18°30'17.17""",Purva Phalguni,Venus,2,90,90.2933,0.2933
2025-12-21 19:15:00,Aspect,Square,Venus,Sagittarius,"1°46'58.33""",Mula,Ketu,1,Saturn,Pisces,"1°25'21.08""",Purva Bhadrapada,Jupiter,4,90,89.6397,0.3603
2025-12-21 19:30:00,Aspect,Square,Mercury,Scorpio,"18°48'47.45""",Jyeshtha,Mercury,1,Rahu,Aquarius,"18°30'15.19""",Shatabhisha,Rahu,4,90,89.691,0.309
2025-12-21 19:30:00,Aspect,Square,Mercury,Scorpio,"18°48'47.45""",Jyeshtha,Mercury,1,Ketu,Leo,"18°30'15.19""",Purva Phalguni,Venus,2,90,90.309,0.309
2025-12-21 19:30:00,Aspect,Square,Venus,Sagittarius,"1°47'45.53""",Mula,Ketu,1,Saturn,Pisces,"1°25'22.62""",Purva Bhadrapada,Jupiter,4,90,89.627,0.373
2025-12-21 19:45:00,Aspect,Square,Mercury,Scorpio,"18°49'41.68""",Jyeshtha,Mercury,1,Rahu,Aquarius,"18°30'13.20""",Shatabhisha,Rahu,4,90,89.6754,0.3246
2025-12-21 19:45:00,Aspect,Square,Mercury,Scorpio,"18°49'41.68""",Jyeshtha,Mercury,1,Ketu,Leo,"18°30'13.20""",Purva Phalguni,Venus,2,90,90.3246,0.3246
2025-12-21 19:45:00,Aspect,Square,Venus,Sagittarius,"1°48'32.74""",Mula,Ketu,1,Saturn,Pisces,"1°25'24.17""",Purva Bhadrapada,Jupiter,4,90,89.6143,0.3857
2025-12-21 20:00:00,Aspect,Square,Mercury,Scorpio,"18°50'35.92""",Jyeshtha,Mercury,1,Rahu,Aquarius,"18°30'11.21""",Shatabhisha,Rahu,4,90,89.6598,0.3402
2025-12-21 20:00:00,Aspect,Square,Mercury,Scorpio,"18°50'35.92""",Jyeshtha,Mercury,1,Ketu,Leo,"18°30'11.21""",Purva Phalguni,Venus,2,90,90.3402,0.3402
2025-12-21 20:00:00,Aspect,Square,Venus,Sagittarius,"1°49'19.94""",Mula,Ketu,1,Saturn,Pisces,"1°25'25.71""",Purva Bhadrapada,Jupiter,4,90,89.6016,0.3984
2025-12-21 20:15:00,Aspect,Square,Mercury,Scorpio,"18°51'30.17""",Jyeshtha,Mercury,1,Rahu,Aquarius,"18°30'09.23""",Shatabhisha,Rahu,4,90,89.6442,0.3558
2025-12-21 20:15:00,Aspect,Square,Mercury,Scorpio,"18°51'30.17""",Jyeshtha,Mercury,1,Ketu,Leo,"18°30'09.23""",Purva Phalguni,Venus,2,90,90.3558,0.3558
2025-12-21 20:15:00,Aspect,Square,Venus,Sagittarius,"1°50'07.15""",Mula,Ketu,1,Saturn,Pisces,"1°25'27.26""",Purva Bhadrapada,Jupiter,4,90,89.5889,0.4111
2025-12-21 20:30:00,Aspect,Square,Mercury,Scorpio,"18°52'24.41""",Jyeshtha,Mercury,1,Rahu,Aquarius,"18°30'07.24""",Shatabhisha,Rahu,4,90,89.6286,0.3714
2025-12-21 20:30:00,Aspect,Square,Mercury,Scorpio,"18°52'24.41""",Jyeshtha,Mercury,1,Ketu,Leo,"18°30'07.24""",Purva Phalguni,Venus,2,90,90.3714,0.3714
2025-12-21 20:30:00,Aspect,Square,Venus,Sagittarius,"1°50'54.35""",Mula,Ketu,1,Saturn,Pisces,"1°25'28.81""",Purva Bhadrapada,Jupiter,4,90,89.5762,0.4238
2025-12-21 20:45:00,Aspect,Square,Mercury,Scorpio,"18°53'18.67""",Jyeshtha,Mercury,1,Rahu,Aquarius,"18°30'05.25""",Shatabhisha,Rahu,4,90,89.6129,0.3871
2025-12-21 20:45:00,Aspect,Square,Mercury,Scorpio,"18°53'18.67""",Jyeshtha,Mercury,1,Ketu,Leo,"18°30'05.25""",Purva Phalguni,Venus,2,90,90.3871,0.3871
2025-12-21 20:45:00,Aspect,Square,Venus,Sagittarius,"1°51'41.56""",Mula,Ketu,1,Saturn,Pisces,"1°25'30.36""",Purva Bhadrapada,Jupiter,4,90,89.5636,0.4364
2025-12-21 21:00:00,Aspect,Square,Mercury,Scorpio,"18°54'12.92""",Jyeshtha,Mercury,1,Rahu,Aquarius,"18°30'03.26""",Shatabhisha,Rahu,4,90,89.5973,0.4027
2025-12-21 21:00:00,Aspect,Square,Mercury,Scorpio,"18°54'12.92""",Jyeshtha,Mercury,1,Ketu,Leo,"18°30'03.26""",Purva Phalguni,Venus,2,90,90.4027,0.4027
2025-12-21 21:00:00,Aspect,Square,Venus,Sagittarius,"1°52'28.76""",Mula,Ketu,1,Saturn,Pisces,"1°25'31.91""",Purva Bhadrapada,Jupiter,4,90,89.5509,0.4491
2025-12-21 21:15:00,Aspect,Square,Mercury,Scorpio,"18°55'07.19""",Jyeshtha,Mercury,1,Rahu,Aquarius,"18°30'01.28""",Shatabhisha,Rahu,4,90,89.5817,0.4183
2025-12-21 21:15:00,Aspect,Square,Mercury,Scorpio,"18°55'07.19""",Jyeshtha,Mercury,1,Ketu,Leo,"18°30'01.28""",Purva Phalguni,Venus,2,90,90.4183,0.4183
2025-12-21 21:15:00,Aspect,Square,Venus,Sagittarius,"1°53'15.96""",Mula,Ketu,1,Saturn,Pisces,"1°25'33.46""",Purva Bhadrapada,Jupiter,4,90,89.5382,0.4618
2025-12-21 21:30:00,Aspect,Square,Mercury,Scorpio,"18°56'01.45""",Jyeshtha,Mercury,1,Rahu,Aquarius,"18°29'59.29""",Shatabhisha,Rahu,4,90,89.5661,0.4339
2025-12-21 21:30:00,Aspect,Square,Mercury,Scorpio,"18°56'01.45""",Jyeshtha,Mercury,1,Ketu,Leo,"18°29'59.29""",Purva Phalguni,Venus,2,90,90.4339,0.4339
2025-12-21 21:30:00,Aspect,Square,Venus,Sagittarius,"1°54'03.17""",Mula,Ketu,1,Saturn,Pisces,"1°25'35.01""",Purva Bhadrapada,Jupiter,4,90,89.5255,0.4745
2025-12-21 21:45:00,Aspect,Square,Mercury,Scorpio,"18°56'55.72""",Jyeshtha,Mercury,1,Rahu,Aquarius,"18°29'57.30""",Shatabhisha,Rahu,4,90,89.5504,0.4496
2025-12-21 21:45:00,Aspect,Square,Mercury,Scorpio,"18°56'55.72""",Jyeshtha,Mercury,1,Ketu,Leo,"18°29'57.30""",Purva Phalguni,Venus,2,90,90.4496,0.4496
2025-12-21 21:45:00,Aspect,Square,Venus,Sagittarius,"1°54'50.37""",Mula,Ketu,1,Saturn,Pisces,"1°25'36.56""",Purva Bhadrapada,Jupiter,4,90,89.5128,0.4872
2025-12-21 22:00:00,Aspect,Square,Mercury,Scorpio,"18°57'50.00""",Jyeshtha,Mercury,1,Rahu,Aquarius,"18°29'55.32""",Shatabhisha,Rahu,4,90,89.5348,0.4652
2025-12-21 22:00:00,Aspect,Square,Mercury,Scorpio,"18°57'50.00""",Jyeshtha,Mercury,1,Ketu,Leo,"18°29'55.32""",Purva Phalguni,Venus,2,90,90.4652,0.4652
2025-12-21 22:00:00,Aspect,Square,Venus,Sagittarius,"1°55'37.58""",Mula,Ketu,1,Saturn,Pisces,"1°25'38.11""",Purva Bhadrapada,Jupiter,4,90,89.5001,0.4999
2025-12-21 22:15:00,Aspect,Square,Mercury,Scorpio,"18°58'44.28""",Jyeshtha,Mercury,1,Rahu,Aquarius,"18°29'53.33""",Shatabhisha,Rahu,4,90,89.5192,0.4808
2025-12-21 22:15:00,Aspect,Square,Mercury,Scorpio,"18°58'44.28""",Jyeshtha,Mercury,1,Ketu,Leo,"18°29'53.33""",Purva Phalguni,Venus,2,90,90.4808,0.4808
2025-12-21 22:15:00,Aspect,Square,Venus,Sagittarius,"1°56'24.78""",Mula,Ketu,1,Saturn,Pisces,"1°25'39.66""",Purva Bhadrapada,Jupiter,4,90,89.4875,0.5125
2025-12-21 22:30:00,Aspect,Square,Mercury,Scorpio,"18°59'38.56""",Jyeshtha,Mercury,1,Rahu,Aquarius,"18°29'51.34""",Shatabhisha,Rahu,4,90,89.5036,0.4964
2025-12-21 22:30:00,Aspect,Square,Mercury,Scorpio,"18°59'38.56""",Jyeshtha,Mercury,1,Ketu,Leo,"18°29'51.34""",Purva Phalguni,Venus,2,90,90.4964,0.4964
2025-12-21 22:30:00,Aspect,Square,Venus,Sagittarius,"1°57'11.99""",Mula,Ketu,1,Saturn,Pisces,"1°25'41.22""",Purva Bhadrapada,Jupiter,4,90,89.4748,0.5252
2025-12-21 22:45:00,Aspect,Square,Mercury,Scorpio,"19°00'32.85""",Jyeshtha,Mercury,1,Rahu,Aquarius,"18°29'49.35""",Shatabhisha,Rahu,4,90,89.4879,0.5121
2025-12-21 22:45:00,Aspect,Square,Mercury,Scorpio,"19°00'32.85""",Jyeshtha,Mercury,1,Ketu,Leo,"18°29'49.35""",Purva Phalguni,Venus,2,90,90.5121,0.5121
2025-12-21 22:45:00,Aspect,Square,Venus,Sagittarius,"1°57'59.19""",Mula,Ketu,1,Saturn,Pisces,"1°25'42.77""",Purva Bhadrapada,Jupiter,4,90,89.4621,0.5379
2025-12-21 23:00:00,Aspect,Square,Mercury,Scorpio,"19°01'27.14""",Jyeshtha,Mercury,1,Rahu,Aquarius,"18°29'47.37""",Shatabhisha,Rahu,4,90,89.4723,0.5277
2025-12-21 23:00:00,Aspect,Square,Mercury,Scorpio,"19°01'27.14""",Jyeshtha,Mercury,1,Ketu,Leo,"18°29'47.37""",Purva Phalguni,Venus,2,90,90.5277,0.5277
2025-12-21 23:00:00,Aspect,Square,Venus,Sagittarius,"1°58'46.40""",Mula,Ketu,1,Saturn,Pisces,"1°25'44.33""",Purva Bhadrapada,Jupiter,4,90,89.4494,0.5506
2025-12-21 23:15:00,Aspect,Square,Mercury,Scorpio,"19°02'21.44""",Jyeshtha,Mercury,1,Rahu,Aquarius,"18°29'45.38""",Shatabhisha,Rahu,4,90,89.4567,0.5433
2025-12-21 23:15:00,Aspect,Square,Mercury,Scorpio,"19°02'21.44""",Jyeshtha,Mercury,1,Ketu,Leo,"18°29'45.38""",Purva Phalguni,Venus,2,90,90.5433,0.5433
2025-12-21 23:15:00,Aspect,Square,Venus,Sagittarius,"1°59'33.60""",Mula,Ketu,1,Saturn,Pisces,"1°25'45.88""",Purva Bhadrapada,Jupiter,4,90,89.4367,0.5633
2025-12-21 23:30:00,Aspect,Square,Mercury,Scorpio,"19°03'15.74""",Jyeshtha,Mercury,1,Rahu,Aquarius,"18°29'43.39""",Shatabhisha,Rahu,4,90,89.441,0.559
2025-12-21 23:30:00,Aspect,Square,Mercury,Scorpio,"19°03'15.74""",Jyeshtha,Mercury,1,Ketu,Leo,"18°29'43.39""",Purva Phalguni,Venus,2,90,90.559,0.559
2025-12-21 23:30:00,Aspect,Square,Venus,Sagittarius,"2°00'20.80""",Mula,Ketu,1,Saturn,Pisces,"1°25'47.44""",Purva Bhadrapada,Jupiter,4,90,89.4241,0.5759
2025-12-21 23:45:00,Aspect,Square,Mercury,Scorpio,"19°04'10.04""",Jyeshtha,Mercury,1,Rahu,Aquarius,"18°29'41.40""",Shatabhisha,Rahu,4,90,89.4254,0.5746
2025-12-21 23:45:00,Aspect,Square,Mercury,Scorpio,"19°04'10.04""",Jyeshtha,Mercury,1,Ketu,Leo,"18°29'41.40""",Purva Phalguni,Venus,2,90,90.5746,0.5746
2025-12-21 23:45:00,Aspect,Square,Venus,Sagittarius,"2°01'08.01""",Mula,Ketu,1,Saturn,Pisces,"1°25'48.99""",Purva Bhadrapada,Jupiter,4,90,89.4114,0.5886
2025-12-22 00:00:00,Aspect,Square,Mercury,Scorpio,"19°05'04.35""",Jyeshtha,Mercury,1,Rahu,Aquarius,"18°29'39.42""",Shatabhisha,Rahu,4,90,89.4097,0.5903
2025-12-22 00:00:00,Aspect,Square,Mercury,Scorpio,"19°05'04.35""",Jyeshtha,Mercury,1,Ketu,Leo,"18°29'39.42""",Purva Phalguni,Venus,2,90,90.5903,0.5903
2025-12-22 00:00:00,Aspect,Square,Venus,Sagittarius,"2°01'55.21""",Mula,Ketu,1,Saturn,Pisces,"1°25'50.55""",Purva Bhadrapada,Jupiter,4,90,89.3987,0.6013
2025-12-22 00:15:00,Aspect,Square,Mercury,Scorpio,"19°05'58.67""",Jyeshtha,Mercury,1,Rahu,Aquarius,"18°29'37.43""",Shatabhisha,Rahu,4,90,89.3941,0.6059
2025-12-22 00:15:00,Aspect,Square,Mercury,Scorpio,"19°05'58.67""",Jyeshtha,Mercury,1,Ketu,Leo,"18°29'37.43""",Purva Phalguni,Venus,2,90,90.6059,0.6059
2025-12-22 00:15:00,Aspect,Square,Venus,Sagittarius,"2°02'42.42""",Mula,Ketu,1,Saturn,Pisces,"1°25'52.11""",Purva Bhadrapada,Jupiter,4,90,89.386,0.614
2025-12-22 00:30:00,Aspect,Square,Mercury,Scorpio,"19°06'52.99""",Jyeshtha,Mercury,1,Rahu,Aquarius,"18°29'35.44""",Shatabhisha,Rahu,4,90,89.3785,0.6215
2025-12-22 00:30:00,Aspect,Square,Mercury,Scorpio,"19°06'52.99""",Jyeshtha,Mercury,1,Ketu,Leo,"18°29'35.44""",Purva Phalguni,Venus,2,90,90.6215,0.6215
2025-12-22 00:30:00,Aspect,Square,Venus,Sagittarius,"2°03'29.62""",Mula,Ketu,1,Saturn,Pisces,"1°25'53.67""",Purva Bhadrapada,Jupiter,4,90,89.3733,0.6267
2025-12-22 00:45:00,Aspect,Square,Mercury,Scorpio,"19°07'47.31""",Jyeshtha,Mercury,1,Rahu,Aquarius,"18°29'33.46""",Shatabhisha,Rahu,4,90,89.3628,0.6372
2025-12-22 00:45:00,Aspect,Square,Mercury,Scorpio,"19°07'47.31""",Jyeshtha,Mercury,1,Ketu,Leo,"18°29'33.46""",Purva Phalguni,Venus,2,90,90.6372,0.6372
2025-12-22 00:45:00,Aspect,Square,Venus,Sagittarius,"2°04'16.83""",Mula,Ketu,1,Saturn,Pisces,"1°25'55.23""",Purva Bhadrapada,Jupiter,4,90,89.3607,0.6393
2025-12-22 01:00:00,Aspect,Square,Mercury,Scorpio,"19°08'41.63""",Jyeshtha,Mercury,1,Rahu,Aquarius,"18°29'31.47""",Shatabhisha,Rahu,4,90,89.3472,0.6528
2025-12-22 01:00:00,Aspect,Square,Mercury,Scorpio,"19°08'41.63""",Jyeshtha,Mercury,1,Ketu,Leo,"18°29'31.47""",Purva Phalguni,Venus,2,90,90.6528,0.6528
2025-12-22 01:00:00,Aspect,Square,Venus,Sagittarius,"2°05'04.03""",Mula,Ketu,1,Saturn,Pisces,"1°25'56.79""",Purva Bhadrapada,Jupiter,4,90,89.348,0.652
2025-12-22 01:15:00,Aspect,Square,Mercury,Scorpio,"19°09'35.97""",Jyeshtha,Mercury,1,Rahu,Aquarius,"18°29'29.48""",Shatabhisha,Rahu,4,90,89.3315,0.6685
2025-12-22 01:15:00,Aspect,Square,Mercury,Scorpio,"19°09'35.97""",Jyeshtha,Mercury,1,Ketu,Leo,"18°29'29.48""",Purva Phalguni,Venus,2,90,90.6685,0.6685
2025-12-22 01:15:00,Aspect,Square,Venus,Sagittarius,"2°05'51.23""",Mula,Ketu,1,Saturn,Pisces,"1°25'58.35""",Purva Bhadrapada,Jupiter,4,90,89.3353,0.6647
2025-12-22 01:30:00,Aspect,Square,Mercury,Scorpio,"19°10'30.30""",Jyeshtha,Mercury,1,Rahu,Aquarius,"18°29'27.49""",Shatabhisha,Rahu,4,90,89.3159,0.6841
2025-12-22 01:30:00,Aspect,Square,Mercury,Scorpio,"19°10'30.30""",Jyeshtha,Mercury,1,Ketu,Leo,"18°29'27.49""",Purva Phalguni,Venus,2,90,90.6841,0.6841
2025-12-22 01:30:00,Aspect,Square,Venus,Sagittarius,"2°06'38.44""",Mula,Ketu,1,Saturn,Pisces,"1°25'59.91""",Purva Bhadrapada,Jupiter,4,90,89.3226,0.6774
2025-12-22 01:45:00,Aspect,Square,Mercury,Scorpio,"19°11'24.64""",Jyeshtha,Mercury,1,Rahu,Aquarius,"18°29'25.51""",Shatabhisha,Rahu,4,90,89.3002,0.6998
2025-12-22 01:45:00,Aspect,Square,Mercury,Scorpio,"19°11'24.64""",Jyeshtha,Mercury,1,Ketu,Leo,"18°29'25.51""",Purva Phalguni,Venus,2,90,90.6998,0.6998
2025-12-22 01:45:00,Aspect,Square,Venus,Sagittarius,"2°07'25.64""",Mula,Ketu,1,Saturn,Pisces,"1°26'01.47""",Purva Bhadrapada,Jupiter,4,90,89.31,0.69
2025-12-22 02:00:00,Aspect,Square,Mercury,Scorpio,"19°12'18.99""",Jyeshtha,Mercury,1,Rahu,Aquarius,"18°29'23.52""",Shatabhisha,Rahu,4,90,89.2846,0.7154
2025-12-22 02:00:00,Aspect,Square,Mercury,Scorpio,"19°12'18.99""",Jyeshtha,Mercury,1,Ketu,Leo,"18°29'23.52""",Purva Phalguni,Venus,2,90,90.7154,0.7154
2025-12-22 02:00:00,Aspect,Square,Venus,Sagittarius,"2°08'12.85""",Mula,Ketu,1,Saturn,Pisces,"1°26'03.03""",Purva Bhadrapada,Jupiter,4,90,89.2973,0.7027
2025-12-22 02:15:00,Aspect,Square,Mercury,Scorpio,"19°13'13.33""",Jyeshtha,Mercury,1,Rahu,Aquarius,"18°29'21.53""",Shatabhisha,Rahu,4,90,89.2689,0.7311
2025-12-22 02:15:00,Aspect,Square,Mercury,Scorpio,"19°13'13.33""",Jyeshtha,Mercury,1,Ketu,Leo,"18°29'21.53""",Purva Phalguni,Venus,2,90,90.7311,0.7311
2025-12-22 02:15:00,Aspect,Square,Venus,Sagittarius,"2°09'00.05""",Mula,Ketu,1,Saturn,Pisces,"1°26'04.60""",Purva Bhadrapada,Jupiter,4,90,89.2846,0.7154
2025-12-22 02:30:00,Aspect,Square,Mercury,Scorpio,"19°14'07.69""",Jyeshtha,Mercury,1,Rahu,Aquarius,"18°29'19.55""",Shatabhisha,Rahu,4,90,89.2533,0.7467
2025-12-22 02:30:00,Aspect,Square,Mercury,Scorpio,"19°14'07.69""",Jyeshtha,Mercury,1,Ketu,Leo,"18°29'19.55""",Purva Phalguni,Venus,2,90,90.7467,0.7467
2025-12-22 02:30:00,Aspect,Square,Venus,Sagittarius,"2°09'47.26""",Mula,Ketu,1,Saturn,Pisces,"1°26'06.16""",Purva Bhadrapada,Jupiter,4,90,89.2719,0.7281
2025-12-22 02:45:00,Aspect,Square,Mercury,Scorpio,"19°15'02.04""",Jyeshtha,Mercury,1,Rahu,Aquarius,"18°29'17.56""",Shatabhisha,Rahu,4,90,89.2376,0.7624
2025-12-22 02:45:00,Aspect,Square,Mercury,Scorpio,"19°15'02.04""",Jyeshtha,Mercury,1,Ketu,Leo,"18°29'17.56""",Purva Phalguni,Venus,2,90,90.7624,0.7624
2025-12-22 02:45:00,Aspect,Square,Venus,Sagittarius,"2°10'34.46""",Mula,Ketu,1,Saturn,Pisces,"1°26'07.73""",Purva Bhadrapada,Jupiter,4,90,89.2592,0.7408
2025-12-22 03:00:00,Aspect,Square,Mercury,Scorpio,"19°15'56.41""",Jyeshtha,Mercury,1,Rahu,Aquarius,"18°29'15.57""",Shatabhisha,Rahu,4,90,89.222,0.778
2025-12-22 03:00:00,Aspect,Square,Mercury,Scorpio,"19°15'56.41""",Jyeshtha,Mercury,1,Ketu,Leo,"18°29'15.57""",Purva Phalguni,Venus,2,90,90.778,0.778
2025-12-22 03:00:00,Aspect,Square,Venus,Sagittarius,"2°11'21.67""",Mula,Ketu,1,Saturn,Pisces,"1°26'09.29""",Purva Bhadrapada,Jupiter,4,90,89.2466,0.7534
2025-12-22 03:15:00,Aspect,Square,Mercury,Scorpio,"19°16'50.77""",Jyeshtha,Mercury,1,Rahu,Aquarius,"18°29'13.58""",Shatabhisha,Rahu,4,90,89.2063,0.7937
2025-12-22 03:15:00,Aspect,Square,Mercury,Scorpio,"19°16'50.77""",Jyeshtha,Mercury,1,Ketu,Leo,"18°29'13.58""",Purva Phalguni,Venus,2,90,90.7937,0.7937
2025-12-22 03:15:00,Aspect,Square,Venus,Sagittarius,"2°12'08.87""",Mula,Ketu,1,Saturn,Pisces,"1°26'10.86""",Purva Bhadrapada,Jupiter,4,90,89.2339,0.7661
2025-12-22 03:30:00,Aspect,Square,Mercury,Scorpio,"19°17'45.14""",Jyeshtha,Mercury,1,Rahu,Aquarius,"18°29'11.60""",Shatabhisha,Rahu,4,90,89.1907,0.8093
2025-12-22 03:30:00,Aspect,Square,Mercury,Scorpio,"19°17'45.14""",Jyeshtha,Mercury,1,Ketu,Leo,"18°29'11.60""",Purva Phalguni,Venus,2,90,90.8093,0.8093
2025-12-22 03:30:00,Aspect,Square,Venus,Sagittarius,"2°12'56.07""",Mula,Ketu,1,Saturn,Pisces,"1°26'12.42""",Purva Bhadrapada,Jupiter,4,90,89.2212,0.7788
2025-12-22 03:45:00,Aspect,Square,Mercury,Scorpio,"19°18'39.51""",Jyeshtha,Mercury,1,Rahu,Aquarius,"18°29'09.61""",Shatabhisha,Rahu,4,90,89.175,0.825
2025-12-22 03:45:00,Aspect,Square,Mercury,Scorpio,"19°18'39.51""",Jyeshtha,Mercury,1,Ketu,Leo,"18°29'09.61""",Purva Phalguni,Venus,2,90,90.825,0.825
2025-12-22 03:45:00,Aspect,Square,Venus,Sagittarius,"2°13'43.28""",Mula,Ketu,1,Saturn,Pisces,"1°26'13.99""",Purva Bhadrapada,Jupiter,4,90,89.2085,0.7915
2025-12-22 04:00:00,Aspect,Square,Mercury,Scorpio,"19°19'33.89""",Jyeshtha,Mercury,1,Rahu,Aquarius,"18°29'07.62""",Shatabhisha,Rahu,4,90,89.1594,0.8406
2025-12-22 04:00:00,Aspect,Square,Mercury,Scorpio,"19°19'33.89""",Jyeshtha,Mercury,1,Ketu,Leo,"18°29'07.62""",Purva Phalguni,Venus,2,90,90.8406,0.8406
2025-12-22 04:00:00,Aspect,Square,Venus,Sagittarius,"2°14'30.48""",Mula,Ketu,1,Saturn,Pisces,"1°26'15.56""",Purva Bhadrapada,Jupiter,4,90,89.1959,0.8041
2025-12-22 04:15:00,Aspect,Square,Mercury,Scorpio,"19°20'28.28""",Jyeshtha,Mercury,1,Rahu,Aquarius,"18°29'05.64""",Shatabhisha,Rahu,4,90,89.1437,0.8563
2025-12-22 04:15:00,Aspect,Square,Mercury,Scorpio,"19°20'28.28""",Jyeshtha,Mercury,1,Ketu,Leo,"18°29'05.64""",Purva Phalguni,Venus,2,90,90.8563,0.8563
2025-12-22 04:15:00,Aspect,Square,Venus,Sagittarius,"2°15'17.69""",Mula,Ketu,1,Saturn,Pisces,"1°26'17.13""",Purva Bhadrapada,Jupiter,4,90,89.1832,0.8168
2025-12-22 04:30:00,Aspect,Square,Mercury,Scorpio,"19°21'22.66""",Jyeshtha,Mercury,1,Rahu,Aquarius,"18°29'03.65""",Shatabhisha,Rahu,4,90,89.1281,0.8719
2025-12-22 04:30:00,Aspect,Square,Mercury,Scorpio,"19°21'22.66""",Jyeshtha,Mercury,1,Ketu,Leo,"18°29'03.65""",Purva Phalguni,Venus,2,90,90.8719,0.8719
2025-12-22 04:30:00,Aspect,Square,Venus,Sagittarius,"2°16'04.89""",Mula,Ketu,1,Saturn,Pisces,"1°26'18.70""",Purva Bhadrapada,Jupiter,4,90,89.1705,0.8295
2025-12-22 04:45:00,Aspect,Square,Mercury,Scorpio,"19°22'17.05""",Jyeshtha,Mercury,1,Rahu,Aquarius,"18°29'01.66""",Shatabhisha,Rahu,4,90,89.1124,0.8876
2025-12-22 04:45:00,Aspect,Square,Mercury,Scorpio,"19°22'17.05""",Jyeshtha,Mercury,1,Ketu,Leo,"18°29'01.66""",Purva Phalguni,Venus,2,90,90.8876,0.8876
2025-12-22 04:45:00,Aspect,Square,Venus,Sagittarius,"2°16'52.10""",Mula,Ketu,1,Saturn,Pisces,"1°26'20.27""",Purva Bhadrapada,Jupiter,4,90,89.1578,0.8422
2025-12-22 05:00:00,Aspect,Square,Mercury,Scorpio,"19°23'11.45""",Jyeshtha,Mercury,1,Rahu,Aquarius,"18°28'59.67""",Shatabhisha,Rahu,4,90,89.0967,0.9033
2025-12-22 05:00:00,Aspect,Square,Mercury,Scorpio,"19°23'11.45""",Jyeshtha,Mercury,1,Ketu,Leo,"18°28'59.67""",Purva Phalguni,Venus,2,90,90.9033,0.9033
2025-12-22 05:00:00,Aspect,Square,Venus,Sagittarius,"2°17'39.30""",Mula,Ketu,1,Saturn,Pisces,"1°26'21.84""",Purva Bhadrapada,Jupiter,4,90,89.1451,0.8549
2025-12-22 05:15:00,Aspect,Square,Mercury,Scorpio,"19°24'05.85""",Jyeshtha,Mercury,1,Rahu,Aquarius,"18°28'57.69""",Shatabhisha,Rahu,4,90,89.0811,0.9189
2025-12-22 05:15:00,Aspect,Square,Mercury,Scorpio,"19°24'05.85""",Jyeshtha,Mercury,1,Ketu,Leo,"18°28'57.69""",Purva Phalguni,Venus,2,90,90.9189,0.9189
2025-12-22 05:15:00,Aspect,Square,Venus,Sagittarius,"2°18'26.50""",Mula,Ketu,1,Saturn,Pisces,"1°26'23.41""",Purva Bhadrapada,Jupiter,4,90,89.1325,0.8675
2025-12-22 05:30:00,Aspect,Square,Mercury,Scorpio,"19°25'00.25""",Jyeshtha,Mercury,1,Rahu,Aquarius,"18°28'55.70""",Shatabhisha,Rahu,4,90,89.0654,0.9346
2025-12-22 05:30:00,Aspect,Square,Mercury,Scorpio,"19°25'00.25""",Jyeshtha,Mercury,1,Ketu,Leo,"18°28'55.70""",Purva Phalguni,Venus,2,90,90.9346,0.9346
2025-12-22 05:30:00,Aspect,Square,Venus,Sagittarius,"2°19'13.71""",Mula,Ketu,1,Saturn,Pisces,"1°26'24.98""",Purva Bhadrapada,Jupiter,4,90,89.1198,0.8802
2025-12-22 05:45:00,Aspect,Square,Mercury,Scorpio,"19°25'54.66""",Jyeshtha,Mercury,1,Rahu,Aquarius,"18°28'53.71""",Shatabhisha,Rahu,4,90,89.0497,0.9503
2025-12-22 05:45:00,Aspect,Square,Mercury,Scorpio,"19°25'54.66""",Jyeshtha,Mercury,1,Ketu,Leo,"18°28'53.71""",Purva Phalguni,Venus,2,90,90.9503,0.9503
2025-12-22 05:45:00,Aspect,Square,Venus,Sagittarius,"2°20'00.91""",Mula,Ketu,1,Saturn,Pisces,"1°26'26.55""",Purva Bhadrapada,Jupiter,4,90,89.1071,0.8929
2025-12-22 06:00:00,Aspect,Square,Mercury,Scorpio,"19°26'49.07""",Jyeshtha,Mercury,1,Rahu,Aquarius,"18°28'51.72""",Shatabhisha,Rahu,4,90,89.0341,0.9659
2025-12-22 06:00:00,Aspect,Square,Mercury,Scorpio,"19°26'49.07""",Jyeshtha,Mercury,1,Ketu,Leo,"18°28'51.72""",Purva Phalguni,Venus,2,90,90.9659,0.9659
2025-12-22 06:00:00,Aspect,Square,Venus,Sagittarius,"2°20'48.12""",Mula,Ketu,1,Saturn,Pisces,"1°26'28.12""",Purva Bhadrapada,Jupiter,4,90,89.0944,0.9056
2025-12-22 06:15:00,Aspect,Square,Mercury,Scorpio,"19°27'43.49""",Jyeshtha,Mercury,1,Rahu,Aquarius,"18°28'49.74""",Shatabhisha,Rahu,4,90,89.0184,0.9816
2025-12-22 06:15:00,Aspect,Square,Mercury,Scorpio,"19°27'43.49""",Jyeshtha,Mercury,1,Ketu,Leo,"18°28'49.74""",Purva Phalguni,Venus,2,90,90.9816,0.9816
2025-12-22 06:15:00,Aspect,Square,Venus,Sagittarius,"2°21'35.32""",Mula,Ketu,1,Saturn,Pisces,"1°26'29.70""",Purva Bhadrapada,Jupiter,4,90,89.0818,0.9182
2025-12-22 06:30:00,Aspect,Square,Mercury,Scorpio,"19°28'37.91""",Jyeshtha,Mercury,1,Rahu,Aquarius,"18°28'47.75""",Shatabhisha,Rahu,4,90,89.0027,0.9973
2025-12-22 06:30:00,Aspect,Square,Mercury,Scorpio,"19°28'37.91""",Jyeshtha,Mercury,1,Ketu,Leo,"18°28'47.75""",Purva Phalguni,Venus,2,90,90.9973,0.9973
2025-12-22 06:30:00,Aspect,Square,Venus,Sagittarius,"2°22'22.53""",Mula,Ketu,1,Saturn,Pisces,"1°26'31.27""",Purva Bhadrapada,Jupiter,4,90,89.0691,0.9309
2025-12-22 06:45:00,Aspect,Opposition,Moon,Sagittarius,"27°30'30.37""",Uttara Ashadha,Sun,1,Jupiter,Gemini,"28°22'55.59""",Punarvasu,Jupiter,3,180,179.1263,0.8737
2025-12-22 06:45:00,Aspect,Square,Venus,Sagittarius,"2°23'09.73""",Mula,Ketu,1,Saturn,Pisces,"1°26'32.85""",Purva Bhadrapada,Jupiter,4,90,89.0564,0.9436
2025-12-22 07:00:00,Aspect,Opposition,Moon,Sagittarius,"27°38'10.58""",Uttara Ashadha,Sun,1,Jupiter,Gemini,"28°22'51.21""",Punarvasu,Jupiter,3,180,179.2554,0.7446
2025-12-22 07:00:00,Aspect,Square,Venus,Sagittarius,"2°23'56.94""",Mula,Ketu,1,Saturn,Pisces,"1°26'34.42""",Purva Bhadrapada,Jupiter,4,90,89.0437,0.9563
2025-12-22 07:15:00,Aspect,Opposition,Moon,Sagittarius,"27°45'50.85""",Uttara Ashadha,Sun,1,Jupiter,Gemini,"28°22'46.83""",Punarvasu,Jupiter,3,180,179.3845,0.6155
2025-12-22 07:15:00,Aspect,Square,Venus,Sagittarius,"2°24'44.14""",Mula,Ketu,1,Saturn,Pisces,"1°26'36.00""",Purva Bhadrapada,Jupiter,4,90,89.0311,0.9689
2025-12-22 07:30:00,Aspect,Opposition,Moon,Sagittarius,"27°53'31.17""",Uttara Ashadha,Sun,1,Jupiter,Gemini,"28°22'42.45""",Punarvasu,Jupiter,3,180,179.5135,0.4865
2025-12-22 07:30:00,Aspect,Square,Venus,Sagittarius,"2°25'31.34""",Mula,Ketu,1,Saturn,Pisces,"1°26'37.58""",Purva Bhadrapada,Jupiter,4,90,89.0184,0.9816
2025-12-22 07:45:00,Aspect,Opposition,Moon,Sagittarius,"28°01'11.54""",Uttara Ashadha,Sun,1,Jupiter,Gemini,"28°22'38.07""",Punarvasu,Jupiter,3,180,179.6426,0.3574
2025-12-22 07:45:00,Aspect,Square,Venus,Sagittarius,"2°26'18.55""",Mula,Ketu,1,Saturn,Pisces,"1°26'39.15""",Purva Bhadrapada,Jupiter,4,90,89.0057,0.9943
2025-12-22 08:00:00,Aspect,Opposition,Moon,Sagittarius,"28°08'51.97""",Uttara Ashadha,Sun,1,Jupiter,Gemini,"28°22'33.68""",Punarvasu,Jupiter,3,180,179.7717,0.2283
2025-12-22 08:15:00,Aspect,Opposition,Moon,Sagittarius,"28°16'32.44""",Uttara Ashadha,Sun,1,Jupiter,Gemini,"28°22'29.30""",Punarvasu,Jupiter,3,180,179.9009,0.0991
2025-12-22 08:30:00,Aspect,Opposition,Moon,Sagittarius,"28°24'12.97""",Uttara Ashadha,Sun,1,Jupiter,Gemini,"28°22'24.92""",Punarvasu,Jupiter,3,180,179.97,0.03
2025-12-22 08:45:00,Aspect,Opposition,Moon,Sagittarius,"28°31'53.55""",Uttara Ashadha,Sun,1,Jupiter,Gemini,"28°22'20.53""",Punarvasu,Jupiter,3,180,179.8408,0.1592
2025-12-22 09:00:00,Aspect,Opposition,Moon,Sagittarius,"28°39'34.18""",Uttara Ashadha,Sun,1,Jupiter,Gemini,"28°22'16.15""",Punarvasu,Jupiter,3,180,179.7117,0.2883
2025-12-22 09:15:00,Aspect,Opposition,Moon,Sagittarius,"28°47'14.86""",Uttara Ashadha,Sun,1,Jupiter,Gemini,"28°22'11.76""",Punarvasu,Jupiter,3,180,179.5825,0.4175
2025-12-22 09:30:00,Aspect,Opposition,Moon,Sagittarius,"28°54'55.60""",Uttara Ashadha,Sun,1,Jupiter,Gemini,"28°22'07.37""",Punarvasu,Jupiter,3,180,179.4533,0.5467
2025-12-22 09:45:00,Aspect,Opposition,Moon,Sagittarius,"29°02'36.38""",Uttara Ashadha,Sun,1,Jupiter,Gemini,"28°22'02.99""",Punarvasu,Jupiter,3,180,179.3241,0.6759
2025-12-22 10:00:00,Aspect,Opposition,Moon,Sagittarius,"29°10'17.22""",Uttara Ashadha,Sun,1,Jupiter,Gemini,"28°21'58.60""",Punarvasu,Jupiter,3,180,179.1948,0.8052
2025-12-22 10:15:00,Aspect,Opposition,Moon,Sagittarius,"29°17'58.11""",Uttara Ashadha,Sun,1,Jupiter,Gemini,"28°21'54.21""",Punarvasu,Jupiter,3,180,179.0656,0.9344
2025-12-22 12:45:00,Aspect,Sextitle,Moon,Capricorn,"0°34'49.93""",Uttara Ashadha,Sun,2,Saturn,Pisces,"1°27'10.85""",Purva Bhadrapada,Jupiter,4,60,60.8725,0.8725
2025-12-22 13:00:00,Aspect,Sextitle,Moon,Capricorn,"0°42'31.40""",Uttara Ashadha,Sun,2,Saturn,Pisces,"1°27'12.44""",Purva Bhadrapada,Jupiter,4,60,60.7447,0.7447
2025-12-22 13:15:00,Aspect,Sextitle,Moon,Capricorn,"0°50'12.93""",Uttara Ashadha,Sun,2,Saturn,Pisces,"1°27'14.03""",Purva Bhadrapada,Jupiter,4,60,60.617,0.617
2025-12-22 13:30:00,Aspect,Sextitle,Moon,Capricorn,"0°57'54.51""",Uttara Ashadha,Sun,2,Saturn,Pisces,"1°27'15.63""",Purva Bhadrapada,Jupiter,4,60,60.4892,0.4892
2025-12-22 13:45:00,Aspect,Sextitle,Moon,Capricorn,"1°05'36.14""",Uttara Ashadha,Sun,2,Saturn,Pisces,"1°27'17.22""",Purva Bhadrapada,Jupiter,4,60,60.3614,0.3614
2025-12-22 14:00:00,Aspect,Sextitle,Moon,Capricorn,"1°13'17.83""",Uttara Ashadha,Sun,2,Saturn,Pisces,"1°27'18.81""",Purva Bhadrapada,Jupiter,4,60,60.2336,0.2336
2025-12-22 14:15:00,Aspect,Sextitle,Moon,Capricorn,"1°20'59.57""",Uttara Ashadha,Sun,2,Saturn,Pisces,"1°27'20.41""",Purva Bhadrapada,Jupiter,4,60,60.1058,0.1058
2025-12-22 14:30:00,Aspect,Sextitle,Moon,Capricorn,"1°28'41.36""",Uttara Ashadha,Sun,2,Saturn,Pisces,"1°27'22.00""",Purva Bhadrapada,Jupiter,4,60,59.978,0.022
2025-12-22 14:45:00,Aspect,Sextitle,Moon,Capricorn,"1°36'23.21""",Uttara Ashadha,Sun,2,Saturn,Pisces,"1°27'23.60""",Purva Bhadrapada,Jupiter,4,60,59.8501,0.1499
2025-12-22 15:00:00,Aspect,Sextitle,Moon,Capricorn,"1°44'05.12""",Uttara Ashadha,Sun,2,Saturn,Pisces,"1°27'25.20""",Purva Bhadrapada,Jupiter,4,60,59.7222,0.2778
2025-12-22 15:15:00,Aspect,Sextitle,Moon,Capricorn,"1°51'47.07""",Uttara Ashadha,Sun,2,Saturn,Pisces,"1°27'26.79""",Purva Bhadrapada,Jupiter,4,60,59.5944,0.4056
2025-12-22 15:30:00,Aspect,Sextitle,Moon,Capricorn,"1°59'29.08""",Uttara Ashadha,Sun,2,Saturn,Pisces,"1°27'28.39""",Purva Bhadrapada,Jupiter,4,60,59.4665,0.5335
2025-12-22 15:45:00,Aspect,Sextitle,Moon,Capricorn,"2°07'11.15""",Uttara Ashadha,Sun,2,Saturn,Pisces,"1°27'29.99""",Purva Bhadrapada,Jupiter,4,60,59.3386,0.6614
2025-12-22 16:00:00,Aspect,Sextitle,Moon,Capricorn,"2°14'53.27""",Uttara Ashadha,Sun,2,Saturn,Pisces,"1°27'31.59""",Purva Bhadrapada,Jupiter,4,60,59.2106,0.7894
2025-12-22 16:15:00,Aspect,Sextitle,Moon,Capricorn,"2°22'35.45""",Uttara Ashadha,Sun,2,Saturn,Pisces,"1°27'33.19""",Purva Bhadrapada,Jupiter,4,60,59.0827,0.9173
2025-12-24 04:45:00,Aspect,Sextitle,Moon,Capricorn,"21°17'54.63""",Shravana,Moon,4,Mercury,Scorpio,"22°17'33.36""",Jyeshtha,Mercury,2,60,59.0059,0.9941
2025-12-24 05:00:00,Aspect,Sextitle,Moon,Capricorn,"21°25'46.04""",Shravana,Moon,4,Mercury,Scorpio,"22°18'28.49""",Jyeshtha,Mercury,2,60,59.1215,0.8785
2025-12-24 05:15:00,Aspect,Sextitle,Moon,Capricorn,"21°33'37.52""",Shravana,Moon,4,Mercury,Scorpio,"22°19'23.62""",Jyeshtha,Mercury,2,60,59.2372,0.7628
2025-12-24 05:30:00,Aspect,Sextitle,Moon,Capricorn,"21°41'29.07""",Shravana,Moon,4,Mercury,Scorpio,"22°20'18.75""",Jyeshtha,Mercury,2,60,59.3529,0.6471
2025-12-24 05:45:00,Aspect,Sextitle,Moon,Capricorn,"21°49'20.70""",Shravana,Moon,4,Mercury,Scorpio,"22°21'13.89""",Jyeshtha,Mercury,2,60,59.4686,0.5314
2025-12-24 06:00:00,Aspect,Sextitle,Moon,Capricorn,"21°57'12.40""",Shravana,Moon,4,Mercury,Scorpio,"22°22'09.03""",Jyeshtha,Mercury,2,60,59.5843,0.4157
2025-12-24 06:15:00,Aspect,Sextitle,Moon,Capricorn,"22°05'04.17""",Shravana,Moon,4,Mercury,Scorpio,"22°23'04.18""",Jyeshtha,Mercury,2,60,59.7,0.3
2025-12-24 06:30:00,Aspect,Sextitle,Moon,Capricorn,"22°12'56.02""",Shravana,Moon,4,Mercury,Scorpio,"22°23'59.33""",Jyeshtha,Mercury,2,60,59.8157,0.1843
2025-12-24 06:45:00,Aspect,Sextitle,Moon,Capricorn,"22°20'47.94""",Shravana,Moon,4,Mercury,Scorpio,"22°24'54.48""",Jyeshtha,Mercury,2,60,59.9315,0.0685
2025-12-24 07:00:00,Aspect,Sextitle,Moon,Capricorn,"22°28'39.93""",Shravana,Moon,4,Mercury,Scorpio,"22°25'49.64""",Jyeshtha,Mercury,2,60,60.0473,0.0473
2025-12-24 07:15:00,Aspect,Sextitle,Moon,Capricorn,"22°36'32.00""",Shravana,Moon,4,Mercury,Scorpio,"22°26'44.79""",Jyeshtha,Mercury,2,60,60.1631,0.1631
2025-12-24 07:30:00,Aspect,Sextitle,Moon,Capricorn,"22°44'24.14""",Shravana,Moon,4,Mercury,Scorpio,"22°27'39.96""",Jyeshtha,Mercury,2,60,60.2789,0.2789
2025-12-24 07:45:00,Aspect,Sextitle,Moon,Capricorn,"22°52'16.35""",Shravana,Moon,4,Mercury,Scorpio,"22°28'35.12""",Jyeshtha,Mercury,2,60,60.3948,0.3948
2025-12-24 08:00:00,Aspect,Sextitle,Moon,Capricorn,"23°00'08.64""",Shravana,Moon,4,Mercury,Scorpio,"22°29'30.29""",Jyeshtha,Mercury,2,60,60.5107,0.5107
2025-12-24 08:15:00,Aspect,Sextitle,Moon,Capricorn,"23°08'01.00""",Shravana,Moon,4,Mercury,Scorpio,"22°30'25.46""",Jyeshtha,Mercury,2,60,60.6265,0.6265
2025-12-24 08:30:00,Aspect,Sextitle,Moon,Capricorn,"23°15'53.44""",Shravana,Moon,4,Mercury,Scorpio,"22°31'20.64""",Jyeshtha,Mercury,2,60,60.7424,0.7424
2025-12-24 08:45:00,Aspect,Sextitle,Moon,Capricorn,"23°23'45.96""",Dhanishta,Mars,1,Mercury,Scorpio,"22°32'15.82""",Jyeshtha,Mercury,2,60,60.8584,0.8584
2025-12-24 09:00:00,Aspect,Sextitle,Moon,Capricorn,"23°31'38.54""",Dhanishta,Mars,1,Mercury,Scorpio,"22°33'11.00""",Jyeshtha,Mercury,2,60,60.9743,0.9743
2025-12-25 07:15:00,Aspect,Sextitle,Moon,Aquarius,"5°17'59.48""",Dhanishta,Mars,4,Venus,Sagittarius,"6°11'18.58""",Mula,Ketu,2,60,59.1114,0.8886
2025-12-25 07:30:00,Aspect,Sextitle,Moon,Aquarius,"5°25'59.51""",Dhanishta,Mars,4,Venus,Sagittarius,"6°12'05.78""",Mula,Ketu,2,60,59.2316,0.7684
2025-12-25 07:45:00,Aspect,Sextitle,Moon,Aquarius,"5°33'59.63""",Dhanishta,Mars,4,Venus,Sagittarius,"6°12'52.98""",Mula,Ketu,2,60,59.3518,0.6482
2025-12-25 08:00:00,Aspect,Sextitle,Moon,Aquarius,"5°41'59.85""",Dhanishta,Mars,4,Venus,Sagittarius,"6°13'40.18""",Mula,Ketu,2,60,59.4721,0.5279
2025-12-25 08:15:00,Aspect,Sextitle,Moon,Aquarius,"5°50'00.16""",Dhanishta,Mars,4,Venus,Sagittarius,"6°14'27.38""",Mula,Ketu,2,60,59.5924,0.4076
2025-12-25 08:30:00,Aspect,Sextitle,Moon,Aquarius,"5°58'00.55""",Dhanishta,Mars,4,Venus,Sagittarius,"6°15'14.58""",Mula,Ketu,2,60,59.7128,0.2872
2025-12-25 08:45:00,Aspect,Sextitle,Moon,Aquarius,"6°06'01.04""",Dhanishta,Mars,4,Venus,Sagittarius,"6°16'01.78""",Mula,Ketu,2,60,59.8331,0.1669
2025-12-25 09:00:00,Aspect,Sextitle,Moon,Aquarius,"6°14'01.63""",Dhanishta,Mars,4,Venus,Sagittarius,"6°16'48.98""",Mula,Ketu,2,60,59.9535,0.0465
2025-12-25 09:15:00,Aspect,Sextitle,Moon,Aquarius,"6°22'02.30""",Dhanishta,Mars,4,Venus,Sagittarius,"6°17'36.18""",Mula,Ketu,2,60,60.0739,0.0739
2025-12-25 09:30:00,Aspect,Sextitle,Moon,Aquarius,"6°30'03.07""",Dhanishta,Mars,4,Venus,Sagittarius,"6°18'23.38""",Mula,Ketu,2,60,60.1944,0.1944
2025-12-25 09:45:00,Aspect,Sextitle,Moon,Aquarius,"6°38'03.92""",Dhanishta,Mars,4,Venus,Sagittarius,"6°19'10.58""",Mula,Ketu,2,60,60.3148,0.3148
2025-12-25 10:00:00,Aspect,Sextitle,Moon,Aquarius,"6°46'04.88""",Shatabhisha,Rahu,1,Venus,Sagittarius,"6°19'57.79""",Mula,Ketu,2,60,60.4353,0.4353
2025-12-25 10:15:00,Aspect,Sextitle,Moon,Aquarius,"6°54'05.92""",Shatabhisha,Rahu,1,Venus,Sagittarius,"6°20'44.99""",Mula,Ketu,2,60,60.5558,0.5558
2025-12-25 10:30:00,Aspect,Sextitle,Moon,Aquarius,"7°02'07.06""",Shatabhisha,Rahu,1,Venus,Sagittarius,"6°21'32.19""",Mula,Ketu,2,60,60.6764,0.6764
2025-12-25 10:45:00,Aspect,Sextitle,Moon,Aquarius,"7°10'08.29""",Shatabhisha,Rahu,1,Venus,Sagittarius,"6°22'19.39""",Mula,Ketu,2,60,60.7969,0.7969
2025-12-25 11:00:00,Aspect,Sextitle,Moon,Aquarius,"7°18'09.61""",Shatabhisha,Rahu,1,Venus,Sagittarius,"6°23'06.59""",Mula,Ketu,2,60,60.9175,0.9175
2025-12-25 13:15:00,Aspect,Sextitle,Sun,Sagittarius,"9°28'48.45""",Mula,Ketu,3,Moon,Aquarius,"8°30'25.77""",Shatabhisha,Rahu,1,60,59.027,0.973
2025-12-25 13:30:00,Aspect,Sextitle,Sun,Sagittarius,"9°29'26.66""",Mula,Ketu,3,Moon,Aquarius,"8°38'28.04""",Shatabhisha,Rahu,1,60,59.1504,0.8496
2025-12-25 13:45:00,Aspect,Sextitle,Sun,Sagittarius,"9°30'04.86""",Mula,Ketu,3,Moon,Aquarius,"8°46'30.40""",Shatabhisha,Rahu,1,60,59.2738,0.7262
2025-12-25 14:00:00,Aspect,Sextitle,Sun,Sagittarius,"9°30'43.07""",Mula,Ketu,3,Moon,Aquarius,"8°54'32.86""",Shatabhisha,Rahu,1,60,59.3972,0.6028
2025-12-25 14:15:00,Aspect,Sextitle,Sun,Sagittarius,"9°31'21.28""",Mula,Ketu,3,Moon,Aquarius,"9°02'35.42""",Shatabhisha,Rahu,1,60,59.5206,0.4794
2025-12-25 14:30:00,Aspect,Sextitle,Sun,Sagittarius,"9°31'59.49""",Mula,Ketu,3,Moon,Aquarius,"9°10'38.08""",Shatabhisha,Rahu,1,60,59.6441,0.3559
2025-12-25 14:45:00,Aspect,Sextitle,Sun,Sagittarius,"9°32'37.69""",Mula,Ketu,3,Moon,Aquarius,"9°18'40.83""",Shatabhisha,Rahu,1,60,59.7675,0.2325
2025-12-25 15:00:00,Aspect,Sextitle,Sun,Sagittarius,"9°33'15.90""",Mula,Ketu,3,Moon,Aquarius,"9°26'43.67""",Shatabhisha,Rahu,1,60,59.891,0.109
2025-12-25 15:15:00,Aspect,Sextitle,Sun,Sagittarius,"9°33'54.11""",Mula,Ketu,3,Moon,Aquarius,"9°34'46.62""",Shatabhisha,Rahu,1,60,60.0146,0.0146
2025-12-25 15:30:00,Aspect,Sextitle,Sun,Sagittarius,"9°34'32.32""",Mula,Ketu,3,Moon,Aquarius,"9°42'49.66""",Shatabhisha,Rahu,1,60,60.1382,0.1382
2025-12-25 15:45:00,Aspect,Sextitle,Sun,Sagittarius,"9°35'10.52""",Mula,Ketu,3,Moon,Aquarius,"9°50'52.79""",Shatabhisha,Rahu,1,60,60.2617,0.2617
2025-12-25 16:00:00,Aspect,Sextitle,Sun,Sagittarius,"9°35'48.73""",Mula,Ketu,3,Moon,Aquarius,"9°58'56.03""",Shatabhisha,Rahu,1,60,60.3854,0.3854
2025-12-25 16:15:00,Aspect,Sextitle,Sun,Sagittarius,"9°36'26.94""",Mula,Ketu,3,Moon,Aquarius,"10°06'59.36""",Shatabhisha,Rahu,2,60,60.509,0.509
2025-12-25 16:30:00,Aspect,Sextitle,Sun,Sagittarius,"9°37'05.15""",Mula,Ketu,3,Moon,Aquarius,"10°15'02.79""",Shatabhisha,Rahu,2,60,60.6327,0.6327
2025-12-25 16:45:00,Aspect,Sextitle,Sun,Sagittarius,"9°37'43.35""",Mula,Ketu,3,Moon,Aquarius,"10°23'06.32""",Shatabhisha,Rahu,2,60,60.7564,0.7564
2025-12-25 17:00:00,Aspect,Sextitle,Sun,Sagittarius,"9°38'21.56""",Mula,Ketu,3,Moon,Aquarius,"10°31'09.95""",Shatabhisha,Rahu,2,60,60.8801,0.8801
2025-12-25 21:00:00,Aspect,Sextitle,Moon,Aquarius,"12°40'21.49""",Shatabhisha,Rahu,2,Mars,Sagittarius,"13°33'47.44""",Purva Ashadha,Venus,1,60,59.1095,0.8905
2025-12-25 21:15:00,Aspect,Sextitle,Moon,Aquarius,"12°48'26.82""",Shatabhisha,Rahu,2,Mars,Sagittarius,"13°34'16.02""",Purva Ashadha,Venus,1,60,59.2363,0.7637
2025-12-25 21:30:00,Aspect,Sextitle,Moon,Aquarius,"12°56'32.25""",Shatabhisha,Rahu,2,Mars,Sagittarius,"13°34'44.59""",Purva Ashadha,Venus,1,60,59.3632,0.6368
2025-12-25 21:45:00,Aspect,Sextitle,Moon,Aquarius,"13°04'37.78""",Shatabhisha,Rahu,2,Mars,Sagittarius,"13°35'13.16""",Purva Ashadha,Venus,1,60,59.4902,0.5098
2025-12-25 22:00:00,Aspect,Sextitle,Moon,Aquarius,"13°12'43.41""",Shatabhisha,Rahu,2,Mars,Sagittarius,"13°35'41.74""",Purva Ashadha,Venus,1,60,59.6171,0.3829
2025-12-25 22:15:00,Aspect,Sextitle,Moon,Aquarius,"13°20'49.15""",Shatabhisha,Rahu,3,Mars,Sagittarius,"13°36'10.31""",Purva Ashadha,Venus,1,60,59.7441,0.2559
2025-12-25 22:30:00,Aspect,Sextitle,Moon,Aquarius,"13°28'54.99""",Shatabhisha,Rahu,3,Mars,Sagittarius,"13°36'38.88""",Purva Ashadha,Venus,1,60,59.8711,0.1289
2025-12-25 22:45:00,Aspect,Sextitle,Moon,Aquarius,"13°37'00.93""",Shatabhisha,Rahu,3,Mars,Sagittarius,"13°37'07.46""",Purva Ashadha,Venus,1,60,59.9982,0.0018
2025-12-25 23:00:00,Aspect,Sextitle,Moon,Aquarius,"13°45'06.97""",Shatabhisha,Rahu,3,Mars,Sagittarius,"13°37'36.03""",Purva Ashadha,Venus,1,60,60.1253,0.1253
2025-12-25 23:15:00,Aspect,Sextitle,Moon,Aquarius,"13°53'13.12""",Shatabhisha,Rahu,3,Mars,Sagittarius,"13°38'04.61""",Purva Ashadha,Venus,1,60,60.2524,0.2524
2025-12-25 23:30:00,Aspect,Sextitle,Moon,Aquarius,"14°01'19.37""",Shatabhisha,Rahu,3,Mars,Sagittarius,"13°38'33.18""",Purva Ashadha,Venus,1,60,60.3795,0.3795
2025-12-25 23:45:00,Aspect,Sextitle,Moon,Aquarius,"14°09'25.72""",Shatabhisha,Rahu,3,Mars,Sagittarius,"13°39'01.76""",Purva Ashadha,Venus,1,60,60.5067,0.5067
2025-12-26 00:00:00,Aspect,Sextitle,Moon,Aquarius,"14°17'32.18""",Shatabhisha,Rahu,3,Mars,Sagittarius,"13°39'30.33""",Purva Ashadha,Venus,1,60,60.6338,0.6338
2025-12-26 00:15:00,Aspect,Sextitle,Moon,Aquarius,"14°25'38.74""",Shatabhisha,Rahu,3,Mars,Sagittarius,"13°39'58.91""",Purva Ashadha,Venus,1,60,60.7611,0.7611
2025-12-26 00:30:00,Aspect,Sextitle,Moon,Aquarius,"14°33'45.41""",Shatabhisha,Rahu,3,Mars,Sagittarius,"13°40'27.49""",Purva Ashadha,Venus,1,60,60.8883,0.8883
2025-12-26 05:30:00,Aspect,Conjunction,Moon,Aquarius,"17°16'20.94""",Shatabhisha,Rahu,4,Rahu,Aquarius,"18°16'12.61""",Shatabhisha,Rahu,4,0,0.9977,0.9977
2025-12-26 05:30:00,Aspect,Opposition,Moon,Aquarius,"17°16'20.94""",Shatabhisha,Rahu,4,Ketu,Leo,"18°16'12.61""",Purva Phalguni,Venus,2,180,179.0023,0.9977
2025-12-26 05:45:00,Aspect,Conjunction,Moon,Aquarius,"17°24'29.85""",Shatabhisha,Rahu,4,Rahu,Aquarius,"18°16'10.63""",Shatabhisha,Rahu,4,0,0.8613,0.8613
2025-12-26 05:45:00,Aspect,Opposition,Moon,Aquarius,"17°24'29.85""",Shatabhisha,Rahu,4,Ketu,Leo,"18°16'10.63""",Purva Phalguni,Venus,2,180,179.1387,0.8613
2025-12-26 06:00:00,Aspect,Conjunction,Moon,Aquarius,"17°32'38.86""",Shatabhisha,Rahu,4,Rahu,Aquarius,"18°16'08.64""",Shatabhisha,Rahu,4,0,0.7249,0.7249
2025-12-26 06:00:00,Aspect,Opposition,Moon,Aquarius,"17°32'38.86""",Shatabhisha,Rahu,4,Ketu,Leo,"18°16'08.64""",Purva Phalguni,Venus,2,180,179.2751,0.7249
2025-12-26 06:15:00,Aspect,Conjunction,Moon,Aquarius,"17°40'47.98""",Shatabhisha,Rahu,4,Rahu,Aquarius,"18°16'06.65""",Shatabhisha,Rahu,4,0,0.5885,0.5885
2025-12-26 06:15:00,Aspect,Opposition,Moon,Aquarius,"17°40'47.98""",Shatabhisha,Rahu,4,Ketu,Leo,"18°16'06.65""",Purva Phalguni,Venus,2,180,179.4115,0.5885
2025-12-26 06:30:00,Aspect,Conjunction,Moon,Aquarius,"17°48'57.21""",Shatabhisha,Rahu,4,Rahu,Aquarius,"18°16'04.67""",Shatabhisha,Rahu,4,0,0.4521,0.4521
2025-12-26 06:30:00,Aspect,Opposition,Moon,Aquarius,"17°48'57.21""",Shatabhisha,Rahu,4,Ketu,Leo,"18°16'04.67""",Purva Phalguni,Venus,2,180,179.5479,0.4521
2025-12-26 06:45:00,Aspect,Conjunction,Moon,Aquarius,"17°57'06.55""",Shatabhisha,Rahu,4,Rahu,Aquarius,"18°16'02.68""",Shatabhisha,Rahu,4,0,0.3156,0.3156
2025-12-26 06:45:00,Aspect,Opposition,Moon,Aquarius,"17°57'06.55""",Shatabhisha,Rahu,4,Ketu,Leo,"18°16'02.68""",Purva Phalguni,Venus,2,180,179.6844,0.3156
2025-12-26 07:00:00,Aspect,Conjunction,Moon,Aquarius,"18°05'16.00""",Shatabhisha,Rahu,4,Rahu,Aquarius,"18°16'00.69""",Shatabhisha,Rahu,4,0,0.1791,0.1791
2025-12-26 07:00:00,Aspect,Opposition,Moon,Aquarius,"18°05'16.00""",Shatabhisha,Rahu,4,Ketu,Leo,"18°16'00.69""",Purva Phalguni,Venus,2,180,179.8209,0.1791
2025-12-26 07:15:00,Aspect,Conjunction,Moon,Aquarius,"18°13'25.56""",Shatabhisha,Rahu,4,Rahu,Aquarius,"18°15'58.70""",Shatabhisha,Rahu,4,0,0.0425,0.0425
2025-12-26 07:15:00,Aspect,Opposition,Moon,Aquarius,"18°13'25.56""",Shatabhisha,Rahu,4,Ketu,Leo,"18°15'58.70""",Purva Phalguni,Venus,2,180,179.9575,0.0425
2025-12-26 07:30:00,Aspect,Conjunction,Moon,Aquarius,"18°21'35.22""",Shatabhisha,Rahu,4,Rahu,Aquarius,"18°15'56.72""",Shatabhisha,Rahu,4,0,0.094,0.094
2025-12-26 07:30:00,Aspect,Opposition,Moon,Aquarius,"18°21'35.22""",Shatabhisha,Rahu,4,Ketu,Leo,"18°15'56.72""",Purva Phalguni,Venus,2,180,179.906,0.094
2025-12-26 07:45:00,Aspect,Conjunction,Moon,Aquarius,"18°29'45.00""",Shatabhisha,Rahu,4,Rahu,Aquarius,"18°15'54.73""",Shatabhisha,Rahu,4,0,0.2306,0.2306
2025-12-26 07:45:00,Aspect,Opposition,Moon,Aquarius,"18°29'45.00""",Shatabhisha,Rahu,4,Ketu,Leo,"18°15'54.73""",Purva Phalguni,Venus,2,180,179.7694,0.2306
2025-12-26 08:00:00,Aspect,Conjunction,Moon,Aquarius,"18°37'54.89""",Shatabhisha,Rahu,4,Rahu,Aquarius,"18°15'52.74""",Shatabhisha,Rahu,4,0,0.3673,0.3673
2025-12-26 08:00:00,Aspect,Opposition,Moon,Aquarius,"18°37'54.89""",Shatabhisha,Rahu,4,Ketu,Leo,"18°15'52.74""",Purva Phalguni,Venus,2,180,179.6327,0.3673
2025-12-26 08:15:00,Aspect,Conjunction,Moon,Aquarius,"18°46'04.89""",Shatabhisha,Rahu,4,Rahu,Aquarius,"18°15'50.76""",Shatabhisha,Rahu,4,0,0.5039,0.5039
2025-12-26 08:15:00,Aspect,Opposition,Moon,Aquarius,"18°46'04.89""",Shatabhisha,Rahu,4,Ketu,Leo,"18°15'50.76""",Purva Phalguni,Venus,2,180,179.4961,0.5039
2025-12-26 08:30:00,Aspect,Conjunction,Moon,Aquarius,"18°54'15.00""",Shatabhisha,Rahu,4,Rahu,Aquarius,"18°15'48.77""",Shatabhisha,Rahu,4,0,0.6406,0.6406
2025-12-26 08:30:00,Aspect,Opposition,Moon,Aquarius,"18°54'15.00""",Shatabhisha,Rahu,4,Ketu,Leo,"18°15'48.77""",Purva Phalguni,Venus,2,180,179.3594,0.6406
2025-12-26 08:45:00,Aspect,Conjunction,Moon,Aquarius,"19°02'25.22""",Shatabhisha,Rahu,4,Rahu,Aquarius,"18°15'46.78""",Shatabhisha,Rahu,4,0,0.7773,0.7773
2025-12-26 08:45:00,Aspect,Opposition,Moon,Aquarius,"19°02'25.22""",Shatabhisha,Rahu,4,Ketu,Leo,"18°15'46.78""",Purva Phalguni,Venus,2,180,179.2227,0.7773
2025-12-26 09:00:00,Aspect,Conjunction,Moon,Aquarius,"19°10'35.55""",Shatabhisha,Rahu,4,Rahu,Aquarius,"18°15'44.79""",Shatabhisha,Rahu,4,0,0.9141,0.9141
2025-12-26 09:00:00,Aspect,Opposition,Moon,Aquarius,"19°10'35.55""",Shatabhisha,Rahu,4,Ketu,Leo,"18°15'44.79""",Purva Phalguni,Venus,2,180,179.0859,0.9141
2025-12-26 20:00:00,Aspect,Square,Moon,Aquarius,"25°12'03.35""",Purva Bhadrapada,Jupiter,2,Mercury,Scorpio,"26°11'42.59""",Jyeshtha,Mercury,3,90,89.0058,0.9942
2025-12-26 20:15:00,Aspect,Square,Moon,Aquarius,"25°20'18.90""",Purva Bhadrapada,Jupiter,2,Mercury,Scorpio,"26°12'38.50""",Jyeshtha,Mercury,3,90,89.1279,0.8721
2025-12-26 20:30:00,Aspect,Square,Moon,Aquarius,"25°28'34.56""",Purva Bhadrapada,Jupiter,2,Mercury,Scorpio,"26°13'34.41""",Jyeshtha,Mercury,3,90,89.25,0.75
2025-12-26 20:45:00,Aspect,Square,Moon,Aquarius,"25°36'50.35""",Purva Bhadrapada,Jupiter,2,Mercury,Scorpio,"26°14'30.33""",Jyeshtha,Mercury,3,90,89.3722,0.6278
2025-12-26 21:00:00,Aspect,Square,Moon,Aquarius,"25°45'06.26""",Purva Bhadrapada,Jupiter,2,Mercury,Scorpio,"26°15'26.24""",Jyeshtha,Mercury,3,90,89.4944,0.5056
2025-12-26 21:15:00,Aspect,Square,Moon,Aquarius,"25°53'22.29""",Purva Bhadrapada,Jupiter,2,Mercury,Scorpio,"26°16'22.16""",Jyeshtha,Mercury,3,90,89.6167,0.3833
2025-12-26 21:30:00,Aspect,Square,Moon,Aquarius,"26°01'38.44""",Purva Bhadrapada,Jupiter,2,Mercury,Scorpio,"26°17'18.08""",Jyeshtha,Mercury,3,90,89.739,0.261
2025-12-26 21:45:00,Aspect,Square,Moon,Aquarius,"26°09'54.71""",Purva Bhadrapada,Jupiter,2,Mercury,Scorpio,"26°18'14.01""",Jyeshtha,Mercury,3,90,89.8613,0.1387
2025-12-26 22:00:00,Aspect,Square,Moon,Aquarius,"26°18'11.10""",Purva Bhadrapada,Jupiter,2,Mercury,Scorpio,"26°19'09.94""",Jyeshtha,Mercury,3,90,89.9837,0.0163
2025-12-26 22:15:00,Aspect,Square,Moon,Aquarius,"26°26'27.62""",Purva Bhadrapada,Jupiter,2,Mercury,Scorpio,"26°20'05.87""",Jyeshtha,Mercury,3,90,90.106,0.106
2025-12-26 22:30:00,Aspect,Square,Moon,Aquarius,"26°34'44.26""",Purva Bhadrapada,Jupiter,2,Mercury,Scorpio,"26°21'01.80""",Jyeshtha,Mercury,3,90,90.2285,0.2285
2025-12-26 22:45:00,Aspect,Square,Moon,Aquarius,"26°43'01.01""",Purva Bhadrapada,Jupiter,3,Mercury,Scorpio,"26°21'57.74""",Jyeshtha,Mercury,3,90,90.3509,0.3509
2025-12-26 23:00:00,Aspect,Square,Moon,Aquarius,"26°51'17.90""",Purva Bhadrapada,Jupiter,3,Mercury,Scorpio,"26°22'53.68""",Jyeshtha,Mercury,3,90,90.4734,0.4734
2025-12-26 23:00:00,Aspect,Trine,Moon,Aquarius,"26°51'17.90""",Purva Bhadrapada,Jupiter,3,Jupiter,Gemini,"27°49'02.14""",Punarvasu,Jupiter,3,120,120.9623,0.9623
2025-12-26 23:15:00,Aspect,Square,Moon,Aquarius,"26°59'34.90""",Purva Bhadrapada,Jupiter,3,Mercury,Scorpio,"26°23'49.62""",Jyeshtha,Mercury,3,90,90.5959,0.5959
2025-12-26 23:15:00,Aspect,Trine,Moon,Aquarius,"26°59'34.90""",Purva Bhadrapada,Jupiter,3,Jupiter,Gemini,"27°48'57.47""",Punarvasu,Jupiter,3,120,120.8229,0.8229
2025-12-26 23:30:00,Aspect,Square,Moon,Aquarius,"27°07'52.03""",Purva Bhadrapada,Jupiter,3,Mercury,Scorpio,"26°24'45.56""",Jyeshtha,Mercury,3,90,90.7185,0.7185
2025-12-26 23:30:00,Aspect,Trine,Moon,Aquarius,"27°07'52.03""",Purva Bhadrapada,Jupiter,3,Jupiter,Gemini,"27°48'52.80""",Punarvasu,Jupiter,3,120,120.6835,0.6835
2025-12-26 23:45:00,Aspect,Square,Moon,Aquarius,"27°16'09.28""",Purva Bhadrapada,Jupiter,3,Mercury,Scorpio,"26°25'41.51""",Jyeshtha,Mercury,3,90,90.841,0.841
2025-12-26 23:45:00,Aspect,Trine,Moon,Aquarius,"27°16'09.28""",Purva Bhadrapada,Jupiter,3,Jupiter,Gemini,"27°48'48.13""",Punarvasu,Jupiter,3,120,120.5441,0.5441
2025-12-27 00:00:00,Aspect,Square,Moon,Aquarius,"27°24'26.65""",Purva Bhadrapada,Jupiter,3,Mercury,Scorpio,"26°26'37.46""",Jyeshtha,Mercury,3,90,90.9637,0.9637
2025-12-27 00:00:00,Aspect,Trine,Moon,Aquarius,"27°24'26.65""",Purva Bhadrapada,Jupiter,3,Jupiter,Gemini,"27°48'43.47""",Punarvasu,Jupiter,3,120,120.4047,0.4047
2025-12-27 00:15:00,Aspect,Trine,Moon,Aquarius,"27°32'44.15""",Purva Bhadrapada,Jupiter,3,Jupiter,Gemini,"27°48'38.80""",Punarvasu,Jupiter,3,120,120.2652,0.2652
2025-12-27 00:30:00,Aspect,Trine,Moon,Aquarius,"27°41'01.77""",Purva Bhadrapada,Jupiter,3,Jupiter,Gemini,"27°48'34.13""",Punarvasu,Jupiter,3,120,120.1257,0.1257
2025-12-27 00:45:00,Aspect,Trine,Moon,Aquarius,"27°49'19.51""",Purva Bhadrapada,Jupiter,3,Jupiter,Gemini,"27°48'29.46""",Punarvasu,Jupiter,3,120,119.9861,0.0139
2025-12-27 01:00:00,Aspect,Trine,Moon,Aquarius,"27°57'37.38""",Purva Bhadrapada,Jupiter,3,Jupiter,Gemini,"27°48'24.79""",Punarvasu,Jupiter,3,120,119.8465,0.1535
2025-12-27 01:15:00,Aspect,Trine,Moon,Aquarius,"28°05'55.38""",Purva Bhadrapada,Jupiter,3,Jupiter,Gemini,"27°48'20.12""",Punarvasu,Jupiter,3,120,119.7069,0.2931
2025-12-27 01:30:00,Aspect,Trine,Moon,Aquarius,"28°14'13.49""",Purva Bhadrapada,Jupiter,3,Jupiter,Gemini,"27°48'15.45""",Punarvasu,Jupiter,3,120,119.5672,0.4328
2025-12-27 01:45:00,Aspect,Trine,Moon,Aquarius,"28°22'31.73""",Purva Bhadrapada,Jupiter,3,Jupiter,Gemini,"27°48'10.78""",Punarvasu,Jupiter,3,120,119.4275,0.5725
2025-12-27 02:00:00,Aspect,Trine,Moon,Aquarius,"28°30'50.10""",Purva Bhadrapada,Jupiter,3,Jupiter,Gemini,"27°48'06.10""",Punarvasu,Jupiter,3,120,119.2878,0.7122
2025-12-27 02:15:00,Aspect,Trine,Moon,Aquarius,"28°39'08.59""",Purva Bhadrapada,Jupiter,3,Jupiter,Gemini,"27°48'01.43""",Punarvasu,Jupiter,3,120,119.148,0.852
2025-12-27 02:30:00,Aspect,Trine,Moon,Aquarius,"28°47'27.21""",Purva Bhadrapada,Jupiter,3,Jupiter,Gemini,"27°47'56.76""",Punarvasu,Jupiter,3,120,119.0082,0.9918
2025-12-27 06:00:00,Aspect,Conjunction,Moon,Pisces,"0°44'01.08""",Purva Bhadrapada,Jupiter,4,Saturn,Pisces,"1°40'18.51""",Purva Bhadrapada,Jupiter,4,0,0.9382,0.9382
2025-12-27 06:15:00,Aspect,Conjunction,Moon,Pisces,"0°52'21.60""",Purva Bhadrapada,Jupiter,4,Saturn,Pisces,"1°40'20.40""",Purva Bhadrapada,Jupiter,4,0,0.7997,0.7997
2025-12-27 06:30:00,Aspect,Conjunction,Moon,Pisces,"1°00'42.24""",Purva Bhadrapada,Jupiter,4,Saturn,Pisces,"1°40'22.28""",Purva Bhadrapada,Jupiter,4,0,0.6611,0.6611
2025-12-27 06:45:00,Aspect,Conjunction,Moon,Pisces,"1°09'03.01""",Purva Bhadrapada,Jupiter,4,Saturn,Pisces,"1°40'24.17""",Purva Bhadrapada,Jupiter,4,0,0.5225,0.5225
2025-12-27 07:00:00,Aspect,Conjunction,Moon,Pisces,"1°17'23.91""",Purva Bhadrapada,Jupiter,4,Saturn,Pisces,"1°40'26.05""",Purva Bhadrapada,Jupiter,4,0,0.3839,0.3839
2025-12-27 07:15:00,Aspect,Conjunction,Moon,Pisces,"1°25'44.94""",Purva Bhadrapada,Jupiter,4,Saturn,Pisces,"1°40'27.94""",Purva Bhadrapada,Jupiter,4,0,0.2453,0.2453
2025-12-27 07:30:00,Aspect,Conjunction,Moon,Pisces,"1°34'06.10""",Purva Bhadrapada,Jupiter,4,Saturn,Pisces,"1°40'29.83""",Purva Bhadrapada,Jupiter,4,0,0.1066,0.1066
2025-12-27 07:45:00,Aspect,Conjunction,Moon,Pisces,"1°42'27.39""",Purva Bhadrapada,Jupiter,4,Saturn,Pisces,"1°40'31.72""",Purva Bhadrapada,Jupiter,4,0,0.0321,0.0321
2025-12-27 08:00:00,Aspect,Conjunction,Moon,Pisces,"1°50'48.80""",Purva Bhadrapada,Jupiter,4,Saturn,Pisces,"1°40'33.61""",Purva Bhadrapada,Jupiter,4,0,0.1709,0.1709
2025-12-27 08:15:00,Aspect,Conjunction,Moon,Pisces,"1°59'10.35""",Purva Bhadrapada,Jupiter,4,Saturn,Pisces,"1°40'35.50""",Purva Bhadrapada,Jupiter,4,0,0.3097,0.3097
2025-12-27 08:30:00,Aspect,Conjunction,Moon,Pisces,"2°07'32.02""",Purva Bhadrapada,Jupiter,4,Saturn,Pisces,"1°40'37.39""",Purva Bhadrapada,Jupiter,4,0,0.4485,0.4485
2025-12-27 08:45:00,Aspect,Conjunction,Moon,Pisces,"2°15'53.83""",Purva Bhadrapada,Jupiter,4,Saturn,Pisces,"1°40'39.28""",Purva Bhadrapada,Jupiter,4,0,0.5874,0.5874
2025-12-27 09:00:00,Aspect,Conjunction,Moon,Pisces,"2°24'15.76""",Purva Bhadrapada,Jupiter,4,Saturn,Pisces,"1°40'41.17""",Purva Bhadrapada,Jupiter,4,0,0.7263,0.7263
2025-12-27 09:15:00,Aspect,Conjunction,Moon,Pisces,"2°32'37.83""",Purva Bhadrapada,Jupiter,4,Saturn,Pisces,"1°40'43.06""",Purva Bhadrapada,Jupiter,4,0,0.8652,0.8652
2025-12-27 19:45:00,Aspect,Square,Moon,Pisces,"8°26'04.34""",Uttara Bhadrapada,Saturn,2,Venus,Sagittarius,"9°21'40.57""",Mula,Ketu,3,90,89.0733,0.9267
2025-12-27 20:00:00,Aspect,Square,Moon,Pisces,"8°34'32.16""",Uttara Bhadrapada,Saturn,2,Venus,Sagittarius,"9°22'27.77""",Mula,Ketu,3,90,89.2012,0.7988
2025-12-27 20:15:00,Aspect,Square,Moon,Pisces,"8°43'00.12""",Uttara Bhadrapada,Saturn,2,Venus,Sagittarius,"9°23'14.96""",Mula,Ketu,3,90,89.3292,0.6708
2025-12-27 20:30:00,Aspect,Square,Moon,Pisces,"8°51'28.22""",Uttara Bhadrapada,Saturn,2,Venus,Sagittarius,"9°24'02.16""",Mula,Ketu,3,90,89.4572,0.5428
2025-12-27 20:45:00,Aspect,Square,Moon,Pisces,"8°59'56.45""",Uttara Bhadrapada,Saturn,2,Venus,Sagittarius,"9°24'49.35""",Mula,Ketu,3,90,89.5853,0.4147
2025-12-27 21:00:00,Aspect,Square,Moon,Pisces,"9°08'24.82""",Uttara Bhadrapada,Saturn,2,Venus,Sagittarius,"9°25'36.55""",Mula,Ketu,3,90,89.7134,0.2866
2025-12-27 21:15:00,Aspect,Square,Moon,Pisces,"9°16'53.33""",Uttara Bhadrapada,Saturn,2,Venus,Sagittarius,"9°26'23.74""",Mula,Ketu,3,90,89.8416,0.1584
2025-12-27 21:30:00,Aspect,Square,Moon,Pisces,"9°25'21.98""",Uttara Bhadrapada,Saturn,2,Venus,Sagittarius,"9°27'10.94""",Mula,Ketu,3,90,89.9697,0.0303
2025-12-27 21:45:00,Aspect,Square,Moon,Pisces,"9°33'50.77""",Uttara Bhadrapada,Saturn,2,Venus,Sagittarius,"9°27'58.13""",Mula,Ketu,3,90,90.098,0.098
2025-12-27 22:00:00,Aspect,Square,Moon,Pisces,"9°42'19.69""",Uttara Bhadrapada,Saturn,2,Venus,Sagittarius,"9°28'45.33""",Mula,Ketu,3,90,90.2262,0.2262
2025-12-27 22:15:00,Aspect,Square,Moon,Pisces,"9°50'48.75""",Uttara Bhadrapada,Saturn,2,Venus,Sagittarius,"9°29'32.52""",Mula,Ketu,3,90,90.3545,0.3545
2025-12-27 22:30:00,Aspect,Square,Moon,Pisces,"9°59'17.95""",Uttara Bhadrapada,Saturn,2,Venus,Sagittarius,"9°30'19.72""",Mula,Ketu,3,90,90.4828,0.4828
2025-12-27 22:45:00,Aspect,Square,Moon,Pisces,"10°07'47.29""",Uttara Bhadrapada,Saturn,3,Venus,Sagittarius,"9°31'06.92""",Mula,Ketu,3,90,90.6112,0.6112
2025-12-27 23:00:00,Aspect,Square,Moon,Pisces,"10°16'16.77""",Uttara Bhadrapada,Saturn,3,Venus,Sagittarius,"9°31'54.11""",Mula,Ketu,3,90,90.7396,0.7396
2025-12-27 23:15:00,Aspect,Square,Moon,Pisces,"10°24'46.39""",Uttara Bhadrapada,Saturn,3,Venus,Sagittarius,"9°32'41.31""",Mula,Ketu,3,90,90.8681,0.8681
2025-12-27 23:30:00,Aspect,Square,Moon,Pisces,"10°33'16.15""",Uttara Bhadrapada,Saturn,3,Venus,Sagittarius,"9°33'28.50""",Mula,Ketu,3,90,90.9966,0.9966
2025-12-28 00:30:00,Aspect,Square,Sun,Sagittarius,"11°59'43.79""",Mula,Ketu,4,Moon,Pisces,"11°07'16.58""",Uttara Bhadrapada,Saturn,3,90,89.1258,0.8742
2025-12-28 00:45:00,Aspect,Square,Sun,Sagittarius,"12°00'22.00""",Mula,Ketu,4,Moon,Pisces,"11°15'47.03""",Uttara Bhadrapada,Saturn,3,90,89.257,0.743
2025-12-28 01:00:00,Aspect,Square,Sun,Sagittarius,"12°01'00.21""",Mula,Ketu,4,Moon,Pisces,"11°24'17.63""",Uttara Bhadrapada,Saturn,3,90,89.3882,0.6118
2025-12-28 01:15:00,Aspect,Square,Sun,Sagittarius,"12°01'38.41""",Mula,Ketu,4,Moon,Pisces,"11°32'48.36""",Uttara Bhadrapada,Saturn,3,90,89.5194,0.4806
2025-12-28 01:30:00,Aspect,Square,Sun,Sagittarius,"12°02'16.62""",Mula,Ketu,4,Moon,Pisces,"11°41'19.24""",Uttara Bhadrapada,Saturn,3,90,89.6507,0.3493
2025-12-28 01:45:00,Aspect,Square,Sun,Sagittarius,"12°02'54.83""",Mula,Ketu,4,Moon,Pisces,"11°49'50.26""",Uttara Bhadrapada,Saturn,3,90,89.7821,0.2179
2025-12-28 02:00:00,Aspect,Square,Sun,Sagittarius,"12°03'33.04""",Mula,Ketu,4,Moon,Pisces,"11°58'21.42""",Uttara Bhadrapada,Saturn,3,90,89.9134,0.0866
2025-12-28 02:15:00,Aspect,Square,Sun,Sagittarius,"12°04'11.25""",Mula,Ketu,4,Moon,Pisces,"12°06'52.72""",Uttara Bhadrapada,Saturn,3,90,90.0449,0.0449
2025-12-28 02:30:00,Aspect,Square,Sun,Sagittarius,"12°04'49.46""",Mula,Ketu,4,Moon,Pisces,"12°15'24.16""",Uttara Bhadrapada,Saturn,3,90,90.1763,0.1763
2025-12-28 02:45:00,Aspect,Square,Sun,Sagittarius,"12°05'27.66""",Mula,Ketu,4,Moon,Pisces,"12°23'55.74""",Uttara Bhadrapada,Saturn,3,90,90.3078,0.3078
2025-12-28 03:00:00,Aspect,Square,Sun,Sagittarius,"12°06'05.87""",Mula,Ketu,4,Moon,Pisces,"12°32'27.46""",Uttara Bhadrapada,Saturn,3,90,90.4393,0.4393
2025-12-28 03:15:00,Aspect,Square,Sun,Sagittarius,"12°06'44.08""",Mula,Ketu,4,Moon,Pisces,"12°40'59.32""",Uttara Bhadrapada,Saturn,3,90,90.5709,0.5709
2025-12-28 03:30:00,Aspect,Square,Sun,Sagittarius,"12°07'22.29""",Mula,Ketu,4,Moon,Pisces,"12°49'31.33""",Uttara Bhadrapada,Saturn,3,90,90.7025,0.7025
2025-12-28 03:45:00,Aspect,Square,Sun,Sagittarius,"12°08'00.50""",Mula,Ketu,4,Moon,Pisces,"12°58'03.47""",Uttara Bhadrapada,Saturn,3,90,90.8342,0.8342
2025-12-28 04:00:00,Aspect,Square,Sun,Sagittarius,"12°08'38.70""",Mula,Ketu,4,Moon,Pisces,"13°06'35.76""",Uttara Bhadrapada,Saturn,3,90,90.9658,0.9658
2025-12-28 06:15:00,Aspect,Square,Moon,Pisces,"14°23'32.74""",Uttara Bhadrapada,Saturn,4,Mars,Sagittarius,"15°22'57.71""",Purva Ashadha,Venus,1,90,89.0097,0.9903
2025-12-28 06:30:00,Aspect,Square,Moon,Pisces,"14°32'06.45""",Uttara Bhadrapada,Saturn,4,Mars,Sagittarius,"15°23'26.35""",Purva Ashadha,Venus,1,90,89.1445,0.8555
2025-12-28 06:45:00,Aspect,Square,Moon,Pisces,"14°40'40.31""",Uttara Bhadrapada,Saturn,4,Mars,Sagittarius,"15°23'54.98""",Purva Ashadha,Venus,1,90,89.2793,0.7207
2025-12-28 07:00:00,Aspect,Square,Moon,Pisces,"14°49'14.30""",Uttara Bhadrapada,Saturn,4,Mars,Sagittarius,"15°24'23.62""",Purva Ashadha,Venus,1,90,89.4141,0.5859
2025-12-28 07:15:00,Aspect,Square,Moon,Pisces,"14°57'48.44""",Uttara Bhadrapada,Saturn,4,Mars,Sagittarius,"15°24'52.25""",Purva Ashadha,Venus,1,90,89.5489,0.4511
2025-12-28 07:30:00,Aspect,Square,Moon,Pisces,"15°06'22.72""",Uttara Bhadrapada,Saturn,4,Mars,Sagittarius,"15°25'20.89""",Purva Ashadha,Venus,1,90,89.6838,0.3162
2025-12-28 07:45:00,Aspect,Square,Moon,Pisces,"15°14'57.15""",Uttara Bhadrapada,Saturn,4,Mars,Sagittarius,"15°25'49.52""",Purva Ashadha,Venus,1,90,89.8188,0.1812
2025-12-28 08:00:00,Aspect,Square,Moon,Pisces,"15°23'31.72""",Uttara Bhadrapada,Saturn,4,Mars,Sagittarius,"15°26'18.16""",Purva Ashadha,Venus,1,90,89.9538,0.0462
2025-12-28 08:15:00,Aspect,Square,Moon,Pisces,"15°32'06.43""",Uttara Bhadrapada,Saturn,4,Mars,Sagittarius,"15°26'46.80""",Purva Ashadha,Venus,1,90,90.0888,0.0888
2025-12-28 08:30:00,Aspect,Square,Moon,Pisces,"15°40'41.29""",Uttara Bhadrapada,Saturn,4,Mars,Sagittarius,"15°27'15.43""",Purva Ashadha,Venus,1,90,90.2238,0.2238
2025-12-28 08:45:00,Aspect,Square,Moon,Pisces,"15°49'16.29""",Uttara Bhadrapada,Saturn,4,Mars,Sagittarius,"15°27'44.07""",Purva Ashadha,Venus,1,90,90.359,0.359
2025-12-28 09:00:00,Aspect,Square,Moon,Pisces,"15°57'51.44""",Uttara Bhadrapada,Saturn,4,Mars,Sagittarius,"15°28'12.71""",Purva Ashadha,Venus,1,90,90.4941,0.4941
2025-12-28 09:15:00,Aspect,Square,Moon,Pisces,"16°06'26.73""",Uttara Bhadrapada,Saturn,4,Mars,Sagittarius,"15°28'41.34""",Purva Ashadha,Venus,1,90,90.6293,0.6293
2025-12-28 09:30:00,Aspect,Square,Moon,Pisces,"16°15'02.16""",Uttara Bhadrapada,Saturn,4,Mars,Sagittarius,"15°29'09.98""",Purva Ashadha,Venus,1,90,90.7645,0.7645
2025-12-28 09:45:00,Aspect,Square,Moon,Pisces,"16°23'37.74""",Uttara Bhadrapada,Saturn,4,Mars,Sagittarius,"15°29'38.62""",Purva Ashadha,Venus,1,90,90.8998,0.8998
2025-12-29 03:30:00,Aspect,Square,Moon,Pisces,"26°39'57.15""",Revati,Mercury,3,Jupiter,Gemini,"27°32'30.64""",Punarvasu,Jupiter,3,90,90.876,0.876
2025-12-29 03:45:00,Aspect,Square,Moon,Pisces,"26°48'43.30""",Revati,Mercury,4,Jupiter,Gemini,"27°32'25.86""",Punarvasu,Jupiter,3,90,90.7285,0.7285
2025-12-29 04:00:00,Aspect,Square,Moon,Pisces,"26°57'29.59""",Revati,Mercury,4,Jupiter,Gemini,"27°32'21.09""",Punarvasu,Jupiter,3,90,90.581,0.581
2025-12-29 04:15:00,Aspect,Square,Moon,Pisces,"27°06'16.03""",Revati,Mercury,4,Jupiter,Gemini,"27°32'16.31""",Punarvasu,Jupiter,3,90,90.4334,0.4334
2025-12-29 04:30:00,Aspect,Square,Moon,Pisces,"27°15'02.61""",Revati,Mercury,4,Jupiter,Gemini,"27°32'11.54""",Punarvasu,Jupiter,3,90,90.2858,0.2858
2025-12-29 04:45:00,Aspect,Square,Moon,Pisces,"27°23'49.35""",Revati,Mercury,4,Jupiter,Gemini,"27°32'06.76""",Punarvasu,Jupiter,3,90,90.1382,0.1382
2025-12-29 05:00:00,Aspect,Square,Moon,Pisces,"27°32'36.23""",Revati,Mercury,4,Jupiter,Gemini,"27°32'01.98""",Punarvasu,Jupiter,3,90,89.9905,0.0095
2025-12-29 05:15:00,Aspect,Square,Moon,Pisces,"27°41'23.26""",Revati,Mercury,4,Jupiter,Gemini,"27°31'57.21""",Punarvasu,Jupiter,3,90,89.8428,0.1572
2025-12-29 05:30:00,Aspect,Square,Moon,Pisces,"27°50'10.44""",Revati,Mercury,4,Jupiter,Gemini,"27°31'52.43""",Punarvasu,Jupiter,3,90,89.695,0.305
2025-12-29 05:45:00,Aspect,Square,Moon,Pisces,"27°58'57.77""",Revati,Mercury,4,Jupiter,Gemini,"27°31'47.65""",Punarvasu,Jupiter,3,90,89.5472,0.4528
2025-12-29 06:00:00,Aspect,Square,Moon,Pisces,"28°07'45.25""",Revati,Mercury,4,Jupiter,Gemini,"27°31'42.87""",Punarvasu,Jupiter,3,90,89.3993,0.6007
2025-12-29 06:15:00,Aspect,Square,Moon,Pisces,"28°16'32.87""",Revati,Mercury,4,Jupiter,Gemini,"27°31'38.09""",Punarvasu,Jupiter,3,90,89.2515,0.7485
2025-12-29 06:30:00,Aspect,Square,Moon,Pisces,"28°25'20.64""",Revati,Mercury,4,Jupiter,Gemini,"27°31'33.31""",Punarvasu,Jupiter,3,90,89.1035,0.8965
2025-12-29 07:30:00,Aspect,Trine,Moon,Pisces,"29°00'33.21""",Revati,Mercury,4,Mercury,Scorpio,"29°54'43.62""",Jyeshtha,Mercury,4,120,119.0971,0.9029
2025-12-29 07:45:00,Aspect,Trine,Moon,Pisces,"29°09'21.72""",Revati,Mercury,4,Mercury,Scorpio,"29°55'40.15""",Jyeshtha,Mercury,4,120,119.2282,0.7718
2025-12-29 08:00:00,Aspect,Trine,Moon,Pisces,"29°18'10.38""",Revati,Mercury,4,Mercury,Scorpio,"29°56'36.68""",Jyeshtha,Mercury,4,120,119.3594,0.6406
2025-12-29 08:15:00,Aspect,Trine,Moon,Pisces,"29°26'59.18""",Revati,Mercury,4,Mercury,Scorpio,"29°57'33.21""",Jyeshtha,Mercury,4,120,119.4905,0.5095
2025-12-29 08:30:00,Aspect,Trine,Moon,Pisces,"29°35'48.14""",Revati,Mercury,4,Mercury,Scorpio,"29°58'29.75""",Jyeshtha,Mercury,4,120,119.6218,0.3782
2025-12-29 08:45:00,Aspect,Trine,Moon,Pisces,"29°44'37.24""",Revati,Mercury,4,Mercury,Scorpio,"29°59'26.28""",Jyeshtha,Mercury,4,120,119.753,0.247
2025-12-29 09:00:00,Aspect,Trine,Moon,Pisces,"29°53'26.49""",Revati,Mercury,4,Mercury,Sagittarius,"0°00'22.82""",Mula,Ketu,1,120,119.8844,0.1156
2025-12-29 09:15:00,Aspect,Trine,Moon,Aries,"0°02'15.89""",Ashwini,Ketu,1,Mercury,Sagittarius,"0°01'19.36""",Mula,Ketu,1,120,120.0157,0.0157
2025-12-29 09:30:00,Aspect,Trine,Moon,Aries,"0°11'05.43""",Ashwini,Ketu,1,Mercury,Sagittarius,"0°02'15.91""",Mula,Ketu,1,120,120.1471,0.1471
2025-12-29 09:45:00,Aspect,Trine,Moon,Aries,"0°19'55.13""",Ashwini,Ketu,1,Mercury,Sagittarius,"0°03'12.45""",Mula,Ketu,1,120,120.2785,0.2785
2025-12-29 10:00:00,Aspect,Trine,Moon,Aries,"0°28'44.97""",Ashwini,Ketu,1,Mercury,Sagittarius,"0°04'09.00""",Mula,Ketu,1,120,120.41,0.41
2025-12-29 10:15:00,Aspect,Trine,Moon,Aries,"0°37'34.96""",Ashwini,Ketu,1,Mercury,Sagittarius,"0°05'05.55""",Mula,Ketu,1,120,120.5415,0.5415
2025-12-29 10:30:00,Aspect,Trine,Moon,Aries,"0°46'25.09""",Ashwini,Ketu,1,Mercury,Sagittarius,"0°06'02.10""",Mula,Ketu,1,120,120.6731,0.6731
2025-12-29 10:45:00,Aspect,Trine,Moon,Aries,"0°55'15.37""",Ashwini,Ketu,1,Mercury,Sagittarius,"0°06'58.66""",Mula,Ketu,1,120,120.8046,0.8046
2025-12-29 11:00:00,Aspect,Trine,Moon,Aries,"1°04'05.81""",Ashwini,Ketu,1,Mercury,Sagittarius,"0°07'55.22""",Mula,Ketu,1,120,120.9363,0.9363
2025-12-29 22:00:00,Aspect,Square,Mercury,Sagittarius,"0°49'26.19""",Mula,Ketu,1,Saturn,Pisces,"1°48'41.52""",Purva Bhadrapada,Jupiter,4,90,90.9876,0.9876
2025-12-29 22:15:00,Aspect,Square,Mercury,Sagittarius,"0°50'22.86""",Mula,Ketu,1,Saturn,Pisces,"1°48'43.56""",Purva Bhadrapada,Jupiter,4,90,90.9724,0.9724
2025-12-29 22:30:00,Aspect,Square,Mercury,Sagittarius,"0°51'19.53""",Mula,Ketu,1,Saturn,Pisces,"1°48'45.61""",Purva Bhadrapada,Jupiter,4,90,90.9572,0.9572
2025-12-29 22:45:00,Aspect,Square,Mercury,Sagittarius,"0°52'16.20""",Mula,Ketu,1,Saturn,Pisces,"1°48'47.65""",Purva Bhadrapada,Jupiter,4,90,90.9421,0.9421
2025-12-29 23:00:00,Aspect,Square,Mercury,Sagittarius,"0°53'12.87""",Mula,Ketu,1,Saturn,Pisces,"1°48'49.70""",Purva Bhadrapada,Jupiter,4,90,90.9269,0.9269
2025-12-29 23:15:00,Aspect,Square,Mercury,Sagittarius,"0°54'09.55""",Mula,Ketu,1,Saturn,Pisces,"1°48'51.75""",Purva Bhadrapada,Jupiter,4,90,90.9117,0.9117
2025-12-29 23:30:00,Aspect,Square,Mercury,Sagittarius,"0°55'06.23""",Mula,Ketu,1,Saturn,Pisces,"1°48'53.80""",Purva Bhadrapada,Jupiter,4,90,90.8965,0.8965
2025-12-29 23:45:00,Aspect,Square,Mercury,Sagittarius,"0°56'02.91""",Mula,Ketu,1,Saturn,Pisces,"1°48'55.85""",Purva Bhadrapada,Jupiter,4,90,90.8814,0.8814
2025-12-30 00:00:00,Aspect,Square,Mercury,Sagittarius,"0°56'59.59""",Mula,Ketu,1,Saturn,Pisces,"1°48'57.90""",Purva Bhadrapada,Jupiter,4,90,90.8662,0.8662
2025-12-30 00:15:00,Aspect,Square,Mercury,Sagittarius,"0°57'56.28""",Mula,Ketu,1,Saturn,Pisces,"1°48'59.94""",Purva Bhadrapada,Jupiter,4,90,90.851,0.851
2025-12-30 00:30:00,Aspect,Square,Mercury,Sagittarius,"0°58'52.97""",Mula,Ketu,1,Saturn,Pisces,"1°49'02.00""",Purva Bhadrapada,Jupiter,4,90,90.8358,0.8358
2025-12-30 00:45:00,Aspect,Square,Mercury,Sagittarius,"0°59'49.66""",Mula,Ketu,1,Saturn,Pisces,"1°49'04.05""",Purva Bhadrapada,Jupiter,4,90,90.8207,0.8207
2025-12-30 01:00:00,Aspect,Square,Mercury,Sagittarius,"1°00'46.35""",Mula,Ketu,1,Saturn,Pisces,"1°49'06.10""",Purva Bhadrapada,Jupiter,4,90,90.8055,0.8055
2025-12-30 01:15:00,Aspect,Square,Mercury,Sagittarius,"1°01'43.05""",Mula,Ketu,1,Saturn,Pisces,"1°49'08.15""",Purva Bhadrapada,Jupiter,4,90,90.7903,0.7903
2025-12-30 01:30:00,Aspect,Square,Mercury,Sagittarius,"1°02'39.75""",Mula,Ketu,1,Saturn,Pisces,"1°49'10.20""",Purva Bhadrapada,Jupiter,4,90,90.7751,0.7751
2025-12-30 01:45:00,Aspect,Square,Mercury,Sagittarius,"1°03'36.45""",Mula,Ketu,1,Saturn,Pisces,"1°49'12.26""",Purva Bhadrapada,Jupiter,4,90,90.7599,0.7599
2025-12-30 02:00:00,Aspect,Square,Mercury,Sagittarius,"1°04'33.15""",Mula,Ketu,1,Saturn,Pisces,"1°49'14.31""",Purva Bhadrapada,Jupiter,4,90,90.7448,0.7448
2025-12-30 02:15:00,Aspect,Square,Mercury,Sagittarius,"1°05'29.86""",Mula,Ketu,1,Saturn,Pisces,"1°49'16.37""",Purva Bhadrapada,Jupiter,4,90,90.7296,0.7296
2025-12-30 02:30:00,Aspect,Square,Mercury,Sagittarius,"1°06'26.57""",Mula,Ketu,1,Saturn,Pisces,"1°49'18.42""",Purva Bhadrapada,Jupiter,4,90,90.7144,0.7144
2025-12-30 02:45:00,Aspect,Square,Mercury,Sagittarius,"1°07'23.28""",Mula,Ketu,1,Saturn,Pisces,"1°49'20.48""",Purva Bhadrapada,Jupiter,4,90,90.6992,0.6992
2025-12-30 03:00:00,Aspect,Square,Mercury,Sagittarius,"1°08'19.99""",Mula,Ketu,1,Saturn,Pisces,"1°49'22.53""",Purva Bhadrapada,Jupiter,4,90,90.684,0.684
2025-12-30 03:15:00,Aspect,Square,Mercury,Sagittarius,"1°09'16.70""",Mula,Ketu,1,Saturn,Pisces,"1°49'24.59""",Purva Bhadrapada,Jupiter,4,90,90.6689,0.6689
2025-12-30 03:30:00,Aspect,Square,Mercury,Sagittarius,"1°10'13.42""",Mula,Ketu,1,Saturn,Pisces,"1°49'26.65""",Purva Bhadrapada,Jupiter,4,90,90.6537,0.6537
2025-12-30 03:45:00,Aspect,Square,Mercury,Sagittarius,"1°11'10.14""",Mula,Ketu,1,Saturn,Pisces,"1°49'28.71""",Purva Bhadrapada,Jupiter,4,90,90.6385,0.6385
2025-12-30 04:00:00,Aspect,Square,Mercury,Sagittarius,"1°12'06.86""",Mula,Ketu,1,Saturn,Pisces,"1°49'30.77""",Purva Bhadrapada,Jupiter,4,90,90.6233,0.6233
2025-12-30 04:15:00,Aspect,Trine,Moon,Aries,"11°19'57.02""",Ashwini,Ketu,4,Venus,Sagittarius,"12°19'26.04""",Mula,Ketu,4,120,119.0086,0.9914
2025-12-30 04:15:00,Aspect,Square,Mercury,Sagittarius,"1°13'03.59""",Mula,Ketu,1,Saturn,Pisces,"1°49'32.83""",Purva Bhadrapada,Jupiter,4,90,90.6081,0.6081
2025-12-30 04:30:00,Aspect,Trine,Moon,Aries,"11°28'57.54""",Ashwini,Ketu,4,Venus,Sagittarius,"12°20'13.23""",Mula,Ketu,4,120,119.1456,0.8544
2025-12-30 04:30:00,Aspect,Square,Mercury,Sagittarius,"1°14'00.32""",Mula,Ketu,1,Saturn,Pisces,"1°49'34.89""",Purva Bhadrapada,Jupiter,4,90,90.5929,0.5929
2025-12-30 04:45:00,Aspect,Trine,Moon,Aries,"11°37'58.21""",Ashwini,Ketu,4,Venus,Sagittarius,"12°21'00.42""",Mula,Ketu,4,120,119.2827,0.7173
2025-12-30 04:45:00,Aspect,Square,Mercury,Sagittarius,"1°14'57.05""",Mula,Ketu,1,Saturn,Pisces,"1°49'36.95""",Purva Bhadrapada,Jupiter,4,90,90.5778,0.5778
2025-12-30 05:00:00,Aspect,Trine,Moon,Aries,"11°46'59.01""",Ashwini,Ketu,4,Venus,Sagittarius,"12°21'47.60""",Mula,Ketu,4,120,119.4198,0.5802
2025-12-30 05:00:00,Aspect,Square,Mercury,Sagittarius,"1°15'53.78""",Mula,Ketu,1,Saturn,Pisces,"1°49'39.01""",Purva Bhadrapada,Jupiter,4,90,90.5626,0.5626
2025-12-30 05:15:00,Aspect,Trine,Moon,Aries,"11°55'59.95""",Ashwini,Ketu,4,Venus,Sagittarius,"12°22'34.79""",Mula,Ketu,4,120,119.557,0.443
2025-12-30 05:15:00,Aspect,Square,Mercury,Sagittarius,"1°16'50.51""",Mula,Ketu,1,Saturn,Pisces,"1°49'41.07""",Purva Bhadrapada,Jupiter,4,90,90.5474,0.5474
2025-12-30 05:30:00,Aspect,Trine,Moon,Aries,"12°05'01.03""",Ashwini,Ketu,4,Venus,Sagittarius,"12°23'21.98""",Mula,Ketu,4,120,119.6942,0.3058
2025-12-30 05:30:00,Aspect,Square,Mercury,Sagittarius,"1°17'47.25""",Mula,Ketu,1,Saturn,Pisces,"1°49'43.14""",Purva Bhadrapada,Jupiter,4,90,90.5322,0.5322
2025-12-30 05:45:00,Aspect,Trine,Moon,Aries,"12°14'02.25""",Ashwini,Ketu,4,Venus,Sagittarius,"12°24'09.17""",Mula,Ketu,4,120,119.8314,0.1686
2025-12-30 05:45:00,Aspect,Square,Mercury,Sagittarius,"1°18'43.99""",Mula,Ketu,1,Saturn,Pisces,"1°49'45.20""",Purva Bhadrapada,Jupiter,4,90,90.517,0.517
2025-12-30 06:00:00,Aspect,Trine,Moon,Aries,"12°23'03.61""",Ashwini,Ketu,4,Venus,Sagittarius,"12°24'56.36""",Mula,Ketu,4,120,119.9687,0.0313
2025-12-30 06:00:00,Aspect,Square,Mercury,Sagittarius,"1°19'40.73""",Mula,Ketu,1,Saturn,Pisces,"1°49'47.26""",Purva Bhadrapada,Jupiter,4,90,90.5018,0.5018
2025-12-30 06:15:00,Aspect,Trine,Moon,Aries,"12°32'05.11""",Ashwini,Ketu,4,Venus,Sagittarius,"12°25'43.55""",Mula,Ketu,4,120,120.106,0.106
2025-12-30 06:15:00,Aspect,Square,Mercury,Sagittarius,"1°20'37.47""",Mula,Ketu,1,Saturn,Pisces,"1°49'49.33""",Purva Bhadrapada,Jupiter,4,90,90.4866,0.4866
2025-12-30 06:30:00,Aspect,Trine,Moon,Aries,"12°41'06.74""",Ashwini,Ketu,4,Venus,Sagittarius,"12°26'30.74""",Mula,Ketu,4,120,120.2433,0.2433
2025-12-30 06:30:00,Aspect,Square,Mercury,Sagittarius,"1°21'34.22""",Mula,Ketu,1,Saturn,Pisces,"1°49'51.39""",Purva Bhadrapada,Jupiter,4,90,90.4714,0.4714
2025-12-30 06:45:00,Aspect,Trine,Moon,Aries,"12°50'08.52""",Ashwini,Ketu,4,Venus,Sagittarius,"12°27'17.93""",Mula,Ketu,4,120,120.3807,0.3807
2025-12-30 06:45:00,Aspect,Square,Mercury,Sagittarius,"1°22'30.97""",Mula,Ketu,1,Saturn,Pisces,"1°49'53.46""",Purva Bhadrapada,Jupiter,4,90,90.4562,0.4562
2025-12-30 07:00:00,Aspect,Trine,Moon,Aries,"12°59'10.43""",Ashwini,Ketu,4,Venus,Sagittarius,"12°28'05.12""",Mula,Ketu,4,120,120.5181,0.5181
2025-12-30 07:00:00,Aspect,Square,Mercury,Sagittarius,"1°23'27.72""",Mula,Ketu,1,Saturn,Pisces,"1°49'55.53""",Purva Bhadrapada,Jupiter,4,90,90.4411,0.4411
2025-12-30 07:15:00,Aspect,Trine,Moon,Aries,"13°08'12.47""",Ashwini,Ketu,4,Venus,Sagittarius,"12°28'52.30""",Mula,Ketu,4,120,120.6556,0.6556
2025-12-30 07:15:00,Aspect,Square,Mercury,Sagittarius,"1°24'24.47""",Mula,Ketu,1,Saturn,Pisces,"1°49'57.59""",Purva Bhadrapada,Jupiter,4,90,90.4259,0.4259
2025-12-30 07:30:00,Aspect,Trine,Moon,Aries,"13°17'14.66""",Ashwini,Ketu,4,Venus,Sagittarius,"12°29'39.49""",Mula,Ketu,4,120,120.7931,0.7931
2025-12-30 07:30:00,Aspect,Square,Mercury,Sagittarius,"1°25'21.23""",Mula,Ketu,1,Saturn,Pisces,"1°49'59.66""",Purva Bhadrapada,Jupiter,4,90,90.4107,0.4107
2025-12-30 07:45:00,Aspect,Trine,Sun,Sagittarius,"14°20'27.62""",Purva Ashadha,Venus,1,Moon,Aries,"13°26'16.98""",Bharani,Venus,1,120,119.097,0.903
2025-12-30 07:45:00,Aspect,Trine,Moon,Aries,"13°26'16.98""",Bharani,Venus,1,Venus,Sagittarius,"12°30'26.68""",Mula,Ketu,4,120,120.9306,0.9306
2025-12-30 07:45:00,Aspect,Square,Mercury,Sagittarius,"1°26'17.98""",Mula,Ketu,1,Saturn,Pisces,"1°50'01.73""",Purva Bhadrapada,Jupiter,4,90,90.3955,0.3955
2025-12-30 08:00:00,Aspect,Trine,Sun,Sagittarius,"14°21'05.82""",Purva Ashadha,Venus,1,Moon,Aries,"13°35'19.44""",Bharani,Venus,1,120,119.2371,0.7629
2025-12-30 08:00:00,Aspect,Square,Mercury,Sagittarius,"1°27'14.74""",Mula,Ketu,1,Saturn,Pisces,"1°50'03.80""",Purva Bhadrapada,Jupiter,4,90,90.3803,0.3803
2025-12-30 08:15:00,Aspect,Trine,Sun,Sagittarius,"14°21'44.03""",Purva Ashadha,Venus,1,Moon,Aries,"13°44'22.03""",Bharani,Venus,1,120,119.3772,0.6228
2025-12-30 08:15:00,Aspect,Square,Mercury,Sagittarius,"1°28'11.51""",Mula,Ketu,1,Saturn,Pisces,"1°50'05.87""",Purva Bhadrapada,Jupiter,4,90,90.3651,0.3651
2025-12-30 08:30:00,Aspect,Trine,Sun,Sagittarius,"14°22'22.24""",Purva Ashadha,Venus,1,Moon,Aries,"13°53'24.76""",Bharani,Venus,1,120,119.5174,0.4826
2025-12-30 08:30:00,Aspect,Square,Mercury,Sagittarius,"1°29'08.27""",Mula,Ketu,1,Saturn,Pisces,"1°50'07.94""",Purva Bhadrapada,Jupiter,4,90,90.3499,0.3499
2025-12-30 08:45:00,Aspect,Trine,Sun,Sagittarius,"14°23'00.44""",Purva Ashadha,Venus,1,Moon,Aries,"14°02'27.63""",Bharani,Venus,1,120,119.6576,0.3424
2025-12-30 08:45:00,Aspect,Square,Mercury,Sagittarius,"1°30'05.04""",Mula,Ketu,1,Saturn,Pisces,"1°50'10.01""",Purva Bhadrapada,Jupiter,4,90,90.3347,0.3347
2025-12-30 09:00:00,Aspect,Trine,Sun,Sagittarius,"14°23'38.65""",Purva Ashadha,Venus,1,Moon,Aries,"14°11'30.64""",Bharani,Venus,1,120,119.7978,0.2022
2025-12-30 09:00:00,Aspect,Square,Mercury,Sagittarius,"1°31'01.81""",Mula,Ketu,1,Saturn,Pisces,"1°50'12.08""",Purva Bhadrapada,Jupiter,4,90,90.3195,0.3195
2025-12-30 09:15:00,Aspect,Trine,Sun,Sagittarius,"14°24'16.85""",Purva Ashadha,Venus,1,Moon,Aries,"14°20'33.77""",Bharani,Venus,1,120,119.938,0.062
2025-12-30 09:15:00,Aspect,Square,Mercury,Sagittarius,"1°31'58.58""",Mula,Ketu,1,Saturn,Pisces,"1°50'14.15""",Purva Bhadrapada,Jupiter,4,90,90.3043,0.3043
2025-12-30 09:30:00,Aspect,Trine,Sun,Sagittarius,"14°24'55.06""",Purva Ashadha,Venus,1,Moon,Aries,"14°29'37.05""",Bharani,Venus,1,120,120.0783,0.0783
2025-12-30 09:30:00,Aspect,Square,Mercury,Sagittarius,"1°32'55.36""",Mula,Ketu,1,Saturn,Pisces,"1°50'16.23""",Purva Bhadrapada,Jupiter,4,90,90.2891,0.2891
2025-12-30 09:45:00,Aspect,Trine,Sun,Sagittarius,"14°25'33.27""",Purva Ashadha,Venus,1,Moon,Aries,"14°38'40.46""",Bharani,Venus,1,120,120.2187,0.2187
2025-12-30 09:45:00,Aspect,Square,Mercury,Sagittarius,"1°33'52.13""",Mula,Ketu,1,Saturn,Pisces,"1°50'18.30""",Purva Bhadrapada,Jupiter,4,90,90.2739,0.2739
2025-12-30 10:00:00,Aspect,Trine,Sun,Sagittarius,"14°26'11.47""",Purva Ashadha,Venus,1,Moon,Aries,"14°47'44.00""",Bharani,Venus,1,120,120.359,0.359
2025-12-30 10:00:00,Aspect,Square,Mercury,Sagittarius,"1°34'48.91""",Mula,Ketu,1,Saturn,Pisces,"1°50'20.37""",Purva Bhadrapada,Jupiter,4,90,90.2587,0.2587
2025-12-30 10:15:00,Aspect,Trine,Sun,Sagittarius,"14°26'49.68""",Purva Ashadha,Venus,1,Moon,Aries,"14°56'47.68""",Bharani,Venus,1,120,120.4994,0.4994
2025-12-30 10:15:00,Aspect,Square,Mercury,Sagittarius,"1°35'45.69""",Mula,Ketu,1,Saturn,Pisces,"1°50'22.45""",Purva Bhadrapada,Jupiter,4,90,90.2435,0.2435
2025-12-30 10:30:00,Aspect,Trine,Sun,Sagittarius,"14°27'27.88""",Purva Ashadha,Venus,1,Moon,Aries,"15°05'51.50""",Bharani,Venus,1,120,120.6399,0.6399
2025-12-30 10:30:00,Aspect,Square,Mercury,Sagittarius,"1°36'42.48""",Mula,Ketu,1,Saturn,Pisces,"1°50'24.52""",Purva Bhadrapada,Jupiter,4,90,90.2283,0.2283
2025-12-30 10:45:00,Aspect,Trine,Sun,Sagittarius,"14°28'06.09""",Purva Ashadha,Venus,1,Moon,Aries,"15°14'55.44""",Bharani,Venus,1,120,120.7804,0.7804
2025-12-30 10:45:00,Aspect,Square,Mercury,Sagittarius,"1°37'39.26""",Mula,Ketu,1,Saturn,Pisces,"1°50'26.60""",Purva Bhadrapada,Jupiter,4,90,90.2131,0.2131
2025-12-30 10:45:00,Aspect,Sextitle,Mars,Sagittarius,"17°03'16.76""",Purva Ashadha,Venus,2,Rahu,Aquarius,"18°02'47.80""",Shatabhisha,Rahu,4,60,60.992,0.992
2025-12-30 10:45:00,Aspect,Trine,Mars,Sagittarius,"17°03'16.76""",Purva Ashadha,Venus,2,Ketu,Leo,"18°02'47.80""",Purva Phalguni,Venus,2,120,119.008,0.992
2025-12-30 11:00:00,Aspect,Trine,Sun,Sagittarius,"14°28'44.30""",Purva Ashadha,Venus,1,Moon,Aries,"15°23'59.53""",Bharani,Venus,1,120,120.9209,0.9209
2025-12-30 11:00:00,Aspect,Square,Mercury,Sagittarius,"1°38'36.05""",Mula,Ketu,1,Saturn,Pisces,"1°50'28.67""",Purva Bhadrapada,Jupiter,4,90,90.198,0.198
2025-12-30 11:00:00,Aspect,Sextitle,Mars,Sagittarius,"17°03'45.45""",Purva Ashadha,Venus,2,Rahu,Aquarius,"18°02'45.81""",Shatabhisha,Rahu,4,60,60.9834,0.9834
2025-12-30 11:00:00,Aspect,Trine,Mars,Sagittarius,"17°03'45.45""",Purva Ashadha,Venus,2,Ketu,Leo,"18°02'45.81""",Purva Phalguni,Venus,2,120,119.0166,0.9834
2025-12-30 11:15:00,Aspect,Square,Mercury,Sagittarius,"1°39'32.84""",Mula,Ketu,1,Saturn,Pisces,"1°50'30.75""",Purva Bhadrapada,Jupiter,4,90,90.1828,0.1828
2025-12-30 11:15:00,Aspect,Sextitle,Mars,Sagittarius,"17°04'14.14""",Purva Ashadha,Venus,2,Rahu,Aquarius,"18°02'43.82""",Shatabhisha,Rahu,4,60,60.9749,0.9749
2025-12-30 11:15:00,Aspect,Trine,Mars,Sagittarius,"17°04'14.14""",Purva Ashadha,Venus,2,Ketu,Leo,"18°02'43.82""",Purva Phalguni,Venus,2,120,119.0251,0.9749
2025-12-30 11:30:00,Aspect,Square,Mercury,Sagittarius,"1°40'29.64""",Mula,Ketu,1,Saturn,Pisces,"1°50'32.83""",Purva Bhadrapada,Jupiter,4,90,90.1676,0.1676
2025-12-30 11:30:00,Aspect,Sextitle,Mars,Sagittarius,"17°04'42.83""",Purva Ashadha,Venus,2,Rahu,Aquarius,"18°02'41.84""",Shatabhisha,Rahu,4,60,60.9664,0.9664
2025-12-30 11:30:00,Aspect,Trine,Mars,Sagittarius,"17°04'42.83""",Purva Ashadha,Venus,2,Ketu,Leo,"18°02'41.84""",Purva Phalguni,Venus,2,120,119.0336,0.9664
2025-12-30 11:45:00,Aspect,Square,Mercury,Sagittarius,"1°41'26.43""",Mula,Ketu,1,Saturn,Pisces,"1°50'34.91""",Purva Bhadrapada,Jupiter,4,90,90.1524,0.1524
2025-12-30 11:45:00,Aspect,Sextitle,Mars,Sagittarius,"17°05'11.52""",Purva Ashadha,Venus,2,Rahu,Aquarius,"18°02'39.85""",Shatabhisha,Rahu,4,60,60.9579,0.9579
2025-12-30 11:45:00,Aspect,Trine,Mars,Sagittarius,"17°05'11.52""",Purva Ashadha,Venus,2,Ketu,Leo,"18°02'39.85""",Purva Phalguni,Venus,2,120,119.0421,0.9579
2025-12-30 12:00:00,Aspect,Square,Mercury,Sagittarius,"1°42'23.23""",Mula,Ketu,1,Saturn,Pisces,"1°50'36.99""",Purva Bhadrapada,Jupiter,4,90,90.1372,0.1372
2025-12-30 12:00:00,Aspect,Sextitle,Mars,Sagittarius,"17°05'40.21""",Purva Ashadha,Venus,2,Rahu,Aquarius,"18°02'37.86""",Shatabhisha,Rahu,4,60,60.9493,0.9493
2025-12-30 12:00:00,Aspect,Trine,Mars,Sagittarius,"17°05'40.21""",Purva Ashadha,Venus,2,Ketu,Leo,"18°02'37.86""",Purva Phalguni,Venus,2,120,119.0507,0.9493
2025-12-30 12:15:00,Aspect,Trine,Moon,Aries,"16°09'21.94""",Bharani,Venus,1,Mars,Sagittarius,"17°06'08.90""",Purva Ashadha,Venus,2,120,119.0536,0.9464
2025-12-30 12:15:00,Aspect,Square,Mercury,Sagittarius,"1°43'20.03""",Mula,Ketu,1,Saturn,Pisces,"1°50'39.07""",Purva Bhadrapada,Jupiter,4,90,90.122,0.122
2025-12-30 12:15:00,Aspect,Sextitle,Mars,Sagittarius,"17°06'08.90""",Purva Ashadha,Venus,2,Rahu,Aquarius,"18°02'35.88""",Shatabhisha,Rahu,4,60,60.9408,0.9408
2025-12-30 12:15:00,Aspect,Trine,Mars,Sagittarius,"17°06'08.90""",Purva Ashadha,Venus,2,Ketu,Leo,"18°02'35.88""",Purva Phalguni,Venus,2,120,119.0592,0.9408
2025-12-30 12:30:00,Aspect,Trine,Moon,Aries,"16°18'26.82""",Bharani,Venus,1,Mars,Sagittarius,"17°06'37.60""",Purva Ashadha,Venus,2,120,119.197,0.803
2025-12-30 12:30:00,Aspect,Square,Mercury,Sagittarius,"1°44'16.83""",Mula,Ketu,1,Saturn,Pisces,"1°50'41.15""",Purva Bhadrapada,Jupiter,4,90,90.1068,0.1068
2025-12-30 12:30:00,Aspect,Sextitle,Mars,Sagittarius,"17°06'37.60""",Purva Ashadha,Venus,2,Rahu,Aquarius,"18°02'33.89""",Shatabhisha,Rahu,4,60,60.9323,0.9323
2025-12-30 12:30:00,Aspect,Trine,Mars,Sagittarius,"17°06'37.60""",Purva Ashadha,Venus,2,Ketu,Leo,"18°02'33.89""",Purva Phalguni,Venus,2,120,119.0677,0.9323
2025-12-30 12:45:00,Aspect,Trine,Moon,Aries,"16°27'31.84""",Bharani,Venus,1,Mars,Sagittarius,"17°07'06.29""",Purva Ashadha,Venus,2,120,119.3404,0.6596
2025-12-30 12:45:00,Aspect,Square,Mercury,Sagittarius,"1°45'13.64""",Mula,Ketu,1,Saturn,Pisces,"1°50'43.23""",Purva Bhadrapada,Jupiter,4,90,90.0916,0.0916
2025-12-30 12:45:00,Aspect,Sextitle,Mars,Sagittarius,"17°07'06.29""",Purva Ashadha,Venus,2,Rahu,Aquarius,"18°02'31.90""",Shatabhisha,Rahu,4,60,60.9238,0.9238
2025-12-30 12:45:00,Aspect,Trine,Mars,Sagittarius,"17°07'06.29""",Purva Ashadha,Venus,2,Ketu,Leo,"18°02'31.90""",Purva Phalguni,Venus,2,120,119.0762,0.9238
2025-12-30 13:00:00,Aspect,Trine,Moon,Aries,"16°36'36.98""",Bharani,Venus,1,Mars,Sagittarius,"17°07'34.98""",Purva Ashadha,Venus,2,120,119.4839,0.5161
2025-12-30 13:00:00,Aspect,Square,Mercury,Sagittarius,"1°46'10.45""",Mula,Ketu,1,Saturn,Pisces,"1°50'45.31""",Purva Bhadrapada,Jupiter,4,90,90.0763,0.0763
2025-12-30 13:00:00,Aspect,Sextitle,Mars,Sagittarius,"17°07'34.98""",Purva Ashadha,Venus,2,Rahu,Aquarius,"18°02'29.91""",Shatabhisha,Rahu,4,60,60.9153,0.9153
2025-12-30 13:00:00,Aspect,Trine,Mars,Sagittarius,"17°07'34.98""",Purva Ashadha,Venus,2,Ketu,Leo,"18°02'29.91""",Purva Phalguni,Venus,2,120,119.0847,0.9153
2025-12-30 13:15:00,Aspect,Trine,Moon,Aries,"16°45'42.26""",Bharani,Venus,2,Mars,Sagittarius,"17°08'03.67""",Purva Ashadha,Venus,2,120,119.6274,0.3726
2025-12-30 13:15:00,Aspect,Square,Mercury,Sagittarius,"1°47'07.26""",Mula,Ketu,1,Saturn,Pisces,"1°50'47.39""",Purva Bhadrapada,Jupiter,4,90,90.0611,0.0611
2025-12-30 13:15:00,Aspect,Sextitle,Mars,Sagittarius,"17°08'03.67""",Purva Ashadha,Venus,2,Rahu,Aquarius,"18°02'27.93""",Shatabhisha,Rahu,4,60,60.9067,0.9067
2025-12-30 13:15:00,Aspect,Trine,Mars,Sagittarius,"17°08'03.67""",Purva Ashadha,Venus,2,Ketu,Leo,"18°02'27.93""",Purva Phalguni,Venus,2,120,119.0933,0.9067
2025-12-30 13:30:00,Aspect,Trine,Moon,Aries,"16°54'47.67""",Bharani,Venus,2,Mars,Sagittarius,"17°08'32.36""",Purva Ashadha,Venus,2,120,119.7709,0.2291
2025-12-30 13:30:00,Aspect,Square,Mercury,Sagittarius,"1°48'04.07""",Mula,Ketu,1,Saturn,Pisces,"1°50'49.47""",Purva Bhadrapada,Jupiter,4,90,90.0459,0.0459
2025-12-30 13:30:00,Aspect,Sextitle,Mars,Sagittarius,"17°08'32.36""",Purva Ashadha,Venus,2,Rahu,Aquarius,"18°02'25.94""",Shatabhisha,Rahu,4,60,60.8982,0.8982
2025-12-30 13:30:00,Aspect,Trine,Mars,Sagittarius,"17°08'32.36""",Purva Ashadha,Venus,2,Ketu,Leo,"18°02'25.94""",Purva Phalguni,Venus,2,120,119.1018,0.8982
2025-12-30 13:45:00,Aspect,Trine,Moon,Aries,"17°03'53.21""",Bharani,Venus,2,Mars,Sagittarius,"17°09'01.06""",Purva Ashadha,Venus,2,120,119.9145,0.0855
2025-12-30 13:45:00,Aspect,Sextitle,Moon,Aries,"17°03'53.21""",Bharani,Venus,2,Rahu,Aquarius,"18°02'23.95""",Shatabhisha,Rahu,4,60,59.0248,0.9752
2025-12-30 13:45:00,Aspect,Trine,Moon,Aries,"17°03'53.21""",Bharani,Venus,2,Ketu,Leo,"18°02'23.95""",Purva Phalguni,Venus,2,120,120.9752,0.9752
2025-12-30 13:45:00,Aspect,Square,Mercury,Sagittarius,"1°49'00.89""",Mula,Ketu,1,Saturn,Pisces,"1°50'51.56""",Purva Bhadrapada,Jupiter,4,90,90.0307,0.0307
2025-12-30 13:45:00,Aspect,Sextitle,Mars,Sagittarius,"17°09'01.06""",Purva Ashadha,Venus,2,Rahu,Aquarius,"18°02'23.95""",Shatabhisha,Rahu,4,60,60.8897,0.8897
2025-12-30 13:45:00,Aspect,Trine,Mars,Sagittarius,"17°09'01.06""",Purva Ashadha,Venus,2,Ketu,Leo,"18°02'23.95""",Purva Phalguni,Venus,2,120,119.1103,0.8897
2025-12-30 14:00:00,Aspect,Trine,Moon,Aries,"17°12'58.88""",Bharani,Venus,2,Mars,Sagittarius,"17°09'29.75""",Purva Ashadha,Venus,2,120,120.0581,0.0581
2025-12-30 14:00:00,Aspect,Sextitle,Moon,Aries,"17°12'58.88""",Bharani,Venus,2,Rahu,Aquarius,"18°02'21.97""",Shatabhisha,Rahu,4,60,59.1769,0.8231
2025-12-30 14:00:00,Aspect,Trine,Moon,Aries,"17°12'58.88""",Bharani,Venus,2,Ketu,Leo,"18°02'21.97""",Purva Phalguni,Venus,2,120,120.8231,0.8231
2025-12-30 14:00:00,Aspect,Square,Mercury,Sagittarius,"1°49'57.70""",Mula,Ketu,1,Saturn,Pisces,"1°50'53.64""",Purva Bhadrapada,Jupiter,4,90,90.0155,0.0155
2025-12-30 14:00:00,Aspect,Sextitle,Mars,Sagittarius,"17°09'29.75""",Purva Ashadha,Venus,2,Rahu,Aquarius,"18°02'21.97""",Shatabhisha,Rahu,4,60,60.8812,0.8812
2025-12-30 14:00:00,Aspect,Trine,Mars,Sagittarius,"17°09'29.75""",Purva Ashadha,Venus,2,Ketu,Leo,"18°02'21.97""",Purva Phalguni,Venus,2,120,119.1188,0.8812
2025-12-30 14:15:00,Aspect,Trine,Moon,Aries,"17°22'04.69""",Bharani,Venus,2,Mars,Sagittarius,"17°09'58.44""",Purva Ashadha,Venus,2,120,120.2017,0.2017
2025-12-30 14:15:00,Aspect,Sextitle,Moon,Aries,"17°22'04.69""",Bharani,Venus,2,Rahu,Aquarius,"18°02'19.98""",Shatabhisha,Rahu,4,60,59.3291,0.6709
2025-12-30 14:15:00,Aspect,Trine,Moon,Aries,"17°22'04.69""",Bharani,Venus,2,Ketu,Leo,"18°02'19.98""",Purva Phalguni,Venus,2,120,120.6709,0.6709
2025-12-30 14:15:00,Aspect,Square,Mercury,Sagittarius,"1°50'54.52""",Mula,Ketu,1,Saturn,Pisces,"1°50'55.72""",Purva Bhadrapada,Jupiter,4,90,90.0003,0.0003
2025-12-30 14:15:00,Aspect,Sextitle,Mars,Sagittarius,"17°09'58.44""",Purva Ashadha,Venus,2,Rahu,Aquarius,"18°02'19.98""",Shatabhisha,Rahu,4,60,60.8726,0.8726
2025-12-30 14:15:00,Aspect,Trine,Mars,Sagittarius,"17°09'58.44""",Purva Ashadha,Venus,2,Ketu,Leo,"18°02'19.98""",Purva Phalguni,Venus,2,120,119.1274,0.8726
2025-12-30 14:30:00,Aspect,Trine,Moon,Aries,"17°31'10.62""",Bharani,Venus,2,Mars,Sagittarius,"17°10'27.13""",Purva Ashadha,Venus,2,120,120.3454,0.3454
2025-12-30 14:30:00,Aspect,Sextitle,Moon,Aries,"17°31'10.62""",Bharani,Venus,2,Rahu,Aquarius,"18°02'17.99""",Shatabhisha,Rahu,4,60,59.4813,0.5187
2025-12-30 14:30:00,Aspect,Trine,Moon,Aries,"17°31'10.62""",Bharani,Venus,2,Ketu,Leo,"18°02'17.99""",Purva Phalguni,Venus,2,120,120.5187,0.5187
2025-12-30 14:30:00,Aspect,Square,Mercury,Sagittarius,"1°51'51.34""",Mula,Ketu,1,Saturn,Pisces,"1°50'57.81""",Purva Bhadrapada,Jupiter,4,90,89.9851,0.0149
2025-12-30 14:30:00,Aspect,Sextitle,Mars,Sagittarius,"17°10'27.13""",Purva Ashadha,Venus,2,Rahu,Aquarius,"18°02'17.99""",Shatabhisha,Rahu,4,60,60.8641,0.8641
2025-12-30 14:30:00,Aspect,Trine,Mars,Sagittarius,"17°10'27.13""",Purva Ashadha,Venus,2,Ketu,Leo,"18°02'17.99""",Purva Phalguni,Venus,2,120,119.1359,0.8641
2025-12-30 14:45:00,Aspect,Trine,Moon,Aries,"17°40'16.68""",Bharani,Venus,2,Mars,Sagittarius,"17°10'55.83""",Purva Ashadha,Venus,2,120,120.4891,0.4891
2025-12-30 14:45:00,Aspect,Sextitle,Moon,Aries,"17°40'16.68""",Bharani,Venus,2,Rahu,Aquarius,"18°02'16.00""",Shatabhisha,Rahu,4,60,59.6335,0.3665
2025-12-30 14:45:00,Aspect,Trine,Moon,Aries,"17°40'16.68""",Bharani,Venus,2,Ketu,Leo,"18°02'16.00""",Purva Phalguni,Venus,2,120,120.3665,0.3665
2025-12-30 14:45:00,Aspect,Square,Mercury,Sagittarius,"1°52'48.17""",Mula,Ketu,1,Saturn,Pisces,"1°50'59.89""",Purva Bhadrapada,Jupiter,4,90,89.9699,0.0301
2025-12-30 14:45:00,Aspect,Sextitle,Mars,Sagittarius,"17°10'55.83""",Purva Ashadha,Venus,2,Rahu,Aquarius,"18°02'16.00""",Shatabhisha,Rahu,4,60,60.8556,0.8556
2025-12-30 14:45:00,Aspect,Trine,Mars,Sagittarius,"17°10'55.83""",Purva Ashadha,Venus,2,Ketu,Leo,"18°02'16.00""",Purva Phalguni,Venus,2,120,119.1444,0.8556
2025-12-30 15:00:00,Aspect,Trine,Moon,Aries,"17°49'22.88""",Bharani,Venus,2,Mars,Sagittarius,"17°11'24.52""",Purva Ashadha,Venus,2,120,120.6329,0.6329
2025-12-30 15:00:00,Aspect,Sextitle,Moon,Aries,"17°49'22.88""",Bharani,Venus,2,Rahu,Aquarius,"18°02'14.02""",Shatabhisha,Rahu,4,60,59.7858,0.2142
2025-12-30 15:00:00,Aspect,Trine,Moon,Aries,"17°49'22.88""",Bharani,Venus,2,Ketu,Leo,"18°02'14.02""",Purva Phalguni,Venus,2,120,120.2142,0.2142
2025-12-30 15:00:00,Aspect,Square,Mercury,Sagittarius,"1°53'44.99""",Mula,Ketu,1,Saturn,Pisces,"1°51'01.98""",Purva Bhadrapada,Jupiter,4,90,89.9547,0.0453
2025-12-30 15:00:00,Aspect,Sextitle,Mars,Sagittarius,"17°11'24.52""",Purva Ashadha,Venus,2,Rahu,Aquarius,"18°02'14.02""",Shatabhisha,Rahu,4,60,60.8471,0.8471
2025-12-30 15:00:00,Aspect,Trine,Mars,Sagittarius,"17°11'24.52""",Purva Ashadha,Venus,2,Ketu,Leo,"18°02'14.02""",Purva Phalguni,Venus,2,120,119.1529,0.8471
2025-12-30 15:15:00,Aspect,Trine,Moon,Aries,"17°58'29.20""",Bharani,Venus,2,Mars,Sagittarius,"17°11'53.22""",Purva Ashadha,Venus,2,120,120.7767,0.7767
2025-12-30 15:15:00,Aspect,Sextitle,Moon,Aries,"17°58'29.20""",Bharani,Venus,2,Rahu,Aquarius,"18°02'12.03""",Shatabhisha,Rahu,4,60,59.9381,0.0619
2025-12-30 15:15:00,Aspect,Trine,Moon,Aries,"17°58'29.20""",Bharani,Venus,2,Ketu,Leo,"18°02'12.03""",Purva Phalguni,Venus,2,120,120.0619,0.0619
2025-12-30 15:15:00,Aspect,Square,Mercury,Sagittarius,"1°54'41.82""",Mula,Ketu,1,Saturn,Pisces,"1°51'04.07""",Purva Bhadrapada,Jupiter,4,90,89.9395,0.0605
2025-12-30 15:15:00,Aspect,Sextitle,Mars,Sagittarius,"17°11'53.22""",Purva Ashadha,Venus,2,Rahu,Aquarius,"18°02'12.03""",Shatabhisha,Rahu,4,60,60.8386,0.8386
2025-12-30 15:15:00,Aspect,Trine,Mars,Sagittarius,"17°11'53.22""",Purva Ashadha,Venus,2,Ketu,Leo,"18°02'12.03""",Purva Phalguni,Venus,2,120,119.1614,0.8386
2025-12-30 15:30:00,Aspect,Trine,Moon,Aries,"18°07'35.65""",Bharani,Venus,2,Mars,Sagittarius,"17°12'21.91""",Purva Ashadha,Venus,2,120,120.9205,0.9205
2025-12-30 15:30:00,Aspect,Sextitle,Moon,Aries,"18°07'35.65""",Bharani,Venus,2,Rahu,Aquarius,"18°02'10.04""",Shatabhisha,Rahu,4,60,60.0904,0.0904
2025-12-30 15:30:00,Aspect,Trine,Moon,Aries,"18°07'35.65""",Bharani,Venus,2,Ketu,Leo,"18°02'10.04""",Purva Phalguni,Venus,2,120,119.9096,0.0904
2025-12-30 15:30:00,Aspect,Square,Mercury,Sagittarius,"1°55'38.65""",Mula,Ketu,1,Saturn,Pisces,"1°51'06.15""",Purva Bhadrapada,Jupiter,4,90,89.9243,0.0757
2025-12-30 15:30:00,Aspect,Sextitle,Mars,Sagittarius,"17°12'21.91""",Purva Ashadha,Venus,2,Rahu,Aquarius,"18°02'10.04""",Shatabhisha,Rahu,4,60,60.83,0.83
2025-12-30 15:30:00,Aspect,Trine,Mars,Sagittarius,"17°12'21.91""",Purva Ashadha,Venus,2,Ketu,Leo,"18°02'10.04""",Purva Phalguni,Venus,2,120,119.17,0.83
2025-12-30 15:45:00,Aspect,Sextitle,Moon,Aries,"18°16'42.23""",Bharani,Venus,2,Rahu,Aquarius,"18°02'08.05""",Shatabhisha,Rahu,4,60,60.2428,0.2428
2025-12-30 15:45:00,Aspect,Trine,Moon,Aries,"18°16'42.23""",Bharani,Venus,2,Ketu,Leo,"18°02'08.05""",Purva Phalguni,Venus,2,120,119.7572,0.2428
2025-12-30 15:45:00,Aspect,Square,Mercury,Sagittarius,"1°56'35.49""",Mula,Ketu,1,Saturn,Pisces,"1°51'08.24""",Purva Bhadrapada,Jupiter,4,90,89.9091,0.0909
2025-12-30 15:45:00,Aspect,Sextitle,Mars,Sagittarius,"17°12'50.60""",Purva Ashadha,Venus,2,Rahu,Aquarius,"18°02'08.05""",Shatabhisha,Rahu,4,60,60.8215,0.8215
2025-12-30 15:45:00,Aspect,Trine,Mars,Sagittarius,"17°12'50.60""",Purva Ashadha,Venus,2,Ketu,Leo,"18°02'08.05""",Purva Phalguni,Venus,2,120,119.1785,0.8215
2025-12-30 16:00:00,Aspect,Sextitle,Moon,Aries,"18°25'48.94""",Bharani,Venus,2,Rahu,Aquarius,"18°02'06.07""",Shatabhisha,Rahu,4,60,60.3952,0.3952
2025-12-30 16:00:00,Aspect,Trine,Moon,Aries,"18°25'48.94""",Bharani,Venus,2,Ketu,Leo,"18°02'06.07""",Purva Phalguni,Venus,2,120,119.6048,0.3952
2025-12-30 16:00:00,Aspect,Square,Mercury,Sagittarius,"1°57'32.32""",Mula,Ketu,1,Saturn,Pisces,"1°51'10.33""",Purva Bhadrapada,Jupiter,4,90,89.8939,0.1061
2025-12-30 16:00:00,Aspect,Sextitle,Mars,Sagittarius,"17°13'19.30""",Purva Ashadha,Venus,2,Rahu,Aquarius,"18°02'06.07""",Shatabhisha,Rahu,4,60,60.813,0.813
2025-12-30 16:00:00,Aspect,Trine,Mars,Sagittarius,"17°13'19.30""",Purva Ashadha,Venus,2,Ketu,Leo,"18°02'06.07""",Purva Phalguni,Venus,2,120,119.187,0.813
2025-12-30 16:15:00,Aspect,Sextitle,Moon,Aries,"18°34'55.78""",Bharani,Venus,2,Rahu,Aquarius,"18°02'04.08""",Shatabhisha,Rahu,4,60,60.5477,0.5477
2025-12-30 16:15:00,Aspect,Trine,Moon,Aries,"18°34'55.78""",Bharani,Venus,2,Ketu,Leo,"18°02'04.08""",Purva Phalguni,Venus,2,120,119.4523,0.5477
2025-12-30 16:15:00,Aspect,Square,Mercury,Sagittarius,"1°58'29.16""",Mula,Ketu,1,Saturn,Pisces,"1°51'12.42""",Purva Bhadrapada,Jupiter,4,90,89.8787,0.1213
2025-12-30 16:15:00,Aspect,Sextitle,Mars,Sagittarius,"17°13'47.99""",Purva Ashadha,Venus,2,Rahu,Aquarius,"18°02'04.08""",Shatabhisha,Rahu,4,60,60.8045,0.8045
2025-12-30 16:15:00,Aspect,Trine,Mars,Sagittarius,"17°13'47.99""",Purva Ashadha,Venus,2,Ketu,Leo,"18°02'04.08""",Purva Phalguni,Venus,2,120,119.1955,0.8045
2025-12-30 16:30:00,Aspect,Sextitle,Moon,Aries,"18°44'02.75""",Bharani,Venus,2,Rahu,Aquarius,"18°02'02.09""",Shatabhisha,Rahu,4,60,60.7002,0.7002
2025-12-30 16:30:00,Aspect,Trine,Moon,Aries,"18°44'02.75""",Bharani,Venus,2,Ketu,Leo,"18°02'02.09""",Purva Phalguni,Venus,2,120,119.2998,0.7002
2025-12-30 16:30:00,Aspect,Square,Mercury,Sagittarius,"1°59'26.00""",Mula,Ketu,1,Saturn,Pisces,"1°51'14.51""",Purva Bhadrapada,Jupiter,4,90,89.8635,0.1365
2025-12-30 16:30:00,Aspect,Sextitle,Mars,Sagittarius,"17°14'16.69""",Purva Ashadha,Venus,2,Rahu,Aquarius,"18°02'02.09""",Shatabhisha,Rahu,4,60,60.7959,0.7959
2025-12-30 16:30:00,Aspect,Trine,Mars,Sagittarius,"17°14'16.69""",Purva Ashadha,Venus,2,Ketu,Leo,"18°02'02.09""",Purva Phalguni,Venus,2,120,119.2041,0.7959
2025-12-30 16:45:00,Aspect,Sextitle,Moon,Aries,"18°53'09.85""",Bharani,Venus,2,Rahu,Aquarius,"18°02'00.11""",Shatabhisha,Rahu,4,60,60.8527,0.8527
2025-12-30 16:45:00,Aspect,Trine,Moon,Aries,"18°53'09.85""",Bharani,Venus,2,Ketu,Leo,"18°02'00.11""",Purva Phalguni,Venus,2,120,119.1473,0.8527
2025-12-30 16:45:00,Aspect,Square,Mercury,Sagittarius,"2°00'22.85""",Mula,Ketu,1,Saturn,Pisces,"1°51'16.60""",Purva Bhadrapada,Jupiter,4,90,89.8483,0.1517
2025-12-30 16:45:00,Aspect,Sextitle,Mars,Sagittarius,"17°14'45.39""",Purva Ashadha,Venus,2,Rahu,Aquarius,"18°02'00.11""",Shatabhisha,Rahu,4,60,60.7874,0.7874
2025-12-30 16:45:00,Aspect,Trine,Mars,Sagittarius,"17°14'45.39""",Purva Ashadha,Venus,2,Ketu,Leo,"18°02'00.11""",Purva Phalguni,Venus,2,120,119.2126,0.7874
2025-12-30 17:00:00,Aspect,Square,Mercury,Sagittarius,"2°01'19.69""",Mula,Ketu,1,Saturn,Pisces,"1°51'18.69""",Purva Bhadrapada,Jupiter,4,90,89.8331,0.1669
2025-12-30 17:00:00,Aspect,Sextitle,Mars,Sagittarius,"17°15'14.08""",Purva Ashadha,Venus,2,Rahu,Aquarius,"18°01'58.12""",Shatabhisha,Rahu,4,60,60.7789,0.7789
2025-12-30 17:00:00,Aspect,Trine,Mars,Sagittarius,"17°15'14.08""",Purva Ashadha,Venus,2,Ketu,Leo,"18°01'58.12""",Purva Phalguni,Venus,2,120,119.2211,0.7789
2025-12-30 17:15:00,Aspect,Square,Mercury,Sagittarius,"2°02'16.54""",Mula,Ketu,1,Saturn,Pisces,"1°51'20.78""",Purva Bhadrapada,Jupiter,4,90,89.8178,0.1822
2025-12-30 17:15:00,Aspect,Sextitle,Mars,Sagittarius,"17°15'42.78""",Purva Ashadha,Venus,2,Rahu,Aquarius,"18°01'56.13""",Shatabhisha,Rahu,4,60,60.7704,0.7704
2025-12-30 17:15:00,Aspect,Trine,Mars,Sagittarius,"17°15'42.78""",Purva Ashadha,Venus,2,Ketu,Leo,"18°01'56.13""",Purva Phalguni,Venus,2,120,119.2296,0.7704
2025-12-30 17:30:00,Aspect,Square,Mercury,Sagittarius,"2°03'13.39""",Mula,Ketu,1,Saturn,Pisces,"1°51'22.88""",Purva Bhadrapada,Jupiter,4,90,89.8026,0.1974
2025-12-30 17:30:00,Aspect,Sextitle,Mars,Sagittarius,"17°16'11.47""",Purva Ashadha,Venus,2,Rahu,Aquarius,"18°01'54.14""",Shatabhisha,Rahu,4,60,60.7619,0.7619
2025-12-30 17:30:00,Aspect,Trine,Mars,Sagittarius,"17°16'11.47""",Purva Ashadha,Venus,2,Ketu,Leo,"18°01'54.14""",Purva Phalguni,Venus,2,120,119.2381,0.7619
2025-12-30 17:45:00,Aspect,Square,Mercury,Sagittarius,"2°04'10.24""",Mula,Ketu,1,Saturn,Pisces,"1°51'24.97""",Purva Bhadrapada,Jupiter,4,90,89.7874,0.2126
2025-12-30 17:45:00,Aspect,Sextitle,Mars,Sagittarius,"17°16'40.17""",Purva Ashadha,Venus,2,Rahu,Aquarius,"18°01'52.16""",Shatabhisha,Rahu,4,60,60.7533,0.7533
2025-12-30 17:45:00,Aspect,Trine,Mars,Sagittarius,"17°16'40.17""",Purva Ashadha,Venus,2,Ketu,Leo,"18°01'52.16""",Purva Phalguni,Venus,2,120,119.2467,0.7533
2025-12-30 18:00:00,Aspect,Square,Mercury,Sagittarius,"2°05'07.10""",Mula,Ketu,1,Saturn,Pisces,"1°51'27.06""",Purva Bhadrapada,Jupiter,4,90,89.7722,0.2278
2025-12-30 18:00:00,Aspect,Sextitle,Mars,Sagittarius,"17°17'08.87""",Purva Ashadha,Venus,2,Rahu,Aquarius,"18°01'50.17""",Shatabhisha,Rahu,4,60,60.7448,0.7448
2025-12-30 18:00:00,Aspect,Trine,Mars,Sagittarius,"17°17'08.87""",Purva Ashadha,Venus,2,Ketu,Leo,"18°01'50.17""",Purva Phalguni,Venus,2,120,119.2552,0.7448
2025-12-30 18:15:00,Aspect,Square,Mercury,Sagittarius,"2°06'03.95""",Mula,Ketu,1,Saturn,Pisces,"1°51'29.16""",Purva Bhadrapada,Jupiter,4,90,89.757,0.243
2025-12-30 18:15:00,Aspect,Sextitle,Mars,Sagittarius,"17°17'37.57""",Purva Ashadha,Venus,2,Rahu,Aquarius,"18°01'48.18""",Shatabhisha,Rahu,4,60,60.7363,0.7363
2025-12-30 18:15:00,Aspect,Trine,Mars,Sagittarius,"17°17'37.57""",Purva Ashadha,Venus,2,Ketu,Leo,"18°01'48.18""",Purva Phalguni,Venus,2,120,119.2637,0.7363
2025-12-30 18:30:00,Aspect,Square,Mercury,Sagittarius,"2°07'00.81""",Mula,Ketu,1,Saturn,Pisces,"1°51'31.25""",Purva Bhadrapada,Jupiter,4,90,89.7418,0.2582
2025-12-30 18:30:00,Aspect,Sextitle,Mars,Sagittarius,"17°18'06.26""",Purva Ashadha,Venus,2,Rahu,Aquarius,"18°01'46.20""",Shatabhisha,Rahu,4,60,60.7278,0.7278
2025-12-30 18:30:00,Aspect,Trine,Mars,Sagittarius,"17°18'06.26""",Purva Ashadha,Venus,2,Ketu,Leo,"18°01'46.20""",Purva Phalguni,Venus,2,120,119.2722,0.7278
2025-12-30 18:45:00,Aspect,Square,Mercury,Sagittarius,"2°07'57.68""",Mula,Ketu,1,Saturn,Pisces,"1°51'33.35""",Purva Bhadrapada,Jupiter,4,90,89.7266,0.2734
2025-12-30 18:45:00,Aspect,Sextitle,Mars,Sagittarius,"17°18'34.96""",Purva Ashadha,Venus,2,Rahu,Aquarius,"18°01'44.21""",Shatabhisha,Rahu,4,60,60.7192,0.7192
2025-12-30 18:45:00,Aspect,Trine,Mars,Sagittarius,"17°18'34.96""",Purva Ashadha,Venus,2,Ketu,Leo,"18°01'44.21""",Purva Phalguni,Venus,2,120,119.2808,0.7192
2025-12-30 19:00:00,Aspect,Square,Mercury,Sagittarius,"2°08'54.54""",Mula,Ketu,1,Saturn,Pisces,"1°51'35.44""",Purva Bhadrapada,Jupiter,4,90,89.7114,0.2886
2025-12-30 19:00:00,Aspect,Sextitle,Mars,Sagittarius,"17°19'03.66""",Purva Ashadha,Venus,2,Rahu,Aquarius,"18°01'42.22""",Shatabhisha,Rahu,4,60,60.7107,0.7107
2025-12-30 19:00:00,Aspect,Trine,Mars,Sagittarius,"17°19'03.66""",Purva Ashadha,Venus,2,Ketu,Leo,"18°01'42.22""",Purva Phalguni,Venus,2,120,119.2893,0.7107
2025-12-30 19:15:00,Aspect,Square,Mercury,Sagittarius,"2°09'51.41""",Mula,Ketu,1,Saturn,Pisces,"1°51'37.54""",Purva Bhadrapada,Jupiter,4,90,89.6961,0.3039
2025-12-30 19:15:00,Aspect,Sextitle,Mars,Sagittarius,"17°19'32.36""",Purva Ashadha,Venus,2,Rahu,Aquarius,"18°01'40.23""",Shatabhisha,Rahu,4,60,60.7022,0.7022
2025-12-30 19:15:00,Aspect,Trine,Mars,Sagittarius,"17°19'32.36""",Purva Ashadha,Venus,2,Ketu,Leo,"18°01'40.23""",Purva Phalguni,Venus,2,120,119.2978,0.7022
2025-12-30 19:30:00,Aspect,Square,Mercury,Sagittarius,"2°10'48.27""",Mula,Ketu,1,Saturn,Pisces,"1°51'39.64""",Purva Bhadrapada,Jupiter,4,90,89.6809,0.3191
2025-12-30 19:30:00,Aspect,Sextitle,Mars,Sagittarius,"17°20'01.05""",Purva Ashadha,Venus,2,Rahu,Aquarius,"18°01'38.25""",Shatabhisha,Rahu,4,60,60.6937,0.6937
2025-12-30 19:30:00,Aspect,Trine,Mars,Sagittarius,"17°20'01.05""",Purva Ashadha,Venus,2,Ketu,Leo,"18°01'38.25""",Purva Phalguni,Venus,2,120,119.3063,0.6937
2025-12-30 19:45:00,Aspect,Square,Mercury,Sagittarius,"2°11'45.15""",Mula,Ketu,1,Saturn,Pisces,"1°51'41.73""",Purva Bhadrapada,Jupiter,4,90,89.6657,0.3343
2025-12-30 19:45:00,Aspect,Sextitle,Mars,Sagittarius,"17°20'29.75""",Purva Ashadha,Venus,2,Rahu,Aquarius,"18°01'36.26""",Shatabhisha,Rahu,4,60,60.6851,0.6851
2025-12-30 19:45:00,Aspect,Trine,Mars,Sagittarius,"17°20'29.75""",Purva Ashadha,Venus,2,Ketu,Leo,"18°01'36.26""",Purva Phalguni,Venus,2,120,119.3149,0.6851
2025-12-30 20:00:00,Aspect,Square,Mercury,Sagittarius,"2°12'42.02""",Mula,Ketu,1,Saturn,Pisces,"1°51'43.83""",Purva Bhadrapada,Jupiter,4,90,89.6505,0.3495
2025-12-30 20:00:00,Aspect,Sextitle,Mars,Sagittarius,"17°20'58.45""",Purva Ashadha,Venus,2,Rahu,Aquarius,"18°01'34.27""",Shatabhisha,Rahu,4,60,60.6766,0.6766
2025-12-30 20:00:00,Aspect,Trine,Mars,Sagittarius,"17°20'58.45""",Purva Ashadha,Venus,2,Ketu,Leo,"18°01'34.27""",Purva Phalguni,Venus,2,120,119.3234,0.6766
2025-12-30 20:15:00,Aspect,Square,Mercury,Sagittarius,"2°13'38.90""",Mula,Ketu,1,Saturn,Pisces,"1°51'45.93""",Purva Bhadrapada,Jupiter,4,90,89.6353,0.3647
2025-12-30 20:15:00,Aspect,Sextitle,Mars,Sagittarius,"17°21'27.15""",Purva Ashadha,Venus,2,Rahu,Aquarius,"18°01'32.29""",Shatabhisha,Rahu,4,60,60.6681,0.6681
2025-12-30 20:15:00,Aspect,Trine,Mars,Sagittarius,"17°21'27.15""",Purva Ashadha,Venus,2,Ketu,Leo,"18°01'32.29""",Purva Phalguni,Venus,2,120,119.3319,0.6681
2025-12-30 20:30:00,Aspect,Square,Mercury,Sagittarius,"2°14'35.77""",Mula,Ketu,1,Saturn,Pisces,"1°51'48.03""",Purva Bhadrapada,Jupiter,4,90,89.6201,0.3799
2025-12-30 20:30:00,Aspect,Sextitle,Mars,Sagittarius,"17°21'55.85""",Purva Ashadha,Venus,2,Rahu,Aquarius,"18°01'30.30""",Shatabhisha,Rahu,4,60,60.6596,0.6596
2025-12-30 20:30:00,Aspect,Trine,Mars,Sagittarius,"17°21'55.85""",Purva Ashadha,Venus,2,Ketu,Leo,"18°01'30.30""",Purva Phalguni,Venus,2,120,119.3404,0.6596
2025-12-30 20:45:00,Aspect,Square,Mercury,Sagittarius,"2°15'32.65""",Mula,Ketu,1,Saturn,Pisces,"1°51'50.13""",Purva Bhadrapada,Jupiter,4,90,89.6049,0.3951
2025-12-30 20:45:00,Aspect,Sextitle,Mars,Sagittarius,"17°22'24.55""",Purva Ashadha,Venus,2,Rahu,Aquarius,"18°01'28.31""",Shatabhisha,Rahu,4,60,60.651,0.651
2025-12-30 20:45:00,Aspect,Trine,Mars,Sagittarius,"17°22'24.55""",Purva Ashadha,Venus,2,Ketu,Leo,"18°01'28.31""",Purva Phalguni,Venus,2,120,119.349,0.651
2025-12-30 21:00:00,Aspect,Square,Mercury,Sagittarius,"2°16'29.54""",Mula,Ketu,1,Saturn,Pisces,"1°51'52.23""",Purva Bhadrapada,Jupiter,4,90,89.5896,0.4104
2025-12-30 21:00:00,Aspect,Sextitle,Mars,Sagittarius,"17°22'53.25""",Purva Ashadha,Venus,2,Rahu,Aquarius,"18°01'26.32""",Shatabhisha,Rahu,4,60,60.6425,0.6425
2025-12-30 21:00:00,Aspect,Trine,Mars,Sagittarius,"17°22'53.25""",Purva Ashadha,Venus,2,Ketu,Leo,"18°01'26.32""",Purva Phalguni,Venus,2,120,119.3575,0.6425
2025-12-30 21:15:00,Aspect,Square,Mercury,Sagittarius,"2°17'26.42""",Mula,Ketu,1,Saturn,Pisces,"1°51'54.34""",Purva Bhadrapada,Jupiter,4,90,89.5744,0.4256
2025-12-30 21:15:00,Aspect,Sextitle,Mars,Sagittarius,"17°23'21.95""",Purva Ashadha,Venus,2,Rahu,Aquarius,"18°01'24.34""",Shatabhisha,Rahu,4,60,60.634,0.634
2025-12-30 21:15:00,Aspect,Trine,Mars,Sagittarius,"17°23'21.95""",Purva Ashadha,Venus,2,Ketu,Leo,"18°01'24.34""",Purva Phalguni,Venus,2,120,119.366,0.634
2025-12-30 21:30:00,Aspect,Square,Mercury,Sagittarius,"2°18'23.31""",Mula,Ketu,1,Saturn,Pisces,"1°51'56.44""",Purva Bhadrapada,Jupiter,4,90,89.5592,0.4408
2025-12-30 21:30:00,Aspect,Sextitle,Mars,Sagittarius,"17°23'50.65""",Purva Ashadha,Venus,2,Rahu,Aquarius,"18°01'22.35""",Shatabhisha,Rahu,4,60,60.6255,0.6255
2025-12-30 21:30:00,Aspect,Trine,Mars,Sagittarius,"17°23'50.65""",Purva Ashadha,Venus,2,Ketu,Leo,"18°01'22.35""",Purva Phalguni,Venus,2,120,119.3745,0.6255
2025-12-30 21:45:00,Aspect,Square,Mercury,Sagittarius,"2°19'20.20""",Mula,Ketu,1,Saturn,Pisces,"1°51'58.54""",Purva Bhadrapada,Jupiter,4,90,89.544,0.456
2025-12-30 21:45:00,Aspect,Sextitle,Mars,Sagittarius,"17°24'19.35""",Purva Ashadha,Venus,2,Rahu,Aquarius,"18°01'20.36""",Shatabhisha,Rahu,4,60,60.6169,0.6169
2025-12-30 21:45:00,Aspect,Trine,Mars,Sagittarius,"17°24'19.35""",Purva Ashadha,Venus,2,Ketu,Leo,"18°01'20.36""",Purva Phalguni,Venus,2,120,119.3831,0.6169
2025-12-30 22:00:00,Aspect,Square,Mercury,Sagittarius,"2°20'17.09""",Mula,Ketu,1,Saturn,Pisces,"1°52'00.64""",Purva Bhadrapada,Jupiter,4,90,89.5288,0.4712
2025-12-30 22:00:00,Aspect,Sextitle,Mars,Sagittarius,"17°24'48.05""",Purva Ashadha,Venus,2,Rahu,Aquarius,"18°01'18.37""",Shatabhisha,Rahu,4,60,60.6084,0.6084
2025-12-30 22:00:00,Aspect,Trine,Mars,Sagittarius,"17°24'48.05""",Purva Ashadha,Venus,2,Ketu,Leo,"18°01'18.37""",Purva Phalguni,Venus,2,120,119.3916,0.6084
2025-12-30 22:15:00,Aspect,Square,Mercury,Sagittarius,"2°21'13.99""",Mula,Ketu,1,Saturn,Pisces,"1°52'02.75""",Purva Bhadrapada,Jupiter,4,90,89.5135,0.4865
2025-12-30 22:15:00,Aspect,Sextitle,Mars,Sagittarius,"17°25'16.76""",Purva Ashadha,Venus,2,Rahu,Aquarius,"18°01'16.39""",Shatabhisha,Rahu,4,60,60.5999,0.5999
2025-12-30 22:15:00,Aspect,Trine,Mars,Sagittarius,"17°25'16.76""",Purva Ashadha,Venus,2,Ketu,Leo,"18°01'16.39""",Purva Phalguni,Venus,2,120,119.4001,0.5999
2025-12-30 22:30:00,Aspect,Square,Mercury,Sagittarius,"2°22'10.88""",Mula,Ketu,1,Saturn,Pisces,"1°52'04.85""",Purva Bhadrapada,Jupiter,4,90,89.4983,0.5017
2025-12-30 22:30:00,Aspect,Sextitle,Mars,Sagittarius,"17°25'45.46""",Purva Ashadha,Venus,2,Rahu,Aquarius,"18°01'14.40""",Shatabhisha,Rahu,4,60,60.5914,0.5914
2025-12-30 22:30:00,Aspect,Trine,Mars,Sagittarius,"17°25'45.46""",Purva Ashadha,Venus,2,Ketu,Leo,"18°01'14.40""",Purva Phalguni,Venus,2,120,119.4086,0.5914
2025-12-30 22:45:00,Aspect,Square,Mercury,Sagittarius,"2°23'07.78""",Mula,Ketu,1,Saturn,Pisces,"1°52'06.96""",Purva Bhadrapada,Jupiter,4,90,89.4831,0.5169
2025-12-30 22:45:00,Aspect,Sextitle,Mars,Sagittarius,"17°26'14.16""",Purva Ashadha,Venus,2,Rahu,Aquarius,"18°01'12.41""",Shatabhisha,Rahu,4,60,60.5828,0.5828
2025-12-30 22:45:00,Aspect,Trine,Mars,Sagittarius,"17°26'14.16""",Purva Ashadha,Venus,2,Ketu,Leo,"18°01'12.41""",Purva Phalguni,Venus,2,120,119.4172,0.5828
2025-12-30 23:00:00,Aspect,Square,Mercury,Sagittarius,"2°24'04.69""",Mula,Ketu,1,Saturn,Pisces,"1°52'09.06""",Purva Bhadrapada,Jupiter,4,90,89.4679,0.5321
2025-12-30 23:00:00,Aspect,Sextitle,Mars,Sagittarius,"17°26'42.86""",Purva Ashadha,Venus,2,Rahu,Aquarius,"18°01'10.43""",Shatabhisha,Rahu,4,60,60.5743,0.5743
2025-12-30 23:00:00,Aspect,Trine,Mars,Sagittarius,"17°26'42.86""",Purva Ashadha,Venus,2,Ketu,Leo,"18°01'10.43""",Purva Phalguni,Venus,2,120,119.4257,0.5743
2025-12-30 23:15:00,Aspect,Square,Mercury,Sagittarius,"2°25'01.59""",Mula,Ketu,1,Saturn,Pisces,"1°52'11.17""",Purva Bhadrapada,Jupiter,4,90,89.4527,0.5473
2025-12-30 23:15:00,Aspect,Sextitle,Mars,Sagittarius,"17°27'11.56""",Purva Ashadha,Venus,2,Rahu,Aquarius,"18°01'08.44""",Shatabhisha,Rahu,4,60,60.5658,0.5658
2025-12-30 23:15:00,Aspect,Trine,Mars,Sagittarius,"17°27'11.56""",Purva Ashadha,Venus,2,Ketu,Leo,"18°01'08.44""",Purva Phalguni,Venus,2,120,119.4342,0.5658
2025-12-30 23:30:00,Aspect,Square,Mercury,Sagittarius,"2°25'58.50""",Mula,Ketu,1,Saturn,Pisces,"1°52'13.28""",Purva Bhadrapada,Jupiter,4,90,89.4374,0.5626
2025-12-30 23:30:00,Aspect,Sextitle,Mars,Sagittarius,"17°27'40.27""",Purva Ashadha,Venus,2,Rahu,Aquarius,"18°01'06.45""",Shatabhisha,Rahu,4,60,60.5573,0.5573
2025-12-30 23:30:00,Aspect,Trine,Mars,Sagittarius,"17°27'40.27""",Purva Ashadha,Venus,2,Ketu,Leo,"18°01'06.45""",Purva Phalguni,Venus,2,120,119.4427,0.5573
2025-12-30 23:45:00,Aspect,Square,Mercury,Sagittarius,"2°26'55.41""",Mula,Ketu,1,Saturn,Pisces,"1°52'15.38""",Purva Bhadrapada,Jupiter,4,90,89.4222,0.5778
2025-12-30 23:45:00,Aspect,Sextitle,Mars,Sagittarius,"17°28'08.97""",Purva Ashadha,Venus,2,Rahu,Aquarius,"18°01'04.46""",Shatabhisha,Rahu,4,60,60.5487,0.5487
2025-12-30 23:45:00,Aspect,Trine,Mars,Sagittarius,"17°28'08.97""",Purva Ashadha,Venus,2,Ketu,Leo,"18°01'04.46""",Purva Phalguni,Venus,2,120,119.4513,0.5487
2025-12-31 00:00:00,Aspect,Square,Mercury,Sagittarius,"2°27'52.32""",Mula,Ketu,1,Saturn,Pisces,"1°52'17.49""",Purva Bhadrapada,Jupiter,4,90,89.407,0.593
2025-12-31 00:00:00,Aspect,Sextitle,Mars,Sagittarius,"17°28'37.67""",Purva Ashadha,Venus,2,Rahu,Aquarius,"18°01'02.48""",Shatabhisha,Rahu,4,60,60.5402,0.5402
2025-12-31 00:00:00,Aspect,Trine,Mars,Sagittarius,"17°28'37.67""",Purva Ashadha,Venus,2,Ketu,Leo,"18°01'02.48""",Purva Phalguni,Venus,2,120,119.4598,0.5402
2025-12-31 00:15:00,Aspect,Square,Mercury,Sagittarius,"2°28'49.23""",Mula,Ketu,1,Saturn,Pisces,"1°52'19.60""",Purva Bhadrapada,Jupiter,4,90,89.3918,0.6082
2025-12-31 00:15:00,Aspect,Sextitle,Mars,Sagittarius,"17°29'06.37""",Purva Ashadha,Venus,2,Rahu,Aquarius,"18°01'00.49""",Shatabhisha,Rahu,4,60,60.5317,0.5317
2025-12-31 00:15:00,Aspect,Trine,Mars,Sagittarius,"17°29'06.37""",Purva Ashadha,Venus,2,Ketu,Leo,"18°01'00.49""",Purva Phalguni,Venus,2,120,119.4683,0.5317
2025-12-31 00:30:00,Aspect,Square,Mercury,Sagittarius,"2°29'46.15""",Mula,Ketu,1,Saturn,Pisces,"1°52'21.71""",Purva Bhadrapada,Jupiter,4,90,89.3765,0.6235
2025-12-31 00:30:00,Aspect,Sextitle,Mars,Sagittarius,"17°29'35.08""",Purva Ashadha,Venus,2,Rahu,Aquarius,"18°00'58.50""",Shatabhisha,Rahu,4,60,60.5232,0.5232
2025-12-31 00:30:00,Aspect,Trine,Mars,Sagittarius,"17°29'35.08""",Purva Ashadha,Venus,2,Ketu,Leo,"18°00'58.50""",Purva Phalguni,Venus,2,120,119.4768,0.5232
2025-12-31 00:45:00,Aspect,Square,Mercury,Sagittarius,"2°30'43.06""",Mula,Ketu,1,Saturn,Pisces,"1°52'23.82""",Purva Bhadrapada,Jupiter,4,90,89.3613,0.6387
2025-12-31 00:45:00,Aspect,Sextitle,Mars,Sagittarius,"17°30'03.78""",Purva Ashadha,Venus,2,Rahu,Aquarius,"18°00'56.52""",Shatabhisha,Rahu,4,60,60.5146,0.5146
2025-12-31 00:45:00,Aspect,Trine,Mars,Sagittarius,"17°30'03.78""",Purva Ashadha,Venus,2,Ketu,Leo,"18°00'56.52""",Purva Phalguni,Venus,2,120,119.4854,0.5146
2025-12-31 01:00:00,Aspect,Square,Mercury,Sagittarius,"2°31'39.98""",Mula,Ketu,1,Saturn,Pisces,"1°52'25.93""",Purva Bhadrapada,Jupiter,4,90,89.3461,0.6539
2025-12-31 01:00:00,Aspect,Sextitle,Mars,Sagittarius,"17°30'32.49""",Purva Ashadha,Venus,2,Rahu,Aquarius,"18°00'54.53""",Shatabhisha,Rahu,4,60,60.5061,0.5061
2025-12-31 01:00:00,Aspect,Trine,Mars,Sagittarius,"17°30'32.49""",Purva Ashadha,Venus,2,Ketu,Leo,"18°00'54.53""",Purva Phalguni,Venus,2,120,119.4939,0.5061
2025-12-31 01:15:00,Aspect,Square,Mercury,Sagittarius,"2°32'36.91""",Mula,Ketu,1,Saturn,Pisces,"1°52'28.04""",Purva Bhadrapada,Jupiter,4,90,89.3309,0.6691
2025-12-31 01:15:00,Aspect,Sextitle,Mars,Sagittarius,"17°31'01.19""",Purva Ashadha,Venus,2,Rahu,Aquarius,"18°00'52.54""",Shatabhisha,Rahu,4,60,60.4976,0.4976
2025-12-31 01:15:00,Aspect,Trine,Mars,Sagittarius,"17°31'01.19""",Purva Ashadha,Venus,2,Ketu,Leo,"18°00'52.54""",Purva Phalguni,Venus,2,120,119.5024,0.4976
2025-12-31 01:30:00,Aspect,Square,Mercury,Sagittarius,"2°33'33.83""",Mula,Ketu,1,Saturn,Pisces,"1°52'30.15""",Purva Bhadrapada,Jupiter,4,90,89.3156,0.6844
2025-12-31 01:30:00,Aspect,Sextitle,Mars,Sagittarius,"17°31'29.90""",Purva Ashadha,Venus,2,Rahu,Aquarius,"18°00'50.55""",Shatabhisha,Rahu,4,60,60.4891,0.4891
2025-12-31 01:30:00,Aspect,Trine,Mars,Sagittarius,"17°31'29.90""",Purva Ashadha,Venus,2,Ketu,Leo,"18°00'50.55""",Purva Phalguni,Venus,2,120,119.5109,0.4891
2025-12-31 01:45:00,Aspect,Square,Mercury,Sagittarius,"2°34'30.76""",Mula,Ketu,1,Saturn,Pisces,"1°52'32.27""",Purva Bhadrapada,Jupiter,4,90,89.3004,0.6996
2025-12-31 01:45:00,Aspect,Sextitle,Mars,Sagittarius,"17°31'58.60""",Purva Ashadha,Venus,2,Rahu,Aquarius,"18°00'48.57""",Shatabhisha,Rahu,4,60,60.4805,0.4805
2025-12-31 01:45:00,Aspect,Trine,Mars,Sagittarius,"17°31'58.60""",Purva Ashadha,Venus,2,Ketu,Leo,"18°00'48.57""",Purva Phalguni,Venus,2,120,119.5195,0.4805
2025-12-31 02:00:00,Aspect,Square,Mercury,Sagittarius,"2°35'27.69""",Mula,Ketu,1,Saturn,Pisces,"1°52'34.38""",Purva Bhadrapada,Jupiter,4,90,89.2852,0.7148
2025-12-31 02:00:00,Aspect,Sextitle,Mars,Sagittarius,"17°32'27.31""",Purva Ashadha,Venus,2,Rahu,Aquarius,"18°00'46.58""",Shatabhisha,Rahu,4,60,60.472,0.472
2025-12-31 02:00:00,Aspect,Trine,Mars,Sagittarius,"17°32'27.31""",Purva Ashadha,Venus,2,Ketu,Leo,"18°00'46.58""",Purva Phalguni,Venus,2,120,119.528,0.472
2025-12-31 02:15:00,Aspect,Square,Mercury,Sagittarius,"2°36'24.62""",Mula,Ketu,1,Saturn,Pisces,"1°52'36.49""",Purva Bhadrapada,Jupiter,4,90,89.27,0.73
2025-12-31 02:15:00,Aspect,Sextitle,Mars,Sagittarius,"17°32'56.01""",Purva Ashadha,Venus,2,Rahu,Aquarius,"18°00'44.59""",Shatabhisha,Rahu,4,60,60.4635,0.4635
2025-12-31 02:15:00,Aspect,Trine,Mars,Sagittarius,"17°32'56.01""",Purva Ashadha,Venus,2,Ketu,Leo,"18°00'44.59""",Purva Phalguni,Venus,2,120,119.5365,0.4635
2025-12-31 02:30:00,Aspect,Square,Mercury,Sagittarius,"2°37'21.56""",Mula,Ketu,1,Saturn,Pisces,"1°52'38.61""",Purva Bhadrapada,Jupiter,4,90,89.2547,0.7453
2025-12-31 02:30:00,Aspect,Sextitle,Mars,Sagittarius,"17°33'24.72""",Purva Ashadha,Venus,2,Rahu,Aquarius,"18°00'42.61""",Shatabhisha,Rahu,4,60,60.455,0.455
2025-12-31 02:30:00,Aspect,Trine,Mars,Sagittarius,"17°33'24.72""",Purva Ashadha,Venus,2,Ketu,Leo,"18°00'42.61""",Purva Phalguni,Venus,2,120,119.545,0.455
2025-12-31 02:45:00,Aspect,Square,Mercury,Sagittarius,"2°38'18.49""",Mula,Ketu,1,Saturn,Pisces,"1°52'40.72""",Purva Bhadrapada,Jupiter,4,90,89.2395,0.7605
2025-12-31 02:45:00,Aspect,Sextitle,Mars,Sagittarius,"17°33'53.42""",Purva Ashadha,Venus,2,Rahu,Aquarius,"18°00'40.62""",Shatabhisha,Rahu,4,60,60.4464,0.4464
2025-12-31 02:45:00,Aspect,Trine,Mars,Sagittarius,"17°33'53.42""",Purva Ashadha,Venus,2,Ketu,Leo,"18°00'40.62""",Purva Phalguni,Venus,2,120,119.5536,0.4464
2025-12-31 03:00:00,Aspect,Square,Mercury,Sagittarius,"2°39'15.43""",Mula,Ketu,1,Saturn,Pisces,"1°52'42.84""",Purva Bhadrapada,Jupiter,4,90,89.2243,0.7757
2025-12-31 03:00:00,Aspect,Sextitle,Mars,Sagittarius,"17°34'22.13""",Purva Ashadha,Venus,2,Rahu,Aquarius,"18°00'38.63""",Shatabhisha,Rahu,4,60,60.4379,0.4379
2025-12-31 03:00:00,Aspect,Trine,Mars,Sagittarius,"17°34'22.13""",Purva Ashadha,Venus,2,Ketu,Leo,"18°00'38.63""",Purva Phalguni,Venus,2,120,119.5621,0.4379
2025-12-31 03:15:00,Aspect,Square,Mercury,Sagittarius,"2°40'12.37""",Mula,Ketu,1,Saturn,Pisces,"1°52'44.96""",Purva Bhadrapada,Jupiter,4,90,89.2091,0.7909
2025-12-31 03:15:00,Aspect,Sextitle,Mars,Sagittarius,"17°34'50.84""",Purva Ashadha,Venus,2,Rahu,Aquarius,"18°00'36.64""",Shatabhisha,Rahu,4,60,60.4294,0.4294
2025-12-31 03:15:00,Aspect,Trine,Mars,Sagittarius,"17°34'50.84""",Purva Ashadha,Venus,2,Ketu,Leo,"18°00'36.64""",Purva Phalguni,Venus,2,120,119.5706,0.4294
2025-12-31 03:30:00,Aspect,Square,Mercury,Sagittarius,"2°41'09.32""",Mula,Ketu,1,Saturn,Pisces,"1°52'47.07""",Purva Bhadrapada,Jupiter,4,90,89.1938,0.8062
2025-12-31 03:30:00,Aspect,Sextitle,Mars,Sagittarius,"17°35'19.54""",Purva Ashadha,Venus,2,Rahu,Aquarius,"18°00'34.66""",Shatabhisha,Rahu,4,60,60.4209,0.4209
2025-12-31 03:30:00,Aspect,Trine,Mars,Sagittarius,"17°35'19.54""",Purva Ashadha,Venus,2,Ketu,Leo,"18°00'34.66""",Purva Phalguni,Venus,2,120,119.5791,0.4209
2025-12-31 03:45:00,Aspect,Square,Mercury,Sagittarius,"2°42'06.26""",Mula,Ketu,1,Saturn,Pisces,"1°52'49.19""",Purva Bhadrapada,Jupiter,4,90,89.1786,0.8214
2025-12-31 03:45:00,Aspect,Sextitle,Mars,Sagittarius,"17°35'48.25""",Purva Ashadha,Venus,2,Rahu,Aquarius,"18°00'32.67""",Shatabhisha,Rahu,4,60,60.4123,0.4123
2025-12-31 03:45:00,Aspect,Trine,Mars,Sagittarius,"17°35'48.25""",Purva Ashadha,Venus,2,Ketu,Leo,"18°00'32.67""",Purva Phalguni,Venus,2,120,119.5877,0.4123
2025-12-31 04:00:00,Aspect,Square,Mercury,Sagittarius,"2°43'03.21""",Mula,Ketu,1,Saturn,Pisces,"1°52'51.31""",Purva Bhadrapada,Jupiter,4,90,89.1634,0.8366
2025-12-31 04:00:00,Aspect,Sextitle,Mars,Sagittarius,"17°36'16.96""",Purva Ashadha,Venus,2,Rahu,Aquarius,"18°00'30.68""",Shatabhisha,Rahu,4,60,60.4038,0.4038
2025-12-31 04:00:00,Aspect,Trine,Mars,Sagittarius,"17°36'16.96""",Purva Ashadha,Venus,2,Ketu,Leo,"18°00'30.68""",Purva Phalguni,Venus,2,120,119.5962,0.4038
2025-12-31 04:15:00,Aspect,Square,Mercury,Sagittarius,"2°44'00.16""",Mula,Ketu,1,Saturn,Pisces,"1°52'53.43""",Purva Bhadrapada,Jupiter,4,90,89.1481,0.8519
2025-12-31 04:15:00,Aspect,Sextitle,Mars,Sagittarius,"17°36'45.66""",Purva Ashadha,Venus,2,Rahu,Aquarius,"18°00'28.69""",Shatabhisha,Rahu,4,60,60.3953,0.3953
2025-12-31 04:15:00,Aspect,Trine,Mars,Sagittarius,"17°36'45.66""",Purva Ashadha,Venus,2,Ketu,Leo,"18°00'28.69""",Purva Phalguni,Venus,2,120,119.6047,0.3953
2025-12-31 04:30:00,Aspect,Square,Mercury,Sagittarius,"2°44'57.12""",Mula,Ketu,1,Saturn,Pisces,"1°52'55.55""",Purva Bhadrapada,Jupiter,4,90,89.1329,0.8671
2025-12-31 04:30:00,Aspect,Sextitle,Mars,Sagittarius,"17°37'14.37""",Purva Ashadha,Venus,2,Rahu,Aquarius,"18°00'26.71""",Shatabhisha,Rahu,4,60,60.3868,0.3868
2025-12-31 04:30:00,Aspect,Trine,Mars,Sagittarius,"17°37'14.37""",Purva Ashadha,Venus,2,Ketu,Leo,"18°00'26.71""",Purva Phalguni,Venus,2,120,119.6132,0.3868
2025-12-31 04:45:00,Aspect,Square,Mercury,Sagittarius,"2°45'54.07""",Mula,Ketu,1,Saturn,Pisces,"1°52'57.67""",Purva Bhadrapada,Jupiter,4,90,89.1177,0.8823
2025-12-31 04:45:00,Aspect,Sextitle,Mars,Sagittarius,"17°37'43.08""",Purva Ashadha,Venus,2,Rahu,Aquarius,"18°00'24.72""",Shatabhisha,Rahu,4,60,60.3782,0.3782
2025-12-31 04:45:00,Aspect,Trine,Mars,Sagittarius,"17°37'43.08""",Purva Ashadha,Venus,2,Ketu,Leo,"18°00'24.72""",Purva Phalguni,Venus,2,120,119.6218,0.3782
2025-12-31 05:00:00,Aspect,Sextitle,Moon,Aries,"26°22'27.81""",Bharani,Venus,4,Jupiter,Gemini,"27°16'36.62""",Punarvasu,Jupiter,3,60,60.9024,0.9024
2025-12-31 05:00:00,Aspect,Square,Mercury,Sagittarius,"2°46'51.03""",Mula,Ketu,1,Saturn,Pisces,"1°52'59.79""",Purva Bhadrapada,Jupiter,4,90,89.1024,0.8976
2025-12-31 05:00:00,Aspect,Sextitle,Mars,Sagittarius,"17°38'11.79""",Purva Ashadha,Venus,2,Rahu,Aquarius,"18°00'22.73""",Shatabhisha,Rahu,4,60,60.3697,0.3697
2025-12-31 05:00:00,Aspect,Trine,Mars,Sagittarius,"17°38'11.79""",Purva Ashadha,Venus,2,Ketu,Leo,"18°00'22.73""",Purva Phalguni,Venus,2,120,119.6303,0.3697
2025-12-31 05:15:00,Aspect,Sextitle,Moon,Aries,"26°31'40.89""",Bharani,Venus,4,Jupiter,Gemini,"27°16'31.76""",Punarvasu,Jupiter,3,60,60.7475,0.7475
2025-12-31 05:15:00,Aspect,Square,Mercury,Sagittarius,"2°47'47.99""",Mula,Ketu,1,Saturn,Pisces,"1°53'01.91""",Purva Bhadrapada,Jupiter,4,90,89.0872,0.9128
2025-12-31 05:15:00,Aspect,Sextitle,Mars,Sagittarius,"17°38'40.50""",Purva Ashadha,Venus,2,Rahu,Aquarius,"18°00'20.75""",Shatabhisha,Rahu,4,60,60.3612,0.3612
2025-12-31 05:15:00,Aspect,Trine,Mars,Sagittarius,"17°38'40.50""",Purva Ashadha,Venus,2,Ketu,Leo,"18°00'20.75""",Purva Phalguni,Venus,2,120,119.6388,0.3612
2025-12-31 05:30:00,Aspect,Sextitle,Moon,Aries,"26°40'54.08""",Krittika,Sun,1,Jupiter,Gemini,"27°16'26.89""",Punarvasu,Jupiter,3,60,60.5924,0.5924
2025-12-31 05:30:00,Aspect,Square,Mercury,Sagittarius,"2°48'44.95""",Mula,Ketu,1,Saturn,Pisces,"1°53'04.03""",Purva Bhadrapada,Jupiter,4,90,89.072,0.928
2025-12-31 05:30:00,Aspect,Sextitle,Mars,Sagittarius,"17°39'09.21""",Purva Ashadha,Venus,2,Rahu,Aquarius,"18°00'18.76""",Shatabhisha,Rahu,4,60,60.3527,0.3527
2025-12-31 05:30:00,Aspect,Trine,Mars,Sagittarius,"17°39'09.21""",Purva Ashadha,Venus,2,Ketu,Leo,"18°00'18.76""",Purva Phalguni,Venus,2,120,119.6473,0.3527
2025-12-31 05:45:00,Aspect,Sextitle,Moon,Aries,"26°50'07.39""",Krittika,Sun,1,Jupiter,Gemini,"27°16'22.03""",Punarvasu,Jupiter,3,60,60.4374,0.4374
2025-12-31 05:45:00,Aspect,Square,Mercury,Sagittarius,"2°49'41.92""",Mula,Ketu,1,Saturn,Pisces,"1°53'06.15""",Purva Bhadrapada,Jupiter,4,90,89.0567,0.9433
2025-12-31 05:45:00,Aspect,Sextitle,Mars,Sagittarius,"17°39'37.91""",Purva Ashadha,Venus,2,Rahu,Aquarius,"18°00'16.77""",Shatabhisha,Rahu,4,60,60.3441,0.3441
2025-12-31 05:45:00,Aspect,Trine,Mars,Sagittarius,"17°39'37.91""",Purva Ashadha,Venus,2,Ketu,Leo,"18°00'16.77""",Purva Phalguni,Venus,2,120,119.6559,0.3441
2025-12-31 06:00:00,Aspect,Sextitle,Moon,Aries,"26°59'20.80""",Krittika,Sun,1,Jupiter,Gemini,"27°16'17.17""",Punarvasu,Jupiter,3,60,60.2823,0.2823
2025-12-31 06:00:00,Aspect,Square,Mercury,Sagittarius,"2°50'38.88""",Mula,Ketu,1,Saturn,Pisces,"1°53'08.27""",Purva Bhadrapada,Jupiter,4,90,89.0415,0.9585
2025-12-31 06:00:00,Aspect,Sextitle,Mars,Sagittarius,"17°40'06.62""",Purva Ashadha,Venus,2,Rahu,Aquarius,"18°00'14.78""",Shatabhisha,Rahu,4,60,60.3356,0.3356
2025-12-31 06:00:00,Aspect,Trine,Mars,Sagittarius,"17°40'06.62""",Purva Ashadha,Venus,2,Ketu,Leo,"18°00'14.78""",Purva Phalguni,Venus,2,120,119.6644,0.3356
2025-12-31 06:15:00,Aspect,Sextitle,Moon,Aries,"27°08'34.33""",Krittika,Sun,1,Jupiter,Gemini,"27°16'12.31""",Punarvasu,Jupiter,3,60,60.1272,0.1272
2025-12-31 06:15:00,Aspect,Square,Mercury,Sagittarius,"2°51'35.85""",Mula,Ketu,1,Saturn,Pisces,"1°53'10.40""",Purva Bhadrapada,Jupiter,4,90,89.0263,0.9737
2025-12-31 06:15:00,Aspect,Sextitle,Mars,Sagittarius,"17°40'35.33""",Purva Ashadha,Venus,2,Rahu,Aquarius,"18°00'12.80""",Shatabhisha,Rahu,4,60,60.3271,0.3271
2025-12-31 06:15:00,Aspect,Trine,Mars,Sagittarius,"17°40'35.33""",Purva Ashadha,Venus,2,Ketu,Leo,"18°00'12.80""",Purva Phalguni,Venus,2,120,119.6729,0.3271
2025-12-31 06:30:00,Aspect,Sextitle,Moon,Aries,"27°17'47.96""",Krittika,Sun,1,Jupiter,Gemini,"27°16'07.45""",Punarvasu,Jupiter,3,60,59.9721,0.0279
2025-12-31 06:30:00,Aspect,Square,Mercury,Sagittarius,"2°52'32.82""",Mula,Ketu,1,Saturn,Pisces,"1°53'12.52""",Purva Bhadrapada,Jupiter,4,90,89.011,0.989
2025-12-31 06:30:00,Aspect,Sextitle,Mars,Sagittarius,"17°41'04.04""",Purva Ashadha,Venus,2,Rahu,Aquarius,"18°00'10.81""",Shatabhisha,Rahu,4,60,60.3185,0.3185
2025-12-31 06:30:00,Aspect,Trine,Mars,Sagittarius,"17°41'04.04""",Purva Ashadha,Venus,2,Ketu,Leo,"18°00'10.81""",Purva Phalguni,Venus,2,120,119.6815,0.3185
2025-12-31 06:45:00,Aspect,Sextitle,Moon,Aries,"27°27'01.70""",Krittika,Sun,1,Jupiter,Gemini,"27°16'02.59""",Punarvasu,Jupiter,3,60,59.8169,0.1831
2025-12-31 06:45:00,Aspect,Sextitle,Mars,Sagittarius,"17°41'32.75""",Purva Ashadha,Venus,2,Rahu,Aquarius,"18°00'08.82""",Shatabhisha,Rahu,4,60,60.31,0.31
2025-12-31 06:45:00,Aspect,Trine,Mars,Sagittarius,"17°41'32.75""",Purva Ashadha,Venus,2,Ketu,Leo,"18°00'08.82""",Purva Phalguni,Venus,2,120,119.69,0.31
2025-12-31 07:00:00,Aspect,Sextitle,Moon,Aries,"27°36'15.55""",Krittika,Sun,1,Jupiter,Gemini,"27°15'57.72""",Punarvasu,Jupiter,3,60,59.6617,0.3383
2025-12-31 07:00:00,Aspect,Sextitle,Mars,Sagittarius,"17°42'01.46""",Purva Ashadha,Venus,2,Rahu,Aquarius,"18°00'06.84""",Shatabhisha,Rahu,4,60,60.3015,0.3015
2025-12-31 07:00:00,Aspect,Trine,Mars,Sagittarius,"17°42'01.46""",Purva Ashadha,Venus,2,Ketu,Leo,"18°00'06.84""",Purva Phalguni,Venus,2,120,119.6985,0.3015
2025-12-31 07:15:00,Aspect,Sextitle,Moon,Aries,"27°45'29.50""",Krittika,Sun,1,Jupiter,Gemini,"27°15'52.86""",Punarvasu,Jupiter,3,60,59.5065,0.4935
2025-12-31 07:15:00,Aspect,Sextitle,Mars,Sagittarius,"17°42'30.17""",Purva Ashadha,Venus,2,Rahu,Aquarius,"18°00'04.85""",Shatabhisha,Rahu,4,60,60.293,0.293
2025-12-31 07:15:00,Aspect,Trine,Mars,Sagittarius,"17°42'30.17""",Purva Ashadha,Venus,2,Ketu,Leo,"18°00'04.85""",Purva Phalguni,Venus,2,120,119.707,0.293
2025-12-31 07:30:00,Aspect,Sextitle,Moon,Aries,"27°54'43.57""",Krittika,Sun,1,Jupiter,Gemini,"27°15'48.00""",Punarvasu,Jupiter,3,60,59.3512,0.6488
2025-12-31 07:30:00,Aspect,Sextitle,Mars,Sagittarius,"17°42'58.89""",Purva Ashadha,Venus,2,Rahu,Aquarius,"18°00'02.86""",Shatabhisha,Rahu,4,60,60.2844,0.2844
2025-12-31 07:30:00,Aspect,Trine,Mars,Sagittarius,"17°42'58.89""",Purva Ashadha,Venus,2,Ketu,Leo,"18°00'02.86""",Purva Phalguni,Venus,2,120,119.7156,0.2844
2025-12-31 07:45:00,Aspect,Sextitle,Moon,Aries,"28°03'57.74""",Krittika,Sun,1,Jupiter,Gemini,"27°15'43.13""",Punarvasu,Jupiter,3,60,59.1959,0.8041
2025-12-31 07:45:00,Aspect,Sextitle,Mars,Sagittarius,"17°43'27.60""",Purva Ashadha,Venus,2,Rahu,Aquarius,"18°00'00.87""",Shatabhisha,Rahu,4,60,60.2759,0.2759
2025-12-31 07:45:00,Aspect,Trine,Mars,Sagittarius,"17°43'27.60""",Purva Ashadha,Venus,2,Ketu,Leo,"18°00'00.87""",Purva Phalguni,Venus,2,120,119.7241,0.2759
2025-12-31 08:00:00,Aspect,Sextitle,Moon,Aries,"28°13'12.01""",Krittika,Sun,1,Jupiter,Gemini,"27°15'38.27""",Punarvasu,Jupiter,3,60,59.0406,0.9594
2025-12-31 08:00:00,Aspect,Sextitle,Mars,Sagittarius,"17°43'56.31""",Purva Ashadha,Venus,2,Rahu,Aquarius,"17°59'58.89""",Shatabhisha,Rahu,4,60,60.2674,0.2674
2025-12-31 08:00:00,Aspect,Trine,Mars,Sagittarius,"17°43'56.31""",Purva Ashadha,Venus,2,Ketu,Leo,"17°59'58.89""",Purva Phalguni,Venus,2,120,119.7326,0.2674
2025-12-31 08:15:00,Aspect,Sextitle,Mars,Sagittarius,"17°44'25.02""",Purva Ashadha,Venus,2,Rahu,Aquarius,"17°59'56.90""",Shatabhisha,Rahu,4,60,60.2589,0.2589
2025-12-31 08:15:00,Aspect,Trine,Mars,Sagittarius,"17°44'25.02""",Purva Ashadha,Venus,2,Ketu,Leo,"17°59'56.90""",Purva Phalguni,Venus,2,120,119.7411,0.2589
2025-12-31 08:30:00,Aspect,Sextitle,Mars,Sagittarius,"17°44'53.73""",Purva Ashadha,Venus,2,Rahu,Aquarius,"17°59'54.91""",Shatabhisha,Rahu,4,60,60.2503,0.2503
2025-12-31 08:30:00,Aspect,Trine,Mars,Sagittarius,"17°44'53.73""",Purva Ashadha,Venus,2,Ketu,Leo,"17°59'54.91""",Purva Phalguni,Venus,2,120,119.7497,0.2503
2025-12-31 08:45:00,Aspect,Sextitle,Mars,Sagittarius,"17°45'22.44""",Purva Ashadha,Venus,2,Rahu,Aquarius,"17°59'52.93""",Shatabhisha,Rahu,4,60,60.2418,0.2418
2025-12-31 08:45:00,Aspect,Trine,Mars,Sagittarius,"17°45'22.44""",Purva Ashadha,Venus,2,Ketu,Leo,"17°59'52.93""",Purva Phalguni,Venus,2,120,119.7582,0.2418
2025-12-31 09:00:00,Aspect,Sextitle,Mars,Sagittarius,"17°45'51.16""",Purva Ashadha,Venus,2,Rahu,Aquarius,"17°59'50.94""",Shatabhisha,Rahu,4,60,60.2333,0.2333
2025-12-31 09:00:00,Aspect,Trine,Mars,Sagittarius,"17°45'51.16""",Purva Ashadha,Venus,2,Ketu,Leo,"17°59'50.94""",Purva Phalguni,Venus,2,120,119.7667,0.2333
2025-12-31 09:15:00,Aspect,Sextitle,Mars,Sagittarius,"17°46'19.87""",Purva Ashadha,Venus,2,Rahu,Aquarius,"17°59'48.95""",Shatabhisha,Rahu,4,60,60.2247,0.2247
2025-12-31 09:15:00,Aspect,Trine,Mars,Sagittarius,"17°46'19.87""",Purva Ashadha,Venus,2,Ketu,Leo,"17°59'48.95""",Purva Phalguni,Venus,2,120,119.7753,0.2247
2025-12-31 09:30:00,Aspect,Sextitle,Mars,Sagittarius,"17°46'48.58""",Purva Ashadha,Venus,2,Rahu,Aquarius,"17°59'46.96""",Shatabhisha,Rahu,4,60,60.2162,0.2162
2025-12-31 09:30:00,Aspect,Trine,Mars,Sagittarius,"17°46'48.58""",Purva Ashadha,Venus,2,Ketu,Leo,"17°59'46.96""",Purva Phalguni,Venus,2,120,119.7838,0.2162
2025-12-31 09:45:00,Aspect,Sextitle,Mars,Sagittarius,"17°47'17.29""",Purva Ashadha,Venus,2,Rahu,Aquarius,"17°59'44.98""",Shatabhisha,Rahu,4,60,60.2077,0.2077
2025-12-31 09:45:00,Aspect,Trine,Mars,Sagittarius,"17°47'17.29""",Purva Ashadha,Venus,2,Ketu,Leo,"17°59'44.98""",Purva Phalguni,Venus,2,120,119.7923,0.2077
2025-12-31 10:00:00,Aspect,Sextitle,Mars,Sagittarius,"17°47'46.01""",Purva Ashadha,Venus,2,Rahu,Aquarius,"17°59'42.99""",Shatabhisha,Rahu,4,60,60.1992,0.1992
2025-12-31 10:00:00,Aspect,Trine,Mars,Sagittarius,"17°47'46.01""",Purva Ashadha,Venus,2,Ketu,Leo,"17°59'42.99""",Purva Phalguni,Venus,2,120,119.8008,0.1992
2025-12-31 10:15:00,Aspect,Sextitle,Mars,Sagittarius,"17°48'14.72""",Purva Ashadha,Venus,2,Rahu,Aquarius,"17°59'41.00""",Shatabhisha,Rahu,4,60,60.1906,0.1906
2025-12-31 10:15:00,Aspect,Trine,Mars,Sagittarius,"17°48'14.72""",Purva Ashadha,Venus,2,Ketu,Leo,"17°59'41.00""",Purva Phalguni,Venus,2,120,119.8094,0.1906
2025-12-31 10:30:00,Aspect,Sextitle,Mars,Sagittarius,"17°48'43.44""",Purva Ashadha,Venus,2,Rahu,Aquarius,"17°59'39.01""",Shatabhisha,Rahu,4,60,60.1821,0.1821
2025-12-31 10:30:00,Aspect,Trine,Mars,Sagittarius,"17°48'43.44""",Purva Ashadha,Venus,2,Ketu,Leo,"17°59'39.01""",Purva Phalguni,Venus,2,120,119.8179,0.1821
2025-12-31 10:45:00,Aspect,Sextitle,Mars,Sagittarius,"17°49'12.15""",Purva Ashadha,Venus,2,Rahu,Aquarius,"17°59'37.03""",Shatabhisha,Rahu,4,60,60.1736,0.1736
2025-12-31 10:45:00,Aspect,Trine,Mars,Sagittarius,"17°49'12.15""",Purva Ashadha,Venus,2,Ketu,Leo,"17°59'37.03""",Purva Phalguni,Venus,2,120,119.8264,0.1736
2025-12-31 11:00:00,Aspect,Sextitle,Mars,Sagittarius,"17°49'40.86""",Purva Ashadha,Venus,2,Rahu,Aquarius,"17°59'35.04""",Shatabhisha,Rahu,4,60,60.165,0.165
2025-12-31 11:00:00,Aspect,Trine,Mars,Sagittarius,"17°49'40.86""",Purva Ashadha,Venus,2,Ketu,Leo,"17°59'35.04""",Purva Phalguni,Venus,2,120,119.835,0.165
2025-12-31 11:15:00,Aspect,Sextitle,Mars,Sagittarius,"17°50'09.58""",Purva Ashadha,Venus,2,Rahu,Aquarius,"17°59'33.05""",Shatabhisha,Rahu,4,60,60.1565,0.1565
2025-12-31 11:15:00,Aspect,Trine,Mars,Sagittarius,"17°50'09.58""",Purva Ashadha,Venus,2,Ketu,Leo,"17°59'33.05""",Purva Phalguni,Venus,2,120,119.8435,0.1565
2025-12-31 11:30:00,Aspect,Sextitle,Mars,Sagittarius,"17°50'38.29""",Purva Ashadha,Venus,2,Rahu,Aquarius,"17°59'31.07""",Shatabhisha,Rahu,4,60,60.148,0.148
2025-12-31 11:30:00,Aspect,Trine,Mars,Sagittarius,"17°50'38.29""",Purva Ashadha,Venus,2,Ketu,Leo,"17°59'31.07""",Purva Phalguni,Venus,2,120,119.852,0.148
2025-12-31 11:45:00,Aspect,Sextitle,Mars,Sagittarius,"17°51'07.01""",Purva Ashadha,Venus,2,Rahu,Aquarius,"17°59'29.08""",Shatabhisha,Rahu,4,60,60.1395,0.1395
2025-12-31 11:45:00,Aspect,Trine,Mars,Sagittarius,"17°51'07.01""",Purva Ashadha,Venus,2,Ketu,Leo,"17°59'29.08""",Purva Phalguni,Venus,2,120,119.8605,0.1395
2025-12-31 12:00:00,Aspect,Sextitle,Mars,Sagittarius,"17°51'35.72""",Purva Ashadha,Venus,2,Rahu,Aquarius,"17°59'27.09""",Shatabhisha,Rahu,4,60,60.1309,0.1309
2025-12-31 12:00:00,Aspect,Trine,Mars,Sagittarius,"17°51'35.72""",Purva Ashadha,Venus,2,Ketu,Leo,"17°59'27.09""",Purva Phalguni,Venus,2,120,119.8691,0.1309
2025-12-31 12:15:00,Aspect,Sextitle,Mars,Sagittarius,"17°52'04.44""",Purva Ashadha,Venus,2,Rahu,Aquarius,"17°59'25.10""",Shatabhisha,Rahu,4,60,60.1224,0.1224
2025-12-31 12:15:00,Aspect,Trine,Mars,Sagittarius,"17°52'04.44""",Purva Ashadha,Venus,2,Ketu,Leo,"17°59'25.10""",Purva Phalguni,Venus,2,120,119.8776,0.1224
2025-12-31 12:30:00,Aspect,Sextitle,Moon,Taurus,"0°59'46.71""",Krittika,Sun,2,Saturn,Pisces,"1°54'03.68""",Purva Bhadrapada,Jupiter,4,60,59.0953,0.9047
2025-12-31 12:30:00,Aspect,Sextitle,Mars,Sagittarius,"17°52'33.16""",Purva Ashadha,Venus,2,Rahu,Aquarius,"17°59'23.12""",Shatabhisha,Rahu,4,60,60.1139,0.1139
2025-12-31 12:30:00,Aspect,Trine,Mars,Sagittarius,"17°52'33.16""",Purva Ashadha,Venus,2,Ketu,Leo,"17°59'23.12""",Purva Phalguni,Venus,2,120,119.8861,0.1139
2025-12-31 12:45:00,Aspect,Sextitle,Moon,Taurus,"1°09'02.92""",Krittika,Sun,2,Saturn,Pisces,"1°54'05.82""",Purva Bhadrapada,Jupiter,4,60,59.2492,0.7508
2025-12-31 12:45:00,Aspect,Sextitle,Mars,Sagittarius,"17°53'01.87""",Purva Ashadha,Venus,2,Rahu,Aquarius,"17°59'21.13""",Shatabhisha,Rahu,4,60,60.1053,0.1053
2025-12-31 12:45:00,Aspect,Trine,Mars,Sagittarius,"17°53'01.87""",Purva Ashadha,Venus,2,Ketu,Leo,"17°59'21.13""",Purva Phalguni,Venus,2,120,119.8947,0.1053
2025-12-31 13:00:00,Aspect,Sextitle,Moon,Taurus,"1°18'19.24""",Krittika,Sun,2,Saturn,Pisces,"1°54'07.96""",Purva Bhadrapada,Jupiter,4,60,59.4031,0.5969
2025-12-31 13:00:00,Aspect,Sextitle,Mars,Sagittarius,"17°53'30.59""",Purva Ashadha,Venus,2,Rahu,Aquarius,"17°59'19.14""",Shatabhisha,Rahu,4,60,60.0968,0.0968
2025-12-31 13:00:00,Aspect,Trine,Mars,Sagittarius,"17°53'30.59""",Purva Ashadha,Venus,2,Ketu,Leo,"17°59'19.14""",Purva Phalguni,Venus,2,120,119.9032,0.0968
2025-12-31 13:15:00,Aspect,Sextitle,Moon,Taurus,"1°27'35.65""",Krittika,Sun,2,Saturn,Pisces,"1°54'10.10""",Purva Bhadrapada,Jupiter,4,60,59.5571,0.4429
2025-12-31 13:15:00,Aspect,Sextitle,Mars,Sagittarius,"17°53'59.31""",Purva Ashadha,Venus,2,Rahu,Aquarius,"17°59'17.16""",Shatabhisha,Rahu,4,60,60.0883,0.0883
2025-12-31 13:15:00,Aspect,Trine,Mars,Sagittarius,"17°53'59.31""",Purva Ashadha,Venus,2,Ketu,Leo,"17°59'17.16""",Purva Phalguni,Venus,2,120,119.9117,0.0883
2025-12-31 13:30:00,Aspect,Sextitle,Moon,Taurus,"1°36'52.16""",Krittika,Sun,2,Saturn,Pisces,"1°54'12.25""",Purva Bhadrapada,Jupiter,4,60,59.7111,0.2889
2025-12-31 13:30:00,Aspect,Sextitle,Mars,Sagittarius,"17°54'28.02""",Purva Ashadha,Venus,2,Rahu,Aquarius,"17°59'15.17""",Shatabhisha,Rahu,4,60,60.0798,0.0798
2025-12-31 13:30:00,Aspect,Trine,Mars,Sagittarius,"17°54'28.02""",Purva Ashadha,Venus,2,Ketu,Leo,"17°59'15.17""",Purva Phalguni,Venus,2,120,119.9202,0.0798
2025-12-31 13:45:00,Aspect,Sextitle,Moon,Taurus,"1°46'08.76""",Krittika,Sun,2,Saturn,Pisces,"1°54'14.39""",Purva Bhadrapada,Jupiter,4,60,59.8651,0.1349
2025-12-31 13:45:00,Aspect,Sextitle,Mars,Sagittarius,"17°54'56.74""",Purva Ashadha,Venus,2,Rahu,Aquarius,"17°59'13.18""",Shatabhisha,Rahu,4,60,60.0712,0.0712
2025-12-31 13:45:00,Aspect,Trine,Mars,Sagittarius,"17°54'56.74""",Purva Ashadha,Venus,2,Ketu,Leo,"17°59'13.18""",Purva Phalguni,Venus,2,120,119.9288,0.0712
2025-12-31 14:00:00,Aspect,Sextitle,Moon,Taurus,"1°55'25.46""",Krittika,Sun,2,Saturn,Pisces,"1°54'16.53""",Purva Bhadrapada,Jupiter,4,60,60.0191,0.0191
2025-12-31 14:00:00,Aspect,Sextitle,Mars,Sagittarius,"17°55'25.46""",Purva Ashadha,Venus,2,Rahu,Aquarius,"17°59'11.19""",Shatabhisha,Rahu,4,60,60.0627,0.0627
2025-12-31 14:00:00,Aspect,Trine,Mars,Sagittarius,"17°55'25.46""",Purva Ashadha,Venus,2,Ketu,Leo,"17°59'11.19""",Purva Phalguni,Venus,2,120,119.9373,0.0627
2025-12-31 14:15:00,Aspect,Sextitle,Moon,Taurus,"2°04'42.26""",Krittika,Sun,2,Saturn,Pisces,"1°54'18.67""",Purva Bhadrapada,Jupiter,4,60,60.1732,0.1732
2025-12-31 14:15:00,Aspect,Sextitle,Mars,Sagittarius,"17°55'54.18""",Purva Ashadha,Venus,2,Rahu,Aquarius,"17°59'09.21""",Shatabhisha,Rahu,4,60,60.0542,0.0542
2025-12-31 14:15:00,Aspect,Trine,Mars,Sagittarius,"17°55'54.18""",Purva Ashadha,Venus,2,Ketu,Leo,"17°59'09.21""",Purva Phalguni,Venus,2,120,119.9458,0.0542
2025-12-31 14:30:00,Aspect,Sextitle,Moon,Taurus,"2°13'59.15""",Krittika,Sun,2,Saturn,Pisces,"1°54'20.82""",Purva Bhadrapada,Jupiter,4,60,60.3273,0.3273
2025-12-31 14:30:00,Aspect,Sextitle,Mars,Sagittarius,"17°56'22.89""",Purva Ashadha,Venus,2,Rahu,Aquarius,"17°59'07.22""",Shatabhisha,Rahu,4,60,60.0456,0.0456
2025-12-31 14:30:00,Aspect,Trine,Mars,Sagittarius,"17°56'22.89""",Purva Ashadha,Venus,2,Ketu,Leo,"17°59'07.22""",Purva Phalguni,Venus,2,120,119.9544,0.0456
2025-12-31 14:45:00,Aspect,Sextitle,Moon,Taurus,"2°23'16.13""",Krittika,Sun,2,Saturn,Pisces,"1°54'22.96""",Purva Bhadrapada,Jupiter,4,60,60.4814,0.4814
2025-12-31 14:45:00,Aspect,Sextitle,Mars,Sagittarius,"17°56'51.61""",Purva Ashadha,Venus,2,Rahu,Aquarius,"17°59'05.23""",Shatabhisha,Rahu,4,60,60.0371,0.0371
2025-12-31 14:45:00,Aspect,Trine,Mars,Sagittarius,"17°56'51.61""",Purva Ashadha,Venus,2,Ketu,Leo,"17°59'05.23""",Purva Phalguni,Venus,2,120,119.9629,0.0371
2025-12-31 15:00:00,Aspect,Sextitle,Moon,Taurus,"2°32'33.21""",Krittika,Sun,2,Saturn,Pisces,"1°54'25.10""",Purva Bhadrapada,Jupiter,4,60,60.6356,0.6356
2025-12-31 15:00:00,Aspect,Sextitle,Mars,Sagittarius,"17°57'20.33""",Purva Ashadha,Venus,2,Rahu,Aquarius,"17°59'03.25""",Shatabhisha,Rahu,4,60,60.0286,0.0286
2025-12-31 15:00:00,Aspect,Trine,Mars,Sagittarius,"17°57'20.33""",Purva Ashadha,Venus,2,Ketu,Leo,"17°59'03.25""",Purva Phalguni,Venus,2,120,119.9714,0.0286
2025-12-31 15:15:00,Aspect,Sextitle,Moon,Taurus,"2°41'50.38""",Krittika,Sun,2,Saturn,Pisces,"1°54'27.25""",Purva Bhadrapada,Jupiter,4,60,60.7898,0.7898
2025-12-31 15:15:00,Aspect,Sextitle,Mars,Sagittarius,"17°57'49.05""",Purva Ashadha,Venus,2,Rahu,Aquarius,"17°59'01.26""",Shatabhisha,Rahu,4,60,60.0201,0.0201
2025-12-31 15:15:00,Aspect,Trine,Mars,Sagittarius,"17°57'49.05""",Purva Ashadha,Venus,2,Ketu,Leo,"17°59'01.26""",Purva Phalguni,Venus,2,120,119.9799,0.0201
2025-12-31 15:30:00,Aspect,Sextitle,Moon,Taurus,"2°51'07.65""",Krittika,Sun,2,Saturn,Pisces,"1°54'29.40""",Purva Bhadrapada,Jupiter,4,60,60.944,0.944
2025-12-31 15:30:00,Aspect,Sextitle,Mars,Sagittarius,"17°58'17.77""",Purva Ashadha,Venus,2,Rahu,Aquarius,"17°58'59.27""",Shatabhisha,Rahu,4,60,60.0115,0.0115
2025-12-31 15:30:00,Aspect,Trine,Mars,Sagittarius,"17°58'17.77""",Purva Ashadha,Venus,2,Ketu,Leo,"17°58'59.27""",Purva Phalguni,Venus,2,120,119.9885,0.0115
2025-12-31 15:45:00,Aspect,Sextitle,Mars,Sagittarius,"17°58'46.49""",Purva Ashadha,Venus,2,Rahu,Aquarius,"17°58'57.28""",Shatabhisha,Rahu,4,60,60.003,0.003
2025-12-31 15:45:00,Aspect,Trine,Mars,Sagittarius,"17°58'46.49""",Purva Ashadha,Venus,2,Ketu,Leo,"17°58'57.28""",Purva Phalguni,Venus,2,120,119.997,0.003
2025-12-31 16:00:00,Aspect,Sextitle,Mars,Sagittarius,"17°59'15.21""",Purva Ashadha,Venus,2,Rahu,Aquarius,"17°58'55.30""",Shatabhisha,Rahu,4,60,59.9945,0.0055
2025-12-31 16:00:00,Aspect,Trine,Mars,Sagittarius,"17°59'15.21""",Purva Ashadha,Venus,2,Ketu,Leo,"17°58'55.30""",Purva Phalguni,Venus,2,120,120.0055,0.0055
2025-12-31 16:15:00,Aspect,Sextitle,Mars,Sagittarius,"17°59'43.93""",Purva Ashadha,Venus,2,Rahu,Aquarius,"17°58'53.31""",Shatabhisha,Rahu,4,60,59.9859,0.0141
2025-12-31 16:15:00,Aspect,Trine,Mars,Sagittarius,"17°59'43.93""",Purva Ashadha,Venus,2,Ketu,Leo,"17°58'53.31""",Purva Phalguni,Venus,2,120,120.0141,0.0141
2025-12-31 16:30:00,Aspect,Sextitle,Mars,Sagittarius,"18°00'12.65""",Purva Ashadha,Venus,2,Rahu,Aquarius,"17°58'51.32""",Shatabhisha,Rahu,4,60,59.9774,0.0226
2025-12-31 16:30:00,Aspect,Trine,Mars,Sagittarius,"18°00'12.65""",Purva Ashadha,Venus,2,Ketu,Leo,"17°58'51.32""",Purva Phalguni,Venus,2,120,120.0226,0.0226
2025-12-31 16:45:00,Aspect,Sextitle,Mars,Sagittarius,"18°00'41.37""",Purva Ashadha,Venus,2,Rahu,Aquarius,"17°58'49.33""",Shatabhisha,Rahu,4,60,59.9689,0.0311
2025-12-31 16:45:00,Aspect,Trine,Mars,Sagittarius,"18°00'41.37""",Purva Ashadha,Venus,2,Ketu,Leo,"17°58'49.33""",Purva Phalguni,Venus,2,120,120.0311,0.0311
2025-12-31 17:00:00,Aspect,Sextitle,Mars,Sagittarius,"18°01'10.09""",Purva Ashadha,Venus,2,Rahu,Aquarius,"17°58'47.35""",Shatabhisha,Rahu,4,60,59.9603,0.0397
2025-12-31 17:00:00,Aspect,Trine,Mars,Sagittarius,"18°01'10.09""",Purva Ashadha,Venus,2,Ketu,Leo,"17°58'47.35""",Purva Phalguni,Venus,2,120,120.0397,0.0397
2025-12-31 17:15:00,Aspect,Sextitle,Mars,Sagittarius,"18°01'38.81""",Purva Ashadha,Venus,2,Rahu,Aquarius,"17°58'45.36""",Shatabhisha,Rahu,4,60,59.9518,0.0482
2025-12-31 17:15:00,Aspect,Trine,Mars,Sagittarius,"18°01'38.81""",Purva Ashadha,Venus,2,Ketu,Leo,"17°58'45.36""",Purva Phalguni,Venus,2,120,120.0482,0.0482
2025-12-31 17:30:00,Aspect,Sextitle,Mars,Sagittarius,"18°02'07.53""",Purva Ashadha,Venus,2,Rahu,Aquarius,"17°58'43.37""",Shatabhisha,Rahu,4,60,59.9433,0.0567
2025-12-31 17:30:00,Aspect,Trine,Mars,Sagittarius,"18°02'07.53""",Purva Ashadha,Venus,2,Ketu,Leo,"17°58'43.37""",Purva Phalguni,Venus,2,120,120.0567,0.0567
2025-12-31 17:45:00,Aspect,Sextitle,Mars,Sagittarius,"18°02'36.25""",Purva Ashadha,Venus,2,Rahu,Aquarius,"17°58'41.39""",Shatabhisha,Rahu,4,60,59.9348,0.0652
2025-12-31 17:45:00,Aspect,Trine,Mars,Sagittarius,"18°02'36.25""",Purva Ashadha,Venus,2,Ketu,Leo,"17°58'41.39""",Purva Phalguni,Venus,2,120,120.0652,0.0652
2025-12-31 18:00:00,Aspect,Sextitle,Mars,Sagittarius,"18°03'04.97""",Purva Ashadha,Venus,2,Rahu,Aquarius,"17°58'39.40""",Shatabhisha,Rahu,4,60,59.9262,0.0738
2025-12-31 18:00:00,Aspect,Trine,Mars,Sagittarius,"18°03'04.97""",Purva Ashadha,Venus,2,Ketu,Leo,"17°58'39.40""",Purva Phalguni,Venus,2,120,120.0738,0.0738
2025-12-31 18:15:00,Aspect,Sextitle,Mars,Sagittarius,"18°03'33.70""",Purva Ashadha,Venus,2,Rahu,Aquarius,"17°58'37.41""",Shatabhisha,Rahu,4,60,59.9177,0.0823
2025-12-31 18:15:00,Aspect,Trine,Mars,Sagittarius,"18°03'33.70""",Purva Ashadha,Venus,2,Ketu,Leo,"17°58'37.41""",Purva Phalguni,Venus,2,120,120.0823,0.0823
2025-12-31 18:30:00,Aspect,Sextitle,Mars,Sagittarius,"18°04'02.42""",Purva Ashadha,Venus,2,Rahu,Aquarius,"17°58'35.42""",Shatabhisha,Rahu,4,60,59.9092,0.0908
2025-12-31 18:30:00,Aspect,Trine,Mars,Sagittarius,"18°04'02.42""",Purva Ashadha,Venus,2,Ketu,Leo,"17°58'35.42""",Purva Phalguni,Venus,2,120,120.0908,0.0908
2025-12-31 18:45:00,Aspect,Sextitle,Mars,Sagittarius,"18°04'31.14""",Purva Ashadha,Venus,2,Rahu,Aquarius,"17°58'33.44""",Shatabhisha,Rahu,4,60,59.9006,0.0994
2025-12-31 18:45:00,Aspect,Trine,Mars,Sagittarius,"18°04'31.14""",Purva Ashadha,Venus,2,Ketu,Leo,"17°58'33.44""",Purva Phalguni,Venus,2,120,120.0994,0.0994
2025-12-31 19:00:00,Aspect,Sextitle,Mars,Sagittarius,"18°04'59.86""",Purva Ashadha,Venus,2,Rahu,Aquarius,"17°58'31.45""",Shatabhisha,Rahu,4,60,59.8921,0.1079
2025-12-31 19:00:00,Aspect,Trine,Mars,Sagittarius,"18°04'59.86""",Purva Ashadha,Venus,2,Ketu,Leo,"17°58'31.45""",Purva Phalguni,Venus,2,120,120.1079,0.1079
2025-12-31 19:15:00,Aspect,Sextitle,Mars,Sagittarius,"18°05'28.59""",Purva Ashadha,Venus,2,Rahu,Aquarius,"17°58'29.46""",Shatabhisha,Rahu,4,60,59.8836,0.1164
2025-12-31 19:15:00,Aspect,Trine,Mars,Sagittarius,"18°05'28.59""",Purva Ashadha,Venus,2,Ketu,Leo,"17°58'29.46""",Purva Phalguni,Venus,2,120,120.1164,0.1164
2025-12-31 19:30:00,Aspect,Sextitle,Mars,Sagittarius,"18°05'57.31""",Purva Ashadha,Venus,2,Rahu,Aquarius,"17°58'27.48""",Shatabhisha,Rahu,4,60,59.875,0.125
2025-12-31 19:30:00,Aspect,Trine,Mars,Sagittarius,"18°05'57.31""",Purva Ashadha,Venus,2,Ketu,Leo,"17°58'27.48""",Purva Phalguni,Venus,2,120,120.125,0.125
2025-12-31 19:45:00,Aspect,Sextitle,Mars,Sagittarius,"18°06'26.03""",Purva Ashadha,Venus,2,Rahu,Aquarius,"17°58'25.49""",Shatabhisha,Rahu,4,60,59.8665,0.1335
2025-12-31 19:45:00,Aspect,Trine,Mars,Sagittarius,"18°06'26.03""",Purva Ashadha,Venus,2,Ketu,Leo,"17°58'25.49""",Purva Phalguni,Venus,2,120,120.1335,0.1335
2025-12-31 20:00:00,Aspect,Sextitle,Mars,Sagittarius,"18°06'54.76""",Purva Ashadha,Venus,2,Rahu,Aquarius,"17°58'23.50""",Shatabhisha,Rahu,4,60,59.858,0.142
2025-12-31 20:00:00,Aspect,Trine,Mars,Sagittarius,"18°06'54.76""",Purva Ashadha,Venus,2,Ketu,Leo,"17°58'23.50""",Purva Phalguni,Venus,2,120,120.142,0.142
2025-12-31 20:15:00,Aspect,Sextitle,Mars,Sagittarius,"18°07'23.48""",Purva Ashadha,Venus,2,Rahu,Aquarius,"17°58'21.51""",Shatabhisha,Rahu,4,60,59.8495,0.1505
2025-12-31 20:15:00,Aspect,Trine,Mars,Sagittarius,"18°07'23.48""",Purva Ashadha,Venus,2,Ketu,Leo,"17°58'21.51""",Purva Phalguni,Venus,2,120,120.1505,0.1505
2025-12-31 20:30:00,Aspect,Sextitle,Mars,Sagittarius,"18°07'52.21""",Purva Ashadha,Venus,2,Rahu,Aquarius,"17°58'19.53""",Shatabhisha,Rahu,4,60,59.8409,0.1591
2025-12-31 20:30:00,Aspect,Trine,Mars,Sagittarius,"18°07'52.21""",Purva Ashadha,Venus,2,Ketu,Leo,"17°58'19.53""",Purva Phalguni,Venus,2,120,120.1591,0.1591
2025-12-31 20:45:00,Aspect,Sextitle,Mars,Sagittarius,"18°08'20.93""",Purva Ashadha,Venus,2,Rahu,Aquarius,"17°58'17.54""",Shatabhisha,Rahu,4,60,59.8324,0.1676
2025-12-31 20:45:00,Aspect,Trine,Mars,Sagittarius,"18°08'20.93""",Purva Ashadha,Venus,2,Ketu,Leo,"17°58'17.54""",Purva Phalguni,Venus,2,120,120.1676,0.1676
2025-12-31 21:00:00,Aspect,Sextitle,Mars,Sagittarius,"18°08'49.65""",Purva Ashadha,Venus,2,Rahu,Aquarius,"17°58'15.55""",Shatabhisha,Rahu,4,60,59.8239,0.1761
2025-12-31 21:00:00,Aspect,Trine,Mars,Sagittarius,"18°08'49.65""",Purva Ashadha,Venus,2,Ketu,Leo,"17°58'15.55""",Purva Phalguni,Venus,2,120,120.1761,0.1761
2025-12-31 21:15:00,Aspect,Sextitle,Mars,Sagittarius,"18°09'18.38""",Purva Ashadha,Venus,2,Rahu,Aquarius,"17°58'13.57""",Shatabhisha,Rahu,4,60,59.8153,0.1847
2025-12-31 21:15:00,Aspect,Trine,Mars,Sagittarius,"18°09'18.38""",Purva Ashadha,Venus,2,Ketu,Leo,"17°58'13.57""",Purva Phalguni,Venus,2,120,120.1847,0.1847
2025-12-31 21:30:00,Aspect,Sextitle,Mars,Sagittarius,"18°09'47.10""",Purva Ashadha,Venus,2,Rahu,Aquarius,"17°58'11.58""",Shatabhisha,Rahu,4,60,59.8068,0.1932
2025-12-31 21:30:00,Aspect,Trine,Mars,Sagittarius,"18°09'47.10""",Purva Ashadha,Venus,2,Ketu,Leo,"17°58'11.58""",Purva Phalguni,Venus,2,120,120.1932,0.1932
2025-12-31 21:45:00,Aspect,Sextitle,Mars,Sagittarius,"18°10'15.83""",Purva Ashadha,Venus,2,Rahu,Aquarius,"17°58'09.59""",Shatabhisha,Rahu,4,60,59.7983,0.2017
2025-12-31 21:45:00,Aspect,Trine,Mars,Sagittarius,"18°10'15.83""",Purva Ashadha,Venus,2,Ketu,Leo,"17°58'09.59""",Purva Phalguni,Venus,2,120,120.2017,0.2017
2025-12-31 22:00:00,Aspect,Sextitle,Mars,Sagittarius,"18°10'44.56""",Purva Ashadha,Venus,2,Rahu,Aquarius,"17°58'07.60""",Shatabhisha,Rahu,4,60,59.7897,0.2103
2025-12-31 22:00:00,Aspect,Trine,Mars,Sagittarius,"18°10'44.56""",Purva Ashadha,Venus,2,Ketu,Leo,"17°58'07.60""",Purva Phalguni,Venus,2,120,120.2103,0.2103
2025-12-31 22:15:00,Aspect,Sextitle,Mars,Sagittarius,"18°11'13.28""",Purva Ashadha,Venus,2,Rahu,Aquarius,"17°58'05.62""",Shatabhisha,Rahu,4,60,59.7812,0.2188
2025-12-31 22:15:00,Aspect,Trine,Mars,Sagittarius,"18°11'13.28""",Purva Ashadha,Venus,2,Ketu,Leo,"17°58'05.62""",Purva Phalguni,Venus,2,120,120.2188,0.2188
2025-12-31 22:30:00,Aspect,Sextitle,Mars,Sagittarius,"18°11'42.01""",Purva Ashadha,Venus,2,Rahu,Aquarius,"17°58'03.63""",Shatabhisha,Rahu,4,60,59.7727,0.2273
2025-12-31 22:30:00,Aspect,Trine,Mars,Sagittarius,"18°11'42.01""",Purva Ashadha,Venus,2,Ketu,Leo,"17°58'03.63""",Purva Phalguni,Venus,2,120,120.2273,0.2273
2025-12-31 22:45:00,Aspect,Sextitle,Mars,Sagittarius,"18°12'10.74""",Purva Ashadha,Venus,2,Rahu,Aquarius,"17°58'01.64""",Shatabhisha,Rahu,4,60,59.7641,0.2359
2025-12-31 22:45:00,Aspect,Trine,Mars,Sagittarius,"18°12'10.74""",Purva Ashadha,Venus,2,Ketu,Leo,"17°58'01.64""",Purva Phalguni,Venus,2,120,120.2359,0.2359
2025-12-31 23:00:00,Aspect,Sextitle,Mars,Sagittarius,"18°12'39.46""",Purva Ashadha,Venus,2,Rahu,Aquarius,"17°57'59.66""",Shatabhisha,Rahu,4,60,59.7556,0.2444
2025-12-31 23:00:00,Aspect,Trine,Mars,Sagittarius,"18°12'39.46""",Purva Ashadha,Venus,2,Ketu,Leo,"17°57'59.66""",Purva Phalguni,Venus,2,120,120.2444,0.2444
2025-12-31 23:15:00,Aspect,Sextitle,Mars,Sagittarius,"18°13'08.19""",Purva Ashadha,Venus,2,Rahu,Aquarius,"17°57'57.67""",Shatabhisha,Rahu,4,60,59.7471,0.2529
2025-12-31 23:15:00,Aspect,Trine,Mars,Sagittarius,"18°13'08.19""",Purva Ashadha,Venus,2,Ketu,Leo,"17°57'57.67""",Purva Phalguni,Venus,2,120,120.2529,0.2529
2025-12-31 23:30:00,Aspect,Sextitle,Mars,Sagittarius,"18°13'36.92""",Purva Ashadha,Venus,2,Rahu,Aquarius,"17°57'55.68""",Shatabhisha,Rahu,4,60,59.7385,0.2615
2025-12-31 23:30:00,Aspect,Trine,Mars,Sagittarius,"18°13'36.92""",Purva Ashadha,Venus,2,Ketu,Leo,"17°57'55.68""",Purva Phalguni,Venus,2,120,120.2615,0.2615
2025-12-31 23:45:00,Aspect,Sextitle,Mars,Sagittarius,"18°14'05.64""",Purva Ashadha,Venus,2,Rahu,Aquarius,"17°57'53.69""",Shatabhisha,Rahu,4,60,59.73,0.27
2025-12-31 23:45:00,Aspect,Trine,Mars,Sagittarius,"18°14'05.64""",Purva Ashadha,Venus,2,Ketu,Leo,"17°57'53.69""",Purva Phalguni,Venus,2,120,120.27,0.27
