datetime,event,type,planet1,planet1_sign,planet1_degree,planet1_nakshatra,planet1_nakshatra_lord,planet1_pada,planet2,planet2_sign,planet2_degree,planet2_nakshatra,planet2_nakshatra_lord,planet2_pada,exact_angle,difference,orb
2025-12-05 18:30:00,Aspect,Trine,Mercury,Libra,"29°00'37.54""",Vishakha,Jupiter,3,Jupiter,Cancer,"0°00'04.95""",Punarvasu,Jupiter,4,120,119.0091,0.9909
2025-12-05 18:45:00,Aspect,Trine,Mercury,Libra,"29°01'07.59""",Vishakha,Jupiter,3,Jupiter,Cancer,"0°00'02.08""",Punarvasu,Jupiter,4,120,119.0182,0.9818
2025-12-05 19:00:00,Aspect,Trine,Mercury,Libra,"29°01'37.68""",Vishakha,Jupiter,3,Jupiter,Gemini,"29°59'59.21""",Punarvasu,Jupiter,3,120,119.0274,0.9726
2025-12-05 19:15:00,Aspect,Trine,Mercury,Libra,"29°02'07.81""",Vishakha,Jupiter,3,Jupiter,Gemini,"29°59'56.34""",Punarvasu,Jupiter,3,120,119.0365,0.9635
2025-12-05 19:30:00,Aspect,Trine,Mercury,Libra,"29°02'37.98""",Vishakha,Jupiter,3,Jupiter,Gemini,"29°59'53.46""",Punarvasu,Jupiter,3,120,119.0457,0.9543
2025-12-05 19:45:00,Aspect,Trine,Mercury,Libra,"29°03'08.19""",Vishakha,Jupiter,3,Jupiter,Gemini,"29°59'50.59""",Punarvasu,Jupiter,3,120,119.0549,0.9451
2025-12-05 20:00:00,Aspect,Trine,Mercury,Libra,"29°03'38.43""",Vishakha,Jupiter,3,Jupiter,Gemini,"29°59'47.72""",Punarvasu,Jupiter,3,120,119.0641,0.9359
2025-12-05 20:15:00,Aspect,Trine,Mercury,Libra,"29°04'08.71""",Vishakha,Jupiter,3,Jupiter,Gemini,"29°59'44.84""",Punarvasu,Jupiter,3,120,119.0733,0.9267
2025-12-05 20:30:00,Aspect,Trine,Mercury,Libra,"29°04'39.03""",Vishakha,Jupiter,3,Jupiter,Gemini,"29°59'41.96""",Punarvasu,Jupiter,3,120,119.0825,0.9175
2025-12-05 20:45:00,Aspect,Trine,Mercury,Libra,"29°05'09.40""",Vishakha,Jupiter,3,Jupiter,Gemini,"29°59'39.09""",Punarvasu,Jupiter,3,120,119.0918,0.9082
2025-12-05 21:00:00,Aspect,Trine,Mercury,Libra,"29°05'39.79""",Vishakha,Jupiter,3,Jupiter,Gemini,"29°59'36.21""",Punarvasu,Jupiter,3,120,119.101,0.899
2025-12-05 21:15:00,Aspect,Trine,Mercury,Libra,"29°06'10.23""",Vishakha,Jupiter,3,Jupiter,Gemini,"29°59'33.33""",Punarvasu,Jupiter,3,120,119.1103,0.8897
2025-12-05 21:30:00,Aspect,Trine,Mercury,Libra,"29°06'40.71""",Vishakha,Jupiter,3,Jupiter,Gemini,"29°59'30.44""",Punarvasu,Jupiter,3,120,119.1195,0.8805
2025-12-05 21:45:00,Aspect,Trine,Mercury,Libra,"29°07'11.22""",Vishakha,Jupiter,3,Jupiter,Gemini,"29°59'27.56""",Punarvasu,Jupiter,3,120,119.1288,0.8712
2025-12-05 22:00:00,Aspect,Trine,Mercury,Libra,"29°07'41.77""",Vishakha,Jupiter,3,Jupiter,Gemini,"29°59'24.68""",Punarvasu,Jupiter,3,120,119.1381,0.8619
2025-12-05 22:15:00,Aspect,Trine,Mercury,Libra,"29°08'12.36""",Vishakha,Jupiter,3,Jupiter,Gemini,"29°59'21.79""",Punarvasu,Jupiter,3,120,119.1474,0.8526
2025-12-05 22:30:00,Aspect,Trine,Mercury,Libra,"29°08'42.99""",Vishakha,Jupiter,3,Jupiter,Gemini,"29°59'18.91""",Punarvasu,Jupiter,3,120,119.1567,0.8433
2025-12-05 22:45:00,Aspect,Trine,Mercury,Libra,"29°09'13.65""",Vishakha,Jupiter,3,Jupiter,Gemini,"29°59'16.02""",Punarvasu,Jupiter,3,120,119.166,0.834
2025-12-05 23:00:00,Aspect,Trine,Mercury,Libra,"29°09'44.36""",Vishakha,Jupiter,3,Jupiter,Gemini,"29°59'13.13""",Punarvasu,Jupiter,3,120,119.1753,0.8247
2025-12-05 23:15:00,Aspect,Trine,Mercury,Libra,"29°10'15.10""",Vishakha,Jupiter,3,Jupiter,Gemini,"29°59'10.24""",Punarvasu,Jupiter,3,120,119.1847,0.8153
2025-12-05 23:30:00,Aspect,Trine,Mercury,Libra,"29°10'45.88""",Vishakha,Jupiter,3,Jupiter,Gemini,"29°59'07.35""",Punarvasu,Jupiter,3,120,119.194,0.806
2025-12-05 23:45:00,Aspect,Trine,Mercury,Libra,"29°11'16.70""",Vishakha,Jupiter,3,Jupiter,Gemini,"29°59'04.46""",Punarvasu,Jupiter,3,120,119.2034,0.7966
2025-12-06 00:00:00,Aspect,Trine,Mercury,Libra,"29°11'47.55""",Vishakha,Jupiter,3,Jupiter,Gemini,"29°59'01.57""",Punarvasu,Jupiter,3,120,119.2128,0.7872
2025-12-06 00:15:00,Aspect,Trine,Mercury,Libra,"29°12'18.45""",Vishakha,Jupiter,3,Jupiter,Gemini,"29°58'58.67""",Punarvasu,Jupiter,3,120,119.2222,0.7778
2025-12-06 00:30:00,Aspect,Trine,Mercury,Libra,"29°12'49.38""",Vishakha,Jupiter,3,Jupiter,Gemini,"29°58'55.78""",Punarvasu,Jupiter,3,120,119.2316,0.7684
2025-12-06 00:45:00,Aspect,Trine,Mercury,Libra,"29°13'20.35""",Vishakha,Jupiter,3,Jupiter,Gemini,"29°58'52.88""",Punarvasu,Jupiter,3,120,119.241,0.759
2025-12-06 01:00:00,Aspect,Trine,Mercury,Libra,"29°13'51.35""",Vishakha,Jupiter,3,Jupiter,Gemini,"29°58'49.99""",Punarvasu,Jupiter,3,120,119.2504,0.7496
2025-12-06 01:15:00,Aspect,Trine,Mercury,Libra,"29°14'22.40""",Vishakha,Jupiter,3,Jupiter,Gemini,"29°58'47.09""",Punarvasu,Jupiter,3,120,119.2598,0.7402
2025-12-06 01:30:00,Aspect,Trine,Mercury,Libra,"29°14'53.48""",Vishakha,Jupiter,3,Jupiter,Gemini,"29°58'44.19""",Punarvasu,Jupiter,3,120,119.2692,0.7308
2025-12-06 01:45:00,Aspect,Trine,Mercury,Libra,"29°15'24.60""",Vishakha,Jupiter,3,Jupiter,Gemini,"29°58'41.29""",Punarvasu,Jupiter,3,120,119.2787,0.7213
2025-12-06 02:00:00,Aspect,Trine,Mercury,Libra,"29°15'55.75""",Vishakha,Jupiter,3,Jupiter,Gemini,"29°58'38.39""",Punarvasu,Jupiter,3,120,119.2882,0.7118
2025-12-06 02:15:00,Aspect,Trine,Mercury,Libra,"29°16'26.94""",Vishakha,Jupiter,3,Jupiter,Gemini,"29°58'35.48""",Punarvasu,Jupiter,3,120,119.2976,0.7024
2025-12-06 02:30:00,Aspect,Trine,Mercury,Libra,"29°16'58.18""",Vishakha,Jupiter,3,Jupiter,Gemini,"29°58'32.58""",Punarvasu,Jupiter,3,120,119.3071,0.6929
2025-12-06 02:45:00,Aspect,Trine,Mercury,Libra,"29°17'29.44""",Vishakha,Jupiter,3,Jupiter,Gemini,"29°58'29.67""",Punarvasu,Jupiter,3,120,119.3166,0.6834
2025-12-06 03:00:00,Aspect,Trine,Mercury,Libra,"29°18'00.75""",Vishakha,Jupiter,3,Jupiter,Gemini,"29°58'26.77""",Punarvasu,Jupiter,3,120,119.3261,0.6739
2025-12-06 03:15:00,Aspect,Trine,Mercury,Libra,"29°18'32.09""",Vishakha,Jupiter,3,Jupiter,Gemini,"29°58'23.86""",Punarvasu,Jupiter,3,120,119.3356,0.6644
2025-12-06 03:30:00,Aspect,Trine,Mercury,Libra,"29°19'03.47""",Vishakha,Jupiter,3,Jupiter,Gemini,"29°58'20.95""",Punarvasu,Jupiter,3,120,119.3451,0.6549
2025-12-06 03:45:00,Aspect,Trine,Mercury,Libra,"29°19'34.89""",Vishakha,Jupiter,3,Jupiter,Gemini,"29°58'18.04""",Punarvasu,Jupiter,3,120,119.3547,0.6453
2025-12-06 04:00:00,Aspect,Trine,Mercury,Libra,"29°20'06.34""",Vishakha,Jupiter,3,Jupiter,Gemini,"29°58'15.13""",Punarvasu,Jupiter,3,120,119.3642,0.6358
2025-12-06 04:15:00,Aspect,Trine,Mercury,Libra,"29°20'37.83""",Vishakha,Jupiter,3,Jupiter,Gemini,"29°58'12.22""",Punarvasu,Jupiter,3,120,119.3738,0.6262
2025-12-06 04:30:00,Aspect,Trine,Mercury,Libra,"29°21'09.36""",Vishakha,Jupiter,3,Jupiter,Gemini,"29°58'09.31""",Punarvasu,Jupiter,3,120,119.3833,0.6167
2025-12-06 04:45:00,Aspect,Trine,Mercury,Libra,"29°21'40.92""",Vishakha,Jupiter,3,Jupiter,Gemini,"29°58'06.39""",Punarvasu,Jupiter,3,120,119.3929,0.6071
2025-12-06 05:00:00,Aspect,Trine,Mercury,Libra,"29°22'12.52""",Vishakha,Jupiter,3,Jupiter,Gemini,"29°58'03.48""",Punarvasu,Jupiter,3,120,119.4025,0.5975
2025-12-06 05:15:00,Aspect,Trine,Mercury,Libra,"29°22'44.16""",Vishakha,Jupiter,3,Jupiter,Gemini,"29°58'00.56""",Punarvasu,Jupiter,3,120,119.4121,0.5879
2025-12-06 05:30:00,Aspect,Trine,Mercury,Libra,"29°23'15.83""",Vishakha,Jupiter,3,Jupiter,Gemini,"29°57'57.64""",Punarvasu,Jupiter,3,120,119.4217,0.5783
2025-12-06 05:45:00,Aspect,Trine,Mercury,Libra,"29°23'47.54""",Vishakha,Jupiter,3,Jupiter,Gemini,"29°57'54.72""",Punarvasu,Jupiter,3,120,119.4313,0.5687
2025-12-06 06:00:00,Aspect,Trine,Mercury,Libra,"29°24'19.29""",Vishakha,Jupiter,3,Jupiter,Gemini,"29°57'51.81""",Punarvasu,Jupiter,3,120,119.441,0.559
2025-12-06 06:15:00,Aspect,Trine,Mercury,Libra,"29°24'51.07""",Vishakha,Jupiter,3,Jupiter,Gemini,"29°57'48.88""",Punarvasu,Jupiter,3,120,119.4506,0.5494
2025-12-06 06:30:00,Aspect,Trine,Mercury,Libra,"29°25'22.90""",Vishakha,Jupiter,3,Jupiter,Gemini,"29°57'45.96""",Punarvasu,Jupiter,3,120,119.4603,0.5397
2025-12-06 06:45:00,Aspect,Trine,Mercury,Libra,"29°25'54.75""",Vishakha,Jupiter,3,Jupiter,Gemini,"29°57'43.04""",Punarvasu,Jupiter,3,120,119.4699,0.5301
2025-12-06 07:00:00,Aspect,Trine,Mercury,Libra,"29°26'26.65""",Vishakha,Jupiter,3,Jupiter,Gemini,"29°57'40.12""",Punarvasu,Jupiter,3,120,119.4796,0.5204
2025-12-06 07:15:00,Aspect,Trine,Mercury,Libra,"29°26'58.57""",Vishakha,Jupiter,3,Jupiter,Gemini,"29°57'37.19""",Punarvasu,Jupiter,3,120,119.4893,0.5107
2025-12-06 07:30:00,Aspect,Trine,Mercury,Libra,"29°27'30.54""",Vishakha,Jupiter,3,Jupiter,Gemini,"29°57'34.26""",Punarvasu,Jupiter,3,120,119.499,0.501
2025-12-06 07:45:00,Aspect,Trine,Mercury,Libra,"29°28'02.54""",Vishakha,Jupiter,3,Jupiter,Gemini,"29°57'31.34""",Punarvasu,Jupiter,3,120,119.5087,0.4913
2025-12-06 08:00:00,Aspect,Trine,Mercury,Libra,"29°28'34.58""",Vishakha,Jupiter,3,Jupiter,Gemini,"29°57'28.41""",Punarvasu,Jupiter,3,120,119.5184,0.4816
2025-12-06 08:15:00,Aspect,Trine,Mercury,Libra,"29°29'06.66""",Vishakha,Jupiter,3,Jupiter,Gemini,"29°57'25.48""",Punarvasu,Jupiter,3,120,119.5281,0.4719
2025-12-06 08:30:00,Aspect,Trine,Mercury,Libra,"29°29'38.77""",Vishakha,Jupiter,3,Jupiter,Gemini,"29°57'22.55""",Punarvasu,Jupiter,3,120,119.5378,0.4622
2025-12-06 08:45:00,Aspect,Trine,Mercury,Libra,"29°30'10.91""",Vishakha,Jupiter,3,Jupiter,Gemini,"29°57'19.61""",Punarvasu,Jupiter,3,120,119.5476,0.4524
2025-12-06 09:00:00,Aspect,Trine,Mercury,Libra,"29°30'43.10""",Vishakha,Jupiter,3,Jupiter,Gemini,"29°57'16.68""",Punarvasu,Jupiter,3,120,119.5573,0.4427
2025-12-06 09:15:00,Aspect,Trine,Mercury,Libra,"29°31'15.31""",Vishakha,Jupiter,3,Jupiter,Gemini,"29°57'13.75""",Punarvasu,Jupiter,3,120,119.5671,0.4329
2025-12-06 09:30:00,Aspect,Trine,Mercury,Libra,"29°31'47.57""",Vishakha,Jupiter,3,Jupiter,Gemini,"29°57'10.81""",Punarvasu,Jupiter,3,120,119.5769,0.4231
2025-12-06 09:45:00,Aspect,Trine,Mercury,Libra,"29°32'19.86""",Vishakha,Jupiter,3,Jupiter,Gemini,"29°57'07.88""",Punarvasu,Jupiter,3,120,119.5867,0.4133
2025-12-06 10:00:00,Aspect,Trine,Mercury,Libra,"29°32'52.18""",Vishakha,Jupiter,3,Jupiter,Gemini,"29°57'04.94""",Punarvasu,Jupiter,3,120,119.5965,0.4035
2025-12-06 10:15:00,Aspect,Trine,Mercury,Libra,"29°33'24.55""",Vishakha,Jupiter,3,Jupiter,Gemini,"29°57'02.00""",Punarvasu,Jupiter,3,120,119.6063,0.3937
2025-12-06 10:30:00,Aspect,Trine,Mercury,Libra,"29°33'56.94""",Vishakha,Jupiter,3,Jupiter,Gemini,"29°56'59.06""",Punarvasu,Jupiter,3,120,119.6161,0.3839
2025-12-06 10:45:00,Aspect,Trine,Mercury,Libra,"29°34'29.38""",Vishakha,Jupiter,3,Jupiter,Gemini,"29°56'56.12""",Punarvasu,Jupiter,3,120,119.6259,0.3741
2025-12-06 11:00:00,Aspect,Trine,Mercury,Libra,"29°35'01.85""",Vishakha,Jupiter,3,Jupiter,Gemini,"29°56'53.18""",Punarvasu,Jupiter,3,120,119.6357,0.3643
2025-12-06 11:15:00,Aspect,Trine,Mercury,Libra,"29°35'34.35""",Vishakha,Jupiter,3,Jupiter,Gemini,"29°56'50.23""",Punarvasu,Jupiter,3,120,119.6456,0.3544
2025-12-06 11:30:00,Aspect,Trine,Mercury,Libra,"29°36'06.89""",Vishakha,Jupiter,3,Jupiter,Gemini,"29°56'47.29""",Punarvasu,Jupiter,3,120,119.6554,0.3446
2025-12-06 11:45:00,Aspect,Trine,Mercury,Libra,"29°36'39.47""",Vishakha,Jupiter,3,Jupiter,Gemini,"29°56'44.34""",Punarvasu,Jupiter,3,120,119.6653,0.3347
2025-12-06 12:00:00,Aspect,Trine,Mercury,Libra,"29°37'12.08""",Vishakha,Jupiter,3,Jupiter,Gemini,"29°56'41.40""",Punarvasu,Jupiter,3,120,119.6752,0.3248
2025-12-06 12:15:00,Aspect,Trine,Mercury,Libra,"29°37'44.72""",Vishakha,Jupiter,3,Jupiter,Gemini,"29°56'38.45""",Punarvasu,Jupiter,3,120,119.6851,0.3149
2025-12-06 12:30:00,Aspect,Trine,Mercury,Libra,"29°38'17.40""",Vishakha,Jupiter,3,Jupiter,Gemini,"29°56'35.50""",Punarvasu,Jupiter,3,120,119.695,0.305
2025-12-06 12:45:00,Aspect,Trine,Mercury,Libra,"29°38'50.12""",Vishakha,Jupiter,3,Jupiter,Gemini,"29°56'32.55""",Punarvasu,Jupiter,3,120,119.7049,0.2951
2025-12-06 13:00:00,Aspect,Trine,Mercury,Libra,"29°39'22.87""",Vishakha,Jupiter,3,Jupiter,Gemini,"29°56'29.60""",Punarvasu,Jupiter,3,120,119.7148,0.2852
2025-12-06 13:15:00,Aspect,Trine,Mercury,Libra,"29°39'55.66""",Vishakha,Jupiter,3,Jupiter,Gemini,"29°56'26.65""",Punarvasu,Jupiter,3,120,119.7247,0.2753
2025-12-06 13:30:00,Aspect,Trine,Mercury,Libra,"29°40'28.48""",Vishakha,Jupiter,3,Jupiter,Gemini,"29°56'23.69""",Punarvasu,Jupiter,3,120,119.7347,0.2653
2025-12-06 13:45:00,Aspect,Trine,Mercury,Libra,"29°41'01.34""",Vishakha,Jupiter,3,Jupiter,Gemini,"29°56'20.74""",Punarvasu,Jupiter,3,120,119.7446,0.2554
2025-12-06 14:00:00,Aspect,Trine,Mercury,Libra,"29°41'34.23""",Vishakha,Jupiter,3,Jupiter,Gemini,"29°56'17.78""",Punarvasu,Jupiter,3,120,119.7546,0.2454
2025-12-06 14:15:00,Aspect,Trine,Mercury,Libra,"29°42'07.16""",Vishakha,Jupiter,3,Jupiter,Gemini,"29°56'14.83""",Punarvasu,Jupiter,3,120,119.7645,0.2355
2025-12-06 14:30:00,Aspect,Trine,Mercury,Libra,"29°42'40.12""",Vishakha,Jupiter,3,Jupiter,Gemini,"29°56'11.87""",Punarvasu,Jupiter,3,120,119.7745,0.2255
2025-12-06 14:45:00,Aspect,Trine,Mercury,Libra,"29°43'13.12""",Vishakha,Jupiter,3,Jupiter,Gemini,"29°56'08.91""",Punarvasu,Jupiter,3,120,119.7845,0.2155
2025-12-06 15:00:00,Aspect,Trine,Mercury,Libra,"29°43'46.15""",Vishakha,Jupiter,3,Jupiter,Gemini,"29°56'05.95""",Punarvasu,Jupiter,3,120,119.7945,0.2055
2025-12-06 15:15:00,Aspect,Trine,Mercury,Libra,"29°44'19.22""",Vishakha,Jupiter,3,Jupiter,Gemini,"29°56'02.99""",Punarvasu,Jupiter,3,120,119.8045,0.1955
2025-12-06 15:30:00,Aspect,Trine,Mercury,Libra,"29°44'52.32""",Vishakha,Jupiter,3,Jupiter,Gemini,"29°56'00.03""",Punarvasu,Jupiter,3,120,119.8145,0.1855
2025-12-06 15:45:00,Aspect,Trine,Mercury,Libra,"29°45'25.46""",Vishakha,Jupiter,3,Jupiter,Gemini,"29°55'57.06""",Punarvasu,Jupiter,3,120,119.8246,0.1754
2025-12-06 16:00:00,Aspect,Trine,Mercury,Libra,"29°45'58.63""",Vishakha,Jupiter,3,Jupiter,Gemini,"29°55'54.10""",Punarvasu,Jupiter,3,120,119.8346,0.1654
2025-12-06 16:15:00,Aspect,Trine,Mercury,Libra,"29°46'31.83""",Vishakha,Jupiter,3,Jupiter,Gemini,"29°55'51.13""",Punarvasu,Jupiter,3,120,119.8446,0.1554
2025-12-06 16:30:00,Aspect,Trine,Mercury,Libra,"29°47'05.07""",Vishakha,Jupiter,3,Jupiter,Gemini,"29°55'48.17""",Punarvasu,Jupiter,3,120,119.8547,0.1453
2025-12-06 16:45:00,Aspect,Trine,Mercury,Libra,"29°47'38.35""",Vishakha,Jupiter,3,Jupiter,Gemini,"29°55'45.20""",Punarvasu,Jupiter,3,120,119.8648,0.1352
2025-12-06 17:00:00,Aspect,Trine,Mercury,Libra,"29°48'11.66""",Vishakha,Jupiter,3,Jupiter,Gemini,"29°55'42.23""",Punarvasu,Jupiter,3,120,119.8748,0.1252
2025-12-06 17:15:00,Aspect,Trine,Mercury,Libra,"29°48'45.00""",Vishakha,Jupiter,3,Jupiter,Gemini,"29°55'39.26""",Punarvasu,Jupiter,3,120,119.8849,0.1151
2025-12-06 17:30:00,Aspect,Trine,Mercury,Libra,"29°49'18.38""",Vishakha,Jupiter,3,Jupiter,Gemini,"29°55'36.29""",Punarvasu,Jupiter,3,120,119.895,0.105
2025-12-06 17:45:00,Aspect,Trine,Mercury,Libra,"29°49'51.79""",Vishakha,Jupiter,3,Jupiter,Gemini,"29°55'33.32""",Punarvasu,Jupiter,3,120,119.9051,0.0949
2025-12-06 18:00:00,Aspect,Trine,Mercury,Libra,"29°50'25.24""",Vishakha,Jupiter,3,Jupiter,Gemini,"29°55'30.34""",Punarvasu,Jupiter,3,120,119.9152,0.0848
2025-12-06 18:15:00,Aspect,Trine,Mercury,Libra,"29°50'58.72""",Vishakha,Jupiter,3,Jupiter,Gemini,"29°55'27.37""",Punarvasu,Jupiter,3,120,119.9254,0.0746
2025-12-06 18:30:00,Aspect,Trine,Mercury,Libra,"29°51'32.23""",Vishakha,Jupiter,3,Jupiter,Gemini,"29°55'24.39""",Punarvasu,Jupiter,3,120,119.9355,0.0645
2025-12-06 18:45:00,Aspect,Trine,Mercury,Libra,"29°52'05.78""",Vishakha,Jupiter,3,Jupiter,Gemini,"29°55'21.42""",Punarvasu,Jupiter,3,120,119.9457,0.0543
2025-12-06 19:00:00,Aspect,Trine,Mercury,Libra,"29°52'39.36""",Vishakha,Jupiter,3,Jupiter,Gemini,"29°55'18.44""",Punarvasu,Jupiter,3,120,119.9558,0.0442
2025-12-06 19:15:00,Aspect,Trine,Mercury,Libra,"29°53'12.98""",Vishakha,Jupiter,3,Jupiter,Gemini,"29°55'15.46""",Punarvasu,Jupiter,3,120,119.966,0.034
2025-12-06 19:30:00,Aspect,Trine,Mercury,Libra,"29°53'46.63""",Vishakha,Jupiter,3,Jupiter,Gemini,"29°55'12.48""",Punarvasu,Jupiter,3,120,119.9762,0.0238
2025-12-06 19:45:00,Aspect,Trine,Mercury,Libra,"29°54'20.32""",Vishakha,Jupiter,3,Jupiter,Gemini,"29°55'09.50""",Punarvasu,Jupiter,3,120,119.9863,0.0137
2025-12-06 20:00:00,Aspect,Trine,Mercury,Libra,"29°54'54.04""",Vishakha,Jupiter,3,Jupiter,Gemini,"29°55'06.52""",Punarvasu,Jupiter,3,120,119.9965,0.0035
2025-12-06 20:15:00,Aspect,Trine,Mercury,Libra,"29°55'27.79""",Vishakha,Jupiter,3,Jupiter,Gemini,"29°55'03.53""",Punarvasu,Jupiter,3,120,120.0067,0.0067
2025-12-06 20:30:00,Aspect,Trine,Mercury,Libra,"29°56'01.58""",Vishakha,Jupiter,3,Jupiter,Gemini,"29°55'00.55""",Punarvasu,Jupiter,3,120,120.017,0.017
2025-12-06 20:45:00,Aspect,Trine,Mercury,Libra,"29°56'35.40""",Vishakha,Jupiter,3,Jupiter,Gemini,"29°54'57.56""",Punarvasu,Jupiter,3,120,120.0272,0.0272
2025-12-06 21:00:00,Aspect,Trine,Mercury,Libra,"29°57'09.25""",Vishakha,Jupiter,3,Jupiter,Gemini,"29°54'54.58""",Punarvasu,Jupiter,3,120,120.0374,0.0374
2025-12-06 21:15:00,Aspect,Trine,Mercury,Libra,"29°57'43.14""",Vishakha,Jupiter,3,Jupiter,Gemini,"29°54'51.59""",Punarvasu,Jupiter,3,120,120.0477,0.0477
2025-12-06 21:30:00,Aspect,Trine,Mercury,Libra,"29°58'17.06""",Vishakha,Jupiter,3,Jupiter,Gemini,"29°54'48.60""",Punarvasu,Jupiter,3,120,120.0579,0.0579
2025-12-06 21:45:00,Aspect,Trine,Mercury,Libra,"29°58'51.01""",Vishakha,Jupiter,3,Jupiter,Gemini,"29°54'45.61""",Punarvasu,Jupiter,3,120,120.0682,0.0682
2025-12-06 22:00:00,Aspect,Trine,Mercury,Libra,"29°59'25.00""",Vishakha,Jupiter,3,Jupiter,Gemini,"29°54'42.62""",Punarvasu,Jupiter,3,120,120.0784,0.0784
2025-12-06 22:15:00,Aspect,Trine,Mercury,Libra,"29°59'59.02""",Vishakha,Jupiter,3,Jupiter,Gemini,"29°54'39.63""",Punarvasu,Jupiter,3,120,120.0887,0.0887
2025-12-06 22:30:00,Aspect,Trine,Mercury,Scorpio,"0°00'33.08""",Vishakha,Jupiter,4,Jupiter,Gemini,"29°54'36.63""",Punarvasu,Jupiter,3,120,120.099,0.099
2025-12-06 22:30:00,Aspect,Trine,Mercury,Scorpio,"0°00'33.08""",Vishakha,Jupiter,4,Saturn,Pisces,"1°00'07.00""",Purva Bhadrapada,Jupiter,4,120,120.9928,0.9928
2025-12-06 22:45:00,Aspect,Trine,Mercury,Scorpio,"0°01'07.17""",Vishakha,Jupiter,4,Jupiter,Gemini,"29°54'33.64""",Punarvasu,Jupiter,3,120,120.1093,0.1093
2025-12-06 22:45:00,Aspect,Trine,Mercury,Scorpio,"0°01'07.17""",Vishakha,Jupiter,4,Saturn,Pisces,"1°00'07.57""",Purva Bhadrapada,Jupiter,4,120,120.9834,0.9834
2025-12-06 23:00:00,Aspect,Trine,Mercury,Scorpio,"0°01'41.29""",Vishakha,Jupiter,4,Jupiter,Gemini,"29°54'30.64""",Punarvasu,Jupiter,3,120,120.1196,0.1196
2025-12-06 23:00:00,Aspect,Trine,Mercury,Scorpio,"0°01'41.29""",Vishakha,Jupiter,4,Saturn,Pisces,"1°00'08.14""",Purva Bhadrapada,Jupiter,4,120,120.9741,0.9741
2025-12-06 23:15:00,Aspect,Trine,Mercury,Scorpio,"0°02'15.45""",Vishakha,Jupiter,4,Jupiter,Gemini,"29°54'27.65""",Punarvasu,Jupiter,3,120,120.1299,0.1299
2025-12-06 23:15:00,Aspect,Trine,Mercury,Scorpio,"0°02'15.45""",Vishakha,Jupiter,4,Saturn,Pisces,"1°00'08.71""",Purva Bhadrapada,Jupiter,4,120,120.9648,0.9648
2025-12-06 23:30:00,Aspect,Trine,Mercury,Scorpio,"0°02'49.64""",Vishakha,Jupiter,4,Jupiter,Gemini,"29°54'24.65""",Punarvasu,Jupiter,3,120,120.1403,0.1403
2025-12-06 23:30:00,Aspect,Trine,Mercury,Scorpio,"0°02'49.64""",Vishakha,Jupiter,4,Saturn,Pisces,"1°00'09.29""",Purva Bhadrapada,Jupiter,4,120,120.9555,0.9555
2025-12-06 23:45:00,Aspect,Trine,Mercury,Scorpio,"0°03'23.86""",Vishakha,Jupiter,4,Jupiter,Gemini,"29°54'21.65""",Punarvasu,Jupiter,3,120,120.1506,0.1506
2025-12-06 23:45:00,Aspect,Trine,Mercury,Scorpio,"0°03'23.86""",Vishakha,Jupiter,4,Saturn,Pisces,"1°00'09.86""",Purva Bhadrapada,Jupiter,4,120,120.9461,0.9461
2025-12-07 00:00:00,Aspect,Trine,Mercury,Scorpio,"0°03'58.11""",Vishakha,Jupiter,4,Jupiter,Gemini,"29°54'18.65""",Punarvasu,Jupiter,3,120,120.161,0.161
2025-12-07 00:00:00,Aspect,Trine,Mercury,Scorpio,"0°03'58.11""",Vishakha,Jupiter,4,Saturn,Pisces,"1°00'10.43""",Purva Bhadrapada,Jupiter,4,120,120.9368,0.9368
2025-12-07 00:15:00,Aspect,Trine,Mercury,Scorpio,"0°04'32.40""",Vishakha,Jupiter,4,Jupiter,Gemini,"29°54'15.65""",Punarvasu,Jupiter,3,120,120.1713,0.1713
2025-12-07 00:15:00,Aspect,Trine,Mercury,Scorpio,"0°04'32.40""",Vishakha,Jupiter,4,Saturn,Pisces,"1°00'11.01""",Purva Bhadrapada,Jupiter,4,120,120.9274,0.9274
2025-12-07 00:30:00,Aspect,Trine,Mercury,Scorpio,"0°05'06.72""",Vishakha,Jupiter,4,Jupiter,Gemini,"29°54'12.64""",Punarvasu,Jupiter,3,120,120.1817,0.1817
2025-12-07 00:30:00,Aspect,Trine,Mercury,Scorpio,"0°05'06.72""",Vishakha,Jupiter,4,Saturn,Pisces,"1°00'11.58""",Purva Bhadrapada,Jupiter,4,120,120.918,0.918
2025-12-07 00:45:00,Aspect,Trine,Mercury,Scorpio,"0°05'41.08""",Vishakha,Jupiter,4,Jupiter,Gemini,"29°54'09.64""",Punarvasu,Jupiter,3,120,120.1921,0.1921
2025-12-07 00:45:00,Aspect,Trine,Mercury,Scorpio,"0°05'41.08""",Vishakha,Jupiter,4,Saturn,Pisces,"1°00'12.15""",Purva Bhadrapada,Jupiter,4,120,120.9086,0.9086
2025-12-07 01:00:00,Aspect,Trine,Mercury,Scorpio,"0°06'15.46""",Vishakha,Jupiter,4,Jupiter,Gemini,"29°54'06.64""",Punarvasu,Jupiter,3,120,120.2025,0.2025
2025-12-07 01:00:00,Aspect,Trine,Mercury,Scorpio,"0°06'15.46""",Vishakha,Jupiter,4,Saturn,Pisces,"1°00'12.73""",Purva Bhadrapada,Jupiter,4,120,120.8992,0.8992
2025-12-07 01:15:00,Aspect,Trine,Mercury,Scorpio,"0°06'49.88""",Vishakha,Jupiter,4,Jupiter,Gemini,"29°54'03.63""",Punarvasu,Jupiter,3,120,120.2128,0.2128
2025-12-07 01:15:00,Aspect,Trine,Mercury,Scorpio,"0°06'49.88""",Vishakha,Jupiter,4,Saturn,Pisces,"1°00'13.31""",Purva Bhadrapada,Jupiter,4,120,120.8898,0.8898
2025-12-07 01:30:00,Aspect,Trine,Mercury,Scorpio,"0°07'24.34""",Vishakha,Jupiter,4,Jupiter,Gemini,"29°54'00.62""",Punarvasu,Jupiter,3,120,120.2233,0.2233
2025-12-07 01:30:00,Aspect,Trine,Mercury,Scorpio,"0°07'24.34""",Vishakha,Jupiter,4,Saturn,Pisces,"1°00'13.88""",Purva Bhadrapada,Jupiter,4,120,120.8804,0.8804
2025-12-07 01:45:00,Aspect,Trine,Mercury,Scorpio,"0°07'58.82""",Vishakha,Jupiter,4,Jupiter,Gemini,"29°53'57.62""",Punarvasu,Jupiter,3,120,120.2337,0.2337
2025-12-07 01:45:00,Aspect,Trine,Mercury,Scorpio,"0°07'58.82""",Vishakha,Jupiter,4,Saturn,Pisces,"1°00'14.46""",Purva Bhadrapada,Jupiter,4,120,120.871,0.871
2025-12-07 02:00:00,Aspect,Trine,Mercury,Scorpio,"0°08'33.34""",Vishakha,Jupiter,4,Jupiter,Gemini,"29°53'54.61""",Punarvasu,Jupiter,3,120,120.2441,0.2441
2025-12-07 02:00:00,Aspect,Trine,Mercury,Scorpio,"0°08'33.34""",Vishakha,Jupiter,4,Saturn,Pisces,"1°00'15.04""",Purva Bhadrapada,Jupiter,4,120,120.8616,0.8616
2025-12-07 02:15:00,Aspect,Trine,Mercury,Scorpio,"0°09'07.89""",Vishakha,Jupiter,4,Jupiter,Gemini,"29°53'51.60""",Punarvasu,Jupiter,3,120,120.2545,0.2545
2025-12-07 02:15:00,Aspect,Trine,Mercury,Scorpio,"0°09'07.89""",Vishakha,Jupiter,4,Saturn,Pisces,"1°00'15.62""",Purva Bhadrapada,Jupiter,4,120,120.8521,0.8521
2025-12-07 02:30:00,Aspect,Trine,Mercury,Scorpio,"0°09'42.48""",Vishakha,Jupiter,4,Jupiter,Gemini,"29°53'48.59""",Punarvasu,Jupiter,3,120,120.265,0.265
2025-12-07 02:30:00,Aspect,Trine,Mercury,Scorpio,"0°09'42.48""",Vishakha,Jupiter,4,Saturn,Pisces,"1°00'16.20""",Purva Bhadrapada,Jupiter,4,120,120.8427,0.8427
2025-12-07 02:45:00,Aspect,Trine,Mercury,Scorpio,"0°10'17.09""",Vishakha,Jupiter,4,Jupiter,Gemini,"29°53'45.57""",Punarvasu,Jupiter,3,120,120.2754,0.2754
2025-12-07 02:45:00,Aspect,Trine,Mercury,Scorpio,"0°10'17.09""",Vishakha,Jupiter,4,Saturn,Pisces,"1°00'16.78""",Purva Bhadrapada,Jupiter,4,120,120.8332,0.8332
2025-12-07 03:00:00,Aspect,Trine,Mercury,Scorpio,"0°10'51.74""",Vishakha,Jupiter,4,Jupiter,Gemini,"29°53'42.56""",Punarvasu,Jupiter,3,120,120.2859,0.2859
2025-12-07 03:00:00,Aspect,Trine,Mercury,Scorpio,"0°10'51.74""",Vishakha,Jupiter,4,Saturn,Pisces,"1°00'17.36""",Purva Bhadrapada,Jupiter,4,120,120.8238,0.8238
2025-12-07 03:15:00,Aspect,Trine,Mercury,Scorpio,"0°11'26.42""",Vishakha,Jupiter,4,Jupiter,Gemini,"29°53'39.55""",Punarvasu,Jupiter,3,120,120.2964,0.2964
2025-12-07 03:15:00,Aspect,Trine,Mercury,Scorpio,"0°11'26.42""",Vishakha,Jupiter,4,Saturn,Pisces,"1°00'17.94""",Purva Bhadrapada,Jupiter,4,120,120.8143,0.8143
2025-12-07 03:30:00,Aspect,Trine,Mercury,Scorpio,"0°12'01.14""",Vishakha,Jupiter,4,Jupiter,Gemini,"29°53'36.53""",Punarvasu,Jupiter,3,120,120.3068,0.3068
2025-12-07 03:30:00,Aspect,Trine,Mercury,Scorpio,"0°12'01.14""",Vishakha,Jupiter,4,Saturn,Pisces,"1°00'18.53""",Purva Bhadrapada,Jupiter,4,120,120.8048,0.8048
2025-12-07 03:45:00,Aspect,Trine,Mercury,Scorpio,"0°12'35.88""",Vishakha,Jupiter,4,Jupiter,Gemini,"29°53'33.51""",Punarvasu,Jupiter,3,120,120.3173,0.3173
2025-12-07 03:45:00,Aspect,Trine,Mercury,Scorpio,"0°12'35.88""",Vishakha,Jupiter,4,Saturn,Pisces,"1°00'19.11""",Purva Bhadrapada,Jupiter,4,120,120.7953,0.7953
2025-12-07 04:00:00,Aspect,Trine,Mercury,Scorpio,"0°13'10.66""",Vishakha,Jupiter,4,Jupiter,Gemini,"29°53'30.50""",Punarvasu,Jupiter,3,120,120.3278,0.3278
2025-12-07 04:00:00,Aspect,Trine,Mercury,Scorpio,"0°13'10.66""",Vishakha,Jupiter,4,Saturn,Pisces,"1°00'19.69""",Purva Bhadrapada,Jupiter,4,120,120.7858,0.7858
2025-12-07 04:15:00,Aspect,Trine,Mercury,Scorpio,"0°13'45.48""",Vishakha,Jupiter,4,Jupiter,Gemini,"29°53'27.48""",Punarvasu,Jupiter,3,120,120.3383,0.3383
2025-12-07 04:15:00,Aspect,Trine,Mercury,Scorpio,"0°13'45.48""",Vishakha,Jupiter,4,Saturn,Pisces,"1°00'20.28""",Purva Bhadrapada,Jupiter,4,120,120.7763,0.7763
2025-12-07 04:30:00,Aspect,Trine,Mercury,Scorpio,"0°14'20.32""",Vishakha,Jupiter,4,Jupiter,Gemini,"29°53'24.46""",Punarvasu,Jupiter,3,120,120.3489,0.3489
2025-12-07 04:30:00,Aspect,Trine,Mercury,Scorpio,"0°14'20.32""",Vishakha,Jupiter,4,Saturn,Pisces,"1°00'20.86""",Purva Bhadrapada,Jupiter,4,120,120.7668,0.7668
2025-12-07 04:45:00,Aspect,Trine,Mercury,Scorpio,"0°14'55.20""",Vishakha,Jupiter,4,Jupiter,Gemini,"29°53'21.44""",Punarvasu,Jupiter,3,120,120.3594,0.3594
2025-12-07 04:45:00,Aspect,Trine,Mercury,Scorpio,"0°14'55.20""",Vishakha,Jupiter,4,Saturn,Pisces,"1°00'21.45""",Purva Bhadrapada,Jupiter,4,120,120.7573,0.7573
2025-12-07 05:00:00,Aspect,Trine,Mercury,Scorpio,"0°15'30.10""",Vishakha,Jupiter,4,Jupiter,Gemini,"29°53'18.41""",Punarvasu,Jupiter,3,120,120.3699,0.3699
2025-12-07 05:00:00,Aspect,Trine,Mercury,Scorpio,"0°15'30.10""",Vishakha,Jupiter,4,Saturn,Pisces,"1°00'22.04""",Purva Bhadrapada,Jupiter,4,120,120.7478,0.7478
2025-12-07 05:15:00,Aspect,Trine,Mercury,Scorpio,"0°16'05.04""",Vishakha,Jupiter,4,Jupiter,Gemini,"29°53'15.39""",Punarvasu,Jupiter,3,120,120.3805,0.3805
2025-12-07 05:15:00,Aspect,Trine,Mercury,Scorpio,"0°16'05.04""",Vishakha,Jupiter,4,Saturn,Pisces,"1°00'22.63""",Purva Bhadrapada,Jupiter,4,120,120.7382,0.7382
2025-12-07 05:30:00,Aspect,Trine,Mercury,Scorpio,"0°16'40.02""",Vishakha,Jupiter,4,Jupiter,Gemini,"29°53'12.37""",Punarvasu,Jupiter,3,120,120.391,0.391
2025-12-07 05:30:00,Aspect,Trine,Mercury,Scorpio,"0°16'40.02""",Vishakha,Jupiter,4,Saturn,Pisces,"1°00'23.21""",Purva Bhadrapada,Jupiter,4,120,120.7287,0.7287
2025-12-07 05:45:00,Aspect,Trine,Mercury,Scorpio,"0°17'15.02""",Vishakha,Jupiter,4,Jupiter,Gemini,"29°53'09.34""",Punarvasu,Jupiter,3,120,120.4016,0.4016
2025-12-07 05:45:00,Aspect,Trine,Mercury,Scorpio,"0°17'15.02""",Vishakha,Jupiter,4,Saturn,Pisces,"1°00'23.80""",Purva Bhadrapada,Jupiter,4,120,120.7191,0.7191
2025-12-07 06:00:00,Aspect,Trine,Mercury,Scorpio,"0°17'50.06""",Vishakha,Jupiter,4,Jupiter,Gemini,"29°53'06.31""",Punarvasu,Jupiter,3,120,120.4122,0.4122
2025-12-07 06:00:00,Aspect,Trine,Mercury,Scorpio,"0°17'50.06""",Vishakha,Jupiter,4,Saturn,Pisces,"1°00'24.39""",Purva Bhadrapada,Jupiter,4,120,120.7095,0.7095
2025-12-07 06:15:00,Aspect,Trine,Mercury,Scorpio,"0°18'25.13""",Vishakha,Jupiter,4,Jupiter,Gemini,"29°53'03.29""",Punarvasu,Jupiter,3,120,120.4227,0.4227
2025-12-07 06:15:00,Aspect,Trine,Mercury,Scorpio,"0°18'25.13""",Vishakha,Jupiter,4,Saturn,Pisces,"1°00'24.98""",Purva Bhadrapada,Jupiter,4,120,120.7,0.7
2025-12-07 06:30:00,Aspect,Trine,Mercury,Scorpio,"0°19'00.23""",Vishakha,Jupiter,4,Jupiter,Gemini,"29°53'00.26""",Punarvasu,Jupiter,3,120,120.4333,0.4333
2025-12-07 06:30:00,Aspect,Trine,Mercury,Scorpio,"0°19'00.23""",Vishakha,Jupiter,4,Saturn,Pisces,"1°00'25.57""",Purva Bhadrapada,Jupiter,4,120,120.6904,0.6904
2025-12-07 06:45:00,Aspect,Trine,Mercury,Scorpio,"0°19'35.36""",Vishakha,Jupiter,4,Jupiter,Gemini,"29°52'57.23""",Punarvasu,Jupiter,3,120,120.4439,0.4439
2025-12-07 06:45:00,Aspect,Trine,Mercury,Scorpio,"0°19'35.36""",Vishakha,Jupiter,4,Saturn,Pisces,"1°00'26.17""",Purva Bhadrapada,Jupiter,4,120,120.6808,0.6808
2025-12-07 07:00:00,Aspect,Trine,Mercury,Scorpio,"0°20'10.53""",Vishakha,Jupiter,4,Jupiter,Gemini,"29°52'54.20""",Punarvasu,Jupiter,3,120,120.4545,0.4545
2025-12-07 07:00:00,Aspect,Trine,Mercury,Scorpio,"0°20'10.53""",Vishakha,Jupiter,4,Saturn,Pisces,"1°00'26.76""",Purva Bhadrapada,Jupiter,4,120,120.6712,0.6712
2025-12-07 07:15:00,Aspect,Trine,Mercury,Scorpio,"0°20'45.72""",Vishakha,Jupiter,4,Jupiter,Gemini,"29°52'51.16""",Punarvasu,Jupiter,3,120,120.4652,0.4652
2025-12-07 07:15:00,Aspect,Trine,Mercury,Scorpio,"0°20'45.72""",Vishakha,Jupiter,4,Saturn,Pisces,"1°00'27.35""",Purva Bhadrapada,Jupiter,4,120,120.6616,0.6616
2025-12-07 07:30:00,Aspect,Trine,Mercury,Scorpio,"0°21'20.95""",Vishakha,Jupiter,4,Jupiter,Gemini,"29°52'48.13""",Punarvasu,Jupiter,3,120,120.4758,0.4758
2025-12-07 07:30:00,Aspect,Trine,Mercury,Scorpio,"0°21'20.95""",Vishakha,Jupiter,4,Saturn,Pisces,"1°00'27.95""",Purva Bhadrapada,Jupiter,4,120,120.6519,0.6519
2025-12-07 07:45:00,Aspect,Trine,Mercury,Scorpio,"0°21'56.21""",Vishakha,Jupiter,4,Jupiter,Gemini,"29°52'45.10""",Punarvasu,Jupiter,3,120,120.4864,0.4864
2025-12-07 07:45:00,Aspect,Trine,Mercury,Scorpio,"0°21'56.21""",Vishakha,Jupiter,4,Saturn,Pisces,"1°00'28.54""",Purva Bhadrapada,Jupiter,4,120,120.6423,0.6423
2025-12-07 08:00:00,Aspect,Trine,Mercury,Scorpio,"0°22'31.51""",Vishakha,Jupiter,4,Jupiter,Gemini,"29°52'42.06""",Punarvasu,Jupiter,3,120,120.4971,0.4971
2025-12-07 08:00:00,Aspect,Trine,Mercury,Scorpio,"0°22'31.51""",Vishakha,Jupiter,4,Saturn,Pisces,"1°00'29.14""",Purva Bhadrapada,Jupiter,4,120,120.6327,0.6327
2025-12-07 08:15:00,Aspect,Trine,Mercury,Scorpio,"0°23'06.83""",Vishakha,Jupiter,4,Jupiter,Gemini,"29°52'39.02""",Punarvasu,Jupiter,3,120,120.5077,0.5077
2025-12-07 08:15:00,Aspect,Trine,Mercury,Scorpio,"0°23'06.83""",Vishakha,Jupiter,4,Saturn,Pisces,"1°00'29.73""",Purva Bhadrapada,Jupiter,4,120,120.623,0.623
2025-12-07 08:30:00,Aspect,Trine,Mercury,Scorpio,"0°23'42.18""",Vishakha,Jupiter,4,Jupiter,Gemini,"29°52'35.99""",Punarvasu,Jupiter,3,120,120.5184,0.5184
2025-12-07 08:30:00,Aspect,Trine,Mercury,Scorpio,"0°23'42.18""",Vishakha,Jupiter,4,Saturn,Pisces,"1°00'30.33""",Purva Bhadrapada,Jupiter,4,120,120.6134,0.6134
2025-12-07 08:45:00,Aspect,Trine,Mercury,Scorpio,"0°24'17.57""",Vishakha,Jupiter,4,Jupiter,Gemini,"29°52'32.95""",Punarvasu,Jupiter,3,120,120.5291,0.5291
2025-12-07 08:45:00,Aspect,Trine,Mercury,Scorpio,"0°24'17.57""",Vishakha,Jupiter,4,Saturn,Pisces,"1°00'30.93""",Purva Bhadrapada,Jupiter,4,120,120.6037,0.6037
2025-12-07 09:00:00,Aspect,Trine,Mercury,Scorpio,"0°24'52.99""",Vishakha,Jupiter,4,Jupiter,Gemini,"29°52'29.91""",Punarvasu,Jupiter,3,120,120.5397,0.5397
2025-12-07 09:00:00,Aspect,Trine,Mercury,Scorpio,"0°24'52.99""",Vishakha,Jupiter,4,Saturn,Pisces,"1°00'31.52""",Purva Bhadrapada,Jupiter,4,120,120.594,0.594
2025-12-07 09:15:00,Aspect,Trine,Mercury,Scorpio,"0°25'28.44""",Vishakha,Jupiter,4,Jupiter,Gemini,"29°52'26.87""",Punarvasu,Jupiter,3,120,120.5504,0.5504
2025-12-07 09:15:00,Aspect,Trine,Mercury,Scorpio,"0°25'28.44""",Vishakha,Jupiter,4,Saturn,Pisces,"1°00'32.12""",Purva Bhadrapada,Jupiter,4,120,120.5844,0.5844
2025-12-07 09:30:00,Aspect,Trine,Mercury,Scorpio,"0°26'03.92""",Vishakha,Jupiter,4,Jupiter,Gemini,"29°52'23.82""",Punarvasu,Jupiter,3,120,120.5611,0.5611
2025-12-07 09:30:00,Aspect,Trine,Mercury,Scorpio,"0°26'03.92""",Vishakha,Jupiter,4,Saturn,Pisces,"1°00'32.72""",Purva Bhadrapada,Jupiter,4,120,120.5747,0.5747
2025-12-07 09:45:00,Aspect,Trine,Mercury,Scorpio,"0°26'39.43""",Vishakha,Jupiter,4,Jupiter,Gemini,"29°52'20.78""",Punarvasu,Jupiter,3,120,120.5718,0.5718
2025-12-07 09:45:00,Aspect,Trine,Mercury,Scorpio,"0°26'39.43""",Vishakha,Jupiter,4,Saturn,Pisces,"1°00'33.32""",Purva Bhadrapada,Jupiter,4,120,120.565,0.565
2025-12-07 10:00:00,Aspect,Trine,Mercury,Scorpio,"0°27'14.98""",Vishakha,Jupiter,4,Jupiter,Gemini,"29°52'17.74""",Punarvasu,Jupiter,3,120,120.5826,0.5826
2025-12-07 10:00:00,Aspect,Trine,Mercury,Scorpio,"0°27'14.98""",Vishakha,Jupiter,4,Saturn,Pisces,"1°00'33.92""",Purva Bhadrapada,Jupiter,4,120,120.5553,0.5553
2025-12-07 10:15:00,Aspect,Trine,Mercury,Scorpio,"0°27'50.55""",Vishakha,Jupiter,4,Jupiter,Gemini,"29°52'14.69""",Punarvasu,Jupiter,3,120,120.5933,0.5933
2025-12-07 10:15:00,Aspect,Trine,Mercury,Scorpio,"0°27'50.55""",Vishakha,Jupiter,4,Saturn,Pisces,"1°00'34.52""",Purva Bhadrapada,Jupiter,4,120,120.5455,0.5455
2025-12-07 10:30:00,Aspect,Trine,Mercury,Scorpio,"0°28'26.16""",Vishakha,Jupiter,4,Jupiter,Gemini,"29°52'11.65""",Punarvasu,Jupiter,3,120,120.604,0.604
2025-12-07 10:30:00,Aspect,Trine,Mercury,Scorpio,"0°28'26.16""",Vishakha,Jupiter,4,Saturn,Pisces,"1°00'35.13""",Purva Bhadrapada,Jupiter,4,120,120.5358,0.5358
2025-12-07 10:45:00,Aspect,Trine,Mercury,Scorpio,"0°29'01.80""",Vishakha,Jupiter,4,Jupiter,Gemini,"29°52'08.60""",Punarvasu,Jupiter,3,120,120.6148,0.6148
2025-12-07 10:45:00,Aspect,Trine,Mercury,Scorpio,"0°29'01.80""",Vishakha,Jupiter,4,Saturn,Pisces,"1°00'35.73""",Purva Bhadrapada,Jupiter,4,120,120.5261,0.5261
2025-12-07 11:00:00,Aspect,Trine,Mercury,Scorpio,"0°29'37.47""",Vishakha,Jupiter,4,Jupiter,Gemini,"29°52'05.55""",Punarvasu,Jupiter,3,120,120.6255,0.6255
2025-12-07 11:00:00,Aspect,Trine,Mercury,Scorpio,"0°29'37.47""",Vishakha,Jupiter,4,Saturn,Pisces,"1°00'36.33""",Purva Bhadrapada,Jupiter,4,120,120.5164,0.5164
2025-12-07 11:15:00,Aspect,Trine,Mercury,Scorpio,"0°30'13.17""",Vishakha,Jupiter,4,Jupiter,Gemini,"29°52'02.50""",Punarvasu,Jupiter,3,120,120.6363,0.6363
2025-12-07 11:15:00,Aspect,Trine,Mercury,Scorpio,"0°30'13.17""",Vishakha,Jupiter,4,Saturn,Pisces,"1°00'36.94""",Purva Bhadrapada,Jupiter,4,120,120.5066,0.5066
2025-12-07 11:30:00,Aspect,Trine,Mercury,Scorpio,"0°30'48.90""",Vishakha,Jupiter,4,Jupiter,Gemini,"29°51'59.45""",Punarvasu,Jupiter,3,120,120.6471,0.6471
2025-12-07 11:30:00,Aspect,Trine,Mercury,Scorpio,"0°30'48.90""",Vishakha,Jupiter,4,Saturn,Pisces,"1°00'37.54""",Purva Bhadrapada,Jupiter,4,120,120.4968,0.4968
2025-12-07 11:45:00,Aspect,Trine,Mercury,Scorpio,"0°31'24.66""",Vishakha,Jupiter,4,Jupiter,Gemini,"29°51'56.40""",Punarvasu,Jupiter,3,120,120.6579,0.6579
2025-12-07 11:45:00,Aspect,Trine,Mercury,Scorpio,"0°31'24.66""",Vishakha,Jupiter,4,Saturn,Pisces,"1°00'38.15""",Purva Bhadrapada,Jupiter,4,120,120.4871,0.4871
2025-12-07 12:00:00,Aspect,Trine,Mercury,Scorpio,"0°32'00.45""",Vishakha,Jupiter,4,Jupiter,Gemini,"29°51'53.34""",Punarvasu,Jupiter,3,120,120.6686,0.6686
2025-12-07 12:00:00,Aspect,Trine,Mercury,Scorpio,"0°32'00.45""",Vishakha,Jupiter,4,Saturn,Pisces,"1°00'38.75""",Purva Bhadrapada,Jupiter,4,120,120.4773,0.4773
2025-12-07 12:15:00,Aspect,Trine,Mercury,Scorpio,"0°32'36.28""",Vishakha,Jupiter,4,Jupiter,Gemini,"29°51'50.29""",Punarvasu,Jupiter,3,120,120.6794,0.6794
2025-12-07 12:15:00,Aspect,Trine,Mercury,Scorpio,"0°32'36.28""",Vishakha,Jupiter,4,Saturn,Pisces,"1°00'39.36""",Purva Bhadrapada,Jupiter,4,120,120.4675,0.4675
2025-12-07 12:30:00,Aspect,Trine,Mercury,Scorpio,"0°33'12.13""",Vishakha,Jupiter,4,Jupiter,Gemini,"29°51'47.23""",Punarvasu,Jupiter,3,120,120.6903,0.6903
2025-12-07 12:30:00,Aspect,Trine,Mercury,Scorpio,"0°33'12.13""",Vishakha,Jupiter,4,Saturn,Pisces,"1°00'39.97""",Purva Bhadrapada,Jupiter,4,120,120.4577,0.4577
2025-12-07 12:45:00,Aspect,Trine,Mercury,Scorpio,"0°33'48.02""",Vishakha,Jupiter,4,Jupiter,Gemini,"29°51'44.18""",Punarvasu,Jupiter,3,120,120.7011,0.7011
2025-12-07 12:45:00,Aspect,Trine,Mercury,Scorpio,"0°33'48.02""",Vishakha,Jupiter,4,Saturn,Pisces,"1°00'40.58""",Purva Bhadrapada,Jupiter,4,120,120.4479,0.4479
2025-12-07 13:00:00,Aspect,Trine,Mercury,Scorpio,"0°34'23.94""",Vishakha,Jupiter,4,Jupiter,Gemini,"29°51'41.12""",Punarvasu,Jupiter,3,120,120.7119,0.7119
2025-12-07 13:00:00,Aspect,Trine,Mercury,Scorpio,"0°34'23.94""",Vishakha,Jupiter,4,Saturn,Pisces,"1°00'41.19""",Purva Bhadrapada,Jupiter,4,120,120.4381,0.4381
2025-12-07 13:15:00,Aspect,Trine,Mercury,Scorpio,"0°34'59.88""",Vishakha,Jupiter,4,Jupiter,Gemini,"29°51'38.06""",Punarvasu,Jupiter,3,120,120.7227,0.7227
2025-12-07 13:15:00,Aspect,Trine,Mercury,Scorpio,"0°34'59.88""",Vishakha,Jupiter,4,Saturn,Pisces,"1°00'41.80""",Purva Bhadrapada,Jupiter,4,120,120.4283,0.4283
2025-12-07 13:30:00,Aspect,Trine,Mercury,Scorpio,"0°35'35.86""",Vishakha,Jupiter,4,Jupiter,Gemini,"29°51'35.00""",Punarvasu,Jupiter,3,120,120.7336,0.7336
2025-12-07 13:30:00,Aspect,Trine,Mercury,Scorpio,"0°35'35.86""",Vishakha,Jupiter,4,Saturn,Pisces,"1°00'42.41""",Purva Bhadrapada,Jupiter,4,120,120.4185,0.4185
2025-12-07 13:45:00,Aspect,Trine,Mercury,Scorpio,"0°36'11.87""",Vishakha,Jupiter,4,Jupiter,Gemini,"29°51'31.94""",Punarvasu,Jupiter,3,120,120.7444,0.7444
2025-12-07 13:45:00,Aspect,Trine,Mercury,Scorpio,"0°36'11.87""",Vishakha,Jupiter,4,Saturn,Pisces,"1°00'43.02""",Purva Bhadrapada,Jupiter,4,120,120.4087,0.4087
2025-12-07 14:00:00,Aspect,Trine,Mercury,Scorpio,"0°36'47.91""",Vishakha,Jupiter,4,Jupiter,Gemini,"29°51'28.88""",Punarvasu,Jupiter,3,120,120.7553,0.7553
2025-12-07 14:00:00,Aspect,Trine,Mercury,Scorpio,"0°36'47.91""",Vishakha,Jupiter,4,Saturn,Pisces,"1°00'43.63""",Purva Bhadrapada,Jupiter,4,120,120.3988,0.3988
2025-12-07 14:15:00,Aspect,Trine,Mercury,Scorpio,"0°37'23.98""",Vishakha,Jupiter,4,Jupiter,Gemini,"29°51'25.81""",Punarvasu,Jupiter,3,120,120.7662,0.7662
2025-12-07 14:15:00,Aspect,Trine,Mercury,Scorpio,"0°37'23.98""",Vishakha,Jupiter,4,Saturn,Pisces,"1°00'44.24""",Purva Bhadrapada,Jupiter,4,120,120.389,0.389
2025-12-07 14:30:00,Aspect,Trine,Mercury,Scorpio,"0°38'00.08""",Vishakha,Jupiter,4,Jupiter,Gemini,"29°51'22.75""",Punarvasu,Jupiter,3,120,120.777,0.777
2025-12-07 14:30:00,Aspect,Trine,Mercury,Scorpio,"0°38'00.08""",Vishakha,Jupiter,4,Saturn,Pisces,"1°00'44.86""",Purva Bhadrapada,Jupiter,4,120,120.3791,0.3791
2025-12-07 14:45:00,Aspect,Trine,Mercury,Scorpio,"0°38'36.22""",Vishakha,Jupiter,4,Jupiter,Gemini,"29°51'19.69""",Punarvasu,Jupiter,3,120,120.7879,0.7879
2025-12-07 14:45:00,Aspect,Trine,Mercury,Scorpio,"0°38'36.22""",Vishakha,Jupiter,4,Saturn,Pisces,"1°00'45.47""",Purva Bhadrapada,Jupiter,4,120,120.3692,0.3692
2025-12-07 15:00:00,Aspect,Trine,Mercury,Scorpio,"0°39'12.38""",Vishakha,Jupiter,4,Jupiter,Gemini,"29°51'16.62""",Punarvasu,Jupiter,3,120,120.7988,0.7988
2025-12-07 15:00:00,Aspect,Trine,Mercury,Scorpio,"0°39'12.38""",Vishakha,Jupiter,4,Saturn,Pisces,"1°00'46.09""",Purva Bhadrapada,Jupiter,4,120,120.3594,0.3594
2025-12-07 15:15:00,Aspect,Trine,Mercury,Scorpio,"0°39'48.57""",Vishakha,Jupiter,4,Jupiter,Gemini,"29°51'13.55""",Punarvasu,Jupiter,3,120,120.8097,0.8097
2025-12-07 15:15:00,Aspect,Trine,Mercury,Scorpio,"0°39'48.57""",Vishakha,Jupiter,4,Saturn,Pisces,"1°00'46.70""",Purva Bhadrapada,Jupiter,4,120,120.3495,0.3495
2025-12-07 15:30:00,Aspect,Trine,Mercury,Scorpio,"0°40'24.79""",Vishakha,Jupiter,4,Jupiter,Gemini,"29°51'10.48""",Punarvasu,Jupiter,3,120,120.8206,0.8206
2025-12-07 15:30:00,Aspect,Trine,Mercury,Scorpio,"0°40'24.79""",Vishakha,Jupiter,4,Saturn,Pisces,"1°00'47.32""",Purva Bhadrapada,Jupiter,4,120,120.3396,0.3396
2025-12-07 15:45:00,Aspect,Trine,Mercury,Scorpio,"0°41'01.05""",Vishakha,Jupiter,4,Jupiter,Gemini,"29°51'07.41""",Punarvasu,Jupiter,3,120,120.8316,0.8316
2025-12-07 15:45:00,Aspect,Trine,Mercury,Scorpio,"0°41'01.05""",Vishakha,Jupiter,4,Saturn,Pisces,"1°00'47.93""",Purva Bhadrapada,Jupiter,4,120,120.3297,0.3297
2025-12-07 16:00:00,Aspect,Trine,Mercury,Scorpio,"0°41'37.33""",Vishakha,Jupiter,4,Jupiter,Gemini,"29°51'04.34""",Punarvasu,Jupiter,3,120,120.8425,0.8425
2025-12-07 16:00:00,Aspect,Trine,Mercury,Scorpio,"0°41'37.33""",Vishakha,Jupiter,4,Saturn,Pisces,"1°00'48.55""",Purva Bhadrapada,Jupiter,4,120,120.3198,0.3198
2025-12-07 16:15:00,Aspect,Trine,Mercury,Scorpio,"0°42'13.64""",Vishakha,Jupiter,4,Jupiter,Gemini,"29°51'01.27""",Punarvasu,Jupiter,3,120,120.8534,0.8534
2025-12-07 16:15:00,Aspect,Trine,Mercury,Scorpio,"0°42'13.64""",Vishakha,Jupiter,4,Saturn,Pisces,"1°00'49.17""",Purva Bhadrapada,Jupiter,4,120,120.3099,0.3099
2025-12-07 16:30:00,Aspect,Trine,Mercury,Scorpio,"0°42'49.99""",Vishakha,Jupiter,4,Jupiter,Gemini,"29°50'58.20""",Punarvasu,Jupiter,3,120,120.8644,0.8644
2025-12-07 16:30:00,Aspect,Trine,Mercury,Scorpio,"0°42'49.99""",Vishakha,Jupiter,4,Saturn,Pisces,"1°00'49.79""",Purva Bhadrapada,Jupiter,4,120,120.2999,0.2999
2025-12-07 16:45:00,Aspect,Trine,Mercury,Scorpio,"0°43'26.36""",Vishakha,Jupiter,4,Jupiter,Gemini,"29°50'55.12""",Punarvasu,Jupiter,3,120,120.8753,0.8753
2025-12-07 16:45:00,Aspect,Trine,Mercury,Scorpio,"0°43'26.36""",Vishakha,Jupiter,4,Saturn,Pisces,"1°00'50.41""",Purva Bhadrapada,Jupiter,4,120,120.29,0.29
2025-12-07 17:00:00,Aspect,Trine,Mercury,Scorpio,"0°44'02.77""",Vishakha,Jupiter,4,Jupiter,Gemini,"29°50'52.05""",Punarvasu,Jupiter,3,120,120.8863,0.8863
2025-12-07 17:00:00,Aspect,Trine,Mercury,Scorpio,"0°44'02.77""",Vishakha,Jupiter,4,Saturn,Pisces,"1°00'51.03""",Purva Bhadrapada,Jupiter,4,120,120.2801,0.2801
2025-12-07 17:15:00,Aspect,Trine,Mercury,Scorpio,"0°44'39.20""",Vishakha,Jupiter,4,Jupiter,Gemini,"29°50'48.97""",Punarvasu,Jupiter,3,120,120.8973,0.8973
2025-12-07 17:15:00,Aspect,Trine,Mercury,Scorpio,"0°44'39.20""",Vishakha,Jupiter,4,Saturn,Pisces,"1°00'51.65""",Purva Bhadrapada,Jupiter,4,120,120.2701,0.2701
2025-12-07 17:30:00,Aspect,Trine,Mercury,Scorpio,"0°45'15.67""",Vishakha,Jupiter,4,Jupiter,Gemini,"29°50'45.89""",Punarvasu,Jupiter,3,120,120.9083,0.9083
2025-12-07 17:30:00,Aspect,Trine,Mercury,Scorpio,"0°45'15.67""",Vishakha,Jupiter,4,Saturn,Pisces,"1°00'52.27""",Purva Bhadrapada,Jupiter,4,120,120.2602,0.2602
2025-12-07 17:45:00,Aspect,Trine,Mercury,Scorpio,"0°45'52.16""",Vishakha,Jupiter,4,Jupiter,Gemini,"29°50'42.82""",Punarvasu,Jupiter,3,120,120.9193,0.9193
2025-12-07 17:45:00,Aspect,Trine,Mercury,Scorpio,"0°45'52.16""",Vishakha,Jupiter,4,Saturn,Pisces,"1°00'52.89""",Purva Bhadrapada,Jupiter,4,120,120.2502,0.2502
2025-12-07 18:00:00,Aspect,Trine,Mercury,Scorpio,"0°46'28.69""",Vishakha,Jupiter,4,Jupiter,Gemini,"29°50'39.74""",Punarvasu,Jupiter,3,120,120.9303,0.9303
2025-12-07 18:00:00,Aspect,Trine,Mercury,Scorpio,"0°46'28.69""",Vishakha,Jupiter,4,Saturn,Pisces,"1°00'53.52""",Purva Bhadrapada,Jupiter,4,120,120.2402,0.2402
2025-12-07 18:15:00,Aspect,Trine,Mercury,Scorpio,"0°47'05.24""",Vishakha,Jupiter,4,Jupiter,Gemini,"29°50'36.66""",Punarvasu,Jupiter,3,120,120.9413,0.9413
2025-12-07 18:15:00,Aspect,Trine,Mercury,Scorpio,"0°47'05.24""",Vishakha,Jupiter,4,Saturn,Pisces,"1°00'54.14""",Purva Bhadrapada,Jupiter,4,120,120.2302,0.2302
2025-12-07 18:30:00,Aspect,Trine,Mercury,Scorpio,"0°47'41.83""",Vishakha,Jupiter,4,Jupiter,Gemini,"29°50'33.57""",Punarvasu,Jupiter,3,120,120.9523,0.9523
2025-12-07 18:30:00,Aspect,Trine,Mercury,Scorpio,"0°47'41.83""",Vishakha,Jupiter,4,Saturn,Pisces,"1°00'54.76""",Purva Bhadrapada,Jupiter,4,120,120.2203,0.2203
2025-12-07 18:45:00,Aspect,Trine,Mercury,Scorpio,"0°48'18.44""",Vishakha,Jupiter,4,Jupiter,Gemini,"29°50'30.49""",Punarvasu,Jupiter,3,120,120.9633,0.9633
2025-12-07 18:45:00,Aspect,Trine,Mercury,Scorpio,"0°48'18.44""",Vishakha,Jupiter,4,Saturn,Pisces,"1°00'55.39""",Purva Bhadrapada,Jupiter,4,120,120.2103,0.2103
2025-12-07 19:00:00,Aspect,Trine,Mercury,Scorpio,"0°48'55.08""",Vishakha,Jupiter,4,Jupiter,Gemini,"29°50'27.41""",Punarvasu,Jupiter,3,120,120.9744,0.9744
2025-12-07 19:00:00,Aspect,Trine,Mercury,Scorpio,"0°48'55.08""",Vishakha,Jupiter,4,Saturn,Pisces,"1°00'56.02""",Purva Bhadrapada,Jupiter,4,120,120.2003,0.2003
2025-12-07 19:15:00,Aspect,Trine,Mercury,Scorpio,"0°49'31.76""",Vishakha,Jupiter,4,Jupiter,Gemini,"29°50'24.32""",Punarvasu,Jupiter,3,120,120.9854,0.9854
2025-12-07 19:15:00,Aspect,Trine,Mercury,Scorpio,"0°49'31.76""",Vishakha,Jupiter,4,Saturn,Pisces,"1°00'56.64""",Purva Bhadrapada,Jupiter,4,120,120.1902,0.1902
2025-12-07 19:30:00,Aspect,Trine,Mercury,Scorpio,"0°50'08.46""",Vishakha,Jupiter,4,Jupiter,Gemini,"29°50'21.24""",Punarvasu,Jupiter,3,120,120.9965,0.9965
2025-12-07 19:30:00,Aspect,Trine,Mercury,Scorpio,"0°50'08.46""",Vishakha,Jupiter,4,Saturn,Pisces,"1°00'57.27""",Purva Bhadrapada,Jupiter,4,120,120.1802,0.1802
2025-12-07 19:45:00,Aspect,Trine,Mercury,Scorpio,"0°50'45.19""",Vishakha,Jupiter,4,Saturn,Pisces,"1°00'57.90""",Purva Bhadrapada,Jupiter,4,120,120.1702,0.1702
2025-12-07 20:00:00,Aspect,Trine,Mercury,Scorpio,"0°51'21.96""",Vishakha,Jupiter,4,Saturn,Pisces,"1°00'58.53""",Purva Bhadrapada,Jupiter,4,120,120.1602,0.1602
2025-12-07 20:15:00,Aspect,Trine,Mercury,Scorpio,"0°51'58.75""",Vishakha,Jupiter,4,Saturn,Pisces,"1°00'59.16""",Purva Bhadrapada,Jupiter,4,120,120.1501,0.1501
2025-12-07 20:30:00,Aspect,Trine,Mercury,Scorpio,"0°52'35.57""",Vishakha,Jupiter,4,Saturn,Pisces,"1°00'59.79""",Purva Bhadrapada,Jupiter,4,120,120.1401,0.1401
2025-12-07 20:45:00,Aspect,Trine,Mercury,Scorpio,"0°53'12.42""",Vishakha,Jupiter,4,Saturn,Pisces,"1°01'00.42""",Purva Bhadrapada,Jupiter,4,120,120.13,0.13
2025-12-07 21:00:00,Aspect,Trine,Mercury,Scorpio,"0°53'49.30""",Vishakha,Jupiter,4,Saturn,Pisces,"1°01'01.05""",Purva Bhadrapada,Jupiter,4,120,120.1199,0.1199
2025-12-07 21:15:00,Aspect,Trine,Mercury,Scorpio,"0°54'26.22""",Vishakha,Jupiter,4,Saturn,Pisces,"1°01'01.68""",Purva Bhadrapada,Jupiter,4,120,120.1099,0.1099
2025-12-07 21:30:00,Aspect,Trine,Mercury,Scorpio,"0°55'03.16""",Vishakha,Jupiter,4,Saturn,Pisces,"1°01'02.31""",Purva Bhadrapada,Jupiter,4,120,120.0998,0.0998
2025-12-07 21:45:00,Aspect,Trine,Mercury,Scorpio,"0°55'40.12""",Vishakha,Jupiter,4,Saturn,Pisces,"1°01'02.95""",Purva Bhadrapada,Jupiter,4,120,120.0897,0.0897
2025-12-07 22:00:00,Aspect,Trine,Mercury,Scorpio,"0°56'17.12""",Vishakha,Jupiter,4,Saturn,Pisces,"1°01'03.58""",Purva Bhadrapada,Jupiter,4,120,120.0796,0.0796
2025-12-07 22:15:00,Aspect,Trine,Mercury,Scorpio,"0°56'54.15""",Vishakha,Jupiter,4,Saturn,Pisces,"1°01'04.22""",Purva Bhadrapada,Jupiter,4,120,120.0695,0.0695
2025-12-07 22:30:00,Aspect,Trine,Mercury,Scorpio,"0°57'31.21""",Vishakha,Jupiter,4,Saturn,Pisces,"1°01'04.85""",Purva Bhadrapada,Jupiter,4,120,120.0593,0.0593
2025-12-07 22:45:00,Aspect,Trine,Mercury,Scorpio,"0°58'08.29""",Vishakha,Jupiter,4,Saturn,Pisces,"1°01'05.49""",Purva Bhadrapada,Jupiter,4,120,120.0492,0.0492
2025-12-07 23:00:00,Aspect,Trine,Mercury,Scorpio,"0°58'45.41""",Vishakha,Jupiter,4,Saturn,Pisces,"1°01'06.12""",Purva Bhadrapada,Jupiter,4,120,120.0391,0.0391
2025-12-07 23:15:00,Aspect,Trine,Mercury,Scorpio,"0°59'22.55""",Vishakha,Jupiter,4,Saturn,Pisces,"1°01'06.76""",Purva Bhadrapada,Jupiter,4,120,120.0289,0.0289
2025-12-07 23:30:00,Aspect,Trine,Mercury,Scorpio,"0°59'59.73""",Vishakha,Jupiter,4,Saturn,Pisces,"1°01'07.40""",Purva Bhadrapada,Jupiter,4,120,120.0188,0.0188
2025-12-07 23:45:00,Aspect,Trine,Mercury,Scorpio,"1°00'36.93""",Vishakha,Jupiter,4,Saturn,Pisces,"1°01'08.04""",Purva Bhadrapada,Jupiter,4,120,120.0086,0.0086
2025-12-08 00:00:00,Aspect,Trine,Mercury,Scorpio,"1°01'14.16""",Vishakha,Jupiter,4,Saturn,Pisces,"1°01'08.68""",Purva Bhadrapada,Jupiter,4,120,119.9985,0.0015
2025-12-08 00:15:00,Aspect,Trine,Mercury,Scorpio,"1°01'51.42""",Vishakha,Jupiter,4,Saturn,Pisces,"1°01'09.32""",Purva Bhadrapada,Jupiter,4,120,119.9883,0.0117
2025-12-08 00:30:00,Aspect,Trine,Mercury,Scorpio,"1°02'28.71""",Vishakha,Jupiter,4,Saturn,Pisces,"1°01'09.96""",Purva Bhadrapada,Jupiter,4,120,119.9781,0.0219
2025-12-08 00:45:00,Aspect,Trine,Mercury,Scorpio,"1°03'06.03""",Vishakha,Jupiter,4,Saturn,Pisces,"1°01'10.60""",Purva Bhadrapada,Jupiter,4,120,119.9679,0.0321
2025-12-08 01:00:00,Aspect,Trine,Mercury,Scorpio,"1°03'43.38""",Vishakha,Jupiter,4,Saturn,Pisces,"1°01'11.25""",Purva Bhadrapada,Jupiter,4,120,119.9577,0.0423
2025-12-08 01:15:00,Aspect,Trine,Mercury,Scorpio,"1°04'20.75""",Vishakha,Jupiter,4,Saturn,Pisces,"1°01'11.89""",Purva Bhadrapada,Jupiter,4,120,119.9475,0.0525
2025-12-08 01:30:00,Aspect,Trine,Mercury,Scorpio,"1°04'58.16""",Vishakha,Jupiter,4,Saturn,Pisces,"1°01'12.53""",Purva Bhadrapada,Jupiter,4,120,119.9373,0.0627
2025-12-08 01:45:00,Aspect,Trine,Mercury,Scorpio,"1°05'35.59""",Vishakha,Jupiter,4,Saturn,Pisces,"1°01'13.18""",Purva Bhadrapada,Jupiter,4,120,119.9271,0.0729
2025-12-08 02:00:00,Aspect,Trine,Mercury,Scorpio,"1°06'13.05""",Vishakha,Jupiter,4,Saturn,Pisces,"1°01'13.82""",Purva Bhadrapada,Jupiter,4,120,119.9169,0.0831
2025-12-08 02:15:00,Aspect,Trine,Mercury,Scorpio,"1°06'50.54""",Vishakha,Jupiter,4,Saturn,Pisces,"1°01'14.47""",Purva Bhadrapada,Jupiter,4,120,119.9066,0.0934
2025-12-08 02:30:00,Aspect,Trine,Mercury,Scorpio,"1°07'28.06""",Vishakha,Jupiter,4,Saturn,Pisces,"1°01'15.12""",Purva Bhadrapada,Jupiter,4,120,119.8964,0.1036
2025-12-08 02:45:00,Aspect,Trine,Mercury,Scorpio,"1°08'05.61""",Vishakha,Jupiter,4,Saturn,Pisces,"1°01'15.76""",Purva Bhadrapada,Jupiter,4,120,119.8862,0.1138
2025-12-08 03:00:00,Aspect,Trine,Mercury,Scorpio,"1°08'43.18""",Vishakha,Jupiter,4,Saturn,Pisces,"1°01'16.41""",Purva Bhadrapada,Jupiter,4,120,119.8759,0.1241
2025-12-08 03:15:00,Aspect,Trine,Mercury,Scorpio,"1°09'20.79""",Vishakha,Jupiter,4,Saturn,Pisces,"1°01'17.06""",Purva Bhadrapada,Jupiter,4,120,119.8656,0.1344
2025-12-08 03:30:00,Aspect,Trine,Mercury,Scorpio,"1°09'58.42""",Vishakha,Jupiter,4,Saturn,Pisces,"1°01'17.71""",Purva Bhadrapada,Jupiter,4,120,119.8554,0.1446
2025-12-08 03:45:00,Aspect,Trine,Mercury,Scorpio,"1°10'36.08""",Vishakha,Jupiter,4,Saturn,Pisces,"1°01'18.36""",Purva Bhadrapada,Jupiter,4,120,119.8451,0.1549
2025-12-08 04:00:00,Aspect,Trine,Mercury,Scorpio,"1°11'13.77""",Vishakha,Jupiter,4,Saturn,Pisces,"1°01'19.01""",Purva Bhadrapada,Jupiter,4,120,119.8348,0.1652
2025-12-08 04:15:00,Aspect,Trine,Mercury,Scorpio,"1°11'51.49""",Vishakha,Jupiter,4,Saturn,Pisces,"1°01'19.66""",Purva Bhadrapada,Jupiter,4,120,119.8245,0.1755
2025-12-08 04:30:00,Aspect,Trine,Mercury,Scorpio,"1°12'29.24""",Vishakha,Jupiter,4,Saturn,Pisces,"1°01'20.31""",Purva Bhadrapada,Jupiter,4,120,119.8142,0.1858
2025-12-08 04:45:00,Aspect,Trine,Mercury,Scorpio,"1°13'07.01""",Vishakha,Jupiter,4,Saturn,Pisces,"1°01'20.97""",Purva Bhadrapada,Jupiter,4,120,119.8039,0.1961
2025-12-08 05:00:00,Aspect,Trine,Mercury,Scorpio,"1°13'44.81""",Vishakha,Jupiter,4,Saturn,Pisces,"1°01'21.62""",Purva Bhadrapada,Jupiter,4,120,119.7936,0.2064
2025-12-08 05:15:00,Aspect,Trine,Mercury,Scorpio,"1°14'22.64""",Vishakha,Jupiter,4,Saturn,Pisces,"1°01'22.28""",Purva Bhadrapada,Jupiter,4,120,119.7832,0.2168
2025-12-08 05:30:00,Aspect,Trine,Mercury,Scorpio,"1°15'00.50""",Vishakha,Jupiter,4,Saturn,Pisces,"1°01'22.93""",Purva Bhadrapada,Jupiter,4,120,119.7729,0.2271
2025-12-08 05:45:00,Aspect,Trine,Mercury,Scorpio,"1°15'38.39""",Vishakha,Jupiter,4,Saturn,Pisces,"1°01'23.59""",Purva Bhadrapada,Jupiter,4,120,119.7626,0.2374
2025-12-08 06:00:00,Aspect,Trine,Mercury,Scorpio,"1°16'16.30""",Vishakha,Jupiter,4,Saturn,Pisces,"1°01'24.24""",Purva Bhadrapada,Jupiter,4,120,119.7522,0.2478
2025-12-08 06:15:00,Aspect,Trine,Mercury,Scorpio,"1°16'54.25""",Vishakha,Jupiter,4,Saturn,Pisces,"1°01'24.90""",Purva Bhadrapada,Jupiter,4,120,119.7418,0.2582
2025-12-08 06:30:00,Aspect,Trine,Mercury,Scorpio,"1°17'32.22""",Vishakha,Jupiter,4,Saturn,Pisces,"1°01'25.56""",Purva Bhadrapada,Jupiter,4,120,119.7315,0.2685
2025-12-08 06:45:00,Aspect,Trine,Mercury,Scorpio,"1°18'10.22""",Vishakha,Jupiter,4,Saturn,Pisces,"1°01'26.22""",Purva Bhadrapada,Jupiter,4,120,119.7211,0.2789
2025-12-08 07:00:00,Aspect,Trine,Mercury,Scorpio,"1°18'48.24""",Vishakha,Jupiter,4,Saturn,Pisces,"1°01'26.88""",Purva Bhadrapada,Jupiter,4,120,119.7107,0.2893
2025-12-08 07:15:00,Aspect,Trine,Mercury,Scorpio,"1°19'26.30""",Vishakha,Jupiter,4,Saturn,Pisces,"1°01'27.54""",Purva Bhadrapada,Jupiter,4,120,119.7003,0.2997
2025-12-08 07:30:00,Aspect,Trine,Mercury,Scorpio,"1°20'04.38""",Vishakha,Jupiter,4,Saturn,Pisces,"1°01'28.20""",Purva Bhadrapada,Jupiter,4,120,119.6899,0.3101
2025-12-08 07:45:00,Aspect,Trine,Mercury,Scorpio,"1°20'42.49""",Vishakha,Jupiter,4,Saturn,Pisces,"1°01'28.86""",Purva Bhadrapada,Jupiter,4,120,119.6795,0.3205
2025-12-08 08:00:00,Aspect,Trine,Mercury,Scorpio,"1°21'20.62""",Vishakha,Jupiter,4,Saturn,Pisces,"1°01'29.52""",Purva Bhadrapada,Jupiter,4,120,119.6691,0.3309
2025-12-08 08:15:00,Aspect,Trine,Mercury,Scorpio,"1°21'58.79""",Vishakha,Jupiter,4,Saturn,Pisces,"1°01'30.18""",Purva Bhadrapada,Jupiter,4,120,119.6587,0.3413
2025-12-08 08:30:00,Aspect,Trine,Mercury,Scorpio,"1°22'36.98""",Vishakha,Jupiter,4,Saturn,Pisces,"1°01'30.85""",Purva Bhadrapada,Jupiter,4,120,119.6483,0.3517
2025-12-08 08:45:00,Aspect,Trine,Mercury,Scorpio,"1°23'15.20""",Vishakha,Jupiter,4,Saturn,Pisces,"1°01'31.51""",Purva Bhadrapada,Jupiter,4,120,119.6379,0.3621
2025-12-08 09:00:00,Aspect,Trine,Mercury,Scorpio,"1°23'53.45""",Vishakha,Jupiter,4,Saturn,Pisces,"1°01'32.17""",Purva Bhadrapada,Jupiter,4,120,119.6274,0.3726
2025-12-08 09:15:00,Aspect,Trine,Mercury,Scorpio,"1°24'31.73""",Vishakha,Jupiter,4,Saturn,Pisces,"1°01'32.84""",Purva Bhadrapada,Jupiter,4,120,119.617,0.383
2025-12-08 09:30:00,Aspect,Trine,Mercury,Scorpio,"1°25'10.03""",Vishakha,Jupiter,4,Saturn,Pisces,"1°01'33.51""",Purva Bhadrapada,Jupiter,4,120,119.6065,0.3935
2025-12-08 09:45:00,Aspect,Trine,Mercury,Scorpio,"1°25'48.36""",Vishakha,Jupiter,4,Saturn,Pisces,"1°01'34.17""",Purva Bhadrapada,Jupiter,4,120,119.5961,0.4039
2025-12-08 10:00:00,Aspect,Trine,Mercury,Scorpio,"1°26'26.71""",Vishakha,Jupiter,4,Saturn,Pisces,"1°01'34.84""",Purva Bhadrapada,Jupiter,4,120,119.5856,0.4144
2025-12-08 10:15:00,Aspect,Trine,Mercury,Scorpio,"1°27'05.10""",Vishakha,Jupiter,4,Saturn,Pisces,"1°01'35.51""",Purva Bhadrapada,Jupiter,4,120,119.5751,0.4249
2025-12-08 10:30:00,Aspect,Trine,Mercury,Scorpio,"1°27'43.51""",Vishakha,Jupiter,4,Saturn,Pisces,"1°01'36.18""",Purva Bhadrapada,Jupiter,4,120,119.5646,0.4354
2025-12-08 10:45:00,Aspect,Trine,Mercury,Scorpio,"1°28'21.95""",Vishakha,Jupiter,4,Saturn,Pisces,"1°01'36.85""",Purva Bhadrapada,Jupiter,4,120,119.5541,0.4459
2025-12-08 11:00:00,Aspect,Trine,Mercury,Scorpio,"1°29'00.42""",Vishakha,Jupiter,4,Saturn,Pisces,"1°01'37.52""",Purva Bhadrapada,Jupiter,4,120,119.5436,0.4564
2025-12-08 11:15:00,Aspect,Trine,Mercury,Scorpio,"1°29'38.91""",Vishakha,Jupiter,4,Saturn,Pisces,"1°01'38.19""",Purva Bhadrapada,Jupiter,4,120,119.5331,0.4669
2025-12-08 11:30:00,Aspect,Trine,Mercury,Scorpio,"1°30'17.43""",Vishakha,Jupiter,4,Saturn,Pisces,"1°01'38.86""",Purva Bhadrapada,Jupiter,4,120,119.5226,0.4774
2025-12-08 11:45:00,Aspect,Trine,Mercury,Scorpio,"1°30'55.98""",Vishakha,Jupiter,4,Saturn,Pisces,"1°01'39.53""",Purva Bhadrapada,Jupiter,4,120,119.5121,0.4879
2025-12-08 12:00:00,Aspect,Trine,Mercury,Scorpio,"1°31'34.55""",Vishakha,Jupiter,4,Saturn,Pisces,"1°01'40.21""",Purva Bhadrapada,Jupiter,4,120,119.5016,0.4984
2025-12-08 12:15:00,Aspect,Trine,Mercury,Scorpio,"1°32'13.16""",Vishakha,Jupiter,4,Saturn,Pisces,"1°01'40.88""",Purva Bhadrapada,Jupiter,4,120,119.491,0.509
2025-12-08 12:30:00,Aspect,Trine,Mercury,Scorpio,"1°32'51.78""",Vishakha,Jupiter,4,Saturn,Pisces,"1°01'41.55""",Purva Bhadrapada,Jupiter,4,120,119.4805,0.5195
2025-12-08 12:45:00,Aspect,Trine,Mercury,Scorpio,"1°33'30.44""",Vishakha,Jupiter,4,Saturn,Pisces,"1°01'42.23""",Purva Bhadrapada,Jupiter,4,120,119.4699,0.5301
2025-12-08 13:00:00,Aspect,Trine,Mercury,Scorpio,"1°34'09.12""",Vishakha,Jupiter,4,Saturn,Pisces,"1°01'42.91""",Purva Bhadrapada,Jupiter,4,120,119.4594,0.5406
2025-12-08 13:15:00,Aspect,Trine,Mercury,Scorpio,"1°34'47.83""",Vishakha,Jupiter,4,Saturn,Pisces,"1°01'43.58""",Purva Bhadrapada,Jupiter,4,120,119.4488,0.5512
2025-12-08 13:30:00,Aspect,Trine,Mercury,Scorpio,"1°35'26.57""",Vishakha,Jupiter,4,Saturn,Pisces,"1°01'44.26""",Purva Bhadrapada,Jupiter,4,120,119.4382,0.5618
2025-12-08 13:45:00,Aspect,Trine,Mercury,Scorpio,"1°36'05.33""",Vishakha,Jupiter,4,Saturn,Pisces,"1°01'44.94""",Purva Bhadrapada,Jupiter,4,120,119.4277,0.5723
2025-12-08 14:00:00,Aspect,Trine,Mercury,Scorpio,"1°36'44.12""",Vishakha,Jupiter,4,Saturn,Pisces,"1°01'45.62""",Purva Bhadrapada,Jupiter,4,120,119.4171,0.5829
2025-12-08 14:15:00,Aspect,Trine,Mercury,Scorpio,"1°37'22.94""",Vishakha,Jupiter,4,Saturn,Pisces,"1°01'46.30""",Purva Bhadrapada,Jupiter,4,120,119.4065,0.5935
2025-12-08 14:30:00,Aspect,Trine,Mercury,Scorpio,"1°38'01.78""",Vishakha,Jupiter,4,Saturn,Pisces,"1°01'46.98""",Purva Bhadrapada,Jupiter,4,120,119.3959,0.6041
2025-12-08 14:45:00,Aspect,Trine,Mercury,Scorpio,"1°38'40.65""",Vishakha,Jupiter,4,Saturn,Pisces,"1°01'47.66""",Purva Bhadrapada,Jupiter,4,120,119.3853,0.6147
2025-12-08 15:00:00,Aspect,Trine,Mercury,Scorpio,"1°39'19.55""",Vishakha,Jupiter,4,Saturn,Pisces,"1°01'48.34""",Purva Bhadrapada,Jupiter,4,120,119.3747,0.6253
2025-12-08 15:15:00,Aspect,Trine,Mercury,Scorpio,"1°39'58.47""",Vishakha,Jupiter,4,Saturn,Pisces,"1°01'49.02""",Purva Bhadrapada,Jupiter,4,120,119.364,0.636
2025-12-08 15:30:00,Aspect,Trine,Mercury,Scorpio,"1°40'37.42""",Vishakha,Jupiter,4,Saturn,Pisces,"1°01'49.70""",Purva Bhadrapada,Jupiter,4,120,119.3534,0.6466
2025-12-08 15:45:00,Aspect,Trine,Mercury,Scorpio,"1°41'16.40""",Vishakha,Jupiter,4,Saturn,Pisces,"1°01'50.39""",Purva Bhadrapada,Jupiter,4,120,119.3428,0.6572
2025-12-08 16:00:00,Aspect,Trine,Mercury,Scorpio,"1°41'55.40""",Vishakha,Jupiter,4,Saturn,Pisces,"1°01'51.07""",Purva Bhadrapada,Jupiter,4,120,119.3321,0.6679
2025-12-08 16:15:00,Aspect,Trine,Mercury,Scorpio,"1°42'34.43""",Vishakha,Jupiter,4,Saturn,Pisces,"1°01'51.76""",Purva Bhadrapada,Jupiter,4,120,119.3215,0.6785
2025-12-08 16:30:00,Aspect,Trine,Mercury,Scorpio,"1°43'13.48""",Vishakha,Jupiter,4,Saturn,Pisces,"1°01'52.44""",Purva Bhadrapada,Jupiter,4,120,119.3108,0.6892
2025-12-08 16:45:00,Aspect,Trine,Mercury,Scorpio,"1°43'52.56""",Vishakha,Jupiter,4,Saturn,Pisces,"1°01'53.13""",Purva Bhadrapada,Jupiter,4,120,119.3002,0.6998
2025-12-08 17:00:00,Aspect,Trine,Mercury,Scorpio,"1°44'31.67""",Vishakha,Jupiter,4,Saturn,Pisces,"1°01'53.81""",Purva Bhadrapada,Jupiter,4,120,119.2895,0.7105
2025-12-08 17:15:00,Aspect,Trine,Mercury,Scorpio,"1°45'10.81""",Vishakha,Jupiter,4,Saturn,Pisces,"1°01'54.50""",Purva Bhadrapada,Jupiter,4,120,119.2788,0.7212
2025-12-08 17:30:00,Aspect,Trine,Mercury,Scorpio,"1°45'49.97""",Vishakha,Jupiter,4,Saturn,Pisces,"1°01'55.19""",Purva Bhadrapada,Jupiter,4,120,119.2681,0.7319
2025-12-08 17:45:00,Aspect,Trine,Mercury,Scorpio,"1°46'29.15""",Vishakha,Jupiter,4,Saturn,Pisces,"1°01'55.88""",Purva Bhadrapada,Jupiter,4,120,119.2574,0.7426
2025-12-08 18:00:00,Aspect,Trine,Mercury,Scorpio,"1°47'08.36""",Vishakha,Jupiter,4,Saturn,Pisces,"1°01'56.57""",Purva Bhadrapada,Jupiter,4,120,119.2467,0.7533
2025-12-08 18:15:00,Aspect,Trine,Mercury,Scorpio,"1°47'47.60""",Vishakha,Jupiter,4,Saturn,Pisces,"1°01'57.26""",Purva Bhadrapada,Jupiter,4,120,119.236,0.764
2025-12-08 18:30:00,Aspect,Trine,Mercury,Scorpio,"1°48'26.87""",Vishakha,Jupiter,4,Saturn,Pisces,"1°01'57.95""",Purva Bhadrapada,Jupiter,4,120,119.2253,0.7747
2025-12-08 18:45:00,Aspect,Trine,Mercury,Scorpio,"1°49'06.16""",Vishakha,Jupiter,4,Saturn,Pisces,"1°01'58.64""",Purva Bhadrapada,Jupiter,4,120,119.2146,0.7854
2025-12-08 19:00:00,Aspect,Trine,Mercury,Scorpio,"1°49'45.48""",Vishakha,Jupiter,4,Saturn,Pisces,"1°01'59.34""",Purva Bhadrapada,Jupiter,4,120,119.2038,0.7962
2025-12-08 19:15:00,Aspect,Trine,Mercury,Scorpio,"1°50'24.82""",Vishakha,Jupiter,4,Saturn,Pisces,"1°02'00.03""",Purva Bhadrapada,Jupiter,4,120,119.1931,0.8069
2025-12-08 19:30:00,Aspect,Trine,Mercury,Scorpio,"1°51'04.19""",Vishakha,Jupiter,4,Saturn,Pisces,"1°02'00.72""",Purva Bhadrapada,Jupiter,4,120,119.1824,0.8176
2025-12-08 19:45:00,Aspect,Trine,Mercury,Scorpio,"1°51'43.58""",Vishakha,Jupiter,4,Saturn,Pisces,"1°02'01.42""",Purva Bhadrapada,Jupiter,4,120,119.1716,0.8284
2025-12-08 20:00:00,Aspect,Trine,Mercury,Scorpio,"1°52'23.00""",Vishakha,Jupiter,4,Saturn,Pisces,"1°02'02.11""",Purva Bhadrapada,Jupiter,4,120,119.1609,0.8391
2025-12-08 20:15:00,Aspect,Trine,Mercury,Scorpio,"1°53'02.45""",Vishakha,Jupiter,4,Saturn,Pisces,"1°02'02.81""",Purva Bhadrapada,Jupiter,4,120,119.1501,0.8499
2025-12-08 20:30:00,Aspect,Trine,Mercury,Scorpio,"1°53'41.92""",Vishakha,Jupiter,4,Saturn,Pisces,"1°02'03.51""",Purva Bhadrapada,Jupiter,4,120,119.1393,0.8607
2025-12-08 20:45:00,Aspect,Trine,Mercury,Scorpio,"1°54'21.42""",Vishakha,Jupiter,4,Saturn,Pisces,"1°02'04.20""",Purva Bhadrapada,Jupiter,4,120,119.1286,0.8714
2025-12-08 21:00:00,Aspect,Trine,Mercury,Scorpio,"1°55'00.94""",Vishakha,Jupiter,4,Saturn,Pisces,"1°02'04.90""",Purva Bhadrapada,Jupiter,4,120,119.1178,0.8822
2025-12-08 21:15:00,Aspect,Trine,Mercury,Scorpio,"1°55'40.49""",Vishakha,Jupiter,4,Saturn,Pisces,"1°02'05.60""",Purva Bhadrapada,Jupiter,4,120,119.107,0.893
2025-12-08 21:30:00,Aspect,Trine,Mercury,Scorpio,"1°56'20.06""",Vishakha,Jupiter,4,Saturn,Pisces,"1°02'06.30""",Purva Bhadrapada,Jupiter,4,120,119.0962,0.9038
2025-12-08 21:45:00,Aspect,Trine,Mercury,Scorpio,"1°56'59.66""",Vishakha,Jupiter,4,Saturn,Pisces,"1°02'07.00""",Purva Bhadrapada,Jupiter,4,120,119.0854,0.9146
2025-12-08 22:00:00,Aspect,Trine,Mercury,Scorpio,"1°57'39.29""",Vishakha,Jupiter,4,Saturn,Pisces,"1°02'07.70""",Purva Bhadrapada,Jupiter,4,120,119.0746,0.9254
2025-12-08 22:15:00,Aspect,Trine,Mercury,Scorpio,"1°58'18.94""",Vishakha,Jupiter,4,Saturn,Pisces,"1°02'08.40""",Purva Bhadrapada,Jupiter,4,120,119.0637,0.9363
2025-12-08 22:30:00,Aspect,Trine,Mercury,Scorpio,"1°58'58.62""",Vishakha,Jupiter,4,Saturn,Pisces,"1°02'09.10""",Purva Bhadrapada,Jupiter,4,120,119.0529,0.9471
2025-12-08 22:45:00,Aspect,Trine,Mercury,Scorpio,"1°59'38.32""",Vishakha,Jupiter,4,Saturn,Pisces,"1°02'09.81""",Purva Bhadrapada,Jupiter,4,120,119.0421,0.9579
2025-12-08 23:00:00,Aspect,Trine,Mercury,Scorpio,"2°00'18.05""",Vishakha,Jupiter,4,Saturn,Pisces,"1°02'10.51""",Purva Bhadrapada,Jupiter,4,120,119.0312,0.9688
2025-12-08 23:15:00,Aspect,Trine,Mercury,Scorpio,"2°00'57.80""",Vishakha,Jupiter,4,Saturn,Pisces,"1°02'11.22""",Purva Bhadrapada,Jupiter,4,120,119.0204,0.9796
2025-12-08 23:30:00,Aspect,Trine,Mercury,Scorpio,"2°01'37.58""",Vishakha,Jupiter,4,Saturn,Pisces,"1°02'11.92""",Purva Bhadrapada,Jupiter,4,120,119.0095,0.9905
2025-12-20 22:30:00,Aspect,Square,Mercury,Scorpio,"17°33'08.03""",Jyeshtha,Mercury,1,Rahu,Aquarius,"18°33'02.11""",Shatabhisha,Rahu,4,90,90.9984,0.9984
2025-12-20 22:30:00,Aspect,Square,Mercury,Scorpio,"17°33'08.03""",Jyeshtha,Mercury,1,Ketu,Leo,"18°33'02.11""",Purva Phalguni,Venus,2,90,89.0016,0.9984
2025-12-20 22:45:00,Aspect,Square,Mercury,Scorpio,"17°34'01.87""",Jyeshtha,Mercury,1,Rahu,Aquarius,"18°33'00.12""",Shatabhisha,Rahu,4,90,90.9828,0.9828
2025-12-20 22:45:00,Aspect,Square,Mercury,Scorpio,"17°34'01.87""",Jyeshtha,Mercury,1,Ketu,Leo,"18°33'00.12""",Purva Phalguni,Venus,2,90,89.0172,0.9828
2025-12-20 23:00:00,Aspect,Square,Mercury,Scorpio,"17°34'55.72""",Jyeshtha,Mercury,1,Rahu,Aquarius,"18°32'58.14""",Shatabhisha,Rahu,4,90,90.9673,0.9673
2025-12-20 23:00:00,Aspect,Square,Mercury,Scorpio,"17°34'55.72""",Jyeshtha,Mercury,1,Ketu,Leo,"18°32'58.14""",Purva Phalguni,Venus,2,90,89.0327,0.9673
2025-12-20 23:15:00,Aspect,Square,Mercury,Scorpio,"17°35'49.58""",Jyeshtha,Mercury,1,Rahu,Aquarius,"18°32'56.15""",Shatabhisha,Rahu,4,90,90.9518,0.9518
2025-12-20 23:15:00,Aspect,Square,Mercury,Scorpio,"17°35'49.58""",Jyeshtha,Mercury,1,Ketu,Leo,"18°32'56.15""",Purva Phalguni,Venus,2,90,89.0482,0.9518
2025-12-20 23:30:00,Aspect,Square,Mercury,Scorpio,"17°36'43.44""",Jyeshtha,Mercury,1,Rahu,Aquarius,"18°32'54.16""",Shatabhisha,Rahu,4,90,90.9363,0.9363
2025-12-20 23:30:00,Aspect,Square,Mercury,Scorpio,"17°36'43.44""",Jyeshtha,Mercury,1,Ketu,Leo,"18°32'54.16""",Purva Phalguni,Venus,2,90,89.0637,0.9363
2025-12-20 23:45:00,Aspect,Square,Mercury,Scorpio,"17°37'37.30""",Jyeshtha,Mercury,1,Rahu,Aquarius,"18°32'52.18""",Shatabhisha,Rahu,4,90,90.9208,0.9208
2025-12-20 23:45:00,Aspect,Square,Mercury,Scorpio,"17°37'37.30""",Jyeshtha,Mercury,1,Ketu,Leo,"18°32'52.18""",Purva Phalguni,Venus,2,90,89.0792,0.9208
2025-12-21 00:00:00,Aspect,Square,Mercury,Scorpio,"17°38'31.17""",Jyeshtha,Mercury,1,Rahu,Aquarius,"18°32'50.19""",Shatabhisha,Rahu,4,90,90.9053,0.9053
2025-12-21 00:00:00,Aspect,Square,Mercury,Scorpio,"17°38'31.17""",Jyeshtha,Mercury,1,Ketu,Leo,"18°32'50.19""",Purva Phalguni,Venus,2,90,89.0947,0.9053
2025-12-21 00:15:00,Aspect,Square,Mercury,Scorpio,"17°39'25.04""",Jyeshtha,Mercury,1,Rahu,Aquarius,"18°32'48.20""",Shatabhisha,Rahu,4,90,90.8898,0.8898
2025-12-21 00:15:00,Aspect,Square,Mercury,Scorpio,"17°39'25.04""",Jyeshtha,Mercury,1,Ketu,Leo,"18°32'48.20""",Purva Phalguni,Venus,2,90,89.1102,0.8898
2025-12-21 00:30:00,Aspect,Square,Mercury,Scorpio,"17°40'18.92""",Jyeshtha,Mercury,1,Rahu,Aquarius,"18°32'46.21""",Shatabhisha,Rahu,4,90,90.8742,0.8742
2025-12-21 00:30:00,Aspect,Square,Mercury,Scorpio,"17°40'18.92""",Jyeshtha,Mercury,1,Ketu,Leo,"18°32'46.21""",Purva Phalguni,Venus,2,90,89.1258,0.8742
2025-12-21 00:45:00,Aspect,Square,Mercury,Scorpio,"17°41'12.80""",Jyeshtha,Mercury,1,Rahu,Aquarius,"18°32'44.23""",Shatabhisha,Rahu,4,90,90.8587,0.8587
2025-12-21 00:45:00,Aspect,Square,Mercury,Scorpio,"17°41'12.80""",Jyeshtha,Mercury,1,Ketu,Leo,"18°32'44.23""",Purva Phalguni,Venus,2,90,89.1413,0.8587
2025-12-21 01:00:00,Aspect,Square,Mercury,Scorpio,"17°42'06.69""",Jyeshtha,Mercury,1,Rahu,Aquarius,"18°32'42.24""",Shatabhisha,Rahu,4,90,90.8432,0.8432
2025-12-21 01:00:00,Aspect,Square,Mercury,Scorpio,"17°42'06.69""",Jyeshtha,Mercury,1,Ketu,Leo,"18°32'42.24""",Purva Phalguni,Venus,2,90,89.1568,0.8432
2025-12-21 01:15:00,Aspect,Square,Mercury,Scorpio,"17°43'00.58""",Jyeshtha,Mercury,1,Rahu,Aquarius,"18°32'40.25""",Shatabhisha,Rahu,4,90,90.8277,0.8277
2025-12-21 01:15:00,Aspect,Square,Mercury,Scorpio,"17°43'00.58""",Jyeshtha,Mercury,1,Ketu,Leo,"18°32'40.25""",Purva Phalguni,Venus,2,90,89.1723,0.8277
2025-12-21 01:30:00,Aspect,Square,Mercury,Scorpio,"17°43'54.48""",Jyeshtha,Mercury,1,Rahu,Aquarius,"18°32'38.27""",Shatabhisha,Rahu,4,90,90.8122,0.8122
2025-12-21 01:30:00,Aspect,Square,Mercury,Scorpio,"17°43'54.48""",Jyeshtha,Mercury,1,Ketu,Leo,"18°32'38.27""",Purva Phalguni,Venus,2,90,89.1878,0.8122
2025-12-21 01:45:00,Aspect,Square,Mercury,Scorpio,"17°44'48.38""",Jyeshtha,Mercury,1,Rahu,Aquarius,"18°32'36.28""",Shatabhisha,Rahu,4,90,90.7966,0.7966
2025-12-21 01:45:00,Aspect,Square,Mercury,Scorpio,"17°44'48.38""",Jyeshtha,Mercury,1,Ketu,Leo,"18°32'36.28""",Purva Phalguni,Venus,2,90,89.2034,0.7966
2025-12-21 02:00:00,Aspect,Square,Mercury,Scorpio,"17°45'42.29""",Jyeshtha,Mercury,1,Rahu,Aquarius,"18°32'34.29""",Shatabhisha,Rahu,4,90,90.7811,0.7811
2025-12-21 02:00:00,Aspect,Square,Mercury,Scorpio,"17°45'42.29""",Jyeshtha,Mercury,1,Ketu,Leo,"18°32'34.29""",Purva Phalguni,Venus,2,90,89.2189,0.7811
2025-12-21 02:15:00,Aspect,Square,Mercury,Scorpio,"17°46'36.20""",Jyeshtha,Mercury,1,Rahu,Aquarius,"18°32'32.30""",Shatabhisha,Rahu,4,90,90.7656,0.7656
2025-12-21 02:15:00,Aspect,Square,Mercury,Scorpio,"17°46'36.20""",Jyeshtha,Mercury,1,Ketu,Leo,"18°32'32.30""",Purva Phalguni,Venus,2,90,89.2344,0.7656
2025-12-21 02:30:00,Aspect,Square,Mercury,Scorpio,"17°47'30.12""",Jyeshtha,Mercury,1,Rahu,Aquarius,"18°32'30.32""",Shatabhisha,Rahu,4,90,90.7501,0.7501
2025-12-21 02:30:00,Aspect,Square,Mercury,Scorpio,"17°47'30.12""",Jyeshtha,Mercury,1,Ketu,Leo,"18°32'30.32""",Purva Phalguni,Venus,2,90,89.2499,0.7501
2025-12-21 02:45:00,Aspect,Square,Mercury,Scorpio,"17°48'24.04""",Jyeshtha,Mercury,1,Rahu,Aquarius,"18°32'28.33""",Shatabhisha,Rahu,4,90,90.7345,0.7345
2025-12-21 02:45:00,Aspect,Square,Mercury,Scorpio,"17°48'24.04""",Jyeshtha,Mercury,1,Ketu,Leo,"18°32'28.33""",Purva Phalguni,Venus,2,90,89.2655,0.7345
2025-12-21 03:00:00,Aspect,Square,Mercury,Scorpio,"17°49'17.97""",Jyeshtha,Mercury,1,Rahu,Aquarius,"18°32'26.34""",Shatabhisha,Rahu,4,90,90.719,0.719
2025-12-21 03:00:00,Aspect,Square,Mercury,Scorpio,"17°49'17.97""",Jyeshtha,Mercury,1,Ketu,Leo,"18°32'26.34""",Purva Phalguni,Venus,2,90,89.281,0.719
2025-12-21 03:15:00,Aspect,Square,Mercury,Scorpio,"17°50'11.90""",Jyeshtha,Mercury,1,Rahu,Aquarius,"18°32'24.36""",Shatabhisha,Rahu,4,90,90.7035,0.7035
2025-12-21 03:15:00,Aspect,Square,Mercury,Scorpio,"17°50'11.90""",Jyeshtha,Mercury,1,Ketu,Leo,"18°32'24.36""",Purva Phalguni,Venus,2,90,89.2965,0.7035
2025-12-21 03:30:00,Aspect,Square,Mercury,Scorpio,"17°51'05.84""",Jyeshtha,Mercury,1,Rahu,Aquarius,"18°32'22.37""",Shatabhisha,Rahu,4,90,90.6879,0.6879
2025-12-21 03:30:00,Aspect,Square,Mercury,Scorpio,"17°51'05.84""",Jyeshtha,Mercury,1,Ketu,Leo,"18°32'22.37""",Purva Phalguni,Venus,2,90,89.3121,0.6879
2025-12-21 03:45:00,Aspect,Square,Mercury,Scorpio,"17°51'59.78""",Jyeshtha,Mercury,1,Rahu,Aquarius,"18°32'20.38""",Shatabhisha,Rahu,4,90,90.6724,0.6724
2025-12-21 03:45:00,Aspect,Square,Mercury,Scorpio,"17°51'59.78""",Jyeshtha,Mercury,1,Ketu,Leo,"18°32'20.38""",Purva Phalguni,Venus,2,90,89.3276,0.6724
2025-12-21 04:00:00,Aspect,Square,Mercury,Scorpio,"17°52'53.72""",Jyeshtha,Mercury,1,Rahu,Aquarius,"18°32'18.39""",Shatabhisha,Rahu,4,90,90.6569,0.6569
2025-12-21 04:00:00,Aspect,Square,Mercury,Scorpio,"17°52'53.72""",Jyeshtha,Mercury,1,Ketu,Leo,"18°32'18.39""",Purva Phalguni,Venus,2,90,89.3431,0.6569
2025-12-21 04:15:00,Aspect,Square,Mercury,Scorpio,"17°53'47.67""",Jyeshtha,Mercury,1,Rahu,Aquarius,"18°32'16.41""",Shatabhisha,Rahu,4,90,90.6413,0.6413
2025-12-21 04:15:00,Aspect,Square,Mercury,Scorpio,"17°53'47.67""",Jyeshtha,Mercury,1,Ketu,Leo,"18°32'16.41""",Purva Phalguni,Venus,2,90,89.3587,0.6413
2025-12-21 04:30:00,Aspect,Square,Mercury,Scorpio,"17°54'41.63""",Jyeshtha,Mercury,1,Rahu,Aquarius,"18°32'14.42""",Shatabhisha,Rahu,4,90,90.6258,0.6258
2025-12-21 04:30:00,Aspect,Square,Mercury,Scorpio,"17°54'41.63""",Jyeshtha,Mercury,1,Ketu,Leo,"18°32'14.42""",Purva Phalguni,Venus,2,90,89.3742,0.6258
2025-12-21 04:45:00,Aspect,Square,Mercury,Scorpio,"17°55'35.59""",Jyeshtha,Mercury,1,Rahu,Aquarius,"18°32'12.43""",Shatabhisha,Rahu,4,90,90.6102,0.6102
2025-12-21 04:45:00,Aspect,Square,Mercury,Scorpio,"17°55'35.59""",Jyeshtha,Mercury,1,Ketu,Leo,"18°32'12.43""",Purva Phalguni,Venus,2,90,89.3898,0.6102
2025-12-21 05:00:00,Aspect,Square,Mercury,Scorpio,"17°56'29.55""",Jyeshtha,Mercury,1,Rahu,Aquarius,"18°32'10.44""",Shatabhisha,Rahu,4,90,90.5947,0.5947
2025-12-21 05:00:00,Aspect,Square,Mercury,Scorpio,"17°56'29.55""",Jyeshtha,Mercury,1,Ketu,Leo,"18°32'10.44""",Purva Phalguni,Venus,2,90,89.4053,0.5947
2025-12-21 05:15:00,Aspect,Square,Mercury,Scorpio,"17°57'23.52""",Jyeshtha,Mercury,1,Rahu,Aquarius,"18°32'08.46""",Shatabhisha,Rahu,4,90,90.5791,0.5791
2025-12-21 05:15:00,Aspect,Square,Mercury,Scorpio,"17°57'23.52""",Jyeshtha,Mercury,1,Ketu,Leo,"18°32'08.46""",Purva Phalguni,Venus,2,90,89.4209,0.5791
2025-12-21 05:30:00,Aspect,Square,Mercury,Scorpio,"17°58'17.50""",Jyeshtha,Mercury,1,Rahu,Aquarius,"18°32'06.47""",Shatabhisha,Rahu,4,90,90.5636,0.5636
2025-12-21 05:30:00,Aspect,Square,Mercury,Scorpio,"17°58'17.50""",Jyeshtha,Mercury,1,Ketu,Leo,"18°32'06.47""",Purva Phalguni,Venus,2,90,89.4364,0.5636
2025-12-21 05:45:00,Aspect,Square,Mercury,Scorpio,"17°59'11.48""",Jyeshtha,Mercury,1,Rahu,Aquarius,"18°32'04.48""",Shatabhisha,Rahu,4,90,90.5481,0.5481
2025-12-21 05:45:00,Aspect,Square,Mercury,Scorpio,"17°59'11.48""",Jyeshtha,Mercury,1,Ketu,Leo,"18°32'04.48""",Purva Phalguni,Venus,2,90,89.4519,0.5481
2025-12-21 06:00:00,Aspect,Square,Mercury,Scorpio,"18°00'05.46""",Jyeshtha,Mercury,1,Rahu,Aquarius,"18°32'02.50""",Shatabhisha,Rahu,4,90,90.5325,0.5325
2025-12-21 06:00:00,Aspect,Square,Mercury,Scorpio,"18°00'05.46""",Jyeshtha,Mercury,1,Ketu,Leo,"18°32'02.50""",Purva Phalguni,Venus,2,90,89.4675,0.5325
2025-12-21 06:15:00,Aspect,Square,Mercury,Scorpio,"18°00'59.45""",Jyeshtha,Mercury,1,Rahu,Aquarius,"18°32'00.51""",Shatabhisha,Rahu,4,90,90.517,0.517
2025-12-21 06:15:00,Aspect,Square,Mercury,Scorpio,"18°00'59.45""",Jyeshtha,Mercury,1,Ketu,Leo,"18°32'00.51""",Purva Phalguni,Venus,2,90,89.483,0.517
2025-12-21 06:30:00,Aspect,Square,Mercury,Scorpio,"18°01'53.44""",Jyeshtha,Mercury,1,Rahu,Aquarius,"18°31'58.52""",Shatabhisha,Rahu,4,90,90.5014,0.5014
2025-12-21 06:30:00,Aspect,Square,Mercury,Scorpio,"18°01'53.44""",Jyeshtha,Mercury,1,Ketu,Leo,"18°31'58.52""",Purva Phalguni,Venus,2,90,89.4986,0.5014
2025-12-21 06:45:00,Aspect,Square,Mercury,Scorpio,"18°02'47.44""",Jyeshtha,Mercury,1,Rahu,Aquarius,"18°31'56.53""",Shatabhisha,Rahu,4,90,90.4859,0.4859
2025-12-21 06:45:00,Aspect,Square,Mercury,Scorpio,"18°02'47.44""",Jyeshtha,Mercury,1,Ketu,Leo,"18°31'56.53""",Purva Phalguni,Venus,2,90,89.5141,0.4859
2025-12-21 07:00:00,Aspect,Square,Mercury,Scorpio,"18°03'41.44""",Jyeshtha,Mercury,1,Rahu,Aquarius,"18°31'54.55""",Shatabhisha,Rahu,4,90,90.4703,0.4703
2025-12-21 07:00:00,Aspect,Square,Mercury,Scorpio,"18°03'41.44""",Jyeshtha,Mercury,1,Ketu,Leo,"18°31'54.55""",Purva Phalguni,Venus,2,90,89.5297,0.4703
2025-12-21 07:15:00,Aspect,Square,Mercury,Scorpio,"18°04'35.45""",Jyeshtha,Mercury,1,Rahu,Aquarius,"18°31'52.56""",Shatabhisha,Rahu,4,90,90.4548,0.4548
2025-12-21 07:15:00,Aspect,Square,Mercury,Scorpio,"18°04'35.45""",Jyeshtha,Mercury,1,Ketu,Leo,"18°31'52.56""",Purva Phalguni,Venus,2,90,89.5452,0.4548
2025-12-21 07:30:00,Aspect,Square,Mercury,Scorpio,"18°05'29.46""",Jyeshtha,Mercury,1,Rahu,Aquarius,"18°31'50.57""",Shatabhisha,Rahu,4,90,90.4392,0.4392
2025-12-21 07:30:00,Aspect,Square,Mercury,Scorpio,"18°05'29.46""",Jyeshtha,Mercury,1,Ketu,Leo,"18°31'50.57""",Purva Phalguni,Venus,2,90,89.5608,0.4392
2025-12-21 07:45:00,Aspect,Square,Mercury,Scorpio,"18°06'23.48""",Jyeshtha,Mercury,1,Rahu,Aquarius,"18°31'48.59""",Shatabhisha,Rahu,4,90,90.4236,0.4236
2025-12-21 07:45:00,Aspect,Square,Mercury,Scorpio,"18°06'23.48""",Jyeshtha,Mercury,1,Ketu,Leo,"18°31'48.59""",Purva Phalguni,Venus,2,90,89.5764,0.4236
2025-12-21 08:00:00,Aspect,Square,Mercury,Scorpio,"18°07'17.50""",Jyeshtha,Mercury,1,Rahu,Aquarius,"18°31'46.60""",Shatabhisha,Rahu,4,90,90.4081,0.4081
2025-12-21 08:00:00,Aspect,Square,Mercury,Scorpio,"18°07'17.50""",Jyeshtha,Mercury,1,Ketu,Leo,"18°31'46.60""",Purva Phalguni,Venus,2,90,89.5919,0.4081
2025-12-21 08:15:00,Aspect,Square,Mercury,Scorpio,"18°08'11.52""",Jyeshtha,Mercury,1,Rahu,Aquarius,"18°31'44.61""",Shatabhisha,Rahu,4,90,90.3925,0.3925
2025-12-21 08:15:00,Aspect,Square,Mercury,Scorpio,"18°08'11.52""",Jyeshtha,Mercury,1,Ketu,Leo,"18°31'44.61""",Purva Phalguni,Venus,2,90,89.6075,0.3925
2025-12-21 08:30:00,Aspect,Square,Mercury,Scorpio,"18°09'05.56""",Jyeshtha,Mercury,1,Rahu,Aquarius,"18°31'42.62""",Shatabhisha,Rahu,4,90,90.377,0.377
2025-12-21 08:30:00,Aspect,Square,Mercury,Scorpio,"18°09'05.56""",Jyeshtha,Mercury,1,Ketu,Leo,"18°31'42.62""",Purva Phalguni,Venus,2,90,89.623,0.377
2025-12-21 08:45:00,Aspect,Square,Mercury,Scorpio,"18°09'59.59""",Jyeshtha,Mercury,1,Rahu,Aquarius,"18°31'40.64""",Shatabhisha,Rahu,4,90,90.3614,0.3614
2025-12-21 08:45:00,Aspect,Square,Mercury,Scorpio,"18°09'59.59""",Jyeshtha,Mercury,1,Ketu,Leo,"18°31'40.64""",Purva Phalguni,Venus,2,90,89.6386,0.3614
2025-12-21 09:00:00,Aspect,Square,Mercury,Scorpio,"18°10'53.63""",Jyeshtha,Mercury,1,Rahu,Aquarius,"18°31'38.65""",Shatabhisha,Rahu,4,90,90.3458,0.3458
2025-12-21 09:00:00,Aspect,Square,Mercury,Scorpio,"18°10'53.63""",Jyeshtha,Mercury,1,Ketu,Leo,"18°31'38.65""",Purva Phalguni,Venus,2,90,89.6542,0.3458
2025-12-21 09:15:00,Aspect,Square,Mercury,Scorpio,"18°11'47.68""",Jyeshtha,Mercury,1,Rahu,Aquarius,"18°31'36.66""",Shatabhisha,Rahu,4,90,90.3303,0.3303
2025-12-21 09:15:00,Aspect,Square,Mercury,Scorpio,"18°11'47.68""",Jyeshtha,Mercury,1,Ketu,Leo,"18°31'36.66""",Purva Phalguni,Venus,2,90,89.6697,0.3303
2025-12-21 09:30:00,Aspect,Square,Mercury,Scorpio,"18°12'41.72""",Jyeshtha,Mercury,1,Rahu,Aquarius,"18°31'34.68""",Shatabhisha,Rahu,4,90,90.3147,0.3147
2025-12-21 09:30:00,Aspect,Square,Mercury,Scorpio,"18°12'41.72""",Jyeshtha,Mercury,1,Ketu,Leo,"18°31'34.68""",Purva Phalguni,Venus,2,90,89.6853,0.3147
2025-12-21 09:45:00,Aspect,Square,Mercury,Scorpio,"18°13'35.78""",Jyeshtha,Mercury,1,Rahu,Aquarius,"18°31'32.69""",Shatabhisha,Rahu,4,90,90.2991,0.2991
2025-12-21 09:45:00,Aspect,Square,Mercury,Scorpio,"18°13'35.78""",Jyeshtha,Mercury,1,Ketu,Leo,"18°31'32.69""",Purva Phalguni,Venus,2,90,89.7009,0.2991
2025-12-21 10:00:00,Aspect,Square,Mercury,Scorpio,"18°14'29.84""",Jyeshtha,Mercury,1,Rahu,Aquarius,"18°31'30.70""",Shatabhisha,Rahu,4,90,90.2836,0.2836
2025-12-21 10:00:00,Aspect,Square,Mercury,Scorpio,"18°14'29.84""",Jyeshtha,Mercury,1,Ketu,Leo,"18°31'30.70""",Purva Phalguni,Venus,2,90,89.7164,0.2836
2025-12-21 10:15:00,Aspect,Square,Mercury,Scorpio,"18°15'23.90""",Jyeshtha,Mercury,1,Rahu,Aquarius,"18°31'28.71""",Shatabhisha,Rahu,4,90,90.268,0.268
2025-12-21 10:15:00,Aspect,Square,Mercury,Scorpio,"18°15'23.90""",Jyeshtha,Mercury,1,Ketu,Leo,"18°31'28.71""",Purva Phalguni,Venus,2,90,89.732,0.268
2025-12-21 10:30:00,Aspect,Square,Mercury,Scorpio,"18°16'17.97""",Jyeshtha,Mercury,1,Rahu,Aquarius,"18°31'26.73""",Shatabhisha,Rahu,4,90,90.2524,0.2524
2025-12-21 10:30:00,Aspect,Square,Mercury,Scorpio,"18°16'17.97""",Jyeshtha,Mercury,1,Ketu,Leo,"18°31'26.73""",Purva Phalguni,Venus,2,90,89.7476,0.2524
2025-12-21 10:45:00,Aspect,Square,Mercury,Scorpio,"18°17'12.04""",Jyeshtha,Mercury,1,Rahu,Aquarius,"18°31'24.74""",Shatabhisha,Rahu,4,90,90.2369,0.2369
2025-12-21 10:45:00,Aspect,Square,Mercury,Scorpio,"18°17'12.04""",Jyeshtha,Mercury,1,Ketu,Leo,"18°31'24.74""",Purva Phalguni,Venus,2,90,89.7631,0.2369
2025-12-21 11:00:00,Aspect,Square,Mercury,Scorpio,"18°18'06.12""",Jyeshtha,Mercury,1,Rahu,Aquarius,"18°31'22.75""",Shatabhisha,Rahu,4,90,90.2213,0.2213
2025-12-21 11:00:00,Aspect,Square,Mercury,Scorpio,"18°18'06.12""",Jyeshtha,Mercury,1,Ketu,Leo,"18°31'22.75""",Purva Phalguni,Venus,2,90,89.7787,0.2213
2025-12-21 11:15:00,Aspect,Square,Mercury,Scorpio,"18°19'00.20""",Jyeshtha,Mercury,1,Rahu,Aquarius,"18°31'20.76""",Shatabhisha,Rahu,4,90,90.2057,0.2057
2025-12-21 11:15:00,Aspect,Square,Mercury,Scorpio,"18°19'00.20""",Jyeshtha,Mercury,1,Ketu,Leo,"18°31'20.76""",Purva Phalguni,Venus,2,90,89.7943,0.2057
2025-12-21 11:30:00,Aspect,Square,Mercury,Scorpio,"18°19'54.29""",Jyeshtha,Mercury,1,Rahu,Aquarius,"18°31'18.78""",Shatabhisha,Rahu,4,90,90.1901,0.1901
2025-12-21 11:30:00,Aspect,Square,Mercury,Scorpio,"18°19'54.29""",Jyeshtha,Mercury,1,Ketu,Leo,"18°31'18.78""",Purva Phalguni,Venus,2,90,89.8099,0.1901
2025-12-21 11:45:00,Aspect,Square,Mercury,Scorpio,"18°20'48.38""",Jyeshtha,Mercury,1,Rahu,Aquarius,"18°31'16.79""",Shatabhisha,Rahu,4,90,90.1746,0.1746
2025-12-21 11:45:00,Aspect,Square,Mercury,Scorpio,"18°20'48.38""",Jyeshtha,Mercury,1,Ketu,Leo,"18°31'16.79""",Purva Phalguni,Venus,2,90,89.8254,0.1746
2025-12-21 12:00:00,Aspect,Square,Mercury,Scorpio,"18°21'42.47""",Jyeshtha,Mercury,1,Rahu,Aquarius,"18°31'14.80""",Shatabhisha,Rahu,4,90,90.159,0.159
2025-12-21 12:00:00,Aspect,Square,Mercury,Scorpio,"18°21'42.47""",Jyeshtha,Mercury,1,Ketu,Leo,"18°31'14.80""",Purva Phalguni,Venus,2,90,89.841,0.159
2025-12-21 12:15:00,Aspect,Square,Mercury,Scorpio,"18°22'36.57""",Jyeshtha,Mercury,1,Rahu,Aquarius,"18°31'12.82""",Shatabhisha,Rahu,4,90,90.1434,0.1434
2025-12-21 12:15:00,Aspect,Square,Mercury,Scorpio,"18°22'36.57""",Jyeshtha,Mercury,1,Ketu,Leo,"18°31'12.82""",Purva Phalguni,Venus,2,90,89.8566,0.1434
2025-12-21 12:30:00,Aspect,Square,Mercury,Scorpio,"18°23'30.68""",Jyeshtha,Mercury,1,Rahu,Aquarius,"18°31'10.83""",Shatabhisha,Rahu,4,90,90.1278,0.1278
2025-12-21 12:30:00,Aspect,Square,Mercury,Scorpio,"18°23'30.68""",Jyeshtha,Mercury,1,Ketu,Leo,"18°31'10.83""",Purva Phalguni,Venus,2,90,89.8722,0.1278
2025-12-21 12:45:00,Aspect,Square,Mercury,Scorpio,"18°24'24.79""",Jyeshtha,Mercury,1,Rahu,Aquarius,"18°31'08.84""",Shatabhisha,Rahu,4,90,90.1122,0.1122
2025-12-21 12:45:00,Aspect,Square,Mercury,Scorpio,"18°24'24.79""",Jyeshtha,Mercury,1,Ketu,Leo,"18°31'08.84""",Purva Phalguni,Venus,2,90,89.8878,0.1122
2025-12-21 13:00:00,Aspect,Square,Mercury,Scorpio,"18°25'18.90""",Jyeshtha,Mercury,1,Rahu,Aquarius,"18°31'06.85""",Shatabhisha,Rahu,4,90,90.0967,0.0967
2025-12-21 13:00:00,Aspect,Square,Mercury,Scorpio,"18°25'18.90""",Jyeshtha,Mercury,1,Ketu,Leo,"18°31'06.85""",Purva Phalguni,Venus,2,90,89.9033,0.0967
2025-12-21 13:15:00,Aspect,Square,Mercury,Scorpio,"18°26'13.02""",Jyeshtha,Mercury,1,Rahu,Aquarius,"18°31'04.87""",Shatabhisha,Rahu,4,90,90.0811,0.0811
2025-12-21 13:15:00,Aspect,Square,Mercury,Scorpio,"18°26'13.02""",Jyeshtha,Mercury,1,Ketu,Leo,"18°31'04.87""",Purva Phalguni,Venus,2,90,89.9189,0.0811
2025-12-21 13:30:00,Aspect,Square,Mercury,Scorpio,"18°27'07.14""",Jyeshtha,Mercury,1,Rahu,Aquarius,"18°31'02.88""",Shatabhisha,Rahu,4,90,90.0655,0.0655
2025-12-21 13:30:00,Aspect,Square,Mercury,Scorpio,"18°27'07.14""",Jyeshtha,Mercury,1,Ketu,Leo,"18°31'02.88""",Purva Phalguni,Venus,2,90,89.9345,0.0655
2025-12-21 13:45:00,Aspect,Square,Mercury,Scorpio,"18°28'01.27""",Jyeshtha,Mercury,1,Rahu,Aquarius,"18°31'00.89""",Shatabhisha,Rahu,4,90,90.0499,0.0499
2025-12-21 13:45:00,Aspect,Square,Mercury,Scorpio,"18°28'01.27""",Jyeshtha,Mercury,1,Ketu,Leo,"18°31'00.89""",Purva Phalguni,Venus,2,90,89.9501,0.0499
2025-12-21 14:00:00,Aspect,Square,Mercury,Scorpio,"18°28'55.40""",Jyeshtha,Mercury,1,Rahu,Aquarius,"18°30'58.91""",Shatabhisha,Rahu,4,90,90.0343,0.0343
2025-12-21 14:00:00,Aspect,Square,Mercury,Scorpio,"18°28'55.40""",Jyeshtha,Mercury,1,Ketu,Leo,"18°30'58.91""",Purva Phalguni,Venus,2,90,89.9657,0.0343
2025-12-21 14:15:00,Aspect,Square,Mercury,Scorpio,"18°29'49.54""",Jyeshtha,Mercury,1,Rahu,Aquarius,"18°30'56.92""",Shatabhisha,Rahu,4,90,90.0187,0.0187
2025-12-21 14:15:00,Aspect,Square,Mercury,Scorpio,"18°29'49.54""",Jyeshtha,Mercury,1,Ketu,Leo,"18°30'56.92""",Purva Phalguni,Venus,2,90,89.9813,0.0187
2025-12-21 14:30:00,Aspect,Square,Mercury,Scorpio,"18°30'43.68""",Jyeshtha,Mercury,1,Rahu,Aquarius,"18°30'54.93""",Shatabhisha,Rahu,4,90,90.0031,0.0031
2025-12-21 14:30:00,Aspect,Square,Mercury,Scorpio,"18°30'43.68""",Jyeshtha,Mercury,1,Ketu,Leo,"18°30'54.93""",Purva Phalguni,Venus,2,90,89.9969,0.0031
2025-12-21 14:45:00,Aspect,Square,Mercury,Scorpio,"18°31'37.82""",Jyeshtha,Mercury,1,Rahu,Aquarius,"18°30'52.94""",Shatabhisha,Rahu,4,90,89.9875,0.0125
2025-12-21 14:45:00,Aspect,Square,Mercury,Scorpio,"18°31'37.82""",Jyeshtha,Mercury,1,Ketu,Leo,"18°30'52.94""",Purva Phalguni,Venus,2,90,90.0125,0.0125
2025-12-21 15:00:00,Aspect,Square,Mercury,Scorpio,"18°32'31.98""",Jyeshtha,Mercury,1,Rahu,Aquarius,"18°30'50.96""",Shatabhisha,Rahu,4,90,89.9719,0.0281
2025-12-21 15:00:00,Aspect,Square,Mercury,Scorpio,"18°32'31.98""",Jyeshtha,Mercury,1,Ketu,Leo,"18°30'50.96""",Purva Phalguni,Venus,2,90,90.0281,0.0281
2025-12-21 15:15:00,Aspect,Square,Mercury,Scorpio,"18°33'26.13""",Jyeshtha,Mercury,1,Rahu,Aquarius,"18°30'48.97""",Shatabhisha,Rahu,4,90,89.9563,0.0437
2025-12-21 15:15:00,Aspect,Square,Mercury,Scorpio,"18°33'26.13""",Jyeshtha,Mercury,1,Ketu,Leo,"18°30'48.97""",Purva Phalguni,Venus,2,90,90.0437,0.0437
2025-12-21 15:30:00,Aspect,Square,Mercury,Scorpio,"18°34'20.29""",Jyeshtha,Mercury,1,Rahu,Aquarius,"18°30'46.98""",Shatabhisha,Rahu,4,90,89.9407,0.0593
2025-12-21 15:30:00,Aspect,Square,Mercury,Scorpio,"18°34'20.29""",Jyeshtha,Mercury,1,Ketu,Leo,"18°30'46.98""",Purva Phalguni,Venus,2,90,90.0593,0.0593
2025-12-21 15:45:00,Aspect,Square,Mercury,Scorpio,"18°35'14.45""",Jyeshtha,Mercury,1,Rahu,Aquarius,"18°30'45.00""",Shatabhisha,Rahu,4,90,89.9252,0.0748
2025-12-21 15:45:00,Aspect,Square,Mercury,Scorpio,"18°35'14.45""",Jyeshtha,Mercury,1,Ketu,Leo,"18°30'45.00""",Purva Phalguni,Venus,2,90,90.0748,0.0748
2025-12-21 16:00:00,Aspect,Square,Mercury,Scorpio,"18°36'08.62""",Jyeshtha,Mercury,1,Rahu,Aquarius,"18°30'43.01""",Shatabhisha,Rahu,4,90,89.9096,0.0904
2025-12-21 16:00:00,Aspect,Square,Mercury,Scorpio,"18°36'08.62""",Jyeshtha,Mercury,1,Ketu,Leo,"18°30'43.01""",Purva Phalguni,Venus,2,90,90.0904,0.0904
2025-12-21 16:15:00,Aspect,Square,Mercury,Scorpio,"18°37'02.79""",Jyeshtha,Mercury,1,Rahu,Aquarius,"18°30'41.02""",Shatabhisha,Rahu,4,90,89.894,0.106
2025-12-21 16:15:00,Aspect,Square,Mercury,Scorpio,"18°37'02.79""",Jyeshtha,Mercury,1,Ketu,Leo,"18°30'41.02""",Purva Phalguni,Venus,2,90,90.106,0.106
2025-12-21 16:30:00,Aspect,Square,Mercury,Scorpio,"18°37'56.97""",Jyeshtha,Mercury,1,Rahu,Aquarius,"18°30'39.03""",Shatabhisha,Rahu,4,90,89.8784,0.1216
2025-12-21 16:30:00,Aspect,Square,Mercury,Scorpio,"18°37'56.97""",Jyeshtha,Mercury,1,Ketu,Leo,"18°30'39.03""",Purva Phalguni,Venus,2,90,90.1216,0.1216
2025-12-21 16:45:00,Aspect,Square,Mercury,Scorpio,"18°38'51.15""",Jyeshtha,Mercury,1,Rahu,Aquarius,"18°30'37.05""",Shatabhisha,Rahu,4,90,89.8627,0.1373
2025-12-21 16:45:00,Aspect,Square,Mercury,Scorpio,"18°38'51.15""",Jyeshtha,Mercury,1,Ketu,Leo,"18°30'37.05""",Purva Phalguni,Venus,2,90,90.1373,0.1373
2025-12-21 17:00:00,Aspect,Square,Mercury,Scorpio,"18°39'45.34""",Jyeshtha,Mercury,1,Rahu,Aquarius,"18°30'35.06""",Shatabhisha,Rahu,4,90,89.8471,0.1529
2025-12-21 17:00:00,Aspect,Square,Mercury,Scorpio,"18°39'45.34""",Jyeshtha,Mercury,1,Ketu,Leo,"18°30'35.06""",Purva Phalguni,Venus,2,90,90.1529,0.1529
2025-12-21 17:15:00,Aspect,Square,Mercury,Scorpio,"18°40'39.53""",Jyeshtha,Mercury,1,Rahu,Aquarius,"18°30'33.07""",Shatabhisha,Rahu,4,90,89.8315,0.1685
2025-12-21 17:15:00,Aspect,Square,Mercury,Scorpio,"18°40'39.53""",Jyeshtha,Mercury,1,Ketu,Leo,"18°30'33.07""",Purva Phalguni,Venus,2,90,90.1685,0.1685
2025-12-21 17:30:00,Aspect,Square,Mercury,Scorpio,"18°41'33.72""",Jyeshtha,Mercury,1,Rahu,Aquarius,"18°30'31.08""",Shatabhisha,Rahu,4,90,89.8159,0.1841
2025-12-21 17:30:00,Aspect,Square,Mercury,Scorpio,"18°41'33.72""",Jyeshtha,Mercury,1,Ketu,Leo,"18°30'31.08""",Purva Phalguni,Venus,2,90,90.1841,0.1841
2025-12-21 17:45:00,Aspect,Square,Mercury,Scorpio,"18°42'27.92""",Jyeshtha,Mercury,1,Rahu,Aquarius,"18°30'29.10""",Shatabhisha,Rahu,4,90,89.8003,0.1997
2025-12-21 17:45:00,Aspect,Square,Mercury,Scorpio,"18°42'27.92""",Jyeshtha,Mercury,1,Ketu,Leo,"18°30'29.10""",Purva Phalguni,Venus,2,90,90.1997,0.1997
2025-12-21 18:00:00,Aspect,Square,Mercury,Scorpio,"18°43'22.13""",Jyeshtha,Mercury,1,Rahu,Aquarius,"18°30'27.11""",Shatabhisha,Rahu,4,90,89.7847,0.2153
2025-12-21 18:00:00,Aspect,Square,Mercury,Scorpio,"18°43'22.13""",Jyeshtha,Mercury,1,Ketu,Leo,"18°30'27.11""",Purva Phalguni,Venus,2,90,90.2153,0.2153
2025-12-21 18:15:00,Aspect,Square,Mercury,Scorpio,"18°44'16.34""",Jyeshtha,Mercury,1,Rahu,Aquarius,"18°30'25.12""",Shatabhisha,Rahu,4,90,89.7691,0.2309
2025-12-21 18:15:00,Aspect,Square,Mercury,Scorpio,"18°44'16.34""",Jyeshtha,Mercury,1,Ketu,Leo,"18°30'25.12""",Purva Phalguni,Venus,2,90,90.2309,0.2309
2025-12-21 18:30:00,Aspect,Square,Mercury,Scorpio,"18°45'10.55""",Jyeshtha,Mercury,1,Rahu,Aquarius,"18°30'23.14""",Shatabhisha,Rahu,4,90,89.7535,0.2465
2025-12-21 18:30:00,Aspect,Square,Mercury,Scorpio,"18°45'10.55""",Jyeshtha,Mercury,1,Ketu,Leo,"18°30'23.14""",Purva Phalguni,Venus,2,90,90.2465,0.2465
2025-12-21 18:45:00,Aspect,Square,Mercury,Scorpio,"18°46'04.77""",Jyeshtha,Mercury,1,Rahu,Aquarius,"18°30'21.15""",Shatabhisha,Rahu,4,90,89.7379,0.2621
2025-12-21 18:45:00,Aspect,Square,Mercury,Scorpio,"18°46'04.77""",Jyeshtha,Mercury,1,Ketu,Leo,"18°30'21.15""",Purva Phalguni,Venus,2,90,90.2621,0.2621
2025-12-21 19:00:00,Aspect,Square,Mercury,Scorpio,"18°46'58.99""",Jyeshtha,Mercury,1,Rahu,Aquarius,"18°30'19.16""",Shatabhisha,Rahu,4,90,89.7223,0.2777
2025-12-21 19:00:00,Aspect,Square,Mercury,Scorpio,"18°46'58.99""",Jyeshtha,Mercury,1,Ketu,Leo,"18°30'19.16""",Purva Phalguni,Venus,2,90,90.2777,0.2777
2025-12-21 19:15:00,Aspect,Square,Mercury,Scorpio,"18°47'53.22""",Jyeshtha,Mercury,1,Rahu,Aquarius,"18°30'17.17""",Shatabhisha,Rahu,4,90,89.7067,0.2933
2025-12-21 19:15:00,Aspect,Square,Mercury,Scorpio,"18°47'53.22""",Jyeshtha,Mercury,1,Ketu,Leo,"18°30'17.17""",Purva Phalguni,Venus,2,90,90.2933,0.2933
2025-12-21 19:30:00,Aspect,Square,Mercury,Scorpio,"18°48'47.45""",Jyeshtha,Mercury,1,Rahu,Aquarius,"18°30'15.19""",Shatabhisha,Rahu,4,90,89.691,0.309
2025-12-21 19:30:00,Aspect,Square,Mercury,Scorpio,"18°48'47.45""",Jyeshtha,Mercury,1,Ketu,Leo,"18°30'15.19""",Purva Phalguni,Venus,2,90,90.309,0.309
2025-12-21 19:45:00,Aspect,Square,Mercury,Scorpio,"18°49'41.68""",Jyeshtha,Mercury,1,Rahu,Aquarius,"18°30'13.20""",Shatabhisha,Rahu,4,90,89.6754,0.3246
2025-12-21 19:45:00,Aspect,Square,Mercury,Scorpio,"18°49'41.68""",Jyeshtha,Mercury,1,Ketu,Leo,"18°30'13.20""",Purva Phalguni,Venus,2,90,90.3246,0.3246
2025-12-21 20:00:00,Aspect,Square,Mercury,Scorpio,"18°50'35.92""",Jyeshtha,Mercury,1,Rahu,Aquarius,"18°30'11.21""",Shatabhisha,Rahu,4,90,89.6598,0.3402
2025-12-21 20:00:00,Aspect,Square,Mercury,Scorpio,"18°50'35.92""",Jyeshtha,Mercury,1,Ketu,Leo,"18°30'11.21""",Purva Phalguni,Venus,2,90,90.3402,0.3402
2025-12-21 20:15:00,Aspect,Square,Mercury,Scorpio,"18°51'30.17""",Jyeshtha,Mercury,1,Rahu,Aquarius,"18°30'09.23""",Shatabhisha,Rahu,4,90,89.6442,0.3558
2025-12-21 20:15:00,Aspect,Square,Mercury,Scorpio,"18°51'30.17""",Jyeshtha,Mercury,1,Ketu,Leo,"18°30'09.23""",Purva Phalguni,Venus,2,90,90.3558,0.3558
2025-12-21 20:30:00,Aspect,Square,Mercury,Scorpio,"18°52'24.41""",Jyeshtha,Mercury,1,Rahu,Aquarius,"18°30'07.24""",Shatabhisha,Rahu,4,90,89.6286,0.3714
2025-12-21 20:30:00,Aspect,Square,Mercury,Scorpio,"18°52'24.41""",Jyeshtha,Mercury,1,Ketu,Leo,"18°30'07.24""",Purva Phalguni,Venus,2,90,90.3714,0.3714
2025-12-21 20:45:00,Aspect,Square,Mercury,Scorpio,"18°53'18.67""",Jyeshtha,Mercury,1,Rahu,Aquarius,"18°30'05.25""",Shatabhisha,Rahu,4,90,89.6129,0.3871
2025-12-21 20:45:00,Aspect,Square,Mercury,Scorpio,"18°53'18.67""",Jyeshtha,Mercury,1,Ketu,Leo,"18°30'05.25""",Purva Phalguni,Venus,2,90,90.3871,0.3871
2025-12-21 21:00:00,Aspect,Square,Mercury,Scorpio,"18°54'12.92""",Jyeshtha,Mercury,1,Rahu,Aquarius,"18°30'03.26""",Shatabhisha,Rahu,4,90,89.5973,0.4027
2025-12-21 21:00:00,Aspect,Square,Mercury,Scorpio,"18°54'12.92""",Jyeshtha,Mercury,1,Ketu,Leo,"18°30'03.26""",Purva Phalguni,Venus,2,90,90.4027,0.4027
2025-12-21 21:15:00,Aspect,Square,Mercury,Scorpio,"18°55'07.19""",Jyeshtha,Mercury,1,Rahu,Aquarius,"18°30'01.28""",Shatabhisha,Rahu,4,90,89.5817,0.4183
2025-12-21 21:15:00,Aspect,Square,Mercury,Scorpio,"18°55'07.19""",Jyeshtha,Mercury,1,Ketu,Leo,"18°30'01.28""",Purva Phalguni,Venus,2,90,90.4183,0.4183
2025-12-21 21:30:00,Aspect,Square,Mercury,Scorpio,"18°56'01.45""",Jyeshtha,Mercury,1,Rahu,Aquarius,"18°29'59.29""",Shatabhisha,Rahu,4,90,89.5661,0.4339
2025-12-21 21:30:00,Aspect,Square,Mercury,Scorpio,"18°56'01.45""",Jyeshtha,Mercury,1,Ketu,Leo,"18°29'59.29""",Purva Phalguni,Venus,2,90,90.4339,0.4339
2025-12-21 21:45:00,Aspect,Square,Mercury,Scorpio,"18°56'55.72""",Jyeshtha,Mercury,1,Rahu,Aquarius,"18°29'57.30""",Shatabhisha,Rahu,4,90,89.5504,0.4496
2025-12-21 21:45:00,Aspect,Square,Mercury,Scorpio,"18°56'55.72""",Jyeshtha,Mercury,1,Ketu,Leo,"18°29'57.30""",Purva Phalguni,Venus,2,90,90.4496,0.4496
2025-12-21 22:00:00,Aspect,Square,Mercury,Scorpio,"18°57'50.00""",Jyeshtha,Mercury,1,Rahu,Aquarius,"18°29'55.32""",Shatabhisha,Rahu,4,90,89.5348,0.4652
2025-12-21 22:00:00,Aspect,Square,Mercury,Scorpio,"18°57'50.00""",Jyeshtha,Mercury,1,Ketu,Leo,"18°29'55.32""",Purva Phalguni,Venus,2,90,90.4652,0.4652
2025-12-21 22:15:00,Aspect,Square,Mercury,Scorpio,"18°58'44.28""",Jyeshtha,Mercury,1,Rahu,Aquarius,"18°29'53.33""",Shatabhisha,Rahu,4,90,89.5192,0.4808
2025-12-21 22:15:00,Aspect,Square,Mercury,Scorpio,"18°58'44.28""",Jyeshtha,Mercury,1,Ketu,Leo,"18°29'53.33""",Purva Phalguni,Venus,2,90,90.4808,0.4808
2025-12-21 22:30:00,Aspect,Square,Mercury,Scorpio,"18°59'38.56""",Jyeshtha,Mercury,1,Rahu,Aquarius,"18°29'51.34""",Shatabhisha,Rahu,4,90,89.5036,0.4964
2025-12-21 22:30:00,Aspect,Square,Mercury,Scorpio,"18°59'38.56""",Jyeshtha,Mercury,1,Ketu,Leo,"18°29'51.34""",Purva Phalguni,Venus,2,90,90.4964,0.4964
2025-12-21 22:45:00,Aspect,Square,Mercury,Scorpio,"19°00'32.85""",Jyeshtha,Mercury,1,Rahu,Aquarius,"18°29'49.35""",Shatabhisha,Rahu,4,90,89.4879,0.5121
2025-12-21 22:45:00,Aspect,Square,Mercury,Scorpio,"19°00'32.85""",Jyeshtha,Mercury,1,Ketu,Leo,"18°29'49.35""",Purva Phalguni,Venus,2,90,90.5121,0.5121
2025-12-21 23:00:00,Aspect,Square,Mercury,Scorpio,"19°01'27.14""",Jyeshtha,Mercury,1,Rahu,Aquarius,"18°29'47.37""",Shatabhisha,Rahu,4,90,89.4723,0.5277
2025-12-21 23:00:00,Aspect,Square,Mercury,Scorpio,"19°01'27.14""",Jyeshtha,Mercury,1,Ketu,Leo,"18°29'47.37""",Purva Phalguni,Venus,2,90,90.5277,0.5277
2025-12-21 23:15:00,Aspect,Square,Mercury,Scorpio,"19°02'21.44""",Jyeshtha,Mercury,1,Rahu,Aquarius,"18°29'45.38""",Shatabhisha,Rahu,4,90,89.4567,0.5433
2025-12-21 23:15:00,Aspect,Square,Mercury,Scorpio,"19°02'21.44""",Jyeshtha,Mercury,1,Ketu,Leo,"18°29'45.38""",Purva Phalguni,Venus,2,90,90.5433,0.5433
2025-12-21 23:30:00,Aspect,Square,Mercury,Scorpio,"19°03'15.74""",Jyeshtha,Mercury,1,Rahu,Aquarius,"18°29'43.39""",Shatabhisha,Rahu,4,90,89.441,0.559
2025-12-21 23:30:00,Aspect,Square,Mercury,Scorpio,"19°03'15.74""",Jyeshtha,Mercury,1,Ketu,Leo,"18°29'43.39""",Purva Phalguni,Venus,2,90,90.559,0.559
2025-12-21 23:45:00,Aspect,Square,Mercury,Scorpio,"19°04'10.04""",Jyeshtha,Mercury,1,Rahu,Aquarius,"18°29'41.40""",Shatabhisha,Rahu,4,90,89.4254,0.5746
2025-12-21 23:45:00,Aspect,Square,Mercury,Scorpio,"19°04'10.04""",Jyeshtha,Mercury,1,Ketu,Leo,"18°29'41.40""",Purva Phalguni,Venus,2,90,90.5746,0.5746
2025-12-22 00:00:00,Aspect,Square,Mercury,Scorpio,"19°05'04.35""",Jyeshtha,Mercury,1,Rahu,Aquarius,"18°29'39.42""",Shatabhisha,Rahu,4,90,89.4097,0.5903
2025-12-22 00:00:00,Aspect,Square,Mercury,Scorpio,"19°05'04.35""",Jyeshtha,Mercury,1,Ketu,Leo,"18°29'39.42""",Purva Phalguni,Venus,2,90,90.5903,0.5903
2025-12-22 00:15:00,Aspect,Square,Mercury,Scorpio,"19°05'58.67""",Jyeshtha,Mercury,1,Rahu,Aquarius,"18°29'37.43""",Shatabhisha,Rahu,4,90,89.3941,0.6059
2025-12-22 00:15:00,Aspect,Square,Mercury,Scorpio,"19°05'58.67""",Jyeshtha,Mercury,1,Ketu,Leo,"18°29'37.43""",Purva Phalguni,Venus,2,90,90.6059,0.6059
2025-12-22 00:30:00,Aspect,Square,Mercury,Scorpio,"19°06'52.99""",Jyeshtha,Mercury,1,Rahu,Aquarius,"18°29'35.44""",Shatabhisha,Rahu,4,90,89.3785,0.6215
2025-12-22 00:30:00,Aspect,Square,Mercury,Scorpio,"19°06'52.99""",Jyeshtha,Mercury,1,Ketu,Leo,"18°29'35.44""",Purva Phalguni,Venus,2,90,90.6215,0.6215
2025-12-22 00:45:00,Aspect,Square,Mercury,Scorpio,"19°07'47.31""",Jyeshtha,Mercury,1,Rahu,Aquarius,"18°29'33.46""",Shatabhisha,Rahu,4,90,89.3628,0.6372
2025-12-22 00:45:00,Aspect,Square,Mercury,Scorpio,"19°07'47.31""",Jyeshtha,Mercury,1,Ketu,Leo,"18°29'33.46""",Purva Phalguni,Venus,2,90,90.6372,0.6372
2025-12-22 01:00:00,Aspect,Square,Mercury,Scorpio,"19°08'41.63""",Jyeshtha,Mercury,1,Rahu,Aquarius,"18°29'31.47""",Shatabhisha,Rahu,4,90,89.3472,0.6528
2025-12-22 01:00:00,Aspect,Square,Mercury,Scorpio,"19°08'41.63""",Jyeshtha,Mercury,1,Ketu,Leo,"18°29'31.47""",Purva Phalguni,Venus,2,90,90.6528,0.6528
2025-12-22 01:15:00,Aspect,Square,Mercury,Scorpio,"19°09'35.97""",Jyeshtha,Mercury,1,Rahu,Aquarius,"18°29'29.48""",Shatabhisha,Rahu,4,90,89.3315,0.6685
2025-12-22 01:15:00,Aspect,Square,Mercury,Scorpio,"19°09'35.97""",Jyeshtha,Mercury,1,Ketu,Leo,"18°29'29.48""",Purva Phalguni,Venus,2,90,90.6685,0.6685
2025-12-22 01:30:00,Aspect,Square,Mercury,Scorpio,"19°10'30.30""",Jyeshtha,Mercury,1,Rahu,Aquarius,"18°29'27.49""",Shatabhisha,Rahu,4,90,89.3159,0.6841
2025-12-22 01:30:00,Aspect,Square,Mercury,Scorpio,"19°10'30.30""",Jyeshtha,Mercury,1,Ketu,Leo,"18°29'27.49""",Purva Phalguni,Venus,2,90,90.6841,0.6841
2025-12-22 01:45:00,Aspect,Square,Mercury,Scorpio,"19°11'24.64""",Jyeshtha,Mercury,1,Rahu,Aquarius,"18°29'25.51""",Shatabhisha,Rahu,4,90,89.3002,0.6998
2025-12-22 01:45:00,Aspect,Square,Mercury,Scorpio,"19°11'24.64""",Jyeshtha,Mercury,1,Ketu,Leo,"18°29'25.51""",Purva Phalguni,Venus,2,90,90.6998,0.6998
2025-12-22 02:00:00,Aspect,Square,Mercury,Scorpio,"19°12'18.99""",Jyeshtha,Mercury,1,Rahu,Aquarius,"18°29'23.52""",Shatabhisha,Rahu,4,90,89.2846,0.7154
2025-12-22 02:00:00,Aspect,Square,Mercury,Scorpio,"19°12'18.99""",Jyeshtha,Mercury,1,Ketu,Leo,"18°29'23.52""",Purva Phalguni,Venus,2,90,90.7154,0.7154
2025-12-22 02:15:00,Aspect,Square,Mercury,Scorpio,"19°13'13.33""",Jyeshtha,Mercury,1,Rahu,Aquarius,"18°29'21.53""",Shatabhisha,Rahu,4,90,89.2689,0.7311
2025-12-22 02:15:00,Aspect,Square,Mercury,Scorpio,"19°13'13.33""",Jyeshtha,Mercury,1,Ketu,Leo,"18°29'21.53""",Purva Phalguni,Venus,2,90,90.7311,0.7311
2025-12-22 02:30:00,Aspect,Square,Mercury,Scorpio,"19°14'07.69""",Jyeshtha,Mercury,1,Rahu,Aquarius,"18°29'19.55""",Shatabhisha,Rahu,4,90,89.2533,0.7467
2025-12-22 02:30:00,Aspect,Square,Mercury,Scorpio,"19°14'07.69""",Jyeshtha,Mercury,1,Ketu,Leo,"18°29'19.55""",Purva Phalguni,Venus,2,90,90.7467,0.7467
2025-12-22 02:45:00,Aspect,Square,Mercury,Scorpio,"19°15'02.04""",Jyeshtha,Mercury,1,Rahu,Aquarius,"18°29'17.56""",Shatabhisha,Rahu,4,90,89.2376,0.7624
2025-12-22 02:45:00,Aspect,Square,Mercury,Scorpio,"19°15'02.04""",Jyeshtha,Mercury,1,Ketu,Leo,"18°29'17.56""",Purva Phalguni,Venus,2,90,90.7624,0.7624
2025-12-22 03:00:00,Aspect,Square,Mercury,Scorpio,"19°15'56.41""",Jyeshtha,Mercury,1,Rahu,Aquarius,"18°29'15.57""",Shatabhisha,Rahu,4,90,89.222,0.778
2025-12-22 03:00:00,Aspect,Square,Mercury,Scorpio,"19°15'56.41""",Jyeshtha,Mercury,1,Ketu,Leo,"18°29'15.57""",Purva Phalguni,Venus,2,90,90.778,0.778
2025-12-22 03:15:00,Aspect,Square,Mercury,Scorpio,"19°16'50.77""",Jyeshtha,Mercury,1,Rahu,Aquarius,"18°29'13.58""",Shatabhisha,Rahu,4,90,89.2063,0.7937
2025-12-22 03:15:00,Aspect,Square,Mercury,Scorpio,"19°16'50.77""",Jyeshtha,Mercury,1,Ketu,Leo,"18°29'13.58""",Purva Phalguni,Venus,2,90,90.7937,0.7937
2025-12-22 03:30:00,Aspect,Square,Mercury,Scorpio,"19°17'45.14""",Jyeshtha,Mercury,1,Rahu,Aquarius,"18°29'11.60""",Shatabhisha,Rahu,4,90,89.1907,0.8093
2025-12-22 03:30:00,Aspect,Square,Mercury,Scorpio,"19°17'45.14""",Jyeshtha,Mercury,1,Ketu,Leo,"18°29'11.60""",Purva Phalguni,Venus,2,90,90.8093,0.8093
2025-12-22 03:45:00,Aspect,Square,Mercury,Scorpio,"19°18'39.51""",Jyeshtha,Mercury,1,Rahu,Aquarius,"18°29'09.61""",Shatabhisha,Rahu,4,90,89.175,0.825
2025-12-22 03:45:00,Aspect,Square,Mercury,Scorpio,"19°18'39.51""",Jyeshtha,Mercury,1,Ketu,Leo,"18°29'09.61""",Purva Phalguni,Venus,2,90,90.825,0.825
2025-12-22 04:00:00,Aspect,Square,Mercury,Scorpio,"19°19'33.89""",Jyeshtha,Mercury,1,Rahu,Aquarius,"18°29'07.62""",Shatabhisha,Rahu,4,90,89.1594,0.8406
2025-12-22 04:00:00,Aspect,Square,Mercury,Scorpio,"19°19'33.89""",Jyeshtha,Mercury,1,Ketu,Leo,"18°29'07.62""",Purva Phalguni,Venus,2,90,90.8406,0.8406
2025-12-22 04:15:00,Aspect,Square,Mercury,Scorpio,"19°20'28.28""",Jyeshtha,Mercury,1,Rahu,Aquarius,"18°29'05.64""",Shatabhisha,Rahu,4,90,89.1437,0.8563
2025-12-22 04:15:00,Aspect,Square,Mercury,Scorpio,"19°20'28.28""",Jyeshtha,Mercury,1,Ketu,Leo,"18°29'05.64""",Purva Phalguni,Venus,2,90,90.8563,0.8563
2025-12-22 04:30:00,Aspect,Square,Mercury,Scorpio,"19°21'22.66""",Jyeshtha,Mercury,1,Rahu,Aquarius,"18°29'03.65""",Shatabhisha,Rahu,4,90,89.1281,0.8719
2025-12-22 04:30:00,Aspect,Square,Mercury,Scorpio,"19°21'22.66""",Jyeshtha,Mercury,1,Ketu,Leo,"18°29'03.65""",Purva Phalguni,Venus,2,90,90.8719,0.8719
2025-12-22 04:45:00,Aspect,Square,Mercury,Scorpio,"19°22'17.05""",Jyeshtha,Mercury,1,Rahu,Aquarius,"18°29'01.66""",Shatabhisha,Rahu,4,90,89.1124,0.8876
2025-12-22 04:45:00,Aspect,Square,Mercury,Scorpio,"19°22'17.05""",Jyeshtha,Mercury,1,Ketu,Leo,"18°29'01.66""",Purva Phalguni,Venus,2,90,90.8876,0.8876
2025-12-22 05:00:00,Aspect,Square,Mercury,Scorpio,"19°23'11.45""",Jyeshtha,Mercury,1,Rahu,Aquarius,"18°28'59.67""",Shatabhisha,Rahu,4,90,89.0967,0.9033
2025-12-22 05:00:00,Aspect,Square,Mercury,Scorpio,"19°23'11.45""",Jyeshtha,Mercury,1,Ketu,Leo,"18°28'59.67""",Purva Phalguni,Venus,2,90,90.9033,0.9033
2025-12-22 05:15:00,Aspect,Square,Mercury,Scorpio,"19°24'05.85""",Jyeshtha,Mercury,1,Rahu,Aquarius,"18°28'57.69""",Shatabhisha,Rahu,4,90,89.0811,0.9189
2025-12-22 05:15:00,Aspect,Square,Mercury,Scorpio,"19°24'05.85""",Jyeshtha,Mercury,1,Ketu,Leo,"18°28'57.69""",Purva Phalguni,Venus,2,90,90.9189,0.9189
2025-12-22 05:30:00,Aspect,Square,Mercury,Scorpio,"19°25'00.25""",Jyeshtha,Mercury,1,Rahu,Aquarius,"18°28'55.70""",Shatabhisha,Rahu,4,90,89.0654,0.9346
2025-12-22 05:30:00,Aspect,Square,Mercury,Scorpio,"19°25'00.25""",Jyeshtha,Mercury,1,Ketu,Leo,"18°28'55.70""",Purva Phalguni,Venus,2,90,90.9346,0.9346
2025-12-22 05:45:00,Aspect,Square,Mercury,Scorpio,"19°25'54.66""",Jyeshtha,Mercury,1,Rahu,Aquarius,"18°28'53.71""",Shatabhisha,Rahu,4,90,89.0497,0.9503
2025-12-22 05:45:00,Aspect,Square,Mercury,Scorpio,"19°25'54.66""",Jyeshtha,Mercury,1,Ketu,Leo,"18°28'53.71""",Purva Phalguni,Venus,2,90,90.9503,0.9503
2025-12-22 06:00:00,Aspect,Square,Mercury,Scorpio,"19°26'49.07""",Jyeshtha,Mercury,1,Rahu,Aquarius,"18°28'51.72""",Shatabhisha,Rahu,4,90,89.0341,0.9659
2025-12-22 06:00:00,Aspect,Square,Mercury,Scorpio,"19°26'49.07""",Jyeshtha,Mercury,1,Ketu,Leo,"18°28'51.72""",Purva Phalguni,Venus,2,90,90.9659,0.9659
2025-12-22 06:15:00,Aspect,Square,Mercury,Scorpio,"19°27'43.49""",Jyeshtha,Mercury,1,Rahu,Aquarius,"18°28'49.74""",Shatabhisha,Rahu,4,90,89.0184,0.9816
2025-12-22 06:15:00,Aspect,Square,Mercury,Scorpio,"19°27'43.49""",Jyeshtha,Mercury,1,Ketu,Leo,"18°28'49.74""",Purva Phalguni,Venus,2,90,90.9816,0.9816
2025-12-22 06:30:00,Aspect,Square,Mercury,Scorpio,"19°28'37.91""",Jyeshtha,Mercury,1,Rahu,Aquarius,"18°28'47.75""",Shatabhisha,Rahu,4,90,89.0027,0.9973
2025-12-22 06:30:00,Aspect,Square,Mercury,Scorpio,"19°28'37.91""",Jyeshtha,Mercury,1,Ketu,Leo,"18°28'47.75""",Purva Phalguni,Venus,2,90,90.9973,0.9973
2025-12-29 22:00:00,Aspect,Square,Mercury,Sagittarius,"0°49'26.19""",Mula,Ketu,1,Saturn,Pisces,"1°48'41.52""",Purva Bhadrapada,Jupiter,4,90,90.9876,0.9876
2025-12-29 22:15:00,Aspect,Square,Mercury,Sagittarius,"0°50'22.86""",Mula,Ketu,1,Saturn,Pisces,"1°48'43.56""",Purva Bhadrapada,Jupiter,4,90,90.9724,0.9724
2025-12-29 22:30:00,Aspect,Square,Mercury,Sagittarius,"0°51'19.53""",Mula,Ketu,1,Saturn,Pisces,"1°48'45.61""",Purva Bhadrapada,Jupiter,4,90,90.9572,0.9572
2025-12-29 22:45:00,Aspect,Square,Mercury,Sagittarius,"0°52'16.20""",Mula,Ketu,1,Saturn,Pisces,"1°48'47.65""",Purva Bhadrapada,Jupiter,4,90,90.9421,0.9421
2025-12-29 23:00:00,Aspect,Square,Mercury,Sagittarius,"0°53'12.87""",Mula,Ketu,1,Saturn,Pisces,"1°48'49.70""",Purva Bhadrapada,Jupiter,4,90,90.9269,0.9269
2025-12-29 23:15:00,Aspect,Square,Mercury,Sagittarius,"0°54'09.55""",Mula,Ketu,1,Saturn,Pisces,"1°48'51.75""",Purva Bhadrapada,Jupiter,4,90,90.9117,0.9117
2025-12-29 23:30:00,Aspect,Square,Mercury,Sagittarius,"0°55'06.23""",Mula,Ketu,1,Saturn,Pisces,"1°48'53.80""",Purva Bhadrapada,Jupiter,4,90,90.8965,0.8965
2025-12-29 23:45:00,Aspect,Square,Mercury,Sagittarius,"0°56'02.91""",Mula,Ketu,1,Saturn,Pisces,"1°48'55.85""",Purva Bhadrapada,Jupiter,4,90,90.8814,0.8814
2025-12-30 00:00:00,Aspect,Square,Mercury,Sagittarius,"0°56'59.59""",Mula,Ketu,1,Saturn,Pisces,"1°48'57.90""",Purva Bhadrapada,Jupiter,4,90,90.8662,0.8662
2025-12-30 00:15:00,Aspect,Square,Mercury,Sagittarius,"0°57'56.28""",Mula,Ketu,1,Saturn,Pisces,"1°48'59.94""",Purva Bhadrapada,Jupiter,4,90,90.851,0.851
2025-12-30 00:30:00,Aspect,Square,Mercury,Sagittarius,"0°58'52.97""",Mula,Ketu,1,Saturn,Pisces,"1°49'02.00""",Purva Bhadrapada,Jupiter,4,90,90.8358,0.8358
2025-12-30 00:45:00,Aspect,Square,Mercury,Sagittarius,"0°59'49.66""",Mula,Ketu,1,Saturn,Pisces,"1°49'04.05""",Purva Bhadrapada,Jupiter,4,90,90.8207,0.8207
2025-12-30 01:00:00,Aspect,Square,Mercury,Sagittarius,"1°00'46.35""",Mula,Ketu,1,Saturn,Pisces,"1°49'06.10""",Purva Bhadrapada,Jupiter,4,90,90.8055,0.8055
2025-12-30 01:15:00,Aspect,Square,Mercury,Sagittarius,"1°01'43.05""",Mula,Ketu,1,Saturn,Pisces,"1°49'08.15""",Purva Bhadrapada,Jupiter,4,90,90.7903,0.7903
2025-12-30 01:30:00,Aspect,Square,Mercury,Sagittarius,"1°02'39.75""",Mula,Ketu,1,Saturn,Pisces,"1°49'10.20""",Purva Bhadrapada,Jupiter,4,90,90.7751,0.7751
2025-12-30 01:45:00,Aspect,Square,Mercury,Sagittarius,"1°03'36.45""",Mula,Ketu,1,Saturn,Pisces,"1°49'12.26""",Purva Bhadrapada,Jupiter,4,90,90.7599,0.7599
2025-12-30 02:00:00,Aspect,Square,Mercury,Sagittarius,"1°04'33.15""",Mula,Ketu,1,Saturn,Pisces,"1°49'14.31""",Purva Bhadrapada,Jupiter,4,90,90.7448,0.7448
2025-12-30 02:15:00,Aspect,Square,Mercury,Sagittarius,"1°05'29.86""",Mula,Ketu,1,Saturn,Pisces,"1°49'16.37""",Purva Bhadrapada,Jupiter,4,90,90.7296,0.7296
2025-12-30 02:30:00,Aspect,Square,Mercury,Sagittarius,"1°06'26.57""",Mula,Ketu,1,Saturn,Pisces,"1°49'18.42""",Purva Bhadrapada,Jupiter,4,90,90.7144,0.7144
2025-12-30 02:45:00,Aspect,Square,Mercury,Sagittarius,"1°07'23.28""",Mula,Ketu,1,Saturn,Pisces,"1°49'20.48""",Purva Bhadrapada,Jupiter,4,90,90.6992,0.6992
2025-12-30 03:00:00,Aspect,Square,Mercury,Sagittarius,"1°08'19.99""",Mula,Ketu,1,Saturn,Pisces,"1°49'22.53""",Purva Bhadrapada,Jupiter,4,90,90.684,0.684
2025-12-30 03:15:00,Aspect,Square,Mercury,Sagittarius,"1°09'16.70""",Mula,Ketu,1,Saturn,Pisces,"1°49'24.59""",Purva Bhadrapada,Jupiter,4,90,90.6689,0.6689
2025-12-30 03:30:00,Aspect,Square,Mercury,Sagittarius,"1°10'13.42""",Mula,Ketu,1,Saturn,Pisces,"1°49'26.65""",Purva Bhadrapada,Jupiter,4,90,90.6537,0.6537
2025-12-30 03:45:00,Aspect,Square,Mercury,Sagittarius,"1°11'10.14""",Mula,Ketu,1,Saturn,Pisces,"1°49'28.71""",Purva Bhadrapada,Jupiter,4,90,90.6385,0.6385
2025-12-30 04:00:00,Aspect,Square,Mercury,Sagittarius,"1°12'06.86""",Mula,Ketu,1,Saturn,Pisces,"1°49'30.77""",Purva Bhadrapada,Jupiter,4,90,90.6233,0.6233
2025-12-30 04:15:00,Aspect,Square,Mercury,Sagittarius,"1°13'03.59""",Mula,Ketu,1,Saturn,Pisces,"1°49'32.83""",Purva Bhadrapada,Jupiter,4,90,90.6081,0.6081
2025-12-30 04:30:00,Aspect,Square,Mercury,Sagittarius,"1°14'00.32""",Mula,Ketu,1,Saturn,Pisces,"1°49'34.89""",Purva Bhadrapada,Jupiter,4,90,90.5929,0.5929
2025-12-30 04:45:00,Aspect,Square,Mercury,Sagittarius,"1°14'57.05""",Mula,Ketu,1,Saturn,Pisces,"1°49'36.95""",Purva Bhadrapada,Jupiter,4,90,90.5778,0.5778
2025-12-30 05:00:00,Aspect,Square,Mercury,Sagittarius,"1°15'53.78""",Mula,Ketu,1,Saturn,Pisces,"1°49'39.01""",Purva Bhadrapada,Jupiter,4,90,90.5626,0.5626
2025-12-30 05:15:00,Aspect,Square,Mercury,Sagittarius,"1°16'50.51""",Mula,Ketu,1,Saturn,Pisces,"1°49'41.07""",Purva Bhadrapada,Jupiter,4,90,90.5474,0.5474
2025-12-30 05:30:00,Aspect,Square,Mercury,Sagittarius,"1°17'47.25""",Mula,Ketu,1,Saturn,Pisces,"1°49'43.14""",Purva Bhadrapada,Jupiter,4,90,90.5322,0.5322
2025-12-30 05:45:00,Aspect,Square,Mercury,Sagittarius,"1°18'43.99""",Mula,Ketu,1,Saturn,Pisces,"1°49'45.20""",Purva Bhadrapada,Jupiter,4,90,90.517,0.517
2025-12-30 06:00:00,Aspect,Square,Mercury,Sagittarius,"1°19'40.73""",Mula,Ketu,1,Saturn,Pisces,"1°49'47.26""",Purva Bhadrapada,Jupiter,4,90,90.5018,0.5018
2025-12-30 06:15:00,Aspect,Square,Mercury,Sagittarius,"1°20'37.47""",Mula,Ketu,1,Saturn,Pisces,"1°49'49.33""",Purva Bhadrapada,Jupiter,4,90,90.4866,0.4866
2025-12-30 06:30:00,Aspect,Square,Mercury,Sagittarius,"1°21'34.22""",Mula,Ketu,1,Saturn,Pisces,"1°49'51.39""",Purva Bhadrapada,Jupiter,4,90,90.4714,0.4714
2025-12-30 06:45:00,Aspect,Square,Mercury,Sagittarius,"1°22'30.97""",Mula,Ketu,1,Saturn,Pisces,"1°49'53.46""",Purva Bhadrapada,Jupiter,4,90,90.4562,0.4562
2025-12-30 07:00:00,Aspect,Square,Mercury,Sagittarius,"1°23'27.72""",Mula,Ketu,1,Saturn,Pisces,"1°49'55.53""",Purva Bhadrapada,Jupiter,4,90,90.4411,0.4411
2025-12-30 07:15:00,Aspect,Square,Mercury,Sagittarius,"1°24'24.47""",Mula,Ketu,1,Saturn,Pisces,"1°49'57.59""",Purva Bhadrapada,Jupiter,4,90,90.4259,0.4259
2025-12-30 07:30:00,Aspect,Square,Mercury,Sagittarius,"1°25'21.23""",Mula,Ketu,1,Saturn,Pisces,"1°49'59.66""",Purva Bhadrapada,Jupiter,4,90,90.4107,0.4107
2025-12-30 07:45:00,Aspect,Square,Mercury,Sagittarius,"1°26'17.98""",Mula,Ketu,1,Saturn,Pisces,"1°50'01.73""",Purva Bhadrapada,Jupiter,4,90,90.3955,0.3955
2025-12-30 08:00:00,Aspect,Square,Mercury,Sagittarius,"1°27'14.74""",Mula,Ketu,1,Saturn,Pisces,"1°50'03.80""",Purva Bhadrapada,Jupiter,4,90,90.3803,0.3803
2025-12-30 08:15:00,Aspect,Square,Mercury,Sagittarius,"1°28'11.51""",Mula,Ketu,1,Saturn,Pisces,"1°50'05.87""",Purva Bhadrapada,Jupiter,4,90,90.3651,0.3651
2025-12-30 08:30:00,Aspect,Square,Mercury,Sagittarius,"1°29'08.27""",Mula,Ketu,1,Saturn,Pisces,"1°50'07.94""",Purva Bhadrapada,Jupiter,4,90,90.3499,0.3499
2025-12-30 08:45:00,Aspect,Square,Mercury,Sagittarius,"1°30'05.04""",Mula,Ketu,1,Saturn,Pisces,"1°50'10.01""",Purva Bhadrapada,Jupiter,4,90,90.3347,0.3347
2025-12-30 09:00:00,Aspect,Square,Mercury,Sagittarius,"1°31'01.81""",Mula,Ketu,1,Saturn,Pisces,"1°50'12.08""",Purva Bhadrapada,Jupiter,4,90,90.3195,0.3195
2025-12-30 09:15:00,Aspect,Square,Mercury,Sagittarius,"1°31'58.58""",Mula,Ketu,1,Saturn,Pisces,"1°50'14.15""",Purva Bhadrapada,Jupiter,4,90,90.3043,0.3043
2025-12-30 09:30:00,Aspect,Square,Mercury,Sagittarius,"1°32'55.36""",Mula,Ketu,1,Saturn,Pisces,"1°50'16.23""",Purva Bhadrapada,Jupiter,4,90,90.2891,0.2891
2025-12-30 09:45:00,Aspect,Square,Mercury,Sagittarius,"1°33'52.13""",Mula,Ketu,1,Saturn,Pisces,"1°50'18.30""",Purva Bhadrapada,Jupiter,4,90,90.2739,0.2739
2025-12-30 10:00:00,Aspect,Square,Mercury,Sagittarius,"1°34'48.91""",Mula,Ketu,1,Saturn,Pisces,"1°50'20.37""",Purva Bhadrapada,Jupiter,4,90,90.2587,0.2587
2025-12-30 10:15:00,Aspect,Square,Mercury,Sagittarius,"1°35'45.69""",Mula,Ketu,1,Saturn,Pisces,"1°50'22.45""",Purva Bhadrapada,Jupiter,4,90,90.2435,0.2435
2025-12-30 10:30:00,Aspect,Square,Mercury,Sagittarius,"1°36'42.48""",Mula,Ketu,1,Saturn,Pisces,"1°50'24.52""",Purva Bhadrapada,Jupiter,4,90,90.2283,0.2283
2025-12-30 10:45:00,Aspect,Square,Mercury,Sagittarius,"1°37'39.26""",Mula,Ketu,1,Saturn,Pisces,"1°50'26.60""",Purva Bhadrapada,Jupiter,4,90,90.2131,0.2131
2025-12-30 11:00:00,Aspect,Square,Mercury,Sagittarius,"1°38'36.05""",Mula,Ketu,1,Saturn,Pisces,"1°50'28.67""",Purva Bhadrapada,Jupiter,4,90,90.198,0.198
2025-12-30 11:15:00,Aspect,Square,Mercury,Sagittarius,"1°39'32.84""",Mula,Ketu,1,Saturn,Pisces,"1°50'30.75""",Purva Bhadrapada,Jupiter,4,90,90.1828,0.1828
2025-12-30 11:30:00,Aspect,Square,Mercury,Sagittarius,"1°40'29.64""",Mula,Ketu,1,Saturn,Pisces,"1°50'32.83""",Purva Bhadrapada,Jupiter,4,90,90.1676,0.1676
2025-12-30 11:45:00,Aspect,Square,Mercury,Sagittarius,"1°41'26.43""",Mula,Ketu,1,Saturn,Pisces,"1°50'34.91""",Purva Bhadrapada,Jupiter,4,90,90.1524,0.1524
2025-12-30 12:00:00,Aspect,Square,Mercury,Sagittarius,"1°42'23.23""",Mula,Ketu,1,Saturn,Pisces,"1°50'36.99""",Purva Bhadrapada,Jupiter,4,90,90.1372,0.1372
2025-12-30 12:15:00,Aspect,Square,Mercury,Sagittarius,"1°43'20.03""",Mula,Ketu,1,Saturn,Pisces,"1°50'39.07""",Purva Bhadrapada,Jupiter,4,90,90.122,0.122
2025-12-30 12:30:00,Aspect,Square,Mercury,Sagittarius,"1°44'16.83""",Mula,Ketu,1,Saturn,Pisces,"1°50'41.15""",Purva Bhadrapada,Jupiter,4,90,90.1068,0.1068
2025-12-30 12:45:00,Aspect,Square,Mercury,Sagittarius,"1°45'13.64""",Mula,Ketu,1,Saturn,Pisces,"1°50'43.23""",Purva Bhadrapada,Jupiter,4,90,90.0916,0.0916
2025-12-30 13:00:00,Aspect,Square,Mercury,Sagittarius,"1°46'10.45""",Mula,Ketu,1,Saturn,Pisces,"1°50'45.31""",Purva Bhadrapada,Jupiter,4,90,90.0763,0.0763
2025-12-30 13:15:00,Aspect,Square,Mercury,Sagittarius,"1°47'07.26""",Mula,Ketu,1,Saturn,Pisces,"1°50'47.39""",Purva Bhadrapada,Jupiter,4,90,90.0611,0.0611
2025-12-30 13:30:00,Aspect,Square,Mercury,Sagittarius,"1°48'04.07""",Mula,Ketu,1,Saturn,Pisces,"1°50'49.47""",Purva Bhadrapada,Jupiter,4,90,90.0459,0.0459
2025-12-30 13:45:00,Aspect,Square,Mercury,Sagittarius,"1°49'00.89""",Mula,Ketu,1,Saturn,Pisces,"1°50'51.56""",Purva Bhadrapada,Jupiter,4,90,90.0307,0.0307
2025-12-30 14:00:00,Aspect,Square,Mercury,Sagittarius,"1°49'57.70""",Mula,Ketu,1,Saturn,Pisces,"1°50'53.64""",Purva Bhadrapada,Jupiter,4,90,90.0155,0.0155
2025-12-30 14:15:00,Aspect,Square,Mercury,Sagittarius,"1°50'54.52""",Mula,Ketu,1,Saturn,Pisces,"1°50'55.72""",Purva Bhadrapada,Jupiter,4,90,90.0003,0.0003
2025-12-30 14:30:00,Aspect,Square,Mercury,Sagittarius,"1°51'51.34""",Mula,Ketu,1,Saturn,Pisces,"1°50'57.81""",Purva Bhadrapada,Jupiter,4,90,89.9851,0.0149
2025-12-30 14:45:00,Aspect,Square,Mercury,Sagittarius,"1°52'48.17""",Mula,Ketu,1,Saturn,Pisces,"1°50'59.89""",Purva Bhadrapada,Jupiter,4,90,89.9699,0.0301
2025-12-30 15:00:00,Aspect,Square,Mercury,Sagittarius,"1°53'44.99""",Mula,Ketu,1,Saturn,Pisces,"1°51'01.98""",Purva Bhadrapada,Jupiter,4,90,89.9547,0.0453
2025-12-30 15:15:00,Aspect,Square,Mercury,Sagittarius,"1°54'41.82""",Mula,Ketu,1,Saturn,Pisces,"1°51'04.07""",Purva Bhadrapada,Jupiter,4,90,89.9395,0.0605
2025-12-30 15:30:00,Aspect,Square,Mercury,Sagittarius,"1°55'38.65""",Mula,Ketu,1,Saturn,Pisces,"1°51'06.15""",Purva Bhadrapada,Jupiter,4,90,89.9243,0.0757
2025-12-30 15:45:00,Aspect,Square,Mercury,Sagittarius,"1°56'35.49""",Mula,Ketu,1,Saturn,Pisces,"1°51'08.24""",Purva Bhadrapada,Jupiter,4,90,89.9091,0.0909
2025-12-30 16:00:00,Aspect,Square,Mercury,Sagittarius,"1°57'32.32""",Mula,Ketu,1,Saturn,Pisces,"1°51'10.33""",Purva Bhadrapada,Jupiter,4,90,89.8939,0.1061
2025-12-30 16:15:00,Aspect,Square,Mercury,Sagittarius,"1°58'29.16""",Mula,Ketu,1,Saturn,Pisces,"1°51'12.42""",Purva Bhadrapada,Jupiter,4,90,89.8787,0.1213
2025-12-30 16:30:00,Aspect,Square,Mercury,Sagittarius,"1°59'26.00""",Mula,Ketu,1,Saturn,Pisces,"1°51'14.51""",Purva Bhadrapada,Jupiter,4,90,89.8635,0.1365
2025-12-30 16:45:00,Aspect,Square,Mercury,Sagittarius,"2°00'22.85""",Mula,Ketu,1,Saturn,Pisces,"1°51'16.60""",Purva Bhadrapada,Jupiter,4,90,89.8483,0.1517
2025-12-30 17:00:00,Aspect,Square,Mercury,Sagittarius,"2°01'19.69""",Mula,Ketu,1,Saturn,Pisces,"1°51'18.69""",Purva Bhadrapada,Jupiter,4,90,89.8331,0.1669
2025-12-30 17:15:00,Aspect,Square,Mercury,Sagittarius,"2°02'16.54""",Mula,Ketu,1,Saturn,Pisces,"1°51'20.78""",Purva Bhadrapada,Jupiter,4,90,89.8178,0.1822
2025-12-30 17:30:00,Aspect,Square,Mercury,Sagittarius,"2°03'13.39""",Mula,Ketu,1,Saturn,Pisces,"1°51'22.88""",Purva Bhadrapada,Jupiter,4,90,89.8026,0.1974
2025-12-30 17:45:00,Aspect,Square,Mercury,Sagittarius,"2°04'10.24""",Mula,Ketu,1,Saturn,Pisces,"1°51'24.97""",Purva Bhadrapada,Jupiter,4,90,89.7874,0.2126
2025-12-30 18:00:00,Aspect,Square,Mercury,Sagittarius,"2°05'07.10""",Mula,Ketu,1,Saturn,Pisces,"1°51'27.06""",Purva Bhadrapada,Jupiter,4,90,89.7722,0.2278
2025-12-30 18:15:00,Aspect,Square,Mercury,Sagittarius,"2°06'03.95""",Mula,Ketu,1,Saturn,Pisces,"1°51'29.16""",Purva Bhadrapada,Jupiter,4,90,89.757,0.243
2025-12-30 18:30:00,Aspect,Square,Mercury,Sagittarius,"2°07'00.81""",Mula,Ketu,1,Saturn,Pisces,"1°51'31.25""",Purva Bhadrapada,Jupiter,4,90,89.7418,0.2582
2025-12-30 18:45:00,Aspect,Square,Mercury,Sagittarius,"2°07'57.68""",Mula,Ketu,1,Saturn,Pisces,"1°51'33.35""",Purva Bhadrapada,Jupiter,4,90,89.7266,0.2734
2025-12-30 19:00:00,Aspect,Square,Mercury,Sagittarius,"2°08'54.54""",Mula,Ketu,1,Saturn,Pisces,"1°51'35.44""",Purva Bhadrapada,Jupiter,4,90,89.7114,0.2886
2025-12-30 19:15:00,Aspect,Square,Mercury,Sagittarius,"2°09'51.41""",Mula,Ketu,1,Saturn,Pisces,"1°51'37.54""",Purva Bhadrapada,Jupiter,4,90,89.6961,0.3039
2025-12-30 19:30:00,Aspect,Square,Mercury,Sagittarius,"2°10'48.27""",Mula,Ketu,1,Saturn,Pisces,"1°51'39.64""",Purva Bhadrapada,Jupiter,4,90,89.6809,0.3191
2025-12-30 19:45:00,Aspect,Square,Mercury,Sagittarius,"2°11'45.15""",Mula,Ketu,1,Saturn,Pisces,"1°51'41.73""",Purva Bhadrapada,Jupiter,4,90,89.6657,0.3343
2025-12-30 20:00:00,Aspect,Square,Mercury,Sagittarius,"2°12'42.02""",Mula,Ketu,1,Saturn,Pisces,"1°51'43.83""",Purva Bhadrapada,Jupiter,4,90,89.6505,0.3495
2025-12-30 20:15:00,Aspect,Square,Mercury,Sagittarius,"2°13'38.90""",Mula,Ketu,1,Saturn,Pisces,"1°51'45.93""",Purva Bhadrapada,Jupiter,4,90,89.6353,0.3647
2025-12-30 20:30:00,Aspect,Square,Mercury,Sagittarius,"2°14'35.77""",Mula,Ketu,1,Saturn,Pisces,"1°51'48.03""",Purva Bhadrapada,Jupiter,4,90,89.6201,0.3799
2025-12-30 20:45:00,Aspect,Square,Mercury,Sagittarius,"2°15'32.65""",Mula,Ketu,1,Saturn,Pisces,"1°51'50.13""",Purva Bhadrapada,Jupiter,4,90,89.6049,0.3951
2025-12-30 21:00:00,Aspect,Square,Mercury,Sagittarius,"2°16'29.54""",Mula,Ketu,1,Saturn,Pisces,"1°51'52.23""",Purva Bhadrapada,Jupiter,4,90,89.5896,0.4104
2025-12-30 21:15:00,Aspect,Square,Mercury,Sagittarius,"2°17'26.42""",Mula,Ketu,1,Saturn,Pisces,"1°51'54.34""",Purva Bhadrapada,Jupiter,4,90,89.5744,0.4256
2025-12-30 21:30:00,Aspect,Square,Mercury,Sagittarius,"2°18'23.31""",Mula,Ketu,1,Saturn,Pisces,"1°51'56.44""",Purva Bhadrapada,Jupiter,4,90,89.5592,0.4408
2025-12-30 21:45:00,Aspect,Square,Mercury,Sagittarius,"2°19'20.20""",Mula,Ketu,1,Saturn,Pisces,"1°51'58.54""",Purva Bhadrapada,Jupiter,4,90,89.544,0.456
2025-12-30 22:00:00,Aspect,Square,Mercury,Sagittarius,"2°20'17.09""",Mula,Ketu,1,Saturn,Pisces,"1°52'00.64""",Purva Bhadrapada,Jupiter,4,90,89.5288,0.4712
2025-12-30 22:15:00,Aspect,Square,Mercury,Sagittarius,"2°21'13.99""",Mula,Ketu,1,Saturn,Pisces,"1°52'02.75""",Purva Bhadrapada,Jupiter,4,90,89.5135,0.4865
2025-12-30 22:30:00,Aspect,Square,Mercury,Sagittarius,"2°22'10.88""",Mula,Ketu,1,Saturn,Pisces,"1°52'04.85""",Purva Bhadrapada,Jupiter,4,90,89.4983,0.5017
2025-12-30 22:45:00,Aspect,Square,Mercury,Sagittarius,"2°23'07.78""",Mula,Ketu,1,Saturn,Pisces,"1°52'06.96""",Purva Bhadrapada,Jupiter,4,90,89.4831,0.5169
2025-12-30 23:00:00,Aspect,Square,Mercury,Sagittarius,"2°24'04.69""",Mula,Ketu,1,Saturn,Pisces,"1°52'09.06""",Purva Bhadrapada,Jupiter,4,90,89.4679,0.5321
2025-12-30 23:15:00,Aspect,Square,Mercury,Sagittarius,"2°25'01.59""",Mula,Ketu,1,Saturn,Pisces,"1°52'11.17""",Purva Bhadrapada,Jupiter,4,90,89.4527,0.5473
2025-12-30 23:30:00,Aspect,Square,Mercury,Sagittarius,"2°25'58.50""",Mula,Ketu,1,Saturn,Pisces,"1°52'13.28""",Purva Bhadrapada,Jupiter,4,90,89.4374,0.5626
2025-12-30 23:45:00,Aspect,Square,Mercury,Sagittarius,"2°26'55.41""",Mula,Ketu,1,Saturn,Pisces,"1°52'15.38""",Purva Bhadrapada,Jupiter,4,90,89.4222,0.5778
2025-12-31 00:00:00,Aspect,Square,Mercury,Sagittarius,"2°27'52.32""",Mula,Ketu,1,Saturn,Pisces,"1°52'17.49""",Purva Bhadrapada,Jupiter,4,90,89.407,0.593
2025-12-31 00:15:00,Aspect,Square,Mercury,Sagittarius,"2°28'49.23""",Mula,Ketu,1,Saturn,Pisces,"1°52'19.60""",Purva Bhadrapada,Jupiter,4,90,89.3918,0.6082
2025-12-31 00:30:00,Aspect,Square,Mercury,Sagittarius,"2°29'46.15""",Mula,Ketu,1,Saturn,Pisces,"1°52'21.71""",Purva Bhadrapada,Jupiter,4,90,89.3765,0.6235
2025-12-31 00:45:00,Aspect,Square,Mercury,Sagittarius,"2°30'43.06""",Mula,Ketu,1,Saturn,Pisces,"1°52'23.82""",Purva Bhadrapada,Jupiter,4,90,89.3613,0.6387
2025-12-31 01:00:00,Aspect,Square,Mercury,Sagittarius,"2°31'39.98""",Mula,Ketu,1,Saturn,Pisces,"1°52'25.93""",Purva Bhadrapada,Jupiter,4,90,89.3461,0.6539
2025-12-31 01:15:00,Aspect,Square,Mercury,Sagittarius,"2°32'36.91""",Mula,Ketu,1,Saturn,Pisces,"1°52'28.04""",Purva Bhadrapada,Jupiter,4,90,89.3309,0.6691
2025-12-31 01:30:00,Aspect,Square,Mercury,Sagittarius,"2°33'33.83""",Mula,Ketu,1,Saturn,Pisces,"1°52'30.15""",Purva Bhadrapada,Jupiter,4,90,89.3156,0.6844
2025-12-31 01:45:00,Aspect,Square,Mercury,Sagittarius,"2°34'30.76""",Mula,Ketu,1,Saturn,Pisces,"1°52'32.27""",Purva Bhadrapada,Jupiter,4,90,89.3004,0.6996
2025-12-31 02:00:00,Aspect,Square,Mercury,Sagittarius,"2°35'27.69""",Mula,Ketu,1,Saturn,Pisces,"1°52'34.38""",Purva Bhadrapada,Jupiter,4,90,89.2852,0.7148
2025-12-31 02:15:00,Aspect,Square,Mercury,Sagittarius,"2°36'24.62""",Mula,Ketu,1,Saturn,Pisces,"1°52'36.49""",Purva Bhadrapada,Jupiter,4,90,89.27,0.73
2025-12-31 02:30:00,Aspect,Square,Mercury,Sagittarius,"2°37'21.56""",Mula,Ketu,1,Saturn,Pisces,"1°52'38.61""",Purva Bhadrapada,Jupiter,4,90,89.2547,0.7453
2025-12-31 02:45:00,Aspect,Square,Mercury,Sagittarius,"2°38'18.49""",Mula,Ketu,1,Saturn,Pisces,"1°52'40.72""",Purva Bhadrapada,Jupiter,4,90,89.2395,0.7605
2025-12-31 03:00:00,Aspect,Square,Mercury,Sagittarius,"2°39'15.43""",Mula,Ketu,1,Saturn,Pisces,"1°52'42.84""",Purva Bhadrapada,Jupiter,4,90,89.2243,0.7757
2025-12-31 03:15:00,Aspect,Square,Mercury,Sagittarius,"2°40'12.37""",Mula,Ketu,1,Saturn,Pisces,"1°52'44.96""",Purva Bhadrapada,Jupiter,4,90,89.2091,0.7909
2025-12-31 03:30:00,Aspect,Square,Mercury,Sagittarius,"2°41'09.32""",Mula,Ketu,1,Saturn,Pisces,"1°52'47.07""",Purva Bhadrapada,Jupiter,4,90,89.1938,0.8062
2025-12-31 03:45:00,Aspect,Square,Mercury,Sagittarius,"2°42'06.26""",Mula,Ketu,1,Saturn,Pisces,"1°52'49.19""",Purva Bhadrapada,Jupiter,4,90,89.1786,0.8214
2025-12-31 04:00:00,Aspect,Square,Mercury,Sagittarius,"2°43'03.21""",Mula,Ketu,1,Saturn,Pisces,"1°52'51.31""",Purva Bhadrapada,Jupiter,4,90,89.1634,0.8366
2025-12-31 04:15:00,Aspect,Square,Mercury,Sagittarius,"2°44'00.16""",Mula,Ketu,1,Saturn,Pisces,"1°52'53.43""",Purva Bhadrapada,Jupiter,4,90,89.1481,0.8519
2025-12-31 04:30:00,Aspect,Square,Mercury,Sagittarius,"2°44'57.12""",Mula,Ketu,1,Saturn,Pisces,"1°52'55.55""",Purva Bhadrapada,Jupiter,4,90,89.1329,0.8671
2025-12-31 04:45:00,Aspect,Square,Mercury,Sagittarius,"2°45'54.07""",Mula,Ketu,1,Saturn,Pisces,"1°52'57.67""",Purva Bhadrapada,Jupiter,4,90,89.1177,0.8823
2025-12-31 05:00:00,Aspect,Square,Mercury,Sagittarius,"2°46'51.03""",Mula,Ketu,1,Saturn,Pisces,"1°52'59.79""",Purva Bhadrapada,Jupiter,4,90,89.1024,0.8976
2025-12-31 05:15:00,Aspect,Square,Mercury,Sagittarius,"2°47'47.99""",Mula,Ketu,1,Saturn,Pisces,"1°53'01.91""",Purva Bhadrapada,Jupiter,4,90,89.0872,0.9128
2025-12-31 05:30:00,Aspect,Square,Mercury,Sagittarius,"2°48'44.95""",Mula,Ketu,1,Saturn,Pisces,"1°53'04.03""",Purva Bhadrapada,Jupiter,4,90,89.072,0.928
2025-12-31 05:45:00,Aspect,Square,Mercury,Sagittarius,"2°49'41.92""",Mula,Ketu,1,Saturn,Pisces,"1°53'06.15""",Purva Bhadrapada,Jupiter,4,90,89.0567,0.9433
2025-12-31 06:00:00,Aspect,Square,Mercury,Sagittarius,"2°50'38.88""",Mula,Ketu,1,Saturn,Pisces,"1°53'08.27""",Purva Bhadrapada,Jupiter,4,90,89.0415,0.9585
2025-12-31 06:15:00,Aspect,Square,Mercury,Sagittarius,"2°51'35.85""",Mula,Ketu,1,Saturn,Pisces,"1°53'10.40""",Purva Bhadrapada,Jupiter,4,90,89.0263,0.9737
2025-12-31 06:30:00,Aspect,Square,Mercury,Sagittarius,"2°52'32.82""",Mula,Ketu,1,Saturn,Pisces,"1°53'12.52""",Purva Bhadrapada,Jupiter,4,90,89.011,0.989
