datetime,event,aspecting_planet,aspecting_sign,aspecting_sign_vi,aspecting_degree,aspecting_nakshatra,aspecting_nakshatra_lord,aspecting_pada,aspected_planet,aspected_sign,aspected_sign_vi,aspected_degree,aspected_nakshatra,aspected_nakshatra_lord,aspected_pada,aspect_type,aspect_house,target_angle,actual_angle,orb,strength
2026-01-10 00:00:00,Parashara_Drishti,Sun,Sagittarius,Nhân Mã,"25°13'07.79""",Purva Ashadha,Venus,4,Jupiter,Gemini,Song Tử,"25°58'25.98""",Punarvasu,Jupiter,2,7th House,7,180,180.7551,0.7551,Standard
2026-01-10 00:00:00,Parashara_Drishti,Venus,Sagittarius,Nhân Mã,"25°56'24.14""",Purva Ashadha,Venus,4,Jupiter,Gemini,Song Tử,"25°58'25.98""",Punarvasu,Jupiter,2,7th House,7,180,180.0338,0.0338,Standard
2026-01-10 00:00:00,Parashara_Drishti,Mars,Sagittarius,Nhân Mã,"25°09'50.91""",Purva Ashadha,Venus,4,Jupiter,Gemini,Song Tử,"25°58'25.98""",Punarvasu,Jupiter,2,7th House,7,180,180.8097,0.8097,Weak
2026-01-10 00:00:00,Parashara_Drishti,Jupiter,Gemini,Song Tử,"25°58'25.98""",Punarvasu,Jupiter,2,Sun,Sagittarius,Nhân Mã,"25°13'07.79""",Purva Ashadha,Venus,4,7th House,7,180,179.2449,0.7551,Weak
2026-01-10 00:00:00,Parashara_Drishti,Jupiter,Gemini,Song Tử,"25°58'25.98""",Punarvasu,Jupiter,2,Venus,Sagittarius,Nhân Mã,"25°56'24.14""",Purva Ashadha,Venus,4,7th House,7,180,179.9662,0.0338,Weak
2026-01-10 00:00:00,Parashara_Drishti,Jupiter,Gemini,Song Tử,"25°58'25.98""",Punarvasu,Jupiter,2,Mars,Sagittarius,Nhân Mã,"25°09'50.91""",Purva Ashadha,Venus,4,7th House,7,180,179.1903,0.8097,Weak
2026-01-10 00:15:00,Parashara_Drishti,Sun,Sagittarius,Nhân Mã,"25°13'46.00""",Purva Ashadha,Venus,4,Jupiter,Gemini,Song Tử,"25°58'20.92""",Punarvasu,Jupiter,2,7th House,7,180,180.743,0.743,Standard
2026-01-10 00:15:00,Parashara_Drishti,Venus,Sagittarius,Nhân Mã,"25°57'11.31""",Purva Ashadha,Venus,4,Jupiter,Gemini,Song Tử,"25°58'20.92""",Punarvasu,Jupiter,2,7th House,7,180,180.0193,0.0193,Standard
2026-01-10 00:15:00,Parashara_Drishti,Mars,Sagittarius,Nhân Mã,"25°10'19.86""",Purva Ashadha,Venus,4,Jupiter,Gemini,Song Tử,"25°58'20.92""",Punarvasu,Jupiter,2,7th House,7,180,180.8003,0.8003,Weak
2026-01-10 00:15:00,Parashara_Drishti,Jupiter,Gemini,Song Tử,"25°58'20.92""",Punarvasu,Jupiter,2,Sun,Sagittarius,Nhân Mã,"25°13'46.00""",Purva Ashadha,Venus,4,7th House,7,180,179.257,0.743,Weak
2026-01-10 00:15:00,Parashara_Drishti,Jupiter,Gemini,Song Tử,"25°58'20.92""",Punarvasu,Jupiter,2,Venus,Sagittarius,Nhân Mã,"25°57'11.31""",Purva Ashadha,Venus,4,7th House,7,180,179.9807,0.0193,Weak
2026-01-10 00:15:00,Parashara_Drishti,Jupiter,Gemini,Song Tử,"25°58'20.92""",Punarvasu,Jupiter,2,Mars,Sagittarius,Nhân Mã,"25°10'19.86""",Purva Ashadha,Venus,4,7th House,7,180,179.1997,0.8003,Weak
2026-01-10 00:30:00,Parashara_Drishti,Sun,Sagittarius,Nhân Mã,"25°14'24.21""",Purva Ashadha,Venus,4,Jupiter,Gemini,Song Tử,"25°58'15.85""",Punarvasu,Jupiter,2,7th House,7,180,180.731,0.731,Standard
2026-01-10 00:30:00,Parashara_Drishti,Venus,Sagittarius,Nhân Mã,"25°57'58.48""",Purva Ashadha,Venus,4,Jupiter,Gemini,Song Tử,"25°58'15.85""",Punarvasu,Jupiter,2,7th House,7,180,180.0048,0.0048,Standard
2026-01-10 00:30:00,Parashara_Drishti,Mars,Sagittarius,Nhân Mã,"25°10'48.81""",Purva Ashadha,Venus,4,Jupiter,Gemini,Song Tử,"25°58'15.85""",Punarvasu,Jupiter,2,7th House,7,180,180.7908,0.7908,Weak
2026-01-10 00:30:00,Parashara_Drishti,Jupiter,Gemini,Song Tử,"25°58'15.85""",Punarvasu,Jupiter,2,Sun,Sagittarius,Nhân Mã,"25°14'24.21""",Purva Ashadha,Venus,4,7th House,7,180,179.269,0.731,Weak
2026-01-10 00:30:00,Parashara_Drishti,Jupiter,Gemini,Song Tử,"25°58'15.85""",Punarvasu,Jupiter,2,Venus,Sagittarius,Nhân Mã,"25°57'58.48""",Purva Ashadha,Venus,4,7th House,7,180,179.9952,0.0048,Weak
2026-01-10 00:30:00,Parashara_Drishti,Jupiter,Gemini,Song Tử,"25°58'15.85""",Punarvasu,Jupiter,2,Mars,Sagittarius,Nhân Mã,"25°10'48.81""",Purva Ashadha,Venus,4,7th House,7,180,179.2092,0.7908,Weak
2026-01-10 00:45:00,Parashara_Drishti,Sun,Sagittarius,Nhân Mã,"25°15'02.41""",Purva Ashadha,Venus,4,Jupiter,Gemini,Song Tử,"25°58'10.79""",Punarvasu,Jupiter,2,7th House,7,180,180.719,0.719,Standard
2026-01-10 00:45:00,Parashara_Drishti,Venus,Sagittarius,Nhân Mã,"25°58'45.65""",Purva Ashadha,Venus,4,Jupiter,Gemini,Song Tử,"25°58'10.79""",Punarvasu,Jupiter,2,7th House,7,180,179.9903,0.0097,Standard
2026-01-10 00:45:00,Parashara_Drishti,Mars,Sagittarius,Nhân Mã,"25°11'17.75""",Purva Ashadha,Venus,4,Jupiter,Gemini,Song Tử,"25°58'10.79""",Punarvasu,Jupiter,2,7th House,7,180,180.7814,0.7814,Weak
2026-01-10 00:45:00,Parashara_Drishti,Jupiter,Gemini,Song Tử,"25°58'10.79""",Punarvasu,Jupiter,2,Sun,Sagittarius,Nhân Mã,"25°15'02.41""",Purva Ashadha,Venus,4,7th House,7,180,179.281,0.719,Weak
2026-01-10 00:45:00,Parashara_Drishti,Jupiter,Gemini,Song Tử,"25°58'10.79""",Punarvasu,Jupiter,2,Venus,Sagittarius,Nhân Mã,"25°58'45.65""",Purva Ashadha,Venus,4,7th House,7,180,180.0097,0.0097,Weak
2026-01-10 00:45:00,Parashara_Drishti,Jupiter,Gemini,Song Tử,"25°58'10.79""",Punarvasu,Jupiter,2,Mars,Sagittarius,Nhân Mã,"25°11'17.75""",Purva Ashadha,Venus,4,7th House,7,180,179.2186,0.7814,Weak
2026-01-10 01:00:00,Parashara_Drishti,Sun,Sagittarius,Nhân Mã,"25°15'40.62""",Purva Ashadha,Venus,4,Jupiter,Gemini,Song Tử,"25°58'05.73""",Punarvasu,Jupiter,2,7th House,7,180,180.707,0.707,Standard
2026-01-10 01:00:00,Parashara_Drishti,Venus,Sagittarius,Nhân Mã,"25°59'32.82""",Purva Ashadha,Venus,4,Jupiter,Gemini,Song Tử,"25°58'05.73""",Punarvasu,Jupiter,2,7th House,7,180,179.9758,0.0242,Standard
2026-01-10 01:00:00,Parashara_Drishti,Mars,Sagittarius,Nhân Mã,"25°11'46.70""",Purva Ashadha,Venus,4,Jupiter,Gemini,Song Tử,"25°58'05.73""",Punarvasu,Jupiter,2,7th House,7,180,180.772,0.772,Weak
2026-01-10 01:00:00,Parashara_Drishti,Jupiter,Gemini,Song Tử,"25°58'05.73""",Punarvasu,Jupiter,2,Sun,Sagittarius,Nhân Mã,"25°15'40.62""",Purva Ashadha,Venus,4,7th House,7,180,179.293,0.707,Weak
2026-01-10 01:00:00,Parashara_Drishti,Jupiter,Gemini,Song Tử,"25°58'05.73""",Punarvasu,Jupiter,2,Venus,Sagittarius,Nhân Mã,"25°59'32.82""",Purva Ashadha,Venus,4,7th House,7,180,180.0242,0.0242,Weak
2026-01-10 01:00:00,Parashara_Drishti,Jupiter,Gemini,Song Tử,"25°58'05.73""",Punarvasu,Jupiter,2,Mars,Sagittarius,Nhân Mã,"25°11'46.70""",Purva Ashadha,Venus,4,7th House,7,180,179.228,0.772,Weak
2026-01-10 01:15:00,Parashara_Drishti,Sun,Sagittarius,Nhân Mã,"25°16'18.83""",Purva Ashadha,Venus,4,Jupiter,Gemini,Song Tử,"25°58'00.67""",Punarvasu,Jupiter,2,7th House,7,180,180.695,0.695,Standard
2026-01-10 01:15:00,Parashara_Drishti,Venus,Sagittarius,Nhân Mã,"26°00'19.99""",Purva Ashadha,Venus,4,Jupiter,Gemini,Song Tử,"25°58'00.67""",Punarvasu,Jupiter,2,7th House,7,180,179.9613,0.0387,Standard
2026-01-10 01:15:00,Parashara_Drishti,Mars,Sagittarius,Nhân Mã,"25°12'15.65""",Purva Ashadha,Venus,4,Jupiter,Gemini,Song Tử,"25°58'00.67""",Punarvasu,Jupiter,2,7th House,7,180,180.7625,0.7625,Weak
2026-01-10 01:15:00,Parashara_Drishti,Jupiter,Gemini,Song Tử,"25°58'00.67""",Punarvasu,Jupiter,2,Sun,Sagittarius,Nhân Mã,"25°16'18.83""",Purva Ashadha,Venus,4,7th House,7,180,179.305,0.695,Weak
2026-01-10 01:15:00,Parashara_Drishti,Jupiter,Gemini,Song Tử,"25°58'00.67""",Punarvasu,Jupiter,2,Venus,Sagittarius,Nhân Mã,"26°00'19.99""",Purva Ashadha,Venus,4,7th House,7,180,180.0387,0.0387,Weak
2026-01-10 01:15:00,Parashara_Drishti,Jupiter,Gemini,Song Tử,"25°58'00.67""",Punarvasu,Jupiter,2,Mars,Sagittarius,Nhân Mã,"25°12'15.65""",Purva Ashadha,Venus,4,7th House,7,180,179.2375,0.7625,Weak
2026-01-10 01:30:00,Parashara_Drishti,Sun,Sagittarius,Nhân Mã,"25°16'57.04""",Purva Ashadha,Venus,4,Jupiter,Gemini,Song Tử,"25°57'55.60""",Punarvasu,Jupiter,2,7th House,7,180,180.6829,0.6829,Standard
2026-01-10 01:30:00,Parashara_Drishti,Venus,Sagittarius,Nhân Mã,"26°01'07.16""",Purva Ashadha,Venus,4,Jupiter,Gemini,Song Tử,"25°57'55.60""",Punarvasu,Jupiter,2,7th House,7,180,179.9468,0.0532,Standard
2026-01-10 01:30:00,Parashara_Drishti,Mars,Sagittarius,Nhân Mã,"25°12'44.60""",Purva Ashadha,Venus,4,Jupiter,Gemini,Song Tử,"25°57'55.60""",Punarvasu,Jupiter,2,7th House,7,180,180.7531,0.7531,Weak
2026-01-10 01:30:00,Parashara_Drishti,Jupiter,Gemini,Song Tử,"25°57'55.60""",Punarvasu,Jupiter,2,Sun,Sagittarius,Nhân Mã,"25°16'57.04""",Purva Ashadha,Venus,4,7th House,7,180,179.3171,0.6829,Weak
2026-01-10 01:30:00,Parashara_Drishti,Jupiter,Gemini,Song Tử,"25°57'55.60""",Punarvasu,Jupiter,2,Venus,Sagittarius,Nhân Mã,"26°01'07.16""",Purva Ashadha,Venus,4,7th House,7,180,180.0532,0.0532,Weak
2026-01-10 01:30:00,Parashara_Drishti,Jupiter,Gemini,Song Tử,"25°57'55.60""",Punarvasu,Jupiter,2,Mars,Sagittarius,Nhân Mã,"25°12'44.60""",Purva Ashadha,Venus,4,7th House,7,180,179.2469,0.7531,Weak
2026-01-10 01:45:00,Parashara_Drishti,Sun,Sagittarius,Nhân Mã,"25°17'35.25""",Purva Ashadha,Venus,4,Jupiter,Gemini,Song Tử,"25°57'50.54""",Punarvasu,Jupiter,2,7th House,7,180,180.6709,0.6709,Standard
2026-01-10 01:45:00,Parashara_Drishti,Venus,Sagittarius,Nhân Mã,"26°01'54.33""",Purva Ashadha,Venus,4,Jupiter,Gemini,Song Tử,"25°57'50.54""",Punarvasu,Jupiter,2,7th House,7,180,179.9323,0.0677,Standard
2026-01-10 01:45:00,Parashara_Drishti,Mars,Sagittarius,Nhân Mã,"25°13'13.55""",Purva Ashadha,Venus,4,Jupiter,Gemini,Song Tử,"25°57'50.54""",Punarvasu,Jupiter,2,7th House,7,180,180.7436,0.7436,Weak
2026-01-10 01:45:00,Parashara_Drishti,Jupiter,Gemini,Song Tử,"25°57'50.54""",Punarvasu,Jupiter,2,Sun,Sagittarius,Nhân Mã,"25°17'35.25""",Purva Ashadha,Venus,4,7th House,7,180,179.3291,0.6709,Weak
2026-01-10 01:45:00,Parashara_Drishti,Jupiter,Gemini,Song Tử,"25°57'50.54""",Punarvasu,Jupiter,2,Venus,Sagittarius,Nhân Mã,"26°01'54.33""",Purva Ashadha,Venus,4,7th House,7,180,180.0677,0.0677,Weak
2026-01-10 01:45:00,Parashara_Drishti,Jupiter,Gemini,Song Tử,"25°57'50.54""",Punarvasu,Jupiter,2,Mars,Sagittarius,Nhân Mã,"25°13'13.55""",Purva Ashadha,Venus,4,7th House,7,180,179.2564,0.7436,Weak
2026-01-10 02:00:00,Parashara_Drishti,Sun,Sagittarius,Nhân Mã,"25°18'13.46""",Purva Ashadha,Venus,4,Jupiter,Gemini,Song Tử,"25°57'45.48""",Punarvasu,Jupiter,2,7th House,7,180,180.6589,0.6589,Standard
2026-01-10 02:00:00,Parashara_Drishti,Venus,Sagittarius,Nhân Mã,"26°02'41.50""",Purva Ashadha,Venus,4,Jupiter,Gemini,Song Tử,"25°57'45.48""",Punarvasu,Jupiter,2,7th House,7,180,179.9178,0.0822,Standard
2026-01-10 02:00:00,Parashara_Drishti,Mars,Sagittarius,Nhân Mã,"25°13'42.50""",Purva Ashadha,Venus,4,Jupiter,Gemini,Song Tử,"25°57'45.48""",Punarvasu,Jupiter,2,7th House,7,180,180.7342,0.7342,Weak
2026-01-10 02:00:00,Parashara_Drishti,Jupiter,Gemini,Song Tử,"25°57'45.48""",Punarvasu,Jupiter,2,Sun,Sagittarius,Nhân Mã,"25°18'13.46""",Purva Ashadha,Venus,4,7th House,7,180,179.3411,0.6589,Weak
2026-01-10 02:00:00,Parashara_Drishti,Jupiter,Gemini,Song Tử,"25°57'45.48""",Punarvasu,Jupiter,2,Venus,Sagittarius,Nhân Mã,"26°02'41.50""",Purva Ashadha,Venus,4,7th House,7,180,180.0822,0.0822,Weak
2026-01-10 02:00:00,Parashara_Drishti,Jupiter,Gemini,Song Tử,"25°57'45.48""",Punarvasu,Jupiter,2,Mars,Sagittarius,Nhân Mã,"25°13'42.50""",Purva Ashadha,Venus,4,7th House,7,180,179.2658,0.7342,Weak
2026-01-10 02:15:00,Parashara_Drishti,Sun,Sagittarius,Nhân Mã,"25°18'51.66""",Purva Ashadha,Venus,4,Jupiter,Gemini,Song Tử,"25°57'40.42""",Punarvasu,Jupiter,2,7th House,7,180,180.6469,0.6469,Standard
2026-01-10 02:15:00,Parashara_Drishti,Venus,Sagittarius,Nhân Mã,"26°03'28.67""",Purva Ashadha,Venus,4,Jupiter,Gemini,Song Tử,"25°57'40.42""",Punarvasu,Jupiter,2,7th House,7,180,179.9033,0.0967,Standard
2026-01-10 02:15:00,Parashara_Drishti,Mars,Sagittarius,Nhân Mã,"25°14'11.45""",Purva Ashadha,Venus,4,Jupiter,Gemini,Song Tử,"25°57'40.42""",Punarvasu,Jupiter,2,7th House,7,180,180.7247,0.7247,Weak
2026-01-10 02:15:00,Parashara_Drishti,Jupiter,Gemini,Song Tử,"25°57'40.42""",Punarvasu,Jupiter,2,Sun,Sagittarius,Nhân Mã,"25°18'51.66""",Purva Ashadha,Venus,4,7th House,7,180,179.3531,0.6469,Weak
2026-01-10 02:15:00,Parashara_Drishti,Jupiter,Gemini,Song Tử,"25°57'40.42""",Punarvasu,Jupiter,2,Venus,Sagittarius,Nhân Mã,"26°03'28.67""",Purva Ashadha,Venus,4,7th House,7,180,180.0967,0.0967,Weak
2026-01-10 02:15:00,Parashara_Drishti,Jupiter,Gemini,Song Tử,"25°57'40.42""",Punarvasu,Jupiter,2,Mars,Sagittarius,Nhân Mã,"25°14'11.45""",Purva Ashadha,Venus,4,7th House,7,180,179.2753,0.7247,Weak
2026-01-10 02:30:00,Parashara_Drishti,Sun,Sagittarius,Nhân Mã,"25°19'29.87""",Purva Ashadha,Venus,4,Jupiter,Gemini,Song Tử,"25°57'35.35""",Punarvasu,Jupiter,2,7th House,7,180,180.6349,0.6349,Standard
2026-01-10 02:30:00,Parashara_Drishti,Venus,Sagittarius,Nhân Mã,"26°04'15.84""",Purva Ashadha,Venus,4,Jupiter,Gemini,Song Tử,"25°57'35.35""",Punarvasu,Jupiter,2,7th House,7,180,179.8888,0.1112,Standard
2026-01-10 02:30:00,Parashara_Drishti,Mars,Sagittarius,Nhân Mã,"25°14'40.40""",Purva Ashadha,Venus,4,Jupiter,Gemini,Song Tử,"25°57'35.35""",Punarvasu,Jupiter,2,7th House,7,180,180.7153,0.7153,Weak
2026-01-10 02:30:00,Parashara_Drishti,Jupiter,Gemini,Song Tử,"25°57'35.35""",Punarvasu,Jupiter,2,Sun,Sagittarius,Nhân Mã,"25°19'29.87""",Purva Ashadha,Venus,4,7th House,7,180,179.3651,0.6349,Weak
2026-01-10 02:30:00,Parashara_Drishti,Jupiter,Gemini,Song Tử,"25°57'35.35""",Punarvasu,Jupiter,2,Venus,Sagittarius,Nhân Mã,"26°04'15.84""",Purva Ashadha,Venus,4,7th House,7,180,180.1112,0.1112,Weak
2026-01-10 02:30:00,Parashara_Drishti,Jupiter,Gemini,Song Tử,"25°57'35.35""",Punarvasu,Jupiter,2,Mars,Sagittarius,Nhân Mã,"25°14'40.40""",Purva Ashadha,Venus,4,7th House,7,180,179.2847,0.7153,Weak
2026-01-10 02:45:00,Parashara_Drishti,Sun,Sagittarius,Nhân Mã,"25°20'08.08""",Purva Ashadha,Venus,4,Jupiter,Gemini,Song Tử,"25°57'30.29""",Punarvasu,Jupiter,2,7th House,7,180,180.6228,0.6228,Standard
2026-01-10 02:45:00,Parashara_Drishti,Venus,Sagittarius,Nhân Mã,"26°05'03.01""",Purva Ashadha,Venus,4,Jupiter,Gemini,Song Tử,"25°57'30.29""",Punarvasu,Jupiter,2,7th House,7,180,179.8742,0.1258,Standard
2026-01-10 02:45:00,Parashara_Drishti,Mars,Sagittarius,Nhân Mã,"25°15'09.35""",Purva Ashadha,Venus,4,Jupiter,Gemini,Song Tử,"25°57'30.29""",Punarvasu,Jupiter,2,7th House,7,180,180.7058,0.7058,Weak
2026-01-10 02:45:00,Parashara_Drishti,Jupiter,Gemini,Song Tử,"25°57'30.29""",Punarvasu,Jupiter,2,Sun,Sagittarius,Nhân Mã,"25°20'08.08""",Purva Ashadha,Venus,4,7th House,7,180,179.3772,0.6228,Weak
2026-01-10 02:45:00,Parashara_Drishti,Jupiter,Gemini,Song Tử,"25°57'30.29""",Punarvasu,Jupiter,2,Venus,Sagittarius,Nhân Mã,"26°05'03.01""",Purva Ashadha,Venus,4,7th House,7,180,180.1258,0.1258,Weak
2026-01-10 02:45:00,Parashara_Drishti,Jupiter,Gemini,Song Tử,"25°57'30.29""",Punarvasu,Jupiter,2,Mars,Sagittarius,Nhân Mã,"25°15'09.35""",Purva Ashadha,Venus,4,7th House,7,180,179.2942,0.7058,Weak
2026-01-10 03:00:00,Parashara_Drishti,Sun,Sagittarius,Nhân Mã,"25°20'46.29""",Purva Ashadha,Venus,4,Jupiter,Gemini,Song Tử,"25°57'25.23""",Punarvasu,Jupiter,2,7th House,7,180,180.6108,0.6108,Standard
2026-01-10 03:00:00,Parashara_Drishti,Venus,Sagittarius,Nhân Mã,"26°05'50.18""",Purva Ashadha,Venus,4,Jupiter,Gemini,Song Tử,"25°57'25.23""",Punarvasu,Jupiter,2,7th House,7,180,179.8597,0.1403,Standard
2026-01-10 03:00:00,Parashara_Drishti,Mars,Sagittarius,Nhân Mã,"25°15'38.30""",Purva Ashadha,Venus,4,Jupiter,Gemini,Song Tử,"25°57'25.23""",Punarvasu,Jupiter,2,7th House,7,180,180.6964,0.6964,Weak
2026-01-10 03:00:00,Parashara_Drishti,Jupiter,Gemini,Song Tử,"25°57'25.23""",Punarvasu,Jupiter,2,Sun,Sagittarius,Nhân Mã,"25°20'46.29""",Purva Ashadha,Venus,4,7th House,7,180,179.3892,0.6108,Weak
2026-01-10 03:00:00,Parashara_Drishti,Jupiter,Gemini,Song Tử,"25°57'25.23""",Punarvasu,Jupiter,2,Venus,Sagittarius,Nhân Mã,"26°05'50.18""",Purva Ashadha,Venus,4,7th House,7,180,180.1403,0.1403,Weak
2026-01-10 03:00:00,Parashara_Drishti,Jupiter,Gemini,Song Tử,"25°57'25.23""",Punarvasu,Jupiter,2,Mars,Sagittarius,Nhân Mã,"25°15'38.30""",Purva Ashadha,Venus,4,7th House,7,180,179.3036,0.6964,Weak
2026-01-10 03:15:00,Parashara_Drishti,Sun,Sagittarius,Nhân Mã,"25°21'24.50""",Purva Ashadha,Venus,4,Jupiter,Gemini,Song Tử,"25°57'20.17""",Punarvasu,Jupiter,2,7th House,7,180,180.5988,0.5988,Standard
2026-01-10 03:15:00,Parashara_Drishti,Venus,Sagittarius,Nhân Mã,"26°06'37.35""",Purva Ashadha,Venus,4,Jupiter,Gemini,Song Tử,"25°57'20.17""",Punarvasu,Jupiter,2,7th House,7,180,179.8452,0.1548,Standard
2026-01-10 03:15:00,Parashara_Drishti,Mars,Sagittarius,Nhân Mã,"25°16'07.25""",Purva Ashadha,Venus,4,Jupiter,Gemini,Song Tử,"25°57'20.17""",Punarvasu,Jupiter,2,7th House,7,180,180.6869,0.6869,Weak
2026-01-10 03:15:00,Parashara_Drishti,Jupiter,Gemini,Song Tử,"25°57'20.17""",Punarvasu,Jupiter,2,Sun,Sagittarius,Nhân Mã,"25°21'24.50""",Purva Ashadha,Venus,4,7th House,7,180,179.4012,0.5988,Weak
2026-01-10 03:15:00,Parashara_Drishti,Jupiter,Gemini,Song Tử,"25°57'20.17""",Punarvasu,Jupiter,2,Venus,Sagittarius,Nhân Mã,"26°06'37.35""",Purva Ashadha,Venus,4,7th House,7,180,180.1548,0.1548,Weak
2026-01-10 03:15:00,Parashara_Drishti,Jupiter,Gemini,Song Tử,"25°57'20.17""",Punarvasu,Jupiter,2,Mars,Sagittarius,Nhân Mã,"25°16'07.25""",Purva Ashadha,Venus,4,7th House,7,180,179.3131,0.6869,Weak
2026-01-10 03:30:00,Parashara_Drishti,Sun,Sagittarius,Nhân Mã,"25°22'02.71""",Purva Ashadha,Venus,4,Jupiter,Gemini,Song Tử,"25°57'15.10""",Punarvasu,Jupiter,2,7th House,7,180,180.5868,0.5868,Standard
2026-01-10 03:30:00,Parashara_Drishti,Venus,Sagittarius,Nhân Mã,"26°07'24.52""",Purva Ashadha,Venus,4,Jupiter,Gemini,Song Tử,"25°57'15.10""",Punarvasu,Jupiter,2,7th House,7,180,179.8307,0.1693,Standard
2026-01-10 03:30:00,Parashara_Drishti,Mars,Sagittarius,Nhân Mã,"25°16'36.20""",Purva Ashadha,Venus,4,Jupiter,Gemini,Song Tử,"25°57'15.10""",Punarvasu,Jupiter,2,7th House,7,180,180.6775,0.6775,Weak
2026-01-10 03:30:00,Parashara_Drishti,Jupiter,Gemini,Song Tử,"25°57'15.10""",Punarvasu,Jupiter,2,Sun,Sagittarius,Nhân Mã,"25°22'02.71""",Purva Ashadha,Venus,4,7th House,7,180,179.4132,0.5868,Weak
2026-01-10 03:30:00,Parashara_Drishti,Jupiter,Gemini,Song Tử,"25°57'15.10""",Punarvasu,Jupiter,2,Venus,Sagittarius,Nhân Mã,"26°07'24.52""",Purva Ashadha,Venus,4,7th House,7,180,180.1693,0.1693,Weak
2026-01-10 03:30:00,Parashara_Drishti,Jupiter,Gemini,Song Tử,"25°57'15.10""",Punarvasu,Jupiter,2,Mars,Sagittarius,Nhân Mã,"25°16'36.20""",Purva Ashadha,Venus,4,7th House,7,180,179.3225,0.6775,Weak
2026-01-10 03:45:00,Parashara_Drishti,Sun,Sagittarius,Nhân Mã,"25°22'40.91""",Purva Ashadha,Venus,4,Jupiter,Gemini,Song Tử,"25°57'10.04""",Punarvasu,Jupiter,2,7th House,7,180,180.5748,0.5748,Standard
2026-01-10 03:45:00,Parashara_Drishti,Venus,Sagittarius,Nhân Mã,"26°08'11.69""",Purva Ashadha,Venus,4,Jupiter,Gemini,Song Tử,"25°57'10.04""",Punarvasu,Jupiter,2,7th House,7,180,179.8162,0.1838,Standard
2026-01-10 03:45:00,Parashara_Drishti,Mars,Sagittarius,Nhân Mã,"25°17'05.15""",Purva Ashadha,Venus,4,Jupiter,Gemini,Song Tử,"25°57'10.04""",Punarvasu,Jupiter,2,7th House,7,180,180.668,0.668,Weak
2026-01-10 03:45:00,Parashara_Drishti,Jupiter,Gemini,Song Tử,"25°57'10.04""",Punarvasu,Jupiter,2,Sun,Sagittarius,Nhân Mã,"25°22'40.91""",Purva Ashadha,Venus,4,7th House,7,180,179.4252,0.5748,Weak
2026-01-10 03:45:00,Parashara_Drishti,Jupiter,Gemini,Song Tử,"25°57'10.04""",Punarvasu,Jupiter,2,Venus,Sagittarius,Nhân Mã,"26°08'11.69""",Purva Ashadha,Venus,4,7th House,7,180,180.1838,0.1838,Weak
2026-01-10 03:45:00,Parashara_Drishti,Jupiter,Gemini,Song Tử,"25°57'10.04""",Punarvasu,Jupiter,2,Mars,Sagittarius,Nhân Mã,"25°17'05.15""",Purva Ashadha,Venus,4,7th House,7,180,179.332,0.668,Weak
2026-01-10 04:00:00,Parashara_Drishti,Sun,Sagittarius,Nhân Mã,"25°23'19.12""",Purva Ashadha,Venus,4,Jupiter,Gemini,Song Tử,"25°57'04.98""",Punarvasu,Jupiter,2,7th House,7,180,180.5627,0.5627,Standard
2026-01-10 04:00:00,Parashara_Drishti,Venus,Sagittarius,Nhân Mã,"26°08'58.86""",Purva Ashadha,Venus,4,Jupiter,Gemini,Song Tử,"25°57'04.98""",Punarvasu,Jupiter,2,7th House,7,180,179.8017,0.1983,Standard
2026-01-10 04:00:00,Parashara_Drishti,Mars,Sagittarius,Nhân Mã,"25°17'34.10""",Purva Ashadha,Venus,4,Jupiter,Gemini,Song Tử,"25°57'04.98""",Punarvasu,Jupiter,2,7th House,7,180,180.6586,0.6586,Weak
2026-01-10 04:00:00,Parashara_Drishti,Jupiter,Gemini,Song Tử,"25°57'04.98""",Punarvasu,Jupiter,2,Sun,Sagittarius,Nhân Mã,"25°23'19.12""",Purva Ashadha,Venus,4,7th House,7,180,179.4373,0.5627,Weak
2026-01-10 04:00:00,Parashara_Drishti,Jupiter,Gemini,Song Tử,"25°57'04.98""",Punarvasu,Jupiter,2,Venus,Sagittarius,Nhân Mã,"26°08'58.86""",Purva Ashadha,Venus,4,7th House,7,180,180.1983,0.1983,Weak
2026-01-10 04:00:00,Parashara_Drishti,Jupiter,Gemini,Song Tử,"25°57'04.98""",Punarvasu,Jupiter,2,Mars,Sagittarius,Nhân Mã,"25°17'34.10""",Purva Ashadha,Venus,4,7th House,7,180,179.3414,0.6586,Weak
2026-01-10 04:15:00,Parashara_Drishti,Sun,Sagittarius,Nhân Mã,"25°23'57.33""",Purva Ashadha,Venus,4,Jupiter,Gemini,Song Tử,"25°56'59.92""",Punarvasu,Jupiter,2,7th House,7,180,180.5507,0.5507,Standard
2026-01-10 04:15:00,Parashara_Drishti,Venus,Sagittarius,Nhân Mã,"26°09'46.03""",Purva Ashadha,Venus,4,Jupiter,Gemini,Song Tử,"25°56'59.92""",Punarvasu,Jupiter,2,7th House,7,180,179.7872,0.2128,Standard
2026-01-10 04:15:00,Parashara_Drishti,Mars,Sagittarius,Nhân Mã,"25°18'03.06""",Purva Ashadha,Venus,4,Jupiter,Gemini,Song Tử,"25°56'59.92""",Punarvasu,Jupiter,2,7th House,7,180,180.6491,0.6491,Weak
2026-01-10 04:15:00,Parashara_Drishti,Jupiter,Gemini,Song Tử,"25°56'59.92""",Punarvasu,Jupiter,2,Sun,Sagittarius,Nhân Mã,"25°23'57.33""",Purva Ashadha,Venus,4,7th House,7,180,179.4493,0.5507,Weak
2026-01-10 04:15:00,Parashara_Drishti,Jupiter,Gemini,Song Tử,"25°56'59.92""",Punarvasu,Jupiter,2,Venus,Sagittarius,Nhân Mã,"26°09'46.03""",Purva Ashadha,Venus,4,7th House,7,180,180.2128,0.2128,Weak
2026-01-10 04:15:00,Parashara_Drishti,Jupiter,Gemini,Song Tử,"25°56'59.92""",Punarvasu,Jupiter,2,Mars,Sagittarius,Nhân Mã,"25°18'03.06""",Purva Ashadha,Venus,4,7th House,7,180,179.3509,0.6491,Weak
2026-01-10 04:30:00,Parashara_Drishti,Sun,Sagittarius,Nhân Mã,"25°24'35.54""",Purva Ashadha,Venus,4,Jupiter,Gemini,Song Tử,"25°56'54.85""",Punarvasu,Jupiter,2,7th House,7,180,180.5387,0.5387,Standard
2026-01-10 04:30:00,Parashara_Drishti,Venus,Sagittarius,Nhân Mã,"26°10'33.20""",Purva Ashadha,Venus,4,Jupiter,Gemini,Song Tử,"25°56'54.85""",Punarvasu,Jupiter,2,7th House,7,180,179.7727,0.2273,Standard
2026-01-10 04:30:00,Parashara_Drishti,Mars,Sagittarius,Nhân Mã,"25°18'32.01""",Purva Ashadha,Venus,4,Jupiter,Gemini,Song Tử,"25°56'54.85""",Punarvasu,Jupiter,2,7th House,7,180,180.6397,0.6397,Weak
2026-01-10 04:30:00,Parashara_Drishti,Jupiter,Gemini,Song Tử,"25°56'54.85""",Punarvasu,Jupiter,2,Sun,Sagittarius,Nhân Mã,"25°24'35.54""",Purva Ashadha,Venus,4,7th House,7,180,179.4613,0.5387,Weak
2026-01-10 04:30:00,Parashara_Drishti,Jupiter,Gemini,Song Tử,"25°56'54.85""",Punarvasu,Jupiter,2,Venus,Sagittarius,Nhân Mã,"26°10'33.20""",Purva Ashadha,Venus,4,7th House,7,180,180.2273,0.2273,Weak
2026-01-10 04:30:00,Parashara_Drishti,Jupiter,Gemini,Song Tử,"25°56'54.85""",Punarvasu,Jupiter,2,Mars,Sagittarius,Nhân Mã,"25°18'32.01""",Purva Ashadha,Venus,4,7th House,7,180,179.3603,0.6397,Weak
2026-01-10 04:45:00,Parashara_Drishti,Sun,Sagittarius,Nhân Mã,"25°25'13.75""",Purva Ashadha,Venus,4,Jupiter,Gemini,Song Tử,"25°56'49.79""",Punarvasu,Jupiter,2,7th House,7,180,180.5267,0.5267,Standard
2026-01-10 04:45:00,Parashara_Drishti,Venus,Sagittarius,Nhân Mã,"26°11'20.37""",Purva Ashadha,Venus,4,Jupiter,Gemini,Song Tử,"25°56'49.79""",Punarvasu,Jupiter,2,7th House,7,180,179.7582,0.2418,Standard
2026-01-10 04:45:00,Parashara_Drishti,Mars,Sagittarius,Nhân Mã,"25°19'00.96""",Purva Ashadha,Venus,4,Jupiter,Gemini,Song Tử,"25°56'49.79""",Punarvasu,Jupiter,2,7th House,7,180,180.6302,0.6302,Weak
2026-01-10 04:45:00,Parashara_Drishti,Jupiter,Gemini,Song Tử,"25°56'49.79""",Punarvasu,Jupiter,2,Sun,Sagittarius,Nhân Mã,"25°25'13.75""",Purva Ashadha,Venus,4,7th House,7,180,179.4733,0.5267,Weak
2026-01-10 04:45:00,Parashara_Drishti,Jupiter,Gemini,Song Tử,"25°56'49.79""",Punarvasu,Jupiter,2,Venus,Sagittarius,Nhân Mã,"26°11'20.37""",Purva Ashadha,Venus,4,7th House,7,180,180.2418,0.2418,Weak
2026-01-10 04:45:00,Parashara_Drishti,Jupiter,Gemini,Song Tử,"25°56'49.79""",Punarvasu,Jupiter,2,Mars,Sagittarius,Nhân Mã,"25°19'00.96""",Purva Ashadha,Venus,4,7th House,7,180,179.3698,0.6302,Weak
2026-01-10 05:00:00,Parashara_Drishti,Sun,Sagittarius,Nhân Mã,"25°25'51.96""",Purva Ashadha,Venus,4,Jupiter,Gemini,Song Tử,"25°56'44.73""",Punarvasu,Jupiter,2,7th House,7,180,180.5147,0.5147,Standard
2026-01-10 05:00:00,Parashara_Drishti,Venus,Sagittarius,Nhân Mã,"26°12'07.54""",Purva Ashadha,Venus,4,Jupiter,Gemini,Song Tử,"25°56'44.73""",Punarvasu,Jupiter,2,7th House,7,180,179.7437,0.2563,Standard
2026-01-10 05:00:00,Parashara_Drishti,Mars,Sagittarius,Nhân Mã,"25°19'29.91""",Purva Ashadha,Venus,4,Jupiter,Gemini,Song Tử,"25°56'44.73""",Punarvasu,Jupiter,2,7th House,7,180,180.6208,0.6208,Weak
2026-01-10 05:00:00,Parashara_Drishti,Jupiter,Gemini,Song Tử,"25°56'44.73""",Punarvasu,Jupiter,2,Sun,Sagittarius,Nhân Mã,"25°25'51.96""",Purva Ashadha,Venus,4,7th House,7,180,179.4853,0.5147,Weak
2026-01-10 05:00:00,Parashara_Drishti,Jupiter,Gemini,Song Tử,"25°56'44.73""",Punarvasu,Jupiter,2,Venus,Sagittarius,Nhân Mã,"26°12'07.54""",Purva Ashadha,Venus,4,7th House,7,180,180.2563,0.2563,Weak
2026-01-10 05:00:00,Parashara_Drishti,Jupiter,Gemini,Song Tử,"25°56'44.73""",Punarvasu,Jupiter,2,Mars,Sagittarius,Nhân Mã,"25°19'29.91""",Purva Ashadha,Venus,4,7th House,7,180,179.3792,0.6208,Weak
2026-01-10 05:15:00,Parashara_Drishti,Sun,Sagittarius,Nhân Mã,"25°26'30.17""",Purva Ashadha,Venus,4,Jupiter,Gemini,Song Tử,"25°56'39.66""",Punarvasu,Jupiter,2,7th House,7,180,180.5026,0.5026,Standard
2026-01-10 05:15:00,Parashara_Drishti,Venus,Sagittarius,Nhân Mã,"26°12'54.71""",Purva Ashadha,Venus,4,Jupiter,Gemini,Song Tử,"25°56'39.66""",Punarvasu,Jupiter,2,7th House,7,180,179.7292,0.2708,Standard
2026-01-10 05:15:00,Parashara_Drishti,Mars,Sagittarius,Nhân Mã,"25°19'58.87""",Purva Ashadha,Venus,4,Jupiter,Gemini,Song Tử,"25°56'39.66""",Punarvasu,Jupiter,2,7th House,7,180,180.6113,0.6113,Weak
2026-01-10 05:15:00,Parashara_Drishti,Jupiter,Gemini,Song Tử,"25°56'39.66""",Punarvasu,Jupiter,2,Sun,Sagittarius,Nhân Mã,"25°26'30.17""",Purva Ashadha,Venus,4,7th House,7,180,179.4974,0.5026,Weak
2026-01-10 05:15:00,Parashara_Drishti,Jupiter,Gemini,Song Tử,"25°56'39.66""",Punarvasu,Jupiter,2,Venus,Sagittarius,Nhân Mã,"26°12'54.71""",Purva Ashadha,Venus,4,7th House,7,180,180.2708,0.2708,Weak
2026-01-10 05:15:00,Parashara_Drishti,Jupiter,Gemini,Song Tử,"25°56'39.66""",Punarvasu,Jupiter,2,Mars,Sagittarius,Nhân Mã,"25°19'58.87""",Purva Ashadha,Venus,4,7th House,7,180,179.3887,0.6113,Weak
2026-01-10 05:30:00,Parashara_Drishti,Sun,Sagittarius,Nhân Mã,"25°27'08.37""",Purva Ashadha,Venus,4,Jupiter,Gemini,Song Tử,"25°56'34.60""",Punarvasu,Jupiter,2,7th House,7,180,180.4906,0.4906,Standard
2026-01-10 05:30:00,Parashara_Drishti,Venus,Sagittarius,Nhân Mã,"26°13'41.88""",Purva Ashadha,Venus,4,Jupiter,Gemini,Song Tử,"25°56'34.60""",Punarvasu,Jupiter,2,7th House,7,180,179.7146,0.2854,Standard
2026-01-10 05:30:00,Parashara_Drishti,Mars,Sagittarius,Nhân Mã,"25°20'27.82""",Purva Ashadha,Venus,4,Jupiter,Gemini,Song Tử,"25°56'34.60""",Punarvasu,Jupiter,2,7th House,7,180,180.6019,0.6019,Weak
2026-01-10 05:30:00,Parashara_Drishti,Jupiter,Gemini,Song Tử,"25°56'34.60""",Punarvasu,Jupiter,2,Sun,Sagittarius,Nhân Mã,"25°27'08.37""",Purva Ashadha,Venus,4,7th House,7,180,179.5094,0.4906,Weak
2026-01-10 05:30:00,Parashara_Drishti,Jupiter,Gemini,Song Tử,"25°56'34.60""",Punarvasu,Jupiter,2,Venus,Sagittarius,Nhân Mã,"26°13'41.88""",Purva Ashadha,Venus,4,7th House,7,180,180.2854,0.2854,Weak
2026-01-10 05:30:00,Parashara_Drishti,Jupiter,Gemini,Song Tử,"25°56'34.60""",Punarvasu,Jupiter,2,Mars,Sagittarius,Nhân Mã,"25°20'27.82""",Purva Ashadha,Venus,4,7th House,7,180,179.3981,0.6019,Weak
2026-01-10 05:45:00,Parashara_Drishti,Sun,Sagittarius,Nhân Mã,"25°27'46.58""",Purva Ashadha,Venus,4,Jupiter,Gemini,Song Tử,"25°56'29.54""",Punarvasu,Jupiter,2,7th House,7,180,180.4786,0.4786,Standard
2026-01-10 05:45:00,Parashara_Drishti,Venus,Sagittarius,Nhân Mã,"26°14'29.05""",Purva Ashadha,Venus,4,Jupiter,Gemini,Song Tử,"25°56'29.54""",Punarvasu,Jupiter,2,7th House,7,180,179.7001,0.2999,Standard
2026-01-10 05:45:00,Parashara_Drishti,Mars,Sagittarius,Nhân Mã,"25°20'56.77""",Purva Ashadha,Venus,4,Jupiter,Gemini,Song Tử,"25°56'29.54""",Punarvasu,Jupiter,2,7th House,7,180,180.5924,0.5924,Weak
2026-01-10 05:45:00,Parashara_Drishti,Jupiter,Gemini,Song Tử,"25°56'29.54""",Punarvasu,Jupiter,2,Sun,Sagittarius,Nhân Mã,"25°27'46.58""",Purva Ashadha,Venus,4,7th House,7,180,179.5214,0.4786,Weak
2026-01-10 05:45:00,Parashara_Drishti,Jupiter,Gemini,Song Tử,"25°56'29.54""",Punarvasu,Jupiter,2,Venus,Sagittarius,Nhân Mã,"26°14'29.05""",Purva Ashadha,Venus,4,7th House,7,180,180.2999,0.2999,Weak
2026-01-10 05:45:00,Parashara_Drishti,Jupiter,Gemini,Song Tử,"25°56'29.54""",Punarvasu,Jupiter,2,Mars,Sagittarius,Nhân Mã,"25°20'56.77""",Purva Ashadha,Venus,4,7th House,7,180,179.4076,0.5924,Weak
2026-01-10 06:00:00,Parashara_Drishti,Sun,Sagittarius,Nhân Mã,"25°28'24.79""",Purva Ashadha,Venus,4,Jupiter,Gemini,Song Tử,"25°56'24.48""",Punarvasu,Jupiter,2,7th House,7,180,180.4666,0.4666,Standard
2026-01-10 06:00:00,Parashara_Drishti,Venus,Sagittarius,Nhân Mã,"26°15'16.22""",Purva Ashadha,Venus,4,Jupiter,Gemini,Song Tử,"25°56'24.48""",Punarvasu,Jupiter,2,7th House,7,180,179.6856,0.3144,Standard
2026-01-10 06:00:00,Parashara_Drishti,Mars,Sagittarius,Nhân Mã,"25°21'25.73""",Purva Ashadha,Venus,4,Jupiter,Gemini,Song Tử,"25°56'24.48""",Punarvasu,Jupiter,2,7th House,7,180,180.583,0.583,Weak
2026-01-10 06:00:00,Parashara_Drishti,Jupiter,Gemini,Song Tử,"25°56'24.48""",Punarvasu,Jupiter,2,Sun,Sagittarius,Nhân Mã,"25°28'24.79""",Purva Ashadha,Venus,4,7th House,7,180,179.5334,0.4666,Weak
2026-01-10 06:00:00,Parashara_Drishti,Jupiter,Gemini,Song Tử,"25°56'24.48""",Punarvasu,Jupiter,2,Venus,Sagittarius,Nhân Mã,"26°15'16.22""",Purva Ashadha,Venus,4,7th House,7,180,180.3144,0.3144,Weak
2026-01-10 06:00:00,Parashara_Drishti,Jupiter,Gemini,Song Tử,"25°56'24.48""",Punarvasu,Jupiter,2,Mars,Sagittarius,Nhân Mã,"25°21'25.73""",Purva Ashadha,Venus,4,7th House,7,180,179.417,0.583,Weak
2026-01-10 06:15:00,Parashara_Drishti,Sun,Sagittarius,Nhân Mã,"25°29'03.00""",Purva Ashadha,Venus,4,Jupiter,Gemini,Song Tử,"25°56'19.41""",Punarvasu,Jupiter,2,7th House,7,180,180.4546,0.4546,Standard
2026-01-10 06:15:00,Parashara_Drishti,Venus,Sagittarius,Nhân Mã,"26°16'03.39""",Purva Ashadha,Venus,4,Jupiter,Gemini,Song Tử,"25°56'19.41""",Punarvasu,Jupiter,2,7th House,7,180,179.6711,0.3289,Standard
2026-01-10 06:15:00,Parashara_Drishti,Mars,Sagittarius,Nhân Mã,"25°21'54.68""",Purva Ashadha,Venus,4,Jupiter,Gemini,Song Tử,"25°56'19.41""",Punarvasu,Jupiter,2,7th House,7,180,180.5735,0.5735,Weak
2026-01-10 06:15:00,Parashara_Drishti,Jupiter,Gemini,Song Tử,"25°56'19.41""",Punarvasu,Jupiter,2,Sun,Sagittarius,Nhân Mã,"25°29'03.00""",Purva Ashadha,Venus,4,7th House,7,180,179.5454,0.4546,Weak
2026-01-10 06:15:00,Parashara_Drishti,Jupiter,Gemini,Song Tử,"25°56'19.41""",Punarvasu,Jupiter,2,Venus,Sagittarius,Nhân Mã,"26°16'03.39""",Purva Ashadha,Venus,4,7th House,7,180,180.3289,0.3289,Weak
2026-01-10 06:15:00,Parashara_Drishti,Jupiter,Gemini,Song Tử,"25°56'19.41""",Punarvasu,Jupiter,2,Mars,Sagittarius,Nhân Mã,"25°21'54.68""",Purva Ashadha,Venus,4,7th House,7,180,179.4265,0.5735,Weak
2026-01-10 06:30:00,Parashara_Drishti,Sun,Sagittarius,Nhân Mã,"25°29'41.21""",Purva Ashadha,Venus,4,Jupiter,Gemini,Song Tử,"25°56'14.35""",Punarvasu,Jupiter,2,7th House,7,180,180.4425,0.4425,Standard
2026-01-10 06:30:00,Parashara_Drishti,Venus,Sagittarius,Nhân Mã,"26°16'50.56""",Purva Ashadha,Venus,4,Jupiter,Gemini,Song Tử,"25°56'14.35""",Punarvasu,Jupiter,2,7th House,7,180,179.6566,0.3434,Standard
2026-01-10 06:30:00,Parashara_Drishti,Mars,Sagittarius,Nhân Mã,"25°22'23.63""",Purva Ashadha,Venus,4,Jupiter,Gemini,Song Tử,"25°56'14.35""",Punarvasu,Jupiter,2,7th House,7,180,180.5641,0.5641,Weak
2026-01-10 06:30:00,Parashara_Drishti,Jupiter,Gemini,Song Tử,"25°56'14.35""",Punarvasu,Jupiter,2,Sun,Sagittarius,Nhân Mã,"25°29'41.21""",Purva Ashadha,Venus,4,7th House,7,180,179.5575,0.4425,Weak
2026-01-10 06:30:00,Parashara_Drishti,Jupiter,Gemini,Song Tử,"25°56'14.35""",Punarvasu,Jupiter,2,Venus,Sagittarius,Nhân Mã,"26°16'50.56""",Purva Ashadha,Venus,4,7th House,7,180,180.3434,0.3434,Weak
2026-01-10 06:30:00,Parashara_Drishti,Jupiter,Gemini,Song Tử,"25°56'14.35""",Punarvasu,Jupiter,2,Mars,Sagittarius,Nhân Mã,"25°22'23.63""",Purva Ashadha,Venus,4,7th House,7,180,179.4359,0.5641,Weak
2026-01-10 06:45:00,Parashara_Drishti,Sun,Sagittarius,Nhân Mã,"25°30'19.42""",Purva Ashadha,Venus,4,Jupiter,Gemini,Song Tử,"25°56'09.29""",Punarvasu,Jupiter,2,7th House,7,180,180.4305,0.4305,Standard
2026-01-10 06:45:00,Parashara_Drishti,Venus,Sagittarius,Nhân Mã,"26°17'37.72""",Purva Ashadha,Venus,4,Jupiter,Gemini,Song Tử,"25°56'09.29""",Punarvasu,Jupiter,2,7th House,7,180,179.6421,0.3579,Standard
2026-01-10 06:45:00,Parashara_Drishti,Mars,Sagittarius,Nhân Mã,"25°22'52.59""",Purva Ashadha,Venus,4,Jupiter,Gemini,Song Tử,"25°56'09.29""",Punarvasu,Jupiter,2,7th House,7,180,180.5546,0.5546,Weak
2026-01-10 06:45:00,Parashara_Drishti,Jupiter,Gemini,Song Tử,"25°56'09.29""",Punarvasu,Jupiter,2,Sun,Sagittarius,Nhân Mã,"25°30'19.42""",Purva Ashadha,Venus,4,7th House,7,180,179.5695,0.4305,Weak
2026-01-10 06:45:00,Parashara_Drishti,Jupiter,Gemini,Song Tử,"25°56'09.29""",Punarvasu,Jupiter,2,Venus,Sagittarius,Nhân Mã,"26°17'37.72""",Purva Ashadha,Venus,4,7th House,7,180,180.3579,0.3579,Weak
2026-01-10 06:45:00,Parashara_Drishti,Jupiter,Gemini,Song Tử,"25°56'09.29""",Punarvasu,Jupiter,2,Mars,Sagittarius,Nhân Mã,"25°22'52.59""",Purva Ashadha,Venus,4,7th House,7,180,179.4454,0.5546,Weak
2026-01-10 07:00:00,Parashara_Drishti,Sun,Sagittarius,Nhân Mã,"25°30'57.62""",Purva Ashadha,Venus,4,Jupiter,Gemini,Song Tử,"25°56'04.22""",Punarvasu,Jupiter,2,7th House,7,180,180.4185,0.4185,Standard
2026-01-10 07:00:00,Parashara_Drishti,Venus,Sagittarius,Nhân Mã,"26°18'24.89""",Purva Ashadha,Venus,4,Jupiter,Gemini,Song Tử,"25°56'04.22""",Punarvasu,Jupiter,2,7th House,7,180,179.6276,0.3724,Standard
2026-01-10 07:00:00,Parashara_Drishti,Mars,Sagittarius,Nhân Mã,"25°23'21.54""",Purva Ashadha,Venus,4,Jupiter,Gemini,Song Tử,"25°56'04.22""",Punarvasu,Jupiter,2,7th House,7,180,180.5452,0.5452,Weak
2026-01-10 07:00:00,Parashara_Drishti,Jupiter,Gemini,Song Tử,"25°56'04.22""",Punarvasu,Jupiter,2,Sun,Sagittarius,Nhân Mã,"25°30'57.62""",Purva Ashadha,Venus,4,7th House,7,180,179.5815,0.4185,Weak
2026-01-10 07:00:00,Parashara_Drishti,Jupiter,Gemini,Song Tử,"25°56'04.22""",Punarvasu,Jupiter,2,Venus,Sagittarius,Nhân Mã,"26°18'24.89""",Purva Ashadha,Venus,4,7th House,7,180,180.3724,0.3724,Weak
2026-01-10 07:00:00,Parashara_Drishti,Jupiter,Gemini,Song Tử,"25°56'04.22""",Punarvasu,Jupiter,2,Mars,Sagittarius,Nhân Mã,"25°23'21.54""",Purva Ashadha,Venus,4,7th House,7,180,179.4548,0.5452,Weak
2026-01-10 07:15:00,Parashara_Drishti,Sun,Sagittarius,Nhân Mã,"25°31'35.83""",Purva Ashadha,Venus,4,Jupiter,Gemini,Song Tử,"25°55'59.16""",Punarvasu,Jupiter,2,7th House,7,180,180.4065,0.4065,Standard
2026-01-10 07:15:00,Parashara_Drishti,Venus,Sagittarius,Nhân Mã,"26°19'12.06""",Purva Ashadha,Venus,4,Jupiter,Gemini,Song Tử,"25°55'59.16""",Punarvasu,Jupiter,2,7th House,7,180,179.6131,0.3869,Standard
2026-01-10 07:15:00,Parashara_Drishti,Mars,Sagittarius,Nhân Mã,"25°23'50.50""",Purva Ashadha,Venus,4,Jupiter,Gemini,Song Tử,"25°55'59.16""",Punarvasu,Jupiter,2,7th House,7,180,180.5357,0.5357,Weak
2026-01-10 07:15:00,Parashara_Drishti,Jupiter,Gemini,Song Tử,"25°55'59.16""",Punarvasu,Jupiter,2,Sun,Sagittarius,Nhân Mã,"25°31'35.83""",Purva Ashadha,Venus,4,7th House,7,180,179.5935,0.4065,Weak
2026-01-10 07:15:00,Parashara_Drishti,Jupiter,Gemini,Song Tử,"25°55'59.16""",Punarvasu,Jupiter,2,Venus,Sagittarius,Nhân Mã,"26°19'12.06""",Purva Ashadha,Venus,4,7th House,7,180,180.3869,0.3869,Weak
2026-01-10 07:15:00,Parashara_Drishti,Jupiter,Gemini,Song Tử,"25°55'59.16""",Punarvasu,Jupiter,2,Mars,Sagittarius,Nhân Mã,"25°23'50.50""",Purva Ashadha,Venus,4,7th House,7,180,179.4643,0.5357,Weak
2026-01-10 07:30:00,Parashara_Drishti,Sun,Sagittarius,Nhân Mã,"25°32'14.04""",Purva Ashadha,Venus,4,Jupiter,Gemini,Song Tử,"25°55'54.10""",Punarvasu,Jupiter,2,7th House,7,180,180.3945,0.3945,Standard
2026-01-10 07:30:00,Parashara_Drishti,Venus,Sagittarius,Nhân Mã,"26°19'59.23""",Purva Ashadha,Venus,4,Jupiter,Gemini,Song Tử,"25°55'54.10""",Punarvasu,Jupiter,2,7th House,7,180,179.5986,0.4014,Standard
2026-01-10 07:30:00,Parashara_Drishti,Mars,Sagittarius,Nhân Mã,"25°24'19.45""",Purva Ashadha,Venus,4,Jupiter,Gemini,Song Tử,"25°55'54.10""",Punarvasu,Jupiter,2,7th House,7,180,180.5263,0.5263,Weak
2026-01-10 07:30:00,Parashara_Drishti,Jupiter,Gemini,Song Tử,"25°55'54.10""",Punarvasu,Jupiter,2,Sun,Sagittarius,Nhân Mã,"25°32'14.04""",Purva Ashadha,Venus,4,7th House,7,180,179.6055,0.3945,Weak
2026-01-10 07:30:00,Parashara_Drishti,Jupiter,Gemini,Song Tử,"25°55'54.10""",Punarvasu,Jupiter,2,Venus,Sagittarius,Nhân Mã,"26°19'59.23""",Purva Ashadha,Venus,4,7th House,7,180,180.4014,0.4014,Weak
2026-01-10 07:30:00,Parashara_Drishti,Jupiter,Gemini,Song Tử,"25°55'54.10""",Punarvasu,Jupiter,2,Mars,Sagittarius,Nhân Mã,"25°24'19.45""",Purva Ashadha,Venus,4,7th House,7,180,179.4737,0.5263,Weak
2026-01-10 07:45:00,Parashara_Drishti,Sun,Sagittarius,Nhân Mã,"25°32'52.25""",Purva Ashadha,Venus,4,Jupiter,Gemini,Song Tử,"25°55'49.04""",Punarvasu,Jupiter,2,7th House,7,180,180.3824,0.3824,Standard
2026-01-10 07:45:00,Parashara_Drishti,Venus,Sagittarius,Nhân Mã,"26°20'46.40""",Purva Ashadha,Venus,4,Jupiter,Gemini,Song Tử,"25°55'49.04""",Punarvasu,Jupiter,2,7th House,7,180,179.5841,0.4159,Standard
2026-01-10 07:45:00,Parashara_Drishti,Mars,Sagittarius,Nhân Mã,"25°24'48.41""",Purva Ashadha,Venus,4,Jupiter,Gemini,Song Tử,"25°55'49.04""",Punarvasu,Jupiter,2,7th House,7,180,180.5168,0.5168,Weak
2026-01-10 07:45:00,Parashara_Drishti,Jupiter,Gemini,Song Tử,"25°55'49.04""",Punarvasu,Jupiter,2,Sun,Sagittarius,Nhân Mã,"25°32'52.25""",Purva Ashadha,Venus,4,7th House,7,180,179.6176,0.3824,Weak
2026-01-10 07:45:00,Parashara_Drishti,Jupiter,Gemini,Song Tử,"25°55'49.04""",Punarvasu,Jupiter,2,Venus,Sagittarius,Nhân Mã,"26°20'46.40""",Purva Ashadha,Venus,4,7th House,7,180,180.4159,0.4159,Weak
2026-01-10 07:45:00,Parashara_Drishti,Jupiter,Gemini,Song Tử,"25°55'49.04""",Punarvasu,Jupiter,2,Mars,Sagittarius,Nhân Mã,"25°24'48.41""",Purva Ashadha,Venus,4,7th House,7,180,179.4832,0.5168,Weak
2026-01-10 08:00:00,Parashara_Drishti,Sun,Sagittarius,Nhân Mã,"25°33'30.46""",Purva Ashadha,Venus,4,Jupiter,Gemini,Song Tử,"25°55'43.97""",Punarvasu,Jupiter,2,7th House,7,180,180.3704,0.3704,Standard
2026-01-10 08:00:00,Parashara_Drishti,Venus,Sagittarius,Nhân Mã,"26°21'33.57""",Purva Ashadha,Venus,4,Jupiter,Gemini,Song Tử,"25°55'43.97""",Punarvasu,Jupiter,2,7th House,7,180,179.5696,0.4304,Standard
2026-01-10 08:00:00,Parashara_Drishti,Mars,Sagittarius,Nhân Mã,"25°25'17.36""",Purva Ashadha,Venus,4,Jupiter,Gemini,Song Tử,"25°55'43.97""",Punarvasu,Jupiter,2,7th House,7,180,180.5074,0.5074,Weak
2026-01-10 08:00:00,Parashara_Drishti,Jupiter,Gemini,Song Tử,"25°55'43.97""",Punarvasu,Jupiter,2,Sun,Sagittarius,Nhân Mã,"25°33'30.46""",Purva Ashadha,Venus,4,7th House,7,180,179.6296,0.3704,Weak
2026-01-10 08:00:00,Parashara_Drishti,Jupiter,Gemini,Song Tử,"25°55'43.97""",Punarvasu,Jupiter,2,Venus,Sagittarius,Nhân Mã,"26°21'33.57""",Purva Ashadha,Venus,4,7th House,7,180,180.4304,0.4304,Weak
2026-01-10 08:00:00,Parashara_Drishti,Jupiter,Gemini,Song Tử,"25°55'43.97""",Punarvasu,Jupiter,2,Mars,Sagittarius,Nhân Mã,"25°25'17.36""",Purva Ashadha,Venus,4,7th House,7,180,179.4926,0.5074,Weak
2026-01-10 08:15:00,Parashara_Drishti,Sun,Sagittarius,Nhân Mã,"25°34'08.67""",Purva Ashadha,Venus,4,Jupiter,Gemini,Song Tử,"25°55'38.91""",Punarvasu,Jupiter,2,7th House,7,180,180.3584,0.3584,Standard
2026-01-10 08:15:00,Parashara_Drishti,Venus,Sagittarius,Nhân Mã,"26°22'20.74""",Purva Ashadha,Venus,4,Jupiter,Gemini,Song Tử,"25°55'38.91""",Punarvasu,Jupiter,2,7th House,7,180,179.555,0.445,Standard
2026-01-10 08:15:00,Parashara_Drishti,Mars,Sagittarius,Nhân Mã,"25°25'46.32""",Purva Ashadha,Venus,4,Jupiter,Gemini,Song Tử,"25°55'38.91""",Punarvasu,Jupiter,2,7th House,7,180,180.4979,0.4979,Weak
2026-01-10 08:15:00,Parashara_Drishti,Jupiter,Gemini,Song Tử,"25°55'38.91""",Punarvasu,Jupiter,2,Sun,Sagittarius,Nhân Mã,"25°34'08.67""",Purva Ashadha,Venus,4,7th House,7,180,179.6416,0.3584,Weak
2026-01-10 08:15:00,Parashara_Drishti,Jupiter,Gemini,Song Tử,"25°55'38.91""",Punarvasu,Jupiter,2,Venus,Sagittarius,Nhân Mã,"26°22'20.74""",Purva Ashadha,Venus,4,7th House,7,180,180.445,0.445,Weak
2026-01-10 08:15:00,Parashara_Drishti,Jupiter,Gemini,Song Tử,"25°55'38.91""",Punarvasu,Jupiter,2,Mars,Sagittarius,Nhân Mã,"25°25'46.32""",Purva Ashadha,Venus,4,7th House,7,180,179.5021,0.4979,Weak
2026-01-10 08:30:00,Parashara_Drishti,Sun,Sagittarius,Nhân Mã,"25°34'46.88""",Purva Ashadha,Venus,4,Jupiter,Gemini,Song Tử,"25°55'33.85""",Punarvasu,Jupiter,2,7th House,7,180,180.3464,0.3464,Standard
2026-01-10 08:30:00,Parashara_Drishti,Venus,Sagittarius,Nhân Mã,"26°23'07.91""",Purva Ashadha,Venus,4,Jupiter,Gemini,Song Tử,"25°55'33.85""",Punarvasu,Jupiter,2,7th House,7,180,179.5405,0.4595,Standard
2026-01-10 08:30:00,Parashara_Drishti,Mars,Sagittarius,Nhân Mã,"25°26'15.27""",Purva Ashadha,Venus,4,Jupiter,Gemini,Song Tử,"25°55'33.85""",Punarvasu,Jupiter,2,7th House,7,180,180.4885,0.4885,Weak
2026-01-10 08:30:00,Parashara_Drishti,Jupiter,Gemini,Song Tử,"25°55'33.85""",Punarvasu,Jupiter,2,Sun,Sagittarius,Nhân Mã,"25°34'46.88""",Purva Ashadha,Venus,4,7th House,7,180,179.6536,0.3464,Weak
2026-01-10 08:30:00,Parashara_Drishti,Jupiter,Gemini,Song Tử,"25°55'33.85""",Punarvasu,Jupiter,2,Venus,Sagittarius,Nhân Mã,"26°23'07.91""",Purva Ashadha,Venus,4,7th House,7,180,180.4595,0.4595,Weak
2026-01-10 08:30:00,Parashara_Drishti,Jupiter,Gemini,Song Tử,"25°55'33.85""",Punarvasu,Jupiter,2,Mars,Sagittarius,Nhân Mã,"25°26'15.27""",Purva Ashadha,Venus,4,7th House,7,180,179.5115,0.4885,Weak
2026-01-10 08:45:00,Parashara_Drishti,Sun,Sagittarius,Nhân Mã,"25°35'25.08""",Purva Ashadha,Venus,4,Jupiter,Gemini,Song Tử,"25°55'28.78""",Punarvasu,Jupiter,2,7th House,7,180,180.3344,0.3344,Standard
2026-01-10 08:45:00,Parashara_Drishti,Venus,Sagittarius,Nhân Mã,"26°23'55.08""",Purva Ashadha,Venus,4,Jupiter,Gemini,Song Tử,"25°55'28.78""",Punarvasu,Jupiter,2,7th House,7,180,179.526,0.474,Standard
2026-01-10 08:45:00,Parashara_Drishti,Mars,Sagittarius,Nhân Mã,"25°26'44.23""",Purva Ashadha,Venus,4,Jupiter,Gemini,Song Tử,"25°55'28.78""",Punarvasu,Jupiter,2,7th House,7,180,180.479,0.479,Weak
2026-01-10 08:45:00,Parashara_Drishti,Jupiter,Gemini,Song Tử,"25°55'28.78""",Punarvasu,Jupiter,2,Sun,Sagittarius,Nhân Mã,"25°35'25.08""",Purva Ashadha,Venus,4,7th House,7,180,179.6656,0.3344,Weak
2026-01-10 08:45:00,Parashara_Drishti,Jupiter,Gemini,Song Tử,"25°55'28.78""",Punarvasu,Jupiter,2,Venus,Sagittarius,Nhân Mã,"26°23'55.08""",Purva Ashadha,Venus,4,7th House,7,180,180.474,0.474,Weak
2026-01-10 08:45:00,Parashara_Drishti,Jupiter,Gemini,Song Tử,"25°55'28.78""",Punarvasu,Jupiter,2,Mars,Sagittarius,Nhân Mã,"25°26'44.23""",Purva Ashadha,Venus,4,7th House,7,180,179.521,0.479,Weak
2026-01-10 09:00:00,Parashara_Drishti,Sun,Sagittarius,Nhân Mã,"25°36'03.29""",Purva Ashadha,Venus,4,Jupiter,Gemini,Song Tử,"25°55'23.72""",Punarvasu,Jupiter,2,7th House,7,180,180.3223,0.3223,Standard
2026-01-10 09:00:00,Parashara_Drishti,Venus,Sagittarius,Nhân Mã,"26°24'42.25""",Purva Ashadha,Venus,4,Jupiter,Gemini,Song Tử,"25°55'23.72""",Punarvasu,Jupiter,2,7th House,7,180,179.5115,0.4885,Standard
2026-01-10 09:00:00,Parashara_Drishti,Mars,Sagittarius,Nhân Mã,"25°27'13.19""",Purva Ashadha,Venus,4,Jupiter,Gemini,Song Tử,"25°55'23.72""",Punarvasu,Jupiter,2,7th House,7,180,180.4696,0.4696,Weak
2026-01-10 09:00:00,Parashara_Drishti,Jupiter,Gemini,Song Tử,"25°55'23.72""",Punarvasu,Jupiter,2,Sun,Sagittarius,Nhân Mã,"25°36'03.29""",Purva Ashadha,Venus,4,7th House,7,180,179.6777,0.3223,Weak
2026-01-10 09:00:00,Parashara_Drishti,Jupiter,Gemini,Song Tử,"25°55'23.72""",Punarvasu,Jupiter,2,Venus,Sagittarius,Nhân Mã,"26°24'42.25""",Purva Ashadha,Venus,4,7th House,7,180,180.4885,0.4885,Weak
2026-01-10 09:00:00,Parashara_Drishti,Jupiter,Gemini,Song Tử,"25°55'23.72""",Punarvasu,Jupiter,2,Mars,Sagittarius,Nhân Mã,"25°27'13.19""",Purva Ashadha,Venus,4,7th House,7,180,179.5304,0.4696,Weak
2026-01-10 09:15:00,Parashara_Drishti,Sun,Sagittarius,Nhân Mã,"25°36'41.50""",Purva Ashadha,Venus,4,Jupiter,Gemini,Song Tử,"25°55'18.66""",Punarvasu,Jupiter,2,7th House,7,180,180.3103,0.3103,Standard
2026-01-10 09:15:00,Parashara_Drishti,Venus,Sagittarius,Nhân Mã,"26°25'29.42""",Purva Ashadha,Venus,4,Jupiter,Gemini,Song Tử,"25°55'18.66""",Punarvasu,Jupiter,2,7th House,7,180,179.497,0.503,Standard
2026-01-10 09:15:00,Parashara_Drishti,Mars,Sagittarius,Nhân Mã,"25°27'42.14""",Purva Ashadha,Venus,4,Jupiter,Gemini,Song Tử,"25°55'18.66""",Punarvasu,Jupiter,2,7th House,7,180,180.4601,0.4601,Weak
2026-01-10 09:15:00,Parashara_Drishti,Jupiter,Gemini,Song Tử,"25°55'18.66""",Punarvasu,Jupiter,2,Sun,Sagittarius,Nhân Mã,"25°36'41.50""",Purva Ashadha,Venus,4,7th House,7,180,179.6897,0.3103,Weak
2026-01-10 09:15:00,Parashara_Drishti,Jupiter,Gemini,Song Tử,"25°55'18.66""",Punarvasu,Jupiter,2,Venus,Sagittarius,Nhân Mã,"26°25'29.42""",Purva Ashadha,Venus,4,7th House,7,180,180.503,0.503,Weak
2026-01-10 09:15:00,Parashara_Drishti,Jupiter,Gemini,Song Tử,"25°55'18.66""",Punarvasu,Jupiter,2,Mars,Sagittarius,Nhân Mã,"25°27'42.14""",Purva Ashadha,Venus,4,7th House,7,180,179.5399,0.4601,Weak
2026-01-10 09:30:00,Parashara_Drishti,Sun,Sagittarius,Nhân Mã,"25°37'19.71""",Purva Ashadha,Venus,4,Jupiter,Gemini,Song Tử,"25°55'13.60""",Punarvasu,Jupiter,2,7th House,7,180,180.2983,0.2983,Standard
2026-01-10 09:30:00,Parashara_Drishti,Venus,Sagittarius,Nhân Mã,"26°26'16.59""",Purva Ashadha,Venus,4,Jupiter,Gemini,Song Tử,"25°55'13.60""",Punarvasu,Jupiter,2,7th House,7,180,179.4825,0.5175,Standard
2026-01-10 09:30:00,Parashara_Drishti,Mars,Sagittarius,Nhân Mã,"25°28'11.10""",Purva Ashadha,Venus,4,Jupiter,Gemini,Song Tử,"25°55'13.60""",Punarvasu,Jupiter,2,7th House,7,180,180.4507,0.4507,Weak
2026-01-10 09:30:00,Parashara_Drishti,Jupiter,Gemini,Song Tử,"25°55'13.60""",Punarvasu,Jupiter,2,Sun,Sagittarius,Nhân Mã,"25°37'19.71""",Purva Ashadha,Venus,4,7th House,7,180,179.7017,0.2983,Weak
2026-01-10 09:30:00,Parashara_Drishti,Jupiter,Gemini,Song Tử,"25°55'13.60""",Punarvasu,Jupiter,2,Venus,Sagittarius,Nhân Mã,"26°26'16.59""",Purva Ashadha,Venus,4,7th House,7,180,180.5175,0.5175,Weak
2026-01-10 09:30:00,Parashara_Drishti,Jupiter,Gemini,Song Tử,"25°55'13.60""",Punarvasu,Jupiter,2,Mars,Sagittarius,Nhân Mã,"25°28'11.10""",Purva Ashadha,Venus,4,7th House,7,180,179.5493,0.4507,Weak
2026-01-10 09:45:00,Parashara_Drishti,Sun,Sagittarius,Nhân Mã,"25°37'57.92""",Purva Ashadha,Venus,4,Jupiter,Gemini,Song Tử,"25°55'08.53""",Punarvasu,Jupiter,2,7th House,7,180,180.2863,0.2863,Standard
2026-01-10 09:45:00,Parashara_Drishti,Venus,Sagittarius,Nhân Mã,"26°27'03.76""",Purva Ashadha,Venus,4,Jupiter,Gemini,Song Tử,"25°55'08.53""",Punarvasu,Jupiter,2,7th House,7,180,179.468,0.532,Standard
2026-01-10 09:45:00,Parashara_Drishti,Mars,Sagittarius,Nhân Mã,"25°28'40.06""",Purva Ashadha,Venus,4,Jupiter,Gemini,Song Tử,"25°55'08.53""",Punarvasu,Jupiter,2,7th House,7,180,180.4412,0.4412,Weak
2026-01-10 09:45:00,Parashara_Drishti,Jupiter,Gemini,Song Tử,"25°55'08.53""",Punarvasu,Jupiter,2,Sun,Sagittarius,Nhân Mã,"25°37'57.92""",Purva Ashadha,Venus,4,7th House,7,180,179.7137,0.2863,Weak
2026-01-10 09:45:00,Parashara_Drishti,Jupiter,Gemini,Song Tử,"25°55'08.53""",Punarvasu,Jupiter,2,Venus,Sagittarius,Nhân Mã,"26°27'03.76""",Purva Ashadha,Venus,4,7th House,7,180,180.532,0.532,Weak
2026-01-10 09:45:00,Parashara_Drishti,Jupiter,Gemini,Song Tử,"25°55'08.53""",Punarvasu,Jupiter,2,Mars,Sagittarius,Nhân Mã,"25°28'40.06""",Purva Ashadha,Venus,4,7th House,7,180,179.5588,0.4412,Weak
2026-01-10 10:00:00,Parashara_Drishti,Sun,Sagittarius,Nhân Mã,"25°38'36.13""",Purva Ashadha,Venus,4,Jupiter,Gemini,Song Tử,"25°55'03.47""",Punarvasu,Jupiter,2,7th House,7,180,180.2743,0.2743,Standard
2026-01-10 10:00:00,Parashara_Drishti,Venus,Sagittarius,Nhân Mã,"26°27'50.93""",Purva Ashadha,Venus,4,Jupiter,Gemini,Song Tử,"25°55'03.47""",Punarvasu,Jupiter,2,7th House,7,180,179.4535,0.5465,Standard
2026-01-10 10:00:00,Parashara_Drishti,Mars,Sagittarius,Nhân Mã,"25°29'09.02""",Purva Ashadha,Venus,4,Jupiter,Gemini,Song Tử,"25°55'03.47""",Punarvasu,Jupiter,2,7th House,7,180,180.4318,0.4318,Weak
2026-01-10 10:00:00,Parashara_Drishti,Jupiter,Gemini,Song Tử,"25°55'03.47""",Punarvasu,Jupiter,2,Sun,Sagittarius,Nhân Mã,"25°38'36.13""",Purva Ashadha,Venus,4,7th House,7,180,179.7257,0.2743,Weak
2026-01-10 10:00:00,Parashara_Drishti,Jupiter,Gemini,Song Tử,"25°55'03.47""",Punarvasu,Jupiter,2,Venus,Sagittarius,Nhân Mã,"26°27'50.93""",Purva Ashadha,Venus,4,7th House,7,180,180.5465,0.5465,Weak
2026-01-10 10:00:00,Parashara_Drishti,Jupiter,Gemini,Song Tử,"25°55'03.47""",Punarvasu,Jupiter,2,Mars,Sagittarius,Nhân Mã,"25°29'09.02""",Purva Ashadha,Venus,4,7th House,7,180,179.5682,0.4318,Weak
2026-01-10 10:15:00,Parashara_Drishti,Sun,Sagittarius,Nhân Mã,"25°39'14.34""",Purva Ashadha,Venus,4,Jupiter,Gemini,Song Tử,"25°54'58.41""",Punarvasu,Jupiter,2,7th House,7,180,180.2622,0.2622,Standard
2026-01-10 10:15:00,Parashara_Drishti,Venus,Sagittarius,Nhân Mã,"26°28'38.10""",Purva Ashadha,Venus,4,Jupiter,Gemini,Song Tử,"25°54'58.41""",Punarvasu,Jupiter,2,7th House,7,180,179.439,0.561,Standard
2026-01-10 10:15:00,Parashara_Drishti,Mars,Sagittarius,Nhân Mã,"25°29'37.97""",Purva Ashadha,Venus,4,Jupiter,Gemini,Song Tử,"25°54'58.41""",Punarvasu,Jupiter,2,7th House,7,180,180.4223,0.4223,Weak
2026-01-10 10:15:00,Parashara_Drishti,Jupiter,Gemini,Song Tử,"25°54'58.41""",Punarvasu,Jupiter,2,Sun,Sagittarius,Nhân Mã,"25°39'14.34""",Purva Ashadha,Venus,4,7th House,7,180,179.7378,0.2622,Weak
2026-01-10 10:15:00,Parashara_Drishti,Jupiter,Gemini,Song Tử,"25°54'58.41""",Punarvasu,Jupiter,2,Venus,Sagittarius,Nhân Mã,"26°28'38.10""",Purva Ashadha,Venus,4,7th House,7,180,180.561,0.561,Weak
2026-01-10 10:15:00,Parashara_Drishti,Jupiter,Gemini,Song Tử,"25°54'58.41""",Punarvasu,Jupiter,2,Mars,Sagittarius,Nhân Mã,"25°29'37.97""",Purva Ashadha,Venus,4,7th House,7,180,179.5777,0.4223,Weak
2026-01-10 10:30:00,Parashara_Drishti,Sun,Sagittarius,Nhân Mã,"25°39'52.54""",Purva Ashadha,Venus,4,Jupiter,Gemini,Song Tử,"25°54'53.34""",Punarvasu,Jupiter,2,7th House,7,180,180.2502,0.2502,Standard
2026-01-10 10:30:00,Parashara_Drishti,Venus,Sagittarius,Nhân Mã,"26°29'25.27""",Purva Ashadha,Venus,4,Jupiter,Gemini,Song Tử,"25°54'53.34""",Punarvasu,Jupiter,2,7th House,7,180,179.4245,0.5755,Standard
2026-01-10 10:30:00,Parashara_Drishti,Mars,Sagittarius,Nhân Mã,"25°30'06.93""",Purva Ashadha,Venus,4,Jupiter,Gemini,Song Tử,"25°54'53.34""",Punarvasu,Jupiter,2,7th House,7,180,180.4129,0.4129,Weak
2026-01-10 10:30:00,Parashara_Drishti,Jupiter,Gemini,Song Tử,"25°54'53.34""",Punarvasu,Jupiter,2,Sun,Sagittarius,Nhân Mã,"25°39'52.54""",Purva Ashadha,Venus,4,7th House,7,180,179.7498,0.2502,Weak
2026-01-10 10:30:00,Parashara_Drishti,Jupiter,Gemini,Song Tử,"25°54'53.34""",Punarvasu,Jupiter,2,Venus,Sagittarius,Nhân Mã,"26°29'25.27""",Purva Ashadha,Venus,4,7th House,7,180,180.5755,0.5755,Weak
2026-01-10 10:30:00,Parashara_Drishti,Jupiter,Gemini,Song Tử,"25°54'53.34""",Punarvasu,Jupiter,2,Mars,Sagittarius,Nhân Mã,"25°30'06.93""",Purva Ashadha,Venus,4,7th House,7,180,179.5871,0.4129,Weak
2026-01-10 10:45:00,Parashara_Drishti,Sun,Sagittarius,Nhân Mã,"25°40'30.75""",Purva Ashadha,Venus,4,Jupiter,Gemini,Song Tử,"25°54'48.28""",Punarvasu,Jupiter,2,7th House,7,180,180.2382,0.2382,Standard
2026-01-10 10:45:00,Parashara_Drishti,Venus,Sagittarius,Nhân Mã,"26°30'12.44""",Purva Ashadha,Venus,4,Jupiter,Gemini,Song Tử,"25°54'48.28""",Punarvasu,Jupiter,2,7th House,7,180,179.41,0.59,Standard
2026-01-10 10:45:00,Parashara_Drishti,Mars,Sagittarius,Nhân Mã,"25°30'35.89""",Purva Ashadha,Venus,4,Jupiter,Gemini,Song Tử,"25°54'48.28""",Punarvasu,Jupiter,2,7th House,7,180,180.4034,0.4034,Weak
2026-01-10 10:45:00,Parashara_Drishti,Jupiter,Gemini,Song Tử,"25°54'48.28""",Punarvasu,Jupiter,2,Sun,Sagittarius,Nhân Mã,"25°40'30.75""",Purva Ashadha,Venus,4,7th House,7,180,179.7618,0.2382,Weak
2026-01-10 10:45:00,Parashara_Drishti,Jupiter,Gemini,Song Tử,"25°54'48.28""",Punarvasu,Jupiter,2,Venus,Sagittarius,Nhân Mã,"26°30'12.44""",Purva Ashadha,Venus,4,7th House,7,180,180.59,0.59,Weak
2026-01-10 10:45:00,Parashara_Drishti,Jupiter,Gemini,Song Tử,"25°54'48.28""",Punarvasu,Jupiter,2,Mars,Sagittarius,Nhân Mã,"25°30'35.89""",Purva Ashadha,Venus,4,7th House,7,180,179.5966,0.4034,Weak
2026-01-10 11:00:00,Parashara_Drishti,Sun,Sagittarius,Nhân Mã,"25°41'08.96""",Purva Ashadha,Venus,4,Jupiter,Gemini,Song Tử,"25°54'43.22""",Punarvasu,Jupiter,2,7th House,7,180,180.2262,0.2262,Standard
2026-01-10 11:00:00,Parashara_Drishti,Venus,Sagittarius,Nhân Mã,"26°30'59.61""",Purva Ashadha,Venus,4,Jupiter,Gemini,Song Tử,"25°54'43.22""",Punarvasu,Jupiter,2,7th House,7,180,179.3954,0.6046,Standard
2026-01-10 11:00:00,Parashara_Drishti,Mars,Sagittarius,Nhân Mã,"25°31'04.85""",Purva Ashadha,Venus,4,Jupiter,Gemini,Song Tử,"25°54'43.22""",Punarvasu,Jupiter,2,7th House,7,180,180.394,0.394,Weak
2026-01-10 11:00:00,Parashara_Drishti,Jupiter,Gemini,Song Tử,"25°54'43.22""",Punarvasu,Jupiter,2,Sun,Sagittarius,Nhân Mã,"25°41'08.96""",Purva Ashadha,Venus,4,7th House,7,180,179.7738,0.2262,Weak
2026-01-10 11:00:00,Parashara_Drishti,Jupiter,Gemini,Song Tử,"25°54'43.22""",Punarvasu,Jupiter,2,Venus,Sagittarius,Nhân Mã,"26°30'59.61""",Purva Ashadha,Venus,4,7th House,7,180,180.6046,0.6046,Weak
2026-01-10 11:00:00,Parashara_Drishti,Jupiter,Gemini,Song Tử,"25°54'43.22""",Punarvasu,Jupiter,2,Mars,Sagittarius,Nhân Mã,"25°31'04.85""",Purva Ashadha,Venus,4,7th House,7,180,179.606,0.394,Weak
2026-01-10 11:15:00,Parashara_Drishti,Sun,Sagittarius,Nhân Mã,"25°41'47.17""",Purva Ashadha,Venus,4,Jupiter,Gemini,Song Tử,"25°54'38.15""",Punarvasu,Jupiter,2,7th House,7,180,180.2142,0.2142,Standard
2026-01-10 11:15:00,Parashara_Drishti,Venus,Sagittarius,Nhân Mã,"26°31'46.78""",Purva Ashadha,Venus,4,Jupiter,Gemini,Song Tử,"25°54'38.15""",Punarvasu,Jupiter,2,7th House,7,180,179.3809,0.6191,Standard
2026-01-10 11:15:00,Parashara_Drishti,Mars,Sagittarius,Nhân Mã,"25°31'33.81""",Purva Ashadha,Venus,4,Jupiter,Gemini,Song Tử,"25°54'38.15""",Punarvasu,Jupiter,2,7th House,7,180,180.3845,0.3845,Weak
2026-01-10 11:15:00,Parashara_Drishti,Jupiter,Gemini,Song Tử,"25°54'38.15""",Punarvasu,Jupiter,2,Sun,Sagittarius,Nhân Mã,"25°41'47.17""",Purva Ashadha,Venus,4,7th House,7,180,179.7858,0.2142,Weak
2026-01-10 11:15:00,Parashara_Drishti,Jupiter,Gemini,Song Tử,"25°54'38.15""",Punarvasu,Jupiter,2,Venus,Sagittarius,Nhân Mã,"26°31'46.78""",Purva Ashadha,Venus,4,7th House,7,180,180.6191,0.6191,Weak
2026-01-10 11:15:00,Parashara_Drishti,Jupiter,Gemini,Song Tử,"25°54'38.15""",Punarvasu,Jupiter,2,Mars,Sagittarius,Nhân Mã,"25°31'33.81""",Purva Ashadha,Venus,4,7th House,7,180,179.6155,0.3845,Weak
2026-01-10 11:30:00,Parashara_Drishti,Sun,Sagittarius,Nhân Mã,"25°42'25.38""",Purva Ashadha,Venus,4,Jupiter,Gemini,Song Tử,"25°54'33.09""",Punarvasu,Jupiter,2,7th House,7,180,180.2021,0.2021,Standard
2026-01-10 11:30:00,Parashara_Drishti,Venus,Sagittarius,Nhân Mã,"26°32'33.95""",Purva Ashadha,Venus,4,Jupiter,Gemini,Song Tử,"25°54'33.09""",Punarvasu,Jupiter,2,7th House,7,180,179.3664,0.6336,Standard
2026-01-10 11:30:00,Parashara_Drishti,Mars,Sagittarius,Nhân Mã,"25°32'02.77""",Purva Ashadha,Venus,4,Jupiter,Gemini,Song Tử,"25°54'33.09""",Punarvasu,Jupiter,2,7th House,7,180,180.3751,0.3751,Weak
2026-01-10 11:30:00,Parashara_Drishti,Jupiter,Gemini,Song Tử,"25°54'33.09""",Punarvasu,Jupiter,2,Sun,Sagittarius,Nhân Mã,"25°42'25.38""",Purva Ashadha,Venus,4,7th House,7,180,179.7979,0.2021,Weak
2026-01-10 11:30:00,Parashara_Drishti,Jupiter,Gemini,Song Tử,"25°54'33.09""",Punarvasu,Jupiter,2,Venus,Sagittarius,Nhân Mã,"26°32'33.95""",Purva Ashadha,Venus,4,7th House,7,180,180.6336,0.6336,Weak
2026-01-10 11:30:00,Parashara_Drishti,Jupiter,Gemini,Song Tử,"25°54'33.09""",Punarvasu,Jupiter,2,Mars,Sagittarius,Nhân Mã,"25°32'02.77""",Purva Ashadha,Venus,4,7th House,7,180,179.6249,0.3751,Weak
2026-01-10 11:45:00,Parashara_Drishti,Sun,Sagittarius,Nhân Mã,"25°43'03.59""",Purva Ashadha,Venus,4,Jupiter,Gemini,Song Tử,"25°54'28.03""",Punarvasu,Jupiter,2,7th House,7,180,180.1901,0.1901,Standard
2026-01-10 11:45:00,Parashara_Drishti,Venus,Sagittarius,Nhân Mã,"26°33'21.12""",Purva Ashadha,Venus,4,Jupiter,Gemini,Song Tử,"25°54'28.03""",Punarvasu,Jupiter,2,7th House,7,180,179.3519,0.6481,Standard
2026-01-10 11:45:00,Parashara_Drishti,Mars,Sagittarius,Nhân Mã,"25°32'31.72""",Purva Ashadha,Venus,4,Jupiter,Gemini,Song Tử,"25°54'28.03""",Punarvasu,Jupiter,2,7th House,7,180,180.3656,0.3656,Weak
2026-01-10 11:45:00,Parashara_Drishti,Jupiter,Gemini,Song Tử,"25°54'28.03""",Punarvasu,Jupiter,2,Sun,Sagittarius,Nhân Mã,"25°43'03.59""",Purva Ashadha,Venus,4,7th House,7,180,179.8099,0.1901,Weak
2026-01-10 11:45:00,Parashara_Drishti,Jupiter,Gemini,Song Tử,"25°54'28.03""",Punarvasu,Jupiter,2,Venus,Sagittarius,Nhân Mã,"26°33'21.12""",Purva Ashadha,Venus,4,7th House,7,180,180.6481,0.6481,Weak
2026-01-10 11:45:00,Parashara_Drishti,Jupiter,Gemini,Song Tử,"25°54'28.03""",Punarvasu,Jupiter,2,Mars,Sagittarius,Nhân Mã,"25°32'31.72""",Purva Ashadha,Venus,4,7th House,7,180,179.6344,0.3656,Weak
2026-01-10 12:00:00,Parashara_Drishti,Sun,Sagittarius,Nhân Mã,"25°43'41.80""",Purva Ashadha,Venus,4,Jupiter,Gemini,Song Tử,"25°54'22.96""",Punarvasu,Jupiter,2,7th House,7,180,180.1781,0.1781,Standard
2026-01-10 12:00:00,Parashara_Drishti,Venus,Sagittarius,Nhân Mã,"26°34'08.29""",Purva Ashadha,Venus,4,Jupiter,Gemini,Song Tử,"25°54'22.96""",Punarvasu,Jupiter,2,7th House,7,180,179.3374,0.6626,Standard
2026-01-10 12:00:00,Parashara_Drishti,Mars,Sagittarius,Nhân Mã,"25°33'00.68""",Purva Ashadha,Venus,4,Jupiter,Gemini,Song Tử,"25°54'22.96""",Punarvasu,Jupiter,2,7th House,7,180,180.3562,0.3562,Weak
2026-01-10 12:00:00,Parashara_Drishti,Jupiter,Gemini,Song Tử,"25°54'22.96""",Punarvasu,Jupiter,2,Sun,Sagittarius,Nhân Mã,"25°43'41.80""",Purva Ashadha,Venus,4,7th House,7,180,179.8219,0.1781,Weak
2026-01-10 12:00:00,Parashara_Drishti,Jupiter,Gemini,Song Tử,"25°54'22.96""",Punarvasu,Jupiter,2,Venus,Sagittarius,Nhân Mã,"26°34'08.29""",Purva Ashadha,Venus,4,7th House,7,180,180.6626,0.6626,Weak
2026-01-10 12:00:00,Parashara_Drishti,Jupiter,Gemini,Song Tử,"25°54'22.96""",Punarvasu,Jupiter,2,Mars,Sagittarius,Nhân Mã,"25°33'00.68""",Purva Ashadha,Venus,4,7th House,7,180,179.6438,0.3562,Weak
2026-01-10 12:15:00,Parashara_Drishti,Sun,Sagittarius,Nhân Mã,"25°44'20.00""",Purva Ashadha,Venus,4,Jupiter,Gemini,Song Tử,"25°54'17.90""",Punarvasu,Jupiter,2,7th House,7,180,180.1661,0.1661,Standard
2026-01-10 12:15:00,Parashara_Drishti,Venus,Sagittarius,Nhân Mã,"26°34'55.46""",Purva Ashadha,Venus,4,Jupiter,Gemini,Song Tử,"25°54'17.90""",Punarvasu,Jupiter,2,7th House,7,180,179.3229,0.6771,Standard
2026-01-10 12:15:00,Parashara_Drishti,Mars,Sagittarius,Nhân Mã,"25°33'29.64""",Purva Ashadha,Venus,4,Jupiter,Gemini,Song Tử,"25°54'17.90""",Punarvasu,Jupiter,2,7th House,7,180,180.3467,0.3467,Weak
2026-01-10 12:15:00,Parashara_Drishti,Jupiter,Gemini,Song Tử,"25°54'17.90""",Punarvasu,Jupiter,2,Sun,Sagittarius,Nhân Mã,"25°44'20.00""",Purva Ashadha,Venus,4,7th House,7,180,179.8339,0.1661,Weak
2026-01-10 12:15:00,Parashara_Drishti,Jupiter,Gemini,Song Tử,"25°54'17.90""",Punarvasu,Jupiter,2,Venus,Sagittarius,Nhân Mã,"26°34'55.46""",Purva Ashadha,Venus,4,7th House,7,180,180.6771,0.6771,Weak
2026-01-10 12:15:00,Parashara_Drishti,Jupiter,Gemini,Song Tử,"25°54'17.90""",Punarvasu,Jupiter,2,Mars,Sagittarius,Nhân Mã,"25°33'29.64""",Purva Ashadha,Venus,4,7th House,7,180,179.6533,0.3467,Weak
2026-01-10 12:30:00,Parashara_Drishti,Sun,Sagittarius,Nhân Mã,"25°44'58.21""",Purva Ashadha,Venus,4,Jupiter,Gemini,Song Tử,"25°54'12.84""",Punarvasu,Jupiter,2,7th House,7,180,180.1541,0.1541,Standard
2026-01-10 12:30:00,Parashara_Drishti,Venus,Sagittarius,Nhân Mã,"26°35'42.62""",Purva Ashadha,Venus,4,Jupiter,Gemini,Song Tử,"25°54'12.84""",Punarvasu,Jupiter,2,7th House,7,180,179.3084,0.6916,Standard
2026-01-10 12:30:00,Parashara_Drishti,Mars,Sagittarius,Nhân Mã,"25°33'58.60""",Purva Ashadha,Venus,4,Jupiter,Gemini,Song Tử,"25°54'12.84""",Punarvasu,Jupiter,2,7th House,7,180,180.3373,0.3373,Weak
2026-01-10 12:30:00,Parashara_Drishti,Jupiter,Gemini,Song Tử,"25°54'12.84""",Punarvasu,Jupiter,2,Sun,Sagittarius,Nhân Mã,"25°44'58.21""",Purva Ashadha,Venus,4,7th House,7,180,179.8459,0.1541,Weak
2026-01-10 12:30:00,Parashara_Drishti,Jupiter,Gemini,Song Tử,"25°54'12.84""",Punarvasu,Jupiter,2,Venus,Sagittarius,Nhân Mã,"26°35'42.62""",Purva Ashadha,Venus,4,7th House,7,180,180.6916,0.6916,Weak
2026-01-10 12:30:00,Parashara_Drishti,Jupiter,Gemini,Song Tử,"25°54'12.84""",Punarvasu,Jupiter,2,Mars,Sagittarius,Nhân Mã,"25°33'58.60""",Purva Ashadha,Venus,4,7th House,7,180,179.6627,0.3373,Weak
2026-01-10 12:45:00,Parashara_Drishti,Sun,Sagittarius,Nhân Mã,"25°45'36.42""",Purva Ashadha,Venus,4,Jupiter,Gemini,Song Tử,"25°54'07.77""",Punarvasu,Jupiter,2,7th House,7,180,180.142,0.142,Standard
2026-01-10 12:45:00,Parashara_Drishti,Venus,Sagittarius,Nhân Mã,"26°36'29.79""",Purva Ashadha,Venus,4,Jupiter,Gemini,Song Tử,"25°54'07.77""",Punarvasu,Jupiter,2,7th House,7,180,179.2939,0.7061,Standard
2026-01-10 12:45:00,Parashara_Drishti,Mars,Sagittarius,Nhân Mã,"25°34'27.56""",Purva Ashadha,Venus,4,Jupiter,Gemini,Song Tử,"25°54'07.77""",Punarvasu,Jupiter,2,7th House,7,180,180.3278,0.3278,Weak
2026-01-10 12:45:00,Parashara_Drishti,Jupiter,Gemini,Song Tử,"25°54'07.77""",Punarvasu,Jupiter,2,Sun,Sagittarius,Nhân Mã,"25°45'36.42""",Purva Ashadha,Venus,4,7th House,7,180,179.858,0.142,Weak
2026-01-10 12:45:00,Parashara_Drishti,Jupiter,Gemini,Song Tử,"25°54'07.77""",Punarvasu,Jupiter,2,Venus,Sagittarius,Nhân Mã,"26°36'29.79""",Purva Ashadha,Venus,4,7th House,7,180,180.7061,0.7061,Weak
2026-01-10 12:45:00,Parashara_Drishti,Jupiter,Gemini,Song Tử,"25°54'07.77""",Punarvasu,Jupiter,2,Mars,Sagittarius,Nhân Mã,"25°34'27.56""",Purva Ashadha,Venus,4,7th House,7,180,179.6722,0.3278,Weak
2026-01-10 13:00:00,Parashara_Drishti,Sun,Sagittarius,Nhân Mã,"25°46'14.63""",Purva Ashadha,Venus,4,Jupiter,Gemini,Song Tử,"25°54'02.71""",Punarvasu,Jupiter,2,7th House,7,180,180.13,0.13,Standard
2026-01-10 13:00:00,Parashara_Drishti,Venus,Sagittarius,Nhân Mã,"26°37'16.96""",Purva Ashadha,Venus,4,Jupiter,Gemini,Song Tử,"25°54'02.71""",Punarvasu,Jupiter,2,7th House,7,180,179.2794,0.7206,Standard
2026-01-10 13:00:00,Parashara_Drishti,Mars,Sagittarius,Nhân Mã,"25°34'56.52""",Purva Ashadha,Venus,4,Jupiter,Gemini,Song Tử,"25°54'02.71""",Punarvasu,Jupiter,2,7th House,7,180,180.3184,0.3184,Weak
2026-01-10 13:00:00,Parashara_Drishti,Jupiter,Gemini,Song Tử,"25°54'02.71""",Punarvasu,Jupiter,2,Sun,Sagittarius,Nhân Mã,"25°46'14.63""",Purva Ashadha,Venus,4,7th House,7,180,179.87,0.13,Weak
2026-01-10 13:00:00,Parashara_Drishti,Jupiter,Gemini,Song Tử,"25°54'02.71""",Punarvasu,Jupiter,2,Venus,Sagittarius,Nhân Mã,"26°37'16.96""",Purva Ashadha,Venus,4,7th House,7,180,180.7206,0.7206,Weak
2026-01-10 13:00:00,Parashara_Drishti,Jupiter,Gemini,Song Tử,"25°54'02.71""",Punarvasu,Jupiter,2,Mars,Sagittarius,Nhân Mã,"25°34'56.52""",Purva Ashadha,Venus,4,7th House,7,180,179.6816,0.3184,Weak
2026-01-10 13:15:00,Parashara_Drishti,Sun,Sagittarius,Nhân Mã,"25°46'52.84""",Purva Ashadha,Venus,4,Jupiter,Gemini,Song Tử,"25°53'57.65""",Punarvasu,Jupiter,2,7th House,7,180,180.118,0.118,Standard
2026-01-10 13:15:00,Parashara_Drishti,Venus,Sagittarius,Nhân Mã,"26°38'04.13""",Purva Ashadha,Venus,4,Jupiter,Gemini,Song Tử,"25°53'57.65""",Punarvasu,Jupiter,2,7th House,7,180,179.2649,0.7351,Standard
2026-01-10 13:15:00,Parashara_Drishti,Mars,Sagittarius,Nhân Mã,"25°35'25.48""",Purva Ashadha,Venus,4,Jupiter,Gemini,Song Tử,"25°53'57.65""",Punarvasu,Jupiter,2,7th House,7,180,180.3089,0.3089,Weak
2026-01-10 13:15:00,Parashara_Drishti,Jupiter,Gemini,Song Tử,"25°53'57.65""",Punarvasu,Jupiter,2,Sun,Sagittarius,Nhân Mã,"25°46'52.84""",Purva Ashadha,Venus,4,7th House,7,180,179.882,0.118,Weak
2026-01-10 13:15:00,Parashara_Drishti,Jupiter,Gemini,Song Tử,"25°53'57.65""",Punarvasu,Jupiter,2,Venus,Sagittarius,Nhân Mã,"26°38'04.13""",Purva Ashadha,Venus,4,7th House,7,180,180.7351,0.7351,Weak
2026-01-10 13:15:00,Parashara_Drishti,Jupiter,Gemini,Song Tử,"25°53'57.65""",Punarvasu,Jupiter,2,Mars,Sagittarius,Nhân Mã,"25°35'25.48""",Purva Ashadha,Venus,4,7th House,7,180,179.6911,0.3089,Weak
2026-01-10 13:30:00,Parashara_Drishti,Sun,Sagittarius,Nhân Mã,"25°47'31.05""",Purva Ashadha,Venus,4,Jupiter,Gemini,Song Tử,"25°53'52.59""",Punarvasu,Jupiter,2,7th House,7,180,180.106,0.106,Standard
2026-01-10 13:30:00,Parashara_Drishti,Venus,Sagittarius,Nhân Mã,"26°38'51.30""",Purva Ashadha,Venus,4,Jupiter,Gemini,Song Tử,"25°53'52.59""",Punarvasu,Jupiter,2,7th House,7,180,179.2504,0.7496,Standard
2026-01-10 13:30:00,Parashara_Drishti,Mars,Sagittarius,Nhân Mã,"25°35'54.45""",Purva Ashadha,Venus,4,Jupiter,Gemini,Song Tử,"25°53'52.59""",Punarvasu,Jupiter,2,7th House,7,180,180.2995,0.2995,Weak
2026-01-10 13:30:00,Parashara_Drishti,Jupiter,Gemini,Song Tử,"25°53'52.59""",Punarvasu,Jupiter,2,Sun,Sagittarius,Nhân Mã,"25°47'31.05""",Purva Ashadha,Venus,4,7th House,7,180,179.894,0.106,Weak
2026-01-10 13:30:00,Parashara_Drishti,Jupiter,Gemini,Song Tử,"25°53'52.59""",Punarvasu,Jupiter,2,Venus,Sagittarius,Nhân Mã,"26°38'51.30""",Purva Ashadha,Venus,4,7th House,7,180,180.7496,0.7496,Weak
2026-01-10 13:30:00,Parashara_Drishti,Jupiter,Gemini,Song Tử,"25°53'52.59""",Punarvasu,Jupiter,2,Mars,Sagittarius,Nhân Mã,"25°35'54.45""",Purva Ashadha,Venus,4,7th House,7,180,179.7005,0.2995,Weak
2026-01-10 13:45:00,Parashara_Drishti,Sun,Sagittarius,Nhân Mã,"25°48'09.26""",Purva Ashadha,Venus,4,Jupiter,Gemini,Song Tử,"25°53'47.52""",Punarvasu,Jupiter,2,7th House,7,180,180.094,0.094,Standard
2026-01-10 13:45:00,Parashara_Drishti,Venus,Sagittarius,Nhân Mã,"26°39'38.47""",Purva Ashadha,Venus,4,Jupiter,Gemini,Song Tử,"25°53'47.52""",Punarvasu,Jupiter,2,7th House,7,180,179.2358,0.7642,Standard
2026-01-10 13:45:00,Parashara_Drishti,Mars,Sagittarius,Nhân Mã,"25°36'23.41""",Purva Ashadha,Venus,4,Jupiter,Gemini,Song Tử,"25°53'47.52""",Punarvasu,Jupiter,2,7th House,7,180,180.29,0.29,Weak
2026-01-10 13:45:00,Parashara_Drishti,Jupiter,Gemini,Song Tử,"25°53'47.52""",Punarvasu,Jupiter,2,Sun,Sagittarius,Nhân Mã,"25°48'09.26""",Purva Ashadha,Venus,4,7th House,7,180,179.906,0.094,Weak
2026-01-10 13:45:00,Parashara_Drishti,Jupiter,Gemini,Song Tử,"25°53'47.52""",Punarvasu,Jupiter,2,Venus,Sagittarius,Nhân Mã,"26°39'38.47""",Purva Ashadha,Venus,4,7th House,7,180,180.7642,0.7642,Weak
2026-01-10 13:45:00,Parashara_Drishti,Jupiter,Gemini,Song Tử,"25°53'47.52""",Punarvasu,Jupiter,2,Mars,Sagittarius,Nhân Mã,"25°36'23.41""",Purva Ashadha,Venus,4,7th House,7,180,179.71,0.29,Weak
2026-01-10 14:00:00,Parashara_Drishti,Sun,Sagittarius,Nhân Mã,"25°48'47.46""",Purva Ashadha,Venus,4,Jupiter,Gemini,Song Tử,"25°53'42.46""",Punarvasu,Jupiter,2,7th House,7,180,180.0819,0.0819,Standard
2026-01-10 14:00:00,Parashara_Drishti,Venus,Sagittarius,Nhân Mã,"26°40'25.64""",Uttara Ashadha,Sun,1,Jupiter,Gemini,Song Tử,"25°53'42.46""",Punarvasu,Jupiter,2,7th House,7,180,179.2213,0.7787,Standard
2026-01-10 14:00:00,Parashara_Drishti,Mars,Sagittarius,Nhân Mã,"25°36'52.37""",Purva Ashadha,Venus,4,Jupiter,Gemini,Song Tử,"25°53'42.46""",Punarvasu,Jupiter,2,7th House,7,180,180.2806,0.2806,Weak
2026-01-10 14:00:00,Parashara_Drishti,Jupiter,Gemini,Song Tử,"25°53'42.46""",Punarvasu,Jupiter,2,Sun,Sagittarius,Nhân Mã,"25°48'47.46""",Purva Ashadha,Venus,4,7th House,7,180,179.9181,0.0819,Weak
2026-01-10 14:00:00,Parashara_Drishti,Jupiter,Gemini,Song Tử,"25°53'42.46""",Punarvasu,Jupiter,2,Venus,Sagittarius,Nhân Mã,"26°40'25.64""",Uttara Ashadha,Sun,1,7th House,7,180,180.7787,0.7787,Weak
2026-01-10 14:00:00,Parashara_Drishti,Jupiter,Gemini,Song Tử,"25°53'42.46""",Punarvasu,Jupiter,2,Mars,Sagittarius,Nhân Mã,"25°36'52.37""",Purva Ashadha,Venus,4,7th House,7,180,179.7194,0.2806,Weak
2026-01-10 14:15:00,Parashara_Drishti,Sun,Sagittarius,Nhân Mã,"25°49'25.67""",Purva Ashadha,Venus,4,Jupiter,Gemini,Song Tử,"25°53'37.40""",Punarvasu,Jupiter,2,7th House,7,180,180.0699,0.0699,Standard
2026-01-10 14:15:00,Parashara_Drishti,Venus,Sagittarius,Nhân Mã,"26°41'12.81""",Uttara Ashadha,Sun,1,Jupiter,Gemini,Song Tử,"25°53'37.40""",Punarvasu,Jupiter,2,7th House,7,180,179.2068,0.7932,Standard
2026-01-10 14:15:00,Parashara_Drishti,Mars,Sagittarius,Nhân Mã,"25°37'21.33""",Purva Ashadha,Venus,4,Jupiter,Gemini,Song Tử,"25°53'37.40""",Punarvasu,Jupiter,2,7th House,7,180,180.2711,0.2711,Weak
2026-01-10 14:15:00,Parashara_Drishti,Jupiter,Gemini,Song Tử,"25°53'37.40""",Punarvasu,Jupiter,2,Sun,Sagittarius,Nhân Mã,"25°49'25.67""",Purva Ashadha,Venus,4,7th House,7,180,179.9301,0.0699,Weak
2026-01-10 14:15:00,Parashara_Drishti,Jupiter,Gemini,Song Tử,"25°53'37.40""",Punarvasu,Jupiter,2,Venus,Sagittarius,Nhân Mã,"26°41'12.81""",Uttara Ashadha,Sun,1,7th House,7,180,180.7932,0.7932,Weak
2026-01-10 14:15:00,Parashara_Drishti,Jupiter,Gemini,Song Tử,"25°53'37.40""",Punarvasu,Jupiter,2,Mars,Sagittarius,Nhân Mã,"25°37'21.33""",Purva Ashadha,Venus,4,7th House,7,180,179.7289,0.2711,Weak
2026-01-10 14:30:00,Parashara_Drishti,Sun,Sagittarius,Nhân Mã,"25°50'03.88""",Purva Ashadha,Venus,4,Jupiter,Gemini,Song Tử,"25°53'32.33""",Punarvasu,Jupiter,2,7th House,7,180,180.0579,0.0579,Standard
2026-01-10 14:30:00,Parashara_Drishti,Venus,Sagittarius,Nhân Mã,"26°41'59.98""",Uttara Ashadha,Sun,1,Jupiter,Gemini,Song Tử,"25°53'32.33""",Punarvasu,Jupiter,2,7th House,7,180,179.1923,0.8077,Standard
2026-01-10 14:30:00,Parashara_Drishti,Mars,Sagittarius,Nhân Mã,"25°37'50.29""",Purva Ashadha,Venus,4,Jupiter,Gemini,Song Tử,"25°53'32.33""",Punarvasu,Jupiter,2,7th House,7,180,180.2617,0.2617,Weak
2026-01-10 14:30:00,Parashara_Drishti,Jupiter,Gemini,Song Tử,"25°53'32.33""",Punarvasu,Jupiter,2,Sun,Sagittarius,Nhân Mã,"25°50'03.88""",Purva Ashadha,Venus,4,7th House,7,180,179.9421,0.0579,Weak
2026-01-10 14:30:00,Parashara_Drishti,Jupiter,Gemini,Song Tử,"25°53'32.33""",Punarvasu,Jupiter,2,Venus,Sagittarius,Nhân Mã,"26°41'59.98""",Uttara Ashadha,Sun,1,7th House,7,180,180.8077,0.8077,Weak
2026-01-10 14:30:00,Parashara_Drishti,Jupiter,Gemini,Song Tử,"25°53'32.33""",Punarvasu,Jupiter,2,Mars,Sagittarius,Nhân Mã,"25°37'50.29""",Purva Ashadha,Venus,4,7th House,7,180,179.7383,0.2617,Weak
2026-01-10 14:45:00,Parashara_Drishti,Sun,Sagittarius,Nhân Mã,"25°50'42.09""",Purva Ashadha,Venus,4,Jupiter,Gemini,Song Tử,"25°53'27.27""",Punarvasu,Jupiter,2,7th House,7,180,180.0459,0.0459,Standard
2026-01-10 14:45:00,Parashara_Drishti,Venus,Sagittarius,Nhân Mã,"26°42'47.15""",Uttara Ashadha,Sun,1,Jupiter,Gemini,Song Tử,"25°53'27.27""",Punarvasu,Jupiter,2,7th House,7,180,179.1778,0.8222,Standard
2026-01-10 14:45:00,Parashara_Drishti,Mars,Sagittarius,Nhân Mã,"25°38'19.25""",Purva Ashadha,Venus,4,Jupiter,Gemini,Song Tử,"25°53'27.27""",Punarvasu,Jupiter,2,7th House,7,180,180.2522,0.2522,Weak
2026-01-10 14:45:00,Parashara_Drishti,Jupiter,Gemini,Song Tử,"25°53'27.27""",Punarvasu,Jupiter,2,Sun,Sagittarius,Nhân Mã,"25°50'42.09""",Purva Ashadha,Venus,4,7th House,7,180,179.9541,0.0459,Weak
2026-01-10 14:45:00,Parashara_Drishti,Jupiter,Gemini,Song Tử,"25°53'27.27""",Punarvasu,Jupiter,2,Venus,Sagittarius,Nhân Mã,"26°42'47.15""",Uttara Ashadha,Sun,1,7th House,7,180,180.8222,0.8222,Weak
2026-01-10 14:45:00,Parashara_Drishti,Jupiter,Gemini,Song Tử,"25°53'27.27""",Punarvasu,Jupiter,2,Mars,Sagittarius,Nhân Mã,"25°38'19.25""",Purva Ashadha,Venus,4,7th House,7,180,179.7478,0.2522,Weak
2026-01-10 15:00:00,Parashara_Drishti,Sun,Sagittarius,Nhân Mã,"25°51'20.30""",Purva Ashadha,Venus,4,Jupiter,Gemini,Song Tử,"25°53'22.21""",Punarvasu,Jupiter,2,7th House,7,180,180.0339,0.0339,Standard
2026-01-10 15:00:00,Parashara_Drishti,Venus,Sagittarius,Nhân Mã,"26°43'34.32""",Uttara Ashadha,Sun,1,Jupiter,Gemini,Song Tử,"25°53'22.21""",Punarvasu,Jupiter,2,7th House,7,180,179.1633,0.8367,Standard
2026-01-10 15:00:00,Parashara_Drishti,Mars,Sagittarius,Nhân Mã,"25°38'48.22""",Purva Ashadha,Venus,4,Jupiter,Gemini,Song Tử,"25°53'22.21""",Punarvasu,Jupiter,2,7th House,7,180,180.2428,0.2428,Weak
2026-01-10 15:00:00,Parashara_Drishti,Jupiter,Gemini,Song Tử,"25°53'22.21""",Punarvasu,Jupiter,2,Sun,Sagittarius,Nhân Mã,"25°51'20.30""",Purva Ashadha,Venus,4,7th House,7,180,179.9661,0.0339,Weak
2026-01-10 15:00:00,Parashara_Drishti,Jupiter,Gemini,Song Tử,"25°53'22.21""",Punarvasu,Jupiter,2,Venus,Sagittarius,Nhân Mã,"26°43'34.32""",Uttara Ashadha,Sun,1,7th House,7,180,180.8367,0.8367,Weak
2026-01-10 15:00:00,Parashara_Drishti,Jupiter,Gemini,Song Tử,"25°53'22.21""",Punarvasu,Jupiter,2,Mars,Sagittarius,Nhân Mã,"25°38'48.22""",Purva Ashadha,Venus,4,7th House,7,180,179.7572,0.2428,Weak
2026-01-10 15:15:00,Parashara_Drishti,Sun,Sagittarius,Nhân Mã,"25°51'58.51""",Purva Ashadha,Venus,4,Jupiter,Gemini,Song Tử,"25°53'17.14""",Punarvasu,Jupiter,2,7th House,7,180,180.0218,0.0218,Standard
2026-01-10 15:15:00,Parashara_Drishti,Venus,Sagittarius,Nhân Mã,"26°44'21.49""",Uttara Ashadha,Sun,1,Jupiter,Gemini,Song Tử,"25°53'17.14""",Punarvasu,Jupiter,2,7th House,7,180,179.1488,0.8512,Standard
2026-01-10 15:15:00,Parashara_Drishti,Mars,Sagittarius,Nhân Mã,"25°39'17.18""",Purva Ashadha,Venus,4,Jupiter,Gemini,Song Tử,"25°53'17.14""",Punarvasu,Jupiter,2,7th House,7,180,180.2333,0.2333,Weak
2026-01-10 15:15:00,Parashara_Drishti,Jupiter,Gemini,Song Tử,"25°53'17.14""",Punarvasu,Jupiter,2,Sun,Sagittarius,Nhân Mã,"25°51'58.51""",Purva Ashadha,Venus,4,7th House,7,180,179.9782,0.0218,Weak
2026-01-10 15:15:00,Parashara_Drishti,Jupiter,Gemini,Song Tử,"25°53'17.14""",Punarvasu,Jupiter,2,Venus,Sagittarius,Nhân Mã,"26°44'21.49""",Uttara Ashadha,Sun,1,7th House,7,180,180.8512,0.8512,Weak
2026-01-10 15:15:00,Parashara_Drishti,Jupiter,Gemini,Song Tử,"25°53'17.14""",Punarvasu,Jupiter,2,Mars,Sagittarius,Nhân Mã,"25°39'17.18""",Purva Ashadha,Venus,4,7th House,7,180,179.7667,0.2333,Weak
2026-01-10 15:30:00,Parashara_Drishti,Sun,Sagittarius,Nhân Mã,"25°52'36.72""",Purva Ashadha,Venus,4,Jupiter,Gemini,Song Tử,"25°53'12.08""",Punarvasu,Jupiter,2,7th House,7,180,180.0098,0.0098,Standard
2026-01-10 15:30:00,Parashara_Drishti,Venus,Sagittarius,Nhân Mã,"26°45'08.66""",Uttara Ashadha,Sun,1,Jupiter,Gemini,Song Tử,"25°53'12.08""",Punarvasu,Jupiter,2,7th House,7,180,179.1343,0.8657,Standard
2026-01-10 15:30:00,Parashara_Drishti,Mars,Sagittarius,Nhân Mã,"25°39'46.14""",Purva Ashadha,Venus,4,Jupiter,Gemini,Song Tử,"25°53'12.08""",Punarvasu,Jupiter,2,7th House,7,180,180.2239,0.2239,Weak
2026-01-10 15:30:00,Parashara_Drishti,Jupiter,Gemini,Song Tử,"25°53'12.08""",Punarvasu,Jupiter,2,Sun,Sagittarius,Nhân Mã,"25°52'36.72""",Purva Ashadha,Venus,4,7th House,7,180,179.9902,0.0098,Weak
2026-01-10 15:30:00,Parashara_Drishti,Jupiter,Gemini,Song Tử,"25°53'12.08""",Punarvasu,Jupiter,2,Venus,Sagittarius,Nhân Mã,"26°45'08.66""",Uttara Ashadha,Sun,1,7th House,7,180,180.8657,0.8657,Weak
2026-01-10 15:30:00,Parashara_Drishti,Jupiter,Gemini,Song Tử,"25°53'12.08""",Punarvasu,Jupiter,2,Mars,Sagittarius,Nhân Mã,"25°39'46.14""",Purva Ashadha,Venus,4,7th House,7,180,179.7761,0.2239,Weak
2026-01-10 15:45:00,Parashara_Drishti,Sun,Sagittarius,Nhân Mã,"25°53'14.92""",Purva Ashadha,Venus,4,Jupiter,Gemini,Song Tử,"25°53'07.02""",Punarvasu,Jupiter,2,7th House,7,180,179.9978,0.0022,Standard
2026-01-10 15:45:00,Parashara_Drishti,Venus,Sagittarius,Nhân Mã,"26°45'55.82""",Uttara Ashadha,Sun,1,Jupiter,Gemini,Song Tử,"25°53'07.02""",Punarvasu,Jupiter,2,7th House,7,180,179.1198,0.8802,Standard
2026-01-10 15:45:00,Parashara_Drishti,Mars,Sagittarius,Nhân Mã,"25°40'15.10""",Purva Ashadha,Venus,4,Jupiter,Gemini,Song Tử,"25°53'07.02""",Punarvasu,Jupiter,2,7th House,7,180,180.2144,0.2144,Weak
2026-01-10 15:45:00,Parashara_Drishti,Jupiter,Gemini,Song Tử,"25°53'07.02""",Punarvasu,Jupiter,2,Sun,Sagittarius,Nhân Mã,"25°53'14.92""",Purva Ashadha,Venus,4,7th House,7,180,180.0022,0.0022,Weak
2026-01-10 15:45:00,Parashara_Drishti,Jupiter,Gemini,Song Tử,"25°53'07.02""",Punarvasu,Jupiter,2,Venus,Sagittarius,Nhân Mã,"26°45'55.82""",Uttara Ashadha,Sun,1,7th House,7,180,180.8802,0.8802,Weak
2026-01-10 15:45:00,Parashara_Drishti,Jupiter,Gemini,Song Tử,"25°53'07.02""",Punarvasu,Jupiter,2,Mars,Sagittarius,Nhân Mã,"25°40'15.10""",Purva Ashadha,Venus,4,7th House,7,180,179.7856,0.2144,Weak
2026-01-10 16:00:00,Parashara_Drishti,Sun,Sagittarius,Nhân Mã,"25°53'53.13""",Purva Ashadha,Venus,4,Jupiter,Gemini,Song Tử,"25°53'01.95""",Punarvasu,Jupiter,2,7th House,7,180,179.9858,0.0142,Standard
2026-01-10 16:00:00,Parashara_Drishti,Venus,Sagittarius,Nhân Mã,"26°46'42.99""",Uttara Ashadha,Sun,1,Jupiter,Gemini,Song Tử,"25°53'01.95""",Punarvasu,Jupiter,2,7th House,7,180,179.1053,0.8947,Standard
2026-01-10 16:00:00,Parashara_Drishti,Mars,Sagittarius,Nhân Mã,"25°40'44.07""",Purva Ashadha,Venus,4,Jupiter,Gemini,Song Tử,"25°53'01.95""",Punarvasu,Jupiter,2,7th House,7,180,180.205,0.205,Weak
2026-01-10 16:00:00,Parashara_Drishti,Jupiter,Gemini,Song Tử,"25°53'01.95""",Punarvasu,Jupiter,2,Sun,Sagittarius,Nhân Mã,"25°53'53.13""",Purva Ashadha,Venus,4,7th House,7,180,180.0142,0.0142,Weak
2026-01-10 16:00:00,Parashara_Drishti,Jupiter,Gemini,Song Tử,"25°53'01.95""",Punarvasu,Jupiter,2,Venus,Sagittarius,Nhân Mã,"26°46'42.99""",Uttara Ashadha,Sun,1,7th House,7,180,180.8947,0.8947,Weak
2026-01-10 16:00:00,Parashara_Drishti,Jupiter,Gemini,Song Tử,"25°53'01.95""",Punarvasu,Jupiter,2,Mars,Sagittarius,Nhân Mã,"25°40'44.07""",Purva Ashadha,Venus,4,7th House,7,180,179.795,0.205,Weak
2026-01-10 16:15:00,Parashara_Drishti,Sun,Sagittarius,Nhân Mã,"25°54'31.34""",Purva Ashadha,Venus,4,Jupiter,Gemini,Song Tử,"25°52'56.89""",Punarvasu,Jupiter,2,7th House,7,180,179.9738,0.0262,Standard
2026-01-10 16:15:00,Parashara_Drishti,Venus,Sagittarius,Nhân Mã,"26°47'30.16""",Uttara Ashadha,Sun,1,Jupiter,Gemini,Song Tử,"25°52'56.89""",Punarvasu,Jupiter,2,7th House,7,180,179.0908,0.9092,Standard
2026-01-10 16:15:00,Parashara_Drishti,Mars,Sagittarius,Nhân Mã,"25°41'13.03""",Purva Ashadha,Venus,4,Jupiter,Gemini,Song Tử,"25°52'56.89""",Punarvasu,Jupiter,2,7th House,7,180,180.1955,0.1955,Weak
2026-01-10 16:15:00,Parashara_Drishti,Jupiter,Gemini,Song Tử,"25°52'56.89""",Punarvasu,Jupiter,2,Sun,Sagittarius,Nhân Mã,"25°54'31.34""",Purva Ashadha,Venus,4,7th House,7,180,180.0262,0.0262,Weak
2026-01-10 16:15:00,Parashara_Drishti,Jupiter,Gemini,Song Tử,"25°52'56.89""",Punarvasu,Jupiter,2,Venus,Sagittarius,Nhân Mã,"26°47'30.16""",Uttara Ashadha,Sun,1,7th House,7,180,180.9092,0.9092,Weak
2026-01-10 16:15:00,Parashara_Drishti,Jupiter,Gemini,Song Tử,"25°52'56.89""",Punarvasu,Jupiter,2,Mars,Sagittarius,Nhân Mã,"25°41'13.03""",Purva Ashadha,Venus,4,7th House,7,180,179.8045,0.1955,Weak
2026-01-10 16:30:00,Parashara_Drishti,Sun,Sagittarius,Nhân Mã,"25°55'09.55""",Purva Ashadha,Venus,4,Jupiter,Gemini,Song Tử,"25°52'51.83""",Punarvasu,Jupiter,2,7th House,7,180,179.9617,0.0383,Standard
2026-01-10 16:30:00,Parashara_Drishti,Venus,Sagittarius,Nhân Mã,"26°48'17.33""",Uttara Ashadha,Sun,1,Jupiter,Gemini,Song Tử,"25°52'51.83""",Punarvasu,Jupiter,2,7th House,7,180,179.0762,0.9238,Standard
2026-01-10 16:30:00,Parashara_Drishti,Mars,Sagittarius,Nhân Mã,"25°41'42.00""",Purva Ashadha,Venus,4,Jupiter,Gemini,Song Tử,"25°52'51.83""",Punarvasu,Jupiter,2,7th House,7,180,180.1861,0.1861,Weak
2026-01-10 16:30:00,Parashara_Drishti,Jupiter,Gemini,Song Tử,"25°52'51.83""",Punarvasu,Jupiter,2,Sun,Sagittarius,Nhân Mã,"25°55'09.55""",Purva Ashadha,Venus,4,7th House,7,180,180.0383,0.0383,Weak
2026-01-10 16:30:00,Parashara_Drishti,Jupiter,Gemini,Song Tử,"25°52'51.83""",Punarvasu,Jupiter,2,Venus,Sagittarius,Nhân Mã,"26°48'17.33""",Uttara Ashadha,Sun,1,7th House,7,180,180.9238,0.9238,Weak
2026-01-10 16:30:00,Parashara_Drishti,Jupiter,Gemini,Song Tử,"25°52'51.83""",Punarvasu,Jupiter,2,Mars,Sagittarius,Nhân Mã,"25°41'42.00""",Purva Ashadha,Venus,4,7th House,7,180,179.8139,0.1861,Weak
2026-01-10 16:45:00,Parashara_Drishti,Sun,Sagittarius,Nhân Mã,"25°55'47.76""",Purva Ashadha,Venus,4,Jupiter,Gemini,Song Tử,"25°52'46.76""",Punarvasu,Jupiter,2,7th House,7,180,179.9497,0.0503,Standard
2026-01-10 16:45:00,Parashara_Drishti,Venus,Sagittarius,Nhân Mã,"26°49'04.50""",Uttara Ashadha,Sun,1,Jupiter,Gemini,Song Tử,"25°52'46.76""",Punarvasu,Jupiter,2,7th House,7,180,179.0617,0.9383,Standard
2026-01-10 16:45:00,Parashara_Drishti,Mars,Sagittarius,Nhân Mã,"25°42'10.96""",Purva Ashadha,Venus,4,Jupiter,Gemini,Song Tử,"25°52'46.76""",Punarvasu,Jupiter,2,7th House,7,180,180.1766,0.1766,Weak
2026-01-10 16:45:00,Parashara_Drishti,Jupiter,Gemini,Song Tử,"25°52'46.76""",Punarvasu,Jupiter,2,Sun,Sagittarius,Nhân Mã,"25°55'47.76""",Purva Ashadha,Venus,4,7th House,7,180,180.0503,0.0503,Weak
2026-01-10 16:45:00,Parashara_Drishti,Jupiter,Gemini,Song Tử,"25°52'46.76""",Punarvasu,Jupiter,2,Venus,Sagittarius,Nhân Mã,"26°49'04.50""",Uttara Ashadha,Sun,1,7th House,7,180,180.9383,0.9383,Weak
2026-01-10 16:45:00,Parashara_Drishti,Jupiter,Gemini,Song Tử,"25°52'46.76""",Punarvasu,Jupiter,2,Mars,Sagittarius,Nhân Mã,"25°42'10.96""",Purva Ashadha,Venus,4,7th House,7,180,179.8234,0.1766,Weak
2026-01-10 17:00:00,Parashara_Drishti,Sun,Sagittarius,Nhân Mã,"25°56'25.97""",Purva Ashadha,Venus,4,Jupiter,Gemini,Song Tử,"25°52'41.70""",Punarvasu,Jupiter,2,7th House,7,180,179.9377,0.0623,Standard
2026-01-10 17:00:00,Parashara_Drishti,Venus,Sagittarius,Nhân Mã,"26°49'51.67""",Uttara Ashadha,Sun,1,Jupiter,Gemini,Song Tử,"25°52'41.70""",Punarvasu,Jupiter,2,7th House,7,180,179.0472,0.9528,Standard
2026-01-10 17:00:00,Parashara_Drishti,Mars,Sagittarius,Nhân Mã,"25°42'39.92""",Purva Ashadha,Venus,4,Jupiter,Gemini,Song Tử,"25°52'41.70""",Punarvasu,Jupiter,2,7th House,7,180,180.1672,0.1672,Weak
2026-01-10 17:00:00,Parashara_Drishti,Jupiter,Gemini,Song Tử,"25°52'41.70""",Punarvasu,Jupiter,2,Sun,Sagittarius,Nhân Mã,"25°56'25.97""",Purva Ashadha,Venus,4,7th House,7,180,180.0623,0.0623,Weak
2026-01-10 17:00:00,Parashara_Drishti,Jupiter,Gemini,Song Tử,"25°52'41.70""",Punarvasu,Jupiter,2,Venus,Sagittarius,Nhân Mã,"26°49'51.67""",Uttara Ashadha,Sun,1,7th House,7,180,180.9528,0.9528,Weak
2026-01-10 17:00:00,Parashara_Drishti,Jupiter,Gemini,Song Tử,"25°52'41.70""",Punarvasu,Jupiter,2,Mars,Sagittarius,Nhân Mã,"25°42'39.92""",Purva Ashadha,Venus,4,7th House,7,180,179.8328,0.1672,Weak
2026-01-10 17:15:00,Parashara_Drishti,Sun,Sagittarius,Nhân Mã,"25°57'04.18""",Purva Ashadha,Venus,4,Jupiter,Gemini,Song Tử,"25°52'36.64""",Punarvasu,Jupiter,2,7th House,7,180,179.9257,0.0743,Standard
2026-01-10 17:15:00,Parashara_Drishti,Venus,Sagittarius,Nhân Mã,"26°50'38.84""",Uttara Ashadha,Sun,1,Jupiter,Gemini,Song Tử,"25°52'36.64""",Punarvasu,Jupiter,2,7th House,7,180,179.0327,0.9673,Standard
2026-01-10 17:15:00,Parashara_Drishti,Mars,Sagittarius,Nhân Mã,"25°43'08.89""",Purva Ashadha,Venus,4,Jupiter,Gemini,Song Tử,"25°52'36.64""",Punarvasu,Jupiter,2,7th House,7,180,180.1577,0.1577,Weak
2026-01-10 17:15:00,Parashara_Drishti,Jupiter,Gemini,Song Tử,"25°52'36.64""",Punarvasu,Jupiter,2,Sun,Sagittarius,Nhân Mã,"25°57'04.18""",Purva Ashadha,Venus,4,7th House,7,180,180.0743,0.0743,Weak
2026-01-10 17:15:00,Parashara_Drishti,Jupiter,Gemini,Song Tử,"25°52'36.64""",Punarvasu,Jupiter,2,Venus,Sagittarius,Nhân Mã,"26°50'38.84""",Uttara Ashadha,Sun,1,7th House,7,180,180.9673,0.9673,Weak
2026-01-10 17:15:00,Parashara_Drishti,Jupiter,Gemini,Song Tử,"25°52'36.64""",Punarvasu,Jupiter,2,Mars,Sagittarius,Nhân Mã,"25°43'08.89""",Purva Ashadha,Venus,4,7th House,7,180,179.8423,0.1577,Weak
2026-01-10 17:30:00,Parashara_Drishti,Sun,Sagittarius,Nhân Mã,"25°57'42.38""",Purva Ashadha,Venus,4,Jupiter,Gemini,Song Tử,"25°52'31.57""",Punarvasu,Jupiter,2,7th House,7,180,179.9137,0.0863,Standard
2026-01-10 17:30:00,Parashara_Drishti,Venus,Sagittarius,Nhân Mã,"26°51'26.01""",Uttara Ashadha,Sun,1,Jupiter,Gemini,Song Tử,"25°52'31.57""",Punarvasu,Jupiter,2,7th House,7,180,179.0182,0.9818,Standard
2026-01-10 17:30:00,Parashara_Drishti,Mars,Sagittarius,Nhân Mã,"25°43'37.85""",Purva Ashadha,Venus,4,Jupiter,Gemini,Song Tử,"25°52'31.57""",Punarvasu,Jupiter,2,7th House,7,180,180.1483,0.1483,Weak
2026-01-10 17:30:00,Parashara_Drishti,Jupiter,Gemini,Song Tử,"25°52'31.57""",Punarvasu,Jupiter,2,Sun,Sagittarius,Nhân Mã,"25°57'42.38""",Purva Ashadha,Venus,4,7th House,7,180,180.0863,0.0863,Weak
2026-01-10 17:30:00,Parashara_Drishti,Jupiter,Gemini,Song Tử,"25°52'31.57""",Punarvasu,Jupiter,2,Venus,Sagittarius,Nhân Mã,"26°51'26.01""",Uttara Ashadha,Sun,1,7th House,7,180,180.9818,0.9818,Weak
2026-01-10 17:30:00,Parashara_Drishti,Jupiter,Gemini,Song Tử,"25°52'31.57""",Punarvasu,Jupiter,2,Mars,Sagittarius,Nhân Mã,"25°43'37.85""",Purva Ashadha,Venus,4,7th House,7,180,179.8517,0.1483,Weak
2026-01-10 17:45:00,Parashara_Drishti,Sun,Sagittarius,Nhân Mã,"25°58'20.59""",Purva Ashadha,Venus,4,Jupiter,Gemini,Song Tử,"25°52'26.51""",Punarvasu,Jupiter,2,7th House,7,180,179.9016,0.0984,Standard
2026-01-10 17:45:00,Parashara_Drishti,Venus,Sagittarius,Nhân Mã,"26°52'13.18""",Uttara Ashadha,Sun,1,Jupiter,Gemini,Song Tử,"25°52'26.51""",Punarvasu,Jupiter,2,7th House,7,180,179.0037,0.9963,Standard
2026-01-10 17:45:00,Parashara_Drishti,Mars,Sagittarius,Nhân Mã,"25°44'06.82""",Purva Ashadha,Venus,4,Jupiter,Gemini,Song Tử,"25°52'26.51""",Punarvasu,Jupiter,2,7th House,7,180,180.1388,0.1388,Weak
2026-01-10 17:45:00,Parashara_Drishti,Jupiter,Gemini,Song Tử,"25°52'26.51""",Punarvasu,Jupiter,2,Sun,Sagittarius,Nhân Mã,"25°58'20.59""",Purva Ashadha,Venus,4,7th House,7,180,180.0984,0.0984,Weak
2026-01-10 17:45:00,Parashara_Drishti,Jupiter,Gemini,Song Tử,"25°52'26.51""",Punarvasu,Jupiter,2,Venus,Sagittarius,Nhân Mã,"26°52'13.18""",Uttara Ashadha,Sun,1,7th House,7,180,180.9963,0.9963,Weak
2026-01-10 17:45:00,Parashara_Drishti,Jupiter,Gemini,Song Tử,"25°52'26.51""",Punarvasu,Jupiter,2,Mars,Sagittarius,Nhân Mã,"25°44'06.82""",Purva Ashadha,Venus,4,7th House,7,180,179.8612,0.1388,Weak
2026-01-10 18:00:00,Parashara_Drishti,Sun,Sagittarius,Nhân Mã,"25°58'58.80""",Purva Ashadha,Venus,4,Jupiter,Gemini,Song Tử,"25°52'21.45""",Punarvasu,Jupiter,2,7th House,7,180,179.8896,0.1104,Standard
2026-01-10 18:00:00,Parashara_Drishti,Mars,Sagittarius,Nhân Mã,"25°44'35.78""",Purva Ashadha,Venus,4,Jupiter,Gemini,Song Tử,"25°52'21.45""",Punarvasu,Jupiter,2,7th House,7,180,180.1294,0.1294,Weak
2026-01-10 18:00:00,Parashara_Drishti,Jupiter,Gemini,Song Tử,"25°52'21.45""",Punarvasu,Jupiter,2,Sun,Sagittarius,Nhân Mã,"25°58'58.80""",Purva Ashadha,Venus,4,7th House,7,180,180.1104,0.1104,Weak
2026-01-10 18:00:00,Parashara_Drishti,Jupiter,Gemini,Song Tử,"25°52'21.45""",Punarvasu,Jupiter,2,Mars,Sagittarius,Nhân Mã,"25°44'35.78""",Purva Ashadha,Venus,4,7th House,7,180,179.8706,0.1294,Weak
2026-01-10 18:15:00,Parashara_Drishti,Sun,Sagittarius,Nhân Mã,"25°59'37.01""",Purva Ashadha,Venus,4,Jupiter,Gemini,Song Tử,"25°52'16.38""",Punarvasu,Jupiter,2,7th House,7,180,179.8776,0.1224,Standard
2026-01-10 18:15:00,Parashara_Drishti,Mars,Sagittarius,Nhân Mã,"25°45'04.75""",Purva Ashadha,Venus,4,Jupiter,Gemini,Song Tử,"25°52'16.38""",Punarvasu,Jupiter,2,7th House,7,180,180.1199,0.1199,Weak
2026-01-10 18:15:00,Parashara_Drishti,Jupiter,Gemini,Song Tử,"25°52'16.38""",Punarvasu,Jupiter,2,Sun,Sagittarius,Nhân Mã,"25°59'37.01""",Purva Ashadha,Venus,4,7th House,7,180,180.1224,0.1224,Weak
2026-01-10 18:15:00,Parashara_Drishti,Jupiter,Gemini,Song Tử,"25°52'16.38""",Punarvasu,Jupiter,2,Mars,Sagittarius,Nhân Mã,"25°45'04.75""",Purva Ashadha,Venus,4,7th House,7,180,179.8801,0.1199,Weak
2026-01-10 18:30:00,Parashara_Drishti,Sun,Sagittarius,Nhân Mã,"26°00'15.22""",Purva Ashadha,Venus,4,Jupiter,Gemini,Song Tử,"25°52'11.32""",Punarvasu,Jupiter,2,7th House,7,180,179.8656,0.1344,Standard
2026-01-10 18:30:00,Parashara_Drishti,Mars,Sagittarius,Nhân Mã,"25°45'33.72""",Purva Ashadha,Venus,4,Jupiter,Gemini,Song Tử,"25°52'11.32""",Punarvasu,Jupiter,2,7th House,7,180,180.1104,0.1104,Weak
2026-01-10 18:30:00,Parashara_Drishti,Jupiter,Gemini,Song Tử,"25°52'11.32""",Punarvasu,Jupiter,2,Sun,Sagittarius,Nhân Mã,"26°00'15.22""",Purva Ashadha,Venus,4,7th House,7,180,180.1344,0.1344,Weak
2026-01-10 18:30:00,Parashara_Drishti,Jupiter,Gemini,Song Tử,"25°52'11.32""",Punarvasu,Jupiter,2,Mars,Sagittarius,Nhân Mã,"25°45'33.72""",Purva Ashadha,Venus,4,7th House,7,180,179.8896,0.1104,Weak
2026-01-10 18:45:00,Parashara_Drishti,Sun,Sagittarius,Nhân Mã,"26°00'53.43""",Purva Ashadha,Venus,4,Jupiter,Gemini,Song Tử,"25°52'06.26""",Punarvasu,Jupiter,2,7th House,7,180,179.8536,0.1464,Standard
2026-01-10 18:45:00,Parashara_Drishti,Mars,Sagittarius,Nhân Mã,"25°46'02.68""",Purva Ashadha,Venus,4,Jupiter,Gemini,Song Tử,"25°52'06.26""",Punarvasu,Jupiter,2,7th House,7,180,180.101,0.101,Weak
2026-01-10 18:45:00,Parashara_Drishti,Jupiter,Gemini,Song Tử,"25°52'06.26""",Punarvasu,Jupiter,2,Sun,Sagittarius,Nhân Mã,"26°00'53.43""",Purva Ashadha,Venus,4,7th House,7,180,180.1464,0.1464,Weak
2026-01-10 18:45:00,Parashara_Drishti,Jupiter,Gemini,Song Tử,"25°52'06.26""",Punarvasu,Jupiter,2,Mars,Sagittarius,Nhân Mã,"25°46'02.68""",Purva Ashadha,Venus,4,7th House,7,180,179.899,0.101,Weak
2026-01-10 19:00:00,Parashara_Drishti,Sun,Sagittarius,Nhân Mã,"26°01'31.64""",Purva Ashadha,Venus,4,Jupiter,Gemini,Song Tử,"25°52'01.20""",Punarvasu,Jupiter,2,7th House,7,180,179.8415,0.1585,Standard
2026-01-10 19:00:00,Parashara_Drishti,Mars,Sagittarius,Nhân Mã,"25°46'31.65""",Purva Ashadha,Venus,4,Jupiter,Gemini,Song Tử,"25°52'01.20""",Punarvasu,Jupiter,2,7th House,7,180,180.0915,0.0915,Weak
2026-01-10 19:00:00,Parashara_Drishti,Jupiter,Gemini,Song Tử,"25°52'01.20""",Punarvasu,Jupiter,2,Sun,Sagittarius,Nhân Mã,"26°01'31.64""",Purva Ashadha,Venus,4,7th House,7,180,180.1585,0.1585,Weak
2026-01-10 19:00:00,Parashara_Drishti,Jupiter,Gemini,Song Tử,"25°52'01.20""",Punarvasu,Jupiter,2,Mars,Sagittarius,Nhân Mã,"25°46'31.65""",Purva Ashadha,Venus,4,7th House,7,180,179.9085,0.0915,Weak
2026-01-10 19:15:00,Parashara_Drishti,Sun,Sagittarius,Nhân Mã,"26°02'09.84""",Purva Ashadha,Venus,4,Jupiter,Gemini,Song Tử,"25°51'56.13""",Punarvasu,Jupiter,2,7th House,7,180,179.8295,0.1705,Standard
2026-01-10 19:15:00,Parashara_Drishti,Mars,Sagittarius,Nhân Mã,"25°47'00.62""",Purva Ashadha,Venus,4,Jupiter,Gemini,Song Tử,"25°51'56.13""",Punarvasu,Jupiter,2,7th House,7,180,180.0821,0.0821,Weak
2026-01-10 19:15:00,Parashara_Drishti,Jupiter,Gemini,Song Tử,"25°51'56.13""",Punarvasu,Jupiter,2,Sun,Sagittarius,Nhân Mã,"26°02'09.84""",Purva Ashadha,Venus,4,7th House,7,180,180.1705,0.1705,Weak
2026-01-10 19:15:00,Parashara_Drishti,Jupiter,Gemini,Song Tử,"25°51'56.13""",Punarvasu,Jupiter,2,Mars,Sagittarius,Nhân Mã,"25°47'00.62""",Purva Ashadha,Venus,4,7th House,7,180,179.9179,0.0821,Weak
2026-01-10 19:30:00,Parashara_Drishti,Sun,Sagittarius,Nhân Mã,"26°02'48.05""",Purva Ashadha,Venus,4,Jupiter,Gemini,Song Tử,"25°51'51.07""",Punarvasu,Jupiter,2,7th House,7,180,179.8175,0.1825,Standard
2026-01-10 19:30:00,Parashara_Drishti,Mars,Sagittarius,Nhân Mã,"25°47'29.58""",Purva Ashadha,Venus,4,Jupiter,Gemini,Song Tử,"25°51'51.07""",Punarvasu,Jupiter,2,7th House,7,180,180.0726,0.0726,Weak
2026-01-10 19:30:00,Parashara_Drishti,Jupiter,Gemini,Song Tử,"25°51'51.07""",Punarvasu,Jupiter,2,Sun,Sagittarius,Nhân Mã,"26°02'48.05""",Purva Ashadha,Venus,4,7th House,7,180,180.1825,0.1825,Weak
2026-01-10 19:30:00,Parashara_Drishti,Jupiter,Gemini,Song Tử,"25°51'51.07""",Punarvasu,Jupiter,2,Mars,Sagittarius,Nhân Mã,"25°47'29.58""",Purva Ashadha,Venus,4,7th House,7,180,179.9274,0.0726,Weak
2026-01-10 19:45:00,Parashara_Drishti,Sun,Sagittarius,Nhân Mã,"26°03'26.26""",Purva Ashadha,Venus,4,Jupiter,Gemini,Song Tử,"25°51'46.01""",Punarvasu,Jupiter,2,7th House,7,180,179.8055,0.1945,Standard
2026-01-10 19:45:00,Parashara_Drishti,Mars,Sagittarius,Nhân Mã,"25°47'58.55""",Purva Ashadha,Venus,4,Jupiter,Gemini,Song Tử,"25°51'46.01""",Punarvasu,Jupiter,2,7th House,7,180,180.0632,0.0632,Weak
2026-01-10 19:45:00,Parashara_Drishti,Jupiter,Gemini,Song Tử,"25°51'46.01""",Punarvasu,Jupiter,2,Sun,Sagittarius,Nhân Mã,"26°03'26.26""",Purva Ashadha,Venus,4,7th House,7,180,180.1945,0.1945,Weak
2026-01-10 19:45:00,Parashara_Drishti,Jupiter,Gemini,Song Tử,"25°51'46.01""",Punarvasu,Jupiter,2,Mars,Sagittarius,Nhân Mã,"25°47'58.55""",Purva Ashadha,Venus,4,7th House,7,180,179.9368,0.0632,Weak
2026-01-10 20:00:00,Parashara_Drishti,Sun,Sagittarius,Nhân Mã,"26°04'04.47""",Purva Ashadha,Venus,4,Jupiter,Gemini,Song Tử,"25°51'40.94""",Punarvasu,Jupiter,2,7th House,7,180,179.7935,0.2065,Standard
2026-01-10 20:00:00,Parashara_Drishti,Mars,Sagittarius,Nhân Mã,"25°48'27.52""",Purva Ashadha,Venus,4,Jupiter,Gemini,Song Tử,"25°51'40.94""",Punarvasu,Jupiter,2,7th House,7,180,180.0537,0.0537,Weak
2026-01-10 20:00:00,Parashara_Drishti,Jupiter,Gemini,Song Tử,"25°51'40.94""",Punarvasu,Jupiter,2,Sun,Sagittarius,Nhân Mã,"26°04'04.47""",Purva Ashadha,Venus,4,7th House,7,180,180.2065,0.2065,Weak
2026-01-10 20:00:00,Parashara_Drishti,Jupiter,Gemini,Song Tử,"25°51'40.94""",Punarvasu,Jupiter,2,Mars,Sagittarius,Nhân Mã,"25°48'27.52""",Purva Ashadha,Venus,4,7th House,7,180,179.9463,0.0537,Weak
2026-01-10 20:15:00,Parashara_Drishti,Sun,Sagittarius,Nhân Mã,"26°04'42.68""",Purva Ashadha,Venus,4,Jupiter,Gemini,Song Tử,"25°51'35.88""",Punarvasu,Jupiter,2,7th House,7,180,179.7814,0.2186,Standard
2026-01-10 20:15:00,Parashara_Drishti,Mars,Sagittarius,Nhân Mã,"25°48'56.48""",Purva Ashadha,Venus,4,Jupiter,Gemini,Song Tử,"25°51'35.88""",Punarvasu,Jupiter,2,7th House,7,180,180.0443,0.0443,Weak
2026-01-10 20:15:00,Parashara_Drishti,Jupiter,Gemini,Song Tử,"25°51'35.88""",Punarvasu,Jupiter,2,Sun,Sagittarius,Nhân Mã,"26°04'42.68""",Purva Ashadha,Venus,4,7th House,7,180,180.2186,0.2186,Weak
2026-01-10 20:15:00,Parashara_Drishti,Jupiter,Gemini,Song Tử,"25°51'35.88""",Punarvasu,Jupiter,2,Mars,Sagittarius,Nhân Mã,"25°48'56.48""",Purva Ashadha,Venus,4,7th House,7,180,179.9557,0.0443,Weak
2026-01-10 20:30:00,Parashara_Drishti,Sun,Sagittarius,Nhân Mã,"26°05'20.89""",Purva Ashadha,Venus,4,Jupiter,Gemini,Song Tử,"25°51'30.82""",Punarvasu,Jupiter,2,7th House,7,180,179.7694,0.2306,Standard
2026-01-10 20:30:00,Parashara_Drishti,Mars,Sagittarius,Nhân Mã,"25°49'25.45""",Purva Ashadha,Venus,4,Jupiter,Gemini,Song Tử,"25°51'30.82""",Punarvasu,Jupiter,2,7th House,7,180,180.0348,0.0348,Weak
2026-01-10 20:30:00,Parashara_Drishti,Jupiter,Gemini,Song Tử,"25°51'30.82""",Punarvasu,Jupiter,2,Sun,Sagittarius,Nhân Mã,"26°05'20.89""",Purva Ashadha,Venus,4,7th House,7,180,180.2306,0.2306,Weak
2026-01-10 20:30:00,Parashara_Drishti,Jupiter,Gemini,Song Tử,"25°51'30.82""",Punarvasu,Jupiter,2,Mars,Sagittarius,Nhân Mã,"25°49'25.45""",Purva Ashadha,Venus,4,7th House,7,180,179.9652,0.0348,Weak
2026-01-10 20:45:00,Parashara_Drishti,Sun,Sagittarius,Nhân Mã,"26°05'59.10""",Purva Ashadha,Venus,4,Jupiter,Gemini,Song Tử,"25°51'25.75""",Punarvasu,Jupiter,2,7th House,7,180,179.7574,0.2426,Standard
2026-01-10 20:45:00,Parashara_Drishti,Mars,Sagittarius,Nhân Mã,"25°49'54.42""",Purva Ashadha,Venus,4,Jupiter,Gemini,Song Tử,"25°51'25.75""",Punarvasu,Jupiter,2,7th House,7,180,180.0254,0.0254,Weak
2026-01-10 20:45:00,Parashara_Drishti,Jupiter,Gemini,Song Tử,"25°51'25.75""",Punarvasu,Jupiter,2,Sun,Sagittarius,Nhân Mã,"26°05'59.10""",Purva Ashadha,Venus,4,7th House,7,180,180.2426,0.2426,Weak
2026-01-10 20:45:00,Parashara_Drishti,Jupiter,Gemini,Song Tử,"25°51'25.75""",Punarvasu,Jupiter,2,Mars,Sagittarius,Nhân Mã,"25°49'54.42""",Purva Ashadha,Venus,4,7th House,7,180,179.9746,0.0254,Weak
2026-01-10 21:00:00,Parashara_Drishti,Sun,Sagittarius,Nhân Mã,"26°06'37.31""",Purva Ashadha,Venus,4,Jupiter,Gemini,Song Tử,"25°51'20.69""",Punarvasu,Jupiter,2,7th House,7,180,179.7454,0.2546,Standard
2026-01-10 21:00:00,Parashara_Drishti,Mars,Sagittarius,Nhân Mã,"25°50'23.39""",Purva Ashadha,Venus,4,Jupiter,Gemini,Song Tử,"25°51'20.69""",Punarvasu,Jupiter,2,7th House,7,180,180.0159,0.0159,Weak
2026-01-10 21:00:00,Parashara_Drishti,Jupiter,Gemini,Song Tử,"25°51'20.69""",Punarvasu,Jupiter,2,Sun,Sagittarius,Nhân Mã,"26°06'37.31""",Purva Ashadha,Venus,4,7th House,7,180,180.2546,0.2546,Weak
2026-01-10 21:00:00,Parashara_Drishti,Jupiter,Gemini,Song Tử,"25°51'20.69""",Punarvasu,Jupiter,2,Mars,Sagittarius,Nhân Mã,"25°50'23.39""",Purva Ashadha,Venus,4,7th House,7,180,179.9841,0.0159,Weak
2026-01-10 21:15:00,Parashara_Drishti,Sun,Sagittarius,Nhân Mã,"26°07'15.51""",Purva Ashadha,Venus,4,Jupiter,Gemini,Song Tử,"25°51'15.63""",Punarvasu,Jupiter,2,7th House,7,180,179.7334,0.2666,Standard
2026-01-10 21:15:00,Parashara_Drishti,Mars,Sagittarius,Nhân Mã,"25°50'52.36""",Purva Ashadha,Venus,4,Jupiter,Gemini,Song Tử,"25°51'15.63""",Punarvasu,Jupiter,2,7th House,7,180,180.0065,0.0065,Weak
2026-01-10 21:15:00,Parashara_Drishti,Jupiter,Gemini,Song Tử,"25°51'15.63""",Punarvasu,Jupiter,2,Sun,Sagittarius,Nhân Mã,"26°07'15.51""",Purva Ashadha,Venus,4,7th House,7,180,180.2666,0.2666,Weak
2026-01-10 21:15:00,Parashara_Drishti,Jupiter,Gemini,Song Tử,"25°51'15.63""",Punarvasu,Jupiter,2,Mars,Sagittarius,Nhân Mã,"25°50'52.36""",Purva Ashadha,Venus,4,7th House,7,180,179.9935,0.0065,Weak
2026-01-10 21:30:00,Parashara_Drishti,Sun,Sagittarius,Nhân Mã,"26°07'53.72""",Purva Ashadha,Venus,4,Jupiter,Gemini,Song Tử,"25°51'10.56""",Punarvasu,Jupiter,2,7th House,7,180,179.7213,0.2787,Standard
2026-01-10 21:30:00,Parashara_Drishti,Mars,Sagittarius,Nhân Mã,"25°51'21.33""",Purva Ashadha,Venus,4,Jupiter,Gemini,Song Tử,"25°51'10.56""",Punarvasu,Jupiter,2,7th House,7,180,179.997,0.003,Weak
2026-01-10 21:30:00,Parashara_Drishti,Jupiter,Gemini,Song Tử,"25°51'10.56""",Punarvasu,Jupiter,2,Sun,Sagittarius,Nhân Mã,"26°07'53.72""",Purva Ashadha,Venus,4,7th House,7,180,180.2787,0.2787,Weak
2026-01-10 21:30:00,Parashara_Drishti,Jupiter,Gemini,Song Tử,"25°51'10.56""",Punarvasu,Jupiter,2,Mars,Sagittarius,Nhân Mã,"25°51'21.33""",Purva Ashadha,Venus,4,7th House,7,180,180.003,0.003,Weak
2026-01-10 21:45:00,Parashara_Drishti,Sun,Sagittarius,Nhân Mã,"26°08'31.93""",Purva Ashadha,Venus,4,Jupiter,Gemini,Song Tử,"25°51'05.50""",Punarvasu,Jupiter,2,7th House,7,180,179.7093,0.2907,Standard
2026-01-10 21:45:00,Parashara_Drishti,Mars,Sagittarius,Nhân Mã,"25°51'50.29""",Purva Ashadha,Venus,4,Jupiter,Gemini,Song Tử,"25°51'05.50""",Punarvasu,Jupiter,2,7th House,7,180,179.9876,0.0124,Weak
2026-01-10 21:45:00,Parashara_Drishti,Jupiter,Gemini,Song Tử,"25°51'05.50""",Punarvasu,Jupiter,2,Sun,Sagittarius,Nhân Mã,"26°08'31.93""",Purva Ashadha,Venus,4,7th House,7,180,180.2907,0.2907,Weak
2026-01-10 21:45:00,Parashara_Drishti,Jupiter,Gemini,Song Tử,"25°51'05.50""",Punarvasu,Jupiter,2,Mars,Sagittarius,Nhân Mã,"25°51'50.29""",Purva Ashadha,Venus,4,7th House,7,180,180.0124,0.0124,Weak
2026-01-10 22:00:00,Parashara_Drishti,Sun,Sagittarius,Nhân Mã,"26°09'10.14""",Purva Ashadha,Venus,4,Jupiter,Gemini,Song Tử,"25°51'00.44""",Punarvasu,Jupiter,2,7th House,7,180,179.6973,0.3027,Standard
2026-01-10 22:00:00,Parashara_Drishti,Mars,Sagittarius,Nhân Mã,"25°52'19.26""",Purva Ashadha,Venus,4,Jupiter,Gemini,Song Tử,"25°51'00.44""",Punarvasu,Jupiter,2,7th House,7,180,179.9781,0.0219,Weak
2026-01-10 22:00:00,Parashara_Drishti,Jupiter,Gemini,Song Tử,"25°51'00.44""",Punarvasu,Jupiter,2,Sun,Sagittarius,Nhân Mã,"26°09'10.14""",Purva Ashadha,Venus,4,7th House,7,180,180.3027,0.3027,Weak
2026-01-10 22:00:00,Parashara_Drishti,Jupiter,Gemini,Song Tử,"25°51'00.44""",Punarvasu,Jupiter,2,Mars,Sagittarius,Nhân Mã,"25°52'19.26""",Purva Ashadha,Venus,4,7th House,7,180,180.0219,0.0219,Weak
2026-01-10 22:15:00,Parashara_Drishti,Sun,Sagittarius,Nhân Mã,"26°09'48.35""",Purva Ashadha,Venus,4,Jupiter,Gemini,Song Tử,"25°50'55.37""",Punarvasu,Jupiter,2,7th House,7,180,179.6853,0.3147,Standard
2026-01-10 22:15:00,Parashara_Drishti,Mars,Sagittarius,Nhân Mã,"25°52'48.23""",Purva Ashadha,Venus,4,Jupiter,Gemini,Song Tử,"25°50'55.37""",Punarvasu,Jupiter,2,7th House,7,180,179.9687,0.0313,Weak
2026-01-10 22:15:00,Parashara_Drishti,Jupiter,Gemini,Song Tử,"25°50'55.37""",Punarvasu,Jupiter,2,Sun,Sagittarius,Nhân Mã,"26°09'48.35""",Purva Ashadha,Venus,4,7th House,7,180,180.3147,0.3147,Weak
2026-01-10 22:15:00,Parashara_Drishti,Jupiter,Gemini,Song Tử,"25°50'55.37""",Punarvasu,Jupiter,2,Mars,Sagittarius,Nhân Mã,"25°52'48.23""",Purva Ashadha,Venus,4,7th House,7,180,180.0313,0.0313,Weak
2026-01-10 22:30:00,Parashara_Drishti,Sun,Sagittarius,Nhân Mã,"26°10'26.56""",Purva Ashadha,Venus,4,Jupiter,Gemini,Song Tử,"25°50'50.31""",Punarvasu,Jupiter,2,7th House,7,180,179.6733,0.3267,Standard
2026-01-10 22:30:00,Parashara_Drishti,Mars,Sagittarius,Nhân Mã,"25°53'17.20""",Purva Ashadha,Venus,4,Jupiter,Gemini,Song Tử,"25°50'50.31""",Punarvasu,Jupiter,2,7th House,7,180,179.9592,0.0408,Weak
2026-01-10 22:30:00,Parashara_Drishti,Jupiter,Gemini,Song Tử,"25°50'50.31""",Punarvasu,Jupiter,2,Sun,Sagittarius,Nhân Mã,"26°10'26.56""",Purva Ashadha,Venus,4,7th House,7,180,180.3267,0.3267,Weak
2026-01-10 22:30:00,Parashara_Drishti,Jupiter,Gemini,Song Tử,"25°50'50.31""",Punarvasu,Jupiter,2,Mars,Sagittarius,Nhân Mã,"25°53'17.20""",Purva Ashadha,Venus,4,7th House,7,180,180.0408,0.0408,Weak
2026-01-10 22:45:00,Parashara_Drishti,Sun,Sagittarius,Nhân Mã,"26°11'04.77""",Purva Ashadha,Venus,4,Jupiter,Gemini,Song Tử,"25°50'45.25""",Punarvasu,Jupiter,2,7th House,7,180,179.6612,0.3388,Standard
2026-01-10 22:45:00,Parashara_Drishti,Mars,Sagittarius,Nhân Mã,"25°53'46.17""",Purva Ashadha,Venus,4,Jupiter,Gemini,Song Tử,"25°50'45.25""",Punarvasu,Jupiter,2,7th House,7,180,179.9497,0.0503,Weak
2026-01-10 22:45:00,Parashara_Drishti,Jupiter,Gemini,Song Tử,"25°50'45.25""",Punarvasu,Jupiter,2,Sun,Sagittarius,Nhân Mã,"26°11'04.77""",Purva Ashadha,Venus,4,7th House,7,180,180.3388,0.3388,Weak
2026-01-10 22:45:00,Parashara_Drishti,Jupiter,Gemini,Song Tử,"25°50'45.25""",Punarvasu,Jupiter,2,Mars,Sagittarius,Nhân Mã,"25°53'46.17""",Purva Ashadha,Venus,4,7th House,7,180,180.0503,0.0503,Weak
2026-01-10 23:00:00,Parashara_Drishti,Sun,Sagittarius,Nhân Mã,"26°11'42.97""",Purva Ashadha,Venus,4,Jupiter,Gemini,Song Tử,"25°50'40.19""",Punarvasu,Jupiter,2,7th House,7,180,179.6492,0.3508,Standard
2026-01-10 23:00:00,Parashara_Drishti,Mars,Sagittarius,Nhân Mã,"25°54'15.14""",Purva Ashadha,Venus,4,Jupiter,Gemini,Song Tử,"25°50'40.19""",Punarvasu,Jupiter,2,7th House,7,180,179.9403,0.0597,Weak
2026-01-10 23:00:00,Parashara_Drishti,Jupiter,Gemini,Song Tử,"25°50'40.19""",Punarvasu,Jupiter,2,Sun,Sagittarius,Nhân Mã,"26°11'42.97""",Purva Ashadha,Venus,4,7th House,7,180,180.3508,0.3508,Weak
2026-01-10 23:00:00,Parashara_Drishti,Jupiter,Gemini,Song Tử,"25°50'40.19""",Punarvasu,Jupiter,2,Mars,Sagittarius,Nhân Mã,"25°54'15.14""",Purva Ashadha,Venus,4,7th House,7,180,180.0597,0.0597,Weak
2026-01-10 23:15:00,Parashara_Drishti,Sun,Sagittarius,Nhân Mã,"26°12'21.18""",Purva Ashadha,Venus,4,Jupiter,Gemini,Song Tử,"25°50'35.12""",Punarvasu,Jupiter,2,7th House,7,180,179.6372,0.3628,Standard
2026-01-10 23:15:00,Parashara_Drishti,Mars,Sagittarius,Nhân Mã,"25°54'44.11""",Purva Ashadha,Venus,4,Jupiter,Gemini,Song Tử,"25°50'35.12""",Punarvasu,Jupiter,2,7th House,7,180,179.9308,0.0692,Weak
2026-01-10 23:15:00,Parashara_Drishti,Jupiter,Gemini,Song Tử,"25°50'35.12""",Punarvasu,Jupiter,2,Sun,Sagittarius,Nhân Mã,"26°12'21.18""",Purva Ashadha,Venus,4,7th House,7,180,180.3628,0.3628,Weak
2026-01-10 23:15:00,Parashara_Drishti,Jupiter,Gemini,Song Tử,"25°50'35.12""",Punarvasu,Jupiter,2,Mars,Sagittarius,Nhân Mã,"25°54'44.11""",Purva Ashadha,Venus,4,7th House,7,180,180.0692,0.0692,Weak
2026-01-10 23:30:00,Parashara_Drishti,Sun,Sagittarius,Nhân Mã,"26°12'59.39""",Purva Ashadha,Venus,4,Jupiter,Gemini,Song Tử,"25°50'30.06""",Punarvasu,Jupiter,2,7th House,7,180,179.6252,0.3748,Standard
2026-01-10 23:30:00,Parashara_Drishti,Mars,Sagittarius,Nhân Mã,"25°55'13.09""",Purva Ashadha,Venus,4,Jupiter,Gemini,Song Tử,"25°50'30.06""",Punarvasu,Jupiter,2,7th House,7,180,179.9214,0.0786,Weak
2026-01-10 23:30:00,Parashara_Drishti,Jupiter,Gemini,Song Tử,"25°50'30.06""",Punarvasu,Jupiter,2,Sun,Sagittarius,Nhân Mã,"26°12'59.39""",Purva Ashadha,Venus,4,7th House,7,180,180.3748,0.3748,Weak
2026-01-10 23:30:00,Parashara_Drishti,Jupiter,Gemini,Song Tử,"25°50'30.06""",Punarvasu,Jupiter,2,Mars,Sagittarius,Nhân Mã,"25°55'13.09""",Purva Ashadha,Venus,4,7th House,7,180,180.0786,0.0786,Weak
2026-01-10 23:45:00,Parashara_Drishti,Sun,Sagittarius,Nhân Mã,"26°13'37.60""",Purva Ashadha,Venus,4,Jupiter,Gemini,Song Tử,"25°50'25.00""",Punarvasu,Jupiter,2,7th House,7,180,179.6132,0.3868,Standard
2026-01-10 23:45:00,Parashara_Drishti,Mars,Sagittarius,Nhân Mã,"25°55'42.06""",Purva Ashadha,Venus,4,Jupiter,Gemini,Song Tử,"25°50'25.00""",Punarvasu,Jupiter,2,7th House,7,180,179.9119,0.0881,Weak
2026-01-10 23:45:00,Parashara_Drishti,Jupiter,Gemini,Song Tử,"25°50'25.00""",Punarvasu,Jupiter,2,Sun,Sagittarius,Nhân Mã,"26°13'37.60""",Purva Ashadha,Venus,4,7th House,7,180,180.3868,0.3868,Weak
2026-01-10 23:45:00,Parashara_Drishti,Jupiter,Gemini,Song Tử,"25°50'25.00""",Punarvasu,Jupiter,2,Mars,Sagittarius,Nhân Mã,"25°55'42.06""",Purva Ashadha,Venus,4,7th House,7,180,180.0881,0.0881,Weak
