datetime,event,aspecting_planet,aspecting_sign,aspecting_sign_vi,aspecting_degree,aspecting_nakshatra,aspecting_nakshatra_lord,aspecting_pada,aspected_planet,aspected_sign,aspected_sign_vi,aspected_degree,aspected_nakshatra,aspected_nakshatra_lord,aspected_pada,aspect_type,aspect_house,target_angle,actual_angle,orb,strength
2026-01-10 00:00:00,Parashara_Drishti,Sun,Sagittarius,Nhân Mã,"25°13'07.79""",Purva Ashadha,Venus,4,Venus,Sagittarius,Nhân Mã,"25°56'24.14""",Purva Ashadha,Venus,4,0th House,0,0,0.7212,0.7212,Combust
2026-01-10 00:00:00,Parashara_Drishti,Sun,Sagittarius,Nhân Mã,"25°13'07.79""",Purva Ashadha,Venus,4,Mars,Sagittarius,Nhân Mã,"25°09'50.91""",Purva Ashadha,Venus,4,0th House,0,0,359.9453,0.0547,Combust
2026-01-10 00:00:00,Parashara_Drishti,Sun,Sagittarius,Nhân Mã,"25°13'07.79""",Purva Ashadha,Venus,4,Jupiter,Gemini,Song Tử,"25°58'25.98""",Punarvasu,Jupiter,2,7th House,7,180,180.7551,0.7551,Standard
2026-01-10 00:00:00,Parashara_Drishti,Venus,Sagittarius,Nhân Mã,"25°56'24.14""",Purva Ashadha,Venus,4,Sun,Sagittarius,Nhân Mã,"25°13'07.79""",Purva Ashadha,Venus,4,0th House,0,0,359.2788,0.7212,Standard
2026-01-10 00:00:00,Parashara_Drishti,Mars,Sagittarius,Nhân Mã,"25°09'50.91""",Purva Ashadha,Venus,4,Sun,Sagittarius,Nhân Mã,"25°13'07.79""",Purva Ashadha,Venus,4,0th House,0,0,0.0547,0.0547,Standard
2026-01-10 00:00:00,Parashara_Drishti,Jupiter,Gemini,Song Tử,"25°58'25.98""",Punarvasu,Jupiter,2,Sun,Sagittarius,Nhân Mã,"25°13'07.79""",Purva Ashadha,Venus,4,7th House,7,180,179.2449,0.7551,Weak
2026-01-10 00:15:00,Parashara_Drishti,Sun,Sagittarius,Nhân Mã,"25°13'46.00""",Purva Ashadha,Venus,4,Venus,Sagittarius,Nhân Mã,"25°57'11.31""",Purva Ashadha,Venus,4,0th House,0,0,0.7237,0.7237,Combust
2026-01-10 00:15:00,Parashara_Drishti,Sun,Sagittarius,Nhân Mã,"25°13'46.00""",Purva Ashadha,Venus,4,Mars,Sagittarius,Nhân Mã,"25°10'19.86""",Purva Ashadha,Venus,4,0th House,0,0,359.9427,0.0573,Combust
2026-01-10 00:15:00,Parashara_Drishti,Sun,Sagittarius,Nhân Mã,"25°13'46.00""",Purva Ashadha,Venus,4,Jupiter,Gemini,Song Tử,"25°58'20.92""",Punarvasu,Jupiter,2,7th House,7,180,180.743,0.743,Standard
2026-01-10 00:15:00,Parashara_Drishti,Venus,Sagittarius,Nhân Mã,"25°57'11.31""",Purva Ashadha,Venus,4,Sun,Sagittarius,Nhân Mã,"25°13'46.00""",Purva Ashadha,Venus,4,0th House,0,0,359.2763,0.7237,Standard
2026-01-10 00:15:00,Parashara_Drishti,Mars,Sagittarius,Nhân Mã,"25°10'19.86""",Purva Ashadha,Venus,4,Sun,Sagittarius,Nhân Mã,"25°13'46.00""",Purva Ashadha,Venus,4,0th House,0,0,0.0573,0.0573,Standard
2026-01-10 00:15:00,Parashara_Drishti,Jupiter,Gemini,Song Tử,"25°58'20.92""",Punarvasu,Jupiter,2,Sun,Sagittarius,Nhân Mã,"25°13'46.00""",Purva Ashadha,Venus,4,7th House,7,180,179.257,0.743,Weak
2026-01-10 00:30:00,Parashara_Drishti,Sun,Sagittarius,Nhân Mã,"25°14'24.21""",Purva Ashadha,Venus,4,Venus,Sagittarius,Nhân Mã,"25°57'58.48""",Purva Ashadha,Venus,4,0th House,0,0,0.7262,0.7262,Combust
2026-01-10 00:30:00,Parashara_Drishti,Sun,Sagittarius,Nhân Mã,"25°14'24.21""",Purva Ashadha,Venus,4,Mars,Sagittarius,Nhân Mã,"25°10'48.81""",Purva Ashadha,Venus,4,0th House,0,0,359.9402,0.0598,Combust
2026-01-10 00:30:00,Parashara_Drishti,Sun,Sagittarius,Nhân Mã,"25°14'24.21""",Purva Ashadha,Venus,4,Jupiter,Gemini,Song Tử,"25°58'15.85""",Punarvasu,Jupiter,2,7th House,7,180,180.731,0.731,Standard
2026-01-10 00:30:00,Parashara_Drishti,Venus,Sagittarius,Nhân Mã,"25°57'58.48""",Purva Ashadha,Venus,4,Sun,Sagittarius,Nhân Mã,"25°14'24.21""",Purva Ashadha,Venus,4,0th House,0,0,359.2738,0.7262,Standard
2026-01-10 00:30:00,Parashara_Drishti,Mars,Sagittarius,Nhân Mã,"25°10'48.81""",Purva Ashadha,Venus,4,Sun,Sagittarius,Nhân Mã,"25°14'24.21""",Purva Ashadha,Venus,4,0th House,0,0,0.0598,0.0598,Standard
2026-01-10 00:30:00,Parashara_Drishti,Jupiter,Gemini,Song Tử,"25°58'15.85""",Punarvasu,Jupiter,2,Sun,Sagittarius,Nhân Mã,"25°14'24.21""",Purva Ashadha,Venus,4,7th House,7,180,179.269,0.731,Weak
2026-01-10 00:45:00,Parashara_Drishti,Sun,Sagittarius,Nhân Mã,"25°15'02.41""",Purva Ashadha,Venus,4,Venus,Sagittarius,Nhân Mã,"25°58'45.65""",Purva Ashadha,Venus,4,0th House,0,0,0.7287,0.7287,Combust
2026-01-10 00:45:00,Parashara_Drishti,Sun,Sagittarius,Nhân Mã,"25°15'02.41""",Purva Ashadha,Venus,4,Mars,Sagittarius,Nhân Mã,"25°11'17.75""",Purva Ashadha,Venus,4,0th House,0,0,359.9376,0.0624,Combust
2026-01-10 00:45:00,Parashara_Drishti,Sun,Sagittarius,Nhân Mã,"25°15'02.41""",Purva Ashadha,Venus,4,Jupiter,Gemini,Song Tử,"25°58'10.79""",Punarvasu,Jupiter,2,7th House,7,180,180.719,0.719,Standard
2026-01-10 00:45:00,Parashara_Drishti,Venus,Sagittarius,Nhân Mã,"25°58'45.65""",Purva Ashadha,Venus,4,Sun,Sagittarius,Nhân Mã,"25°15'02.41""",Purva Ashadha,Venus,4,0th House,0,0,359.2713,0.7287,Standard
2026-01-10 00:45:00,Parashara_Drishti,Mars,Sagittarius,Nhân Mã,"25°11'17.75""",Purva Ashadha,Venus,4,Sun,Sagittarius,Nhân Mã,"25°15'02.41""",Purva Ashadha,Venus,4,0th House,0,0,0.0624,0.0624,Standard
2026-01-10 00:45:00,Parashara_Drishti,Jupiter,Gemini,Song Tử,"25°58'10.79""",Punarvasu,Jupiter,2,Sun,Sagittarius,Nhân Mã,"25°15'02.41""",Purva Ashadha,Venus,4,7th House,7,180,179.281,0.719,Weak
2026-01-10 01:00:00,Parashara_Drishti,Sun,Sagittarius,Nhân Mã,"25°15'40.62""",Purva Ashadha,Venus,4,Venus,Sagittarius,Nhân Mã,"25°59'32.82""",Purva Ashadha,Venus,4,0th House,0,0,0.7312,0.7312,Combust
2026-01-10 01:00:00,Parashara_Drishti,Sun,Sagittarius,Nhân Mã,"25°15'40.62""",Purva Ashadha,Venus,4,Mars,Sagittarius,Nhân Mã,"25°11'46.70""",Purva Ashadha,Venus,4,0th House,0,0,359.935,0.065,Combust
2026-01-10 01:00:00,Parashara_Drishti,Sun,Sagittarius,Nhân Mã,"25°15'40.62""",Purva Ashadha,Venus,4,Jupiter,Gemini,Song Tử,"25°58'05.73""",Punarvasu,Jupiter,2,7th House,7,180,180.707,0.707,Standard
2026-01-10 01:00:00,Parashara_Drishti,Venus,Sagittarius,Nhân Mã,"25°59'32.82""",Purva Ashadha,Venus,4,Sun,Sagittarius,Nhân Mã,"25°15'40.62""",Purva Ashadha,Venus,4,0th House,0,0,359.2688,0.7312,Standard
2026-01-10 01:00:00,Parashara_Drishti,Mars,Sagittarius,Nhân Mã,"25°11'46.70""",Purva Ashadha,Venus,4,Sun,Sagittarius,Nhân Mã,"25°15'40.62""",Purva Ashadha,Venus,4,0th House,0,0,0.065,0.065,Standard
2026-01-10 01:00:00,Parashara_Drishti,Jupiter,Gemini,Song Tử,"25°58'05.73""",Punarvasu,Jupiter,2,Sun,Sagittarius,Nhân Mã,"25°15'40.62""",Purva Ashadha,Venus,4,7th House,7,180,179.293,0.707,Weak
2026-01-10 01:15:00,Parashara_Drishti,Sun,Sagittarius,Nhân Mã,"25°16'18.83""",Purva Ashadha,Venus,4,Venus,Sagittarius,Nhân Mã,"26°00'19.99""",Purva Ashadha,Venus,4,0th House,0,0,0.7337,0.7337,Combust
2026-01-10 01:15:00,Parashara_Drishti,Sun,Sagittarius,Nhân Mã,"25°16'18.83""",Purva Ashadha,Venus,4,Mars,Sagittarius,Nhân Mã,"25°12'15.65""",Purva Ashadha,Venus,4,0th House,0,0,359.9325,0.0675,Combust
2026-01-10 01:15:00,Parashara_Drishti,Sun,Sagittarius,Nhân Mã,"25°16'18.83""",Purva Ashadha,Venus,4,Jupiter,Gemini,Song Tử,"25°58'00.67""",Punarvasu,Jupiter,2,7th House,7,180,180.695,0.695,Standard
2026-01-10 01:15:00,Parashara_Drishti,Venus,Sagittarius,Nhân Mã,"26°00'19.99""",Purva Ashadha,Venus,4,Sun,Sagittarius,Nhân Mã,"25°16'18.83""",Purva Ashadha,Venus,4,0th House,0,0,359.2663,0.7337,Standard
2026-01-10 01:15:00,Parashara_Drishti,Mars,Sagittarius,Nhân Mã,"25°12'15.65""",Purva Ashadha,Venus,4,Sun,Sagittarius,Nhân Mã,"25°16'18.83""",Purva Ashadha,Venus,4,0th House,0,0,0.0675,0.0675,Standard
2026-01-10 01:15:00,Parashara_Drishti,Jupiter,Gemini,Song Tử,"25°58'00.67""",Punarvasu,Jupiter,2,Sun,Sagittarius,Nhân Mã,"25°16'18.83""",Purva Ashadha,Venus,4,7th House,7,180,179.305,0.695,Weak
2026-01-10 01:30:00,Parashara_Drishti,Sun,Sagittarius,Nhân Mã,"25°16'57.04""",Purva Ashadha,Venus,4,Venus,Sagittarius,Nhân Mã,"26°01'07.16""",Purva Ashadha,Venus,4,0th House,0,0,0.7361,0.7361,Combust
2026-01-10 01:30:00,Parashara_Drishti,Sun,Sagittarius,Nhân Mã,"25°16'57.04""",Purva Ashadha,Venus,4,Mars,Sagittarius,Nhân Mã,"25°12'44.60""",Purva Ashadha,Venus,4,0th House,0,0,359.9299,0.0701,Combust
2026-01-10 01:30:00,Parashara_Drishti,Sun,Sagittarius,Nhân Mã,"25°16'57.04""",Purva Ashadha,Venus,4,Jupiter,Gemini,Song Tử,"25°57'55.60""",Punarvasu,Jupiter,2,7th House,7,180,180.6829,0.6829,Standard
2026-01-10 01:30:00,Parashara_Drishti,Venus,Sagittarius,Nhân Mã,"26°01'07.16""",Purva Ashadha,Venus,4,Sun,Sagittarius,Nhân Mã,"25°16'57.04""",Purva Ashadha,Venus,4,0th House,0,0,359.2639,0.7361,Standard
2026-01-10 01:30:00,Parashara_Drishti,Mars,Sagittarius,Nhân Mã,"25°12'44.60""",Purva Ashadha,Venus,4,Sun,Sagittarius,Nhân Mã,"25°16'57.04""",Purva Ashadha,Venus,4,0th House,0,0,0.0701,0.0701,Standard
2026-01-10 01:30:00,Parashara_Drishti,Jupiter,Gemini,Song Tử,"25°57'55.60""",Punarvasu,Jupiter,2,Sun,Sagittarius,Nhân Mã,"25°16'57.04""",Purva Ashadha,Venus,4,7th House,7,180,179.3171,0.6829,Weak
2026-01-10 01:45:00,Parashara_Drishti,Sun,Sagittarius,Nhân Mã,"25°17'35.25""",Purva Ashadha,Venus,4,Venus,Sagittarius,Nhân Mã,"26°01'54.33""",Purva Ashadha,Venus,4,0th House,0,0,0.7386,0.7386,Combust
2026-01-10 01:45:00,Parashara_Drishti,Sun,Sagittarius,Nhân Mã,"25°17'35.25""",Purva Ashadha,Venus,4,Mars,Sagittarius,Nhân Mã,"25°13'13.55""",Purva Ashadha,Venus,4,0th House,0,0,359.9273,0.0727,Combust
2026-01-10 01:45:00,Parashara_Drishti,Sun,Sagittarius,Nhân Mã,"25°17'35.25""",Purva Ashadha,Venus,4,Jupiter,Gemini,Song Tử,"25°57'50.54""",Punarvasu,Jupiter,2,7th House,7,180,180.6709,0.6709,Standard
2026-01-10 01:45:00,Parashara_Drishti,Venus,Sagittarius,Nhân Mã,"26°01'54.33""",Purva Ashadha,Venus,4,Sun,Sagittarius,Nhân Mã,"25°17'35.25""",Purva Ashadha,Venus,4,0th House,0,0,359.2614,0.7386,Standard
2026-01-10 01:45:00,Parashara_Drishti,Mars,Sagittarius,Nhân Mã,"25°13'13.55""",Purva Ashadha,Venus,4,Sun,Sagittarius,Nhân Mã,"25°17'35.25""",Purva Ashadha,Venus,4,0th House,0,0,0.0727,0.0727,Standard
2026-01-10 01:45:00,Parashara_Drishti,Jupiter,Gemini,Song Tử,"25°57'50.54""",Punarvasu,Jupiter,2,Sun,Sagittarius,Nhân Mã,"25°17'35.25""",Purva Ashadha,Venus,4,7th House,7,180,179.3291,0.6709,Weak
2026-01-10 02:00:00,Parashara_Drishti,Sun,Sagittarius,Nhân Mã,"25°18'13.46""",Purva Ashadha,Venus,4,Venus,Sagittarius,Nhân Mã,"26°02'41.50""",Purva Ashadha,Venus,4,0th House,0,0,0.7411,0.7411,Combust
2026-01-10 02:00:00,Parashara_Drishti,Sun,Sagittarius,Nhân Mã,"25°18'13.46""",Purva Ashadha,Venus,4,Mars,Sagittarius,Nhân Mã,"25°13'42.50""",Purva Ashadha,Venus,4,0th House,0,0,359.9247,0.0753,Combust
2026-01-10 02:00:00,Parashara_Drishti,Sun,Sagittarius,Nhân Mã,"25°18'13.46""",Purva Ashadha,Venus,4,Jupiter,Gemini,Song Tử,"25°57'45.48""",Punarvasu,Jupiter,2,7th House,7,180,180.6589,0.6589,Standard
2026-01-10 02:00:00,Parashara_Drishti,Venus,Sagittarius,Nhân Mã,"26°02'41.50""",Purva Ashadha,Venus,4,Sun,Sagittarius,Nhân Mã,"25°18'13.46""",Purva Ashadha,Venus,4,0th House,0,0,359.2589,0.7411,Standard
2026-01-10 02:00:00,Parashara_Drishti,Mars,Sagittarius,Nhân Mã,"25°13'42.50""",Purva Ashadha,Venus,4,Sun,Sagittarius,Nhân Mã,"25°18'13.46""",Purva Ashadha,Venus,4,0th House,0,0,0.0753,0.0753,Standard
2026-01-10 02:00:00,Parashara_Drishti,Jupiter,Gemini,Song Tử,"25°57'45.48""",Punarvasu,Jupiter,2,Sun,Sagittarius,Nhân Mã,"25°18'13.46""",Purva Ashadha,Venus,4,7th House,7,180,179.3411,0.6589,Weak
2026-01-10 02:15:00,Parashara_Drishti,Sun,Sagittarius,Nhân Mã,"25°18'51.66""",Purva Ashadha,Venus,4,Venus,Sagittarius,Nhân Mã,"26°03'28.67""",Purva Ashadha,Venus,4,0th House,0,0,0.7436,0.7436,Combust
2026-01-10 02:15:00,Parashara_Drishti,Sun,Sagittarius,Nhân Mã,"25°18'51.66""",Purva Ashadha,Venus,4,Mars,Sagittarius,Nhân Mã,"25°14'11.45""",Purva Ashadha,Venus,4,0th House,0,0,359.9222,0.0778,Combust
2026-01-10 02:15:00,Parashara_Drishti,Sun,Sagittarius,Nhân Mã,"25°18'51.66""",Purva Ashadha,Venus,4,Jupiter,Gemini,Song Tử,"25°57'40.42""",Punarvasu,Jupiter,2,7th House,7,180,180.6469,0.6469,Standard
2026-01-10 02:15:00,Parashara_Drishti,Venus,Sagittarius,Nhân Mã,"26°03'28.67""",Purva Ashadha,Venus,4,Sun,Sagittarius,Nhân Mã,"25°18'51.66""",Purva Ashadha,Venus,4,0th House,0,0,359.2564,0.7436,Standard
2026-01-10 02:15:00,Parashara_Drishti,Mars,Sagittarius,Nhân Mã,"25°14'11.45""",Purva Ashadha,Venus,4,Sun,Sagittarius,Nhân Mã,"25°18'51.66""",Purva Ashadha,Venus,4,0th House,0,0,0.0778,0.0778,Standard
2026-01-10 02:15:00,Parashara_Drishti,Jupiter,Gemini,Song Tử,"25°57'40.42""",Punarvasu,Jupiter,2,Sun,Sagittarius,Nhân Mã,"25°18'51.66""",Purva Ashadha,Venus,4,7th House,7,180,179.3531,0.6469,Weak
2026-01-10 02:30:00,Parashara_Drishti,Sun,Sagittarius,Nhân Mã,"25°19'29.87""",Purva Ashadha,Venus,4,Venus,Sagittarius,Nhân Mã,"26°04'15.84""",Purva Ashadha,Venus,4,0th House,0,0,0.7461,0.7461,Combust
2026-01-10 02:30:00,Parashara_Drishti,Sun,Sagittarius,Nhân Mã,"25°19'29.87""",Purva Ashadha,Venus,4,Mars,Sagittarius,Nhân Mã,"25°14'40.40""",Purva Ashadha,Venus,4,0th House,0,0,359.9196,0.0804,Combust
2026-01-10 02:30:00,Parashara_Drishti,Sun,Sagittarius,Nhân Mã,"25°19'29.87""",Purva Ashadha,Venus,4,Jupiter,Gemini,Song Tử,"25°57'35.35""",Punarvasu,Jupiter,2,7th House,7,180,180.6349,0.6349,Standard
2026-01-10 02:30:00,Parashara_Drishti,Venus,Sagittarius,Nhân Mã,"26°04'15.84""",Purva Ashadha,Venus,4,Sun,Sagittarius,Nhân Mã,"25°19'29.87""",Purva Ashadha,Venus,4,0th House,0,0,359.2539,0.7461,Standard
2026-01-10 02:30:00,Parashara_Drishti,Mars,Sagittarius,Nhân Mã,"25°14'40.40""",Purva Ashadha,Venus,4,Sun,Sagittarius,Nhân Mã,"25°19'29.87""",Purva Ashadha,Venus,4,0th House,0,0,0.0804,0.0804,Standard
2026-01-10 02:30:00,Parashara_Drishti,Jupiter,Gemini,Song Tử,"25°57'35.35""",Punarvasu,Jupiter,2,Sun,Sagittarius,Nhân Mã,"25°19'29.87""",Purva Ashadha,Venus,4,7th House,7,180,179.3651,0.6349,Weak
2026-01-10 02:45:00,Parashara_Drishti,Sun,Sagittarius,Nhân Mã,"25°20'08.08""",Purva Ashadha,Venus,4,Venus,Sagittarius,Nhân Mã,"26°05'03.01""",Purva Ashadha,Venus,4,0th House,0,0,0.7486,0.7486,Combust
2026-01-10 02:45:00,Parashara_Drishti,Sun,Sagittarius,Nhân Mã,"25°20'08.08""",Purva Ashadha,Venus,4,Mars,Sagittarius,Nhân Mã,"25°15'09.35""",Purva Ashadha,Venus,4,0th House,0,0,359.917,0.083,Combust
2026-01-10 02:45:00,Parashara_Drishti,Sun,Sagittarius,Nhân Mã,"25°20'08.08""",Purva Ashadha,Venus,4,Jupiter,Gemini,Song Tử,"25°57'30.29""",Punarvasu,Jupiter,2,7th House,7,180,180.6228,0.6228,Standard
2026-01-10 02:45:00,Parashara_Drishti,Venus,Sagittarius,Nhân Mã,"26°05'03.01""",Purva Ashadha,Venus,4,Sun,Sagittarius,Nhân Mã,"25°20'08.08""",Purva Ashadha,Venus,4,0th House,0,0,359.2514,0.7486,Standard
2026-01-10 02:45:00,Parashara_Drishti,Mars,Sagittarius,Nhân Mã,"25°15'09.35""",Purva Ashadha,Venus,4,Sun,Sagittarius,Nhân Mã,"25°20'08.08""",Purva Ashadha,Venus,4,0th House,0,0,0.083,0.083,Standard
2026-01-10 02:45:00,Parashara_Drishti,Jupiter,Gemini,Song Tử,"25°57'30.29""",Punarvasu,Jupiter,2,Sun,Sagittarius,Nhân Mã,"25°20'08.08""",Purva Ashadha,Venus,4,7th House,7,180,179.3772,0.6228,Weak
2026-01-10 03:00:00,Parashara_Drishti,Sun,Sagittarius,Nhân Mã,"25°20'46.29""",Purva Ashadha,Venus,4,Venus,Sagittarius,Nhân Mã,"26°05'50.18""",Purva Ashadha,Venus,4,0th House,0,0,0.7511,0.7511,Combust
2026-01-10 03:00:00,Parashara_Drishti,Sun,Sagittarius,Nhân Mã,"25°20'46.29""",Purva Ashadha,Venus,4,Mars,Sagittarius,Nhân Mã,"25°15'38.30""",Purva Ashadha,Venus,4,0th House,0,0,359.9144,0.0856,Combust
2026-01-10 03:00:00,Parashara_Drishti,Sun,Sagittarius,Nhân Mã,"25°20'46.29""",Purva Ashadha,Venus,4,Jupiter,Gemini,Song Tử,"25°57'25.23""",Punarvasu,Jupiter,2,7th House,7,180,180.6108,0.6108,Standard
2026-01-10 03:00:00,Parashara_Drishti,Venus,Sagittarius,Nhân Mã,"26°05'50.18""",Purva Ashadha,Venus,4,Sun,Sagittarius,Nhân Mã,"25°20'46.29""",Purva Ashadha,Venus,4,0th House,0,0,359.2489,0.7511,Standard
2026-01-10 03:00:00,Parashara_Drishti,Mars,Sagittarius,Nhân Mã,"25°15'38.30""",Purva Ashadha,Venus,4,Sun,Sagittarius,Nhân Mã,"25°20'46.29""",Purva Ashadha,Venus,4,0th House,0,0,0.0856,0.0856,Standard
2026-01-10 03:00:00,Parashara_Drishti,Jupiter,Gemini,Song Tử,"25°57'25.23""",Punarvasu,Jupiter,2,Sun,Sagittarius,Nhân Mã,"25°20'46.29""",Purva Ashadha,Venus,4,7th House,7,180,179.3892,0.6108,Weak
2026-01-10 03:15:00,Parashara_Drishti,Sun,Sagittarius,Nhân Mã,"25°21'24.50""",Purva Ashadha,Venus,4,Venus,Sagittarius,Nhân Mã,"26°06'37.35""",Purva Ashadha,Venus,4,0th House,0,0,0.7536,0.7536,Combust
2026-01-10 03:15:00,Parashara_Drishti,Sun,Sagittarius,Nhân Mã,"25°21'24.50""",Purva Ashadha,Venus,4,Mars,Sagittarius,Nhân Mã,"25°16'07.25""",Purva Ashadha,Venus,4,0th House,0,0,359.9119,0.0881,Combust
2026-01-10 03:15:00,Parashara_Drishti,Sun,Sagittarius,Nhân Mã,"25°21'24.50""",Purva Ashadha,Venus,4,Jupiter,Gemini,Song Tử,"25°57'20.17""",Punarvasu,Jupiter,2,7th House,7,180,180.5988,0.5988,Standard
2026-01-10 03:15:00,Parashara_Drishti,Venus,Sagittarius,Nhân Mã,"26°06'37.35""",Purva Ashadha,Venus,4,Sun,Sagittarius,Nhân Mã,"25°21'24.50""",Purva Ashadha,Venus,4,0th House,0,0,359.2464,0.7536,Standard
2026-01-10 03:15:00,Parashara_Drishti,Mars,Sagittarius,Nhân Mã,"25°16'07.25""",Purva Ashadha,Venus,4,Sun,Sagittarius,Nhân Mã,"25°21'24.50""",Purva Ashadha,Venus,4,0th House,0,0,0.0881,0.0881,Standard
2026-01-10 03:15:00,Parashara_Drishti,Jupiter,Gemini,Song Tử,"25°57'20.17""",Punarvasu,Jupiter,2,Sun,Sagittarius,Nhân Mã,"25°21'24.50""",Purva Ashadha,Venus,4,7th House,7,180,179.4012,0.5988,Weak
2026-01-10 03:30:00,Parashara_Drishti,Sun,Sagittarius,Nhân Mã,"25°22'02.71""",Purva Ashadha,Venus,4,Venus,Sagittarius,Nhân Mã,"26°07'24.52""",Purva Ashadha,Venus,4,0th House,0,0,0.7561,0.7561,Combust
2026-01-10 03:30:00,Parashara_Drishti,Sun,Sagittarius,Nhân Mã,"25°22'02.71""",Purva Ashadha,Venus,4,Mars,Sagittarius,Nhân Mã,"25°16'36.20""",Purva Ashadha,Venus,4,0th House,0,0,359.9093,0.0907,Combust
2026-01-10 03:30:00,Parashara_Drishti,Sun,Sagittarius,Nhân Mã,"25°22'02.71""",Purva Ashadha,Venus,4,Jupiter,Gemini,Song Tử,"25°57'15.10""",Punarvasu,Jupiter,2,7th House,7,180,180.5868,0.5868,Standard
2026-01-10 03:30:00,Parashara_Drishti,Venus,Sagittarius,Nhân Mã,"26°07'24.52""",Purva Ashadha,Venus,4,Sun,Sagittarius,Nhân Mã,"25°22'02.71""",Purva Ashadha,Venus,4,0th House,0,0,359.2439,0.7561,Standard
2026-01-10 03:30:00,Parashara_Drishti,Mars,Sagittarius,Nhân Mã,"25°16'36.20""",Purva Ashadha,Venus,4,Sun,Sagittarius,Nhân Mã,"25°22'02.71""",Purva Ashadha,Venus,4,0th House,0,0,0.0907,0.0907,Standard
2026-01-10 03:30:00,Parashara_Drishti,Jupiter,Gemini,Song Tử,"25°57'15.10""",Punarvasu,Jupiter,2,Sun,Sagittarius,Nhân Mã,"25°22'02.71""",Purva Ashadha,Venus,4,7th House,7,180,179.4132,0.5868,Weak
2026-01-10 03:45:00,Parashara_Drishti,Sun,Sagittarius,Nhân Mã,"25°22'40.91""",Purva Ashadha,Venus,4,Venus,Sagittarius,Nhân Mã,"26°08'11.69""",Purva Ashadha,Venus,4,0th House,0,0,0.7585,0.7585,Combust
2026-01-10 03:45:00,Parashara_Drishti,Sun,Sagittarius,Nhân Mã,"25°22'40.91""",Purva Ashadha,Venus,4,Mars,Sagittarius,Nhân Mã,"25°17'05.15""",Purva Ashadha,Venus,4,0th House,0,0,359.9067,0.0933,Combust
2026-01-10 03:45:00,Parashara_Drishti,Sun,Sagittarius,Nhân Mã,"25°22'40.91""",Purva Ashadha,Venus,4,Jupiter,Gemini,Song Tử,"25°57'10.04""",Punarvasu,Jupiter,2,7th House,7,180,180.5748,0.5748,Standard
2026-01-10 03:45:00,Parashara_Drishti,Venus,Sagittarius,Nhân Mã,"26°08'11.69""",Purva Ashadha,Venus,4,Sun,Sagittarius,Nhân Mã,"25°22'40.91""",Purva Ashadha,Venus,4,0th House,0,0,359.2415,0.7585,Standard
2026-01-10 03:45:00,Parashara_Drishti,Mars,Sagittarius,Nhân Mã,"25°17'05.15""",Purva Ashadha,Venus,4,Sun,Sagittarius,Nhân Mã,"25°22'40.91""",Purva Ashadha,Venus,4,0th House,0,0,0.0933,0.0933,Standard
2026-01-10 03:45:00,Parashara_Drishti,Jupiter,Gemini,Song Tử,"25°57'10.04""",Punarvasu,Jupiter,2,Sun,Sagittarius,Nhân Mã,"25°22'40.91""",Purva Ashadha,Venus,4,7th House,7,180,179.4252,0.5748,Weak
2026-01-10 04:00:00,Parashara_Drishti,Sun,Sagittarius,Nhân Mã,"25°23'19.12""",Purva Ashadha,Venus,4,Venus,Sagittarius,Nhân Mã,"26°08'58.86""",Purva Ashadha,Venus,4,0th House,0,0,0.761,0.761,Combust
2026-01-10 04:00:00,Parashara_Drishti,Sun,Sagittarius,Nhân Mã,"25°23'19.12""",Purva Ashadha,Venus,4,Mars,Sagittarius,Nhân Mã,"25°17'34.10""",Purva Ashadha,Venus,4,0th House,0,0,359.9042,0.0958,Combust
2026-01-10 04:00:00,Parashara_Drishti,Sun,Sagittarius,Nhân Mã,"25°23'19.12""",Purva Ashadha,Venus,4,Jupiter,Gemini,Song Tử,"25°57'04.98""",Punarvasu,Jupiter,2,7th House,7,180,180.5627,0.5627,Standard
2026-01-10 04:00:00,Parashara_Drishti,Venus,Sagittarius,Nhân Mã,"26°08'58.86""",Purva Ashadha,Venus,4,Sun,Sagittarius,Nhân Mã,"25°23'19.12""",Purva Ashadha,Venus,4,0th House,0,0,359.239,0.761,Standard
2026-01-10 04:00:00,Parashara_Drishti,Mars,Sagittarius,Nhân Mã,"25°17'34.10""",Purva Ashadha,Venus,4,Sun,Sagittarius,Nhân Mã,"25°23'19.12""",Purva Ashadha,Venus,4,0th House,0,0,0.0958,0.0958,Standard
2026-01-10 04:00:00,Parashara_Drishti,Jupiter,Gemini,Song Tử,"25°57'04.98""",Punarvasu,Jupiter,2,Sun,Sagittarius,Nhân Mã,"25°23'19.12""",Purva Ashadha,Venus,4,7th House,7,180,179.4373,0.5627,Weak
2026-01-10 04:15:00,Parashara_Drishti,Sun,Sagittarius,Nhân Mã,"25°23'57.33""",Purva Ashadha,Venus,4,Venus,Sagittarius,Nhân Mã,"26°09'46.03""",Purva Ashadha,Venus,4,0th House,0,0,0.7635,0.7635,Combust
2026-01-10 04:15:00,Parashara_Drishti,Sun,Sagittarius,Nhân Mã,"25°23'57.33""",Purva Ashadha,Venus,4,Mars,Sagittarius,Nhân Mã,"25°18'03.06""",Purva Ashadha,Venus,4,0th House,0,0,359.9016,0.0984,Combust
2026-01-10 04:15:00,Parashara_Drishti,Sun,Sagittarius,Nhân Mã,"25°23'57.33""",Purva Ashadha,Venus,4,Jupiter,Gemini,Song Tử,"25°56'59.92""",Punarvasu,Jupiter,2,7th House,7,180,180.5507,0.5507,Standard
2026-01-10 04:15:00,Parashara_Drishti,Venus,Sagittarius,Nhân Mã,"26°09'46.03""",Purva Ashadha,Venus,4,Sun,Sagittarius,Nhân Mã,"25°23'57.33""",Purva Ashadha,Venus,4,0th House,0,0,359.2365,0.7635,Standard
2026-01-10 04:15:00,Parashara_Drishti,Mars,Sagittarius,Nhân Mã,"25°18'03.06""",Purva Ashadha,Venus,4,Sun,Sagittarius,Nhân Mã,"25°23'57.33""",Purva Ashadha,Venus,4,0th House,0,0,0.0984,0.0984,Standard
2026-01-10 04:15:00,Parashara_Drishti,Jupiter,Gemini,Song Tử,"25°56'59.92""",Punarvasu,Jupiter,2,Sun,Sagittarius,Nhân Mã,"25°23'57.33""",Purva Ashadha,Venus,4,7th House,7,180,179.4493,0.5507,Weak
2026-01-10 04:30:00,Parashara_Drishti,Sun,Sagittarius,Nhân Mã,"25°24'35.54""",Purva Ashadha,Venus,4,Venus,Sagittarius,Nhân Mã,"26°10'33.20""",Purva Ashadha,Venus,4,0th House,0,0,0.766,0.766,Combust
2026-01-10 04:30:00,Parashara_Drishti,Sun,Sagittarius,Nhân Mã,"25°24'35.54""",Purva Ashadha,Venus,4,Mars,Sagittarius,Nhân Mã,"25°18'32.01""",Purva Ashadha,Venus,4,0th House,0,0,359.899,0.101,Combust
2026-01-10 04:30:00,Parashara_Drishti,Sun,Sagittarius,Nhân Mã,"25°24'35.54""",Purva Ashadha,Venus,4,Jupiter,Gemini,Song Tử,"25°56'54.85""",Punarvasu,Jupiter,2,7th House,7,180,180.5387,0.5387,Standard
2026-01-10 04:30:00,Parashara_Drishti,Venus,Sagittarius,Nhân Mã,"26°10'33.20""",Purva Ashadha,Venus,4,Sun,Sagittarius,Nhân Mã,"25°24'35.54""",Purva Ashadha,Venus,4,0th House,0,0,359.234,0.766,Standard
2026-01-10 04:30:00,Parashara_Drishti,Mars,Sagittarius,Nhân Mã,"25°18'32.01""",Purva Ashadha,Venus,4,Sun,Sagittarius,Nhân Mã,"25°24'35.54""",Purva Ashadha,Venus,4,0th House,0,0,0.101,0.101,Standard
2026-01-10 04:30:00,Parashara_Drishti,Jupiter,Gemini,Song Tử,"25°56'54.85""",Punarvasu,Jupiter,2,Sun,Sagittarius,Nhân Mã,"25°24'35.54""",Purva Ashadha,Venus,4,7th House,7,180,179.4613,0.5387,Weak
2026-01-10 04:45:00,Parashara_Drishti,Sun,Sagittarius,Nhân Mã,"25°25'13.75""",Purva Ashadha,Venus,4,Venus,Sagittarius,Nhân Mã,"26°11'20.37""",Purva Ashadha,Venus,4,0th House,0,0,0.7685,0.7685,Combust
2026-01-10 04:45:00,Parashara_Drishti,Sun,Sagittarius,Nhân Mã,"25°25'13.75""",Purva Ashadha,Venus,4,Mars,Sagittarius,Nhân Mã,"25°19'00.96""",Purva Ashadha,Venus,4,0th House,0,0,359.8964,0.1036,Combust
2026-01-10 04:45:00,Parashara_Drishti,Sun,Sagittarius,Nhân Mã,"25°25'13.75""",Purva Ashadha,Venus,4,Jupiter,Gemini,Song Tử,"25°56'49.79""",Punarvasu,Jupiter,2,7th House,7,180,180.5267,0.5267,Standard
2026-01-10 04:45:00,Parashara_Drishti,Venus,Sagittarius,Nhân Mã,"26°11'20.37""",Purva Ashadha,Venus,4,Sun,Sagittarius,Nhân Mã,"25°25'13.75""",Purva Ashadha,Venus,4,0th House,0,0,359.2315,0.7685,Standard
2026-01-10 04:45:00,Parashara_Drishti,Mars,Sagittarius,Nhân Mã,"25°19'00.96""",Purva Ashadha,Venus,4,Sun,Sagittarius,Nhân Mã,"25°25'13.75""",Purva Ashadha,Venus,4,0th House,0,0,0.1036,0.1036,Standard
2026-01-10 04:45:00,Parashara_Drishti,Jupiter,Gemini,Song Tử,"25°56'49.79""",Punarvasu,Jupiter,2,Sun,Sagittarius,Nhân Mã,"25°25'13.75""",Purva Ashadha,Venus,4,7th House,7,180,179.4733,0.5267,Weak
2026-01-10 05:00:00,Parashara_Drishti,Sun,Sagittarius,Nhân Mã,"25°25'51.96""",Purva Ashadha,Venus,4,Venus,Sagittarius,Nhân Mã,"26°12'07.54""",Purva Ashadha,Venus,4,0th House,0,0,0.771,0.771,Combust
2026-01-10 05:00:00,Parashara_Drishti,Sun,Sagittarius,Nhân Mã,"25°25'51.96""",Purva Ashadha,Venus,4,Mars,Sagittarius,Nhân Mã,"25°19'29.91""",Purva Ashadha,Venus,4,0th House,0,0,359.8939,0.1061,Combust
2026-01-10 05:00:00,Parashara_Drishti,Sun,Sagittarius,Nhân Mã,"25°25'51.96""",Purva Ashadha,Venus,4,Jupiter,Gemini,Song Tử,"25°56'44.73""",Punarvasu,Jupiter,2,7th House,7,180,180.5147,0.5147,Standard
2026-01-10 05:00:00,Parashara_Drishti,Venus,Sagittarius,Nhân Mã,"26°12'07.54""",Purva Ashadha,Venus,4,Sun,Sagittarius,Nhân Mã,"25°25'51.96""",Purva Ashadha,Venus,4,0th House,0,0,359.229,0.771,Standard
2026-01-10 05:00:00,Parashara_Drishti,Mars,Sagittarius,Nhân Mã,"25°19'29.91""",Purva Ashadha,Venus,4,Sun,Sagittarius,Nhân Mã,"25°25'51.96""",Purva Ashadha,Venus,4,0th House,0,0,0.1061,0.1061,Standard
2026-01-10 05:00:00,Parashara_Drishti,Jupiter,Gemini,Song Tử,"25°56'44.73""",Punarvasu,Jupiter,2,Sun,Sagittarius,Nhân Mã,"25°25'51.96""",Purva Ashadha,Venus,4,7th House,7,180,179.4853,0.5147,Weak
2026-01-10 05:15:00,Parashara_Drishti,Sun,Sagittarius,Nhân Mã,"25°26'30.17""",Purva Ashadha,Venus,4,Venus,Sagittarius,Nhân Mã,"26°12'54.71""",Purva Ashadha,Venus,4,0th House,0,0,0.7735,0.7735,Combust
2026-01-10 05:15:00,Parashara_Drishti,Sun,Sagittarius,Nhân Mã,"25°26'30.17""",Purva Ashadha,Venus,4,Mars,Sagittarius,Nhân Mã,"25°19'58.87""",Purva Ashadha,Venus,4,0th House,0,0,359.8913,0.1087,Combust
2026-01-10 05:15:00,Parashara_Drishti,Sun,Sagittarius,Nhân Mã,"25°26'30.17""",Purva Ashadha,Venus,4,Jupiter,Gemini,Song Tử,"25°56'39.66""",Punarvasu,Jupiter,2,7th House,7,180,180.5026,0.5026,Standard
2026-01-10 05:15:00,Parashara_Drishti,Venus,Sagittarius,Nhân Mã,"26°12'54.71""",Purva Ashadha,Venus,4,Sun,Sagittarius,Nhân Mã,"25°26'30.17""",Purva Ashadha,Venus,4,0th House,0,0,359.2265,0.7735,Standard
2026-01-10 05:15:00,Parashara_Drishti,Mars,Sagittarius,Nhân Mã,"25°19'58.87""",Purva Ashadha,Venus,4,Sun,Sagittarius,Nhân Mã,"25°26'30.17""",Purva Ashadha,Venus,4,0th House,0,0,0.1087,0.1087,Standard
2026-01-10 05:15:00,Parashara_Drishti,Jupiter,Gemini,Song Tử,"25°56'39.66""",Punarvasu,Jupiter,2,Sun,Sagittarius,Nhân Mã,"25°26'30.17""",Purva Ashadha,Venus,4,7th House,7,180,179.4974,0.5026,Weak
2026-01-10 05:30:00,Parashara_Drishti,Sun,Sagittarius,Nhân Mã,"25°27'08.37""",Purva Ashadha,Venus,4,Venus,Sagittarius,Nhân Mã,"26°13'41.88""",Purva Ashadha,Venus,4,0th House,0,0,0.776,0.776,Combust
2026-01-10 05:30:00,Parashara_Drishti,Sun,Sagittarius,Nhân Mã,"25°27'08.37""",Purva Ashadha,Venus,4,Mars,Sagittarius,Nhân Mã,"25°20'27.82""",Purva Ashadha,Venus,4,0th House,0,0,359.8887,0.1113,Combust
2026-01-10 05:30:00,Parashara_Drishti,Sun,Sagittarius,Nhân Mã,"25°27'08.37""",Purva Ashadha,Venus,4,Jupiter,Gemini,Song Tử,"25°56'34.60""",Punarvasu,Jupiter,2,7th House,7,180,180.4906,0.4906,Standard
2026-01-10 05:30:00,Parashara_Drishti,Venus,Sagittarius,Nhân Mã,"26°13'41.88""",Purva Ashadha,Venus,4,Sun,Sagittarius,Nhân Mã,"25°27'08.37""",Purva Ashadha,Venus,4,0th House,0,0,359.224,0.776,Standard
2026-01-10 05:30:00,Parashara_Drishti,Mars,Sagittarius,Nhân Mã,"25°20'27.82""",Purva Ashadha,Venus,4,Sun,Sagittarius,Nhân Mã,"25°27'08.37""",Purva Ashadha,Venus,4,0th House,0,0,0.1113,0.1113,Standard
2026-01-10 05:30:00,Parashara_Drishti,Jupiter,Gemini,Song Tử,"25°56'34.60""",Punarvasu,Jupiter,2,Sun,Sagittarius,Nhân Mã,"25°27'08.37""",Purva Ashadha,Venus,4,7th House,7,180,179.5094,0.4906,Weak
2026-01-10 05:45:00,Parashara_Drishti,Sun,Sagittarius,Nhân Mã,"25°27'46.58""",Purva Ashadha,Venus,4,Venus,Sagittarius,Nhân Mã,"26°14'29.05""",Purva Ashadha,Venus,4,0th House,0,0,0.7785,0.7785,Combust
2026-01-10 05:45:00,Parashara_Drishti,Sun,Sagittarius,Nhân Mã,"25°27'46.58""",Purva Ashadha,Venus,4,Mars,Sagittarius,Nhân Mã,"25°20'56.77""",Purva Ashadha,Venus,4,0th House,0,0,359.8862,0.1138,Combust
2026-01-10 05:45:00,Parashara_Drishti,Sun,Sagittarius,Nhân Mã,"25°27'46.58""",Purva Ashadha,Venus,4,Jupiter,Gemini,Song Tử,"25°56'29.54""",Punarvasu,Jupiter,2,7th House,7,180,180.4786,0.4786,Standard
2026-01-10 05:45:00,Parashara_Drishti,Venus,Sagittarius,Nhân Mã,"26°14'29.05""",Purva Ashadha,Venus,4,Sun,Sagittarius,Nhân Mã,"25°27'46.58""",Purva Ashadha,Venus,4,0th House,0,0,359.2215,0.7785,Standard
2026-01-10 05:45:00,Parashara_Drishti,Mars,Sagittarius,Nhân Mã,"25°20'56.77""",Purva Ashadha,Venus,4,Sun,Sagittarius,Nhân Mã,"25°27'46.58""",Purva Ashadha,Venus,4,0th House,0,0,0.1138,0.1138,Standard
2026-01-10 05:45:00,Parashara_Drishti,Jupiter,Gemini,Song Tử,"25°56'29.54""",Punarvasu,Jupiter,2,Sun,Sagittarius,Nhân Mã,"25°27'46.58""",Purva Ashadha,Venus,4,7th House,7,180,179.5214,0.4786,Weak
2026-01-10 06:00:00,Parashara_Drishti,Sun,Sagittarius,Nhân Mã,"25°28'24.79""",Purva Ashadha,Venus,4,Venus,Sagittarius,Nhân Mã,"26°15'16.22""",Purva Ashadha,Venus,4,0th House,0,0,0.781,0.781,Combust
2026-01-10 06:00:00,Parashara_Drishti,Sun,Sagittarius,Nhân Mã,"25°28'24.79""",Purva Ashadha,Venus,4,Mars,Sagittarius,Nhân Mã,"25°21'25.73""",Purva Ashadha,Venus,4,0th House,0,0,359.8836,0.1164,Combust
2026-01-10 06:00:00,Parashara_Drishti,Sun,Sagittarius,Nhân Mã,"25°28'24.79""",Purva Ashadha,Venus,4,Jupiter,Gemini,Song Tử,"25°56'24.48""",Punarvasu,Jupiter,2,7th House,7,180,180.4666,0.4666,Standard
2026-01-10 06:00:00,Parashara_Drishti,Venus,Sagittarius,Nhân Mã,"26°15'16.22""",Purva Ashadha,Venus,4,Sun,Sagittarius,Nhân Mã,"25°28'24.79""",Purva Ashadha,Venus,4,0th House,0,0,359.219,0.781,Standard
2026-01-10 06:00:00,Parashara_Drishti,Mars,Sagittarius,Nhân Mã,"25°21'25.73""",Purva Ashadha,Venus,4,Sun,Sagittarius,Nhân Mã,"25°28'24.79""",Purva Ashadha,Venus,4,0th House,0,0,0.1164,0.1164,Standard
2026-01-10 06:00:00,Parashara_Drishti,Jupiter,Gemini,Song Tử,"25°56'24.48""",Punarvasu,Jupiter,2,Sun,Sagittarius,Nhân Mã,"25°28'24.79""",Purva Ashadha,Venus,4,7th House,7,180,179.5334,0.4666,Weak
2026-01-10 06:15:00,Parashara_Drishti,Sun,Sagittarius,Nhân Mã,"25°29'03.00""",Purva Ashadha,Venus,4,Venus,Sagittarius,Nhân Mã,"26°16'03.39""",Purva Ashadha,Venus,4,0th House,0,0,0.7834,0.7834,Combust
2026-01-10 06:15:00,Parashara_Drishti,Sun,Sagittarius,Nhân Mã,"25°29'03.00""",Purva Ashadha,Venus,4,Mars,Sagittarius,Nhân Mã,"25°21'54.68""",Purva Ashadha,Venus,4,0th House,0,0,359.881,0.119,Combust
2026-01-10 06:15:00,Parashara_Drishti,Sun,Sagittarius,Nhân Mã,"25°29'03.00""",Purva Ashadha,Venus,4,Jupiter,Gemini,Song Tử,"25°56'19.41""",Punarvasu,Jupiter,2,7th House,7,180,180.4546,0.4546,Standard
2026-01-10 06:15:00,Parashara_Drishti,Venus,Sagittarius,Nhân Mã,"26°16'03.39""",Purva Ashadha,Venus,4,Sun,Sagittarius,Nhân Mã,"25°29'03.00""",Purva Ashadha,Venus,4,0th House,0,0,359.2166,0.7834,Standard
2026-01-10 06:15:00,Parashara_Drishti,Mars,Sagittarius,Nhân Mã,"25°21'54.68""",Purva Ashadha,Venus,4,Sun,Sagittarius,Nhân Mã,"25°29'03.00""",Purva Ashadha,Venus,4,0th House,0,0,0.119,0.119,Standard
2026-01-10 06:15:00,Parashara_Drishti,Jupiter,Gemini,Song Tử,"25°56'19.41""",Punarvasu,Jupiter,2,Sun,Sagittarius,Nhân Mã,"25°29'03.00""",Purva Ashadha,Venus,4,7th House,7,180,179.5454,0.4546,Weak
2026-01-10 06:30:00,Parashara_Drishti,Sun,Sagittarius,Nhân Mã,"25°29'41.21""",Purva Ashadha,Venus,4,Venus,Sagittarius,Nhân Mã,"26°16'50.56""",Purva Ashadha,Venus,4,0th House,0,0,0.7859,0.7859,Combust
2026-01-10 06:30:00,Parashara_Drishti,Sun,Sagittarius,Nhân Mã,"25°29'41.21""",Purva Ashadha,Venus,4,Mars,Sagittarius,Nhân Mã,"25°22'23.63""",Purva Ashadha,Venus,4,0th House,0,0,359.8785,0.1215,Combust
2026-01-10 06:30:00,Parashara_Drishti,Sun,Sagittarius,Nhân Mã,"25°29'41.21""",Purva Ashadha,Venus,4,Jupiter,Gemini,Song Tử,"25°56'14.35""",Punarvasu,Jupiter,2,7th House,7,180,180.4425,0.4425,Standard
2026-01-10 06:30:00,Parashara_Drishti,Venus,Sagittarius,Nhân Mã,"26°16'50.56""",Purva Ashadha,Venus,4,Sun,Sagittarius,Nhân Mã,"25°29'41.21""",Purva Ashadha,Venus,4,0th House,0,0,359.2141,0.7859,Standard
2026-01-10 06:30:00,Parashara_Drishti,Mars,Sagittarius,Nhân Mã,"25°22'23.63""",Purva Ashadha,Venus,4,Sun,Sagittarius,Nhân Mã,"25°29'41.21""",Purva Ashadha,Venus,4,0th House,0,0,0.1215,0.1215,Standard
2026-01-10 06:30:00,Parashara_Drishti,Jupiter,Gemini,Song Tử,"25°56'14.35""",Punarvasu,Jupiter,2,Sun,Sagittarius,Nhân Mã,"25°29'41.21""",Purva Ashadha,Venus,4,7th House,7,180,179.5575,0.4425,Weak
2026-01-10 06:45:00,Parashara_Drishti,Sun,Sagittarius,Nhân Mã,"25°30'19.42""",Purva Ashadha,Venus,4,Venus,Sagittarius,Nhân Mã,"26°17'37.72""",Purva Ashadha,Venus,4,0th House,0,0,0.7884,0.7884,Combust
2026-01-10 06:45:00,Parashara_Drishti,Sun,Sagittarius,Nhân Mã,"25°30'19.42""",Purva Ashadha,Venus,4,Mars,Sagittarius,Nhân Mã,"25°22'52.59""",Purva Ashadha,Venus,4,0th House,0,0,359.8759,0.1241,Combust
2026-01-10 06:45:00,Parashara_Drishti,Sun,Sagittarius,Nhân Mã,"25°30'19.42""",Purva Ashadha,Venus,4,Jupiter,Gemini,Song Tử,"25°56'09.29""",Punarvasu,Jupiter,2,7th House,7,180,180.4305,0.4305,Standard
2026-01-10 06:45:00,Parashara_Drishti,Venus,Sagittarius,Nhân Mã,"26°17'37.72""",Purva Ashadha,Venus,4,Sun,Sagittarius,Nhân Mã,"25°30'19.42""",Purva Ashadha,Venus,4,0th House,0,0,359.2116,0.7884,Standard
2026-01-10 06:45:00,Parashara_Drishti,Mars,Sagittarius,Nhân Mã,"25°22'52.59""",Purva Ashadha,Venus,4,Sun,Sagittarius,Nhân Mã,"25°30'19.42""",Purva Ashadha,Venus,4,0th House,0,0,0.1241,0.1241,Standard
2026-01-10 06:45:00,Parashara_Drishti,Jupiter,Gemini,Song Tử,"25°56'09.29""",Punarvasu,Jupiter,2,Sun,Sagittarius,Nhân Mã,"25°30'19.42""",Purva Ashadha,Venus,4,7th House,7,180,179.5695,0.4305,Weak
2026-01-10 07:00:00,Parashara_Drishti,Sun,Sagittarius,Nhân Mã,"25°30'57.62""",Purva Ashadha,Venus,4,Venus,Sagittarius,Nhân Mã,"26°18'24.89""",Purva Ashadha,Venus,4,0th House,0,0,0.7909,0.7909,Combust
2026-01-10 07:00:00,Parashara_Drishti,Sun,Sagittarius,Nhân Mã,"25°30'57.62""",Purva Ashadha,Venus,4,Mars,Sagittarius,Nhân Mã,"25°23'21.54""",Purva Ashadha,Venus,4,0th House,0,0,359.8733,0.1267,Combust
2026-01-10 07:00:00,Parashara_Drishti,Sun,Sagittarius,Nhân Mã,"25°30'57.62""",Purva Ashadha,Venus,4,Jupiter,Gemini,Song Tử,"25°56'04.22""",Punarvasu,Jupiter,2,7th House,7,180,180.4185,0.4185,Standard
2026-01-10 07:00:00,Parashara_Drishti,Venus,Sagittarius,Nhân Mã,"26°18'24.89""",Purva Ashadha,Venus,4,Sun,Sagittarius,Nhân Mã,"25°30'57.62""",Purva Ashadha,Venus,4,0th House,0,0,359.2091,0.7909,Standard
2026-01-10 07:00:00,Parashara_Drishti,Mars,Sagittarius,Nhân Mã,"25°23'21.54""",Purva Ashadha,Venus,4,Sun,Sagittarius,Nhân Mã,"25°30'57.62""",Purva Ashadha,Venus,4,0th House,0,0,0.1267,0.1267,Standard
2026-01-10 07:00:00,Parashara_Drishti,Jupiter,Gemini,Song Tử,"25°56'04.22""",Punarvasu,Jupiter,2,Sun,Sagittarius,Nhân Mã,"25°30'57.62""",Purva Ashadha,Venus,4,7th House,7,180,179.5815,0.4185,Weak
2026-01-10 07:15:00,Parashara_Drishti,Sun,Sagittarius,Nhân Mã,"25°31'35.83""",Purva Ashadha,Venus,4,Venus,Sagittarius,Nhân Mã,"26°19'12.06""",Purva Ashadha,Venus,4,0th House,0,0,0.7934,0.7934,Combust
2026-01-10 07:15:00,Parashara_Drishti,Sun,Sagittarius,Nhân Mã,"25°31'35.83""",Purva Ashadha,Venus,4,Mars,Sagittarius,Nhân Mã,"25°23'50.50""",Purva Ashadha,Venus,4,0th House,0,0,359.8707,0.1293,Combust
2026-01-10 07:15:00,Parashara_Drishti,Sun,Sagittarius,Nhân Mã,"25°31'35.83""",Purva Ashadha,Venus,4,Jupiter,Gemini,Song Tử,"25°55'59.16""",Punarvasu,Jupiter,2,7th House,7,180,180.4065,0.4065,Standard
2026-01-10 07:15:00,Parashara_Drishti,Venus,Sagittarius,Nhân Mã,"26°19'12.06""",Purva Ashadha,Venus,4,Sun,Sagittarius,Nhân Mã,"25°31'35.83""",Purva Ashadha,Venus,4,0th House,0,0,359.2066,0.7934,Standard
2026-01-10 07:15:00,Parashara_Drishti,Mars,Sagittarius,Nhân Mã,"25°23'50.50""",Purva Ashadha,Venus,4,Sun,Sagittarius,Nhân Mã,"25°31'35.83""",Purva Ashadha,Venus,4,0th House,0,0,0.1293,0.1293,Standard
2026-01-10 07:15:00,Parashara_Drishti,Jupiter,Gemini,Song Tử,"25°55'59.16""",Punarvasu,Jupiter,2,Sun,Sagittarius,Nhân Mã,"25°31'35.83""",Purva Ashadha,Venus,4,7th House,7,180,179.5935,0.4065,Weak
2026-01-10 07:30:00,Parashara_Drishti,Sun,Sagittarius,Nhân Mã,"25°32'14.04""",Purva Ashadha,Venus,4,Venus,Sagittarius,Nhân Mã,"26°19'59.23""",Purva Ashadha,Venus,4,0th House,0,0,0.7959,0.7959,Combust
2026-01-10 07:30:00,Parashara_Drishti,Sun,Sagittarius,Nhân Mã,"25°32'14.04""",Purva Ashadha,Venus,4,Mars,Sagittarius,Nhân Mã,"25°24'19.45""",Purva Ashadha,Venus,4,0th House,0,0,359.8682,0.1318,Combust
2026-01-10 07:30:00,Parashara_Drishti,Sun,Sagittarius,Nhân Mã,"25°32'14.04""",Purva Ashadha,Venus,4,Jupiter,Gemini,Song Tử,"25°55'54.10""",Punarvasu,Jupiter,2,7th House,7,180,180.3945,0.3945,Standard
2026-01-10 07:30:00,Parashara_Drishti,Venus,Sagittarius,Nhân Mã,"26°19'59.23""",Purva Ashadha,Venus,4,Sun,Sagittarius,Nhân Mã,"25°32'14.04""",Purva Ashadha,Venus,4,0th House,0,0,359.2041,0.7959,Standard
2026-01-10 07:30:00,Parashara_Drishti,Mars,Sagittarius,Nhân Mã,"25°24'19.45""",Purva Ashadha,Venus,4,Sun,Sagittarius,Nhân Mã,"25°32'14.04""",Purva Ashadha,Venus,4,0th House,0,0,0.1318,0.1318,Standard
2026-01-10 07:30:00,Parashara_Drishti,Jupiter,Gemini,Song Tử,"25°55'54.10""",Punarvasu,Jupiter,2,Sun,Sagittarius,Nhân Mã,"25°32'14.04""",Purva Ashadha,Venus,4,7th House,7,180,179.6055,0.3945,Weak
2026-01-10 07:45:00,Parashara_Drishti,Sun,Sagittarius,Nhân Mã,"25°32'52.25""",Purva Ashadha,Venus,4,Venus,Sagittarius,Nhân Mã,"26°20'46.40""",Purva Ashadha,Venus,4,0th House,0,0,0.7984,0.7984,Combust
2026-01-10 07:45:00,Parashara_Drishti,Sun,Sagittarius,Nhân Mã,"25°32'52.25""",Purva Ashadha,Venus,4,Mars,Sagittarius,Nhân Mã,"25°24'48.41""",Purva Ashadha,Venus,4,0th House,0,0,359.8656,0.1344,Combust
2026-01-10 07:45:00,Parashara_Drishti,Sun,Sagittarius,Nhân Mã,"25°32'52.25""",Purva Ashadha,Venus,4,Jupiter,Gemini,Song Tử,"25°55'49.04""",Punarvasu,Jupiter,2,7th House,7,180,180.3824,0.3824,Standard
2026-01-10 07:45:00,Parashara_Drishti,Venus,Sagittarius,Nhân Mã,"26°20'46.40""",Purva Ashadha,Venus,4,Sun,Sagittarius,Nhân Mã,"25°32'52.25""",Purva Ashadha,Venus,4,0th House,0,0,359.2016,0.7984,Standard
2026-01-10 07:45:00,Parashara_Drishti,Mars,Sagittarius,Nhân Mã,"25°24'48.41""",Purva Ashadha,Venus,4,Sun,Sagittarius,Nhân Mã,"25°32'52.25""",Purva Ashadha,Venus,4,0th House,0,0,0.1344,0.1344,Standard
2026-01-10 07:45:00,Parashara_Drishti,Jupiter,Gemini,Song Tử,"25°55'49.04""",Punarvasu,Jupiter,2,Sun,Sagittarius,Nhân Mã,"25°32'52.25""",Purva Ashadha,Venus,4,7th House,7,180,179.6176,0.3824,Weak
2026-01-10 08:00:00,Parashara_Drishti,Sun,Sagittarius,Nhân Mã,"25°33'30.46""",Purva Ashadha,Venus,4,Venus,Sagittarius,Nhân Mã,"26°21'33.57""",Purva Ashadha,Venus,4,0th House,0,0,0.8009,0.8009,Combust
2026-01-10 08:00:00,Parashara_Drishti,Sun,Sagittarius,Nhân Mã,"25°33'30.46""",Purva Ashadha,Venus,4,Mars,Sagittarius,Nhân Mã,"25°25'17.36""",Purva Ashadha,Venus,4,0th House,0,0,359.863,0.137,Combust
2026-01-10 08:00:00,Parashara_Drishti,Sun,Sagittarius,Nhân Mã,"25°33'30.46""",Purva Ashadha,Venus,4,Jupiter,Gemini,Song Tử,"25°55'43.97""",Punarvasu,Jupiter,2,7th House,7,180,180.3704,0.3704,Standard
2026-01-10 08:00:00,Parashara_Drishti,Venus,Sagittarius,Nhân Mã,"26°21'33.57""",Purva Ashadha,Venus,4,Sun,Sagittarius,Nhân Mã,"25°33'30.46""",Purva Ashadha,Venus,4,0th House,0,0,359.1991,0.8009,Standard
2026-01-10 08:00:00,Parashara_Drishti,Mars,Sagittarius,Nhân Mã,"25°25'17.36""",Purva Ashadha,Venus,4,Sun,Sagittarius,Nhân Mã,"25°33'30.46""",Purva Ashadha,Venus,4,0th House,0,0,0.137,0.137,Standard
2026-01-10 08:00:00,Parashara_Drishti,Jupiter,Gemini,Song Tử,"25°55'43.97""",Punarvasu,Jupiter,2,Sun,Sagittarius,Nhân Mã,"25°33'30.46""",Purva Ashadha,Venus,4,7th House,7,180,179.6296,0.3704,Weak
2026-01-10 08:15:00,Parashara_Drishti,Sun,Sagittarius,Nhân Mã,"25°34'08.67""",Purva Ashadha,Venus,4,Venus,Sagittarius,Nhân Mã,"26°22'20.74""",Purva Ashadha,Venus,4,0th House,0,0,0.8034,0.8034,Combust
2026-01-10 08:15:00,Parashara_Drishti,Sun,Sagittarius,Nhân Mã,"25°34'08.67""",Purva Ashadha,Venus,4,Mars,Sagittarius,Nhân Mã,"25°25'46.32""",Purva Ashadha,Venus,4,0th House,0,0,359.8605,0.1395,Combust
2026-01-10 08:15:00,Parashara_Drishti,Sun,Sagittarius,Nhân Mã,"25°34'08.67""",Purva Ashadha,Venus,4,Jupiter,Gemini,Song Tử,"25°55'38.91""",Punarvasu,Jupiter,2,7th House,7,180,180.3584,0.3584,Standard
2026-01-10 08:15:00,Parashara_Drishti,Venus,Sagittarius,Nhân Mã,"26°22'20.74""",Purva Ashadha,Venus,4,Sun,Sagittarius,Nhân Mã,"25°34'08.67""",Purva Ashadha,Venus,4,0th House,0,0,359.1966,0.8034,Standard
2026-01-10 08:15:00,Parashara_Drishti,Mars,Sagittarius,Nhân Mã,"25°25'46.32""",Purva Ashadha,Venus,4,Sun,Sagittarius,Nhân Mã,"25°34'08.67""",Purva Ashadha,Venus,4,0th House,0,0,0.1395,0.1395,Standard
2026-01-10 08:15:00,Parashara_Drishti,Jupiter,Gemini,Song Tử,"25°55'38.91""",Punarvasu,Jupiter,2,Sun,Sagittarius,Nhân Mã,"25°34'08.67""",Purva Ashadha,Venus,4,7th House,7,180,179.6416,0.3584,Weak
2026-01-10 08:30:00,Parashara_Drishti,Sun,Sagittarius,Nhân Mã,"25°34'46.88""",Purva Ashadha,Venus,4,Venus,Sagittarius,Nhân Mã,"26°23'07.91""",Purva Ashadha,Venus,4,0th House,0,0,0.8058,0.8058,Combust
2026-01-10 08:30:00,Parashara_Drishti,Sun,Sagittarius,Nhân Mã,"25°34'46.88""",Purva Ashadha,Venus,4,Mars,Sagittarius,Nhân Mã,"25°26'15.27""",Purva Ashadha,Venus,4,0th House,0,0,359.8579,0.1421,Combust
2026-01-10 08:30:00,Parashara_Drishti,Sun,Sagittarius,Nhân Mã,"25°34'46.88""",Purva Ashadha,Venus,4,Jupiter,Gemini,Song Tử,"25°55'33.85""",Punarvasu,Jupiter,2,7th House,7,180,180.3464,0.3464,Standard
2026-01-10 08:30:00,Parashara_Drishti,Venus,Sagittarius,Nhân Mã,"26°23'07.91""",Purva Ashadha,Venus,4,Sun,Sagittarius,Nhân Mã,"25°34'46.88""",Purva Ashadha,Venus,4,0th House,0,0,359.1942,0.8058,Standard
2026-01-10 08:30:00,Parashara_Drishti,Mars,Sagittarius,Nhân Mã,"25°26'15.27""",Purva Ashadha,Venus,4,Sun,Sagittarius,Nhân Mã,"25°34'46.88""",Purva Ashadha,Venus,4,0th House,0,0,0.1421,0.1421,Standard
2026-01-10 08:30:00,Parashara_Drishti,Jupiter,Gemini,Song Tử,"25°55'33.85""",Punarvasu,Jupiter,2,Sun,Sagittarius,Nhân Mã,"25°34'46.88""",Purva Ashadha,Venus,4,7th House,7,180,179.6536,0.3464,Weak
2026-01-10 08:45:00,Parashara_Drishti,Sun,Sagittarius,Nhân Mã,"25°35'25.08""",Purva Ashadha,Venus,4,Venus,Sagittarius,Nhân Mã,"26°23'55.08""",Purva Ashadha,Venus,4,0th House,0,0,0.8083,0.8083,Combust
2026-01-10 08:45:00,Parashara_Drishti,Sun,Sagittarius,Nhân Mã,"25°35'25.08""",Purva Ashadha,Venus,4,Mars,Sagittarius,Nhân Mã,"25°26'44.23""",Purva Ashadha,Venus,4,0th House,0,0,359.8553,0.1447,Combust
2026-01-10 08:45:00,Parashara_Drishti,Sun,Sagittarius,Nhân Mã,"25°35'25.08""",Purva Ashadha,Venus,4,Jupiter,Gemini,Song Tử,"25°55'28.78""",Punarvasu,Jupiter,2,7th House,7,180,180.3344,0.3344,Standard
2026-01-10 08:45:00,Parashara_Drishti,Venus,Sagittarius,Nhân Mã,"26°23'55.08""",Purva Ashadha,Venus,4,Sun,Sagittarius,Nhân Mã,"25°35'25.08""",Purva Ashadha,Venus,4,0th House,0,0,359.1917,0.8083,Standard
2026-01-10 08:45:00,Parashara_Drishti,Mars,Sagittarius,Nhân Mã,"25°26'44.23""",Purva Ashadha,Venus,4,Sun,Sagittarius,Nhân Mã,"25°35'25.08""",Purva Ashadha,Venus,4,0th House,0,0,0.1447,0.1447,Standard
2026-01-10 08:45:00,Parashara_Drishti,Jupiter,Gemini,Song Tử,"25°55'28.78""",Punarvasu,Jupiter,2,Sun,Sagittarius,Nhân Mã,"25°35'25.08""",Purva Ashadha,Venus,4,7th House,7,180,179.6656,0.3344,Weak
2026-01-10 09:00:00,Parashara_Drishti,Sun,Sagittarius,Nhân Mã,"25°36'03.29""",Purva Ashadha,Venus,4,Venus,Sagittarius,Nhân Mã,"26°24'42.25""",Purva Ashadha,Venus,4,0th House,0,0,0.8108,0.8108,Combust
2026-01-10 09:00:00,Parashara_Drishti,Sun,Sagittarius,Nhân Mã,"25°36'03.29""",Purva Ashadha,Venus,4,Mars,Sagittarius,Nhân Mã,"25°27'13.19""",Purva Ashadha,Venus,4,0th House,0,0,359.8527,0.1473,Combust
2026-01-10 09:00:00,Parashara_Drishti,Sun,Sagittarius,Nhân Mã,"25°36'03.29""",Purva Ashadha,Venus,4,Jupiter,Gemini,Song Tử,"25°55'23.72""",Punarvasu,Jupiter,2,7th House,7,180,180.3223,0.3223,Standard
2026-01-10 09:00:00,Parashara_Drishti,Venus,Sagittarius,Nhân Mã,"26°24'42.25""",Purva Ashadha,Venus,4,Sun,Sagittarius,Nhân Mã,"25°36'03.29""",Purva Ashadha,Venus,4,0th House,0,0,359.1892,0.8108,Standard
2026-01-10 09:00:00,Parashara_Drishti,Mars,Sagittarius,Nhân Mã,"25°27'13.19""",Purva Ashadha,Venus,4,Sun,Sagittarius,Nhân Mã,"25°36'03.29""",Purva Ashadha,Venus,4,0th House,0,0,0.1473,0.1473,Standard
2026-01-10 09:00:00,Parashara_Drishti,Jupiter,Gemini,Song Tử,"25°55'23.72""",Punarvasu,Jupiter,2,Sun,Sagittarius,Nhân Mã,"25°36'03.29""",Purva Ashadha,Venus,4,7th House,7,180,179.6777,0.3223,Weak
2026-01-10 09:15:00,Parashara_Drishti,Sun,Sagittarius,Nhân Mã,"25°36'41.50""",Purva Ashadha,Venus,4,Venus,Sagittarius,Nhân Mã,"26°25'29.42""",Purva Ashadha,Venus,4,0th House,0,0,0.8133,0.8133,Combust
2026-01-10 09:15:00,Parashara_Drishti,Sun,Sagittarius,Nhân Mã,"25°36'41.50""",Purva Ashadha,Venus,4,Mars,Sagittarius,Nhân Mã,"25°27'42.14""",Purva Ashadha,Venus,4,0th House,0,0,359.8502,0.1498,Combust
2026-01-10 09:15:00,Parashara_Drishti,Sun,Sagittarius,Nhân Mã,"25°36'41.50""",Purva Ashadha,Venus,4,Jupiter,Gemini,Song Tử,"25°55'18.66""",Punarvasu,Jupiter,2,7th House,7,180,180.3103,0.3103,Standard
2026-01-10 09:15:00,Parashara_Drishti,Venus,Sagittarius,Nhân Mã,"26°25'29.42""",Purva Ashadha,Venus,4,Sun,Sagittarius,Nhân Mã,"25°36'41.50""",Purva Ashadha,Venus,4,0th House,0,0,359.1867,0.8133,Standard
2026-01-10 09:15:00,Parashara_Drishti,Mars,Sagittarius,Nhân Mã,"25°27'42.14""",Purva Ashadha,Venus,4,Sun,Sagittarius,Nhân Mã,"25°36'41.50""",Purva Ashadha,Venus,4,0th House,0,0,0.1498,0.1498,Standard
2026-01-10 09:15:00,Parashara_Drishti,Jupiter,Gemini,Song Tử,"25°55'18.66""",Punarvasu,Jupiter,2,Sun,Sagittarius,Nhân Mã,"25°36'41.50""",Purva Ashadha,Venus,4,7th House,7,180,179.6897,0.3103,Weak
2026-01-10 09:30:00,Parashara_Drishti,Sun,Sagittarius,Nhân Mã,"25°37'19.71""",Purva Ashadha,Venus,4,Venus,Sagittarius,Nhân Mã,"26°26'16.59""",Purva Ashadha,Venus,4,0th House,0,0,0.8158,0.8158,Combust
2026-01-10 09:30:00,Parashara_Drishti,Sun,Sagittarius,Nhân Mã,"25°37'19.71""",Purva Ashadha,Venus,4,Mars,Sagittarius,Nhân Mã,"25°28'11.10""",Purva Ashadha,Venus,4,0th House,0,0,359.8476,0.1524,Combust
2026-01-10 09:30:00,Parashara_Drishti,Sun,Sagittarius,Nhân Mã,"25°37'19.71""",Purva Ashadha,Venus,4,Jupiter,Gemini,Song Tử,"25°55'13.60""",Punarvasu,Jupiter,2,7th House,7,180,180.2983,0.2983,Standard
2026-01-10 09:30:00,Parashara_Drishti,Venus,Sagittarius,Nhân Mã,"26°26'16.59""",Purva Ashadha,Venus,4,Sun,Sagittarius,Nhân Mã,"25°37'19.71""",Purva Ashadha,Venus,4,0th House,0,0,359.1842,0.8158,Standard
2026-01-10 09:30:00,Parashara_Drishti,Mars,Sagittarius,Nhân Mã,"25°28'11.10""",Purva Ashadha,Venus,4,Sun,Sagittarius,Nhân Mã,"25°37'19.71""",Purva Ashadha,Venus,4,0th House,0,0,0.1524,0.1524,Standard
2026-01-10 09:30:00,Parashara_Drishti,Jupiter,Gemini,Song Tử,"25°55'13.60""",Punarvasu,Jupiter,2,Sun,Sagittarius,Nhân Mã,"25°37'19.71""",Purva Ashadha,Venus,4,7th House,7,180,179.7017,0.2983,Weak
2026-01-10 09:45:00,Parashara_Drishti,Sun,Sagittarius,Nhân Mã,"25°37'57.92""",Purva Ashadha,Venus,4,Venus,Sagittarius,Nhân Mã,"26°27'03.76""",Purva Ashadha,Venus,4,0th House,0,0,0.8183,0.8183,Combust
2026-01-10 09:45:00,Parashara_Drishti,Sun,Sagittarius,Nhân Mã,"25°37'57.92""",Purva Ashadha,Venus,4,Mars,Sagittarius,Nhân Mã,"25°28'40.06""",Purva Ashadha,Venus,4,0th House,0,0,359.845,0.155,Combust
2026-01-10 09:45:00,Parashara_Drishti,Sun,Sagittarius,Nhân Mã,"25°37'57.92""",Purva Ashadha,Venus,4,Jupiter,Gemini,Song Tử,"25°55'08.53""",Punarvasu,Jupiter,2,7th House,7,180,180.2863,0.2863,Standard
2026-01-10 09:45:00,Parashara_Drishti,Venus,Sagittarius,Nhân Mã,"26°27'03.76""",Purva Ashadha,Venus,4,Sun,Sagittarius,Nhân Mã,"25°37'57.92""",Purva Ashadha,Venus,4,0th House,0,0,359.1817,0.8183,Standard
2026-01-10 09:45:00,Parashara_Drishti,Mars,Sagittarius,Nhân Mã,"25°28'40.06""",Purva Ashadha,Venus,4,Sun,Sagittarius,Nhân Mã,"25°37'57.92""",Purva Ashadha,Venus,4,0th House,0,0,0.155,0.155,Standard
2026-01-10 09:45:00,Parashara_Drishti,Jupiter,Gemini,Song Tử,"25°55'08.53""",Punarvasu,Jupiter,2,Sun,Sagittarius,Nhân Mã,"25°37'57.92""",Purva Ashadha,Venus,4,7th House,7,180,179.7137,0.2863,Weak
2026-01-10 10:00:00,Parashara_Drishti,Sun,Sagittarius,Nhân Mã,"25°38'36.13""",Purva Ashadha,Venus,4,Venus,Sagittarius,Nhân Mã,"26°27'50.93""",Purva Ashadha,Venus,4,0th House,0,0,0.8208,0.8208,Combust
2026-01-10 10:00:00,Parashara_Drishti,Sun,Sagittarius,Nhân Mã,"25°38'36.13""",Purva Ashadha,Venus,4,Mars,Sagittarius,Nhân Mã,"25°29'09.02""",Purva Ashadha,Venus,4,0th House,0,0,359.8425,0.1575,Combust
2026-01-10 10:00:00,Parashara_Drishti,Sun,Sagittarius,Nhân Mã,"25°38'36.13""",Purva Ashadha,Venus,4,Jupiter,Gemini,Song Tử,"25°55'03.47""",Punarvasu,Jupiter,2,7th House,7,180,180.2743,0.2743,Standard
2026-01-10 10:00:00,Parashara_Drishti,Venus,Sagittarius,Nhân Mã,"26°27'50.93""",Purva Ashadha,Venus,4,Sun,Sagittarius,Nhân Mã,"25°38'36.13""",Purva Ashadha,Venus,4,0th House,0,0,359.1792,0.8208,Standard
2026-01-10 10:00:00,Parashara_Drishti,Mars,Sagittarius,Nhân Mã,"25°29'09.02""",Purva Ashadha,Venus,4,Sun,Sagittarius,Nhân Mã,"25°38'36.13""",Purva Ashadha,Venus,4,0th House,0,0,0.1575,0.1575,Standard
2026-01-10 10:00:00,Parashara_Drishti,Jupiter,Gemini,Song Tử,"25°55'03.47""",Punarvasu,Jupiter,2,Sun,Sagittarius,Nhân Mã,"25°38'36.13""",Purva Ashadha,Venus,4,7th House,7,180,179.7257,0.2743,Weak
2026-01-10 10:15:00,Parashara_Drishti,Sun,Sagittarius,Nhân Mã,"25°39'14.34""",Purva Ashadha,Venus,4,Venus,Sagittarius,Nhân Mã,"26°28'38.10""",Purva Ashadha,Venus,4,0th House,0,0,0.8233,0.8233,Combust
2026-01-10 10:15:00,Parashara_Drishti,Sun,Sagittarius,Nhân Mã,"25°39'14.34""",Purva Ashadha,Venus,4,Mars,Sagittarius,Nhân Mã,"25°29'37.97""",Purva Ashadha,Venus,4,0th House,0,0,359.8399,0.1601,Combust
2026-01-10 10:15:00,Parashara_Drishti,Sun,Sagittarius,Nhân Mã,"25°39'14.34""",Purva Ashadha,Venus,4,Jupiter,Gemini,Song Tử,"25°54'58.41""",Punarvasu,Jupiter,2,7th House,7,180,180.2622,0.2622,Standard
2026-01-10 10:15:00,Parashara_Drishti,Venus,Sagittarius,Nhân Mã,"26°28'38.10""",Purva Ashadha,Venus,4,Sun,Sagittarius,Nhân Mã,"25°39'14.34""",Purva Ashadha,Venus,4,0th House,0,0,359.1767,0.8233,Standard
2026-01-10 10:15:00,Parashara_Drishti,Mars,Sagittarius,Nhân Mã,"25°29'37.97""",Purva Ashadha,Venus,4,Sun,Sagittarius,Nhân Mã,"25°39'14.34""",Purva Ashadha,Venus,4,0th House,0,0,0.1601,0.1601,Standard
2026-01-10 10:15:00,Parashara_Drishti,Jupiter,Gemini,Song Tử,"25°54'58.41""",Punarvasu,Jupiter,2,Sun,Sagittarius,Nhân Mã,"25°39'14.34""",Purva Ashadha,Venus,4,7th House,7,180,179.7378,0.2622,Weak
2026-01-10 10:30:00,Parashara_Drishti,Sun,Sagittarius,Nhân Mã,"25°39'52.54""",Purva Ashadha,Venus,4,Venus,Sagittarius,Nhân Mã,"26°29'25.27""",Purva Ashadha,Venus,4,0th House,0,0,0.8258,0.8258,Combust
2026-01-10 10:30:00,Parashara_Drishti,Sun,Sagittarius,Nhân Mã,"25°39'52.54""",Purva Ashadha,Venus,4,Mars,Sagittarius,Nhân Mã,"25°30'06.93""",Purva Ashadha,Venus,4,0th House,0,0,359.8373,0.1627,Combust
2026-01-10 10:30:00,Parashara_Drishti,Sun,Sagittarius,Nhân Mã,"25°39'52.54""",Purva Ashadha,Venus,4,Jupiter,Gemini,Song Tử,"25°54'53.34""",Punarvasu,Jupiter,2,7th House,7,180,180.2502,0.2502,Standard
2026-01-10 10:30:00,Parashara_Drishti,Venus,Sagittarius,Nhân Mã,"26°29'25.27""",Purva Ashadha,Venus,4,Sun,Sagittarius,Nhân Mã,"25°39'52.54""",Purva Ashadha,Venus,4,0th House,0,0,359.1742,0.8258,Standard
2026-01-10 10:30:00,Parashara_Drishti,Mars,Sagittarius,Nhân Mã,"25°30'06.93""",Purva Ashadha,Venus,4,Sun,Sagittarius,Nhân Mã,"25°39'52.54""",Purva Ashadha,Venus,4,0th House,0,0,0.1627,0.1627,Standard
2026-01-10 10:30:00,Parashara_Drishti,Jupiter,Gemini,Song Tử,"25°54'53.34""",Punarvasu,Jupiter,2,Sun,Sagittarius,Nhân Mã,"25°39'52.54""",Purva Ashadha,Venus,4,7th House,7,180,179.7498,0.2502,Weak
2026-01-10 10:45:00,Parashara_Drishti,Sun,Sagittarius,Nhân Mã,"25°40'30.75""",Purva Ashadha,Venus,4,Venus,Sagittarius,Nhân Mã,"26°30'12.44""",Purva Ashadha,Venus,4,0th House,0,0,0.8282,0.8282,Combust
2026-01-10 10:45:00,Parashara_Drishti,Sun,Sagittarius,Nhân Mã,"25°40'30.75""",Purva Ashadha,Venus,4,Mars,Sagittarius,Nhân Mã,"25°30'35.89""",Purva Ashadha,Venus,4,0th House,0,0,359.8348,0.1652,Combust
2026-01-10 10:45:00,Parashara_Drishti,Sun,Sagittarius,Nhân Mã,"25°40'30.75""",Purva Ashadha,Venus,4,Jupiter,Gemini,Song Tử,"25°54'48.28""",Punarvasu,Jupiter,2,7th House,7,180,180.2382,0.2382,Standard
2026-01-10 10:45:00,Parashara_Drishti,Venus,Sagittarius,Nhân Mã,"26°30'12.44""",Purva Ashadha,Venus,4,Sun,Sagittarius,Nhân Mã,"25°40'30.75""",Purva Ashadha,Venus,4,0th House,0,0,359.1718,0.8282,Standard
2026-01-10 10:45:00,Parashara_Drishti,Mars,Sagittarius,Nhân Mã,"25°30'35.89""",Purva Ashadha,Venus,4,Sun,Sagittarius,Nhân Mã,"25°40'30.75""",Purva Ashadha,Venus,4,0th House,0,0,0.1652,0.1652,Standard
2026-01-10 10:45:00,Parashara_Drishti,Jupiter,Gemini,Song Tử,"25°54'48.28""",Punarvasu,Jupiter,2,Sun,Sagittarius,Nhân Mã,"25°40'30.75""",Purva Ashadha,Venus,4,7th House,7,180,179.7618,0.2382,Weak
2026-01-10 11:00:00,Parashara_Drishti,Sun,Sagittarius,Nhân Mã,"25°41'08.96""",Purva Ashadha,Venus,4,Venus,Sagittarius,Nhân Mã,"26°30'59.61""",Purva Ashadha,Venus,4,0th House,0,0,0.8307,0.8307,Combust
2026-01-10 11:00:00,Parashara_Drishti,Sun,Sagittarius,Nhân Mã,"25°41'08.96""",Purva Ashadha,Venus,4,Mars,Sagittarius,Nhân Mã,"25°31'04.85""",Purva Ashadha,Venus,4,0th House,0,0,359.8322,0.1678,Combust
2026-01-10 11:00:00,Parashara_Drishti,Sun,Sagittarius,Nhân Mã,"25°41'08.96""",Purva Ashadha,Venus,4,Jupiter,Gemini,Song Tử,"25°54'43.22""",Punarvasu,Jupiter,2,7th House,7,180,180.2262,0.2262,Standard
2026-01-10 11:00:00,Parashara_Drishti,Venus,Sagittarius,Nhân Mã,"26°30'59.61""",Purva Ashadha,Venus,4,Sun,Sagittarius,Nhân Mã,"25°41'08.96""",Purva Ashadha,Venus,4,0th House,0,0,359.1693,0.8307,Standard
2026-01-10 11:00:00,Parashara_Drishti,Mars,Sagittarius,Nhân Mã,"25°31'04.85""",Purva Ashadha,Venus,4,Sun,Sagittarius,Nhân Mã,"25°41'08.96""",Purva Ashadha,Venus,4,0th House,0,0,0.1678,0.1678,Standard
2026-01-10 11:00:00,Parashara_Drishti,Jupiter,Gemini,Song Tử,"25°54'43.22""",Punarvasu,Jupiter,2,Sun,Sagittarius,Nhân Mã,"25°41'08.96""",Purva Ashadha,Venus,4,7th House,7,180,179.7738,0.2262,Weak
2026-01-10 11:15:00,Parashara_Drishti,Sun,Sagittarius,Nhân Mã,"25°41'47.17""",Purva Ashadha,Venus,4,Venus,Sagittarius,Nhân Mã,"26°31'46.78""",Purva Ashadha,Venus,4,0th House,0,0,0.8332,0.8332,Combust
2026-01-10 11:15:00,Parashara_Drishti,Sun,Sagittarius,Nhân Mã,"25°41'47.17""",Purva Ashadha,Venus,4,Mars,Sagittarius,Nhân Mã,"25°31'33.81""",Purva Ashadha,Venus,4,0th House,0,0,359.8296,0.1704,Combust
2026-01-10 11:15:00,Parashara_Drishti,Sun,Sagittarius,Nhân Mã,"25°41'47.17""",Purva Ashadha,Venus,4,Jupiter,Gemini,Song Tử,"25°54'38.15""",Punarvasu,Jupiter,2,7th House,7,180,180.2142,0.2142,Standard
2026-01-10 11:15:00,Parashara_Drishti,Venus,Sagittarius,Nhân Mã,"26°31'46.78""",Purva Ashadha,Venus,4,Sun,Sagittarius,Nhân Mã,"25°41'47.17""",Purva Ashadha,Venus,4,0th House,0,0,359.1668,0.8332,Standard
2026-01-10 11:15:00,Parashara_Drishti,Mars,Sagittarius,Nhân Mã,"25°31'33.81""",Purva Ashadha,Venus,4,Sun,Sagittarius,Nhân Mã,"25°41'47.17""",Purva Ashadha,Venus,4,0th House,0,0,0.1704,0.1704,Standard
2026-01-10 11:15:00,Parashara_Drishti,Jupiter,Gemini,Song Tử,"25°54'38.15""",Punarvasu,Jupiter,2,Sun,Sagittarius,Nhân Mã,"25°41'47.17""",Purva Ashadha,Venus,4,7th House,7,180,179.7858,0.2142,Weak
2026-01-10 11:30:00,Parashara_Drishti,Sun,Sagittarius,Nhân Mã,"25°42'25.38""",Purva Ashadha,Venus,4,Venus,Sagittarius,Nhân Mã,"26°32'33.95""",Purva Ashadha,Venus,4,0th House,0,0,0.8357,0.8357,Combust
2026-01-10 11:30:00,Parashara_Drishti,Sun,Sagittarius,Nhân Mã,"25°42'25.38""",Purva Ashadha,Venus,4,Mars,Sagittarius,Nhân Mã,"25°32'02.77""",Purva Ashadha,Venus,4,0th House,0,0,359.8271,0.1729,Combust
2026-01-10 11:30:00,Parashara_Drishti,Sun,Sagittarius,Nhân Mã,"25°42'25.38""",Purva Ashadha,Venus,4,Jupiter,Gemini,Song Tử,"25°54'33.09""",Punarvasu,Jupiter,2,7th House,7,180,180.2021,0.2021,Standard
2026-01-10 11:30:00,Parashara_Drishti,Venus,Sagittarius,Nhân Mã,"26°32'33.95""",Purva Ashadha,Venus,4,Sun,Sagittarius,Nhân Mã,"25°42'25.38""",Purva Ashadha,Venus,4,0th House,0,0,359.1643,0.8357,Standard
2026-01-10 11:30:00,Parashara_Drishti,Mars,Sagittarius,Nhân Mã,"25°32'02.77""",Purva Ashadha,Venus,4,Sun,Sagittarius,Nhân Mã,"25°42'25.38""",Purva Ashadha,Venus,4,0th House,0,0,0.1729,0.1729,Standard
2026-01-10 11:30:00,Parashara_Drishti,Jupiter,Gemini,Song Tử,"25°54'33.09""",Punarvasu,Jupiter,2,Sun,Sagittarius,Nhân Mã,"25°42'25.38""",Purva Ashadha,Venus,4,7th House,7,180,179.7979,0.2021,Weak
2026-01-10 11:45:00,Parashara_Drishti,Sun,Sagittarius,Nhân Mã,"25°43'03.59""",Purva Ashadha,Venus,4,Venus,Sagittarius,Nhân Mã,"26°33'21.12""",Purva Ashadha,Venus,4,0th House,0,0,0.8382,0.8382,Combust
2026-01-10 11:45:00,Parashara_Drishti,Sun,Sagittarius,Nhân Mã,"25°43'03.59""",Purva Ashadha,Venus,4,Mars,Sagittarius,Nhân Mã,"25°32'31.72""",Purva Ashadha,Venus,4,0th House,0,0,359.8245,0.1755,Combust
2026-01-10 11:45:00,Parashara_Drishti,Sun,Sagittarius,Nhân Mã,"25°43'03.59""",Purva Ashadha,Venus,4,Jupiter,Gemini,Song Tử,"25°54'28.03""",Punarvasu,Jupiter,2,7th House,7,180,180.1901,0.1901,Standard
2026-01-10 11:45:00,Parashara_Drishti,Venus,Sagittarius,Nhân Mã,"26°33'21.12""",Purva Ashadha,Venus,4,Sun,Sagittarius,Nhân Mã,"25°43'03.59""",Purva Ashadha,Venus,4,0th House,0,0,359.1618,0.8382,Standard
2026-01-10 11:45:00,Parashara_Drishti,Mars,Sagittarius,Nhân Mã,"25°32'31.72""",Purva Ashadha,Venus,4,Sun,Sagittarius,Nhân Mã,"25°43'03.59""",Purva Ashadha,Venus,4,0th House,0,0,0.1755,0.1755,Standard
2026-01-10 11:45:00,Parashara_Drishti,Jupiter,Gemini,Song Tử,"25°54'28.03""",Punarvasu,Jupiter,2,Sun,Sagittarius,Nhân Mã,"25°43'03.59""",Purva Ashadha,Venus,4,7th House,7,180,179.8099,0.1901,Weak
2026-01-10 12:00:00,Parashara_Drishti,Sun,Sagittarius,Nhân Mã,"25°43'41.80""",Purva Ashadha,Venus,4,Venus,Sagittarius,Nhân Mã,"26°34'08.29""",Purva Ashadha,Venus,4,0th House,0,0,0.8407,0.8407,Combust
2026-01-10 12:00:00,Parashara_Drishti,Sun,Sagittarius,Nhân Mã,"25°43'41.80""",Purva Ashadha,Venus,4,Mars,Sagittarius,Nhân Mã,"25°33'00.68""",Purva Ashadha,Venus,4,0th House,0,0,359.8219,0.1781,Combust
2026-01-10 12:00:00,Parashara_Drishti,Sun,Sagittarius,Nhân Mã,"25°43'41.80""",Purva Ashadha,Venus,4,Jupiter,Gemini,Song Tử,"25°54'22.96""",Punarvasu,Jupiter,2,7th House,7,180,180.1781,0.1781,Standard
2026-01-10 12:00:00,Parashara_Drishti,Venus,Sagittarius,Nhân Mã,"26°34'08.29""",Purva Ashadha,Venus,4,Sun,Sagittarius,Nhân Mã,"25°43'41.80""",Purva Ashadha,Venus,4,0th House,0,0,359.1593,0.8407,Standard
2026-01-10 12:00:00,Parashara_Drishti,Mars,Sagittarius,Nhân Mã,"25°33'00.68""",Purva Ashadha,Venus,4,Sun,Sagittarius,Nhân Mã,"25°43'41.80""",Purva Ashadha,Venus,4,0th House,0,0,0.1781,0.1781,Standard
2026-01-10 12:00:00,Parashara_Drishti,Jupiter,Gemini,Song Tử,"25°54'22.96""",Punarvasu,Jupiter,2,Sun,Sagittarius,Nhân Mã,"25°43'41.80""",Purva Ashadha,Venus,4,7th House,7,180,179.8219,0.1781,Weak
2026-01-10 12:15:00,Parashara_Drishti,Sun,Sagittarius,Nhân Mã,"25°44'20.00""",Purva Ashadha,Venus,4,Venus,Sagittarius,Nhân Mã,"26°34'55.46""",Purva Ashadha,Venus,4,0th House,0,0,0.8432,0.8432,Combust
2026-01-10 12:15:00,Parashara_Drishti,Sun,Sagittarius,Nhân Mã,"25°44'20.00""",Purva Ashadha,Venus,4,Mars,Sagittarius,Nhân Mã,"25°33'29.64""",Purva Ashadha,Venus,4,0th House,0,0,359.8193,0.1807,Combust
2026-01-10 12:15:00,Parashara_Drishti,Sun,Sagittarius,Nhân Mã,"25°44'20.00""",Purva Ashadha,Venus,4,Jupiter,Gemini,Song Tử,"25°54'17.90""",Punarvasu,Jupiter,2,7th House,7,180,180.1661,0.1661,Standard
2026-01-10 12:15:00,Parashara_Drishti,Venus,Sagittarius,Nhân Mã,"26°34'55.46""",Purva Ashadha,Venus,4,Sun,Sagittarius,Nhân Mã,"25°44'20.00""",Purva Ashadha,Venus,4,0th House,0,0,359.1568,0.8432,Standard
2026-01-10 12:15:00,Parashara_Drishti,Mars,Sagittarius,Nhân Mã,"25°33'29.64""",Purva Ashadha,Venus,4,Sun,Sagittarius,Nhân Mã,"25°44'20.00""",Purva Ashadha,Venus,4,0th House,0,0,0.1807,0.1807,Standard
2026-01-10 12:15:00,Parashara_Drishti,Jupiter,Gemini,Song Tử,"25°54'17.90""",Punarvasu,Jupiter,2,Sun,Sagittarius,Nhân Mã,"25°44'20.00""",Purva Ashadha,Venus,4,7th House,7,180,179.8339,0.1661,Weak
2026-01-10 12:30:00,Parashara_Drishti,Sun,Sagittarius,Nhân Mã,"25°44'58.21""",Purva Ashadha,Venus,4,Venus,Sagittarius,Nhân Mã,"26°35'42.62""",Purva Ashadha,Venus,4,0th House,0,0,0.8457,0.8457,Combust
2026-01-10 12:30:00,Parashara_Drishti,Sun,Sagittarius,Nhân Mã,"25°44'58.21""",Purva Ashadha,Venus,4,Mars,Sagittarius,Nhân Mã,"25°33'58.60""",Purva Ashadha,Venus,4,0th House,0,0,359.8168,0.1832,Combust
2026-01-10 12:30:00,Parashara_Drishti,Sun,Sagittarius,Nhân Mã,"25°44'58.21""",Purva Ashadha,Venus,4,Jupiter,Gemini,Song Tử,"25°54'12.84""",Punarvasu,Jupiter,2,7th House,7,180,180.1541,0.1541,Standard
2026-01-10 12:30:00,Parashara_Drishti,Venus,Sagittarius,Nhân Mã,"26°35'42.62""",Purva Ashadha,Venus,4,Sun,Sagittarius,Nhân Mã,"25°44'58.21""",Purva Ashadha,Venus,4,0th House,0,0,359.1543,0.8457,Standard
2026-01-10 12:30:00,Parashara_Drishti,Mars,Sagittarius,Nhân Mã,"25°33'58.60""",Purva Ashadha,Venus,4,Sun,Sagittarius,Nhân Mã,"25°44'58.21""",Purva Ashadha,Venus,4,0th House,0,0,0.1832,0.1832,Standard
2026-01-10 12:30:00,Parashara_Drishti,Jupiter,Gemini,Song Tử,"25°54'12.84""",Punarvasu,Jupiter,2,Sun,Sagittarius,Nhân Mã,"25°44'58.21""",Purva Ashadha,Venus,4,7th House,7,180,179.8459,0.1541,Weak
2026-01-10 12:45:00,Parashara_Drishti,Sun,Sagittarius,Nhân Mã,"25°45'36.42""",Purva Ashadha,Venus,4,Venus,Sagittarius,Nhân Mã,"26°36'29.79""",Purva Ashadha,Venus,4,0th House,0,0,0.8482,0.8482,Combust
2026-01-10 12:45:00,Parashara_Drishti,Sun,Sagittarius,Nhân Mã,"25°45'36.42""",Purva Ashadha,Venus,4,Mars,Sagittarius,Nhân Mã,"25°34'27.56""",Purva Ashadha,Venus,4,0th House,0,0,359.8142,0.1858,Combust
2026-01-10 12:45:00,Parashara_Drishti,Sun,Sagittarius,Nhân Mã,"25°45'36.42""",Purva Ashadha,Venus,4,Jupiter,Gemini,Song Tử,"25°54'07.77""",Punarvasu,Jupiter,2,7th House,7,180,180.142,0.142,Standard
2026-01-10 12:45:00,Parashara_Drishti,Venus,Sagittarius,Nhân Mã,"26°36'29.79""",Purva Ashadha,Venus,4,Sun,Sagittarius,Nhân Mã,"25°45'36.42""",Purva Ashadha,Venus,4,0th House,0,0,359.1518,0.8482,Standard
2026-01-10 12:45:00,Parashara_Drishti,Mars,Sagittarius,Nhân Mã,"25°34'27.56""",Purva Ashadha,Venus,4,Sun,Sagittarius,Nhân Mã,"25°45'36.42""",Purva Ashadha,Venus,4,0th House,0,0,0.1858,0.1858,Standard
2026-01-10 12:45:00,Parashara_Drishti,Jupiter,Gemini,Song Tử,"25°54'07.77""",Punarvasu,Jupiter,2,Sun,Sagittarius,Nhân Mã,"25°45'36.42""",Purva Ashadha,Venus,4,7th House,7,180,179.858,0.142,Weak
2026-01-10 13:00:00,Parashara_Drishti,Sun,Sagittarius,Nhân Mã,"25°46'14.63""",Purva Ashadha,Venus,4,Venus,Sagittarius,Nhân Mã,"26°37'16.96""",Purva Ashadha,Venus,4,0th House,0,0,0.8506,0.8506,Combust
2026-01-10 13:00:00,Parashara_Drishti,Sun,Sagittarius,Nhân Mã,"25°46'14.63""",Purva Ashadha,Venus,4,Mars,Sagittarius,Nhân Mã,"25°34'56.52""",Purva Ashadha,Venus,4,0th House,0,0,359.8116,0.1884,Combust
2026-01-10 13:00:00,Parashara_Drishti,Sun,Sagittarius,Nhân Mã,"25°46'14.63""",Purva Ashadha,Venus,4,Jupiter,Gemini,Song Tử,"25°54'02.71""",Punarvasu,Jupiter,2,7th House,7,180,180.13,0.13,Standard
2026-01-10 13:00:00,Parashara_Drishti,Venus,Sagittarius,Nhân Mã,"26°37'16.96""",Purva Ashadha,Venus,4,Sun,Sagittarius,Nhân Mã,"25°46'14.63""",Purva Ashadha,Venus,4,0th House,0,0,359.1494,0.8506,Standard
2026-01-10 13:00:00,Parashara_Drishti,Mars,Sagittarius,Nhân Mã,"25°34'56.52""",Purva Ashadha,Venus,4,Sun,Sagittarius,Nhân Mã,"25°46'14.63""",Purva Ashadha,Venus,4,0th House,0,0,0.1884,0.1884,Standard
2026-01-10 13:00:00,Parashara_Drishti,Jupiter,Gemini,Song Tử,"25°54'02.71""",Punarvasu,Jupiter,2,Sun,Sagittarius,Nhân Mã,"25°46'14.63""",Purva Ashadha,Venus,4,7th House,7,180,179.87,0.13,Weak
2026-01-10 13:15:00,Parashara_Drishti,Sun,Sagittarius,Nhân Mã,"25°46'52.84""",Purva Ashadha,Venus,4,Venus,Sagittarius,Nhân Mã,"26°38'04.13""",Purva Ashadha,Venus,4,0th House,0,0,0.8531,0.8531,Combust
2026-01-10 13:15:00,Parashara_Drishti,Sun,Sagittarius,Nhân Mã,"25°46'52.84""",Purva Ashadha,Venus,4,Mars,Sagittarius,Nhân Mã,"25°35'25.48""",Purva Ashadha,Venus,4,0th House,0,0,359.8091,0.1909,Combust
2026-01-10 13:15:00,Parashara_Drishti,Sun,Sagittarius,Nhân Mã,"25°46'52.84""",Purva Ashadha,Venus,4,Jupiter,Gemini,Song Tử,"25°53'57.65""",Punarvasu,Jupiter,2,7th House,7,180,180.118,0.118,Standard
2026-01-10 13:15:00,Parashara_Drishti,Venus,Sagittarius,Nhân Mã,"26°38'04.13""",Purva Ashadha,Venus,4,Sun,Sagittarius,Nhân Mã,"25°46'52.84""",Purva Ashadha,Venus,4,0th House,0,0,359.1469,0.8531,Standard
2026-01-10 13:15:00,Parashara_Drishti,Mars,Sagittarius,Nhân Mã,"25°35'25.48""",Purva Ashadha,Venus,4,Sun,Sagittarius,Nhân Mã,"25°46'52.84""",Purva Ashadha,Venus,4,0th House,0,0,0.1909,0.1909,Standard
2026-01-10 13:15:00,Parashara_Drishti,Jupiter,Gemini,Song Tử,"25°53'57.65""",Punarvasu,Jupiter,2,Sun,Sagittarius,Nhân Mã,"25°46'52.84""",Purva Ashadha,Venus,4,7th House,7,180,179.882,0.118,Weak
2026-01-10 13:30:00,Parashara_Drishti,Sun,Sagittarius,Nhân Mã,"25°47'31.05""",Purva Ashadha,Venus,4,Venus,Sagittarius,Nhân Mã,"26°38'51.30""",Purva Ashadha,Venus,4,0th House,0,0,0.8556,0.8556,Combust
2026-01-10 13:30:00,Parashara_Drishti,Sun,Sagittarius,Nhân Mã,"25°47'31.05""",Purva Ashadha,Venus,4,Mars,Sagittarius,Nhân Mã,"25°35'54.45""",Purva Ashadha,Venus,4,0th House,0,0,359.8065,0.1935,Combust
2026-01-10 13:30:00,Parashara_Drishti,Sun,Sagittarius,Nhân Mã,"25°47'31.05""",Purva Ashadha,Venus,4,Jupiter,Gemini,Song Tử,"25°53'52.59""",Punarvasu,Jupiter,2,7th House,7,180,180.106,0.106,Standard
2026-01-10 13:30:00,Parashara_Drishti,Venus,Sagittarius,Nhân Mã,"26°38'51.30""",Purva Ashadha,Venus,4,Sun,Sagittarius,Nhân Mã,"25°47'31.05""",Purva Ashadha,Venus,4,0th House,0,0,359.1444,0.8556,Standard
2026-01-10 13:30:00,Parashara_Drishti,Mars,Sagittarius,Nhân Mã,"25°35'54.45""",Purva Ashadha,Venus,4,Sun,Sagittarius,Nhân Mã,"25°47'31.05""",Purva Ashadha,Venus,4,0th House,0,0,0.1935,0.1935,Standard
2026-01-10 13:30:00,Parashara_Drishti,Jupiter,Gemini,Song Tử,"25°53'52.59""",Punarvasu,Jupiter,2,Sun,Sagittarius,Nhân Mã,"25°47'31.05""",Purva Ashadha,Venus,4,7th House,7,180,179.894,0.106,Weak
2026-01-10 13:45:00,Parashara_Drishti,Sun,Sagittarius,Nhân Mã,"25°48'09.26""",Purva Ashadha,Venus,4,Venus,Sagittarius,Nhân Mã,"26°39'38.47""",Purva Ashadha,Venus,4,0th House,0,0,0.8581,0.8581,Combust
2026-01-10 13:45:00,Parashara_Drishti,Sun,Sagittarius,Nhân Mã,"25°48'09.26""",Purva Ashadha,Venus,4,Mars,Sagittarius,Nhân Mã,"25°36'23.41""",Purva Ashadha,Venus,4,0th House,0,0,359.8039,0.1961,Combust
2026-01-10 13:45:00,Parashara_Drishti,Sun,Sagittarius,Nhân Mã,"25°48'09.26""",Purva Ashadha,Venus,4,Jupiter,Gemini,Song Tử,"25°53'47.52""",Punarvasu,Jupiter,2,7th House,7,180,180.094,0.094,Standard
2026-01-10 13:45:00,Parashara_Drishti,Venus,Sagittarius,Nhân Mã,"26°39'38.47""",Purva Ashadha,Venus,4,Sun,Sagittarius,Nhân Mã,"25°48'09.26""",Purva Ashadha,Venus,4,0th House,0,0,359.1419,0.8581,Standard
2026-01-10 13:45:00,Parashara_Drishti,Mars,Sagittarius,Nhân Mã,"25°36'23.41""",Purva Ashadha,Venus,4,Sun,Sagittarius,Nhân Mã,"25°48'09.26""",Purva Ashadha,Venus,4,0th House,0,0,0.1961,0.1961,Standard
2026-01-10 13:45:00,Parashara_Drishti,Jupiter,Gemini,Song Tử,"25°53'47.52""",Punarvasu,Jupiter,2,Sun,Sagittarius,Nhân Mã,"25°48'09.26""",Purva Ashadha,Venus,4,7th House,7,180,179.906,0.094,Weak
2026-01-10 14:00:00,Parashara_Drishti,Sun,Sagittarius,Nhân Mã,"25°48'47.46""",Purva Ashadha,Venus,4,Venus,Sagittarius,Nhân Mã,"26°40'25.64""",Uttara Ashadha,Sun,1,0th House,0,0,0.8606,0.8606,Combust
2026-01-10 14:00:00,Parashara_Drishti,Sun,Sagittarius,Nhân Mã,"25°48'47.46""",Purva Ashadha,Venus,4,Mars,Sagittarius,Nhân Mã,"25°36'52.37""",Purva Ashadha,Venus,4,0th House,0,0,359.8014,0.1986,Combust
2026-01-10 14:00:00,Parashara_Drishti,Sun,Sagittarius,Nhân Mã,"25°48'47.46""",Purva Ashadha,Venus,4,Jupiter,Gemini,Song Tử,"25°53'42.46""",Punarvasu,Jupiter,2,7th House,7,180,180.0819,0.0819,Standard
2026-01-10 14:00:00,Parashara_Drishti,Venus,Sagittarius,Nhân Mã,"26°40'25.64""",Uttara Ashadha,Sun,1,Sun,Sagittarius,Nhân Mã,"25°48'47.46""",Purva Ashadha,Venus,4,0th House,0,0,359.1394,0.8606,Standard
2026-01-10 14:00:00,Parashara_Drishti,Mars,Sagittarius,Nhân Mã,"25°36'52.37""",Purva Ashadha,Venus,4,Sun,Sagittarius,Nhân Mã,"25°48'47.46""",Purva Ashadha,Venus,4,0th House,0,0,0.1986,0.1986,Standard
2026-01-10 14:00:00,Parashara_Drishti,Jupiter,Gemini,Song Tử,"25°53'42.46""",Punarvasu,Jupiter,2,Sun,Sagittarius,Nhân Mã,"25°48'47.46""",Purva Ashadha,Venus,4,7th House,7,180,179.9181,0.0819,Weak
2026-01-10 14:15:00,Parashara_Drishti,Sun,Sagittarius,Nhân Mã,"25°49'25.67""",Purva Ashadha,Venus,4,Venus,Sagittarius,Nhân Mã,"26°41'12.81""",Uttara Ashadha,Sun,1,0th House,0,0,0.8631,0.8631,Combust
2026-01-10 14:15:00,Parashara_Drishti,Sun,Sagittarius,Nhân Mã,"25°49'25.67""",Purva Ashadha,Venus,4,Mars,Sagittarius,Nhân Mã,"25°37'21.33""",Purva Ashadha,Venus,4,0th House,0,0,359.7988,0.2012,Combust
2026-01-10 14:15:00,Parashara_Drishti,Sun,Sagittarius,Nhân Mã,"25°49'25.67""",Purva Ashadha,Venus,4,Jupiter,Gemini,Song Tử,"25°53'37.40""",Punarvasu,Jupiter,2,7th House,7,180,180.0699,0.0699,Standard
2026-01-10 14:15:00,Parashara_Drishti,Venus,Sagittarius,Nhân Mã,"26°41'12.81""",Uttara Ashadha,Sun,1,Sun,Sagittarius,Nhân Mã,"25°49'25.67""",Purva Ashadha,Venus,4,0th House,0,0,359.1369,0.8631,Standard
2026-01-10 14:15:00,Parashara_Drishti,Mars,Sagittarius,Nhân Mã,"25°37'21.33""",Purva Ashadha,Venus,4,Sun,Sagittarius,Nhân Mã,"25°49'25.67""",Purva Ashadha,Venus,4,0th House,0,0,0.2012,0.2012,Standard
2026-01-10 14:15:00,Parashara_Drishti,Jupiter,Gemini,Song Tử,"25°53'37.40""",Punarvasu,Jupiter,2,Sun,Sagittarius,Nhân Mã,"25°49'25.67""",Purva Ashadha,Venus,4,7th House,7,180,179.9301,0.0699,Weak
2026-01-10 14:30:00,Parashara_Drishti,Sun,Sagittarius,Nhân Mã,"25°50'03.88""",Purva Ashadha,Venus,4,Venus,Sagittarius,Nhân Mã,"26°41'59.98""",Uttara Ashadha,Sun,1,0th House,0,0,0.8656,0.8656,Combust
2026-01-10 14:30:00,Parashara_Drishti,Sun,Sagittarius,Nhân Mã,"25°50'03.88""",Purva Ashadha,Venus,4,Mars,Sagittarius,Nhân Mã,"25°37'50.29""",Purva Ashadha,Venus,4,0th House,0,0,359.7962,0.2038,Combust
2026-01-10 14:30:00,Parashara_Drishti,Sun,Sagittarius,Nhân Mã,"25°50'03.88""",Purva Ashadha,Venus,4,Jupiter,Gemini,Song Tử,"25°53'32.33""",Punarvasu,Jupiter,2,7th House,7,180,180.0579,0.0579,Standard
2026-01-10 14:30:00,Parashara_Drishti,Venus,Sagittarius,Nhân Mã,"26°41'59.98""",Uttara Ashadha,Sun,1,Sun,Sagittarius,Nhân Mã,"25°50'03.88""",Purva Ashadha,Venus,4,0th House,0,0,359.1344,0.8656,Standard
2026-01-10 14:30:00,Parashara_Drishti,Mars,Sagittarius,Nhân Mã,"25°37'50.29""",Purva Ashadha,Venus,4,Sun,Sagittarius,Nhân Mã,"25°50'03.88""",Purva Ashadha,Venus,4,0th House,0,0,0.2038,0.2038,Standard
2026-01-10 14:30:00,Parashara_Drishti,Jupiter,Gemini,Song Tử,"25°53'32.33""",Punarvasu,Jupiter,2,Sun,Sagittarius,Nhân Mã,"25°50'03.88""",Purva Ashadha,Venus,4,7th House,7,180,179.9421,0.0579,Weak
2026-01-10 14:45:00,Parashara_Drishti,Sun,Sagittarius,Nhân Mã,"25°50'42.09""",Purva Ashadha,Venus,4,Venus,Sagittarius,Nhân Mã,"26°42'47.15""",Uttara Ashadha,Sun,1,0th House,0,0,0.8681,0.8681,Combust
2026-01-10 14:45:00,Parashara_Drishti,Sun,Sagittarius,Nhân Mã,"25°50'42.09""",Purva Ashadha,Venus,4,Mars,Sagittarius,Nhân Mã,"25°38'19.25""",Purva Ashadha,Venus,4,0th House,0,0,359.7937,0.2063,Combust
2026-01-10 14:45:00,Parashara_Drishti,Sun,Sagittarius,Nhân Mã,"25°50'42.09""",Purva Ashadha,Venus,4,Jupiter,Gemini,Song Tử,"25°53'27.27""",Punarvasu,Jupiter,2,7th House,7,180,180.0459,0.0459,Standard
2026-01-10 14:45:00,Parashara_Drishti,Venus,Sagittarius,Nhân Mã,"26°42'47.15""",Uttara Ashadha,Sun,1,Sun,Sagittarius,Nhân Mã,"25°50'42.09""",Purva Ashadha,Venus,4,0th House,0,0,359.1319,0.8681,Standard
2026-01-10 14:45:00,Parashara_Drishti,Mars,Sagittarius,Nhân Mã,"25°38'19.25""",Purva Ashadha,Venus,4,Sun,Sagittarius,Nhân Mã,"25°50'42.09""",Purva Ashadha,Venus,4,0th House,0,0,0.2063,0.2063,Standard
2026-01-10 14:45:00,Parashara_Drishti,Jupiter,Gemini,Song Tử,"25°53'27.27""",Punarvasu,Jupiter,2,Sun,Sagittarius,Nhân Mã,"25°50'42.09""",Purva Ashadha,Venus,4,7th House,7,180,179.9541,0.0459,Weak
2026-01-10 15:00:00,Parashara_Drishti,Sun,Sagittarius,Nhân Mã,"25°51'20.30""",Purva Ashadha,Venus,4,Venus,Sagittarius,Nhân Mã,"26°43'34.32""",Uttara Ashadha,Sun,1,0th House,0,0,0.8706,0.8706,Combust
2026-01-10 15:00:00,Parashara_Drishti,Sun,Sagittarius,Nhân Mã,"25°51'20.30""",Purva Ashadha,Venus,4,Mars,Sagittarius,Nhân Mã,"25°38'48.22""",Purva Ashadha,Venus,4,0th House,0,0,359.7911,0.2089,Combust
2026-01-10 15:00:00,Parashara_Drishti,Sun,Sagittarius,Nhân Mã,"25°51'20.30""",Purva Ashadha,Venus,4,Jupiter,Gemini,Song Tử,"25°53'22.21""",Punarvasu,Jupiter,2,7th House,7,180,180.0339,0.0339,Standard
2026-01-10 15:00:00,Parashara_Drishti,Venus,Sagittarius,Nhân Mã,"26°43'34.32""",Uttara Ashadha,Sun,1,Sun,Sagittarius,Nhân Mã,"25°51'20.30""",Purva Ashadha,Venus,4,0th House,0,0,359.1294,0.8706,Standard
2026-01-10 15:00:00,Parashara_Drishti,Mars,Sagittarius,Nhân Mã,"25°38'48.22""",Purva Ashadha,Venus,4,Sun,Sagittarius,Nhân Mã,"25°51'20.30""",Purva Ashadha,Venus,4,0th House,0,0,0.2089,0.2089,Standard
2026-01-10 15:00:00,Parashara_Drishti,Jupiter,Gemini,Song Tử,"25°53'22.21""",Punarvasu,Jupiter,2,Sun,Sagittarius,Nhân Mã,"25°51'20.30""",Purva Ashadha,Venus,4,7th House,7,180,179.9661,0.0339,Weak
2026-01-10 15:15:00,Parashara_Drishti,Sun,Sagittarius,Nhân Mã,"25°51'58.51""",Purva Ashadha,Venus,4,Venus,Sagittarius,Nhân Mã,"26°44'21.49""",Uttara Ashadha,Sun,1,0th House,0,0,0.873,0.873,Combust
2026-01-10 15:15:00,Parashara_Drishti,Sun,Sagittarius,Nhân Mã,"25°51'58.51""",Purva Ashadha,Venus,4,Mars,Sagittarius,Nhân Mã,"25°39'17.18""",Purva Ashadha,Venus,4,0th House,0,0,359.7885,0.2115,Combust
2026-01-10 15:15:00,Parashara_Drishti,Sun,Sagittarius,Nhân Mã,"25°51'58.51""",Purva Ashadha,Venus,4,Jupiter,Gemini,Song Tử,"25°53'17.14""",Punarvasu,Jupiter,2,7th House,7,180,180.0218,0.0218,Standard
2026-01-10 15:15:00,Parashara_Drishti,Venus,Sagittarius,Nhân Mã,"26°44'21.49""",Uttara Ashadha,Sun,1,Sun,Sagittarius,Nhân Mã,"25°51'58.51""",Purva Ashadha,Venus,4,0th House,0,0,359.127,0.873,Standard
2026-01-10 15:15:00,Parashara_Drishti,Mars,Sagittarius,Nhân Mã,"25°39'17.18""",Purva Ashadha,Venus,4,Sun,Sagittarius,Nhân Mã,"25°51'58.51""",Purva Ashadha,Venus,4,0th House,0,0,0.2115,0.2115,Standard
2026-01-10 15:15:00,Parashara_Drishti,Jupiter,Gemini,Song Tử,"25°53'17.14""",Punarvasu,Jupiter,2,Sun,Sagittarius,Nhân Mã,"25°51'58.51""",Purva Ashadha,Venus,4,7th House,7,180,179.9782,0.0218,Weak
2026-01-10 15:30:00,Parashara_Drishti,Sun,Sagittarius,Nhân Mã,"25°52'36.72""",Purva Ashadha,Venus,4,Venus,Sagittarius,Nhân Mã,"26°45'08.66""",Uttara Ashadha,Sun,1,0th House,0,0,0.8755,0.8755,Combust
2026-01-10 15:30:00,Parashara_Drishti,Sun,Sagittarius,Nhân Mã,"25°52'36.72""",Purva Ashadha,Venus,4,Mars,Sagittarius,Nhân Mã,"25°39'46.14""",Purva Ashadha,Venus,4,0th House,0,0,359.786,0.214,Combust
2026-01-10 15:30:00,Parashara_Drishti,Sun,Sagittarius,Nhân Mã,"25°52'36.72""",Purva Ashadha,Venus,4,Jupiter,Gemini,Song Tử,"25°53'12.08""",Punarvasu,Jupiter,2,7th House,7,180,180.0098,0.0098,Standard
2026-01-10 15:30:00,Parashara_Drishti,Venus,Sagittarius,Nhân Mã,"26°45'08.66""",Uttara Ashadha,Sun,1,Sun,Sagittarius,Nhân Mã,"25°52'36.72""",Purva Ashadha,Venus,4,0th House,0,0,359.1245,0.8755,Standard
2026-01-10 15:30:00,Parashara_Drishti,Mars,Sagittarius,Nhân Mã,"25°39'46.14""",Purva Ashadha,Venus,4,Sun,Sagittarius,Nhân Mã,"25°52'36.72""",Purva Ashadha,Venus,4,0th House,0,0,0.214,0.214,Standard
2026-01-10 15:30:00,Parashara_Drishti,Jupiter,Gemini,Song Tử,"25°53'12.08""",Punarvasu,Jupiter,2,Sun,Sagittarius,Nhân Mã,"25°52'36.72""",Purva Ashadha,Venus,4,7th House,7,180,179.9902,0.0098,Weak
2026-01-10 15:45:00,Parashara_Drishti,Sun,Sagittarius,Nhân Mã,"25°53'14.92""",Purva Ashadha,Venus,4,Venus,Sagittarius,Nhân Mã,"26°45'55.82""",Uttara Ashadha,Sun,1,0th House,0,0,0.878,0.878,Combust
2026-01-10 15:45:00,Parashara_Drishti,Sun,Sagittarius,Nhân Mã,"25°53'14.92""",Purva Ashadha,Venus,4,Mars,Sagittarius,Nhân Mã,"25°40'15.10""",Purva Ashadha,Venus,4,0th House,0,0,359.7834,0.2166,Combust
2026-01-10 15:45:00,Parashara_Drishti,Sun,Sagittarius,Nhân Mã,"25°53'14.92""",Purva Ashadha,Venus,4,Jupiter,Gemini,Song Tử,"25°53'07.02""",Punarvasu,Jupiter,2,7th House,7,180,179.9978,0.0022,Standard
2026-01-10 15:45:00,Parashara_Drishti,Venus,Sagittarius,Nhân Mã,"26°45'55.82""",Uttara Ashadha,Sun,1,Sun,Sagittarius,Nhân Mã,"25°53'14.92""",Purva Ashadha,Venus,4,0th House,0,0,359.122,0.878,Standard
2026-01-10 15:45:00,Parashara_Drishti,Mars,Sagittarius,Nhân Mã,"25°40'15.10""",Purva Ashadha,Venus,4,Sun,Sagittarius,Nhân Mã,"25°53'14.92""",Purva Ashadha,Venus,4,0th House,0,0,0.2166,0.2166,Standard
2026-01-10 15:45:00,Parashara_Drishti,Jupiter,Gemini,Song Tử,"25°53'07.02""",Punarvasu,Jupiter,2,Sun,Sagittarius,Nhân Mã,"25°53'14.92""",Purva Ashadha,Venus,4,7th House,7,180,180.0022,0.0022,Weak
2026-01-10 16:00:00,Parashara_Drishti,Sun,Sagittarius,Nhân Mã,"25°53'53.13""",Purva Ashadha,Venus,4,Venus,Sagittarius,Nhân Mã,"26°46'42.99""",Uttara Ashadha,Sun,1,0th House,0,0,0.8805,0.8805,Combust
2026-01-10 16:00:00,Parashara_Drishti,Sun,Sagittarius,Nhân Mã,"25°53'53.13""",Purva Ashadha,Venus,4,Mars,Sagittarius,Nhân Mã,"25°40'44.07""",Purva Ashadha,Venus,4,0th House,0,0,359.7808,0.2192,Combust
2026-01-10 16:00:00,Parashara_Drishti,Sun,Sagittarius,Nhân Mã,"25°53'53.13""",Purva Ashadha,Venus,4,Jupiter,Gemini,Song Tử,"25°53'01.95""",Punarvasu,Jupiter,2,7th House,7,180,179.9858,0.0142,Standard
2026-01-10 16:00:00,Parashara_Drishti,Venus,Sagittarius,Nhân Mã,"26°46'42.99""",Uttara Ashadha,Sun,1,Sun,Sagittarius,Nhân Mã,"25°53'53.13""",Purva Ashadha,Venus,4,0th House,0,0,359.1195,0.8805,Standard
2026-01-10 16:00:00,Parashara_Drishti,Mars,Sagittarius,Nhân Mã,"25°40'44.07""",Purva Ashadha,Venus,4,Sun,Sagittarius,Nhân Mã,"25°53'53.13""",Purva Ashadha,Venus,4,0th House,0,0,0.2192,0.2192,Standard
2026-01-10 16:00:00,Parashara_Drishti,Jupiter,Gemini,Song Tử,"25°53'01.95""",Punarvasu,Jupiter,2,Sun,Sagittarius,Nhân Mã,"25°53'53.13""",Purva Ashadha,Venus,4,7th House,7,180,180.0142,0.0142,Weak
2026-01-10 16:15:00,Parashara_Drishti,Sun,Sagittarius,Nhân Mã,"25°54'31.34""",Purva Ashadha,Venus,4,Venus,Sagittarius,Nhân Mã,"26°47'30.16""",Uttara Ashadha,Sun,1,0th House,0,0,0.883,0.883,Combust
2026-01-10 16:15:00,Parashara_Drishti,Sun,Sagittarius,Nhân Mã,"25°54'31.34""",Purva Ashadha,Venus,4,Mars,Sagittarius,Nhân Mã,"25°41'13.03""",Purva Ashadha,Venus,4,0th House,0,0,359.7782,0.2218,Combust
2026-01-10 16:15:00,Parashara_Drishti,Sun,Sagittarius,Nhân Mã,"25°54'31.34""",Purva Ashadha,Venus,4,Jupiter,Gemini,Song Tử,"25°52'56.89""",Punarvasu,Jupiter,2,7th House,7,180,179.9738,0.0262,Standard
2026-01-10 16:15:00,Parashara_Drishti,Venus,Sagittarius,Nhân Mã,"26°47'30.16""",Uttara Ashadha,Sun,1,Sun,Sagittarius,Nhân Mã,"25°54'31.34""",Purva Ashadha,Venus,4,0th House,0,0,359.117,0.883,Standard
2026-01-10 16:15:00,Parashara_Drishti,Mars,Sagittarius,Nhân Mã,"25°41'13.03""",Purva Ashadha,Venus,4,Sun,Sagittarius,Nhân Mã,"25°54'31.34""",Purva Ashadha,Venus,4,0th House,0,0,0.2218,0.2218,Standard
2026-01-10 16:15:00,Parashara_Drishti,Jupiter,Gemini,Song Tử,"25°52'56.89""",Punarvasu,Jupiter,2,Sun,Sagittarius,Nhân Mã,"25°54'31.34""",Purva Ashadha,Venus,4,7th House,7,180,180.0262,0.0262,Weak
2026-01-10 16:30:00,Parashara_Drishti,Sun,Sagittarius,Nhân Mã,"25°55'09.55""",Purva Ashadha,Venus,4,Venus,Sagittarius,Nhân Mã,"26°48'17.33""",Uttara Ashadha,Sun,1,0th House,0,0,0.8855,0.8855,Combust
2026-01-10 16:30:00,Parashara_Drishti,Sun,Sagittarius,Nhân Mã,"25°55'09.55""",Purva Ashadha,Venus,4,Mars,Sagittarius,Nhân Mã,"25°41'42.00""",Purva Ashadha,Venus,4,0th House,0,0,359.7757,0.2243,Combust
2026-01-10 16:30:00,Parashara_Drishti,Sun,Sagittarius,Nhân Mã,"25°55'09.55""",Purva Ashadha,Venus,4,Jupiter,Gemini,Song Tử,"25°52'51.83""",Punarvasu,Jupiter,2,7th House,7,180,179.9617,0.0383,Standard
2026-01-10 16:30:00,Parashara_Drishti,Venus,Sagittarius,Nhân Mã,"26°48'17.33""",Uttara Ashadha,Sun,1,Sun,Sagittarius,Nhân Mã,"25°55'09.55""",Purva Ashadha,Venus,4,0th House,0,0,359.1145,0.8855,Standard
2026-01-10 16:30:00,Parashara_Drishti,Mars,Sagittarius,Nhân Mã,"25°41'42.00""",Purva Ashadha,Venus,4,Sun,Sagittarius,Nhân Mã,"25°55'09.55""",Purva Ashadha,Venus,4,0th House,0,0,0.2243,0.2243,Standard
2026-01-10 16:30:00,Parashara_Drishti,Jupiter,Gemini,Song Tử,"25°52'51.83""",Punarvasu,Jupiter,2,Sun,Sagittarius,Nhân Mã,"25°55'09.55""",Purva Ashadha,Venus,4,7th House,7,180,180.0383,0.0383,Weak
2026-01-10 16:45:00,Parashara_Drishti,Sun,Sagittarius,Nhân Mã,"25°55'47.76""",Purva Ashadha,Venus,4,Venus,Sagittarius,Nhân Mã,"26°49'04.50""",Uttara Ashadha,Sun,1,0th House,0,0,0.888,0.888,Combust
2026-01-10 16:45:00,Parashara_Drishti,Sun,Sagittarius,Nhân Mã,"25°55'47.76""",Purva Ashadha,Venus,4,Mars,Sagittarius,Nhân Mã,"25°42'10.96""",Purva Ashadha,Venus,4,0th House,0,0,359.7731,0.2269,Combust
2026-01-10 16:45:00,Parashara_Drishti,Sun,Sagittarius,Nhân Mã,"25°55'47.76""",Purva Ashadha,Venus,4,Jupiter,Gemini,Song Tử,"25°52'46.76""",Punarvasu,Jupiter,2,7th House,7,180,179.9497,0.0503,Standard
2026-01-10 16:45:00,Parashara_Drishti,Venus,Sagittarius,Nhân Mã,"26°49'04.50""",Uttara Ashadha,Sun,1,Sun,Sagittarius,Nhân Mã,"25°55'47.76""",Purva Ashadha,Venus,4,0th House,0,0,359.112,0.888,Standard
2026-01-10 16:45:00,Parashara_Drishti,Mars,Sagittarius,Nhân Mã,"25°42'10.96""",Purva Ashadha,Venus,4,Sun,Sagittarius,Nhân Mã,"25°55'47.76""",Purva Ashadha,Venus,4,0th House,0,0,0.2269,0.2269,Standard
2026-01-10 16:45:00,Parashara_Drishti,Jupiter,Gemini,Song Tử,"25°52'46.76""",Punarvasu,Jupiter,2,Sun,Sagittarius,Nhân Mã,"25°55'47.76""",Purva Ashadha,Venus,4,7th House,7,180,180.0503,0.0503,Weak
2026-01-10 17:00:00,Parashara_Drishti,Sun,Sagittarius,Nhân Mã,"25°56'25.97""",Purva Ashadha,Venus,4,Venus,Sagittarius,Nhân Mã,"26°49'51.67""",Uttara Ashadha,Sun,1,0th House,0,0,0.8905,0.8905,Combust
2026-01-10 17:00:00,Parashara_Drishti,Sun,Sagittarius,Nhân Mã,"25°56'25.97""",Purva Ashadha,Venus,4,Mars,Sagittarius,Nhân Mã,"25°42'39.92""",Purva Ashadha,Venus,4,0th House,0,0,359.7705,0.2295,Combust
2026-01-10 17:00:00,Parashara_Drishti,Sun,Sagittarius,Nhân Mã,"25°56'25.97""",Purva Ashadha,Venus,4,Jupiter,Gemini,Song Tử,"25°52'41.70""",Punarvasu,Jupiter,2,7th House,7,180,179.9377,0.0623,Standard
2026-01-10 17:00:00,Parashara_Drishti,Venus,Sagittarius,Nhân Mã,"26°49'51.67""",Uttara Ashadha,Sun,1,Sun,Sagittarius,Nhân Mã,"25°56'25.97""",Purva Ashadha,Venus,4,0th House,0,0,359.1095,0.8905,Standard
2026-01-10 17:00:00,Parashara_Drishti,Mars,Sagittarius,Nhân Mã,"25°42'39.92""",Purva Ashadha,Venus,4,Sun,Sagittarius,Nhân Mã,"25°56'25.97""",Purva Ashadha,Venus,4,0th House,0,0,0.2295,0.2295,Standard
2026-01-10 17:00:00,Parashara_Drishti,Jupiter,Gemini,Song Tử,"25°52'41.70""",Punarvasu,Jupiter,2,Sun,Sagittarius,Nhân Mã,"25°56'25.97""",Purva Ashadha,Venus,4,7th House,7,180,180.0623,0.0623,Weak
2026-01-10 17:15:00,Parashara_Drishti,Sun,Sagittarius,Nhân Mã,"25°57'04.18""",Purva Ashadha,Venus,4,Venus,Sagittarius,Nhân Mã,"26°50'38.84""",Uttara Ashadha,Sun,1,0th House,0,0,0.893,0.893,Combust
2026-01-10 17:15:00,Parashara_Drishti,Sun,Sagittarius,Nhân Mã,"25°57'04.18""",Purva Ashadha,Venus,4,Mars,Sagittarius,Nhân Mã,"25°43'08.89""",Purva Ashadha,Venus,4,0th House,0,0,359.768,0.232,Combust
2026-01-10 17:15:00,Parashara_Drishti,Sun,Sagittarius,Nhân Mã,"25°57'04.18""",Purva Ashadha,Venus,4,Jupiter,Gemini,Song Tử,"25°52'36.64""",Punarvasu,Jupiter,2,7th House,7,180,179.9257,0.0743,Standard
2026-01-10 17:15:00,Parashara_Drishti,Venus,Sagittarius,Nhân Mã,"26°50'38.84""",Uttara Ashadha,Sun,1,Sun,Sagittarius,Nhân Mã,"25°57'04.18""",Purva Ashadha,Venus,4,0th House,0,0,359.107,0.893,Standard
2026-01-10 17:15:00,Parashara_Drishti,Mars,Sagittarius,Nhân Mã,"25°43'08.89""",Purva Ashadha,Venus,4,Sun,Sagittarius,Nhân Mã,"25°57'04.18""",Purva Ashadha,Venus,4,0th House,0,0,0.232,0.232,Standard
2026-01-10 17:15:00,Parashara_Drishti,Jupiter,Gemini,Song Tử,"25°52'36.64""",Punarvasu,Jupiter,2,Sun,Sagittarius,Nhân Mã,"25°57'04.18""",Purva Ashadha,Venus,4,7th House,7,180,180.0743,0.0743,Weak
2026-01-10 17:30:00,Parashara_Drishti,Sun,Sagittarius,Nhân Mã,"25°57'42.38""",Purva Ashadha,Venus,4,Venus,Sagittarius,Nhân Mã,"26°51'26.01""",Uttara Ashadha,Sun,1,0th House,0,0,0.8955,0.8955,Combust
2026-01-10 17:30:00,Parashara_Drishti,Sun,Sagittarius,Nhân Mã,"25°57'42.38""",Purva Ashadha,Venus,4,Mars,Sagittarius,Nhân Mã,"25°43'37.85""",Purva Ashadha,Venus,4,0th House,0,0,359.7654,0.2346,Combust
2026-01-10 17:30:00,Parashara_Drishti,Sun,Sagittarius,Nhân Mã,"25°57'42.38""",Purva Ashadha,Venus,4,Jupiter,Gemini,Song Tử,"25°52'31.57""",Punarvasu,Jupiter,2,7th House,7,180,179.9137,0.0863,Standard
2026-01-10 17:30:00,Parashara_Drishti,Venus,Sagittarius,Nhân Mã,"26°51'26.01""",Uttara Ashadha,Sun,1,Sun,Sagittarius,Nhân Mã,"25°57'42.38""",Purva Ashadha,Venus,4,0th House,0,0,359.1045,0.8955,Standard
2026-01-10 17:30:00,Parashara_Drishti,Mars,Sagittarius,Nhân Mã,"25°43'37.85""",Purva Ashadha,Venus,4,Sun,Sagittarius,Nhân Mã,"25°57'42.38""",Purva Ashadha,Venus,4,0th House,0,0,0.2346,0.2346,Standard
2026-01-10 17:30:00,Parashara_Drishti,Jupiter,Gemini,Song Tử,"25°52'31.57""",Punarvasu,Jupiter,2,Sun,Sagittarius,Nhân Mã,"25°57'42.38""",Purva Ashadha,Venus,4,7th House,7,180,180.0863,0.0863,Weak
2026-01-10 17:45:00,Parashara_Drishti,Sun,Sagittarius,Nhân Mã,"25°58'20.59""",Purva Ashadha,Venus,4,Venus,Sagittarius,Nhân Mã,"26°52'13.18""",Uttara Ashadha,Sun,1,0th House,0,0,0.8979,0.8979,Combust
2026-01-10 17:45:00,Parashara_Drishti,Sun,Sagittarius,Nhân Mã,"25°58'20.59""",Purva Ashadha,Venus,4,Mars,Sagittarius,Nhân Mã,"25°44'06.82""",Purva Ashadha,Venus,4,0th House,0,0,359.7628,0.2372,Combust
2026-01-10 17:45:00,Parashara_Drishti,Sun,Sagittarius,Nhân Mã,"25°58'20.59""",Purva Ashadha,Venus,4,Jupiter,Gemini,Song Tử,"25°52'26.51""",Punarvasu,Jupiter,2,7th House,7,180,179.9016,0.0984,Standard
2026-01-10 17:45:00,Parashara_Drishti,Venus,Sagittarius,Nhân Mã,"26°52'13.18""",Uttara Ashadha,Sun,1,Sun,Sagittarius,Nhân Mã,"25°58'20.59""",Purva Ashadha,Venus,4,0th House,0,0,359.1021,0.8979,Standard
2026-01-10 17:45:00,Parashara_Drishti,Mars,Sagittarius,Nhân Mã,"25°44'06.82""",Purva Ashadha,Venus,4,Sun,Sagittarius,Nhân Mã,"25°58'20.59""",Purva Ashadha,Venus,4,0th House,0,0,0.2372,0.2372,Standard
2026-01-10 17:45:00,Parashara_Drishti,Jupiter,Gemini,Song Tử,"25°52'26.51""",Punarvasu,Jupiter,2,Sun,Sagittarius,Nhân Mã,"25°58'20.59""",Purva Ashadha,Venus,4,7th House,7,180,180.0984,0.0984,Weak
2026-01-10 18:00:00,Parashara_Drishti,Sun,Sagittarius,Nhân Mã,"25°58'58.80""",Purva Ashadha,Venus,4,Venus,Sagittarius,Nhân Mã,"26°53'00.35""",Uttara Ashadha,Sun,1,0th House,0,0,0.9004,0.9004,Combust
2026-01-10 18:00:00,Parashara_Drishti,Sun,Sagittarius,Nhân Mã,"25°58'58.80""",Purva Ashadha,Venus,4,Mars,Sagittarius,Nhân Mã,"25°44'35.78""",Purva Ashadha,Venus,4,0th House,0,0,359.7603,0.2397,Combust
2026-01-10 18:00:00,Parashara_Drishti,Sun,Sagittarius,Nhân Mã,"25°58'58.80""",Purva Ashadha,Venus,4,Jupiter,Gemini,Song Tử,"25°52'21.45""",Punarvasu,Jupiter,2,7th House,7,180,179.8896,0.1104,Standard
2026-01-10 18:00:00,Parashara_Drishti,Venus,Sagittarius,Nhân Mã,"26°53'00.35""",Uttara Ashadha,Sun,1,Sun,Sagittarius,Nhân Mã,"25°58'58.80""",Purva Ashadha,Venus,4,0th House,0,0,359.0996,0.9004,Standard
2026-01-10 18:00:00,Parashara_Drishti,Mars,Sagittarius,Nhân Mã,"25°44'35.78""",Purva Ashadha,Venus,4,Sun,Sagittarius,Nhân Mã,"25°58'58.80""",Purva Ashadha,Venus,4,0th House,0,0,0.2397,0.2397,Standard
2026-01-10 18:00:00,Parashara_Drishti,Jupiter,Gemini,Song Tử,"25°52'21.45""",Punarvasu,Jupiter,2,Sun,Sagittarius,Nhân Mã,"25°58'58.80""",Purva Ashadha,Venus,4,7th House,7,180,180.1104,0.1104,Weak
2026-01-10 18:15:00,Parashara_Drishti,Sun,Sagittarius,Nhân Mã,"25°59'37.01""",Purva Ashadha,Venus,4,Venus,Sagittarius,Nhân Mã,"26°53'47.52""",Uttara Ashadha,Sun,1,0th House,0,0,0.9029,0.9029,Combust
2026-01-10 18:15:00,Parashara_Drishti,Sun,Sagittarius,Nhân Mã,"25°59'37.01""",Purva Ashadha,Venus,4,Mars,Sagittarius,Nhân Mã,"25°45'04.75""",Purva Ashadha,Venus,4,0th House,0,0,359.7577,0.2423,Combust
2026-01-10 18:15:00,Parashara_Drishti,Sun,Sagittarius,Nhân Mã,"25°59'37.01""",Purva Ashadha,Venus,4,Jupiter,Gemini,Song Tử,"25°52'16.38""",Punarvasu,Jupiter,2,7th House,7,180,179.8776,0.1224,Standard
2026-01-10 18:15:00,Parashara_Drishti,Venus,Sagittarius,Nhân Mã,"26°53'47.52""",Uttara Ashadha,Sun,1,Sun,Sagittarius,Nhân Mã,"25°59'37.01""",Purva Ashadha,Venus,4,0th House,0,0,359.0971,0.9029,Standard
2026-01-10 18:15:00,Parashara_Drishti,Mars,Sagittarius,Nhân Mã,"25°45'04.75""",Purva Ashadha,Venus,4,Sun,Sagittarius,Nhân Mã,"25°59'37.01""",Purva Ashadha,Venus,4,0th House,0,0,0.2423,0.2423,Standard
2026-01-10 18:15:00,Parashara_Drishti,Jupiter,Gemini,Song Tử,"25°52'16.38""",Punarvasu,Jupiter,2,Sun,Sagittarius,Nhân Mã,"25°59'37.01""",Purva Ashadha,Venus,4,7th House,7,180,180.1224,0.1224,Weak
2026-01-10 18:30:00,Parashara_Drishti,Sun,Sagittarius,Nhân Mã,"26°00'15.22""",Purva Ashadha,Venus,4,Venus,Sagittarius,Nhân Mã,"26°54'34.68""",Uttara Ashadha,Sun,1,0th House,0,0,0.9054,0.9054,Combust
2026-01-10 18:30:00,Parashara_Drishti,Sun,Sagittarius,Nhân Mã,"26°00'15.22""",Purva Ashadha,Venus,4,Mars,Sagittarius,Nhân Mã,"25°45'33.72""",Purva Ashadha,Venus,4,0th House,0,0,359.7551,0.2449,Combust
2026-01-10 18:30:00,Parashara_Drishti,Sun,Sagittarius,Nhân Mã,"26°00'15.22""",Purva Ashadha,Venus,4,Jupiter,Gemini,Song Tử,"25°52'11.32""",Punarvasu,Jupiter,2,7th House,7,180,179.8656,0.1344,Standard
2026-01-10 18:30:00,Parashara_Drishti,Venus,Sagittarius,Nhân Mã,"26°54'34.68""",Uttara Ashadha,Sun,1,Sun,Sagittarius,Nhân Mã,"26°00'15.22""",Purva Ashadha,Venus,4,0th House,0,0,359.0946,0.9054,Standard
2026-01-10 18:30:00,Parashara_Drishti,Mars,Sagittarius,Nhân Mã,"25°45'33.72""",Purva Ashadha,Venus,4,Sun,Sagittarius,Nhân Mã,"26°00'15.22""",Purva Ashadha,Venus,4,0th House,0,0,0.2449,0.2449,Standard
2026-01-10 18:30:00,Parashara_Drishti,Jupiter,Gemini,Song Tử,"25°52'11.32""",Punarvasu,Jupiter,2,Sun,Sagittarius,Nhân Mã,"26°00'15.22""",Purva Ashadha,Venus,4,7th House,7,180,180.1344,0.1344,Weak
2026-01-10 18:45:00,Parashara_Drishti,Sun,Sagittarius,Nhân Mã,"26°00'53.43""",Purva Ashadha,Venus,4,Venus,Sagittarius,Nhân Mã,"26°55'21.85""",Uttara Ashadha,Sun,1,0th House,0,0,0.9079,0.9079,Combust
2026-01-10 18:45:00,Parashara_Drishti,Sun,Sagittarius,Nhân Mã,"26°00'53.43""",Purva Ashadha,Venus,4,Mars,Sagittarius,Nhân Mã,"25°46'02.68""",Purva Ashadha,Venus,4,0th House,0,0,359.7526,0.2474,Combust
2026-01-10 18:45:00,Parashara_Drishti,Sun,Sagittarius,Nhân Mã,"26°00'53.43""",Purva Ashadha,Venus,4,Jupiter,Gemini,Song Tử,"25°52'06.26""",Punarvasu,Jupiter,2,7th House,7,180,179.8536,0.1464,Standard
2026-01-10 18:45:00,Parashara_Drishti,Venus,Sagittarius,Nhân Mã,"26°55'21.85""",Uttara Ashadha,Sun,1,Sun,Sagittarius,Nhân Mã,"26°00'53.43""",Purva Ashadha,Venus,4,0th House,0,0,359.0921,0.9079,Standard
2026-01-10 18:45:00,Parashara_Drishti,Mars,Sagittarius,Nhân Mã,"25°46'02.68""",Purva Ashadha,Venus,4,Sun,Sagittarius,Nhân Mã,"26°00'53.43""",Purva Ashadha,Venus,4,0th House,0,0,0.2474,0.2474,Standard
2026-01-10 18:45:00,Parashara_Drishti,Jupiter,Gemini,Song Tử,"25°52'06.26""",Punarvasu,Jupiter,2,Sun,Sagittarius,Nhân Mã,"26°00'53.43""",Purva Ashadha,Venus,4,7th House,7,180,180.1464,0.1464,Weak
2026-01-10 19:00:00,Parashara_Drishti,Sun,Sagittarius,Nhân Mã,"26°01'31.64""",Purva Ashadha,Venus,4,Venus,Sagittarius,Nhân Mã,"26°56'09.02""",Uttara Ashadha,Sun,1,0th House,0,0,0.9104,0.9104,Combust
2026-01-10 19:00:00,Parashara_Drishti,Sun,Sagittarius,Nhân Mã,"26°01'31.64""",Purva Ashadha,Venus,4,Mars,Sagittarius,Nhân Mã,"25°46'31.65""",Purva Ashadha,Venus,4,0th House,0,0,359.75,0.25,Combust
2026-01-10 19:00:00,Parashara_Drishti,Sun,Sagittarius,Nhân Mã,"26°01'31.64""",Purva Ashadha,Venus,4,Jupiter,Gemini,Song Tử,"25°52'01.20""",Punarvasu,Jupiter,2,7th House,7,180,179.8415,0.1585,Standard
2026-01-10 19:00:00,Parashara_Drishti,Venus,Sagittarius,Nhân Mã,"26°56'09.02""",Uttara Ashadha,Sun,1,Sun,Sagittarius,Nhân Mã,"26°01'31.64""",Purva Ashadha,Venus,4,0th House,0,0,359.0896,0.9104,Standard
2026-01-10 19:00:00,Parashara_Drishti,Mars,Sagittarius,Nhân Mã,"25°46'31.65""",Purva Ashadha,Venus,4,Sun,Sagittarius,Nhân Mã,"26°01'31.64""",Purva Ashadha,Venus,4,0th House,0,0,0.25,0.25,Standard
2026-01-10 19:00:00,Parashara_Drishti,Jupiter,Gemini,Song Tử,"25°52'01.20""",Punarvasu,Jupiter,2,Sun,Sagittarius,Nhân Mã,"26°01'31.64""",Purva Ashadha,Venus,4,7th House,7,180,180.1585,0.1585,Weak
2026-01-10 19:15:00,Parashara_Drishti,Sun,Sagittarius,Nhân Mã,"26°02'09.84""",Purva Ashadha,Venus,4,Venus,Sagittarius,Nhân Mã,"26°56'56.19""",Uttara Ashadha,Sun,1,0th House,0,0,0.9129,0.9129,Combust
2026-01-10 19:15:00,Parashara_Drishti,Sun,Sagittarius,Nhân Mã,"26°02'09.84""",Purva Ashadha,Venus,4,Mars,Sagittarius,Nhân Mã,"25°47'00.62""",Purva Ashadha,Venus,4,0th House,0,0,359.7474,0.2526,Combust
2026-01-10 19:15:00,Parashara_Drishti,Sun,Sagittarius,Nhân Mã,"26°02'09.84""",Purva Ashadha,Venus,4,Jupiter,Gemini,Song Tử,"25°51'56.13""",Punarvasu,Jupiter,2,7th House,7,180,179.8295,0.1705,Standard
2026-01-10 19:15:00,Parashara_Drishti,Venus,Sagittarius,Nhân Mã,"26°56'56.19""",Uttara Ashadha,Sun,1,Sun,Sagittarius,Nhân Mã,"26°02'09.84""",Purva Ashadha,Venus,4,0th House,0,0,359.0871,0.9129,Standard
2026-01-10 19:15:00,Parashara_Drishti,Mars,Sagittarius,Nhân Mã,"25°47'00.62""",Purva Ashadha,Venus,4,Sun,Sagittarius,Nhân Mã,"26°02'09.84""",Purva Ashadha,Venus,4,0th House,0,0,0.2526,0.2526,Standard
2026-01-10 19:15:00,Parashara_Drishti,Jupiter,Gemini,Song Tử,"25°51'56.13""",Punarvasu,Jupiter,2,Sun,Sagittarius,Nhân Mã,"26°02'09.84""",Purva Ashadha,Venus,4,7th House,7,180,180.1705,0.1705,Weak
2026-01-10 19:30:00,Parashara_Drishti,Sun,Sagittarius,Nhân Mã,"26°02'48.05""",Purva Ashadha,Venus,4,Venus,Sagittarius,Nhân Mã,"26°57'43.36""",Uttara Ashadha,Sun,1,0th House,0,0,0.9154,0.9154,Combust
2026-01-10 19:30:00,Parashara_Drishti,Sun,Sagittarius,Nhân Mã,"26°02'48.05""",Purva Ashadha,Venus,4,Mars,Sagittarius,Nhân Mã,"25°47'29.58""",Purva Ashadha,Venus,4,0th House,0,0,359.7449,0.2551,Combust
2026-01-10 19:30:00,Parashara_Drishti,Sun,Sagittarius,Nhân Mã,"26°02'48.05""",Purva Ashadha,Venus,4,Jupiter,Gemini,Song Tử,"25°51'51.07""",Punarvasu,Jupiter,2,7th House,7,180,179.8175,0.1825,Standard
2026-01-10 19:30:00,Parashara_Drishti,Venus,Sagittarius,Nhân Mã,"26°57'43.36""",Uttara Ashadha,Sun,1,Sun,Sagittarius,Nhân Mã,"26°02'48.05""",Purva Ashadha,Venus,4,0th House,0,0,359.0846,0.9154,Standard
2026-01-10 19:30:00,Parashara_Drishti,Mars,Sagittarius,Nhân Mã,"25°47'29.58""",Purva Ashadha,Venus,4,Sun,Sagittarius,Nhân Mã,"26°02'48.05""",Purva Ashadha,Venus,4,0th House,0,0,0.2551,0.2551,Standard
2026-01-10 19:30:00,Parashara_Drishti,Jupiter,Gemini,Song Tử,"25°51'51.07""",Punarvasu,Jupiter,2,Sun,Sagittarius,Nhân Mã,"26°02'48.05""",Purva Ashadha,Venus,4,7th House,7,180,180.1825,0.1825,Weak
2026-01-10 19:45:00,Parashara_Drishti,Sun,Sagittarius,Nhân Mã,"26°03'26.26""",Purva Ashadha,Venus,4,Venus,Sagittarius,Nhân Mã,"26°58'30.53""",Uttara Ashadha,Sun,1,0th House,0,0,0.9179,0.9179,Combust
2026-01-10 19:45:00,Parashara_Drishti,Sun,Sagittarius,Nhân Mã,"26°03'26.26""",Purva Ashadha,Venus,4,Mars,Sagittarius,Nhân Mã,"25°47'58.55""",Purva Ashadha,Venus,4,0th House,0,0,359.7423,0.2577,Combust
2026-01-10 19:45:00,Parashara_Drishti,Sun,Sagittarius,Nhân Mã,"26°03'26.26""",Purva Ashadha,Venus,4,Jupiter,Gemini,Song Tử,"25°51'46.01""",Punarvasu,Jupiter,2,7th House,7,180,179.8055,0.1945,Standard
2026-01-10 19:45:00,Parashara_Drishti,Venus,Sagittarius,Nhân Mã,"26°58'30.53""",Uttara Ashadha,Sun,1,Sun,Sagittarius,Nhân Mã,"26°03'26.26""",Purva Ashadha,Venus,4,0th House,0,0,359.0821,0.9179,Standard
2026-01-10 19:45:00,Parashara_Drishti,Mars,Sagittarius,Nhân Mã,"25°47'58.55""",Purva Ashadha,Venus,4,Sun,Sagittarius,Nhân Mã,"26°03'26.26""",Purva Ashadha,Venus,4,0th House,0,0,0.2577,0.2577,Standard
2026-01-10 19:45:00,Parashara_Drishti,Jupiter,Gemini,Song Tử,"25°51'46.01""",Punarvasu,Jupiter,2,Sun,Sagittarius,Nhân Mã,"26°03'26.26""",Purva Ashadha,Venus,4,7th House,7,180,180.1945,0.1945,Weak
2026-01-10 20:00:00,Parashara_Drishti,Sun,Sagittarius,Nhân Mã,"26°04'04.47""",Purva Ashadha,Venus,4,Venus,Sagittarius,Nhân Mã,"26°59'17.70""",Uttara Ashadha,Sun,1,0th House,0,0,0.9203,0.9203,Combust
2026-01-10 20:00:00,Parashara_Drishti,Sun,Sagittarius,Nhân Mã,"26°04'04.47""",Purva Ashadha,Venus,4,Mars,Sagittarius,Nhân Mã,"25°48'27.52""",Purva Ashadha,Venus,4,0th House,0,0,359.7397,0.2603,Combust
2026-01-10 20:00:00,Parashara_Drishti,Sun,Sagittarius,Nhân Mã,"26°04'04.47""",Purva Ashadha,Venus,4,Jupiter,Gemini,Song Tử,"25°51'40.94""",Punarvasu,Jupiter,2,7th House,7,180,179.7935,0.2065,Standard
2026-01-10 20:00:00,Parashara_Drishti,Venus,Sagittarius,Nhân Mã,"26°59'17.70""",Uttara Ashadha,Sun,1,Sun,Sagittarius,Nhân Mã,"26°04'04.47""",Purva Ashadha,Venus,4,0th House,0,0,359.0797,0.9203,Standard
2026-01-10 20:00:00,Parashara_Drishti,Mars,Sagittarius,Nhân Mã,"25°48'27.52""",Purva Ashadha,Venus,4,Sun,Sagittarius,Nhân Mã,"26°04'04.47""",Purva Ashadha,Venus,4,0th House,0,0,0.2603,0.2603,Standard
2026-01-10 20:00:00,Parashara_Drishti,Jupiter,Gemini,Song Tử,"25°51'40.94""",Punarvasu,Jupiter,2,Sun,Sagittarius,Nhân Mã,"26°04'04.47""",Purva Ashadha,Venus,4,7th House,7,180,180.2065,0.2065,Weak
2026-01-10 20:15:00,Parashara_Drishti,Sun,Sagittarius,Nhân Mã,"26°04'42.68""",Purva Ashadha,Venus,4,Venus,Sagittarius,Nhân Mã,"27°00'04.87""",Uttara Ashadha,Sun,1,0th House,0,0,0.9228,0.9228,Combust
2026-01-10 20:15:00,Parashara_Drishti,Sun,Sagittarius,Nhân Mã,"26°04'42.68""",Purva Ashadha,Venus,4,Mars,Sagittarius,Nhân Mã,"25°48'56.48""",Purva Ashadha,Venus,4,0th House,0,0,359.7372,0.2628,Combust
2026-01-10 20:15:00,Parashara_Drishti,Sun,Sagittarius,Nhân Mã,"26°04'42.68""",Purva Ashadha,Venus,4,Jupiter,Gemini,Song Tử,"25°51'35.88""",Punarvasu,Jupiter,2,7th House,7,180,179.7814,0.2186,Standard
2026-01-10 20:15:00,Parashara_Drishti,Venus,Sagittarius,Nhân Mã,"27°00'04.87""",Uttara Ashadha,Sun,1,Sun,Sagittarius,Nhân Mã,"26°04'42.68""",Purva Ashadha,Venus,4,0th House,0,0,359.0772,0.9228,Standard
2026-01-10 20:15:00,Parashara_Drishti,Mars,Sagittarius,Nhân Mã,"25°48'56.48""",Purva Ashadha,Venus,4,Sun,Sagittarius,Nhân Mã,"26°04'42.68""",Purva Ashadha,Venus,4,0th House,0,0,0.2628,0.2628,Standard
2026-01-10 20:15:00,Parashara_Drishti,Jupiter,Gemini,Song Tử,"25°51'35.88""",Punarvasu,Jupiter,2,Sun,Sagittarius,Nhân Mã,"26°04'42.68""",Purva Ashadha,Venus,4,7th House,7,180,180.2186,0.2186,Weak
2026-01-10 20:30:00,Parashara_Drishti,Sun,Sagittarius,Nhân Mã,"26°05'20.89""",Purva Ashadha,Venus,4,Venus,Sagittarius,Nhân Mã,"27°00'52.04""",Uttara Ashadha,Sun,1,0th House,0,0,0.9253,0.9253,Combust
2026-01-10 20:30:00,Parashara_Drishti,Sun,Sagittarius,Nhân Mã,"26°05'20.89""",Purva Ashadha,Venus,4,Mars,Sagittarius,Nhân Mã,"25°49'25.45""",Purva Ashadha,Venus,4,0th House,0,0,359.7346,0.2654,Combust
2026-01-10 20:30:00,Parashara_Drishti,Sun,Sagittarius,Nhân Mã,"26°05'20.89""",Purva Ashadha,Venus,4,Jupiter,Gemini,Song Tử,"25°51'30.82""",Punarvasu,Jupiter,2,7th House,7,180,179.7694,0.2306,Standard
2026-01-10 20:30:00,Parashara_Drishti,Venus,Sagittarius,Nhân Mã,"27°00'52.04""",Uttara Ashadha,Sun,1,Sun,Sagittarius,Nhân Mã,"26°05'20.89""",Purva Ashadha,Venus,4,0th House,0,0,359.0747,0.9253,Standard
2026-01-10 20:30:00,Parashara_Drishti,Mars,Sagittarius,Nhân Mã,"25°49'25.45""",Purva Ashadha,Venus,4,Sun,Sagittarius,Nhân Mã,"26°05'20.89""",Purva Ashadha,Venus,4,0th House,0,0,0.2654,0.2654,Standard
2026-01-10 20:30:00,Parashara_Drishti,Jupiter,Gemini,Song Tử,"25°51'30.82""",Punarvasu,Jupiter,2,Sun,Sagittarius,Nhân Mã,"26°05'20.89""",Purva Ashadha,Venus,4,7th House,7,180,180.2306,0.2306,Weak
2026-01-10 20:45:00,Parashara_Drishti,Sun,Sagittarius,Nhân Mã,"26°05'59.10""",Purva Ashadha,Venus,4,Venus,Sagittarius,Nhân Mã,"27°01'39.20""",Uttara Ashadha,Sun,1,0th House,0,0,0.9278,0.9278,Combust
2026-01-10 20:45:00,Parashara_Drishti,Sun,Sagittarius,Nhân Mã,"26°05'59.10""",Purva Ashadha,Venus,4,Mars,Sagittarius,Nhân Mã,"25°49'54.42""",Purva Ashadha,Venus,4,0th House,0,0,359.732,0.268,Combust
2026-01-10 20:45:00,Parashara_Drishti,Sun,Sagittarius,Nhân Mã,"26°05'59.10""",Purva Ashadha,Venus,4,Jupiter,Gemini,Song Tử,"25°51'25.75""",Punarvasu,Jupiter,2,7th House,7,180,179.7574,0.2426,Standard
2026-01-10 20:45:00,Parashara_Drishti,Venus,Sagittarius,Nhân Mã,"27°01'39.20""",Uttara Ashadha,Sun,1,Sun,Sagittarius,Nhân Mã,"26°05'59.10""",Purva Ashadha,Venus,4,0th House,0,0,359.0722,0.9278,Standard
2026-01-10 20:45:00,Parashara_Drishti,Mars,Sagittarius,Nhân Mã,"25°49'54.42""",Purva Ashadha,Venus,4,Sun,Sagittarius,Nhân Mã,"26°05'59.10""",Purva Ashadha,Venus,4,0th House,0,0,0.268,0.268,Standard
2026-01-10 20:45:00,Parashara_Drishti,Jupiter,Gemini,Song Tử,"25°51'25.75""",Punarvasu,Jupiter,2,Sun,Sagittarius,Nhân Mã,"26°05'59.10""",Purva Ashadha,Venus,4,7th House,7,180,180.2426,0.2426,Weak
2026-01-10 21:00:00,Parashara_Drishti,Sun,Sagittarius,Nhân Mã,"26°06'37.31""",Purva Ashadha,Venus,4,Venus,Sagittarius,Nhân Mã,"27°02'26.37""",Uttara Ashadha,Sun,1,0th House,0,0,0.9303,0.9303,Combust
2026-01-10 21:00:00,Parashara_Drishti,Sun,Sagittarius,Nhân Mã,"26°06'37.31""",Purva Ashadha,Venus,4,Mars,Sagittarius,Nhân Mã,"25°50'23.39""",Purva Ashadha,Venus,4,0th House,0,0,359.7295,0.2705,Combust
2026-01-10 21:00:00,Parashara_Drishti,Sun,Sagittarius,Nhân Mã,"26°06'37.31""",Purva Ashadha,Venus,4,Jupiter,Gemini,Song Tử,"25°51'20.69""",Punarvasu,Jupiter,2,7th House,7,180,179.7454,0.2546,Standard
2026-01-10 21:00:00,Parashara_Drishti,Venus,Sagittarius,Nhân Mã,"27°02'26.37""",Uttara Ashadha,Sun,1,Sun,Sagittarius,Nhân Mã,"26°06'37.31""",Purva Ashadha,Venus,4,0th House,0,0,359.0697,0.9303,Standard
2026-01-10 21:00:00,Parashara_Drishti,Mars,Sagittarius,Nhân Mã,"25°50'23.39""",Purva Ashadha,Venus,4,Sun,Sagittarius,Nhân Mã,"26°06'37.31""",Purva Ashadha,Venus,4,0th House,0,0,0.2705,0.2705,Standard
2026-01-10 21:00:00,Parashara_Drishti,Jupiter,Gemini,Song Tử,"25°51'20.69""",Punarvasu,Jupiter,2,Sun,Sagittarius,Nhân Mã,"26°06'37.31""",Purva Ashadha,Venus,4,7th House,7,180,180.2546,0.2546,Weak
2026-01-10 21:15:00,Parashara_Drishti,Sun,Sagittarius,Nhân Mã,"26°07'15.51""",Purva Ashadha,Venus,4,Venus,Sagittarius,Nhân Mã,"27°03'13.54""",Uttara Ashadha,Sun,1,0th House,0,0,0.9328,0.9328,Combust
2026-01-10 21:15:00,Parashara_Drishti,Sun,Sagittarius,Nhân Mã,"26°07'15.51""",Purva Ashadha,Venus,4,Mars,Sagittarius,Nhân Mã,"25°50'52.36""",Purva Ashadha,Venus,4,0th House,0,0,359.7269,0.2731,Combust
2026-01-10 21:15:00,Parashara_Drishti,Sun,Sagittarius,Nhân Mã,"26°07'15.51""",Purva Ashadha,Venus,4,Jupiter,Gemini,Song Tử,"25°51'15.63""",Punarvasu,Jupiter,2,7th House,7,180,179.7334,0.2666,Standard
2026-01-10 21:15:00,Parashara_Drishti,Venus,Sagittarius,Nhân Mã,"27°03'13.54""",Uttara Ashadha,Sun,1,Sun,Sagittarius,Nhân Mã,"26°07'15.51""",Purva Ashadha,Venus,4,0th House,0,0,359.0672,0.9328,Standard
2026-01-10 21:15:00,Parashara_Drishti,Mars,Sagittarius,Nhân Mã,"25°50'52.36""",Purva Ashadha,Venus,4,Sun,Sagittarius,Nhân Mã,"26°07'15.51""",Purva Ashadha,Venus,4,0th House,0,0,0.2731,0.2731,Standard
2026-01-10 21:15:00,Parashara_Drishti,Jupiter,Gemini,Song Tử,"25°51'15.63""",Punarvasu,Jupiter,2,Sun,Sagittarius,Nhân Mã,"26°07'15.51""",Purva Ashadha,Venus,4,7th House,7,180,180.2666,0.2666,Weak
2026-01-10 21:30:00,Parashara_Drishti,Sun,Sagittarius,Nhân Mã,"26°07'53.72""",Purva Ashadha,Venus,4,Venus,Sagittarius,Nhân Mã,"27°04'00.71""",Uttara Ashadha,Sun,1,0th House,0,0,0.9353,0.9353,Combust
2026-01-10 21:30:00,Parashara_Drishti,Sun,Sagittarius,Nhân Mã,"26°07'53.72""",Purva Ashadha,Venus,4,Mars,Sagittarius,Nhân Mã,"25°51'21.33""",Purva Ashadha,Venus,4,0th House,0,0,359.7243,0.2757,Combust
2026-01-10 21:30:00,Parashara_Drishti,Sun,Sagittarius,Nhân Mã,"26°07'53.72""",Purva Ashadha,Venus,4,Jupiter,Gemini,Song Tử,"25°51'10.56""",Punarvasu,Jupiter,2,7th House,7,180,179.7213,0.2787,Standard
2026-01-10 21:30:00,Parashara_Drishti,Venus,Sagittarius,Nhân Mã,"27°04'00.71""",Uttara Ashadha,Sun,1,Sun,Sagittarius,Nhân Mã,"26°07'53.72""",Purva Ashadha,Venus,4,0th House,0,0,359.0647,0.9353,Standard
2026-01-10 21:30:00,Parashara_Drishti,Mars,Sagittarius,Nhân Mã,"25°51'21.33""",Purva Ashadha,Venus,4,Sun,Sagittarius,Nhân Mã,"26°07'53.72""",Purva Ashadha,Venus,4,0th House,0,0,0.2757,0.2757,Standard
2026-01-10 21:30:00,Parashara_Drishti,Jupiter,Gemini,Song Tử,"25°51'10.56""",Punarvasu,Jupiter,2,Sun,Sagittarius,Nhân Mã,"26°07'53.72""",Purva Ashadha,Venus,4,7th House,7,180,180.2787,0.2787,Weak
2026-01-10 21:45:00,Parashara_Drishti,Sun,Sagittarius,Nhân Mã,"26°08'31.93""",Purva Ashadha,Venus,4,Venus,Sagittarius,Nhân Mã,"27°04'47.88""",Uttara Ashadha,Sun,1,0th House,0,0,0.9378,0.9378,Combust
2026-01-10 21:45:00,Parashara_Drishti,Sun,Sagittarius,Nhân Mã,"26°08'31.93""",Purva Ashadha,Venus,4,Mars,Sagittarius,Nhân Mã,"25°51'50.29""",Purva Ashadha,Venus,4,0th House,0,0,359.7218,0.2782,Combust
2026-01-10 21:45:00,Parashara_Drishti,Sun,Sagittarius,Nhân Mã,"26°08'31.93""",Purva Ashadha,Venus,4,Jupiter,Gemini,Song Tử,"25°51'05.50""",Punarvasu,Jupiter,2,7th House,7,180,179.7093,0.2907,Standard
2026-01-10 21:45:00,Parashara_Drishti,Venus,Sagittarius,Nhân Mã,"27°04'47.88""",Uttara Ashadha,Sun,1,Sun,Sagittarius,Nhân Mã,"26°08'31.93""",Purva Ashadha,Venus,4,0th House,0,0,359.0622,0.9378,Standard
2026-01-10 21:45:00,Parashara_Drishti,Mars,Sagittarius,Nhân Mã,"25°51'50.29""",Purva Ashadha,Venus,4,Sun,Sagittarius,Nhân Mã,"26°08'31.93""",Purva Ashadha,Venus,4,0th House,0,0,0.2782,0.2782,Standard
2026-01-10 21:45:00,Parashara_Drishti,Jupiter,Gemini,Song Tử,"25°51'05.50""",Punarvasu,Jupiter,2,Sun,Sagittarius,Nhân Mã,"26°08'31.93""",Purva Ashadha,Venus,4,7th House,7,180,180.2907,0.2907,Weak
2026-01-10 22:00:00,Parashara_Drishti,Sun,Sagittarius,Nhân Mã,"26°09'10.14""",Purva Ashadha,Venus,4,Venus,Sagittarius,Nhân Mã,"27°05'35.05""",Uttara Ashadha,Sun,1,0th House,0,0,0.9403,0.9403,Combust
2026-01-10 22:00:00,Parashara_Drishti,Sun,Sagittarius,Nhân Mã,"26°09'10.14""",Purva Ashadha,Venus,4,Mars,Sagittarius,Nhân Mã,"25°52'19.26""",Purva Ashadha,Venus,4,0th House,0,0,359.7192,0.2808,Combust
2026-01-10 22:00:00,Parashara_Drishti,Sun,Sagittarius,Nhân Mã,"26°09'10.14""",Purva Ashadha,Venus,4,Jupiter,Gemini,Song Tử,"25°51'00.44""",Punarvasu,Jupiter,2,7th House,7,180,179.6973,0.3027,Standard
2026-01-10 22:00:00,Parashara_Drishti,Venus,Sagittarius,Nhân Mã,"27°05'35.05""",Uttara Ashadha,Sun,1,Sun,Sagittarius,Nhân Mã,"26°09'10.14""",Purva Ashadha,Venus,4,0th House,0,0,359.0597,0.9403,Standard
2026-01-10 22:00:00,Parashara_Drishti,Mars,Sagittarius,Nhân Mã,"25°52'19.26""",Purva Ashadha,Venus,4,Sun,Sagittarius,Nhân Mã,"26°09'10.14""",Purva Ashadha,Venus,4,0th House,0,0,0.2808,0.2808,Standard
2026-01-10 22:00:00,Parashara_Drishti,Jupiter,Gemini,Song Tử,"25°51'00.44""",Punarvasu,Jupiter,2,Sun,Sagittarius,Nhân Mã,"26°09'10.14""",Purva Ashadha,Venus,4,7th House,7,180,180.3027,0.3027,Weak
2026-01-10 22:15:00,Parashara_Drishti,Sun,Sagittarius,Nhân Mã,"26°09'48.35""",Purva Ashadha,Venus,4,Venus,Sagittarius,Nhân Mã,"27°06'22.22""",Uttara Ashadha,Sun,1,0th House,0,0,0.9427,0.9427,Combust
2026-01-10 22:15:00,Parashara_Drishti,Sun,Sagittarius,Nhân Mã,"26°09'48.35""",Purva Ashadha,Venus,4,Mars,Sagittarius,Nhân Mã,"25°52'48.23""",Purva Ashadha,Venus,4,0th House,0,0,359.7166,0.2834,Combust
2026-01-10 22:15:00,Parashara_Drishti,Sun,Sagittarius,Nhân Mã,"26°09'48.35""",Purva Ashadha,Venus,4,Jupiter,Gemini,Song Tử,"25°50'55.37""",Punarvasu,Jupiter,2,7th House,7,180,179.6853,0.3147,Standard
2026-01-10 22:15:00,Parashara_Drishti,Venus,Sagittarius,Nhân Mã,"27°06'22.22""",Uttara Ashadha,Sun,1,Sun,Sagittarius,Nhân Mã,"26°09'48.35""",Purva Ashadha,Venus,4,0th House,0,0,359.0573,0.9427,Standard
2026-01-10 22:15:00,Parashara_Drishti,Mars,Sagittarius,Nhân Mã,"25°52'48.23""",Purva Ashadha,Venus,4,Sun,Sagittarius,Nhân Mã,"26°09'48.35""",Purva Ashadha,Venus,4,0th House,0,0,0.2834,0.2834,Standard
2026-01-10 22:15:00,Parashara_Drishti,Jupiter,Gemini,Song Tử,"25°50'55.37""",Punarvasu,Jupiter,2,Sun,Sagittarius,Nhân Mã,"26°09'48.35""",Purva Ashadha,Venus,4,7th House,7,180,180.3147,0.3147,Weak
2026-01-10 22:30:00,Parashara_Drishti,Sun,Sagittarius,Nhân Mã,"26°10'26.56""",Purva Ashadha,Venus,4,Venus,Sagittarius,Nhân Mã,"27°07'09.39""",Uttara Ashadha,Sun,1,0th House,0,0,0.9452,0.9452,Combust
2026-01-10 22:30:00,Parashara_Drishti,Sun,Sagittarius,Nhân Mã,"26°10'26.56""",Purva Ashadha,Venus,4,Mars,Sagittarius,Nhân Mã,"25°53'17.20""",Purva Ashadha,Venus,4,0th House,0,0,359.7141,0.2859,Combust
2026-01-10 22:30:00,Parashara_Drishti,Sun,Sagittarius,Nhân Mã,"26°10'26.56""",Purva Ashadha,Venus,4,Jupiter,Gemini,Song Tử,"25°50'50.31""",Punarvasu,Jupiter,2,7th House,7,180,179.6733,0.3267,Standard
2026-01-10 22:30:00,Parashara_Drishti,Venus,Sagittarius,Nhân Mã,"27°07'09.39""",Uttara Ashadha,Sun,1,Sun,Sagittarius,Nhân Mã,"26°10'26.56""",Purva Ashadha,Venus,4,0th House,0,0,359.0548,0.9452,Standard
2026-01-10 22:30:00,Parashara_Drishti,Mars,Sagittarius,Nhân Mã,"25°53'17.20""",Purva Ashadha,Venus,4,Sun,Sagittarius,Nhân Mã,"26°10'26.56""",Purva Ashadha,Venus,4,0th House,0,0,0.2859,0.2859,Standard
2026-01-10 22:30:00,Parashara_Drishti,Jupiter,Gemini,Song Tử,"25°50'50.31""",Punarvasu,Jupiter,2,Sun,Sagittarius,Nhân Mã,"26°10'26.56""",Purva Ashadha,Venus,4,7th House,7,180,180.3267,0.3267,Weak
2026-01-10 22:45:00,Parashara_Drishti,Sun,Sagittarius,Nhân Mã,"26°11'04.77""",Purva Ashadha,Venus,4,Venus,Sagittarius,Nhân Mã,"27°07'56.56""",Uttara Ashadha,Sun,1,0th House,0,0,0.9477,0.9477,Combust
2026-01-10 22:45:00,Parashara_Drishti,Sun,Sagittarius,Nhân Mã,"26°11'04.77""",Purva Ashadha,Venus,4,Mars,Sagittarius,Nhân Mã,"25°53'46.17""",Purva Ashadha,Venus,4,0th House,0,0,359.7115,0.2885,Combust
2026-01-10 22:45:00,Parashara_Drishti,Sun,Sagittarius,Nhân Mã,"26°11'04.77""",Purva Ashadha,Venus,4,Jupiter,Gemini,Song Tử,"25°50'45.25""",Punarvasu,Jupiter,2,7th House,7,180,179.6612,0.3388,Standard
2026-01-10 22:45:00,Parashara_Drishti,Venus,Sagittarius,Nhân Mã,"27°07'56.56""",Uttara Ashadha,Sun,1,Sun,Sagittarius,Nhân Mã,"26°11'04.77""",Purva Ashadha,Venus,4,0th House,0,0,359.0523,0.9477,Standard
2026-01-10 22:45:00,Parashara_Drishti,Mars,Sagittarius,Nhân Mã,"25°53'46.17""",Purva Ashadha,Venus,4,Sun,Sagittarius,Nhân Mã,"26°11'04.77""",Purva Ashadha,Venus,4,0th House,0,0,0.2885,0.2885,Standard
2026-01-10 22:45:00,Parashara_Drishti,Jupiter,Gemini,Song Tử,"25°50'45.25""",Punarvasu,Jupiter,2,Sun,Sagittarius,Nhân Mã,"26°11'04.77""",Purva Ashadha,Venus,4,7th House,7,180,180.3388,0.3388,Weak
2026-01-10 23:00:00,Parashara_Drishti,Sun,Sagittarius,Nhân Mã,"26°11'42.97""",Purva Ashadha,Venus,4,Venus,Sagittarius,Nhân Mã,"27°08'43.72""",Uttara Ashadha,Sun,1,0th House,0,0,0.9502,0.9502,Combust
2026-01-10 23:00:00,Parashara_Drishti,Sun,Sagittarius,Nhân Mã,"26°11'42.97""",Purva Ashadha,Venus,4,Mars,Sagittarius,Nhân Mã,"25°54'15.14""",Purva Ashadha,Venus,4,0th House,0,0,359.7089,0.2911,Combust
2026-01-10 23:00:00,Parashara_Drishti,Sun,Sagittarius,Nhân Mã,"26°11'42.97""",Purva Ashadha,Venus,4,Jupiter,Gemini,Song Tử,"25°50'40.19""",Punarvasu,Jupiter,2,7th House,7,180,179.6492,0.3508,Standard
2026-01-10 23:00:00,Parashara_Drishti,Venus,Sagittarius,Nhân Mã,"27°08'43.72""",Uttara Ashadha,Sun,1,Sun,Sagittarius,Nhân Mã,"26°11'42.97""",Purva Ashadha,Venus,4,0th House,0,0,359.0498,0.9502,Standard
2026-01-10 23:00:00,Parashara_Drishti,Mars,Sagittarius,Nhân Mã,"25°54'15.14""",Purva Ashadha,Venus,4,Sun,Sagittarius,Nhân Mã,"26°11'42.97""",Purva Ashadha,Venus,4,0th House,0,0,0.2911,0.2911,Standard
2026-01-10 23:00:00,Parashara_Drishti,Jupiter,Gemini,Song Tử,"25°50'40.19""",Punarvasu,Jupiter,2,Sun,Sagittarius,Nhân Mã,"26°11'42.97""",Purva Ashadha,Venus,4,7th House,7,180,180.3508,0.3508,Weak
2026-01-10 23:15:00,Parashara_Drishti,Sun,Sagittarius,Nhân Mã,"26°12'21.18""",Purva Ashadha,Venus,4,Venus,Sagittarius,Nhân Mã,"27°09'30.89""",Uttara Ashadha,Sun,1,0th House,0,0,0.9527,0.9527,Combust
2026-01-10 23:15:00,Parashara_Drishti,Sun,Sagittarius,Nhân Mã,"26°12'21.18""",Purva Ashadha,Venus,4,Mars,Sagittarius,Nhân Mã,"25°54'44.11""",Purva Ashadha,Venus,4,0th House,0,0,359.7064,0.2936,Combust
2026-01-10 23:15:00,Parashara_Drishti,Sun,Sagittarius,Nhân Mã,"26°12'21.18""",Purva Ashadha,Venus,4,Jupiter,Gemini,Song Tử,"25°50'35.12""",Punarvasu,Jupiter,2,7th House,7,180,179.6372,0.3628,Standard
2026-01-10 23:15:00,Parashara_Drishti,Venus,Sagittarius,Nhân Mã,"27°09'30.89""",Uttara Ashadha,Sun,1,Sun,Sagittarius,Nhân Mã,"26°12'21.18""",Purva Ashadha,Venus,4,0th House,0,0,359.0473,0.9527,Standard
2026-01-10 23:15:00,Parashara_Drishti,Mars,Sagittarius,Nhân Mã,"25°54'44.11""",Purva Ashadha,Venus,4,Sun,Sagittarius,Nhân Mã,"26°12'21.18""",Purva Ashadha,Venus,4,0th House,0,0,0.2936,0.2936,Standard
2026-01-10 23:15:00,Parashara_Drishti,Jupiter,Gemini,Song Tử,"25°50'35.12""",Punarvasu,Jupiter,2,Sun,Sagittarius,Nhân Mã,"26°12'21.18""",Purva Ashadha,Venus,4,7th House,7,180,180.3628,0.3628,Weak
2026-01-10 23:30:00,Parashara_Drishti,Sun,Sagittarius,Nhân Mã,"26°12'59.39""",Purva Ashadha,Venus,4,Venus,Sagittarius,Nhân Mã,"27°10'18.06""",Uttara Ashadha,Sun,1,0th House,0,0,0.9552,0.9552,Combust
2026-01-10 23:30:00,Parashara_Drishti,Sun,Sagittarius,Nhân Mã,"26°12'59.39""",Purva Ashadha,Venus,4,Mars,Sagittarius,Nhân Mã,"25°55'13.09""",Purva Ashadha,Venus,4,0th House,0,0,359.7038,0.2962,Combust
2026-01-10 23:30:00,Parashara_Drishti,Sun,Sagittarius,Nhân Mã,"26°12'59.39""",Purva Ashadha,Venus,4,Jupiter,Gemini,Song Tử,"25°50'30.06""",Punarvasu,Jupiter,2,7th House,7,180,179.6252,0.3748,Standard
2026-01-10 23:30:00,Parashara_Drishti,Venus,Sagittarius,Nhân Mã,"27°10'18.06""",Uttara Ashadha,Sun,1,Sun,Sagittarius,Nhân Mã,"26°12'59.39""",Purva Ashadha,Venus,4,0th House,0,0,359.0448,0.9552,Standard
2026-01-10 23:30:00,Parashara_Drishti,Mars,Sagittarius,Nhân Mã,"25°55'13.09""",Purva Ashadha,Venus,4,Sun,Sagittarius,Nhân Mã,"26°12'59.39""",Purva Ashadha,Venus,4,0th House,0,0,0.2962,0.2962,Standard
2026-01-10 23:30:00,Parashara_Drishti,Jupiter,Gemini,Song Tử,"25°50'30.06""",Punarvasu,Jupiter,2,Sun,Sagittarius,Nhân Mã,"26°12'59.39""",Purva Ashadha,Venus,4,7th House,7,180,180.3748,0.3748,Weak
2026-01-10 23:45:00,Parashara_Drishti,Sun,Sagittarius,Nhân Mã,"26°13'37.60""",Purva Ashadha,Venus,4,Venus,Sagittarius,Nhân Mã,"27°11'05.23""",Uttara Ashadha,Sun,1,0th House,0,0,0.9577,0.9577,Combust
2026-01-10 23:45:00,Parashara_Drishti,Sun,Sagittarius,Nhân Mã,"26°13'37.60""",Purva Ashadha,Venus,4,Mars,Sagittarius,Nhân Mã,"25°55'42.06""",Purva Ashadha,Venus,4,0th House,0,0,359.7012,0.2988,Combust
2026-01-10 23:45:00,Parashara_Drishti,Sun,Sagittarius,Nhân Mã,"26°13'37.60""",Purva Ashadha,Venus,4,Jupiter,Gemini,Song Tử,"25°50'25.00""",Punarvasu,Jupiter,2,7th House,7,180,179.6132,0.3868,Standard
2026-01-10 23:45:00,Parashara_Drishti,Venus,Sagittarius,Nhân Mã,"27°11'05.23""",Uttara Ashadha,Sun,1,Sun,Sagittarius,Nhân Mã,"26°13'37.60""",Purva Ashadha,Venus,4,0th House,0,0,359.0423,0.9577,Standard
2026-01-10 23:45:00,Parashara_Drishti,Mars,Sagittarius,Nhân Mã,"25°55'42.06""",Purva Ashadha,Venus,4,Sun,Sagittarius,Nhân Mã,"26°13'37.60""",Purva Ashadha,Venus,4,0th House,0,0,0.2988,0.2988,Standard
2026-01-10 23:45:00,Parashara_Drishti,Jupiter,Gemini,Song Tử,"25°50'25.00""",Punarvasu,Jupiter,2,Sun,Sagittarius,Nhân Mã,"26°13'37.60""",Purva Ashadha,Venus,4,7th House,7,180,180.3868,0.3868,Weak
