datetime,event,aspecting_planet,aspecting_sign,aspecting_sign_vi,aspecting_degree,aspecting_nakshatra,aspecting_nakshatra_lord,aspecting_pada,aspected_planet,aspected_sign,aspected_sign_vi,aspected_degree,aspected_nakshatra,aspected_nakshatra_lord,aspected_pada,aspect_type,aspect_house,target_angle,actual_angle,orb,strength
2026-01-06 00:00:00,Parashara_Drishti,Sun,Sagittarius,Nhân Mã,"21°08'36.44""",Purva Ashadha,Venus,3,Venus,Sagittarius,Nhân Mã,"20°54'29.67""",Purva Ashadha,Venus,3,0th House,0,0,359.7648,0.2352,Combust
2026-01-06 00:00:00,Parashara_Drishti,Sun,Sagittarius,Nhân Mã,"21°08'36.44""",Purva Ashadha,Venus,3,Mars,Sagittarius,Nhân Mã,"22°04'53.41""",Purva Ashadha,Venus,3,0th House,0,0,0.938,0.938,Combust
2026-01-06 00:00:00,Parashara_Drishti,Venus,Sagittarius,Nhân Mã,"20°54'29.67""",Purva Ashadha,Venus,3,Sun,Sagittarius,Nhân Mã,"21°08'36.44""",Purva Ashadha,Venus,3,0th House,0,0,0.2352,0.2352,Standard
2026-01-06 00:00:00,Parashara_Drishti,Mars,Sagittarius,Nhân Mã,"22°04'53.41""",Purva Ashadha,Venus,3,Sun,Sagittarius,Nhân Mã,"21°08'36.44""",Purva Ashadha,Venus,3,0th House,0,0,359.062,0.938,Standard
2026-01-06 00:00:00,Parashara_Drishti,Mars,Sagittarius,Nhân Mã,"22°04'53.41""",Purva Ashadha,Venus,3,Moon,Cancer,Cự Giải,"22°00'33.22""",Ashlesha,Mercury,2,8th House,8,210,209.9277,0.0723,Strong
2026-01-06 00:15:00,Parashara_Drishti,Sun,Sagittarius,Nhân Mã,"21°09'14.65""",Purva Ashadha,Venus,3,Venus,Sagittarius,Nhân Mã,"20°55'16.84""",Purva Ashadha,Venus,3,0th House,0,0,359.7673,0.2327,Combust
2026-01-06 00:15:00,Parashara_Drishti,Sun,Sagittarius,Nhân Mã,"21°09'14.65""",Purva Ashadha,Venus,3,Mars,Sagittarius,Nhân Mã,"22°05'22.26""",Purva Ashadha,Venus,3,0th House,0,0,0.9354,0.9354,Combust
2026-01-06 00:15:00,Parashara_Drishti,Venus,Sagittarius,Nhân Mã,"20°55'16.84""",Purva Ashadha,Venus,3,Sun,Sagittarius,Nhân Mã,"21°09'14.65""",Purva Ashadha,Venus,3,0th House,0,0,0.2327,0.2327,Standard
2026-01-06 00:15:00,Parashara_Drishti,Mars,Sagittarius,Nhân Mã,"22°05'22.26""",Purva Ashadha,Venus,3,Sun,Sagittarius,Nhân Mã,"21°09'14.65""",Purva Ashadha,Venus,3,0th House,0,0,359.0646,0.9354,Standard
2026-01-06 00:15:00,Parashara_Drishti,Mars,Sagittarius,Nhân Mã,"22°05'22.26""",Purva Ashadha,Venus,3,Moon,Cancer,Cự Giải,"22°09'19.33""",Ashlesha,Mercury,2,8th House,8,210,210.0659,0.0659,Strong
2026-01-06 00:30:00,Parashara_Drishti,Sun,Sagittarius,Nhân Mã,"21°09'52.85""",Purva Ashadha,Venus,3,Venus,Sagittarius,Nhân Mã,"20°56'04.02""",Purva Ashadha,Venus,3,0th House,0,0,359.7698,0.2302,Combust
2026-01-06 00:30:00,Parashara_Drishti,Sun,Sagittarius,Nhân Mã,"21°09'52.85""",Purva Ashadha,Venus,3,Mars,Sagittarius,Nhân Mã,"22°05'51.12""",Purva Ashadha,Venus,3,0th House,0,0,0.9329,0.9329,Combust
2026-01-06 00:30:00,Parashara_Drishti,Venus,Sagittarius,Nhân Mã,"20°56'04.02""",Purva Ashadha,Venus,3,Sun,Sagittarius,Nhân Mã,"21°09'52.85""",Purva Ashadha,Venus,3,0th House,0,0,0.2302,0.2302,Standard
2026-01-06 00:30:00,Parashara_Drishti,Mars,Sagittarius,Nhân Mã,"22°05'51.12""",Purva Ashadha,Venus,3,Sun,Sagittarius,Nhân Mã,"21°09'52.85""",Purva Ashadha,Venus,3,0th House,0,0,359.0671,0.9329,Standard
2026-01-06 00:30:00,Parashara_Drishti,Mars,Sagittarius,Nhân Mã,"22°05'51.12""",Purva Ashadha,Venus,3,Moon,Cancer,Cự Giải,"22°18'05.26""",Ashlesha,Mercury,2,8th House,8,210,210.2039,0.2039,Strong
2026-01-06 00:45:00,Parashara_Drishti,Sun,Sagittarius,Nhân Mã,"21°10'31.06""",Purva Ashadha,Venus,3,Venus,Sagittarius,Nhân Mã,"20°56'51.20""",Purva Ashadha,Venus,3,0th House,0,0,359.7723,0.2277,Combust
2026-01-06 00:45:00,Parashara_Drishti,Sun,Sagittarius,Nhân Mã,"21°10'31.06""",Purva Ashadha,Venus,3,Mars,Sagittarius,Nhân Mã,"22°06'19.97""",Purva Ashadha,Venus,3,0th House,0,0,0.9303,0.9303,Combust
2026-01-06 00:45:00,Parashara_Drishti,Venus,Sagittarius,Nhân Mã,"20°56'51.20""",Purva Ashadha,Venus,3,Sun,Sagittarius,Nhân Mã,"21°10'31.06""",Purva Ashadha,Venus,3,0th House,0,0,0.2277,0.2277,Standard
2026-01-06 00:45:00,Parashara_Drishti,Mars,Sagittarius,Nhân Mã,"22°06'19.97""",Purva Ashadha,Venus,3,Sun,Sagittarius,Nhân Mã,"21°10'31.06""",Purva Ashadha,Venus,3,0th House,0,0,359.0697,0.9303,Standard
2026-01-06 00:45:00,Parashara_Drishti,Mars,Sagittarius,Nhân Mã,"22°06'19.97""",Purva Ashadha,Venus,3,Moon,Cancer,Cự Giải,"22°26'51.01""",Ashlesha,Mercury,2,8th House,8,210,210.342,0.342,Strong
2026-01-06 01:00:00,Parashara_Drishti,Sun,Sagittarius,Nhân Mã,"21°11'09.26""",Purva Ashadha,Venus,3,Venus,Sagittarius,Nhân Mã,"20°57'38.37""",Purva Ashadha,Venus,3,0th House,0,0,359.7748,0.2252,Combust
2026-01-06 01:00:00,Parashara_Drishti,Sun,Sagittarius,Nhân Mã,"21°11'09.26""",Purva Ashadha,Venus,3,Mars,Sagittarius,Nhân Mã,"22°06'48.82""",Purva Ashadha,Venus,3,0th House,0,0,0.9277,0.9277,Combust
2026-01-06 01:00:00,Parashara_Drishti,Venus,Sagittarius,Nhân Mã,"20°57'38.37""",Purva Ashadha,Venus,3,Sun,Sagittarius,Nhân Mã,"21°11'09.26""",Purva Ashadha,Venus,3,0th House,0,0,0.2252,0.2252,Standard
2026-01-06 01:00:00,Parashara_Drishti,Mars,Sagittarius,Nhân Mã,"22°06'48.82""",Purva Ashadha,Venus,3,Sun,Sagittarius,Nhân Mã,"21°11'09.26""",Purva Ashadha,Venus,3,0th House,0,0,359.0723,0.9277,Standard
2026-01-06 01:00:00,Parashara_Drishti,Mars,Sagittarius,Nhân Mã,"22°06'48.82""",Purva Ashadha,Venus,3,Moon,Cancer,Cự Giải,"22°35'36.59""",Ashlesha,Mercury,2,8th House,8,210,210.4799,0.4799,Strong
2026-01-06 01:15:00,Parashara_Drishti,Sun,Sagittarius,Nhân Mã,"21°11'47.47""",Purva Ashadha,Venus,3,Venus,Sagittarius,Nhân Mã,"20°58'25.55""",Purva Ashadha,Venus,3,0th House,0,0,359.7772,0.2228,Combust
2026-01-06 01:15:00,Parashara_Drishti,Sun,Sagittarius,Nhân Mã,"21°11'47.47""",Purva Ashadha,Venus,3,Mars,Sagittarius,Nhân Mã,"22°07'17.67""",Purva Ashadha,Venus,3,0th House,0,0,0.9251,0.9251,Combust
2026-01-06 01:15:00,Parashara_Drishti,Venus,Sagittarius,Nhân Mã,"20°58'25.55""",Purva Ashadha,Venus,3,Sun,Sagittarius,Nhân Mã,"21°11'47.47""",Purva Ashadha,Venus,3,0th House,0,0,0.2228,0.2228,Standard
2026-01-06 01:15:00,Parashara_Drishti,Mars,Sagittarius,Nhân Mã,"22°07'17.67""",Purva Ashadha,Venus,3,Sun,Sagittarius,Nhân Mã,"21°11'47.47""",Purva Ashadha,Venus,3,0th House,0,0,359.0749,0.9251,Standard
2026-01-06 01:15:00,Parashara_Drishti,Mars,Sagittarius,Nhân Mã,"22°07'17.67""",Purva Ashadha,Venus,3,Moon,Cancer,Cự Giải,"22°44'21.98""",Ashlesha,Mercury,2,8th House,8,210,210.6179,0.6179,Strong
2026-01-06 01:30:00,Parashara_Drishti,Sun,Sagittarius,Nhân Mã,"21°12'25.67""",Purva Ashadha,Venus,3,Venus,Sagittarius,Nhân Mã,"20°59'12.72""",Purva Ashadha,Venus,3,0th House,0,0,359.7797,0.2203,Combust
2026-01-06 01:30:00,Parashara_Drishti,Sun,Sagittarius,Nhân Mã,"21°12'25.67""",Purva Ashadha,Venus,3,Mars,Sagittarius,Nhân Mã,"22°07'46.53""",Purva Ashadha,Venus,3,0th House,0,0,0.9225,0.9225,Combust
2026-01-06 01:30:00,Parashara_Drishti,Venus,Sagittarius,Nhân Mã,"20°59'12.72""",Purva Ashadha,Venus,3,Sun,Sagittarius,Nhân Mã,"21°12'25.67""",Purva Ashadha,Venus,3,0th House,0,0,0.2203,0.2203,Standard
2026-01-06 01:30:00,Parashara_Drishti,Mars,Sagittarius,Nhân Mã,"22°07'46.53""",Purva Ashadha,Venus,3,Sun,Sagittarius,Nhân Mã,"21°12'25.67""",Purva Ashadha,Venus,3,0th House,0,0,359.0775,0.9225,Standard
2026-01-06 01:30:00,Parashara_Drishti,Mars,Sagittarius,Nhân Mã,"22°07'46.53""",Purva Ashadha,Venus,3,Moon,Cancer,Cự Giải,"22°53'07.19""",Ashlesha,Mercury,2,8th House,8,210,210.7557,0.7557,Strong
2026-01-06 01:45:00,Parashara_Drishti,Sun,Sagittarius,Nhân Mã,"21°13'03.88""",Purva Ashadha,Venus,3,Venus,Sagittarius,Nhân Mã,"20°59'59.90""",Purva Ashadha,Venus,3,0th House,0,0,359.7822,0.2178,Combust
2026-01-06 01:45:00,Parashara_Drishti,Sun,Sagittarius,Nhân Mã,"21°13'03.88""",Purva Ashadha,Venus,3,Mars,Sagittarius,Nhân Mã,"22°08'15.38""",Purva Ashadha,Venus,3,0th House,0,0,0.9199,0.9199,Combust
2026-01-06 01:45:00,Parashara_Drishti,Venus,Sagittarius,Nhân Mã,"20°59'59.90""",Purva Ashadha,Venus,3,Sun,Sagittarius,Nhân Mã,"21°13'03.88""",Purva Ashadha,Venus,3,0th House,0,0,0.2178,0.2178,Standard
2026-01-06 01:45:00,Parashara_Drishti,Mars,Sagittarius,Nhân Mã,"22°08'15.38""",Purva Ashadha,Venus,3,Sun,Sagittarius,Nhân Mã,"21°13'03.88""",Purva Ashadha,Venus,3,0th House,0,0,359.0801,0.9199,Standard
2026-01-06 01:45:00,Parashara_Drishti,Mars,Sagittarius,Nhân Mã,"22°08'15.38""",Purva Ashadha,Venus,3,Moon,Cancer,Cự Giải,"23°01'52.23""",Ashlesha,Mercury,2,8th House,8,210,210.8936,0.8936,Strong
2026-01-06 02:00:00,Parashara_Drishti,Sun,Sagittarius,Nhân Mã,"21°13'42.08""",Purva Ashadha,Venus,3,Venus,Sagittarius,Nhân Mã,"21°00'47.07""",Purva Ashadha,Venus,3,0th House,0,0,359.7847,0.2153,Combust
2026-01-06 02:00:00,Parashara_Drishti,Sun,Sagittarius,Nhân Mã,"21°13'42.08""",Purva Ashadha,Venus,3,Mars,Sagittarius,Nhân Mã,"22°08'44.23""",Purva Ashadha,Venus,3,0th House,0,0,0.9173,0.9173,Combust
2026-01-06 02:00:00,Parashara_Drishti,Venus,Sagittarius,Nhân Mã,"21°00'47.07""",Purva Ashadha,Venus,3,Sun,Sagittarius,Nhân Mã,"21°13'42.08""",Purva Ashadha,Venus,3,0th House,0,0,0.2153,0.2153,Standard
2026-01-06 02:00:00,Parashara_Drishti,Mars,Sagittarius,Nhân Mã,"22°08'44.23""",Purva Ashadha,Venus,3,Sun,Sagittarius,Nhân Mã,"21°13'42.08""",Purva Ashadha,Venus,3,0th House,0,0,359.0827,0.9173,Standard
2026-01-06 02:15:00,Parashara_Drishti,Sun,Sagittarius,Nhân Mã,"21°14'20.28""",Purva Ashadha,Venus,3,Venus,Sagittarius,Nhân Mã,"21°01'34.25""",Purva Ashadha,Venus,3,0th House,0,0,359.7872,0.2128,Combust
2026-01-06 02:15:00,Parashara_Drishti,Sun,Sagittarius,Nhân Mã,"21°14'20.28""",Purva Ashadha,Venus,3,Mars,Sagittarius,Nhân Mã,"22°09'13.09""",Purva Ashadha,Venus,3,0th House,0,0,0.9147,0.9147,Combust
2026-01-06 02:15:00,Parashara_Drishti,Venus,Sagittarius,Nhân Mã,"21°01'34.25""",Purva Ashadha,Venus,3,Sun,Sagittarius,Nhân Mã,"21°14'20.28""",Purva Ashadha,Venus,3,0th House,0,0,0.2128,0.2128,Standard
2026-01-06 02:15:00,Parashara_Drishti,Mars,Sagittarius,Nhân Mã,"22°09'13.09""",Purva Ashadha,Venus,3,Sun,Sagittarius,Nhân Mã,"21°14'20.28""",Purva Ashadha,Venus,3,0th House,0,0,359.0853,0.9147,Standard
2026-01-06 02:30:00,Parashara_Drishti,Sun,Sagittarius,Nhân Mã,"21°14'58.49""",Purva Ashadha,Venus,3,Venus,Sagittarius,Nhân Mã,"21°02'21.43""",Purva Ashadha,Venus,3,0th House,0,0,359.7897,0.2103,Combust
2026-01-06 02:30:00,Parashara_Drishti,Sun,Sagittarius,Nhân Mã,"21°14'58.49""",Purva Ashadha,Venus,3,Mars,Sagittarius,Nhân Mã,"22°09'41.94""",Purva Ashadha,Venus,3,0th House,0,0,0.9121,0.9121,Combust
2026-01-06 02:30:00,Parashara_Drishti,Venus,Sagittarius,Nhân Mã,"21°02'21.43""",Purva Ashadha,Venus,3,Sun,Sagittarius,Nhân Mã,"21°14'58.49""",Purva Ashadha,Venus,3,0th House,0,0,0.2103,0.2103,Standard
2026-01-06 02:30:00,Parashara_Drishti,Mars,Sagittarius,Nhân Mã,"22°09'41.94""",Purva Ashadha,Venus,3,Sun,Sagittarius,Nhân Mã,"21°14'58.49""",Purva Ashadha,Venus,3,0th House,0,0,359.0879,0.9121,Standard
2026-01-06 02:45:00,Parashara_Drishti,Sun,Sagittarius,Nhân Mã,"21°15'36.69""",Purva Ashadha,Venus,3,Venus,Sagittarius,Nhân Mã,"21°03'08.60""",Purva Ashadha,Venus,3,0th House,0,0,359.7922,0.2078,Combust
2026-01-06 02:45:00,Parashara_Drishti,Sun,Sagittarius,Nhân Mã,"21°15'36.69""",Purva Ashadha,Venus,3,Mars,Sagittarius,Nhân Mã,"22°10'10.79""",Purva Ashadha,Venus,3,0th House,0,0,0.9095,0.9095,Combust
2026-01-06 02:45:00,Parashara_Drishti,Venus,Sagittarius,Nhân Mã,"21°03'08.60""",Purva Ashadha,Venus,3,Sun,Sagittarius,Nhân Mã,"21°15'36.69""",Purva Ashadha,Venus,3,0th House,0,0,0.2078,0.2078,Standard
2026-01-06 02:45:00,Parashara_Drishti,Mars,Sagittarius,Nhân Mã,"22°10'10.79""",Purva Ashadha,Venus,3,Sun,Sagittarius,Nhân Mã,"21°15'36.69""",Purva Ashadha,Venus,3,0th House,0,0,359.0905,0.9095,Standard
2026-01-06 03:00:00,Parashara_Drishti,Sun,Sagittarius,Nhân Mã,"21°16'14.90""",Purva Ashadha,Venus,3,Venus,Sagittarius,Nhân Mã,"21°03'55.78""",Purva Ashadha,Venus,3,0th House,0,0,359.7947,0.2053,Combust
2026-01-06 03:00:00,Parashara_Drishti,Sun,Sagittarius,Nhân Mã,"21°16'14.90""",Purva Ashadha,Venus,3,Mars,Sagittarius,Nhân Mã,"22°10'39.65""",Purva Ashadha,Venus,3,0th House,0,0,0.9069,0.9069,Combust
2026-01-06 03:00:00,Parashara_Drishti,Venus,Sagittarius,Nhân Mã,"21°03'55.78""",Purva Ashadha,Venus,3,Sun,Sagittarius,Nhân Mã,"21°16'14.90""",Purva Ashadha,Venus,3,0th House,0,0,0.2053,0.2053,Standard
2026-01-06 03:00:00,Parashara_Drishti,Mars,Sagittarius,Nhân Mã,"22°10'39.65""",Purva Ashadha,Venus,3,Sun,Sagittarius,Nhân Mã,"21°16'14.90""",Purva Ashadha,Venus,3,0th House,0,0,359.0931,0.9069,Standard
2026-01-06 03:15:00,Parashara_Drishti,Sun,Sagittarius,Nhân Mã,"21°16'53.10""",Purva Ashadha,Venus,3,Venus,Sagittarius,Nhân Mã,"21°04'42.95""",Purva Ashadha,Venus,3,0th House,0,0,359.7972,0.2028,Combust
2026-01-06 03:15:00,Parashara_Drishti,Sun,Sagittarius,Nhân Mã,"21°16'53.10""",Purva Ashadha,Venus,3,Mars,Sagittarius,Nhân Mã,"22°11'08.50""",Purva Ashadha,Venus,3,0th House,0,0,0.9043,0.9043,Combust
2026-01-06 03:15:00,Parashara_Drishti,Venus,Sagittarius,Nhân Mã,"21°04'42.95""",Purva Ashadha,Venus,3,Sun,Sagittarius,Nhân Mã,"21°16'53.10""",Purva Ashadha,Venus,3,0th House,0,0,0.2028,0.2028,Standard
2026-01-06 03:15:00,Parashara_Drishti,Mars,Sagittarius,Nhân Mã,"22°11'08.50""",Purva Ashadha,Venus,3,Sun,Sagittarius,Nhân Mã,"21°16'53.10""",Purva Ashadha,Venus,3,0th House,0,0,359.0957,0.9043,Standard
2026-01-06 03:30:00,Parashara_Drishti,Sun,Sagittarius,Nhân Mã,"21°17'31.31""",Purva Ashadha,Venus,3,Venus,Sagittarius,Nhân Mã,"21°05'30.13""",Purva Ashadha,Venus,3,0th House,0,0,359.7997,0.2003,Combust
2026-01-06 03:30:00,Parashara_Drishti,Sun,Sagittarius,Nhân Mã,"21°17'31.31""",Purva Ashadha,Venus,3,Mars,Sagittarius,Nhân Mã,"22°11'37.36""",Purva Ashadha,Venus,3,0th House,0,0,0.9017,0.9017,Combust
2026-01-06 03:30:00,Parashara_Drishti,Venus,Sagittarius,Nhân Mã,"21°05'30.13""",Purva Ashadha,Venus,3,Sun,Sagittarius,Nhân Mã,"21°17'31.31""",Purva Ashadha,Venus,3,0th House,0,0,0.2003,0.2003,Standard
2026-01-06 03:30:00,Parashara_Drishti,Mars,Sagittarius,Nhân Mã,"22°11'37.36""",Purva Ashadha,Venus,3,Sun,Sagittarius,Nhân Mã,"21°17'31.31""",Purva Ashadha,Venus,3,0th House,0,0,359.0983,0.9017,Standard
2026-01-06 03:45:00,Parashara_Drishti,Sun,Sagittarius,Nhân Mã,"21°18'09.51""",Purva Ashadha,Venus,3,Venus,Sagittarius,Nhân Mã,"21°06'17.30""",Purva Ashadha,Venus,3,0th House,0,0,359.8022,0.1978,Combust
2026-01-06 03:45:00,Parashara_Drishti,Sun,Sagittarius,Nhân Mã,"21°18'09.51""",Purva Ashadha,Venus,3,Mars,Sagittarius,Nhân Mã,"22°12'06.21""",Purva Ashadha,Venus,3,0th House,0,0,0.8991,0.8991,Combust
2026-01-06 03:45:00,Parashara_Drishti,Venus,Sagittarius,Nhân Mã,"21°06'17.30""",Purva Ashadha,Venus,3,Sun,Sagittarius,Nhân Mã,"21°18'09.51""",Purva Ashadha,Venus,3,0th House,0,0,0.1978,0.1978,Standard
2026-01-06 03:45:00,Parashara_Drishti,Mars,Sagittarius,Nhân Mã,"22°12'06.21""",Purva Ashadha,Venus,3,Sun,Sagittarius,Nhân Mã,"21°18'09.51""",Purva Ashadha,Venus,3,0th House,0,0,359.1009,0.8991,Standard
2026-01-06 04:00:00,Parashara_Drishti,Sun,Sagittarius,Nhân Mã,"21°18'47.72""",Purva Ashadha,Venus,3,Venus,Sagittarius,Nhân Mã,"21°07'04.48""",Purva Ashadha,Venus,3,0th House,0,0,359.8047,0.1953,Combust
2026-01-06 04:00:00,Parashara_Drishti,Sun,Sagittarius,Nhân Mã,"21°18'47.72""",Purva Ashadha,Venus,3,Mars,Sagittarius,Nhân Mã,"22°12'35.07""",Purva Ashadha,Venus,3,0th House,0,0,0.8965,0.8965,Combust
2026-01-06 04:00:00,Parashara_Drishti,Venus,Sagittarius,Nhân Mã,"21°07'04.48""",Purva Ashadha,Venus,3,Sun,Sagittarius,Nhân Mã,"21°18'47.72""",Purva Ashadha,Venus,3,0th House,0,0,0.1953,0.1953,Standard
2026-01-06 04:00:00,Parashara_Drishti,Mars,Sagittarius,Nhân Mã,"22°12'35.07""",Purva Ashadha,Venus,3,Sun,Sagittarius,Nhân Mã,"21°18'47.72""",Purva Ashadha,Venus,3,0th House,0,0,359.1035,0.8965,Standard
2026-01-06 04:15:00,Parashara_Drishti,Sun,Sagittarius,Nhân Mã,"21°19'25.92""",Purva Ashadha,Venus,3,Venus,Sagittarius,Nhân Mã,"21°07'51.65""",Purva Ashadha,Venus,3,0th House,0,0,359.8071,0.1929,Combust
2026-01-06 04:15:00,Parashara_Drishti,Sun,Sagittarius,Nhân Mã,"21°19'25.92""",Purva Ashadha,Venus,3,Mars,Sagittarius,Nhân Mã,"22°13'03.92""",Purva Ashadha,Venus,3,0th House,0,0,0.8939,0.8939,Combust
2026-01-06 04:15:00,Parashara_Drishti,Venus,Sagittarius,Nhân Mã,"21°07'51.65""",Purva Ashadha,Venus,3,Sun,Sagittarius,Nhân Mã,"21°19'25.92""",Purva Ashadha,Venus,3,0th House,0,0,0.1929,0.1929,Standard
2026-01-06 04:15:00,Parashara_Drishti,Mars,Sagittarius,Nhân Mã,"22°13'03.92""",Purva Ashadha,Venus,3,Sun,Sagittarius,Nhân Mã,"21°19'25.92""",Purva Ashadha,Venus,3,0th House,0,0,359.1061,0.8939,Standard
2026-01-06 04:30:00,Parashara_Drishti,Sun,Sagittarius,Nhân Mã,"21°20'04.13""",Purva Ashadha,Venus,3,Venus,Sagittarius,Nhân Mã,"21°08'38.83""",Purva Ashadha,Venus,3,0th House,0,0,359.8096,0.1904,Combust
2026-01-06 04:30:00,Parashara_Drishti,Sun,Sagittarius,Nhân Mã,"21°20'04.13""",Purva Ashadha,Venus,3,Mars,Sagittarius,Nhân Mã,"22°13'32.78""",Purva Ashadha,Venus,3,0th House,0,0,0.8913,0.8913,Combust
2026-01-06 04:30:00,Parashara_Drishti,Venus,Sagittarius,Nhân Mã,"21°08'38.83""",Purva Ashadha,Venus,3,Sun,Sagittarius,Nhân Mã,"21°20'04.13""",Purva Ashadha,Venus,3,0th House,0,0,0.1904,0.1904,Standard
2026-01-06 04:30:00,Parashara_Drishti,Mars,Sagittarius,Nhân Mã,"22°13'32.78""",Purva Ashadha,Venus,3,Sun,Sagittarius,Nhân Mã,"21°20'04.13""",Purva Ashadha,Venus,3,0th House,0,0,359.1087,0.8913,Standard
2026-01-06 04:45:00,Parashara_Drishti,Sun,Sagittarius,Nhân Mã,"21°20'42.33""",Purva Ashadha,Venus,3,Venus,Sagittarius,Nhân Mã,"21°09'26.01""",Purva Ashadha,Venus,3,0th House,0,0,359.8121,0.1879,Combust
2026-01-06 04:45:00,Parashara_Drishti,Sun,Sagittarius,Nhân Mã,"21°20'42.33""",Purva Ashadha,Venus,3,Mars,Sagittarius,Nhân Mã,"22°14'01.63""",Purva Ashadha,Venus,3,0th House,0,0,0.8887,0.8887,Combust
2026-01-06 04:45:00,Parashara_Drishti,Venus,Sagittarius,Nhân Mã,"21°09'26.01""",Purva Ashadha,Venus,3,Sun,Sagittarius,Nhân Mã,"21°20'42.33""",Purva Ashadha,Venus,3,0th House,0,0,0.1879,0.1879,Standard
2026-01-06 04:45:00,Parashara_Drishti,Mars,Sagittarius,Nhân Mã,"22°14'01.63""",Purva Ashadha,Venus,3,Sun,Sagittarius,Nhân Mã,"21°20'42.33""",Purva Ashadha,Venus,3,0th House,0,0,359.1113,0.8887,Standard
2026-01-06 05:00:00,Parashara_Drishti,Sun,Sagittarius,Nhân Mã,"21°21'20.54""",Purva Ashadha,Venus,3,Venus,Sagittarius,Nhân Mã,"21°10'13.18""",Purva Ashadha,Venus,3,0th House,0,0,359.8146,0.1854,Combust
2026-01-06 05:00:00,Parashara_Drishti,Sun,Sagittarius,Nhân Mã,"21°21'20.54""",Purva Ashadha,Venus,3,Mars,Sagittarius,Nhân Mã,"22°14'30.49""",Purva Ashadha,Venus,3,0th House,0,0,0.8861,0.8861,Combust
2026-01-06 05:00:00,Parashara_Drishti,Venus,Sagittarius,Nhân Mã,"21°10'13.18""",Purva Ashadha,Venus,3,Sun,Sagittarius,Nhân Mã,"21°21'20.54""",Purva Ashadha,Venus,3,0th House,0,0,0.1854,0.1854,Standard
2026-01-06 05:00:00,Parashara_Drishti,Mars,Sagittarius,Nhân Mã,"22°14'30.49""",Purva Ashadha,Venus,3,Sun,Sagittarius,Nhân Mã,"21°21'20.54""",Purva Ashadha,Venus,3,0th House,0,0,359.1139,0.8861,Standard
2026-01-06 05:15:00,Parashara_Drishti,Sun,Sagittarius,Nhân Mã,"21°21'58.74""",Purva Ashadha,Venus,3,Venus,Sagittarius,Nhân Mã,"21°11'00.36""",Purva Ashadha,Venus,3,0th House,0,0,359.8171,0.1829,Combust
2026-01-06 05:15:00,Parashara_Drishti,Sun,Sagittarius,Nhân Mã,"21°21'58.74""",Purva Ashadha,Venus,3,Mars,Sagittarius,Nhân Mã,"22°14'59.35""",Purva Ashadha,Venus,3,0th House,0,0,0.8835,0.8835,Combust
2026-01-06 05:15:00,Parashara_Drishti,Venus,Sagittarius,Nhân Mã,"21°11'00.36""",Purva Ashadha,Venus,3,Sun,Sagittarius,Nhân Mã,"21°21'58.74""",Purva Ashadha,Venus,3,0th House,0,0,0.1829,0.1829,Standard
2026-01-06 05:15:00,Parashara_Drishti,Mars,Sagittarius,Nhân Mã,"22°14'59.35""",Purva Ashadha,Venus,3,Sun,Sagittarius,Nhân Mã,"21°21'58.74""",Purva Ashadha,Venus,3,0th House,0,0,359.1165,0.8835,Standard
2026-01-06 05:30:00,Parashara_Drishti,Sun,Sagittarius,Nhân Mã,"21°22'36.95""",Purva Ashadha,Venus,3,Venus,Sagittarius,Nhân Mã,"21°11'47.53""",Purva Ashadha,Venus,3,0th House,0,0,359.8196,0.1804,Combust
2026-01-06 05:30:00,Parashara_Drishti,Sun,Sagittarius,Nhân Mã,"21°22'36.95""",Purva Ashadha,Venus,3,Mars,Sagittarius,Nhân Mã,"22°15'28.20""",Purva Ashadha,Venus,3,0th House,0,0,0.8809,0.8809,Combust
2026-01-06 05:30:00,Parashara_Drishti,Venus,Sagittarius,Nhân Mã,"21°11'47.53""",Purva Ashadha,Venus,3,Sun,Sagittarius,Nhân Mã,"21°22'36.95""",Purva Ashadha,Venus,3,0th House,0,0,0.1804,0.1804,Standard
2026-01-06 05:30:00,Parashara_Drishti,Mars,Sagittarius,Nhân Mã,"22°15'28.20""",Purva Ashadha,Venus,3,Sun,Sagittarius,Nhân Mã,"21°22'36.95""",Purva Ashadha,Venus,3,0th House,0,0,359.1191,0.8809,Standard
2026-01-06 05:45:00,Parashara_Drishti,Sun,Sagittarius,Nhân Mã,"21°23'15.15""",Purva Ashadha,Venus,3,Venus,Sagittarius,Nhân Mã,"21°12'34.71""",Purva Ashadha,Venus,3,0th House,0,0,359.8221,0.1779,Combust
2026-01-06 05:45:00,Parashara_Drishti,Sun,Sagittarius,Nhân Mã,"21°23'15.15""",Purva Ashadha,Venus,3,Mars,Sagittarius,Nhân Mã,"22°15'57.06""",Purva Ashadha,Venus,3,0th House,0,0,0.8783,0.8783,Combust
2026-01-06 05:45:00,Parashara_Drishti,Venus,Sagittarius,Nhân Mã,"21°12'34.71""",Purva Ashadha,Venus,3,Sun,Sagittarius,Nhân Mã,"21°23'15.15""",Purva Ashadha,Venus,3,0th House,0,0,0.1779,0.1779,Standard
2026-01-06 05:45:00,Parashara_Drishti,Mars,Sagittarius,Nhân Mã,"22°15'57.06""",Purva Ashadha,Venus,3,Sun,Sagittarius,Nhân Mã,"21°23'15.15""",Purva Ashadha,Venus,3,0th House,0,0,359.1217,0.8783,Standard
2026-01-06 06:00:00,Parashara_Drishti,Sun,Sagittarius,Nhân Mã,"21°23'53.36""",Purva Ashadha,Venus,3,Venus,Sagittarius,Nhân Mã,"21°13'21.88""",Purva Ashadha,Venus,3,0th House,0,0,359.8246,0.1754,Combust
2026-01-06 06:00:00,Parashara_Drishti,Sun,Sagittarius,Nhân Mã,"21°23'53.36""",Purva Ashadha,Venus,3,Mars,Sagittarius,Nhân Mã,"22°16'25.92""",Purva Ashadha,Venus,3,0th House,0,0,0.8757,0.8757,Combust
2026-01-06 06:00:00,Parashara_Drishti,Venus,Sagittarius,Nhân Mã,"21°13'21.88""",Purva Ashadha,Venus,3,Sun,Sagittarius,Nhân Mã,"21°23'53.36""",Purva Ashadha,Venus,3,0th House,0,0,0.1754,0.1754,Standard
2026-01-06 06:00:00,Parashara_Drishti,Mars,Sagittarius,Nhân Mã,"22°16'25.92""",Purva Ashadha,Venus,3,Sun,Sagittarius,Nhân Mã,"21°23'53.36""",Purva Ashadha,Venus,3,0th House,0,0,359.1243,0.8757,Standard
2026-01-06 06:15:00,Parashara_Drishti,Sun,Sagittarius,Nhân Mã,"21°24'31.56""",Purva Ashadha,Venus,3,Venus,Sagittarius,Nhân Mã,"21°14'09.06""",Purva Ashadha,Venus,3,0th House,0,0,359.8271,0.1729,Combust
2026-01-06 06:15:00,Parashara_Drishti,Sun,Sagittarius,Nhân Mã,"21°24'31.56""",Purva Ashadha,Venus,3,Mars,Sagittarius,Nhân Mã,"22°16'54.78""",Purva Ashadha,Venus,3,0th House,0,0,0.8731,0.8731,Combust
2026-01-06 06:15:00,Parashara_Drishti,Venus,Sagittarius,Nhân Mã,"21°14'09.06""",Purva Ashadha,Venus,3,Sun,Sagittarius,Nhân Mã,"21°24'31.56""",Purva Ashadha,Venus,3,0th House,0,0,0.1729,0.1729,Standard
2026-01-06 06:15:00,Parashara_Drishti,Mars,Sagittarius,Nhân Mã,"22°16'54.78""",Purva Ashadha,Venus,3,Sun,Sagittarius,Nhân Mã,"21°24'31.56""",Purva Ashadha,Venus,3,0th House,0,0,359.1269,0.8731,Standard
2026-01-06 06:30:00,Parashara_Drishti,Sun,Sagittarius,Nhân Mã,"21°25'09.77""",Purva Ashadha,Venus,3,Venus,Sagittarius,Nhân Mã,"21°14'56.23""",Purva Ashadha,Venus,3,0th House,0,0,359.8296,0.1704,Combust
2026-01-06 06:30:00,Parashara_Drishti,Sun,Sagittarius,Nhân Mã,"21°25'09.77""",Purva Ashadha,Venus,3,Mars,Sagittarius,Nhân Mã,"22°17'23.63""",Purva Ashadha,Venus,3,0th House,0,0,0.8705,0.8705,Combust
2026-01-06 06:30:00,Parashara_Drishti,Venus,Sagittarius,Nhân Mã,"21°14'56.23""",Purva Ashadha,Venus,3,Sun,Sagittarius,Nhân Mã,"21°25'09.77""",Purva Ashadha,Venus,3,0th House,0,0,0.1704,0.1704,Standard
2026-01-06 06:30:00,Parashara_Drishti,Mars,Sagittarius,Nhân Mã,"22°17'23.63""",Purva Ashadha,Venus,3,Sun,Sagittarius,Nhân Mã,"21°25'09.77""",Purva Ashadha,Venus,3,0th House,0,0,359.1295,0.8705,Standard
2026-01-06 06:45:00,Parashara_Drishti,Sun,Sagittarius,Nhân Mã,"21°25'47.97""",Purva Ashadha,Venus,3,Venus,Sagittarius,Nhân Mã,"21°15'43.41""",Purva Ashadha,Venus,3,0th House,0,0,359.8321,0.1679,Combust
2026-01-06 06:45:00,Parashara_Drishti,Sun,Sagittarius,Nhân Mã,"21°25'47.97""",Purva Ashadha,Venus,3,Mars,Sagittarius,Nhân Mã,"22°17'52.49""",Purva Ashadha,Venus,3,0th House,0,0,0.8679,0.8679,Combust
2026-01-06 06:45:00,Parashara_Drishti,Venus,Sagittarius,Nhân Mã,"21°15'43.41""",Purva Ashadha,Venus,3,Sun,Sagittarius,Nhân Mã,"21°25'47.97""",Purva Ashadha,Venus,3,0th House,0,0,0.1679,0.1679,Standard
2026-01-06 06:45:00,Parashara_Drishti,Mars,Sagittarius,Nhân Mã,"22°17'52.49""",Purva Ashadha,Venus,3,Sun,Sagittarius,Nhân Mã,"21°25'47.97""",Purva Ashadha,Venus,3,0th House,0,0,359.1321,0.8679,Standard
2026-01-06 07:00:00,Parashara_Drishti,Sun,Sagittarius,Nhân Mã,"21°26'26.18""",Purva Ashadha,Venus,3,Venus,Sagittarius,Nhân Mã,"21°16'30.59""",Purva Ashadha,Venus,3,0th House,0,0,359.8346,0.1654,Combust
2026-01-06 07:00:00,Parashara_Drishti,Sun,Sagittarius,Nhân Mã,"21°26'26.18""",Purva Ashadha,Venus,3,Mars,Sagittarius,Nhân Mã,"22°18'21.35""",Purva Ashadha,Venus,3,0th House,0,0,0.8653,0.8653,Combust
2026-01-06 07:00:00,Parashara_Drishti,Venus,Sagittarius,Nhân Mã,"21°16'30.59""",Purva Ashadha,Venus,3,Sun,Sagittarius,Nhân Mã,"21°26'26.18""",Purva Ashadha,Venus,3,0th House,0,0,0.1654,0.1654,Standard
2026-01-06 07:00:00,Parashara_Drishti,Mars,Sagittarius,Nhân Mã,"22°18'21.35""",Purva Ashadha,Venus,3,Sun,Sagittarius,Nhân Mã,"21°26'26.18""",Purva Ashadha,Venus,3,0th House,0,0,359.1347,0.8653,Standard
2026-01-06 07:15:00,Parashara_Drishti,Sun,Sagittarius,Nhân Mã,"21°27'04.38""",Purva Ashadha,Venus,3,Venus,Sagittarius,Nhân Mã,"21°17'17.76""",Purva Ashadha,Venus,3,0th House,0,0,359.8371,0.1629,Combust
2026-01-06 07:15:00,Parashara_Drishti,Sun,Sagittarius,Nhân Mã,"21°27'04.38""",Purva Ashadha,Venus,3,Mars,Sagittarius,Nhân Mã,"22°18'50.21""",Purva Ashadha,Venus,3,0th House,0,0,0.8627,0.8627,Combust
2026-01-06 07:15:00,Parashara_Drishti,Venus,Sagittarius,Nhân Mã,"21°17'17.76""",Purva Ashadha,Venus,3,Sun,Sagittarius,Nhân Mã,"21°27'04.38""",Purva Ashadha,Venus,3,0th House,0,0,0.1629,0.1629,Standard
2026-01-06 07:15:00,Parashara_Drishti,Mars,Sagittarius,Nhân Mã,"22°18'50.21""",Purva Ashadha,Venus,3,Sun,Sagittarius,Nhân Mã,"21°27'04.38""",Purva Ashadha,Venus,3,0th House,0,0,359.1373,0.8627,Standard
2026-01-06 07:30:00,Parashara_Drishti,Sun,Sagittarius,Nhân Mã,"21°27'42.59""",Purva Ashadha,Venus,3,Venus,Sagittarius,Nhân Mã,"21°18'04.94""",Purva Ashadha,Venus,3,0th House,0,0,359.8395,0.1605,Combust
2026-01-06 07:30:00,Parashara_Drishti,Sun,Sagittarius,Nhân Mã,"21°27'42.59""",Purva Ashadha,Venus,3,Mars,Sagittarius,Nhân Mã,"22°19'19.07""",Purva Ashadha,Venus,3,0th House,0,0,0.8601,0.8601,Combust
2026-01-06 07:30:00,Parashara_Drishti,Venus,Sagittarius,Nhân Mã,"21°18'04.94""",Purva Ashadha,Venus,3,Sun,Sagittarius,Nhân Mã,"21°27'42.59""",Purva Ashadha,Venus,3,0th House,0,0,0.1605,0.1605,Standard
2026-01-06 07:30:00,Parashara_Drishti,Mars,Sagittarius,Nhân Mã,"22°19'19.07""",Purva Ashadha,Venus,3,Sun,Sagittarius,Nhân Mã,"21°27'42.59""",Purva Ashadha,Venus,3,0th House,0,0,359.1399,0.8601,Standard
2026-01-06 07:45:00,Parashara_Drishti,Sun,Sagittarius,Nhân Mã,"21°28'20.79""",Purva Ashadha,Venus,3,Venus,Sagittarius,Nhân Mã,"21°18'52.11""",Purva Ashadha,Venus,3,0th House,0,0,359.842,0.158,Combust
2026-01-06 07:45:00,Parashara_Drishti,Sun,Sagittarius,Nhân Mã,"21°28'20.79""",Purva Ashadha,Venus,3,Mars,Sagittarius,Nhân Mã,"22°19'47.93""",Purva Ashadha,Venus,3,0th House,0,0,0.8575,0.8575,Combust
2026-01-06 07:45:00,Parashara_Drishti,Venus,Sagittarius,Nhân Mã,"21°18'52.11""",Purva Ashadha,Venus,3,Sun,Sagittarius,Nhân Mã,"21°28'20.79""",Purva Ashadha,Venus,3,0th House,0,0,0.158,0.158,Standard
2026-01-06 07:45:00,Parashara_Drishti,Mars,Sagittarius,Nhân Mã,"22°19'47.93""",Purva Ashadha,Venus,3,Sun,Sagittarius,Nhân Mã,"21°28'20.79""",Purva Ashadha,Venus,3,0th House,0,0,359.1425,0.8575,Standard
2026-01-06 08:00:00,Parashara_Drishti,Sun,Sagittarius,Nhân Mã,"21°28'59.00""",Purva Ashadha,Venus,3,Venus,Sagittarius,Nhân Mã,"21°19'39.29""",Purva Ashadha,Venus,3,0th House,0,0,359.8445,0.1555,Combust
2026-01-06 08:00:00,Parashara_Drishti,Sun,Sagittarius,Nhân Mã,"21°28'59.00""",Purva Ashadha,Venus,3,Mars,Sagittarius,Nhân Mã,"22°20'16.79""",Purva Ashadha,Venus,3,0th House,0,0,0.8549,0.8549,Combust
2026-01-06 08:00:00,Parashara_Drishti,Venus,Sagittarius,Nhân Mã,"21°19'39.29""",Purva Ashadha,Venus,3,Sun,Sagittarius,Nhân Mã,"21°28'59.00""",Purva Ashadha,Venus,3,0th House,0,0,0.1555,0.1555,Standard
2026-01-06 08:00:00,Parashara_Drishti,Mars,Sagittarius,Nhân Mã,"22°20'16.79""",Purva Ashadha,Venus,3,Sun,Sagittarius,Nhân Mã,"21°28'59.00""",Purva Ashadha,Venus,3,0th House,0,0,359.1451,0.8549,Standard
2026-01-06 08:15:00,Parashara_Drishti,Sun,Sagittarius,Nhân Mã,"21°29'37.20""",Purva Ashadha,Venus,3,Venus,Sagittarius,Nhân Mã,"21°20'26.46""",Purva Ashadha,Venus,3,0th House,0,0,359.847,0.153,Combust
2026-01-06 08:15:00,Parashara_Drishti,Sun,Sagittarius,Nhân Mã,"21°29'37.20""",Purva Ashadha,Venus,3,Mars,Sagittarius,Nhân Mã,"22°20'45.65""",Purva Ashadha,Venus,3,0th House,0,0,0.8523,0.8523,Combust
2026-01-06 08:15:00,Parashara_Drishti,Venus,Sagittarius,Nhân Mã,"21°20'26.46""",Purva Ashadha,Venus,3,Sun,Sagittarius,Nhân Mã,"21°29'37.20""",Purva Ashadha,Venus,3,0th House,0,0,0.153,0.153,Standard
2026-01-06 08:15:00,Parashara_Drishti,Mars,Sagittarius,Nhân Mã,"22°20'45.65""",Purva Ashadha,Venus,3,Sun,Sagittarius,Nhân Mã,"21°29'37.20""",Purva Ashadha,Venus,3,0th House,0,0,359.1477,0.8523,Standard
2026-01-06 08:30:00,Parashara_Drishti,Sun,Sagittarius,Nhân Mã,"21°30'15.41""",Purva Ashadha,Venus,3,Venus,Sagittarius,Nhân Mã,"21°21'13.64""",Purva Ashadha,Venus,3,0th House,0,0,359.8495,0.1505,Combust
2026-01-06 08:30:00,Parashara_Drishti,Sun,Sagittarius,Nhân Mã,"21°30'15.41""",Purva Ashadha,Venus,3,Mars,Sagittarius,Nhân Mã,"22°21'14.51""",Purva Ashadha,Venus,3,0th House,0,0,0.8497,0.8497,Combust
2026-01-06 08:30:00,Parashara_Drishti,Venus,Sagittarius,Nhân Mã,"21°21'13.64""",Purva Ashadha,Venus,3,Sun,Sagittarius,Nhân Mã,"21°30'15.41""",Purva Ashadha,Venus,3,0th House,0,0,0.1505,0.1505,Standard
2026-01-06 08:30:00,Parashara_Drishti,Mars,Sagittarius,Nhân Mã,"22°21'14.51""",Purva Ashadha,Venus,3,Sun,Sagittarius,Nhân Mã,"21°30'15.41""",Purva Ashadha,Venus,3,0th House,0,0,359.1503,0.8497,Standard
2026-01-06 08:45:00,Parashara_Drishti,Sun,Sagittarius,Nhân Mã,"21°30'53.61""",Purva Ashadha,Venus,3,Venus,Sagittarius,Nhân Mã,"21°22'00.81""",Purva Ashadha,Venus,3,0th House,0,0,359.852,0.148,Combust
2026-01-06 08:45:00,Parashara_Drishti,Sun,Sagittarius,Nhân Mã,"21°30'53.61""",Purva Ashadha,Venus,3,Mars,Sagittarius,Nhân Mã,"22°21'43.37""",Purva Ashadha,Venus,3,0th House,0,0,0.8472,0.8472,Combust
2026-01-06 08:45:00,Parashara_Drishti,Venus,Sagittarius,Nhân Mã,"21°22'00.81""",Purva Ashadha,Venus,3,Sun,Sagittarius,Nhân Mã,"21°30'53.61""",Purva Ashadha,Venus,3,0th House,0,0,0.148,0.148,Standard
2026-01-06 08:45:00,Parashara_Drishti,Venus,Sagittarius,Nhân Mã,"21°22'00.81""",Purva Ashadha,Venus,3,Mars,Sagittarius,Nhân Mã,"22°21'43.37""",Purva Ashadha,Venus,3,0th House,0,0,0.9952,0.9952,Standard
2026-01-06 08:45:00,Parashara_Drishti,Mars,Sagittarius,Nhân Mã,"22°21'43.37""",Purva Ashadha,Venus,3,Sun,Sagittarius,Nhân Mã,"21°30'53.61""",Purva Ashadha,Venus,3,0th House,0,0,359.1528,0.8472,Standard
2026-01-06 08:45:00,Parashara_Drishti,Mars,Sagittarius,Nhân Mã,"22°21'43.37""",Purva Ashadha,Venus,3,Venus,Sagittarius,Nhân Mã,"21°22'00.81""",Purva Ashadha,Venus,3,0th House,0,0,359.0048,0.9952,Standard
2026-01-06 09:00:00,Parashara_Drishti,Sun,Sagittarius,Nhân Mã,"21°31'31.82""",Purva Ashadha,Venus,3,Venus,Sagittarius,Nhân Mã,"21°22'47.99""",Purva Ashadha,Venus,3,0th House,0,0,359.8545,0.1455,Combust
2026-01-06 09:00:00,Parashara_Drishti,Sun,Sagittarius,Nhân Mã,"21°31'31.82""",Purva Ashadha,Venus,3,Mars,Sagittarius,Nhân Mã,"22°22'12.23""",Purva Ashadha,Venus,3,0th House,0,0,0.8446,0.8446,Combust
2026-01-06 09:00:00,Parashara_Drishti,Venus,Sagittarius,Nhân Mã,"21°22'47.99""",Purva Ashadha,Venus,3,Sun,Sagittarius,Nhân Mã,"21°31'31.82""",Purva Ashadha,Venus,3,0th House,0,0,0.1455,0.1455,Standard
2026-01-06 09:00:00,Parashara_Drishti,Venus,Sagittarius,Nhân Mã,"21°22'47.99""",Purva Ashadha,Venus,3,Mars,Sagittarius,Nhân Mã,"22°22'12.23""",Purva Ashadha,Venus,3,0th House,0,0,0.9901,0.9901,Standard
2026-01-06 09:00:00,Parashara_Drishti,Mars,Sagittarius,Nhân Mã,"22°22'12.23""",Purva Ashadha,Venus,3,Sun,Sagittarius,Nhân Mã,"21°31'31.82""",Purva Ashadha,Venus,3,0th House,0,0,359.1554,0.8446,Standard
2026-01-06 09:00:00,Parashara_Drishti,Mars,Sagittarius,Nhân Mã,"22°22'12.23""",Purva Ashadha,Venus,3,Venus,Sagittarius,Nhân Mã,"21°22'47.99""",Purva Ashadha,Venus,3,0th House,0,0,359.0099,0.9901,Standard
2026-01-06 09:15:00,Parashara_Drishti,Sun,Sagittarius,Nhân Mã,"21°32'10.02""",Purva Ashadha,Venus,3,Venus,Sagittarius,Nhân Mã,"21°23'35.16""",Purva Ashadha,Venus,3,0th House,0,0,359.857,0.143,Combust
2026-01-06 09:15:00,Parashara_Drishti,Sun,Sagittarius,Nhân Mã,"21°32'10.02""",Purva Ashadha,Venus,3,Mars,Sagittarius,Nhân Mã,"22°22'41.09""",Purva Ashadha,Venus,3,0th House,0,0,0.842,0.842,Combust
2026-01-06 09:15:00,Parashara_Drishti,Venus,Sagittarius,Nhân Mã,"21°23'35.16""",Purva Ashadha,Venus,3,Sun,Sagittarius,Nhân Mã,"21°32'10.02""",Purva Ashadha,Venus,3,0th House,0,0,0.143,0.143,Standard
2026-01-06 09:15:00,Parashara_Drishti,Venus,Sagittarius,Nhân Mã,"21°23'35.16""",Purva Ashadha,Venus,3,Mars,Sagittarius,Nhân Mã,"22°22'41.09""",Purva Ashadha,Venus,3,0th House,0,0,0.985,0.985,Standard
2026-01-06 09:15:00,Parashara_Drishti,Mars,Sagittarius,Nhân Mã,"22°22'41.09""",Purva Ashadha,Venus,3,Sun,Sagittarius,Nhân Mã,"21°32'10.02""",Purva Ashadha,Venus,3,0th House,0,0,359.158,0.842,Standard
2026-01-06 09:15:00,Parashara_Drishti,Mars,Sagittarius,Nhân Mã,"22°22'41.09""",Purva Ashadha,Venus,3,Venus,Sagittarius,Nhân Mã,"21°23'35.16""",Purva Ashadha,Venus,3,0th House,0,0,359.015,0.985,Standard
2026-01-06 09:30:00,Parashara_Drishti,Sun,Sagittarius,Nhân Mã,"21°32'48.23""",Purva Ashadha,Venus,3,Venus,Sagittarius,Nhân Mã,"21°24'22.34""",Purva Ashadha,Venus,3,0th House,0,0,359.8595,0.1405,Combust
2026-01-06 09:30:00,Parashara_Drishti,Sun,Sagittarius,Nhân Mã,"21°32'48.23""",Purva Ashadha,Venus,3,Mars,Sagittarius,Nhân Mã,"22°23'09.95""",Purva Ashadha,Venus,3,0th House,0,0,0.8394,0.8394,Combust
2026-01-06 09:30:00,Parashara_Drishti,Venus,Sagittarius,Nhân Mã,"21°24'22.34""",Purva Ashadha,Venus,3,Sun,Sagittarius,Nhân Mã,"21°32'48.23""",Purva Ashadha,Venus,3,0th House,0,0,0.1405,0.1405,Standard
2026-01-06 09:30:00,Parashara_Drishti,Venus,Sagittarius,Nhân Mã,"21°24'22.34""",Purva Ashadha,Venus,3,Mars,Sagittarius,Nhân Mã,"22°23'09.95""",Purva Ashadha,Venus,3,0th House,0,0,0.9799,0.9799,Standard
2026-01-06 09:30:00,Parashara_Drishti,Mars,Sagittarius,Nhân Mã,"22°23'09.95""",Purva Ashadha,Venus,3,Sun,Sagittarius,Nhân Mã,"21°32'48.23""",Purva Ashadha,Venus,3,0th House,0,0,359.1606,0.8394,Standard
2026-01-06 09:30:00,Parashara_Drishti,Mars,Sagittarius,Nhân Mã,"22°23'09.95""",Purva Ashadha,Venus,3,Venus,Sagittarius,Nhân Mã,"21°24'22.34""",Purva Ashadha,Venus,3,0th House,0,0,359.0201,0.9799,Standard
2026-01-06 09:45:00,Parashara_Drishti,Sun,Sagittarius,Nhân Mã,"21°33'26.43""",Purva Ashadha,Venus,3,Venus,Sagittarius,Nhân Mã,"21°25'09.52""",Purva Ashadha,Venus,3,0th House,0,0,359.862,0.138,Combust
2026-01-06 09:45:00,Parashara_Drishti,Sun,Sagittarius,Nhân Mã,"21°33'26.43""",Purva Ashadha,Venus,3,Mars,Sagittarius,Nhân Mã,"22°23'38.81""",Purva Ashadha,Venus,3,0th House,0,0,0.8368,0.8368,Combust
2026-01-06 09:45:00,Parashara_Drishti,Venus,Sagittarius,Nhân Mã,"21°25'09.52""",Purva Ashadha,Venus,3,Sun,Sagittarius,Nhân Mã,"21°33'26.43""",Purva Ashadha,Venus,3,0th House,0,0,0.138,0.138,Standard
2026-01-06 09:45:00,Parashara_Drishti,Venus,Sagittarius,Nhân Mã,"21°25'09.52""",Purva Ashadha,Venus,3,Mars,Sagittarius,Nhân Mã,"22°23'38.81""",Purva Ashadha,Venus,3,0th House,0,0,0.9748,0.9748,Standard
2026-01-06 09:45:00,Parashara_Drishti,Mars,Sagittarius,Nhân Mã,"22°23'38.81""",Purva Ashadha,Venus,3,Sun,Sagittarius,Nhân Mã,"21°33'26.43""",Purva Ashadha,Venus,3,0th House,0,0,359.1632,0.8368,Standard
2026-01-06 09:45:00,Parashara_Drishti,Mars,Sagittarius,Nhân Mã,"22°23'38.81""",Purva Ashadha,Venus,3,Venus,Sagittarius,Nhân Mã,"21°25'09.52""",Purva Ashadha,Venus,3,0th House,0,0,359.0252,0.9748,Standard
2026-01-06 10:00:00,Parashara_Drishti,Sun,Sagittarius,Nhân Mã,"21°34'04.64""",Purva Ashadha,Venus,3,Venus,Sagittarius,Nhân Mã,"21°25'56.69""",Purva Ashadha,Venus,3,0th House,0,0,359.8645,0.1355,Combust
2026-01-06 10:00:00,Parashara_Drishti,Sun,Sagittarius,Nhân Mã,"21°34'04.64""",Purva Ashadha,Venus,3,Mars,Sagittarius,Nhân Mã,"22°24'07.67""",Purva Ashadha,Venus,3,0th House,0,0,0.8342,0.8342,Combust
2026-01-06 10:00:00,Parashara_Drishti,Venus,Sagittarius,Nhân Mã,"21°25'56.69""",Purva Ashadha,Venus,3,Sun,Sagittarius,Nhân Mã,"21°34'04.64""",Purva Ashadha,Venus,3,0th House,0,0,0.1355,0.1355,Standard
2026-01-06 10:00:00,Parashara_Drishti,Venus,Sagittarius,Nhân Mã,"21°25'56.69""",Purva Ashadha,Venus,3,Mars,Sagittarius,Nhân Mã,"22°24'07.67""",Purva Ashadha,Venus,3,0th House,0,0,0.9697,0.9697,Standard
2026-01-06 10:00:00,Parashara_Drishti,Mars,Sagittarius,Nhân Mã,"22°24'07.67""",Purva Ashadha,Venus,3,Sun,Sagittarius,Nhân Mã,"21°34'04.64""",Purva Ashadha,Venus,3,0th House,0,0,359.1658,0.8342,Standard
2026-01-06 10:00:00,Parashara_Drishti,Mars,Sagittarius,Nhân Mã,"22°24'07.67""",Purva Ashadha,Venus,3,Venus,Sagittarius,Nhân Mã,"21°25'56.69""",Purva Ashadha,Venus,3,0th House,0,0,359.0303,0.9697,Standard
2026-01-06 10:15:00,Parashara_Drishti,Sun,Sagittarius,Nhân Mã,"21°34'42.84""",Purva Ashadha,Venus,3,Venus,Sagittarius,Nhân Mã,"21°26'43.87""",Purva Ashadha,Venus,3,0th House,0,0,359.867,0.133,Combust
2026-01-06 10:15:00,Parashara_Drishti,Sun,Sagittarius,Nhân Mã,"21°34'42.84""",Purva Ashadha,Venus,3,Mars,Sagittarius,Nhân Mã,"22°24'36.53""",Purva Ashadha,Venus,3,0th House,0,0,0.8316,0.8316,Combust
2026-01-06 10:15:00,Parashara_Drishti,Venus,Sagittarius,Nhân Mã,"21°26'43.87""",Purva Ashadha,Venus,3,Sun,Sagittarius,Nhân Mã,"21°34'42.84""",Purva Ashadha,Venus,3,0th House,0,0,0.133,0.133,Standard
2026-01-06 10:15:00,Parashara_Drishti,Venus,Sagittarius,Nhân Mã,"21°26'43.87""",Purva Ashadha,Venus,3,Mars,Sagittarius,Nhân Mã,"22°24'36.53""",Purva Ashadha,Venus,3,0th House,0,0,0.9646,0.9646,Standard
2026-01-06 10:15:00,Parashara_Drishti,Mars,Sagittarius,Nhân Mã,"22°24'36.53""",Purva Ashadha,Venus,3,Sun,Sagittarius,Nhân Mã,"21°34'42.84""",Purva Ashadha,Venus,3,0th House,0,0,359.1684,0.8316,Standard
2026-01-06 10:15:00,Parashara_Drishti,Mars,Sagittarius,Nhân Mã,"22°24'36.53""",Purva Ashadha,Venus,3,Venus,Sagittarius,Nhân Mã,"21°26'43.87""",Purva Ashadha,Venus,3,0th House,0,0,359.0354,0.9646,Standard
2026-01-06 10:30:00,Parashara_Drishti,Sun,Sagittarius,Nhân Mã,"21°35'21.05""",Purva Ashadha,Venus,3,Venus,Sagittarius,Nhân Mã,"21°27'31.04""",Purva Ashadha,Venus,3,0th House,0,0,359.8694,0.1306,Combust
2026-01-06 10:30:00,Parashara_Drishti,Sun,Sagittarius,Nhân Mã,"21°35'21.05""",Purva Ashadha,Venus,3,Mars,Sagittarius,Nhân Mã,"22°25'05.39""",Purva Ashadha,Venus,3,0th House,0,0,0.829,0.829,Combust
2026-01-06 10:30:00,Parashara_Drishti,Venus,Sagittarius,Nhân Mã,"21°27'31.04""",Purva Ashadha,Venus,3,Sun,Sagittarius,Nhân Mã,"21°35'21.05""",Purva Ashadha,Venus,3,0th House,0,0,0.1306,0.1306,Standard
2026-01-06 10:30:00,Parashara_Drishti,Venus,Sagittarius,Nhân Mã,"21°27'31.04""",Purva Ashadha,Venus,3,Mars,Sagittarius,Nhân Mã,"22°25'05.39""",Purva Ashadha,Venus,3,0th House,0,0,0.9595,0.9595,Standard
2026-01-06 10:30:00,Parashara_Drishti,Mars,Sagittarius,Nhân Mã,"22°25'05.39""",Purva Ashadha,Venus,3,Sun,Sagittarius,Nhân Mã,"21°35'21.05""",Purva Ashadha,Venus,3,0th House,0,0,359.171,0.829,Standard
2026-01-06 10:30:00,Parashara_Drishti,Mars,Sagittarius,Nhân Mã,"22°25'05.39""",Purva Ashadha,Venus,3,Venus,Sagittarius,Nhân Mã,"21°27'31.04""",Purva Ashadha,Venus,3,0th House,0,0,359.0405,0.9595,Standard
2026-01-06 10:45:00,Parashara_Drishti,Sun,Sagittarius,Nhân Mã,"21°35'59.25""",Purva Ashadha,Venus,3,Venus,Sagittarius,Nhân Mã,"21°28'18.22""",Purva Ashadha,Venus,3,0th House,0,0,359.8719,0.1281,Combust
2026-01-06 10:45:00,Parashara_Drishti,Sun,Sagittarius,Nhân Mã,"21°35'59.25""",Purva Ashadha,Venus,3,Mars,Sagittarius,Nhân Mã,"22°25'34.26""",Purva Ashadha,Venus,3,0th House,0,0,0.8264,0.8264,Combust
2026-01-06 10:45:00,Parashara_Drishti,Venus,Sagittarius,Nhân Mã,"21°28'18.22""",Purva Ashadha,Venus,3,Sun,Sagittarius,Nhân Mã,"21°35'59.25""",Purva Ashadha,Venus,3,0th House,0,0,0.1281,0.1281,Standard
2026-01-06 10:45:00,Parashara_Drishti,Venus,Sagittarius,Nhân Mã,"21°28'18.22""",Purva Ashadha,Venus,3,Mars,Sagittarius,Nhân Mã,"22°25'34.26""",Purva Ashadha,Venus,3,0th House,0,0,0.9545,0.9545,Standard
2026-01-06 10:45:00,Parashara_Drishti,Mars,Sagittarius,Nhân Mã,"22°25'34.26""",Purva Ashadha,Venus,3,Sun,Sagittarius,Nhân Mã,"21°35'59.25""",Purva Ashadha,Venus,3,0th House,0,0,359.1736,0.8264,Standard
2026-01-06 10:45:00,Parashara_Drishti,Mars,Sagittarius,Nhân Mã,"22°25'34.26""",Purva Ashadha,Venus,3,Venus,Sagittarius,Nhân Mã,"21°28'18.22""",Purva Ashadha,Venus,3,0th House,0,0,359.0455,0.9545,Standard
2026-01-06 11:00:00,Parashara_Drishti,Sun,Sagittarius,Nhân Mã,"21°36'37.46""",Purva Ashadha,Venus,3,Venus,Sagittarius,Nhân Mã,"21°29'05.39""",Purva Ashadha,Venus,3,0th House,0,0,359.8744,0.1256,Combust
2026-01-06 11:00:00,Parashara_Drishti,Sun,Sagittarius,Nhân Mã,"21°36'37.46""",Purva Ashadha,Venus,3,Mars,Sagittarius,Nhân Mã,"22°26'03.12""",Purva Ashadha,Venus,3,0th House,0,0,0.8238,0.8238,Combust
2026-01-06 11:00:00,Parashara_Drishti,Venus,Sagittarius,Nhân Mã,"21°29'05.39""",Purva Ashadha,Venus,3,Sun,Sagittarius,Nhân Mã,"21°36'37.46""",Purva Ashadha,Venus,3,0th House,0,0,0.1256,0.1256,Standard
2026-01-06 11:00:00,Parashara_Drishti,Venus,Sagittarius,Nhân Mã,"21°29'05.39""",Purva Ashadha,Venus,3,Mars,Sagittarius,Nhân Mã,"22°26'03.12""",Purva Ashadha,Venus,3,0th House,0,0,0.9494,0.9494,Standard
2026-01-06 11:00:00,Parashara_Drishti,Mars,Sagittarius,Nhân Mã,"22°26'03.12""",Purva Ashadha,Venus,3,Sun,Sagittarius,Nhân Mã,"21°36'37.46""",Purva Ashadha,Venus,3,0th House,0,0,359.1762,0.8238,Standard
2026-01-06 11:00:00,Parashara_Drishti,Mars,Sagittarius,Nhân Mã,"22°26'03.12""",Purva Ashadha,Venus,3,Venus,Sagittarius,Nhân Mã,"21°29'05.39""",Purva Ashadha,Venus,3,0th House,0,0,359.0506,0.9494,Standard
2026-01-06 11:15:00,Parashara_Drishti,Sun,Sagittarius,Nhân Mã,"21°37'15.66""",Purva Ashadha,Venus,3,Venus,Sagittarius,Nhân Mã,"21°29'52.57""",Purva Ashadha,Venus,3,0th House,0,0,359.8769,0.1231,Combust
2026-01-06 11:15:00,Parashara_Drishti,Sun,Sagittarius,Nhân Mã,"21°37'15.66""",Purva Ashadha,Venus,3,Mars,Sagittarius,Nhân Mã,"22°26'31.98""",Purva Ashadha,Venus,3,0th House,0,0,0.8212,0.8212,Combust
2026-01-06 11:15:00,Parashara_Drishti,Venus,Sagittarius,Nhân Mã,"21°29'52.57""",Purva Ashadha,Venus,3,Sun,Sagittarius,Nhân Mã,"21°37'15.66""",Purva Ashadha,Venus,3,0th House,0,0,0.1231,0.1231,Standard
2026-01-06 11:15:00,Parashara_Drishti,Venus,Sagittarius,Nhân Mã,"21°29'52.57""",Purva Ashadha,Venus,3,Mars,Sagittarius,Nhân Mã,"22°26'31.98""",Purva Ashadha,Venus,3,0th House,0,0,0.9443,0.9443,Standard
2026-01-06 11:15:00,Parashara_Drishti,Mars,Sagittarius,Nhân Mã,"22°26'31.98""",Purva Ashadha,Venus,3,Sun,Sagittarius,Nhân Mã,"21°37'15.66""",Purva Ashadha,Venus,3,0th House,0,0,359.1788,0.8212,Standard
2026-01-06 11:15:00,Parashara_Drishti,Mars,Sagittarius,Nhân Mã,"22°26'31.98""",Purva Ashadha,Venus,3,Venus,Sagittarius,Nhân Mã,"21°29'52.57""",Purva Ashadha,Venus,3,0th House,0,0,359.0557,0.9443,Standard
2026-01-06 11:30:00,Parashara_Drishti,Sun,Sagittarius,Nhân Mã,"21°37'53.87""",Purva Ashadha,Venus,3,Venus,Sagittarius,Nhân Mã,"21°30'39.74""",Purva Ashadha,Venus,3,0th House,0,0,359.8794,0.1206,Combust
2026-01-06 11:30:00,Parashara_Drishti,Sun,Sagittarius,Nhân Mã,"21°37'53.87""",Purva Ashadha,Venus,3,Mars,Sagittarius,Nhân Mã,"22°27'00.84""",Purva Ashadha,Venus,3,0th House,0,0,0.8186,0.8186,Combust
2026-01-06 11:30:00,Parashara_Drishti,Venus,Sagittarius,Nhân Mã,"21°30'39.74""",Purva Ashadha,Venus,3,Sun,Sagittarius,Nhân Mã,"21°37'53.87""",Purva Ashadha,Venus,3,0th House,0,0,0.1206,0.1206,Standard
2026-01-06 11:30:00,Parashara_Drishti,Venus,Sagittarius,Nhân Mã,"21°30'39.74""",Purva Ashadha,Venus,3,Mars,Sagittarius,Nhân Mã,"22°27'00.84""",Purva Ashadha,Venus,3,0th House,0,0,0.9392,0.9392,Standard
2026-01-06 11:30:00,Parashara_Drishti,Mars,Sagittarius,Nhân Mã,"22°27'00.84""",Purva Ashadha,Venus,3,Sun,Sagittarius,Nhân Mã,"21°37'53.87""",Purva Ashadha,Venus,3,0th House,0,0,359.1814,0.8186,Standard
2026-01-06 11:30:00,Parashara_Drishti,Mars,Sagittarius,Nhân Mã,"22°27'00.84""",Purva Ashadha,Venus,3,Venus,Sagittarius,Nhân Mã,"21°30'39.74""",Purva Ashadha,Venus,3,0th House,0,0,359.0608,0.9392,Standard
2026-01-06 11:45:00,Parashara_Drishti,Sun,Sagittarius,Nhân Mã,"21°38'32.07""",Purva Ashadha,Venus,3,Venus,Sagittarius,Nhân Mã,"21°31'26.92""",Purva Ashadha,Venus,3,0th House,0,0,359.8819,0.1181,Combust
2026-01-06 11:45:00,Parashara_Drishti,Sun,Sagittarius,Nhân Mã,"21°38'32.07""",Purva Ashadha,Venus,3,Mars,Sagittarius,Nhân Mã,"22°27'29.71""",Purva Ashadha,Venus,3,0th House,0,0,0.816,0.816,Combust
2026-01-06 11:45:00,Parashara_Drishti,Venus,Sagittarius,Nhân Mã,"21°31'26.92""",Purva Ashadha,Venus,3,Sun,Sagittarius,Nhân Mã,"21°38'32.07""",Purva Ashadha,Venus,3,0th House,0,0,0.1181,0.1181,Standard
2026-01-06 11:45:00,Parashara_Drishti,Venus,Sagittarius,Nhân Mã,"21°31'26.92""",Purva Ashadha,Venus,3,Mars,Sagittarius,Nhân Mã,"22°27'29.71""",Purva Ashadha,Venus,3,0th House,0,0,0.9341,0.9341,Standard
2026-01-06 11:45:00,Parashara_Drishti,Mars,Sagittarius,Nhân Mã,"22°27'29.71""",Purva Ashadha,Venus,3,Sun,Sagittarius,Nhân Mã,"21°38'32.07""",Purva Ashadha,Venus,3,0th House,0,0,359.184,0.816,Standard
2026-01-06 11:45:00,Parashara_Drishti,Mars,Sagittarius,Nhân Mã,"22°27'29.71""",Purva Ashadha,Venus,3,Venus,Sagittarius,Nhân Mã,"21°31'26.92""",Purva Ashadha,Venus,3,0th House,0,0,359.0659,0.9341,Standard
2026-01-06 12:00:00,Parashara_Drishti,Sun,Sagittarius,Nhân Mã,"21°39'10.28""",Purva Ashadha,Venus,3,Venus,Sagittarius,Nhân Mã,"21°32'14.09""",Purva Ashadha,Venus,3,0th House,0,0,359.8844,0.1156,Combust
2026-01-06 12:00:00,Parashara_Drishti,Sun,Sagittarius,Nhân Mã,"21°39'10.28""",Purva Ashadha,Venus,3,Mars,Sagittarius,Nhân Mã,"22°27'58.57""",Purva Ashadha,Venus,3,0th House,0,0,0.8134,0.8134,Combust
2026-01-06 12:00:00,Parashara_Drishti,Venus,Sagittarius,Nhân Mã,"21°32'14.09""",Purva Ashadha,Venus,3,Sun,Sagittarius,Nhân Mã,"21°39'10.28""",Purva Ashadha,Venus,3,0th House,0,0,0.1156,0.1156,Standard
2026-01-06 12:00:00,Parashara_Drishti,Venus,Sagittarius,Nhân Mã,"21°32'14.09""",Purva Ashadha,Venus,3,Mars,Sagittarius,Nhân Mã,"22°27'58.57""",Purva Ashadha,Venus,3,0th House,0,0,0.929,0.929,Standard
2026-01-06 12:00:00,Parashara_Drishti,Mars,Sagittarius,Nhân Mã,"22°27'58.57""",Purva Ashadha,Venus,3,Sun,Sagittarius,Nhân Mã,"21°39'10.28""",Purva Ashadha,Venus,3,0th House,0,0,359.1866,0.8134,Standard
2026-01-06 12:00:00,Parashara_Drishti,Mars,Sagittarius,Nhân Mã,"22°27'58.57""",Purva Ashadha,Venus,3,Venus,Sagittarius,Nhân Mã,"21°32'14.09""",Purva Ashadha,Venus,3,0th House,0,0,359.071,0.929,Standard
2026-01-06 12:15:00,Parashara_Drishti,Sun,Sagittarius,Nhân Mã,"21°39'48.48""",Purva Ashadha,Venus,3,Venus,Sagittarius,Nhân Mã,"21°33'01.27""",Purva Ashadha,Venus,3,0th House,0,0,359.8869,0.1131,Combust
2026-01-06 12:15:00,Parashara_Drishti,Sun,Sagittarius,Nhân Mã,"21°39'48.48""",Purva Ashadha,Venus,3,Mars,Sagittarius,Nhân Mã,"22°28'27.43""",Purva Ashadha,Venus,3,0th House,0,0,0.8108,0.8108,Combust
2026-01-06 12:15:00,Parashara_Drishti,Venus,Sagittarius,Nhân Mã,"21°33'01.27""",Purva Ashadha,Venus,3,Sun,Sagittarius,Nhân Mã,"21°39'48.48""",Purva Ashadha,Venus,3,0th House,0,0,0.1131,0.1131,Standard
2026-01-06 12:15:00,Parashara_Drishti,Venus,Sagittarius,Nhân Mã,"21°33'01.27""",Purva Ashadha,Venus,3,Mars,Sagittarius,Nhân Mã,"22°28'27.43""",Purva Ashadha,Venus,3,0th House,0,0,0.9239,0.9239,Standard
2026-01-06 12:15:00,Parashara_Drishti,Mars,Sagittarius,Nhân Mã,"22°28'27.43""",Purva Ashadha,Venus,3,Sun,Sagittarius,Nhân Mã,"21°39'48.48""",Purva Ashadha,Venus,3,0th House,0,0,359.1892,0.8108,Standard
2026-01-06 12:15:00,Parashara_Drishti,Mars,Sagittarius,Nhân Mã,"22°28'27.43""",Purva Ashadha,Venus,3,Venus,Sagittarius,Nhân Mã,"21°33'01.27""",Purva Ashadha,Venus,3,0th House,0,0,359.0761,0.9239,Standard
2026-01-06 12:30:00,Parashara_Drishti,Sun,Sagittarius,Nhân Mã,"21°40'26.69""",Purva Ashadha,Venus,3,Venus,Sagittarius,Nhân Mã,"21°33'48.44""",Purva Ashadha,Venus,3,0th House,0,0,359.8894,0.1106,Combust
2026-01-06 12:30:00,Parashara_Drishti,Sun,Sagittarius,Nhân Mã,"21°40'26.69""",Purva Ashadha,Venus,3,Mars,Sagittarius,Nhân Mã,"22°28'56.30""",Purva Ashadha,Venus,3,0th House,0,0,0.8082,0.8082,Combust
2026-01-06 12:30:00,Parashara_Drishti,Venus,Sagittarius,Nhân Mã,"21°33'48.44""",Purva Ashadha,Venus,3,Sun,Sagittarius,Nhân Mã,"21°40'26.69""",Purva Ashadha,Venus,3,0th House,0,0,0.1106,0.1106,Standard
2026-01-06 12:30:00,Parashara_Drishti,Venus,Sagittarius,Nhân Mã,"21°33'48.44""",Purva Ashadha,Venus,3,Mars,Sagittarius,Nhân Mã,"22°28'56.30""",Purva Ashadha,Venus,3,0th House,0,0,0.9188,0.9188,Standard
2026-01-06 12:30:00,Parashara_Drishti,Mars,Sagittarius,Nhân Mã,"22°28'56.30""",Purva Ashadha,Venus,3,Sun,Sagittarius,Nhân Mã,"21°40'26.69""",Purva Ashadha,Venus,3,0th House,0,0,359.1918,0.8082,Standard
2026-01-06 12:30:00,Parashara_Drishti,Mars,Sagittarius,Nhân Mã,"22°28'56.30""",Purva Ashadha,Venus,3,Venus,Sagittarius,Nhân Mã,"21°33'48.44""",Purva Ashadha,Venus,3,0th House,0,0,359.0812,0.9188,Standard
2026-01-06 12:45:00,Parashara_Drishti,Sun,Sagittarius,Nhân Mã,"21°41'04.89""",Purva Ashadha,Venus,3,Venus,Sagittarius,Nhân Mã,"21°34'35.62""",Purva Ashadha,Venus,3,0th House,0,0,359.8919,0.1081,Combust
2026-01-06 12:45:00,Parashara_Drishti,Sun,Sagittarius,Nhân Mã,"21°41'04.89""",Purva Ashadha,Venus,3,Mars,Sagittarius,Nhân Mã,"22°29'25.16""",Purva Ashadha,Venus,3,0th House,0,0,0.8056,0.8056,Combust
2026-01-06 12:45:00,Parashara_Drishti,Venus,Sagittarius,Nhân Mã,"21°34'35.62""",Purva Ashadha,Venus,3,Sun,Sagittarius,Nhân Mã,"21°41'04.89""",Purva Ashadha,Venus,3,0th House,0,0,0.1081,0.1081,Standard
2026-01-06 12:45:00,Parashara_Drishti,Venus,Sagittarius,Nhân Mã,"21°34'35.62""",Purva Ashadha,Venus,3,Mars,Sagittarius,Nhân Mã,"22°29'25.16""",Purva Ashadha,Venus,3,0th House,0,0,0.9138,0.9138,Standard
2026-01-06 12:45:00,Parashara_Drishti,Mars,Sagittarius,Nhân Mã,"22°29'25.16""",Purva Ashadha,Venus,3,Sun,Sagittarius,Nhân Mã,"21°41'04.89""",Purva Ashadha,Venus,3,0th House,0,0,359.1944,0.8056,Standard
2026-01-06 12:45:00,Parashara_Drishti,Mars,Sagittarius,Nhân Mã,"22°29'25.16""",Purva Ashadha,Venus,3,Venus,Sagittarius,Nhân Mã,"21°34'35.62""",Purva Ashadha,Venus,3,0th House,0,0,359.0862,0.9138,Standard
2026-01-06 13:00:00,Parashara_Drishti,Sun,Sagittarius,Nhân Mã,"21°41'43.10""",Purva Ashadha,Venus,3,Venus,Sagittarius,Nhân Mã,"21°35'22.79""",Purva Ashadha,Venus,3,0th House,0,0,359.8944,0.1056,Combust
2026-01-06 13:00:00,Parashara_Drishti,Sun,Sagittarius,Nhân Mã,"21°41'43.10""",Purva Ashadha,Venus,3,Mars,Sagittarius,Nhân Mã,"22°29'54.03""",Purva Ashadha,Venus,3,0th House,0,0,0.803,0.803,Combust
2026-01-06 13:00:00,Parashara_Drishti,Venus,Sagittarius,Nhân Mã,"21°35'22.79""",Purva Ashadha,Venus,3,Sun,Sagittarius,Nhân Mã,"21°41'43.10""",Purva Ashadha,Venus,3,0th House,0,0,0.1056,0.1056,Standard
2026-01-06 13:00:00,Parashara_Drishti,Venus,Sagittarius,Nhân Mã,"21°35'22.79""",Purva Ashadha,Venus,3,Mars,Sagittarius,Nhân Mã,"22°29'54.03""",Purva Ashadha,Venus,3,0th House,0,0,0.9087,0.9087,Standard
2026-01-06 13:00:00,Parashara_Drishti,Mars,Sagittarius,Nhân Mã,"22°29'54.03""",Purva Ashadha,Venus,3,Sun,Sagittarius,Nhân Mã,"21°41'43.10""",Purva Ashadha,Venus,3,0th House,0,0,359.197,0.803,Standard
2026-01-06 13:00:00,Parashara_Drishti,Mars,Sagittarius,Nhân Mã,"22°29'54.03""",Purva Ashadha,Venus,3,Venus,Sagittarius,Nhân Mã,"21°35'22.79""",Purva Ashadha,Venus,3,0th House,0,0,359.0913,0.9087,Standard
2026-01-06 13:15:00,Parashara_Drishti,Sun,Sagittarius,Nhân Mã,"21°42'21.30""",Purva Ashadha,Venus,3,Venus,Sagittarius,Nhân Mã,"21°36'09.97""",Purva Ashadha,Venus,3,0th House,0,0,359.8969,0.1031,Combust
2026-01-06 13:15:00,Parashara_Drishti,Sun,Sagittarius,Nhân Mã,"21°42'21.30""",Purva Ashadha,Venus,3,Mars,Sagittarius,Nhân Mã,"22°30'22.89""",Purva Ashadha,Venus,3,0th House,0,0,0.8004,0.8004,Combust
2026-01-06 13:15:00,Parashara_Drishti,Venus,Sagittarius,Nhân Mã,"21°36'09.97""",Purva Ashadha,Venus,3,Sun,Sagittarius,Nhân Mã,"21°42'21.30""",Purva Ashadha,Venus,3,0th House,0,0,0.1031,0.1031,Standard
2026-01-06 13:15:00,Parashara_Drishti,Venus,Sagittarius,Nhân Mã,"21°36'09.97""",Purva Ashadha,Venus,3,Mars,Sagittarius,Nhân Mã,"22°30'22.89""",Purva Ashadha,Venus,3,0th House,0,0,0.9036,0.9036,Standard
2026-01-06 13:15:00,Parashara_Drishti,Mars,Sagittarius,Nhân Mã,"22°30'22.89""",Purva Ashadha,Venus,3,Sun,Sagittarius,Nhân Mã,"21°42'21.30""",Purva Ashadha,Venus,3,0th House,0,0,359.1996,0.8004,Standard
2026-01-06 13:15:00,Parashara_Drishti,Mars,Sagittarius,Nhân Mã,"22°30'22.89""",Purva Ashadha,Venus,3,Venus,Sagittarius,Nhân Mã,"21°36'09.97""",Purva Ashadha,Venus,3,0th House,0,0,359.0964,0.9036,Standard
2026-01-06 13:30:00,Parashara_Drishti,Sun,Sagittarius,Nhân Mã,"21°42'59.51""",Purva Ashadha,Venus,3,Venus,Sagittarius,Nhân Mã,"21°36'57.14""",Purva Ashadha,Venus,3,0th House,0,0,359.8993,0.1007,Combust
2026-01-06 13:30:00,Parashara_Drishti,Sun,Sagittarius,Nhân Mã,"21°42'59.51""",Purva Ashadha,Venus,3,Mars,Sagittarius,Nhân Mã,"22°30'51.76""",Purva Ashadha,Venus,3,0th House,0,0,0.7978,0.7978,Combust
2026-01-06 13:30:00,Parashara_Drishti,Venus,Sagittarius,Nhân Mã,"21°36'57.14""",Purva Ashadha,Venus,3,Sun,Sagittarius,Nhân Mã,"21°42'59.51""",Purva Ashadha,Venus,3,0th House,0,0,0.1007,0.1007,Standard
2026-01-06 13:30:00,Parashara_Drishti,Venus,Sagittarius,Nhân Mã,"21°36'57.14""",Purva Ashadha,Venus,3,Mars,Sagittarius,Nhân Mã,"22°30'51.76""",Purva Ashadha,Venus,3,0th House,0,0,0.8985,0.8985,Standard
2026-01-06 13:30:00,Parashara_Drishti,Mars,Sagittarius,Nhân Mã,"22°30'51.76""",Purva Ashadha,Venus,3,Sun,Sagittarius,Nhân Mã,"21°42'59.51""",Purva Ashadha,Venus,3,0th House,0,0,359.2022,0.7978,Standard
2026-01-06 13:30:00,Parashara_Drishti,Mars,Sagittarius,Nhân Mã,"22°30'51.76""",Purva Ashadha,Venus,3,Venus,Sagittarius,Nhân Mã,"21°36'57.14""",Purva Ashadha,Venus,3,0th House,0,0,359.1015,0.8985,Standard
2026-01-06 13:45:00,Parashara_Drishti,Sun,Sagittarius,Nhân Mã,"21°43'37.71""",Purva Ashadha,Venus,3,Venus,Sagittarius,Nhân Mã,"21°37'44.32""",Purva Ashadha,Venus,3,0th House,0,0,359.9018,0.0982,Combust
2026-01-06 13:45:00,Parashara_Drishti,Sun,Sagittarius,Nhân Mã,"21°43'37.71""",Purva Ashadha,Venus,3,Mars,Sagittarius,Nhân Mã,"22°31'20.62""",Purva Ashadha,Venus,3,0th House,0,0,0.7953,0.7953,Combust
2026-01-06 13:45:00,Parashara_Drishti,Venus,Sagittarius,Nhân Mã,"21°37'44.32""",Purva Ashadha,Venus,3,Sun,Sagittarius,Nhân Mã,"21°43'37.71""",Purva Ashadha,Venus,3,0th House,0,0,0.0982,0.0982,Standard
2026-01-06 13:45:00,Parashara_Drishti,Venus,Sagittarius,Nhân Mã,"21°37'44.32""",Purva Ashadha,Venus,3,Mars,Sagittarius,Nhân Mã,"22°31'20.62""",Purva Ashadha,Venus,3,0th House,0,0,0.8934,0.8934,Standard
2026-01-06 13:45:00,Parashara_Drishti,Mars,Sagittarius,Nhân Mã,"22°31'20.62""",Purva Ashadha,Venus,3,Sun,Sagittarius,Nhân Mã,"21°43'37.71""",Purva Ashadha,Venus,3,0th House,0,0,359.2047,0.7953,Standard
2026-01-06 13:45:00,Parashara_Drishti,Mars,Sagittarius,Nhân Mã,"22°31'20.62""",Purva Ashadha,Venus,3,Venus,Sagittarius,Nhân Mã,"21°37'44.32""",Purva Ashadha,Venus,3,0th House,0,0,359.1066,0.8934,Standard
2026-01-06 14:00:00,Parashara_Drishti,Sun,Sagittarius,Nhân Mã,"21°44'15.92""",Purva Ashadha,Venus,3,Venus,Sagittarius,Nhân Mã,"21°38'31.50""",Purva Ashadha,Venus,3,0th House,0,0,359.9043,0.0957,Combust
2026-01-06 14:00:00,Parashara_Drishti,Sun,Sagittarius,Nhân Mã,"21°44'15.92""",Purva Ashadha,Venus,3,Mars,Sagittarius,Nhân Mã,"22°31'49.49""",Purva Ashadha,Venus,3,0th House,0,0,0.7927,0.7927,Combust
2026-01-06 14:00:00,Parashara_Drishti,Venus,Sagittarius,Nhân Mã,"21°38'31.50""",Purva Ashadha,Venus,3,Sun,Sagittarius,Nhân Mã,"21°44'15.92""",Purva Ashadha,Venus,3,0th House,0,0,0.0957,0.0957,Standard
2026-01-06 14:00:00,Parashara_Drishti,Venus,Sagittarius,Nhân Mã,"21°38'31.50""",Purva Ashadha,Venus,3,Mars,Sagittarius,Nhân Mã,"22°31'49.49""",Purva Ashadha,Venus,3,0th House,0,0,0.8883,0.8883,Standard
2026-01-06 14:00:00,Parashara_Drishti,Mars,Sagittarius,Nhân Mã,"22°31'49.49""",Purva Ashadha,Venus,3,Sun,Sagittarius,Nhân Mã,"21°44'15.92""",Purva Ashadha,Venus,3,0th House,0,0,359.2073,0.7927,Standard
2026-01-06 14:00:00,Parashara_Drishti,Mars,Sagittarius,Nhân Mã,"22°31'49.49""",Purva Ashadha,Venus,3,Venus,Sagittarius,Nhân Mã,"21°38'31.50""",Purva Ashadha,Venus,3,0th House,0,0,359.1117,0.8883,Standard
2026-01-06 14:15:00,Parashara_Drishti,Sun,Sagittarius,Nhân Mã,"21°44'54.12""",Purva Ashadha,Venus,3,Venus,Sagittarius,Nhân Mã,"21°39'18.67""",Purva Ashadha,Venus,3,0th House,0,0,359.9068,0.0932,Combust
2026-01-06 14:15:00,Parashara_Drishti,Sun,Sagittarius,Nhân Mã,"21°44'54.12""",Purva Ashadha,Venus,3,Mars,Sagittarius,Nhân Mã,"22°32'18.35""",Purva Ashadha,Venus,3,0th House,0,0,0.7901,0.7901,Combust
2026-01-06 14:15:00,Parashara_Drishti,Venus,Sagittarius,Nhân Mã,"21°39'18.67""",Purva Ashadha,Venus,3,Sun,Sagittarius,Nhân Mã,"21°44'54.12""",Purva Ashadha,Venus,3,0th House,0,0,0.0932,0.0932,Standard
2026-01-06 14:15:00,Parashara_Drishti,Venus,Sagittarius,Nhân Mã,"21°39'18.67""",Purva Ashadha,Venus,3,Mars,Sagittarius,Nhân Mã,"22°32'18.35""",Purva Ashadha,Venus,3,0th House,0,0,0.8832,0.8832,Standard
2026-01-06 14:15:00,Parashara_Drishti,Mars,Sagittarius,Nhân Mã,"22°32'18.35""",Purva Ashadha,Venus,3,Sun,Sagittarius,Nhân Mã,"21°44'54.12""",Purva Ashadha,Venus,3,0th House,0,0,359.2099,0.7901,Standard
2026-01-06 14:15:00,Parashara_Drishti,Mars,Sagittarius,Nhân Mã,"22°32'18.35""",Purva Ashadha,Venus,3,Venus,Sagittarius,Nhân Mã,"21°39'18.67""",Purva Ashadha,Venus,3,0th House,0,0,359.1168,0.8832,Standard
2026-01-06 14:30:00,Parashara_Drishti,Sun,Sagittarius,Nhân Mã,"21°45'32.33""",Purva Ashadha,Venus,3,Venus,Sagittarius,Nhân Mã,"21°40'05.85""",Purva Ashadha,Venus,3,0th House,0,0,359.9093,0.0907,Combust
2026-01-06 14:30:00,Parashara_Drishti,Sun,Sagittarius,Nhân Mã,"21°45'32.33""",Purva Ashadha,Venus,3,Mars,Sagittarius,Nhân Mã,"22°32'47.22""",Purva Ashadha,Venus,3,0th House,0,0,0.7875,0.7875,Combust
2026-01-06 14:30:00,Parashara_Drishti,Venus,Sagittarius,Nhân Mã,"21°40'05.85""",Purva Ashadha,Venus,3,Sun,Sagittarius,Nhân Mã,"21°45'32.33""",Purva Ashadha,Venus,3,0th House,0,0,0.0907,0.0907,Standard
2026-01-06 14:30:00,Parashara_Drishti,Venus,Sagittarius,Nhân Mã,"21°40'05.85""",Purva Ashadha,Venus,3,Mars,Sagittarius,Nhân Mã,"22°32'47.22""",Purva Ashadha,Venus,3,0th House,0,0,0.8782,0.8782,Standard
2026-01-06 14:30:00,Parashara_Drishti,Mars,Sagittarius,Nhân Mã,"22°32'47.22""",Purva Ashadha,Venus,3,Sun,Sagittarius,Nhân Mã,"21°45'32.33""",Purva Ashadha,Venus,3,0th House,0,0,359.2125,0.7875,Standard
2026-01-06 14:30:00,Parashara_Drishti,Mars,Sagittarius,Nhân Mã,"22°32'47.22""",Purva Ashadha,Venus,3,Venus,Sagittarius,Nhân Mã,"21°40'05.85""",Purva Ashadha,Venus,3,0th House,0,0,359.1218,0.8782,Standard
2026-01-06 14:45:00,Parashara_Drishti,Sun,Sagittarius,Nhân Mã,"21°46'10.53""",Purva Ashadha,Venus,3,Venus,Sagittarius,Nhân Mã,"21°40'53.02""",Purva Ashadha,Venus,3,0th House,0,0,359.9118,0.0882,Combust
2026-01-06 14:45:00,Parashara_Drishti,Sun,Sagittarius,Nhân Mã,"21°46'10.53""",Purva Ashadha,Venus,3,Mars,Sagittarius,Nhân Mã,"22°33'16.08""",Purva Ashadha,Venus,3,0th House,0,0,0.7849,0.7849,Combust
2026-01-06 14:45:00,Parashara_Drishti,Venus,Sagittarius,Nhân Mã,"21°40'53.02""",Purva Ashadha,Venus,3,Sun,Sagittarius,Nhân Mã,"21°46'10.53""",Purva Ashadha,Venus,3,0th House,0,0,0.0882,0.0882,Standard
2026-01-06 14:45:00,Parashara_Drishti,Venus,Sagittarius,Nhân Mã,"21°40'53.02""",Purva Ashadha,Venus,3,Mars,Sagittarius,Nhân Mã,"22°33'16.08""",Purva Ashadha,Venus,3,0th House,0,0,0.8731,0.8731,Standard
2026-01-06 14:45:00,Parashara_Drishti,Mars,Sagittarius,Nhân Mã,"22°33'16.08""",Purva Ashadha,Venus,3,Sun,Sagittarius,Nhân Mã,"21°46'10.53""",Purva Ashadha,Venus,3,0th House,0,0,359.2151,0.7849,Standard
2026-01-06 14:45:00,Parashara_Drishti,Mars,Sagittarius,Nhân Mã,"22°33'16.08""",Purva Ashadha,Venus,3,Venus,Sagittarius,Nhân Mã,"21°40'53.02""",Purva Ashadha,Venus,3,0th House,0,0,359.1269,0.8731,Standard
2026-01-06 15:00:00,Parashara_Drishti,Sun,Sagittarius,Nhân Mã,"21°46'48.74""",Purva Ashadha,Venus,3,Venus,Sagittarius,Nhân Mã,"21°41'40.20""",Purva Ashadha,Venus,3,0th House,0,0,359.9143,0.0857,Combust
2026-01-06 15:00:00,Parashara_Drishti,Sun,Sagittarius,Nhân Mã,"21°46'48.74""",Purva Ashadha,Venus,3,Mars,Sagittarius,Nhân Mã,"22°33'44.95""",Purva Ashadha,Venus,3,0th House,0,0,0.7823,0.7823,Combust
2026-01-06 15:00:00,Parashara_Drishti,Venus,Sagittarius,Nhân Mã,"21°41'40.20""",Purva Ashadha,Venus,3,Sun,Sagittarius,Nhân Mã,"21°46'48.74""",Purva Ashadha,Venus,3,0th House,0,0,0.0857,0.0857,Standard
2026-01-06 15:00:00,Parashara_Drishti,Venus,Sagittarius,Nhân Mã,"21°41'40.20""",Purva Ashadha,Venus,3,Mars,Sagittarius,Nhân Mã,"22°33'44.95""",Purva Ashadha,Venus,3,0th House,0,0,0.868,0.868,Standard
2026-01-06 15:00:00,Parashara_Drishti,Mars,Sagittarius,Nhân Mã,"22°33'44.95""",Purva Ashadha,Venus,3,Sun,Sagittarius,Nhân Mã,"21°46'48.74""",Purva Ashadha,Venus,3,0th House,0,0,359.2177,0.7823,Standard
2026-01-06 15:00:00,Parashara_Drishti,Mars,Sagittarius,Nhân Mã,"22°33'44.95""",Purva Ashadha,Venus,3,Venus,Sagittarius,Nhân Mã,"21°41'40.20""",Purva Ashadha,Venus,3,0th House,0,0,359.132,0.868,Standard
2026-01-06 15:15:00,Parashara_Drishti,Sun,Sagittarius,Nhân Mã,"21°47'26.94""",Purva Ashadha,Venus,3,Venus,Sagittarius,Nhân Mã,"21°42'27.37""",Purva Ashadha,Venus,3,0th House,0,0,359.9168,0.0832,Combust
2026-01-06 15:15:00,Parashara_Drishti,Sun,Sagittarius,Nhân Mã,"21°47'26.94""",Purva Ashadha,Venus,3,Mars,Sagittarius,Nhân Mã,"22°34'13.82""",Purva Ashadha,Venus,3,0th House,0,0,0.7797,0.7797,Combust
2026-01-06 15:15:00,Parashara_Drishti,Venus,Sagittarius,Nhân Mã,"21°42'27.37""",Purva Ashadha,Venus,3,Sun,Sagittarius,Nhân Mã,"21°47'26.94""",Purva Ashadha,Venus,3,0th House,0,0,0.0832,0.0832,Standard
2026-01-06 15:15:00,Parashara_Drishti,Venus,Sagittarius,Nhân Mã,"21°42'27.37""",Purva Ashadha,Venus,3,Mars,Sagittarius,Nhân Mã,"22°34'13.82""",Purva Ashadha,Venus,3,0th House,0,0,0.8629,0.8629,Standard
2026-01-06 15:15:00,Parashara_Drishti,Mars,Sagittarius,Nhân Mã,"22°34'13.82""",Purva Ashadha,Venus,3,Sun,Sagittarius,Nhân Mã,"21°47'26.94""",Purva Ashadha,Venus,3,0th House,0,0,359.2203,0.7797,Standard
2026-01-06 15:15:00,Parashara_Drishti,Mars,Sagittarius,Nhân Mã,"22°34'13.82""",Purva Ashadha,Venus,3,Venus,Sagittarius,Nhân Mã,"21°42'27.37""",Purva Ashadha,Venus,3,0th House,0,0,359.1371,0.8629,Standard
2026-01-06 15:30:00,Parashara_Drishti,Sun,Sagittarius,Nhân Mã,"21°48'05.15""",Purva Ashadha,Venus,3,Venus,Sagittarius,Nhân Mã,"21°43'14.55""",Purva Ashadha,Venus,3,0th House,0,0,359.9193,0.0807,Combust
2026-01-06 15:30:00,Parashara_Drishti,Sun,Sagittarius,Nhân Mã,"21°48'05.15""",Purva Ashadha,Venus,3,Mars,Sagittarius,Nhân Mã,"22°34'42.68""",Purva Ashadha,Venus,3,0th House,0,0,0.7771,0.7771,Combust
2026-01-06 15:30:00,Parashara_Drishti,Venus,Sagittarius,Nhân Mã,"21°43'14.55""",Purva Ashadha,Venus,3,Sun,Sagittarius,Nhân Mã,"21°48'05.15""",Purva Ashadha,Venus,3,0th House,0,0,0.0807,0.0807,Standard
2026-01-06 15:30:00,Parashara_Drishti,Venus,Sagittarius,Nhân Mã,"21°43'14.55""",Purva Ashadha,Venus,3,Mars,Sagittarius,Nhân Mã,"22°34'42.68""",Purva Ashadha,Venus,3,0th House,0,0,0.8578,0.8578,Standard
2026-01-06 15:30:00,Parashara_Drishti,Mars,Sagittarius,Nhân Mã,"22°34'42.68""",Purva Ashadha,Venus,3,Sun,Sagittarius,Nhân Mã,"21°48'05.15""",Purva Ashadha,Venus,3,0th House,0,0,359.2229,0.7771,Standard
2026-01-06 15:30:00,Parashara_Drishti,Mars,Sagittarius,Nhân Mã,"22°34'42.68""",Purva Ashadha,Venus,3,Venus,Sagittarius,Nhân Mã,"21°43'14.55""",Purva Ashadha,Venus,3,0th House,0,0,359.1422,0.8578,Standard
2026-01-06 15:45:00,Parashara_Drishti,Sun,Sagittarius,Nhân Mã,"21°48'43.35""",Purva Ashadha,Venus,3,Venus,Sagittarius,Nhân Mã,"21°44'01.72""",Purva Ashadha,Venus,3,0th House,0,0,359.9218,0.0782,Combust
2026-01-06 15:45:00,Parashara_Drishti,Sun,Sagittarius,Nhân Mã,"21°48'43.35""",Purva Ashadha,Venus,3,Mars,Sagittarius,Nhân Mã,"22°35'11.55""",Purva Ashadha,Venus,3,0th House,0,0,0.7745,0.7745,Combust
2026-01-06 15:45:00,Parashara_Drishti,Venus,Sagittarius,Nhân Mã,"21°44'01.72""",Purva Ashadha,Venus,3,Sun,Sagittarius,Nhân Mã,"21°48'43.35""",Purva Ashadha,Venus,3,0th House,0,0,0.0782,0.0782,Standard
2026-01-06 15:45:00,Parashara_Drishti,Venus,Sagittarius,Nhân Mã,"21°44'01.72""",Purva Ashadha,Venus,3,Mars,Sagittarius,Nhân Mã,"22°35'11.55""",Purva Ashadha,Venus,3,0th House,0,0,0.8527,0.8527,Standard
2026-01-06 15:45:00,Parashara_Drishti,Mars,Sagittarius,Nhân Mã,"22°35'11.55""",Purva Ashadha,Venus,3,Sun,Sagittarius,Nhân Mã,"21°48'43.35""",Purva Ashadha,Venus,3,0th House,0,0,359.2255,0.7745,Standard
2026-01-06 15:45:00,Parashara_Drishti,Mars,Sagittarius,Nhân Mã,"22°35'11.55""",Purva Ashadha,Venus,3,Venus,Sagittarius,Nhân Mã,"21°44'01.72""",Purva Ashadha,Venus,3,0th House,0,0,359.1473,0.8527,Standard
2026-01-06 16:00:00,Parashara_Drishti,Sun,Sagittarius,Nhân Mã,"21°49'21.56""",Purva Ashadha,Venus,3,Venus,Sagittarius,Nhân Mã,"21°44'48.90""",Purva Ashadha,Venus,3,0th House,0,0,359.9243,0.0757,Combust
2026-01-06 16:00:00,Parashara_Drishti,Sun,Sagittarius,Nhân Mã,"21°49'21.56""",Purva Ashadha,Venus,3,Mars,Sagittarius,Nhân Mã,"22°35'40.42""",Purva Ashadha,Venus,3,0th House,0,0,0.7719,0.7719,Combust
2026-01-06 16:00:00,Parashara_Drishti,Venus,Sagittarius,Nhân Mã,"21°44'48.90""",Purva Ashadha,Venus,3,Sun,Sagittarius,Nhân Mã,"21°49'21.56""",Purva Ashadha,Venus,3,0th House,0,0,0.0757,0.0757,Standard
2026-01-06 16:00:00,Parashara_Drishti,Venus,Sagittarius,Nhân Mã,"21°44'48.90""",Purva Ashadha,Venus,3,Mars,Sagittarius,Nhân Mã,"22°35'40.42""",Purva Ashadha,Venus,3,0th House,0,0,0.8476,0.8476,Standard
2026-01-06 16:00:00,Parashara_Drishti,Mars,Sagittarius,Nhân Mã,"22°35'40.42""",Purva Ashadha,Venus,3,Sun,Sagittarius,Nhân Mã,"21°49'21.56""",Purva Ashadha,Venus,3,0th House,0,0,359.2281,0.7719,Standard
2026-01-06 16:00:00,Parashara_Drishti,Mars,Sagittarius,Nhân Mã,"22°35'40.42""",Purva Ashadha,Venus,3,Venus,Sagittarius,Nhân Mã,"21°44'48.90""",Purva Ashadha,Venus,3,0th House,0,0,359.1524,0.8476,Standard
2026-01-06 16:15:00,Parashara_Drishti,Sun,Sagittarius,Nhân Mã,"21°49'59.76""",Purva Ashadha,Venus,3,Venus,Sagittarius,Nhân Mã,"21°45'36.07""",Purva Ashadha,Venus,3,0th House,0,0,359.9268,0.0732,Combust
2026-01-06 16:15:00,Parashara_Drishti,Sun,Sagittarius,Nhân Mã,"21°49'59.76""",Purva Ashadha,Venus,3,Mars,Sagittarius,Nhân Mã,"22°36'09.29""",Purva Ashadha,Venus,3,0th House,0,0,0.7693,0.7693,Combust
2026-01-06 16:15:00,Parashara_Drishti,Venus,Sagittarius,Nhân Mã,"21°45'36.07""",Purva Ashadha,Venus,3,Sun,Sagittarius,Nhân Mã,"21°49'59.76""",Purva Ashadha,Venus,3,0th House,0,0,0.0732,0.0732,Standard
2026-01-06 16:15:00,Parashara_Drishti,Venus,Sagittarius,Nhân Mã,"21°45'36.07""",Purva Ashadha,Venus,3,Mars,Sagittarius,Nhân Mã,"22°36'09.29""",Purva Ashadha,Venus,3,0th House,0,0,0.8426,0.8426,Standard
2026-01-06 16:15:00,Parashara_Drishti,Mars,Sagittarius,Nhân Mã,"22°36'09.29""",Purva Ashadha,Venus,3,Sun,Sagittarius,Nhân Mã,"21°49'59.76""",Purva Ashadha,Venus,3,0th House,0,0,359.2307,0.7693,Standard
2026-01-06 16:15:00,Parashara_Drishti,Mars,Sagittarius,Nhân Mã,"22°36'09.29""",Purva Ashadha,Venus,3,Venus,Sagittarius,Nhân Mã,"21°45'36.07""",Purva Ashadha,Venus,3,0th House,0,0,359.1574,0.8426,Standard
2026-01-06 16:30:00,Parashara_Drishti,Sun,Sagittarius,Nhân Mã,"21°50'37.97""",Purva Ashadha,Venus,3,Venus,Sagittarius,Nhân Mã,"21°46'23.25""",Purva Ashadha,Venus,3,0th House,0,0,359.9292,0.0708,Combust
2026-01-06 16:30:00,Parashara_Drishti,Sun,Sagittarius,Nhân Mã,"21°50'37.97""",Purva Ashadha,Venus,3,Mars,Sagittarius,Nhân Mã,"22°36'38.15""",Purva Ashadha,Venus,3,0th House,0,0,0.7667,0.7667,Combust
2026-01-06 16:30:00,Parashara_Drishti,Venus,Sagittarius,Nhân Mã,"21°46'23.25""",Purva Ashadha,Venus,3,Sun,Sagittarius,Nhân Mã,"21°50'37.97""",Purva Ashadha,Venus,3,0th House,0,0,0.0708,0.0708,Standard
2026-01-06 16:30:00,Parashara_Drishti,Venus,Sagittarius,Nhân Mã,"21°46'23.25""",Purva Ashadha,Venus,3,Mars,Sagittarius,Nhân Mã,"22°36'38.15""",Purva Ashadha,Venus,3,0th House,0,0,0.8375,0.8375,Standard
2026-01-06 16:30:00,Parashara_Drishti,Mars,Sagittarius,Nhân Mã,"22°36'38.15""",Purva Ashadha,Venus,3,Sun,Sagittarius,Nhân Mã,"21°50'37.97""",Purva Ashadha,Venus,3,0th House,0,0,359.2333,0.7667,Standard
2026-01-06 16:30:00,Parashara_Drishti,Mars,Sagittarius,Nhân Mã,"22°36'38.15""",Purva Ashadha,Venus,3,Venus,Sagittarius,Nhân Mã,"21°46'23.25""",Purva Ashadha,Venus,3,0th House,0,0,359.1625,0.8375,Standard
2026-01-06 16:45:00,Parashara_Drishti,Sun,Sagittarius,Nhân Mã,"21°51'16.18""",Purva Ashadha,Venus,3,Venus,Sagittarius,Nhân Mã,"21°47'10.42""",Purva Ashadha,Venus,3,0th House,0,0,359.9317,0.0683,Combust
2026-01-06 16:45:00,Parashara_Drishti,Sun,Sagittarius,Nhân Mã,"21°51'16.18""",Purva Ashadha,Venus,3,Mars,Sagittarius,Nhân Mã,"22°37'07.02""",Purva Ashadha,Venus,3,0th House,0,0,0.7641,0.7641,Combust
2026-01-06 16:45:00,Parashara_Drishti,Venus,Sagittarius,Nhân Mã,"21°47'10.42""",Purva Ashadha,Venus,3,Sun,Sagittarius,Nhân Mã,"21°51'16.18""",Purva Ashadha,Venus,3,0th House,0,0,0.0683,0.0683,Standard
2026-01-06 16:45:00,Parashara_Drishti,Venus,Sagittarius,Nhân Mã,"21°47'10.42""",Purva Ashadha,Venus,3,Mars,Sagittarius,Nhân Mã,"22°37'07.02""",Purva Ashadha,Venus,3,0th House,0,0,0.8324,0.8324,Standard
2026-01-06 16:45:00,Parashara_Drishti,Mars,Sagittarius,Nhân Mã,"22°37'07.02""",Purva Ashadha,Venus,3,Sun,Sagittarius,Nhân Mã,"21°51'16.18""",Purva Ashadha,Venus,3,0th House,0,0,359.2359,0.7641,Standard
2026-01-06 16:45:00,Parashara_Drishti,Mars,Sagittarius,Nhân Mã,"22°37'07.02""",Purva Ashadha,Venus,3,Venus,Sagittarius,Nhân Mã,"21°47'10.42""",Purva Ashadha,Venus,3,0th House,0,0,359.1676,0.8324,Standard
2026-01-06 17:00:00,Parashara_Drishti,Sun,Sagittarius,Nhân Mã,"21°51'54.38""",Purva Ashadha,Venus,3,Venus,Sagittarius,Nhân Mã,"21°47'57.60""",Purva Ashadha,Venus,3,0th House,0,0,359.9342,0.0658,Combust
2026-01-06 17:00:00,Parashara_Drishti,Sun,Sagittarius,Nhân Mã,"21°51'54.38""",Purva Ashadha,Venus,3,Mars,Sagittarius,Nhân Mã,"22°37'35.89""",Purva Ashadha,Venus,3,0th House,0,0,0.7615,0.7615,Combust
2026-01-06 17:00:00,Parashara_Drishti,Venus,Sagittarius,Nhân Mã,"21°47'57.60""",Purva Ashadha,Venus,3,Sun,Sagittarius,Nhân Mã,"21°51'54.38""",Purva Ashadha,Venus,3,0th House,0,0,0.0658,0.0658,Standard
2026-01-06 17:00:00,Parashara_Drishti,Venus,Sagittarius,Nhân Mã,"21°47'57.60""",Purva Ashadha,Venus,3,Mars,Sagittarius,Nhân Mã,"22°37'35.89""",Purva Ashadha,Venus,3,0th House,0,0,0.8273,0.8273,Standard
2026-01-06 17:00:00,Parashara_Drishti,Mars,Sagittarius,Nhân Mã,"22°37'35.89""",Purva Ashadha,Venus,3,Sun,Sagittarius,Nhân Mã,"21°51'54.38""",Purva Ashadha,Venus,3,0th House,0,0,359.2385,0.7615,Standard
2026-01-06 17:00:00,Parashara_Drishti,Mars,Sagittarius,Nhân Mã,"22°37'35.89""",Purva Ashadha,Venus,3,Venus,Sagittarius,Nhân Mã,"21°47'57.60""",Purva Ashadha,Venus,3,0th House,0,0,359.1727,0.8273,Standard
2026-01-06 17:15:00,Parashara_Drishti,Sun,Sagittarius,Nhân Mã,"21°52'32.59""",Purva Ashadha,Venus,3,Venus,Sagittarius,Nhân Mã,"21°48'44.77""",Purva Ashadha,Venus,3,0th House,0,0,359.9367,0.0633,Combust
2026-01-06 17:15:00,Parashara_Drishti,Sun,Sagittarius,Nhân Mã,"21°52'32.59""",Purva Ashadha,Venus,3,Mars,Sagittarius,Nhân Mã,"22°38'04.76""",Purva Ashadha,Venus,3,0th House,0,0,0.7589,0.7589,Combust
2026-01-06 17:15:00,Parashara_Drishti,Venus,Sagittarius,Nhân Mã,"21°48'44.77""",Purva Ashadha,Venus,3,Sun,Sagittarius,Nhân Mã,"21°52'32.59""",Purva Ashadha,Venus,3,0th House,0,0,0.0633,0.0633,Standard
2026-01-06 17:15:00,Parashara_Drishti,Venus,Sagittarius,Nhân Mã,"21°48'44.77""",Purva Ashadha,Venus,3,Mars,Sagittarius,Nhân Mã,"22°38'04.76""",Purva Ashadha,Venus,3,0th House,0,0,0.8222,0.8222,Standard
2026-01-06 17:15:00,Parashara_Drishti,Mars,Sagittarius,Nhân Mã,"22°38'04.76""",Purva Ashadha,Venus,3,Sun,Sagittarius,Nhân Mã,"21°52'32.59""",Purva Ashadha,Venus,3,0th House,0,0,359.2411,0.7589,Standard
2026-01-06 17:15:00,Parashara_Drishti,Mars,Sagittarius,Nhân Mã,"22°38'04.76""",Purva Ashadha,Venus,3,Venus,Sagittarius,Nhân Mã,"21°48'44.77""",Purva Ashadha,Venus,3,0th House,0,0,359.1778,0.8222,Standard
2026-01-06 17:30:00,Parashara_Drishti,Sun,Sagittarius,Nhân Mã,"21°53'10.79""",Purva Ashadha,Venus,3,Venus,Sagittarius,Nhân Mã,"21°49'31.95""",Purva Ashadha,Venus,3,0th House,0,0,359.9392,0.0608,Combust
2026-01-06 17:30:00,Parashara_Drishti,Sun,Sagittarius,Nhân Mã,"21°53'10.79""",Purva Ashadha,Venus,3,Mars,Sagittarius,Nhân Mã,"22°38'33.63""",Purva Ashadha,Venus,3,0th House,0,0,0.7563,0.7563,Combust
2026-01-06 17:30:00,Parashara_Drishti,Venus,Sagittarius,Nhân Mã,"21°49'31.95""",Purva Ashadha,Venus,3,Sun,Sagittarius,Nhân Mã,"21°53'10.79""",Purva Ashadha,Venus,3,0th House,0,0,0.0608,0.0608,Standard
2026-01-06 17:30:00,Parashara_Drishti,Venus,Sagittarius,Nhân Mã,"21°49'31.95""",Purva Ashadha,Venus,3,Mars,Sagittarius,Nhân Mã,"22°38'33.63""",Purva Ashadha,Venus,3,0th House,0,0,0.8171,0.8171,Standard
2026-01-06 17:30:00,Parashara_Drishti,Mars,Sagittarius,Nhân Mã,"22°38'33.63""",Purva Ashadha,Venus,3,Sun,Sagittarius,Nhân Mã,"21°53'10.79""",Purva Ashadha,Venus,3,0th House,0,0,359.2437,0.7563,Standard
2026-01-06 17:30:00,Parashara_Drishti,Mars,Sagittarius,Nhân Mã,"22°38'33.63""",Purva Ashadha,Venus,3,Venus,Sagittarius,Nhân Mã,"21°49'31.95""",Purva Ashadha,Venus,3,0th House,0,0,359.1829,0.8171,Standard
2026-01-06 17:45:00,Parashara_Drishti,Sun,Sagittarius,Nhân Mã,"21°53'49.00""",Purva Ashadha,Venus,3,Venus,Sagittarius,Nhân Mã,"21°50'19.12""",Purva Ashadha,Venus,3,0th House,0,0,359.9417,0.0583,Combust
2026-01-06 17:45:00,Parashara_Drishti,Sun,Sagittarius,Nhân Mã,"21°53'49.00""",Purva Ashadha,Venus,3,Mars,Sagittarius,Nhân Mã,"22°39'02.50""",Purva Ashadha,Venus,3,0th House,0,0,0.7538,0.7538,Combust
2026-01-06 17:45:00,Parashara_Drishti,Venus,Sagittarius,Nhân Mã,"21°50'19.12""",Purva Ashadha,Venus,3,Sun,Sagittarius,Nhân Mã,"21°53'49.00""",Purva Ashadha,Venus,3,0th House,0,0,0.0583,0.0583,Standard
2026-01-06 17:45:00,Parashara_Drishti,Venus,Sagittarius,Nhân Mã,"21°50'19.12""",Purva Ashadha,Venus,3,Mars,Sagittarius,Nhân Mã,"22°39'02.50""",Purva Ashadha,Venus,3,0th House,0,0,0.812,0.812,Standard
2026-01-06 17:45:00,Parashara_Drishti,Mars,Sagittarius,Nhân Mã,"22°39'02.50""",Purva Ashadha,Venus,3,Sun,Sagittarius,Nhân Mã,"21°53'49.00""",Purva Ashadha,Venus,3,0th House,0,0,359.2462,0.7538,Standard
2026-01-06 17:45:00,Parashara_Drishti,Mars,Sagittarius,Nhân Mã,"22°39'02.50""",Purva Ashadha,Venus,3,Venus,Sagittarius,Nhân Mã,"21°50'19.12""",Purva Ashadha,Venus,3,0th House,0,0,359.188,0.812,Standard
2026-01-06 18:00:00,Parashara_Drishti,Sun,Sagittarius,Nhân Mã,"21°54'27.20""",Purva Ashadha,Venus,3,Venus,Sagittarius,Nhân Mã,"21°51'06.30""",Purva Ashadha,Venus,3,0th House,0,0,359.9442,0.0558,Combust
2026-01-06 18:00:00,Parashara_Drishti,Sun,Sagittarius,Nhân Mã,"21°54'27.20""",Purva Ashadha,Venus,3,Mars,Sagittarius,Nhân Mã,"22°39'31.37""",Purva Ashadha,Venus,3,0th House,0,0,0.7512,0.7512,Combust
2026-01-06 18:00:00,Parashara_Drishti,Venus,Sagittarius,Nhân Mã,"21°51'06.30""",Purva Ashadha,Venus,3,Sun,Sagittarius,Nhân Mã,"21°54'27.20""",Purva Ashadha,Venus,3,0th House,0,0,0.0558,0.0558,Standard
2026-01-06 18:00:00,Parashara_Drishti,Venus,Sagittarius,Nhân Mã,"21°51'06.30""",Purva Ashadha,Venus,3,Mars,Sagittarius,Nhân Mã,"22°39'31.37""",Purva Ashadha,Venus,3,0th House,0,0,0.807,0.807,Standard
2026-01-06 18:00:00,Parashara_Drishti,Mars,Sagittarius,Nhân Mã,"22°39'31.37""",Purva Ashadha,Venus,3,Sun,Sagittarius,Nhân Mã,"21°54'27.20""",Purva Ashadha,Venus,3,0th House,0,0,359.2488,0.7512,Standard
2026-01-06 18:00:00,Parashara_Drishti,Mars,Sagittarius,Nhân Mã,"22°39'31.37""",Purva Ashadha,Venus,3,Venus,Sagittarius,Nhân Mã,"21°51'06.30""",Purva Ashadha,Venus,3,0th House,0,0,359.193,0.807,Standard
2026-01-06 18:15:00,Parashara_Drishti,Sun,Sagittarius,Nhân Mã,"21°55'05.41""",Purva Ashadha,Venus,3,Venus,Sagittarius,Nhân Mã,"21°51'53.47""",Purva Ashadha,Venus,3,0th House,0,0,359.9467,0.0533,Combust
2026-01-06 18:15:00,Parashara_Drishti,Sun,Sagittarius,Nhân Mã,"21°55'05.41""",Purva Ashadha,Venus,3,Mars,Sagittarius,Nhân Mã,"22°40'00.24""",Purva Ashadha,Venus,3,0th House,0,0,0.7486,0.7486,Combust
2026-01-06 18:15:00,Parashara_Drishti,Venus,Sagittarius,Nhân Mã,"21°51'53.47""",Purva Ashadha,Venus,3,Sun,Sagittarius,Nhân Mã,"21°55'05.41""",Purva Ashadha,Venus,3,0th House,0,0,0.0533,0.0533,Standard
2026-01-06 18:15:00,Parashara_Drishti,Venus,Sagittarius,Nhân Mã,"21°51'53.47""",Purva Ashadha,Venus,3,Mars,Sagittarius,Nhân Mã,"22°40'00.24""",Purva Ashadha,Venus,3,0th House,0,0,0.8019,0.8019,Standard
2026-01-06 18:15:00,Parashara_Drishti,Mars,Sagittarius,Nhân Mã,"22°40'00.24""",Purva Ashadha,Venus,3,Sun,Sagittarius,Nhân Mã,"21°55'05.41""",Purva Ashadha,Venus,3,0th House,0,0,359.2514,0.7486,Standard
2026-01-06 18:15:00,Parashara_Drishti,Mars,Sagittarius,Nhân Mã,"22°40'00.24""",Purva Ashadha,Venus,3,Venus,Sagittarius,Nhân Mã,"21°51'53.47""",Purva Ashadha,Venus,3,0th House,0,0,359.1981,0.8019,Standard
2026-01-06 18:30:00,Parashara_Drishti,Sun,Sagittarius,Nhân Mã,"21°55'43.61""",Purva Ashadha,Venus,3,Venus,Sagittarius,Nhân Mã,"21°52'40.65""",Purva Ashadha,Venus,3,0th House,0,0,359.9492,0.0508,Combust
2026-01-06 18:30:00,Parashara_Drishti,Sun,Sagittarius,Nhân Mã,"21°55'43.61""",Purva Ashadha,Venus,3,Mars,Sagittarius,Nhân Mã,"22°40'29.11""",Purva Ashadha,Venus,3,0th House,0,0,0.746,0.746,Combust
2026-01-06 18:30:00,Parashara_Drishti,Venus,Sagittarius,Nhân Mã,"21°52'40.65""",Purva Ashadha,Venus,3,Sun,Sagittarius,Nhân Mã,"21°55'43.61""",Purva Ashadha,Venus,3,0th House,0,0,0.0508,0.0508,Standard
2026-01-06 18:30:00,Parashara_Drishti,Venus,Sagittarius,Nhân Mã,"21°52'40.65""",Purva Ashadha,Venus,3,Mars,Sagittarius,Nhân Mã,"22°40'29.11""",Purva Ashadha,Venus,3,0th House,0,0,0.7968,0.7968,Standard
2026-01-06 18:30:00,Parashara_Drishti,Mars,Sagittarius,Nhân Mã,"22°40'29.11""",Purva Ashadha,Venus,3,Sun,Sagittarius,Nhân Mã,"21°55'43.61""",Purva Ashadha,Venus,3,0th House,0,0,359.254,0.746,Standard
2026-01-06 18:30:00,Parashara_Drishti,Mars,Sagittarius,Nhân Mã,"22°40'29.11""",Purva Ashadha,Venus,3,Venus,Sagittarius,Nhân Mã,"21°52'40.65""",Purva Ashadha,Venus,3,0th House,0,0,359.2032,0.7968,Standard
2026-01-06 18:45:00,Parashara_Drishti,Sun,Sagittarius,Nhân Mã,"21°56'21.82""",Purva Ashadha,Venus,3,Venus,Sagittarius,Nhân Mã,"21°53'27.82""",Purva Ashadha,Venus,3,0th House,0,0,359.9517,0.0483,Combust
2026-01-06 18:45:00,Parashara_Drishti,Sun,Sagittarius,Nhân Mã,"21°56'21.82""",Purva Ashadha,Venus,3,Mars,Sagittarius,Nhân Mã,"22°40'57.98""",Purva Ashadha,Venus,3,0th House,0,0,0.7434,0.7434,Combust
2026-01-06 18:45:00,Parashara_Drishti,Venus,Sagittarius,Nhân Mã,"21°53'27.82""",Purva Ashadha,Venus,3,Sun,Sagittarius,Nhân Mã,"21°56'21.82""",Purva Ashadha,Venus,3,0th House,0,0,0.0483,0.0483,Standard
2026-01-06 18:45:00,Parashara_Drishti,Venus,Sagittarius,Nhân Mã,"21°53'27.82""",Purva Ashadha,Venus,3,Mars,Sagittarius,Nhân Mã,"22°40'57.98""",Purva Ashadha,Venus,3,0th House,0,0,0.7917,0.7917,Standard
2026-01-06 18:45:00,Parashara_Drishti,Mars,Sagittarius,Nhân Mã,"22°40'57.98""",Purva Ashadha,Venus,3,Sun,Sagittarius,Nhân Mã,"21°56'21.82""",Purva Ashadha,Venus,3,0th House,0,0,359.2566,0.7434,Standard
2026-01-06 18:45:00,Parashara_Drishti,Mars,Sagittarius,Nhân Mã,"22°40'57.98""",Purva Ashadha,Venus,3,Venus,Sagittarius,Nhân Mã,"21°53'27.82""",Purva Ashadha,Venus,3,0th House,0,0,359.2083,0.7917,Standard
2026-01-06 19:00:00,Parashara_Drishti,Sun,Sagittarius,Nhân Mã,"21°57'00.02""",Purva Ashadha,Venus,3,Venus,Sagittarius,Nhân Mã,"21°54'15.00""",Purva Ashadha,Venus,3,0th House,0,0,359.9542,0.0458,Combust
2026-01-06 19:00:00,Parashara_Drishti,Sun,Sagittarius,Nhân Mã,"21°57'00.02""",Purva Ashadha,Venus,3,Mars,Sagittarius,Nhân Mã,"22°41'26.85""",Purva Ashadha,Venus,3,0th House,0,0,0.7408,0.7408,Combust
2026-01-06 19:00:00,Parashara_Drishti,Venus,Sagittarius,Nhân Mã,"21°54'15.00""",Purva Ashadha,Venus,3,Sun,Sagittarius,Nhân Mã,"21°57'00.02""",Purva Ashadha,Venus,3,0th House,0,0,0.0458,0.0458,Standard
2026-01-06 19:00:00,Parashara_Drishti,Venus,Sagittarius,Nhân Mã,"21°54'15.00""",Purva Ashadha,Venus,3,Mars,Sagittarius,Nhân Mã,"22°41'26.85""",Purva Ashadha,Venus,3,0th House,0,0,0.7866,0.7866,Standard
2026-01-06 19:00:00,Parashara_Drishti,Mars,Sagittarius,Nhân Mã,"22°41'26.85""",Purva Ashadha,Venus,3,Sun,Sagittarius,Nhân Mã,"21°57'00.02""",Purva Ashadha,Venus,3,0th House,0,0,359.2592,0.7408,Standard
2026-01-06 19:00:00,Parashara_Drishti,Mars,Sagittarius,Nhân Mã,"22°41'26.85""",Purva Ashadha,Venus,3,Venus,Sagittarius,Nhân Mã,"21°54'15.00""",Purva Ashadha,Venus,3,0th House,0,0,359.2134,0.7866,Standard
2026-01-06 19:15:00,Parashara_Drishti,Sun,Sagittarius,Nhân Mã,"21°57'38.23""",Purva Ashadha,Venus,3,Venus,Sagittarius,Nhân Mã,"21°55'02.17""",Purva Ashadha,Venus,3,0th House,0,0,359.9567,0.0433,Combust
2026-01-06 19:15:00,Parashara_Drishti,Sun,Sagittarius,Nhân Mã,"21°57'38.23""",Purva Ashadha,Venus,3,Mars,Sagittarius,Nhân Mã,"22°41'55.72""",Purva Ashadha,Venus,3,0th House,0,0,0.7382,0.7382,Combust
2026-01-06 19:15:00,Parashara_Drishti,Venus,Sagittarius,Nhân Mã,"21°55'02.17""",Purva Ashadha,Venus,3,Sun,Sagittarius,Nhân Mã,"21°57'38.23""",Purva Ashadha,Venus,3,0th House,0,0,0.0433,0.0433,Standard
2026-01-06 19:15:00,Parashara_Drishti,Venus,Sagittarius,Nhân Mã,"21°55'02.17""",Purva Ashadha,Venus,3,Mars,Sagittarius,Nhân Mã,"22°41'55.72""",Purva Ashadha,Venus,3,0th House,0,0,0.7815,0.7815,Standard
2026-01-06 19:15:00,Parashara_Drishti,Mars,Sagittarius,Nhân Mã,"22°41'55.72""",Purva Ashadha,Venus,3,Sun,Sagittarius,Nhân Mã,"21°57'38.23""",Purva Ashadha,Venus,3,0th House,0,0,359.2618,0.7382,Standard
2026-01-06 19:15:00,Parashara_Drishti,Mars,Sagittarius,Nhân Mã,"22°41'55.72""",Purva Ashadha,Venus,3,Venus,Sagittarius,Nhân Mã,"21°55'02.17""",Purva Ashadha,Venus,3,0th House,0,0,359.2185,0.7815,Standard
2026-01-06 19:30:00,Parashara_Drishti,Sun,Sagittarius,Nhân Mã,"21°58'16.43""",Purva Ashadha,Venus,3,Venus,Sagittarius,Nhân Mã,"21°55'49.35""",Purva Ashadha,Venus,3,0th House,0,0,359.9591,0.0409,Combust
2026-01-06 19:30:00,Parashara_Drishti,Sun,Sagittarius,Nhân Mã,"21°58'16.43""",Purva Ashadha,Venus,3,Mars,Sagittarius,Nhân Mã,"22°42'24.59""",Purva Ashadha,Venus,3,0th House,0,0,0.7356,0.7356,Combust
2026-01-06 19:30:00,Parashara_Drishti,Venus,Sagittarius,Nhân Mã,"21°55'49.35""",Purva Ashadha,Venus,3,Sun,Sagittarius,Nhân Mã,"21°58'16.43""",Purva Ashadha,Venus,3,0th House,0,0,0.0409,0.0409,Standard
2026-01-06 19:30:00,Parashara_Drishti,Venus,Sagittarius,Nhân Mã,"21°55'49.35""",Purva Ashadha,Venus,3,Mars,Sagittarius,Nhân Mã,"22°42'24.59""",Purva Ashadha,Venus,3,0th House,0,0,0.7765,0.7765,Standard
2026-01-06 19:30:00,Parashara_Drishti,Mars,Sagittarius,Nhân Mã,"22°42'24.59""",Purva Ashadha,Venus,3,Sun,Sagittarius,Nhân Mã,"21°58'16.43""",Purva Ashadha,Venus,3,0th House,0,0,359.2644,0.7356,Standard
2026-01-06 19:30:00,Parashara_Drishti,Mars,Sagittarius,Nhân Mã,"22°42'24.59""",Purva Ashadha,Venus,3,Venus,Sagittarius,Nhân Mã,"21°55'49.35""",Purva Ashadha,Venus,3,0th House,0,0,359.2235,0.7765,Standard
2026-01-06 19:45:00,Parashara_Drishti,Sun,Sagittarius,Nhân Mã,"21°58'54.64""",Purva Ashadha,Venus,3,Venus,Sagittarius,Nhân Mã,"21°56'36.52""",Purva Ashadha,Venus,3,0th House,0,0,359.9616,0.0384,Combust
2026-01-06 19:45:00,Parashara_Drishti,Sun,Sagittarius,Nhân Mã,"21°58'54.64""",Purva Ashadha,Venus,3,Mars,Sagittarius,Nhân Mã,"22°42'53.46""",Purva Ashadha,Venus,3,0th House,0,0,0.733,0.733,Combust
2026-01-06 19:45:00,Parashara_Drishti,Venus,Sagittarius,Nhân Mã,"21°56'36.52""",Purva Ashadha,Venus,3,Sun,Sagittarius,Nhân Mã,"21°58'54.64""",Purva Ashadha,Venus,3,0th House,0,0,0.0384,0.0384,Standard
2026-01-06 19:45:00,Parashara_Drishti,Venus,Sagittarius,Nhân Mã,"21°56'36.52""",Purva Ashadha,Venus,3,Mars,Sagittarius,Nhân Mã,"22°42'53.46""",Purva Ashadha,Venus,3,0th House,0,0,0.7714,0.7714,Standard
2026-01-06 19:45:00,Parashara_Drishti,Mars,Sagittarius,Nhân Mã,"22°42'53.46""",Purva Ashadha,Venus,3,Sun,Sagittarius,Nhân Mã,"21°58'54.64""",Purva Ashadha,Venus,3,0th House,0,0,359.267,0.733,Standard
2026-01-06 19:45:00,Parashara_Drishti,Mars,Sagittarius,Nhân Mã,"22°42'53.46""",Purva Ashadha,Venus,3,Venus,Sagittarius,Nhân Mã,"21°56'36.52""",Purva Ashadha,Venus,3,0th House,0,0,359.2286,0.7714,Standard
2026-01-06 20:00:00,Parashara_Drishti,Sun,Sagittarius,Nhân Mã,"21°59'32.85""",Purva Ashadha,Venus,3,Venus,Sagittarius,Nhân Mã,"21°57'23.70""",Purva Ashadha,Venus,3,0th House,0,0,359.9641,0.0359,Combust
2026-01-06 20:00:00,Parashara_Drishti,Sun,Sagittarius,Nhân Mã,"21°59'32.85""",Purva Ashadha,Venus,3,Mars,Sagittarius,Nhân Mã,"22°43'22.33""",Purva Ashadha,Venus,3,0th House,0,0,0.7304,0.7304,Combust
2026-01-06 20:00:00,Parashara_Drishti,Venus,Sagittarius,Nhân Mã,"21°57'23.70""",Purva Ashadha,Venus,3,Sun,Sagittarius,Nhân Mã,"21°59'32.85""",Purva Ashadha,Venus,3,0th House,0,0,0.0359,0.0359,Standard
2026-01-06 20:00:00,Parashara_Drishti,Venus,Sagittarius,Nhân Mã,"21°57'23.70""",Purva Ashadha,Venus,3,Mars,Sagittarius,Nhân Mã,"22°43'22.33""",Purva Ashadha,Venus,3,0th House,0,0,0.7663,0.7663,Standard
2026-01-06 20:00:00,Parashara_Drishti,Mars,Sagittarius,Nhân Mã,"22°43'22.33""",Purva Ashadha,Venus,3,Sun,Sagittarius,Nhân Mã,"21°59'32.85""",Purva Ashadha,Venus,3,0th House,0,0,359.2696,0.7304,Standard
2026-01-06 20:00:00,Parashara_Drishti,Mars,Sagittarius,Nhân Mã,"22°43'22.33""",Purva Ashadha,Venus,3,Venus,Sagittarius,Nhân Mã,"21°57'23.70""",Purva Ashadha,Venus,3,0th House,0,0,359.2337,0.7663,Standard
2026-01-06 20:15:00,Parashara_Drishti,Sun,Sagittarius,Nhân Mã,"22°00'11.05""",Purva Ashadha,Venus,3,Venus,Sagittarius,Nhân Mã,"21°58'10.87""",Purva Ashadha,Venus,3,0th House,0,0,359.9666,0.0334,Combust
2026-01-06 20:15:00,Parashara_Drishti,Sun,Sagittarius,Nhân Mã,"22°00'11.05""",Purva Ashadha,Venus,3,Mars,Sagittarius,Nhân Mã,"22°43'51.20""",Purva Ashadha,Venus,3,0th House,0,0,0.7278,0.7278,Combust
2026-01-06 20:15:00,Parashara_Drishti,Venus,Sagittarius,Nhân Mã,"21°58'10.87""",Purva Ashadha,Venus,3,Sun,Sagittarius,Nhân Mã,"22°00'11.05""",Purva Ashadha,Venus,3,0th House,0,0,0.0334,0.0334,Standard
2026-01-06 20:15:00,Parashara_Drishti,Venus,Sagittarius,Nhân Mã,"21°58'10.87""",Purva Ashadha,Venus,3,Mars,Sagittarius,Nhân Mã,"22°43'51.20""",Purva Ashadha,Venus,3,0th House,0,0,0.7612,0.7612,Standard
2026-01-06 20:15:00,Parashara_Drishti,Mars,Sagittarius,Nhân Mã,"22°43'51.20""",Purva Ashadha,Venus,3,Sun,Sagittarius,Nhân Mã,"22°00'11.05""",Purva Ashadha,Venus,3,0th House,0,0,359.2722,0.7278,Standard
2026-01-06 20:15:00,Parashara_Drishti,Mars,Sagittarius,Nhân Mã,"22°43'51.20""",Purva Ashadha,Venus,3,Venus,Sagittarius,Nhân Mã,"21°58'10.87""",Purva Ashadha,Venus,3,0th House,0,0,359.2388,0.7612,Standard
2026-01-06 20:30:00,Parashara_Drishti,Sun,Sagittarius,Nhân Mã,"22°00'49.26""",Purva Ashadha,Venus,3,Venus,Sagittarius,Nhân Mã,"21°58'58.05""",Purva Ashadha,Venus,3,0th House,0,0,359.9691,0.0309,Combust
2026-01-06 20:30:00,Parashara_Drishti,Sun,Sagittarius,Nhân Mã,"22°00'49.26""",Purva Ashadha,Venus,3,Mars,Sagittarius,Nhân Mã,"22°44'20.08""",Purva Ashadha,Venus,3,0th House,0,0,0.7252,0.7252,Combust
2026-01-06 20:30:00,Parashara_Drishti,Venus,Sagittarius,Nhân Mã,"21°58'58.05""",Purva Ashadha,Venus,3,Sun,Sagittarius,Nhân Mã,"22°00'49.26""",Purva Ashadha,Venus,3,0th House,0,0,0.0309,0.0309,Standard
2026-01-06 20:30:00,Parashara_Drishti,Venus,Sagittarius,Nhân Mã,"21°58'58.05""",Purva Ashadha,Venus,3,Mars,Sagittarius,Nhân Mã,"22°44'20.08""",Purva Ashadha,Venus,3,0th House,0,0,0.7561,0.7561,Standard
2026-01-06 20:30:00,Parashara_Drishti,Mars,Sagittarius,Nhân Mã,"22°44'20.08""",Purva Ashadha,Venus,3,Sun,Sagittarius,Nhân Mã,"22°00'49.26""",Purva Ashadha,Venus,3,0th House,0,0,359.2748,0.7252,Standard
2026-01-06 20:30:00,Parashara_Drishti,Mars,Sagittarius,Nhân Mã,"22°44'20.08""",Purva Ashadha,Venus,3,Venus,Sagittarius,Nhân Mã,"21°58'58.05""",Purva Ashadha,Venus,3,0th House,0,0,359.2439,0.7561,Standard
2026-01-06 20:45:00,Parashara_Drishti,Sun,Sagittarius,Nhân Mã,"22°01'27.46""",Purva Ashadha,Venus,3,Venus,Sagittarius,Nhân Mã,"21°59'45.22""",Purva Ashadha,Venus,3,0th House,0,0,359.9716,0.0284,Combust
2026-01-06 20:45:00,Parashara_Drishti,Sun,Sagittarius,Nhân Mã,"22°01'27.46""",Purva Ashadha,Venus,3,Mars,Sagittarius,Nhân Mã,"22°44'48.95""",Purva Ashadha,Venus,3,0th House,0,0,0.7226,0.7226,Combust
2026-01-06 20:45:00,Parashara_Drishti,Venus,Sagittarius,Nhân Mã,"21°59'45.22""",Purva Ashadha,Venus,3,Sun,Sagittarius,Nhân Mã,"22°01'27.46""",Purva Ashadha,Venus,3,0th House,0,0,0.0284,0.0284,Standard
2026-01-06 20:45:00,Parashara_Drishti,Venus,Sagittarius,Nhân Mã,"21°59'45.22""",Purva Ashadha,Venus,3,Mars,Sagittarius,Nhân Mã,"22°44'48.95""",Purva Ashadha,Venus,3,0th House,0,0,0.751,0.751,Standard
2026-01-06 20:45:00,Parashara_Drishti,Mars,Sagittarius,Nhân Mã,"22°44'48.95""",Purva Ashadha,Venus,3,Sun,Sagittarius,Nhân Mã,"22°01'27.46""",Purva Ashadha,Venus,3,0th House,0,0,359.2774,0.7226,Standard
2026-01-06 20:45:00,Parashara_Drishti,Mars,Sagittarius,Nhân Mã,"22°44'48.95""",Purva Ashadha,Venus,3,Venus,Sagittarius,Nhân Mã,"21°59'45.22""",Purva Ashadha,Venus,3,0th House,0,0,359.249,0.751,Standard
2026-01-06 21:00:00,Parashara_Drishti,Sun,Sagittarius,Nhân Mã,"22°02'05.67""",Purva Ashadha,Venus,3,Venus,Sagittarius,Nhân Mã,"22°00'32.40""",Purva Ashadha,Venus,3,0th House,0,0,359.9741,0.0259,Combust
2026-01-06 21:00:00,Parashara_Drishti,Sun,Sagittarius,Nhân Mã,"22°02'05.67""",Purva Ashadha,Venus,3,Mars,Sagittarius,Nhân Mã,"22°45'17.82""",Purva Ashadha,Venus,3,0th House,0,0,0.72,0.72,Combust
2026-01-06 21:00:00,Parashara_Drishti,Venus,Sagittarius,Nhân Mã,"22°00'32.40""",Purva Ashadha,Venus,3,Sun,Sagittarius,Nhân Mã,"22°02'05.67""",Purva Ashadha,Venus,3,0th House,0,0,0.0259,0.0259,Standard
2026-01-06 21:00:00,Parashara_Drishti,Venus,Sagittarius,Nhân Mã,"22°00'32.40""",Purva Ashadha,Venus,3,Mars,Sagittarius,Nhân Mã,"22°45'17.82""",Purva Ashadha,Venus,3,0th House,0,0,0.746,0.746,Standard
2026-01-06 21:00:00,Parashara_Drishti,Mars,Sagittarius,Nhân Mã,"22°45'17.82""",Purva Ashadha,Venus,3,Sun,Sagittarius,Nhân Mã,"22°02'05.67""",Purva Ashadha,Venus,3,0th House,0,0,359.28,0.72,Standard
2026-01-06 21:00:00,Parashara_Drishti,Mars,Sagittarius,Nhân Mã,"22°45'17.82""",Purva Ashadha,Venus,3,Venus,Sagittarius,Nhân Mã,"22°00'32.40""",Purva Ashadha,Venus,3,0th House,0,0,359.254,0.746,Standard
2026-01-06 21:15:00,Parashara_Drishti,Sun,Sagittarius,Nhân Mã,"22°02'43.87""",Purva Ashadha,Venus,3,Venus,Sagittarius,Nhân Mã,"22°01'19.57""",Purva Ashadha,Venus,3,0th House,0,0,359.9766,0.0234,Combust
2026-01-06 21:15:00,Parashara_Drishti,Sun,Sagittarius,Nhân Mã,"22°02'43.87""",Purva Ashadha,Venus,3,Mars,Sagittarius,Nhân Mã,"22°45'46.69""",Purva Ashadha,Venus,3,0th House,0,0,0.7175,0.7175,Combust
2026-01-06 21:15:00,Parashara_Drishti,Venus,Sagittarius,Nhân Mã,"22°01'19.57""",Purva Ashadha,Venus,3,Sun,Sagittarius,Nhân Mã,"22°02'43.87""",Purva Ashadha,Venus,3,0th House,0,0,0.0234,0.0234,Standard
2026-01-06 21:15:00,Parashara_Drishti,Venus,Sagittarius,Nhân Mã,"22°01'19.57""",Purva Ashadha,Venus,3,Mars,Sagittarius,Nhân Mã,"22°45'46.69""",Purva Ashadha,Venus,3,0th House,0,0,0.7409,0.7409,Standard
2026-01-06 21:15:00,Parashara_Drishti,Mars,Sagittarius,Nhân Mã,"22°45'46.69""",Purva Ashadha,Venus,3,Sun,Sagittarius,Nhân Mã,"22°02'43.87""",Purva Ashadha,Venus,3,0th House,0,0,359.2825,0.7175,Standard
2026-01-06 21:15:00,Parashara_Drishti,Mars,Sagittarius,Nhân Mã,"22°45'46.69""",Purva Ashadha,Venus,3,Venus,Sagittarius,Nhân Mã,"22°01'19.57""",Purva Ashadha,Venus,3,0th House,0,0,359.2591,0.7409,Standard
2026-01-06 21:30:00,Parashara_Drishti,Sun,Sagittarius,Nhân Mã,"22°03'22.08""",Purva Ashadha,Venus,3,Venus,Sagittarius,Nhân Mã,"22°02'06.75""",Purva Ashadha,Venus,3,0th House,0,0,359.9791,0.0209,Combust
2026-01-06 21:30:00,Parashara_Drishti,Sun,Sagittarius,Nhân Mã,"22°03'22.08""",Purva Ashadha,Venus,3,Mars,Sagittarius,Nhân Mã,"22°46'15.57""",Purva Ashadha,Venus,3,0th House,0,0,0.7149,0.7149,Combust
2026-01-06 21:30:00,Parashara_Drishti,Venus,Sagittarius,Nhân Mã,"22°02'06.75""",Purva Ashadha,Venus,3,Sun,Sagittarius,Nhân Mã,"22°03'22.08""",Purva Ashadha,Venus,3,0th House,0,0,0.0209,0.0209,Standard
2026-01-06 21:30:00,Parashara_Drishti,Venus,Sagittarius,Nhân Mã,"22°02'06.75""",Purva Ashadha,Venus,3,Mars,Sagittarius,Nhân Mã,"22°46'15.57""",Purva Ashadha,Venus,3,0th House,0,0,0.7358,0.7358,Standard
2026-01-06 21:30:00,Parashara_Drishti,Mars,Sagittarius,Nhân Mã,"22°46'15.57""",Purva Ashadha,Venus,3,Sun,Sagittarius,Nhân Mã,"22°03'22.08""",Purva Ashadha,Venus,3,0th House,0,0,359.2851,0.7149,Standard
2026-01-06 21:30:00,Parashara_Drishti,Mars,Sagittarius,Nhân Mã,"22°46'15.57""",Purva Ashadha,Venus,3,Venus,Sagittarius,Nhân Mã,"22°02'06.75""",Purva Ashadha,Venus,3,0th House,0,0,359.2642,0.7358,Standard
2026-01-06 21:45:00,Parashara_Drishti,Sun,Sagittarius,Nhân Mã,"22°04'00.28""",Purva Ashadha,Venus,3,Venus,Sagittarius,Nhân Mã,"22°02'53.92""",Purva Ashadha,Venus,3,0th House,0,0,359.9816,0.0184,Combust
2026-01-06 21:45:00,Parashara_Drishti,Sun,Sagittarius,Nhân Mã,"22°04'00.28""",Purva Ashadha,Venus,3,Mars,Sagittarius,Nhân Mã,"22°46'44.44""",Purva Ashadha,Venus,3,0th House,0,0,0.7123,0.7123,Combust
2026-01-06 21:45:00,Parashara_Drishti,Venus,Sagittarius,Nhân Mã,"22°02'53.92""",Purva Ashadha,Venus,3,Sun,Sagittarius,Nhân Mã,"22°04'00.28""",Purva Ashadha,Venus,3,0th House,0,0,0.0184,0.0184,Standard
2026-01-06 21:45:00,Parashara_Drishti,Venus,Sagittarius,Nhân Mã,"22°02'53.92""",Purva Ashadha,Venus,3,Mars,Sagittarius,Nhân Mã,"22°46'44.44""",Purva Ashadha,Venus,3,0th House,0,0,0.7307,0.7307,Standard
2026-01-06 21:45:00,Parashara_Drishti,Mars,Sagittarius,Nhân Mã,"22°46'44.44""",Purva Ashadha,Venus,3,Sun,Sagittarius,Nhân Mã,"22°04'00.28""",Purva Ashadha,Venus,3,0th House,0,0,359.2877,0.7123,Standard
2026-01-06 21:45:00,Parashara_Drishti,Mars,Sagittarius,Nhân Mã,"22°46'44.44""",Purva Ashadha,Venus,3,Venus,Sagittarius,Nhân Mã,"22°02'53.92""",Purva Ashadha,Venus,3,0th House,0,0,359.2693,0.7307,Standard
2026-01-06 22:00:00,Parashara_Drishti,Sun,Sagittarius,Nhân Mã,"22°04'38.49""",Purva Ashadha,Venus,3,Venus,Sagittarius,Nhân Mã,"22°03'41.10""",Purva Ashadha,Venus,3,0th House,0,0,359.9841,0.0159,Combust
2026-01-06 22:00:00,Parashara_Drishti,Sun,Sagittarius,Nhân Mã,"22°04'38.49""",Purva Ashadha,Venus,3,Mars,Sagittarius,Nhân Mã,"22°47'13.31""",Purva Ashadha,Venus,3,0th House,0,0,0.7097,0.7097,Combust
2026-01-06 22:00:00,Parashara_Drishti,Venus,Sagittarius,Nhân Mã,"22°03'41.10""",Purva Ashadha,Venus,3,Sun,Sagittarius,Nhân Mã,"22°04'38.49""",Purva Ashadha,Venus,3,0th House,0,0,0.0159,0.0159,Standard
2026-01-06 22:00:00,Parashara_Drishti,Venus,Sagittarius,Nhân Mã,"22°03'41.10""",Purva Ashadha,Venus,3,Mars,Sagittarius,Nhân Mã,"22°47'13.31""",Purva Ashadha,Venus,3,0th House,0,0,0.7256,0.7256,Standard
2026-01-06 22:00:00,Parashara_Drishti,Mars,Sagittarius,Nhân Mã,"22°47'13.31""",Purva Ashadha,Venus,3,Sun,Sagittarius,Nhân Mã,"22°04'38.49""",Purva Ashadha,Venus,3,0th House,0,0,359.2903,0.7097,Standard
2026-01-06 22:00:00,Parashara_Drishti,Mars,Sagittarius,Nhân Mã,"22°47'13.31""",Purva Ashadha,Venus,3,Venus,Sagittarius,Nhân Mã,"22°03'41.10""",Purva Ashadha,Venus,3,0th House,0,0,359.2744,0.7256,Standard
2026-01-06 22:15:00,Parashara_Drishti,Sun,Sagittarius,Nhân Mã,"22°05'16.69""",Purva Ashadha,Venus,3,Venus,Sagittarius,Nhân Mã,"22°04'28.27""",Purva Ashadha,Venus,3,0th House,0,0,359.9865,0.0135,Combust
2026-01-06 22:15:00,Parashara_Drishti,Sun,Sagittarius,Nhân Mã,"22°05'16.69""",Purva Ashadha,Venus,3,Mars,Sagittarius,Nhân Mã,"22°47'42.19""",Purva Ashadha,Venus,3,0th House,0,0,0.7071,0.7071,Combust
2026-01-06 22:15:00,Parashara_Drishti,Venus,Sagittarius,Nhân Mã,"22°04'28.27""",Purva Ashadha,Venus,3,Sun,Sagittarius,Nhân Mã,"22°05'16.69""",Purva Ashadha,Venus,3,0th House,0,0,0.0135,0.0135,Standard
2026-01-06 22:15:00,Parashara_Drishti,Venus,Sagittarius,Nhân Mã,"22°04'28.27""",Purva Ashadha,Venus,3,Mars,Sagittarius,Nhân Mã,"22°47'42.19""",Purva Ashadha,Venus,3,0th House,0,0,0.7205,0.7205,Standard
2026-01-06 22:15:00,Parashara_Drishti,Mars,Sagittarius,Nhân Mã,"22°47'42.19""",Purva Ashadha,Venus,3,Sun,Sagittarius,Nhân Mã,"22°05'16.69""",Purva Ashadha,Venus,3,0th House,0,0,359.2929,0.7071,Standard
2026-01-06 22:15:00,Parashara_Drishti,Mars,Sagittarius,Nhân Mã,"22°47'42.19""",Purva Ashadha,Venus,3,Venus,Sagittarius,Nhân Mã,"22°04'28.27""",Purva Ashadha,Venus,3,0th House,0,0,359.2795,0.7205,Standard
2026-01-06 22:30:00,Parashara_Drishti,Sun,Sagittarius,Nhân Mã,"22°05'54.90""",Purva Ashadha,Venus,3,Venus,Sagittarius,Nhân Mã,"22°05'15.44""",Purva Ashadha,Venus,3,0th House,0,0,359.989,0.011,Combust
2026-01-06 22:30:00,Parashara_Drishti,Sun,Sagittarius,Nhân Mã,"22°05'54.90""",Purva Ashadha,Venus,3,Mars,Sagittarius,Nhân Mã,"22°48'11.06""",Purva Ashadha,Venus,3,0th House,0,0,0.7045,0.7045,Combust
2026-01-06 22:30:00,Parashara_Drishti,Venus,Sagittarius,Nhân Mã,"22°05'15.44""",Purva Ashadha,Venus,3,Sun,Sagittarius,Nhân Mã,"22°05'54.90""",Purva Ashadha,Venus,3,0th House,0,0,0.011,0.011,Standard
2026-01-06 22:30:00,Parashara_Drishti,Venus,Sagittarius,Nhân Mã,"22°05'15.44""",Purva Ashadha,Venus,3,Mars,Sagittarius,Nhân Mã,"22°48'11.06""",Purva Ashadha,Venus,3,0th House,0,0,0.7154,0.7154,Standard
2026-01-06 22:30:00,Parashara_Drishti,Mars,Sagittarius,Nhân Mã,"22°48'11.06""",Purva Ashadha,Venus,3,Sun,Sagittarius,Nhân Mã,"22°05'54.90""",Purva Ashadha,Venus,3,0th House,0,0,359.2955,0.7045,Standard
2026-01-06 22:30:00,Parashara_Drishti,Mars,Sagittarius,Nhân Mã,"22°48'11.06""",Purva Ashadha,Venus,3,Venus,Sagittarius,Nhân Mã,"22°05'15.44""",Purva Ashadha,Venus,3,0th House,0,0,359.2846,0.7154,Standard
2026-01-06 22:45:00,Parashara_Drishti,Sun,Sagittarius,Nhân Mã,"22°06'33.11""",Purva Ashadha,Venus,3,Venus,Sagittarius,Nhân Mã,"22°06'02.62""",Purva Ashadha,Venus,3,0th House,0,0,359.9915,0.0085,Combust
2026-01-06 22:45:00,Parashara_Drishti,Sun,Sagittarius,Nhân Mã,"22°06'33.11""",Purva Ashadha,Venus,3,Mars,Sagittarius,Nhân Mã,"22°48'39.94""",Purva Ashadha,Venus,3,0th House,0,0,0.7019,0.7019,Combust
2026-01-06 22:45:00,Parashara_Drishti,Venus,Sagittarius,Nhân Mã,"22°06'02.62""",Purva Ashadha,Venus,3,Sun,Sagittarius,Nhân Mã,"22°06'33.11""",Purva Ashadha,Venus,3,0th House,0,0,0.0085,0.0085,Standard
2026-01-06 22:45:00,Parashara_Drishti,Venus,Sagittarius,Nhân Mã,"22°06'02.62""",Purva Ashadha,Venus,3,Mars,Sagittarius,Nhân Mã,"22°48'39.94""",Purva Ashadha,Venus,3,0th House,0,0,0.7104,0.7104,Standard
2026-01-06 22:45:00,Parashara_Drishti,Mars,Sagittarius,Nhân Mã,"22°48'39.94""",Purva Ashadha,Venus,3,Sun,Sagittarius,Nhân Mã,"22°06'33.11""",Purva Ashadha,Venus,3,0th House,0,0,359.2981,0.7019,Standard
2026-01-06 22:45:00,Parashara_Drishti,Mars,Sagittarius,Nhân Mã,"22°48'39.94""",Purva Ashadha,Venus,3,Venus,Sagittarius,Nhân Mã,"22°06'02.62""",Purva Ashadha,Venus,3,0th House,0,0,359.2896,0.7104,Standard
2026-01-06 23:00:00,Parashara_Drishti,Sun,Sagittarius,Nhân Mã,"22°07'11.31""",Purva Ashadha,Venus,3,Venus,Sagittarius,Nhân Mã,"22°06'49.79""",Purva Ashadha,Venus,3,0th House,0,0,359.994,0.006,Combust
2026-01-06 23:00:00,Parashara_Drishti,Sun,Sagittarius,Nhân Mã,"22°07'11.31""",Purva Ashadha,Venus,3,Mars,Sagittarius,Nhân Mã,"22°49'08.81""",Purva Ashadha,Venus,3,0th House,0,0,0.6993,0.6993,Combust
2026-01-06 23:00:00,Parashara_Drishti,Venus,Sagittarius,Nhân Mã,"22°06'49.79""",Purva Ashadha,Venus,3,Sun,Sagittarius,Nhân Mã,"22°07'11.31""",Purva Ashadha,Venus,3,0th House,0,0,0.006,0.006,Standard
2026-01-06 23:00:00,Parashara_Drishti,Venus,Sagittarius,Nhân Mã,"22°06'49.79""",Purva Ashadha,Venus,3,Mars,Sagittarius,Nhân Mã,"22°49'08.81""",Purva Ashadha,Venus,3,0th House,0,0,0.7053,0.7053,Standard
2026-01-06 23:00:00,Parashara_Drishti,Mars,Sagittarius,Nhân Mã,"22°49'08.81""",Purva Ashadha,Venus,3,Sun,Sagittarius,Nhân Mã,"22°07'11.31""",Purva Ashadha,Venus,3,0th House,0,0,359.3007,0.6993,Standard
2026-01-06 23:00:00,Parashara_Drishti,Mars,Sagittarius,Nhân Mã,"22°49'08.81""",Purva Ashadha,Venus,3,Venus,Sagittarius,Nhân Mã,"22°06'49.79""",Purva Ashadha,Venus,3,0th House,0,0,359.2947,0.7053,Standard
2026-01-06 23:15:00,Parashara_Drishti,Sun,Sagittarius,Nhân Mã,"22°07'49.52""",Purva Ashadha,Venus,3,Venus,Sagittarius,Nhân Mã,"22°07'36.97""",Purva Ashadha,Venus,3,0th House,0,0,359.9965,0.0035,Combust
2026-01-06 23:15:00,Parashara_Drishti,Sun,Sagittarius,Nhân Mã,"22°07'49.52""",Purva Ashadha,Venus,3,Mars,Sagittarius,Nhân Mã,"22°49'37.69""",Purva Ashadha,Venus,3,0th House,0,0,0.6967,0.6967,Combust
2026-01-06 23:15:00,Parashara_Drishti,Venus,Sagittarius,Nhân Mã,"22°07'36.97""",Purva Ashadha,Venus,3,Sun,Sagittarius,Nhân Mã,"22°07'49.52""",Purva Ashadha,Venus,3,0th House,0,0,0.0035,0.0035,Standard
2026-01-06 23:15:00,Parashara_Drishti,Venus,Sagittarius,Nhân Mã,"22°07'36.97""",Purva Ashadha,Venus,3,Mars,Sagittarius,Nhân Mã,"22°49'37.69""",Purva Ashadha,Venus,3,0th House,0,0,0.7002,0.7002,Standard
2026-01-06 23:15:00,Parashara_Drishti,Mars,Sagittarius,Nhân Mã,"22°49'37.69""",Purva Ashadha,Venus,3,Sun,Sagittarius,Nhân Mã,"22°07'49.52""",Purva Ashadha,Venus,3,0th House,0,0,359.3033,0.6967,Standard
2026-01-06 23:15:00,Parashara_Drishti,Mars,Sagittarius,Nhân Mã,"22°49'37.69""",Purva Ashadha,Venus,3,Venus,Sagittarius,Nhân Mã,"22°07'36.97""",Purva Ashadha,Venus,3,0th House,0,0,359.2998,0.7002,Standard
2026-01-06 23:30:00,Parashara_Drishti,Sun,Sagittarius,Nhân Mã,"22°08'27.72""",Purva Ashadha,Venus,3,Venus,Sagittarius,Nhân Mã,"22°08'24.14""",Purva Ashadha,Venus,3,0th House,0,0,359.999,0.001,Combust
2026-01-06 23:30:00,Parashara_Drishti,Sun,Sagittarius,Nhân Mã,"22°08'27.72""",Purva Ashadha,Venus,3,Mars,Sagittarius,Nhân Mã,"22°50'06.56""",Purva Ashadha,Venus,3,0th House,0,0,0.6941,0.6941,Combust
2026-01-06 23:30:00,Parashara_Drishti,Venus,Sagittarius,Nhân Mã,"22°08'24.14""",Purva Ashadha,Venus,3,Sun,Sagittarius,Nhân Mã,"22°08'27.72""",Purva Ashadha,Venus,3,0th House,0,0,0.001,0.001,Standard
2026-01-06 23:30:00,Parashara_Drishti,Venus,Sagittarius,Nhân Mã,"22°08'24.14""",Purva Ashadha,Venus,3,Mars,Sagittarius,Nhân Mã,"22°50'06.56""",Purva Ashadha,Venus,3,0th House,0,0,0.6951,0.6951,Standard
2026-01-06 23:30:00,Parashara_Drishti,Mars,Sagittarius,Nhân Mã,"22°50'06.56""",Purva Ashadha,Venus,3,Sun,Sagittarius,Nhân Mã,"22°08'27.72""",Purva Ashadha,Venus,3,0th House,0,0,359.3059,0.6941,Standard
2026-01-06 23:30:00,Parashara_Drishti,Mars,Sagittarius,Nhân Mã,"22°50'06.56""",Purva Ashadha,Venus,3,Venus,Sagittarius,Nhân Mã,"22°08'24.14""",Purva Ashadha,Venus,3,0th House,0,0,359.3049,0.6951,Standard
2026-01-06 23:45:00,Parashara_Drishti,Sun,Sagittarius,Nhân Mã,"22°09'05.93""",Purva Ashadha,Venus,3,Venus,Sagittarius,Nhân Mã,"22°09'11.32""",Purva Ashadha,Venus,3,0th House,0,0,0.0015,0.0015,Combust
2026-01-06 23:45:00,Parashara_Drishti,Sun,Sagittarius,Nhân Mã,"22°09'05.93""",Purva Ashadha,Venus,3,Mars,Sagittarius,Nhân Mã,"22°50'35.44""",Purva Ashadha,Venus,3,0th House,0,0,0.6915,0.6915,Combust
2026-01-06 23:45:00,Parashara_Drishti,Venus,Sagittarius,Nhân Mã,"22°09'11.32""",Purva Ashadha,Venus,3,Sun,Sagittarius,Nhân Mã,"22°09'05.93""",Purva Ashadha,Venus,3,0th House,0,0,359.9985,0.0015,Standard
2026-01-06 23:45:00,Parashara_Drishti,Venus,Sagittarius,Nhân Mã,"22°09'11.32""",Purva Ashadha,Venus,3,Mars,Sagittarius,Nhân Mã,"22°50'35.44""",Purva Ashadha,Venus,3,0th House,0,0,0.69,0.69,Standard
2026-01-06 23:45:00,Parashara_Drishti,Mars,Sagittarius,Nhân Mã,"22°50'35.44""",Purva Ashadha,Venus,3,Sun,Sagittarius,Nhân Mã,"22°09'05.93""",Purva Ashadha,Venus,3,0th House,0,0,359.3085,0.6915,Standard
2026-01-06 23:45:00,Parashara_Drishti,Mars,Sagittarius,Nhân Mã,"22°50'35.44""",Purva Ashadha,Venus,3,Venus,Sagittarius,Nhân Mã,"22°09'11.32""",Purva Ashadha,Venus,3,0th House,0,0,359.31,0.69,Standard
